code,tdate,open,close,high,low,cjl,cje,cjjj
600779.SH,2022-10-17,0.0,62.08,62.08,62.08,182.0,1129860.0,62.08
600779.SH,2022-10-17,0.0,62.08,62.2,61.8,1068.0,6620050.0,61.999
600779.SH,2022-10-17,0.0,62.48,62.66,62.07,528.0,3290710.0,62.096
600779.SH,2022-10-17,0.0,62.25,62.39,62.2,398.0,2479340.0,62.132
600779.SH,2022-10-17,0.0,62.57,62.57,62.28,170.0,1061170.0,62.153
600779.SH,2022-10-17,0.0,62.8,62.88,62.39,676.0,4233470.0,62.259
600779.SH,2022-10-17,0.0,62.63,62.8,62.55,596.0,3734980.0,62.326
600779.SH,2022-10-17,0.0,62.89,62.89,62.6,644.0,4041990.0,62.392
600779.SH,2022-10-17,0.0,62.74,62.88,62.7,267.0,1675950.0,62.415
600779.SH,2022-10-17,0.0,62.99,63.0,62.7,954.0,5996800.0,62.492
600779.SH,2022-10-17,0.0,62.7,62.96,62.7,799.0,5018810.0,62.533
600779.SH,2022-10-17,0.0,62.77,62.89,62.66,559.0,3509390.0,62.554
600779.SH,2022-10-17,0.0,62.62,62.77,62.62,331.0,2075680.0,62.561
600779.SH,2022-10-17,0.0,62.2,62.6,62.2,616.0,3841110.0,62.545
600779.SH,2022-10-17,0.0,62.0,62.18,62.0,519.0,3220760.0,62.514
600779.SH,2022-10-17,0.0,62.01,62.06,61.86,481.0,2979770.0,62.483
600779.SH,2022-10-17,0.0,62.16,62.26,62.06,493.0,3062490.0,62.464
600779.SH,2022-10-17,0.0,62.1,62.16,62.01,356.0,2209060.0,62.449
600779.SH,2022-10-17,0.0,62.17,62.2,62.1,205.0,1274210.0,62.443
600779.SH,2022-10-17,0.0,62.13,62.17,62.13,176.0,1093770.0,62.437
600779.SH,2022-10-17,0.0,62.48,62.49,62.15,290.0,1805710.0,62.432
600779.SH,2022-10-17,0.0,62.31,62.49,62.3,327.0,2039840.0,62.431
600779.SH,2022-10-17,0.0,62.26,62.44,62.26,161.0,1000970.0,62.429
600779.SH,2022-10-17,0.0,62.22,62.3,62.17,208.0,1294650.0,62.426
600779.SH,2022-10-17,0.0,62.14,62.22,62.14,130.0,805150.0,62.423
600779.SH,2022-10-17,0.0,62.21,62.21,62.1,279.0,1734040.0,62.416
600779.SH,2022-10-17,0.0,62.12,62.34,62.12,259.0,1611120.0,62.412
600779.SH,2022-10-17,0.0,61.94,62.12,61.91,532.0,3299280.0,62.394
600779.SH,2022-10-17,0.0,62.0,62.0,61.91,276.0,1709320.0,62.384
600779.SH,2022-10-17,0.0,62.06,62.08,62.03,61.0,378452.0,62.383
600779.SH,2022-10-17,0.0,62.0,62.05,61.99,314.0,1946870.0,62.373
600779.SH,2022-10-17,0.0,62.08,62.08,61.93,289.0,1791300.0,62.365
600779.SH,2022-10-17,0.0,62.09,62.17,62.09,74.0,459764.0,62.363
600779.SH,2022-10-17,0.0,62.09,62.09,62.06,128.0,794588.0,62.361
600779.SH,2022-10-17,0.0,62.16,62.17,62.08,109.0,677296.0,62.359
600779.SH,2022-10-17,0.0,62.32,62.32,62.13,93.0,578403.0,62.358
600779.SH,2022-10-17,0.0,62.2,62.3,62.2,173.0,1076810.0,62.356
600779.SH,2022-10-17,0.0,62.44,62.44,62.19,120.0,751018.0,62.356
600779.SH,2022-10-17,0.0,62.5,62.5,62.45,169.0,1055840.0,62.357
600779.SH,2022-10-17,0.0,62.38,62.5,62.38,152.0,949567.0,62.359
600779.SH,2022-10-17,0.0,62.27,62.37,62.26,53.0,330123.0,62.358
600779.SH,2022-10-17,0.0,62.39,62.4,62.25,155.0,965668.0,62.358
600779.SH,2022-10-17,0.0,62.58,62.59,62.4,201.0,1256580.0,62.36
600779.SH,2022-10-17,0.0,62.54,62.57,62.5,120.0,750528.0,62.362
600779.SH,2022-10-17,0.0,62.5,62.54,62.5,94.0,587621.0,62.362
600779.SH,2022-10-17,0.0,62.48,62.53,62.48,86.0,537576.0,62.363
600779.SH,2022-10-17,0.0,62.48,62.5,62.46,38.0,237441.0,62.364
600779.SH,2022-10-17,0.0,62.42,62.48,62.41,59.0,368459.0,62.364
600779.SH,2022-10-17,0.0,62.35,62.42,62.33,75.0,467978.0,62.364
600779.SH,2022-10-17,0.0,62.37,62.39,62.33,30.0,187031.0,62.364
600779.SH,2022-10-17,0.0,62.2,62.36,62.2,102.0,635592.0,62.364
600779.SH,2022-10-17,0.0,62.26,62.3,62.2,96.0,597412.0,62.363
600779.SH,2022-10-17,0.0,62.22,62.24,62.21,38.0,236523.0,62.363
600779.SH,2022-10-17,0.0,62.22,62.24,62.21,50.0,311154.0,62.362
600779.SH,2022-10-17,0.0,62.34,62.35,62.22,179.0,1114520.0,62.361
600779.SH,2022-10-17,0.0,62.35,62.36,62.3,84.0,523687.0,62.361
600779.SH,2022-10-17,0.0,62.32,62.34,62.32,58.0,361505.0,62.361
600779.SH,2022-10-17,0.0,62.36,62.36,62.31,23.0,143342.0,62.361
600779.SH,2022-10-17,0.0,62.32,62.36,62.32,57.0,355313.0,62.361
600779.SH,2022-10-17,0.0,62.32,62.35,62.32,40.0,249334.0,62.361
600779.SH,2022-10-17,0.0,62.31,62.34,62.31,37.0,230598.0,62.361
600779.SH,2022-10-17,0.0,62.38,62.39,62.31,109.0,679583.0,62.36
600779.SH,2022-10-17,0.0,62.39,62.39,62.36,89.0,556906.0,62.361
600779.SH,2022-10-17,0.0,62.4,62.4,62.35,144.0,900472.0,62.361
600779.SH,2022-10-17,0.0,62.49,62.5,62.42,46.0,287399.0,62.361
600779.SH,2022-10-17,0.0,62.42,62.48,62.42,42.0,262312.0,62.361
600779.SH,2022-10-17,0.0,62.39,62.41,62.34,78.0,488837.0,62.361
600779.SH,2022-10-17,0.0,62.37,62.39,62.34,38.0,237022.0,62.361
600779.SH,2022-10-17,0.0,62.34,62.38,62.34,130.0,810732.0,62.361
600779.SH,2022-10-17,0.0,62.32,62.34,62.31,50.0,311609.0,62.361
600779.SH,2022-10-17,0.0,62.32,62.34,62.31,43.0,267970.0,62.361
600779.SH,2022-10-17,0.0,62.28,62.32,62.22,111.0,691428.0,62.361
600779.SH,2022-10-17,0.0,62.3,62.31,62.23,33.0,205461.0,62.361
600779.SH,2022-10-17,0.0,62.35,62.38,62.27,39.0,243030.0,62.36
600779.SH,2022-10-17,0.0,62.39,62.4,62.35,48.0,299476.0,62.36
600779.SH,2022-10-17,0.0,62.39,62.39,62.35,56.0,349257.0,62.361
600779.SH,2022-10-17,0.0,62.35,62.39,62.34,45.0,280676.0,62.361
600779.SH,2022-10-17,0.0,62.31,62.36,62.31,29.0,180774.0,62.361
600779.SH,2022-10-17,0.0,62.38,62.39,62.37,31.0,193387.0,62.361
600779.SH,2022-10-17,0.0,62.45,62.45,62.38,85.0,530377.0,62.361
600779.SH,2022-10-17,0.0,62.53,62.53,62.45,107.0,668550.0,62.362
600779.SH,2022-10-17,0.0,62.47,62.54,62.47,84.0,525093.0,62.362
600779.SH,2022-10-17,0.0,62.48,62.49,62.47,59.0,368670.0,62.363
600779.SH,2022-10-17,0.0,62.48,62.5,62.48,35.0,218728.0,62.363
600779.SH,2022-10-17,0.0,62.4,62.48,62.4,57.0,355860.0,62.363
600779.SH,2022-10-17,0.0,62.43,62.44,62.4,27.0,168530.0,62.363
600779.SH,2022-10-17,0.0,62.43,62.43,62.39,26.0,162270.0,62.363
600779.SH,2022-10-17,0.0,62.4,62.43,62.38,32.0,199720.0,62.363
600779.SH,2022-10-17,0.0,62.38,62.42,62.34,33.0,205850.0,62.363
600779.SH,2022-10-17,0.0,62.4,62.41,62.38,41.0,255838.0,62.364
600779.SH,2022-10-17,0.0,62.37,62.4,62.36,142.0,885632.0,62.364
600779.SH,2022-10-17,0.0,62.35,62.38,62.33,325.0,2026520.0,62.363
600779.SH,2022-10-17,0.0,62.38,62.38,62.31,33.0,205691.0,62.363
600779.SH,2022-10-17,0.0,62.37,62.38,62.32,13.0,81050.0,62.363
600779.SH,2022-10-17,0.0,62.38,62.38,62.34,30.0,187110.0,62.363
600779.SH,2022-10-17,0.0,62.34,62.37,62.33,11.0,68578.0,62.363
600779.SH,2022-10-17,0.0,62.36,62.37,62.34,29.0,180815.0,62.363
600779.SH,2022-10-17,0.0,62.36,62.36,62.35,54.0,336680.0,62.363
600779.SH,2022-10-17,0.0,62.44,62.49,62.36,148.0,923531.0,62.364
600779.SH,2022-10-17,0.0,62.46,62.5,62.44,27.0,168687.0,62.364
600779.SH,2022-10-17,0.0,62.49,62.49,62.45,20.0,124958.0,62.364
600779.SH,2022-10-17,0.0,62.47,62.49,62.47,31.0,193669.0,62.364
600779.SH,2022-10-17,0.0,62.43,62.47,62.43,55.0,343471.0,62.364
600779.SH,2022-10-17,0.0,62.43,62.45,62.36,34.0,212172.0,62.364
600779.SH,2022-10-17,0.0,62.4,62.43,62.37,44.0,274606.0,62.364
600779.SH,2022-10-17,0.0,62.41,62.43,62.39,25.0,156035.0,62.365
600779.SH,2022-10-17,0.0,62.38,62.39,62.36,24.0,149697.0,62.365
600779.SH,2022-10-17,0.0,62.38,62.38,62.36,54.0,336749.0,62.365
600779.SH,2022-10-17,0.0,62.42,62.42,62.37,129.0,804667.0,62.365
600779.SH,2022-10-17,0.0,62.48,62.48,62.42,43.0,268528.0,62.365
600779.SH,2022-10-17,0.0,62.44,62.48,62.44,15.0,93680.0,62.365
600779.SH,2022-10-17,0.0,62.44,62.47,62.44,50.0,312225.0,62.365
600779.SH,2022-10-17,0.0,62.45,62.47,62.44,18.0,112416.0,62.365
600779.SH,2022-10-17,0.0,62.5,62.51,62.45,139.0,868679.0,62.366
600779.SH,2022-10-17,0.0,62.49,62.5,62.49,24.0,149993.0,62.366
600779.SH,2022-10-17,0.0,62.45,62.49,62.45,63.0,393613.0,62.367
600779.SH,2022-10-17,0.0,62.43,62.45,62.43,24.0,149840.0,62.367
600779.SH,2022-10-17,0.0,62.48,62.49,62.42,22.0,138377.0,62.367
600779.SH,2022-10-17,0.0,62.47,62.48,62.43,33.0,206090.0,62.367
600779.SH,2022-10-17,0.0,62.45,62.47,62.44,31.0,193596.0,62.367
600779.SH,2022-10-17,0.0,62.47,62.47,62.44,34.0,212342.0,62.367
600779.SH,2022-10-17,0.0,62.38,62.48,62.37,223.0,1391370.0,62.368
600779.SH,2022-10-17,0.0,62.32,62.41,62.32,31.0,193311.0,62.368
600779.SH,2022-10-17,0.0,62.26,62.32,62.26,112.0,697773.0,62.368
600779.SH,2022-10-17,0.0,62.29,62.29,62.27,24.0,149481.0,62.368
600779.SH,2022-10-17,0.0,62.28,62.3,62.28,60.0,373718.0,62.367
600779.SH,2022-10-17,0.0,62.28,62.3,62.24,67.0,417144.0,62.367
600779.SH,2022-10-17,0.0,62.3,62.3,62.24,67.0,417089.0,62.367
600779.SH,2022-10-17,0.0,62.27,62.3,62.26,37.0,230394.0,62.366
600779.SH,2022-10-17,0.0,62.35,62.36,62.26,33.0,205589.0,62.366
600779.SH,2022-10-17,0.0,62.44,62.44,62.35,54.0,336864.0,62.366
600779.SH,2022-10-17,0.0,62.48,62.48,62.38,62.0,386998.0,62.366
600779.SH,2022-10-17,0.0,62.39,62.48,62.38,43.0,268293.0,62.367
600779.SH,2022-10-17,0.0,62.38,62.39,62.38,48.0,299430.0,62.367
600779.SH,2022-10-17,0.0,62.35,62.38,62.33,132.0,823120.0,62.367
600779.SH,2022-10-17,0.0,62.37,62.37,62.35,32.0,199554.0,62.367
600779.SH,2022-10-17,0.0,62.35,62.36,62.33,51.0,317973.0,62.366
600779.SH,2022-10-17,0.0,62.35,62.35,62.33,38.0,236891.0,62.366
600779.SH,2022-10-17,0.0,62.36,62.39,62.33,67.0,417842.0,62.366
600779.SH,2022-10-17,0.0,62.35,62.37,62.34,61.0,380404.0,62.366
600779.SH,2022-10-17,0.0,62.37,62.4,62.36,22.0,137242.0,62.366
600779.SH,2022-10-17,0.0,62.4,62.4,62.36,47.0,293240.0,62.366
600779.SH,2022-10-17,0.0,62.45,62.45,62.4,24.0,149800.0,62.367
600779.SH,2022-10-17,0.0,62.49,62.49,62.4,106.0,662036.0,62.367
600779.SH,2022-10-17,0.0,62.45,62.49,62.45,78.0,487196.0,62.367
600779.SH,2022-10-17,0.0,62.46,62.48,62.44,106.0,662135.0,62.368
600779.SH,2022-10-17,0.0,62.4,62.48,62.4,65.0,405898.0,62.368
600779.SH,2022-10-17,0.0,62.41,62.46,62.41,70.0,436938.0,62.368
600779.SH,2022-10-17,0.0,62.41,62.42,62.4,25.0,156027.0,62.368
600779.SH,2022-10-17,0.0,62.54,62.55,62.41,742.0,4634430.0,62.371
600779.SH,2022-10-17,0.0,62.74,62.74,62.53,250.0,1564970.0,62.374
600779.SH,2022-10-17,0.0,62.62,62.7,62.56,188.0,1177270.0,62.376
600779.SH,2022-10-17,0.0,62.6,62.66,62.6,91.0,569794.0,62.377
600779.SH,2022-10-17,0.0,62.45,62.59,62.45,255.0,1595040.0,62.379
600779.SH,2022-10-17,0.0,62.51,62.51,62.45,22.0,135165.0,62.379
600779.SH,2022-10-17,0.0,62.55,62.56,62.5,45.0,281426.0,62.379
600779.SH,2022-10-17,0.0,62.5,62.55,62.5,92.0,575198.0,62.38
600779.SH,2022-10-17,0.0,62.51,62.53,62.51,25.0,156298.0,62.38
600779.SH,2022-10-17,0.0,62.48,62.51,62.48,73.0,456269.0,62.381
600779.SH,2022-10-17,0.0,62.54,62.54,62.48,91.0,566450.0,62.381
600779.SH,2022-10-17,0.0,62.54,62.54,62.52,29.0,181350.0,62.381
600779.SH,2022-10-17,0.0,62.52,62.53,62.48,33.0,206311.0,62.381
600779.SH,2022-10-17,0.0,62.53,62.53,62.52,19.0,118794.0,62.381
600779.SH,2022-10-17,0.0,62.55,62.55,62.53,135.0,844299.0,62.382
600779.SH,2022-10-17,0.0,62.55,62.55,62.54,34.0,212669.0,62.383
600779.SH,2022-10-17,0.0,62.59,62.59,62.55,32.0,200206.0,62.383
600779.SH,2022-10-17,0.0,62.56,62.6,62.56,66.0,413091.0,62.383
600779.SH,2022-10-17,0.0,62.62,62.62,62.55,43.0,269041.0,62.384
600779.SH,2022-10-17,0.0,62.6,62.62,62.56,15.0,93883.0,62.384
600779.SH,2022-10-17,0.0,62.6,62.6,62.59,30.0,187786.0,62.384
600779.SH,2022-10-17,0.0,62.6,62.62,62.59,44.0,275478.0,62.385
600779.SH,2022-10-17,0.0,62.58,62.66,62.58,64.0,400642.0,62.385
600779.SH,2022-10-17,0.0,62.6,62.6,62.58,18.0,112672.0,62.385
600779.SH,2022-10-17,0.0,62.68,62.69,62.6,100.0,626654.0,62.387
600779.SH,2022-10-17,0.0,62.65,62.68,62.6,83.0,520045.0,62.388
600779.SH,2022-10-17,0.0,62.74,62.75,62.6,222.0,1391980.0,62.39
600779.SH,2022-10-17,0.0,62.74,62.75,62.72,138.0,865726.0,62.392
600779.SH,2022-10-17,0.0,62.71,62.75,62.71,104.0,652305.0,62.394
600779.SH,2022-10-17,0.0,62.71,62.72,62.7,101.0,633347.0,62.395
600779.SH,2022-10-17,0.0,62.71,62.71,62.7,417.0,2614680.0,62.4
600779.SH,2022-10-17,0.0,62.71,62.71,62.7,115.0,721078.0,62.402
600779.SH,2022-10-17,0.0,62.69,62.71,62.69,969.0,6075680.0,62.413
600779.SH,2022-10-17,0.0,62.66,62.69,62.66,52.0,325878.0,62.413
600779.SH,2022-10-17,0.0,62.6,62.66,62.6,37.0,231764.0,62.414
600779.SH,2022-10-17,0.0,62.6,62.64,62.6,25.0,156518.0,62.414
600779.SH,2022-10-17,0.0,62.58,62.6,62.58,54.0,337952.0,62.414
600779.SH,2022-10-17,0.0,62.56,62.58,62.51,70.0,437720.0,62.415
600779.SH,2022-10-17,0.0,62.6,62.6,62.56,15.0,93868.0,62.415
600779.SH,2022-10-17,0.0,62.65,62.65,62.6,57.0,357026.0,62.415
600779.SH,2022-10-17,0.0,62.63,62.65,62.63,49.0,306923.0,62.416
600779.SH,2022-10-17,0.0,62.65,62.66,62.63,16.0,100243.0,62.416
600779.SH,2022-10-17,0.0,62.65,62.66,62.63,53.0,332036.0,62.416
600779.SH,2022-10-17,0.0,62.63,62.65,62.63,62.0,388379.0,62.417
600779.SH,2022-10-17,0.0,62.64,62.66,62.63,61.0,382190.0,62.417
600779.SH,2022-10-17,0.0,62.65,62.65,62.63,44.0,275585.0,62.418
600779.SH,2022-10-17,0.0,62.65,62.65,62.64,24.0,150359.0,62.418
600779.SH,2022-10-17,0.0,62.69,62.7,62.64,76.0,476299.0,62.419
600779.SH,2022-10-17,0.0,62.75,62.75,62.69,234.0,1467440.0,62.421
600779.SH,2022-10-17,0.0,62.73,62.74,62.72,21.0,131746.0,62.421
600779.SH,2022-10-17,0.0,62.73,62.73,62.72,25.0,156825.0,62.422
600779.SH,2022-10-17,0.0,62.74,62.74,62.71,17.0,106650.0,62.422
600779.SH,2022-10-17,0.0,62.68,62.74,62.65,72.0,451380.0,62.423
600779.SH,2022-10-17,0.0,62.65,62.68,62.64,7.0,43865.0,62.423
600779.SH,2022-10-17,0.0,62.7,62.71,62.64,95.0,595577.0,62.424
600779.SH,2022-10-17,0.0,62.7,62.71,62.7,54.0,338613.0,62.424
600779.SH,2022-10-17,0.0,62.68,62.7,62.68,41.0,257016.0,62.425
600779.SH,2022-10-17,0.0,62.64,62.67,62.64,58.0,363364.0,62.425
600779.SH,2022-10-17,0.0,62.67,62.68,62.64,69.0,432379.0,62.426
600779.SH,2022-10-17,0.0,62.67,62.67,62.65,22.0,137865.0,62.426
600779.SH,2022-10-17,0.0,62.64,62.67,62.63,52.0,325727.0,62.426
600779.SH,2022-10-17,0.0,62.68,62.68,62.64,50.0,313309.0,62.427
600779.SH,2022-10-17,0.0,62.72,62.72,62.68,57.0,357372.0,62.427
600779.SH,2022-10-17,0.0,62.7,62.72,62.69,47.0,294707.0,62.428
600779.SH,2022-10-17,0.0,62.68,62.69,62.65,42.0,263204.0,62.428
600779.SH,2022-10-17,0.0,62.62,62.68,62.62,128.0,801806.0,62.429
600779.SH,2022-10-17,0.0,62.61,62.64,62.61,60.0,375791.0,62.43
600779.SH,2022-10-17,0.0,62.63,62.63,62.6,44.0,275495.0,62.43
600779.SH,2022-10-17,0.0,62.69,62.69,62.64,114.0,714436.0,62.431
600779.SH,2022-10-17,0.0,62.68,62.7,62.68,52.0,325991.0,62.431
600779.SH,2022-10-17,0.0,62.69,62.7,62.68,56.0,351061.0,62.432
600779.SH,2022-10-17,0.0,62.71,62.71,62.69,125.0,783725.0,62.433
600779.SH,2022-10-17,0.0,62.75,62.75,62.7,278.0,1744010.0,62.436
600779.SH,2022-10-17,0.0,62.74,62.76,62.71,179.0,1122960.0,62.438
600779.SH,2022-10-17,0.0,62.72,62.74,62.72,80.0,501805.0,62.439
600779.SH,2022-10-17,0.0,62.69,62.73,62.69,154.0,965684.0,62.44
600779.SH,2022-10-17,0.0,62.67,62.69,62.67,62.0,388621.0,62.441
600779.SH,2022-10-17,0.0,62.75,62.75,62.67,198.0,1240140.0,62.443
600779.SH,2022-10-17,0.0,62.72,62.75,62.7,101.0,633476.0,62.444
600779.SH,2022-10-17,0.0,62.69,62.72,62.68,71.0,445126.0,62.444
600779.SH,2022-10-17,0.0,62.69,62.71,62.68,91.0,570483.0,62.445
600779.SH,2022-10-17,0.0,62.71,62.71,62.68,83.0,520397.0,62.446
600779.SH,2022-10-17,0.0,62.71,62.72,62.7,98.0,615493.0,62.447
600779.SH,2022-10-17,0.0,62.72,62.72,62.71,212.0,1329590.0,62.448
600779.SH,2022-10-17,0.0,62.72,62.72,62.7,156.0,978257.0,62.45
600779.SH,2022-10-17,0.0,62.7,62.71,62.7,239.0,1498650.0,62.452
600779.SH,2022-10-17,0.0,62.71,62.71,62.7,184.0,1153720.0,62.453
600779.SH,2022-10-17,0.0,62.71,62.71,62.69,367.0,2300310.0,62.456
600779.SH,2022-10-17,0.0,62.71,62.72,62.7,426.0,2671470.0,62.46
600779.SH,2022-10-17,0.0,62.71,62.71,62.71,0.0,0.0,62.46
600779.SH,2022-10-17,0.0,62.71,62.71,62.71,0.0,0.0,62.46
600779.SH,2022-10-17,0.0,62.68,62.68,62.68,375.0,2351440.0,62.463
600779.SH,2022-10-18,0.0,63.0,63.0,63.0,136.0,856800.0,63.0
600779.SH,2022-10-18,0.0,63.08,63.3,63.08,505.0,3188130.0,63.103
600779.SH,2022-10-18,0.0,63.2,63.2,63.02,660.0,4160600.0,63.078
600779.SH,2022-10-18,0.0,63.3,63.38,63.22,816.0,5166850.0,63.171
600779.SH,2022-10-18,0.0,63.14,63.26,63.14,423.0,2672420.0,63.172
600779.SH,2022-10-18,0.0,63.15,63.25,63.11,495.0,3128340.0,63.176
600779.SH,2022-10-18,0.0,63.28,63.29,63.15,373.0,2358360.0,63.182
600779.SH,2022-10-18,0.0,63.05,63.25,63.02,420.0,2651310.0,63.176
600779.SH,2022-10-18,0.0,62.93,63.01,62.88,613.0,3861800.0,63.149
600779.SH,2022-10-18,0.0,62.85,62.93,62.81,331.0,2082130.0,63.132
600779.SH,2022-10-18,0.0,62.82,62.85,62.77,481.0,3021110.0,63.103
600779.SH,2022-10-18,0.0,62.71,62.89,62.71,448.0,2814990.0,63.082
600779.SH,2022-10-18,0.0,62.82,62.82,62.51,410.0,2569910.0,63.055
600779.SH,2022-10-18,0.0,62.9,62.97,62.82,72.0,453054.0,63.053
600779.SH,2022-10-18,0.0,62.9,62.94,62.88,163.0,1025510.0,63.05
600779.SH,2022-10-18,0.0,62.89,62.93,62.87,156.0,981049.0,63.046
600779.SH,2022-10-18,0.0,62.7,62.89,62.7,167.0,1049480.0,63.041
600779.SH,2022-10-18,0.0,62.67,62.7,62.65,251.0,1573020.0,63.027
600779.SH,2022-10-18,0.0,62.82,62.99,62.67,245.0,1539980.0,63.021
600779.SH,2022-10-18,0.0,62.8,62.95,62.71,130.0,816813.0,63.018
600779.SH,2022-10-18,0.0,62.79,62.8,62.71,127.0,797117.0,63.014
600779.SH,2022-10-18,0.0,62.74,62.79,62.72,77.0,483250.0,63.011
600779.SH,2022-10-18,0.0,62.82,62.82,62.75,98.0,614002.0,63.008
600779.SH,2022-10-18,0.0,62.75,62.85,62.74,205.0,1286860.0,63.002
600779.SH,2022-10-18,0.0,62.72,62.75,62.7,131.0,821907.0,62.998
600779.SH,2022-10-18,0.0,62.79,62.8,62.72,75.0,470856.0,62.996
600779.SH,2022-10-18,0.0,62.84,62.86,62.79,81.0,508770.0,62.994
600779.SH,2022-10-18,0.0,62.87,62.94,62.84,145.0,911851.0,62.992
600779.SH,2022-10-18,0.0,62.85,62.88,62.83,85.0,534310.0,62.991
600779.SH,2022-10-18,0.0,62.86,62.86,62.8,100.0,628263.0,62.989
600779.SH,2022-10-18,0.0,62.83,62.91,62.83,52.0,326909.0,62.988
600779.SH,2022-10-18,0.0,62.85,62.9,62.84,49.0,308034.0,62.987
600779.SH,2022-10-18,0.0,62.78,62.89,62.76,261.0,1639660.0,62.982
600779.SH,2022-10-18,0.0,62.8,62.84,62.78,21.0,131909.0,62.982
600779.SH,2022-10-18,0.0,62.72,62.8,62.72,105.0,659020.0,62.979
600779.SH,2022-10-18,0.0,62.66,62.71,62.65,239.0,1498090.0,62.971
600779.SH,2022-10-18,0.0,62.48,62.66,62.48,441.0,2758430.0,62.952
600779.SH,2022-10-18,0.0,62.54,62.58,62.46,131.0,818684.0,62.946
600779.SH,2022-10-18,0.0,62.5,62.54,62.5,98.0,612604.0,62.942
600779.SH,2022-10-18,0.0,62.4,62.5,62.4,197.0,1230230.0,62.932
600779.SH,2022-10-18,0.0,62.33,62.42,62.31,297.0,1851290.0,62.915
600779.SH,2022-10-18,0.0,62.42,62.42,62.36,124.0,773606.0,62.908
600779.SH,2022-10-18,0.0,62.45,62.48,62.39,187.0,1167210.0,62.9
600779.SH,2022-10-18,0.0,62.47,62.47,62.44,143.0,893163.0,62.894
600779.SH,2022-10-18,0.0,62.5,62.51,62.47,26.0,162479.0,62.893
600779.SH,2022-10-18,0.0,62.41,62.49,62.41,154.0,961391.0,62.886
600779.SH,2022-10-18,0.0,62.42,62.47,62.41,28.0,174779.0,62.885
600779.SH,2022-10-18,0.0,62.45,62.45,62.41,48.0,299630.0,62.883
600779.SH,2022-10-18,0.0,62.5,62.51,62.43,42.0,262368.0,62.882
600779.SH,2022-10-18,0.0,62.61,62.61,62.48,88.0,550075.0,62.879
600779.SH,2022-10-18,0.0,62.65,62.68,62.6,37.0,231822.0,62.878
600779.SH,2022-10-18,0.0,62.75,62.75,62.65,85.0,532889.0,62.876
600779.SH,2022-10-18,0.0,62.69,62.78,62.66,158.0,991213.0,62.875
600779.SH,2022-10-18,0.0,62.64,62.7,62.64,47.0,294587.0,62.874
600779.SH,2022-10-18,0.0,62.6,62.67,62.6,21.0,131514.0,62.873
600779.SH,2022-10-18,0.0,62.5,62.6,62.5,37.0,231434.0,62.872
600779.SH,2022-10-18,0.0,62.67,62.67,62.5,66.0,413204.0,62.871
600779.SH,2022-10-18,0.0,62.81,62.84,62.69,167.0,1048450.0,62.869
600779.SH,2022-10-18,0.0,62.83,62.86,62.8,74.0,464872.0,62.869
600779.SH,2022-10-18,0.0,62.68,62.85,62.68,76.0,477388.0,62.869
600779.SH,2022-10-18,0.0,62.74,62.81,62.68,25.0,156880.0,62.869
600779.SH,2022-10-18,0.0,62.79,62.81,62.76,51.0,320292.0,62.868
600779.SH,2022-10-18,0.0,62.72,62.79,62.72,18.0,112917.0,62.868
600779.SH,2022-10-18,0.0,62.69,62.71,62.69,30.0,188098.0,62.868
600779.SH,2022-10-18,0.0,62.65,62.69,62.65,25.0,156656.0,62.867
600779.SH,2022-10-18,0.0,62.75,62.75,62.65,67.0,420123.0,62.866
600779.SH,2022-10-18,0.0,62.76,62.8,62.75,28.0,175737.0,62.866
600779.SH,2022-10-18,0.0,62.7,62.75,62.7,35.0,219499.0,62.866
600779.SH,2022-10-18,0.0,62.7,62.71,62.68,87.0,545489.0,62.864
600779.SH,2022-10-18,0.0,62.68,62.7,62.68,26.0,162987.0,62.864
600779.SH,2022-10-18,0.0,62.78,62.79,62.68,117.0,733627.0,62.863
600779.SH,2022-10-18,0.0,62.79,62.79,62.74,31.0,194612.0,62.862
600779.SH,2022-10-18,0.0,62.71,62.79,62.71,25.0,156803.0,62.862
600779.SH,2022-10-18,0.0,62.69,62.71,62.69,24.0,150475.0,62.862
600779.SH,2022-10-18,0.0,62.62,62.69,62.62,65.0,407240.0,62.861
600779.SH,2022-10-18,0.0,62.63,62.64,62.6,14.0,87655.0,62.86
600779.SH,2022-10-18,0.0,62.6,62.6,62.58,39.0,244118.0,62.86
600779.SH,2022-10-18,0.0,62.6,62.6,62.58,30.0,187756.0,62.859
600779.SH,2022-10-18,0.0,62.65,62.65,62.58,32.0,200408.0,62.858
600779.SH,2022-10-18,0.0,62.63,62.65,62.62,34.0,212960.0,62.858
600779.SH,2022-10-18,0.0,62.63,62.66,62.63,15.0,93952.0,62.858
600779.SH,2022-10-18,0.0,62.61,62.63,62.61,33.0,206654.0,62.857
600779.SH,2022-10-18,0.0,62.85,62.85,62.61,115.0,721731.0,62.856
600779.SH,2022-10-18,0.0,62.81,62.85,62.81,44.0,276500.0,62.856
600779.SH,2022-10-18,0.0,62.68,62.81,62.63,25.0,156805.0,62.856
600779.SH,2022-10-18,0.0,62.68,62.7,62.68,20.0,125382.0,62.855
600779.SH,2022-10-18,0.0,62.7,62.7,62.66,49.0,307072.0,62.855
600779.SH,2022-10-18,0.0,62.68,62.74,62.68,21.0,131661.0,62.855
600779.SH,2022-10-18,0.0,62.7,62.7,62.68,23.0,144177.0,62.854
600779.SH,2022-10-18,0.0,62.7,62.7,62.67,26.0,162983.0,62.854
600779.SH,2022-10-18,0.0,62.73,62.73,62.7,14.0,87787.0,62.854
600779.SH,2022-10-18,0.0,62.73,62.74,62.71,33.0,206994.0,62.853
600779.SH,2022-10-18,0.0,62.74,62.74,62.73,32.0,200756.0,62.853
600779.SH,2022-10-18,0.0,62.67,62.72,62.67,38.0,238228.0,62.853
600779.SH,2022-10-18,0.0,62.67,62.68,62.67,13.0,81472.0,62.852
600779.SH,2022-10-18,0.0,62.7,62.7,62.67,78.0,489041.0,62.852
600779.SH,2022-10-18,0.0,62.78,62.78,62.66,350.0,2193610.0,62.847
600779.SH,2022-10-18,0.0,62.66,62.78,62.66,26.0,162992.0,62.847
600779.SH,2022-10-18,0.0,62.69,62.7,62.68,30.0,188075.0,62.846
600779.SH,2022-10-18,0.0,62.71,62.75,62.68,277.0,1736600.0,62.843
600779.SH,2022-10-18,0.0,62.71,62.71,62.7,34.0,213212.0,62.843
600779.SH,2022-10-18,0.0,62.75,62.75,62.71,48.0,301173.0,62.843
600779.SH,2022-10-18,0.0,62.76,62.76,62.72,51.0,320049.0,62.842
600779.SH,2022-10-18,0.0,62.72,62.76,62.72,9.0,56462.0,62.842
600779.SH,2022-10-18,0.0,62.75,62.75,62.72,10.0,62747.0,62.842
600779.SH,2022-10-18,0.0,62.75,62.75,62.74,16.0,100390.0,62.842
600779.SH,2022-10-18,0.0,62.75,62.75,62.74,24.0,151597.0,62.842
600779.SH,2022-10-18,0.0,62.76,62.76,62.74,99.0,621271.0,62.841
600779.SH,2022-10-18,0.0,62.76,62.76,62.75,66.0,414166.0,62.841
600779.SH,2022-10-18,0.0,62.72,62.76,62.72,71.0,444494.0,62.84
600779.SH,2022-10-18,0.0,62.71,62.72,62.71,41.0,257110.0,62.84
600779.SH,2022-10-18,0.0,62.65,62.71,62.65,70.0,438831.0,62.839
600779.SH,2022-10-18,0.0,62.64,62.68,62.64,34.0,213012.0,62.839
600779.SH,2022-10-18,0.0,62.62,62.64,62.61,76.0,476000.0,62.838
600779.SH,2022-10-18,0.0,62.58,62.64,62.58,88.0,550968.0,62.837
600779.SH,2022-10-18,0.0,62.6,62.6,62.58,27.0,168987.0,62.836
600779.SH,2022-10-18,0.0,62.63,62.63,62.6,12.0,75146.0,62.836
600779.SH,2022-10-18,0.0,62.68,62.68,62.63,8.0,50141.0,62.836
600779.SH,2022-10-18,0.0,62.6,62.68,62.6,124.0,776374.0,62.834
600779.SH,2022-10-18,0.0,62.6,62.6,62.58,23.0,143947.0,62.834
600779.SH,2022-10-18,0.0,62.6,62.6,62.58,32.0,200310.0,62.833
600779.SH,2022-10-18,0.0,62.78,62.78,62.6,115.0,722028.0,62.832
600779.SH,2022-10-18,0.0,62.75,62.78,62.7,61.0,382698.0,62.832
600779.SH,2022-10-18,0.0,62.8,62.8,62.73,57.0,357763.0,62.831
600779.SH,2022-10-18,0.0,62.76,62.8,62.75,48.0,301315.0,62.831
600779.SH,2022-10-18,0.0,62.79,62.79,62.76,50.0,313876.0,62.831
600779.SH,2022-10-18,0.0,62.78,62.79,62.78,173.0,1086220.0,62.831
600779.SH,2022-10-18,0.0,63.0,63.0,62.79,443.0,2784170.0,62.833
600779.SH,2022-10-18,0.0,62.88,63.0,62.79,348.0,2190720.0,62.835
600779.SH,2022-10-18,0.0,62.87,62.88,62.87,41.0,257819.0,62.835
600779.SH,2022-10-18,0.0,62.84,62.87,62.82,25.0,157092.0,62.835
600779.SH,2022-10-18,0.0,62.8,62.84,62.8,249.0,1563750.0,62.835
600779.SH,2022-10-18,0.0,62.81,62.82,62.8,39.0,244958.0,62.835
600779.SH,2022-10-18,0.0,62.82,62.82,62.8,72.0,452190.0,62.835
600779.SH,2022-10-18,0.0,62.81,62.81,62.8,37.0,232383.0,62.835
600779.SH,2022-10-18,0.0,62.82,62.82,62.81,21.0,131911.0,62.834
600779.SH,2022-10-18,0.0,62.8,62.82,62.8,76.0,477374.0,62.834
600779.SH,2022-10-18,0.0,62.81,62.82,62.8,33.0,206809.0,62.834
600779.SH,2022-10-18,0.0,62.71,62.8,62.7,611.0,3837030.0,62.833
600779.SH,2022-10-18,0.0,62.71,62.75,62.71,9.0,56467.0,62.833
600779.SH,2022-10-18,0.0,62.75,62.75,62.71,14.0,87832.0,62.833
600779.SH,2022-10-18,0.0,62.71,62.78,62.71,42.0,263411.0,62.832
600779.SH,2022-10-18,0.0,62.7,62.74,62.7,58.0,363670.0,62.832
600779.SH,2022-10-18,0.0,62.69,62.78,62.68,53.0,332314.0,62.832
600779.SH,2022-10-18,0.0,62.67,62.69,62.67,35.0,219369.0,62.831
600779.SH,2022-10-18,0.0,62.66,62.69,62.66,44.0,275726.0,62.831
600779.SH,2022-10-18,0.0,62.67,62.69,62.66,23.0,144142.0,62.831
600779.SH,2022-10-18,0.0,62.65,62.66,62.65,94.0,588944.0,62.83
600779.SH,2022-10-18,0.0,62.65,62.66,62.65,28.0,175428.0,62.829
600779.SH,2022-10-18,0.0,62.64,62.66,62.64,29.0,181688.0,62.829
600779.SH,2022-10-18,0.0,62.61,62.63,62.6,65.0,407027.0,62.828
600779.SH,2022-10-18,0.0,62.51,62.61,62.51,182.0,1139000.0,62.826
600779.SH,2022-10-18,0.0,62.53,62.53,62.5,123.0,768899.0,62.824
600779.SH,2022-10-18,0.0,62.6,62.61,62.5,89.0,556488.0,62.822
600779.SH,2022-10-18,0.0,62.59,62.6,62.55,21.0,131407.0,62.822
600779.SH,2022-10-18,0.0,62.58,62.59,62.54,31.0,193955.0,62.822
600779.SH,2022-10-18,0.0,62.58,62.59,62.55,28.0,175192.0,62.821
600779.SH,2022-10-18,0.0,62.58,62.58,62.55,20.0,125118.0,62.821
600779.SH,2022-10-18,0.0,62.55,62.58,62.55,23.0,143927.0,62.821
600779.SH,2022-10-18,0.0,62.58,62.58,62.55,69.0,431648.0,62.82
600779.SH,2022-10-18,0.0,62.58,62.58,62.56,28.0,175188.0,62.819
600779.SH,2022-10-18,0.0,62.63,62.63,62.58,86.0,538351.0,62.818
600779.SH,2022-10-18,0.0,62.65,62.66,62.63,27.0,168493.0,62.818
600779.SH,2022-10-18,0.0,62.65,62.65,62.63,12.0,75174.0,62.818
600779.SH,2022-10-18,0.0,62.62,62.65,62.62,16.0,100210.0,62.818
600779.SH,2022-10-18,0.0,62.64,62.64,62.62,15.0,93942.0,62.818
600779.SH,2022-10-18,0.0,62.7,62.7,62.64,20.0,125320.0,62.817
600779.SH,2022-10-18,0.0,62.65,62.67,62.64,28.0,175443.0,62.817
600779.SH,2022-10-18,0.0,62.65,62.65,62.64,30.0,187937.0,62.817
600779.SH,2022-10-18,0.0,62.65,62.65,62.63,19.0,119032.0,62.817
600779.SH,2022-10-18,0.0,62.67,62.77,62.67,31.0,194351.0,62.817
600779.SH,2022-10-18,0.0,62.65,62.67,62.65,11.0,68927.0,62.816
600779.SH,2022-10-18,0.0,62.62,62.64,62.62,32.0,200412.0,62.816
600779.SH,2022-10-18,0.0,62.55,62.62,62.55,108.0,675975.0,62.815
600779.SH,2022-10-18,0.0,62.53,62.56,62.53,21.0,131334.0,62.815
600779.SH,2022-10-18,0.0,62.63,62.65,62.53,24.0,150229.0,62.814
600779.SH,2022-10-18,0.0,62.57,62.63,62.57,24.0,150174.0,62.814
600779.SH,2022-10-18,0.0,62.57,62.57,62.55,38.0,237729.0,62.813
600779.SH,2022-10-18,0.0,62.52,62.57,62.52,66.0,412762.0,62.813
600779.SH,2022-10-18,0.0,62.5,62.55,62.5,110.0,687524.0,62.811
600779.SH,2022-10-18,0.0,62.46,62.5,62.46,101.0,631037.0,62.809
600779.SH,2022-10-18,0.0,62.45,62.46,62.41,72.0,449583.0,62.808
600779.SH,2022-10-18,0.0,62.42,62.45,62.41,40.0,249694.0,62.807
600779.SH,2022-10-18,0.0,62.41,62.42,62.41,66.0,411954.0,62.806
600779.SH,2022-10-18,0.0,62.43,62.46,62.41,55.0,343394.0,62.805
600779.SH,2022-10-18,0.0,62.41,62.45,62.4,229.0,1429320.0,62.8
600779.SH,2022-10-18,0.0,62.42,62.42,62.4,106.0,661543.0,62.798
600779.SH,2022-10-18,0.0,62.4,62.42,62.4,67.0,418097.0,62.797
600779.SH,2022-10-18,0.0,62.41,62.42,62.4,60.0,374424.0,62.796
600779.SH,2022-10-18,0.0,62.37,62.42,62.37,216.0,1347730.0,62.791
600779.SH,2022-10-18,0.0,62.36,62.37,62.35,74.0,461484.0,62.79
600779.SH,2022-10-18,0.0,62.37,62.4,62.35,110.0,685923.0,62.787
600779.SH,2022-10-18,0.0,62.41,62.41,62.37,29.0,180942.0,62.787
600779.SH,2022-10-18,0.0,62.4,62.42,62.4,97.0,605319.0,62.785
600779.SH,2022-10-18,0.0,62.45,62.45,62.41,26.0,162324.0,62.785
600779.SH,2022-10-18,0.0,62.45,62.45,62.45,8.0,49972.0,62.784
600779.SH,2022-10-18,0.0,62.4,62.43,62.4,137.0,854983.0,62.782
600779.SH,2022-10-18,0.0,62.39,62.42,62.39,116.0,723807.0,62.78
600779.SH,2022-10-18,0.0,62.46,62.46,62.39,37.0,230923.0,62.779
600779.SH,2022-10-18,0.0,62.47,62.47,62.45,17.0,106191.0,62.779
600779.SH,2022-10-18,0.0,62.42,62.47,62.42,19.0,118645.0,62.779
600779.SH,2022-10-18,0.0,62.4,62.42,62.4,30.0,187226.0,62.778
600779.SH,2022-10-18,0.0,62.42,62.42,62.41,33.0,205983.0,62.777
600779.SH,2022-10-18,0.0,62.42,62.42,62.41,17.0,106106.0,62.777
600779.SH,2022-10-18,0.0,62.42,62.43,62.41,21.0,131081.0,62.777
600779.SH,2022-10-18,0.0,62.41,62.45,62.41,31.0,193497.0,62.776
600779.SH,2022-10-18,0.0,62.41,62.41,62.4,76.0,474308.0,62.775
600779.SH,2022-10-18,0.0,62.41,62.41,62.4,120.0,748820.0,62.773
600779.SH,2022-10-18,0.0,62.42,62.43,62.4,26.0,162279.0,62.772
600779.SH,2022-10-18,0.0,62.45,62.45,62.42,28.0,174842.0,62.772
600779.SH,2022-10-18,0.0,62.45,62.45,62.44,23.0,143630.0,62.772
600779.SH,2022-10-18,0.0,62.35,62.45,62.35,595.0,3712380.0,62.761
600779.SH,2022-10-18,0.0,62.35,62.36,62.35,65.0,405309.0,62.76
600779.SH,2022-10-18,0.0,62.3,62.36,62.3,469.0,2922660.0,62.751
600779.SH,2022-10-18,0.0,62.39,62.39,62.32,61.0,380427.0,62.75
600779.SH,2022-10-18,0.0,62.42,62.43,62.39,617.0,3845330.0,62.739
600779.SH,2022-10-18,0.0,62.2,62.42,62.2,922.0,5738040.0,62.719
600779.SH,2022-10-18,0.0,62.2,62.36,62.19,527.0,3278120.0,62.708
600779.SH,2022-10-18,0.0,62.24,62.25,62.19,354.0,2202040.0,62.701
600779.SH,2022-10-18,0.0,62.36,62.36,62.25,49.0,305484.0,62.7
600779.SH,2022-10-18,0.0,62.22,62.36,62.22,273.0,1700100.0,62.696
600779.SH,2022-10-18,0.0,62.23,62.23,62.21,77.0,479087.0,62.694
600779.SH,2022-10-18,0.0,62.25,62.26,62.23,40.0,249029.0,62.694
600779.SH,2022-10-18,0.0,62.24,62.25,62.24,35.0,217856.0,62.693
600779.SH,2022-10-18,0.0,62.25,62.26,62.24,44.0,273896.0,62.692
600779.SH,2022-10-18,0.0,62.25,62.26,62.24,82.0,510476.0,62.691
600779.SH,2022-10-18,0.0,62.24,62.3,62.23,352.0,2191290.0,62.685
600779.SH,2022-10-18,0.0,62.2,62.24,62.2,316.0,1965920.0,62.679
600779.SH,2022-10-18,0.0,62.18,62.21,62.18,143.0,889427.0,62.677
600779.SH,2022-10-18,0.0,62.16,62.19,62.16,124.0,771025.0,62.674
600779.SH,2022-10-18,0.0,62.19,62.19,62.16,62.0,385481.0,62.673
600779.SH,2022-10-18,0.0,62.17,62.18,62.16,200.0,1243420.0,62.669
600779.SH,2022-10-18,0.0,62.18,62.18,62.16,118.0,733575.0,62.667
600779.SH,2022-10-18,0.0,62.16,62.18,62.16,113.0,702489.0,62.665
600779.SH,2022-10-18,0.0,62.17,62.18,62.16,249.0,1547930.0,62.661
600779.SH,2022-10-18,0.0,62.15,62.17,62.15,230.0,1429610.0,62.656
600779.SH,2022-10-18,0.0,62.17,62.17,62.15,252.0,1566380.0,62.652
600779.SH,2022-10-18,0.0,62.12,62.17,62.12,237.0,1472750.0,62.647
600779.SH,2022-10-18,0.0,62.12,62.12,62.12,0.0,0.0,62.647
600779.SH,2022-10-18,0.0,62.12,62.12,62.12,0.0,0.0,62.647
600779.SH,2022-10-18,0.0,62.13,62.13,62.13,256.0,1589290.0,62.643
600779.SH,2022-10-19,0.0,62.14,62.14,62.14,167.0,1037740.0,62.14
600779.SH,2022-10-19,0.0,61.9,62.19,61.9,470.0,2917850.0,62.097
600779.SH,2022-10-19,0.0,61.54,61.89,61.42,547.0,3370090.0,61.872
600779.SH,2022-10-19,0.0,61.24,61.53,61.23,715.0,4393800.0,61.714
600779.SH,2022-10-19,0.0,61.49,61.5,61.18,506.0,3103960.0,61.636
600779.SH,2022-10-19,0.0,61.6,61.63,61.48,206.0,1267940.0,61.629
600779.SH,2022-10-19,0.0,61.6,61.69,61.55,234.0,1442250.0,61.63
600779.SH,2022-10-19,0.0,61.74,61.89,61.6,325.0,2007770.0,61.645
600779.SH,2022-10-19,0.0,61.81,61.81,61.64,66.0,407639.0,61.647
600779.SH,2022-10-19,0.0,61.6,61.81,61.55,348.0,2145600.0,61.648
600779.SH,2022-10-19,0.0,61.73,61.73,61.55,141.0,868307.0,61.646
600779.SH,2022-10-19,0.0,61.5,61.62,61.5,475.0,2921770.0,61.632
600779.SH,2022-10-19,0.0,61.57,61.6,61.5,387.0,2382600.0,61.627
600779.SH,2022-10-19,0.0,61.29,61.58,61.28,448.0,2749390.0,61.604
600779.SH,2022-10-19,0.0,61.35,61.46,61.3,162.0,993831.0,61.596
600779.SH,2022-10-19,0.0,61.27,61.42,61.27,289.0,1771560.0,61.58
600779.SH,2022-10-19,0.0,61.39,61.39,61.28,323.0,1981300.0,61.567
600779.SH,2022-10-19,0.0,61.27,61.45,61.27,341.0,2092280.0,61.555
600779.SH,2022-10-19,0.0,61.01,61.23,61.0,915.0,5592870.0,61.5
600779.SH,2022-10-19,0.0,61.22,61.3,60.99,734.0,4484820.0,61.462
600779.SH,2022-10-19,0.0,61.19,61.22,61.19,168.0,1028310.0,61.457
600779.SH,2022-10-19,0.0,61.24,61.29,61.11,258.0,1578740.0,61.449
600779.SH,2022-10-19,0.0,61.2,61.3,61.2,153.0,937497.0,61.445
600779.SH,2022-10-19,0.0,61.16,61.27,61.16,123.0,752847.0,61.442
600779.SH,2022-10-19,0.0,61.03,61.17,61.01,277.0,1691990.0,61.431
600779.SH,2022-10-19,0.0,61.08,61.11,61.0,179.0,1092550.0,61.423
600779.SH,2022-10-19,0.0,61.15,61.16,61.07,124.0,757912.0,61.419
600779.SH,2022-10-19,0.0,61.22,61.22,61.15,91.0,556779.0,61.416
600779.SH,2022-10-19,0.0,61.09,61.22,61.09,228.0,1394480.0,61.41
600779.SH,2022-10-19,0.0,61.03,61.14,61.03,183.0,1117630.0,61.404
600779.SH,2022-10-19,0.0,61.08,61.09,61.03,61.0,372568.0,61.402
600779.SH,2022-10-19,0.0,61.01,61.08,61.01,202.0,1232900.0,61.394
600779.SH,2022-10-19,0.0,61.14,61.2,61.01,410.0,2502590.0,61.38
600779.SH,2022-10-19,0.0,61.09,61.18,61.05,122.0,745364.0,61.377
600779.SH,2022-10-19,0.0,60.96,61.06,60.92,747.0,4556670.0,61.351
600779.SH,2022-10-19,0.0,61.1,61.1,60.97,131.0,800018.0,61.348
600779.SH,2022-10-19,0.0,61.05,61.1,61.05,69.0,421436.0,61.346
600779.SH,2022-10-19,0.0,61.08,61.09,61.03,86.0,525225.0,61.344
600779.SH,2022-10-19,0.0,61.08,61.08,61.06,117.0,714525.0,61.342
600779.SH,2022-10-19,0.0,61.08,61.09,61.03,97.0,592262.0,61.339
600779.SH,2022-10-19,0.0,61.05,61.08,61.05,79.0,482401.0,61.337
600779.SH,2022-10-19,0.0,60.95,61.04,60.95,230.0,1402710.0,61.331
600779.SH,2022-10-19,0.0,60.99,61.0,60.91,136.0,829133.0,61.326
600779.SH,2022-10-19,0.0,60.98,61.0,60.96,120.0,731879.0,61.323
600779.SH,2022-10-19,0.0,60.98,61.01,60.97,112.0,682991.0,61.32
600779.SH,2022-10-19,0.0,61.0,61.03,60.99,157.0,957766.0,61.316
600779.SH,2022-10-19,0.0,60.95,61.0,60.95,129.0,786621.0,61.313
600779.SH,2022-10-19,0.0,60.87,60.96,60.87,307.0,1869810.0,61.303
600779.SH,2022-10-19,0.0,60.82,60.85,60.81,151.0,915963.0,61.297
600779.SH,2022-10-19,0.0,60.9,60.9,60.82,185.0,1125560.0,61.291
600779.SH,2022-10-19,0.0,60.97,60.98,60.9,50.0,304708.0,61.29
600779.SH,2022-10-19,0.0,61.09,61.1,60.97,166.0,1013130.0,61.287
600779.SH,2022-10-19,0.0,61.17,61.17,61.09,193.0,1179340.0,61.284
600779.SH,2022-10-19,0.0,61.2,61.2,61.16,108.0,660767.0,61.283
600779.SH,2022-10-19,0.0,61.13,61.22,61.11,559.0,3420370.0,61.279
600779.SH,2022-10-19,0.0,61.19,61.25,61.13,130.0,795073.0,61.278
600779.SH,2022-10-19,0.0,61.27,61.3,61.24,152.0,931336.0,61.278
600779.SH,2022-10-19,0.0,61.3,61.32,61.27,60.0,367796.0,61.278
600779.SH,2022-10-19,0.0,61.38,61.38,61.31,135.0,828068.0,61.279
600779.SH,2022-10-19,0.0,61.48,61.52,61.4,149.0,915869.0,61.281
600779.SH,2022-10-19,0.0,61.4,61.51,61.38,90.0,553085.0,61.282
600779.SH,2022-10-19,0.0,61.37,61.4,61.35,50.0,306884.0,61.282
600779.SH,2022-10-19,0.0,61.4,61.4,61.35,115.0,705945.0,61.283
600779.SH,2022-10-19,0.0,61.37,61.38,61.36,40.0,245480.0,61.283
600779.SH,2022-10-19,0.0,61.35,61.36,61.35,93.0,570586.0,61.284
600779.SH,2022-10-19,0.0,61.31,61.37,61.31,327.0,2006130.0,61.285
600779.SH,2022-10-19,0.0,61.26,61.31,61.25,86.0,526971.0,61.285
600779.SH,2022-10-19,0.0,61.25,61.26,61.2,59.0,361378.0,61.285
600779.SH,2022-10-19,0.0,61.17,61.25,61.17,35.0,214181.0,61.285
600779.SH,2022-10-19,0.0,61.26,61.26,61.15,211.0,1290620.0,61.283
600779.SH,2022-10-19,0.0,61.3,61.3,61.18,68.0,416364.0,61.283
600779.SH,2022-10-19,0.0,61.3,61.35,61.22,39.0,239079.0,61.283
600779.SH,2022-10-19,0.0,61.34,61.34,61.3,93.0,570375.0,61.283
600779.SH,2022-10-19,0.0,61.37,61.37,61.34,29.0,177915.0,61.283
600779.SH,2022-10-19,0.0,61.3,61.38,61.3,19.0,116599.0,61.283
600779.SH,2022-10-19,0.0,61.38,61.38,61.3,12.0,73636.0,61.283
600779.SH,2022-10-19,0.0,61.44,61.44,61.35,83.0,509597.0,61.284
600779.SH,2022-10-19,0.0,61.43,61.46,61.41,21.0,129014.0,61.284
600779.SH,2022-10-19,0.0,61.32,61.44,61.3,1014.0,6225500.0,61.291
600779.SH,2022-10-19,0.0,61.42,61.43,61.25,45.0,276054.0,61.291
600779.SH,2022-10-19,0.0,61.44,61.44,61.43,21.0,129021.0,61.291
600779.SH,2022-10-19,0.0,61.43,61.44,61.36,28.0,171960.0,61.291
600779.SH,2022-10-19,0.0,61.43,61.44,61.35,53.0,325477.0,61.292
600779.SH,2022-10-19,0.0,61.42,61.43,61.35,15.0,92093.0,61.292
600779.SH,2022-10-19,0.0,61.4,61.41,61.35,17.0,104398.0,61.292
600779.SH,2022-10-19,0.0,61.41,61.41,61.35,46.0,282449.0,61.292
600779.SH,2022-10-19,0.0,61.41,61.41,61.37,39.0,239454.0,61.292
600779.SH,2022-10-19,0.0,61.42,61.42,61.4,41.0,251785.0,61.293
600779.SH,2022-10-19,0.0,61.42,61.42,61.4,32.0,196533.0,61.293
600779.SH,2022-10-19,0.0,61.5,61.5,61.41,192.0,1179560.0,61.294
600779.SH,2022-10-19,0.0,61.68,61.68,61.47,147.0,904977.0,61.297
600779.SH,2022-10-19,0.0,61.65,61.75,61.65,75.0,462681.0,61.298
600779.SH,2022-10-19,0.0,61.62,61.67,61.6,34.0,209580.0,61.299
600779.SH,2022-10-19,0.0,61.45,61.6,61.45,61.0,375345.0,61.3
600779.SH,2022-10-19,0.0,61.5,61.5,61.43,23.0,141369.0,61.3
600779.SH,2022-10-19,0.0,61.44,61.5,61.44,16.0,98367.0,61.3
600779.SH,2022-10-19,0.0,61.5,61.5,61.44,71.0,436556.0,61.301
600779.SH,2022-10-19,0.0,61.65,61.66,61.52,179.0,1102770.0,61.304
600779.SH,2022-10-19,0.0,61.56,61.65,61.5,111.0,683954.0,61.306
600779.SH,2022-10-19,0.0,61.6,61.6,61.52,135.0,831315.0,61.307
600779.SH,2022-10-19,0.0,61.6,61.66,61.55,114.0,702436.0,61.309
600779.SH,2022-10-19,0.0,61.7,61.7,61.6,177.0,1091150.0,61.312
600779.SH,2022-10-19,0.0,61.77,61.81,61.7,164.0,1013160.0,61.316
600779.SH,2022-10-19,0.0,61.83,61.83,61.75,164.0,1013680.0,61.321
600779.SH,2022-10-19,0.0,61.86,61.87,61.82,280.0,1731910.0,61.328
600779.SH,2022-10-19,0.0,61.86,61.88,61.82,113.0,699112.0,61.331
600779.SH,2022-10-19,0.0,61.84,61.86,61.8,73.0,451318.0,61.333
600779.SH,2022-10-19,0.0,61.83,61.85,61.81,150.0,927390.0,61.337
600779.SH,2022-10-19,0.0,61.84,61.85,61.81,111.0,686339.0,61.339
600779.SH,2022-10-19,0.0,61.85,61.85,61.82,75.0,463796.0,61.341
600779.SH,2022-10-19,0.0,62.06,62.06,61.85,461.0,2858340.0,61.355
600779.SH,2022-10-19,0.0,62.05,62.08,62.05,167.0,1036510.0,61.361
600779.SH,2022-10-19,0.0,62.07,62.07,61.9,135.0,837273.0,61.365
600779.SH,2022-10-19,0.0,62.07,62.07,62.0,130.0,806761.0,61.369
600779.SH,2022-10-19,0.0,62.05,62.05,62.0,27.0,167476.0,61.37
600779.SH,2022-10-19,0.0,62.02,62.03,61.96,109.0,675712.0,61.373
600779.SH,2022-10-19,0.0,61.99,62.05,61.99,100.0,620205.0,61.376
600779.SH,2022-10-19,0.0,62.0,62.05,61.97,101.0,628720.0,61.379
600779.SH,2022-10-19,0.0,62.0,62.03,62.0,92.0,570567.0,61.382
600779.SH,2022-10-19,0.0,62.0,62.03,61.98,103.0,638665.0,61.385
600779.SH,2022-10-19,0.0,61.96,62.01,61.96,73.0,450039.0,61.387
600779.SH,2022-10-19,0.0,61.8,61.96,61.8,188.0,1163030.0,61.391
600779.SH,2022-10-19,0.0,61.69,61.8,61.69,137.0,845957.0,61.393
600779.SH,2022-10-19,0.0,61.64,61.68,61.6,51.0,314326.0,61.394
600779.SH,2022-10-19,0.0,61.55,61.68,61.55,47.0,289532.0,61.394
600779.SH,2022-10-19,0.0,61.56,61.6,61.55,73.0,449306.0,61.395
600779.SH,2022-10-19,0.0,61.65,61.65,61.53,32.0,197162.0,61.395
600779.SH,2022-10-19,0.0,61.67,61.67,61.64,37.0,228094.0,61.395
600779.SH,2022-10-19,0.0,61.67,61.67,61.65,19.0,117153.0,61.396
600779.SH,2022-10-19,0.0,61.58,61.67,61.58,31.0,190995.0,61.396
600779.SH,2022-10-19,0.0,61.59,61.63,61.59,27.0,166325.0,61.396
600779.SH,2022-10-19,0.0,61.62,61.62,61.6,21.0,129360.0,61.396
600779.SH,2022-10-19,0.0,61.62,61.63,61.62,13.0,80114.0,61.397
600779.SH,2022-10-19,0.0,61.58,61.62,61.58,22.0,135519.0,61.397
600779.SH,2022-10-19,0.0,61.53,61.59,61.53,24.0,147779.0,61.397
600779.SH,2022-10-19,0.0,61.55,61.55,61.53,29.0,178486.0,61.397
600779.SH,2022-10-19,0.0,61.52,61.56,61.52,37.0,227700.0,61.397
600779.SH,2022-10-19,0.0,61.5,61.52,61.5,56.0,344443.0,61.398
600779.SH,2022-10-19,0.0,61.48,61.52,61.46,71.0,436506.0,61.398
600779.SH,2022-10-19,0.0,61.48,61.5,61.47,63.0,387325.0,61.398
600779.SH,2022-10-19,0.0,61.48,61.5,61.48,44.0,270528.0,61.398
600779.SH,2022-10-19,0.0,61.48,61.48,61.47,31.0,190574.0,61.398
600779.SH,2022-10-19,0.0,61.45,61.48,61.45,68.0,417965.0,61.399
600779.SH,2022-10-19,0.0,61.44,61.47,61.44,24.0,147503.0,61.399
600779.SH,2022-10-19,0.0,61.43,61.47,61.43,58.0,356393.0,61.399
600779.SH,2022-10-19,0.0,61.43,61.46,61.43,48.0,294921.0,61.399
600779.SH,2022-10-19,0.0,61.44,61.44,61.43,56.0,344049.0,61.399
600779.SH,2022-10-19,0.0,61.43,61.44,61.43,79.0,485368.0,61.399
600779.SH,2022-10-19,0.0,61.46,61.46,61.43,75.0,460862.0,61.399
600779.SH,2022-10-19,0.0,61.44,61.46,61.44,52.0,319542.0,61.399
600779.SH,2022-10-19,0.0,61.25,61.43,61.22,271.0,1662370.0,61.399
600779.SH,2022-10-19,0.0,61.32,61.32,61.22,97.0,594198.0,61.398
600779.SH,2022-10-19,0.0,61.26,61.32,61.26,34.0,208366.0,61.398
600779.SH,2022-10-19,0.0,61.25,61.27,61.24,73.0,447150.0,61.398
600779.SH,2022-10-19,0.0,61.26,61.27,61.25,35.0,214406.0,61.397
600779.SH,2022-10-19,0.0,61.23,61.26,61.23,51.0,312333.0,61.397
600779.SH,2022-10-19,0.0,61.06,61.23,61.06,212.0,1296400.0,61.395
600779.SH,2022-10-19,0.0,61.14,61.22,61.06,217.0,1326160.0,61.392
600779.SH,2022-10-19,0.0,61.19,61.23,61.14,36.0,220152.0,61.392
600779.SH,2022-10-19,0.0,61.18,61.19,61.16,45.0,272679.0,61.392
600779.SH,2022-10-19,0.0,61.14,61.18,61.08,127.0,776322.0,61.39
600779.SH,2022-10-19,0.0,61.13,61.13,61.09,31.0,186653.0,61.39
600779.SH,2022-10-19,0.0,61.08,61.13,61.08,93.0,571051.0,61.389
600779.SH,2022-10-19,0.0,61.11,61.11,61.06,55.0,333198.0,61.388
600779.SH,2022-10-19,0.0,61.25,61.25,61.09,113.0,690904.0,61.387
600779.SH,2022-10-19,0.0,61.25,61.3,61.24,92.0,563581.0,61.387
600779.SH,2022-10-19,0.0,61.33,61.33,61.25,27.0,163477.0,61.386
600779.SH,2022-10-19,0.0,61.48,61.48,61.33,41.0,251730.0,61.386
600779.SH,2022-10-19,0.0,61.36,61.46,61.3,139.0,853339.0,61.386
600779.SH,2022-10-19,0.0,61.26,61.37,61.26,30.0,186030.0,61.386
600779.SH,2022-10-19,0.0,61.22,61.29,61.22,33.0,202111.0,61.386
600779.SH,2022-10-19,0.0,61.24,61.24,61.2,39.0,238731.0,61.386
600779.SH,2022-10-19,0.0,61.16,61.24,61.16,54.0,330480.0,61.386
600779.SH,2022-10-19,0.0,61.22,61.22,61.15,52.0,318003.0,61.385
600779.SH,2022-10-19,0.0,61.37,61.4,61.22,32.0,195585.0,61.385
600779.SH,2022-10-19,0.0,61.34,61.37,61.24,8.0,49060.0,61.385
600779.SH,2022-10-19,0.0,61.39,61.39,61.34,36.0,220944.0,61.385
600779.SH,2022-10-19,0.0,61.37,61.4,61.34,28.0,171859.0,61.385
600779.SH,2022-10-19,0.0,61.38,61.39,61.31,20.0,122706.0,61.385
600779.SH,2022-10-19,0.0,61.35,61.38,61.3,43.0,263806.0,61.385
600779.SH,2022-10-19,0.0,61.21,61.35,61.2,74.0,453186.0,61.384
600779.SH,2022-10-19,0.0,61.22,61.33,61.21,76.0,465690.0,61.384
600779.SH,2022-10-19,0.0,61.17,61.24,61.17,87.0,532860.0,61.383
600779.SH,2022-10-19,0.0,61.24,61.32,61.2,35.0,214444.0,61.383
600779.SH,2022-10-19,0.0,61.21,61.24,61.2,33.0,202007.0,61.383
600779.SH,2022-10-19,0.0,61.21,61.21,61.19,37.0,226445.0,61.383
600779.SH,2022-10-19,0.0,61.19,61.21,61.19,83.0,507952.0,61.382
600779.SH,2022-10-19,0.0,61.24,61.24,61.18,362.0,2216110.0,61.38
600779.SH,2022-10-19,0.0,61.38,61.38,61.2,76.0,465855.0,61.38
600779.SH,2022-10-19,0.0,61.38,61.38,61.26,63.0,386298.0,61.38
600779.SH,2022-10-19,0.0,61.38,61.38,61.36,20.0,120225.0,61.38
600779.SH,2022-10-19,0.0,61.36,61.39,61.34,35.0,215262.0,61.379
600779.SH,2022-10-19,0.0,61.34,61.34,61.3,28.0,173743.0,61.379
600779.SH,2022-10-19,0.0,61.39,61.39,61.34,46.0,282294.0,61.379
600779.SH,2022-10-19,0.0,61.35,61.39,61.35,21.0,128859.0,61.379
600779.SH,2022-10-19,0.0,61.5,61.5,61.35,210.0,1291500.0,61.38
600779.SH,2022-10-19,0.0,61.64,61.65,61.49,226.0,1390880.0,61.381
600779.SH,2022-10-19,0.0,61.6,61.65,61.52,62.0,382071.0,61.382
600779.SH,2022-10-19,0.0,61.5,61.6,61.5,235.0,1446060.0,61.383
600779.SH,2022-10-19,0.0,61.48,61.5,61.39,25.0,153727.0,61.383
600779.SH,2022-10-19,0.0,61.43,61.48,61.39,24.0,147444.0,61.383
600779.SH,2022-10-19,0.0,61.53,61.53,61.45,44.0,270502.0,61.383
600779.SH,2022-10-19,0.0,61.46,61.54,61.46,61.0,375200.0,61.383
600779.SH,2022-10-19,0.0,61.47,61.53,61.46,60.0,368805.0,61.384
600779.SH,2022-10-19,0.0,61.4,61.47,61.4,51.0,313400.0,61.384
600779.SH,2022-10-19,0.0,61.44,61.46,61.38,52.0,319310.0,61.384
600779.SH,2022-10-19,0.0,61.43,61.44,61.39,44.0,270189.0,61.384
600779.SH,2022-10-19,0.0,61.36,61.43,61.36,50.0,306897.0,61.384
600779.SH,2022-10-19,0.0,61.3,61.37,61.3,194.0,1189460.0,61.383
600779.SH,2022-10-19,0.0,61.38,61.38,61.3,95.0,582741.0,61.383
600779.SH,2022-10-19,0.0,61.36,61.37,61.36,39.0,239576.0,61.383
600779.SH,2022-10-19,0.0,61.31,61.36,61.26,73.0,447501.0,61.383
600779.SH,2022-10-19,0.0,61.21,61.31,61.2,93.0,569614.0,61.382
600779.SH,2022-10-19,0.0,61.31,61.32,61.24,32.0,196134.0,61.382
600779.SH,2022-10-19,0.0,61.3,61.31,61.23,92.0,563611.0,61.382
600779.SH,2022-10-19,0.0,61.32,61.32,61.24,19.0,116429.0,61.382
600779.SH,2022-10-19,0.0,61.3,61.32,61.27,81.0,496451.0,61.382
600779.SH,2022-10-19,0.0,61.29,61.32,61.29,38.0,232945.0,61.382
600779.SH,2022-10-19,0.0,61.25,61.29,61.24,104.0,637045.0,61.381
600779.SH,2022-10-19,0.0,61.22,61.26,61.22,88.0,538858.0,61.381
600779.SH,2022-10-19,0.0,61.33,61.33,61.22,106.0,649627.0,61.38
600779.SH,2022-10-19,0.0,61.4,61.4,61.32,88.0,539898.0,61.38
600779.SH,2022-10-19,0.0,61.36,61.4,61.36,33.0,202532.0,61.38
600779.SH,2022-10-19,0.0,61.34,61.36,61.33,54.0,331276.0,61.38
600779.SH,2022-10-19,0.0,61.34,61.35,61.32,51.0,312794.0,61.38
600779.SH,2022-10-19,0.0,61.34,61.35,61.3,73.0,447616.0,61.38
600779.SH,2022-10-19,0.0,61.59,61.62,61.32,294.0,1809960.0,61.381
600779.SH,2022-10-19,0.0,61.51,61.61,61.47,176.0,1083820.0,61.382
600779.SH,2022-10-19,0.0,61.41,61.58,61.38,74.0,455019.0,61.382
600779.SH,2022-10-19,0.0,61.42,61.49,61.38,76.0,466793.0,61.383
600779.SH,2022-10-19,0.0,61.32,61.43,61.32,152.0,930668.0,61.382
600779.SH,2022-10-19,0.0,61.28,61.32,61.26,276.0,1691910.0,61.382
600779.SH,2022-10-19,0.0,61.3,61.31,61.25,87.0,533035.0,61.381
600779.SH,2022-10-19,0.0,61.26,61.3,61.23,188.0,1152220.0,61.381
600779.SH,2022-10-19,0.0,61.25,61.3,61.25,121.0,741317.0,61.38
600779.SH,2022-10-19,0.0,61.26,61.29,61.25,191.0,1170130.0,61.38
600779.SH,2022-10-19,0.0,61.26,61.28,61.23,116.0,710537.0,61.379
600779.SH,2022-10-19,0.0,61.2,61.24,61.2,149.0,912245.0,61.378
600779.SH,2022-10-19,0.0,61.21,61.21,61.21,2.0,12242.0,61.378
600779.SH,2022-10-19,0.0,61.21,61.21,61.21,0.0,0.0,61.378
600779.SH,2022-10-19,0.0,61.2,61.2,61.2,269.0,1646280.0,61.377
600779.SH,2022-10-20,0.0,61.12,61.12,61.12,215.0,1314080.0,61.12
600779.SH,2022-10-20,0.0,60.69,61.0,60.51,593.0,3603450.0,60.861
600779.SH,2022-10-20,0.0,60.77,60.85,60.69,367.0,2231160.0,60.84
600779.SH,2022-10-20,0.0,60.86,61.08,60.8,334.0,2035720.0,60.87
600779.SH,2022-10-20,0.0,61.07,61.2,60.86,297.0,1814250.0,60.905
600779.SH,2022-10-20,0.0,61.45,61.49,61.08,329.0,2015040.0,60.958
600779.SH,2022-10-20,0.0,61.67,61.75,61.49,599.0,3689960.0,61.109
600779.SH,2022-10-20,0.0,61.69,61.77,61.6,543.0,3350440.0,61.208
600779.SH,2022-10-20,0.0,61.78,61.8,61.64,453.0,2796580.0,61.272
600779.SH,2022-10-20,0.0,61.48,61.78,61.46,303.0,1867210.0,61.298
600779.SH,2022-10-20,0.0,61.6,61.7,61.35,302.0,1857510.0,61.313
600779.SH,2022-10-20,0.0,61.78,61.78,61.61,773.0,4772940.0,61.378
600779.SH,2022-10-20,0.0,61.99,62.3,61.78,1096.0,6800480.0,61.497
600779.SH,2022-10-20,0.0,61.98,61.99,61.81,326.0,2018530.0,61.518
600779.SH,2022-10-20,0.0,62.18,62.19,61.98,462.0,2869270.0,61.556
600779.SH,2022-10-20,0.0,62.35,62.35,62.18,686.0,4273060.0,61.619
600779.SH,2022-10-20,0.0,62.47,62.62,62.34,1385.0,8652870.0,61.75
600779.SH,2022-10-20,0.0,62.77,62.77,62.47,1050.0,6573600.0,61.839
600779.SH,2022-10-20,0.0,62.65,62.77,62.65,715.0,4484650.0,61.897
600779.SH,2022-10-20,0.0,62.5,62.76,62.5,938.0,5877590.0,61.958
600779.SH,2022-10-20,0.0,62.44,62.5,62.38,398.0,2484990.0,61.974
600779.SH,2022-10-20,0.0,62.42,62.66,62.42,446.0,2788580.0,61.993
600779.SH,2022-10-20,0.0,62.21,62.55,62.21,511.0,3190970.0,62.011
600779.SH,2022-10-20,0.0,62.27,62.34,62.22,233.0,1451800.0,62.016
600779.SH,2022-10-20,0.0,62.11,62.24,62.1,235.0,1458530.0,62.018
600779.SH,2022-10-20,0.0,61.91,62.18,61.91,316.0,1960150.0,62.018
600779.SH,2022-10-20,0.0,61.88,61.98,61.87,717.0,4438330.0,62.013
600779.SH,2022-10-20,0.0,61.8,61.88,61.8,172.0,1063610.0,62.011
600779.SH,2022-10-20,0.0,61.85,61.85,61.81,116.0,717218.0,62.009
600779.SH,2022-10-20,0.0,61.96,61.97,61.84,162.0,1004380.0,62.008
600779.SH,2022-10-20,0.0,61.75,61.91,61.75,305.0,1884100.0,62.004
600779.SH,2022-10-20,0.0,61.57,61.78,61.57,223.0,1375790.0,62.0
600779.SH,2022-10-20,0.0,61.67,61.69,61.56,140.0,862548.0,61.997
600779.SH,2022-10-20,0.0,61.52,61.67,61.52,157.0,967442.0,61.993
600779.SH,2022-10-20,0.0,61.5,61.53,61.49,183.0,1123190.0,61.987
600779.SH,2022-10-20,0.0,61.55,61.57,61.5,73.0,449248.0,61.985
600779.SH,2022-10-20,0.0,61.43,61.57,61.41,200.0,1232410.0,61.979
600779.SH,2022-10-20,0.0,61.45,61.45,61.43,125.0,768049.0,61.975
600779.SH,2022-10-20,0.0,61.57,61.57,61.45,59.0,362979.0,61.974
600779.SH,2022-10-20,0.0,61.7,61.7,61.58,99.0,609937.0,61.972
600779.SH,2022-10-20,0.0,61.6,61.71,61.6,166.0,1023630.0,61.969
600779.SH,2022-10-20,0.0,61.47,61.59,61.45,162.0,996857.0,61.964
600779.SH,2022-10-20,0.0,61.54,61.54,61.47,62.0,381253.0,61.963
600779.SH,2022-10-20,0.0,61.49,61.54,61.47,139.0,854695.0,61.959
600779.SH,2022-10-20,0.0,61.47,61.53,61.45,206.0,1266570.0,61.953
600779.SH,2022-10-20,0.0,61.53,61.53,61.45,87.0,534988.0,61.951
600779.SH,2022-10-20,0.0,61.41,61.48,61.4,277.0,1701930.0,61.943
600779.SH,2022-10-20,0.0,61.4,61.47,61.4,90.0,552884.0,61.94
600779.SH,2022-10-20,0.0,61.52,61.56,61.4,61.0,374843.0,61.939
600779.SH,2022-10-20,0.0,61.69,61.69,61.58,140.0,863055.0,61.936
600779.SH,2022-10-20,0.0,61.9,61.9,61.68,115.0,710700.0,61.936
600779.SH,2022-10-20,0.0,61.78,61.92,61.77,65.0,401872.0,61.935
600779.SH,2022-10-20,0.0,61.59,61.78,61.59,148.0,912438.0,61.933
600779.SH,2022-10-20,0.0,61.68,61.68,61.56,36.0,221847.0,61.932
600779.SH,2022-10-20,0.0,61.75,61.75,61.67,63.0,388567.0,61.931
600779.SH,2022-10-20,0.0,61.59,61.76,61.59,146.0,901013.0,61.93
600779.SH,2022-10-20,0.0,61.64,61.71,61.6,28.0,172674.0,61.929
600779.SH,2022-10-20,0.0,61.62,61.7,61.61,41.0,252696.0,61.929
600779.SH,2022-10-20,0.0,61.7,61.7,61.62,50.0,308346.0,61.928
600779.SH,2022-10-20,0.0,61.69,61.69,61.63,31.0,190384.0,61.928
600779.SH,2022-10-20,0.0,61.65,61.69,61.64,30.0,184993.0,61.927
600779.SH,2022-10-20,0.0,61.7,61.7,61.65,71.0,437996.0,61.926
600779.SH,2022-10-20,0.0,61.5,61.69,61.42,388.0,2391020.0,61.92
600779.SH,2022-10-20,0.0,61.44,61.51,61.39,197.0,1210270.0,61.915
600779.SH,2022-10-20,0.0,61.4,61.5,61.33,242.0,1486100.0,61.909
600779.SH,2022-10-20,0.0,61.41,61.41,61.34,28.0,171903.0,61.908
600779.SH,2022-10-20,0.0,61.42,61.45,61.4,50.0,307102.0,61.907
600779.SH,2022-10-20,0.0,61.35,61.45,61.35,76.0,466687.0,61.905
600779.SH,2022-10-20,0.0,61.41,61.45,61.4,40.0,245689.0,61.904
600779.SH,2022-10-20,0.0,61.42,61.42,61.4,42.0,257924.0,61.903
600779.SH,2022-10-20,0.0,61.43,61.55,61.41,28.0,171995.0,61.902
600779.SH,2022-10-20,0.0,61.41,61.47,61.41,47.0,288734.0,61.901
600779.SH,2022-10-20,0.0,61.41,61.42,61.4,41.0,251790.0,61.9
600779.SH,2022-10-20,0.0,61.42,61.42,61.41,29.0,178119.0,61.899
600779.SH,2022-10-20,0.0,61.4,61.42,61.4,67.0,411457.0,61.898
600779.SH,2022-10-20,0.0,61.43,61.46,61.32,153.0,939189.0,61.894
600779.SH,2022-10-20,0.0,61.4,61.43,61.37,91.0,558583.0,61.891
600779.SH,2022-10-20,0.0,61.39,61.41,61.37,81.0,497299.0,61.889
600779.SH,2022-10-20,0.0,61.45,61.46,61.39,87.0,534271.0,61.887
600779.SH,2022-10-20,0.0,61.47,61.47,61.45,17.0,104469.0,61.887
600779.SH,2022-10-20,0.0,61.52,61.52,61.46,26.0,159871.0,61.887
600779.SH,2022-10-20,0.0,61.47,61.54,61.47,74.0,455177.0,61.885
600779.SH,2022-10-20,0.0,61.59,61.6,61.5,25.0,153932.0,61.885
600779.SH,2022-10-20,0.0,61.5,61.54,61.5,86.0,528956.0,61.883
600779.SH,2022-10-20,0.0,61.46,61.5,61.46,24.0,147537.0,61.883
600779.SH,2022-10-20,0.0,61.45,61.48,61.45,133.0,817311.0,61.88
600779.SH,2022-10-20,0.0,61.55,61.55,61.45,15.0,92256.0,61.88
600779.SH,2022-10-20,0.0,61.57,61.57,61.53,62.0,381611.0,61.879
600779.SH,2022-10-20,0.0,61.59,61.59,61.55,10.0,61570.0,61.879
600779.SH,2022-10-20,0.0,61.64,61.64,61.56,32.0,197116.0,61.878
600779.SH,2022-10-20,0.0,61.76,61.76,61.56,46.0,283753.0,61.878
600779.SH,2022-10-20,0.0,61.63,61.76,61.6,132.0,814523.0,61.877
600779.SH,2022-10-20,0.0,61.69,61.71,61.56,30.0,184827.0,61.876
600779.SH,2022-10-20,0.0,61.68,61.69,61.65,15.0,92517.0,61.876
600779.SH,2022-10-20,0.0,61.62,61.68,61.61,85.0,523790.0,61.875
600779.SH,2022-10-20,0.0,61.57,61.62,61.57,35.0,215605.0,61.875
600779.SH,2022-10-20,0.0,61.61,61.61,61.56,27.0,166245.0,61.874
600779.SH,2022-10-20,0.0,61.66,61.66,61.61,75.0,462345.0,61.874
600779.SH,2022-10-20,0.0,61.6,61.66,61.6,49.0,301944.0,61.873
600779.SH,2022-10-20,0.0,61.64,61.64,61.6,10.0,61610.0,61.873
600779.SH,2022-10-20,0.0,61.64,61.65,61.64,15.0,92467.0,61.873
600779.SH,2022-10-20,0.0,61.6,61.62,61.6,19.0,117059.0,61.873
600779.SH,2022-10-20,0.0,61.58,61.6,61.58,13.0,80070.0,61.872
600779.SH,2022-10-20,0.0,61.57,61.58,61.56,41.0,253035.0,61.872
600779.SH,2022-10-20,0.0,61.54,61.6,61.54,17.0,104042.0,61.872
600779.SH,2022-10-20,0.0,61.52,61.56,61.51,20.0,123057.0,61.871
600779.SH,2022-10-20,0.0,61.47,61.51,61.46,59.0,362866.0,61.87
600779.SH,2022-10-20,0.0,61.5,61.54,61.47,18.0,110672.0,61.87
600779.SH,2022-10-20,0.0,61.49,61.5,61.47,17.0,104527.0,61.87
600779.SH,2022-10-20,0.0,61.41,61.5,61.4,101.0,620951.0,61.868
600779.SH,2022-10-20,0.0,61.46,61.46,61.41,19.0,116712.0,61.867
600779.SH,2022-10-20,0.0,61.57,61.57,61.46,52.0,320063.0,61.867
600779.SH,2022-10-20,0.0,61.59,61.59,61.56,48.0,295537.0,61.866
600779.SH,2022-10-20,0.0,61.6,61.65,61.57,48.0,295641.0,61.865
600779.SH,2022-10-20,0.0,61.59,61.66,61.59,44.0,271171.0,61.865
600779.SH,2022-10-20,0.0,61.61,61.67,61.59,16.0,98600.0,61.865
600779.SH,2022-10-20,0.0,61.48,61.6,61.45,161.0,991183.0,61.863
600779.SH,2022-10-20,0.0,61.55,61.55,61.48,13.0,79985.0,61.862
600779.SH,2022-10-20,0.0,61.55,61.6,61.54,20.0,123131.0,61.862
600779.SH,2022-10-20,0.0,61.51,61.59,61.5,40.0,246165.0,61.862
600779.SH,2022-10-20,0.0,61.6,61.6,61.51,8.0,49255.0,61.861
600779.SH,2022-10-20,0.0,61.9,61.96,61.69,481.0,2972030.0,61.861
600779.SH,2022-10-20,0.0,61.84,61.9,61.7,97.0,599466.0,61.861
600779.SH,2022-10-20,0.0,61.72,61.84,61.68,46.0,283943.0,61.86
600779.SH,2022-10-20,0.0,61.63,61.72,61.6,215.0,1325390.0,61.858
600779.SH,2022-10-20,0.0,61.59,61.66,61.59,29.0,178695.0,61.858
600779.SH,2022-10-20,0.0,61.49,61.7,61.49,149.0,917287.0,61.856
600779.SH,2022-10-20,0.0,61.79,61.8,61.49,47.0,290170.0,61.856
600779.SH,2022-10-20,0.0,62.1,62.1,61.84,104.0,644794.0,61.857
600779.SH,2022-10-20,0.0,62.06,62.12,62.06,151.0,937807.0,61.858
600779.SH,2022-10-20,0.0,62.06,62.1,62.06,166.0,1030590.0,61.86
600779.SH,2022-10-20,0.0,62.22,62.26,62.06,127.0,789133.0,61.861
600779.SH,2022-10-20,0.0,62.31,62.31,62.26,159.0,990388.0,61.864
600779.SH,2022-10-20,0.0,62.3,62.36,62.28,321.0,1999920.0,61.87
600779.SH,2022-10-20,0.0,62.52,62.58,62.3,619.0,3866570.0,61.884
600779.SH,2022-10-20,0.0,62.58,62.58,62.5,285.0,1782560.0,61.892
600779.SH,2022-10-20,0.0,62.69,62.7,62.54,699.0,4378610.0,61.912
600779.SH,2022-10-20,0.0,62.57,62.69,62.56,274.0,1715550.0,61.919
600779.SH,2022-10-20,0.0,62.29,62.56,62.29,184.0,1148460.0,61.923
600779.SH,2022-10-20,0.0,62.31,62.34,62.29,229.0,1426980.0,61.926
600779.SH,2022-10-20,0.0,62.38,62.41,62.33,204.0,1272260.0,61.929
600779.SH,2022-10-20,0.0,62.38,62.43,62.36,141.0,879697.0,61.932
600779.SH,2022-10-20,0.0,62.43,62.48,62.39,94.0,586798.0,61.934
600779.SH,2022-10-20,0.0,62.31,62.44,62.31,82.0,511370.0,61.935
600779.SH,2022-10-20,0.0,62.37,62.38,62.28,260.0,1620110.0,61.938
600779.SH,2022-10-20,0.0,62.35,62.37,62.35,105.0,654823.0,61.94
600779.SH,2022-10-20,0.0,62.29,62.36,62.29,51.0,317935.0,61.941
600779.SH,2022-10-20,0.0,62.34,62.34,62.29,51.0,317829.0,61.941
600779.SH,2022-10-20,0.0,62.34,62.35,62.33,41.0,255592.0,61.942
600779.SH,2022-10-20,0.0,62.32,62.33,62.3,27.0,168259.0,61.942
600779.SH,2022-10-20,0.0,62.47,62.48,62.33,240.0,1497690.0,61.946
600779.SH,2022-10-20,0.0,62.34,62.38,62.31,109.0,679621.0,61.948
600779.SH,2022-10-20,0.0,62.22,62.34,62.2,152.0,946778.0,61.95
600779.SH,2022-10-20,0.0,62.2,62.23,62.19,76.0,472784.0,61.95
600779.SH,2022-10-20,0.0,62.17,62.19,62.16,131.0,814512.0,61.951
600779.SH,2022-10-20,0.0,62.14,62.17,62.13,91.0,565474.0,61.952
600779.SH,2022-10-20,0.0,62.18,62.18,62.15,40.0,248661.0,61.952
600779.SH,2022-10-20,0.0,62.2,62.2,62.18,40.0,248773.0,61.953
600779.SH,2022-10-20,0.0,62.22,62.22,62.16,111.0,690364.0,61.954
600779.SH,2022-10-20,0.0,62.23,62.23,62.2,53.0,329704.0,61.954
600779.SH,2022-10-20,0.0,62.2,62.23,62.2,28.0,174204.0,61.954
600779.SH,2022-10-20,0.0,62.2,62.23,62.2,56.0,348407.0,61.955
600779.SH,2022-10-20,0.0,62.21,62.22,62.2,35.0,217725.0,61.955
600779.SH,2022-10-20,0.0,62.21,62.21,62.2,53.0,329709.0,61.956
600779.SH,2022-10-20,0.0,62.23,62.23,62.21,53.0,329720.0,61.956
600779.SH,2022-10-20,0.0,62.23,62.24,62.21,48.0,298685.0,61.957
600779.SH,2022-10-20,0.0,62.01,62.21,62.0,285.0,1771060.0,61.958
600779.SH,2022-10-20,0.0,62.02,62.02,62.01,76.0,471287.0,61.959
600779.SH,2022-10-20,0.0,61.99,62.01,61.98,41.0,254169.0,61.959
600779.SH,2022-10-20,0.0,61.98,61.98,61.9,113.0,699883.0,61.958
600779.SH,2022-10-20,0.0,61.94,61.98,61.9,54.0,334378.0,61.958
600779.SH,2022-10-20,0.0,61.91,61.94,61.9,28.0,173349.0,61.958
600779.SH,2022-10-20,0.0,61.83,61.94,61.83,51.0,315624.0,61.958
600779.SH,2022-10-20,0.0,61.88,61.93,61.83,23.0,142292.0,61.958
600779.SH,2022-10-20,0.0,61.92,61.94,61.88,55.0,342667.0,61.958
600779.SH,2022-10-20,0.0,61.83,61.9,61.82,34.0,208271.0,61.958
600779.SH,2022-10-20,0.0,61.84,61.88,61.83,35.0,216418.0,61.958
600779.SH,2022-10-20,0.0,61.92,61.92,61.83,60.0,373356.0,61.958
600779.SH,2022-10-20,0.0,61.86,61.94,61.86,55.0,338356.0,61.958
600779.SH,2022-10-20,0.0,61.86,61.89,61.86,60.0,371220.0,61.957
600779.SH,2022-10-20,0.0,61.88,61.89,61.86,19.0,117570.0,61.957
600779.SH,2022-10-20,0.0,61.88,61.89,61.87,51.0,315600.0,61.957
600779.SH,2022-10-20,0.0,61.9,61.9,61.87,124.0,769594.0,61.957
600779.SH,2022-10-20,0.0,61.94,61.94,61.9,6.0,37158.0,61.957
600779.SH,2022-10-20,0.0,61.96,61.98,61.91,57.0,353129.0,61.957
600779.SH,2022-10-20,0.0,61.99,62.0,61.96,23.0,142569.0,61.957
600779.SH,2022-10-20,0.0,61.99,62.0,61.99,56.0,347177.0,61.957
600779.SH,2022-10-20,0.0,61.97,61.99,61.97,14.0,86769.0,61.957
600779.SH,2022-10-20,0.0,61.91,61.96,61.91,31.0,192053.0,61.957
600779.SH,2022-10-20,0.0,61.9,61.93,61.9,20.0,121713.0,61.957
600779.SH,2022-10-20,0.0,61.89,61.9,61.89,9.0,55705.0,61.957
600779.SH,2022-10-20,0.0,61.91,61.94,61.88,25.0,154743.0,61.957
600779.SH,2022-10-20,0.0,61.94,61.94,61.91,14.0,86693.0,61.957
600779.SH,2022-10-20,0.0,61.91,61.96,61.91,15.0,92906.0,61.957
600779.SH,2022-10-20,0.0,61.85,61.93,61.84,70.0,433131.0,61.957
600779.SH,2022-10-20,0.0,61.87,61.87,61.8,61.0,377075.0,61.956
600779.SH,2022-10-20,0.0,61.75,61.87,61.75,71.0,438691.0,61.956
600779.SH,2022-10-20,0.0,61.71,61.75,61.7,42.0,259224.0,61.956
600779.SH,2022-10-20,0.0,61.72,61.72,61.71,14.0,86401.0,61.956
600779.SH,2022-10-20,0.0,61.75,61.75,61.71,73.0,450609.0,61.955
600779.SH,2022-10-20,0.0,61.79,61.79,61.74,11.0,67940.0,61.955
600779.SH,2022-10-20,0.0,61.8,61.83,61.75,49.0,302794.0,61.955
600779.SH,2022-10-20,0.0,61.79,61.8,61.79,61.0,376950.0,61.954
600779.SH,2022-10-20,0.0,61.8,61.8,61.75,20.0,123581.0,61.954
600779.SH,2022-10-20,0.0,61.75,61.8,61.72,26.0,160585.0,61.954
600779.SH,2022-10-20,0.0,61.69,61.72,61.68,131.0,808399.0,61.953
600779.SH,2022-10-20,0.0,61.67,61.69,61.67,47.0,289899.0,61.953
600779.SH,2022-10-20,0.0,61.7,61.73,61.68,37.0,228264.0,61.952
600779.SH,2022-10-20,0.0,61.75,61.75,61.7,62.0,382822.0,61.952
600779.SH,2022-10-20,0.0,61.88,61.88,61.75,28.0,173073.0,61.952
600779.SH,2022-10-20,0.0,61.88,61.9,61.79,77.0,476451.0,61.952
600779.SH,2022-10-20,0.0,61.83,61.83,61.75,82.0,506533.0,61.951
600779.SH,2022-10-20,0.0,61.82,61.83,61.76,43.0,265681.0,61.951
600779.SH,2022-10-20,0.0,61.79,61.8,61.76,74.0,457183.0,61.951
600779.SH,2022-10-20,0.0,61.71,61.78,61.7,73.0,450717.0,61.95
600779.SH,2022-10-20,0.0,61.8,61.81,61.71,45.0,277976.0,61.95
600779.SH,2022-10-20,0.0,61.78,61.81,61.78,40.0,247203.0,61.95
600779.SH,2022-10-20,0.0,61.81,61.81,61.77,89.0,549836.0,61.949
600779.SH,2022-10-20,0.0,61.81,61.82,61.8,54.0,336125.0,61.949
600779.SH,2022-10-20,0.0,61.76,61.81,61.74,72.0,444843.0,61.949
600779.SH,2022-10-20,0.0,61.77,61.79,61.76,21.0,129715.0,61.949
600779.SH,2022-10-20,0.0,61.75,61.76,61.7,117.0,722365.0,61.948
600779.SH,2022-10-20,0.0,61.76,61.77,61.75,41.0,253204.0,61.948
600779.SH,2022-10-20,0.0,61.77,61.78,61.76,69.0,428335.0,61.947
600779.SH,2022-10-20,0.0,61.78,61.78,61.76,73.0,450900.0,61.947
600779.SH,2022-10-20,0.0,61.77,61.8,61.76,273.0,1684380.0,61.945
600779.SH,2022-10-20,0.0,61.74,61.76,61.7,63.0,388993.0,61.945
600779.SH,2022-10-20,0.0,61.75,61.75,61.71,66.0,407890.0,61.944
600779.SH,2022-10-20,0.0,61.75,61.75,61.71,64.0,395085.0,61.944
600779.SH,2022-10-20,0.0,61.74,61.75,61.74,39.0,240814.0,61.944
600779.SH,2022-10-20,0.0,61.73,61.74,61.72,80.0,493872.0,61.943
600779.SH,2022-10-20,0.0,61.68,61.74,61.68,209.0,1289020.0,61.942
600779.SH,2022-10-20,0.0,61.69,61.69,61.68,71.0,438454.0,61.941
600779.SH,2022-10-20,0.0,61.69,61.7,61.69,102.0,626436.0,61.94
600779.SH,2022-10-20,0.0,61.68,61.7,61.67,309.0,1908590.0,61.938
600779.SH,2022-10-20,0.0,61.67,61.68,61.66,112.0,688383.0,61.937
600779.SH,2022-10-20,0.0,61.68,61.7,61.67,77.0,474955.0,61.937
600779.SH,2022-10-20,0.0,61.69,61.69,61.67,188.0,1159770.0,61.935
600779.SH,2022-10-20,0.0,61.69,61.69,61.69,4.0,24679.0,61.935
600779.SH,2022-10-20,0.0,61.69,61.69,61.69,0.0,0.0,61.935
600779.SH,2022-10-20,0.0,61.7,61.7,61.7,221.0,1364000.0,61.934
600779.SH,2022-10-21,0.0,61.7,61.7,61.7,125.0,771250.0,61.7
600779.SH,2022-10-21,0.0,61.75,61.96,61.39,234.0,1440650.0,61.645
600779.SH,2022-10-21,0.0,61.77,61.9,61.5,266.0,1638580.0,61.627
600779.SH,2022-10-21,0.0,61.71,61.8,61.69,144.0,888642.0,61.642
600779.SH,2022-10-21,0.0,61.5,61.71,61.41,314.0,1933000.0,61.619
600779.SH,2022-10-21,0.0,61.41,61.52,61.39,331.0,2033460.0,61.575
600779.SH,2022-10-21,0.0,61.36,61.41,61.09,458.0,2806270.0,61.501
600779.SH,2022-10-21,0.0,61.21,61.36,61.15,225.0,1377620.0,61.472
600779.SH,2022-10-21,0.0,61.46,61.5,61.21,324.0,1986070.0,61.447
600779.SH,2022-10-21,0.0,61.58,61.68,61.46,177.0,1089780.0,61.455
600779.SH,2022-10-21,0.0,61.4,61.62,61.38,264.0,1624670.0,61.463
600779.SH,2022-10-21,0.0,61.61,61.67,61.43,182.0,1120620.0,61.47
600779.SH,2022-10-21,0.0,61.54,61.62,61.47,144.0,886089.0,61.473
600779.SH,2022-10-21,0.0,61.61,61.78,61.53,298.0,1838000.0,61.49
600779.SH,2022-10-21,0.0,61.7,61.71,61.61,57.0,351475.0,61.493
600779.SH,2022-10-21,0.0,61.67,61.77,61.67,100.0,617061.0,61.499
600779.SH,2022-10-21,0.0,61.55,61.75,61.55,156.0,962049.0,61.506
600779.SH,2022-10-21,0.0,61.47,61.57,61.46,115.0,707454.0,61.506
600779.SH,2022-10-21,0.0,61.43,61.47,61.41,148.0,909133.0,61.503
600779.SH,2022-10-21,0.0,61.6,61.61,61.45,122.0,750362.0,61.503
600779.SH,2022-10-21,0.0,61.42,61.6,61.4,213.0,1308530.0,61.5
600779.SH,2022-10-21,0.0,61.26,61.42,61.26,237.0,1453390.0,61.491
600779.SH,2022-10-21,0.0,61.39,61.48,61.27,87.0,533854.0,61.489
600779.SH,2022-10-21,0.0,61.51,61.51,61.38,44.0,270699.0,61.489
600779.SH,2022-10-21,0.0,61.5,61.56,61.48,60.0,369176.0,61.489
600779.SH,2022-10-21,0.0,61.61,61.7,61.5,119.0,732952.0,61.492
600779.SH,2022-10-21,0.0,61.61,61.68,61.61,35.0,215713.0,61.493
600779.SH,2022-10-21,0.0,61.4,61.61,61.4,101.0,621371.0,61.493
600779.SH,2022-10-21,0.0,61.48,61.48,61.4,24.0,147521.0,61.493
600779.SH,2022-10-21,0.0,61.47,61.49,61.41,38.0,233524.0,61.493
600779.SH,2022-10-21,0.0,61.31,61.43,61.3,145.0,889729.0,61.489
600779.SH,2022-10-21,0.0,61.38,61.38,61.3,122.0,750321.0,61.485
600779.SH,2022-10-21,0.0,61.42,61.46,61.4,35.0,215044.0,61.485
600779.SH,2022-10-21,0.0,61.45,61.45,61.31,68.0,417558.0,61.484
600779.SH,2022-10-21,0.0,61.55,61.55,61.45,24.0,147578.0,61.484
600779.SH,2022-10-21,0.0,61.54,61.55,61.48,37.0,227647.0,61.484
600779.SH,2022-10-21,0.0,61.38,61.54,61.38,45.0,276536.0,61.484
600779.SH,2022-10-21,0.0,61.37,61.38,61.34,40.0,245446.0,61.483
600779.SH,2022-10-21,0.0,61.38,61.38,61.37,31.0,190270.0,61.483
600779.SH,2022-10-21,0.0,61.29,61.38,61.22,220.0,1348310.0,61.475
600779.SH,2022-10-21,0.0,61.2,61.31,61.2,139.0,851066.0,61.47
600779.SH,2022-10-21,0.0,61.19,61.21,61.16,138.0,844475.0,61.464
600779.SH,2022-10-21,0.0,61.11,61.2,61.11,214.0,1308840.0,61.453
600779.SH,2022-10-21,0.0,61.1,61.12,61.09,158.0,965397.0,61.445
600779.SH,2022-10-21,0.0,61.16,61.16,61.09,88.0,537743.0,61.441
600779.SH,2022-10-21,0.0,61.15,61.16,61.1,190.0,1161520.0,61.432
600779.SH,2022-10-21,0.0,61.31,61.31,61.16,89.0,544979.0,61.429
600779.SH,2022-10-21,0.0,61.29,61.3,61.27,35.0,214511.0,61.429
600779.SH,2022-10-21,0.0,61.44,61.44,61.29,61.0,373978.0,61.428
600779.SH,2022-10-21,0.0,61.27,61.44,61.25,74.0,453914.0,61.427
600779.SH,2022-10-21,0.0,61.3,61.3,61.22,36.0,220560.0,61.426
600779.SH,2022-10-21,0.0,61.18,61.25,61.18,117.0,716260.0,61.423
600779.SH,2022-10-21,0.0,61.3,61.3,61.18,67.0,410393.0,61.421
600779.SH,2022-10-21,0.0,61.2,61.3,61.15,132.0,808673.0,61.418
600779.SH,2022-10-21,0.0,61.3,61.3,61.2,63.0,385897.0,61.417
600779.SH,2022-10-21,0.0,61.43,61.43,61.24,41.0,251554.0,61.417
600779.SH,2022-10-21,0.0,61.25,61.43,61.24,46.0,281954.0,61.416
600779.SH,2022-10-21,0.0,61.3,61.31,61.25,63.0,386161.0,61.415
600779.SH,2022-10-21,0.0,61.24,61.33,61.24,63.0,388596.0,61.414
600779.SH,2022-10-21,0.0,61.26,61.26,61.24,27.0,165377.0,61.413
600779.SH,2022-10-21,0.0,61.28,61.28,61.24,71.0,434914.0,61.412
600779.SH,2022-10-21,0.0,61.19,61.3,61.18,187.0,1144560.0,61.407
600779.SH,2022-10-21,0.0,61.14,61.19,61.1,192.0,1173670.0,61.4
600779.SH,2022-10-21,0.0,61.24,61.24,61.13,72.0,440401.0,61.398
600779.SH,2022-10-21,0.0,61.26,61.3,61.17,45.0,275645.0,61.398
600779.SH,2022-10-21,0.0,61.26,61.29,61.26,49.0,300232.0,61.397
600779.SH,2022-10-21,0.0,61.28,61.28,61.24,104.0,637080.0,61.395
600779.SH,2022-10-21,0.0,61.29,61.29,61.19,50.0,306199.0,61.394
600779.SH,2022-10-21,0.0,61.22,61.29,61.18,53.0,324463.0,61.393
600779.SH,2022-10-21,0.0,61.22,61.22,61.19,72.0,440718.0,61.392
600779.SH,2022-10-21,0.0,61.26,61.26,61.19,22.0,134707.0,61.391
600779.SH,2022-10-21,0.0,61.2,61.26,61.17,87.0,532370.0,61.389
600779.SH,2022-10-21,0.0,61.25,61.25,61.2,33.0,201998.0,61.389
600779.SH,2022-10-21,0.0,61.23,61.25,61.21,26.0,159189.0,61.388
600779.SH,2022-10-21,0.0,61.23,61.23,61.2,77.0,471362.0,61.387
600779.SH,2022-10-21,0.0,61.26,61.26,61.2,30.0,183703.0,61.386
600779.SH,2022-10-21,0.0,61.21,61.21,61.15,43.0,263034.0,61.385
600779.SH,2022-10-21,0.0,61.21,61.21,61.16,78.0,477348.0,61.384
600779.SH,2022-10-21,0.0,61.23,61.23,61.18,41.0,250949.0,61.383
600779.SH,2022-10-21,0.0,61.18,61.23,61.18,50.0,305961.0,61.382
600779.SH,2022-10-21,0.0,61.18,61.23,61.18,63.0,383869.0,61.38
600779.SH,2022-10-21,0.0,61.14,61.18,61.14,100.0,613158.0,61.378
600779.SH,2022-10-21,0.0,61.15,61.15,61.11,136.0,831329.0,61.374
600779.SH,2022-10-21,0.0,61.18,61.18,61.12,25.0,152908.0,61.374
600779.SH,2022-10-21,0.0,61.17,61.18,61.13,48.0,293561.0,61.373
600779.SH,2022-10-21,0.0,61.15,61.17,61.15,36.0,220182.0,61.372
600779.SH,2022-10-21,0.0,61.06,61.15,61.01,410.0,2504840.0,61.36
600779.SH,2022-10-21,0.0,61.04,61.09,61.03,79.0,482256.0,61.358
600779.SH,2022-10-21,0.0,61.17,61.17,61.03,57.0,348141.0,61.356
600779.SH,2022-10-21,0.0,61.08,61.17,61.08,82.0,501192.0,61.354
600779.SH,2022-10-21,0.0,61.03,61.1,61.01,135.0,824244.0,61.351
600779.SH,2022-10-21,0.0,61.1,61.11,61.03,20.0,122148.0,61.35
600779.SH,2022-10-21,0.0,61.01,61.1,61.01,187.0,1141580.0,61.345
600779.SH,2022-10-21,0.0,61.12,61.16,61.02,78.0,476300.0,61.343
600779.SH,2022-10-21,0.0,61.16,61.16,61.15,51.0,311888.0,61.342
600779.SH,2022-10-21,0.0,61.12,61.16,61.12,49.0,299595.0,61.341
600779.SH,2022-10-21,0.0,61.15,61.16,61.09,38.0,232292.0,61.34
600779.SH,2022-10-21,0.0,61.18,61.18,61.12,46.0,281305.0,61.339
600779.SH,2022-10-21,0.0,61.18,61.18,61.16,17.0,103996.0,61.339
600779.SH,2022-10-21,0.0,61.2,61.2,61.15,35.0,214138.0,61.338
600779.SH,2022-10-21,0.0,61.31,61.31,61.2,120.0,735287.0,61.338
600779.SH,2022-10-21,0.0,61.3,61.35,61.25,56.0,343220.0,61.337
600779.SH,2022-10-21,0.0,61.39,61.43,61.3,40.0,245449.0,61.338
600779.SH,2022-10-21,0.0,61.36,61.43,61.34,55.0,337694.0,61.338
600779.SH,2022-10-21,0.0,61.34,61.43,61.34,16.0,98221.0,61.338
600779.SH,2022-10-21,0.0,61.43,61.49,61.34,161.0,989083.0,61.339
600779.SH,2022-10-21,0.0,61.4,61.49,61.37,268.0,1646240.0,61.341
600779.SH,2022-10-21,0.0,61.43,61.45,61.4,14.0,85993.0,61.341
600779.SH,2022-10-21,0.0,61.37,61.42,61.37,33.0,202568.0,61.342
600779.SH,2022-10-21,0.0,61.36,61.37,61.36,21.0,128873.0,61.342
600779.SH,2022-10-21,0.0,61.37,61.37,61.36,17.0,104316.0,61.342
600779.SH,2022-10-21,0.0,61.3,61.37,61.3,74.0,453993.0,61.342
600779.SH,2022-10-21,0.0,61.32,61.32,61.29,22.0,134862.0,61.342
600779.SH,2022-10-21,0.0,61.3,61.32,61.3,30.0,183924.0,61.342
600779.SH,2022-10-21,0.0,61.25,61.3,61.25,20.0,122571.0,61.341
600779.SH,2022-10-21,0.0,61.23,61.25,61.23,26.0,159223.0,61.341
600779.SH,2022-10-21,0.0,61.2,61.23,61.2,15.0,91810.0,61.341
600779.SH,2022-10-21,0.0,61.18,61.2,61.18,21.0,128491.0,61.341
600779.SH,2022-10-21,0.0,61.17,61.18,61.17,31.0,189643.0,61.34
600779.SH,2022-10-21,0.0,61.16,61.17,61.15,32.0,195728.0,61.34
600779.SH,2022-10-21,0.0,61.15,61.17,61.15,80.0,489244.0,61.339
600779.SH,2022-10-21,0.0,61.25,61.25,61.14,53.0,324448.0,61.338
600779.SH,2022-10-21,0.0,61.21,61.25,61.21,16.0,97954.0,61.338
600779.SH,2022-10-21,0.0,61.19,61.2,61.18,29.0,177479.0,61.338
600779.SH,2022-10-21,0.0,61.21,61.21,61.19,7.0,42847.0,61.338
600779.SH,2022-10-21,0.0,61.15,61.2,61.15,133.0,813528.0,61.336
600779.SH,2022-10-21,0.0,61.18,61.18,61.13,74.0,452615.0,61.335
600779.SH,2022-10-21,0.0,61.18,61.18,61.17,36.0,220217.0,61.334
600779.SH,2022-10-21,0.0,61.13,61.18,61.13,66.0,403697.0,61.333
600779.SH,2022-10-21,0.0,61.18,61.18,61.13,3.0,18344.0,61.333
600779.SH,2022-10-21,0.0,61.12,61.18,61.12,52.0,317863.0,61.332
600779.SH,2022-10-21,0.0,61.11,61.13,61.11,163.0,996239.0,61.33
600779.SH,2022-10-21,0.0,61.09,61.11,61.08,72.0,439911.0,61.328
600779.SH,2022-10-21,0.0,61.09,61.1,61.08,30.0,183259.0,61.328
600779.SH,2022-10-21,0.0,61.11,61.11,61.09,27.0,164994.0,61.327
600779.SH,2022-10-21,0.0,61.12,61.13,61.11,39.0,238366.0,61.327
600779.SH,2022-10-21,0.0,61.14,61.14,61.13,16.0,97803.0,61.326
600779.SH,2022-10-21,0.0,61.21,61.21,61.14,25.0,152908.0,61.326
600779.SH,2022-10-21,0.0,61.19,61.21,61.14,29.0,177409.0,61.326
600779.SH,2022-10-21,0.0,61.18,61.19,61.18,16.0,97893.0,61.326
600779.SH,2022-10-21,0.0,61.19,61.19,61.18,11.0,67303.0,61.325
600779.SH,2022-10-21,0.0,61.1,61.18,61.08,107.0,654034.0,61.324
600779.SH,2022-10-21,0.0,61.1,61.13,61.09,33.0,201650.0,61.323
600779.SH,2022-10-21,0.0,61.1,61.13,61.1,18.0,109986.0,61.323
600779.SH,2022-10-21,0.0,61.13,61.13,61.12,51.0,311724.0,61.322
600779.SH,2022-10-21,0.0,61.2,61.25,61.13,44.0,269184.0,61.322
600779.SH,2022-10-21,0.0,61.26,61.28,61.2,41.0,251114.0,61.321
600779.SH,2022-10-21,0.0,61.3,61.3,61.26,15.0,91922.0,61.321
600779.SH,2022-10-21,0.0,61.25,61.3,61.25,40.0,245065.0,61.321
600779.SH,2022-10-21,0.0,61.27,61.27,61.25,33.0,202153.0,61.321
600779.SH,2022-10-21,0.0,61.27,61.27,61.25,43.0,263398.0,61.321
600779.SH,2022-10-21,0.0,61.27,61.27,61.24,25.0,153118.0,61.321
600779.SH,2022-10-21,0.0,61.23,61.26,61.23,37.0,226580.0,61.32
600779.SH,2022-10-21,0.0,61.2,61.22,61.2,41.0,250961.0,61.32
600779.SH,2022-10-21,0.0,61.21,61.21,61.19,49.0,299912.0,61.32
600779.SH,2022-10-21,0.0,61.16,61.2,61.16,32.0,195772.0,61.319
600779.SH,2022-10-21,0.0,61.16,61.18,61.16,57.0,348638.0,61.319
600779.SH,2022-10-21,0.0,61.23,61.24,61.15,94.0,575039.0,61.318
600779.SH,2022-10-21,0.0,61.21,61.23,61.21,6.0,36732.0,61.318
600779.SH,2022-10-21,0.0,61.28,61.28,61.21,77.0,471721.0,61.317
600779.SH,2022-10-21,0.0,61.22,61.28,61.21,13.0,79601.0,61.317
600779.SH,2022-10-21,0.0,61.19,61.22,61.19,23.0,140758.0,61.317
600779.SH,2022-10-21,0.0,61.18,61.2,61.18,28.0,171322.0,61.317
600779.SH,2022-10-21,0.0,61.15,61.2,61.15,101.0,617791.0,61.316
600779.SH,2022-10-21,0.0,61.13,61.16,61.13,33.0,201765.0,61.315
600779.SH,2022-10-21,0.0,61.13,61.16,61.13,11.0,67249.0,61.315
600779.SH,2022-10-21,0.0,61.14,61.18,61.08,89.0,543803.0,61.314
600779.SH,2022-10-21,0.0,61.1,61.14,61.08,174.0,1062610.0,61.311
600779.SH,2022-10-21,0.0,61.09,61.13,61.06,14.0,85525.0,61.311
600779.SH,2022-10-21,0.0,61.05,61.06,61.04,44.0,268617.0,61.31
600779.SH,2022-10-21,0.0,61.09,61.09,61.05,35.0,213718.0,61.309
600779.SH,2022-10-21,0.0,61.06,61.09,61.06,50.0,305332.0,61.308
600779.SH,2022-10-21,0.0,61.06,61.09,61.06,59.0,360261.0,61.307
600779.SH,2022-10-21,0.0,61.06,61.06,61.04,61.0,372416.0,61.306
600779.SH,2022-10-21,0.0,61.06,61.08,61.04,27.0,164858.0,61.306
600779.SH,2022-10-21,0.0,61.1,61.1,61.06,26.0,158813.0,61.305
600779.SH,2022-10-21,0.0,61.09,61.1,61.08,31.0,189384.0,61.305
600779.SH,2022-10-21,0.0,61.07,61.08,61.07,58.0,354253.0,61.304
600779.SH,2022-10-21,0.0,61.08,61.08,61.05,49.0,299206.0,61.303
600779.SH,2022-10-21,0.0,61.08,61.08,61.06,39.0,238160.0,61.303
600779.SH,2022-10-21,0.0,61.05,61.08,61.04,140.0,854803.0,61.3
600779.SH,2022-10-21,0.0,61.05,61.09,61.05,22.0,134338.0,61.3
600779.SH,2022-10-21,0.0,61.06,61.08,61.05,67.0,409091.0,61.299
600779.SH,2022-10-21,0.0,60.88,61.06,60.88,714.0,4355340.0,61.285
600779.SH,2022-10-21,0.0,60.9,60.93,60.88,26.0,158306.0,61.285
600779.SH,2022-10-21,0.0,60.89,60.92,60.88,124.0,755036.0,61.281
600779.SH,2022-10-21,0.0,60.87,60.89,60.87,79.0,480967.0,61.279
600779.SH,2022-10-21,0.0,60.82,60.87,60.81,106.0,644909.0,61.276
600779.SH,2022-10-21,0.0,60.83,60.85,60.8,155.0,942778.0,61.272
600779.SH,2022-10-21,0.0,60.78,60.85,60.78,268.0,1629690.0,61.265
600779.SH,2022-10-21,0.0,60.84,60.85,60.78,103.0,626665.0,61.262
600779.SH,2022-10-21,0.0,60.76,60.85,60.76,113.0,687038.0,61.259
600779.SH,2022-10-21,0.0,60.69,60.76,60.68,131.0,794727.0,61.255
600779.SH,2022-10-21,0.0,60.63,60.68,60.61,162.0,983164.0,61.249
600779.SH,2022-10-21,0.0,60.59,60.62,60.59,232.0,1406800.0,61.24
600779.SH,2022-10-21,0.0,60.61,60.61,60.52,215.0,1301170.0,61.232
600779.SH,2022-10-21,0.0,60.7,60.7,60.6,202.0,1224390.0,61.224
600779.SH,2022-10-21,0.0,60.74,60.74,60.7,81.0,491680.0,61.222
600779.SH,2022-10-21,0.0,60.76,60.76,60.75,71.0,431380.0,61.22
600779.SH,2022-10-21,0.0,60.74,60.76,60.73,52.0,315909.0,61.219
600779.SH,2022-10-21,0.0,60.78,60.78,60.73,35.0,212682.0,61.218
600779.SH,2022-10-21,0.0,60.79,60.8,60.78,97.0,592118.0,61.216
600779.SH,2022-10-21,0.0,60.88,60.95,60.79,81.0,492817.0,61.214
600779.SH,2022-10-21,0.0,60.81,60.88,60.81,63.0,383377.0,61.213
600779.SH,2022-10-21,0.0,60.8,60.84,60.8,72.0,437858.0,61.211
600779.SH,2022-10-21,0.0,60.92,60.92,60.8,81.0,492848.0,61.209
600779.SH,2022-10-21,0.0,60.9,60.95,60.9,206.0,1254470.0,61.206
600779.SH,2022-10-21,0.0,60.83,60.89,60.82,34.0,206811.0,61.205
600779.SH,2022-10-21,0.0,60.85,60.85,60.8,50.0,304153.0,61.204
600779.SH,2022-10-21,0.0,60.87,60.9,60.84,110.0,669718.0,61.202
600779.SH,2022-10-21,0.0,60.93,60.93,60.87,11.0,67008.0,61.202
600779.SH,2022-10-21,0.0,61.0,61.01,60.94,158.0,963492.0,61.2
600779.SH,2022-10-21,0.0,61.09,61.09,60.94,93.0,567484.0,61.199
600779.SH,2022-10-21,0.0,60.94,61.09,60.94,54.0,329268.0,61.199
600779.SH,2022-10-21,0.0,61.01,61.08,60.93,170.0,1036360.0,61.197
600779.SH,2022-10-21,0.0,60.96,61.01,60.96,22.0,134147.0,61.196
600779.SH,2022-10-21,0.0,60.94,60.96,60.93,82.0,499720.0,61.195
600779.SH,2022-10-21,0.0,61.05,61.06,60.95,62.0,378149.0,61.195
600779.SH,2022-10-21,0.0,61.03,61.05,61.03,15.0,91555.0,61.194
600779.SH,2022-10-21,0.0,61.0,61.03,60.99,45.0,274555.0,61.194
600779.SH,2022-10-21,0.0,61.06,61.06,60.98,112.0,683317.0,61.193
600779.SH,2022-10-21,0.0,61.0,61.06,60.98,62.0,378338.0,61.192
600779.SH,2022-10-21,0.0,61.03,61.03,60.96,130.0,792794.0,61.191
600779.SH,2022-10-21,0.0,60.95,61.03,60.95,45.0,274390.0,61.191
600779.SH,2022-10-21,0.0,61.02,61.02,60.95,57.0,347677.0,61.19
600779.SH,2022-10-21,0.0,60.97,61.03,60.96,46.0,280634.0,61.19
600779.SH,2022-10-21,0.0,61.05,61.1,60.95,161.0,979706.0,61.188
600779.SH,2022-10-21,0.0,61.11,61.13,61.03,94.0,574401.0,61.188
600779.SH,2022-10-21,0.0,61.07,61.11,61.07,33.0,201619.0,61.188
600779.SH,2022-10-21,0.0,61.05,61.07,61.05,45.0,274754.0,61.187
600779.SH,2022-10-21,0.0,61.1,61.1,61.05,60.0,366515.0,61.187
600779.SH,2022-10-21,0.0,61.07,61.09,61.06,71.0,433659.0,61.187
600779.SH,2022-10-21,0.0,61.06,61.07,61.05,51.0,311455.0,61.186
600779.SH,2022-10-21,0.0,61.03,61.06,61.03,104.0,634905.0,61.186
600779.SH,2022-10-21,0.0,61.06,61.06,61.03,56.0,341904.0,61.185
600779.SH,2022-10-21,0.0,61.04,61.07,61.03,108.0,659395.0,61.185
600779.SH,2022-10-21,0.0,61.01,61.04,61.0,154.0,939577.0,61.183
600779.SH,2022-10-21,0.0,61.0,61.0,60.89,193.0,1174060.0,61.181
600779.SH,2022-10-21,0.0,61.0,61.0,61.0,0.0,0.0,61.181
600779.SH,2022-10-21,0.0,61.0,61.0,61.0,0.0,0.0,61.181
600779.SH,2022-10-21,0.0,60.83,60.83,60.83,208.0,1263260.0,61.178
600779.SH,2022-10-24,0.0,60.66,60.66,60.66,138.0,837108.0,60.66
600779.SH,2022-10-24,0.0,59.92,60.67,59.85,882.0,5313470.0,60.3
600779.SH,2022-10-24,0.0,59.64,59.85,59.6,681.0,4068350.0,60.067
600779.SH,2022-10-24,0.0,59.65,59.71,59.5,641.0,3819290.0,59.937
600779.SH,2022-10-24,0.0,59.97,59.98,59.63,695.0,4151020.0,59.889
600779.SH,2022-10-24,0.0,59.73,59.97,59.64,986.0,5890630.0,59.853
600779.SH,2022-10-24,0.0,59.93,60.1,59.7,994.0,5954900.0,59.864
600779.SH,2022-10-24,0.0,60.1,60.2,59.75,577.0,3458340.0,59.871
600779.SH,2022-10-24,0.0,60.2,60.21,60.03,384.0,2308890.0,59.888
600779.SH,2022-10-24,0.0,60.35,60.5,60.15,543.0,3270950.0,59.917
600779.SH,2022-10-24,0.0,60.15,60.36,60.15,325.0,1958950.0,59.934
600779.SH,2022-10-24,0.0,59.93,60.15,59.93,626.0,3759820.0,59.945
600779.SH,2022-10-24,0.0,59.99,60.05,59.85,322.0,1930980.0,59.946
600779.SH,2022-10-24,0.0,59.84,60.02,59.84,416.0,2491420.0,59.943
600779.SH,2022-10-24,0.0,59.72,59.77,59.65,414.0,2471570.0,59.931
600779.SH,2022-10-24,0.0,59.4,59.65,59.39,1072.0,6375170.0,59.882
600779.SH,2022-10-24,0.0,59.51,59.64,59.39,419.0,2491970.0,59.865
600779.SH,2022-10-24,0.0,59.49,59.51,59.43,384.0,2283170.0,59.85
600779.SH,2022-10-24,0.0,59.55,59.55,59.46,261.0,1552870.0,59.842
600779.SH,2022-10-24,0.0,59.63,59.63,59.53,157.0,935453.0,59.838
600779.SH,2022-10-24,0.0,59.41,59.64,59.4,509.0,3027660.0,59.822
600779.SH,2022-10-24,0.0,59.49,59.5,59.36,470.0,2792650.0,59.806
600779.SH,2022-10-24,0.0,59.57,59.58,59.45,308.0,1833240.0,59.799
600779.SH,2022-10-24,0.0,59.51,59.58,59.51,212.0,1262650.0,59.795
600779.SH,2022-10-24,0.0,59.42,59.51,59.41,234.0,1391690.0,59.789
600779.SH,2022-10-24,0.0,59.39,59.42,59.39,282.0,1675320.0,59.781
600779.SH,2022-10-24,0.0,59.41,59.44,59.34,401.0,2378750.0,59.769
600779.SH,2022-10-24,0.0,59.39,59.44,59.39,162.0,962493.0,59.765
600779.SH,2022-10-24,0.0,59.3,59.39,59.29,227.0,1346640.0,59.758
600779.SH,2022-10-24,0.0,59.32,59.35,59.11,522.0,3093140.0,59.739
600779.SH,2022-10-24,0.0,59.28,59.34,59.28,225.0,1334260.0,59.732
600779.SH,2022-10-24,0.0,59.29,59.35,59.25,228.0,1352100.0,59.726
600779.SH,2022-10-24,0.0,59.11,59.29,59.1,298.0,1764080.0,59.715
600779.SH,2022-10-24,0.0,59.2,59.28,59.08,269.0,1590570.0,59.705
600779.SH,2022-10-24,0.0,59.3,59.3,59.2,110.0,652029.0,59.702
600779.SH,2022-10-24,0.0,59.35,59.35,59.27,133.0,788596.0,59.698
600779.SH,2022-10-24,0.0,59.25,59.38,59.23,85.0,503927.0,59.696
600779.SH,2022-10-24,0.0,59.17,59.25,59.17,155.0,917678.0,59.691
600779.SH,2022-10-24,0.0,59.32,59.32,59.19,137.0,811562.0,59.687
600779.SH,2022-10-24,0.0,59.4,59.43,59.35,163.0,967990.0,59.684
600779.SH,2022-10-24,0.0,59.38,59.46,59.37,207.0,1229600.0,59.681
600779.SH,2022-10-24,0.0,59.5,59.5,59.37,84.0,499034.0,59.679
600779.SH,2022-10-24,0.0,59.56,59.6,59.48,119.0,708357.0,59.678
600779.SH,2022-10-24,0.0,59.5,59.56,59.5,63.0,375016.0,59.678
600779.SH,2022-10-24,0.0,59.3,59.49,59.3,68.0,403876.0,59.676
600779.SH,2022-10-24,0.0,59.21,59.32,59.21,94.0,556947.0,59.674
600779.SH,2022-10-24,0.0,59.25,59.27,59.21,159.0,941746.0,59.67
600779.SH,2022-10-24,0.0,59.21,59.26,59.2,141.0,834965.0,59.666
600779.SH,2022-10-24,0.0,59.3,59.3,59.2,251.0,1486390.0,59.66
600779.SH,2022-10-24,0.0,59.37,59.38,59.25,79.0,468613.0,59.658
600779.SH,2022-10-24,0.0,59.5,59.5,59.37,76.0,451207.0,59.657
600779.SH,2022-10-24,0.0,59.47,59.5,59.39,130.0,773141.0,59.655
600779.SH,2022-10-24,0.0,59.45,59.48,59.4,55.0,327010.0,59.655
600779.SH,2022-10-24,0.0,59.41,59.45,59.39,94.0,558542.0,59.653
600779.SH,2022-10-24,0.0,59.39,59.45,59.35,92.0,546363.0,59.652
600779.SH,2022-10-24,0.0,59.3,59.39,59.3,79.0,468696.0,59.651
600779.SH,2022-10-24,0.0,59.29,59.33,59.26,59.0,349804.0,59.649
600779.SH,2022-10-24,0.0,59.41,59.41,59.29,117.0,696709.0,59.648
600779.SH,2022-10-24,0.0,59.42,59.45,59.42,61.0,362562.0,59.647
600779.SH,2022-10-24,0.0,59.48,59.48,59.4,55.0,326973.0,59.646
600779.SH,2022-10-24,0.0,59.56,59.56,59.48,85.0,505915.0,59.646
600779.SH,2022-10-24,0.0,59.6,59.6,59.56,116.0,691128.0,59.645
600779.SH,2022-10-24,0.0,59.55,59.6,59.53,137.0,816101.0,59.645
600779.SH,2022-10-24,0.0,59.68,59.68,59.57,91.0,542513.0,59.645
600779.SH,2022-10-24,0.0,59.68,59.68,59.66,69.0,411761.0,59.645
600779.SH,2022-10-24,0.0,59.62,59.68,59.6,44.0,262355.0,59.645
600779.SH,2022-10-24,0.0,59.65,59.65,59.62,40.0,238494.0,59.645
600779.SH,2022-10-24,0.0,59.6,59.65,59.6,83.0,494752.0,59.644
600779.SH,2022-10-24,0.0,59.56,59.6,59.56,78.0,464676.0,59.644
600779.SH,2022-10-24,0.0,59.55,59.55,59.51,22.0,130996.0,59.644
600779.SH,2022-10-24,0.0,59.5,59.57,59.5,48.0,285681.0,59.644
600779.SH,2022-10-24,0.0,59.46,59.51,59.46,47.0,279621.0,59.643
600779.SH,2022-10-24,0.0,59.45,59.46,59.4,34.0,202091.0,59.643
600779.SH,2022-10-24,0.0,59.4,59.45,59.4,122.0,724725.0,59.641
600779.SH,2022-10-24,0.0,59.47,59.48,59.39,100.0,594115.0,59.64
600779.SH,2022-10-24,0.0,59.43,59.47,59.43,37.0,219933.0,59.64
600779.SH,2022-10-24,0.0,59.3,59.43,59.28,342.0,2029270.0,59.635
600779.SH,2022-10-24,0.0,59.25,59.3,59.22,80.0,474116.0,59.633
600779.SH,2022-10-24,0.0,59.3,59.3,59.25,76.0,450501.0,59.632
600779.SH,2022-10-24,0.0,59.29,59.3,59.27,53.0,314241.0,59.631
600779.SH,2022-10-24,0.0,59.23,59.29,59.22,142.0,841462.0,59.628
600779.SH,2022-10-24,0.0,59.24,59.26,59.23,74.0,438355.0,59.627
600779.SH,2022-10-24,0.0,59.26,59.26,59.23,65.0,385097.0,59.625
600779.SH,2022-10-24,0.0,59.24,59.26,59.23,59.0,349534.0,59.624
600779.SH,2022-10-24,0.0,59.13,59.22,59.13,422.0,2497570.0,59.615
600779.SH,2022-10-24,0.0,59.12,59.18,59.12,89.0,526300.0,59.613
600779.SH,2022-10-24,0.0,59.11,59.12,59.1,186.0,1099390.0,59.609
600779.SH,2022-10-24,0.0,59.07,59.11,59.07,153.0,904050.0,59.605
600779.SH,2022-10-24,0.0,59.2,59.2,59.06,75.0,443211.0,59.603
600779.SH,2022-10-24,0.0,59.2,59.22,59.16,70.0,414333.0,59.602
600779.SH,2022-10-24,0.0,59.2,59.22,59.2,74.0,438156.0,59.6
600779.SH,2022-10-24,0.0,59.19,59.19,59.16,148.0,875959.0,59.598
600779.SH,2022-10-24,0.0,59.24,59.29,59.19,72.0,426494.0,59.596
600779.SH,2022-10-24,0.0,59.28,59.28,59.21,32.0,189543.0,59.596
600779.SH,2022-10-24,0.0,59.2,59.28,59.19,61.0,361300.0,59.595
600779.SH,2022-10-24,0.0,59.21,59.25,59.18,50.0,296027.0,59.594
600779.SH,2022-10-24,0.0,59.18,59.21,59.16,113.0,668703.0,59.592
600779.SH,2022-10-24,0.0,59.12,59.15,59.1,86.0,507667.0,59.59
600779.SH,2022-10-24,0.0,59.1,59.14,59.08,357.0,2110200.0,59.582
600779.SH,2022-10-24,0.0,59.18,59.18,59.08,29.0,171445.0,59.582
600779.SH,2022-10-24,0.0,59.18,59.2,59.12,20.0,118338.0,59.581
600779.SH,2022-10-24,0.0,59.15,59.18,59.1,92.0,544011.0,59.579
600779.SH,2022-10-24,0.0,59.14,59.17,59.08,38.0,224662.0,59.579
600779.SH,2022-10-24,0.0,59.15,59.15,59.1,46.0,271988.0,59.578
600779.SH,2022-10-24,0.0,59.15,59.15,59.11,52.0,307554.0,59.577
600779.SH,2022-10-24,0.0,59.19,59.19,59.12,133.0,786398.0,59.574
600779.SH,2022-10-24,0.0,59.2,59.2,59.18,74.0,438028.0,59.573
600779.SH,2022-10-24,0.0,59.28,59.28,59.2,65.0,384918.0,59.572
600779.SH,2022-10-24,0.0,59.18,59.29,59.18,45.0,266581.0,59.571
600779.SH,2022-10-24,0.0,59.16,59.21,59.16,95.0,562102.0,59.569
600779.SH,2022-10-24,0.0,59.17,59.19,59.16,35.0,207089.0,59.569
600779.SH,2022-10-24,0.0,59.18,59.19,59.16,81.0,479200.0,59.567
600779.SH,2022-10-24,0.0,59.1,59.18,59.1,90.0,532006.0,59.566
600779.SH,2022-10-24,0.0,59.18,59.18,59.1,13.0,77693.0,59.565
600779.SH,2022-10-24,0.0,59.17,59.18,59.08,110.0,650196.0,59.563
600779.SH,2022-10-24,0.0,59.08,59.17,59.08,69.0,407725.0,59.562
600779.SH,2022-10-24,0.0,59.15,59.17,59.09,35.0,206875.0,59.561
600779.SH,2022-10-24,0.0,59.14,59.15,59.08,22.0,130012.0,59.561
600779.SH,2022-10-24,0.0,59.15,59.15,59.09,69.0,407839.0,59.559
600779.SH,2022-10-24,0.0,59.13,59.14,59.08,28.0,165481.0,59.559
600779.SH,2022-10-24,0.0,59.0,59.14,59.0,268.0,1582640.0,59.553
600779.SH,2022-10-24,0.0,59.05,59.05,59.0,391.0,2307290.0,59.544
600779.SH,2022-10-24,0.0,59.08,59.08,59.0,90.0,531306.0,59.542
600779.SH,2022-10-24,0.0,59.0,59.07,59.0,324.0,1911880.0,59.535
600779.SH,2022-10-24,0.0,58.92,59.04,58.91,188.0,1108950.0,59.531
600779.SH,2022-10-24,0.0,58.84,58.94,58.82,198.0,1165870.0,59.526
600779.SH,2022-10-24,0.0,58.81,58.86,58.76,443.0,2605050.0,59.513
600779.SH,2022-10-24,0.0,58.75,58.84,58.74,175.0,1029100.0,59.508
600779.SH,2022-10-24,0.0,58.83,58.83,58.7,177.0,1040400.0,59.503
600779.SH,2022-10-24,0.0,58.98,58.99,58.83,201.0,1183440.0,59.498
600779.SH,2022-10-24,0.0,58.86,58.99,58.86,72.0,424293.0,59.497
600779.SH,2022-10-24,0.0,58.76,58.86,58.76,116.0,682337.0,59.494
600779.SH,2022-10-24,0.0,58.74,58.78,58.74,111.0,652191.0,59.491
600779.SH,2022-10-24,0.0,58.71,58.74,58.7,111.0,651679.0,59.487
600779.SH,2022-10-24,0.0,58.61,58.73,58.6,290.0,1700910.0,59.478
600779.SH,2022-10-24,0.0,58.58,58.7,58.58,207.0,1212980.0,59.472
600779.SH,2022-10-24,0.0,58.49,58.56,58.47,397.0,2322900.0,59.458
600779.SH,2022-10-24,0.0,58.5,58.5,58.45,142.0,830512.0,59.452
600779.SH,2022-10-24,0.0,58.6,58.62,58.49,225.0,1316440.0,59.445
600779.SH,2022-10-24,0.0,58.52,58.6,58.52,102.0,597192.0,59.441
600779.SH,2022-10-24,0.0,58.6,58.6,58.52,47.0,275315.0,59.44
600779.SH,2022-10-24,0.0,58.53,58.6,58.5,150.0,878295.0,59.435
600779.SH,2022-10-24,0.0,58.61,58.66,58.53,58.0,339853.0,59.433
600779.SH,2022-10-24,0.0,58.7,58.7,58.61,31.0,181870.0,59.433
600779.SH,2022-10-24,0.0,58.72,58.74,58.65,145.0,851001.0,59.429
600779.SH,2022-10-24,0.0,58.55,58.73,58.55,106.0,621584.0,59.426
600779.SH,2022-10-24,0.0,58.54,58.68,58.5,228.0,1334250.0,59.419
600779.SH,2022-10-24,0.0,58.51,58.54,58.5,138.0,808322.0,59.414
600779.SH,2022-10-24,0.0,58.51,58.52,58.51,158.0,924460.0,59.409
600779.SH,2022-10-24,0.0,58.49,58.51,58.49,188.0,1098960.0,59.403
600779.SH,2022-10-24,0.0,58.48,58.48,58.45,79.0,461866.0,59.401
600779.SH,2022-10-24,0.0,58.47,58.48,58.45,92.0,537896.0,59.398
600779.SH,2022-10-24,0.0,58.63,58.65,58.47,101.0,591404.0,59.395
600779.SH,2022-10-24,0.0,58.63,58.65,58.63,75.0,439771.0,59.393
600779.SH,2022-10-24,0.0,58.83,58.83,58.63,143.0,839597.0,59.39
600779.SH,2022-10-24,0.0,58.83,58.83,58.78,66.0,388191.0,59.388
600779.SH,2022-10-24,0.0,58.7,58.82,58.7,58.0,340936.0,59.387
600779.SH,2022-10-24,0.0,58.73,58.74,58.7,38.0,223127.0,59.386
600779.SH,2022-10-24,0.0,58.71,58.76,58.7,59.0,346589.0,59.385
600779.SH,2022-10-24,0.0,58.74,58.76,58.71,39.0,229066.0,59.384
600779.SH,2022-10-24,0.0,58.66,58.74,58.65,108.0,633959.0,59.382
600779.SH,2022-10-24,0.0,58.63,58.66,58.63,54.0,316682.0,59.38
600779.SH,2022-10-24,0.0,58.61,58.63,58.61,42.0,246185.0,59.379
600779.SH,2022-10-24,0.0,58.59,58.61,58.58,45.0,263683.0,59.378
600779.SH,2022-10-24,0.0,58.44,58.6,58.4,411.0,2403270.0,59.366
600779.SH,2022-10-24,0.0,58.41,58.44,58.39,116.0,677559.0,59.362
600779.SH,2022-10-24,0.0,58.43,58.45,58.4,132.0,770974.0,59.358
600779.SH,2022-10-24,0.0,58.36,58.43,58.36,126.0,735599.0,59.354
600779.SH,2022-10-24,0.0,58.33,58.36,58.3,169.0,985836.0,59.348
600779.SH,2022-10-24,0.0,58.33,58.36,58.3,153.0,892304.0,59.343
600779.SH,2022-10-24,0.0,58.39,58.4,58.38,109.0,636380.0,59.34
600779.SH,2022-10-24,0.0,58.34,58.39,58.31,165.0,962356.0,59.335
600779.SH,2022-10-24,0.0,58.29,58.34,58.25,197.0,1148240.0,59.328
600779.SH,2022-10-24,0.0,58.15,58.24,58.15,160.0,931199.0,59.322
600779.SH,2022-10-24,0.0,58.02,58.15,58.02,124.0,720041.0,59.317
600779.SH,2022-10-24,0.0,57.92,58.01,57.79,728.0,4221690.0,59.287
600779.SH,2022-10-24,0.0,57.93,57.97,57.9,344.0,1992850.0,59.273
600779.SH,2022-10-24,0.0,57.9,57.93,57.89,137.0,793370.0,59.267
600779.SH,2022-10-24,0.0,57.87,57.9,57.85,92.0,532427.0,59.263
600779.SH,2022-10-24,0.0,57.82,57.87,57.81,138.0,796442.0,59.257
600779.SH,2022-10-24,0.0,57.85,57.87,57.8,234.0,1353280.0,59.247
600779.SH,2022-10-24,0.0,57.98,57.99,57.85,510.0,2953200.0,59.227
600779.SH,2022-10-24,0.0,57.95,57.98,57.93,134.0,776579.0,59.222
600779.SH,2022-10-24,0.0,57.95,57.96,57.91,391.0,2263700.0,59.207
600779.SH,2022-10-24,0.0,57.8,57.95,57.77,229.0,1323740.0,59.198
600779.SH,2022-10-24,0.0,57.76,57.94,57.7,570.0,3293690.0,59.175
600779.SH,2022-10-24,0.0,57.77,57.87,57.75,196.0,1132780.0,59.167
600779.SH,2022-10-24,0.0,57.77,57.8,57.73,155.0,895291.0,59.161
600779.SH,2022-10-24,0.0,57.7,57.77,57.7,323.0,1864260.0,59.148
600779.SH,2022-10-24,0.0,57.58,57.7,57.58,280.0,1614130.0,59.137
600779.SH,2022-10-24,0.0,57.62,57.62,57.56,319.0,1837180.0,59.123
600779.SH,2022-10-24,0.0,57.61,57.62,57.59,210.0,1207360.0,59.115
600779.SH,2022-10-24,0.0,57.64,57.66,57.61,119.0,685924.0,59.11
600779.SH,2022-10-24,0.0,57.59,57.65,57.59,249.0,1437340.0,59.1
600779.SH,2022-10-24,0.0,57.6,57.6,57.59,157.0,904244.0,59.094
600779.SH,2022-10-24,0.0,57.45,57.6,57.45,471.0,2708900.0,59.074
600779.SH,2022-10-24,0.0,57.31,57.45,57.28,620.0,3553100.0,59.045
600779.SH,2022-10-24,0.0,57.3,57.31,57.29,651.0,3730130.0,59.016
600779.SH,2022-10-24,0.0,57.3,57.33,57.29,763.0,4371960.0,58.983
600779.SH,2022-10-24,0.0,57.3,57.45,57.29,994.0,5693830.0,58.942
600779.SH,2022-10-24,0.0,57.5,57.62,57.31,241.0,1385390.0,58.934
600779.SH,2022-10-24,0.0,57.6,57.66,57.5,215.0,1238660.0,58.927
600779.SH,2022-10-24,0.0,57.6,57.65,57.53,346.0,1992700.0,58.916
600779.SH,2022-10-24,0.0,57.6,57.65,57.58,163.0,938949.0,58.911
600779.SH,2022-10-24,0.0,57.65,57.68,57.6,272.0,1567910.0,58.902
600779.SH,2022-10-24,0.0,57.67,57.7,57.65,225.0,1298030.0,58.896
600779.SH,2022-10-24,0.0,57.64,57.7,57.61,195.0,1124170.0,58.89
600779.SH,2022-10-24,0.0,57.7,57.7,57.64,78.0,449744.0,58.888
600779.SH,2022-10-24,0.0,57.72,57.79,57.7,280.0,1616970.0,58.88
600779.SH,2022-10-24,0.0,57.64,57.74,57.62,318.0,1833960.0,58.872
600779.SH,2022-10-24,0.0,57.62,57.64,57.61,210.0,1210100.0,58.865
600779.SH,2022-10-24,0.0,57.59,57.61,57.55,279.0,1609180.0,58.857
600779.SH,2022-10-24,0.0,57.58,57.6,57.57,109.0,627659.0,58.854
600779.SH,2022-10-24,0.0,57.63,57.63,57.59,162.0,933147.0,58.85
600779.SH,2022-10-24,0.0,57.57,57.62,57.55,359.0,2065000.0,58.839
600779.SH,2022-10-24,0.0,57.41,57.56,57.41,231.0,1327760.0,58.832
600779.SH,2022-10-24,0.0,57.48,57.5,57.41,186.0,1068100.0,58.826
600779.SH,2022-10-24,0.0,57.46,57.49,57.42,105.0,603395.0,58.823
600779.SH,2022-10-24,0.0,57.47,57.49,57.46,149.0,856245.0,58.819
600779.SH,2022-10-24,0.0,57.44,57.48,57.44,168.0,965313.0,58.814
600779.SH,2022-10-24,0.0,57.48,57.5,57.44,128.0,735693.0,58.81
600779.SH,2022-10-24,0.0,57.53,57.53,57.48,96.0,552023.0,58.807
600779.SH,2022-10-24,0.0,57.66,57.7,57.56,263.0,1515750.0,58.8
600779.SH,2022-10-24,0.0,57.51,57.68,57.5,263.0,1515040.0,58.793
600779.SH,2022-10-24,0.0,57.57,57.59,57.52,272.0,1565940.0,58.786
600779.SH,2022-10-24,0.0,57.55,57.56,57.51,209.0,1202610.0,58.781
600779.SH,2022-10-24,0.0,57.44,57.54,57.44,515.0,2959790.0,58.766
600779.SH,2022-10-24,0.0,57.41,57.44,57.4,247.0,1418140.0,58.759
600779.SH,2022-10-24,0.0,57.39,57.41,57.39,272.0,1561260.0,58.751
600779.SH,2022-10-24,0.0,57.28,57.4,57.28,557.0,3192930.0,58.735
600779.SH,2022-10-24,0.0,57.28,57.28,57.24,362.0,2072780.0,58.724
600779.SH,2022-10-24,0.0,57.37,57.37,57.27,396.0,2268700.0,58.712
600779.SH,2022-10-24,0.0,57.35,57.42,57.35,251.0,1440460.0,58.705
600779.SH,2022-10-24,0.0,57.34,57.36,57.31,139.0,797061.0,58.701
600779.SH,2022-10-24,0.0,57.25,57.35,57.2,895.0,5126410.0,58.676
600779.SH,2022-10-24,0.0,57.2,57.3,57.2,443.0,2535740.0,58.663
600779.SH,2022-10-24,0.0,57.16,57.2,57.15,628.0,3590840.0,58.645
600779.SH,2022-10-24,0.0,57.14,57.18,57.1,559.0,3194710.0,58.629
600779.SH,2022-10-24,0.0,57.14,57.14,57.14,0.0,0.0,58.629
600779.SH,2022-10-24,0.0,57.14,57.14,57.14,0.0,0.0,58.629
600779.SH,2022-10-24,0.0,57.16,57.16,57.16,404.0,2307320.0,58.617
600779.SH,2022-10-25,0.0,56.6,56.6,56.6,304.0,1720640.0,56.6
600779.SH,2022-10-25,0.0,57.16,57.4,56.36,1064.0,6042230.0,56.746
600779.SH,2022-10-25,0.0,56.3,57.24,56.3,498.0,2823060.0,56.731
600779.SH,2022-10-25,0.0,56.67,56.68,56.48,864.0,4890410.0,56.69
600779.SH,2022-10-25,0.0,56.58,56.95,56.55,1330.0,7546670.0,56.707
600779.SH,2022-10-25,0.0,56.69,56.82,56.51,488.0,2765820.0,56.704
600779.SH,2022-10-25,0.0,56.5,56.73,56.5,540.0,3053330.0,56.687
600779.SH,2022-10-25,0.0,56.7,56.73,56.5,458.0,2595550.0,56.685
600779.SH,2022-10-25,0.0,56.22,56.7,56.2,521.0,2942890.0,56.668
600779.SH,2022-10-25,0.0,56.36,56.5,56.24,339.0,1910420.0,56.652
600779.SH,2022-10-25,0.0,56.22,56.38,56.21,508.0,2859000.0,56.624
600779.SH,2022-10-25,0.0,56.33,56.43,56.18,573.0,3224850.0,56.598
600779.SH,2022-10-25,0.0,56.55,56.6,56.3,207.0,1167640.0,56.593
600779.SH,2022-10-25,0.0,56.5,56.65,56.33,219.0,1236950.0,56.59
600779.SH,2022-10-25,0.0,56.63,56.63,56.46,328.0,1853450.0,56.586
600779.SH,2022-10-25,0.0,56.76,56.79,56.63,251.0,1423930.0,56.591
600779.SH,2022-10-25,0.0,56.81,56.85,56.76,326.0,1851360.0,56.598
600779.SH,2022-10-25,0.0,56.7,56.81,56.67,165.0,936371.0,56.601
600779.SH,2022-10-25,0.0,57.14,57.14,56.7,194.0,1103780.0,56.607
600779.SH,2022-10-25,0.0,57.33,57.36,57.14,440.0,2517560.0,56.635
600779.SH,2022-10-25,0.0,57.37,57.39,57.33,311.0,1783970.0,56.658
600779.SH,2022-10-25,0.0,57.08,57.35,57.0,290.0,1659850.0,56.674
600779.SH,2022-10-25,0.0,57.05,57.16,57.04,221.0,1261800.0,56.683
600779.SH,2022-10-25,0.0,56.89,57.08,56.82,356.0,2026280.0,56.691
600779.SH,2022-10-25,0.0,56.82,56.9,56.8,276.0,1568440.0,56.694
600779.SH,2022-10-25,0.0,56.96,56.98,56.81,127.0,722784.0,56.697
600779.SH,2022-10-25,0.0,56.86,56.99,56.86,219.0,1246300.0,56.701
600779.SH,2022-10-25,0.0,57.0,57.0,56.86,355.0,2021720.0,56.708
600779.SH,2022-10-25,0.0,56.96,57.05,56.86,141.0,803006.0,56.711
600779.SH,2022-10-25,0.0,56.94,56.96,56.88,131.0,745947.0,56.714
600779.SH,2022-10-25,0.0,56.85,56.88,56.81,127.0,722050.0,56.715
600779.SH,2022-10-25,0.0,56.85,56.95,56.83,102.0,580184.0,56.717
600779.SH,2022-10-25,0.0,56.76,56.84,56.73,114.0,647407.0,56.717
600779.SH,2022-10-25,0.0,56.86,56.92,56.75,222.0,1260660.0,56.718
600779.SH,2022-10-25,0.0,56.74,56.86,56.74,103.0,585176.0,56.719
600779.SH,2022-10-25,0.0,56.6,56.74,56.6,190.0,1076860.0,56.719
600779.SH,2022-10-25,0.0,56.54,56.6,56.51,187.0,1057650.0,56.716
600779.SH,2022-10-25,0.0,56.4,56.54,56.36,318.0,1795930.0,56.711
600779.SH,2022-10-25,0.0,56.49,56.49,56.36,153.0,862538.0,56.707
600779.SH,2022-10-25,0.0,56.45,56.54,56.4,81.0,457539.0,56.706
600779.SH,2022-10-25,0.0,56.43,56.46,56.4,148.0,835352.0,56.703
600779.SH,2022-10-25,0.0,56.6,56.6,56.43,269.0,1519300.0,56.698
600779.SH,2022-10-25,0.0,56.54,56.6,56.53,100.0,565646.0,56.698
600779.SH,2022-10-25,0.0,56.33,56.56,56.33,246.0,1387890.0,56.693
600779.SH,2022-10-25,0.0,56.25,56.35,56.25,210.0,1182390.0,56.687
600779.SH,2022-10-25,0.0,56.24,56.25,56.21,255.0,1433700.0,56.679
600779.SH,2022-10-25,0.0,56.35,56.37,56.21,365.0,2054250.0,56.67
600779.SH,2022-10-25,0.0,56.32,56.37,56.3,139.0,782898.0,56.667
600779.SH,2022-10-25,0.0,56.3,56.33,56.28,163.0,917847.0,56.663
600779.SH,2022-10-25,0.0,56.45,56.45,56.3,130.0,732520.0,56.66
600779.SH,2022-10-25,0.0,56.37,56.47,56.37,143.0,807040.0,56.658
600779.SH,2022-10-25,0.0,56.36,56.41,56.32,148.0,834088.0,56.655
600779.SH,2022-10-25,0.0,56.39,56.41,56.34,91.0,513029.0,56.654
600779.SH,2022-10-25,0.0,56.37,56.39,56.34,61.0,343850.0,56.653
600779.SH,2022-10-25,0.0,56.46,56.48,56.35,174.0,981003.0,56.65
600779.SH,2022-10-25,0.0,56.58,56.58,56.41,72.0,406812.0,56.649
600779.SH,2022-10-25,0.0,56.85,56.85,56.54,73.0,413915.0,56.649
600779.SH,2022-10-25,0.0,56.7,56.89,56.54,271.0,1538830.0,56.652
600779.SH,2022-10-25,0.0,56.6,56.7,56.56,88.0,498331.0,56.651
600779.SH,2022-10-25,0.0,56.74,56.74,56.56,75.0,425017.0,56.651
600779.SH,2022-10-25,0.0,56.79,56.79,56.72,73.0,414400.0,56.652
600779.SH,2022-10-25,0.0,56.95,56.95,56.79,97.0,551676.0,56.653
600779.SH,2022-10-25,0.0,56.95,56.99,56.94,157.0,894529.0,56.656
600779.SH,2022-10-25,0.0,56.94,57.0,56.91,101.0,575320.0,56.658
600779.SH,2022-10-25,0.0,56.85,56.93,56.85,90.0,512030.0,56.659
600779.SH,2022-10-25,0.0,57.1,57.1,56.83,358.0,2039500.0,56.665
600779.SH,2022-10-25,0.0,57.22,57.22,57.09,216.0,1234780.0,56.671
600779.SH,2022-10-25,0.0,57.21,57.24,57.2,229.0,1310490.0,56.678
600779.SH,2022-10-25,0.0,57.23,57.25,57.21,207.0,1184700.0,56.685
600779.SH,2022-10-25,0.0,57.03,57.24,57.02,172.0,983783.0,56.689
600779.SH,2022-10-25,0.0,57.01,57.15,57.01,60.0,342460.0,56.691
600779.SH,2022-10-25,0.0,56.9,57.01,56.88,63.0,358809.0,56.692
600779.SH,2022-10-25,0.0,56.84,56.96,56.8,55.0,312801.0,56.692
600779.SH,2022-10-25,0.0,56.85,56.88,56.84,46.0,261546.0,56.693
600779.SH,2022-10-25,0.0,56.83,56.87,56.83,51.0,289923.0,56.693
600779.SH,2022-10-25,0.0,56.88,56.88,56.85,79.0,449235.0,56.694
600779.SH,2022-10-25,0.0,57.09,57.09,56.88,56.0,319120.0,56.695
600779.SH,2022-10-25,0.0,56.91,57.09,56.88,115.0,654958.0,56.696
600779.SH,2022-10-25,0.0,56.97,56.97,56.92,37.0,210657.0,56.697
600779.SH,2022-10-25,0.0,56.94,56.99,56.89,49.0,278966.0,56.697
600779.SH,2022-10-25,0.0,56.89,56.94,56.89,55.0,313006.0,56.698
600779.SH,2022-10-25,0.0,56.86,56.9,56.86,86.0,489205.0,56.699
600779.SH,2022-10-25,0.0,56.88,56.9,56.86,42.0,238920.0,56.699
600779.SH,2022-10-25,0.0,56.87,56.89,56.85,57.0,324158.0,56.699
600779.SH,2022-10-25,0.0,56.81,56.88,56.81,49.0,278555.0,56.7
600779.SH,2022-10-25,0.0,56.8,56.84,56.8,64.0,363631.0,56.7
600779.SH,2022-10-25,0.0,56.74,56.8,56.72,50.0,283832.0,56.7
600779.SH,2022-10-25,0.0,56.7,56.75,56.66,80.0,453666.0,56.7
600779.SH,2022-10-25,0.0,56.87,56.88,56.71,67.0,380188.0,56.701
600779.SH,2022-10-25,0.0,56.78,56.84,56.74,62.0,352014.0,56.701
600779.SH,2022-10-25,0.0,56.84,56.84,56.74,63.0,357793.0,56.701
600779.SH,2022-10-25,0.0,56.83,56.88,56.82,84.0,477449.0,56.702
600779.SH,2022-10-25,0.0,56.95,56.95,56.85,46.0,261625.0,56.702
600779.SH,2022-10-25,0.0,56.99,57.0,56.94,67.0,381606.0,56.703
600779.SH,2022-10-25,0.0,56.9,57.0,56.88,116.0,660714.0,56.704
600779.SH,2022-10-25,0.0,56.89,56.9,56.88,41.0,233268.0,56.705
600779.SH,2022-10-25,0.0,56.9,56.9,56.88,55.0,312900.0,56.705
600779.SH,2022-10-25,0.0,56.95,56.95,56.9,25.0,142340.0,56.706
600779.SH,2022-10-25,0.0,57.0,57.01,56.95,32.0,182325.0,56.706
600779.SH,2022-10-25,0.0,57.16,57.16,57.05,122.0,696930.0,56.709
600779.SH,2022-10-25,0.0,57.11,57.17,57.11,54.0,308580.0,56.71
600779.SH,2022-10-25,0.0,57.16,57.16,57.14,84.0,480043.0,56.711
600779.SH,2022-10-25,0.0,57.08,57.16,57.08,64.0,365641.0,56.713
600779.SH,2022-10-25,0.0,57.12,57.12,57.08,28.0,159868.0,56.713
600779.SH,2022-10-25,0.0,57.15,57.15,57.12,32.0,182840.0,56.714
600779.SH,2022-10-25,0.0,57.13,57.15,57.12,38.0,217137.0,56.715
600779.SH,2022-10-25,0.0,57.16,57.17,57.14,235.0,1343190.0,56.72
600779.SH,2022-10-25,0.0,57.25,57.25,57.16,105.0,600922.0,56.722
600779.SH,2022-10-25,0.0,57.27,57.27,57.24,72.0,412229.0,56.724
600779.SH,2022-10-25,0.0,57.29,57.3,57.27,91.0,521283.0,56.726
600779.SH,2022-10-25,0.0,57.37,57.38,57.3,128.0,733755.0,56.73
600779.SH,2022-10-25,0.0,57.39,57.4,57.37,150.0,860745.0,56.735
600779.SH,2022-10-25,0.0,57.49,57.5,57.4,210.0,1206270.0,56.741
600779.SH,2022-10-25,0.0,57.52,57.52,57.48,268.0,1540820.0,56.751
600779.SH,2022-10-25,0.0,57.58,57.58,57.51,142.0,817619.0,56.756
600779.SH,2022-10-25,0.0,57.75,57.75,57.58,137.0,789671.0,56.761
600779.SH,2022-10-25,0.0,57.75,57.76,57.7,243.0,1403470.0,56.772
600779.SH,2022-10-25,0.0,57.84,57.86,57.79,210.0,1213140.0,56.781
600779.SH,2022-10-25,0.0,57.93,57.98,57.84,301.0,1743510.0,56.796
600779.SH,2022-10-25,0.0,57.9,57.93,57.9,157.0,909492.0,56.804
600779.SH,2022-10-25,0.0,57.86,57.92,57.82,149.0,862556.0,56.811
600779.SH,2022-10-25,0.0,57.86,57.91,57.8,452.0,2614360.0,56.831
600779.SH,2022-10-25,0.0,57.7,57.86,57.7,164.0,949969.0,56.838
600779.SH,2022-10-25,0.0,57.55,57.7,57.55,123.0,708845.0,56.842
600779.SH,2022-10-25,0.0,57.48,57.58,57.48,124.0,713067.0,56.845
600779.SH,2022-10-25,0.0,57.46,57.48,57.45,96.0,551713.0,56.848
600779.SH,2022-10-25,0.0,57.44,57.46,57.44,75.0,430928.0,56.849
600779.SH,2022-10-25,0.0,57.43,57.45,57.43,52.0,298691.0,56.851
600779.SH,2022-10-25,0.0,57.35,57.44,57.35,141.0,809351.0,56.854
600779.SH,2022-10-25,0.0,57.28,57.35,57.28,48.0,275061.0,56.855
600779.SH,2022-10-25,0.0,57.18,57.27,57.17,58.0,331807.0,56.856
600779.SH,2022-10-25,0.0,57.2,57.2,57.17,163.0,932063.0,56.858
600779.SH,2022-10-25,0.0,57.23,57.28,57.2,56.0,320469.0,56.859
600779.SH,2022-10-25,0.0,57.16,57.27,57.16,109.0,623514.0,56.86
600779.SH,2022-10-25,0.0,57.08,57.18,57.08,39.0,222797.0,56.86
600779.SH,2022-10-25,0.0,57.08,57.08,57.04,56.0,319553.0,56.861
600779.SH,2022-10-25,0.0,57.4,57.4,57.08,87.0,500258.0,56.862
600779.SH,2022-10-25,0.0,57.37,57.43,57.3,71.0,407277.0,56.864
600779.SH,2022-10-25,0.0,57.35,57.37,57.33,54.0,309704.0,56.865
600779.SH,2022-10-25,0.0,57.31,57.33,57.3,126.0,722209.0,56.867
600779.SH,2022-10-25,0.0,57.3,57.31,57.18,79.0,450207.0,56.868
600779.SH,2022-10-25,0.0,57.29,57.3,57.28,46.0,265804.0,56.869
600779.SH,2022-10-25,0.0,57.3,57.31,57.29,46.0,263589.0,56.87
600779.SH,2022-10-25,0.0,57.3,57.3,57.29,25.0,143244.0,56.87
600779.SH,2022-10-25,0.0,57.33,57.33,57.29,28.0,160479.0,56.871
600779.SH,2022-10-25,0.0,57.44,57.44,57.32,106.0,607869.0,56.873
600779.SH,2022-10-25,0.0,57.54,57.56,57.44,89.0,511899.0,56.875
600779.SH,2022-10-25,0.0,57.39,57.54,57.3,257.0,1475490.0,56.88
600779.SH,2022-10-25,0.0,57.39,57.4,57.39,25.0,143489.0,56.881
600779.SH,2022-10-25,0.0,57.38,57.5,57.38,29.0,166462.0,56.881
600779.SH,2022-10-25,0.0,57.5,57.5,57.38,35.0,201191.0,56.882
600779.SH,2022-10-25,0.0,57.4,57.5,57.4,113.0,649640.0,56.885
600779.SH,2022-10-25,0.0,57.34,57.49,57.34,86.0,493618.0,56.886
600779.SH,2022-10-25,0.0,57.48,57.5,57.44,57.0,327540.0,56.887
600779.SH,2022-10-25,0.0,57.37,57.48,57.37,35.0,200970.0,56.888
600779.SH,2022-10-25,0.0,57.44,57.45,57.37,21.0,120633.0,56.889
600779.SH,2022-10-25,0.0,57.53,57.55,57.43,146.0,839590.0,56.892
600779.SH,2022-10-25,0.0,57.47,57.55,57.47,31.0,178307.0,56.893
600779.SH,2022-10-25,0.0,57.45,57.47,57.45,29.0,166653.0,56.893
600779.SH,2022-10-25,0.0,57.46,57.47,57.45,39.0,224107.0,56.894
600779.SH,2022-10-25,0.0,57.47,57.54,57.46,51.0,293199.0,56.895
600779.SH,2022-10-25,0.0,57.5,57.55,57.47,107.0,615559.0,56.898
600779.SH,2022-10-25,0.0,57.56,57.56,57.5,67.0,385493.0,56.899
600779.SH,2022-10-25,0.0,57.5,57.54,57.5,33.0,189792.0,56.9
600779.SH,2022-10-25,0.0,57.45,57.5,57.45,87.0,500122.0,56.902
600779.SH,2022-10-25,0.0,57.45,57.45,57.42,30.0,172299.0,56.903
600779.SH,2022-10-25,0.0,57.39,57.45,57.39,80.0,459266.0,56.904
600779.SH,2022-10-25,0.0,57.3,57.38,57.3,58.0,332487.0,56.905
600779.SH,2022-10-25,0.0,57.3,57.33,57.27,95.0,544324.0,56.906
600779.SH,2022-10-25,0.0,57.27,57.3,57.27,57.0,326463.0,56.907
600779.SH,2022-10-25,0.0,57.27,57.27,57.26,16.0,91623.0,56.907
600779.SH,2022-10-25,0.0,57.3,57.33,57.26,57.0,326516.0,56.908
600779.SH,2022-10-25,0.0,57.35,57.42,57.3,33.0,189247.0,56.909
600779.SH,2022-10-25,0.0,57.32,57.5,57.31,117.0,671774.0,56.911
600779.SH,2022-10-25,0.0,57.42,57.5,57.4,28.0,160781.0,56.911
600779.SH,2022-10-25,0.0,57.4,57.42,57.4,18.0,103328.0,56.912
600779.SH,2022-10-25,0.0,57.45,57.45,57.4,27.0,155031.0,56.912
600779.SH,2022-10-25,0.0,57.42,57.5,57.42,41.0,235666.0,56.913
600779.SH,2022-10-25,0.0,57.49,57.5,57.4,87.0,499750.0,56.915
600779.SH,2022-10-25,0.0,57.4,57.5,57.4,31.0,178195.0,56.915
600779.SH,2022-10-25,0.0,57.38,57.4,57.38,21.0,120526.0,56.916
600779.SH,2022-10-25,0.0,57.38,57.39,57.38,35.0,200840.0,56.916
600779.SH,2022-10-25,0.0,57.39,57.5,57.38,137.0,787346.0,56.919
600779.SH,2022-10-25,0.0,57.59,57.6,57.39,259.0,1490090.0,56.925
600779.SH,2022-10-25,0.0,57.6,57.6,57.47,46.0,264792.0,56.926
600779.SH,2022-10-25,0.0,57.45,57.59,57.45,39.0,224201.0,56.926
600779.SH,2022-10-25,0.0,57.45,57.59,57.45,93.0,534821.0,56.928
600779.SH,2022-10-25,0.0,57.45,57.57,57.45,33.0,189778.0,56.929
600779.SH,2022-10-25,0.0,57.46,57.46,57.45,107.0,614719.0,56.931
600779.SH,2022-10-25,0.0,57.45,57.59,57.45,110.0,632653.0,56.933
600779.SH,2022-10-25,0.0,57.46,57.59,57.45,20.0,114970.0,56.933
600779.SH,2022-10-25,0.0,57.48,57.55,57.46,27.0,155219.0,56.934
600779.SH,2022-10-25,0.0,57.55,57.55,57.48,209.0,1202730.0,56.938
600779.SH,2022-10-25,0.0,57.51,57.55,57.5,37.0,212802.0,56.939
600779.SH,2022-10-25,0.0,57.51,57.58,57.5,114.0,655859.0,56.941
600779.SH,2022-10-25,0.0,57.51,57.52,57.51,67.0,385316.0,56.943
600779.SH,2022-10-25,0.0,57.5,57.51,57.5,56.0,321386.0,56.944
600779.SH,2022-10-25,0.0,57.52,57.52,57.49,103.0,592340.0,56.946
600779.SH,2022-10-25,0.0,57.53,57.53,57.52,102.0,586798.0,56.948
600779.SH,2022-10-25,0.0,57.52,57.53,57.52,60.0,345152.0,56.949
600779.SH,2022-10-25,0.0,57.53,57.53,57.52,62.0,356868.0,56.95
600779.SH,2022-10-25,0.0,57.53,57.55,57.53,48.0,276217.0,56.951
600779.SH,2022-10-25,0.0,57.53,57.6,57.53,133.0,765791.0,56.954
600779.SH,2022-10-25,0.0,57.52,57.53,57.52,34.0,195607.0,56.955
600779.SH,2022-10-25,0.0,57.51,57.52,57.51,43.0,247296.0,56.956
600779.SH,2022-10-25,0.0,57.49,57.51,57.49,59.0,339243.0,56.957
600779.SH,2022-10-25,0.0,57.5,57.52,57.5,104.0,598038.0,56.958
600779.SH,2022-10-25,0.0,57.49,57.5,57.49,240.0,1379880.0,56.963
600779.SH,2022-10-25,0.0,57.48,57.49,57.48,63.0,362134.0,56.964
600779.SH,2022-10-25,0.0,57.45,57.48,57.45,47.0,270105.0,56.965
600779.SH,2022-10-25,0.0,57.46,57.46,57.45,20.0,114903.0,56.965
600779.SH,2022-10-25,0.0,57.45,57.46,57.45,65.0,371820.0,56.966
600779.SH,2022-10-25,0.0,57.47,57.47,57.45,207.0,1189550.0,56.969
600779.SH,2022-10-25,0.0,57.47,57.48,57.46,73.0,419556.0,56.971
600779.SH,2022-10-25,0.0,57.49,57.52,57.49,91.0,523299.0,56.972
600779.SH,2022-10-25,0.0,57.55,57.55,57.5,205.0,1179300.0,56.976
600779.SH,2022-10-25,0.0,57.55,57.6,57.54,37.0,213068.0,56.976
600779.SH,2022-10-25,0.0,57.53,57.55,57.53,83.0,477535.0,56.978
600779.SH,2022-10-25,0.0,57.51,57.53,57.49,75.0,431246.0,56.979
600779.SH,2022-10-25,0.0,57.56,57.56,57.52,204.0,1173970.0,56.983
600779.SH,2022-10-25,0.0,57.54,57.55,57.54,61.0,351009.0,56.984
600779.SH,2022-10-25,0.0,57.54,57.55,57.54,52.0,299230.0,56.985
600779.SH,2022-10-25,0.0,57.54,57.55,57.53,55.0,316466.0,56.986
600779.SH,2022-10-25,0.0,57.54,57.54,57.53,63.0,362481.0,56.987
600779.SH,2022-10-25,0.0,57.52,57.54,57.52,147.0,845714.0,56.989
600779.SH,2022-10-25,0.0,57.47,57.52,57.47,105.0,603746.0,56.991
600779.SH,2022-10-25,0.0,57.3,57.47,57.3,120.0,690282.0,56.993
600779.SH,2022-10-25,0.0,57.22,57.31,57.22,176.0,1008190.0,56.994
600779.SH,2022-10-25,0.0,57.29,57.29,57.25,88.0,503958.0,56.995
600779.SH,2022-10-25,0.0,57.3,57.3,57.28,101.0,578637.0,56.996
600779.SH,2022-10-25,0.0,57.31,57.32,57.29,131.0,750667.0,56.997
600779.SH,2022-10-25,0.0,57.42,57.42,57.31,30.0,172045.0,56.997
600779.SH,2022-10-25,0.0,57.54,57.54,57.42,113.0,649708.0,56.999
600779.SH,2022-10-25,0.0,57.55,57.56,57.54,238.0,1369710.0,57.003
600779.SH,2022-10-25,0.0,57.56,57.56,57.53,103.0,592754.0,57.005
600779.SH,2022-10-25,0.0,57.55,57.56,57.52,148.0,851806.0,57.007
600779.SH,2022-10-25,0.0,57.52,57.54,57.51,73.0,419893.0,57.008
600779.SH,2022-10-25,0.0,57.54,57.54,57.52,134.0,770946.0,57.011
600779.SH,2022-10-25,0.0,57.54,57.54,57.54,0.0,0.0,57.011
600779.SH,2022-10-25,0.0,57.54,57.54,57.54,0.0,0.0,57.011
600779.SH,2022-10-25,0.0,57.55,57.55,57.55,401.0,2305910.0,57.017
600779.SH,2022-10-26,0.0,57.55,57.55,57.55,182.0,1046840.0,57.55
600779.SH,2022-10-26,0.0,58.22,58.22,57.58,583.0,3378250.0,57.852
600779.SH,2022-10-26,0.0,57.86,58.18,57.86,501.0,2909060.0,57.936
600779.SH,2022-10-26,0.0,58.06,58.06,57.7,340.0,1970400.0,57.94
600779.SH,2022-10-26,0.0,58.12,58.15,57.97,434.0,2520280.0,57.968
600779.SH,2022-10-26,0.0,58.2,58.2,58.05,487.0,2832840.0,58.007
600779.SH,2022-10-26,0.0,58.4,58.4,58.19,436.0,2541920.0,58.05
600779.SH,2022-10-26,0.0,58.26,58.45,58.24,506.0,2950380.0,58.088
600779.SH,2022-10-26,0.0,58.5,58.57,58.29,661.0,3863240.0,58.145
600779.SH,2022-10-26,0.0,58.66,58.74,58.5,489.0,2867060.0,58.196
600779.SH,2022-10-26,0.0,58.7,58.76,58.65,522.0,3063670.0,58.247
600779.SH,2022-10-26,0.0,58.64,58.7,58.58,579.0,3393910.0,58.284
600779.SH,2022-10-26,0.0,58.5,58.69,58.5,297.0,1740710.0,58.3
600779.SH,2022-10-26,0.0,58.42,58.49,58.4,390.0,2279620.0,58.309
600779.SH,2022-10-26,0.0,58.32,58.49,58.32,379.0,2214040.0,58.315
600779.SH,2022-10-26,0.0,58.38,58.48,58.3,313.0,1827650.0,58.319
600779.SH,2022-10-26,0.0,58.11,58.31,58.06,547.0,3183050.0,58.31
600779.SH,2022-10-26,0.0,58.31,58.31,58.11,258.0,1500450.0,58.305
600779.SH,2022-10-26,0.0,58.31,58.34,58.21,286.0,1667920.0,58.305
600779.SH,2022-10-26,0.0,58.32,58.34,58.3,121.0,705492.0,58.305
600779.SH,2022-10-26,0.0,58.55,58.55,58.31,195.0,1139680.0,58.308
600779.SH,2022-10-26,0.0,58.39,58.53,58.39,162.0,946959.0,58.311
600779.SH,2022-10-26,0.0,58.46,58.46,58.36,191.0,1115720.0,58.313
600779.SH,2022-10-26,0.0,58.41,58.46,58.4,118.0,689257.0,58.315
600779.SH,2022-10-26,0.0,58.47,58.47,58.39,493.0,2879910.0,58.32
600779.SH,2022-10-26,0.0,58.58,58.67,58.46,302.0,1769030.0,58.328
600779.SH,2022-10-26,0.0,58.4,58.58,58.37,359.0,2096600.0,58.33
600779.SH,2022-10-26,0.0,58.31,58.4,58.31,167.0,975054.0,58.331
600779.SH,2022-10-26,0.0,58.2,58.29,58.2,233.0,1356790.0,58.329
600779.SH,2022-10-26,0.0,58.32,58.39,58.2,68.0,395476.0,58.329
600779.SH,2022-10-26,0.0,58.5,58.5,58.32,97.0,566423.0,58.329
600779.SH,2022-10-26,0.0,58.47,58.5,58.41,80.0,467818.0,58.33
600779.SH,2022-10-26,0.0,58.65,58.65,58.48,320.0,1873450.0,58.337
600779.SH,2022-10-26,0.0,58.83,58.83,58.65,710.0,4170480.0,58.361
600779.SH,2022-10-26,0.0,58.95,58.96,58.83,326.0,1919680.0,58.375
600779.SH,2022-10-26,0.0,58.91,58.96,58.89,560.0,3300010.0,58.399
600779.SH,2022-10-26,0.0,59.07,59.11,58.91,1101.0,6498830.0,58.449
600779.SH,2022-10-26,0.0,59.04,59.07,59.02,435.0,2568860.0,58.468
600779.SH,2022-10-26,0.0,59.01,59.05,59.0,188.0,1109800.0,58.475
600779.SH,2022-10-26,0.0,58.96,59.01,58.96,149.0,879026.0,58.48
600779.SH,2022-10-26,0.0,58.91,58.96,58.9,267.0,1572980.0,58.488
600779.SH,2022-10-26,0.0,58.95,58.96,58.9,219.0,1290400.0,58.495
600779.SH,2022-10-26,0.0,58.86,58.95,58.83,238.0,1401720.0,58.501
600779.SH,2022-10-26,0.0,58.82,58.86,58.75,262.0,1537760.0,58.506
600779.SH,2022-10-26,0.0,58.75,58.81,58.75,265.0,1559820.0,58.51
600779.SH,2022-10-26,0.0,58.83,58.83,58.71,598.0,3512980.0,58.519
600779.SH,2022-10-26,0.0,58.8,58.86,58.79,74.0,435390.0,58.52
600779.SH,2022-10-26,0.0,58.8,58.81,58.77,120.0,705451.0,58.522
600779.SH,2022-10-26,0.0,58.9,58.9,58.8,89.0,523651.0,58.524
600779.SH,2022-10-26,0.0,58.93,58.95,58.93,53.0,312360.0,58.525
600779.SH,2022-10-26,0.0,58.94,58.95,58.9,190.0,1119730.0,58.53
600779.SH,2022-10-26,0.0,58.91,58.92,58.9,71.0,418261.0,58.531
600779.SH,2022-10-26,0.0,58.92,58.94,58.9,102.0,601061.0,58.533
600779.SH,2022-10-26,0.0,58.92,58.93,58.91,72.0,424238.0,58.535
600779.SH,2022-10-26,0.0,58.95,58.95,58.92,96.0,565793.0,58.537
600779.SH,2022-10-26,0.0,59.07,59.07,58.95,381.0,2248040.0,58.547
600779.SH,2022-10-26,0.0,59.22,59.22,59.07,497.0,2937870.0,58.563
600779.SH,2022-10-26,0.0,59.46,59.46,59.0,2453.0,14491300.0,58.624
600779.SH,2022-10-26,0.0,59.41,59.46,59.4,239.0,1420440.0,58.633
600779.SH,2022-10-26,0.0,59.3,59.42,59.3,241.0,1431490.0,58.642
600779.SH,2022-10-26,0.0,59.21,59.28,59.21,195.0,1155170.0,58.647
600779.SH,2022-10-26,0.0,59.41,59.41,59.22,487.0,2890830.0,58.662
600779.SH,2022-10-26,0.0,59.43,59.46,59.4,220.0,1307450.0,58.67
600779.SH,2022-10-26,0.0,59.38,59.43,59.38,125.0,742519.0,58.674
600779.SH,2022-10-26,0.0,59.4,59.41,59.34,132.0,783819.0,58.678
600779.SH,2022-10-26,0.0,59.48,59.48,59.39,355.0,2109950.0,58.69
600779.SH,2022-10-26,0.0,59.51,59.56,59.46,558.0,3320280.0,58.71
600779.SH,2022-10-26,0.0,59.48,59.51,59.48,259.0,1540970.0,58.719
600779.SH,2022-10-26,0.0,59.54,59.55,59.44,357.0,2124020.0,58.73
600779.SH,2022-10-26,0.0,59.68,59.69,59.54,548.0,3266920.0,58.75
600779.SH,2022-10-26,0.0,59.65,59.68,59.65,205.0,1223320.0,58.758
600779.SH,2022-10-26,0.0,59.67,59.67,59.64,409.0,2439820.0,58.773
600779.SH,2022-10-26,0.0,59.71,59.73,59.68,229.0,1367160.0,58.781
600779.SH,2022-10-26,0.0,59.68,59.71,59.68,233.0,1390970.0,58.79
600779.SH,2022-10-26,0.0,59.71,59.71,59.65,225.0,1343060.0,58.797
600779.SH,2022-10-26,0.0,59.74,59.75,59.7,266.0,1588490.0,58.807
600779.SH,2022-10-26,0.0,59.9,59.9,59.71,438.0,2619470.0,58.823
600779.SH,2022-10-26,0.0,60.0,60.0,59.9,461.0,2765300.0,58.843
600779.SH,2022-10-26,0.0,60.1,60.1,59.98,430.0,2581060.0,58.862
600779.SH,2022-10-26,0.0,59.96,60.1,59.96,266.0,1596240.0,58.873
600779.SH,2022-10-26,0.0,59.97,59.98,59.95,194.0,1163220.0,58.881
600779.SH,2022-10-26,0.0,60.01,60.06,59.97,158.0,948097.0,58.887
600779.SH,2022-10-26,0.0,60.07,60.1,60.05,234.0,1406000.0,58.897
600779.SH,2022-10-26,0.0,60.16,60.16,60.07,161.0,965794.0,58.904
600779.SH,2022-10-26,0.0,60.19,60.21,60.15,265.0,1594970.0,58.916
600779.SH,2022-10-26,0.0,60.12,60.26,60.12,283.0,1705850.0,58.929
600779.SH,2022-10-26,0.0,59.96,60.05,59.96,251.0,1505860.0,58.938
600779.SH,2022-10-26,0.0,59.98,60.0,59.87,375.0,2247350.0,58.951
600779.SH,2022-10-26,0.0,59.95,60.0,59.92,178.0,1066870.0,58.957
600779.SH,2022-10-26,0.0,60.0,60.08,59.96,246.0,1476060.0,58.965
600779.SH,2022-10-26,0.0,59.98,60.01,59.98,122.0,732051.0,58.969
600779.SH,2022-10-26,0.0,59.82,59.96,59.77,239.0,1430140.0,58.976
600779.SH,2022-10-26,0.0,59.78,59.8,59.78,223.0,1333620.0,58.982
600779.SH,2022-10-26,0.0,59.74,59.77,59.72,195.0,1164850.0,58.987
600779.SH,2022-10-26,0.0,59.9,60.0,59.73,370.0,2212880.0,58.997
600779.SH,2022-10-26,0.0,59.92,60.0,59.91,33.0,197803.0,58.998
600779.SH,2022-10-26,0.0,60.03,60.04,59.91,301.0,1806010.0,59.008
600779.SH,2022-10-26,0.0,60.03,60.07,60.03,126.0,756607.0,59.012
600779.SH,2022-10-26,0.0,59.99,60.04,59.99,62.0,372035.0,59.014
600779.SH,2022-10-26,0.0,59.88,60.0,59.88,84.0,503363.0,59.016
600779.SH,2022-10-26,0.0,59.75,59.88,59.75,57.0,341175.0,59.018
600779.SH,2022-10-26,0.0,59.72,59.8,59.72,236.0,1409880.0,59.023
600779.SH,2022-10-26,0.0,59.66,59.73,59.66,126.0,752228.0,59.026
600779.SH,2022-10-26,0.0,59.68,59.68,59.62,91.0,542928.0,59.027
600779.SH,2022-10-26,0.0,59.68,59.7,59.67,46.0,274540.0,59.028
600779.SH,2022-10-26,0.0,59.67,59.69,59.67,26.0,155167.0,59.029
600779.SH,2022-10-26,0.0,59.58,59.67,59.55,164.0,977640.0,59.032
600779.SH,2022-10-26,0.0,59.57,59.6,59.56,98.0,583852.0,59.034
600779.SH,2022-10-26,0.0,59.57,59.59,59.56,52.0,309751.0,59.034
600779.SH,2022-10-26,0.0,59.69,59.69,59.56,125.0,744962.0,59.037
600779.SH,2022-10-26,0.0,59.7,59.7,59.66,41.0,244713.0,59.037
600779.SH,2022-10-26,0.0,59.75,59.75,59.69,56.0,334428.0,59.039
600779.SH,2022-10-26,0.0,59.8,59.8,59.75,86.0,514092.0,59.04
600779.SH,2022-10-26,0.0,59.78,59.82,59.75,32.0,191298.0,59.041
600779.SH,2022-10-26,0.0,59.68,59.78,59.66,21.0,125374.0,59.042
600779.SH,2022-10-26,0.0,59.7,59.7,59.67,29.0,175237.0,59.042
600779.SH,2022-10-26,0.0,59.74,59.76,59.7,22.0,131415.0,59.043
600779.SH,2022-10-26,0.0,59.72,59.74,59.72,20.0,119454.0,59.043
600779.SH,2022-10-26,0.0,59.7,59.72,59.7,23.0,137335.0,59.044
600779.SH,2022-10-26,0.0,59.77,59.77,59.72,36.0,215116.0,59.044
600779.SH,2022-10-26,0.0,59.71,59.79,59.71,176.0,1051960.0,59.048
600779.SH,2022-10-26,0.0,59.8,59.8,59.72,91.0,546174.0,59.05
600779.SH,2022-10-26,0.0,59.78,59.81,59.78,64.0,382733.0,59.052
600779.SH,2022-10-26,0.0,59.79,59.79,59.74,34.0,203179.0,59.052
600779.SH,2022-10-26,0.0,59.8,59.8,59.79,12.0,71751.0,59.053
600779.SH,2022-10-26,0.0,59.7,59.75,59.7,61.0,364316.0,59.054
600779.SH,2022-10-26,0.0,59.63,59.71,59.62,64.0,381745.0,59.055
600779.SH,2022-10-26,0.0,59.6,59.69,59.6,47.0,280243.0,59.056
600779.SH,2022-10-26,0.0,59.59,59.63,59.59,62.0,369573.0,59.057
600779.SH,2022-10-26,0.0,59.53,59.59,59.53,104.0,619477.0,59.058
600779.SH,2022-10-26,0.0,59.48,59.54,59.48,124.0,737906.0,59.06
600779.SH,2022-10-26,0.0,59.44,59.48,59.43,178.0,1058150.0,59.062
600779.SH,2022-10-26,0.0,59.46,59.48,59.44,78.0,463831.0,59.063
600779.SH,2022-10-26,0.0,59.45,59.5,59.45,122.0,725558.0,59.064
600779.SH,2022-10-26,0.0,59.51,59.51,59.45,101.0,600861.0,59.066
600779.SH,2022-10-26,0.0,59.4,59.47,59.4,225.0,1337470.0,59.068
600779.SH,2022-10-26,0.0,59.39,59.41,59.37,128.0,760306.0,59.069
600779.SH,2022-10-26,0.0,59.33,59.39,59.33,108.0,641220.0,59.07
600779.SH,2022-10-26,0.0,59.34,59.35,59.33,73.0,433148.0,59.071
600779.SH,2022-10-26,0.0,59.32,59.37,59.3,208.0,1234110.0,59.072
600779.SH,2022-10-26,0.0,59.16,59.32,59.16,162.0,959295.0,59.073
600779.SH,2022-10-26,0.0,59.39,59.39,59.16,123.0,728265.0,59.073
600779.SH,2022-10-26,0.0,59.4,59.42,59.36,28.0,166306.0,59.074
600779.SH,2022-10-26,0.0,59.29,59.4,59.29,31.0,183982.0,59.074
600779.SH,2022-10-26,0.0,59.28,59.3,59.28,47.0,278525.0,59.074
600779.SH,2022-10-26,0.0,59.26,59.28,59.26,66.0,391221.0,59.075
600779.SH,2022-10-26,0.0,59.23,59.26,59.23,29.0,171786.0,59.075
600779.SH,2022-10-26,0.0,59.19,59.26,59.16,178.0,1054020.0,59.075
600779.SH,2022-10-26,0.0,59.12,59.19,59.12,103.0,609136.0,59.076
600779.SH,2022-10-26,0.0,59.18,59.25,59.12,113.0,668504.0,59.076
600779.SH,2022-10-26,0.0,59.2,59.24,59.2,85.0,503285.0,59.076
600779.SH,2022-10-26,0.0,59.38,59.4,59.2,276.0,1634260.0,59.078
600779.SH,2022-10-26,0.0,59.4,59.42,59.38,30.0,178183.0,59.078
600779.SH,2022-10-26,0.0,59.4,59.42,59.39,47.0,279162.0,59.078
600779.SH,2022-10-26,0.0,59.4,59.41,59.38,51.0,302899.0,59.079
600779.SH,2022-10-26,0.0,59.38,59.4,59.32,87.0,516452.0,59.08
600779.SH,2022-10-26,0.0,59.3,59.38,59.3,45.0,266991.0,59.08
600779.SH,2022-10-26,0.0,59.26,59.3,59.26,48.0,284543.0,59.08
600779.SH,2022-10-26,0.0,59.2,59.26,59.2,45.0,266518.0,59.08
600779.SH,2022-10-26,0.0,59.22,59.24,59.15,199.0,1177770.0,59.081
600779.SH,2022-10-26,0.0,59.24,59.24,59.21,130.0,769993.0,59.081
600779.SH,2022-10-26,0.0,59.28,59.29,59.23,114.0,675695.0,59.082
600779.SH,2022-10-26,0.0,59.38,59.4,59.28,65.0,386017.0,59.083
600779.SH,2022-10-26,0.0,59.4,59.4,59.38,56.0,332573.0,59.083
600779.SH,2022-10-26,0.0,59.38,59.4,59.38,38.0,225682.0,59.083
600779.SH,2022-10-26,0.0,59.39,59.4,59.38,54.0,320711.0,59.084
600779.SH,2022-10-26,0.0,59.4,59.4,59.39,56.0,332618.0,59.084
600779.SH,2022-10-26,0.0,59.39,59.4,59.39,53.0,314798.0,59.085
600779.SH,2022-10-26,0.0,59.32,59.39,59.32,49.0,290944.0,59.085
600779.SH,2022-10-26,0.0,59.29,59.35,59.29,24.0,142343.0,59.085
600779.SH,2022-10-26,0.0,59.29,59.3,59.29,18.0,106724.0,59.085
600779.SH,2022-10-26,0.0,59.29,59.29,59.28,50.0,296413.0,59.086
600779.SH,2022-10-26,0.0,59.28,59.28,59.27,13.0,77060.0,59.086
600779.SH,2022-10-26,0.0,59.25,59.28,59.25,50.0,296307.0,59.086
600779.SH,2022-10-26,0.0,59.19,59.24,59.19,56.0,331582.0,59.086
600779.SH,2022-10-26,0.0,59.05,59.19,59.03,174.0,1030420.0,59.086
600779.SH,2022-10-26,0.0,59.01,59.05,59.01,226.0,1331790.0,59.086
600779.SH,2022-10-26,0.0,59.09,59.1,59.01,118.0,696657.0,59.086
600779.SH,2022-10-26,0.0,59.1,59.15,59.09,52.0,308818.0,59.086
600779.SH,2022-10-26,0.0,59.07,59.11,59.07,103.0,608713.0,59.086
600779.SH,2022-10-26,0.0,59.08,59.09,59.02,76.0,448921.0,59.086
600779.SH,2022-10-26,0.0,58.98,59.05,58.98,458.0,2702420.0,59.085
600779.SH,2022-10-26,0.0,58.84,58.98,58.83,168.0,989203.0,59.084
600779.SH,2022-10-26,0.0,58.88,58.88,58.84,301.0,1769460.0,59.082
600779.SH,2022-10-26,0.0,58.89,58.91,58.86,173.0,1018850.0,59.081
600779.SH,2022-10-26,0.0,58.95,58.95,58.89,73.0,430125.0,59.081
600779.SH,2022-10-26,0.0,58.98,58.98,58.9,46.0,271120.0,59.081
600779.SH,2022-10-26,0.0,58.97,59.05,58.94,69.0,407108.0,59.081
600779.SH,2022-10-26,0.0,58.95,58.98,58.95,86.0,507097.0,59.08
600779.SH,2022-10-26,0.0,58.96,58.97,58.95,121.0,713411.0,59.08
600779.SH,2022-10-26,0.0,58.95,58.97,58.95,177.0,1043700.0,59.08
600779.SH,2022-10-26,0.0,58.97,58.97,58.95,86.0,507112.0,59.079
600779.SH,2022-10-26,0.0,58.98,58.98,58.97,67.0,395145.0,59.079
600779.SH,2022-10-26,0.0,58.97,58.98,58.97,86.0,507203.0,59.079
600779.SH,2022-10-26,0.0,59.1,59.11,58.97,77.0,454658.0,59.079
600779.SH,2022-10-26,0.0,59.09,59.1,58.98,33.0,194848.0,59.079
600779.SH,2022-10-26,0.0,59.09,59.09,59.0,66.0,389777.0,59.079
600779.SH,2022-10-26,0.0,59.05,59.18,59.05,72.0,425548.0,59.079
600779.SH,2022-10-26,0.0,59.08,59.1,59.05,20.0,118137.0,59.079
600779.SH,2022-10-26,0.0,59.01,59.08,59.01,83.0,490146.0,59.079
600779.SH,2022-10-26,0.0,59.0,59.01,59.0,114.0,672606.0,59.079
600779.SH,2022-10-26,0.0,58.97,59.0,58.96,103.0,607442.0,59.078
600779.SH,2022-10-26,0.0,58.93,58.98,58.93,151.0,890058.0,59.078
600779.SH,2022-10-26,0.0,58.93,58.93,58.93,24.0,141422.0,59.078
600779.SH,2022-10-26,0.0,58.91,58.94,58.91,152.0,895656.0,59.077
600779.SH,2022-10-26,0.0,58.93,58.94,58.91,41.0,241620.0,59.077
600779.SH,2022-10-26,0.0,58.97,58.98,58.93,116.0,683967.0,59.077
600779.SH,2022-10-26,0.0,58.94,58.97,58.94,53.0,312443.0,59.077
600779.SH,2022-10-26,0.0,58.98,58.98,58.96,77.0,454076.0,59.076
600779.SH,2022-10-26,0.0,58.97,58.98,58.96,69.0,406872.0,59.076
600779.SH,2022-10-26,0.0,58.96,58.97,58.94,83.0,489360.0,59.076
600779.SH,2022-10-26,0.0,58.95,58.96,58.94,88.0,518742.0,59.076
600779.SH,2022-10-26,0.0,58.96,58.97,58.94,56.0,330149.0,59.075
600779.SH,2022-10-26,0.0,59.0,59.0,58.96,88.0,518995.0,59.075
600779.SH,2022-10-26,0.0,59.0,59.01,58.98,112.0,660658.0,59.075
600779.SH,2022-10-26,0.0,59.07,59.07,59.0,74.0,436905.0,59.075
600779.SH,2022-10-26,0.0,59.07,59.07,59.05,156.0,921370.0,59.075
600779.SH,2022-10-26,0.0,59.07,59.07,59.03,47.0,277606.0,59.075
600779.SH,2022-10-26,0.0,59.05,59.06,59.05,39.0,230287.0,59.075
600779.SH,2022-10-26,0.0,59.0,59.05,59.0,90.0,531236.0,59.075
600779.SH,2022-10-26,0.0,59.01,59.04,59.0,53.0,312767.0,59.075
600779.SH,2022-10-26,0.0,59.03,59.04,59.01,64.0,377792.0,59.075
600779.SH,2022-10-26,0.0,59.03,59.03,59.03,43.0,253817.0,59.075
600779.SH,2022-10-26,0.0,59.06,59.06,59.03,173.0,1021490.0,59.074
600779.SH,2022-10-26,0.0,59.1,59.1,59.06,139.0,821314.0,59.075
600779.SH,2022-10-26,0.0,59.15,59.15,59.09,119.0,703322.0,59.075
600779.SH,2022-10-26,0.0,59.31,59.31,59.15,143.0,847031.0,59.075
600779.SH,2022-10-26,0.0,59.24,59.3,59.24,179.0,1061240.0,59.076
600779.SH,2022-10-26,0.0,59.3,59.35,59.24,156.0,925198.0,59.077
600779.SH,2022-10-26,0.0,59.38,59.39,59.3,195.0,1157230.0,59.078
600779.SH,2022-10-26,0.0,59.33,59.38,59.3,205.0,1216660.0,59.079
600779.SH,2022-10-26,0.0,59.32,59.34,59.3,116.0,688155.0,59.08
600779.SH,2022-10-26,0.0,59.32,59.33,59.31,91.0,539799.0,59.08
600779.SH,2022-10-26,0.0,59.28,59.33,59.28,226.0,1340440.0,59.082
600779.SH,2022-10-26,0.0,59.23,59.28,59.21,183.0,1084350.0,59.082
600779.SH,2022-10-26,0.0,59.21,59.24,59.2,237.0,1403370.0,59.083
600779.SH,2022-10-26,0.0,59.27,59.28,59.22,231.0,1368650.0,59.084
600779.SH,2022-10-26,0.0,59.29,59.3,59.25,299.0,1772660.0,59.085
600779.SH,2022-10-26,0.0,59.28,59.28,59.28,4.0,23717.0,59.085
600779.SH,2022-10-26,0.0,59.28,59.28,59.28,0.0,0.0,59.085
600779.SH,2022-10-26,0.0,59.29,59.29,59.29,338.0,2005480.0,59.087
600779.SH,2022-10-27,0.0,59.65,59.65,59.65,72.0,429480.0,59.65
600779.SH,2022-10-27,0.0,59.7,59.96,59.69,533.0,3189870.0,59.824
600779.SH,2022-10-27,0.0,59.42,59.7,59.32,457.0,2719440.0,59.687
600779.SH,2022-10-27,0.0,59.48,59.49,59.42,190.0,1128280.0,59.654
600779.SH,2022-10-27,0.0,59.22,59.48,59.22,906.0,5378050.0,59.523
600779.SH,2022-10-27,0.0,59.01,59.2,59.0,316.0,1867290.0,59.468
600779.SH,2022-10-27,0.0,59.05,59.05,58.89,537.0,3166320.0,59.378
600779.SH,2022-10-27,0.0,59.3,59.3,59.05,259.0,1531760.0,59.359
600779.SH,2022-10-27,0.0,59.37,59.39,59.3,292.0,1732200.0,59.356
600779.SH,2022-10-27,0.0,59.45,59.66,59.42,316.0,1881260.0,59.371
600779.SH,2022-10-27,0.0,59.59,59.68,59.36,369.0,2196480.0,59.384
600779.SH,2022-10-27,0.0,59.49,59.68,59.49,457.0,2724870.0,59.408
600779.SH,2022-10-27,0.0,59.53,59.66,59.49,336.0,2000560.0,59.416
600779.SH,2022-10-27,0.0,59.4,59.58,59.4,191.0,1136060.0,59.419
600779.SH,2022-10-27,0.0,59.3,59.34,59.25,267.0,1583360.0,59.413
600779.SH,2022-10-27,0.0,59.18,59.3,59.08,147.0,870701.0,59.408
600779.SH,2022-10-27,0.0,59.04,59.13,59.04,317.0,1874950.0,59.394
600779.SH,2022-10-27,0.0,59.17,59.21,59.13,232.0,1370810.0,59.383
600779.SH,2022-10-27,0.0,59.22,59.22,59.18,110.0,651292.0,59.38
600779.SH,2022-10-27,0.0,59.1,59.28,59.09,207.0,1225580.0,59.374
600779.SH,2022-10-27,0.0,58.9,59.09,58.9,286.0,1687450.0,59.359
600779.SH,2022-10-27,0.0,58.9,58.95,58.89,291.0,1714260.0,59.34
600779.SH,2022-10-27,0.0,58.96,59.0,58.88,272.0,1602980.0,59.325
600779.SH,2022-10-27,0.0,58.81,58.97,58.81,266.0,1566410.0,59.31
600779.SH,2022-10-27,0.0,58.8,58.84,58.74,434.0,2551020.0,59.281
600779.SH,2022-10-27,0.0,58.96,58.96,58.79,163.0,959782.0,59.273
600779.SH,2022-10-27,0.0,59.02,59.08,58.96,128.0,755287.0,59.269
600779.SH,2022-10-27,0.0,59.21,59.23,59.0,122.0,720655.0,59.266
600779.SH,2022-10-27,0.0,59.2,59.21,59.16,115.0,680795.0,59.266
600779.SH,2022-10-27,0.0,59.55,59.57,59.21,277.0,1645900.0,59.27
600779.SH,2022-10-27,0.0,59.29,59.56,59.29,89.0,528734.0,59.272
600779.SH,2022-10-27,0.0,59.33,59.35,59.26,524.0,3107680.0,59.274
600779.SH,2022-10-27,0.0,59.28,59.35,59.27,159.0,943035.0,59.274
600779.SH,2022-10-27,0.0,59.32,59.37,59.28,160.0,949182.0,59.275
600779.SH,2022-10-27,0.0,59.32,59.35,59.27,91.0,539746.0,59.275
600779.SH,2022-10-27,0.0,59.32,59.34,59.31,43.0,255110.0,59.276
600779.SH,2022-10-27,0.0,59.35,59.35,59.28,139.0,826982.0,59.276
600779.SH,2022-10-27,0.0,59.31,59.35,59.31,65.0,385607.0,59.276
600779.SH,2022-10-27,0.0,59.25,59.31,59.25,63.0,373421.0,59.276
600779.SH,2022-10-27,0.0,59.14,59.25,59.11,63.0,372769.0,59.276
600779.SH,2022-10-27,0.0,59.38,59.39,59.14,62.0,367677.0,59.276
600779.SH,2022-10-27,0.0,59.32,59.38,59.32,78.0,462853.0,59.276
600779.SH,2022-10-27,0.0,59.26,59.32,59.26,5.0,29645.0,59.276
600779.SH,2022-10-27,0.0,59.28,59.3,59.26,59.0,349758.0,59.276
600779.SH,2022-10-27,0.0,59.23,59.26,59.21,34.0,201390.0,59.276
600779.SH,2022-10-27,0.0,59.23,59.26,59.21,70.0,414594.0,59.276
600779.SH,2022-10-27,0.0,59.23,59.26,59.22,45.0,266570.0,59.276
600779.SH,2022-10-27,0.0,59.24,59.28,59.23,42.0,248798.0,59.276
600779.SH,2022-10-27,0.0,59.28,59.28,59.24,44.0,260692.0,59.275
600779.SH,2022-10-27,0.0,59.24,59.28,59.24,75.0,444567.0,59.275
600779.SH,2022-10-27,0.0,59.15,59.25,59.15,79.0,467741.0,59.275
600779.SH,2022-10-27,0.0,59.11,59.19,59.1,54.0,319303.0,59.274
600779.SH,2022-10-27,0.0,59.01,59.11,59.01,41.0,242263.0,59.274
600779.SH,2022-10-27,0.0,59.09,59.11,59.02,85.0,502213.0,59.272
600779.SH,2022-10-27,0.0,59.11,59.11,59.09,28.0,165486.0,59.272
600779.SH,2022-10-27,0.0,59.15,59.2,59.1,80.0,473080.0,59.271
600779.SH,2022-10-27,0.0,59.01,59.19,59.01,108.0,638497.0,59.269
600779.SH,2022-10-27,0.0,58.97,59.08,58.97,134.0,790682.0,59.266
600779.SH,2022-10-27,0.0,59.12,59.12,58.97,48.0,283404.0,59.265
600779.SH,2022-10-27,0.0,59.02,59.12,59.01,44.0,259993.0,59.265
600779.SH,2022-10-27,0.0,59.1,59.1,59.02,50.0,295198.0,59.264
600779.SH,2022-10-27,0.0,59.1,59.1,59.05,72.0,425368.0,59.262
600779.SH,2022-10-27,0.0,59.16,59.17,59.06,138.0,816001.0,59.261
600779.SH,2022-10-27,0.0,59.15,59.2,59.15,22.0,130184.0,59.261
600779.SH,2022-10-27,0.0,59.16,59.16,59.06,44.0,260119.0,59.26
600779.SH,2022-10-27,0.0,59.11,59.14,59.08,25.0,147776.0,59.26
600779.SH,2022-10-27,0.0,59.04,59.14,59.04,64.0,378064.0,59.259
600779.SH,2022-10-27,0.0,59.0,59.05,58.99,156.0,920483.0,59.256
600779.SH,2022-10-27,0.0,58.96,59.0,58.95,178.0,1049710.0,59.251
600779.SH,2022-10-27,0.0,59.01,59.01,58.96,353.0,2082890.0,59.245
600779.SH,2022-10-27,0.0,59.01,59.02,59.0,51.0,300944.0,59.244
600779.SH,2022-10-27,0.0,58.96,59.01,58.96,69.0,406993.0,59.242
600779.SH,2022-10-27,0.0,58.91,58.97,58.91,69.0,406601.0,59.24
600779.SH,2022-10-27,0.0,58.91,58.93,58.91,83.0,489041.0,59.238
600779.SH,2022-10-27,0.0,58.94,58.94,58.91,56.0,329958.0,59.237
600779.SH,2022-10-27,0.0,58.9,58.95,58.9,109.0,642306.0,59.234
600779.SH,2022-10-27,0.0,58.91,58.94,58.9,58.0,341701.0,59.233
600779.SH,2022-10-27,0.0,58.87,58.91,58.87,158.0,930639.0,59.229
600779.SH,2022-10-27,0.0,58.87,58.87,58.85,99.0,582743.0,59.226
600779.SH,2022-10-27,0.0,58.89,58.89,58.85,193.0,1135910.0,59.221
600779.SH,2022-10-27,0.0,58.98,58.98,58.89,137.0,806925.0,59.218
600779.SH,2022-10-27,0.0,58.95,59.0,58.95,52.0,306723.0,59.217
600779.SH,2022-10-27,0.0,58.92,58.95,58.91,41.0,241649.0,59.216
600779.SH,2022-10-27,0.0,58.96,58.97,58.92,44.0,259426.0,59.215
600779.SH,2022-10-27,0.0,58.86,58.97,58.84,107.0,630452.0,59.213
600779.SH,2022-10-27,0.0,58.78,58.86,58.78,226.0,1329100.0,59.207
600779.SH,2022-10-27,0.0,58.7,58.77,58.7,185.0,1086480.0,59.2
600779.SH,2022-10-27,0.0,58.74,58.76,58.74,97.0,569877.0,59.197
600779.SH,2022-10-27,0.0,58.73,58.74,58.71,78.0,458034.0,59.195
600779.SH,2022-10-27,0.0,58.6,58.71,58.58,282.0,1653860.0,59.184
600779.SH,2022-10-27,0.0,58.61,58.61,58.57,176.0,1031420.0,59.178
600779.SH,2022-10-27,0.0,58.61,58.61,58.58,134.0,785274.0,59.172
600779.SH,2022-10-27,0.0,58.65,58.65,58.62,186.0,1090340.0,59.166
600779.SH,2022-10-27,0.0,58.62,58.65,58.62,73.0,428067.0,59.163
600779.SH,2022-10-27,0.0,58.68,58.68,58.62,208.0,1222280.0,59.156
600779.SH,2022-10-27,0.0,58.7,58.7,58.66,82.0,480160.0,59.154
600779.SH,2022-10-27,0.0,58.69,58.72,58.68,160.0,939070.0,59.149
600779.SH,2022-10-27,0.0,58.65,58.69,58.64,68.0,398923.0,59.147
600779.SH,2022-10-27,0.0,58.71,58.71,58.64,57.0,334472.0,59.145
600779.SH,2022-10-27,0.0,58.72,58.73,58.69,58.0,340493.0,59.144
600779.SH,2022-10-27,0.0,58.7,58.73,58.69,89.0,522471.0,59.141
600779.SH,2022-10-27,0.0,58.68,58.71,58.67,61.0,358016.0,59.14
600779.SH,2022-10-27,0.0,58.53,58.67,58.53,303.0,1774280.0,59.13
600779.SH,2022-10-27,0.0,58.53,58.53,58.52,110.0,643776.0,59.126
600779.SH,2022-10-27,0.0,58.36,58.53,58.36,352.0,2057910.0,59.112
600779.SH,2022-10-27,0.0,58.31,58.36,58.3,210.0,1225030.0,59.102
600779.SH,2022-10-27,0.0,58.4,58.4,58.33,111.0,647775.0,59.098
600779.SH,2022-10-27,0.0,58.34,58.4,58.34,83.0,484465.0,59.094
600779.SH,2022-10-27,0.0,58.35,58.36,58.34,57.0,332604.0,59.092
600779.SH,2022-10-27,0.0,58.37,58.37,58.34,90.0,525207.0,59.088
600779.SH,2022-10-27,0.0,58.4,58.49,58.37,128.0,747415.0,59.083
600779.SH,2022-10-27,0.0,58.45,58.49,58.4,32.0,187000.0,59.082
600779.SH,2022-10-27,0.0,58.33,58.47,58.33,198.0,1156000.0,59.074
600779.SH,2022-10-27,0.0,58.25,58.33,58.25,163.0,950336.0,59.067
600779.SH,2022-10-27,0.0,58.26,58.28,58.26,60.0,349605.0,59.064
600779.SH,2022-10-27,0.0,58.12,58.27,58.11,184.0,1070820.0,59.055
600779.SH,2022-10-27,0.0,58.27,58.27,58.12,97.0,564275.0,59.051
600779.SH,2022-10-27,0.0,58.36,58.37,58.21,89.0,518962.0,59.047
600779.SH,2022-10-27,0.0,58.29,58.3,58.22,77.0,448599.0,59.044
600779.SH,2022-10-27,0.0,58.26,58.29,58.23,27.0,157303.0,59.043
600779.SH,2022-10-27,0.0,58.34,58.35,58.26,33.0,192399.0,59.041
600779.SH,2022-10-27,0.0,58.08,58.35,58.08,437.0,2545060.0,59.023
600779.SH,2022-10-27,0.0,58.15,58.21,58.08,144.0,837297.0,59.016
600779.SH,2022-10-27,0.0,58.01,58.14,58.0,366.0,2124080.0,58.998
600779.SH,2022-10-27,0.0,57.91,58.0,57.91,304.0,1762690.0,58.982
600779.SH,2022-10-27,0.0,57.88,57.91,57.87,175.0,1013200.0,58.973
600779.SH,2022-10-27,0.0,57.87,57.88,57.86,112.0,648102.0,58.967
600779.SH,2022-10-27,0.0,57.81,57.87,57.8,162.0,936862.0,58.958
600779.SH,2022-10-27,0.0,57.72,57.8,57.72,145.0,837798.0,58.949
600779.SH,2022-10-27,0.0,57.85,57.85,57.72,228.0,1317500.0,58.936
600779.SH,2022-10-27,0.0,57.94,57.94,57.87,135.0,781654.0,58.93
600779.SH,2022-10-27,0.0,57.71,57.89,57.71,334.0,1930750.0,58.912
600779.SH,2022-10-27,0.0,57.68,57.71,57.65,211.0,1217060.0,58.9
600779.SH,2022-10-27,0.0,57.65,57.67,57.65,156.0,899606.0,58.891
600779.SH,2022-10-27,0.0,57.89,58.1,57.63,193.0,1113570.0,58.88
600779.SH,2022-10-27,0.0,57.9,57.94,57.83,149.0,862378.0,58.873
600779.SH,2022-10-27,0.0,57.74,57.9,57.73,160.0,924981.0,58.865
600779.SH,2022-10-27,0.0,57.78,57.78,57.73,112.0,646953.0,58.86
600779.SH,2022-10-27,0.0,57.79,57.83,57.77,165.0,953522.0,58.852
600779.SH,2022-10-27,0.0,57.7,57.85,57.7,403.0,2328890.0,58.833
600779.SH,2022-10-27,0.0,57.62,57.7,57.62,185.0,1066590.0,58.823
600779.SH,2022-10-27,0.0,57.66,57.66,57.63,230.0,1325690.0,58.811
600779.SH,2022-10-27,0.0,57.66,57.69,57.65,140.0,807389.0,58.805
600779.SH,2022-10-27,0.0,57.57,57.67,57.57,414.0,2384980.0,58.784
600779.SH,2022-10-27,0.0,57.7,57.74,57.59,217.0,1251400.0,58.773
600779.SH,2022-10-27,0.0,57.8,57.81,57.7,170.0,981677.0,58.766
600779.SH,2022-10-27,0.0,57.92,58.0,57.8,164.0,948457.0,58.76
600779.SH,2022-10-27,0.0,57.8,57.88,57.78,267.0,1545400.0,58.75
600779.SH,2022-10-27,0.0,57.77,57.8,57.76,115.0,664418.0,58.746
600779.SH,2022-10-27,0.0,57.66,57.77,57.66,202.0,1165930.0,58.737
600779.SH,2022-10-27,0.0,57.69,57.71,57.65,125.0,721039.0,58.732
600779.SH,2022-10-27,0.0,57.59,57.6,57.55,325.0,1871690.0,58.717
600779.SH,2022-10-27,0.0,57.45,57.59,57.45,504.0,2899500.0,58.694
600779.SH,2022-10-27,0.0,57.3,57.47,57.23,287.0,1645900.0,58.679
600779.SH,2022-10-27,0.0,57.32,57.4,57.3,191.0,1094860.0,58.669
600779.SH,2022-10-27,0.0,57.42,57.42,57.32,92.0,528081.0,58.665
600779.SH,2022-10-27,0.0,57.49,57.49,57.42,128.0,735251.0,58.659
600779.SH,2022-10-27,0.0,57.47,57.52,57.45,263.0,1511630.0,58.647
600779.SH,2022-10-27,0.0,57.53,57.54,57.48,127.0,730157.0,58.642
600779.SH,2022-10-27,0.0,57.72,57.72,57.53,529.0,3047310.0,58.621
600779.SH,2022-10-27,0.0,57.89,57.89,57.72,105.0,604419.0,58.618
600779.SH,2022-10-27,0.0,57.85,57.89,57.72,141.0,817369.0,58.614
600779.SH,2022-10-27,0.0,57.67,57.85,57.67,145.0,836940.0,58.609
600779.SH,2022-10-27,0.0,57.66,57.7,57.61,76.0,439154.0,58.607
600779.SH,2022-10-27,0.0,57.75,57.75,57.65,48.0,276873.0,58.605
600779.SH,2022-10-27,0.0,57.84,57.88,57.74,101.0,584196.0,58.602
600779.SH,2022-10-27,0.0,57.84,57.87,57.79,93.0,537801.0,58.6
600779.SH,2022-10-27,0.0,58.04,58.04,57.84,159.0,920895.0,58.596
600779.SH,2022-10-27,0.0,58.19,58.19,58.03,182.0,1057400.0,58.593
600779.SH,2022-10-27,0.0,58.25,58.31,58.19,212.0,1235100.0,58.59
600779.SH,2022-10-27,0.0,58.19,58.25,58.17,223.0,1298470.0,58.587
600779.SH,2022-10-27,0.0,58.15,58.2,58.15,181.0,1052740.0,58.585
600779.SH,2022-10-27,0.0,58.28,58.28,58.17,202.0,1176160.0,58.582
600779.SH,2022-10-27,0.0,58.36,58.36,58.27,164.0,956451.0,58.581
600779.SH,2022-10-27,0.0,58.2,58.34,58.2,108.0,629689.0,58.58
600779.SH,2022-10-27,0.0,58.21,58.23,58.2,55.0,320187.0,58.579
600779.SH,2022-10-27,0.0,58.14,58.21,58.14,118.0,686558.0,58.578
600779.SH,2022-10-27,0.0,58.09,58.14,58.09,113.0,656806.0,58.576
600779.SH,2022-10-27,0.0,58.05,58.09,58.05,54.0,313544.0,58.575
600779.SH,2022-10-27,0.0,58.01,58.04,58.01,41.0,237906.0,58.574
600779.SH,2022-10-27,0.0,58.02,58.02,58.0,55.0,319051.0,58.573
600779.SH,2022-10-27,0.0,57.86,58.02,57.81,163.0,944144.0,58.57
600779.SH,2022-10-27,0.0,57.8,57.88,57.8,122.0,705584.0,58.567
600779.SH,2022-10-27,0.0,57.8,57.84,57.8,122.0,705285.0,58.564
600779.SH,2022-10-27,0.0,57.75,57.82,57.75,256.0,1479770.0,58.557
600779.SH,2022-10-27,0.0,57.76,57.77,57.75,70.0,404251.0,58.555
600779.SH,2022-10-27,0.0,57.76,57.78,57.75,121.0,699001.0,58.552
600779.SH,2022-10-27,0.0,57.76,57.78,57.75,56.0,323454.0,58.551
600779.SH,2022-10-27,0.0,57.76,57.77,57.7,177.0,1022090.0,58.546
600779.SH,2022-10-27,0.0,57.73,57.76,57.72,51.0,294453.0,58.545
600779.SH,2022-10-27,0.0,57.76,57.77,57.72,157.0,906541.0,58.541
600779.SH,2022-10-27,0.0,57.79,57.79,57.76,98.0,566228.0,58.538
600779.SH,2022-10-27,0.0,57.81,57.81,57.78,140.0,810662.0,58.535
600779.SH,2022-10-27,0.0,57.75,57.79,57.75,92.0,531443.0,58.533
600779.SH,2022-10-27,0.0,57.69,57.76,57.69,349.0,2014030.0,58.524
600779.SH,2022-10-27,0.0,57.67,57.7,57.67,53.0,305725.0,58.522
600779.SH,2022-10-27,0.0,57.65,57.67,57.63,76.0,438196.0,58.52
600779.SH,2022-10-27,0.0,57.7,57.7,57.65,225.0,1297860.0,58.515
600779.SH,2022-10-27,0.0,57.7,57.7,57.69,76.0,438489.0,58.513
600779.SH,2022-10-27,0.0,57.69,57.69,57.68,80.0,461484.0,58.511
600779.SH,2022-10-27,0.0,57.68,57.69,57.68,155.0,894110.0,58.507
600779.SH,2022-10-27,0.0,57.74,57.75,57.67,386.0,2227150.0,58.497
600779.SH,2022-10-27,0.0,57.75,57.75,57.72,59.0,340635.0,58.496
600779.SH,2022-10-27,0.0,57.74,57.76,57.74,94.0,542878.0,58.494
600779.SH,2022-10-27,0.0,57.7,57.75,57.7,59.0,340668.0,58.492
600779.SH,2022-10-27,0.0,57.74,57.75,57.7,78.0,450334.0,58.491
600779.SH,2022-10-27,0.0,57.72,57.75,57.71,53.0,305942.0,58.489
600779.SH,2022-10-27,0.0,57.69,57.71,57.69,108.0,624918.0,58.487
600779.SH,2022-10-27,0.0,57.71,57.72,57.69,40.0,230801.0,58.486
600779.SH,2022-10-27,0.0,57.71,57.72,57.7,115.0,665728.0,58.483
600779.SH,2022-10-27,0.0,57.66,57.72,57.66,137.0,788510.0,58.48
600779.SH,2022-10-27,0.0,57.57,57.66,57.57,243.0,1400140.0,58.474
600779.SH,2022-10-27,0.0,57.51,57.57,57.51,231.0,1328950.0,58.467
600779.SH,2022-10-27,0.0,57.59,57.59,57.5,118.0,678938.0,58.464
600779.SH,2022-10-27,0.0,57.5,57.59,57.5,359.0,2064880.0,58.454
600779.SH,2022-10-27,0.0,57.49,57.53,57.49,141.0,810828.0,58.45
600779.SH,2022-10-27,0.0,57.45,57.49,57.42,253.0,1453520.0,58.443
600779.SH,2022-10-27,0.0,57.41,57.45,57.4,128.0,735059.0,58.44
600779.SH,2022-10-27,0.0,57.48,57.48,57.4,237.0,1360710.0,58.433
600779.SH,2022-10-27,0.0,57.56,57.57,57.48,155.0,891281.0,58.429
600779.SH,2022-10-27,0.0,57.6,57.6,57.56,105.0,604567.0,58.426
600779.SH,2022-10-27,0.0,57.59,57.61,57.59,88.0,506897.0,58.424
600779.SH,2022-10-27,0.0,57.58,57.63,57.58,162.0,933073.0,58.42
600779.SH,2022-10-27,0.0,57.58,57.59,57.58,94.0,541284.0,58.418
600779.SH,2022-10-27,0.0,57.57,57.58,57.57,153.0,880977.0,58.415
600779.SH,2022-10-27,0.0,57.57,57.59,57.55,150.0,863520.0,58.411
600779.SH,2022-10-27,0.0,57.46,57.57,57.41,320.0,1838990.0,58.403
600779.SH,2022-10-27,0.0,57.43,57.49,57.43,116.0,666483.0,58.4
600779.SH,2022-10-27,0.0,57.42,57.45,57.42,218.0,1251950.0,58.394
600779.SH,2022-10-27,0.0,57.43,57.43,57.4,249.0,1429560.0,58.388
600779.SH,2022-10-27,0.0,57.45,57.45,57.43,140.0,804079.0,58.384
600779.SH,2022-10-27,0.0,57.46,57.47,57.43,148.0,850242.0,58.38
600779.SH,2022-10-27,0.0,57.51,57.52,57.46,125.0,718606.0,58.377
600779.SH,2022-10-27,0.0,57.5,57.51,57.49,130.0,747517.0,58.374
600779.SH,2022-10-27,0.0,57.56,57.56,57.5,125.0,719049.0,58.371
600779.SH,2022-10-27,0.0,57.55,57.56,57.53,174.0,1001220.0,58.368
600779.SH,2022-10-27,0.0,57.57,57.57,57.54,219.0,1260440.0,58.363
600779.SH,2022-10-27,0.0,57.57,57.58,57.56,205.0,1180120.0,58.359
600779.SH,2022-10-27,0.0,57.57,57.57,57.57,4.0,23028.0,58.359
600779.SH,2022-10-27,0.0,57.57,57.57,57.57,0.0,0.0,58.359
600779.SH,2022-10-27,0.0,57.56,57.56,57.56,333.0,1915250.0,58.352
600779.SH,2022-10-28,0.0,57.68,57.68,57.68,72.0,415296.0,57.68
600779.SH,2022-10-28,0.0,57.3,57.67,57.3,580.0,3334320.0,57.535
600779.SH,2022-10-28,0.0,56.52,57.35,56.51,649.0,3700240.0,57.275
600779.SH,2022-10-28,0.0,57.03,57.03,56.52,510.0,2893700.0,57.124
600779.SH,2022-10-28,0.0,56.8,57.04,56.8,378.0,2149420.0,57.079
600779.SH,2022-10-28,0.0,56.5,56.8,56.5,868.0,4912650.0,56.942
600779.SH,2022-10-28,0.0,56.74,56.8,56.51,370.0,2096370.0,56.912
600779.SH,2022-10-28,0.0,56.53,56.77,56.5,689.0,3897600.0,56.854
600779.SH,2022-10-28,0.0,56.8,56.8,56.5,415.0,2348780.0,56.835
600779.SH,2022-10-28,0.0,56.71,56.95,56.6,377.0,2137910.0,56.825
600779.SH,2022-10-28,0.0,57.13,57.13,56.67,398.0,2266610.0,56.835
600779.SH,2022-10-28,0.0,57.28,57.28,57.08,350.0,2001860.0,56.856
600779.SH,2022-10-28,0.0,57.29,57.3,57.18,231.0,1322190.0,56.871
600779.SH,2022-10-28,0.0,57.59,57.61,57.3,399.0,2293850.0,56.91
600779.SH,2022-10-28,0.0,57.56,57.59,57.51,375.0,2158510.0,56.947
600779.SH,2022-10-28,0.0,57.86,57.91,57.59,478.0,2762140.0,57.003
600779.SH,2022-10-28,0.0,57.78,57.95,57.68,376.0,2176470.0,57.047
600779.SH,2022-10-28,0.0,57.95,57.95,57.64,445.0,2574670.0,57.092
600779.SH,2022-10-28,0.0,57.85,57.99,57.84,333.0,1929180.0,57.126
600779.SH,2022-10-28,0.0,57.65,57.88,57.65,194.0,1121470.0,57.142
600779.SH,2022-10-28,0.0,57.41,57.65,57.35,339.0,1948410.0,57.155
600779.SH,2022-10-28,0.0,57.42,57.44,57.36,189.0,1084740.0,57.16
600779.SH,2022-10-28,0.0,57.61,57.78,57.44,198.0,1141500.0,57.17
600779.SH,2022-10-28,0.0,57.33,57.58,57.33,282.0,1618800.0,57.177
600779.SH,2022-10-28,0.0,57.42,57.42,57.29,248.0,1422190.0,57.181
600779.SH,2022-10-28,0.0,57.4,57.55,57.39,154.0,884708.0,57.186
600779.SH,2022-10-28,0.0,57.47,57.51,57.4,120.0,689496.0,57.189
600779.SH,2022-10-28,0.0,57.43,57.51,57.4,89.0,511235.0,57.191
600779.SH,2022-10-28,0.0,57.41,57.47,57.41,122.0,700781.0,57.194
600779.SH,2022-10-28,0.0,57.38,57.39,57.34,93.0,533456.0,57.196
600779.SH,2022-10-28,0.0,57.56,57.56,57.38,129.0,742095.0,57.2
600779.SH,2022-10-28,0.0,57.52,57.69,57.52,237.0,1365290.0,57.209
600779.SH,2022-10-28,0.0,57.67,57.67,57.51,156.0,898127.0,57.214
600779.SH,2022-10-28,0.0,57.61,57.69,57.58,220.0,1268240.0,57.223
600779.SH,2022-10-28,0.0,57.34,57.61,57.34,98.0,562838.0,57.224
600779.SH,2022-10-28,0.0,57.3,57.35,57.3,79.0,452853.0,57.225
600779.SH,2022-10-28,0.0,57.24,57.31,57.18,397.0,2273840.0,57.227
600779.SH,2022-10-28,0.0,57.15,57.18,57.11,103.0,588557.0,57.226
600779.SH,2022-10-28,0.0,57.03,57.15,57.03,113.0,645215.0,57.225
600779.SH,2022-10-28,0.0,57.01,57.03,57.0,107.0,609983.0,57.223
600779.SH,2022-10-28,0.0,57.13,57.15,57.0,211.0,1204710.0,57.221
600779.SH,2022-10-28,0.0,57.34,57.34,57.13,81.0,463934.0,57.221
600779.SH,2022-10-28,0.0,57.5,57.5,57.3,57.0,327060.0,57.222
600779.SH,2022-10-28,0.0,57.43,57.57,57.43,150.0,862468.0,57.225
600779.SH,2022-10-28,0.0,57.32,57.43,57.32,105.0,602361.0,57.226
600779.SH,2022-10-28,0.0,57.25,57.32,57.25,97.0,555786.0,57.227
600779.SH,2022-10-28,0.0,57.3,57.3,57.21,52.0,297750.0,57.227
600779.SH,2022-10-28,0.0,57.17,57.3,57.17,57.0,326289.0,57.227
600779.SH,2022-10-28,0.0,57.18,57.21,57.14,61.0,348720.0,57.227
600779.SH,2022-10-28,0.0,57.21,57.21,57.17,39.0,223012.0,57.227
600779.SH,2022-10-28,0.0,57.3,57.3,57.2,38.0,217508.0,57.227
600779.SH,2022-10-28,0.0,57.21,57.3,57.16,119.0,680616.0,57.226
600779.SH,2022-10-28,0.0,57.28,57.28,57.21,81.0,463531.0,57.226
600779.SH,2022-10-28,0.0,57.26,57.28,57.22,56.0,322428.0,57.226
600779.SH,2022-10-28,0.0,57.26,57.29,57.21,85.0,486784.0,57.227
600779.SH,2022-10-28,0.0,57.25,57.3,57.21,57.0,326417.0,57.227
600779.SH,2022-10-28,0.0,57.02,57.23,57.02,102.0,583044.0,57.226
600779.SH,2022-10-28,0.0,57.06,57.1,57.02,20.0,114137.0,57.226
600779.SH,2022-10-28,0.0,57.03,57.07,57.02,81.0,461956.0,57.225
600779.SH,2022-10-28,0.0,56.89,57.02,56.88,312.0,1777390.0,57.219
600779.SH,2022-10-28,0.0,56.9,56.91,56.89,133.0,756685.0,57.216
600779.SH,2022-10-28,0.0,56.72,56.91,56.72,505.0,2871810.0,57.204
600779.SH,2022-10-28,0.0,56.78,56.8,56.7,167.0,947739.0,57.199
600779.SH,2022-10-28,0.0,56.78,56.8,56.76,136.0,772161.0,57.195
600779.SH,2022-10-28,0.0,56.74,56.8,56.74,150.0,851619.0,57.191
600779.SH,2022-10-28,0.0,56.77,56.77,56.74,81.0,459761.0,57.188
600779.SH,2022-10-28,0.0,56.82,56.82,56.77,59.0,335036.0,57.187
600779.SH,2022-10-28,0.0,56.91,56.91,56.82,130.0,739198.0,57.184
600779.SH,2022-10-28,0.0,56.82,56.91,56.81,109.0,619911.0,57.182
600779.SH,2022-10-28,0.0,56.79,56.85,56.79,106.0,602251.0,57.179
600779.SH,2022-10-28,0.0,56.74,56.83,56.74,279.0,1583560.0,57.172
600779.SH,2022-10-28,0.0,56.72,56.74,56.7,159.0,901811.0,57.167
600779.SH,2022-10-28,0.0,56.78,56.78,56.72,50.0,283761.0,57.166
600779.SH,2022-10-28,0.0,56.85,56.85,56.78,59.0,335115.0,57.164
600779.SH,2022-10-28,0.0,56.9,56.9,56.83,45.0,255867.0,57.164
600779.SH,2022-10-28,0.0,56.9,56.9,56.85,43.0,244652.0,57.163
600779.SH,2022-10-28,0.0,56.8,56.91,56.8,113.0,642549.0,57.161
600779.SH,2022-10-28,0.0,56.67,56.8,56.66,295.0,1673270.0,57.153
600779.SH,2022-10-28,0.0,56.68,56.68,56.66,55.0,311720.0,57.151
600779.SH,2022-10-28,0.0,56.63,56.68,56.63,221.0,1252200.0,57.145
600779.SH,2022-10-28,0.0,56.61,56.65,56.6,109.0,617128.0,57.141
600779.SH,2022-10-28,0.0,56.58,56.61,56.58,198.0,1120650.0,57.135
600779.SH,2022-10-28,0.0,56.66,56.66,56.59,70.0,396308.0,57.133
600779.SH,2022-10-28,0.0,56.68,56.68,56.63,106.0,600485.0,57.13
600779.SH,2022-10-28,0.0,56.74,56.79,56.7,39.0,221246.0,57.129
600779.SH,2022-10-28,0.0,56.77,56.78,56.73,66.0,374548.0,57.128
600779.SH,2022-10-28,0.0,56.72,56.75,56.71,125.0,709162.0,57.125
600779.SH,2022-10-28,0.0,56.72,56.73,56.7,44.0,249569.0,57.124
600779.SH,2022-10-28,0.0,56.7,56.73,56.7,71.0,402628.0,57.122
600779.SH,2022-10-28,0.0,56.69,56.7,56.65,59.0,334441.0,57.121
600779.SH,2022-10-28,0.0,56.66,56.69,56.63,62.0,351241.0,57.119
600779.SH,2022-10-28,0.0,56.6,56.66,56.58,177.0,1001900.0,57.114
600779.SH,2022-10-28,0.0,56.62,56.62,56.55,115.0,650676.0,57.11
600779.SH,2022-10-28,0.0,56.6,56.61,56.58,87.0,492368.0,57.108
600779.SH,2022-10-28,0.0,56.69,56.72,56.6,109.0,617241.0,57.105
600779.SH,2022-10-28,0.0,56.63,56.69,56.62,71.0,402159.0,57.103
600779.SH,2022-10-28,0.0,56.62,56.64,56.62,65.0,368070.0,57.102
600779.SH,2022-10-28,0.0,56.62,56.62,56.6,156.0,883095.0,57.097
600779.SH,2022-10-28,0.0,56.6,56.62,56.6,71.0,401892.0,57.096
600779.SH,2022-10-28,0.0,56.65,56.65,56.6,116.0,656942.0,57.093
600779.SH,2022-10-28,0.0,56.92,57.0,56.7,203.0,1154440.0,57.09
600779.SH,2022-10-28,0.0,56.88,56.91,56.86,29.0,164940.0,57.09
600779.SH,2022-10-28,0.0,56.97,56.97,56.79,49.0,278661.0,57.089
600779.SH,2022-10-28,0.0,56.85,56.98,56.85,89.0,506638.0,57.089
600779.SH,2022-10-28,0.0,56.85,56.85,56.83,6.0,34122.0,57.089
600779.SH,2022-10-28,0.0,56.82,56.85,56.82,24.0,136414.0,57.088
600779.SH,2022-10-28,0.0,56.85,56.85,56.79,39.0,221591.0,57.088
600779.SH,2022-10-28,0.0,56.79,56.83,56.79,64.0,363645.0,57.087
600779.SH,2022-10-28,0.0,56.79,56.79,56.77,36.0,204411.0,57.086
600779.SH,2022-10-28,0.0,56.77,56.79,56.77,15.0,85163.0,57.086
600779.SH,2022-10-28,0.0,56.77,56.77,56.75,41.0,232719.0,57.085
600779.SH,2022-10-28,0.0,56.75,56.78,56.75,36.0,204346.0,57.085
600779.SH,2022-10-28,0.0,56.61,56.75,56.61,82.0,464695.0,57.083
600779.SH,2022-10-28,0.0,56.61,56.61,56.59,253.0,1431920.0,57.077
600779.SH,2022-10-28,0.0,56.62,56.74,56.62,11.0,62340.0,57.076
600779.SH,2022-10-28,0.0,56.74,56.74,56.62,16.0,90616.0,57.076
600779.SH,2022-10-28,0.0,56.67,56.71,56.62,41.0,232209.0,57.075
600779.SH,2022-10-28,0.0,56.68,56.7,56.64,36.0,204010.0,57.074
600779.SH,2022-10-28,0.0,56.7,56.7,56.65,11.0,62351.0,57.074
600779.SH,2022-10-28,0.0,56.7,56.76,56.7,126.0,714841.0,57.072
600779.SH,2022-10-28,0.0,56.74,56.74,56.7,10.0,56732.0,57.072
600779.SH,2022-10-28,0.0,56.6,56.75,56.6,200.0,1133780.0,57.068
600779.SH,2022-10-28,0.0,56.63,56.63,56.6,102.0,577348.0,57.066
600779.SH,2022-10-28,0.0,56.58,56.63,56.58,26.0,147169.0,57.065
600779.SH,2022-10-28,0.0,56.6,56.63,56.6,14.0,79261.0,57.065
600779.SH,2022-10-28,0.0,56.43,56.6,56.43,776.0,4385690.0,57.044
600779.SH,2022-10-28,0.0,56.4,56.43,56.36,146.0,823400.0,57.04
600779.SH,2022-10-28,0.0,56.35,56.36,56.31,80.0,450759.0,57.037
600779.SH,2022-10-28,0.0,56.32,56.35,56.32,101.0,568910.0,57.034
600779.SH,2022-10-28,0.0,56.22,56.31,56.2,463.0,2604700.0,57.017
600779.SH,2022-10-28,0.0,56.28,56.28,56.21,97.0,545689.0,57.014
600779.SH,2022-10-28,0.0,56.24,56.29,56.23,140.0,787553.0,57.009
600779.SH,2022-10-28,0.0,56.29,56.29,56.23,98.0,551394.0,57.006
600779.SH,2022-10-28,0.0,56.27,56.32,56.24,198.0,1114050.0,56.999
600779.SH,2022-10-28,0.0,56.31,56.32,56.31,53.0,298464.0,56.998
600779.SH,2022-10-28,0.0,56.31,56.32,56.31,178.0,1002330.0,56.992
600779.SH,2022-10-28,0.0,56.28,56.33,56.28,145.0,816360.0,56.988
600779.SH,2022-10-28,0.0,56.32,56.32,56.28,58.0,326566.0,56.986
600779.SH,2022-10-28,0.0,56.26,56.31,56.26,134.0,754127.0,56.982
600779.SH,2022-10-28,0.0,56.27,56.27,56.25,114.0,641280.0,56.978
600779.SH,2022-10-28,0.0,56.26,56.27,56.24,101.0,568137.0,56.975
600779.SH,2022-10-28,0.0,56.24,56.26,56.2,278.0,1562940.0,56.966
600779.SH,2022-10-28,0.0,56.23,56.24,56.2,99.0,556535.0,56.963
600779.SH,2022-10-28,0.0,56.06,56.21,56.06,351.0,1971140.0,56.951
600779.SH,2022-10-28,0.0,56.06,56.06,56.02,152.0,851826.0,56.945
600779.SH,2022-10-28,0.0,56.19,56.2,56.05,137.0,768554.0,56.941
600779.SH,2022-10-28,0.0,56.13,56.24,56.12,127.0,713594.0,56.937
600779.SH,2022-10-28,0.0,56.19,56.19,56.12,57.0,320093.0,56.935
600779.SH,2022-10-28,0.0,55.98,56.21,55.95,968.0,5424490.0,56.9
600779.SH,2022-10-28,0.0,56.0,56.0,55.91,125.0,699752.0,56.896
600779.SH,2022-10-28,0.0,55.91,55.99,55.9,211.0,1180480.0,56.888
600779.SH,2022-10-28,0.0,55.98,55.99,55.91,82.0,458619.0,56.885
600779.SH,2022-10-28,0.0,55.95,56.08,55.95,1261.0,7059680.0,56.844
600779.SH,2022-10-28,0.0,56.0,56.0,55.91,253.0,1416440.0,56.836
600779.SH,2022-10-28,0.0,56.02,56.12,56.0,76.0,425987.0,56.833
600779.SH,2022-10-28,0.0,56.13,56.13,56.03,47.0,263625.0,56.832
600779.SH,2022-10-28,0.0,56.17,56.22,56.13,100.0,561663.0,56.83
600779.SH,2022-10-28,0.0,56.18,56.21,56.11,84.0,471864.0,56.828
600779.SH,2022-10-28,0.0,56.13,56.16,56.13,35.0,196524.0,56.827
600779.SH,2022-10-28,0.0,56.1,56.13,56.05,68.0,381469.0,56.825
600779.SH,2022-10-28,0.0,56.09,56.1,56.06,111.0,622595.0,56.822
600779.SH,2022-10-28,0.0,55.99,56.08,55.95,185.0,1036120.0,56.817
600779.SH,2022-10-28,0.0,55.98,56.0,55.96,124.0,694222.0,56.813
600779.SH,2022-10-28,0.0,55.94,55.96,55.93,95.0,531562.0,56.81
600779.SH,2022-10-28,0.0,55.98,55.98,55.94,124.0,693997.0,56.806
600779.SH,2022-10-28,0.0,55.96,55.99,55.96,77.0,431052.0,56.804
600779.SH,2022-10-28,0.0,55.97,55.97,55.95,178.0,996152.0,56.799
600779.SH,2022-10-28,0.0,55.96,55.98,55.95,203.0,1135970.0,56.793
600779.SH,2022-10-28,0.0,55.98,55.98,55.96,59.0,330224.0,56.791
600779.SH,2022-10-28,0.0,55.98,55.99,55.97,77.0,431062.0,56.789
600779.SH,2022-10-28,0.0,55.98,56.0,55.97,167.0,935088.0,56.785
600779.SH,2022-10-28,0.0,56.0,56.0,55.97,78.0,436669.0,56.782
600779.SH,2022-10-28,0.0,55.98,56.0,55.96,89.0,498175.0,56.78
600779.SH,2022-10-28,0.0,56.07,56.08,55.98,102.0,571291.0,56.777
600779.SH,2022-10-28,0.0,56.07,56.08,56.0,62.0,347455.0,56.776
600779.SH,2022-10-28,0.0,56.05,56.07,56.02,59.0,330798.0,56.774
600779.SH,2022-10-28,0.0,56.1,56.1,56.01,122.0,683844.0,56.771
600779.SH,2022-10-28,0.0,56.25,56.26,56.13,169.0,949170.0,56.768
600779.SH,2022-10-28,0.0,56.26,56.33,56.2,65.0,365637.0,56.767
600779.SH,2022-10-28,0.0,56.26,56.33,56.26,89.0,501098.0,56.765
600779.SH,2022-10-28,0.0,56.26,56.26,56.25,35.0,196881.0,56.765
600779.SH,2022-10-28,0.0,56.19,56.24,56.16,164.0,921541.0,56.762
600779.SH,2022-10-28,0.0,56.3,56.3,56.2,51.0,286866.0,56.761
600779.SH,2022-10-28,0.0,56.4,56.41,56.3,82.0,461929.0,56.76
600779.SH,2022-10-28,0.0,56.25,56.43,56.25,112.0,631008.0,56.758
600779.SH,2022-10-28,0.0,56.25,56.26,56.25,72.0,405014.0,56.757
600779.SH,2022-10-28,0.0,56.25,56.26,56.2,34.0,191191.0,56.756
600779.SH,2022-10-28,0.0,56.2,56.25,56.2,31.0,174304.0,56.756
600779.SH,2022-10-28,0.0,56.15,56.21,56.15,33.0,185432.0,56.755
600779.SH,2022-10-28,0.0,56.15,56.15,56.12,16.0,89828.0,56.755
600779.SH,2022-10-28,0.0,56.1,56.15,56.1,40.0,224479.0,56.754
600779.SH,2022-10-28,0.0,56.01,56.1,56.01,76.0,426035.0,56.752
600779.SH,2022-10-28,0.0,56.01,56.02,56.0,127.0,711268.0,56.749
600779.SH,2022-10-28,0.0,56.01,56.01,56.0,148.0,828844.0,56.746
600779.SH,2022-10-28,0.0,55.95,56.02,55.95,338.0,1892620.0,56.737
600779.SH,2022-10-28,0.0,55.98,56.0,55.95,88.0,492703.0,56.735
600779.SH,2022-10-28,0.0,55.98,55.99,55.97,67.0,375087.0,56.734
600779.SH,2022-10-28,0.0,56.03,56.08,56.0,154.0,863253.0,56.73
600779.SH,2022-10-28,0.0,56.0,56.05,56.0,155.0,868443.0,56.727
600779.SH,2022-10-28,0.0,55.98,56.04,55.98,267.0,1495170.0,56.721
600779.SH,2022-10-28,0.0,55.97,56.0,55.97,77.0,431115.0,56.719
600779.SH,2022-10-28,0.0,55.93,55.99,55.92,224.0,1253400.0,56.714
600779.SH,2022-10-28,0.0,55.94,55.94,55.92,113.0,631980.0,56.711
600779.SH,2022-10-28,0.0,55.7,55.94,55.69,645.0,3600930.0,56.694
600779.SH,2022-10-28,0.0,55.69,55.7,55.67,105.0,584756.0,56.691
600779.SH,2022-10-28,0.0,55.78,55.8,55.68,496.0,2765640.0,56.676
600779.SH,2022-10-28,0.0,55.77,55.8,55.77,188.0,1048780.0,56.671
600779.SH,2022-10-28,0.0,55.78,55.79,55.77,61.0,340333.0,56.67
600779.SH,2022-10-28,0.0,55.79,55.8,55.78,46.0,256637.0,56.669
600779.SH,2022-10-28,0.0,55.77,55.79,55.76,129.0,719558.0,56.665
600779.SH,2022-10-28,0.0,55.78,55.78,55.76,66.0,368092.0,56.663
600779.SH,2022-10-28,0.0,55.67,55.78,55.67,290.0,1616090.0,56.656
600779.SH,2022-10-28,0.0,55.6,55.67,55.6,142.0,789926.0,56.651
600779.SH,2022-10-28,0.0,55.37,55.65,55.36,410.0,2276170.0,56.638
600779.SH,2022-10-28,0.0,55.45,55.49,55.43,143.0,792771.0,56.633
600779.SH,2022-10-28,0.0,55.48,55.49,55.44,156.0,863791.0,56.628
600779.SH,2022-10-28,0.0,55.5,55.5,55.45,334.0,1854620.0,56.617
600779.SH,2022-10-28,0.0,55.5,55.5,55.48,163.0,904533.0,56.612
600779.SH,2022-10-28,0.0,55.47,55.5,55.46,112.0,621384.0,56.608
600779.SH,2022-10-28,0.0,55.48,55.5,55.46,413.0,2291730.0,56.596
600779.SH,2022-10-28,0.0,55.46,55.48,55.45,191.0,1059450.0,56.59
600779.SH,2022-10-28,0.0,55.46,55.47,55.45,102.0,564038.0,56.587
600779.SH,2022-10-28,0.0,55.43,55.47,55.43,357.0,1979430.0,56.576
600779.SH,2022-10-28,0.0,55.16,55.44,55.16,465.0,2575560.0,56.56
600779.SH,2022-10-28,0.0,55.15,55.16,55.1,277.0,1527270.0,56.55
600779.SH,2022-10-28,0.0,55.1,55.19,55.09,2610.0,14382700.0,56.456
600779.SH,2022-10-28,0.0,55.08,55.1,55.01,342.0,1883360.0,56.445
600779.SH,2022-10-28,0.0,54.97,55.08,54.88,683.0,3756750.0,56.421
600779.SH,2022-10-28,0.0,54.99,55.0,54.9,302.0,1660050.0,56.41
600779.SH,2022-10-28,0.0,55.0,55.0,54.99,246.0,1352860.0,56.402
600779.SH,2022-10-28,0.0,55.0,55.0,54.99,342.0,1880920.0,56.39
600779.SH,2022-10-28,0.0,55.0,55.0,54.99,1057.0,5813370.0,56.356
600779.SH,2022-10-28,0.0,55.0,55.0,54.99,731.0,4020380.0,56.334
600779.SH,2022-10-28,0.0,55.3,55.3,55.0,235.0,1293370.0,56.327
600779.SH,2022-10-28,0.0,55.32,55.33,55.26,195.0,1078280.0,56.323
600779.SH,2022-10-28,0.0,55.39,55.4,55.33,136.0,752987.0,56.32
600779.SH,2022-10-28,0.0,55.36,55.38,55.34,149.0,824892.0,56.317
600779.SH,2022-10-28,0.0,55.38,55.39,55.33,300.0,1660820.0,56.31
600779.SH,2022-10-28,0.0,55.38,55.38,55.38,3.0,16614.0,56.31
600779.SH,2022-10-28,0.0,55.38,55.38,55.38,0.0,0.0,56.31
600779.SH,2022-10-28,0.0,55.38,55.38,55.38,478.0,2647160.0,56.3
600779.SH,2022-10-31,0.0,54.7,54.7,54.7,226.0,1236220.0,54.7
600779.SH,2022-10-31,0.0,55.4,55.7,54.58,861.0,4740660.0,54.963
600779.SH,2022-10-31,0.0,55.04,55.39,54.74,419.0,2314650.0,55.041
600779.SH,2022-10-31,0.0,54.8,55.02,54.73,592.0,3249010.0,54.996
600779.SH,2022-10-31,0.0,54.7,54.78,54.55,659.0,3601250.0,54.913
600779.SH,2022-10-31,0.0,54.88,54.99,54.7,318.0,1743220.0,54.903
600779.SH,2022-10-31,0.0,55.1,55.23,54.89,552.0,3038640.0,54.925
600779.SH,2022-10-31,0.0,55.28,55.28,54.88,331.0,1823110.0,54.938
600779.SH,2022-10-31,0.0,55.59,55.59,55.23,363.0,2012490.0,54.98
600779.SH,2022-10-31,0.0,55.67,55.8,55.41,665.0,3694520.0,55.061
600779.SH,2022-10-31,0.0,55.28,55.65,55.21,244.0,1354010.0,55.081
600779.SH,2022-10-31,0.0,55.35,55.48,55.24,161.0,890993.0,55.089
600779.SH,2022-10-31,0.0,55.3,55.39,55.21,149.0,824371.0,55.095
600779.SH,2022-10-31,0.0,55.21,55.47,55.2,719.0,3981220.0,55.127
600779.SH,2022-10-31,0.0,55.5,55.59,55.23,674.0,3735720.0,55.156
600779.SH,2022-10-31,0.0,55.59,55.61,55.45,425.0,2361620.0,55.18
600779.SH,2022-10-31,0.0,55.62,55.62,55.46,347.0,1924800.0,55.194
600779.SH,2022-10-31,0.0,55.87,55.87,55.63,524.0,2919270.0,55.227
600779.SH,2022-10-31,0.0,55.7,55.9,55.7,258.0,1439550.0,55.244
600779.SH,2022-10-31,0.0,55.68,55.72,55.6,145.0,807338.0,55.252
600779.SH,2022-10-31,0.0,55.74,55.74,55.6,110.0,612482.0,55.257
600779.SH,2022-10-31,0.0,55.58,55.75,55.57,213.0,1184660.0,55.266
600779.SH,2022-10-31,0.0,55.66,55.67,55.6,223.0,1240990.0,55.275
600779.SH,2022-10-31,0.0,55.77,55.77,55.68,105.0,585096.0,55.28
600779.SH,2022-10-31,0.0,55.98,55.98,55.75,482.0,2690750.0,55.307
600779.SH,2022-10-31,0.0,56.33,56.38,56.0,397.0,2228270.0,55.339
600779.SH,2022-10-31,0.0,55.99,56.3,55.81,454.0,2545910.0,55.371
600779.SH,2022-10-31,0.0,55.9,55.96,55.8,332.0,1855340.0,55.386
600779.SH,2022-10-31,0.0,55.76,55.95,55.74,155.0,865120.0,55.392
600779.SH,2022-10-31,0.0,55.81,55.9,55.8,129.0,720428.0,55.397
600779.SH,2022-10-31,0.0,55.93,56.01,55.81,222.0,1241910.0,55.408
600779.SH,2022-10-31,0.0,55.87,55.94,55.81,127.0,709817.0,55.413
600779.SH,2022-10-31,0.0,56.0,56.0,55.87,315.0,1763490.0,55.428
600779.SH,2022-10-31,0.0,55.85,56.0,55.83,109.0,609718.0,55.433
600779.SH,2022-10-31,0.0,55.96,55.99,55.86,127.0,710340.0,55.438
600779.SH,2022-10-31,0.0,55.77,55.96,55.77,124.0,692479.0,55.442
600779.SH,2022-10-31,0.0,55.69,55.8,55.68,215.0,1198300.0,55.447
600779.SH,2022-10-31,0.0,55.75,55.79,55.65,318.0,1771270.0,55.454
600779.SH,2022-10-31,0.0,55.8,55.85,55.75,292.0,1629700.0,55.462
600779.SH,2022-10-31,0.0,55.68,55.72,55.66,324.0,1804740.0,55.467
600779.SH,2022-10-31,0.0,55.79,55.8,55.65,110.0,612706.0,55.469
600779.SH,2022-10-31,0.0,55.63,55.79,55.63,59.0,328652.0,55.47
600779.SH,2022-10-31,0.0,55.5,55.7,55.5,160.0,889226.0,55.472
600779.SH,2022-10-31,0.0,55.57,55.58,55.46,270.0,1498690.0,55.472
600779.SH,2022-10-31,0.0,55.6,55.62,55.52,152.0,844817.0,55.473
600779.SH,2022-10-31,0.0,55.61,55.62,55.59,157.0,872920.0,55.475
600779.SH,2022-10-31,0.0,55.7,55.7,55.61,163.0,906638.0,55.477
600779.SH,2022-10-31,0.0,55.69,55.71,55.61,70.0,389794.0,55.478
600779.SH,2022-10-31,0.0,55.66,55.7,55.62,33.0,183698.0,55.478
600779.SH,2022-10-31,0.0,55.65,55.65,55.55,163.0,906363.0,55.479
600779.SH,2022-10-31,0.0,55.68,55.69,55.62,95.0,528891.0,55.481
600779.SH,2022-10-31,0.0,55.6,55.68,55.58,358.0,1992290.0,55.485
600779.SH,2022-10-31,0.0,55.64,55.65,55.58,57.0,317050.0,55.485
600779.SH,2022-10-31,0.0,55.52,55.6,55.52,99.0,549968.0,55.486
600779.SH,2022-10-31,0.0,55.64,55.64,55.52,162.0,900470.0,55.487
600779.SH,2022-10-31,0.0,55.82,55.82,55.65,167.0,930991.0,55.489
600779.SH,2022-10-31,0.0,55.82,55.85,55.77,107.0,596853.0,55.491
600779.SH,2022-10-31,0.0,55.96,56.0,55.81,213.0,1191250.0,55.497
600779.SH,2022-10-31,0.0,55.94,55.96,55.89,72.0,402785.0,55.499
600779.SH,2022-10-31,0.0,55.8,55.95,55.8,59.0,329620.0,55.5
600779.SH,2022-10-31,0.0,55.9,55.9,55.8,36.0,201058.0,55.501
600779.SH,2022-10-31,0.0,56.0,56.05,55.87,215.0,1203730.0,55.508
600779.SH,2022-10-31,0.0,56.04,56.04,55.94,162.0,907131.0,55.512
600779.SH,2022-10-31,0.0,56.16,56.16,56.0,179.0,1003200.0,55.518
600779.SH,2022-10-31,0.0,56.27,56.28,56.1,240.0,1349000.0,55.528
600779.SH,2022-10-31,0.0,56.42,56.45,56.22,606.0,3413850.0,55.556
600779.SH,2022-10-31,0.0,56.43,56.46,56.35,194.0,1094400.0,55.565
600779.SH,2022-10-31,0.0,56.27,56.44,56.27,183.0,1031710.0,55.573
600779.SH,2022-10-31,0.0,56.18,56.27,56.11,74.0,415912.0,55.576
600779.SH,2022-10-31,0.0,56.17,56.18,56.12,135.0,758131.0,55.58
600779.SH,2022-10-31,0.0,56.18,56.22,56.16,74.0,415658.0,55.583
600779.SH,2022-10-31,0.0,56.19,56.19,56.15,25.0,140421.0,55.583
600779.SH,2022-10-31,0.0,56.04,56.18,56.04,111.0,622529.0,55.586
600779.SH,2022-10-31,0.0,56.1,56.1,56.03,215.0,1205080.0,55.592
600779.SH,2022-10-31,0.0,56.27,56.27,56.09,83.0,466217.0,55.594
600779.SH,2022-10-31,0.0,56.12,56.27,56.12,43.0,241636.0,55.596
600779.SH,2022-10-31,0.0,56.19,56.19,56.11,96.0,539028.0,55.599
600779.SH,2022-10-31,0.0,56.2,56.26,56.2,118.0,663429.0,55.603
600779.SH,2022-10-31,0.0,56.2,56.25,56.15,28.0,157360.0,55.603
600779.SH,2022-10-31,0.0,56.35,56.35,56.18,262.0,1474680.0,55.613
600779.SH,2022-10-31,0.0,56.36,56.38,56.26,68.0,383197.0,55.615
600779.SH,2022-10-31,0.0,56.23,56.36,56.22,58.0,326566.0,55.617
600779.SH,2022-10-31,0.0,56.28,56.28,56.23,43.0,241942.0,55.619
600779.SH,2022-10-31,0.0,56.28,56.3,56.28,26.0,146329.0,55.62
600779.SH,2022-10-31,0.0,56.2,56.28,56.2,29.0,163041.0,55.621
600779.SH,2022-10-31,0.0,56.23,56.26,56.2,27.0,151810.0,55.621
600779.SH,2022-10-31,0.0,56.1,56.25,56.1,91.0,511336.0,55.624
600779.SH,2022-10-31,0.0,56.19,56.21,56.07,52.0,291817.0,55.625
600779.SH,2022-10-31,0.0,56.05,56.16,56.05,26.0,145836.0,55.626
600779.SH,2022-10-31,0.0,56.16,56.16,56.06,37.0,207703.0,55.627
600779.SH,2022-10-31,0.0,56.19,56.19,56.1,64.0,359482.0,55.629
600779.SH,2022-10-31,0.0,56.26,56.28,56.19,112.0,629872.0,55.632
600779.SH,2022-10-31,0.0,56.27,56.28,56.21,79.0,444178.0,55.635
600779.SH,2022-10-31,0.0,56.2,56.27,56.19,60.0,337219.0,55.636
600779.SH,2022-10-31,0.0,56.19,56.2,56.18,53.0,297834.0,55.638
600779.SH,2022-10-31,0.0,56.2,56.2,56.19,31.0,174203.0,55.639
600779.SH,2022-10-31,0.0,56.23,56.24,56.18,106.0,595782.0,55.642
600779.SH,2022-10-31,0.0,56.28,56.28,56.23,131.0,736915.0,55.646
600779.SH,2022-10-31,0.0,56.21,56.26,56.19,110.0,618347.0,55.649
600779.SH,2022-10-31,0.0,56.23,56.23,56.19,33.0,185518.0,55.649
600779.SH,2022-10-31,0.0,56.3,56.3,56.21,171.0,962427.0,55.655
600779.SH,2022-10-31,0.0,56.43,56.44,56.3,260.0,1465240.0,55.663
600779.SH,2022-10-31,0.0,56.44,56.44,56.42,163.0,919661.0,55.669
600779.SH,2022-10-31,0.0,56.55,56.55,56.43,296.0,1671940.0,55.681
600779.SH,2022-10-31,0.0,56.72,56.78,56.6,274.0,1551820.0,55.693
600779.SH,2022-10-31,0.0,56.65,56.73,56.65,151.0,856267.0,55.7
600779.SH,2022-10-31,0.0,56.52,56.64,56.5,78.0,441241.0,55.703
600779.SH,2022-10-31,0.0,56.55,56.55,56.5,72.0,406861.0,55.706
600779.SH,2022-10-31,0.0,56.42,56.52,56.42,47.0,265448.0,55.707
600779.SH,2022-10-31,0.0,56.5,56.5,56.33,82.0,463036.0,55.71
600779.SH,2022-10-31,0.0,56.47,56.49,56.4,40.0,225740.0,55.711
600779.SH,2022-10-31,0.0,56.4,56.48,56.35,40.0,225579.0,55.713
600779.SH,2022-10-31,0.0,56.28,56.33,56.28,76.0,427935.0,55.715
600779.SH,2022-10-31,0.0,56.3,56.3,56.23,67.0,377120.0,55.716
600779.SH,2022-10-31,0.0,56.33,56.33,56.23,65.0,365959.0,55.718
600779.SH,2022-10-31,0.0,56.31,56.32,56.3,40.0,225264.0,55.719
600779.SH,2022-10-31,0.0,56.3,56.31,56.28,45.0,253356.0,55.72
600779.SH,2022-10-31,0.0,56.31,56.31,56.29,51.0,287174.0,55.722
600779.SH,2022-10-31,0.0,56.4,56.4,56.28,59.0,332238.0,55.723
600779.SH,2022-10-31,0.0,56.36,56.4,56.32,20.0,112712.0,55.724
600779.SH,2022-10-31,0.0,56.4,56.4,56.35,30.0,169116.0,55.725
600779.SH,2022-10-31,0.0,56.39,56.42,56.39,160.0,902346.0,55.729
600779.SH,2022-10-31,0.0,56.48,56.48,56.39,114.0,643624.0,55.733
600779.SH,2022-10-31,0.0,56.57,56.59,56.47,122.0,689660.0,55.737
600779.SH,2022-10-31,0.0,56.64,56.64,56.56,95.0,537740.0,55.741
600779.SH,2022-10-31,0.0,56.52,56.65,56.52,217.0,1228050.0,55.749
600779.SH,2022-10-31,0.0,56.71,56.72,56.5,430.0,2434950.0,55.764
600779.SH,2022-10-31,0.0,56.85,56.85,56.72,319.0,1811380.0,55.778
600779.SH,2022-10-31,0.0,57.05,57.09,56.84,795.0,4526050.0,55.815
600779.SH,2022-10-31,0.0,56.99,57.09,56.99,148.0,844317.0,55.822
600779.SH,2022-10-31,0.0,56.98,57.04,56.95,188.0,1071430.0,55.831
600779.SH,2022-10-31,0.0,56.95,56.98,56.9,246.0,1400620.0,55.842
600779.SH,2022-10-31,0.0,56.9,56.94,56.85,130.0,739924.0,55.847
600779.SH,2022-10-31,0.0,56.88,56.93,56.86,177.0,1007320.0,55.854
600779.SH,2022-10-31,0.0,56.9,56.9,56.84,124.0,705258.0,55.859
600779.SH,2022-10-31,0.0,56.9,56.93,56.88,113.0,642927.0,55.864
600779.SH,2022-10-31,0.0,56.81,56.89,56.81,193.0,1097690.0,55.871
600779.SH,2022-10-31,0.0,56.71,56.81,56.67,123.0,696983.0,55.875
600779.SH,2022-10-31,0.0,56.74,56.74,56.66,109.0,618074.0,55.879
600779.SH,2022-10-31,0.0,56.72,56.74,56.7,53.0,300587.0,55.88
600779.SH,2022-10-31,0.0,56.68,56.71,56.68,50.0,283434.0,55.882
600779.SH,2022-10-31,0.0,56.75,56.75,56.68,108.0,612445.0,55.885
600779.SH,2022-10-31,0.0,56.81,56.85,56.75,45.0,255634.0,55.887
600779.SH,2022-10-31,0.0,56.63,56.84,56.63,68.0,386008.0,55.889
600779.SH,2022-10-31,0.0,56.68,56.68,56.61,275.0,1557370.0,55.897
600779.SH,2022-10-31,0.0,56.7,56.71,56.64,123.0,697153.0,55.9
600779.SH,2022-10-31,0.0,56.78,56.8,56.68,130.0,737693.0,55.904
600779.SH,2022-10-31,0.0,56.87,56.87,56.79,320.0,1817820.0,55.915
600779.SH,2022-10-31,0.0,56.81,56.87,56.81,71.0,403571.0,55.917
600779.SH,2022-10-31,0.0,56.8,56.83,56.79,156.0,886174.0,55.922
600779.SH,2022-10-31,0.0,56.8,56.81,56.8,72.0,408985.0,55.924
600779.SH,2022-10-31,0.0,56.93,56.99,56.81,400.0,2275470.0,55.938
600779.SH,2022-10-31,0.0,56.9,56.95,56.9,73.0,415455.0,55.941
600779.SH,2022-10-31,0.0,56.86,56.93,56.86,122.0,694243.0,55.945
600779.SH,2022-10-31,0.0,56.94,56.94,56.85,105.0,597391.0,55.948
600779.SH,2022-10-31,0.0,57.24,57.25,56.95,1047.0,5977700.0,55.989
600779.SH,2022-10-31,0.0,57.31,57.38,57.22,574.0,3287630.0,56.013
600779.SH,2022-10-31,0.0,57.13,57.3,57.12,114.0,651848.0,56.018
600779.SH,2022-10-31,0.0,57.08,57.13,57.05,97.0,553657.0,56.021
600779.SH,2022-10-31,0.0,57.15,57.15,57.06,127.0,725130.0,56.025
600779.SH,2022-10-31,0.0,57.07,57.17,57.07,73.0,416905.0,56.028
600779.SH,2022-10-31,0.0,57.0,57.09,57.0,91.0,519011.0,56.031
600779.SH,2022-10-31,0.0,56.99,57.0,56.91,49.0,279179.0,56.033
600779.SH,2022-10-31,0.0,56.91,57.0,56.9,104.0,591967.0,56.036
600779.SH,2022-10-31,0.0,56.93,56.98,56.91,59.0,335943.0,56.037
600779.SH,2022-10-31,0.0,56.9,56.96,56.9,31.0,176490.0,56.038
600779.SH,2022-10-31,0.0,56.91,56.92,56.9,67.0,381269.0,56.04
600779.SH,2022-10-31,0.0,56.91,56.94,56.9,55.0,313040.0,56.042
600779.SH,2022-10-31,0.0,56.92,56.94,56.9,64.0,364293.0,56.043
600779.SH,2022-10-31,0.0,56.88,56.94,56.88,37.0,210550.0,56.044
600779.SH,2022-10-31,0.0,56.85,56.88,56.84,79.0,449218.0,56.046
600779.SH,2022-10-31,0.0,56.7,56.85,56.7,135.0,766490.0,56.05
600779.SH,2022-10-31,0.0,56.7,56.71,56.7,80.0,453739.0,56.051
600779.SH,2022-10-31,0.0,56.75,56.76,56.6,169.0,957882.0,56.055
600779.SH,2022-10-31,0.0,56.79,56.8,56.73,85.0,482583.0,56.057
600779.SH,2022-10-31,0.0,56.73,56.79,56.73,40.0,227047.0,56.058
600779.SH,2022-10-31,0.0,56.84,56.84,56.73,146.0,829391.0,56.061
600779.SH,2022-10-31,0.0,56.82,56.84,56.82,63.0,358031.0,56.062
600779.SH,2022-10-31,0.0,56.76,56.82,56.76,70.0,397482.0,56.064
600779.SH,2022-10-31,0.0,56.77,56.77,56.68,111.0,629787.0,56.066
600779.SH,2022-10-31,0.0,56.78,56.78,56.75,43.0,244085.0,56.067
600779.SH,2022-10-31,0.0,56.78,56.78,56.74,194.0,1101010.0,56.071
600779.SH,2022-10-31,0.0,56.9,56.9,56.84,171.0,971753.0,56.075
600779.SH,2022-10-31,0.0,56.9,56.91,56.89,71.0,404006.0,56.077
600779.SH,2022-10-31,0.0,56.81,56.9,56.81,28.0,159242.0,56.078
600779.SH,2022-10-31,0.0,56.84,56.84,56.77,20.0,113614.0,56.078
600779.SH,2022-10-31,0.0,56.78,56.85,56.78,19.0,107944.0,56.079
600779.SH,2022-10-31,0.0,56.81,56.83,56.78,12.0,68176.0,56.079
600779.SH,2022-10-31,0.0,56.82,56.83,56.8,20.0,113637.0,56.079
600779.SH,2022-10-31,0.0,56.78,56.83,56.78,28.0,159017.0,56.08
600779.SH,2022-10-31,0.0,56.75,56.78,56.7,71.0,402739.0,56.081
600779.SH,2022-10-31,0.0,56.71,56.75,56.7,41.0,232559.0,56.082
600779.SH,2022-10-31,0.0,56.64,56.74,56.64,60.0,340076.0,56.083
600779.SH,2022-10-31,0.0,56.61,56.64,56.61,164.0,928670.0,56.086
600779.SH,2022-10-31,0.0,56.58,56.61,56.58,96.0,543269.0,56.088
600779.SH,2022-10-31,0.0,56.54,56.59,56.52,78.0,441131.0,56.089
600779.SH,2022-10-31,0.0,56.54,56.56,56.54,77.0,435416.0,56.09
600779.SH,2022-10-31,0.0,56.62,56.62,56.54,177.0,1001500.0,56.092
600779.SH,2022-10-31,0.0,56.74,56.74,56.63,159.0,901433.0,56.095
600779.SH,2022-10-31,0.0,56.67,56.74,56.66,66.0,374150.0,56.096
600779.SH,2022-10-31,0.0,56.64,56.66,56.64,41.0,232281.0,56.097
600779.SH,2022-10-31,0.0,56.54,56.64,56.53,84.0,475060.0,56.098
600779.SH,2022-10-31,0.0,56.51,56.55,56.48,78.0,440806.0,56.099
600779.SH,2022-10-31,0.0,56.49,56.5,56.48,69.0,389793.0,56.1
600779.SH,2022-10-31,0.0,56.45,56.5,56.44,66.0,372641.0,56.101
600779.SH,2022-10-31,0.0,56.6,56.6,56.44,171.0,966005.0,56.103
600779.SH,2022-10-31,0.0,56.59,56.6,56.55,21.0,118818.0,56.103
600779.SH,2022-10-31,0.0,56.6,56.6,56.56,42.0,237624.0,56.103
600779.SH,2022-10-31,0.0,56.58,56.6,56.58,29.0,164130.0,56.104
600779.SH,2022-10-31,0.0,56.58,56.6,56.58,31.0,175422.0,56.104
600779.SH,2022-10-31,0.0,56.63,56.63,56.58,131.0,741529.0,56.106
600779.SH,2022-10-31,0.0,56.63,56.66,56.6,81.0,458692.0,56.107
600779.SH,2022-10-31,0.0,56.6,56.62,56.6,52.0,294336.0,56.108
600779.SH,2022-10-31,0.0,56.6,56.61,56.58,71.0,401842.0,56.109
600779.SH,2022-10-31,0.0,56.62,56.62,56.58,80.0,452829.0,56.11
600779.SH,2022-10-31,0.0,56.59,56.62,56.58,29.0,164109.0,56.111
600779.SH,2022-10-31,0.0,56.55,56.59,56.55,42.0,237592.0,56.111
600779.SH,2022-10-31,0.0,56.53,56.55,56.52,37.0,209193.0,56.112
600779.SH,2022-10-31,0.0,56.53,56.59,56.52,119.0,672946.0,56.113
600779.SH,2022-10-31,0.0,56.59,56.6,56.53,61.0,345183.0,56.114
600779.SH,2022-10-31,0.0,56.57,56.59,56.56,23.0,130112.0,56.114
600779.SH,2022-10-31,0.0,56.47,56.57,56.46,97.0,548081.0,56.115
600779.SH,2022-10-31,0.0,56.5,56.51,56.47,93.0,525405.0,56.116
600779.SH,2022-10-31,0.0,56.48,56.53,56.48,76.0,429743.0,56.117
600779.SH,2022-10-31,0.0,56.47,56.5,56.47,54.0,304986.0,56.118
600779.SH,2022-10-31,0.0,56.47,56.47,56.46,83.0,468686.0,56.119
600779.SH,2022-10-31,0.0,56.53,56.55,56.47,172.0,971716.0,56.12
600779.SH,2022-10-31,0.0,56.59,56.6,56.53,145.0,820088.0,56.122
600779.SH,2022-10-31,0.0,56.59,56.6,56.59,138.0,781058.0,56.124
600779.SH,2022-10-31,0.0,56.58,56.6,56.56,191.0,1080800.0,56.127
600779.SH,2022-10-31,0.0,56.59,56.59,56.58,57.0,322521.0,56.127
600779.SH,2022-10-31,0.0,56.59,56.59,56.58,116.0,656400.0,56.129
600779.SH,2022-10-31,0.0,56.59,56.6,56.57,104.0,589534.0,56.13
600779.SH,2022-10-31,0.0,56.58,56.59,56.58,131.0,741301.0,56.132
600779.SH,2022-10-31,0.0,56.59,56.6,56.57,229.0,1295880.0,56.134
600779.SH,2022-10-31,0.0,56.56,56.59,56.56,135.0,762689.0,56.136
600779.SH,2022-10-31,0.0,56.59,56.59,56.56,265.0,1500320.0,56.139
600779.SH,2022-10-31,0.0,56.57,56.59,56.57,171.0,967554.0,56.141
600779.SH,2022-10-31,0.0,56.57,56.57,56.57,1.0,5657.0,56.141
600779.SH,2022-10-31,0.0,56.57,56.57,56.57,0.0,0.0,56.141
600779.SH,2022-10-31,0.0,56.58,56.58,56.58,329.0,1861480.0,56.145
600779.SH,2022-11-01,0.0,57.19,57.19,57.19,238.0,1361120.0,57.19
600779.SH,2022-11-01,0.0,58.28,58.3,57.19,937.0,5413820.0,57.678
600779.SH,2022-11-01,0.0,58.07,58.36,58.0,1067.0,6204200.0,57.904
600779.SH,2022-11-01,0.0,58.55,58.58,58.13,931.0,5438450.0,58.054
600779.SH,2022-11-01,0.0,58.18,58.55,58.06,878.0,5131380.0,58.139
600779.SH,2022-11-01,0.0,57.91,58.28,57.91,706.0,4104280.0,58.138
600779.SH,2022-11-01,0.0,57.63,57.9,57.63,471.0,2721050.0,58.104
600779.SH,2022-11-01,0.0,58.04,58.1,57.64,501.0,2899720.0,58.084
600779.SH,2022-11-01,0.0,57.9,58.06,57.9,313.0,1816020.0,58.081
600779.SH,2022-11-01,0.0,57.83,57.9,57.76,378.0,2185890.0,58.066
600779.SH,2022-11-01,0.0,58.03,58.03,57.8,218.0,1262910.0,58.061
600779.SH,2022-11-01,0.0,58.07,58.2,57.98,676.0,3924430.0,58.061
600779.SH,2022-11-01,0.0,58.25,58.25,58.06,322.0,1872090.0,58.064
600779.SH,2022-11-01,0.0,58.17,58.26,58.1,547.0,3182690.0,58.072
600779.SH,2022-11-01,0.0,58.25,58.33,58.14,747.0,4351090.0,58.087
600779.SH,2022-11-01,0.0,58.16,58.28,58.11,332.0,1932950.0,58.092
600779.SH,2022-11-01,0.0,58.15,58.22,58.1,325.0,1890190.0,58.094
600779.SH,2022-11-01,0.0,58.33,58.36,58.15,642.0,3741680.0,58.106
600779.SH,2022-11-01,0.0,58.55,58.55,58.33,735.0,4299510.0,58.13
600779.SH,2022-11-01,0.0,58.56,58.65,58.49,1043.0,6110190.0,58.169
600779.SH,2022-11-01,0.0,58.41,58.58,58.41,427.0,2498370.0,58.181
600779.SH,2022-11-01,0.0,58.78,58.78,58.42,880.0,5157790.0,58.21
600779.SH,2022-11-01,0.0,58.55,58.8,58.5,401.0,2352980.0,58.223
600779.SH,2022-11-01,0.0,58.68,58.75,58.53,276.0,1617800.0,58.231
600779.SH,2022-11-01,0.0,58.78,58.79,58.7,412.0,2420670.0,58.246
600779.SH,2022-11-01,0.0,59.2,59.2,58.76,1574.0,9275040.0,58.313
600779.SH,2022-11-01,0.0,59.48,59.55,59.17,1258.0,7469430.0,58.391
600779.SH,2022-11-01,0.0,59.42,59.49,59.33,1001.0,5946120.0,58.446
600779.SH,2022-11-01,0.0,59.36,59.54,59.36,804.0,4781970.0,58.49
600779.SH,2022-11-01,0.0,59.43,59.46,59.39,368.0,2186760.0,58.507
600779.SH,2022-11-01,0.0,59.9,59.9,59.42,1388.0,8268700.0,58.578
600779.SH,2022-11-01,0.0,60.2,60.2,59.93,1851.0,11104000.0,58.694
600779.SH,2022-11-01,0.0,60.16,60.3,60.16,1454.0,8757810.0,58.787
600779.SH,2022-11-01,0.0,59.96,60.13,59.94,571.0,3427300.0,58.815
600779.SH,2022-11-01,0.0,60.03,60.03,59.8,736.0,4412570.0,58.848
600779.SH,2022-11-01,0.0,59.89,60.15,59.81,605.0,3632970.0,58.876
600779.SH,2022-11-01,0.0,59.62,59.82,59.62,471.0,2815580.0,58.892
600779.SH,2022-11-01,0.0,59.81,59.84,59.6,469.0,2801490.0,58.907
600779.SH,2022-11-01,0.0,59.58,59.8,59.58,366.0,2183130.0,58.917
600779.SH,2022-11-01,0.0,59.75,59.75,59.56,444.0,2648740.0,58.929
600779.SH,2022-11-01,0.0,59.68,59.8,59.68,185.0,1105530.0,58.934
600779.SH,2022-11-01,0.0,59.84,59.84,59.68,308.0,1840700.0,58.943
600779.SH,2022-11-01,0.0,59.95,59.95,59.84,296.0,1772230.0,58.953
600779.SH,2022-11-01,0.0,59.94,59.95,59.91,165.0,989002.0,58.958
600779.SH,2022-11-01,0.0,59.93,59.96,59.9,246.0,1474140.0,58.967
600779.SH,2022-11-01,0.0,60.0,60.0,59.93,651.0,3905460.0,58.989
600779.SH,2022-11-01,0.0,60.08,60.12,60.01,538.0,3230960.0,59.008
600779.SH,2022-11-01,0.0,60.01,60.1,60.0,288.0,1729130.0,59.018
600779.SH,2022-11-01,0.0,60.01,60.03,59.98,592.0,3552180.0,59.037
600779.SH,2022-11-01,0.0,60.22,60.22,60.0,910.0,5470210.0,59.068
600779.SH,2022-11-01,0.0,60.27,60.28,60.22,550.0,3313750.0,59.088
600779.SH,2022-11-01,0.0,60.23,60.27,60.23,245.0,1476210.0,59.097
600779.SH,2022-11-01,0.0,60.02,60.23,60.0,739.0,4447700.0,59.121
600779.SH,2022-11-01,0.0,60.02,60.03,60.0,523.0,3140340.0,59.134
600779.SH,2022-11-01,0.0,59.81,60.02,59.81,583.0,3493450.0,59.148
600779.SH,2022-11-01,0.0,59.9,59.9,59.81,224.0,1340760.0,59.153
600779.SH,2022-11-01,0.0,59.98,60.0,59.9,327.0,1961180.0,59.16
600779.SH,2022-11-01,0.0,59.95,60.0,59.95,205.0,1229550.0,59.165
600779.SH,2022-11-01,0.0,59.79,59.95,59.79,254.0,1520690.0,59.17
600779.SH,2022-11-01,0.0,59.73,59.8,59.71,124.0,741022.0,59.172
600779.SH,2022-11-01,0.0,59.88,59.88,59.7,638.0,3811930.0,59.182
600779.SH,2022-11-01,0.0,59.82,59.9,59.82,205.0,1227440.0,59.186
600779.SH,2022-11-01,0.0,59.8,59.88,59.8,108.0,646372.0,59.188
600779.SH,2022-11-01,0.0,59.78,59.9,59.78,198.0,1184760.0,59.192
600779.SH,2022-11-01,0.0,59.88,59.91,59.8,87.0,520846.0,59.193
600779.SH,2022-11-01,0.0,60.0,60.0,59.89,164.0,983354.0,59.197
600779.SH,2022-11-01,0.0,60.0,60.0,59.97,120.0,719886.0,59.199
600779.SH,2022-11-01,0.0,60.14,60.14,60.0,573.0,3439700.0,59.212
600779.SH,2022-11-01,0.0,60.18,60.18,60.12,193.0,1160780.0,59.217
600779.SH,2022-11-01,0.0,60.35,60.36,60.17,1473.0,8878550.0,59.256
600779.SH,2022-11-01,0.0,60.48,60.5,60.35,764.0,4617900.0,59.279
600779.SH,2022-11-01,0.0,60.4,60.5,60.4,600.0,3628430.0,59.296
600779.SH,2022-11-01,0.0,60.45,60.47,60.37,367.0,2218270.0,59.306
600779.SH,2022-11-01,0.0,60.35,60.46,60.35,199.0,1202000.0,59.312
600779.SH,2022-11-01,0.0,60.2,60.35,60.15,297.0,1791020.0,59.318
600779.SH,2022-11-01,0.0,60.15,60.2,60.14,251.0,1510680.0,59.323
600779.SH,2022-11-01,0.0,60.12,60.17,60.11,147.0,884167.0,59.326
600779.SH,2022-11-01,0.0,60.19,60.19,60.12,277.0,1666140.0,59.332
600779.SH,2022-11-01,0.0,60.2,60.21,60.18,152.0,914923.0,59.335
600779.SH,2022-11-01,0.0,60.14,60.2,60.14,168.0,1010780.0,59.338
600779.SH,2022-11-01,0.0,60.17,60.19,60.14,97.0,583717.0,59.34
600779.SH,2022-11-01,0.0,60.09,60.18,60.09,113.0,679414.0,59.342
600779.SH,2022-11-01,0.0,59.99,60.08,59.99,161.0,966287.0,59.345
600779.SH,2022-11-01,0.0,60.1,60.1,59.99,223.0,1338840.0,59.348
600779.SH,2022-11-01,0.0,60.12,60.23,60.11,266.0,1601170.0,59.353
600779.SH,2022-11-01,0.0,60.03,60.2,60.0,56.0,336352.0,59.354
600779.SH,2022-11-01,0.0,59.97,60.03,59.96,102.0,612028.0,59.356
600779.SH,2022-11-01,0.0,59.88,59.98,59.88,157.0,940695.0,59.358
600779.SH,2022-11-01,0.0,59.77,59.88,59.77,161.0,962999.0,59.359
600779.SH,2022-11-01,0.0,59.72,59.77,59.71,203.0,1212690.0,59.361
600779.SH,2022-11-01,0.0,59.72,59.73,59.71,152.0,907738.0,59.362
600779.SH,2022-11-01,0.0,59.79,59.8,59.72,169.0,1009870.0,59.364
600779.SH,2022-11-01,0.0,59.88,59.88,59.79,111.0,663930.0,59.365
600779.SH,2022-11-01,0.0,59.71,59.89,59.7,310.0,1852700.0,59.368
600779.SH,2022-11-01,0.0,59.73,59.8,59.71,71.0,424159.0,59.368
600779.SH,2022-11-01,0.0,59.8,59.8,59.73,30.0,179364.0,59.369
600779.SH,2022-11-01,0.0,59.79,59.8,59.76,62.0,370641.0,59.369
600779.SH,2022-11-01,0.0,59.66,59.78,59.66,177.0,1056800.0,59.37
600779.SH,2022-11-01,0.0,59.62,59.66,59.61,135.0,805070.0,59.371
600779.SH,2022-11-01,0.0,59.7,59.7,59.61,143.0,852934.0,59.372
600779.SH,2022-11-01,0.0,59.81,59.81,59.7,82.0,489968.0,59.373
600779.SH,2022-11-01,0.0,59.74,59.81,59.71,181.0,1081690.0,59.374
600779.SH,2022-11-01,0.0,59.8,59.8,59.74,84.0,502109.0,59.375
600779.SH,2022-11-01,0.0,59.68,59.8,59.65,341.0,2036540.0,59.378
600779.SH,2022-11-01,0.0,59.73,59.73,59.62,134.0,799654.0,59.378
600779.SH,2022-11-01,0.0,59.7,59.72,59.63,106.0,632753.0,59.379
600779.SH,2022-11-01,0.0,59.68,59.7,59.67,64.0,381979.0,59.38
600779.SH,2022-11-01,0.0,59.68,59.71,59.67,110.0,656631.0,59.38
600779.SH,2022-11-01,0.0,59.7,59.72,59.68,60.0,358186.0,59.381
600779.SH,2022-11-01,0.0,59.69,59.7,59.67,41.0,244695.0,59.381
600779.SH,2022-11-01,0.0,59.7,59.7,59.68,71.0,423815.0,59.381
600779.SH,2022-11-01,0.0,59.72,59.74,59.7,73.0,435920.0,59.382
600779.SH,2022-11-01,0.0,59.72,59.72,59.7,88.0,525429.0,59.383
600779.SH,2022-11-01,0.0,59.77,59.78,59.7,40.0,238953.0,59.383
600779.SH,2022-11-01,0.0,59.79,59.8,59.74,83.0,496170.0,59.384
600779.SH,2022-11-01,0.0,59.81,59.81,59.79,70.0,418600.0,59.384
600779.SH,2022-11-01,0.0,59.77,59.8,59.76,50.0,298935.0,59.385
600779.SH,2022-11-01,0.0,59.61,59.79,59.61,144.0,859081.0,59.385
600779.SH,2022-11-01,0.0,59.6,59.61,59.55,305.0,1817370.0,59.387
600779.SH,2022-11-01,0.0,59.55,59.6,59.55,59.0,351441.0,59.387
600779.SH,2022-11-01,0.0,59.52,59.55,59.51,142.0,845358.0,59.387
600779.SH,2022-11-01,0.0,59.5,59.52,59.48,315.0,1874430.0,59.388
600779.SH,2022-11-01,0.0,59.57,59.57,59.47,170.0,1011480.0,59.389
600779.SH,2022-11-01,0.0,59.8,59.8,59.55,71.0,423303.0,59.389
600779.SH,2022-11-01,0.0,59.82,59.94,59.7,450.0,2690900.0,59.393
600779.SH,2022-11-01,0.0,59.8,59.89,59.78,124.0,741775.0,59.394
600779.SH,2022-11-01,0.0,59.9,59.9,59.8,177.0,1060150.0,59.396
600779.SH,2022-11-01,0.0,59.93,59.93,59.89,195.0,1168220.0,59.398
600779.SH,2022-11-01,0.0,59.96,59.96,59.94,104.0,623487.0,59.399
600779.SH,2022-11-01,0.0,60.0,60.0,59.94,214.0,1283530.0,59.401
600779.SH,2022-11-01,0.0,59.98,59.99,59.93,200.0,1199610.0,59.404
600779.SH,2022-11-01,0.0,60.05,60.05,59.98,336.0,2016420.0,59.408
600779.SH,2022-11-01,0.0,59.98,60.05,59.98,236.0,1416440.0,59.41
600779.SH,2022-11-01,0.0,60.05,60.05,60.0,359.0,2154760.0,59.415
600779.SH,2022-11-01,0.0,60.03,60.05,60.0,111.0,666228.0,59.416
600779.SH,2022-11-01,0.0,59.99,60.03,59.99,109.0,654096.0,59.417
600779.SH,2022-11-01,0.0,59.98,60.0,59.93,101.0,605713.0,59.418
600779.SH,2022-11-01,0.0,60.0,60.0,59.98,156.0,935877.0,59.42
600779.SH,2022-11-01,0.0,60.0,60.0,59.97,283.0,1697590.0,59.423
600779.SH,2022-11-01,0.0,59.99,60.0,59.97,156.0,935875.0,59.425
600779.SH,2022-11-01,0.0,59.99,60.0,59.98,90.0,539895.0,59.426
600779.SH,2022-11-01,0.0,60.03,60.03,59.98,319.0,1914290.0,59.43
600779.SH,2022-11-01,0.0,60.08,60.08,60.03,243.0,1459550.0,59.433
600779.SH,2022-11-01,0.0,60.07,60.09,60.04,249.0,1495780.0,59.436
600779.SH,2022-11-01,0.0,60.02,60.05,60.0,104.0,624314.0,59.437
600779.SH,2022-11-01,0.0,60.03,60.03,60.01,85.0,510136.0,59.438
600779.SH,2022-11-01,0.0,60.02,60.05,60.0,134.0,804361.0,59.439
600779.SH,2022-11-01,0.0,59.94,60.02,59.94,167.0,1001690.0,59.441
600779.SH,2022-11-01,0.0,59.88,59.98,59.88,136.0,814957.0,59.442
600779.SH,2022-11-01,0.0,59.86,59.89,59.86,69.0,413201.0,59.443
600779.SH,2022-11-01,0.0,59.85,59.86,59.81,191.0,1143900.0,59.444
600779.SH,2022-11-01,0.0,59.82,59.86,59.82,100.0,598383.0,59.445
600779.SH,2022-11-01,0.0,59.89,59.9,59.8,126.0,754010.0,59.446
600779.SH,2022-11-01,0.0,59.97,59.97,59.88,103.0,617116.0,59.447
600779.SH,2022-11-01,0.0,59.94,59.98,59.93,132.0,791487.0,59.448
600779.SH,2022-11-01,0.0,59.94,59.95,59.91,103.0,617400.0,59.449
600779.SH,2022-11-01,0.0,59.89,59.93,59.89,190.0,1138270.0,59.45
600779.SH,2022-11-01,0.0,59.95,59.99,59.89,183.0,1096630.0,59.452
600779.SH,2022-11-01,0.0,60.0,60.0,59.95,164.0,983809.0,59.454
600779.SH,2022-11-01,0.0,60.05,60.05,60.01,158.0,948319.0,59.455
600779.SH,2022-11-01,0.0,60.07,60.08,60.03,134.0,804894.0,59.457
600779.SH,2022-11-01,0.0,60.09,60.1,60.08,151.0,907387.0,59.458
600779.SH,2022-11-01,0.0,60.2,60.2,60.1,239.0,1437360.0,59.461
600779.SH,2022-11-01,0.0,60.11,60.19,60.08,152.0,914099.0,59.463
600779.SH,2022-11-01,0.0,60.12,60.13,60.1,77.0,462877.0,59.464
600779.SH,2022-11-01,0.0,60.12,60.15,60.11,145.0,871818.0,59.466
600779.SH,2022-11-01,0.0,60.14,60.15,60.12,108.0,649502.0,59.467
600779.SH,2022-11-01,0.0,60.2,60.2,60.15,184.0,1107140.0,59.47
600779.SH,2022-11-01,0.0,60.19,60.2,60.18,135.0,812633.0,59.471
600779.SH,2022-11-01,0.0,60.19,60.19,60.18,72.0,433360.0,59.472
600779.SH,2022-11-01,0.0,60.2,60.2,60.18,89.0,535672.0,59.473
600779.SH,2022-11-01,0.0,60.19,60.2,60.18,227.0,1366400.0,59.476
600779.SH,2022-11-01,0.0,60.19,60.2,60.18,227.0,1366480.0,59.479
600779.SH,2022-11-01,0.0,60.19,60.2,60.18,148.0,890916.0,59.481
600779.SH,2022-11-01,0.0,60.19,60.2,60.19,187.0,1125620.0,59.483
600779.SH,2022-11-01,0.0,60.17,60.19,60.16,127.0,764235.0,59.485
600779.SH,2022-11-01,0.0,60.19,60.2,60.16,191.0,1149630.0,59.487
600779.SH,2022-11-01,0.0,60.24,60.24,60.2,213.0,1282430.0,59.49
600779.SH,2022-11-01,0.0,60.26,60.26,60.21,152.0,915820.0,59.492
600779.SH,2022-11-01,0.0,60.23,60.26,60.21,225.0,1355370.0,59.495
600779.SH,2022-11-01,0.0,60.19,60.25,60.19,105.0,632263.0,59.496
600779.SH,2022-11-01,0.0,60.16,60.22,60.11,147.0,884401.0,59.498
600779.SH,2022-11-01,0.0,60.15,60.15,60.12,176.0,1058560.0,59.5
600779.SH,2022-11-01,0.0,60.2,60.2,60.15,171.0,1028900.0,59.502
600779.SH,2022-11-01,0.0,60.15,60.2,60.15,104.0,625969.0,59.503
600779.SH,2022-11-01,0.0,60.23,60.24,60.15,135.0,813243.0,59.504
600779.SH,2022-11-01,0.0,60.23,60.25,60.23,113.0,680702.0,59.506
600779.SH,2022-11-01,0.0,60.28,60.28,60.25,206.0,1241480.0,59.509
600779.SH,2022-11-01,0.0,60.26,60.29,60.26,118.0,711314.0,59.51
600779.SH,2022-11-01,0.0,60.25,60.28,60.23,127.0,765266.0,59.512
600779.SH,2022-11-01,0.0,60.26,60.3,60.25,200.0,1205700.0,59.514
600779.SH,2022-11-01,0.0,60.29,60.3,60.25,219.0,1320500.0,59.517
600779.SH,2022-11-01,0.0,60.29,60.3,60.27,148.0,892275.0,59.519
600779.SH,2022-11-01,0.0,60.29,60.3,60.28,154.0,928542.0,59.521
600779.SH,2022-11-01,0.0,60.29,60.3,60.28,203.0,1223980.0,59.524
600779.SH,2022-11-01,0.0,60.3,60.3,60.29,212.0,1278340.0,59.526
600779.SH,2022-11-01,0.0,60.34,60.35,60.29,322.0,1942270.0,59.531
600779.SH,2022-11-01,0.0,60.32,60.35,60.32,156.0,941215.0,59.533
600779.SH,2022-11-01,0.0,60.33,60.34,60.32,72.0,434380.0,59.533
600779.SH,2022-11-01,0.0,60.33,60.35,60.32,339.0,2045280.0,59.538
600779.SH,2022-11-01,0.0,60.35,60.35,60.32,189.0,1140420.0,59.54
600779.SH,2022-11-01,0.0,60.34,60.35,60.33,84.0,506876.0,59.541
600779.SH,2022-11-01,0.0,60.34,60.35,60.34,139.0,838831.0,59.543
600779.SH,2022-11-01,0.0,60.35,60.36,60.33,294.0,1774200.0,59.547
600779.SH,2022-11-01,0.0,60.38,60.39,60.36,280.0,1688880.0,59.551
600779.SH,2022-11-01,0.0,60.42,60.42,60.39,369.0,2228650.0,59.556
600779.SH,2022-11-01,0.0,60.47,60.48,60.4,416.0,2515250.0,59.562
600779.SH,2022-11-01,0.0,60.48,60.49,60.45,278.0,1681070.0,59.566
600779.SH,2022-11-01,0.0,60.5,60.5,60.48,252.0,1524380.0,59.569
600779.SH,2022-11-01,0.0,60.46,60.5,60.46,245.0,1482020.0,59.573
600779.SH,2022-11-01,0.0,60.49,60.49,60.45,142.0,858772.0,59.575
600779.SH,2022-11-01,0.0,60.5,60.5,60.48,419.0,2534760.0,59.581
600779.SH,2022-11-01,0.0,60.5,60.5,60.49,388.0,2347330.0,59.586
600779.SH,2022-11-01,0.0,60.49,60.5,60.49,272.0,1645520.0,59.59
600779.SH,2022-11-01,0.0,60.54,60.55,60.5,906.0,5481610.0,59.603
600779.SH,2022-11-01,0.0,60.6,60.6,60.54,323.0,1956260.0,59.607
600779.SH,2022-11-01,0.0,60.78,60.78,60.59,480.0,2912070.0,59.615
600779.SH,2022-11-01,0.0,60.81,60.82,60.77,440.0,2674940.0,59.623
600779.SH,2022-11-01,0.0,60.79,60.83,60.69,561.0,3409260.0,59.632
600779.SH,2022-11-01,0.0,60.78,60.79,60.77,242.0,1470970.0,59.636
600779.SH,2022-11-01,0.0,60.81,60.81,60.78,387.0,2352810.0,59.643
600779.SH,2022-11-01,0.0,60.88,60.88,60.8,350.0,2129590.0,59.649
600779.SH,2022-11-01,0.0,60.97,60.98,60.87,523.0,3187080.0,59.659
600779.SH,2022-11-01,0.0,60.88,60.97,60.81,492.0,2997120.0,59.667
600779.SH,2022-11-01,0.0,60.88,60.9,60.85,185.0,1126390.0,59.671
600779.SH,2022-11-01,0.0,60.92,60.92,60.87,350.0,2131310.0,59.677
600779.SH,2022-11-01,0.0,60.95,60.95,60.9,277.0,1688030.0,59.682
600779.SH,2022-11-01,0.0,61.15,61.15,60.95,1182.0,7210760.0,59.703
600779.SH,2022-11-01,0.0,61.11,61.14,61.09,368.0,2248640.0,59.711
600779.SH,2022-11-01,0.0,61.15,61.18,61.1,377.0,2304720.0,59.718
600779.SH,2022-11-01,0.0,61.16,61.17,61.13,324.0,1981370.0,59.724
600779.SH,2022-11-01,0.0,61.17,61.18,61.15,499.0,3052330.0,59.734
600779.SH,2022-11-01,0.0,61.2,61.2,61.17,602.0,3683150.0,59.746
600779.SH,2022-11-01,0.0,61.2,61.2,61.18,449.0,2747630.0,59.755
600779.SH,2022-11-01,0.0,61.2,61.2,61.18,505.0,3090220.0,59.764
600779.SH,2022-11-01,0.0,61.2,61.2,61.18,604.0,3695990.0,59.776
600779.SH,2022-11-01,0.0,61.15,61.2,61.15,848.0,5188490.0,59.791
600779.SH,2022-11-01,0.0,61.19,61.19,61.16,571.0,3492800.0,59.802
600779.SH,2022-11-01,0.0,61.18,61.18,61.18,3.0,18354.0,59.802
600779.SH,2022-11-01,0.0,61.18,61.18,61.18,0.0,0.0,59.802
600779.SH,2022-11-01,0.0,61.19,61.19,61.19,1398.0,8556560.0,59.826
600779.SH,2022-11-02,0.0,60.41,60.41,60.41,404.0,2440560.0,60.41
600779.SH,2022-11-02,0.0,60.71,60.98,60.21,1705.0,10334200.0,60.573
600779.SH,2022-11-02,0.0,61.14,61.14,60.9,1049.0,6400970.0,60.721
600779.SH,2022-11-02,0.0,61.85,61.95,61.16,1234.0,7601680.0,60.969
600779.SH,2022-11-02,0.0,61.37,61.87,61.37,1275.0,7866300.0,61.132
600779.SH,2022-11-02,0.0,61.4,61.4,61.18,648.0,3972310.0,61.15
600779.SH,2022-11-02,0.0,61.5,61.82,61.44,1265.0,7797940.0,61.232
600779.SH,2022-11-02,0.0,61.3,61.74,61.3,1132.0,6966950.0,61.273
600779.SH,2022-11-02,0.0,61.32,61.36,61.2,840.0,5149770.0,61.276
600779.SH,2022-11-02,0.0,61.31,61.38,61.15,1124.0,6886600.0,61.275
600779.SH,2022-11-02,0.0,61.55,61.55,61.23,567.0,3479410.0,61.28
600779.SH,2022-11-02,0.0,61.52,61.71,61.52,619.0,3814900.0,61.298
600779.SH,2022-11-02,0.0,61.84,61.9,61.52,922.0,5692410.0,61.33
600779.SH,2022-11-02,0.0,61.69,61.9,61.69,846.0,5231530.0,61.361
600779.SH,2022-11-02,0.0,61.89,61.93,61.71,769.0,4753070.0,61.385
600779.SH,2022-11-02,0.0,62.05,62.05,61.87,828.0,5130020.0,61.416
600779.SH,2022-11-02,0.0,62.15,62.2,62.07,922.0,5729950.0,61.458
600779.SH,2022-11-02,0.0,62.06,62.17,62.01,1298.0,8060210.0,61.506
600779.SH,2022-11-02,0.0,61.87,62.05,61.77,344.0,2130720.0,61.514
600779.SH,2022-11-02,0.0,62.26,62.26,61.85,807.0,5014650.0,61.54
600779.SH,2022-11-02,0.0,62.05,62.29,62.05,379.0,2358210.0,61.554
600779.SH,2022-11-02,0.0,62.04,62.12,61.94,473.0,2933050.0,61.565
600779.SH,2022-11-02,0.0,61.85,62.12,61.85,422.0,2615100.0,61.573
600779.SH,2022-11-02,0.0,61.66,61.84,61.6,690.0,4257120.0,61.577
600779.SH,2022-11-02,0.0,61.94,61.98,61.66,599.0,3702990.0,61.584
600779.SH,2022-11-02,0.0,61.8,61.99,61.78,301.0,1862680.0,61.588
600779.SH,2022-11-02,0.0,62.05,62.07,61.81,412.0,2555320.0,61.595
600779.SH,2022-11-02,0.0,61.95,62.05,61.9,251.0,1555190.0,61.6
600779.SH,2022-11-02,0.0,61.91,61.95,61.9,83.0,513969.0,61.601
600779.SH,2022-11-02,0.0,61.9,61.95,61.9,177.0,1096010.0,61.603
600779.SH,2022-11-02,0.0,61.74,61.94,61.7,412.0,2546150.0,61.607
600779.SH,2022-11-02,0.0,61.9,61.95,61.76,284.0,1756820.0,61.61
600779.SH,2022-11-02,0.0,61.71,61.9,61.71,180.0,1112690.0,61.612
600779.SH,2022-11-02,0.0,61.61,61.71,61.61,372.0,2294270.0,61.613
600779.SH,2022-11-02,0.0,61.52,61.61,61.52,274.0,1686940.0,61.612
600779.SH,2022-11-02,0.0,61.41,61.52,61.4,319.0,1960740.0,61.61
600779.SH,2022-11-02,0.0,61.35,61.4,61.3,330.0,2023360.0,61.607
600779.SH,2022-11-02,0.0,61.35,61.35,61.3,406.0,2489070.0,61.602
600779.SH,2022-11-02,0.0,61.4,61.4,61.35,248.0,1521730.0,61.6
600779.SH,2022-11-02,0.0,61.65,61.65,61.4,286.0,1759140.0,61.599
600779.SH,2022-11-02,0.0,61.56,61.65,61.48,295.0,1816450.0,61.598
600779.SH,2022-11-02,0.0,61.75,61.8,61.52,299.0,1844790.0,61.6
600779.SH,2022-11-02,0.0,61.6,61.75,61.6,65.0,400870.0,61.6
600779.SH,2022-11-02,0.0,61.58,61.58,61.52,208.0,1280250.0,61.599
600779.SH,2022-11-02,0.0,61.64,61.65,61.57,251.0,1546220.0,61.599
600779.SH,2022-11-02,0.0,61.8,61.8,61.64,206.0,1271500.0,61.6
600779.SH,2022-11-02,0.0,61.85,61.88,61.78,266.0,1645000.0,61.603
600779.SH,2022-11-02,0.0,61.75,61.85,61.71,96.0,592795.0,61.603
600779.SH,2022-11-02,0.0,61.86,61.86,61.75,291.0,1798400.0,61.605
600779.SH,2022-11-02,0.0,61.98,61.98,61.88,253.0,1566530.0,61.608
600779.SH,2022-11-02,0.0,62.05,62.09,61.98,690.0,4280620.0,61.619
600779.SH,2022-11-02,0.0,62.06,62.07,62.03,271.0,1681290.0,61.623
600779.SH,2022-11-02,0.0,62.02,62.06,62.02,560.0,3474360.0,61.631
600779.SH,2022-11-02,0.0,62.0,62.04,62.0,209.0,1296030.0,61.633
600779.SH,2022-11-02,0.0,62.25,62.25,62.05,744.0,4627930.0,61.647
600779.SH,2022-11-02,0.0,62.35,62.35,62.25,583.0,3631210.0,61.659
600779.SH,2022-11-02,0.0,62.42,62.45,62.36,411.0,2564470.0,61.668
600779.SH,2022-11-02,0.0,62.43,62.45,62.38,565.0,3526830.0,61.682
600779.SH,2022-11-02,0.0,62.66,62.68,62.43,1038.0,6488430.0,61.708
600779.SH,2022-11-02,0.0,62.67,62.76,62.65,465.0,2915810.0,61.722
600779.SH,2022-11-02,0.0,62.52,62.65,62.5,281.0,1758160.0,61.729
600779.SH,2022-11-02,0.0,62.47,62.54,62.41,466.0,2913010.0,61.74
600779.SH,2022-11-02,0.0,62.4,62.47,62.4,197.0,1229670.0,61.744
600779.SH,2022-11-02,0.0,62.28,62.4,62.28,112.0,698610.0,61.746
600779.SH,2022-11-02,0.0,62.42,62.42,62.29,278.0,1732610.0,61.75
600779.SH,2022-11-02,0.0,62.43,62.43,62.4,114.0,711644.0,61.752
600779.SH,2022-11-02,0.0,62.42,62.46,62.41,194.0,1211230.0,61.756
600779.SH,2022-11-02,0.0,62.44,62.46,62.42,138.0,861600.0,61.759
600779.SH,2022-11-02,0.0,62.49,62.5,62.44,174.0,1086510.0,61.763
600779.SH,2022-11-02,0.0,62.52,62.53,62.4,342.0,2136300.0,61.769
600779.SH,2022-11-02,0.0,62.41,62.54,62.41,256.0,1599880.0,61.774
600779.SH,2022-11-02,0.0,62.41,62.46,62.26,388.0,2421040.0,61.781
600779.SH,2022-11-02,0.0,62.48,62.5,62.41,189.0,1180820.0,61.785
600779.SH,2022-11-02,0.0,62.52,62.52,62.41,224.0,1400790.0,61.789
600779.SH,2022-11-02,0.0,62.53,62.55,62.53,153.0,956806.0,61.792
600779.SH,2022-11-02,0.0,62.54,62.55,62.51,202.0,1262970.0,61.796
600779.SH,2022-11-02,0.0,62.6,62.61,62.56,187.0,1170260.0,61.8
600779.SH,2022-11-02,0.0,62.59,62.62,62.59,147.0,920360.0,61.803
600779.SH,2022-11-02,0.0,62.62,62.62,62.58,271.0,1696380.0,61.809
600779.SH,2022-11-02,0.0,62.58,62.62,62.56,127.0,794956.0,61.812
600779.SH,2022-11-02,0.0,62.63,62.63,62.55,195.0,1220700.0,61.816
600779.SH,2022-11-02,0.0,62.46,62.65,62.46,372.0,2328570.0,61.823
600779.SH,2022-11-02,0.0,62.33,62.42,62.33,89.0,555202.0,61.825
600779.SH,2022-11-02,0.0,62.33,62.33,62.27,129.0,803719.0,61.826
600779.SH,2022-11-02,0.0,62.31,62.33,62.31,74.0,461159.0,61.827
600779.SH,2022-11-02,0.0,62.24,62.31,62.24,182.0,1133450.0,61.829
600779.SH,2022-11-02,0.0,62.19,62.23,62.19,145.0,901863.0,61.831
600779.SH,2022-11-02,0.0,62.22,62.25,62.2,123.0,765143.0,61.832
600779.SH,2022-11-02,0.0,62.3,62.3,62.22,47.0,292725.0,61.832
600779.SH,2022-11-02,0.0,62.31,62.32,62.28,112.0,697805.0,61.834
600779.SH,2022-11-02,0.0,62.28,62.33,62.28,247.0,1538870.0,61.837
600779.SH,2022-11-02,0.0,62.05,62.29,62.05,164.0,1020070.0,61.838
600779.SH,2022-11-02,0.0,61.95,62.05,61.9,327.0,2026220.0,61.839
600779.SH,2022-11-02,0.0,62.1,62.2,61.96,283.0,1754090.0,61.841
600779.SH,2022-11-02,0.0,62.09,62.2,62.08,79.0,490622.0,61.841
600779.SH,2022-11-02,0.0,62.09,62.1,62.08,113.0,701594.0,61.842
600779.SH,2022-11-02,0.0,62.18,62.19,62.08,65.0,404003.0,61.842
600779.SH,2022-11-02,0.0,62.09,62.19,62.09,101.0,627727.0,61.843
600779.SH,2022-11-02,0.0,62.08,62.09,62.07,57.0,353868.0,61.843
600779.SH,2022-11-02,0.0,62.1,62.1,62.08,94.0,583645.0,61.844
600779.SH,2022-11-02,0.0,62.11,62.18,62.1,56.0,347893.0,61.844
600779.SH,2022-11-02,0.0,62.19,62.19,62.1,40.0,248613.0,61.845
600779.SH,2022-11-02,0.0,62.2,62.25,62.19,53.0,329698.0,61.845
600779.SH,2022-11-02,0.0,62.17,62.22,62.11,121.0,752157.0,61.846
600779.SH,2022-11-02,0.0,62.02,62.12,62.02,110.0,682977.0,61.847
600779.SH,2022-11-02,0.0,62.0,62.02,61.98,126.0,781199.0,61.847
600779.SH,2022-11-02,0.0,62.02,62.09,62.0,88.0,545688.0,61.848
600779.SH,2022-11-02,0.0,62.02,62.09,62.0,75.0,465189.0,61.848
600779.SH,2022-11-02,0.0,62.2,62.2,62.02,127.0,789623.0,61.849
600779.SH,2022-11-02,0.0,62.27,62.28,62.25,105.0,653772.0,61.85
600779.SH,2022-11-02,0.0,62.21,62.27,62.21,44.0,273945.0,61.85
600779.SH,2022-11-02,0.0,62.3,62.3,62.23,78.0,485697.0,61.851
600779.SH,2022-11-02,0.0,62.37,62.37,62.3,52.0,324052.0,61.852
600779.SH,2022-11-02,0.0,62.45,62.45,62.33,69.0,430606.0,61.853
600779.SH,2022-11-02,0.0,62.46,62.48,62.43,109.0,680712.0,61.854
600779.SH,2022-11-02,0.0,62.41,62.46,62.41,41.0,255925.0,61.855
600779.SH,2022-11-02,0.0,62.49,62.5,62.38,257.0,1605300.0,61.858
600779.SH,2022-11-02,0.0,62.5,62.5,62.49,88.0,549988.0,61.86
600779.SH,2022-11-02,0.0,62.5,62.51,62.49,172.0,1074990.0,61.862
600779.SH,2022-11-02,0.0,62.47,62.5,62.46,115.0,718632.0,61.864
600779.SH,2022-11-02,0.0,62.48,62.5,62.47,177.0,1106010.0,61.867
600779.SH,2022-11-02,0.0,62.5,62.5,62.46,257.0,1605750.0,61.87
600779.SH,2022-11-02,0.0,62.82,62.82,62.5,1233.0,7731520.0,61.894
600779.SH,2022-11-02,0.0,62.87,62.88,62.85,246.0,1546360.0,61.899
600779.SH,2022-11-02,0.0,62.88,62.9,62.87,259.0,1628770.0,61.905
600779.SH,2022-11-02,0.0,63.05,63.05,62.9,1254.0,7896770.0,61.934
600779.SH,2022-11-02,0.0,63.41,63.45,63.05,1040.0,6574630.0,61.962
600779.SH,2022-11-02,0.0,63.5,63.5,63.4,694.0,4404340.0,61.984
600779.SH,2022-11-02,0.0,63.58,63.58,63.5,527.0,3348510.0,62.001
600779.SH,2022-11-02,0.0,63.26,63.59,63.15,541.0,3434080.0,62.017
600779.SH,2022-11-02,0.0,63.18,63.28,63.1,380.0,2403450.0,62.027
600779.SH,2022-11-02,0.0,63.33,63.39,63.18,252.0,1593380.0,62.033
600779.SH,2022-11-02,0.0,63.3,63.33,63.27,447.0,2828700.0,62.044
600779.SH,2022-11-02,0.0,63.3,63.31,63.29,685.0,4336360.0,62.061
600779.SH,2022-11-02,0.0,63.38,63.38,63.3,472.0,2988250.0,62.073
600779.SH,2022-11-02,0.0,63.27,63.38,63.26,291.0,1842170.0,62.08
600779.SH,2022-11-02,0.0,63.32,63.32,63.2,281.0,1777910.0,62.086
600779.SH,2022-11-02,0.0,63.5,63.52,63.33,395.0,2506860.0,62.097
600779.SH,2022-11-02,0.0,63.47,63.5,63.45,243.0,1542610.0,62.103
600779.SH,2022-11-02,0.0,63.5,63.5,63.44,403.0,2558270.0,62.114
600779.SH,2022-11-02,0.0,63.57,63.58,63.5,402.0,2553380.0,62.124
600779.SH,2022-11-02,0.0,63.69,63.69,63.57,743.0,4726140.0,62.145
600779.SH,2022-11-02,0.0,63.82,63.87,63.7,1199.0,7649570.0,62.181
600779.SH,2022-11-02,0.0,63.92,63.92,63.78,475.0,3033300.0,62.195
600779.SH,2022-11-02,0.0,63.85,63.92,63.83,601.0,3839390.0,62.213
600779.SH,2022-11-02,0.0,63.75,63.86,63.75,421.0,2685610.0,62.225
600779.SH,2022-11-02,0.0,63.43,63.74,63.43,533.0,3387340.0,62.238
600779.SH,2022-11-02,0.0,63.35,63.42,63.35,197.0,1248800.0,62.241
600779.SH,2022-11-02,0.0,63.33,63.35,63.31,171.0,1082980.0,62.245
600779.SH,2022-11-02,0.0,63.42,63.42,63.32,199.0,1261010.0,62.249
600779.SH,2022-11-02,0.0,63.38,63.46,63.38,330.0,2093280.0,62.255
600779.SH,2022-11-02,0.0,63.1,63.36,63.1,384.0,2429140.0,62.262
600779.SH,2022-11-02,0.0,63.22,63.22,63.1,377.0,2381390.0,62.268
600779.SH,2022-11-02,0.0,63.25,63.26,63.21,289.0,1827230.0,62.272
600779.SH,2022-11-02,0.0,63.03,63.27,63.03,499.0,3151090.0,62.28
600779.SH,2022-11-02,0.0,63.01,63.01,62.91,256.0,1612330.0,62.283
600779.SH,2022-11-02,0.0,63.11,63.11,63.01,113.0,712734.0,62.284
600779.SH,2022-11-02,0.0,63.22,63.22,63.11,75.0,473827.0,62.285
600779.SH,2022-11-02,0.0,63.23,63.24,63.2,188.0,1188630.0,62.288
600779.SH,2022-11-02,0.0,63.27,63.28,63.23,178.0,1127120.0,62.291
600779.SH,2022-11-02,0.0,63.28,63.29,63.23,137.0,866834.0,62.293
600779.SH,2022-11-02,0.0,63.0,63.28,63.0,375.0,2367130.0,62.299
600779.SH,2022-11-02,0.0,63.11,63.12,62.99,409.0,2576980.0,62.303
600779.SH,2022-11-02,0.0,63.17,63.18,63.11,68.0,429486.0,62.304
600779.SH,2022-11-02,0.0,63.17,63.18,63.15,87.0,549549.0,62.305
600779.SH,2022-11-02,0.0,63.19,63.2,63.17,113.0,713986.0,62.307
600779.SH,2022-11-02,0.0,63.28,63.28,63.15,158.0,998396.0,62.309
600779.SH,2022-11-02,0.0,63.4,63.4,63.27,163.0,1032140.0,62.312
600779.SH,2022-11-02,0.0,63.46,63.49,63.36,184.0,1167520.0,62.315
600779.SH,2022-11-02,0.0,63.33,63.45,63.29,131.0,830316.0,62.318
600779.SH,2022-11-02,0.0,63.2,63.29,63.19,139.0,878742.0,62.32
600779.SH,2022-11-02,0.0,63.15,63.2,63.13,168.0,1061190.0,62.322
600779.SH,2022-11-02,0.0,63.15,63.15,63.13,99.0,625100.0,62.323
600779.SH,2022-11-02,0.0,63.24,63.25,63.17,83.0,524647.0,62.324
600779.SH,2022-11-02,0.0,63.28,63.29,63.24,112.0,708522.0,62.326
600779.SH,2022-11-02,0.0,63.3,63.37,63.26,235.0,1487460.0,62.33
600779.SH,2022-11-02,0.0,63.39,63.39,63.3,208.0,1317420.0,62.333
600779.SH,2022-11-02,0.0,63.32,63.39,63.32,55.0,348401.0,62.334
600779.SH,2022-11-02,0.0,63.24,63.32,63.24,116.0,734141.0,62.336
600779.SH,2022-11-02,0.0,63.12,63.25,63.12,209.0,1319660.0,62.338
600779.SH,2022-11-02,0.0,63.05,63.12,63.05,100.0,630923.0,62.339
600779.SH,2022-11-02,0.0,63.01,63.08,63.0,310.0,1953980.0,62.343
600779.SH,2022-11-02,0.0,62.95,63.0,62.94,376.0,2367870.0,62.346
600779.SH,2022-11-02,0.0,62.95,63.01,62.94,272.0,1712360.0,62.349
600779.SH,2022-11-02,0.0,62.95,62.99,62.95,80.0,503783.0,62.35
600779.SH,2022-11-02,0.0,62.94,62.97,62.94,130.0,818382.0,62.351
600779.SH,2022-11-02,0.0,62.87,62.95,62.87,318.0,2000570.0,62.354
600779.SH,2022-11-02,0.0,62.75,62.86,62.72,207.0,1299680.0,62.355
600779.SH,2022-11-02,0.0,62.82,62.83,62.76,159.0,998454.0,62.356
600779.SH,2022-11-02,0.0,62.81,62.83,62.8,156.0,979868.0,62.357
600779.SH,2022-11-02,0.0,62.8,62.83,62.8,111.0,697197.0,62.358
600779.SH,2022-11-02,0.0,62.77,62.8,62.76,214.0,1343800.0,62.359
600779.SH,2022-11-02,0.0,62.7,62.77,62.7,110.0,690136.0,62.36
600779.SH,2022-11-02,0.0,62.68,62.71,62.68,233.0,1460650.0,62.361
600779.SH,2022-11-02,0.0,62.61,62.67,62.61,127.0,795483.0,62.362
600779.SH,2022-11-02,0.0,62.59,62.61,62.57,443.0,2772380.0,62.363
600779.SH,2022-11-02,0.0,62.6,62.61,62.59,148.0,926483.0,62.364
600779.SH,2022-11-02,0.0,62.7,62.7,62.6,135.0,845610.0,62.364
600779.SH,2022-11-02,0.0,62.73,62.76,62.7,134.0,840337.0,62.365
600779.SH,2022-11-02,0.0,62.79,62.79,62.71,138.0,865905.0,62.366
600779.SH,2022-11-02,0.0,62.82,62.83,62.78,167.0,1048990.0,62.367
600779.SH,2022-11-02,0.0,62.77,62.82,62.77,146.0,916944.0,62.368
600779.SH,2022-11-02,0.0,62.73,62.77,62.72,102.0,639999.0,62.368
600779.SH,2022-11-02,0.0,62.7,62.74,62.7,114.0,714900.0,62.369
600779.SH,2022-11-02,0.0,62.7,62.7,62.68,110.0,689639.0,62.369
600779.SH,2022-11-02,0.0,62.69,62.69,62.67,123.0,770988.0,62.37
600779.SH,2022-11-02,0.0,62.68,62.69,62.67,98.0,614252.0,62.371
600779.SH,2022-11-02,0.0,62.67,62.69,62.67,86.0,539029.0,62.371
600779.SH,2022-11-02,0.0,62.62,62.67,62.61,191.0,1196480.0,62.372
600779.SH,2022-11-02,0.0,62.61,62.63,62.6,257.0,1609080.0,62.373
600779.SH,2022-11-02,0.0,62.56,62.6,62.55,82.0,513054.0,62.373
600779.SH,2022-11-02,0.0,62.54,62.56,62.52,180.0,1125730.0,62.373
600779.SH,2022-11-02,0.0,62.49,62.53,62.48,496.0,3100340.0,62.374
600779.SH,2022-11-02,0.0,62.46,62.48,62.43,312.0,1948580.0,62.375
600779.SH,2022-11-02,0.0,62.42,62.45,62.42,253.0,1579450.0,62.375
600779.SH,2022-11-02,0.0,62.45,62.45,62.41,192.0,1198550.0,62.375
600779.SH,2022-11-02,0.0,62.46,62.47,62.44,160.0,999241.0,62.375
600779.SH,2022-11-02,0.0,62.46,62.47,62.44,143.0,893037.0,62.375
600779.SH,2022-11-02,0.0,62.47,62.47,62.44,153.0,955594.0,62.375
600779.SH,2022-11-02,0.0,62.49,62.5,62.47,243.0,1518320.0,62.376
600779.SH,2022-11-02,0.0,62.52,62.55,62.5,138.0,862789.0,62.376
600779.SH,2022-11-02,0.0,62.5,62.52,62.5,116.0,725098.0,62.376
600779.SH,2022-11-02,0.0,62.52,62.52,62.5,137.0,856353.0,62.376
600779.SH,2022-11-02,0.0,62.52,62.52,62.5,197.0,1230310.0,62.377
600779.SH,2022-11-02,0.0,62.53,62.53,62.5,96.0,600182.0,62.377
600779.SH,2022-11-02,0.0,62.54,62.55,62.53,217.0,1357050.0,62.378
600779.SH,2022-11-02,0.0,62.53,62.54,62.52,188.0,1175650.0,62.378
600779.SH,2022-11-02,0.0,62.51,62.54,62.51,149.0,931609.0,62.378
600779.SH,2022-11-02,0.0,62.5,62.52,62.49,202.0,1262600.0,62.379
600779.SH,2022-11-02,0.0,62.49,62.49,62.47,134.0,837316.0,62.379
600779.SH,2022-11-02,0.0,62.45,62.48,62.45,153.0,955688.0,62.379
600779.SH,2022-11-02,0.0,62.45,62.47,62.44,164.0,1024270.0,62.379
600779.SH,2022-11-02,0.0,62.45,62.47,62.43,293.0,1829890.0,62.379
600779.SH,2022-11-02,0.0,62.44,62.46,62.43,257.0,1604830.0,62.38
600779.SH,2022-11-02,0.0,62.45,62.45,62.43,276.0,1720770.0,62.38
600779.SH,2022-11-02,0.0,62.43,62.45,62.42,358.0,2237760.0,62.38
600779.SH,2022-11-02,0.0,62.45,62.45,62.43,303.0,1889070.0,62.38
600779.SH,2022-11-02,0.0,62.43,62.45,62.42,233.0,1454690.0,62.381
600779.SH,2022-11-02,0.0,62.43,62.43,62.43,9.0,56187.0,62.381
600779.SH,2022-11-02,0.0,62.43,62.43,62.43,0.0,0.0,62.381
600779.SH,2022-11-02,0.0,62.44,62.44,62.44,654.0,4085570.0,62.381
600779.SH,2022-11-03,0.0,61.6,61.6,61.6,248.0,1527680.0,61.6
600779.SH,2022-11-03,0.0,61.88,62.01,61.23,2063.0,12727300.0,61.695
600779.SH,2022-11-03,0.0,61.52,61.88,61.5,1273.0,7848340.0,61.68
600779.SH,2022-11-03,0.0,61.6,61.63,61.5,1019.0,6273200.0,61.654
600779.SH,2022-11-03,0.0,61.61,61.62,61.51,1287.0,7919980.0,61.629
600779.SH,2022-11-03,0.0,61.1,61.5,61.1,1830.0,11214700.0,61.547
600779.SH,2022-11-03,0.0,61.17,61.21,61.03,1040.0,6356300.0,61.496
600779.SH,2022-11-03,0.0,61.27,61.36,61.18,559.0,3424620.0,61.482
600779.SH,2022-11-03,0.0,61.57,61.58,61.27,535.0,3286850.0,61.479
600779.SH,2022-11-03,0.0,61.45,61.58,61.3,464.0,2851610.0,61.478
600779.SH,2022-11-03,0.0,61.59,61.61,61.45,580.0,3570270.0,61.482
600779.SH,2022-11-03,0.0,61.54,61.64,61.46,562.0,3459900.0,61.486
600779.SH,2022-11-03,0.0,61.53,61.6,61.42,316.0,1943130.0,61.486
600779.SH,2022-11-03,0.0,61.8,61.8,61.57,370.0,2283020.0,61.493
600779.SH,2022-11-03,0.0,61.55,61.83,61.51,327.0,2017030.0,61.498
600779.SH,2022-11-03,0.0,61.58,61.64,61.56,263.0,1619660.0,61.5
600779.SH,2022-11-03,0.0,61.89,61.89,61.6,406.0,2507010.0,61.509
600779.SH,2022-11-03,0.0,61.85,61.9,61.65,301.0,1860580.0,61.516
600779.SH,2022-11-03,0.0,62.19,62.2,61.84,378.0,2345540.0,61.531
600779.SH,2022-11-03,0.0,62.0,62.18,61.99,372.0,2309030.0,61.545
600779.SH,2022-11-03,0.0,61.88,61.99,61.88,241.0,1493120.0,61.552
600779.SH,2022-11-03,0.0,62.07,62.17,61.87,365.0,2264040.0,61.563
600779.SH,2022-11-03,0.0,61.88,62.09,61.88,186.0,1153190.0,61.569
600779.SH,2022-11-03,0.0,61.68,61.88,61.68,178.0,1100180.0,61.572
600779.SH,2022-11-03,0.0,61.83,61.83,61.65,205.0,1265060.0,61.573
600779.SH,2022-11-03,0.0,61.78,61.92,61.75,195.0,1205850.0,61.577
600779.SH,2022-11-03,0.0,61.96,62.0,61.78,203.0,1256000.0,61.58
600779.SH,2022-11-03,0.0,61.95,62.07,61.93,452.0,2801390.0,61.592
600779.SH,2022-11-03,0.0,61.68,61.96,61.68,327.0,2021970.0,61.596
600779.SH,2022-11-03,0.0,61.71,61.78,61.68,110.0,678773.0,61.597
600779.SH,2022-11-03,0.0,61.6,61.7,61.6,165.0,1017040.0,61.597
600779.SH,2022-11-03,0.0,61.79,61.91,61.64,274.0,1692480.0,61.6
600779.SH,2022-11-03,0.0,61.84,61.84,61.67,249.0,1538250.0,61.603
600779.SH,2022-11-03,0.0,61.93,61.96,61.85,143.0,885132.0,61.605
600779.SH,2022-11-03,0.0,61.98,61.98,61.89,189.0,1170820.0,61.609
600779.SH,2022-11-03,0.0,61.97,62.0,61.94,96.0,594925.0,61.611
600779.SH,2022-11-03,0.0,61.9,61.96,61.89,89.0,551181.0,61.612
600779.SH,2022-11-03,0.0,61.99,61.99,61.9,321.0,1988400.0,61.618
600779.SH,2022-11-03,0.0,61.93,61.99,61.87,202.0,1251700.0,61.622
600779.SH,2022-11-03,0.0,61.76,61.87,61.76,84.0,519216.0,61.623
600779.SH,2022-11-03,0.0,61.92,61.93,61.75,304.0,1878880.0,61.626
600779.SH,2022-11-03,0.0,61.85,61.96,61.8,79.0,488781.0,61.627
600779.SH,2022-11-03,0.0,61.85,61.94,61.85,101.0,624938.0,61.628
600779.SH,2022-11-03,0.0,61.88,61.93,61.83,57.0,352687.0,61.629
600779.SH,2022-11-03,0.0,61.97,61.97,61.88,79.0,489209.0,61.63
600779.SH,2022-11-03,0.0,61.97,61.97,61.9,69.0,427378.0,61.631
600779.SH,2022-11-03,0.0,62.06,62.06,61.97,226.0,1401270.0,61.636
600779.SH,2022-11-03,0.0,61.99,62.06,61.99,149.0,924128.0,61.639
600779.SH,2022-11-03,0.0,62.01,62.02,61.98,145.0,899010.0,61.641
600779.SH,2022-11-03,0.0,61.93,62.01,61.92,64.0,396613.0,61.642
600779.SH,2022-11-03,0.0,61.9,61.96,61.9,73.0,452038.0,61.643
600779.SH,2022-11-03,0.0,61.79,61.96,61.79,203.0,1255380.0,61.645
600779.SH,2022-11-03,0.0,61.76,61.81,61.71,84.0,518738.0,61.646
600779.SH,2022-11-03,0.0,61.7,61.81,61.7,124.0,765469.0,61.646
600779.SH,2022-11-03,0.0,61.66,61.72,61.66,131.0,808157.0,61.647
600779.SH,2022-11-03,0.0,61.68,61.68,61.65,86.0,530342.0,61.647
600779.SH,2022-11-03,0.0,61.7,61.73,61.66,121.0,746462.0,61.647
600779.SH,2022-11-03,0.0,61.66,61.73,61.66,178.0,1098070.0,61.647
600779.SH,2022-11-03,0.0,61.75,61.75,61.66,93.0,573865.0,61.648
600779.SH,2022-11-03,0.0,61.76,61.85,61.75,74.0,457151.0,61.648
600779.SH,2022-11-03,0.0,61.67,61.8,61.66,201.0,1240830.0,61.649
600779.SH,2022-11-03,0.0,61.72,61.85,61.66,107.0,660407.0,61.649
600779.SH,2022-11-03,0.0,61.77,61.85,61.72,44.0,271960.0,61.65
600779.SH,2022-11-03,0.0,61.7,61.79,61.7,137.0,845824.0,61.65
600779.SH,2022-11-03,0.0,61.71,61.8,61.7,25.0,154384.0,61.65
600779.SH,2022-11-03,0.0,61.8,61.84,61.72,40.0,247059.0,61.65
600779.SH,2022-11-03,0.0,61.78,61.84,61.76,42.0,259548.0,61.651
600779.SH,2022-11-03,0.0,61.88,61.88,61.77,120.0,742008.0,61.652
600779.SH,2022-11-03,0.0,61.92,61.97,61.89,112.0,693291.0,61.653
600779.SH,2022-11-03,0.0,61.92,61.99,61.91,54.0,334521.0,61.654
600779.SH,2022-11-03,0.0,61.99,61.99,61.91,79.0,489474.0,61.655
600779.SH,2022-11-03,0.0,61.9,61.99,61.9,73.0,452139.0,61.656
600779.SH,2022-11-03,0.0,61.85,61.94,61.84,88.0,544561.0,61.657
600779.SH,2022-11-03,0.0,61.85,61.86,61.84,69.0,426779.0,61.657
600779.SH,2022-11-03,0.0,61.86,61.87,61.84,71.0,439161.0,61.658
600779.SH,2022-11-03,0.0,61.72,61.84,61.72,115.0,710756.0,61.659
600779.SH,2022-11-03,0.0,61.74,61.77,61.67,164.0,1014640.0,61.659
600779.SH,2022-11-03,0.0,61.73,61.78,61.7,35.0,216066.0,61.659
600779.SH,2022-11-03,0.0,61.7,61.73,61.69,43.0,265316.0,61.659
600779.SH,2022-11-03,0.0,61.69,61.7,61.69,120.0,740382.0,61.659
600779.SH,2022-11-03,0.0,61.7,61.72,61.69,100.0,616999.0,61.66
600779.SH,2022-11-03,0.0,61.78,61.8,61.7,78.0,481475.0,61.66
600779.SH,2022-11-03,0.0,61.79,61.8,61.76,33.0,203867.0,61.66
600779.SH,2022-11-03,0.0,61.8,61.81,61.78,37.0,228638.0,61.66
600779.SH,2022-11-03,0.0,61.72,61.8,61.72,110.0,679423.0,61.661
600779.SH,2022-11-03,0.0,61.75,61.75,61.69,94.0,579984.0,61.661
600779.SH,2022-11-03,0.0,61.75,61.75,61.69,69.0,425937.0,61.661
600779.SH,2022-11-03,0.0,61.78,61.8,61.76,29.0,179172.0,61.661
600779.SH,2022-11-03,0.0,61.73,61.79,61.71,71.0,438368.0,61.661
600779.SH,2022-11-03,0.0,61.65,61.75,61.65,203.0,1252310.0,61.662
600779.SH,2022-11-03,0.0,61.65,61.65,61.61,78.0,480742.0,61.662
600779.SH,2022-11-03,0.0,61.63,61.65,61.62,87.0,536129.0,61.662
600779.SH,2022-11-03,0.0,61.74,61.8,61.62,126.0,777216.0,61.662
600779.SH,2022-11-03,0.0,61.82,61.82,61.74,27.0,166822.0,61.662
600779.SH,2022-11-03,0.0,61.73,61.85,61.73,56.0,345967.0,61.662
600779.SH,2022-11-03,0.0,61.7,61.78,61.7,24.0,148230.0,61.662
600779.SH,2022-11-03,0.0,61.84,61.85,61.7,77.0,476050.0,61.663
600779.SH,2022-11-03,0.0,61.85,61.85,61.81,20.0,123677.0,61.663
600779.SH,2022-11-03,0.0,61.83,61.85,61.81,75.0,463648.0,61.663
600779.SH,2022-11-03,0.0,61.8,61.83,61.8,23.0,142175.0,61.663
600779.SH,2022-11-03,0.0,61.81,61.83,61.8,75.0,463564.0,61.664
600779.SH,2022-11-03,0.0,61.8,61.82,61.78,79.0,488228.0,61.664
600779.SH,2022-11-03,0.0,61.78,61.8,61.78,42.0,259523.0,61.665
600779.SH,2022-11-03,0.0,61.77,61.8,61.77,18.0,111204.0,61.665
600779.SH,2022-11-03,0.0,61.79,61.79,61.72,39.0,240837.0,61.665
600779.SH,2022-11-03,0.0,61.72,61.74,61.71,26.0,160500.0,61.665
600779.SH,2022-11-03,0.0,61.72,61.75,61.72,27.0,166667.0,61.665
600779.SH,2022-11-03,0.0,61.7,61.72,61.68,121.0,746651.0,61.665
600779.SH,2022-11-03,0.0,61.68,61.72,61.68,63.0,388649.0,61.665
600779.SH,2022-11-03,0.0,61.7,61.7,61.64,48.0,295949.0,61.665
600779.SH,2022-11-03,0.0,61.64,61.7,61.63,38.0,234254.0,61.665
600779.SH,2022-11-03,0.0,61.55,61.64,61.55,300.0,1845060.0,61.664
600779.SH,2022-11-03,0.0,61.44,61.55,61.44,309.0,1900290.0,61.662
600779.SH,2022-11-03,0.0,61.41,61.43,61.41,207.0,1271290.0,61.66
600779.SH,2022-11-03,0.0,61.43,61.45,61.41,100.0,614288.0,61.659
600779.SH,2022-11-03,0.0,61.45,61.48,61.43,129.0,792757.0,61.658
600779.SH,2022-11-03,0.0,61.5,61.5,61.45,175.0,1078270.0,61.657
600779.SH,2022-11-03,0.0,61.47,61.5,61.47,52.0,319709.0,61.657
600779.SH,2022-11-03,0.0,61.45,61.48,61.45,71.0,436382.0,61.656
600779.SH,2022-11-03,0.0,61.4,61.45,61.39,132.0,808044.0,61.655
600779.SH,2022-11-03,0.0,61.4,61.43,61.39,70.0,429816.0,61.654
600779.SH,2022-11-03,0.0,61.49,61.5,61.4,202.0,1243090.0,61.652
600779.SH,2022-11-03,0.0,61.74,61.78,61.5,596.0,3673920.0,61.651
600779.SH,2022-11-03,0.0,61.56,61.72,61.56,107.0,659483.0,61.651
600779.SH,2022-11-03,0.0,61.54,61.59,61.5,94.0,581298.0,61.651
600779.SH,2022-11-03,0.0,61.56,61.6,61.54,92.0,566530.0,61.65
600779.SH,2022-11-03,0.0,61.57,61.6,61.51,80.0,492486.0,61.65
600779.SH,2022-11-03,0.0,61.63,61.73,61.6,38.0,234390.0,61.65
600779.SH,2022-11-03,0.0,61.72,61.72,61.66,59.0,364045.0,61.65
600779.SH,2022-11-03,0.0,61.69,61.74,61.69,81.0,499848.0,61.651
600779.SH,2022-11-03,0.0,61.69,61.72,61.66,95.0,585970.0,61.651
600779.SH,2022-11-03,0.0,61.69,61.69,61.65,50.0,308368.0,61.651
600779.SH,2022-11-03,0.0,61.72,61.78,61.65,95.0,587035.0,61.651
600779.SH,2022-11-03,0.0,61.68,61.72,61.68,61.0,375689.0,61.651
600779.SH,2022-11-03,0.0,61.78,61.78,61.66,50.0,308490.0,61.651
600779.SH,2022-11-03,0.0,61.73,61.78,61.73,41.0,253149.0,61.651
600779.SH,2022-11-03,0.0,61.67,61.73,61.66,73.0,450563.0,61.651
600779.SH,2022-11-03,0.0,61.67,61.7,61.66,54.0,333061.0,61.651
600779.SH,2022-11-03,0.0,61.65,61.68,61.65,82.0,505620.0,61.651
600779.SH,2022-11-03,0.0,61.87,61.87,61.65,235.0,1452460.0,61.653
600779.SH,2022-11-03,0.0,62.07,62.09,61.89,511.0,3168230.0,61.659
600779.SH,2022-11-03,0.0,61.95,62.04,61.87,36.0,223102.0,61.659
600779.SH,2022-11-03,0.0,61.95,61.95,61.91,65.0,402489.0,61.66
600779.SH,2022-11-03,0.0,61.93,61.95,61.91,32.0,198199.0,61.66
600779.SH,2022-11-03,0.0,61.89,61.95,61.88,69.0,427213.0,61.661
600779.SH,2022-11-03,0.0,61.94,61.94,61.86,51.0,315622.0,61.661
600779.SH,2022-11-03,0.0,61.98,61.99,61.89,207.0,1281630.0,61.663
600779.SH,2022-11-03,0.0,61.96,61.98,61.96,59.0,365603.0,61.663
600779.SH,2022-11-03,0.0,61.95,61.98,61.95,90.0,557611.0,61.664
600779.SH,2022-11-03,0.0,61.88,61.95,61.88,80.0,495321.0,61.665
600779.SH,2022-11-03,0.0,61.81,61.88,61.8,71.0,438999.0,61.665
600779.SH,2022-11-03,0.0,61.85,61.85,61.8,125.0,772702.0,61.666
600779.SH,2022-11-03,0.0,61.87,61.91,61.85,47.0,290788.0,61.666
600779.SH,2022-11-03,0.0,61.88,61.91,61.87,52.0,321855.0,61.667
600779.SH,2022-11-03,0.0,61.85,61.91,61.85,96.0,594103.0,61.667
600779.SH,2022-11-03,0.0,61.9,61.91,61.87,121.0,748853.0,61.668
600779.SH,2022-11-03,0.0,61.86,61.92,61.86,63.0,389940.0,61.669
600779.SH,2022-11-03,0.0,61.85,61.88,61.85,42.0,259808.0,61.669
600779.SH,2022-11-03,0.0,61.85,61.88,61.85,37.0,228872.0,61.669
600779.SH,2022-11-03,0.0,61.88,61.89,61.85,32.0,197997.0,61.669
600779.SH,2022-11-03,0.0,61.88,61.88,61.85,48.0,296963.0,61.67
600779.SH,2022-11-03,0.0,61.89,61.9,61.86,42.0,259890.0,61.67
600779.SH,2022-11-03,0.0,61.96,61.99,61.89,145.0,898362.0,61.671
600779.SH,2022-11-03,0.0,61.94,61.96,61.94,60.0,371712.0,61.672
600779.SH,2022-11-03,0.0,61.97,61.97,61.94,58.0,359380.0,61.673
600779.SH,2022-11-03,0.0,61.99,61.99,61.97,55.0,340917.0,61.673
600779.SH,2022-11-03,0.0,61.95,61.99,61.95,90.0,557796.0,61.674
600779.SH,2022-11-03,0.0,61.85,61.92,61.82,100.0,618986.0,61.675
600779.SH,2022-11-03,0.0,61.85,61.87,61.82,32.0,197921.0,61.675
600779.SH,2022-11-03,0.0,61.81,61.87,61.81,73.0,451355.0,61.675
600779.SH,2022-11-03,0.0,61.72,61.81,61.72,109.0,673623.0,61.676
600779.SH,2022-11-03,0.0,61.81,61.82,61.72,116.0,715842.0,61.676
600779.SH,2022-11-03,0.0,61.79,61.81,61.76,19.0,117370.0,61.676
600779.SH,2022-11-03,0.0,61.79,61.8,61.77,28.0,173006.0,61.676
600779.SH,2022-11-03,0.0,61.81,61.82,61.78,38.0,234825.0,61.676
600779.SH,2022-11-03,0.0,61.88,61.88,61.81,41.0,253503.0,61.676
600779.SH,2022-11-03,0.0,61.96,61.98,61.84,75.0,464352.0,61.677
600779.SH,2022-11-03,0.0,61.85,61.96,61.85,50.0,309373.0,61.677
600779.SH,2022-11-03,0.0,61.86,61.89,61.85,63.0,389716.0,61.678
600779.SH,2022-11-03,0.0,61.88,61.88,61.85,60.0,371160.0,61.678
600779.SH,2022-11-03,0.0,61.89,61.9,61.88,75.0,464176.0,61.678
600779.SH,2022-11-03,0.0,61.83,61.9,61.82,86.0,531947.0,61.679
600779.SH,2022-11-03,0.0,61.86,61.89,61.83,53.0,327879.0,61.679
600779.SH,2022-11-03,0.0,61.84,61.87,61.84,33.0,204111.0,61.679
600779.SH,2022-11-03,0.0,61.79,61.84,61.77,82.0,506881.0,61.68
600779.SH,2022-11-03,0.0,61.79,61.81,61.78,59.0,364606.0,61.68
600779.SH,2022-11-03,0.0,61.75,61.79,61.74,35.0,216217.0,61.68
600779.SH,2022-11-03,0.0,61.76,61.78,61.75,35.0,218378.0,61.68
600779.SH,2022-11-03,0.0,61.76,61.77,61.75,40.0,244814.0,61.68
600779.SH,2022-11-03,0.0,61.78,61.78,61.73,59.0,364290.0,61.68
600779.SH,2022-11-03,0.0,61.81,61.81,61.74,77.0,475769.0,61.681
600779.SH,2022-11-03,0.0,61.82,61.82,61.75,25.0,154506.0,61.681
600779.SH,2022-11-03,0.0,61.81,61.83,61.78,35.0,216284.0,61.681
600779.SH,2022-11-03,0.0,61.8,61.82,61.8,32.0,197796.0,61.681
600779.SH,2022-11-03,0.0,61.83,61.83,61.8,26.0,160743.0,61.681
600779.SH,2022-11-03,0.0,61.9,61.9,61.81,89.0,550367.0,61.682
600779.SH,2022-11-03,0.0,61.96,61.98,61.92,103.0,637934.0,61.682
600779.SH,2022-11-03,0.0,61.95,61.96,61.93,36.0,222980.0,61.683
600779.SH,2022-11-03,0.0,61.92,61.96,61.88,131.0,811150.0,61.684
600779.SH,2022-11-03,0.0,61.94,61.96,61.9,90.0,557304.0,61.684
600779.SH,2022-11-03,0.0,61.9,61.92,61.88,79.0,489044.0,61.685
600779.SH,2022-11-03,0.0,61.82,61.9,61.81,136.0,841292.0,61.685
600779.SH,2022-11-03,0.0,61.83,61.83,61.81,31.0,191647.0,61.686
600779.SH,2022-11-03,0.0,61.81,61.83,61.81,65.0,401838.0,61.686
600779.SH,2022-11-03,0.0,61.83,61.83,61.81,43.0,265844.0,61.686
600779.SH,2022-11-03,0.0,61.88,61.88,61.83,102.0,630881.0,61.687
600779.SH,2022-11-03,0.0,61.93,61.93,61.88,48.0,297133.0,61.687
600779.SH,2022-11-03,0.0,61.9,61.93,61.9,50.0,309554.0,61.687
600779.SH,2022-11-03,0.0,61.92,61.92,61.9,34.0,210495.0,61.687
600779.SH,2022-11-03,0.0,61.92,61.92,61.9,77.0,476718.0,61.688
600779.SH,2022-11-03,0.0,61.92,61.94,61.91,70.0,433461.0,61.688
600779.SH,2022-11-03,0.0,62.0,62.0,61.94,330.0,2045400.0,61.691
600779.SH,2022-11-03,0.0,61.96,62.0,61.96,352.0,2181920.0,61.694
600779.SH,2022-11-03,0.0,61.97,62.0,61.93,99.0,613339.0,61.695
600779.SH,2022-11-03,0.0,61.99,62.0,61.95,84.0,520619.0,61.696
600779.SH,2022-11-03,0.0,61.96,61.99,61.96,89.0,551609.0,61.697
600779.SH,2022-11-03,0.0,61.95,61.97,61.94,66.0,408871.0,61.697
600779.SH,2022-11-03,0.0,61.91,61.95,61.9,112.0,693624.0,61.698
600779.SH,2022-11-03,0.0,61.87,61.91,61.86,67.0,414634.0,61.698
600779.SH,2022-11-03,0.0,61.89,61.89,61.87,70.0,433162.0,61.698
600779.SH,2022-11-03,0.0,61.91,61.91,61.88,115.0,711792.0,61.699
600779.SH,2022-11-03,0.0,61.92,61.92,61.9,85.0,523364.0,61.7
600779.SH,2022-11-03,0.0,61.97,61.97,61.91,79.0,489311.0,61.7
600779.SH,2022-11-03,0.0,61.98,61.98,61.95,87.0,539081.0,61.701
600779.SH,2022-11-03,0.0,61.97,61.98,61.95,86.0,532918.0,61.701
600779.SH,2022-11-03,0.0,61.99,61.99,61.97,204.0,1264380.0,61.703
600779.SH,2022-11-03,0.0,61.99,62.0,61.92,330.0,2044940.0,61.706
600779.SH,2022-11-03,0.0,62.0,62.0,61.98,115.0,712900.0,61.706
600779.SH,2022-11-03,0.0,61.99,62.0,61.99,187.0,1159370.0,61.708
600779.SH,2022-11-03,0.0,62.01,62.02,61.99,341.0,2114420.0,61.711
600779.SH,2022-11-03,0.0,62.06,62.06,62.01,222.0,1377350.0,61.713
600779.SH,2022-11-03,0.0,62.03,62.06,62.02,299.0,1854760.0,61.715
600779.SH,2022-11-03,0.0,62.04,62.04,62.01,242.0,1501040.0,61.717
600779.SH,2022-11-03,0.0,62.05,62.05,62.03,172.0,1067060.0,61.719
600779.SH,2022-11-03,0.0,62.03,62.05,62.03,165.0,1023620.0,61.72
600779.SH,2022-11-03,0.0,61.98,62.03,61.96,704.0,4365030.0,61.725
600779.SH,2022-11-03,0.0,62.0,62.01,61.97,178.0,1103350.0,61.727
600779.SH,2022-11-03,0.0,62.0,62.01,61.98,151.0,936133.0,61.728
600779.SH,2022-11-03,0.0,62.01,62.01,62.01,16.0,99216.0,61.728
600779.SH,2022-11-03,0.0,62.01,62.01,62.01,0.0,0.0,61.728
600779.SH,2022-11-03,0.0,62.01,62.01,62.01,408.0,2530010.0,61.731
600779.SH,2022-11-04,0.0,62.04,62.04,62.04,147.0,911988.0,62.04
600779.SH,2022-11-04,0.0,62.5,62.62,62.07,568.0,3541800.0,62.291
600779.SH,2022-11-04,0.0,62.82,62.9,62.5,446.0,2794580.0,62.453
600779.SH,2022-11-04,0.0,63.0,63.17,62.85,674.0,4248160.0,62.664
600779.SH,2022-11-04,0.0,63.25,63.3,63.0,954.0,6029020.0,62.847
600779.SH,2022-11-04,0.0,63.0,63.29,63.0,848.0,5354170.0,62.915
600779.SH,2022-11-04,0.0,63.16,63.28,63.02,659.0,4164500.0,62.958
600779.SH,2022-11-04,0.0,63.53,63.58,63.16,926.0,5865250.0,63.025
600779.SH,2022-11-04,0.0,63.65,63.69,63.58,1150.0,7316490.0,63.133
600779.SH,2022-11-04,0.0,63.75,63.8,63.66,1173.0,7476070.0,63.227
600779.SH,2022-11-04,0.0,63.6,63.81,63.58,955.0,6082640.0,63.279
600779.SH,2022-11-04,0.0,63.51,63.81,63.51,928.0,5912530.0,63.322
600779.SH,2022-11-04,0.0,63.76,63.76,63.55,479.0,3050420.0,63.339
600779.SH,2022-11-04,0.0,63.7,63.78,63.68,702.0,4473900.0,63.365
600779.SH,2022-11-04,0.0,63.73,63.77,63.68,610.0,3887650.0,63.385
600779.SH,2022-11-04,0.0,63.9,63.9,63.7,858.0,5472890.0,63.414
600779.SH,2022-11-04,0.0,63.5,63.9,63.5,832.0,5302950.0,63.434
600779.SH,2022-11-04,0.0,63.4,63.5,63.4,635.0,4029710.0,63.436
600779.SH,2022-11-04,0.0,63.7,63.7,63.37,555.0,3521950.0,63.437
600779.SH,2022-11-04,0.0,63.6,63.74,63.6,492.0,3133100.0,63.445
600779.SH,2022-11-04,0.0,63.41,63.66,63.41,541.0,3435380.0,63.447
600779.SH,2022-11-04,0.0,63.25,63.41,63.19,854.0,5403620.0,63.438
600779.SH,2022-11-04,0.0,63.18,63.31,63.17,502.0,3172750.0,63.431
600779.SH,2022-11-04,0.0,63.25,63.25,63.15,630.0,3979970.0,63.422
600779.SH,2022-11-04,0.0,63.45,63.55,63.3,288.0,1827900.0,63.422
600779.SH,2022-11-04,0.0,63.68,63.7,63.37,335.0,2128220.0,63.424
600779.SH,2022-11-04,0.0,63.7,63.7,63.47,529.0,3365160.0,63.43
600779.SH,2022-11-04,0.0,63.4,63.72,63.4,365.0,2322980.0,63.434
600779.SH,2022-11-04,0.0,63.64,63.66,63.4,324.0,2058750.0,63.436
600779.SH,2022-11-04,0.0,63.66,63.66,63.6,175.0,1113520.0,63.438
600779.SH,2022-11-04,0.0,63.8,63.8,63.63,529.0,3372480.0,63.445
600779.SH,2022-11-04,0.0,63.7,63.86,63.7,662.0,4225350.0,63.457
600779.SH,2022-11-04,0.0,63.89,63.89,63.72,796.0,5082870.0,63.472
600779.SH,2022-11-04,0.0,63.8,63.86,63.71,377.0,2404300.0,63.478
600779.SH,2022-11-04,0.0,63.63,63.8,63.6,713.0,4542620.0,63.485
600779.SH,2022-11-04,0.0,63.8,63.8,63.6,255.0,1623600.0,63.487
600779.SH,2022-11-04,0.0,63.85,63.85,63.8,334.0,2131880.0,63.492
600779.SH,2022-11-04,0.0,63.77,63.88,63.77,341.0,2177090.0,63.498
600779.SH,2022-11-04,0.0,63.68,63.78,63.68,192.0,1223200.0,63.499
600779.SH,2022-11-04,0.0,63.72,63.75,63.68,129.0,821870.0,63.5
600779.SH,2022-11-04,0.0,63.81,63.81,63.73,361.0,2301290.0,63.504
600779.SH,2022-11-04,0.0,63.95,63.96,63.81,776.0,4957640.0,63.517
600779.SH,2022-11-04,0.0,63.9,63.98,63.84,456.0,2914820.0,63.524
600779.SH,2022-11-04,0.0,63.9,63.94,63.85,202.0,1290580.0,63.527
600779.SH,2022-11-04,0.0,63.82,63.9,63.81,167.0,1066150.0,63.529
600779.SH,2022-11-04,0.0,63.88,63.93,63.82,272.0,1737420.0,63.533
600779.SH,2022-11-04,0.0,63.79,63.89,63.76,579.0,3694200.0,63.539
600779.SH,2022-11-04,0.0,63.7,63.77,63.7,382.0,2434300.0,63.541
600779.SH,2022-11-04,0.0,63.66,63.71,63.66,219.0,1394960.0,63.542
600779.SH,2022-11-04,0.0,63.5,63.66,63.5,411.0,2612570.0,63.543
600779.SH,2022-11-04,0.0,63.43,63.5,63.41,209.0,1326230.0,63.542
600779.SH,2022-11-04,0.0,63.54,63.54,63.43,143.0,908474.0,63.542
600779.SH,2022-11-04,0.0,63.55,63.55,63.5,293.0,1861260.0,63.542
600779.SH,2022-11-04,0.0,63.63,63.63,63.54,124.0,788038.0,63.542
600779.SH,2022-11-04,0.0,63.7,63.72,63.65,140.0,891707.0,63.542
600779.SH,2022-11-04,0.0,63.61,63.7,63.59,221.0,1406360.0,63.543
600779.SH,2022-11-04,0.0,63.66,63.66,63.6,120.0,763309.0,63.543
600779.SH,2022-11-04,0.0,63.69,63.69,63.65,89.0,566613.0,63.544
600779.SH,2022-11-04,0.0,63.69,63.69,63.66,117.0,744969.0,63.544
600779.SH,2022-11-04,0.0,63.58,63.71,63.58,193.0,1228910.0,63.545
600779.SH,2022-11-04,0.0,63.55,63.6,63.55,79.0,502181.0,63.545
600779.SH,2022-11-04,0.0,63.53,63.56,63.53,97.0,616373.0,63.545
600779.SH,2022-11-04,0.0,63.42,63.52,63.42,201.0,1275040.0,63.545
600779.SH,2022-11-04,0.0,63.41,63.42,63.4,172.0,1090570.0,63.544
600779.SH,2022-11-04,0.0,63.41,63.41,63.39,158.0,1001750.0,63.543
600779.SH,2022-11-04,0.0,63.4,63.42,63.4,108.0,684806.0,63.543
600779.SH,2022-11-04,0.0,63.27,63.4,63.26,352.0,2230400.0,63.541
600779.SH,2022-11-04,0.0,63.4,63.41,63.26,308.0,1950080.0,63.538
600779.SH,2022-11-04,0.0,63.41,63.44,63.4,88.0,558836.0,63.538
600779.SH,2022-11-04,0.0,63.39,63.4,63.38,181.0,1146870.0,63.537
600779.SH,2022-11-04,0.0,63.4,63.42,63.39,56.0,355044.0,63.537
600779.SH,2022-11-04,0.0,63.55,63.55,63.42,266.0,1688160.0,63.536
600779.SH,2022-11-04,0.0,63.6,63.6,63.54,110.0,699186.0,63.536
600779.SH,2022-11-04,0.0,63.61,63.65,63.61,81.0,515285.0,63.536
600779.SH,2022-11-04,0.0,63.61,63.62,63.6,56.0,356259.0,63.537
600779.SH,2022-11-04,0.0,63.7,63.7,63.6,104.0,661962.0,63.537
600779.SH,2022-11-04,0.0,63.75,63.75,63.67,132.0,841318.0,63.538
600779.SH,2022-11-04,0.0,63.75,63.75,63.67,73.0,465088.0,63.538
600779.SH,2022-11-04,0.0,63.66,63.75,63.65,85.0,541270.0,63.539
600779.SH,2022-11-04,0.0,63.66,63.67,63.65,128.0,814868.0,63.539
600779.SH,2022-11-04,0.0,63.64,63.66,63.64,85.0,540979.0,63.539
600779.SH,2022-11-04,0.0,63.62,63.64,63.6,42.0,267209.0,63.539
600779.SH,2022-11-04,0.0,63.62,63.64,63.6,53.0,337167.0,63.54
600779.SH,2022-11-04,0.0,63.65,63.65,63.62,102.0,649167.0,63.54
600779.SH,2022-11-04,0.0,63.66,63.67,63.65,58.0,369233.0,63.54
600779.SH,2022-11-04,0.0,63.74,63.74,63.64,36.0,230464.0,63.54
600779.SH,2022-11-04,0.0,63.67,63.74,63.61,133.0,846046.0,63.541
600779.SH,2022-11-04,0.0,63.64,63.68,63.61,265.0,1687230.0,63.542
600779.SH,2022-11-04,0.0,63.61,63.66,63.61,32.0,203666.0,63.542
600779.SH,2022-11-04,0.0,63.65,63.66,63.6,136.0,865481.0,63.542
600779.SH,2022-11-04,0.0,63.68,63.68,63.62,234.0,1489680.0,63.543
600779.SH,2022-11-04,0.0,63.81,63.81,63.7,403.0,2570460.0,63.546
600779.SH,2022-11-04,0.0,63.79,63.82,63.78,116.0,740145.0,63.547
600779.SH,2022-11-04,0.0,63.73,63.78,63.69,154.0,981554.0,63.548
600779.SH,2022-11-04,0.0,63.73,63.73,63.7,75.0,477935.0,63.548
600779.SH,2022-11-04,0.0,63.7,63.73,63.69,54.0,344072.0,63.548
600779.SH,2022-11-04,0.0,63.68,63.7,63.68,87.0,554167.0,63.549
600779.SH,2022-11-04,0.0,63.71,63.71,63.65,186.0,1184630.0,63.549
600779.SH,2022-11-04,0.0,63.75,63.75,63.71,172.0,1096140.0,63.55
600779.SH,2022-11-04,0.0,63.83,63.83,63.75,102.0,650862.0,63.551
600779.SH,2022-11-04,0.0,63.81,63.82,63.81,105.0,670371.0,63.552
600779.SH,2022-11-04,0.0,63.81,63.82,63.8,171.0,1090920.0,63.553
600779.SH,2022-11-04,0.0,63.8,63.81,63.79,189.0,1205860.0,63.555
600779.SH,2022-11-04,0.0,63.92,63.93,63.79,827.0,5283350.0,63.562
600779.SH,2022-11-04,0.0,64.1,64.1,63.92,1858.0,11891900.0,63.583
600779.SH,2022-11-04,0.0,64.19,64.2,64.15,321.0,2059920.0,63.588
600779.SH,2022-11-04,0.0,64.12,64.22,64.1,371.0,2381710.0,63.594
600779.SH,2022-11-04,0.0,64.08,64.11,64.07,150.0,961404.0,63.596
600779.SH,2022-11-04,0.0,64.01,64.08,64.01,84.0,538071.0,63.597
600779.SH,2022-11-04,0.0,63.97,64.01,63.97,131.0,838359.0,63.599
600779.SH,2022-11-04,0.0,63.97,63.97,63.95,233.0,1490420.0,63.601
600779.SH,2022-11-04,0.0,63.98,64.0,63.97,90.0,575957.0,63.602
600779.SH,2022-11-04,0.0,63.98,64.0,63.98,50.0,319906.0,63.602
600779.SH,2022-11-04,0.0,63.99,63.99,63.97,64.0,409493.0,63.603
600779.SH,2022-11-04,0.0,64.0,64.0,63.99,106.0,678352.0,63.604
600779.SH,2022-11-04,0.0,63.97,64.0,63.96,208.0,1330730.0,63.606
600779.SH,2022-11-04,0.0,63.95,63.97,63.94,107.0,684279.0,63.607
600779.SH,2022-11-04,0.0,63.9,63.95,63.9,76.0,485747.0,63.607
600779.SH,2022-11-04,0.0,63.87,63.9,63.87,91.0,581380.0,63.608
600779.SH,2022-11-04,0.0,63.92,63.92,63.87,75.0,479279.0,63.609
600779.SH,2022-11-04,0.0,63.94,63.97,63.92,104.0,665038.0,63.61
600779.SH,2022-11-04,0.0,64.6,64.78,63.98,2765.0,17785300.0,63.656
600779.SH,2022-11-04,0.0,64.87,64.89,64.5,698.0,4520850.0,63.674
600779.SH,2022-11-04,0.0,64.85,64.89,64.73,494.0,3201770.0,63.687
600779.SH,2022-11-04,0.0,64.87,64.9,64.76,1363.0,8836410.0,63.722
600779.SH,2022-11-04,0.0,64.88,64.88,64.8,486.0,3152140.0,63.734
600779.SH,2022-11-04,0.0,64.82,64.92,64.79,715.0,4638710.0,63.751
600779.SH,2022-11-04,0.0,64.7,64.86,64.69,286.0,1852590.0,63.758
600779.SH,2022-11-04,0.0,64.66,64.7,64.65,193.0,1248180.0,63.761
600779.SH,2022-11-04,0.0,64.59,64.68,64.59,191.0,1234560.0,63.765
600779.SH,2022-11-04,0.0,64.7,64.7,64.6,294.0,1900670.0,63.77
600779.SH,2022-11-04,0.0,64.86,64.86,64.71,457.0,2958870.0,63.78
600779.SH,2022-11-04,0.0,64.71,64.88,64.66,771.0,5000830.0,63.797
600779.SH,2022-11-04,0.0,64.74,64.8,64.71,77.0,498585.0,63.799
600779.SH,2022-11-04,0.0,64.48,64.74,64.48,757.0,4896240.0,63.812
600779.SH,2022-11-04,0.0,64.18,64.4,64.1,429.0,2754520.0,63.816
600779.SH,2022-11-04,0.0,64.2,64.22,64.15,738.0,4731480.0,63.82
600779.SH,2022-11-04,0.0,64.38,64.5,64.21,339.0,2180860.0,63.823
600779.SH,2022-11-04,0.0,64.48,64.48,64.4,108.0,696211.0,63.825
600779.SH,2022-11-04,0.0,64.5,64.51,64.45,222.0,1431790.0,63.828
600779.SH,2022-11-04,0.0,64.46,64.49,64.46,212.0,1366930.0,63.83
600779.SH,2022-11-04,0.0,64.33,64.47,64.33,130.0,837615.0,63.832
600779.SH,2022-11-04,0.0,64.27,64.33,64.27,95.0,610921.0,63.833
600779.SH,2022-11-04,0.0,64.22,64.26,64.2,201.0,1290770.0,63.834
600779.SH,2022-11-04,0.0,64.27,64.27,64.21,83.0,533154.0,63.835
600779.SH,2022-11-04,0.0,64.38,64.38,64.26,83.0,533857.0,63.836
600779.SH,2022-11-04,0.0,64.48,64.48,64.38,128.0,824662.0,63.837
600779.SH,2022-11-04,0.0,64.36,64.49,64.34,383.0,2467430.0,63.841
600779.SH,2022-11-04,0.0,64.2,64.39,64.2,160.0,1028300.0,63.843
600779.SH,2022-11-04,0.0,64.16,64.19,64.16,142.0,911331.0,63.844
600779.SH,2022-11-04,0.0,64.28,64.28,64.15,153.0,982265.0,63.845
600779.SH,2022-11-04,0.0,64.25,64.37,64.2,108.0,694293.0,63.845
600779.SH,2022-11-04,0.0,64.25,64.25,64.21,98.0,629476.0,63.846
600779.SH,2022-11-04,0.0,64.18,64.33,64.18,197.0,1265260.0,63.848
600779.SH,2022-11-04,0.0,64.1,64.18,64.1,412.0,2642880.0,63.85
600779.SH,2022-11-04,0.0,64.02,64.11,64.0,224.0,1434410.0,63.851
600779.SH,2022-11-04,0.0,64.0,64.0,63.91,259.0,1657110.0,63.851
600779.SH,2022-11-04,0.0,64.17,64.17,64.0,151.0,967200.0,63.852
600779.SH,2022-11-04,0.0,64.09,64.12,64.01,224.0,1435910.0,63.853
600779.SH,2022-11-04,0.0,64.18,64.18,64.1,69.0,442511.0,63.853
600779.SH,2022-11-04,0.0,64.15,64.18,64.12,138.0,885350.0,63.854
600779.SH,2022-11-04,0.0,64.12,64.17,64.11,115.0,737656.0,63.855
600779.SH,2022-11-04,0.0,64.15,64.15,64.11,149.0,955331.0,63.855
600779.SH,2022-11-04,0.0,64.12,64.15,64.09,305.0,1955330.0,63.857
600779.SH,2022-11-04,0.0,64.13,64.13,64.09,54.0,346233.0,63.857
600779.SH,2022-11-04,0.0,64.18,64.18,64.15,75.0,481230.0,63.857
600779.SH,2022-11-04,0.0,64.2,64.2,64.17,123.0,792404.0,63.858
600779.SH,2022-11-04,0.0,64.26,64.29,64.2,164.0,1053610.0,63.859
600779.SH,2022-11-04,0.0,64.27,64.27,64.25,98.0,629683.0,63.86
600779.SH,2022-11-04,0.0,64.28,64.28,64.27,70.0,449919.0,63.86
600779.SH,2022-11-04,0.0,64.3,64.3,64.27,87.0,559318.0,63.861
600779.SH,2022-11-04,0.0,64.28,64.32,64.27,92.0,591539.0,63.862
600779.SH,2022-11-04,0.0,64.21,64.28,64.21,104.0,668128.0,63.863
600779.SH,2022-11-04,0.0,64.16,64.24,64.16,125.0,799409.0,63.863
600779.SH,2022-11-04,0.0,64.18,64.19,64.16,95.0,609665.0,63.864
600779.SH,2022-11-04,0.0,64.17,64.21,64.17,154.0,988314.0,63.865
600779.SH,2022-11-04,0.0,64.1,64.19,64.1,203.0,1301790.0,63.866
600779.SH,2022-11-04,0.0,64.1,64.1,64.08,137.0,881046.0,63.866
600779.SH,2022-11-04,0.0,64.14,64.15,64.1,85.0,544985.0,63.867
600779.SH,2022-11-04,0.0,64.14,64.15,64.14,81.0,519587.0,63.867
600779.SH,2022-11-04,0.0,64.19,64.22,64.15,191.0,1226260.0,63.868
600779.SH,2022-11-04,0.0,64.11,64.16,64.1,134.0,859319.0,63.869
600779.SH,2022-11-04,0.0,64.12,64.15,64.1,92.0,589767.0,63.869
600779.SH,2022-11-04,0.0,64.15,64.15,64.14,126.0,808204.0,63.87
600779.SH,2022-11-04,0.0,64.14,64.16,64.14,93.0,596540.0,63.87
600779.SH,2022-11-04,0.0,64.1,64.14,64.1,97.0,621949.0,63.87
600779.SH,2022-11-04,0.0,64.16,64.16,64.09,168.0,1077170.0,63.871
600779.SH,2022-11-04,0.0,64.24,64.24,64.17,60.0,385206.0,63.872
600779.SH,2022-11-04,0.0,64.25,64.25,64.21,78.0,501063.0,63.872
600779.SH,2022-11-04,0.0,64.22,64.25,64.2,104.0,667946.0,63.873
600779.SH,2022-11-04,0.0,64.11,64.22,64.11,237.0,1520130.0,63.874
600779.SH,2022-11-04,0.0,64.17,64.17,64.11,41.0,263043.0,63.874
600779.SH,2022-11-04,0.0,64.15,64.17,64.15,55.0,352853.0,63.874
600779.SH,2022-11-04,0.0,64.13,64.16,64.13,47.0,301457.0,63.874
600779.SH,2022-11-04,0.0,64.16,64.16,64.13,70.0,449032.0,63.875
600779.SH,2022-11-04,0.0,64.15,64.15,64.14,78.0,500377.0,63.875
600779.SH,2022-11-04,0.0,64.14,64.16,64.13,110.0,705681.0,63.876
600779.SH,2022-11-04,0.0,64.17,64.17,64.14,54.0,346436.0,63.876
600779.SH,2022-11-04,0.0,64.17,64.18,64.15,77.0,494113.0,63.876
600779.SH,2022-11-04,0.0,64.14,64.17,64.14,137.0,878905.0,63.877
600779.SH,2022-11-04,0.0,64.12,64.14,64.12,118.0,756718.0,63.877
600779.SH,2022-11-04,0.0,64.09,64.12,64.08,270.0,1730750.0,63.878
600779.SH,2022-11-04,0.0,64.02,64.09,64.02,111.0,711078.0,63.879
600779.SH,2022-11-04,0.0,64.02,64.04,64.01,93.0,595384.0,63.879
600779.SH,2022-11-04,0.0,64.09,64.09,64.01,191.0,1223310.0,63.88
600779.SH,2022-11-04,0.0,64.09,64.09,64.07,86.0,551121.0,63.88
600779.SH,2022-11-04,0.0,64.1,64.1,64.08,91.0,583229.0,63.88
600779.SH,2022-11-04,0.0,64.1,64.1,64.08,70.0,448633.0,63.88
600779.SH,2022-11-04,0.0,64.07,64.1,64.04,225.0,1441310.0,63.881
600779.SH,2022-11-04,0.0,64.08,64.1,64.06,140.0,897064.0,63.882
600779.SH,2022-11-04,0.0,64.08,64.1,64.08,74.0,474277.0,63.882
600779.SH,2022-11-04,0.0,64.08,64.1,64.07,77.0,493443.0,63.882
600779.SH,2022-11-04,0.0,64.06,64.09,64.05,697.0,4465430.0,63.884
600779.SH,2022-11-04,0.0,64.03,64.06,64.01,181.0,1158780.0,63.885
600779.SH,2022-11-04,0.0,63.95,64.01,63.95,588.0,3763140.0,63.886
600779.SH,2022-11-04,0.0,63.9,63.95,63.9,136.0,869357.0,63.886
600779.SH,2022-11-04,0.0,63.88,63.94,63.88,288.0,1838300.0,63.886
600779.SH,2022-11-04,0.0,63.96,63.96,63.89,127.0,811807.0,63.886
600779.SH,2022-11-04,0.0,63.99,64.0,63.97,98.0,627055.0,63.886
600779.SH,2022-11-04,0.0,63.98,64.0,63.98,141.0,902249.0,63.886
600779.SH,2022-11-04,0.0,63.98,63.98,63.97,82.0,524588.0,63.886
600779.SH,2022-11-04,0.0,63.94,63.98,63.93,120.0,767506.0,63.886
600779.SH,2022-11-04,0.0,63.93,63.94,63.92,84.0,536981.0,63.887
600779.SH,2022-11-04,0.0,63.93,63.94,63.92,123.0,786340.0,63.887
600779.SH,2022-11-04,0.0,63.94,63.94,63.93,180.0,1150870.0,63.887
600779.SH,2022-11-04,0.0,63.93,63.94,63.93,271.0,1732680.0,63.887
600779.SH,2022-11-04,0.0,63.95,63.95,63.93,160.0,1026160.0,63.887
600779.SH,2022-11-04,0.0,63.96,63.96,63.94,194.0,1240620.0,63.887
600779.SH,2022-11-04,0.0,63.95,63.97,63.94,109.0,697094.0,63.887
600779.SH,2022-11-04,0.0,63.93,63.95,63.93,189.0,1208450.0,63.888
600779.SH,2022-11-04,0.0,63.93,63.95,63.92,184.0,1173210.0,63.888
600779.SH,2022-11-04,0.0,63.93,63.93,63.92,251.0,1604530.0,63.888
600779.SH,2022-11-04,0.0,63.9,63.93,63.88,217.0,1386650.0,63.888
600779.SH,2022-11-04,0.0,63.89,63.9,63.88,322.0,2054510.0,63.888
600779.SH,2022-11-04,0.0,63.88,63.9,63.88,245.0,1565180.0,63.888
600779.SH,2022-11-04,0.0,63.86,63.89,63.85,300.0,1913290.0,63.888
600779.SH,2022-11-04,0.0,63.83,63.86,63.83,224.0,1429470.0,63.888
600779.SH,2022-11-04,0.0,63.8,63.83,63.8,364.0,2320860.0,63.887
600779.SH,2022-11-04,0.0,63.8,63.8,63.8,0.0,0.0,63.887
600779.SH,2022-11-04,0.0,63.8,63.8,63.8,0.0,0.0,63.887
600779.SH,2022-11-04,0.0,63.82,63.82,63.82,848.0,5409890.0,63.886
600779.SH,2022-11-07,0.0,63.4,63.4,63.4,1125.0,7132500.0,63.4
600779.SH,2022-11-07,0.0,62.91,63.0,62.71,2468.0,15538800.0,63.099
600779.SH,2022-11-07,0.0,63.27,63.29,62.97,2915.0,18365100.0,63.055
600779.SH,2022-11-07,0.0,63.48,63.48,63.26,508.0,3217610.0,63.076
600779.SH,2022-11-07,0.0,63.32,63.55,63.15,953.0,6039000.0,63.111
600779.SH,2022-11-07,0.0,63.78,63.78,63.39,703.0,4462910.0,63.141
600779.SH,2022-11-07,0.0,64.04,64.19,63.78,570.0,3647600.0,63.194
600779.SH,2022-11-07,0.0,63.72,64.15,63.66,613.0,3916450.0,63.237
600779.SH,2022-11-07,0.0,63.77,63.84,63.7,353.0,2251280.0,63.256
600779.SH,2022-11-07,0.0,63.83,63.84,63.72,298.0,1900200.0,63.27
600779.SH,2022-11-07,0.0,63.86,64.0,63.83,446.0,2851790.0,63.297
600779.SH,2022-11-07,0.0,63.98,63.99,63.91,375.0,2398180.0,63.319
600779.SH,2022-11-07,0.0,63.77,64.03,63.77,568.0,3630480.0,63.348
600779.SH,2022-11-07,0.0,64.05,64.05,63.78,472.0,3017090.0,63.37
600779.SH,2022-11-07,0.0,64.25,64.27,64.0,572.0,3667590.0,63.403
600779.SH,2022-11-07,0.0,64.11,64.29,64.11,219.0,1406140.0,63.416
600779.SH,2022-11-07,0.0,64.0,64.2,64.0,394.0,2525600.0,63.436
600779.SH,2022-11-07,0.0,63.92,64.0,63.86,162.0,1035730.0,63.442
600779.SH,2022-11-07,0.0,63.9,64.01,63.9,208.0,1330040.0,63.449
600779.SH,2022-11-07,0.0,63.74,63.85,63.7,395.0,2517460.0,63.457
600779.SH,2022-11-07,0.0,63.75,63.9,63.75,244.0,1557140.0,63.463
600779.SH,2022-11-07,0.0,63.77,63.79,63.74,206.0,1313630.0,63.467
600779.SH,2022-11-07,0.0,63.59,63.77,63.59,401.0,2554100.0,63.473
600779.SH,2022-11-07,0.0,63.5,63.58,63.4,379.0,2406140.0,63.474
600779.SH,2022-11-07,0.0,63.53,63.7,63.41,1703.0,10813400.0,63.476
600779.SH,2022-11-07,0.0,63.38,63.65,63.38,251.0,1594570.0,63.477
600779.SH,2022-11-07,0.0,63.38,63.53,63.33,340.0,2155770.0,63.475
600779.SH,2022-11-07,0.0,63.54,63.57,63.38,976.0,6188750.0,63.472
600779.SH,2022-11-07,0.0,63.6,63.65,63.57,121.0,769751.0,63.473
600779.SH,2022-11-07,0.0,63.77,63.82,63.6,279.0,1777170.0,63.476
600779.SH,2022-11-07,0.0,63.56,63.77,63.56,233.0,1482530.0,63.478
600779.SH,2022-11-07,0.0,63.73,63.73,63.55,278.0,1768820.0,63.48
600779.SH,2022-11-07,0.0,63.8,63.81,63.7,98.0,625077.0,63.482
600779.SH,2022-11-07,0.0,63.69,63.8,63.64,91.0,579802.0,63.483
600779.SH,2022-11-07,0.0,63.63,63.69,63.63,251.0,1597850.0,63.485
600779.SH,2022-11-07,0.0,63.41,63.6,63.4,195.0,1238480.0,63.485
600779.SH,2022-11-07,0.0,63.25,63.44,63.25,275.0,1741670.0,63.483
600779.SH,2022-11-07,0.0,63.36,63.36,63.28,218.0,1379890.0,63.481
600779.SH,2022-11-07,0.0,63.33,63.38,63.32,164.0,1038920.0,63.48
600779.SH,2022-11-07,0.0,63.19,63.32,63.19,407.0,2573760.0,63.475
600779.SH,2022-11-07,0.0,63.25,63.35,63.15,340.0,2148740.0,63.471
600779.SH,2022-11-07,0.0,63.34,63.35,63.26,167.0,1057060.0,63.47
600779.SH,2022-11-07,0.0,63.12,63.34,63.12,250.0,1580990.0,63.467
600779.SH,2022-11-07,0.0,63.22,63.22,63.16,368.0,2325470.0,63.463
600779.SH,2022-11-07,0.0,63.15,63.21,63.15,238.0,1503510.0,63.46
600779.SH,2022-11-07,0.0,63.14,63.17,63.13,163.0,1029290.0,63.457
600779.SH,2022-11-07,0.0,63.38,63.38,63.14,303.0,1915910.0,63.455
600779.SH,2022-11-07,0.0,63.51,63.51,63.39,77.0,488612.0,63.455
600779.SH,2022-11-07,0.0,63.46,63.56,63.46,226.0,1435560.0,63.455
600779.SH,2022-11-07,0.0,63.36,63.46,63.36,110.0,697391.0,63.455
600779.SH,2022-11-07,0.0,63.24,63.36,63.24,81.0,512639.0,63.454
600779.SH,2022-11-07,0.0,63.31,63.35,63.27,98.0,620460.0,63.454
600779.SH,2022-11-07,0.0,63.3,63.35,63.28,48.0,303892.0,63.453
600779.SH,2022-11-07,0.0,63.29,63.31,63.29,66.0,417801.0,63.453
600779.SH,2022-11-07,0.0,63.23,63.3,63.2,103.0,651505.0,63.452
600779.SH,2022-11-07,0.0,63.27,63.27,63.17,176.0,1112630.0,63.451
600779.SH,2022-11-07,0.0,63.3,63.3,63.19,287.0,1814950.0,63.448
600779.SH,2022-11-07,0.0,63.3,63.3,63.29,87.0,550649.0,63.447
600779.SH,2022-11-07,0.0,63.34,63.34,63.29,85.0,538059.0,63.447
600779.SH,2022-11-07,0.0,63.38,63.39,63.34,115.0,728668.0,63.447
600779.SH,2022-11-07,0.0,63.46,63.5,63.35,90.0,570654.0,63.446
600779.SH,2022-11-07,0.0,63.47,63.5,63.46,36.0,228536.0,63.446
600779.SH,2022-11-07,0.0,63.53,63.53,63.49,57.0,361981.0,63.447
600779.SH,2022-11-07,0.0,63.5,63.54,63.5,105.0,666948.0,63.447
600779.SH,2022-11-07,0.0,63.44,63.5,63.44,97.0,615484.0,63.447
600779.SH,2022-11-07,0.0,63.4,63.44,63.4,12.0,76087.0,63.447
600779.SH,2022-11-07,0.0,63.44,63.46,63.41,48.0,304530.0,63.447
600779.SH,2022-11-07,0.0,63.49,63.5,63.42,80.0,507794.0,63.447
600779.SH,2022-11-07,0.0,63.68,63.68,63.5,405.0,2572950.0,63.448
600779.SH,2022-11-07,0.0,63.65,63.68,63.61,164.0,1044050.0,63.45
600779.SH,2022-11-07,0.0,63.65,63.65,63.61,68.0,432723.0,63.45
600779.SH,2022-11-07,0.0,63.59,63.64,63.59,130.0,826932.0,63.451
600779.SH,2022-11-07,0.0,63.58,63.61,63.56,124.0,788429.0,63.452
600779.SH,2022-11-07,0.0,63.62,63.64,63.61,46.0,292628.0,63.452
600779.SH,2022-11-07,0.0,63.61,63.62,63.61,39.0,248104.0,63.452
600779.SH,2022-11-07,0.0,63.6,63.62,63.53,289.0,1837660.0,63.454
600779.SH,2022-11-07,0.0,63.53,63.6,63.52,67.0,425690.0,63.454
600779.SH,2022-11-07,0.0,63.48,63.53,63.48,115.0,730193.0,63.454
600779.SH,2022-11-07,0.0,63.59,63.59,63.48,23.0,146104.0,63.454
600779.SH,2022-11-07,0.0,63.55,63.57,63.51,34.0,215952.0,63.454
600779.SH,2022-11-07,0.0,63.6,63.63,63.55,71.0,451510.0,63.454
600779.SH,2022-11-07,0.0,63.55,63.61,63.54,42.0,267088.0,63.455
600779.SH,2022-11-07,0.0,63.54,63.59,63.5,71.0,451179.0,63.455
600779.SH,2022-11-07,0.0,63.53,63.55,63.51,38.0,241442.0,63.455
600779.SH,2022-11-07,0.0,63.52,63.53,63.51,29.0,184196.0,63.455
600779.SH,2022-11-07,0.0,63.53,63.53,63.5,49.0,311221.0,63.455
600779.SH,2022-11-07,0.0,63.6,63.61,63.53,124.0,788431.0,63.456
600779.SH,2022-11-07,0.0,63.61,63.63,63.6,48.0,305366.0,63.456
600779.SH,2022-11-07,0.0,63.63,63.63,63.61,22.0,139966.0,63.456
600779.SH,2022-11-07,0.0,63.66,63.66,63.63,51.0,324562.0,63.457
600779.SH,2022-11-07,0.0,63.75,63.75,63.66,177.0,1124260.0,63.458
600779.SH,2022-11-07,0.0,63.71,63.76,63.71,131.0,834663.0,63.459
600779.SH,2022-11-07,0.0,63.77,63.78,63.76,69.0,439860.0,63.46
600779.SH,2022-11-07,0.0,63.85,63.85,63.77,91.0,583529.0,63.461
600779.SH,2022-11-07,0.0,63.9,63.9,63.85,97.0,619594.0,63.462
600779.SH,2022-11-07,0.0,63.86,63.95,63.86,99.0,632618.0,63.464
600779.SH,2022-11-07,0.0,63.77,63.86,63.76,108.0,686054.0,63.465
600779.SH,2022-11-07,0.0,63.73,63.77,63.7,58.0,369654.0,63.466
600779.SH,2022-11-07,0.0,63.71,63.73,63.7,61.0,388704.0,63.466
600779.SH,2022-11-07,0.0,63.74,63.74,63.71,38.0,242169.0,63.467
600779.SH,2022-11-07,0.0,63.69,63.74,63.68,88.0,560584.0,63.467
600779.SH,2022-11-07,0.0,63.69,63.72,63.68,152.0,968075.0,63.469
600779.SH,2022-11-07,0.0,63.7,63.72,63.69,20.0,130261.0,63.469
600779.SH,2022-11-07,0.0,63.68,63.72,63.68,21.0,133759.0,63.469
600779.SH,2022-11-07,0.0,63.73,63.73,63.68,53.0,337659.0,63.469
600779.SH,2022-11-07,0.0,63.69,63.73,63.69,37.0,235710.0,63.47
600779.SH,2022-11-07,0.0,63.78,63.78,63.69,105.0,669232.0,63.471
600779.SH,2022-11-07,0.0,63.89,63.9,63.82,61.0,392355.0,63.471
600779.SH,2022-11-07,0.0,63.9,63.9,63.89,113.0,721971.0,63.473
600779.SH,2022-11-07,0.0,63.89,63.9,63.89,121.0,773168.0,63.475
600779.SH,2022-11-07,0.0,63.96,63.96,63.9,99.0,632847.0,63.476
600779.SH,2022-11-07,0.0,63.94,63.97,63.94,103.0,658688.0,63.478
600779.SH,2022-11-07,0.0,63.91,63.91,63.85,144.0,920301.0,63.48
600779.SH,2022-11-07,0.0,63.85,63.91,63.85,55.0,351385.0,63.481
600779.SH,2022-11-07,0.0,63.72,63.85,63.72,141.0,897054.0,63.483
600779.SH,2022-11-07,0.0,63.8,63.81,63.72,41.0,261529.0,63.483
600779.SH,2022-11-07,0.0,63.74,63.8,63.74,18.0,114816.0,63.483
600779.SH,2022-11-07,0.0,63.8,63.8,63.74,21.0,133924.0,63.483
600779.SH,2022-11-07,0.0,63.81,63.81,63.75,65.0,414576.0,63.484
600779.SH,2022-11-07,0.0,63.82,63.87,63.77,34.0,217014.0,63.484
600779.SH,2022-11-07,0.0,63.87,63.87,63.82,30.0,191566.0,63.485
600779.SH,2022-11-07,0.0,63.66,63.88,63.66,450.0,2871210.0,63.49
600779.SH,2022-11-07,0.0,63.72,63.72,63.62,107.0,682516.0,63.49
600779.SH,2022-11-07,0.0,63.85,63.86,63.72,147.0,938017.0,63.492
600779.SH,2022-11-07,0.0,63.9,63.9,63.8,110.0,702338.0,63.493
600779.SH,2022-11-07,0.0,64.15,64.18,63.87,411.0,2631990.0,63.5
600779.SH,2022-11-07,0.0,64.01,64.15,64.0,446.0,2859840.0,63.508
600779.SH,2022-11-07,0.0,64.02,64.06,64.0,129.0,825709.0,63.51
600779.SH,2022-11-07,0.0,64.08,64.1,64.05,115.0,736661.0,63.512
600779.SH,2022-11-07,0.0,64.1,64.1,64.06,111.0,711332.0,63.514
600779.SH,2022-11-07,0.0,63.97,64.11,63.9,207.0,1323250.0,63.518
600779.SH,2022-11-07,0.0,63.9,63.97,63.86,82.0,523973.0,63.519
600779.SH,2022-11-07,0.0,63.9,63.9,63.89,75.0,479245.0,63.519
600779.SH,2022-11-07,0.0,63.88,63.9,63.88,96.0,613289.0,63.521
600779.SH,2022-11-07,0.0,63.82,63.89,63.81,69.0,440575.0,63.521
600779.SH,2022-11-07,0.0,63.81,63.81,63.73,528.0,3365710.0,63.525
600779.SH,2022-11-07,0.0,63.9,63.9,63.82,89.0,568555.0,63.526
600779.SH,2022-11-07,0.0,63.91,63.91,63.89,61.0,389790.0,63.526
600779.SH,2022-11-07,0.0,63.93,63.93,63.91,73.0,466609.0,63.527
600779.SH,2022-11-07,0.0,63.97,63.97,63.93,110.0,703542.0,63.529
600779.SH,2022-11-07,0.0,64.0,64.0,63.97,81.0,518266.0,63.53
600779.SH,2022-11-07,0.0,63.98,64.0,63.97,77.0,492726.0,63.531
600779.SH,2022-11-07,0.0,63.99,63.99,63.97,20.0,127971.0,63.531
600779.SH,2022-11-07,0.0,64.04,64.06,63.99,108.0,693819.0,63.533
600779.SH,2022-11-07,0.0,64.08,64.08,64.04,42.0,269081.0,63.533
600779.SH,2022-11-07,0.0,64.08,64.12,64.08,154.0,987055.0,63.536
600779.SH,2022-11-07,0.0,64.12,64.13,64.04,85.0,544969.0,63.537
600779.SH,2022-11-07,0.0,64.1,64.13,64.1,87.0,557842.0,63.539
600779.SH,2022-11-07,0.0,64.1,64.14,64.1,83.0,532218.0,63.54
600779.SH,2022-11-07,0.0,64.0,64.11,64.0,59.0,377864.0,63.541
600779.SH,2022-11-07,0.0,64.1,64.11,63.99,142.0,909253.0,63.543
600779.SH,2022-11-07,0.0,64.09,64.12,64.09,90.0,576948.0,63.545
600779.SH,2022-11-07,0.0,64.0,64.09,64.0,38.0,243261.0,63.545
600779.SH,2022-11-07,0.0,63.98,64.03,63.98,182.0,1164800.0,63.548
600779.SH,2022-11-07,0.0,63.9,63.97,63.88,220.0,1406340.0,63.55
600779.SH,2022-11-07,0.0,63.93,64.0,63.91,127.0,812124.0,63.552
600779.SH,2022-11-07,0.0,63.91,64.0,63.9,111.0,709490.0,63.553
600779.SH,2022-11-07,0.0,63.8,63.92,63.8,115.0,734295.0,63.554
600779.SH,2022-11-07,0.0,63.91,63.92,63.8,138.0,880839.0,63.555
600779.SH,2022-11-07,0.0,63.8,63.84,63.8,44.0,280827.0,63.555
600779.SH,2022-11-07,0.0,63.8,63.83,63.78,43.0,274323.0,63.555
600779.SH,2022-11-07,0.0,63.76,63.8,63.76,112.0,714194.0,63.556
600779.SH,2022-11-07,0.0,63.68,63.75,63.68,55.0,350418.0,63.556
600779.SH,2022-11-07,0.0,63.75,63.75,63.67,195.0,1241770.0,63.557
600779.SH,2022-11-07,0.0,63.69,63.75,63.68,57.0,363123.0,63.557
600779.SH,2022-11-07,0.0,63.85,63.85,63.67,83.0,528937.0,63.558
600779.SH,2022-11-07,0.0,63.9,63.9,63.85,59.0,377799.0,63.558
600779.SH,2022-11-07,0.0,63.85,63.9,63.84,124.0,791048.0,63.559
600779.SH,2022-11-07,0.0,63.81,63.85,63.81,24.0,153187.0,63.559
600779.SH,2022-11-07,0.0,63.79,63.81,63.79,36.0,229685.0,63.56
600779.SH,2022-11-07,0.0,63.81,63.81,63.77,58.0,370046.0,63.56
600779.SH,2022-11-07,0.0,63.8,63.81,63.75,40.0,255064.0,63.56
600779.SH,2022-11-07,0.0,63.77,63.8,63.77,30.0,191313.0,63.56
600779.SH,2022-11-07,0.0,63.76,63.77,63.75,51.0,325196.0,63.561
600779.SH,2022-11-07,0.0,63.76,63.77,63.75,72.0,459090.0,63.561
600779.SH,2022-11-07,0.0,63.71,63.76,63.71,35.0,223075.0,63.561
600779.SH,2022-11-07,0.0,63.76,63.76,63.7,192.0,1223300.0,63.562
600779.SH,2022-11-07,0.0,63.76,63.79,63.75,69.0,440047.0,63.562
600779.SH,2022-11-07,0.0,63.76,63.8,63.76,24.0,153028.0,63.563
600779.SH,2022-11-07,0.0,63.73,63.76,63.73,61.0,388857.0,63.563
600779.SH,2022-11-07,0.0,63.71,63.73,63.71,62.0,395069.0,63.563
600779.SH,2022-11-07,0.0,63.71,63.72,63.7,50.0,318530.0,63.563
600779.SH,2022-11-07,0.0,63.7,63.7,63.69,78.0,496815.0,63.564
600779.SH,2022-11-07,0.0,63.67,63.7,63.67,36.0,229264.0,63.564
600779.SH,2022-11-07,0.0,63.61,63.67,63.61,73.0,464564.0,63.564
600779.SH,2022-11-07,0.0,63.69,63.7,63.62,90.0,572926.0,63.564
600779.SH,2022-11-07,0.0,63.74,63.74,63.69,48.0,305808.0,63.564
600779.SH,2022-11-07,0.0,63.72,63.74,63.69,34.0,216642.0,63.564
600779.SH,2022-11-07,0.0,63.7,63.72,63.7,45.0,286703.0,63.565
600779.SH,2022-11-07,0.0,63.74,63.74,63.7,225.0,1433700.0,63.566
600779.SH,2022-11-07,0.0,63.79,63.8,63.74,85.0,541845.0,63.566
600779.SH,2022-11-07,0.0,63.88,63.88,63.79,199.0,1270100.0,63.567
600779.SH,2022-11-07,0.0,63.88,63.9,63.88,28.0,178892.0,63.568
600779.SH,2022-11-07,0.0,63.86,63.88,63.86,32.0,204397.0,63.568
600779.SH,2022-11-07,0.0,63.88,63.89,63.85,74.0,472590.0,63.568
600779.SH,2022-11-07,0.0,63.87,63.88,63.86,33.0,210752.0,63.569
600779.SH,2022-11-07,0.0,63.85,63.87,63.85,30.0,191568.0,63.569
600779.SH,2022-11-07,0.0,63.82,63.87,63.82,62.0,395894.0,63.569
600779.SH,2022-11-07,0.0,63.8,63.82,63.8,29.0,185038.0,63.57
600779.SH,2022-11-07,0.0,63.86,63.86,63.8,70.0,446822.0,63.57
600779.SH,2022-11-07,0.0,63.9,63.9,63.86,45.0,287494.0,63.57
600779.SH,2022-11-07,0.0,63.9,63.91,63.88,61.0,389801.0,63.571
600779.SH,2022-11-07,0.0,63.92,63.92,63.89,46.0,293981.0,63.571
600779.SH,2022-11-07,0.0,63.9,63.91,63.88,66.0,421676.0,63.572
600779.SH,2022-11-07,0.0,63.89,63.9,63.88,33.0,210838.0,63.572
600779.SH,2022-11-07,0.0,63.81,63.89,63.81,36.0,229894.0,63.572
600779.SH,2022-11-07,0.0,63.82,63.86,63.8,51.0,325478.0,63.573
600779.SH,2022-11-07,0.0,63.82,63.83,63.82,27.0,172345.0,63.573
600779.SH,2022-11-07,0.0,63.85,63.9,63.83,168.0,1073030.0,63.574
600779.SH,2022-11-07,0.0,63.91,63.91,63.85,89.0,568662.0,63.575
600779.SH,2022-11-07,0.0,63.9,63.92,63.9,61.0,389836.0,63.575
600779.SH,2022-11-07,0.0,63.9,63.92,63.9,115.0,734896.0,63.576
600779.SH,2022-11-07,0.0,63.96,63.96,63.89,173.0,1105770.0,63.578
600779.SH,2022-11-07,0.0,63.97,63.99,63.92,151.0,966044.0,63.58
600779.SH,2022-11-07,0.0,63.96,63.97,63.96,82.0,524522.0,63.58
600779.SH,2022-11-07,0.0,63.92,63.97,63.92,115.0,735341.0,63.581
600779.SH,2022-11-07,0.0,63.93,63.97,63.92,52.0,332477.0,63.582
600779.SH,2022-11-07,0.0,63.97,63.97,63.92,147.0,939986.0,63.583
600779.SH,2022-11-07,0.0,63.95,63.97,63.93,62.0,396492.0,63.584
600779.SH,2022-11-07,0.0,63.93,63.95,63.92,30.0,191816.0,63.584
600779.SH,2022-11-07,0.0,63.93,63.95,63.92,100.0,639278.0,63.585
600779.SH,2022-11-07,0.0,63.92,63.93,63.92,59.0,377166.0,63.585
600779.SH,2022-11-07,0.0,63.92,63.92,63.91,50.0,319589.0,63.586
600779.SH,2022-11-07,0.0,63.95,63.95,63.91,300.0,1918070.0,63.588
600779.SH,2022-11-07,0.0,63.94,63.95,63.92,100.0,639444.0,63.589
600779.SH,2022-11-07,0.0,63.95,63.95,63.93,61.0,390046.0,63.59
600779.SH,2022-11-07,0.0,63.95,63.98,63.95,283.0,1810010.0,63.592
600779.SH,2022-11-07,0.0,63.95,63.96,63.94,197.0,1259870.0,63.594
600779.SH,2022-11-07,0.0,63.96,63.96,63.94,145.0,927260.0,63.595
600779.SH,2022-11-07,0.0,63.95,63.97,63.93,167.0,1068000.0,63.597
600779.SH,2022-11-07,0.0,63.93,63.96,63.92,234.0,1496060.0,63.599
600779.SH,2022-11-07,0.0,63.91,63.97,63.91,95.0,607200.0,63.6
600779.SH,2022-11-07,0.0,63.94,63.94,63.9,238.0,1521020.0,63.601
600779.SH,2022-11-07,0.0,63.93,63.94,63.91,84.0,537011.0,63.602
600779.SH,2022-11-07,0.0,63.92,63.94,63.92,111.0,709588.0,63.603
600779.SH,2022-11-07,0.0,63.93,63.94,63.93,228.0,1457600.0,63.605
600779.SH,2022-11-07,0.0,63.94,63.94,63.93,208.0,1326770.0,63.606
600779.SH,2022-11-07,0.0,63.94,63.95,63.93,244.0,1560650.0,63.608
600779.SH,2022-11-07,0.0,63.94,63.94,63.94,0.0,0.0,63.608
600779.SH,2022-11-07,0.0,63.94,63.94,63.94,0.0,0.0,63.608
600779.SH,2022-11-07,0.0,63.94,63.94,63.94,169.0,1080590.0,63.609
600779.SH,2022-11-08,0.0,63.94,63.94,63.94,103.0,658582.0,63.94
600779.SH,2022-11-08,0.0,63.85,64.17,63.67,407.0,2602880.0,63.95
600779.SH,2022-11-08,0.0,63.86,63.86,63.7,475.0,3030880.0,63.882
600779.SH,2022-11-08,0.0,64.0,64.02,63.79,262.0,1673930.0,63.884
600779.SH,2022-11-08,0.0,64.26,64.39,64.05,569.0,3654010.0,63.986
600779.SH,2022-11-08,0.0,63.86,64.24,63.86,221.0,1416010.0,63.995
600779.SH,2022-11-08,0.0,64.03,64.17,63.87,389.0,2491160.0,64.003
600779.SH,2022-11-08,0.0,64.5,64.55,64.02,755.0,4854860.0,64.074
600779.SH,2022-11-08,0.0,64.58,64.65,64.4,411.0,2651950.0,64.125
600779.SH,2022-11-08,0.0,64.74,64.76,64.58,1046.0,6766640.0,64.253
600779.SH,2022-11-08,0.0,64.7,64.88,64.46,1075.0,6952020.0,64.331
600779.SH,2022-11-08,0.0,64.8,64.81,64.71,600.0,3887180.0,64.375
600779.SH,2022-11-08,0.0,64.7,64.81,64.59,671.0,4343970.0,64.41
600779.SH,2022-11-08,0.0,64.5,64.73,64.5,356.0,2302490.0,64.423
600779.SH,2022-11-08,0.0,64.36,64.5,64.36,296.0,1905920.0,64.421
600779.SH,2022-11-08,0.0,64.12,64.33,64.12,305.0,1959700.0,64.415
600779.SH,2022-11-08,0.0,64.17,64.32,64.1,277.0,1779110.0,64.408
600779.SH,2022-11-08,0.0,64.08,64.17,64.08,242.0,1551520.0,64.4
600779.SH,2022-11-08,0.0,63.96,64.07,63.95,1224.0,7833830.0,64.35
600779.SH,2022-11-08,0.0,63.91,63.95,63.9,223.0,1425370.0,64.34
600779.SH,2022-11-08,0.0,63.89,63.92,63.81,395.0,2521860.0,64.321
600779.SH,2022-11-08,0.0,63.91,63.95,63.89,206.0,1316420.0,64.313
600779.SH,2022-11-08,0.0,63.9,63.93,63.89,172.0,1099150.0,64.306
600779.SH,2022-11-08,0.0,63.89,63.89,63.85,168.0,1073000.0,64.299
600779.SH,2022-11-08,0.0,63.72,63.89,63.72,443.0,2826910.0,64.28
600779.SH,2022-11-08,0.0,63.8,63.8,63.71,109.0,694913.0,64.275
600779.SH,2022-11-08,0.0,63.93,63.97,63.77,786.0,5016780.0,64.246
600779.SH,2022-11-08,0.0,63.91,64.05,63.91,200.0,1279970.0,64.242
600779.SH,2022-11-08,0.0,63.88,63.98,63.8,265.0,1693550.0,64.235
600779.SH,2022-11-08,0.0,63.81,63.87,63.81,108.0,689299.0,64.232
600779.SH,2022-11-08,0.0,64.0,64.0,63.82,566.0,3615210.0,64.217
600779.SH,2022-11-08,0.0,64.11,64.15,64.0,87.0,557412.0,64.216
600779.SH,2022-11-08,0.0,64.0,64.11,63.83,188.0,1203530.0,64.213
600779.SH,2022-11-08,0.0,63.9,64.0,63.82,84.0,536773.0,64.211
600779.SH,2022-11-08,0.0,63.96,63.96,63.9,107.0,683934.0,64.209
600779.SH,2022-11-08,0.0,63.85,63.93,63.84,78.0,498432.0,64.207
600779.SH,2022-11-08,0.0,63.76,63.84,63.76,248.0,1582640.0,64.2
600779.SH,2022-11-08,0.0,63.6,63.75,63.6,597.0,3800360.0,64.178
600779.SH,2022-11-08,0.0,63.59,63.59,63.56,186.0,1182620.0,64.171
600779.SH,2022-11-08,0.0,63.65,63.65,63.59,160.0,1018040.0,64.165
600779.SH,2022-11-08,0.0,63.6,63.65,63.59,128.0,814023.0,64.16
600779.SH,2022-11-08,0.0,63.51,63.59,63.5,249.0,1579690.0,64.15
600779.SH,2022-11-08,0.0,63.55,63.6,63.54,210.0,1333760.0,64.142
600779.SH,2022-11-08,0.0,63.59,63.59,63.55,129.0,819992.0,64.137
600779.SH,2022-11-08,0.0,63.6,63.6,63.59,118.0,750411.0,64.133
600779.SH,2022-11-08,0.0,63.58,63.6,63.58,98.0,623157.0,64.13
600779.SH,2022-11-08,0.0,63.56,63.58,63.55,83.0,527562.0,64.127
600779.SH,2022-11-08,0.0,63.51,63.56,63.51,102.0,648123.0,64.123
600779.SH,2022-11-08,0.0,63.51,63.52,63.51,93.0,591190.0,64.12
600779.SH,2022-11-08,0.0,63.38,63.51,63.38,528.0,3352110.0,64.099
600779.SH,2022-11-08,0.0,63.3,63.4,63.3,181.0,1146310.0,64.091
600779.SH,2022-11-08,0.0,63.41,63.41,63.24,361.0,2285310.0,64.074
600779.SH,2022-11-08,0.0,63.36,63.45,63.35,114.0,722899.0,64.07
600779.SH,2022-11-08,0.0,63.28,63.36,63.28,68.0,430599.0,64.067
600779.SH,2022-11-08,0.0,63.45,63.45,63.3,205.0,1298950.0,64.059
600779.SH,2022-11-08,0.0,63.57,63.58,63.45,98.0,622498.0,64.056
600779.SH,2022-11-08,0.0,63.51,63.57,63.5,168.0,1067570.0,64.051
600779.SH,2022-11-08,0.0,63.53,63.53,63.5,50.0,317542.0,64.049
600779.SH,2022-11-08,0.0,63.5,63.53,63.5,95.0,603357.0,64.047
600779.SH,2022-11-08,0.0,63.41,63.51,63.41,26.0,165022.0,64.046
600779.SH,2022-11-08,0.0,63.41,63.45,63.4,44.0,278998.0,64.044
600779.SH,2022-11-08,0.0,63.34,63.44,63.34,72.0,456409.0,64.042
600779.SH,2022-11-08,0.0,63.44,63.53,63.32,274.0,1737600.0,64.032
600779.SH,2022-11-08,0.0,63.57,63.57,63.44,60.0,381208.0,64.031
600779.SH,2022-11-08,0.0,63.57,63.57,63.56,16.0,101703.0,64.03
600779.SH,2022-11-08,0.0,63.5,63.57,63.5,26.0,165198.0,64.03
600779.SH,2022-11-08,0.0,63.5,63.51,63.44,46.0,292102.0,64.028
600779.SH,2022-11-08,0.0,63.55,63.55,63.5,31.0,196961.0,64.028
600779.SH,2022-11-08,0.0,63.7,63.71,63.55,140.0,890226.0,64.024
600779.SH,2022-11-08,0.0,63.65,63.69,63.63,78.0,496487.0,64.023
600779.SH,2022-11-08,0.0,63.68,63.68,63.54,22.0,140021.0,64.022
600779.SH,2022-11-08,0.0,63.77,63.77,63.68,89.0,567234.0,64.021
600779.SH,2022-11-08,0.0,63.72,63.78,63.72,188.0,1198970.0,64.019
600779.SH,2022-11-08,0.0,63.75,63.77,63.75,82.0,522795.0,64.018
600779.SH,2022-11-08,0.0,63.69,63.76,63.69,27.0,172020.0,64.017
600779.SH,2022-11-08,0.0,63.7,63.74,63.68,23.0,146501.0,64.017
600779.SH,2022-11-08,0.0,63.68,63.74,63.65,132.0,840666.0,64.015
600779.SH,2022-11-08,0.0,63.62,63.68,63.6,23.0,146367.0,64.014
600779.SH,2022-11-08,0.0,63.62,63.66,63.62,26.0,165490.0,64.014
600779.SH,2022-11-08,0.0,63.66,63.66,63.63,32.0,203690.0,64.013
600779.SH,2022-11-08,0.0,63.62,63.66,63.62,33.0,210068.0,64.012
600779.SH,2022-11-08,0.0,63.53,63.65,63.53,42.0,267102.0,64.012
600779.SH,2022-11-08,0.0,63.62,63.62,63.51,30.0,190757.0,64.011
600779.SH,2022-11-08,0.0,63.53,63.62,63.53,17.0,108094.0,64.011
600779.SH,2022-11-08,0.0,63.5,63.53,63.5,68.0,431906.0,64.009
600779.SH,2022-11-08,0.0,63.51,63.53,63.5,27.0,171490.0,64.008
600779.SH,2022-11-08,0.0,63.46,63.5,63.45,132.0,838069.0,64.005
600779.SH,2022-11-08,0.0,63.49,63.53,63.46,30.0,190508.0,64.004
600779.SH,2022-11-08,0.0,63.5,63.5,63.49,7.0,44446.0,64.004
600779.SH,2022-11-08,0.0,63.51,63.53,63.51,45.0,285837.0,64.003
600779.SH,2022-11-08,0.0,63.55,63.56,63.51,5.0,31777.0,64.003
600779.SH,2022-11-08,0.0,63.54,63.6,63.53,53.0,336863.0,64.001
600779.SH,2022-11-08,0.0,63.55,63.62,63.53,29.0,184303.0,64.001
600779.SH,2022-11-08,0.0,63.6,63.61,63.55,18.0,114474.0,64.0
600779.SH,2022-11-08,0.0,63.66,63.66,63.58,48.0,305454.0,64.0
600779.SH,2022-11-08,0.0,63.74,63.74,63.66,90.0,573251.0,63.998
600779.SH,2022-11-08,0.0,63.66,63.74,63.66,24.0,152892.0,63.998
600779.SH,2022-11-08,0.0,63.72,63.72,63.61,35.0,222723.0,63.997
600779.SH,2022-11-08,0.0,63.64,63.72,63.64,20.0,127412.0,63.997
600779.SH,2022-11-08,0.0,63.65,63.71,63.64,6.0,38202.0,63.997
600779.SH,2022-11-08,0.0,63.52,63.65,63.52,154.0,978847.0,63.994
600779.SH,2022-11-08,0.0,63.5,63.57,63.5,40.0,254098.0,63.993
600779.SH,2022-11-08,0.0,63.41,63.5,63.41,79.0,501411.0,63.991
600779.SH,2022-11-08,0.0,63.4,63.41,63.39,70.0,443800.0,63.989
600779.SH,2022-11-08,0.0,63.7,63.7,63.37,219.0,1389220.0,63.983
600779.SH,2022-11-08,0.0,63.51,63.7,63.51,28.0,177871.0,63.982
600779.SH,2022-11-08,0.0,63.49,63.51,63.49,36.0,228613.0,63.981
600779.SH,2022-11-08,0.0,63.47,63.51,63.47,49.0,311081.0,63.98
600779.SH,2022-11-08,0.0,63.45,63.47,63.45,24.0,152309.0,63.98
600779.SH,2022-11-08,0.0,63.44,63.45,63.44,25.0,158618.0,63.979
600779.SH,2022-11-08,0.0,63.47,63.47,63.44,37.0,234773.0,63.978
600779.SH,2022-11-08,0.0,63.47,63.5,63.46,23.0,145980.0,63.978
600779.SH,2022-11-08,0.0,63.5,63.5,63.46,27.0,171355.0,63.977
600779.SH,2022-11-08,0.0,63.45,63.5,63.45,18.0,114242.0,63.976
600779.SH,2022-11-08,0.0,63.5,63.5,63.45,41.0,260220.0,63.975
600779.SH,2022-11-08,0.0,63.5,63.51,63.5,67.0,425499.0,63.974
600779.SH,2022-11-08,0.0,63.46,63.5,63.46,11.0,69826.0,63.974
600779.SH,2022-11-08,0.0,63.5,63.5,63.49,18.0,114288.0,63.973
600779.SH,2022-11-08,0.0,63.51,63.51,63.51,12.0,76200.0,63.973
600779.SH,2022-11-08,0.0,63.48,63.51,63.4,171.0,1085070.0,63.969
600779.SH,2022-11-08,0.0,63.6,63.6,63.48,47.0,298536.0,63.968
600779.SH,2022-11-08,0.0,63.5,63.55,63.5,117.0,746255.0,63.966
600779.SH,2022-11-08,0.0,63.42,63.46,63.41,83.0,526443.0,63.964
600779.SH,2022-11-08,0.0,63.46,63.5,63.41,27.0,171319.0,63.963
600779.SH,2022-11-08,0.0,63.4,63.46,63.4,109.0,689442.0,63.96
600779.SH,2022-11-08,0.0,63.4,63.42,63.4,21.0,133147.0,63.96
600779.SH,2022-11-08,0.0,63.35,63.42,63.35,55.0,348557.0,63.958
600779.SH,2022-11-08,0.0,63.31,63.35,63.31,130.0,823186.0,63.954
600779.SH,2022-11-08,0.0,63.3,63.32,63.3,219.0,1386380.0,63.948
600779.SH,2022-11-08,0.0,63.29,63.31,63.29,52.0,329179.0,63.947
600779.SH,2022-11-08,0.0,63.25,63.3,63.25,146.0,923835.0,63.942
600779.SH,2022-11-08,0.0,63.26,63.29,63.22,145.0,917016.0,63.938
600779.SH,2022-11-08,0.0,63.23,63.28,63.23,95.0,600790.0,63.935
600779.SH,2022-11-08,0.0,63.21,63.23,63.21,123.0,777544.0,63.931
600779.SH,2022-11-08,0.0,63.21,63.22,63.21,82.0,518360.0,63.928
600779.SH,2022-11-08,0.0,63.24,63.25,63.21,59.0,373047.0,63.927
600779.SH,2022-11-08,0.0,63.24,63.25,63.23,81.0,512245.0,63.924
600779.SH,2022-11-08,0.0,63.27,63.27,63.24,38.0,240364.0,63.923
600779.SH,2022-11-08,0.0,63.28,63.29,63.27,49.0,310080.0,63.922
600779.SH,2022-11-08,0.0,63.12,63.26,63.12,462.0,2920160.0,63.908
600779.SH,2022-11-08,0.0,63.11,63.14,63.11,177.0,1117130.0,63.902
600779.SH,2022-11-08,0.0,63.28,63.28,63.11,149.0,941506.0,63.897
600779.SH,2022-11-08,0.0,63.2,63.25,63.2,91.0,575376.0,63.895
600779.SH,2022-11-08,0.0,63.23,63.24,63.2,37.0,233912.0,63.894
600779.SH,2022-11-08,0.0,63.23,63.24,63.23,45.0,284562.0,63.893
600779.SH,2022-11-08,0.0,63.24,63.25,63.24,62.0,392106.0,63.891
600779.SH,2022-11-08,0.0,63.28,63.28,63.25,32.0,202424.0,63.89
600779.SH,2022-11-08,0.0,63.25,63.27,63.24,58.0,366837.0,63.889
600779.SH,2022-11-08,0.0,63.22,63.26,63.22,57.0,360467.0,63.887
600779.SH,2022-11-08,0.0,63.17,63.22,63.17,95.0,600347.0,63.884
600779.SH,2022-11-08,0.0,63.17,63.18,63.15,168.0,1061240.0,63.88
600779.SH,2022-11-08,0.0,63.19,63.21,63.16,48.0,303293.0,63.878
600779.SH,2022-11-08,0.0,63.42,63.42,63.19,600.0,3793090.0,63.863
600779.SH,2022-11-08,0.0,63.35,63.48,63.35,103.0,653316.0,63.861
600779.SH,2022-11-08,0.0,63.3,63.36,63.3,87.0,551061.0,63.859
600779.SH,2022-11-08,0.0,63.36,63.37,63.3,38.0,240759.0,63.858
600779.SH,2022-11-08,0.0,63.35,63.37,63.35,42.0,266088.0,63.857
600779.SH,2022-11-08,0.0,63.31,63.37,63.31,27.0,171031.0,63.857
600779.SH,2022-11-08,0.0,63.33,63.36,63.33,10.0,63350.0,63.857
600779.SH,2022-11-08,0.0,63.26,63.3,63.26,41.0,259502.0,63.856
600779.SH,2022-11-08,0.0,63.24,63.3,63.24,56.0,354241.0,63.854
600779.SH,2022-11-08,0.0,63.21,63.25,63.19,48.0,303384.0,63.853
600779.SH,2022-11-08,0.0,63.14,63.24,63.14,130.0,821251.0,63.85
600779.SH,2022-11-08,0.0,63.13,63.16,63.13,63.0,397759.0,63.848
600779.SH,2022-11-08,0.0,63.13,63.13,63.12,440.0,2777840.0,63.836
600779.SH,2022-11-08,0.0,63.18,63.24,63.15,140.0,884490.0,63.833
600779.SH,2022-11-08,0.0,63.18,63.18,63.16,54.0,341151.0,63.831
600779.SH,2022-11-08,0.0,63.2,63.24,63.17,52.0,328564.0,63.83
600779.SH,2022-11-08,0.0,63.22,63.23,63.2,39.0,249612.0,63.829
600779.SH,2022-11-08,0.0,63.17,63.23,63.16,93.0,584659.0,63.827
600779.SH,2022-11-08,0.0,63.13,63.18,63.13,111.0,700968.0,63.824
600779.SH,2022-11-08,0.0,63.14,63.18,63.14,31.0,195785.0,63.823
600779.SH,2022-11-08,0.0,63.13,63.16,63.12,91.0,574519.0,63.821
600779.SH,2022-11-08,0.0,63.11,63.13,63.11,87.0,549164.0,63.819
600779.SH,2022-11-08,0.0,63.11,63.13,63.11,116.0,732230.0,63.816
600779.SH,2022-11-08,0.0,63.05,63.13,63.05,267.0,1684530.0,63.809
600779.SH,2022-11-08,0.0,63.09,63.1,63.03,190.0,1198260.0,63.804
600779.SH,2022-11-08,0.0,63.09,63.09,63.06,80.0,504681.0,63.802
600779.SH,2022-11-08,0.0,63.09,63.1,63.07,110.0,693951.0,63.799
600779.SH,2022-11-08,0.0,63.06,63.09,63.06,73.0,460481.0,63.797
600779.SH,2022-11-08,0.0,63.09,63.09,63.05,31.0,195495.0,63.796
600779.SH,2022-11-08,0.0,63.03,63.09,63.02,195.0,1229520.0,63.791
600779.SH,2022-11-08,0.0,63.0,63.02,63.0,508.0,3200980.0,63.777
600779.SH,2022-11-08,0.0,63.09,63.09,63.0,112.0,706065.0,63.774
600779.SH,2022-11-08,0.0,63.24,63.25,63.09,81.0,513379.0,63.772
600779.SH,2022-11-08,0.0,63.17,63.2,63.15,57.0,360120.0,63.771
600779.SH,2022-11-08,0.0,63.11,63.15,63.1,83.0,524047.0,63.769
600779.SH,2022-11-08,0.0,63.09,63.13,63.09,73.0,460719.0,63.768
600779.SH,2022-11-08,0.0,63.09,63.1,63.09,40.0,252376.0,63.767
600779.SH,2022-11-08,0.0,63.11,63.12,63.1,46.0,290245.0,63.766
600779.SH,2022-11-08,0.0,63.15,63.17,63.11,37.0,233670.0,63.765
600779.SH,2022-11-08,0.0,63.13,63.14,63.12,26.0,164148.0,63.764
600779.SH,2022-11-08,0.0,63.11,63.15,63.11,64.0,403983.0,63.763
600779.SH,2022-11-08,0.0,63.08,63.12,63.08,51.0,321775.0,63.762
600779.SH,2022-11-08,0.0,63.08,63.12,63.07,35.0,220786.0,63.761
600779.SH,2022-11-08,0.0,63.07,63.1,63.07,127.0,801279.0,63.758
600779.SH,2022-11-08,0.0,63.05,63.1,63.05,92.0,580247.0,63.756
600779.SH,2022-11-08,0.0,63.04,63.08,63.04,102.0,643178.0,63.754
600779.SH,2022-11-08,0.0,63.08,63.09,63.07,99.0,624303.0,63.751
600779.SH,2022-11-08,0.0,63.07,63.11,63.06,121.0,763196.0,63.749
600779.SH,2022-11-08,0.0,63.11,63.11,63.0,292.0,1840170.0,63.742
600779.SH,2022-11-08,0.0,63.12,63.12,63.11,100.0,631202.0,63.74
600779.SH,2022-11-08,0.0,63.12,63.14,63.12,51.0,321947.0,63.738
600779.SH,2022-11-08,0.0,63.2,63.2,63.12,182.0,1149660.0,63.735
600779.SH,2022-11-08,0.0,63.23,63.24,63.2,125.0,790338.0,63.733
600779.SH,2022-11-08,0.0,63.18,63.23,63.16,79.0,499169.0,63.732
600779.SH,2022-11-08,0.0,63.17,63.2,63.17,75.0,473849.0,63.73
600779.SH,2022-11-08,0.0,63.12,63.18,63.12,38.0,239925.0,63.73
600779.SH,2022-11-08,0.0,63.08,63.12,63.08,57.0,359683.0,63.728
600779.SH,2022-11-08,0.0,63.12,63.12,63.09,37.0,233475.0,63.728
600779.SH,2022-11-08,0.0,63.14,63.14,63.12,18.0,113643.0,63.727
600779.SH,2022-11-08,0.0,63.08,63.14,63.08,90.0,567966.0,63.725
600779.SH,2022-11-08,0.0,63.13,63.15,63.1,78.0,492397.0,63.724
600779.SH,2022-11-08,0.0,63.2,63.2,63.1,137.0,865131.0,63.721
600779.SH,2022-11-08,0.0,63.23,63.23,63.17,119.0,752022.0,63.719
600779.SH,2022-11-08,0.0,63.28,63.28,63.23,49.0,309950.0,63.719
600779.SH,2022-11-08,0.0,63.32,63.32,63.28,56.0,354453.0,63.718
600779.SH,2022-11-08,0.0,63.39,63.4,63.32,51.0,326217.0,63.717
600779.SH,2022-11-08,0.0,63.35,63.4,63.33,117.0,741518.0,63.716
600779.SH,2022-11-08,0.0,63.2,63.35,63.2,94.0,594825.0,63.715
600779.SH,2022-11-08,0.0,63.25,63.25,63.2,52.0,328716.0,63.714
600779.SH,2022-11-08,0.0,63.2,63.25,63.17,59.0,372859.0,63.713
600779.SH,2022-11-08,0.0,63.2,63.2,63.17,42.0,265385.0,63.712
600779.SH,2022-11-08,0.0,63.18,63.2,63.18,45.0,284319.0,63.712
600779.SH,2022-11-08,0.0,63.2,63.22,63.2,87.0,549877.0,63.71
600779.SH,2022-11-08,0.0,63.28,63.28,63.22,89.0,562793.0,63.709
600779.SH,2022-11-08,0.0,63.26,63.29,63.26,104.0,658138.0,63.708
600779.SH,2022-11-08,0.0,63.28,63.28,63.26,89.0,563146.0,63.706
600779.SH,2022-11-08,0.0,63.3,63.3,63.26,81.0,512534.0,63.705
600779.SH,2022-11-08,0.0,63.33,63.33,63.3,65.0,411546.0,63.704
600779.SH,2022-11-08,0.0,63.29,63.33,63.29,167.0,1057410.0,63.702
600779.SH,2022-11-08,0.0,63.31,63.31,63.29,130.0,822742.0,63.701
600779.SH,2022-11-08,0.0,63.29,63.31,63.29,124.0,784861.0,63.699
600779.SH,2022-11-08,0.0,63.3,63.3,63.29,90.0,569652.0,63.698
600779.SH,2022-11-08,0.0,63.31,63.31,63.28,131.0,829141.0,63.697
600779.SH,2022-11-08,0.0,63.32,63.33,63.3,167.0,1057440.0,63.695
600779.SH,2022-11-08,0.0,63.32,63.33,63.31,90.0,569864.0,63.694
600779.SH,2022-11-08,0.0,63.33,63.33,63.31,158.0,1000490.0,63.692
600779.SH,2022-11-08,0.0,63.32,63.33,63.32,9.0,56989.0,63.692
600779.SH,2022-11-08,0.0,63.32,63.32,63.32,0.0,0.0,63.692
600779.SH,2022-11-08,0.0,63.32,63.32,63.32,305.0,1931260.0,63.688
600779.SH,2022-11-09,0.0,63.76,63.76,63.76,140.0,892640.0,63.76
600779.SH,2022-11-09,0.0,63.69,63.8,63.51,457.0,2910370.0,63.702
600779.SH,2022-11-09,0.0,63.89,63.93,63.65,340.0,2169970.0,63.746
600779.SH,2022-11-09,0.0,64.06,64.17,63.87,562.0,3597470.0,63.846
600779.SH,2022-11-09,0.0,63.67,64.04,63.6,357.0,2279110.0,63.845
600779.SH,2022-11-09,0.0,63.38,63.66,63.36,222.0,1410580.0,63.812
600779.SH,2022-11-09,0.0,63.7,63.75,63.39,308.0,1958560.0,63.783
600779.SH,2022-11-09,0.0,63.5,63.71,63.49,304.0,1933280.0,63.762
600779.SH,2022-11-09,0.0,63.7,63.74,63.49,141.0,899825.0,63.756
600779.SH,2022-11-09,0.0,63.48,63.7,63.48,165.0,1049100.0,63.746
600779.SH,2022-11-09,0.0,63.29,63.56,63.28,456.0,2889500.0,63.696
600779.SH,2022-11-09,0.0,63.26,63.32,63.09,245.0,1549860.0,63.667
600779.SH,2022-11-09,0.0,63.29,63.3,63.21,118.0,746315.0,63.654
600779.SH,2022-11-09,0.0,63.36,63.37,63.2,266.0,1680220.0,63.629
600779.SH,2022-11-09,0.0,63.37,63.38,63.34,117.0,741398.0,63.621
600779.SH,2022-11-09,0.0,63.27,63.35,63.27,103.0,652208.0,63.614
600779.SH,2022-11-09,0.0,63.14,63.29,63.1,176.0,1112130.0,63.597
600779.SH,2022-11-09,0.0,63.1,63.15,63.1,120.0,757454.0,63.585
600779.SH,2022-11-09,0.0,63.05,63.09,63.01,153.0,964513.0,63.567
600779.SH,2022-11-09,0.0,63.07,63.26,63.07,251.0,1584110.0,63.545
600779.SH,2022-11-09,0.0,63.05,63.15,63.05,111.0,700038.0,63.534
600779.SH,2022-11-09,0.0,63.01,63.05,63.0,386.0,2432470.0,63.498
600779.SH,2022-11-09,0.0,62.89,63.01,62.89,345.0,2173000.0,63.468
600779.SH,2022-11-09,0.0,62.75,62.88,62.75,181.0,1136730.0,63.448
600779.SH,2022-11-09,0.0,62.72,62.77,62.7,239.0,1498970.0,63.42
600779.SH,2022-11-09,0.0,62.73,62.77,62.7,325.0,2038360.0,63.385
600779.SH,2022-11-09,0.0,62.69,62.74,62.69,206.0,1291760.0,63.365
600779.SH,2022-11-09,0.0,62.74,62.75,62.69,128.0,802671.0,63.353
600779.SH,2022-11-09,0.0,62.73,62.75,62.72,141.0,884608.0,63.34
600779.SH,2022-11-09,0.0,62.92,62.92,62.73,151.0,948273.0,63.329
600779.SH,2022-11-09,0.0,62.88,62.97,62.85,116.0,729684.0,63.322
600779.SH,2022-11-09,0.0,63.15,63.15,62.81,434.0,2730050.0,63.299
600779.SH,2022-11-09,0.0,62.89,63.16,62.85,182.0,1146860.0,63.292
600779.SH,2022-11-09,0.0,62.99,63.0,62.89,168.0,1056990.0,63.285
600779.SH,2022-11-09,0.0,62.95,62.99,62.93,104.0,654929.0,63.281
600779.SH,2022-11-09,0.0,62.93,62.95,62.92,141.0,887331.0,63.275
600779.SH,2022-11-09,0.0,62.88,62.92,62.88,133.0,836635.0,63.269
600779.SH,2022-11-09,0.0,62.84,62.92,62.8,224.0,1408250.0,63.259
600779.SH,2022-11-09,0.0,62.8,62.85,62.8,154.0,967192.0,63.251
600779.SH,2022-11-09,0.0,62.8,62.8,62.76,142.0,891402.0,63.243
600779.SH,2022-11-09,0.0,62.72,62.8,62.72,198.0,1242670.0,63.233
600779.SH,2022-11-09,0.0,62.9,62.9,62.71,167.0,1048280.0,63.225
600779.SH,2022-11-09,0.0,62.96,63.0,62.85,30.0,188790.0,63.224
600779.SH,2022-11-09,0.0,62.86,62.99,62.86,54.0,339724.0,63.222
600779.SH,2022-11-09,0.0,62.8,62.9,62.8,49.0,307944.0,63.22
600779.SH,2022-11-09,0.0,62.95,62.95,62.79,63.0,395830.0,63.217
600779.SH,2022-11-09,0.0,62.96,62.96,62.86,71.0,446928.0,63.215
600779.SH,2022-11-09,0.0,62.98,63.01,62.9,137.0,862832.0,63.212
600779.SH,2022-11-09,0.0,63.04,63.05,62.98,60.0,378278.0,63.211
600779.SH,2022-11-09,0.0,63.11,63.12,62.88,79.0,497832.0,63.21
600779.SH,2022-11-09,0.0,63.01,63.11,63.01,35.0,220683.0,63.209
600779.SH,2022-11-09,0.0,63.04,63.09,63.01,17.0,107174.0,63.209
600779.SH,2022-11-09,0.0,63.04,63.04,63.0,48.0,302478.0,63.208
600779.SH,2022-11-09,0.0,63.08,63.1,63.01,117.0,738082.0,63.206
600779.SH,2022-11-09,0.0,63.37,63.37,63.12,154.0,973944.0,63.207
600779.SH,2022-11-09,0.0,63.46,63.46,63.39,74.0,469451.0,63.209
600779.SH,2022-11-09,0.0,63.41,63.5,63.41,151.0,958257.0,63.212
600779.SH,2022-11-09,0.0,63.32,63.41,63.32,167.0,1058290.0,63.215
600779.SH,2022-11-09,0.0,63.26,63.32,63.26,34.0,215190.0,63.215
600779.SH,2022-11-09,0.0,63.3,63.3,63.25,63.0,398611.0,63.215
600779.SH,2022-11-09,0.0,63.35,63.44,63.29,95.0,601745.0,63.216
600779.SH,2022-11-09,0.0,63.57,63.57,63.35,172.0,1092130.0,63.221
600779.SH,2022-11-09,0.0,63.49,63.57,63.49,262.0,1664090.0,63.228
600779.SH,2022-11-09,0.0,63.48,63.5,63.45,77.0,488815.0,63.229
600779.SH,2022-11-09,0.0,63.46,63.47,63.45,37.0,234802.0,63.23
600779.SH,2022-11-09,0.0,63.36,63.4,63.35,55.0,348576.0,63.231
600779.SH,2022-11-09,0.0,63.27,63.35,63.26,109.0,690030.0,63.231
600779.SH,2022-11-09,0.0,63.26,63.26,63.2,66.0,417262.0,63.231
600779.SH,2022-11-09,0.0,63.21,63.26,63.21,60.0,379374.0,63.231
600779.SH,2022-11-09,0.0,63.21,63.3,63.21,57.0,360467.0,63.231
600779.SH,2022-11-09,0.0,63.19,63.23,63.19,34.0,214895.0,63.231
600779.SH,2022-11-09,0.0,63.19,63.23,63.19,139.0,878389.0,63.231
600779.SH,2022-11-09,0.0,63.19,63.19,63.18,29.0,183243.0,63.231
600779.SH,2022-11-09,0.0,63.24,63.24,63.16,35.0,221171.0,63.231
600779.SH,2022-11-09,0.0,63.23,63.25,63.22,19.0,120150.0,63.231
600779.SH,2022-11-09,0.0,63.33,63.33,63.22,55.0,348018.0,63.231
600779.SH,2022-11-09,0.0,63.38,63.38,63.29,21.0,133048.0,63.231
600779.SH,2022-11-09,0.0,63.42,63.42,63.38,79.0,500822.0,63.232
600779.SH,2022-11-09,0.0,63.31,63.42,63.31,86.0,545060.0,63.233
600779.SH,2022-11-09,0.0,63.28,63.35,63.27,37.0,234303.0,63.234
600779.SH,2022-11-09,0.0,63.29,63.3,63.27,52.0,329111.0,63.234
600779.SH,2022-11-09,0.0,63.35,63.35,63.29,41.0,259543.0,63.234
600779.SH,2022-11-09,0.0,63.32,63.36,63.32,12.0,76007.0,63.234
600779.SH,2022-11-09,0.0,63.29,63.32,63.29,68.0,430474.0,63.234
600779.SH,2022-11-09,0.0,63.28,63.29,63.27,48.0,303743.0,63.235
600779.SH,2022-11-09,0.0,63.29,63.29,63.26,24.0,151846.0,63.235
600779.SH,2022-11-09,0.0,63.31,63.31,63.27,22.0,139223.0,63.235
600779.SH,2022-11-09,0.0,63.35,63.35,63.32,58.0,367386.0,63.235
600779.SH,2022-11-09,0.0,63.33,63.37,63.33,36.0,228016.0,63.236
600779.SH,2022-11-09,0.0,63.36,63.38,63.33,64.0,405558.0,63.236
600779.SH,2022-11-09,0.0,63.36,63.38,63.36,40.0,253458.0,63.237
600779.SH,2022-11-09,0.0,63.33,63.36,63.32,52.0,329314.0,63.237
600779.SH,2022-11-09,0.0,63.41,63.41,63.32,91.0,576715.0,63.238
600779.SH,2022-11-09,0.0,63.42,63.42,63.41,147.0,932280.0,63.24
600779.SH,2022-11-09,0.0,63.48,63.48,63.42,39.0,247526.0,63.241
600779.SH,2022-11-09,0.0,63.42,63.49,63.42,56.0,355455.0,63.242
600779.SH,2022-11-09,0.0,63.34,63.42,63.33,29.0,183687.0,63.242
600779.SH,2022-11-09,0.0,63.36,63.36,63.34,3.0,19007.0,63.242
600779.SH,2022-11-09,0.0,63.33,63.35,63.33,22.0,139349.0,63.242
600779.SH,2022-11-09,0.0,63.3,63.33,63.3,38.0,240611.0,63.242
600779.SH,2022-11-09,0.0,63.2,63.31,63.2,52.0,329022.0,63.242
600779.SH,2022-11-09,0.0,63.23,63.26,63.2,38.0,240256.0,63.242
600779.SH,2022-11-09,0.0,63.27,63.27,63.21,25.0,158116.0,63.242
600779.SH,2022-11-09,0.0,63.2,63.27,63.2,29.0,183345.0,63.242
600779.SH,2022-11-09,0.0,63.15,63.21,63.15,49.0,309645.0,63.242
600779.SH,2022-11-09,0.0,63.15,63.2,63.14,15.0,94772.0,63.242
600779.SH,2022-11-09,0.0,63.15,63.15,63.15,34.0,214715.0,63.242
600779.SH,2022-11-09,0.0,63.15,63.2,63.15,28.0,176845.0,63.242
600779.SH,2022-11-09,0.0,63.2,63.2,63.15,39.0,246402.0,63.242
600779.SH,2022-11-09,0.0,63.19,63.2,63.18,38.0,240095.0,63.241
600779.SH,2022-11-09,0.0,63.17,63.2,63.15,108.0,682147.0,63.241
600779.SH,2022-11-09,0.0,63.16,63.2,63.16,17.0,107401.0,63.241
600779.SH,2022-11-09,0.0,63.16,63.19,63.16,19.0,120023.0,63.241
600779.SH,2022-11-09,0.0,63.2,63.2,63.16,63.0,401248.0,63.24
600779.SH,2022-11-09,0.0,63.23,63.23,63.2,8.0,50584.0,63.24
600779.SH,2022-11-09,0.0,63.2,63.24,63.2,11.0,69536.0,63.24
600779.SH,2022-11-09,0.0,63.15,63.2,63.14,83.0,521142.0,63.24
600779.SH,2022-11-09,0.0,63.13,63.15,63.13,33.0,208349.0,63.24
600779.SH,2022-11-09,0.0,63.1,63.15,63.1,74.0,467174.0,63.239
600779.SH,2022-11-09,0.0,63.09,63.1,63.09,14.0,88341.0,63.239
600779.SH,2022-11-09,0.0,63.06,63.09,63.06,56.0,353164.0,63.238
600779.SH,2022-11-09,0.0,63.02,63.07,63.02,115.0,725187.0,63.237
600779.SH,2022-11-09,0.0,63.01,63.05,63.01,27.0,170153.0,63.236
600779.SH,2022-11-09,0.0,62.97,63.02,62.97,119.0,749703.0,63.234
600779.SH,2022-11-09,0.0,62.96,62.98,62.91,260.0,1636890.0,63.23
600779.SH,2022-11-09,0.0,63.0,63.05,62.95,96.0,604734.0,63.228
600779.SH,2022-11-09,0.0,63.0,63.0,63.0,23.0,144895.0,63.228
600779.SH,2022-11-09,0.0,63.15,63.15,63.0,103.0,649428.0,63.226
600779.SH,2022-11-09,0.0,63.01,63.15,63.01,15.0,94596.0,63.226
600779.SH,2022-11-09,0.0,63.01,63.09,63.0,20.0,126040.0,63.226
600779.SH,2022-11-09,0.0,63.01,63.08,63.01,6.0,37827.0,63.226
600779.SH,2022-11-09,0.0,63.01,63.08,63.01,32.0,201674.0,63.225
600779.SH,2022-11-09,0.0,62.98,63.01,62.98,41.0,258287.0,63.225
600779.SH,2022-11-09,0.0,62.94,62.99,62.94,68.0,428146.0,63.224
600779.SH,2022-11-09,0.0,62.9,62.94,62.9,40.0,251650.0,63.223
600779.SH,2022-11-09,0.0,62.9,62.93,62.89,74.0,465501.0,63.221
600779.SH,2022-11-09,0.0,62.89,62.9,62.88,37.0,232676.0,63.22
600779.SH,2022-11-09,0.0,62.87,62.89,62.85,31.0,194877.0,63.22
600779.SH,2022-11-09,0.0,62.81,62.87,62.81,109.0,684845.0,63.217
600779.SH,2022-11-09,0.0,62.85,62.85,62.81,50.0,314188.0,63.216
600779.SH,2022-11-09,0.0,62.81,62.83,62.81,35.0,219866.0,63.215
600779.SH,2022-11-09,0.0,62.8,62.81,62.8,200.0,1256090.0,63.21
600779.SH,2022-11-09,0.0,62.78,62.81,62.78,141.0,885365.0,63.206
600779.SH,2022-11-09,0.0,62.76,62.8,62.76,120.0,753327.0,63.203
600779.SH,2022-11-09,0.0,62.76,62.76,62.74,122.0,765567.0,63.199
600779.SH,2022-11-09,0.0,62.78,62.85,62.74,621.0,3898620.0,63.183
600779.SH,2022-11-09,0.0,62.8,62.85,62.77,54.0,339051.0,63.182
600779.SH,2022-11-09,0.0,62.85,62.85,62.79,28.0,175878.0,63.181
600779.SH,2022-11-09,0.0,62.86,62.86,62.8,42.0,263914.0,63.181
600779.SH,2022-11-09,0.0,62.92,62.92,62.86,153.0,961923.0,63.178
600779.SH,2022-11-09,0.0,62.92,62.93,62.9,29.0,182485.0,63.177
600779.SH,2022-11-09,0.0,62.89,62.92,62.88,73.0,459175.0,63.176
600779.SH,2022-11-09,0.0,63.02,63.02,62.88,516.0,3249190.0,63.17
600779.SH,2022-11-09,0.0,63.12,63.12,63.02,58.0,365784.0,63.17
600779.SH,2022-11-09,0.0,63.07,63.14,63.06,93.0,586934.0,63.169
600779.SH,2022-11-09,0.0,63.09,63.09,63.07,49.0,309124.0,63.169
600779.SH,2022-11-09,0.0,63.13,63.13,63.09,13.0,82047.0,63.169
600779.SH,2022-11-09,0.0,63.1,63.13,63.1,121.0,763711.0,63.169
600779.SH,2022-11-09,0.0,63.06,63.13,63.06,192.0,1211580.0,63.168
600779.SH,2022-11-09,0.0,63.06,63.08,63.06,75.0,472979.0,63.168
600779.SH,2022-11-09,0.0,63.0,63.06,63.0,75.0,472683.0,63.167
600779.SH,2022-11-09,0.0,62.93,63.0,62.93,18.0,113330.0,63.167
600779.SH,2022-11-09,0.0,62.91,62.94,62.9,75.0,471871.0,63.166
600779.SH,2022-11-09,0.0,62.91,62.91,62.9,29.0,182431.0,63.165
600779.SH,2022-11-09,0.0,62.92,62.92,62.9,47.0,295693.0,63.165
600779.SH,2022-11-09,0.0,62.92,62.92,62.91,27.0,169870.0,63.164
600779.SH,2022-11-09,0.0,62.92,62.93,62.91,14.0,88085.0,63.164
600779.SH,2022-11-09,0.0,62.88,62.92,62.87,98.0,616307.0,63.163
600779.SH,2022-11-09,0.0,62.87,62.88,62.86,38.0,238902.0,63.162
600779.SH,2022-11-09,0.0,62.82,62.87,62.82,63.0,395963.0,63.161
600779.SH,2022-11-09,0.0,62.83,62.84,62.82,55.0,345559.0,63.16
600779.SH,2022-11-09,0.0,62.86,62.86,62.83,72.0,452534.0,63.159
600779.SH,2022-11-09,0.0,62.86,62.88,62.86,28.0,176026.0,63.158
600779.SH,2022-11-09,0.0,62.86,62.9,62.86,74.0,465322.0,63.157
600779.SH,2022-11-09,0.0,62.84,62.87,62.84,37.0,232564.0,63.157
600779.SH,2022-11-09,0.0,62.84,62.9,62.83,70.0,439991.0,63.156
600779.SH,2022-11-09,0.0,62.8,62.87,62.8,175.0,1099200.0,63.153
600779.SH,2022-11-09,0.0,62.8,62.82,62.8,59.0,370555.0,63.151
600779.SH,2022-11-09,0.0,62.82,62.82,62.8,32.0,200998.0,63.151
600779.SH,2022-11-09,0.0,62.82,62.82,62.8,123.0,772530.0,63.149
600779.SH,2022-11-09,0.0,62.76,62.84,62.76,215.0,1349980.0,63.145
600779.SH,2022-11-09,0.0,62.76,62.8,62.75,203.0,1274080.0,63.141
600779.SH,2022-11-09,0.0,62.79,62.79,62.76,81.0,509044.0,63.139
600779.SH,2022-11-09,0.0,62.78,62.78,62.77,82.0,514742.0,63.138
600779.SH,2022-11-09,0.0,62.79,62.81,62.78,35.0,219790.0,63.137
600779.SH,2022-11-09,0.0,62.82,62.82,62.77,68.0,427021.0,63.136
600779.SH,2022-11-09,0.0,62.88,62.88,62.82,48.0,301728.0,63.135
600779.SH,2022-11-09,0.0,62.85,62.89,62.84,103.0,647456.0,63.134
600779.SH,2022-11-09,0.0,62.84,62.85,62.83,78.0,490156.0,63.133
600779.SH,2022-11-09,0.0,62.86,62.89,62.84,60.0,377093.0,63.132
600779.SH,2022-11-09,0.0,62.85,62.87,62.85,63.0,395999.0,63.131
600779.SH,2022-11-09,0.0,62.84,62.87,62.84,76.0,477712.0,63.13
600779.SH,2022-11-09,0.0,62.81,62.84,62.8,54.0,339225.0,63.129
600779.SH,2022-11-09,0.0,62.84,62.84,62.8,43.0,270108.0,63.129
600779.SH,2022-11-09,0.0,62.79,62.83,62.78,143.0,898070.0,63.126
600779.SH,2022-11-09,0.0,62.77,62.8,62.77,83.0,521093.0,63.125
600779.SH,2022-11-09,0.0,62.78,62.79,62.76,94.0,590004.0,63.123
600779.SH,2022-11-09,0.0,62.75,62.79,62.75,99.0,621397.0,63.122
600779.SH,2022-11-09,0.0,62.76,62.76,62.75,68.0,426719.0,63.12
600779.SH,2022-11-09,0.0,62.74,62.76,62.74,128.0,802563.0,63.118
600779.SH,2022-11-09,0.0,62.72,62.75,62.72,104.0,652373.0,63.116
600779.SH,2022-11-09,0.0,62.73,62.73,62.72,79.0,496069.0,63.115
600779.SH,2022-11-09,0.0,62.72,62.73,62.71,66.0,413389.0,63.114
600779.SH,2022-11-09,0.0,62.75,62.75,62.72,70.0,439656.0,63.112
600779.SH,2022-11-09,0.0,62.73,62.75,62.73,71.0,445489.0,63.111
600779.SH,2022-11-09,0.0,62.74,62.75,62.73,84.0,527015.0,63.11
600779.SH,2022-11-09,0.0,62.73,62.75,62.73,42.0,263519.0,63.109
600779.SH,2022-11-09,0.0,62.89,62.91,62.74,186.0,1168220.0,63.106
600779.SH,2022-11-09,0.0,62.79,62.89,62.75,61.0,383033.0,63.106
600779.SH,2022-11-09,0.0,62.79,62.79,62.77,30.0,188345.0,63.105
600779.SH,2022-11-09,0.0,62.76,62.78,62.75,61.0,382851.0,63.104
600779.SH,2022-11-09,0.0,62.72,62.76,62.72,159.0,997467.0,63.101
600779.SH,2022-11-09,0.0,62.74,62.75,62.72,85.0,533247.0,63.1
600779.SH,2022-11-09,0.0,62.74,62.74,62.72,98.0,614731.0,63.098
600779.SH,2022-11-09,0.0,62.73,62.74,62.72,109.0,683142.0,63.097
600779.SH,2022-11-09,0.0,62.72,62.73,62.71,119.0,746328.0,63.095
600779.SH,2022-11-09,0.0,62.71,62.72,62.71,71.0,445280.0,63.093
600779.SH,2022-11-09,0.0,62.71,62.72,62.71,128.0,802699.0,63.091
600779.SH,2022-11-09,0.0,62.71,62.72,62.7,156.0,978219.0,63.089
600779.SH,2022-11-09,0.0,62.69,62.71,62.69,455.0,2854110.0,63.081
600779.SH,2022-11-09,0.0,62.7,62.72,62.69,34.0,213204.0,63.081
600779.SH,2022-11-09,0.0,62.72,62.72,62.7,117.0,733679.0,63.079
600779.SH,2022-11-09,0.0,62.72,62.72,62.71,70.0,437742.0,63.078
600779.SH,2022-11-09,0.0,62.69,62.71,62.69,108.0,677152.0,63.076
600779.SH,2022-11-09,0.0,62.65,62.7,62.65,218.0,1366440.0,63.072
600779.SH,2022-11-09,0.0,62.65,62.66,62.63,115.0,720451.0,63.07
600779.SH,2022-11-09,0.0,62.67,62.71,62.65,134.0,839772.0,63.068
600779.SH,2022-11-09,0.0,62.68,62.69,62.66,98.0,612335.0,63.066
600779.SH,2022-11-09,0.0,62.66,62.68,62.66,71.0,444978.0,63.065
600779.SH,2022-11-09,0.0,62.66,62.68,62.66,218.0,1366100.0,63.062
600779.SH,2022-11-09,0.0,62.66,62.67,62.65,114.0,714292.0,63.06
600779.SH,2022-11-09,0.0,62.65,62.67,62.65,230.0,1441060.0,63.056
600779.SH,2022-11-09,0.0,62.63,62.65,62.63,116.0,726640.0,63.054
600779.SH,2022-11-09,0.0,62.62,62.64,62.62,201.0,1258920.0,63.051
600779.SH,2022-11-09,0.0,62.62,62.64,62.61,178.0,1114680.0,63.048
600779.SH,2022-11-09,0.0,62.6,62.62,62.6,301.0,1885690.0,63.043
600779.SH,2022-11-09,0.0,62.6,62.62,62.6,190.0,1190340.0,63.039
600779.SH,2022-11-09,0.0,62.6,62.63,62.6,310.0,1938770.0,63.034
600779.SH,2022-11-09,0.0,62.6,62.6,62.6,0.0,0.0,63.034
600779.SH,2022-11-09,0.0,62.6,62.6,62.6,0.0,0.0,63.034
600779.SH,2022-11-09,0.0,62.6,62.6,62.6,382.0,2391630.0,63.028
600779.SH,2022-11-10,0.0,62.22,62.22,62.22,187.0,1164260.0,62.22
600779.SH,2022-11-10,0.0,62.2,62.48,62.2,516.0,3214990.0,62.283
600779.SH,2022-11-10,0.0,62.03,62.12,62.01,612.0,3798420.0,62.182
600779.SH,2022-11-10,0.0,62.38,62.46,62.15,311.0,1934030.0,62.198
600779.SH,2022-11-10,0.0,62.43,62.65,62.43,345.0,2156980.0,62.255
600779.SH,2022-11-10,0.0,62.6,62.63,62.38,203.0,1270180.0,62.284
600779.SH,2022-11-10,0.0,62.76,62.96,62.57,1166.0,7322550.0,62.465
600779.SH,2022-11-10,0.0,63.0,63.0,62.77,393.0,2473020.0,62.513
600779.SH,2022-11-10,0.0,62.91,63.1,62.8,326.0,2051980.0,62.548
600779.SH,2022-11-10,0.0,62.8,63.01,62.8,389.0,2448120.0,62.582
600779.SH,2022-11-10,0.0,62.58,62.85,62.48,239.0,1497030.0,62.584
600779.SH,2022-11-10,0.0,62.5,62.58,62.4,227.0,1418270.0,62.58
600779.SH,2022-11-10,0.0,62.51,62.7,62.51,184.0,1152170.0,62.581
600779.SH,2022-11-10,0.0,62.69,62.7,62.51,90.0,563653.0,62.582
600779.SH,2022-11-10,0.0,62.88,62.88,62.69,227.0,1425340.0,62.591
600779.SH,2022-11-10,0.0,62.75,62.88,62.65,385.0,2417330.0,62.604
600779.SH,2022-11-10,0.0,62.85,62.9,62.75,204.0,1284300.0,62.612
600779.SH,2022-11-10,0.0,62.8,62.88,62.69,124.0,776336.0,62.615
600779.SH,2022-11-10,0.0,62.69,62.75,62.67,143.0,896854.0,62.618
600779.SH,2022-11-10,0.0,62.56,62.69,62.56,131.0,820512.0,62.618
600779.SH,2022-11-10,0.0,62.72,62.79,62.56,148.0,927496.0,62.619
600779.SH,2022-11-10,0.0,62.79,62.83,62.71,327.0,2052860.0,62.627
600779.SH,2022-11-10,0.0,62.83,62.84,62.7,232.0,1456590.0,62.632
600779.SH,2022-11-10,0.0,62.96,62.98,62.83,288.0,1812700.0,62.644
600779.SH,2022-11-10,0.0,63.1,63.1,62.92,675.0,4253690.0,62.675
600779.SH,2022-11-10,0.0,63.15,63.19,63.1,292.0,1844140.0,62.692
600779.SH,2022-11-10,0.0,63.07,63.15,63.04,413.0,2606620.0,62.712
600779.SH,2022-11-10,0.0,62.87,63.07,62.87,346.0,2179540.0,62.722
600779.SH,2022-11-10,0.0,62.9,62.97,62.87,149.0,937598.0,62.725
600779.SH,2022-11-10,0.0,62.96,62.96,62.9,70.0,442627.0,62.727
600779.SH,2022-11-10,0.0,63.09,63.1,62.96,209.0,1316940.0,62.733
600779.SH,2022-11-10,0.0,63.0,63.09,62.91,101.0,636208.0,62.736
600779.SH,2022-11-10,0.0,63.01,63.01,62.87,96.0,604204.0,62.738
600779.SH,2022-11-10,0.0,62.88,63.02,62.88,155.0,975879.0,62.741
600779.SH,2022-11-10,0.0,62.88,62.88,62.78,194.0,1216970.0,62.743
600779.SH,2022-11-10,0.0,62.8,62.88,62.79,69.0,433576.0,62.744
600779.SH,2022-11-10,0.0,62.75,62.87,62.75,108.0,678150.0,62.744
600779.SH,2022-11-10,0.0,62.75,62.97,62.69,159.0,997255.0,62.744
600779.SH,2022-11-10,0.0,62.75,62.9,62.72,132.0,828876.0,62.745
600779.SH,2022-11-10,0.0,62.8,62.8,62.75,110.0,690590.0,62.745
600779.SH,2022-11-10,0.0,62.87,62.9,62.81,122.0,766757.0,62.746
600779.SH,2022-11-10,0.0,62.83,62.91,62.82,90.0,565977.0,62.747
600779.SH,2022-11-10,0.0,62.85,62.88,62.81,30.0,188501.0,62.748
600779.SH,2022-11-10,0.0,62.81,62.87,62.81,79.0,496316.0,62.748
600779.SH,2022-11-10,0.0,62.77,62.82,62.75,326.0,2047150.0,62.75
600779.SH,2022-11-10,0.0,62.85,62.85,62.74,121.0,759783.0,62.75
600779.SH,2022-11-10,0.0,62.97,63.02,62.82,299.0,1881760.0,62.755
600779.SH,2022-11-10,0.0,62.82,63.01,62.79,109.0,685263.0,62.756
600779.SH,2022-11-10,0.0,62.83,62.94,62.82,79.0,496830.0,62.757
600779.SH,2022-11-10,0.0,62.96,62.98,62.82,58.0,364767.0,62.757
600779.SH,2022-11-10,0.0,62.95,62.95,62.81,66.0,414949.0,62.758
600779.SH,2022-11-10,0.0,62.95,62.96,62.86,122.0,767840.0,62.76
600779.SH,2022-11-10,0.0,63.01,63.01,62.9,191.0,1203080.0,62.763
600779.SH,2022-11-10,0.0,63.07,63.1,62.99,314.0,1979740.0,62.77
600779.SH,2022-11-10,0.0,63.08,63.12,63.07,301.0,1899210.0,62.778
600779.SH,2022-11-10,0.0,63.06,63.1,63.05,52.0,327990.0,62.779
600779.SH,2022-11-10,0.0,63.08,63.08,63.04,125.0,788290.0,62.782
600779.SH,2022-11-10,0.0,63.08,63.1,63.07,133.0,838969.0,62.785
600779.SH,2022-11-10,0.0,63.39,63.39,63.08,999.0,6316880.0,62.816
600779.SH,2022-11-10,0.0,63.25,63.4,63.14,222.0,1406210.0,62.824
600779.SH,2022-11-10,0.0,63.44,63.44,63.3,351.0,2224500.0,62.837
600779.SH,2022-11-10,0.0,63.6,63.6,63.42,1781.0,11307700.0,62.907
600779.SH,2022-11-10,0.0,63.79,63.96,63.58,1178.0,7515420.0,62.966
600779.SH,2022-11-10,0.0,63.75,63.87,63.7,330.0,2104140.0,62.98
600779.SH,2022-11-10,0.0,63.87,63.9,63.77,705.0,4500600.0,63.012
600779.SH,2022-11-10,0.0,63.74,63.89,63.74,378.0,2411790.0,63.028
600779.SH,2022-11-10,0.0,63.7,63.74,63.55,312.0,1985160.0,63.038
600779.SH,2022-11-10,0.0,63.63,63.76,63.63,111.0,707168.0,63.041
600779.SH,2022-11-10,0.0,63.75,63.75,63.63,158.0,1006020.0,63.046
600779.SH,2022-11-10,0.0,63.66,63.76,63.66,158.0,1006890.0,63.052
600779.SH,2022-11-10,0.0,63.57,63.68,63.57,121.0,769978.0,63.055
600779.SH,2022-11-10,0.0,63.61,63.63,63.56,186.0,1182970.0,63.06
600779.SH,2022-11-10,0.0,63.57,63.62,63.52,126.0,801164.0,63.064
600779.SH,2022-11-10,0.0,63.51,63.54,63.5,70.0,444625.0,63.065
600779.SH,2022-11-10,0.0,63.52,63.54,63.52,73.0,463726.0,63.067
600779.SH,2022-11-10,0.0,63.62,63.62,63.52,113.0,718397.0,63.07
600779.SH,2022-11-10,0.0,63.72,63.72,63.63,120.0,764299.0,63.073
600779.SH,2022-11-10,0.0,63.68,63.78,63.68,191.0,1217370.0,63.079
600779.SH,2022-11-10,0.0,63.62,63.68,63.6,147.0,935625.0,63.083
600779.SH,2022-11-10,0.0,63.66,63.68,63.61,98.0,623648.0,63.086
600779.SH,2022-11-10,0.0,63.9,63.9,63.63,568.0,3623990.0,63.104
600779.SH,2022-11-10,0.0,63.83,63.92,63.75,409.0,2611770.0,63.118
600779.SH,2022-11-10,0.0,63.81,63.83,63.75,66.0,420992.0,63.12
600779.SH,2022-11-10,0.0,63.75,63.81,63.74,60.0,382580.0,63.122
600779.SH,2022-11-10,0.0,63.74,63.76,63.72,53.0,337874.0,63.123
600779.SH,2022-11-10,0.0,63.73,63.74,63.72,54.0,344128.0,63.125
600779.SH,2022-11-10,0.0,63.71,63.74,63.71,67.0,426974.0,63.127
600779.SH,2022-11-10,0.0,63.76,63.76,63.71,104.0,662878.0,63.13
600779.SH,2022-11-10,0.0,63.7,63.76,63.6,239.0,1522340.0,63.135
600779.SH,2022-11-10,0.0,63.66,63.73,63.63,82.0,522381.0,63.137
600779.SH,2022-11-10,0.0,63.71,63.72,63.65,93.0,592403.0,63.14
600779.SH,2022-11-10,0.0,63.57,63.72,63.55,129.0,820650.0,63.142
600779.SH,2022-11-10,0.0,63.53,63.57,63.5,189.0,1200590.0,63.145
600779.SH,2022-11-10,0.0,63.54,63.54,63.52,26.0,165185.0,63.146
600779.SH,2022-11-10,0.0,63.56,63.56,63.53,42.0,266882.0,63.147
600779.SH,2022-11-10,0.0,63.68,63.7,63.55,105.0,667914.0,63.149
600779.SH,2022-11-10,0.0,63.75,63.75,63.63,86.0,547886.0,63.151
600779.SH,2022-11-10,0.0,63.68,63.76,63.65,43.0,273940.0,63.152
600779.SH,2022-11-10,0.0,63.63,63.68,63.62,55.0,350014.0,63.153
600779.SH,2022-11-10,0.0,63.7,63.71,63.63,79.0,502962.0,63.155
600779.SH,2022-11-10,0.0,63.66,63.71,63.66,48.0,305756.0,63.156
600779.SH,2022-11-10,0.0,63.62,63.68,63.62,41.0,261015.0,63.157
600779.SH,2022-11-10,0.0,63.61,63.66,63.61,73.0,464559.0,63.158
600779.SH,2022-11-10,0.0,63.6,63.69,63.6,173.0,1101290.0,63.162
600779.SH,2022-11-10,0.0,63.62,63.72,63.61,43.0,273693.0,63.162
600779.SH,2022-11-10,0.0,63.68,63.7,63.62,59.0,375667.0,63.164
600779.SH,2022-11-10,0.0,63.6,63.69,63.6,105.0,668398.0,63.166
600779.SH,2022-11-10,0.0,63.61,63.62,63.6,30.0,190832.0,63.166
600779.SH,2022-11-10,0.0,63.59,63.68,63.59,54.0,343466.0,63.167
600779.SH,2022-11-10,0.0,63.58,63.6,63.58,46.0,292501.0,63.168
600779.SH,2022-11-10,0.0,63.53,63.58,63.53,115.0,730967.0,63.17
600779.SH,2022-11-10,0.0,63.51,63.53,63.5,37.0,234985.0,63.171
600779.SH,2022-11-10,0.0,63.51,63.51,63.5,35.0,222580.0,63.171
600779.SH,2022-11-10,0.0,63.34,63.5,63.31,238.0,1508530.0,63.173
600779.SH,2022-11-10,0.0,63.36,63.46,63.33,40.0,253417.0,63.173
600779.SH,2022-11-10,0.0,63.43,63.43,63.34,39.0,247118.0,63.174
600779.SH,2022-11-10,0.0,63.35,63.35,63.33,45.0,285075.0,63.174
600779.SH,2022-11-10,0.0,63.15,63.35,63.15,85.0,537641.0,63.174
600779.SH,2022-11-10,0.0,63.23,63.23,63.12,210.0,1326350.0,63.174
600779.SH,2022-11-10,0.0,63.26,63.26,63.23,20.0,128093.0,63.174
600779.SH,2022-11-10,0.0,63.17,63.22,63.15,145.0,916189.0,63.174
600779.SH,2022-11-10,0.0,63.23,63.23,63.15,186.0,1172360.0,63.174
600779.SH,2022-11-10,0.0,63.25,63.25,63.18,59.0,373025.0,63.174
600779.SH,2022-11-10,0.0,63.34,63.34,63.21,76.0,480931.0,63.175
600779.SH,2022-11-10,0.0,63.4,63.4,63.32,43.0,272421.0,63.175
600779.SH,2022-11-10,0.0,63.4,63.42,63.34,27.0,171084.0,63.175
600779.SH,2022-11-10,0.0,63.39,63.4,63.28,95.0,601572.0,63.176
600779.SH,2022-11-10,0.0,63.37,63.41,63.37,54.0,342307.0,63.176
600779.SH,2022-11-10,0.0,63.36,63.37,63.33,17.0,107678.0,63.176
600779.SH,2022-11-10,0.0,63.37,63.38,63.34,23.0,145732.0,63.176
600779.SH,2022-11-10,0.0,63.32,63.39,63.32,27.0,171068.0,63.177
600779.SH,2022-11-10,0.0,63.3,63.33,63.3,71.0,449476.0,63.177
600779.SH,2022-11-10,0.0,63.21,63.28,63.21,31.0,196094.0,63.177
600779.SH,2022-11-10,0.0,63.24,63.25,63.2,14.0,88499.0,63.177
600779.SH,2022-11-10,0.0,63.2,63.23,63.2,35.0,221227.0,63.177
600779.SH,2022-11-10,0.0,63.15,63.21,63.15,66.0,416991.0,63.177
600779.SH,2022-11-10,0.0,63.15,63.18,63.15,40.0,252638.0,63.177
600779.SH,2022-11-10,0.0,63.16,63.16,63.15,35.0,221041.0,63.177
600779.SH,2022-11-10,0.0,63.14,63.16,63.14,74.0,468440.0,63.177
600779.SH,2022-11-10,0.0,63.2,63.2,63.14,85.0,535780.0,63.177
600779.SH,2022-11-10,0.0,63.15,63.21,63.15,78.0,492770.0,63.177
600779.SH,2022-11-10,0.0,63.15,63.16,63.13,50.0,316852.0,63.177
600779.SH,2022-11-10,0.0,63.13,63.16,63.13,17.0,107332.0,63.177
600779.SH,2022-11-10,0.0,63.13,63.15,63.12,14.0,88388.0,63.177
600779.SH,2022-11-10,0.0,63.1,63.13,63.1,55.0,347131.0,63.177
600779.SH,2022-11-10,0.0,63.07,63.1,63.07,63.0,397431.0,63.176
600779.SH,2022-11-10,0.0,63.02,63.07,63.02,52.0,327842.0,63.176
600779.SH,2022-11-10,0.0,63.03,63.04,63.02,52.0,327760.0,63.176
600779.SH,2022-11-10,0.0,63.04,63.05,63.04,65.0,409777.0,63.176
600779.SH,2022-11-10,0.0,63.05,63.09,63.04,57.0,359480.0,63.175
600779.SH,2022-11-10,0.0,63.05,63.08,63.05,17.0,107196.0,63.175
600779.SH,2022-11-10,0.0,63.07,63.07,63.01,256.0,1613930.0,63.174
600779.SH,2022-11-10,0.0,63.15,63.17,63.07,79.0,497472.0,63.174
600779.SH,2022-11-10,0.0,63.15,63.15,63.1,88.0,556833.0,63.174
600779.SH,2022-11-10,0.0,63.12,63.13,63.12,20.0,126244.0,63.174
600779.SH,2022-11-10,0.0,63.11,63.12,63.1,14.0,88346.0,63.174
600779.SH,2022-11-10,0.0,63.09,63.12,63.09,11.0,69421.0,63.174
600779.SH,2022-11-10,0.0,63.09,63.12,63.09,16.0,100964.0,63.174
600779.SH,2022-11-10,0.0,63.09,63.1,63.08,50.0,315454.0,63.174
600779.SH,2022-11-10,0.0,63.07,63.08,63.06,34.0,214448.0,63.173
600779.SH,2022-11-10,0.0,63.01,63.06,63.01,64.0,403480.0,63.173
600779.SH,2022-11-10,0.0,63.02,63.02,63.01,80.0,504118.0,63.173
600779.SH,2022-11-10,0.0,63.01,63.02,63.01,62.0,390673.0,63.172
600779.SH,2022-11-10,0.0,63.0,63.02,63.0,299.0,1883750.0,63.171
600779.SH,2022-11-10,0.0,62.92,62.99,62.92,123.0,774514.0,63.17
600779.SH,2022-11-10,0.0,62.88,62.98,62.88,88.0,553578.0,63.169
600779.SH,2022-11-10,0.0,62.9,62.9,62.87,148.0,930639.0,63.167
600779.SH,2022-11-10,0.0,62.87,62.9,62.86,123.0,773381.0,63.166
600779.SH,2022-11-10,0.0,62.96,62.96,62.88,65.0,408944.0,63.165
600779.SH,2022-11-10,0.0,62.86,62.91,62.83,156.0,980790.0,63.164
600779.SH,2022-11-10,0.0,62.87,62.87,62.84,71.0,446284.0,63.163
600779.SH,2022-11-10,0.0,62.88,62.88,62.86,69.0,433150.0,63.162
600779.SH,2022-11-10,0.0,62.95,62.96,62.86,99.0,622690.0,63.162
600779.SH,2022-11-10,0.0,62.95,62.97,62.95,32.0,201460.0,63.161
600779.SH,2022-11-10,0.0,62.89,62.95,62.88,28.0,176113.0,63.161
600779.SH,2022-11-10,0.0,62.89,62.9,62.88,22.0,138366.0,63.161
600779.SH,2022-11-10,0.0,62.9,62.9,62.89,19.0,119509.0,63.161
600779.SH,2022-11-10,0.0,62.98,62.98,62.9,147.0,925266.0,63.16
600779.SH,2022-11-10,0.0,62.98,62.98,62.94,51.0,321180.0,63.159
600779.SH,2022-11-10,0.0,63.0,63.0,62.94,70.0,440814.0,63.159
600779.SH,2022-11-10,0.0,63.01,63.09,62.99,103.0,649039.0,63.158
600779.SH,2022-11-10,0.0,63.02,63.02,63.01,43.0,269824.0,63.158
600779.SH,2022-11-10,0.0,63.01,63.02,63.0,114.0,718288.0,63.158
600779.SH,2022-11-10,0.0,63.08,63.08,62.99,103.0,648995.0,63.157
600779.SH,2022-11-10,0.0,63.17,63.19,63.03,122.0,770158.0,63.157
600779.SH,2022-11-10,0.0,63.26,63.26,63.18,142.0,897606.0,63.157
600779.SH,2022-11-10,0.0,63.26,63.3,63.24,156.0,987180.0,63.158
600779.SH,2022-11-10,0.0,63.28,63.33,63.25,94.0,594767.0,63.158
600779.SH,2022-11-10,0.0,63.26,63.28,63.25,25.0,158131.0,63.158
600779.SH,2022-11-10,0.0,63.31,63.31,63.24,107.0,677076.0,63.159
600779.SH,2022-11-10,0.0,63.37,63.37,63.31,162.0,1026170.0,63.16
600779.SH,2022-11-10,0.0,63.35,63.38,63.33,81.0,513290.0,63.16
600779.SH,2022-11-10,0.0,63.5,63.5,63.37,331.0,2100410.0,63.163
600779.SH,2022-11-10,0.0,63.47,63.5,63.46,69.0,437957.0,63.164
600779.SH,2022-11-10,0.0,63.42,63.47,63.42,30.0,190358.0,63.164
600779.SH,2022-11-10,0.0,63.35,63.43,63.35,135.0,855930.0,63.165
600779.SH,2022-11-10,0.0,63.36,63.36,63.33,65.0,411764.0,63.166
600779.SH,2022-11-10,0.0,63.37,63.37,63.36,22.0,139396.0,63.166
600779.SH,2022-11-10,0.0,63.36,63.37,63.35,38.0,240784.0,63.166
600779.SH,2022-11-10,0.0,63.29,63.36,63.28,136.0,861345.0,63.167
600779.SH,2022-11-10,0.0,63.28,63.28,63.25,25.0,158167.0,63.167
600779.SH,2022-11-10,0.0,63.27,63.29,63.25,90.0,569517.0,63.167
600779.SH,2022-11-10,0.0,63.22,63.27,63.22,16.0,101183.0,63.167
600779.SH,2022-11-10,0.0,63.17,63.22,63.17,33.0,208497.0,63.167
600779.SH,2022-11-10,0.0,63.19,63.2,63.17,29.0,183269.0,63.167
600779.SH,2022-11-10,0.0,63.19,63.2,63.19,17.0,107432.0,63.167
600779.SH,2022-11-10,0.0,63.25,63.25,63.19,107.0,676432.0,63.167
600779.SH,2022-11-10,0.0,63.23,63.25,63.22,15.0,94848.0,63.168
600779.SH,2022-11-10,0.0,63.22,63.23,63.22,11.0,69549.0,63.168
600779.SH,2022-11-10,0.0,63.24,63.24,63.22,39.0,246596.0,63.168
600779.SH,2022-11-10,0.0,63.24,63.24,63.22,51.0,322485.0,63.168
600779.SH,2022-11-10,0.0,63.19,63.23,63.19,135.0,853280.0,63.168
600779.SH,2022-11-10,0.0,63.11,63.15,63.11,53.0,334594.0,63.168
600779.SH,2022-11-10,0.0,63.11,63.11,63.1,109.0,687870.0,63.168
600779.SH,2022-11-10,0.0,63.11,63.11,63.1,54.0,340776.0,63.168
600779.SH,2022-11-10,0.0,63.09,63.11,63.09,42.0,265003.0,63.167
600779.SH,2022-11-10,0.0,63.21,63.22,63.08,232.0,1464800.0,63.167
600779.SH,2022-11-10,0.0,63.23,63.23,63.21,33.0,208619.0,63.167
600779.SH,2022-11-10,0.0,63.22,63.23,63.22,33.0,208629.0,63.167
600779.SH,2022-11-10,0.0,63.23,63.23,63.22,52.0,328778.0,63.167
600779.SH,2022-11-10,0.0,63.22,63.24,63.21,194.0,1226540.0,63.168
600779.SH,2022-11-10,0.0,63.24,63.24,63.21,163.0,1030570.0,63.168
600779.SH,2022-11-10,0.0,63.25,63.25,63.23,74.0,467977.0,63.168
600779.SH,2022-11-10,0.0,63.23,63.24,63.23,57.0,360445.0,63.168
600779.SH,2022-11-10,0.0,63.25,63.25,63.22,160.0,1011790.0,63.169
600779.SH,2022-11-10,0.0,63.26,63.26,63.24,130.0,822289.0,63.169
600779.SH,2022-11-10,0.0,63.18,63.26,63.18,139.0,878932.0,63.169
600779.SH,2022-11-10,0.0,63.17,63.18,63.15,65.0,410607.0,63.169
600779.SH,2022-11-10,0.0,63.1,63.15,63.1,140.0,883624.0,63.169
600779.SH,2022-11-10,0.0,63.03,63.11,63.01,200.0,1260910.0,63.168
600779.SH,2022-11-10,0.0,63.01,63.03,63.0,155.0,976853.0,63.168
600779.SH,2022-11-10,0.0,63.05,63.05,63.0,204.0,1285710.0,63.167
600779.SH,2022-11-10,0.0,63.02,63.05,63.0,175.0,1103010.0,63.166
600779.SH,2022-11-10,0.0,63.01,63.09,63.01,222.0,1399050.0,63.165
600779.SH,2022-11-10,0.0,63.03,63.06,63.01,131.0,825752.0,63.165
600779.SH,2022-11-10,0.0,63.06,63.06,63.02,174.0,1099710.0,63.164
600779.SH,2022-11-10,0.0,63.11,63.11,63.06,146.0,921036.0,63.164
600779.SH,2022-11-10,0.0,63.16,63.16,63.1,173.0,1092220.0,63.164
600779.SH,2022-11-10,0.0,63.16,63.16,63.16,0.0,0.0,63.164
600779.SH,2022-11-10,0.0,63.16,63.16,63.16,0.0,0.0,63.164
600779.SH,2022-11-10,0.0,63.16,63.16,63.16,501.0,3164760.0,63.164
600779.SH,2022-11-11,0.0,65.02,65.02,65.02,788.0,5123580.0,65.02
600779.SH,2022-11-11,0.0,64.99,65.37,64.99,2644.0,17207200.0,65.066
600779.SH,2022-11-11,0.0,64.43,64.88,64.38,829.0,5351600.0,64.967
600779.SH,2022-11-11,0.0,64.16,64.5,64.15,1594.0,10257500.0,64.799
600779.SH,2022-11-11,0.0,64.25,64.28,64.11,753.0,4830870.0,64.726
600779.SH,2022-11-11,0.0,64.0,64.3,64.0,783.0,5021170.0,64.662
600779.SH,2022-11-11,0.0,63.96,64.05,63.81,1303.0,8332620.0,64.556
600779.SH,2022-11-11,0.0,64.03,64.04,63.95,587.0,3757260.0,64.521
600779.SH,2022-11-11,0.0,64.14,64.28,64.04,942.0,6042400.0,64.488
600779.SH,2022-11-11,0.0,63.98,64.2,63.98,426.0,2729900.0,64.472
600779.SH,2022-11-11,0.0,63.98,63.98,63.71,746.0,4762220.0,64.431
600779.SH,2022-11-11,0.0,64.03,64.14,63.84,580.0,3708720.0,64.407
600779.SH,2022-11-11,0.0,64.02,64.03,63.8,559.0,3574390.0,64.386
600779.SH,2022-11-11,0.0,63.99,64.07,63.94,540.0,3453740.0,64.369
600779.SH,2022-11-11,0.0,64.07,64.07,63.9,477.0,3052600.0,64.355
600779.SH,2022-11-11,0.0,64.07,64.1,63.98,200.0,1281440.0,64.351
600779.SH,2022-11-11,0.0,64.1,64.1,64.0,517.0,3310610.0,64.34
600779.SH,2022-11-11,0.0,63.91,64.09,63.88,373.0,2384760.0,64.33
600779.SH,2022-11-11,0.0,64.05,64.05,63.9,294.0,1880950.0,64.323
600779.SH,2022-11-11,0.0,63.91,64.0,63.88,250.0,1598660.0,64.316
600779.SH,2022-11-11,0.0,63.85,63.95,63.85,148.0,945831.0,64.312
600779.SH,2022-11-11,0.0,63.68,63.91,63.6,492.0,3134570.0,64.294
600779.SH,2022-11-11,0.0,63.59,63.78,63.56,290.0,1846130.0,64.282
600779.SH,2022-11-11,0.0,63.84,63.88,63.53,638.0,4065000.0,64.261
600779.SH,2022-11-11,0.0,63.75,63.88,63.75,161.0,1028000.0,64.257
600779.SH,2022-11-11,0.0,63.67,63.75,63.66,107.0,681561.0,64.253
600779.SH,2022-11-11,0.0,63.7,63.7,63.65,237.0,1509280.0,64.246
600779.SH,2022-11-11,0.0,63.59,63.68,63.59,201.0,1278750.0,64.238
600779.SH,2022-11-11,0.0,63.51,63.63,63.5,312.0,1982920.0,64.226
600779.SH,2022-11-11,0.0,63.56,63.58,63.42,506.0,3212690.0,64.206
600779.SH,2022-11-11,0.0,63.53,63.57,63.51,120.0,762467.0,64.202
600779.SH,2022-11-11,0.0,63.7,63.7,63.53,263.0,1673110.0,64.193
600779.SH,2022-11-11,0.0,63.8,63.9,63.7,218.0,1390690.0,64.189
600779.SH,2022-11-11,0.0,63.75,63.8,63.73,83.0,529266.0,64.187
600779.SH,2022-11-11,0.0,63.71,63.81,63.71,148.0,943410.0,64.183
600779.SH,2022-11-11,0.0,63.79,63.79,63.71,112.0,714017.0,64.181
600779.SH,2022-11-11,0.0,63.9,63.9,63.79,279.0,1778610.0,64.176
600779.SH,2022-11-11,0.0,64.05,64.05,63.9,492.0,3147270.0,64.171
600779.SH,2022-11-11,0.0,63.76,64.01,63.76,129.0,824152.0,64.169
600779.SH,2022-11-11,0.0,63.87,63.87,63.76,56.0,357286.0,64.168
600779.SH,2022-11-11,0.0,63.82,63.88,63.78,212.0,1353330.0,64.165
600779.SH,2022-11-11,0.0,63.79,63.88,63.79,77.0,491364.0,64.164
600779.SH,2022-11-11,0.0,63.88,63.9,63.79,108.0,689776.0,64.162
600779.SH,2022-11-11,0.0,64.04,64.04,63.9,127.0,812226.0,64.161
600779.SH,2022-11-11,0.0,64.1,64.1,64.04,290.0,1858150.0,64.159
600779.SH,2022-11-11,0.0,63.95,64.09,63.95,435.0,2786320.0,64.157
600779.SH,2022-11-11,0.0,63.86,63.95,63.85,72.0,459844.0,64.156
600779.SH,2022-11-11,0.0,64.0,64.06,63.86,254.0,1625650.0,64.155
600779.SH,2022-11-11,0.0,63.94,64.08,63.94,198.0,1267410.0,64.153
600779.SH,2022-11-11,0.0,63.97,64.0,63.89,120.0,766987.0,64.152
600779.SH,2022-11-11,0.0,63.93,63.99,63.92,74.0,473352.0,64.151
600779.SH,2022-11-11,0.0,64.01,64.03,63.93,289.0,1849190.0,64.149
600779.SH,2022-11-11,0.0,63.93,64.01,63.93,84.0,537564.0,64.149
600779.SH,2022-11-11,0.0,64.03,64.04,63.93,187.0,1197270.0,64.148
600779.SH,2022-11-11,0.0,64.0,64.03,63.9,141.0,902221.0,64.147
600779.SH,2022-11-11,0.0,63.99,64.0,63.92,87.0,556266.0,64.146
600779.SH,2022-11-11,0.0,63.88,63.99,63.86,99.0,632695.0,64.145
600779.SH,2022-11-11,0.0,63.83,63.88,63.83,60.0,383140.0,64.144
600779.SH,2022-11-11,0.0,63.82,63.84,63.8,96.0,612627.0,64.143
600779.SH,2022-11-11,0.0,63.84,63.84,63.8,174.0,1110200.0,64.14
600779.SH,2022-11-11,0.0,63.85,63.85,63.8,28.0,178671.0,64.14
600779.SH,2022-11-11,0.0,63.75,63.85,63.75,118.0,752856.0,64.138
600779.SH,2022-11-11,0.0,63.7,63.75,63.7,64.0,407835.0,64.137
600779.SH,2022-11-11,0.0,63.76,63.76,63.68,103.0,656002.0,64.135
600779.SH,2022-11-11,0.0,63.69,63.75,63.69,43.0,274085.0,64.134
600779.SH,2022-11-11,0.0,63.73,63.73,63.69,23.0,146547.0,64.134
600779.SH,2022-11-11,0.0,63.81,63.81,63.75,55.0,353330.0,64.133
600779.SH,2022-11-11,0.0,63.88,63.91,63.81,37.0,236287.0,64.133
600779.SH,2022-11-11,0.0,63.76,63.88,63.76,120.0,763322.0,64.131
600779.SH,2022-11-11,0.0,63.78,63.81,63.76,35.0,222187.0,64.131
600779.SH,2022-11-11,0.0,63.76,63.79,63.76,39.0,248721.0,64.13
600779.SH,2022-11-11,0.0,63.76,63.76,63.71,36.0,230573.0,64.129
600779.SH,2022-11-11,0.0,63.75,63.76,63.7,60.0,382266.0,64.128
600779.SH,2022-11-11,0.0,63.8,63.8,63.72,116.0,739873.0,64.127
600779.SH,2022-11-11,0.0,63.83,63.87,63.77,117.0,746446.0,64.125
600779.SH,2022-11-11,0.0,63.82,63.87,63.8,42.0,268089.0,64.125
600779.SH,2022-11-11,0.0,63.78,63.82,63.76,37.0,235954.0,64.124
600779.SH,2022-11-11,0.0,63.79,63.79,63.78,30.0,191361.0,64.124
600779.SH,2022-11-11,0.0,63.8,63.8,63.77,19.0,121182.0,64.123
600779.SH,2022-11-11,0.0,63.8,63.8,63.77,27.0,172192.0,64.123
600779.SH,2022-11-11,0.0,63.8,63.8,63.8,24.0,153120.0,64.123
600779.SH,2022-11-11,0.0,63.83,63.83,63.8,32.0,204197.0,64.122
600779.SH,2022-11-11,0.0,63.8,63.83,63.8,65.0,414803.0,64.122
600779.SH,2022-11-11,0.0,63.71,63.8,63.71,115.0,733207.0,64.12
600779.SH,2022-11-11,0.0,63.66,63.73,63.66,124.0,789906.0,64.118
600779.SH,2022-11-11,0.0,63.71,63.72,63.65,64.0,407453.0,64.117
600779.SH,2022-11-11,0.0,63.71,63.72,63.71,92.0,586190.0,64.115
600779.SH,2022-11-11,0.0,63.67,63.71,63.67,24.0,152843.0,64.115
600779.SH,2022-11-11,0.0,63.67,63.7,63.67,22.0,140104.0,64.114
600779.SH,2022-11-11,0.0,63.62,63.65,63.6,247.0,1571690.0,64.11
600779.SH,2022-11-11,0.0,63.64,63.66,63.62,19.0,120925.0,64.109
600779.SH,2022-11-11,0.0,63.44,63.65,63.44,390.0,2477950.0,64.101
600779.SH,2022-11-11,0.0,63.44,63.45,63.41,110.0,697745.0,64.098
600779.SH,2022-11-11,0.0,63.42,63.44,63.42,81.0,513773.0,64.096
600779.SH,2022-11-11,0.0,63.47,63.47,63.41,104.0,659704.0,64.093
600779.SH,2022-11-11,0.0,63.37,63.47,63.35,181.0,1147600.0,64.088
600779.SH,2022-11-11,0.0,63.44,63.44,63.37,42.0,266290.0,64.087
600779.SH,2022-11-11,0.0,63.41,63.47,63.41,85.0,539243.0,64.085
600779.SH,2022-11-11,0.0,63.41,63.42,63.4,28.0,177550.0,64.084
600779.SH,2022-11-11,0.0,63.41,63.41,63.38,98.0,621314.0,64.082
600779.SH,2022-11-11,0.0,63.4,63.44,63.39,78.0,494577.0,64.08
600779.SH,2022-11-11,0.0,63.34,63.42,63.31,301.0,1904710.0,64.072
600779.SH,2022-11-11,0.0,63.31,63.34,63.31,80.0,506504.0,64.07
600779.SH,2022-11-11,0.0,63.3,63.32,63.3,65.0,411517.0,64.068
600779.SH,2022-11-11,0.0,63.19,63.31,63.16,387.0,2447960.0,64.056
600779.SH,2022-11-11,0.0,63.16,63.19,63.16,89.0,562224.0,64.053
600779.SH,2022-11-11,0.0,63.31,63.31,63.16,149.0,941992.0,64.049
600779.SH,2022-11-11,0.0,63.28,63.34,63.28,66.0,417860.0,64.047
600779.SH,2022-11-11,0.0,63.25,63.31,63.23,58.0,366774.0,64.045
600779.SH,2022-11-11,0.0,63.39,63.39,63.24,19.0,120341.0,64.045
600779.SH,2022-11-11,0.0,63.26,63.39,63.26,101.0,639272.0,64.042
600779.SH,2022-11-11,0.0,63.26,63.31,63.26,72.0,455482.0,64.04
600779.SH,2022-11-11,0.0,63.4,63.4,63.27,21.0,132952.0,64.04
600779.SH,2022-11-11,0.0,63.39,63.4,63.34,26.0,164796.0,64.039
600779.SH,2022-11-11,0.0,63.39,63.39,63.37,24.0,152129.0,64.038
600779.SH,2022-11-11,0.0,63.54,63.54,63.39,72.0,456880.0,64.037
600779.SH,2022-11-11,0.0,63.55,63.56,63.5,56.0,355740.0,64.036
600779.SH,2022-11-11,0.0,63.48,63.55,63.45,121.0,768175.0,64.034
600779.SH,2022-11-11,0.0,63.46,63.48,63.45,22.0,139627.0,64.033
600779.SH,2022-11-11,0.0,63.45,63.48,63.44,91.0,579261.0,64.031
600779.SH,2022-11-11,0.0,63.45,63.45,63.44,66.0,418757.0,64.03
600779.SH,2022-11-11,0.0,63.46,63.51,63.45,83.0,527215.0,64.028
600779.SH,2022-11-11,0.0,63.31,63.46,63.31,172.0,1088100.0,64.025
600779.SH,2022-11-11,0.0,63.36,63.36,63.31,49.0,310364.0,64.023
600779.SH,2022-11-11,0.0,63.35,63.35,63.33,20.0,126721.0,64.023
600779.SH,2022-11-11,0.0,63.45,63.45,63.35,15.0,95135.0,64.023
600779.SH,2022-11-11,0.0,63.44,63.45,63.39,69.0,437635.0,64.021
600779.SH,2022-11-11,0.0,63.34,63.44,63.34,34.0,215507.0,64.02
600779.SH,2022-11-11,0.0,63.26,63.35,63.26,279.0,1766010.0,64.013
600779.SH,2022-11-11,0.0,63.25,63.28,63.25,99.0,626242.0,64.011
600779.SH,2022-11-11,0.0,63.22,63.28,63.22,107.0,676813.0,64.008
600779.SH,2022-11-11,0.0,63.17,63.21,63.17,185.0,1169120.0,64.003
600779.SH,2022-11-11,0.0,63.18,63.18,63.16,106.0,669601.0,64.0
600779.SH,2022-11-11,0.0,63.18,63.19,63.17,78.0,492754.0,63.998
600779.SH,2022-11-11,0.0,63.28,63.28,63.18,35.0,221303.0,63.997
600779.SH,2022-11-11,0.0,63.35,63.6,63.2,796.0,5054450.0,63.984
600779.SH,2022-11-11,0.0,63.4,63.42,63.31,42.0,265995.0,63.983
600779.SH,2022-11-11,0.0,63.3,63.4,63.3,63.0,398927.0,63.982
600779.SH,2022-11-11,0.0,63.3,63.35,63.3,22.0,139312.0,63.981
600779.SH,2022-11-11,0.0,63.39,63.4,63.34,27.0,171138.0,63.981
600779.SH,2022-11-11,0.0,63.44,63.44,63.38,25.0,158574.0,63.98
600779.SH,2022-11-11,0.0,63.37,63.43,63.37,55.0,348747.0,63.979
600779.SH,2022-11-11,0.0,63.37,63.38,63.37,57.0,361252.0,63.978
600779.SH,2022-11-11,0.0,63.35,63.38,63.34,48.0,304094.0,63.977
600779.SH,2022-11-11,0.0,63.4,63.4,63.35,57.0,361266.0,63.976
600779.SH,2022-11-11,0.0,63.42,63.42,63.39,181.0,1147960.0,63.973
600779.SH,2022-11-11,0.0,63.43,63.54,63.42,73.0,463523.0,63.972
600779.SH,2022-11-11,0.0,63.44,63.52,63.43,131.0,831605.0,63.97
600779.SH,2022-11-11,0.0,63.48,63.53,63.46,58.0,368258.0,63.969
600779.SH,2022-11-11,0.0,63.54,63.55,63.48,61.0,387425.0,63.968
600779.SH,2022-11-11,0.0,63.67,63.67,63.53,84.0,534352.0,63.967
600779.SH,2022-11-11,0.0,63.86,63.86,63.66,242.0,1541950.0,63.965
600779.SH,2022-11-11,0.0,63.84,63.88,63.83,143.0,913159.0,63.965
600779.SH,2022-11-11,0.0,63.71,63.88,63.71,272.0,1736410.0,63.964
600779.SH,2022-11-11,0.0,63.7,63.76,63.67,100.0,637447.0,63.963
600779.SH,2022-11-11,0.0,63.72,63.83,63.7,77.0,491100.0,63.963
600779.SH,2022-11-11,0.0,64.01,64.03,63.73,672.0,4298260.0,63.963
600779.SH,2022-11-11,0.0,64.15,64.18,64.0,1009.0,6469540.0,63.967
600779.SH,2022-11-11,0.0,64.26,64.29,64.18,266.0,1708400.0,63.969
600779.SH,2022-11-11,0.0,64.0,64.29,64.0,379.0,2432500.0,63.971
600779.SH,2022-11-11,0.0,63.97,64.02,63.93,197.0,1260310.0,63.971
600779.SH,2022-11-11,0.0,63.95,64.01,63.95,187.0,1196570.0,63.972
600779.SH,2022-11-11,0.0,63.99,64.0,63.95,135.0,863840.0,63.972
600779.SH,2022-11-11,0.0,63.88,64.0,63.88,453.0,2896130.0,63.971
600779.SH,2022-11-11,0.0,63.86,63.88,63.82,63.0,402173.0,63.971
600779.SH,2022-11-11,0.0,63.9,63.91,63.86,51.0,325872.0,63.971
600779.SH,2022-11-11,0.0,63.87,63.91,63.86,124.0,792262.0,63.971
600779.SH,2022-11-11,0.0,63.87,63.9,63.85,72.0,459870.0,63.97
600779.SH,2022-11-11,0.0,63.89,63.89,63.87,73.0,466330.0,63.97
600779.SH,2022-11-11,0.0,63.99,63.99,63.9,62.0,396363.0,63.97
600779.SH,2022-11-11,0.0,64.04,64.04,63.98,186.0,1190450.0,63.97
600779.SH,2022-11-11,0.0,63.94,64.09,63.93,262.0,1677340.0,63.971
600779.SH,2022-11-11,0.0,64.06,64.06,63.94,392.0,2508570.0,63.971
600779.SH,2022-11-11,0.0,64.05,64.07,64.05,85.0,544537.0,63.971
600779.SH,2022-11-11,0.0,64.12,64.12,64.01,267.0,1710570.0,63.972
600779.SH,2022-11-11,0.0,64.01,64.15,64.01,276.0,1769510.0,63.973
600779.SH,2022-11-11,0.0,64.05,64.08,64.01,128.0,819930.0,63.973
600779.SH,2022-11-11,0.0,64.0,64.06,63.99,143.0,915590.0,63.973
600779.SH,2022-11-11,0.0,63.96,64.0,63.95,80.0,511754.0,63.973
600779.SH,2022-11-11,0.0,64.02,64.03,63.96,256.0,1638400.0,63.973
600779.SH,2022-11-11,0.0,64.05,64.05,64.03,150.0,960610.0,63.974
600779.SH,2022-11-11,0.0,64.11,64.11,64.04,431.0,2761520.0,63.975
600779.SH,2022-11-11,0.0,64.2,64.2,64.13,255.0,1636060.0,63.976
600779.SH,2022-11-11,0.0,64.24,64.25,64.2,411.0,2639460.0,63.979
600779.SH,2022-11-11,0.0,64.1,64.24,64.1,443.0,2842860.0,63.981
600779.SH,2022-11-11,0.0,64.12,64.12,64.07,218.0,1397410.0,63.981
600779.SH,2022-11-11,0.0,64.24,64.24,64.12,243.0,1559620.0,63.983
600779.SH,2022-11-11,0.0,64.25,64.3,64.22,581.0,3733430.0,63.987
600779.SH,2022-11-11,0.0,64.24,64.3,64.23,345.0,2217730.0,63.989
600779.SH,2022-11-11,0.0,64.24,64.28,64.2,187.0,1201310.0,63.99
600779.SH,2022-11-11,0.0,64.1,64.22,64.1,101.0,648023.0,63.991
600779.SH,2022-11-11,0.0,64.0,64.1,63.98,120.0,768167.0,63.991
600779.SH,2022-11-11,0.0,63.88,63.99,63.88,173.0,1106190.0,63.99
600779.SH,2022-11-11,0.0,63.81,63.9,63.8,582.0,3715890.0,63.988
600779.SH,2022-11-11,0.0,63.81,63.84,63.8,148.0,944512.0,63.988
600779.SH,2022-11-11,0.0,63.73,63.81,63.72,412.0,2627940.0,63.986
600779.SH,2022-11-11,0.0,63.76,63.81,63.66,194.0,1236310.0,63.985
600779.SH,2022-11-11,0.0,63.8,63.81,63.7,247.0,1575300.0,63.984
600779.SH,2022-11-11,0.0,63.71,63.8,63.7,242.0,1542740.0,63.982
600779.SH,2022-11-11,0.0,63.74,63.75,63.7,91.0,579815.0,63.982
600779.SH,2022-11-11,0.0,63.8,63.8,63.74,90.0,573833.0,63.981
600779.SH,2022-11-11,0.0,63.82,63.82,63.8,98.0,625320.0,63.981
600779.SH,2022-11-11,0.0,64.0,64.0,63.84,232.0,1482440.0,63.98
600779.SH,2022-11-11,0.0,63.98,64.05,63.98,114.0,729620.0,63.98
600779.SH,2022-11-11,0.0,63.87,64.04,63.87,81.0,518190.0,63.98
600779.SH,2022-11-11,0.0,63.95,63.95,63.84,51.0,326017.0,63.98
600779.SH,2022-11-11,0.0,63.84,63.9,63.8,54.0,344806.0,63.98
600779.SH,2022-11-11,0.0,63.84,63.84,63.82,39.0,248936.0,63.98
600779.SH,2022-11-11,0.0,63.85,63.88,63.83,109.0,696047.0,63.98
600779.SH,2022-11-11,0.0,63.79,63.83,63.79,446.0,2845270.0,63.978
600779.SH,2022-11-11,0.0,63.7,63.8,63.7,203.0,1294500.0,63.977
600779.SH,2022-11-11,0.0,63.67,63.7,63.67,148.0,942591.0,63.976
600779.SH,2022-11-11,0.0,63.65,63.67,63.63,152.0,967451.0,63.975
600779.SH,2022-11-11,0.0,63.78,63.78,63.6,229.0,1457720.0,63.973
600779.SH,2022-11-11,0.0,63.76,63.78,63.75,164.0,1045610.0,63.973
600779.SH,2022-11-11,0.0,63.71,63.76,63.71,164.0,1045370.0,63.972
600779.SH,2022-11-11,0.0,63.62,63.71,63.6,322.0,2048460.0,63.969
600779.SH,2022-11-11,0.0,63.63,63.66,63.6,91.0,579067.0,63.969
600779.SH,2022-11-11,0.0,63.67,63.7,63.63,137.0,871954.0,63.968
600779.SH,2022-11-11,0.0,63.65,63.67,63.63,131.0,834560.0,63.967
600779.SH,2022-11-11,0.0,63.67,63.67,63.61,228.0,1451520.0,63.965
600779.SH,2022-11-11,0.0,63.68,63.7,63.65,209.0,1331040.0,63.964
600779.SH,2022-11-11,0.0,63.7,63.75,63.68,102.0,649952.0,63.964
600779.SH,2022-11-11,0.0,63.69,63.7,63.67,85.0,541377.0,63.963
600779.SH,2022-11-11,0.0,63.67,63.69,63.67,214.0,1362660.0,63.962
600779.SH,2022-11-11,0.0,63.68,63.68,63.66,199.0,1267130.0,63.961
600779.SH,2022-11-11,0.0,63.68,63.68,63.67,130.0,827771.0,63.96
600779.SH,2022-11-11,0.0,63.67,63.68,63.66,171.0,1088730.0,63.959
600779.SH,2022-11-11,0.0,63.64,63.68,63.64,137.0,872152.0,63.958
600779.SH,2022-11-11,0.0,63.63,63.66,63.63,180.0,1145730.0,63.957
600779.SH,2022-11-11,0.0,63.62,63.63,63.6,220.0,1398800.0,63.955
600779.SH,2022-11-11,0.0,63.61,63.65,63.59,128.0,813160.0,63.954
600779.SH,2022-11-11,0.0,63.56,63.63,63.56,343.0,2182320.0,63.952
600779.SH,2022-11-11,0.0,63.6,63.6,63.57,237.0,1505840.0,63.95
600779.SH,2022-11-11,0.0,63.6,63.63,63.59,222.0,1412020.0,63.949
600779.SH,2022-11-11,0.0,63.59,63.61,63.58,158.0,1004770.0,63.947
600779.SH,2022-11-11,0.0,63.57,63.61,63.57,170.0,1080940.0,63.946
600779.SH,2022-11-11,0.0,63.58,63.6,63.56,263.0,1672140.0,63.944
600779.SH,2022-11-11,0.0,63.58,63.58,63.58,0.0,0.0,63.944
600779.SH,2022-11-11,0.0,63.58,63.58,63.58,0.0,0.0,63.944
600779.SH,2022-11-11,0.0,63.59,63.59,63.59,395.0,2513080.0,63.942
600779.SH,2022-11-14,0.0,63.6,63.6,63.6,137.0,872910.0,63.6
600779.SH,2022-11-14,0.0,64.2,64.36,63.59,525.0,3366350.0,63.967
600779.SH,2022-11-14,0.0,64.0,64.2,63.9,638.0,4083500.0,63.985
600779.SH,2022-11-14,0.0,64.18,64.19,64.0,550.0,3524490.0,64.014
600779.SH,2022-11-14,0.0,64.26,64.3,64.07,596.0,3825210.0,64.055
600779.SH,2022-11-14,0.0,64.6,64.66,64.26,845.0,5445830.0,64.156
600779.SH,2022-11-14,0.0,64.68,64.7,64.6,832.0,5379630.0,64.257
600779.SH,2022-11-14,0.0,64.26,64.69,64.26,684.0,4414320.0,64.297
600779.SH,2022-11-14,0.0,64.33,64.45,64.26,548.0,3529090.0,64.305
600779.SH,2022-11-14,0.0,64.01,64.33,64.01,490.0,3144540.0,64.29
600779.SH,2022-11-14,0.0,64.3,64.3,64.01,254.0,1627810.0,64.281
600779.SH,2022-11-14,0.0,64.25,64.41,64.17,382.0,2457070.0,64.284
600779.SH,2022-11-14,0.0,64.05,64.3,64.04,300.0,1924000.0,64.277
600779.SH,2022-11-14,0.0,64.08,64.09,64.05,219.0,1403120.0,64.271
600779.SH,2022-11-14,0.0,64.03,64.09,64.03,260.0,1665420.0,64.263
600779.SH,2022-11-14,0.0,64.21,64.21,63.86,477.0,3052630.0,64.246
600779.SH,2022-11-14,0.0,64.13,64.25,64.06,177.0,1135860.0,64.245
600779.SH,2022-11-14,0.0,64.0,64.18,63.96,356.0,2278960.0,64.235
600779.SH,2022-11-14,0.0,63.88,63.97,63.88,138.0,882039.0,64.23
600779.SH,2022-11-14,0.0,63.73,63.88,63.73,369.0,2354470.0,64.212
600779.SH,2022-11-14,0.0,63.82,63.82,63.68,304.0,1937810.0,64.196
600779.SH,2022-11-14,0.0,63.81,63.93,63.81,168.0,1070900.0,64.19
600779.SH,2022-11-14,0.0,63.9,63.93,63.75,139.0,889366.0,64.185
600779.SH,2022-11-14,0.0,63.99,64.01,63.91,234.0,1496080.0,64.18
600779.SH,2022-11-14,0.0,63.78,63.99,63.76,162.0,1034310.0,64.174
600779.SH,2022-11-14,0.0,63.8,63.83,63.76,164.0,1046250.0,64.168
600779.SH,2022-11-14,0.0,63.94,63.94,63.86,96.0,613341.0,64.166
600779.SH,2022-11-14,0.0,63.89,63.93,63.8,166.0,1060710.0,64.161
600779.SH,2022-11-14,0.0,63.8,63.9,63.8,179.0,1142810.0,64.156
600779.SH,2022-11-14,0.0,63.86,63.9,63.82,224.0,1430240.0,64.149
600779.SH,2022-11-14,0.0,64.05,64.06,63.88,294.0,1881910.0,64.145
600779.SH,2022-11-14,0.0,63.98,64.1,63.98,142.0,909209.0,64.144
600779.SH,2022-11-14,0.0,63.91,63.98,63.86,98.0,626447.0,64.142
600779.SH,2022-11-14,0.0,63.99,64.0,63.9,113.0,722888.0,64.14
600779.SH,2022-11-14,0.0,63.77,63.99,63.77,248.0,1580790.0,64.133
600779.SH,2022-11-14,0.0,63.77,63.9,63.75,129.0,824976.0,64.129
600779.SH,2022-11-14,0.0,63.89,63.9,63.77,133.0,848614.0,64.126
600779.SH,2022-11-14,0.0,63.69,63.8,63.68,291.0,1854740.0,64.116
600779.SH,2022-11-14,0.0,63.62,63.7,63.62,189.0,1203300.0,64.109
600779.SH,2022-11-14,0.0,63.47,63.61,63.46,413.0,2622930.0,64.091
600779.SH,2022-11-14,0.0,63.44,63.46,63.4,279.0,1769890.0,64.077
600779.SH,2022-11-14,0.0,63.73,63.79,63.52,305.0,1937530.0,64.064
600779.SH,2022-11-14,0.0,63.64,63.7,63.64,56.0,356476.0,64.063
600779.SH,2022-11-14,0.0,63.61,63.67,63.6,63.0,400934.0,64.061
600779.SH,2022-11-14,0.0,63.59,63.61,63.56,125.0,794774.0,64.056
600779.SH,2022-11-14,0.0,63.57,63.61,63.56,330.0,2097820.0,64.045
600779.SH,2022-11-14,0.0,63.69,63.8,63.57,157.0,1000040.0,64.04
600779.SH,2022-11-14,0.0,63.74,63.74,63.63,88.0,560743.0,64.038
600779.SH,2022-11-14,0.0,63.88,63.9,63.8,100.0,638249.0,64.037
600779.SH,2022-11-14,0.0,63.89,63.9,63.8,110.0,702785.0,64.036
600779.SH,2022-11-14,0.0,63.87,63.94,63.8,152.0,971079.0,64.034
600779.SH,2022-11-14,0.0,63.74,63.87,63.74,87.0,555371.0,64.033
600779.SH,2022-11-14,0.0,63.73,63.74,63.72,53.0,337752.0,64.032
600779.SH,2022-11-14,0.0,63.75,63.79,63.72,55.0,350580.0,64.031
600779.SH,2022-11-14,0.0,63.63,63.73,63.63,77.0,493015.0,64.029
600779.SH,2022-11-14,0.0,63.71,63.71,63.59,159.0,1011310.0,64.025
600779.SH,2022-11-14,0.0,63.67,63.71,63.62,56.0,356520.0,64.023
600779.SH,2022-11-14,0.0,63.62,63.71,63.62,60.0,381948.0,64.022
600779.SH,2022-11-14,0.0,63.61,63.69,63.61,55.0,349910.0,64.02
600779.SH,2022-11-14,0.0,63.52,63.61,63.52,101.0,642162.0,64.017
600779.SH,2022-11-14,0.0,63.52,63.52,63.51,65.0,412884.0,64.015
600779.SH,2022-11-14,0.0,63.63,63.66,63.52,154.0,978917.0,64.011
600779.SH,2022-11-14,0.0,63.71,63.74,63.6,98.0,624184.0,64.009
600779.SH,2022-11-14,0.0,63.86,63.86,63.73,124.0,790503.0,64.007
600779.SH,2022-11-14,0.0,63.74,63.86,63.73,61.0,388927.0,64.006
600779.SH,2022-11-14,0.0,63.8,63.8,63.74,71.0,452705.0,64.005
600779.SH,2022-11-14,0.0,63.75,63.8,63.74,65.0,414466.0,64.004
600779.SH,2022-11-14,0.0,63.8,63.8,63.75,42.0,267933.0,64.003
600779.SH,2022-11-14,0.0,63.8,63.81,63.75,73.0,465701.0,64.002
600779.SH,2022-11-14,0.0,63.81,63.85,63.78,85.0,542360.0,64.001
600779.SH,2022-11-14,0.0,63.78,63.82,63.77,44.0,280750.0,64.001
600779.SH,2022-11-14,0.0,63.7,63.76,63.7,146.0,930581.0,63.998
600779.SH,2022-11-14,0.0,63.75,63.75,63.7,76.0,484222.0,63.997
600779.SH,2022-11-14,0.0,63.66,63.7,63.66,60.0,382152.0,63.996
600779.SH,2022-11-14,0.0,63.66,63.68,63.66,14.0,89140.0,63.995
600779.SH,2022-11-14,0.0,63.64,63.66,63.63,87.0,553740.0,63.994
600779.SH,2022-11-14,0.0,63.59,63.64,63.58,213.0,1354500.0,63.988
600779.SH,2022-11-14,0.0,63.55,63.6,63.55,180.0,1144250.0,63.984
600779.SH,2022-11-14,0.0,63.5,63.56,63.5,152.0,965572.0,63.98
600779.SH,2022-11-14,0.0,63.53,63.53,63.5,166.0,1054270.0,63.975
600779.SH,2022-11-14,0.0,63.5,63.53,63.5,370.0,2349570.0,63.965
600779.SH,2022-11-14,0.0,63.53,63.57,63.5,162.0,1028830.0,63.961
600779.SH,2022-11-14,0.0,63.43,63.56,63.43,136.0,863487.0,63.957
600779.SH,2022-11-14,0.0,63.43,63.43,63.4,187.0,1185790.0,63.952
600779.SH,2022-11-14,0.0,63.41,63.46,63.41,147.0,932398.0,63.948
600779.SH,2022-11-14,0.0,63.4,63.45,63.39,279.0,1768980.0,63.939
600779.SH,2022-11-14,0.0,63.57,63.58,63.4,79.0,501347.0,63.937
600779.SH,2022-11-14,0.0,63.65,63.65,63.57,28.0,178101.0,63.937
600779.SH,2022-11-14,0.0,63.67,63.67,63.65,32.0,203711.0,63.936
600779.SH,2022-11-14,0.0,63.72,63.72,63.66,119.0,757793.0,63.935
600779.SH,2022-11-14,0.0,63.7,63.8,63.7,280.0,1784530.0,63.932
600779.SH,2022-11-14,0.0,63.68,63.73,63.68,127.0,809021.0,63.93
600779.SH,2022-11-14,0.0,63.8,63.8,63.68,45.0,286963.0,63.93
600779.SH,2022-11-14,0.0,63.8,63.82,63.75,39.0,248814.0,63.929
600779.SH,2022-11-14,0.0,63.7,63.81,63.7,104.0,663450.0,63.929
600779.SH,2022-11-14,0.0,63.7,63.79,63.69,52.0,331455.0,63.928
600779.SH,2022-11-14,0.0,63.68,63.71,63.68,86.0,547688.0,63.927
600779.SH,2022-11-14,0.0,63.68,63.68,63.66,26.0,165545.0,63.927
600779.SH,2022-11-14,0.0,63.65,63.68,63.65,44.0,280124.0,63.926
600779.SH,2022-11-14,0.0,63.64,63.68,63.64,65.0,413729.0,63.925
600779.SH,2022-11-14,0.0,63.63,63.64,63.63,25.0,159093.0,63.925
600779.SH,2022-11-14,0.0,63.65,63.68,63.63,22.0,140021.0,63.925
600779.SH,2022-11-14,0.0,63.76,63.76,63.65,49.0,312199.0,63.924
600779.SH,2022-11-14,0.0,63.79,63.81,63.79,66.0,421062.0,63.924
600779.SH,2022-11-14,0.0,63.7,63.81,63.7,40.0,255042.0,63.923
600779.SH,2022-11-14,0.0,63.76,63.81,63.7,80.0,509926.0,63.923
600779.SH,2022-11-14,0.0,63.92,63.92,63.76,182.0,1162210.0,63.922
600779.SH,2022-11-14,0.0,63.89,63.93,63.89,87.0,556000.0,63.922
600779.SH,2022-11-14,0.0,63.89,63.9,63.76,58.0,370490.0,63.922
600779.SH,2022-11-14,0.0,63.89,63.9,63.85,35.0,223634.0,63.922
600779.SH,2022-11-14,0.0,63.87,63.89,63.86,36.0,229996.0,63.922
600779.SH,2022-11-14,0.0,63.8,63.88,63.8,84.0,536214.0,63.921
600779.SH,2022-11-14,0.0,63.9,63.92,63.79,301.0,1921700.0,63.92
600779.SH,2022-11-14,0.0,63.88,63.9,63.88,42.0,268308.0,63.92
600779.SH,2022-11-14,0.0,63.92,63.92,63.87,115.0,734885.0,63.92
600779.SH,2022-11-14,0.0,63.92,63.94,63.92,103.0,658445.0,63.92
600779.SH,2022-11-14,0.0,63.92,63.92,63.9,52.0,332339.0,63.92
600779.SH,2022-11-14,0.0,63.91,63.92,63.9,26.0,166164.0,63.92
600779.SH,2022-11-14,0.0,63.91,63.92,63.9,102.0,651849.0,63.92
600779.SH,2022-11-14,0.0,63.98,63.98,63.91,195.0,1246860.0,63.92
600779.SH,2022-11-14,0.0,64.16,64.16,64.0,323.0,2069210.0,63.922
600779.SH,2022-11-14,0.0,63.93,64.18,63.93,315.0,2020820.0,63.926
600779.SH,2022-11-14,0.0,63.91,64.04,63.91,100.0,639830.0,63.926
600779.SH,2022-11-14,0.0,63.9,63.93,63.9,202.0,1291000.0,63.926
600779.SH,2022-11-14,0.0,63.8,63.89,63.76,114.0,727438.0,63.925
600779.SH,2022-11-14,0.0,63.88,63.88,63.77,31.0,197895.0,63.925
600779.SH,2022-11-14,0.0,63.7,63.88,63.7,88.0,561741.0,63.925
600779.SH,2022-11-14,0.0,63.81,63.88,63.71,91.0,580353.0,63.924
600779.SH,2022-11-14,0.0,63.62,63.81,63.62,85.0,541794.0,63.923
600779.SH,2022-11-14,0.0,63.64,63.74,63.62,58.0,369170.0,63.923
600779.SH,2022-11-14,0.0,63.66,63.72,63.64,32.0,203801.0,63.922
600779.SH,2022-11-14,0.0,63.5,63.66,63.5,517.0,3289330.0,63.915
600779.SH,2022-11-14,0.0,63.68,63.69,63.5,56.0,356119.0,63.915
600779.SH,2022-11-14,0.0,63.6,63.67,63.6,71.0,451759.0,63.914
600779.SH,2022-11-14,0.0,63.56,63.59,63.55,33.0,209781.0,63.913
600779.SH,2022-11-14,0.0,63.56,63.56,63.54,84.0,533832.0,63.912
600779.SH,2022-11-14,0.0,63.55,63.59,63.55,153.0,972444.0,63.91
600779.SH,2022-11-14,0.0,63.62,63.62,63.55,103.0,655279.0,63.908
600779.SH,2022-11-14,0.0,63.75,63.75,63.62,64.0,407331.0,63.908
600779.SH,2022-11-14,0.0,63.68,63.75,63.63,51.0,324835.0,63.907
600779.SH,2022-11-14,0.0,63.67,63.67,63.63,18.0,114578.0,63.907
600779.SH,2022-11-14,0.0,63.58,63.67,63.57,76.0,483440.0,63.906
600779.SH,2022-11-14,0.0,63.51,63.59,63.51,146.0,927714.0,63.904
600779.SH,2022-11-14,0.0,63.35,63.51,63.35,523.0,3317250.0,63.894
600779.SH,2022-11-14,0.0,63.35,63.45,63.35,182.0,1153730.0,63.89
600779.SH,2022-11-14,0.0,63.38,63.4,63.33,326.0,2065630.0,63.883
600779.SH,2022-11-14,0.0,63.31,63.38,63.31,101.0,639724.0,63.881
600779.SH,2022-11-14,0.0,63.25,63.31,63.25,159.0,1006170.0,63.877
600779.SH,2022-11-14,0.0,63.27,63.31,63.23,163.0,1031080.0,63.873
600779.SH,2022-11-14,0.0,63.21,63.27,63.21,130.0,822035.0,63.87
600779.SH,2022-11-14,0.0,63.18,63.21,63.17,203.0,1282840.0,63.865
600779.SH,2022-11-14,0.0,63.16,63.18,63.15,250.0,1579170.0,63.858
600779.SH,2022-11-14,0.0,63.25,63.3,63.15,367.0,2319210.0,63.849
600779.SH,2022-11-14,0.0,63.21,63.27,63.2,108.0,682762.0,63.846
600779.SH,2022-11-14,0.0,63.25,63.26,63.17,160.0,1011110.0,63.842
600779.SH,2022-11-14,0.0,63.16,63.25,63.15,119.0,751851.0,63.839
600779.SH,2022-11-14,0.0,63.15,63.25,63.13,124.0,783101.0,63.836
600779.SH,2022-11-14,0.0,63.1,63.15,63.1,145.0,915361.0,63.832
600779.SH,2022-11-14,0.0,63.1,63.2,63.1,72.0,454440.0,63.83
600779.SH,2022-11-14,0.0,63.07,63.18,63.06,136.0,858184.0,63.827
600779.SH,2022-11-14,0.0,63.1,63.1,63.06,63.0,397379.0,63.825
600779.SH,2022-11-14,0.0,63.02,63.1,63.01,138.0,869890.0,63.821
600779.SH,2022-11-14,0.0,63.06,63.1,63.02,62.0,391085.0,63.82
600779.SH,2022-11-14,0.0,63.08,63.1,63.07,70.0,441629.0,63.818
600779.SH,2022-11-14,0.0,62.93,63.09,62.91,586.0,3692100.0,63.801
600779.SH,2022-11-14,0.0,62.93,62.95,62.91,78.0,490836.0,63.798
600779.SH,2022-11-14,0.0,62.89,62.93,62.81,278.0,1748360.0,63.79
600779.SH,2022-11-14,0.0,62.92,62.92,62.89,54.0,339703.0,63.788
600779.SH,2022-11-14,0.0,62.9,62.92,62.9,76.0,478118.0,63.786
600779.SH,2022-11-14,0.0,62.86,62.91,62.86,136.0,855286.0,63.781
600779.SH,2022-11-14,0.0,62.82,62.9,62.82,122.0,766680.0,63.777
600779.SH,2022-11-14,0.0,62.86,62.9,62.82,71.0,446230.0,63.775
600779.SH,2022-11-14,0.0,62.61,62.88,62.61,644.0,4043850.0,63.754
600779.SH,2022-11-14,0.0,62.67,62.77,62.61,172.0,1078910.0,63.748
600779.SH,2022-11-14,0.0,62.7,62.75,62.64,96.0,601659.0,63.744
600779.SH,2022-11-14,0.0,62.68,62.7,62.67,95.0,595470.0,63.741
600779.SH,2022-11-14,0.0,62.74,62.74,62.66,179.0,1121910.0,63.735
600779.SH,2022-11-14,0.0,62.87,62.88,62.74,85.0,533539.0,63.732
600779.SH,2022-11-14,0.0,62.74,62.89,62.74,271.0,1702490.0,63.724
600779.SH,2022-11-14,0.0,62.72,62.75,62.71,85.0,533181.0,63.721
600779.SH,2022-11-14,0.0,62.66,62.72,62.66,259.0,1623440.0,63.713
600779.SH,2022-11-14,0.0,62.56,62.66,62.55,336.0,2103230.0,63.701
600779.SH,2022-11-14,0.0,62.58,62.58,62.54,259.0,1620320.0,63.691
600779.SH,2022-11-14,0.0,62.69,62.7,62.57,369.0,2312030.0,63.679
600779.SH,2022-11-14,0.0,62.74,62.76,62.7,197.0,1235340.0,63.673
600779.SH,2022-11-14,0.0,62.7,62.74,62.63,138.0,865236.0,63.669
600779.SH,2022-11-14,0.0,62.7,62.7,62.62,43.0,269467.0,63.668
600779.SH,2022-11-14,0.0,62.81,62.81,62.64,82.0,514209.0,63.665
600779.SH,2022-11-14,0.0,62.81,62.83,62.81,175.0,1099260.0,63.661
600779.SH,2022-11-14,0.0,62.81,62.82,62.8,129.0,810315.0,63.657
600779.SH,2022-11-14,0.0,62.86,62.9,62.81,339.0,2129650.0,63.649
600779.SH,2022-11-14,0.0,62.98,62.99,62.86,69.0,434130.0,63.647
600779.SH,2022-11-14,0.0,62.89,62.99,62.86,115.0,723663.0,63.645
600779.SH,2022-11-14,0.0,62.85,62.89,62.85,64.0,402337.0,63.643
600779.SH,2022-11-14,0.0,62.8,62.89,62.8,105.0,659533.0,63.641
600779.SH,2022-11-14,0.0,62.79,62.88,62.79,27.0,169602.0,63.64
600779.SH,2022-11-14,0.0,62.76,62.79,62.75,54.0,338948.0,63.639
600779.SH,2022-11-14,0.0,62.7,62.79,62.7,209.0,1311350.0,63.633
600779.SH,2022-11-14,0.0,62.71,62.75,62.7,141.0,884170.0,63.629
600779.SH,2022-11-14,0.0,62.75,62.76,62.71,39.0,244722.0,63.628
600779.SH,2022-11-14,0.0,62.76,62.76,62.74,51.0,320030.0,63.627
600779.SH,2022-11-14,0.0,62.73,62.76,62.72,155.0,972612.0,63.623
600779.SH,2022-11-14,0.0,62.7,62.73,62.69,108.0,677191.0,63.62
600779.SH,2022-11-14,0.0,62.66,62.7,62.63,108.0,676850.0,63.617
600779.SH,2022-11-14,0.0,62.67,62.69,62.64,37.0,231880.0,63.616
600779.SH,2022-11-14,0.0,62.63,62.69,62.63,94.0,588905.0,63.613
600779.SH,2022-11-14,0.0,62.63,62.66,62.62,163.0,1020900.0,63.609
600779.SH,2022-11-14,0.0,62.6,62.63,62.6,214.0,1339920.0,63.602
600779.SH,2022-11-14,0.0,62.6,62.62,62.6,164.0,1026760.0,63.598
600779.SH,2022-11-14,0.0,62.58,62.61,62.58,156.0,976526.0,63.593
600779.SH,2022-11-14,0.0,62.57,62.6,62.56,107.0,669616.0,63.59
600779.SH,2022-11-14,0.0,62.53,62.56,62.52,195.0,1219620.0,63.584
600779.SH,2022-11-14,0.0,62.56,62.59,62.53,138.0,863455.0,63.581
600779.SH,2022-11-14,0.0,62.55,62.56,62.55,132.0,825738.0,63.577
600779.SH,2022-11-14,0.0,62.54,62.56,62.54,77.0,481630.0,63.574
600779.SH,2022-11-14,0.0,62.61,62.61,62.53,60.0,375399.0,63.573
600779.SH,2022-11-14,0.0,62.55,62.61,62.55,162.0,1013840.0,63.568
600779.SH,2022-11-14,0.0,62.56,62.56,62.53,157.0,981904.0,63.564
600779.SH,2022-11-14,0.0,62.53,62.59,62.51,201.0,1257000.0,63.558
600779.SH,2022-11-14,0.0,62.4,62.52,62.37,547.0,3417720.0,63.542
600779.SH,2022-11-14,0.0,62.43,62.44,62.38,97.0,605321.0,63.539
600779.SH,2022-11-14,0.0,62.4,62.44,62.39,140.0,873654.0,63.535
600779.SH,2022-11-14,0.0,62.37,62.4,62.37,269.0,1678020.0,63.527
600779.SH,2022-11-14,0.0,62.35,62.39,62.35,146.0,910573.0,63.522
600779.SH,2022-11-14,0.0,62.37,62.39,62.34,123.0,767042.0,63.518
600779.SH,2022-11-14,0.0,62.4,62.44,62.37,168.0,1048450.0,63.513
600779.SH,2022-11-14,0.0,62.49,62.49,62.37,157.0,980271.0,63.509
600779.SH,2022-11-14,0.0,62.46,62.48,62.45,115.0,718363.0,63.506
600779.SH,2022-11-14,0.0,62.47,62.48,62.46,147.0,918236.0,63.502
600779.SH,2022-11-14,0.0,62.44,62.48,62.43,171.0,1067890.0,63.497
600779.SH,2022-11-14,0.0,62.47,62.47,62.43,173.0,1080310.0,63.492
600779.SH,2022-11-14,0.0,62.48,62.48,62.43,212.0,1324200.0,63.487
600779.SH,2022-11-14,0.0,62.46,62.48,62.43,178.0,1111620.0,63.482
600779.SH,2022-11-14,0.0,62.43,62.46,62.43,219.0,1367510.0,63.476
600779.SH,2022-11-14,0.0,62.41,62.44,62.41,311.0,1941490.0,63.468
600779.SH,2022-11-14,0.0,62.42,62.43,62.41,177.0,1104920.0,63.463
600779.SH,2022-11-14,0.0,62.51,62.53,62.41,300.0,1873890.0,63.456
600779.SH,2022-11-14,0.0,62.51,62.55,62.5,171.0,1067910.0,63.452
600779.SH,2022-11-14,0.0,62.52,62.52,62.52,4.0,25007.0,63.452
600779.SH,2022-11-14,0.0,62.52,62.52,62.52,0.0,0.0,63.452
600779.SH,2022-11-14,0.0,62.52,62.52,62.52,366.0,2288110.0,63.443
600779.SH,2022-11-15,0.0,62.52,62.52,62.52,198.0,1240020.0,62.52
600779.SH,2022-11-15,0.0,62.76,62.92,62.45,573.0,3586110.0,62.596
600779.SH,2022-11-15,0.0,62.57,62.8,62.25,234.0,1462000.0,62.569
600779.SH,2022-11-15,0.0,62.5,62.7,62.5,453.0,2834640.0,62.57
600779.SH,2022-11-15,0.0,62.36,62.6,62.36,337.0,2107060.0,62.562
600779.SH,2022-11-15,0.0,62.14,62.36,62.05,469.0,2916480.0,62.484
600779.SH,2022-11-15,0.0,62.36,62.44,62.21,706.0,4392430.0,62.42
600779.SH,2022-11-15,0.0,62.65,62.67,62.3,379.0,2366130.0,62.421
600779.SH,2022-11-15,0.0,62.62,62.67,62.41,242.0,1515260.0,62.434
600779.SH,2022-11-15,0.0,62.68,62.74,62.56,728.0,4566250.0,62.481
600779.SH,2022-11-15,0.0,62.54,62.61,62.47,104.0,650176.0,62.482
600779.SH,2022-11-15,0.0,62.51,62.57,62.41,150.0,937469.0,62.483
600779.SH,2022-11-15,0.0,62.3,62.46,62.3,226.0,1410720.0,62.48
600779.SH,2022-11-15,0.0,62.4,62.45,62.27,120.0,748238.0,62.477
600779.SH,2022-11-15,0.0,62.46,62.46,62.4,93.0,580561.0,62.476
600779.SH,2022-11-15,0.0,62.45,62.47,62.45,103.0,643310.0,62.475
600779.SH,2022-11-15,0.0,62.35,62.44,62.35,100.0,623823.0,62.474
600779.SH,2022-11-15,0.0,62.48,62.48,62.34,146.0,911095.0,62.472
600779.SH,2022-11-15,0.0,62.56,62.56,62.45,59.0,368730.0,62.472
600779.SH,2022-11-15,0.0,62.53,62.58,62.52,52.0,325256.0,62.473
600779.SH,2022-11-15,0.0,62.45,62.53,62.42,46.0,287333.0,62.473
600779.SH,2022-11-15,0.0,62.48,62.48,62.36,129.0,805100.0,62.471
600779.SH,2022-11-15,0.0,62.31,62.47,62.31,102.0,636119.0,62.469
600779.SH,2022-11-15,0.0,62.5,62.52,62.3,810.0,5048690.0,62.452
600779.SH,2022-11-15,0.0,62.52,62.53,62.33,170.0,1062310.0,62.453
600779.SH,2022-11-15,0.0,62.6,62.6,62.52,78.0,487926.0,62.454
600779.SH,2022-11-15,0.0,62.73,62.73,62.58,227.0,1422000.0,62.46
600779.SH,2022-11-15,0.0,62.67,62.72,62.66,71.0,445131.0,62.463
600779.SH,2022-11-15,0.0,62.66,62.67,62.63,79.0,495024.0,62.465
600779.SH,2022-11-15,0.0,62.6,62.67,62.6,136.0,851997.0,62.468
600779.SH,2022-11-15,0.0,62.57,62.61,62.56,78.0,488128.0,62.469
600779.SH,2022-11-15,0.0,62.37,62.57,62.33,275.0,1716490.0,62.467
600779.SH,2022-11-15,0.0,62.61,62.61,62.39,112.0,699823.0,62.468
600779.SH,2022-11-15,0.0,62.69,62.69,62.64,147.0,921310.0,62.472
600779.SH,2022-11-15,0.0,62.7,62.72,62.62,215.0,1347820.0,62.477
600779.SH,2022-11-15,0.0,62.74,62.74,62.61,515.0,3229770.0,62.492
600779.SH,2022-11-15,0.0,62.77,62.77,62.7,138.0,865895.0,62.496
600779.SH,2022-11-15,0.0,62.67,62.79,62.62,85.0,533238.0,62.498
600779.SH,2022-11-15,0.0,62.7,62.73,62.66,46.0,288422.0,62.499
600779.SH,2022-11-15,0.0,62.64,62.7,62.64,93.0,582878.0,62.501
600779.SH,2022-11-15,0.0,62.55,62.63,62.5,128.0,800934.0,62.502
600779.SH,2022-11-15,0.0,62.54,62.55,62.52,91.0,569095.0,62.503
600779.SH,2022-11-15,0.0,62.68,62.68,62.54,117.0,732430.0,62.504
600779.SH,2022-11-15,0.0,62.6,62.68,62.55,36.0,225431.0,62.504
600779.SH,2022-11-15,0.0,62.55,62.61,62.55,129.0,807558.0,62.506
600779.SH,2022-11-15,0.0,62.59,62.61,62.53,62.0,387982.0,62.506
600779.SH,2022-11-15,0.0,62.65,62.68,62.59,99.0,620253.0,62.508
600779.SH,2022-11-15,0.0,62.75,62.75,62.65,193.0,1209970.0,62.511
600779.SH,2022-11-15,0.0,62.71,62.76,62.68,79.0,495658.0,62.513
600779.SH,2022-11-15,0.0,62.88,62.88,62.7,244.0,1532220.0,62.52
600779.SH,2022-11-15,0.0,62.8,62.89,62.73,238.0,1495550.0,62.527
600779.SH,2022-11-15,0.0,62.86,62.86,62.8,113.0,710068.0,62.53
600779.SH,2022-11-15,0.0,62.73,62.86,62.7,271.0,1701950.0,62.537
600779.SH,2022-11-15,0.0,62.87,62.88,62.73,118.0,741405.0,62.54
600779.SH,2022-11-15,0.0,62.96,62.98,62.88,185.0,1164060.0,62.547
600779.SH,2022-11-15,0.0,62.96,62.97,62.95,116.0,730358.0,62.551
600779.SH,2022-11-15,0.0,63.18,63.2,62.96,420.0,2648470.0,62.569
600779.SH,2022-11-15,0.0,63.21,63.31,63.19,350.0,2213710.0,62.589
600779.SH,2022-11-15,0.0,63.14,63.21,63.1,194.0,1225370.0,62.598
600779.SH,2022-11-15,0.0,63.18,63.2,63.08,152.0,961956.0,62.605
600779.SH,2022-11-15,0.0,63.03,63.2,63.03,185.0,1167740.0,62.612
600779.SH,2022-11-15,0.0,63.02,63.08,63.01,113.0,712224.0,62.616
600779.SH,2022-11-15,0.0,63.01,63.1,63.01,223.0,1406300.0,62.624
600779.SH,2022-11-15,0.0,63.15,63.15,62.97,173.0,1090680.0,62.629
600779.SH,2022-11-15,0.0,63.15,63.2,63.1,186.0,1174860.0,62.637
600779.SH,2022-11-15,0.0,63.06,63.15,63.06,169.0,1066460.0,62.643
600779.SH,2022-11-15,0.0,63.17,63.2,63.0,254.0,1603850.0,62.652
600779.SH,2022-11-15,0.0,63.31,63.31,63.19,265.0,1676250.0,62.663
600779.SH,2022-11-15,0.0,63.2,63.33,63.19,121.0,765468.0,62.669
600779.SH,2022-11-15,0.0,63.27,63.27,63.16,86.0,543599.0,62.672
600779.SH,2022-11-15,0.0,63.41,63.42,63.27,244.0,1545380.0,62.683
600779.SH,2022-11-15,0.0,63.5,63.5,63.36,357.0,2264870.0,62.702
600779.SH,2022-11-15,0.0,63.58,63.58,63.52,396.0,2516070.0,62.723
600779.SH,2022-11-15,0.0,63.53,63.59,63.53,209.0,1328540.0,62.735
600779.SH,2022-11-15,0.0,63.36,63.52,63.36,223.0,1415060.0,62.745
600779.SH,2022-11-15,0.0,63.53,63.53,63.4,159.0,1006710.0,62.753
600779.SH,2022-11-15,0.0,63.51,63.56,63.5,144.0,914669.0,62.759
600779.SH,2022-11-15,0.0,63.66,63.68,63.5,388.0,2467120.0,62.779
600779.SH,2022-11-15,0.0,63.75,63.76,63.67,266.0,1694460.0,62.794
600779.SH,2022-11-15,0.0,63.65,63.74,63.65,197.0,1254580.0,62.805
600779.SH,2022-11-15,0.0,63.5,63.66,63.5,106.0,674059.0,62.81
600779.SH,2022-11-15,0.0,63.56,63.6,63.51,95.0,603809.0,62.814
600779.SH,2022-11-15,0.0,63.62,63.62,63.53,341.0,2167760.0,62.829
600779.SH,2022-11-15,0.0,63.77,63.78,63.61,315.0,2007240.0,62.845
600779.SH,2022-11-15,0.0,63.79,63.81,63.75,442.0,2819270.0,62.868
600779.SH,2022-11-15,0.0,63.78,63.8,63.76,224.0,1428780.0,62.879
600779.SH,2022-11-15,0.0,63.64,63.77,63.63,104.0,662591.0,62.884
600779.SH,2022-11-15,0.0,63.58,63.66,63.58,141.0,897254.0,62.889
600779.SH,2022-11-15,0.0,63.54,63.58,63.49,219.0,1391080.0,62.897
600779.SH,2022-11-15,0.0,63.48,63.54,63.47,71.0,450826.0,62.899
600779.SH,2022-11-15,0.0,63.41,63.48,63.37,222.0,1407300.0,62.905
600779.SH,2022-11-15,0.0,63.45,63.5,63.44,137.0,869351.0,62.909
600779.SH,2022-11-15,0.0,63.47,63.5,63.45,153.0,971175.0,62.913
600779.SH,2022-11-15,0.0,63.59,63.59,63.47,235.0,1492860.0,62.921
600779.SH,2022-11-15,0.0,63.61,63.65,63.58,89.0,566017.0,62.924
600779.SH,2022-11-15,0.0,63.52,63.62,63.52,57.0,362479.0,62.926
600779.SH,2022-11-15,0.0,63.58,63.58,63.52,46.0,292296.0,62.927
600779.SH,2022-11-15,0.0,63.6,63.6,63.55,72.0,457760.0,62.929
600779.SH,2022-11-15,0.0,63.58,63.61,63.56,81.0,514998.0,62.932
600779.SH,2022-11-15,0.0,63.58,63.58,63.57,57.0,362373.0,62.934
600779.SH,2022-11-15,0.0,63.51,63.58,63.51,138.0,877215.0,62.938
600779.SH,2022-11-15,0.0,63.45,63.5,63.44,103.0,653837.0,62.941
600779.SH,2022-11-15,0.0,63.37,63.45,63.35,116.0,735103.0,62.944
600779.SH,2022-11-15,0.0,63.3,63.36,63.3,62.0,392700.0,62.945
600779.SH,2022-11-15,0.0,63.3,63.3,63.2,169.0,1068910.0,62.947
600779.SH,2022-11-15,0.0,63.36,63.36,63.3,22.0,139306.0,62.948
600779.SH,2022-11-15,0.0,63.38,63.38,63.34,44.0,278783.0,62.949
600779.SH,2022-11-15,0.0,63.36,63.38,63.35,23.0,145729.0,62.949
600779.SH,2022-11-15,0.0,63.39,63.4,63.37,97.0,614864.0,62.951
600779.SH,2022-11-15,0.0,63.4,63.4,63.39,45.0,285261.0,62.952
600779.SH,2022-11-15,0.0,63.39,63.4,63.39,47.0,297943.0,62.953
600779.SH,2022-11-15,0.0,63.39,63.39,63.38,74.0,469063.0,62.955
600779.SH,2022-11-15,0.0,63.45,63.45,63.39,63.0,399509.0,62.956
600779.SH,2022-11-15,0.0,63.43,63.48,63.4,130.0,824311.0,62.959
600779.SH,2022-11-15,0.0,63.4,63.43,63.39,44.0,278959.0,62.96
600779.SH,2022-11-15,0.0,63.4,63.4,63.36,68.0,431052.0,62.961
600779.SH,2022-11-15,0.0,63.45,63.45,63.39,70.0,443823.0,62.962
600779.SH,2022-11-15,0.0,63.5,63.5,63.43,89.0,564831.0,62.965
600779.SH,2022-11-15,0.0,63.55,63.56,63.52,51.0,323994.0,62.966
600779.SH,2022-11-15,0.0,63.5,63.55,63.46,41.0,260399.0,62.967
600779.SH,2022-11-15,0.0,63.4,63.46,63.4,79.0,501081.0,62.969
600779.SH,2022-11-15,0.0,63.55,63.55,63.42,308.0,1954970.0,62.976
600779.SH,2022-11-15,0.0,63.72,63.72,63.57,175.0,1113870.0,62.981
600779.SH,2022-11-15,0.0,63.95,63.96,63.75,696.0,4444610.0,63.008
600779.SH,2022-11-15,0.0,63.86,63.93,63.85,150.0,958397.0,63.014
600779.SH,2022-11-15,0.0,64.14,64.17,63.84,1941.0,12422100.0,63.091
600779.SH,2022-11-15,0.0,64.01,64.2,64.01,518.0,3323810.0,63.113
600779.SH,2022-11-15,0.0,63.98,64.0,63.92,148.0,946630.0,63.118
600779.SH,2022-11-15,0.0,64.11,64.11,63.98,188.0,1204480.0,63.125
600779.SH,2022-11-15,0.0,64.14,64.14,64.09,480.0,3078160.0,63.143
600779.SH,2022-11-15,0.0,64.37,64.4,64.14,976.0,6272010.0,63.184
600779.SH,2022-11-15,0.0,64.25,64.37,64.25,256.0,1646920.0,63.195
600779.SH,2022-11-15,0.0,64.28,64.3,64.24,341.0,2191450.0,63.208
600779.SH,2022-11-15,0.0,64.26,64.29,64.26,258.0,1658250.0,63.218
600779.SH,2022-11-15,0.0,64.3,64.3,64.26,344.0,2211590.0,63.231
600779.SH,2022-11-15,0.0,64.28,64.31,64.28,277.0,1780930.0,63.241
600779.SH,2022-11-15,0.0,64.3,64.3,64.27,312.0,2005770.0,63.252
600779.SH,2022-11-15,0.0,64.49,64.49,64.31,1110.0,7147240.0,63.294
600779.SH,2022-11-15,0.0,64.34,64.49,64.29,651.0,4192650.0,63.318
600779.SH,2022-11-15,0.0,64.34,64.46,64.31,112.0,721006.0,63.322
600779.SH,2022-11-15,0.0,64.29,64.34,64.29,284.0,1826270.0,63.331
600779.SH,2022-11-15,0.0,64.22,64.29,64.22,145.0,931637.0,63.335
600779.SH,2022-11-15,0.0,64.21,64.22,64.13,230.0,1476750.0,63.341
600779.SH,2022-11-15,0.0,64.22,64.23,64.2,215.0,1379560.0,63.347
600779.SH,2022-11-15,0.0,64.27,64.29,64.22,278.0,1786560.0,63.355
600779.SH,2022-11-15,0.0,64.15,64.26,64.14,255.0,1637780.0,63.362
600779.SH,2022-11-15,0.0,64.1,64.15,64.1,308.0,1974830.0,63.369
600779.SH,2022-11-15,0.0,64.0,64.1,64.0,139.0,890038.0,63.372
600779.SH,2022-11-15,0.0,63.92,64.0,63.92,254.0,1624780.0,63.377
600779.SH,2022-11-15,0.0,63.9,63.93,63.89,365.0,2332660.0,63.382
600779.SH,2022-11-15,0.0,63.91,63.91,63.89,144.0,920161.0,63.385
600779.SH,2022-11-15,0.0,64.2,64.2,63.95,381.0,2439800.0,63.392
600779.SH,2022-11-15,0.0,64.21,64.26,64.21,239.0,1534980.0,63.398
600779.SH,2022-11-15,0.0,64.16,64.21,64.15,76.0,487827.0,63.4
600779.SH,2022-11-15,0.0,64.0,64.16,64.0,287.0,1838690.0,63.405
600779.SH,2022-11-15,0.0,63.92,64.0,63.91,100.0,639475.0,63.407
600779.SH,2022-11-15,0.0,64.1,64.12,63.92,255.0,1632000.0,63.411
600779.SH,2022-11-15,0.0,64.07,64.11,64.07,61.0,390911.0,63.412
600779.SH,2022-11-15,0.0,64.03,64.07,64.03,104.0,666187.0,63.414
600779.SH,2022-11-15,0.0,64.03,64.04,64.01,135.0,864291.0,63.417
600779.SH,2022-11-15,0.0,64.05,64.05,64.03,75.0,480298.0,63.418
600779.SH,2022-11-15,0.0,64.05,64.05,64.01,109.0,697875.0,63.42
600779.SH,2022-11-15,0.0,64.12,64.12,64.02,251.0,1608380.0,63.424
600779.SH,2022-11-15,0.0,64.21,64.21,64.12,241.0,1547050.0,63.43
600779.SH,2022-11-15,0.0,64.14,64.2,64.14,153.0,981982.0,63.433
600779.SH,2022-11-15,0.0,64.08,64.14,64.08,126.0,807713.0,63.435
600779.SH,2022-11-15,0.0,64.03,64.1,64.02,81.0,518818.0,63.437
600779.SH,2022-11-15,0.0,64.05,64.07,64.02,173.0,1107850.0,63.44
600779.SH,2022-11-15,0.0,64.03,64.05,64.02,46.0,294587.0,63.44
600779.SH,2022-11-15,0.0,64.04,64.05,64.02,90.0,576397.0,63.442
600779.SH,2022-11-15,0.0,64.0,64.05,64.0,179.0,1145910.0,63.445
600779.SH,2022-11-15,0.0,64.04,64.04,63.99,119.0,761820.0,63.446
600779.SH,2022-11-15,0.0,64.05,64.06,64.04,128.0,819750.0,63.449
600779.SH,2022-11-15,0.0,64.15,64.15,64.04,171.0,1096230.0,63.452
600779.SH,2022-11-15,0.0,64.16,64.2,64.15,159.0,1020520.0,63.455
600779.SH,2022-11-15,0.0,64.07,64.2,64.06,148.0,950147.0,63.457
600779.SH,2022-11-15,0.0,64.1,64.14,64.07,43.0,275570.0,63.458
600779.SH,2022-11-15,0.0,64.01,64.14,64.01,147.0,941953.0,63.461
600779.SH,2022-11-15,0.0,63.99,64.08,63.99,132.0,844142.0,63.463
600779.SH,2022-11-15,0.0,64.0,64.07,63.99,87.0,556802.0,63.464
600779.SH,2022-11-15,0.0,64.07,64.09,64.06,84.0,538209.0,63.465
600779.SH,2022-11-15,0.0,63.96,64.08,63.96,174.0,1113960.0,63.468
600779.SH,2022-11-15,0.0,64.0,64.0,63.96,58.0,371141.0,63.468
600779.SH,2022-11-15,0.0,64.0,64.0,63.99,50.0,319976.0,63.469
600779.SH,2022-11-15,0.0,64.03,64.05,64.0,56.0,358551.0,63.47
600779.SH,2022-11-15,0.0,64.02,64.04,64.02,35.0,224104.0,63.471
600779.SH,2022-11-15,0.0,63.99,64.03,63.98,90.0,576015.0,63.472
600779.SH,2022-11-15,0.0,63.99,64.02,63.99,63.0,403205.0,63.473
600779.SH,2022-11-15,0.0,63.95,64.0,63.95,46.0,291605.0,63.473
600779.SH,2022-11-15,0.0,63.96,63.96,63.93,147.0,940082.0,63.475
600779.SH,2022-11-15,0.0,63.98,63.98,63.96,25.0,159931.0,63.475
600779.SH,2022-11-15,0.0,63.99,63.99,63.98,57.0,364695.0,63.476
600779.SH,2022-11-15,0.0,63.99,63.99,63.98,48.0,305864.0,63.477
600779.SH,2022-11-15,0.0,64.05,64.05,64.0,87.0,556840.0,63.478
600779.SH,2022-11-15,0.0,64.04,64.08,64.04,58.0,371485.0,63.479
600779.SH,2022-11-15,0.0,64.02,64.04,64.02,22.0,140863.0,63.479
600779.SH,2022-11-15,0.0,64.05,64.06,64.02,47.0,300970.0,63.48
600779.SH,2022-11-15,0.0,64.09,64.09,64.03,111.0,711186.0,63.481
600779.SH,2022-11-15,0.0,64.12,64.12,64.08,139.0,890997.0,63.484
600779.SH,2022-11-15,0.0,64.11,64.12,64.08,69.0,442340.0,63.485
600779.SH,2022-11-15,0.0,64.1,64.12,64.1,41.0,262846.0,63.485
600779.SH,2022-11-15,0.0,64.09,64.09,64.06,62.0,397289.0,63.486
600779.SH,2022-11-15,0.0,64.06,64.1,64.06,26.0,166627.0,63.487
600779.SH,2022-11-15,0.0,64.11,64.12,64.06,152.0,974294.0,63.489
600779.SH,2022-11-15,0.0,64.05,64.11,64.05,116.0,743406.0,63.491
600779.SH,2022-11-15,0.0,64.02,64.03,64.01,64.0,409734.0,63.492
600779.SH,2022-11-15,0.0,64.0,64.05,64.0,119.0,761745.0,63.493
600779.SH,2022-11-15,0.0,64.01,64.01,63.99,117.0,746643.0,63.495
600779.SH,2022-11-15,0.0,64.01,64.04,63.99,57.0,364824.0,63.496
600779.SH,2022-11-15,0.0,64.06,64.06,64.01,135.0,864513.0,63.497
600779.SH,2022-11-15,0.0,64.06,64.07,64.04,97.0,621337.0,63.499
600779.SH,2022-11-15,0.0,64.08,64.08,64.05,90.0,576654.0,63.5
600779.SH,2022-11-15,0.0,64.08,64.1,64.08,189.0,1211260.0,63.503
600779.SH,2022-11-15,0.0,64.08,64.09,64.06,97.0,621553.0,63.504
600779.SH,2022-11-15,0.0,64.07,64.08,64.04,95.0,608455.0,63.505
600779.SH,2022-11-15,0.0,64.07,64.07,64.01,66.0,422740.0,63.506
600779.SH,2022-11-15,0.0,64.07,64.08,64.03,72.0,461274.0,63.507
600779.SH,2022-11-15,0.0,64.08,64.08,64.03,84.0,538135.0,63.508
600779.SH,2022-11-15,0.0,64.05,64.08,64.05,24.0,153743.0,63.509
600779.SH,2022-11-15,0.0,64.08,64.09,64.04,186.0,1191630.0,63.511
600779.SH,2022-11-15,0.0,64.06,64.08,64.06,99.0,634277.0,63.513
600779.SH,2022-11-15,0.0,64.07,64.08,64.06,126.0,806165.0,63.514
600779.SH,2022-11-15,0.0,64.04,64.07,64.04,158.0,1013120.0,63.516
600779.SH,2022-11-15,0.0,64.05,64.06,64.04,158.0,1011940.0,63.518
600779.SH,2022-11-15,0.0,64.06,64.06,64.04,194.0,1242520.0,63.521
600779.SH,2022-11-15,0.0,64.05,64.06,64.04,90.0,576467.0,63.522
600779.SH,2022-11-15,0.0,64.02,64.04,64.01,202.0,1293390.0,63.524
600779.SH,2022-11-15,0.0,64.04,64.05,64.02,66.0,422607.0,63.525
600779.SH,2022-11-15,0.0,64.03,64.04,64.02,99.0,633911.0,63.526
600779.SH,2022-11-15,0.0,63.99,64.03,63.99,368.0,2355530.0,63.531
600779.SH,2022-11-15,0.0,64.0,64.0,63.98,307.0,1963310.0,63.534
600779.SH,2022-11-15,0.0,63.99,64.01,63.98,268.0,1715170.0,63.537
600779.SH,2022-11-15,0.0,64.0,64.02,64.0,223.0,1427410.0,63.539
600779.SH,2022-11-15,0.0,64.03,64.03,64.0,307.0,1965030.0,63.542
600779.SH,2022-11-15,0.0,64.03,64.03,64.02,140.0,896338.0,63.544
600779.SH,2022-11-15,0.0,64.03,64.04,64.01,268.0,1715830.0,63.547
600779.SH,2022-11-15,0.0,64.02,64.04,64.0,422.0,2701590.0,63.551
600779.SH,2022-11-15,0.0,64.02,64.03,64.0,198.0,1267530.0,63.553
600779.SH,2022-11-15,0.0,64.02,64.02,64.02,1.0,6402.0,63.553
600779.SH,2022-11-15,0.0,64.02,64.02,64.02,0.0,0.0,63.553
600779.SH,2022-11-15,0.0,64.04,64.04,64.04,427.0,2734510.0,63.558
600779.SH,2022-11-16,0.0,64.32,64.32,64.32,165.0,1061280.0,64.32
600779.SH,2022-11-16,0.0,64.07,64.33,63.93,717.0,4596060.0,64.142
600779.SH,2022-11-16,0.0,63.9,64.05,63.84,933.0,5972200.0,64.075
600779.SH,2022-11-16,0.0,64.05,64.05,63.84,781.0,4992880.0,64.031
600779.SH,2022-11-16,0.0,64.07,64.07,63.85,450.0,2878220.0,64.021
600779.SH,2022-11-16,0.0,64.25,64.28,64.08,493.0,3166160.0,64.045
600779.SH,2022-11-16,0.0,64.4,64.4,64.16,512.0,3290200.0,64.076
600779.SH,2022-11-16,0.0,64.01,64.5,64.01,745.0,4794880.0,64.12
600779.SH,2022-11-16,0.0,64.18,64.22,64.0,192.0,1231490.0,64.121
600779.SH,2022-11-16,0.0,64.05,64.23,64.01,196.0,1257270.0,64.122
600779.SH,2022-11-16,0.0,64.04,64.12,63.93,228.0,1459170.0,64.116
600779.SH,2022-11-16,0.0,64.1,64.18,64.04,239.0,1532590.0,64.117
600779.SH,2022-11-16,0.0,64.01,64.18,64.01,335.0,2146740.0,64.115
600779.SH,2022-11-16,0.0,64.05,64.12,64.01,163.0,1044220.0,64.114
600779.SH,2022-11-16,0.0,64.06,64.09,64.03,150.0,960739.0,64.112
600779.SH,2022-11-16,0.0,64.03,64.06,64.03,180.0,1152510.0,64.11
600779.SH,2022-11-16,0.0,64.12,64.13,64.06,453.0,2905340.0,64.109
600779.SH,2022-11-16,0.0,63.98,64.09,63.95,525.0,3359200.0,64.102
600779.SH,2022-11-16,0.0,63.94,63.99,63.93,154.0,984920.0,64.099
600779.SH,2022-11-16,0.0,63.86,63.95,63.86,215.0,1373940.0,64.094
600779.SH,2022-11-16,0.0,63.83,63.86,63.83,307.0,1959890.0,64.085
600779.SH,2022-11-16,0.0,63.93,64.0,63.81,333.0,2127000.0,64.076
600779.SH,2022-11-16,0.0,63.97,63.98,63.93,103.0,658831.0,64.075
600779.SH,2022-11-16,0.0,64.26,64.33,64.0,360.0,2310230.0,64.079
600779.SH,2022-11-16,0.0,64.4,64.42,64.2,356.0,2290020.0,64.088
600779.SH,2022-11-16,0.0,64.27,64.66,64.27,1298.0,8374080.0,64.141
600779.SH,2022-11-16,0.0,64.61,64.62,64.27,540.0,3484920.0,64.16
600779.SH,2022-11-16,0.0,64.84,64.88,64.67,688.0,4455530.0,64.195
600779.SH,2022-11-16,0.0,65.09,65.12,64.86,1306.0,8487260.0,64.274
600779.SH,2022-11-16,0.0,65.03,65.1,65.01,1120.0,7285750.0,64.335
600779.SH,2022-11-16,0.0,65.2,65.29,65.03,1065.0,6942700.0,64.394
600779.SH,2022-11-16,0.0,65.2,65.22,65.15,768.0,5007430.0,64.433
600779.SH,2022-11-16,0.0,65.17,65.23,65.13,755.0,4921050.0,64.466
600779.SH,2022-11-16,0.0,65.35,65.36,65.19,912.0,5952430.0,64.508
600779.SH,2022-11-16,0.0,65.52,65.53,65.35,1007.0,6593110.0,64.559
600779.SH,2022-11-16,0.0,65.71,65.71,65.48,1063.0,6968870.0,64.613
600779.SH,2022-11-16,0.0,66.03,66.03,65.72,1552.0,10231300.0,64.708
600779.SH,2022-11-16,0.0,66.45,66.49,66.04,951.0,6298930.0,64.773
600779.SH,2022-11-16,0.0,65.66,66.5,65.66,2195.0,14521100.0,64.897
600779.SH,2022-11-16,0.0,65.51,65.85,65.51,1561.0,10254700.0,64.945
600779.SH,2022-11-16,0.0,65.44,65.61,65.38,856.0,5604780.0,64.961
600779.SH,2022-11-16,0.0,65.23,65.44,65.23,1200.0,7843810.0,64.979
600779.SH,2022-11-16,0.0,65.55,65.55,65.24,366.0,2392200.0,64.984
600779.SH,2022-11-16,0.0,65.49,65.59,65.44,589.0,3859490.0,64.995
600779.SH,2022-11-16,0.0,65.44,65.49,65.42,427.0,2794580.0,65.001
600779.SH,2022-11-16,0.0,65.44,65.45,65.38,254.0,1661340.0,65.005
600779.SH,2022-11-16,0.0,65.57,65.58,65.44,472.0,3095030.0,65.013
600779.SH,2022-11-16,0.0,65.53,65.59,65.48,398.0,2609110.0,65.02
600779.SH,2022-11-16,0.0,65.62,65.62,65.53,219.0,1435760.0,65.024
600779.SH,2022-11-16,0.0,65.64,65.69,65.62,352.0,2310850.0,65.031
600779.SH,2022-11-16,0.0,65.6,65.64,65.52,286.0,1875420.0,65.036
600779.SH,2022-11-16,0.0,65.54,65.62,65.54,165.0,1082450.0,65.039
600779.SH,2022-11-16,0.0,65.63,65.63,65.59,189.0,1240020.0,65.042
600779.SH,2022-11-16,0.0,65.75,65.75,65.64,150.0,985138.0,65.045
600779.SH,2022-11-16,0.0,65.88,65.88,65.75,500.0,3293630.0,65.057
600779.SH,2022-11-16,0.0,65.88,65.89,65.83,300.0,1975880.0,65.065
600779.SH,2022-11-16,0.0,65.99,65.99,65.88,299.0,1970890.0,65.072
600779.SH,2022-11-16,0.0,65.95,65.99,65.95,238.0,1570180.0,65.079
600779.SH,2022-11-16,0.0,65.97,65.97,65.95,288.0,1899550.0,65.086
600779.SH,2022-11-16,0.0,65.97,65.98,65.96,291.0,1919520.0,65.094
600779.SH,2022-11-16,0.0,65.9,65.98,65.89,374.0,2466450.0,65.103
600779.SH,2022-11-16,0.0,65.65,65.89,65.62,253.0,1662810.0,65.108
600779.SH,2022-11-16,0.0,65.52,65.64,65.51,157.0,1029540.0,65.11
600779.SH,2022-11-16,0.0,65.64,65.66,65.51,267.0,1751490.0,65.113
600779.SH,2022-11-16,0.0,65.65,65.71,65.62,295.0,1936740.0,65.118
600779.SH,2022-11-16,0.0,65.66,65.67,65.64,60.0,393939.0,65.119
600779.SH,2022-11-16,0.0,65.6,65.67,65.6,174.0,1142260.0,65.121
600779.SH,2022-11-16,0.0,65.5,65.59,65.5,122.0,799407.0,65.123
600779.SH,2022-11-16,0.0,65.41,65.48,65.41,136.0,890042.0,65.124
600779.SH,2022-11-16,0.0,65.62,65.62,65.41,562.0,3681880.0,65.13
600779.SH,2022-11-16,0.0,65.63,65.67,65.62,140.0,919041.0,65.132
600779.SH,2022-11-16,0.0,65.59,65.66,65.59,200.0,1312500.0,65.135
600779.SH,2022-11-16,0.0,65.42,65.59,65.42,268.0,1755470.0,65.137
600779.SH,2022-11-16,0.0,65.28,65.4,65.28,251.0,1639910.0,65.139
600779.SH,2022-11-16,0.0,65.36,65.37,65.28,245.0,1600340.0,65.14
600779.SH,2022-11-16,0.0,65.41,65.41,65.35,474.0,3097020.0,65.142
600779.SH,2022-11-16,0.0,65.5,65.5,65.4,49.0,320811.0,65.143
600779.SH,2022-11-16,0.0,65.45,65.5,65.44,103.0,674454.0,65.144
600779.SH,2022-11-16,0.0,65.41,65.46,65.41,52.0,340286.0,65.144
600779.SH,2022-11-16,0.0,65.4,65.42,65.4,103.0,673711.0,65.145
600779.SH,2022-11-16,0.0,65.37,65.4,65.37,71.0,464308.0,65.145
600779.SH,2022-11-16,0.0,65.35,65.37,65.35,76.0,496779.0,65.146
600779.SH,2022-11-16,0.0,65.25,65.36,65.25,120.0,783635.0,65.146
600779.SH,2022-11-16,0.0,65.19,65.25,65.19,176.0,1147800.0,65.147
600779.SH,2022-11-16,0.0,65.37,65.37,65.19,344.0,2245010.0,65.148
600779.SH,2022-11-16,0.0,65.4,65.4,65.37,106.0,693111.0,65.148
600779.SH,2022-11-16,0.0,65.42,65.43,65.39,127.0,830664.0,65.149
600779.SH,2022-11-16,0.0,65.52,65.52,65.41,172.0,1126020.0,65.151
600779.SH,2022-11-16,0.0,65.58,65.58,65.5,58.0,380225.0,65.151
600779.SH,2022-11-16,0.0,65.66,65.66,65.57,122.0,800794.0,65.153
600779.SH,2022-11-16,0.0,65.55,65.65,65.52,149.0,977791.0,65.154
600779.SH,2022-11-16,0.0,65.31,65.56,65.31,123.0,804824.0,65.155
600779.SH,2022-11-16,0.0,65.5,65.52,65.3,116.0,758665.0,65.156
600779.SH,2022-11-16,0.0,65.52,65.55,65.5,79.0,517694.0,65.157
600779.SH,2022-11-16,0.0,65.5,65.54,65.5,162.0,1061460.0,65.158
600779.SH,2022-11-16,0.0,65.5,65.51,65.42,45.0,294544.0,65.159
600779.SH,2022-11-16,0.0,65.5,65.5,65.47,125.0,818553.0,65.16
600779.SH,2022-11-16,0.0,65.58,65.58,65.5,112.0,733920.0,65.161
600779.SH,2022-11-16,0.0,65.76,65.77,65.57,208.0,1364730.0,65.163
600779.SH,2022-11-16,0.0,65.92,65.93,65.77,296.0,1947220.0,65.168
600779.SH,2022-11-16,0.0,66.07,66.14,65.92,1338.0,8831420.0,65.194
600779.SH,2022-11-16,0.0,65.98,66.11,65.98,483.0,3191920.0,65.204
600779.SH,2022-11-16,0.0,65.95,65.97,65.91,135.0,890308.0,65.207
600779.SH,2022-11-16,0.0,66.14,66.14,65.98,673.0,4445460.0,65.22
600779.SH,2022-11-16,0.0,66.13,66.16,66.11,283.0,1871940.0,65.226
600779.SH,2022-11-16,0.0,66.06,66.13,66.06,175.0,1156660.0,65.229
600779.SH,2022-11-16,0.0,65.95,66.07,65.95,519.0,3425810.0,65.238
600779.SH,2022-11-16,0.0,65.9,65.95,65.9,128.0,846317.0,65.24
600779.SH,2022-11-16,0.0,65.8,65.9,65.78,91.0,599081.0,65.242
600779.SH,2022-11-16,0.0,65.66,65.8,65.66,55.0,361411.0,65.242
600779.SH,2022-11-16,0.0,65.84,65.84,65.68,78.0,512881.0,65.243
600779.SH,2022-11-16,0.0,65.92,65.92,65.83,174.0,1146530.0,65.246
600779.SH,2022-11-16,0.0,65.82,65.93,65.82,201.0,1324250.0,65.248
600779.SH,2022-11-16,0.0,65.75,65.8,65.68,300.0,1971210.0,65.251
600779.SH,2022-11-16,0.0,65.8,65.87,65.75,162.0,1066540.0,65.253
600779.SH,2022-11-16,0.0,65.83,65.89,65.8,73.0,480672.0,65.254
600779.SH,2022-11-16,0.0,65.72,65.82,65.72,77.0,506468.0,65.255
600779.SH,2022-11-16,0.0,65.75,65.75,65.7,72.0,473179.0,65.256
600779.SH,2022-11-16,0.0,65.8,65.8,65.75,92.0,605134.0,65.257
600779.SH,2022-11-16,0.0,65.82,65.82,65.8,75.0,493610.0,65.258
600779.SH,2022-11-16,0.0,65.88,65.88,65.78,90.0,592368.0,65.259
600779.SH,2022-11-16,0.0,65.65,65.88,65.65,740.0,4871490.0,65.268
600779.SH,2022-11-16,0.0,65.45,65.57,65.45,247.0,1618040.0,65.269
600779.SH,2022-11-16,0.0,65.42,65.45,65.4,146.0,955113.0,65.27
600779.SH,2022-11-16,0.0,65.4,65.43,65.4,279.0,1824980.0,65.271
600779.SH,2022-11-16,0.0,65.42,65.43,65.37,195.0,1275360.0,65.271
600779.SH,2022-11-16,0.0,65.4,65.42,65.39,71.0,464395.0,65.271
600779.SH,2022-11-16,0.0,65.41,65.42,65.37,71.0,463322.0,65.271
600779.SH,2022-11-16,0.0,65.42,65.45,65.4,182.0,1190710.0,65.272
600779.SH,2022-11-16,0.0,65.51,65.51,65.42,193.0,1263840.0,65.273
600779.SH,2022-11-16,0.0,65.53,65.56,65.51,105.0,688116.0,65.273
600779.SH,2022-11-16,0.0,65.57,65.62,65.55,101.0,662444.0,65.274
600779.SH,2022-11-16,0.0,65.56,65.6,65.55,166.0,1088530.0,65.275
600779.SH,2022-11-16,0.0,65.58,65.6,65.56,159.0,1042850.0,65.276
600779.SH,2022-11-16,0.0,65.58,65.65,65.58,71.0,465696.0,65.277
600779.SH,2022-11-16,0.0,65.48,65.6,65.47,246.0,1612570.0,65.278
600779.SH,2022-11-16,0.0,65.4,65.45,65.4,94.0,615008.0,65.278
600779.SH,2022-11-16,0.0,65.38,65.41,65.38,187.0,1222900.0,65.279
600779.SH,2022-11-16,0.0,65.54,65.54,65.38,263.0,1720610.0,65.279
600779.SH,2022-11-16,0.0,65.65,65.65,65.54,78.0,511958.0,65.28
600779.SH,2022-11-16,0.0,65.6,65.65,65.59,92.0,603823.0,65.281
600779.SH,2022-11-16,0.0,65.59,65.6,65.59,53.0,347634.0,65.281
600779.SH,2022-11-16,0.0,65.53,65.59,65.53,38.0,249108.0,65.281
600779.SH,2022-11-16,0.0,65.5,65.53,65.5,63.0,412742.0,65.281
600779.SH,2022-11-16,0.0,65.44,65.5,65.44,92.0,602248.0,65.282
600779.SH,2022-11-16,0.0,65.42,65.45,65.4,67.0,438366.0,65.282
600779.SH,2022-11-16,0.0,65.42,65.43,65.4,78.0,510186.0,65.282
600779.SH,2022-11-16,0.0,65.44,65.45,65.42,52.0,340247.0,65.282
600779.SH,2022-11-16,0.0,65.43,65.48,65.43,94.0,615241.0,65.283
600779.SH,2022-11-16,0.0,65.44,65.45,65.42,57.0,372507.0,65.283
600779.SH,2022-11-16,0.0,65.45,65.47,65.44,24.0,157533.0,65.283
600779.SH,2022-11-16,0.0,65.33,65.46,65.33,236.0,1543530.0,65.283
600779.SH,2022-11-16,0.0,65.31,65.34,65.31,122.0,796918.0,65.284
600779.SH,2022-11-16,0.0,65.11,65.31,65.11,326.0,2126320.0,65.283
600779.SH,2022-11-16,0.0,65.08,65.1,65.06,245.0,1594290.0,65.282
600779.SH,2022-11-16,0.0,65.1,65.11,65.07,133.0,865620.0,65.282
600779.SH,2022-11-16,0.0,65.11,65.15,65.08,322.0,2096790.0,65.281
600779.SH,2022-11-16,0.0,65.08,65.11,65.07,198.0,1288820.0,65.28
600779.SH,2022-11-16,0.0,65.1,65.11,65.08,129.0,839709.0,65.28
600779.SH,2022-11-16,0.0,65.23,65.24,65.1,73.0,477174.0,65.279
600779.SH,2022-11-16,0.0,65.12,65.23,65.12,75.0,488835.0,65.279
600779.SH,2022-11-16,0.0,65.15,65.15,65.14,87.0,566735.0,65.279
600779.SH,2022-11-16,0.0,65.19,65.2,65.15,48.0,312800.0,65.279
600779.SH,2022-11-16,0.0,65.24,65.24,65.19,114.0,743362.0,65.279
600779.SH,2022-11-16,0.0,65.3,65.3,65.23,88.0,574278.0,65.279
600779.SH,2022-11-16,0.0,65.33,65.33,65.25,109.0,711811.0,65.279
600779.SH,2022-11-16,0.0,65.3,65.35,65.29,90.0,587750.0,65.279
600779.SH,2022-11-16,0.0,65.4,65.4,65.32,56.0,366075.0,65.279
600779.SH,2022-11-16,0.0,65.4,65.43,65.4,101.0,660663.0,65.279
600779.SH,2022-11-16,0.0,65.42,65.43,65.4,35.0,228966.0,65.279
600779.SH,2022-11-16,0.0,65.41,65.42,65.39,51.0,333590.0,65.279
600779.SH,2022-11-16,0.0,65.35,65.44,65.35,58.0,379303.0,65.28
600779.SH,2022-11-16,0.0,65.28,65.35,65.28,69.0,450778.0,65.28
600779.SH,2022-11-16,0.0,65.19,65.28,65.19,180.0,1174370.0,65.279
600779.SH,2022-11-16,0.0,65.15,65.19,65.15,76.0,495269.0,65.279
600779.SH,2022-11-16,0.0,65.2,65.23,65.15,261.0,1700990.0,65.279
600779.SH,2022-11-16,0.0,65.21,65.21,65.19,22.0,143446.0,65.279
600779.SH,2022-11-16,0.0,65.23,65.23,65.2,42.0,273890.0,65.279
600779.SH,2022-11-16,0.0,65.25,65.27,65.23,160.0,1043710.0,65.279
600779.SH,2022-11-16,0.0,65.25,65.27,65.25,27.0,176215.0,65.279
600779.SH,2022-11-16,0.0,65.28,65.29,65.27,66.0,430798.0,65.279
600779.SH,2022-11-16,0.0,65.26,65.3,65.23,84.0,548294.0,65.279
600779.SH,2022-11-16,0.0,65.29,65.3,65.26,37.0,241556.0,65.279
600779.SH,2022-11-16,0.0,65.4,65.4,65.29,222.0,1450040.0,65.279
600779.SH,2022-11-16,0.0,65.35,65.4,65.3,110.0,718779.0,65.279
600779.SH,2022-11-16,0.0,65.36,65.37,65.32,74.0,483703.0,65.279
600779.SH,2022-11-16,0.0,65.3,65.36,65.3,118.0,770702.0,65.279
600779.SH,2022-11-16,0.0,65.25,65.31,65.25,66.0,430872.0,65.279
600779.SH,2022-11-16,0.0,65.22,65.27,65.22,71.0,463263.0,65.279
600779.SH,2022-11-16,0.0,65.24,65.28,65.22,47.0,306712.0,65.279
600779.SH,2022-11-16,0.0,65.21,65.25,65.2,95.0,619555.0,65.279
600779.SH,2022-11-16,0.0,65.18,65.21,65.18,58.0,378109.0,65.279
600779.SH,2022-11-16,0.0,65.16,65.18,65.15,72.0,469149.0,65.279
600779.SH,2022-11-16,0.0,65.16,65.19,65.16,32.0,208553.0,65.279
600779.SH,2022-11-16,0.0,65.16,65.18,65.16,127.0,827707.0,65.278
600779.SH,2022-11-16,0.0,65.19,65.19,65.16,64.0,417088.0,65.278
600779.SH,2022-11-16,0.0,65.17,65.21,65.17,121.0,788888.0,65.278
600779.SH,2022-11-16,0.0,65.17,65.19,65.16,52.0,338885.0,65.278
600779.SH,2022-11-16,0.0,65.2,65.2,65.16,150.0,977739.0,65.278
600779.SH,2022-11-16,0.0,65.27,65.27,65.17,66.0,430380.0,65.278
600779.SH,2022-11-16,0.0,65.21,65.27,65.21,54.0,352392.0,65.278
600779.SH,2022-11-16,0.0,65.2,65.27,65.19,129.0,841048.0,65.277
600779.SH,2022-11-16,0.0,65.17,65.21,65.16,51.0,332447.0,65.277
600779.SH,2022-11-16,0.0,65.12,65.17,65.11,210.0,1367910.0,65.277
600779.SH,2022-11-16,0.0,65.08,65.12,65.08,72.0,467444.0,65.277
600779.SH,2022-11-16,0.0,65.07,65.1,65.07,101.0,657363.0,65.276
600779.SH,2022-11-16,0.0,65.06,65.07,65.06,99.0,644214.0,65.276
600779.SH,2022-11-16,0.0,65.11,65.11,65.06,194.0,1260030.0,65.275
600779.SH,2022-11-16,0.0,65.13,65.18,65.1,67.0,436529.0,65.275
600779.SH,2022-11-16,0.0,65.15,65.17,65.13,74.0,482059.0,65.275
600779.SH,2022-11-16,0.0,65.17,65.17,65.15,50.0,325786.0,65.275
600779.SH,2022-11-16,0.0,65.2,65.2,65.17,79.0,515005.0,65.275
600779.SH,2022-11-16,0.0,65.2,65.25,65.2,90.0,586921.0,65.275
600779.SH,2022-11-16,0.0,65.22,65.23,65.18,119.0,775812.0,65.274
600779.SH,2022-11-16,0.0,65.18,65.22,65.18,83.0,541184.0,65.274
600779.SH,2022-11-16,0.0,65.17,65.19,65.17,59.0,384553.0,65.274
600779.SH,2022-11-16,0.0,65.15,65.17,65.15,70.0,456102.0,65.274
600779.SH,2022-11-16,0.0,65.15,65.15,65.14,32.0,208472.0,65.274
600779.SH,2022-11-16,0.0,65.11,65.14,65.11,98.0,638229.0,65.274
600779.SH,2022-11-16,0.0,65.1,65.12,65.1,103.0,670597.0,65.273
600779.SH,2022-11-16,0.0,65.08,65.11,65.08,171.0,1113150.0,65.273
600779.SH,2022-11-16,0.0,65.1,65.12,65.08,108.0,704952.0,65.273
600779.SH,2022-11-16,0.0,65.12,65.12,65.09,65.0,423175.0,65.272
600779.SH,2022-11-16,0.0,65.14,65.14,65.12,108.0,703327.0,65.272
600779.SH,2022-11-16,0.0,65.1,65.13,65.09,96.0,625095.0,65.272
600779.SH,2022-11-16,0.0,65.1,65.1,65.07,209.0,1360360.0,65.271
600779.SH,2022-11-16,0.0,65.08,65.1,65.07,134.0,872031.0,65.271
600779.SH,2022-11-16,0.0,65.1,65.1,65.07,50.0,325419.0,65.271
600779.SH,2022-11-16,0.0,65.06,65.1,65.05,241.0,1568170.0,65.27
600779.SH,2022-11-16,0.0,65.06,65.09,65.05,74.0,481416.0,65.269
600779.SH,2022-11-16,0.0,65.08,65.08,65.06,114.0,741774.0,65.269
600779.SH,2022-11-16,0.0,65.08,65.09,65.08,113.0,735398.0,65.269
600779.SH,2022-11-16,0.0,65.1,65.1,65.08,180.0,1171660.0,65.268
600779.SH,2022-11-16,0.0,65.12,65.12,65.09,154.0,1002560.0,65.268
600779.SH,2022-11-16,0.0,65.11,65.12,65.09,201.0,1308590.0,65.267
600779.SH,2022-11-16,0.0,65.1,65.12,65.1,145.0,944110.0,65.267
600779.SH,2022-11-16,0.0,65.12,65.12,65.1,267.0,1738420.0,65.266
600779.SH,2022-11-16,0.0,65.15,65.15,65.11,307.0,1999670.0,65.265
600779.SH,2022-11-16,0.0,65.15,65.15,65.15,0.0,0.0,65.265
600779.SH,2022-11-16,0.0,65.15,65.15,65.15,0.0,0.0,65.265
600779.SH,2022-11-16,0.0,65.17,65.17,65.17,530.0,3454010.0,65.265
600779.SH,2022-11-17,0.0,64.4,64.4,64.4,508.0,3271520.0,64.4
600779.SH,2022-11-17,0.0,65.01,65.2,64.37,885.0,5722060.0,64.563
600779.SH,2022-11-17,0.0,65.01,65.1,64.66,668.0,4331940.0,64.656
600779.SH,2022-11-17,0.0,65.2,65.48,65.01,600.0,3912480.0,64.78
600779.SH,2022-11-17,0.0,65.33,65.5,65.1,838.0,5476280.0,64.917
600779.SH,2022-11-17,0.0,65.26,65.32,65.25,261.0,1703690.0,64.941
600779.SH,2022-11-17,0.0,65.35,65.4,65.1,961.0,6276750.0,65.017
600779.SH,2022-11-17,0.0,65.15,65.39,65.15,429.0,2800130.0,65.039
600779.SH,2022-11-17,0.0,65.1,65.21,65.05,421.0,2741470.0,65.045
600779.SH,2022-11-17,0.0,65.12,65.17,65.09,197.0,1282660.0,65.047
600779.SH,2022-11-17,0.0,64.88,65.15,64.78,549.0,3566610.0,65.04
600779.SH,2022-11-17,0.0,65.05,65.05,64.81,534.0,3463730.0,65.026
600779.SH,2022-11-17,0.0,65.28,65.3,65.04,169.0,1102150.0,65.031
600779.SH,2022-11-17,0.0,65.3,65.34,65.26,218.0,1423400.0,65.039
600779.SH,2022-11-17,0.0,65.55,65.55,65.21,641.0,4189260.0,65.064
600779.SH,2022-11-17,0.0,65.74,65.79,65.48,567.0,3719900.0,65.101
600779.SH,2022-11-17,0.0,65.48,65.74,65.48,862.0,5659410.0,65.152
600779.SH,2022-11-17,0.0,65.37,65.45,65.3,142.0,928651.0,65.156
600779.SH,2022-11-17,0.0,65.23,65.35,65.2,321.0,2095450.0,65.16
600779.SH,2022-11-17,0.0,65.13,65.25,65.13,248.0,1617010.0,65.161
600779.SH,2022-11-17,0.0,64.91,65.13,64.91,296.0,1923910.0,65.156
600779.SH,2022-11-17,0.0,64.95,64.97,64.89,401.0,2603060.0,65.147
600779.SH,2022-11-17,0.0,65.09,65.1,64.95,154.0,1001040.0,65.145
600779.SH,2022-11-17,0.0,64.95,65.09,64.88,557.0,3618640.0,65.136
600779.SH,2022-11-17,0.0,64.73,64.86,64.73,576.0,3732210.0,65.12
600779.SH,2022-11-17,0.0,64.76,64.78,64.73,181.0,1172170.0,65.115
600779.SH,2022-11-17,0.0,64.71,64.77,64.71,405.0,2621680.0,65.102
600779.SH,2022-11-17,0.0,64.64,64.71,64.64,280.0,1811250.0,65.093
600779.SH,2022-11-17,0.0,64.78,64.78,64.65,275.0,1779900.0,65.086
600779.SH,2022-11-17,0.0,64.9,64.9,64.8,184.0,1193300.0,65.082
600779.SH,2022-11-17,0.0,64.75,64.89,64.73,221.0,1431460.0,65.077
600779.SH,2022-11-17,0.0,64.9,65.06,64.72,217.0,1406550.0,65.073
600779.SH,2022-11-17,0.0,64.75,65.04,64.75,135.0,875996.0,65.071
600779.SH,2022-11-17,0.0,65.02,65.02,64.77,78.0,506339.0,65.071
600779.SH,2022-11-17,0.0,65.25,65.26,65.08,211.0,1374830.0,65.072
600779.SH,2022-11-17,0.0,65.0,65.25,65.0,91.0,592937.0,65.072
600779.SH,2022-11-17,0.0,64.9,65.0,64.89,100.0,649131.0,65.071
600779.SH,2022-11-17,0.0,64.9,64.96,64.9,105.0,681852.0,65.07
600779.SH,2022-11-17,0.0,64.83,64.89,64.81,118.0,765277.0,65.069
600779.SH,2022-11-17,0.0,64.81,64.86,64.81,143.0,926992.0,65.066
600779.SH,2022-11-17,0.0,64.7,64.81,64.7,137.0,887232.0,65.063
600779.SH,2022-11-17,0.0,64.66,64.71,64.65,246.0,1591250.0,65.057
600779.SH,2022-11-17,0.0,64.79,64.8,64.64,70.0,452825.0,65.056
600779.SH,2022-11-17,0.0,64.73,64.8,64.73,74.0,479384.0,65.054
600779.SH,2022-11-17,0.0,64.64,64.71,64.64,145.0,937622.0,65.051
600779.SH,2022-11-17,0.0,64.57,64.64,64.57,203.0,1311500.0,65.045
600779.SH,2022-11-17,0.0,64.42,64.56,64.4,587.0,3785720.0,65.025
600779.SH,2022-11-17,0.0,64.42,64.43,64.4,265.0,1706980.0,65.015
600779.SH,2022-11-17,0.0,64.52,64.53,64.4,187.0,1205440.0,65.009
600779.SH,2022-11-17,0.0,64.52,64.59,64.5,210.0,1355280.0,65.003
600779.SH,2022-11-17,0.0,64.55,64.58,64.45,58.0,374068.0,65.001
600779.SH,2022-11-17,0.0,64.54,64.59,64.45,129.0,832155.0,64.997
600779.SH,2022-11-17,0.0,64.39,64.54,64.39,242.0,1558930.0,64.989
600779.SH,2022-11-17,0.0,64.23,64.4,64.23,276.0,1775310.0,64.979
600779.SH,2022-11-17,0.0,64.1,64.22,64.06,507.0,3250790.0,64.955
600779.SH,2022-11-17,0.0,64.24,64.24,64.05,235.0,1506920.0,64.944
600779.SH,2022-11-17,0.0,64.24,64.25,64.19,238.0,1528510.0,64.935
600779.SH,2022-11-17,0.0,64.1,64.24,64.08,256.0,1641660.0,64.924
600779.SH,2022-11-17,0.0,64.07,64.1,64.06,282.0,1807060.0,64.911
600779.SH,2022-11-17,0.0,64.2,64.2,64.06,386.0,2473440.0,64.895
600779.SH,2022-11-17,0.0,64.24,64.24,64.18,227.0,1457570.0,64.887
600779.SH,2022-11-17,0.0,64.39,64.4,64.24,110.0,707706.0,64.884
600779.SH,2022-11-17,0.0,64.47,64.48,64.4,149.0,959780.0,64.88
600779.SH,2022-11-17,0.0,64.42,64.47,64.36,124.0,798737.0,64.878
600779.SH,2022-11-17,0.0,64.3,64.42,64.3,72.0,463300.0,64.876
600779.SH,2022-11-17,0.0,64.4,64.42,64.29,76.0,489073.0,64.874
600779.SH,2022-11-17,0.0,64.36,64.4,64.32,88.0,566392.0,64.872
600779.SH,2022-11-17,0.0,64.35,64.36,64.34,57.0,366784.0,64.87
600779.SH,2022-11-17,0.0,64.3,64.35,64.3,71.0,456715.0,64.868
600779.SH,2022-11-17,0.0,64.39,64.4,64.27,176.0,1132010.0,64.863
600779.SH,2022-11-17,0.0,64.37,64.4,64.37,66.0,424965.0,64.862
600779.SH,2022-11-17,0.0,64.4,64.4,64.36,65.0,418528.0,64.86
600779.SH,2022-11-17,0.0,64.59,64.59,64.4,142.0,915042.0,64.858
600779.SH,2022-11-17,0.0,64.5,64.6,64.5,108.0,697393.0,64.856
600779.SH,2022-11-17,0.0,64.47,64.5,64.47,45.0,290168.0,64.855
600779.SH,2022-11-17,0.0,64.48,64.5,64.47,27.0,174090.0,64.855
600779.SH,2022-11-17,0.0,64.46,64.48,64.4,48.0,309389.0,64.854
600779.SH,2022-11-17,0.0,64.45,64.49,64.44,27.0,174061.0,64.853
600779.SH,2022-11-17,0.0,64.43,64.47,64.42,56.0,360875.0,64.852
600779.SH,2022-11-17,0.0,64.47,64.47,64.43,66.0,425338.0,64.851
600779.SH,2022-11-17,0.0,64.48,64.5,64.45,42.0,270822.0,64.85
600779.SH,2022-11-17,0.0,64.47,64.51,64.45,30.0,193458.0,64.85
600779.SH,2022-11-17,0.0,64.43,64.47,64.43,109.0,702589.0,64.848
600779.SH,2022-11-17,0.0,64.51,64.51,64.43,18.0,116035.0,64.848
600779.SH,2022-11-17,0.0,64.51,64.52,64.5,52.0,335432.0,64.847
600779.SH,2022-11-17,0.0,64.58,64.58,64.44,50.0,322464.0,64.846
600779.SH,2022-11-17,0.0,64.44,64.58,64.44,32.0,206258.0,64.845
600779.SH,2022-11-17,0.0,64.45,64.45,64.44,70.0,451131.0,64.844
600779.SH,2022-11-17,0.0,64.57,64.57,64.44,38.0,244980.0,64.843
600779.SH,2022-11-17,0.0,64.57,64.59,64.53,44.0,284064.0,64.843
600779.SH,2022-11-17,0.0,64.61,64.65,64.57,78.0,501581.0,64.842
600779.SH,2022-11-17,0.0,64.53,64.61,64.53,83.0,538435.0,64.841
600779.SH,2022-11-17,0.0,64.59,64.59,64.55,38.0,245319.0,64.841
600779.SH,2022-11-17,0.0,64.56,64.64,64.56,94.0,607311.0,64.84
600779.SH,2022-11-17,0.0,64.59,64.6,64.54,38.0,245306.0,64.839
600779.SH,2022-11-17,0.0,64.57,64.59,64.53,40.0,258233.0,64.839
600779.SH,2022-11-17,0.0,64.54,64.58,64.54,17.0,109734.0,64.838
600779.SH,2022-11-17,0.0,64.49,64.53,64.49,125.0,806373.0,64.836
600779.SH,2022-11-17,0.0,64.47,64.49,64.46,41.0,264291.0,64.836
600779.SH,2022-11-17,0.0,64.3,64.46,64.28,464.0,2988330.0,64.827
600779.SH,2022-11-17,0.0,64.4,64.4,64.28,36.0,231651.0,64.826
600779.SH,2022-11-17,0.0,64.23,64.4,64.22,104.0,668705.0,64.824
600779.SH,2022-11-17,0.0,64.25,64.28,64.24,27.0,173489.0,64.823
600779.SH,2022-11-17,0.0,64.28,64.28,64.24,55.0,353417.0,64.822
600779.SH,2022-11-17,0.0,64.27,64.3,64.27,76.0,488541.0,64.82
600779.SH,2022-11-17,0.0,64.27,64.28,64.26,40.0,257082.0,64.819
600779.SH,2022-11-17,0.0,64.33,64.33,64.27,22.0,141433.0,64.819
600779.SH,2022-11-17,0.0,64.31,64.37,64.31,60.0,385983.0,64.817
600779.SH,2022-11-17,0.0,64.32,64.32,64.29,38.0,244348.0,64.816
600779.SH,2022-11-17,0.0,64.24,64.32,64.23,123.0,790552.0,64.814
600779.SH,2022-11-17,0.0,64.2,64.24,64.2,53.0,340293.0,64.812
600779.SH,2022-11-17,0.0,64.2,64.21,64.18,58.0,372323.0,64.811
600779.SH,2022-11-17,0.0,64.19,64.21,64.18,50.0,320951.0,64.809
600779.SH,2022-11-17,0.0,64.18,64.22,64.06,323.0,2071350.0,64.8
600779.SH,2022-11-17,0.0,64.12,64.18,64.11,16.0,102592.0,64.8
600779.SH,2022-11-17,0.0,64.15,64.16,64.11,76.0,487433.0,64.798
600779.SH,2022-11-17,0.0,64.09,64.15,64.08,156.0,1000220.0,64.793
600779.SH,2022-11-17,0.0,64.09,64.09,64.08,55.0,352480.0,64.792
600779.SH,2022-11-17,0.0,64.1,64.14,64.09,77.0,493588.0,64.789
600779.SH,2022-11-17,0.0,64.13,64.15,64.09,39.0,250062.0,64.788
600779.SH,2022-11-17,0.0,64.14,64.24,64.14,99.0,635271.0,64.786
600779.SH,2022-11-17,0.0,64.27,64.27,64.15,141.0,904783.0,64.782
600779.SH,2022-11-17,0.0,64.21,64.29,64.2,79.0,507733.0,64.781
600779.SH,2022-11-17,0.0,64.14,64.2,64.14,40.0,256604.0,64.78
600779.SH,2022-11-17,0.0,64.3,64.31,64.14,187.0,1201640.0,64.776
600779.SH,2022-11-17,0.0,64.21,64.3,64.2,73.0,469141.0,64.774
600779.SH,2022-11-17,0.0,64.26,64.26,64.2,54.0,346739.0,64.773
600779.SH,2022-11-17,0.0,64.22,64.26,64.2,27.0,173389.0,64.772
600779.SH,2022-11-17,0.0,64.19,64.22,64.16,51.0,327333.0,64.771
600779.SH,2022-11-17,0.0,64.15,64.17,64.15,103.0,660755.0,64.769
600779.SH,2022-11-17,0.0,64.13,64.15,64.11,99.0,634901.0,64.766
600779.SH,2022-11-17,0.0,64.22,64.22,64.1,237.0,1519890.0,64.76
600779.SH,2022-11-17,0.0,64.11,64.13,64.1,83.0,532103.0,64.758
600779.SH,2022-11-17,0.0,64.11,64.2,64.11,136.0,871948.0,64.755
600779.SH,2022-11-17,0.0,64.14,64.19,64.12,23.0,147529.0,64.754
600779.SH,2022-11-17,0.0,64.2,64.2,64.14,70.0,449304.0,64.753
600779.SH,2022-11-17,0.0,64.3,64.3,64.2,50.0,321203.0,64.752
600779.SH,2022-11-17,0.0,64.31,64.31,64.27,65.0,417904.0,64.75
600779.SH,2022-11-17,0.0,64.37,64.43,64.31,73.0,470117.0,64.749
600779.SH,2022-11-17,0.0,64.35,64.38,64.3,83.0,533934.0,64.748
600779.SH,2022-11-17,0.0,64.35,64.39,64.34,47.0,302413.0,64.747
600779.SH,2022-11-17,0.0,64.32,64.35,64.32,32.0,205886.0,64.747
600779.SH,2022-11-17,0.0,64.42,64.42,64.34,44.0,283295.0,64.746
600779.SH,2022-11-17,0.0,64.46,64.46,64.39,92.0,592874.0,64.745
600779.SH,2022-11-17,0.0,64.51,64.51,64.46,75.0,483624.0,64.744
600779.SH,2022-11-17,0.0,64.43,64.53,64.42,106.0,683315.0,64.743
600779.SH,2022-11-17,0.0,64.43,64.49,64.4,11.0,70905.0,64.743
600779.SH,2022-11-17,0.0,64.49,64.49,64.42,58.0,373793.0,64.743
600779.SH,2022-11-17,0.0,64.41,64.49,64.41,55.0,354461.0,64.742
600779.SH,2022-11-17,0.0,64.4,64.42,64.39,59.0,379988.0,64.741
600779.SH,2022-11-17,0.0,64.3,64.39,64.29,212.0,1363500.0,64.738
600779.SH,2022-11-17,0.0,64.31,64.31,64.28,64.0,411446.0,64.737
600779.SH,2022-11-17,0.0,64.34,64.36,64.29,43.0,276644.0,64.736
600779.SH,2022-11-17,0.0,64.33,64.39,64.32,19.0,122270.0,64.736
600779.SH,2022-11-17,0.0,64.3,64.3,64.23,88.0,565616.0,64.734
600779.SH,2022-11-17,0.0,64.31,64.31,64.3,31.0,199355.0,64.734
600779.SH,2022-11-17,0.0,64.4,64.4,64.31,27.0,173777.0,64.734
600779.SH,2022-11-17,0.0,64.38,64.42,64.38,60.0,386424.0,64.733
600779.SH,2022-11-17,0.0,64.42,64.43,64.38,118.0,760112.0,64.731
600779.SH,2022-11-17,0.0,64.44,64.44,64.39,68.0,438060.0,64.731
600779.SH,2022-11-17,0.0,64.36,64.44,64.36,78.0,502384.0,64.73
600779.SH,2022-11-17,0.0,64.33,64.39,64.31,51.0,328063.0,64.729
600779.SH,2022-11-17,0.0,64.39,64.39,64.35,49.0,315321.0,64.728
600779.SH,2022-11-17,0.0,64.39,64.39,64.37,16.0,103017.0,64.728
600779.SH,2022-11-17,0.0,64.35,64.4,64.35,45.0,289669.0,64.728
600779.SH,2022-11-17,0.0,64.33,64.35,64.32,24.0,154395.0,64.727
600779.SH,2022-11-17,0.0,64.32,64.33,64.3,44.0,282978.0,64.727
600779.SH,2022-11-17,0.0,64.24,64.32,64.24,39.0,250668.0,64.726
600779.SH,2022-11-17,0.0,64.2,64.23,64.19,152.0,975832.0,64.723
600779.SH,2022-11-17,0.0,64.2,64.24,64.2,42.0,269693.0,64.722
600779.SH,2022-11-17,0.0,64.21,64.24,64.2,59.0,378798.0,64.721
600779.SH,2022-11-17,0.0,64.13,64.21,64.13,206.0,1321550.0,64.717
600779.SH,2022-11-17,0.0,64.11,64.2,64.1,151.0,968086.0,64.714
600779.SH,2022-11-17,0.0,64.11,64.13,64.1,86.0,551311.0,64.712
600779.SH,2022-11-17,0.0,64.18,64.18,64.11,33.0,211680.0,64.711
600779.SH,2022-11-17,0.0,64.17,64.2,64.15,44.0,282402.0,64.71
600779.SH,2022-11-17,0.0,64.19,64.19,64.15,19.0,121939.0,64.71
600779.SH,2022-11-17,0.0,64.18,64.19,64.15,51.0,327323.0,64.709
600779.SH,2022-11-17,0.0,64.16,64.16,64.15,17.0,109075.0,64.709
600779.SH,2022-11-17,0.0,64.16,64.17,64.15,42.0,269002.0,64.708
600779.SH,2022-11-17,0.0,64.17,64.17,64.15,21.0,134743.0,64.708
600779.SH,2022-11-17,0.0,64.09,64.19,64.09,443.0,2841170.0,64.699
600779.SH,2022-11-17,0.0,64.18,64.18,64.07,188.0,1204760.0,64.695
600779.SH,2022-11-17,0.0,64.16,64.2,64.13,63.0,404257.0,64.694
600779.SH,2022-11-17,0.0,64.25,64.35,64.24,61.0,392156.0,64.693
600779.SH,2022-11-17,0.0,64.29,64.29,64.24,26.0,167090.0,64.692
600779.SH,2022-11-17,0.0,64.32,64.42,64.3,150.0,965894.0,64.691
600779.SH,2022-11-17,0.0,64.38,64.38,64.3,51.0,328163.0,64.69
600779.SH,2022-11-17,0.0,64.26,64.38,64.26,42.0,270114.0,64.69
600779.SH,2022-11-17,0.0,64.28,64.28,64.26,31.0,199254.0,64.689
600779.SH,2022-11-17,0.0,64.28,64.31,64.28,44.0,282852.0,64.689
600779.SH,2022-11-17,0.0,64.3,64.35,64.25,159.0,1022240.0,64.687
600779.SH,2022-11-17,0.0,64.24,64.3,64.24,62.0,398352.0,64.686
600779.SH,2022-11-17,0.0,64.22,64.25,64.2,110.0,706344.0,64.684
600779.SH,2022-11-17,0.0,64.3,64.3,64.2,67.0,430581.0,64.683
600779.SH,2022-11-17,0.0,64.33,64.37,64.3,70.0,453056.0,64.682
600779.SH,2022-11-17,0.0,64.38,64.4,64.31,130.0,836497.0,64.681
600779.SH,2022-11-17,0.0,64.4,64.4,64.33,57.0,366919.0,64.68
600779.SH,2022-11-17,0.0,64.3,64.39,64.25,145.0,932392.0,64.678
600779.SH,2022-11-17,0.0,64.23,64.3,64.23,51.0,327706.0,64.678
600779.SH,2022-11-17,0.0,64.3,64.3,64.23,22.0,141336.0,64.677
600779.SH,2022-11-17,0.0,64.3,64.31,64.25,21.0,134994.0,64.677
600779.SH,2022-11-17,0.0,64.28,64.31,64.28,54.0,347184.0,64.677
600779.SH,2022-11-17,0.0,64.27,64.3,64.27,107.0,687847.0,64.675
600779.SH,2022-11-17,0.0,64.24,64.27,64.24,231.0,1484050.0,64.672
600779.SH,2022-11-17,0.0,64.28,64.29,64.25,67.0,430649.0,64.671
600779.SH,2022-11-17,0.0,64.28,64.28,64.24,42.0,269888.0,64.671
600779.SH,2022-11-17,0.0,64.29,64.29,64.28,15.0,96432.0,64.67
600779.SH,2022-11-17,0.0,64.29,64.29,64.28,138.0,887198.0,64.669
600779.SH,2022-11-17,0.0,64.35,64.35,64.29,43.0,276520.0,64.668
600779.SH,2022-11-17,0.0,64.37,64.39,64.37,41.0,263943.0,64.668
600779.SH,2022-11-17,0.0,64.39,64.39,64.3,80.0,514672.0,64.667
600779.SH,2022-11-17,0.0,64.4,64.4,64.38,89.0,573130.0,64.666
600779.SH,2022-11-17,0.0,64.42,64.42,64.37,155.0,998187.0,64.665
600779.SH,2022-11-17,0.0,64.54,64.54,64.43,177.0,1141350.0,64.664
600779.SH,2022-11-17,0.0,64.55,64.55,64.53,70.0,451793.0,64.664
600779.SH,2022-11-17,0.0,64.54,64.54,64.51,88.0,567825.0,64.663
600779.SH,2022-11-17,0.0,64.54,64.55,64.54,42.0,271080.0,64.663
600779.SH,2022-11-17,0.0,64.52,64.55,64.51,87.0,561509.0,64.663
600779.SH,2022-11-17,0.0,64.52,64.54,64.52,57.0,367811.0,64.662
600779.SH,2022-11-17,0.0,64.55,64.55,64.52,61.0,393696.0,64.662
600779.SH,2022-11-17,0.0,64.55,64.56,64.54,47.0,303376.0,64.662
600779.SH,2022-11-17,0.0,64.58,64.58,64.55,97.0,626270.0,64.662
600779.SH,2022-11-17,0.0,64.6,64.6,64.58,160.0,1033500.0,64.661
600779.SH,2022-11-17,0.0,64.65,64.65,64.6,71.0,458700.0,64.661
600779.SH,2022-11-17,0.0,64.61,64.66,64.6,254.0,1641920.0,64.661
600779.SH,2022-11-17,0.0,64.64,64.65,64.6,119.0,769010.0,64.661
600779.SH,2022-11-17,0.0,64.66,64.66,64.63,121.0,782237.0,64.661
600779.SH,2022-11-17,0.0,64.76,64.77,64.66,257.0,1663270.0,64.661
600779.SH,2022-11-17,0.0,64.72,64.73,64.71,167.0,1081000.0,64.662
600779.SH,2022-11-17,0.0,64.75,64.76,64.72,143.0,927969.0,64.662
600779.SH,2022-11-17,0.0,64.77,64.77,64.71,267.0,1728720.0,64.663
600779.SH,2022-11-17,0.0,64.77,64.78,64.75,121.0,783711.0,64.663
600779.SH,2022-11-17,0.0,64.76,64.78,64.76,182.0,1178720.0,64.664
600779.SH,2022-11-17,0.0,64.75,64.77,64.74,137.0,887064.0,64.664
600779.SH,2022-11-17,0.0,64.73,64.75,64.73,178.0,1152440.0,64.664
600779.SH,2022-11-17,0.0,64.73,64.75,64.72,153.0,990349.0,64.665
600779.SH,2022-11-17,0.0,64.75,64.76,64.72,318.0,2058460.0,64.665
600779.SH,2022-11-17,0.0,64.75,64.75,64.75,0.0,0.0,64.665
600779.SH,2022-11-17,0.0,64.75,64.75,64.75,0.0,0.0,64.665
600779.SH,2022-11-17,0.0,64.77,64.77,64.77,408.0,2645720.0,64.667
600779.SH,2022-11-18,0.0,64.79,64.79,64.79,88.0,570152.0,64.79
600779.SH,2022-11-18,0.0,64.81,64.99,64.78,632.0,4098640.0,64.844
600779.SH,2022-11-18,0.0,64.76,64.87,64.71,395.0,2559510.0,64.828
600779.SH,2022-11-18,0.0,64.98,65.2,64.71,410.0,2662340.0,64.857
600779.SH,2022-11-18,0.0,64.95,65.02,64.95,322.0,2093320.0,64.883
600779.SH,2022-11-18,0.0,64.79,64.95,64.76,276.0,1789130.0,64.876
600779.SH,2022-11-18,0.0,65.13,65.13,64.8,432.0,2807860.0,64.896
600779.SH,2022-11-18,0.0,64.94,65.13,64.94,150.0,975884.0,64.905
600779.SH,2022-11-18,0.0,64.89,64.95,64.81,168.0,1090400.0,64.905
600779.SH,2022-11-18,0.0,65.01,65.01,64.88,138.0,896350.0,64.907
600779.SH,2022-11-18,0.0,64.96,65.01,64.88,376.0,2442740.0,64.914
600779.SH,2022-11-18,0.0,64.64,64.95,64.6,425.0,2750750.0,64.893
600779.SH,2022-11-18,0.0,64.65,64.65,64.55,211.0,1363780.0,64.879
600779.SH,2022-11-18,0.0,64.66,64.7,64.65,143.0,924826.0,64.872
600779.SH,2022-11-18,0.0,64.62,64.71,64.6,431.0,2786680.0,64.852
600779.SH,2022-11-18,0.0,64.73,64.73,64.6,108.0,698534.0,64.848
600779.SH,2022-11-18,0.0,64.9,65.0,64.78,205.0,1329520.0,64.848
600779.SH,2022-11-18,0.0,64.9,64.9,64.86,149.0,966675.0,64.849
600779.SH,2022-11-18,0.0,65.15,65.15,64.9,577.0,3754430.0,64.871
600779.SH,2022-11-18,0.0,65.18,65.22,65.16,394.0,2568400.0,64.892
600779.SH,2022-11-18,0.0,65.22,65.25,65.18,280.0,1826220.0,64.907
600779.SH,2022-11-18,0.0,65.02,65.21,65.02,147.0,958073.0,64.913
600779.SH,2022-11-18,0.0,65.01,65.07,65.0,134.0,871191.0,64.915
600779.SH,2022-11-18,0.0,65.08,65.15,65.06,153.0,995700.0,64.919
600779.SH,2022-11-18,0.0,65.29,65.29,65.1,314.0,2047580.0,64.932
600779.SH,2022-11-18,0.0,65.28,65.34,65.27,212.0,1384220.0,64.942
600779.SH,2022-11-18,0.0,65.25,65.27,65.18,196.0,1278680.0,64.95
600779.SH,2022-11-18,0.0,65.53,65.56,65.18,766.0,5013870.0,64.997
600779.SH,2022-11-18,0.0,65.4,65.57,65.34,183.0,1198620.0,65.008
600779.SH,2022-11-18,0.0,65.3,65.4,65.3,202.0,1319820.0,65.016
600779.SH,2022-11-18,0.0,65.16,65.29,65.16,385.0,2512870.0,65.026
600779.SH,2022-11-18,0.0,65.2,65.2,65.14,154.0,1005330.0,65.029
600779.SH,2022-11-18,0.0,65.23,65.27,65.2,146.0,952665.0,65.032
600779.SH,2022-11-18,0.0,65.08,65.26,65.08,227.0,1477470.0,65.035
600779.SH,2022-11-18,0.0,65.0,65.08,64.91,267.0,1734800.0,65.034
600779.SH,2022-11-18,0.0,65.03,65.03,65.0,60.0,390069.0,65.034
600779.SH,2022-11-18,0.0,65.07,65.09,65.02,695.0,4519740.0,65.034
600779.SH,2022-11-18,0.0,65.18,65.2,65.08,70.0,456262.0,65.034
600779.SH,2022-11-18,0.0,65.25,65.32,65.18,123.0,804103.0,65.037
600779.SH,2022-11-18,0.0,65.32,65.38,65.26,153.0,1000050.0,65.041
600779.SH,2022-11-18,0.0,65.28,65.34,65.25,59.0,385087.0,65.043
600779.SH,2022-11-18,0.0,65.13,65.27,65.1,94.0,612552.0,65.044
600779.SH,2022-11-18,0.0,65.14,65.2,65.13,43.0,280188.0,65.044
600779.SH,2022-11-18,0.0,65.1,65.14,65.09,148.0,963551.0,65.045
600779.SH,2022-11-18,0.0,65.15,65.16,65.11,107.0,696746.0,65.046
600779.SH,2022-11-18,0.0,65.16,65.18,65.15,56.0,364921.0,65.046
600779.SH,2022-11-18,0.0,65.1,65.16,65.1,128.0,833670.0,65.047
600779.SH,2022-11-18,0.0,65.0,65.1,65.0,210.0,1365440.0,65.047
600779.SH,2022-11-18,0.0,65.2,65.2,65.0,132.0,858524.0,65.047
600779.SH,2022-11-18,0.0,65.21,65.25,65.21,51.0,332605.0,65.047
600779.SH,2022-11-18,0.0,65.26,65.26,65.22,55.0,358824.0,65.048
600779.SH,2022-11-18,0.0,65.23,65.26,65.2,357.0,2328730.0,65.054
600779.SH,2022-11-18,0.0,65.29,65.39,65.21,173.0,1129960.0,65.057
600779.SH,2022-11-18,0.0,65.37,65.38,65.29,84.0,549064.0,65.059
600779.SH,2022-11-18,0.0,65.48,65.48,65.37,171.0,1118800.0,65.064
600779.SH,2022-11-18,0.0,65.37,65.48,65.37,116.0,759177.0,65.068
600779.SH,2022-11-18,0.0,65.3,65.35,65.19,66.0,430610.0,65.068
600779.SH,2022-11-18,0.0,65.26,65.29,65.26,49.0,319841.0,65.069
600779.SH,2022-11-18,0.0,65.26,65.3,65.25,94.0,613707.0,65.071
600779.SH,2022-11-18,0.0,65.35,65.35,65.27,41.0,267778.0,65.072
600779.SH,2022-11-18,0.0,65.31,65.35,65.3,81.0,529089.0,65.073
600779.SH,2022-11-18,0.0,65.3,65.31,65.28,61.0,398312.0,65.074
600779.SH,2022-11-18,0.0,65.4,65.4,65.3,169.0,1104230.0,65.077
600779.SH,2022-11-18,0.0,65.43,65.47,65.42,111.0,726381.0,65.08
600779.SH,2022-11-18,0.0,65.41,65.43,65.4,91.0,595279.0,65.083
600779.SH,2022-11-18,0.0,65.44,65.44,65.38,234.0,1530910.0,65.088
600779.SH,2022-11-18,0.0,65.35,65.44,65.35,246.0,1609550.0,65.094
600779.SH,2022-11-18,0.0,65.33,65.35,65.33,75.0,490021.0,65.096
600779.SH,2022-11-18,0.0,65.35,65.35,65.33,67.0,437775.0,65.097
600779.SH,2022-11-18,0.0,65.36,65.37,65.35,81.0,529489.0,65.098
600779.SH,2022-11-18,0.0,65.26,65.36,65.26,85.0,554939.0,65.099
600779.SH,2022-11-18,0.0,65.27,65.27,65.2,145.0,947928.0,65.101
600779.SH,2022-11-18,0.0,65.29,65.29,65.26,43.0,280699.0,65.101
600779.SH,2022-11-18,0.0,65.24,65.29,65.24,46.0,300260.0,65.102
600779.SH,2022-11-18,0.0,65.24,65.27,65.24,16.0,104409.0,65.102
600779.SH,2022-11-18,0.0,65.17,65.24,65.17,74.0,482564.0,65.102
600779.SH,2022-11-18,0.0,65.13,65.17,65.12,102.0,664438.0,65.103
600779.SH,2022-11-18,0.0,65.09,65.12,65.08,78.0,507799.0,65.103
600779.SH,2022-11-18,0.0,65.07,65.1,65.06,95.0,618199.0,65.103
600779.SH,2022-11-18,0.0,65.03,65.07,65.03,94.0,611527.0,65.102
600779.SH,2022-11-18,0.0,65.04,65.06,65.03,84.0,546364.0,65.102
600779.SH,2022-11-18,0.0,65.04,65.09,65.04,91.0,594601.0,65.102
600779.SH,2022-11-18,0.0,65.05,65.05,65.04,133.0,865164.0,65.101
600779.SH,2022-11-18,0.0,64.94,65.05,64.94,417.0,2708310.0,65.099
600779.SH,2022-11-18,0.0,64.88,64.92,64.88,88.0,571104.0,65.098
600779.SH,2022-11-18,0.0,64.74,64.89,64.74,197.0,1276860.0,65.094
600779.SH,2022-11-18,0.0,64.9,64.9,64.72,207.0,1340650.0,65.09
600779.SH,2022-11-18,0.0,64.91,64.94,64.91,68.0,441422.0,65.089
600779.SH,2022-11-18,0.0,64.85,64.9,64.85,25.0,162120.0,65.089
600779.SH,2022-11-18,0.0,64.9,64.9,64.8,32.0,207524.0,65.089
600779.SH,2022-11-18,0.0,64.92,64.93,64.89,23.0,149319.0,65.088
600779.SH,2022-11-18,0.0,64.91,64.92,64.9,76.0,493278.0,65.087
600779.SH,2022-11-18,0.0,65.03,65.03,64.91,150.0,974683.0,65.086
600779.SH,2022-11-18,0.0,65.0,65.03,64.98,24.0,156012.0,65.086
600779.SH,2022-11-18,0.0,64.98,65.0,64.98,45.0,292361.0,65.086
600779.SH,2022-11-18,0.0,64.92,64.97,64.91,14.0,90904.0,65.086
600779.SH,2022-11-18,0.0,64.92,64.92,64.91,40.0,259656.0,65.086
600779.SH,2022-11-18,0.0,64.96,64.96,64.92,16.0,103909.0,65.085
600779.SH,2022-11-18,0.0,64.97,65.1,64.96,116.0,754083.0,65.085
600779.SH,2022-11-18,0.0,65.05,65.1,64.97,21.0,136589.0,65.085
600779.SH,2022-11-18,0.0,65.08,65.08,65.05,47.0,305844.0,65.085
600779.SH,2022-11-18,0.0,65.08,65.08,65.07,99.0,644205.0,65.085
600779.SH,2022-11-18,0.0,65.01,65.02,65.01,23.0,149540.0,65.085
600779.SH,2022-11-18,0.0,65.04,65.05,65.01,23.0,149577.0,65.085
600779.SH,2022-11-18,0.0,65.03,65.03,65.0,21.0,136553.0,65.084
600779.SH,2022-11-18,0.0,65.03,65.03,65.01,36.0,234075.0,65.084
600779.SH,2022-11-18,0.0,65.05,65.05,65.03,14.0,91057.0,65.084
600779.SH,2022-11-18,0.0,65.0,65.06,65.0,27.0,175578.0,65.084
600779.SH,2022-11-18,0.0,65.13,65.13,65.0,95.0,617875.0,65.084
600779.SH,2022-11-18,0.0,65.15,65.15,65.06,41.0,267047.0,65.084
600779.SH,2022-11-18,0.0,65.15,65.19,65.15,67.0,436729.0,65.084
600779.SH,2022-11-18,0.0,65.2,65.2,65.19,90.0,586714.0,65.085
600779.SH,2022-11-18,0.0,65.2,65.21,65.2,53.0,345577.0,65.085
600779.SH,2022-11-18,0.0,65.28,65.28,65.19,222.0,1450450.0,65.087
600779.SH,2022-11-18,0.0,65.25,65.3,65.25,63.0,411357.0,65.088
600779.SH,2022-11-18,0.0,65.2,65.29,65.2,72.0,469959.0,65.088
600779.SH,2022-11-18,0.0,65.2,65.23,65.2,47.0,306453.0,65.089
600779.SH,2022-11-18,0.0,65.19,65.2,65.19,11.0,71713.0,65.089
600779.SH,2022-11-18,0.0,65.19,65.2,65.19,11.0,71713.0,65.089
600779.SH,2022-11-18,0.0,65.15,65.19,65.15,23.0,149870.0,65.089
600779.SH,2022-11-18,0.0,65.15,65.16,65.09,32.0,208464.0,65.089
600779.SH,2022-11-18,0.0,65.43,65.43,65.12,476.0,3109500.0,65.095
600779.SH,2022-11-18,0.0,65.5,65.68,65.44,1794.0,11754400.0,65.133
600779.SH,2022-11-18,0.0,65.39,65.5,65.3,73.0,476972.0,65.133
600779.SH,2022-11-18,0.0,65.45,65.46,65.39,54.0,353226.0,65.134
600779.SH,2022-11-18,0.0,65.23,65.37,65.22,175.0,1142960.0,65.136
600779.SH,2022-11-18,0.0,65.23,65.28,65.21,40.0,260904.0,65.136
600779.SH,2022-11-18,0.0,65.21,65.28,65.21,92.0,600377.0,65.136
600779.SH,2022-11-18,0.0,65.3,65.3,65.19,141.0,919931.0,65.137
600779.SH,2022-11-18,0.0,65.3,65.4,65.3,185.0,1209620.0,65.139
600779.SH,2022-11-18,0.0,65.31,65.38,65.29,44.0,287492.0,65.14
600779.SH,2022-11-18,0.0,65.3,65.32,65.29,114.0,744399.0,65.14
600779.SH,2022-11-18,0.0,65.29,65.31,65.29,66.0,430946.0,65.141
600779.SH,2022-11-18,0.0,65.3,65.31,65.29,18.0,117537.0,65.141
600779.SH,2022-11-18,0.0,65.35,65.37,65.35,88.0,575090.0,65.142
600779.SH,2022-11-18,0.0,65.44,65.45,65.35,275.0,1798370.0,65.145
600779.SH,2022-11-18,0.0,65.46,65.47,65.41,168.0,1099410.0,65.147
600779.SH,2022-11-18,0.0,65.85,65.86,65.47,1194.0,7840490.0,65.174
600779.SH,2022-11-18,0.0,66.02,66.16,65.85,1581.0,10433400.0,65.227
600779.SH,2022-11-18,0.0,65.85,66.02,65.8,386.0,2543770.0,65.237
600779.SH,2022-11-18,0.0,65.75,65.85,65.7,410.0,2696190.0,65.245
600779.SH,2022-11-18,0.0,65.85,65.87,65.75,329.0,2165670.0,65.253
600779.SH,2022-11-18,0.0,65.85,65.88,65.82,315.0,2074570.0,65.26
600779.SH,2022-11-18,0.0,65.65,65.86,65.65,294.0,1934890.0,65.266
600779.SH,2022-11-18,0.0,65.58,65.65,65.56,148.0,970612.0,65.268
600779.SH,2022-11-18,0.0,65.63,65.68,65.58,65.0,426582.0,65.269
600779.SH,2022-11-18,0.0,65.68,65.68,65.6,199.0,1305620.0,65.271
600779.SH,2022-11-18,0.0,65.68,65.68,65.62,32.0,210089.0,65.272
600779.SH,2022-11-18,0.0,65.58,65.68,65.58,92.0,603609.0,65.273
600779.SH,2022-11-18,0.0,65.6,65.62,65.57,166.0,1088790.0,65.275
600779.SH,2022-11-18,0.0,65.6,65.65,65.59,54.0,354238.0,65.276
600779.SH,2022-11-18,0.0,65.51,65.6,65.5,208.0,1363120.0,65.278
600779.SH,2022-11-18,0.0,65.65,65.65,65.5,93.0,609896.0,65.279
600779.SH,2022-11-18,0.0,65.65,65.65,65.62,87.0,571115.0,65.28
600779.SH,2022-11-18,0.0,65.59,65.65,65.59,43.0,282089.0,65.28
600779.SH,2022-11-18,0.0,65.59,65.6,65.55,21.0,137698.0,65.28
600779.SH,2022-11-18,0.0,65.55,65.57,65.55,117.0,767079.0,65.282
600779.SH,2022-11-18,0.0,65.52,65.56,65.52,38.0,249032.0,65.282
600779.SH,2022-11-18,0.0,65.56,65.56,65.52,26.0,170425.0,65.282
600779.SH,2022-11-18,0.0,65.55,65.57,65.52,69.0,452372.0,65.283
600779.SH,2022-11-18,0.0,65.67,65.67,65.57,194.0,1272860.0,65.285
600779.SH,2022-11-18,0.0,65.65,65.68,65.64,115.0,755139.0,65.287
600779.SH,2022-11-18,0.0,65.64,65.65,65.6,47.0,308518.0,65.287
600779.SH,2022-11-18,0.0,65.58,65.64,65.56,63.0,413183.0,65.288
600779.SH,2022-11-18,0.0,65.6,65.6,65.58,35.0,229594.0,65.288
600779.SH,2022-11-18,0.0,65.6,65.62,65.6,50.0,328018.0,65.289
600779.SH,2022-11-18,0.0,65.51,65.6,65.51,130.0,852167.0,65.29
600779.SH,2022-11-18,0.0,65.48,65.51,65.48,169.0,1106970.0,65.291
600779.SH,2022-11-18,0.0,65.4,65.46,65.4,52.0,340310.0,65.292
600779.SH,2022-11-18,0.0,65.4,65.44,65.38,73.0,477441.0,65.292
600779.SH,2022-11-18,0.0,65.46,65.5,65.4,55.0,359968.0,65.292
600779.SH,2022-11-18,0.0,65.43,65.49,65.42,58.0,379629.0,65.293
600779.SH,2022-11-18,0.0,65.46,65.46,65.43,4.0,26181.0,65.293
600779.SH,2022-11-18,0.0,65.5,65.5,65.46,18.0,117869.0,65.293
600779.SH,2022-11-18,0.0,65.64,65.64,65.49,47.0,308226.0,65.293
600779.SH,2022-11-18,0.0,65.64,65.65,65.63,85.0,557974.0,65.294
600779.SH,2022-11-18,0.0,65.66,65.67,65.64,75.0,492406.0,65.295
600779.SH,2022-11-18,0.0,65.66,65.67,65.65,85.0,558111.0,65.296
600779.SH,2022-11-18,0.0,65.63,65.66,65.63,92.0,603944.0,65.297
600779.SH,2022-11-18,0.0,65.53,65.63,65.53,83.0,544569.0,65.298
600779.SH,2022-11-18,0.0,65.62,65.62,65.53,121.0,793614.0,65.299
600779.SH,2022-11-18,0.0,65.62,65.64,65.6,85.0,557888.0,65.3
600779.SH,2022-11-18,0.0,65.67,65.67,65.6,251.0,1647730.0,65.303
600779.SH,2022-11-18,0.0,65.62,65.67,65.62,46.0,301971.0,65.304
600779.SH,2022-11-18,0.0,65.6,65.62,65.59,38.0,249330.0,65.304
600779.SH,2022-11-18,0.0,65.6,65.65,65.55,130.0,852785.0,65.305
600779.SH,2022-11-18,0.0,65.62,65.62,65.6,35.0,229657.0,65.306
600779.SH,2022-11-18,0.0,65.5,65.62,65.5,191.0,1252170.0,65.307
600779.SH,2022-11-18,0.0,65.4,65.5,65.4,145.0,949083.0,65.308
600779.SH,2022-11-18,0.0,65.4,65.45,65.39,135.0,882977.0,65.309
600779.SH,2022-11-18,0.0,65.4,65.4,65.38,118.0,771655.0,65.309
600779.SH,2022-11-18,0.0,65.48,65.48,65.4,80.0,523587.0,65.309
600779.SH,2022-11-18,0.0,65.51,65.51,65.48,25.0,163732.0,65.309
600779.SH,2022-11-18,0.0,65.55,65.55,65.51,63.0,412910.0,65.31
600779.SH,2022-11-18,0.0,65.5,65.55,65.49,240.0,1572820.0,65.312
600779.SH,2022-11-18,0.0,65.5,65.54,65.48,121.0,792475.0,65.312
600779.SH,2022-11-18,0.0,65.51,65.51,65.48,49.0,320951.0,65.313
600779.SH,2022-11-18,0.0,65.51,65.52,65.51,10.0,65514.0,65.313
600779.SH,2022-11-18,0.0,65.5,65.52,65.5,52.0,340657.0,65.313
600779.SH,2022-11-18,0.0,65.48,65.5,65.48,49.0,320907.0,65.313
600779.SH,2022-11-18,0.0,65.48,65.49,65.48,78.0,510626.0,65.314
600779.SH,2022-11-18,0.0,65.48,65.49,65.47,106.0,694081.0,65.314
600779.SH,2022-11-18,0.0,65.48,65.51,65.47,108.0,707252.0,65.315
600779.SH,2022-11-18,0.0,65.54,65.57,65.48,168.0,1100730.0,65.316
600779.SH,2022-11-18,0.0,65.52,65.57,65.52,66.0,432646.0,65.316
600779.SH,2022-11-18,0.0,65.6,65.6,65.52,140.0,918231.0,65.318
600779.SH,2022-11-18,0.0,65.59,65.6,65.58,80.0,524695.0,65.318
600779.SH,2022-11-18,0.0,65.58,65.59,65.57,78.0,511517.0,65.319
600779.SH,2022-11-18,0.0,65.56,65.58,65.56,34.0,222953.0,65.319
600779.SH,2022-11-18,0.0,65.5,65.56,65.5,45.0,294892.0,65.319
600779.SH,2022-11-18,0.0,65.53,65.53,65.5,67.0,438985.0,65.32
600779.SH,2022-11-18,0.0,65.4,65.53,65.36,497.0,3253190.0,65.322
600779.SH,2022-11-18,0.0,65.33,65.4,65.33,91.0,594736.0,65.322
600779.SH,2022-11-18,0.0,65.35,65.35,65.31,106.0,692444.0,65.322
600779.SH,2022-11-18,0.0,65.33,65.35,65.31,123.0,803705.0,65.322
600779.SH,2022-11-18,0.0,65.36,65.36,65.33,93.0,607726.0,65.322
600779.SH,2022-11-18,0.0,65.42,65.42,65.37,142.0,928596.0,65.322
600779.SH,2022-11-18,0.0,65.39,65.42,65.38,179.0,1170770.0,65.323
600779.SH,2022-11-18,0.0,65.38,65.39,65.37,100.0,653818.0,65.323
600779.SH,2022-11-18,0.0,65.39,65.39,65.38,84.0,549253.0,65.323
600779.SH,2022-11-18,0.0,65.4,65.4,65.37,149.0,974212.0,65.324
600779.SH,2022-11-18,0.0,65.41,65.41,65.39,130.0,850167.0,65.324
600779.SH,2022-11-18,0.0,65.45,65.45,65.41,135.0,883059.0,65.324
600779.SH,2022-11-18,0.0,65.38,65.45,65.35,184.0,1203280.0,65.325
600779.SH,2022-11-18,0.0,65.33,65.38,65.33,227.0,1483550.0,65.325
600779.SH,2022-11-18,0.0,65.26,65.33,65.26,159.0,1038260.0,65.325
600779.SH,2022-11-18,0.0,65.27,65.35,65.25,292.0,1906200.0,65.324
600779.SH,2022-11-18,0.0,65.27,65.3,65.27,106.0,692108.0,65.324
600779.SH,2022-11-18,0.0,65.2,65.27,65.2,430.0,2805010.0,65.323
600779.SH,2022-11-18,0.0,65.16,65.18,65.15,104.0,677757.0,65.323
600779.SH,2022-11-18,0.0,65.13,65.16,65.12,144.0,938074.0,65.322
600779.SH,2022-11-18,0.0,65.12,65.14,65.11,181.0,1178850.0,65.321
600779.SH,2022-11-18,0.0,65.16,65.16,65.11,125.0,814098.0,65.32
600779.SH,2022-11-18,0.0,65.21,65.21,65.15,159.0,1036400.0,65.32
600779.SH,2022-11-18,0.0,65.22,65.22,65.2,405.0,2641260.0,65.319
600779.SH,2022-11-18,0.0,65.21,65.22,65.2,254.0,1656320.0,65.318
600779.SH,2022-11-18,0.0,65.21,65.22,65.2,363.0,2367030.0,65.317
600779.SH,2022-11-18,0.0,65.25,65.25,65.2,241.0,1571800.0,65.316
600779.SH,2022-11-18,0.0,65.26,65.26,65.26,11.0,69295.0,65.316
600779.SH,2022-11-18,0.0,65.26,65.26,65.26,0.0,0.0,65.316
600779.SH,2022-11-18,0.0,65.26,65.26,65.26,591.0,3859540.0,65.315
600779.SH,2022-11-21,0.0,64.31,64.31,64.31,393.0,2525130.0,64.31
600779.SH,2022-11-21,0.0,63.81,64.36,63.8,1637.0,10492800.0,64.128
600779.SH,2022-11-21,0.0,63.58,63.76,63.4,1323.0,8407720.0,63.895
600779.SH,2022-11-21,0.0,63.66,63.68,63.58,1003.0,6379600.0,63.828
600779.SH,2022-11-21,0.0,63.54,63.68,63.5,790.0,5021270.0,63.787
600779.SH,2022-11-21,0.0,63.71,63.75,63.54,336.0,2135920.0,63.777
600779.SH,2022-11-21,0.0,63.21,63.71,63.11,1387.0,8796100.0,63.702
600779.SH,2022-11-21,0.0,63.15,63.44,63.09,995.0,6290080.0,63.641
600779.SH,2022-11-21,0.0,63.0,63.15,62.89,1446.0,9112430.0,63.544
600779.SH,2022-11-21,0.0,62.91,62.95,62.87,718.0,4516280.0,63.498
600779.SH,2022-11-21,0.0,62.63,62.9,62.6,1479.0,9278350.0,63.4
600779.SH,2022-11-21,0.0,62.85,62.85,62.58,1081.0,6780080.0,63.341
600779.SH,2022-11-21,0.0,63.02,63.02,62.69,933.0,5862980.0,63.307
600779.SH,2022-11-21,0.0,63.2,63.2,63.03,222.0,1400980.0,63.304
600779.SH,2022-11-21,0.0,63.06,63.17,63.04,446.0,2815940.0,63.298
600779.SH,2022-11-21,0.0,63.3,63.3,63.05,280.0,1769470.0,63.296
600779.SH,2022-11-21,0.0,63.39,63.39,63.29,413.0,2614800.0,63.297
600779.SH,2022-11-21,0.0,63.32,63.36,63.3,346.0,2190980.0,63.297
600779.SH,2022-11-21,0.0,63.16,63.34,63.16,499.0,3157390.0,63.297
600779.SH,2022-11-21,0.0,63.04,63.09,63.03,442.0,2787560.0,63.29
600779.SH,2022-11-21,0.0,63.06,63.1,63.03,171.0,1078310.0,63.288
600779.SH,2022-11-21,0.0,62.96,63.1,62.96,356.0,2242900.0,63.282
600779.SH,2022-11-21,0.0,63.01,63.02,62.96,273.0,1719790.0,63.277
600779.SH,2022-11-21,0.0,62.95,63.02,62.95,165.0,1039040.0,63.274
600779.SH,2022-11-21,0.0,62.86,62.94,62.81,470.0,2955980.0,63.264
600779.SH,2022-11-21,0.0,62.85,62.89,62.81,358.0,2249900.0,63.256
600779.SH,2022-11-21,0.0,62.8,62.84,62.8,341.0,2141780.0,63.248
600779.SH,2022-11-21,0.0,62.78,62.82,62.77,384.0,2411490.0,63.238
600779.SH,2022-11-21,0.0,62.71,62.76,62.71,353.0,2214700.0,63.229
600779.SH,2022-11-21,0.0,62.63,62.72,62.61,439.0,2750660.0,63.216
600779.SH,2022-11-21,0.0,62.64,62.65,62.63,222.0,1390530.0,63.21
600779.SH,2022-11-21,0.0,62.8,62.84,62.63,364.0,2283460.0,63.201
600779.SH,2022-11-21,0.0,62.82,62.95,62.82,217.0,1364670.0,63.198
600779.SH,2022-11-21,0.0,62.85,62.87,62.73,336.0,2110230.0,63.191
600779.SH,2022-11-21,0.0,63.09,63.09,62.83,235.0,1479400.0,63.189
600779.SH,2022-11-21,0.0,63.0,63.1,62.86,202.0,1272400.0,63.187
600779.SH,2022-11-21,0.0,62.85,63.04,62.75,262.0,1645800.0,63.182
600779.SH,2022-11-21,0.0,62.88,62.93,62.79,221.0,1389310.0,63.179
600779.SH,2022-11-21,0.0,63.05,63.05,62.9,225.0,1414330.0,63.177
600779.SH,2022-11-21,0.0,63.08,63.08,63.0,152.0,958124.0,63.176
600779.SH,2022-11-21,0.0,63.01,63.08,63.0,233.0,1468810.0,63.174
600779.SH,2022-11-21,0.0,63.01,63.05,63.0,116.0,731055.0,63.173
600779.SH,2022-11-21,0.0,63.01,63.02,62.91,199.0,1253140.0,63.172
600779.SH,2022-11-21,0.0,62.97,63.02,62.97,94.0,592104.0,63.171
600779.SH,2022-11-21,0.0,62.97,62.97,62.91,164.0,1032470.0,63.169
600779.SH,2022-11-21,0.0,63.03,63.05,62.97,140.0,882143.0,63.168
600779.SH,2022-11-21,0.0,63.18,63.18,63.02,189.0,1192620.0,63.168
600779.SH,2022-11-21,0.0,63.25,63.25,63.18,89.0,562728.0,63.168
600779.SH,2022-11-21,0.0,63.19,63.26,63.17,160.0,1011350.0,63.168
600779.SH,2022-11-21,0.0,63.14,63.19,63.14,35.0,221056.0,63.168
600779.SH,2022-11-21,0.0,63.01,63.14,63.01,72.0,454053.0,63.168
600779.SH,2022-11-21,0.0,63.04,63.05,63.01,81.0,510584.0,63.167
600779.SH,2022-11-21,0.0,63.1,63.1,63.04,82.0,517071.0,63.167
600779.SH,2022-11-21,0.0,63.05,63.11,63.05,82.0,517264.0,63.167
600779.SH,2022-11-21,0.0,63.06,63.06,63.04,142.0,895347.0,63.166
600779.SH,2022-11-21,0.0,63.14,63.14,63.06,114.0,719257.0,63.166
600779.SH,2022-11-21,0.0,63.17,63.19,63.14,77.0,486321.0,63.166
600779.SH,2022-11-21,0.0,63.15,63.17,63.15,52.0,328423.0,63.166
600779.SH,2022-11-21,0.0,63.25,63.25,63.15,121.0,764575.0,63.166
600779.SH,2022-11-21,0.0,63.27,63.27,63.23,66.0,417481.0,63.166
600779.SH,2022-11-21,0.0,63.25,63.27,63.24,85.0,537703.0,63.166
600779.SH,2022-11-21,0.0,63.1,63.25,63.1,172.0,1086320.0,63.166
600779.SH,2022-11-21,0.0,63.33,63.33,63.11,180.0,1138290.0,63.167
600779.SH,2022-11-21,0.0,63.3,63.39,63.26,94.0,595393.0,63.167
600779.SH,2022-11-21,0.0,63.22,63.3,63.22,52.0,328883.0,63.168
600779.SH,2022-11-21,0.0,63.14,63.22,63.06,84.0,530409.0,63.168
600779.SH,2022-11-21,0.0,63.09,63.12,63.08,77.0,485857.0,63.167
600779.SH,2022-11-21,0.0,63.05,63.09,63.03,104.0,655879.0,63.167
600779.SH,2022-11-21,0.0,63.0,63.05,63.0,250.0,1575330.0,63.165
600779.SH,2022-11-21,0.0,62.95,63.0,62.95,76.0,478611.0,63.165
600779.SH,2022-11-21,0.0,62.9,62.96,62.9,130.0,817896.0,63.164
600779.SH,2022-11-21,0.0,62.91,62.92,62.88,87.0,547207.0,63.163
600779.SH,2022-11-21,0.0,62.92,62.93,62.91,66.0,415245.0,63.162
600779.SH,2022-11-21,0.0,62.92,62.93,62.9,44.0,276841.0,63.162
600779.SH,2022-11-21,0.0,62.89,62.92,62.89,114.0,717091.0,63.16
600779.SH,2022-11-21,0.0,62.9,62.92,62.89,44.0,276768.0,63.16
600779.SH,2022-11-21,0.0,62.85,62.9,62.83,248.0,1559250.0,63.157
600779.SH,2022-11-21,0.0,62.82,62.83,62.8,111.0,697257.0,63.156
600779.SH,2022-11-21,0.0,62.8,62.82,62.8,218.0,1369140.0,63.153
600779.SH,2022-11-21,0.0,62.83,62.83,62.8,101.0,634433.0,63.152
600779.SH,2022-11-21,0.0,62.78,62.83,62.77,191.0,1199490.0,63.149
600779.SH,2022-11-21,0.0,62.81,62.84,62.76,83.0,521238.0,63.148
600779.SH,2022-11-21,0.0,62.87,62.89,62.81,49.0,307899.0,63.148
600779.SH,2022-11-21,0.0,62.84,62.91,62.84,106.0,666715.0,63.147
600779.SH,2022-11-21,0.0,62.92,62.92,62.84,31.0,195027.0,63.146
600779.SH,2022-11-21,0.0,62.85,62.92,62.85,51.0,320758.0,63.146
600779.SH,2022-11-21,0.0,62.84,62.85,62.84,54.0,339355.0,63.145
600779.SH,2022-11-21,0.0,62.84,62.86,62.83,31.0,194813.0,63.145
600779.SH,2022-11-21,0.0,62.88,62.88,62.8,141.0,885874.0,63.143
600779.SH,2022-11-21,0.0,62.89,62.9,62.88,23.0,144654.0,63.143
600779.SH,2022-11-21,0.0,62.88,62.89,62.86,39.0,245227.0,63.143
600779.SH,2022-11-21,0.0,62.88,62.89,62.82,61.0,383475.0,63.142
600779.SH,2022-11-21,0.0,62.98,62.98,62.88,74.0,465650.0,63.141
600779.SH,2022-11-21,0.0,62.98,62.99,62.96,46.0,289690.0,63.141
600779.SH,2022-11-21,0.0,63.0,63.0,62.95,128.0,806223.0,63.14
600779.SH,2022-11-21,0.0,62.8,63.0,62.8,202.0,1270050.0,63.138
600779.SH,2022-11-21,0.0,62.81,62.87,62.8,40.0,251300.0,63.138
600779.SH,2022-11-21,0.0,62.81,62.85,62.8,131.0,822893.0,63.137
600779.SH,2022-11-21,0.0,62.86,62.86,62.8,88.0,552832.0,63.136
600779.SH,2022-11-21,0.0,62.83,62.88,62.8,45.0,282707.0,63.135
600779.SH,2022-11-21,0.0,62.8,62.82,62.8,40.0,251243.0,63.135
600779.SH,2022-11-21,0.0,62.88,62.88,62.8,57.0,358068.0,63.134
600779.SH,2022-11-21,0.0,62.83,62.88,62.83,40.0,251342.0,63.134
600779.SH,2022-11-21,0.0,62.85,62.85,62.8,70.0,439729.0,63.133
600779.SH,2022-11-21,0.0,62.83,62.85,62.81,26.0,163354.0,63.132
600779.SH,2022-11-21,0.0,62.75,62.82,62.75,257.0,1613530.0,63.129
600779.SH,2022-11-21,0.0,62.74,62.76,62.71,197.0,1235640.0,63.127
600779.SH,2022-11-21,0.0,62.72,62.75,62.72,29.0,181924.0,63.126
600779.SH,2022-11-21,0.0,62.77,62.77,62.72,40.0,251004.0,63.126
600779.SH,2022-11-21,0.0,62.78,62.78,62.77,39.0,244818.0,63.125
600779.SH,2022-11-21,0.0,62.79,62.79,62.78,44.0,276250.0,63.125
600779.SH,2022-11-21,0.0,62.89,63.0,62.78,201.0,1263010.0,63.123
600779.SH,2022-11-21,0.0,63.02,63.02,62.89,70.0,440767.0,63.122
600779.SH,2022-11-21,0.0,62.97,63.05,62.96,97.0,611231.0,63.122
600779.SH,2022-11-21,0.0,62.98,63.0,62.97,91.0,573248.0,63.122
600779.SH,2022-11-21,0.0,63.01,63.01,62.98,69.0,434739.0,63.121
600779.SH,2022-11-21,0.0,62.99,63.02,62.99,50.0,314999.0,63.121
600779.SH,2022-11-21,0.0,63.0,63.0,62.99,13.0,81893.0,63.121
600779.SH,2022-11-21,0.0,62.97,63.01,62.97,99.0,623581.0,63.121
600779.SH,2022-11-21,0.0,62.76,62.97,62.76,152.0,954980.0,63.119
600779.SH,2022-11-21,0.0,62.9,62.9,62.76,156.0,979342.0,63.117
600779.SH,2022-11-21,0.0,62.83,62.92,62.82,237.0,1490120.0,63.115
600779.SH,2022-11-21,0.0,62.84,62.85,62.79,80.0,502546.0,63.115
600779.SH,2022-11-21,0.0,62.9,62.91,62.84,91.0,572077.0,63.114
600779.SH,2022-11-21,0.0,63.0,63.0,62.9,55.0,346231.0,63.114
600779.SH,2022-11-21,0.0,62.87,63.0,62.87,59.0,371261.0,63.113
600779.SH,2022-11-21,0.0,62.83,62.88,62.83,60.0,377259.0,63.113
600779.SH,2022-11-21,0.0,62.8,62.84,62.8,116.0,728629.0,63.112
600779.SH,2022-11-21,0.0,62.75,62.83,62.75,299.0,1876800.0,63.108
600779.SH,2022-11-21,0.0,62.75,62.76,62.73,72.0,451819.0,63.108
600779.SH,2022-11-21,0.0,62.75,62.75,62.73,34.0,213334.0,63.107
600779.SH,2022-11-21,0.0,62.74,62.75,62.7,219.0,1373510.0,63.104
600779.SH,2022-11-21,0.0,62.72,62.76,62.7,25.0,156813.0,63.104
600779.SH,2022-11-21,0.0,62.75,62.76,62.71,28.0,175660.0,63.104
600779.SH,2022-11-21,0.0,62.76,62.78,62.75,60.0,376490.0,63.103
600779.SH,2022-11-21,0.0,62.78,62.8,62.76,57.0,357833.0,63.103
600779.SH,2022-11-21,0.0,62.81,62.81,62.74,138.0,866101.0,63.101
600779.SH,2022-11-21,0.0,63.0,63.0,62.81,117.0,736441.0,63.1
600779.SH,2022-11-21,0.0,62.99,63.01,62.95,60.0,378010.0,63.1
600779.SH,2022-11-21,0.0,62.95,63.01,62.91,80.0,503589.0,63.1
600779.SH,2022-11-21,0.0,62.97,62.97,62.92,5.0,31475.0,63.1
600779.SH,2022-11-21,0.0,62.99,63.0,62.93,79.0,497564.0,63.1
600779.SH,2022-11-21,0.0,62.93,62.99,62.93,8.0,50370.0,63.1
600779.SH,2022-11-21,0.0,62.91,62.99,62.91,45.0,283159.0,63.099
600779.SH,2022-11-21,0.0,62.92,62.92,62.88,68.0,427699.0,63.099
600779.SH,2022-11-21,0.0,62.83,62.92,62.82,64.0,402249.0,63.098
600779.SH,2022-11-21,0.0,62.98,62.99,62.83,77.0,484845.0,63.098
600779.SH,2022-11-21,0.0,63.0,63.0,62.97,98.0,617298.0,63.098
600779.SH,2022-11-21,0.0,62.9,63.0,62.9,45.0,283323.0,63.098
600779.SH,2022-11-21,0.0,62.95,62.97,62.9,57.0,358577.0,63.097
600779.SH,2022-11-21,0.0,62.91,62.95,62.91,8.0,50328.0,63.097
600779.SH,2022-11-21,0.0,62.92,62.95,62.91,60.0,377574.0,63.097
600779.SH,2022-11-21,0.0,63.1,63.1,62.91,145.0,913525.0,63.096
600779.SH,2022-11-21,0.0,62.99,63.1,62.99,31.0,195430.0,63.096
600779.SH,2022-11-21,0.0,62.96,63.06,62.96,95.0,598431.0,63.096
600779.SH,2022-11-21,0.0,63.04,63.04,62.96,73.0,459811.0,63.096
600779.SH,2022-11-21,0.0,62.9,63.05,62.88,461.0,2903310.0,63.094
600779.SH,2022-11-21,0.0,62.88,62.9,62.88,93.0,584933.0,63.094
600779.SH,2022-11-21,0.0,62.89,62.89,62.88,49.0,308142.0,63.093
600779.SH,2022-11-21,0.0,62.89,62.9,62.89,76.0,477953.0,63.093
600779.SH,2022-11-21,0.0,62.86,62.92,62.86,100.0,628847.0,63.092
600779.SH,2022-11-21,0.0,62.88,62.88,62.85,89.0,559479.0,63.092
600779.SH,2022-11-21,0.0,62.95,62.95,62.88,158.0,993757.0,63.091
600779.SH,2022-11-21,0.0,62.99,62.99,62.95,65.0,409369.0,63.091
600779.SH,2022-11-21,0.0,63.04,63.04,62.99,83.0,523545.0,63.09
600779.SH,2022-11-21,0.0,62.99,63.04,62.99,244.0,1537120.0,63.09
600779.SH,2022-11-21,0.0,62.91,62.98,62.91,42.0,264422.0,63.09
600779.SH,2022-11-21,0.0,62.9,62.92,62.9,82.0,515837.0,63.089
600779.SH,2022-11-21,0.0,62.92,62.92,62.89,51.0,320860.0,63.089
600779.SH,2022-11-21,0.0,62.96,62.96,62.9,43.0,270548.0,63.089
600779.SH,2022-11-21,0.0,62.98,62.98,62.92,26.0,163706.0,63.089
600779.SH,2022-11-21,0.0,62.95,62.98,62.95,60.0,377755.0,63.088
600779.SH,2022-11-21,0.0,63.05,63.05,62.95,134.0,844719.0,63.088
600779.SH,2022-11-21,0.0,63.08,63.09,63.05,126.0,794792.0,63.088
600779.SH,2022-11-21,0.0,63.1,63.1,63.06,97.0,611893.0,63.088
600779.SH,2022-11-21,0.0,63.16,63.16,63.1,72.0,454620.0,63.088
600779.SH,2022-11-21,0.0,63.16,63.16,63.11,68.0,429366.0,63.088
600779.SH,2022-11-21,0.0,63.2,63.2,63.15,82.0,518014.0,63.088
600779.SH,2022-11-21,0.0,63.2,63.2,63.15,47.0,296935.0,63.089
600779.SH,2022-11-21,0.0,63.2,63.2,63.19,74.0,467656.0,63.089
600779.SH,2022-11-21,0.0,63.2,63.2,63.19,77.0,486632.0,63.089
600779.SH,2022-11-21,0.0,63.21,63.22,63.19,74.0,467731.0,63.089
600779.SH,2022-11-21,0.0,63.16,63.22,63.16,79.0,499141.0,63.089
600779.SH,2022-11-21,0.0,63.19,63.19,63.16,42.0,265342.0,63.09
600779.SH,2022-11-21,0.0,63.21,63.24,63.2,108.0,682648.0,63.09
600779.SH,2022-11-21,0.0,63.2,63.23,63.2,67.0,423502.0,63.09
600779.SH,2022-11-21,0.0,63.15,63.2,63.11,215.0,1358110.0,63.091
600779.SH,2022-11-21,0.0,63.05,63.15,63.05,42.0,264988.0,63.091
600779.SH,2022-11-21,0.0,63.04,63.04,63.02,60.0,378126.0,63.091
600779.SH,2022-11-21,0.0,63.0,63.04,63.0,80.0,504081.0,63.09
600779.SH,2022-11-21,0.0,63.03,63.04,63.0,30.0,189083.0,63.09
600779.SH,2022-11-21,0.0,63.0,63.04,62.99,77.0,485169.0,63.09
600779.SH,2022-11-21,0.0,63.08,63.08,63.0,50.0,315161.0,63.09
600779.SH,2022-11-21,0.0,63.16,63.16,63.08,43.0,271471.0,63.09
600779.SH,2022-11-21,0.0,63.2,63.2,63.16,46.0,290656.0,63.09
600779.SH,2022-11-21,0.0,63.15,63.2,63.15,70.0,442168.0,63.09
600779.SH,2022-11-21,0.0,63.13,63.15,63.1,32.0,201999.0,63.09
600779.SH,2022-11-21,0.0,63.05,63.13,63.05,66.0,416368.0,63.09
600779.SH,2022-11-21,0.0,63.06,63.06,63.03,89.0,561115.0,63.09
600779.SH,2022-11-21,0.0,63.03,63.06,63.03,45.0,283737.0,63.09
600779.SH,2022-11-21,0.0,63.08,63.08,63.03,77.0,485616.0,63.09
600779.SH,2022-11-21,0.0,63.05,63.08,63.02,125.0,788181.0,63.09
600779.SH,2022-11-21,0.0,63.04,63.05,63.03,18.0,113475.0,63.09
600779.SH,2022-11-21,0.0,63.04,63.05,63.04,49.0,308930.0,63.09
600779.SH,2022-11-21,0.0,63.03,63.06,63.03,32.0,201735.0,63.09
600779.SH,2022-11-21,0.0,63.0,63.03,63.0,93.0,585433.0,63.09
600779.SH,2022-11-21,0.0,62.98,63.02,62.98,116.0,730713.0,63.089
600779.SH,2022-11-21,0.0,62.93,62.97,62.93,50.0,314718.0,63.089
600779.SH,2022-11-21,0.0,62.96,62.96,62.93,31.0,195105.0,63.089
600779.SH,2022-11-21,0.0,62.97,62.97,62.96,40.0,251857.0,63.089
600779.SH,2022-11-21,0.0,62.97,62.98,62.96,63.0,396720.0,63.089
600779.SH,2022-11-21,0.0,62.96,62.98,62.95,172.0,1083040.0,63.088
600779.SH,2022-11-21,0.0,63.05,63.05,62.98,132.0,832102.0,63.088
600779.SH,2022-11-21,0.0,63.1,63.1,63.01,69.0,435007.0,63.088
600779.SH,2022-11-21,0.0,63.03,63.14,63.03,47.0,296459.0,63.088
600779.SH,2022-11-21,0.0,62.96,63.02,62.95,68.0,428274.0,63.088
600779.SH,2022-11-21,0.0,62.91,62.95,62.9,155.0,975091.0,63.087
600779.SH,2022-11-21,0.0,62.9,62.92,62.9,57.0,358602.0,63.087
600779.SH,2022-11-21,0.0,62.98,63.0,62.92,68.0,428068.0,63.086
600779.SH,2022-11-21,0.0,62.92,62.96,62.92,62.0,390159.0,63.086
600779.SH,2022-11-21,0.0,62.91,62.94,62.91,120.0,755010.0,63.086
600779.SH,2022-11-21,0.0,62.93,62.96,62.91,72.0,453108.0,63.085
600779.SH,2022-11-21,0.0,63.0,63.0,62.92,115.0,723926.0,63.085
600779.SH,2022-11-21,0.0,62.95,63.0,62.95,28.0,176337.0,63.085
600779.SH,2022-11-21,0.0,62.98,62.98,62.93,156.0,982191.0,63.084
600779.SH,2022-11-21,0.0,62.96,62.98,62.92,98.0,616762.0,63.084
600779.SH,2022-11-21,0.0,62.98,63.0,62.93,244.0,1534450.0,63.083
600779.SH,2022-11-21,0.0,62.99,63.0,62.98,52.0,327547.0,63.083
600779.SH,2022-11-21,0.0,62.94,62.98,62.94,168.0,1057780.0,63.083
600779.SH,2022-11-21,0.0,62.91,62.95,62.91,219.0,1378020.0,63.082
600779.SH,2022-11-21,0.0,62.93,62.96,62.91,175.0,1104170.0,63.081
600779.SH,2022-11-21,0.0,62.91,62.93,62.9,424.0,2666350.0,63.079
600779.SH,2022-11-21,0.0,62.92,62.97,62.91,100.0,630291.0,63.079
600779.SH,2022-11-21,0.0,62.92,62.92,62.9,239.0,1502650.0,63.078
600779.SH,2022-11-21,0.0,62.92,62.95,62.91,274.0,1724200.0,63.077
600779.SH,2022-11-21,0.0,62.92,62.93,62.91,302.0,1901850.0,63.076
600779.SH,2022-11-21,0.0,62.91,62.92,62.9,472.0,2968400.0,63.074
600779.SH,2022-11-21,0.0,62.93,62.93,62.9,352.0,2217310.0,63.073
600779.SH,2022-11-21,0.0,62.93,62.93,62.93,1.0,6293.0,63.073
600779.SH,2022-11-21,0.0,62.93,62.93,62.93,0.0,0.0,63.073
600779.SH,2022-11-21,0.0,62.9,62.9,62.9,488.0,3068890.0,63.071
600779.SH,2022-11-22,0.0,62.9,62.9,62.9,116.0,729640.0,62.9
600779.SH,2022-11-22,0.0,63.31,63.4,62.52,278.0,1753170.0,62.999
600779.SH,2022-11-22,0.0,63.49,63.49,63.25,594.0,3759110.0,63.195
600779.SH,2022-11-22,0.0,63.46,63.5,63.4,564.0,3578620.0,63.288
600779.SH,2022-11-22,0.0,63.35,63.46,63.31,210.0,1332760.0,63.296
600779.SH,2022-11-22,0.0,63.33,63.4,63.31,240.0,1520000.0,63.3
600779.SH,2022-11-22,0.0,63.17,63.33,62.91,352.0,2219670.0,63.264
600779.SH,2022-11-22,0.0,63.08,63.17,63.04,165.0,1040610.0,63.251
600779.SH,2022-11-22,0.0,63.13,63.19,63.05,329.0,2076190.0,63.234
600779.SH,2022-11-22,0.0,63.12,63.13,63.05,111.0,700409.0,63.229
600779.SH,2022-11-22,0.0,63.38,63.44,63.12,278.0,1761150.0,63.24
600779.SH,2022-11-22,0.0,63.38,63.51,63.31,526.0,3337740.0,63.27
600779.SH,2022-11-22,0.0,63.3,63.38,63.3,102.0,645956.0,63.271
600779.SH,2022-11-22,0.0,63.38,63.4,63.25,227.0,1437620.0,63.275
600779.SH,2022-11-22,0.0,63.5,63.57,63.31,466.0,2956940.0,63.293
600779.SH,2022-11-22,0.0,63.7,63.7,63.57,435.0,2768550.0,63.324
600779.SH,2022-11-22,0.0,63.6,63.89,63.6,798.0,5089870.0,63.387
600779.SH,2022-11-22,0.0,63.58,63.62,63.5,441.0,2802730.0,63.399
600779.SH,2022-11-22,0.0,63.57,63.62,63.57,256.0,1627940.0,63.406
600779.SH,2022-11-22,0.0,63.34,63.54,63.3,378.0,2394840.0,63.404
600779.SH,2022-11-22,0.0,63.15,63.35,63.15,244.0,1544310.0,63.4
600779.SH,2022-11-22,0.0,63.23,63.23,63.15,379.0,2393860.0,63.388
600779.SH,2022-11-22,0.0,63.13,63.23,63.11,147.0,928248.0,63.383
600779.SH,2022-11-22,0.0,63.13,63.14,63.06,220.0,1388380.0,63.376
600779.SH,2022-11-22,0.0,63.22,63.24,63.11,94.0,593744.0,63.373
600779.SH,2022-11-22,0.0,63.15,63.22,63.12,216.0,1364310.0,63.367
600779.SH,2022-11-22,0.0,63.04,63.16,63.04,341.0,2151210.0,63.356
600779.SH,2022-11-22,0.0,63.1,63.1,63.02,100.0,630467.0,63.353
600779.SH,2022-11-22,0.0,63.22,63.22,63.1,71.0,448416.0,63.351
600779.SH,2022-11-22,0.0,63.15,63.22,63.15,21.0,132664.0,63.351
600779.SH,2022-11-22,0.0,63.2,63.2,63.12,145.0,915633.0,63.347
600779.SH,2022-11-22,0.0,63.26,63.4,63.18,89.0,563148.0,63.346
600779.SH,2022-11-22,0.0,63.29,63.33,63.26,41.0,259502.0,63.346
600779.SH,2022-11-22,0.0,63.25,63.29,63.16,216.0,1365690.0,63.343
600779.SH,2022-11-22,0.0,63.22,63.3,63.22,58.0,366950.0,63.343
600779.SH,2022-11-22,0.0,63.06,63.22,63.06,115.0,726001.0,63.34
600779.SH,2022-11-22,0.0,63.01,63.07,63.01,186.0,1172450.0,63.334
600779.SH,2022-11-22,0.0,62.89,63.01,62.82,467.0,2939430.0,63.316
600779.SH,2022-11-22,0.0,62.98,63.0,62.88,147.0,924642.0,63.31
600779.SH,2022-11-22,0.0,63.07,63.07,62.95,244.0,1537040.0,63.303
600779.SH,2022-11-22,0.0,63.07,63.2,63.07,39.0,246336.0,63.302
600779.SH,2022-11-22,0.0,63.07,63.08,63.0,168.0,1059100.0,63.298
600779.SH,2022-11-22,0.0,63.11,63.11,63.07,43.0,271268.0,63.297
600779.SH,2022-11-22,0.0,63.18,63.18,63.11,50.0,315814.0,63.297
600779.SH,2022-11-22,0.0,63.17,63.18,63.17,33.0,208482.0,63.296
600779.SH,2022-11-22,0.0,63.19,63.24,63.16,63.0,398036.0,63.296
600779.SH,2022-11-22,0.0,63.27,63.27,63.1,606.0,3829060.0,63.29
600779.SH,2022-11-22,0.0,63.33,63.33,63.28,78.0,493839.0,63.29
600779.SH,2022-11-22,0.0,63.18,63.35,63.18,92.0,582434.0,63.29
600779.SH,2022-11-22,0.0,63.17,63.25,63.08,25.0,157781.0,63.29
600779.SH,2022-11-22,0.0,63.23,63.23,63.16,42.0,265356.0,63.289
600779.SH,2022-11-22,0.0,63.3,63.32,63.17,122.0,771604.0,63.289
600779.SH,2022-11-22,0.0,63.21,63.3,63.2,34.0,214976.0,63.289
600779.SH,2022-11-22,0.0,63.28,63.28,63.2,38.0,240274.0,63.288
600779.SH,2022-11-22,0.0,63.3,63.31,63.28,86.0,544383.0,63.288
600779.SH,2022-11-22,0.0,63.34,63.35,63.27,229.0,1449760.0,63.289
600779.SH,2022-11-22,0.0,63.32,63.34,63.3,46.0,291272.0,63.289
600779.SH,2022-11-22,0.0,63.3,63.36,63.3,85.0,538288.0,63.289
600779.SH,2022-11-22,0.0,63.27,63.31,63.27,25.0,158204.0,63.289
600779.SH,2022-11-22,0.0,63.24,63.27,63.24,54.0,341594.0,63.289
600779.SH,2022-11-22,0.0,63.25,63.28,63.2,178.0,1125700.0,63.288
600779.SH,2022-11-22,0.0,63.46,63.46,63.23,408.0,2585580.0,63.291
600779.SH,2022-11-22,0.0,63.37,63.49,63.36,147.0,932066.0,63.292
600779.SH,2022-11-22,0.0,63.35,63.4,63.35,94.0,595689.0,63.293
600779.SH,2022-11-22,0.0,63.3,63.36,63.3,36.0,227999.0,63.293
600779.SH,2022-11-22,0.0,63.22,63.33,63.2,53.0,335414.0,63.293
600779.SH,2022-11-22,0.0,63.22,63.29,63.2,19.0,120131.0,63.293
600779.SH,2022-11-22,0.0,63.23,63.27,63.22,62.0,392206.0,63.293
600779.SH,2022-11-22,0.0,63.24,63.24,63.23,38.0,240684.0,63.293
600779.SH,2022-11-22,0.0,63.14,63.22,63.1,79.0,498720.0,63.292
600779.SH,2022-11-22,0.0,63.14,63.14,63.1,24.0,151488.0,63.292
600779.SH,2022-11-22,0.0,63.12,63.14,63.1,19.0,119937.0,63.291
600779.SH,2022-11-22,0.0,63.1,63.13,63.1,90.0,568097.0,63.29
600779.SH,2022-11-22,0.0,63.18,63.18,63.1,41.0,255727.0,63.29
600779.SH,2022-11-22,0.0,63.16,63.18,63.11,33.0,208389.0,63.289
600779.SH,2022-11-22,0.0,63.12,63.16,63.12,28.0,176788.0,63.289
600779.SH,2022-11-22,0.0,63.09,63.12,63.08,117.0,738190.0,63.287
600779.SH,2022-11-22,0.0,63.06,63.09,63.03,36.0,226973.0,63.287
600779.SH,2022-11-22,0.0,63.07,63.09,63.06,13.0,82006.0,63.287
600779.SH,2022-11-22,0.0,63.12,63.12,63.07,24.0,151377.0,63.286
600779.SH,2022-11-22,0.0,63.08,63.12,63.08,40.0,252387.0,63.286
600779.SH,2022-11-22,0.0,63.12,63.12,63.05,132.0,832702.0,63.284
600779.SH,2022-11-22,0.0,63.2,63.22,63.12,44.0,278022.0,63.284
600779.SH,2022-11-22,0.0,63.25,63.28,63.22,57.0,360445.0,63.283
600779.SH,2022-11-22,0.0,63.26,63.26,63.19,57.0,360405.0,63.283
600779.SH,2022-11-22,0.0,63.29,63.29,63.26,23.0,145546.0,63.283
600779.SH,2022-11-22,0.0,63.32,63.32,63.22,186.0,1177160.0,63.283
600779.SH,2022-11-22,0.0,63.47,63.47,63.34,108.0,684484.0,63.284
600779.SH,2022-11-22,0.0,63.4,63.47,63.4,90.0,570914.0,63.285
600779.SH,2022-11-22,0.0,63.37,63.4,63.37,50.0,316921.0,63.285
600779.SH,2022-11-22,0.0,63.34,63.37,63.34,46.0,291431.0,63.285
600779.SH,2022-11-22,0.0,63.55,63.63,63.33,936.0,5942910.0,63.298
600779.SH,2022-11-22,0.0,63.54,63.56,63.47,287.0,1823160.0,63.302
600779.SH,2022-11-22,0.0,63.43,63.59,63.43,82.0,520769.0,63.303
600779.SH,2022-11-22,0.0,63.44,63.5,63.44,76.0,482474.0,63.304
600779.SH,2022-11-22,0.0,63.41,63.44,63.41,40.0,253694.0,63.304
600779.SH,2022-11-22,0.0,63.44,63.44,63.36,386.0,2446890.0,63.306
600779.SH,2022-11-22,0.0,63.44,63.48,63.44,42.0,266546.0,63.306
600779.SH,2022-11-22,0.0,63.42,63.49,63.42,46.0,291856.0,63.307
600779.SH,2022-11-22,0.0,63.62,63.62,63.42,271.0,1719660.0,63.31
600779.SH,2022-11-22,0.0,63.48,63.61,63.48,74.0,470260.0,63.312
600779.SH,2022-11-22,0.0,63.46,63.48,63.43,19.0,120581.0,63.312
600779.SH,2022-11-22,0.0,63.45,63.46,63.43,25.0,158591.0,63.312
600779.SH,2022-11-22,0.0,63.36,63.43,63.36,64.0,405649.0,63.312
600779.SH,2022-11-22,0.0,63.43,63.45,63.3,27.0,171099.0,63.312
600779.SH,2022-11-22,0.0,63.43,63.43,63.33,10.0,63388.0,63.312
600779.SH,2022-11-22,0.0,63.35,63.43,63.34,120.0,760189.0,63.313
600779.SH,2022-11-22,0.0,63.3,63.41,63.28,88.0,557329.0,63.313
600779.SH,2022-11-22,0.0,63.29,63.3,63.27,28.0,177218.0,63.313
600779.SH,2022-11-22,0.0,63.33,63.35,63.27,70.0,443035.0,63.313
600779.SH,2022-11-22,0.0,63.4,63.4,63.28,43.0,272255.0,63.313
600779.SH,2022-11-22,0.0,63.6,63.61,63.4,111.0,705429.0,63.314
600779.SH,2022-11-22,0.0,63.64,63.64,63.51,246.0,1564710.0,63.318
600779.SH,2022-11-22,0.0,63.59,63.65,63.59,270.0,1717950.0,63.323
600779.SH,2022-11-22,0.0,63.85,63.88,63.6,687.0,4379100.0,63.338
600779.SH,2022-11-22,0.0,63.68,63.83,63.67,61.0,389057.0,63.339
600779.SH,2022-11-22,0.0,63.68,63.74,63.68,151.0,962103.0,63.342
600779.SH,2022-11-22,0.0,63.6,63.68,63.6,261.0,1660370.0,63.346
600779.SH,2022-11-22,0.0,63.79,63.79,63.59,336.0,2141370.0,63.353
600779.SH,2022-11-22,0.0,63.82,63.82,63.79,274.0,1748220.0,63.359
600779.SH,2022-11-22,0.0,63.97,64.05,63.83,1271.0,8126070.0,63.394
600779.SH,2022-11-22,0.0,64.09,64.2,64.07,1043.0,6686230.0,63.427
600779.SH,2022-11-22,0.0,63.8,64.1,63.8,457.0,2924200.0,63.438
600779.SH,2022-11-22,0.0,63.79,63.85,63.75,83.0,526696.0,63.44
600779.SH,2022-11-22,0.0,63.76,63.79,63.71,99.0,631082.0,63.441
600779.SH,2022-11-22,0.0,63.63,63.76,63.63,198.0,1260890.0,63.443
600779.SH,2022-11-22,0.0,63.45,63.64,63.45,149.0,946357.0,63.444
600779.SH,2022-11-22,0.0,63.6,63.69,63.49,124.0,788111.0,63.444
600779.SH,2022-11-22,0.0,63.58,63.69,63.57,60.0,381591.0,63.445
600779.SH,2022-11-22,0.0,63.6,63.6,63.55,53.0,336982.0,63.445
600779.SH,2022-11-22,0.0,63.54,63.64,63.51,167.0,1061750.0,63.446
600779.SH,2022-11-22,0.0,63.52,63.6,63.51,61.0,387513.0,63.446
600779.SH,2022-11-22,0.0,63.54,63.6,63.52,63.0,400563.0,63.446
600779.SH,2022-11-22,0.0,63.68,63.68,63.54,72.0,457960.0,63.447
600779.SH,2022-11-22,0.0,63.63,63.7,63.63,91.0,579457.0,63.448
600779.SH,2022-11-22,0.0,63.65,63.68,63.6,46.0,292707.0,63.448
600779.SH,2022-11-22,0.0,63.6,63.65,63.6,67.0,426285.0,63.449
600779.SH,2022-11-22,0.0,63.7,63.7,63.59,264.0,1680130.0,63.451
600779.SH,2022-11-22,0.0,63.65,63.7,63.65,134.0,853462.0,63.452
600779.SH,2022-11-22,0.0,63.74,63.74,63.65,31.0,197545.0,63.452
600779.SH,2022-11-22,0.0,63.66,63.74,63.66,59.0,375859.0,63.453
600779.SH,2022-11-22,0.0,63.7,63.7,63.63,84.0,534752.0,63.454
600779.SH,2022-11-22,0.0,63.55,63.63,63.54,150.0,954025.0,63.455
600779.SH,2022-11-22,0.0,63.55,63.6,63.54,40.0,254246.0,63.455
600779.SH,2022-11-22,0.0,63.55,63.59,63.54,41.0,260624.0,63.455
600779.SH,2022-11-22,0.0,63.53,63.58,63.51,91.0,578142.0,63.455
600779.SH,2022-11-22,0.0,63.44,63.51,63.41,102.0,647411.0,63.455
600779.SH,2022-11-22,0.0,63.43,63.43,63.41,25.0,158568.0,63.455
600779.SH,2022-11-22,0.0,63.45,63.45,63.43,65.0,412375.0,63.455
600779.SH,2022-11-22,0.0,63.49,63.5,63.45,31.0,196815.0,63.455
600779.SH,2022-11-22,0.0,63.41,63.5,63.41,181.0,1148390.0,63.455
600779.SH,2022-11-22,0.0,63.4,63.42,63.37,158.0,1001610.0,63.455
600779.SH,2022-11-22,0.0,63.43,63.45,63.4,54.0,342470.0,63.455
600779.SH,2022-11-22,0.0,63.42,63.45,63.4,40.0,253700.0,63.455
600779.SH,2022-11-22,0.0,63.43,63.44,63.42,20.0,126865.0,63.455
600779.SH,2022-11-22,0.0,63.54,63.54,63.42,164.0,1040700.0,63.455
600779.SH,2022-11-22,0.0,63.41,63.54,63.41,81.0,514089.0,63.455
600779.SH,2022-11-22,0.0,63.37,63.41,63.37,41.0,259910.0,63.455
600779.SH,2022-11-22,0.0,63.33,63.37,63.33,73.0,462552.0,63.454
600779.SH,2022-11-22,0.0,63.35,63.36,63.33,41.0,259753.0,63.454
600779.SH,2022-11-22,0.0,63.3,63.35,63.3,114.0,721902.0,63.454
600779.SH,2022-11-22,0.0,63.27,63.3,63.27,116.0,734077.0,63.453
600779.SH,2022-11-22,0.0,63.21,63.28,63.21,112.0,708415.0,63.452
600779.SH,2022-11-22,0.0,63.2,63.25,63.2,117.0,739567.0,63.451
600779.SH,2022-11-22,0.0,63.22,63.22,63.2,23.0,145400.0,63.451
600779.SH,2022-11-22,0.0,63.19,63.23,63.18,121.0,764754.0,63.45
600779.SH,2022-11-22,0.0,63.13,63.18,63.13,82.0,517916.0,63.449
600779.SH,2022-11-22,0.0,63.07,63.13,63.07,126.0,795124.0,63.447
600779.SH,2022-11-22,0.0,63.07,63.09,63.06,49.0,309076.0,63.446
600779.SH,2022-11-22,0.0,63.1,63.1,63.07,195.0,1230080.0,63.444
600779.SH,2022-11-22,0.0,63.14,63.14,63.09,113.0,713045.0,63.442
600779.SH,2022-11-22,0.0,63.15,63.17,63.13,165.0,1042120.0,63.441
600779.SH,2022-11-22,0.0,63.1,63.15,63.1,79.0,498788.0,63.44
600779.SH,2022-11-22,0.0,63.08,63.11,63.07,95.0,599342.0,63.439
600779.SH,2022-11-22,0.0,63.04,63.08,63.04,161.0,1015350.0,63.436
600779.SH,2022-11-22,0.0,63.04,63.04,63.0,338.0,2129740.0,63.431
600779.SH,2022-11-22,0.0,63.08,63.09,63.04,37.0,233368.0,63.431
600779.SH,2022-11-22,0.0,63.14,63.14,63.08,36.0,227228.0,63.43
600779.SH,2022-11-22,0.0,63.14,63.16,63.14,85.0,536736.0,63.429
600779.SH,2022-11-22,0.0,63.1,63.14,63.1,34.0,214617.0,63.429
600779.SH,2022-11-22,0.0,63.05,63.07,63.05,80.0,504525.0,63.428
600779.SH,2022-11-22,0.0,63.13,63.13,63.05,101.0,636974.0,63.427
600779.SH,2022-11-22,0.0,63.16,63.16,63.1,101.0,637612.0,63.426
600779.SH,2022-11-22,0.0,63.11,63.16,63.1,170.0,1073300.0,63.424
600779.SH,2022-11-22,0.0,63.16,63.16,63.09,118.0,744562.0,63.423
600779.SH,2022-11-22,0.0,63.13,63.16,63.13,46.0,290521.0,63.422
600779.SH,2022-11-22,0.0,63.07,63.13,63.07,54.0,340726.0,63.422
600779.SH,2022-11-22,0.0,63.03,63.07,63.03,113.0,712497.0,63.42
600779.SH,2022-11-22,0.0,63.02,63.05,63.02,29.0,182797.0,63.42
600779.SH,2022-11-22,0.0,63.14,63.14,63.04,64.0,403597.0,63.419
600779.SH,2022-11-22,0.0,63.15,63.15,63.06,23.0,145197.0,63.419
600779.SH,2022-11-22,0.0,63.03,63.15,63.03,51.0,321492.0,63.418
600779.SH,2022-11-22,0.0,63.01,63.03,63.01,72.0,453689.0,63.417
600779.SH,2022-11-22,0.0,63.02,63.02,63.0,170.0,1071080.0,63.415
600779.SH,2022-11-22,0.0,63.04,63.06,63.02,57.0,359303.0,63.414
600779.SH,2022-11-22,0.0,63.11,63.13,63.04,38.0,239833.0,63.414
600779.SH,2022-11-22,0.0,63.15,63.15,63.1,63.0,397681.0,63.413
600779.SH,2022-11-22,0.0,63.08,63.15,63.08,36.0,227192.0,63.413
600779.SH,2022-11-22,0.0,63.09,63.1,63.06,27.0,170307.0,63.412
600779.SH,2022-11-22,0.0,63.13,63.14,63.1,38.0,239787.0,63.412
600779.SH,2022-11-22,0.0,63.1,63.11,63.1,52.0,328150.0,63.411
600779.SH,2022-11-22,0.0,63.11,63.13,63.09,71.0,448023.0,63.411
600779.SH,2022-11-22,0.0,63.09,63.14,63.08,120.0,757140.0,63.409
600779.SH,2022-11-22,0.0,63.08,63.14,63.07,32.0,201877.0,63.409
600779.SH,2022-11-22,0.0,63.13,63.15,63.08,46.0,290379.0,63.409
600779.SH,2022-11-22,0.0,63.12,63.13,63.11,14.0,88368.0,63.408
600779.SH,2022-11-22,0.0,63.11,63.12,63.1,9.0,56796.0,63.408
600779.SH,2022-11-22,0.0,63.07,63.1,63.06,59.0,372149.0,63.408
600779.SH,2022-11-22,0.0,63.07,63.09,63.05,99.0,624311.0,63.407
600779.SH,2022-11-22,0.0,63.03,63.1,63.03,163.0,1027890.0,63.405
600779.SH,2022-11-22,0.0,63.03,63.1,63.02,68.0,428772.0,63.404
600779.SH,2022-11-22,0.0,63.09,63.12,63.05,197.0,1243140.0,63.402
600779.SH,2022-11-22,0.0,63.06,63.13,63.05,130.0,819853.0,63.401
600779.SH,2022-11-22,0.0,62.99,63.07,62.98,595.0,3749850.0,63.393
600779.SH,2022-11-22,0.0,63.02,63.03,62.98,98.0,617520.0,63.392
600779.SH,2022-11-22,0.0,62.99,63.01,62.96,263.0,1657130.0,63.389
600779.SH,2022-11-22,0.0,63.06,63.06,62.98,116.0,730868.0,63.388
600779.SH,2022-11-22,0.0,62.98,63.06,62.98,165.0,1039570.0,63.386
600779.SH,2022-11-22,0.0,62.96,62.99,62.95,78.0,491208.0,63.385
600779.SH,2022-11-22,0.0,63.02,63.03,62.97,237.0,1493170.0,63.382
600779.SH,2022-11-22,0.0,62.97,63.01,62.97,77.0,485140.0,63.381
600779.SH,2022-11-22,0.0,63.05,63.06,62.97,213.0,1342520.0,63.379
600779.SH,2022-11-22,0.0,63.06,63.1,63.0,49.0,308888.0,63.378
600779.SH,2022-11-22,0.0,63.02,63.12,63.02,66.0,416127.0,63.377
600779.SH,2022-11-22,0.0,63.02,63.09,63.01,63.0,397070.0,63.377
600779.SH,2022-11-22,0.0,63.02,63.02,63.0,99.0,623822.0,63.376
600779.SH,2022-11-22,0.0,63.02,63.11,63.01,138.0,871282.0,63.374
600779.SH,2022-11-22,0.0,63.05,63.09,63.02,30.0,189150.0,63.374
600779.SH,2022-11-22,0.0,63.06,63.06,63.04,56.0,353075.0,63.373
600779.SH,2022-11-22,0.0,63.07,63.08,63.04,37.0,233304.0,63.373
600779.SH,2022-11-22,0.0,63.06,63.08,63.05,132.0,832366.0,63.372
600779.SH,2022-11-22,0.0,63.02,63.05,63.02,216.0,1361560.0,63.37
600779.SH,2022-11-22,0.0,63.1,63.11,63.03,109.0,687579.0,63.369
600779.SH,2022-11-22,0.0,63.1,63.1,63.06,85.0,536143.0,63.368
600779.SH,2022-11-22,0.0,63.07,63.1,63.06,235.0,1482220.0,63.366
600779.SH,2022-11-22,0.0,63.08,63.1,63.07,54.0,340639.0,63.365
600779.SH,2022-11-22,0.0,63.11,63.11,63.08,151.0,952723.0,63.364
600779.SH,2022-11-22,0.0,63.15,63.15,63.11,228.0,1439120.0,63.363
600779.SH,2022-11-22,0.0,63.15,63.15,63.15,0.0,0.0,63.363
600779.SH,2022-11-22,0.0,63.15,63.15,63.15,0.0,0.0,63.363
600779.SH,2022-11-22,0.0,63.15,63.15,63.15,438.0,2765970.0,63.36
600779.SH,2022-11-23,0.0,62.69,62.69,62.69,166.0,1040650.0,62.69
600779.SH,2022-11-23,0.0,62.72,63.15,62.69,336.0,2110670.0,62.776
600779.SH,2022-11-23,0.0,62.94,63.0,62.72,527.0,3309480.0,62.787
600779.SH,2022-11-23,0.0,62.86,62.98,62.79,348.0,2188580.0,62.813
600779.SH,2022-11-23,0.0,62.76,62.85,62.61,844.0,5292190.0,62.772
600779.SH,2022-11-23,0.0,62.86,62.86,62.69,388.0,2434540.0,62.768
600779.SH,2022-11-23,0.0,62.52,62.82,62.51,652.0,4085860.0,62.748
600779.SH,2022-11-23,0.0,62.76,62.81,62.51,246.0,1541200.0,62.741
600779.SH,2022-11-23,0.0,62.81,62.98,62.76,155.0,974076.0,62.745
600779.SH,2022-11-23,0.0,62.83,62.87,62.81,332.0,2086120.0,62.753
600779.SH,2022-11-23,0.0,62.81,62.91,62.76,339.0,2129600.0,62.758
600779.SH,2022-11-23,0.0,62.9,62.94,62.76,295.0,1853100.0,62.762
600779.SH,2022-11-23,0.0,62.84,62.9,62.8,423.0,2660290.0,62.773
600779.SH,2022-11-23,0.0,62.99,63.05,62.98,392.0,2469040.0,62.788
600779.SH,2022-11-23,0.0,62.87,62.99,62.87,94.0,591709.0,62.791
600779.SH,2022-11-23,0.0,63.0,63.02,62.86,217.0,1366510.0,62.797
600779.SH,2022-11-23,0.0,63.15,63.15,62.9,230.0,1449200.0,62.808
600779.SH,2022-11-23,0.0,63.18,63.25,63.15,236.0,1490850.0,62.821
600779.SH,2022-11-23,0.0,63.04,63.18,63.0,287.0,1810040.0,62.832
600779.SH,2022-11-23,0.0,62.9,63.01,62.84,158.0,995658.0,62.835
600779.SH,2022-11-23,0.0,62.94,62.99,62.88,89.0,560233.0,62.836
600779.SH,2022-11-23,0.0,62.86,63.03,62.85,474.0,2983900.0,62.846
600779.SH,2022-11-23,0.0,62.84,62.88,62.84,336.0,2111800.0,62.846
600779.SH,2022-11-23,0.0,63.03,63.03,62.83,152.0,955694.0,62.846
600779.SH,2022-11-23,0.0,63.03,63.03,63.03,57.0,359187.0,62.848
600779.SH,2022-11-23,0.0,63.27,63.27,63.02,224.0,1415250.0,62.857
600779.SH,2022-11-23,0.0,63.39,63.39,63.17,293.0,1852830.0,62.87
600779.SH,2022-11-23,0.0,63.33,63.6,63.33,499.0,3168340.0,62.906
600779.SH,2022-11-23,0.0,63.48,63.52,63.25,266.0,1685140.0,62.919
600779.SH,2022-11-23,0.0,63.34,63.55,63.3,418.0,2653320.0,62.943
600779.SH,2022-11-23,0.0,63.22,63.3,63.2,74.0,467908.0,62.946
600779.SH,2022-11-23,0.0,63.16,63.2,63.15,249.0,1573350.0,62.952
600779.SH,2022-11-23,0.0,63.37,63.37,63.13,177.0,1118160.0,62.956
600779.SH,2022-11-23,0.0,63.22,63.45,63.22,117.0,741235.0,62.961
600779.SH,2022-11-23,0.0,63.1,63.22,63.05,99.0,624791.0,62.963
600779.SH,2022-11-23,0.0,63.05,63.26,63.05,140.0,883819.0,62.965
600779.SH,2022-11-23,0.0,62.99,63.06,62.98,224.0,1411680.0,62.966
600779.SH,2022-11-23,0.0,63.11,63.13,62.97,149.0,939190.0,62.967
600779.SH,2022-11-23,0.0,63.04,63.12,62.98,205.0,1292240.0,62.968
600779.SH,2022-11-23,0.0,63.1,63.12,63.03,75.0,472858.0,62.969
600779.SH,2022-11-23,0.0,63.26,63.26,63.04,70.0,442092.0,62.97
600779.SH,2022-11-23,0.0,63.09,63.26,63.09,72.0,454915.0,62.971
600779.SH,2022-11-23,0.0,63.12,63.17,63.12,40.0,252526.0,62.972
600779.SH,2022-11-23,0.0,63.1,63.18,63.05,73.0,460538.0,62.973
600779.SH,2022-11-23,0.0,63.28,63.28,63.1,81.0,511866.0,62.974
600779.SH,2022-11-23,0.0,63.13,63.28,63.08,94.0,594017.0,62.976
600779.SH,2022-11-23,0.0,63.1,63.14,63.09,183.0,1155100.0,62.978
600779.SH,2022-11-23,0.0,63.06,63.12,63.05,72.0,454135.0,62.979
600779.SH,2022-11-23,0.0,63.12,63.12,63.03,63.0,397404.0,62.979
600779.SH,2022-11-23,0.0,63.09,63.14,63.09,116.0,732154.0,62.981
600779.SH,2022-11-23,0.0,63.09,63.14,63.06,48.0,302836.0,62.981
600779.SH,2022-11-23,0.0,62.88,63.09,62.88,251.0,1581280.0,62.982
600779.SH,2022-11-23,0.0,62.9,62.9,62.87,68.0,428829.0,62.981
600779.SH,2022-11-23,0.0,62.86,62.91,62.85,252.0,1583200.0,62.979
600779.SH,2022-11-23,0.0,62.8,62.86,62.8,147.0,923358.0,62.977
600779.SH,2022-11-23,0.0,62.82,62.88,62.8,66.0,414621.0,62.976
600779.SH,2022-11-23,0.0,62.86,62.86,62.8,59.0,370668.0,62.975
600779.SH,2022-11-23,0.0,62.8,62.85,62.79,182.0,1143120.0,62.973
600779.SH,2022-11-23,0.0,62.82,62.82,62.77,86.0,539973.0,62.972
600779.SH,2022-11-23,0.0,62.8,62.82,62.77,36.0,226091.0,62.971
600779.SH,2022-11-23,0.0,62.8,62.81,62.79,43.0,270058.0,62.971
600779.SH,2022-11-23,0.0,62.78,62.8,62.78,88.0,552525.0,62.97
600779.SH,2022-11-23,0.0,62.68,62.82,62.68,410.0,2572170.0,62.963
600779.SH,2022-11-23,0.0,62.62,62.65,62.58,327.0,2047250.0,62.954
600779.SH,2022-11-23,0.0,62.59,62.64,62.59,335.0,2097470.0,62.946
600779.SH,2022-11-23,0.0,62.58,62.6,62.56,92.0,575700.0,62.944
600779.SH,2022-11-23,0.0,62.52,62.6,62.5,647.0,4045740.0,62.926
600779.SH,2022-11-23,0.0,62.57,62.57,62.53,134.0,838051.0,62.923
600779.SH,2022-11-23,0.0,62.42,62.56,62.41,554.0,3461860.0,62.907
600779.SH,2022-11-23,0.0,62.36,62.41,62.35,253.0,1578480.0,62.899
600779.SH,2022-11-23,0.0,62.57,62.58,62.32,390.0,2433980.0,62.887
600779.SH,2022-11-23,0.0,62.47,62.57,62.45,93.0,581053.0,62.885
600779.SH,2022-11-23,0.0,62.56,62.56,62.45,101.0,630928.0,62.882
600779.SH,2022-11-23,0.0,62.52,62.56,62.45,147.0,918434.0,62.879
600779.SH,2022-11-23,0.0,62.47,62.53,62.47,29.0,181243.0,62.878
600779.SH,2022-11-23,0.0,62.5,62.5,62.46,77.0,481068.0,62.876
600779.SH,2022-11-23,0.0,62.49,62.56,62.49,174.0,1087770.0,62.873
600779.SH,2022-11-23,0.0,62.48,62.48,62.45,109.0,680843.0,62.87
600779.SH,2022-11-23,0.0,62.48,62.6,62.48,64.0,400159.0,62.869
600779.SH,2022-11-23,0.0,62.52,62.52,62.43,81.0,505958.0,62.867
600779.SH,2022-11-23,0.0,62.48,62.55,62.48,77.0,481290.0,62.865
600779.SH,2022-11-23,0.0,62.44,62.49,62.44,101.0,630840.0,62.863
600779.SH,2022-11-23,0.0,62.44,62.51,62.43,72.0,449710.0,62.861
600779.SH,2022-11-23,0.0,62.5,62.51,62.45,89.0,556243.0,62.859
600779.SH,2022-11-23,0.0,62.47,62.53,62.47,98.0,612557.0,62.857
600779.SH,2022-11-23,0.0,62.5,62.51,62.45,78.0,487431.0,62.856
600779.SH,2022-11-23,0.0,62.46,62.5,62.46,41.0,256185.0,62.855
600779.SH,2022-11-23,0.0,62.56,62.62,62.46,138.0,862922.0,62.852
600779.SH,2022-11-23,0.0,62.69,62.69,62.51,92.0,575990.0,62.851
600779.SH,2022-11-23,0.0,62.72,62.72,62.69,89.0,558177.0,62.85
600779.SH,2022-11-23,0.0,62.78,62.78,62.72,74.0,464402.0,62.85
600779.SH,2022-11-23,0.0,62.67,62.78,62.6,277.0,1737250.0,62.848
600779.SH,2022-11-23,0.0,62.52,62.6,62.52,201.0,1258410.0,62.845
600779.SH,2022-11-23,0.0,62.59,62.62,62.51,40.0,250191.0,62.845
600779.SH,2022-11-23,0.0,62.56,62.64,62.54,32.0,200292.0,62.844
600779.SH,2022-11-23,0.0,62.52,62.6,62.52,71.0,444100.0,62.843
600779.SH,2022-11-23,0.0,62.48,62.52,62.48,200.0,1250060.0,62.84
600779.SH,2022-11-23,0.0,62.49,62.55,62.47,58.0,362434.0,62.839
600779.SH,2022-11-23,0.0,62.47,62.49,62.46,66.0,412329.0,62.837
600779.SH,2022-11-23,0.0,62.32,62.47,62.32,363.0,2264880.0,62.829
600779.SH,2022-11-23,0.0,62.25,62.31,62.21,386.0,2405280.0,62.818
600779.SH,2022-11-23,0.0,62.44,62.44,62.27,60.0,373835.0,62.817
600779.SH,2022-11-23,0.0,62.32,62.4,62.32,88.0,548799.0,62.815
600779.SH,2022-11-23,0.0,62.39,62.39,62.33,105.0,654698.0,62.812
600779.SH,2022-11-23,0.0,62.43,62.43,62.39,40.0,249692.0,62.811
600779.SH,2022-11-23,0.0,62.48,62.52,62.43,37.0,231122.0,62.811
600779.SH,2022-11-23,0.0,62.32,62.53,62.32,121.0,755085.0,62.808
600779.SH,2022-11-23,0.0,62.33,62.37,62.29,122.0,760334.0,62.806
600779.SH,2022-11-23,0.0,62.4,62.4,62.33,21.0,130998.0,62.805
600779.SH,2022-11-23,0.0,62.32,62.4,62.29,93.0,579532.0,62.803
600779.SH,2022-11-23,0.0,62.32,62.33,62.3,74.0,461128.0,62.801
600779.SH,2022-11-23,0.0,62.39,62.39,62.3,46.0,286774.0,62.8
600779.SH,2022-11-23,0.0,62.44,62.44,62.33,28.0,174719.0,62.8
600779.SH,2022-11-23,0.0,62.45,62.45,62.35,32.0,199737.0,62.799
600779.SH,2022-11-23,0.0,62.42,62.45,62.39,23.0,143565.0,62.799
600779.SH,2022-11-23,0.0,62.46,62.46,62.42,28.0,174829.0,62.798
600779.SH,2022-11-23,0.0,62.47,62.5,62.46,14.0,87458.0,62.798
600779.SH,2022-11-23,0.0,62.41,62.48,62.39,91.0,568165.0,62.796
600779.SH,2022-11-23,0.0,62.39,62.42,62.39,25.0,156014.0,62.796
600779.SH,2022-11-23,0.0,62.35,62.47,62.35,64.0,399227.0,62.795
600779.SH,2022-11-23,0.0,62.32,62.35,62.32,123.0,766711.0,62.792
600779.SH,2022-11-23,0.0,62.31,62.4,62.31,355.0,2209840.0,62.784
600779.SH,2022-11-23,0.0,62.51,62.59,62.31,61.0,380890.0,62.783
600779.SH,2022-11-23,0.0,62.7,62.7,62.51,208.0,1303480.0,62.782
600779.SH,2022-11-23,0.0,62.77,62.83,62.7,156.0,979082.0,62.782
600779.SH,2022-11-23,0.0,62.65,62.79,62.62,80.0,501667.0,62.782
600779.SH,2022-11-23,0.0,62.66,62.69,62.66,15.0,94008.0,62.782
600779.SH,2022-11-23,0.0,62.53,62.7,62.51,51.0,319326.0,62.781
600779.SH,2022-11-23,0.0,62.51,62.53,62.5,22.0,137527.0,62.781
600779.SH,2022-11-23,0.0,62.42,62.51,62.42,19.0,118726.0,62.781
600779.SH,2022-11-23,0.0,62.38,62.42,62.38,58.0,361971.0,62.78
600779.SH,2022-11-23,0.0,62.34,62.4,62.33,56.0,349303.0,62.779
600779.SH,2022-11-23,0.0,62.4,62.4,62.32,148.0,922292.0,62.776
600779.SH,2022-11-23,0.0,62.34,62.37,62.32,83.0,517531.0,62.774
600779.SH,2022-11-23,0.0,62.33,62.36,62.32,80.0,498697.0,62.773
600779.SH,2022-11-23,0.0,62.39,62.42,62.33,325.0,2026510.0,62.767
600779.SH,2022-11-23,0.0,62.54,62.55,62.43,187.0,1168110.0,62.764
600779.SH,2022-11-23,0.0,62.45,62.54,62.45,30.0,187368.0,62.764
600779.SH,2022-11-23,0.0,62.41,62.53,62.41,165.0,1030500.0,62.762
600779.SH,2022-11-23,0.0,62.35,62.43,62.32,131.0,816866.0,62.759
600779.SH,2022-11-23,0.0,62.34,62.39,62.34,92.0,573622.0,62.758
600779.SH,2022-11-23,0.0,62.38,62.38,62.33,120.0,748146.0,62.756
600779.SH,2022-11-23,0.0,62.36,62.41,62.36,108.0,673756.0,62.754
600779.SH,2022-11-23,0.0,62.33,62.36,62.32,113.0,704407.0,62.752
600779.SH,2022-11-23,0.0,62.35,62.35,62.32,170.0,1059540.0,62.749
600779.SH,2022-11-23,0.0,62.48,62.49,62.35,42.0,262256.0,62.748
600779.SH,2022-11-23,0.0,62.43,62.49,62.4,77.0,480981.0,62.747
600779.SH,2022-11-23,0.0,62.44,62.44,62.4,32.0,199740.0,62.747
600779.SH,2022-11-23,0.0,62.47,62.47,62.43,47.0,293499.0,62.746
600779.SH,2022-11-23,0.0,62.49,62.49,62.45,45.0,281191.0,62.746
600779.SH,2022-11-23,0.0,62.46,62.5,62.46,59.0,368586.0,62.745
600779.SH,2022-11-23,0.0,62.49,62.5,62.46,144.0,899905.0,62.744
600779.SH,2022-11-23,0.0,62.45,62.49,62.45,136.0,849582.0,62.742
600779.SH,2022-11-23,0.0,62.47,62.49,62.45,78.0,487277.0,62.741
600779.SH,2022-11-23,0.0,62.43,62.45,62.43,81.0,505862.0,62.74
600779.SH,2022-11-23,0.0,62.38,62.43,62.38,81.0,505507.0,62.739
600779.SH,2022-11-23,0.0,62.38,62.38,62.37,95.0,592556.0,62.738
600779.SH,2022-11-23,0.0,62.42,62.42,62.37,51.0,318143.0,62.737
600779.SH,2022-11-23,0.0,62.45,62.46,62.42,30.0,187339.0,62.737
600779.SH,2022-11-23,0.0,62.45,62.48,62.45,27.0,168665.0,62.737
600779.SH,2022-11-23,0.0,62.42,62.45,62.42,42.0,262246.0,62.736
600779.SH,2022-11-23,0.0,62.48,62.48,62.42,22.0,137363.0,62.736
600779.SH,2022-11-23,0.0,62.62,62.62,62.48,487.0,3046070.0,62.732
600779.SH,2022-11-23,0.0,62.68,62.68,62.62,64.0,401042.0,62.732
600779.SH,2022-11-23,0.0,62.65,62.68,62.65,85.0,532669.0,62.732
600779.SH,2022-11-23,0.0,62.75,62.75,62.63,87.0,545321.0,62.732
600779.SH,2022-11-23,0.0,62.77,62.79,62.75,103.0,646596.0,62.732
600779.SH,2022-11-23,0.0,62.7,62.77,62.7,73.0,457918.0,62.732
600779.SH,2022-11-23,0.0,62.69,62.73,62.69,100.0,627130.0,62.732
600779.SH,2022-11-23,0.0,62.59,62.69,62.59,67.0,419852.0,62.732
600779.SH,2022-11-23,0.0,62.55,62.59,62.55,33.0,206461.0,62.731
600779.SH,2022-11-23,0.0,62.47,62.53,62.47,106.0,662505.0,62.73
600779.SH,2022-11-23,0.0,62.55,62.55,62.47,169.0,1056080.0,62.729
600779.SH,2022-11-23,0.0,62.62,62.62,62.59,16.0,100159.0,62.729
600779.SH,2022-11-23,0.0,62.55,62.63,62.55,64.0,400647.0,62.729
600779.SH,2022-11-23,0.0,62.56,62.56,62.52,53.0,331499.0,62.728
600779.SH,2022-11-23,0.0,62.5,62.56,62.5,86.0,537614.0,62.727
600779.SH,2022-11-23,0.0,62.51,62.51,62.46,135.0,843482.0,62.726
600779.SH,2022-11-23,0.0,62.51,62.52,62.5,16.0,100013.0,62.726
600779.SH,2022-11-23,0.0,62.58,62.58,62.51,41.0,256450.0,62.726
600779.SH,2022-11-23,0.0,62.56,62.58,62.56,31.0,193985.0,62.726
600779.SH,2022-11-23,0.0,62.53,62.57,62.53,56.0,350319.0,62.725
600779.SH,2022-11-23,0.0,62.45,62.53,62.4,267.0,1668180.0,62.723
600779.SH,2022-11-23,0.0,62.52,62.54,62.46,21.0,131289.0,62.723
600779.SH,2022-11-23,0.0,62.48,62.52,62.48,28.0,175006.0,62.722
600779.SH,2022-11-23,0.0,62.47,62.48,62.45,57.0,356042.0,62.722
600779.SH,2022-11-23,0.0,62.46,62.48,62.46,35.0,218635.0,62.722
600779.SH,2022-11-23,0.0,62.44,62.46,62.4,84.0,524582.0,62.721
600779.SH,2022-11-23,0.0,62.43,62.44,62.41,19.0,118602.0,62.721
600779.SH,2022-11-23,0.0,62.44,62.45,62.42,80.0,499475.0,62.72
600779.SH,2022-11-23,0.0,62.46,62.46,62.44,42.0,262314.0,62.719
600779.SH,2022-11-23,0.0,62.46,62.47,62.46,38.0,237355.0,62.719
600779.SH,2022-11-23,0.0,62.38,62.45,62.37,228.0,1422760.0,62.716
600779.SH,2022-11-23,0.0,62.38,62.38,62.37,21.0,130989.0,62.716
600779.SH,2022-11-23,0.0,62.4,62.4,62.38,21.0,131032.0,62.716
600779.SH,2022-11-23,0.0,62.4,62.48,62.4,120.0,749153.0,62.715
600779.SH,2022-11-23,0.0,62.43,62.46,62.39,51.0,318339.0,62.714
600779.SH,2022-11-23,0.0,62.46,62.46,62.42,18.0,112383.0,62.714
600779.SH,2022-11-23,0.0,62.49,62.5,62.44,227.0,1418230.0,62.712
600779.SH,2022-11-23,0.0,62.41,62.49,62.41,55.0,343420.0,62.711
600779.SH,2022-11-23,0.0,62.4,62.41,62.4,38.0,237126.0,62.711
600779.SH,2022-11-23,0.0,62.41,62.41,62.39,40.0,249605.0,62.711
600779.SH,2022-11-23,0.0,62.45,62.46,62.41,89.0,555651.0,62.71
600779.SH,2022-11-23,0.0,62.41,62.45,62.41,42.0,262164.0,62.709
600779.SH,2022-11-23,0.0,62.41,62.44,62.39,98.0,611517.0,62.708
600779.SH,2022-11-23,0.0,62.39,62.41,62.38,178.0,1110530.0,62.706
600779.SH,2022-11-23,0.0,62.38,62.39,62.38,47.0,293192.0,62.706
600779.SH,2022-11-23,0.0,62.36,62.39,62.36,56.0,349289.0,62.705
600779.SH,2022-11-23,0.0,62.33,62.37,62.33,181.0,1128490.0,62.703
600779.SH,2022-11-23,0.0,62.36,62.36,62.32,85.0,529893.0,62.702
600779.SH,2022-11-23,0.0,62.4,62.41,62.36,255.0,1590780.0,62.699
600779.SH,2022-11-23,0.0,62.34,62.41,62.34,384.0,2394710.0,62.695
600779.SH,2022-11-23,0.0,62.34,62.34,62.33,67.0,417639.0,62.694
600779.SH,2022-11-23,0.0,62.37,62.37,62.34,72.0,448976.0,62.693
600779.SH,2022-11-23,0.0,62.47,62.47,62.37,361.0,2252510.0,62.69
600779.SH,2022-11-23,0.0,62.48,62.48,62.45,135.0,843375.0,62.689
600779.SH,2022-11-23,0.0,62.49,62.49,62.48,70.0,437382.0,62.688
600779.SH,2022-11-23,0.0,62.51,62.52,62.49,216.0,1349820.0,62.687
600779.SH,2022-11-23,0.0,62.49,62.52,62.49,71.0,443843.0,62.686
600779.SH,2022-11-23,0.0,62.48,62.49,62.48,37.0,231184.0,62.686
600779.SH,2022-11-23,0.0,62.45,62.48,62.45,69.0,431055.0,62.686
600779.SH,2022-11-23,0.0,62.49,62.49,62.48,57.0,356170.0,62.685
600779.SH,2022-11-23,0.0,62.47,62.49,62.47,67.0,418600.0,62.685
600779.SH,2022-11-23,0.0,62.45,62.47,62.45,48.0,299808.0,62.684
600779.SH,2022-11-23,0.0,62.45,62.46,62.45,36.0,224839.0,62.684
600779.SH,2022-11-23,0.0,62.48,62.48,62.45,92.0,574674.0,62.684
600779.SH,2022-11-23,0.0,62.55,62.55,62.45,158.0,987280.0,62.683
600779.SH,2022-11-23,0.0,62.57,62.66,62.55,117.0,732169.0,62.682
600779.SH,2022-11-23,0.0,62.61,62.63,62.57,35.0,219109.0,62.682
600779.SH,2022-11-23,0.0,62.53,62.59,62.5,281.0,1757640.0,62.681
600779.SH,2022-11-23,0.0,62.5,62.54,62.5,108.0,675131.0,62.68
600779.SH,2022-11-23,0.0,62.45,62.5,62.43,323.0,2018210.0,62.678
600779.SH,2022-11-23,0.0,62.45,62.48,62.44,94.0,587054.0,62.678
600779.SH,2022-11-23,0.0,62.46,62.46,62.44,132.0,824320.0,62.677
600779.SH,2022-11-23,0.0,62.44,62.47,62.44,68.0,424741.0,62.676
600779.SH,2022-11-23,0.0,62.43,62.47,62.43,185.0,1155130.0,62.675
600779.SH,2022-11-23,0.0,62.44,62.45,62.43,135.0,842952.0,62.674
600779.SH,2022-11-23,0.0,62.43,62.46,62.43,192.0,1198950.0,62.673
600779.SH,2022-11-23,0.0,62.43,62.43,62.43,0.0,0.0,62.673
600779.SH,2022-11-23,0.0,62.43,62.43,62.43,0.0,0.0,62.673
600779.SH,2022-11-23,0.0,62.43,62.43,62.43,683.0,4262600.0,62.668
600779.SH,2022-11-24,0.0,62.62,62.62,62.62,43.0,269266.0,62.62
600779.SH,2022-11-24,0.0,62.91,63.2,62.62,450.0,2833660.0,62.94
600779.SH,2022-11-24,0.0,62.89,62.9,62.82,442.0,2777920.0,62.897
600779.SH,2022-11-24,0.0,62.65,62.98,62.65,683.0,4293930.0,62.885
600779.SH,2022-11-24,0.0,62.74,62.88,62.48,267.0,1671550.0,62.845
600779.SH,2022-11-24,0.0,62.54,62.74,62.53,125.0,782461.0,62.831
600779.SH,2022-11-24,0.0,62.63,62.7,62.54,195.0,1221140.0,62.812
600779.SH,2022-11-24,0.0,62.51,62.68,62.5,252.0,1576540.0,62.787
600779.SH,2022-11-24,0.0,62.33,62.51,62.32,281.0,1754140.0,62.75
600779.SH,2022-11-24,0.0,62.44,62.45,62.44,142.0,886191.0,62.733
600779.SH,2022-11-24,0.0,62.28,62.43,62.21,321.0,2000360.0,62.691
600779.SH,2022-11-24,0.0,62.41,62.41,62.26,83.0,517498.0,62.682
600779.SH,2022-11-24,0.0,62.3,62.41,62.25,360.0,2242470.0,62.644
600779.SH,2022-11-24,0.0,62.33,62.43,62.27,177.0,1103280.0,62.629
600779.SH,2022-11-24,0.0,62.45,62.45,62.33,89.0,555591.0,62.625
600779.SH,2022-11-24,0.0,62.36,62.45,62.36,178.0,1110660.0,62.615
600779.SH,2022-11-24,0.0,62.29,62.36,62.27,907.0,5650880.0,62.558
600779.SH,2022-11-24,0.0,62.32,62.32,62.25,312.0,1942360.0,62.54
600779.SH,2022-11-24,0.0,62.28,62.32,62.26,120.0,747315.0,62.534
600779.SH,2022-11-24,0.0,62.13,62.28,62.13,322.0,2003420.0,62.517
600779.SH,2022-11-24,0.0,62.04,62.16,62.0,688.0,4267540.0,62.465
600779.SH,2022-11-24,0.0,62.19,62.26,62.0,686.0,4257700.0,62.426
600779.SH,2022-11-24,0.0,62.25,62.36,62.19,157.0,977448.0,62.422
600779.SH,2022-11-24,0.0,62.15,62.25,62.15,115.0,715025.0,62.419
600779.SH,2022-11-24,0.0,62.25,62.29,62.15,306.0,1903650.0,62.41
600779.SH,2022-11-24,0.0,62.21,62.26,62.21,108.0,672049.0,62.408
600779.SH,2022-11-24,0.0,62.34,62.36,62.2,182.0,1132940.0,62.404
600779.SH,2022-11-24,0.0,62.21,62.36,62.18,83.0,516880.0,62.403
600779.SH,2022-11-24,0.0,62.11,62.21,62.11,89.0,553107.0,62.4
600779.SH,2022-11-24,0.0,62.14,62.15,62.1,191.0,1186590.0,62.394
600779.SH,2022-11-24,0.0,62.13,62.14,62.11,239.0,1484890.0,62.386
600779.SH,2022-11-24,0.0,62.0,62.14,62.0,421.0,2612100.0,62.371
600779.SH,2022-11-24,0.0,62.05,62.06,62.0,235.0,1457450.0,62.362
600779.SH,2022-11-24,0.0,62.05,62.05,62.04,163.0,1011370.0,62.356
600779.SH,2022-11-24,0.0,62.1,62.13,62.05,26.0,161435.0,62.355
600779.SH,2022-11-24,0.0,62.02,62.1,62.02,101.0,626620.0,62.352
600779.SH,2022-11-24,0.0,62.03,62.06,62.0,311.0,1928490.0,62.341
600779.SH,2022-11-24,0.0,62.14,62.14,62.02,190.0,1179240.0,62.336
600779.SH,2022-11-24,0.0,62.09,62.14,62.09,60.0,372796.0,62.335
600779.SH,2022-11-24,0.0,62.15,62.17,62.09,169.0,1049790.0,62.331
600779.SH,2022-11-24,0.0,62.23,62.23,62.1,68.0,422952.0,62.33
600779.SH,2022-11-24,0.0,62.19,62.23,62.19,53.0,329708.0,62.33
600779.SH,2022-11-24,0.0,62.19,62.2,62.18,29.0,180368.0,62.329
600779.SH,2022-11-24,0.0,62.11,62.2,62.11,32.0,198962.0,62.329
600779.SH,2022-11-24,0.0,62.13,62.14,62.11,51.0,316850.0,62.328
600779.SH,2022-11-24,0.0,62.13,62.15,62.13,39.0,242313.0,62.327
600779.SH,2022-11-24,0.0,62.22,62.22,62.18,70.0,435353.0,62.326
600779.SH,2022-11-24,0.0,62.27,62.29,62.22,43.0,267643.0,62.326
600779.SH,2022-11-24,0.0,62.2,62.27,62.18,58.0,360792.0,62.325
600779.SH,2022-11-24,0.0,62.19,62.2,62.15,42.0,261079.0,62.325
600779.SH,2022-11-24,0.0,62.29,62.29,62.17,237.0,1474920.0,62.323
600779.SH,2022-11-24,0.0,62.28,62.32,62.28,103.0,641640.0,62.323
600779.SH,2022-11-24,0.0,62.28,62.29,62.26,43.0,267784.0,62.322
600779.SH,2022-11-24,0.0,62.33,62.33,62.28,91.0,566976.0,62.322
600779.SH,2022-11-24,0.0,62.37,62.37,62.3,50.0,311734.0,62.322
600779.SH,2022-11-24,0.0,62.34,62.37,62.33,66.0,411538.0,62.322
600779.SH,2022-11-24,0.0,62.15,62.31,62.15,82.0,510244.0,62.322
600779.SH,2022-11-24,0.0,62.15,62.19,62.15,40.0,248654.0,62.321
600779.SH,2022-11-24,0.0,62.17,62.2,62.15,58.0,360606.0,62.32
600779.SH,2022-11-24,0.0,62.17,62.17,62.16,40.0,248673.0,62.32
600779.SH,2022-11-24,0.0,62.12,62.18,62.12,232.0,1441940.0,62.317
600779.SH,2022-11-24,0.0,62.0,62.12,61.99,489.0,3032750.0,62.305
600779.SH,2022-11-24,0.0,62.04,62.04,62.02,49.0,303945.0,62.304
600779.SH,2022-11-24,0.0,61.96,62.03,61.96,312.0,1934220.0,62.296
600779.SH,2022-11-24,0.0,62.0,62.03,61.95,159.0,985792.0,62.292
600779.SH,2022-11-24,0.0,62.02,62.03,62.0,77.0,477447.0,62.291
600779.SH,2022-11-24,0.0,61.95,62.02,61.91,218.0,1350920.0,62.285
600779.SH,2022-11-24,0.0,61.96,61.96,61.91,71.0,439668.0,62.283
600779.SH,2022-11-24,0.0,61.94,61.96,61.94,40.0,247804.0,62.282
600779.SH,2022-11-24,0.0,61.97,61.97,61.91,68.0,421128.0,62.281
600779.SH,2022-11-24,0.0,61.91,61.98,61.91,134.0,829838.0,62.277
600779.SH,2022-11-24,0.0,61.99,61.99,61.91,52.0,322224.0,62.276
600779.SH,2022-11-24,0.0,62.03,62.03,61.99,40.0,248023.0,62.275
600779.SH,2022-11-24,0.0,62.03,62.07,62.02,26.0,161290.0,62.275
600779.SH,2022-11-24,0.0,62.04,62.08,62.02,34.0,210909.0,62.274
600779.SH,2022-11-24,0.0,62.03,62.04,62.03,47.0,291532.0,62.273
600779.SH,2022-11-24,0.0,62.01,62.02,62.01,71.0,440325.0,62.272
600779.SH,2022-11-24,0.0,62.03,62.06,62.02,24.0,148886.0,62.271
600779.SH,2022-11-24,0.0,62.02,62.03,62.01,30.0,186060.0,62.271
600779.SH,2022-11-24,0.0,62.03,62.03,62.02,20.0,124052.0,62.271
600779.SH,2022-11-24,0.0,62.04,62.08,62.03,67.0,415646.0,62.269
600779.SH,2022-11-24,0.0,62.04,62.04,62.02,36.0,223307.0,62.269
600779.SH,2022-11-24,0.0,62.03,62.1,62.03,88.0,545973.0,62.267
600779.SH,2022-11-24,0.0,62.05,62.14,62.05,68.0,422111.0,62.266
600779.SH,2022-11-24,0.0,62.07,62.09,62.02,88.0,545923.0,62.265
600779.SH,2022-11-24,0.0,62.26,62.27,62.09,168.0,1045510.0,62.265
600779.SH,2022-11-24,0.0,62.16,62.27,62.16,285.0,1773160.0,62.264
600779.SH,2022-11-24,0.0,62.1,62.17,62.1,18.0,111871.0,62.264
600779.SH,2022-11-24,0.0,62.08,62.17,62.03,405.0,2514260.0,62.259
600779.SH,2022-11-24,0.0,62.09,62.1,62.08,47.0,291779.0,62.258
600779.SH,2022-11-24,0.0,62.05,62.09,62.05,204.0,1266100.0,62.255
600779.SH,2022-11-24,0.0,62.03,62.06,62.03,40.0,248198.0,62.255
600779.SH,2022-11-24,0.0,62.04,62.05,62.03,41.0,254387.0,62.254
600779.SH,2022-11-24,0.0,62.06,62.07,62.04,39.0,242021.0,62.254
600779.SH,2022-11-24,0.0,62.05,62.08,62.04,33.0,204801.0,62.253
600779.SH,2022-11-24,0.0,62.02,62.05,62.02,43.0,266741.0,62.253
600779.SH,2022-11-24,0.0,62.05,62.05,62.02,65.0,403231.0,62.252
600779.SH,2022-11-24,0.0,61.93,62.05,61.92,540.0,3348170.0,62.243
600779.SH,2022-11-24,0.0,61.95,61.97,61.93,46.0,284939.0,62.243
600779.SH,2022-11-24,0.0,61.96,61.98,61.95,42.0,260257.0,62.242
600779.SH,2022-11-24,0.0,61.98,61.99,61.98,85.0,526866.0,62.241
600779.SH,2022-11-24,0.0,62.01,62.01,61.98,32.0,198385.0,62.24
600779.SH,2022-11-24,0.0,61.9,62.02,61.9,323.0,2000180.0,62.234
600779.SH,2022-11-24,0.0,61.83,61.88,61.76,651.0,4024600.0,62.218
600779.SH,2022-11-24,0.0,61.91,61.91,61.82,243.0,1503180.0,62.213
600779.SH,2022-11-24,0.0,61.89,61.91,61.85,131.0,810537.0,62.211
600779.SH,2022-11-24,0.0,61.86,61.89,61.85,96.0,593903.0,62.209
600779.SH,2022-11-24,0.0,61.76,61.85,61.76,274.0,1693740.0,62.203
600779.SH,2022-11-24,0.0,61.82,61.83,61.76,220.0,1359340.0,62.198
600779.SH,2022-11-24,0.0,61.82,61.82,61.81,92.0,568707.0,62.196
600779.SH,2022-11-24,0.0,61.91,61.91,61.82,35.0,216557.0,62.195
600779.SH,2022-11-24,0.0,61.97,61.97,61.91,81.0,501598.0,62.194
600779.SH,2022-11-24,0.0,61.89,62.08,61.89,309.0,1915750.0,62.191
600779.SH,2022-11-24,0.0,61.85,61.89,61.85,30.0,185620.0,62.19
600779.SH,2022-11-24,0.0,61.89,61.94,61.87,79.0,488818.0,62.189
600779.SH,2022-11-24,0.0,61.95,61.98,61.95,34.0,210647.0,62.189
600779.SH,2022-11-24,0.0,61.91,61.95,61.91,35.0,216760.0,62.188
600779.SH,2022-11-24,0.0,61.92,61.95,61.91,18.0,111455.0,62.188
600779.SH,2022-11-24,0.0,62.01,62.06,61.95,89.0,551807.0,62.187
600779.SH,2022-11-24,0.0,61.94,62.01,61.92,71.0,440133.0,62.186
600779.SH,2022-11-24,0.0,62.01,62.01,61.94,17.0,105335.0,62.186
600779.SH,2022-11-24,0.0,62.01,62.03,61.96,133.0,824583.0,62.185
600779.SH,2022-11-24,0.0,61.98,62.01,61.98,23.0,142588.0,62.185
600779.SH,2022-11-24,0.0,61.96,61.98,61.96,28.0,173513.0,62.184
600779.SH,2022-11-24,0.0,61.92,61.96,61.92,46.0,284969.0,62.184
600779.SH,2022-11-24,0.0,62.16,62.16,61.92,423.0,2621670.0,62.179
600779.SH,2022-11-24,0.0,62.1,62.16,62.08,69.0,428443.0,62.179
600779.SH,2022-11-24,0.0,62.0,62.08,62.0,41.0,254378.0,62.179
600779.SH,2022-11-24,0.0,62.02,62.06,61.97,53.0,328649.0,62.178
600779.SH,2022-11-24,0.0,61.97,62.01,61.95,44.0,272732.0,62.178
600779.SH,2022-11-24,0.0,61.95,61.97,61.95,38.0,235464.0,62.177
600779.SH,2022-11-24,0.0,61.97,61.97,61.93,37.0,229222.0,62.177
600779.SH,2022-11-24,0.0,61.94,61.97,61.94,28.0,173492.0,62.177
600779.SH,2022-11-24,0.0,61.92,61.94,61.92,74.0,458272.0,62.176
600779.SH,2022-11-24,0.0,61.88,61.9,61.88,60.0,371377.0,62.175
600779.SH,2022-11-24,0.0,61.93,61.94,61.89,42.0,259974.0,62.174
600779.SH,2022-11-24,0.0,61.88,61.94,61.88,26.0,160948.0,62.174
600779.SH,2022-11-24,0.0,61.86,61.88,61.86,25.0,154674.0,62.174
600779.SH,2022-11-24,0.0,61.87,61.88,61.86,48.0,296990.0,62.173
600779.SH,2022-11-24,0.0,61.86,61.87,61.86,48.0,296946.0,62.172
600779.SH,2022-11-24,0.0,61.9,61.91,61.85,126.0,779545.0,62.17
600779.SH,2022-11-24,0.0,61.9,61.91,61.9,32.0,198086.0,62.17
600779.SH,2022-11-24,0.0,62.06,62.06,61.91,166.0,1028940.0,62.168
600779.SH,2022-11-24,0.0,61.95,62.1,61.95,66.0,409179.0,62.168
600779.SH,2022-11-24,0.0,62.0,62.01,61.95,66.0,409062.0,62.167
600779.SH,2022-11-24,0.0,62.07,62.07,62.0,28.0,173701.0,62.167
600779.SH,2022-11-24,0.0,62.11,62.13,62.07,35.0,217385.0,62.167
600779.SH,2022-11-24,0.0,62.01,62.11,62.01,32.0,198581.0,62.167
600779.SH,2022-11-24,0.0,62.0,62.01,62.0,34.0,210810.0,62.167
600779.SH,2022-11-24,0.0,61.98,62.0,61.98,24.0,148770.0,62.166
600779.SH,2022-11-24,0.0,61.91,61.98,61.91,30.0,185786.0,62.166
600779.SH,2022-11-24,0.0,61.96,61.96,61.9,86.0,532456.0,62.165
600779.SH,2022-11-24,0.0,62.1,62.11,61.96,73.0,452765.0,62.165
600779.SH,2022-11-24,0.0,62.08,62.11,62.07,23.0,142817.0,62.164
600779.SH,2022-11-24,0.0,62.19,62.23,62.07,221.0,1373770.0,62.164
600779.SH,2022-11-24,0.0,62.13,62.19,62.13,102.0,633890.0,62.164
600779.SH,2022-11-24,0.0,62.27,62.27,62.11,193.0,1200500.0,62.165
600779.SH,2022-11-24,0.0,62.28,62.29,62.25,111.0,691133.0,62.165
600779.SH,2022-11-24,0.0,62.23,62.29,62.23,87.0,541737.0,62.166
600779.SH,2022-11-24,0.0,62.2,62.22,62.17,18.0,111973.0,62.166
600779.SH,2022-11-24,0.0,62.16,62.19,62.16,105.0,652769.0,62.166
600779.SH,2022-11-24,0.0,62.12,62.15,62.12,22.0,136685.0,62.166
600779.SH,2022-11-24,0.0,62.18,62.19,62.12,98.0,609149.0,62.166
600779.SH,2022-11-24,0.0,62.19,62.19,62.16,10.0,62172.0,62.166
600779.SH,2022-11-24,0.0,62.15,62.19,62.15,20.0,124333.0,62.166
600779.SH,2022-11-24,0.0,62.1,62.15,62.1,16.0,99404.0,62.166
600779.SH,2022-11-24,0.0,62.11,62.11,62.1,20.0,124211.0,62.166
600779.SH,2022-11-24,0.0,62.11,62.11,62.1,45.0,279451.0,62.165
600779.SH,2022-11-24,0.0,62.09,62.11,62.09,36.0,223558.0,62.165
600779.SH,2022-11-24,0.0,62.11,62.15,62.09,55.0,341544.0,62.165
600779.SH,2022-11-24,0.0,62.15,62.15,62.11,33.0,205090.0,62.165
600779.SH,2022-11-24,0.0,62.22,62.22,62.14,126.0,783181.0,62.165
600779.SH,2022-11-24,0.0,62.2,62.22,62.2,30.0,186636.0,62.165
600779.SH,2022-11-24,0.0,62.18,62.2,62.18,22.0,136824.0,62.165
600779.SH,2022-11-24,0.0,62.14,62.22,62.14,187.0,1162560.0,62.165
600779.SH,2022-11-24,0.0,62.26,62.26,62.14,16.0,99602.0,62.165
600779.SH,2022-11-24,0.0,62.23,62.26,62.21,14.0,87125.0,62.165
600779.SH,2022-11-24,0.0,62.22,62.22,62.2,26.0,161739.0,62.165
600779.SH,2022-11-24,0.0,62.2,62.2,62.19,14.0,87077.0,62.165
600779.SH,2022-11-24,0.0,62.19,62.21,62.19,40.0,248800.0,62.165
600779.SH,2022-11-24,0.0,62.15,62.19,62.13,20.0,124300.0,62.165
600779.SH,2022-11-24,0.0,62.15,62.18,62.14,26.0,161613.0,62.165
600779.SH,2022-11-24,0.0,62.16,62.16,62.15,32.0,198902.0,62.165
600779.SH,2022-11-24,0.0,62.29,62.3,62.16,232.0,1443780.0,62.166
600779.SH,2022-11-24,0.0,62.26,62.28,62.22,39.0,242763.0,62.166
600779.SH,2022-11-24,0.0,62.24,62.24,62.22,59.0,367130.0,62.166
600779.SH,2022-11-24,0.0,62.2,62.24,62.2,44.0,273786.0,62.166
600779.SH,2022-11-24,0.0,62.16,62.2,62.16,47.0,292267.0,62.166
600779.SH,2022-11-24,0.0,62.24,62.25,62.16,122.0,758917.0,62.167
600779.SH,2022-11-24,0.0,62.24,62.25,62.24,62.0,385935.0,62.167
600779.SH,2022-11-24,0.0,62.22,62.23,62.22,99.0,616007.0,62.167
600779.SH,2022-11-24,0.0,62.23,62.27,62.2,118.0,734276.0,62.167
600779.SH,2022-11-24,0.0,62.25,62.29,62.25,57.0,354979.0,62.168
600779.SH,2022-11-24,0.0,62.26,62.26,62.24,13.0,80919.0,62.168
600779.SH,2022-11-24,0.0,62.22,62.27,62.22,64.0,398353.0,62.168
600779.SH,2022-11-24,0.0,62.2,62.22,62.2,22.0,136854.0,62.168
600779.SH,2022-11-24,0.0,62.15,62.19,62.15,131.0,814390.0,62.168
600779.SH,2022-11-24,0.0,62.17,62.17,62.15,49.0,304560.0,62.168
600779.SH,2022-11-24,0.0,62.19,62.21,62.17,61.0,379364.0,62.168
600779.SH,2022-11-24,0.0,62.2,62.21,62.18,35.0,217702.0,62.168
600779.SH,2022-11-24,0.0,62.18,62.2,62.18,23.0,143027.0,62.168
600779.SH,2022-11-24,0.0,62.17,62.19,62.17,76.0,472566.0,62.168
600779.SH,2022-11-24,0.0,62.15,62.17,62.15,36.0,223768.0,62.168
600779.SH,2022-11-24,0.0,62.16,62.16,62.15,34.0,211317.0,62.168
600779.SH,2022-11-24,0.0,62.18,62.2,62.16,41.0,254964.0,62.168
600779.SH,2022-11-24,0.0,62.19,62.19,62.17,21.0,130588.0,62.168
600779.SH,2022-11-24,0.0,62.16,62.19,62.16,46.0,285992.0,62.168
600779.SH,2022-11-24,0.0,62.17,62.17,62.16,82.0,509718.0,62.168
600779.SH,2022-11-24,0.0,62.11,62.19,62.11,162.0,1006750.0,62.168
600779.SH,2022-11-24,0.0,62.08,62.11,62.08,54.0,335327.0,62.168
600779.SH,2022-11-24,0.0,62.05,62.08,62.05,35.0,217232.0,62.168
600779.SH,2022-11-24,0.0,62.04,62.05,62.04,136.0,843817.0,62.167
600779.SH,2022-11-24,0.0,62.19,62.2,62.03,200.0,1242060.0,62.166
600779.SH,2022-11-24,0.0,62.23,62.23,62.19,60.0,373277.0,62.167
600779.SH,2022-11-24,0.0,62.15,62.19,62.11,68.0,422620.0,62.167
600779.SH,2022-11-24,0.0,62.13,62.14,62.1,39.0,242264.0,62.166
600779.SH,2022-11-24,0.0,62.17,62.2,62.15,148.0,920166.0,62.167
600779.SH,2022-11-24,0.0,62.13,62.17,62.12,87.0,540680.0,62.166
600779.SH,2022-11-24,0.0,62.1,62.13,62.1,33.0,204998.0,62.166
600779.SH,2022-11-24,0.0,62.09,62.1,62.09,44.0,273212.0,62.166
600779.SH,2022-11-24,0.0,62.07,62.09,62.07,36.0,223491.0,62.166
600779.SH,2022-11-24,0.0,62.08,62.08,62.07,144.0,893923.0,62.166
600779.SH,2022-11-24,0.0,62.1,62.1,62.07,73.0,453217.0,62.165
600779.SH,2022-11-24,0.0,62.06,62.08,62.05,53.0,328942.0,62.165
600779.SH,2022-11-24,0.0,61.98,62.06,61.98,320.0,1984210.0,62.163
600779.SH,2022-11-24,0.0,61.91,61.98,61.88,229.0,1417860.0,62.161
600779.SH,2022-11-24,0.0,62.03,62.1,61.96,257.0,1594340.0,62.16
600779.SH,2022-11-24,0.0,62.0,62.09,61.98,264.0,1636560.0,62.158
600779.SH,2022-11-24,0.0,62.04,62.05,61.99,167.0,1035510.0,62.157
600779.SH,2022-11-24,0.0,62.01,62.05,62.01,68.0,421773.0,62.157
600779.SH,2022-11-24,0.0,61.99,62.01,61.99,131.0,812206.0,62.156
600779.SH,2022-11-24,0.0,62.03,62.03,61.97,150.0,929981.0,62.155
600779.SH,2022-11-24,0.0,62.04,62.05,62.0,63.0,390761.0,62.155
600779.SH,2022-11-24,0.0,62.02,62.04,62.02,87.0,539604.0,62.155
600779.SH,2022-11-24,0.0,62.0,62.03,62.0,165.0,1023080.0,62.154
600779.SH,2022-11-24,0.0,62.0,62.02,62.0,210.0,1300600.0,62.153
600779.SH,2022-11-24,0.0,61.99,62.01,61.99,442.0,2741970.0,62.15
600779.SH,2022-11-24,0.0,61.98,61.99,61.94,595.0,3687290.0,62.147
600779.SH,2022-11-24,0.0,61.98,61.98,61.98,0.0,0.0,62.147
600779.SH,2022-11-24,0.0,61.98,61.98,61.98,0.0,0.0,62.147
600779.SH,2022-11-24,0.0,61.8,61.8,61.8,759.0,4690620.0,62.138
600779.SH,2022-11-25,0.0,62.0,62.0,62.0,40.0,248000.0,62.0
600779.SH,2022-11-25,0.0,61.87,62.3,61.8,566.0,3508160.0,61.983
600779.SH,2022-11-25,0.0,61.61,61.96,61.61,433.0,2677760.0,61.924
600779.SH,2022-11-25,0.0,61.82,61.86,61.6,214.0,1322060.0,61.899
600779.SH,2022-11-25,0.0,61.8,62.03,61.8,178.0,1102720.0,61.906
600779.SH,2022-11-25,0.0,61.72,61.81,61.65,154.0,950617.0,61.888
600779.SH,2022-11-25,0.0,61.62,61.7,61.62,126.0,777093.0,61.873
600779.SH,2022-11-25,0.0,61.52,61.63,61.5,379.0,2333480.0,61.818
600779.SH,2022-11-25,0.0,61.59,61.63,61.52,212.0,1305150.0,61.794
600779.SH,2022-11-25,0.0,61.71,61.72,61.59,95.0,585738.0,61.789
600779.SH,2022-11-25,0.0,61.67,61.8,61.6,232.0,1432140.0,61.784
600779.SH,2022-11-25,0.0,62.2,62.2,61.62,226.0,1399160.0,61.794
600779.SH,2022-11-25,0.0,62.06,62.15,61.96,193.0,1197730.0,61.81
600779.SH,2022-11-25,0.0,61.97,62.09,61.97,169.0,1048500.0,61.823
600779.SH,2022-11-25,0.0,61.85,62.0,61.85,103.0,638152.0,61.827
600779.SH,2022-11-25,0.0,61.88,61.94,61.8,81.0,500811.0,61.827
600779.SH,2022-11-25,0.0,62.01,62.09,61.88,195.0,1208690.0,61.835
600779.SH,2022-11-25,0.0,62.06,62.1,61.98,129.0,800270.0,61.842
600779.SH,2022-11-25,0.0,62.07,62.25,62.07,638.0,3966400.0,61.89
600779.SH,2022-11-25,0.0,61.9,62.06,61.9,71.0,440039.0,61.892
600779.SH,2022-11-25,0.0,61.95,61.95,61.9,104.0,643957.0,61.892
600779.SH,2022-11-25,0.0,61.9,62.15,61.9,145.0,899421.0,61.896
600779.SH,2022-11-25,0.0,61.98,61.99,61.9,78.0,483294.0,61.897
600779.SH,2022-11-25,0.0,61.86,61.97,61.85,184.0,1139140.0,61.898
600779.SH,2022-11-25,0.0,61.83,61.87,61.8,91.0,562614.0,61.897
600779.SH,2022-11-25,0.0,61.81,61.86,61.81,99.0,612133.0,61.895
600779.SH,2022-11-25,0.0,61.7,61.81,61.6,194.0,1197980.0,61.89
600779.SH,2022-11-25,0.0,61.86,61.86,61.62,133.0,820816.0,61.886
600779.SH,2022-11-25,0.0,61.87,61.87,61.84,58.0,358807.0,61.886
600779.SH,2022-11-25,0.0,61.9,61.94,61.87,29.0,179534.0,61.886
600779.SH,2022-11-25,0.0,61.9,61.91,61.9,42.0,260016.0,61.886
600779.SH,2022-11-25,0.0,61.98,62.15,61.9,162.0,1004300.0,61.889
600779.SH,2022-11-25,0.0,61.97,62.03,61.9,45.0,278836.0,61.89
600779.SH,2022-11-25,0.0,61.79,61.94,61.79,229.0,1417170.0,61.889
600779.SH,2022-11-25,0.0,61.93,61.94,61.79,69.0,427194.0,61.89
600779.SH,2022-11-25,0.0,61.99,62.02,61.93,92.0,570280.0,61.891
600779.SH,2022-11-25,0.0,61.88,61.99,61.87,80.0,495408.0,61.892
600779.SH,2022-11-25,0.0,61.81,61.87,61.81,64.0,395777.0,61.891
600779.SH,2022-11-25,0.0,62.0,62.0,61.81,80.0,495228.0,61.891
600779.SH,2022-11-25,0.0,61.82,62.02,61.8,200.0,1238440.0,61.892
600779.SH,2022-11-25,0.0,61.83,61.9,61.82,36.0,222690.0,61.892
600779.SH,2022-11-25,0.0,61.8,61.96,61.8,143.0,884188.0,61.891
600779.SH,2022-11-25,0.0,61.79,61.82,61.79,50.0,309008.0,61.89
600779.SH,2022-11-25,0.0,61.78,61.8,61.78,70.0,432555.0,61.889
600779.SH,2022-11-25,0.0,61.6,61.79,61.6,363.0,2238720.0,61.878
600779.SH,2022-11-25,0.0,61.66,61.66,61.59,120.0,739275.0,61.874
600779.SH,2022-11-25,0.0,61.68,61.8,61.67,52.0,320777.0,61.873
600779.SH,2022-11-25,0.0,61.68,61.69,61.67,44.0,271392.0,61.871
600779.SH,2022-11-25,0.0,61.68,61.7,61.67,88.0,542843.0,61.869
600779.SH,2022-11-25,0.0,61.61,61.68,61.61,151.0,931007.0,61.865
600779.SH,2022-11-25,0.0,61.6,61.63,61.6,83.0,511369.0,61.862
600779.SH,2022-11-25,0.0,61.61,61.66,61.6,159.0,979843.0,61.858
600779.SH,2022-11-25,0.0,61.61,61.61,61.6,64.0,394269.0,61.856
600779.SH,2022-11-25,0.0,61.62,61.62,61.6,77.0,474373.0,61.853
600779.SH,2022-11-25,0.0,61.65,61.65,61.61,40.0,246548.0,61.852
600779.SH,2022-11-25,0.0,61.69,61.73,61.62,95.0,586054.0,61.85
600779.SH,2022-11-25,0.0,61.79,61.79,61.74,30.0,185319.0,61.85
600779.SH,2022-11-25,0.0,61.8,61.81,61.79,43.0,265732.0,61.85
600779.SH,2022-11-25,0.0,61.76,61.8,61.75,20.0,123562.0,61.85
600779.SH,2022-11-25,0.0,61.71,61.76,61.7,52.0,321004.0,61.849
600779.SH,2022-11-25,0.0,61.8,61.8,61.71,21.0,129706.0,61.849
600779.SH,2022-11-25,0.0,61.87,61.93,61.78,95.0,587674.0,61.849
600779.SH,2022-11-25,0.0,61.85,61.87,61.82,63.0,389692.0,61.849
600779.SH,2022-11-25,0.0,61.82,61.85,61.82,68.0,420444.0,61.849
600779.SH,2022-11-25,0.0,61.93,61.93,61.82,83.0,513415.0,61.849
600779.SH,2022-11-25,0.0,61.92,61.98,61.92,56.0,346907.0,61.849
600779.SH,2022-11-25,0.0,61.82,61.91,61.81,77.0,476183.0,61.849
600779.SH,2022-11-25,0.0,61.89,61.92,61.82,62.0,383706.0,61.85
600779.SH,2022-11-25,0.0,61.85,61.89,61.84,82.0,507350.0,61.85
600779.SH,2022-11-25,0.0,61.83,61.85,61.83,28.0,173150.0,61.85
600779.SH,2022-11-25,0.0,61.8,61.83,61.8,40.0,247234.0,61.85
600779.SH,2022-11-25,0.0,61.88,61.89,61.81,84.0,519453.0,61.85
600779.SH,2022-11-25,0.0,61.9,61.91,61.88,23.0,142350.0,61.85
600779.SH,2022-11-25,0.0,61.9,61.91,61.9,46.0,284755.0,61.85
600779.SH,2022-11-25,0.0,61.89,61.9,61.88,41.0,253755.0,61.85
600779.SH,2022-11-25,0.0,61.82,61.9,61.82,36.0,222722.0,61.85
600779.SH,2022-11-25,0.0,61.88,61.88,61.82,34.0,210368.0,61.85
600779.SH,2022-11-25,0.0,61.88,61.93,61.88,71.0,439453.0,61.851
600779.SH,2022-11-25,0.0,61.8,61.89,61.8,91.0,562811.0,61.85
600779.SH,2022-11-25,0.0,61.72,61.8,61.72,53.0,327201.0,61.85
600779.SH,2022-11-25,0.0,61.78,61.8,61.72,18.0,111153.0,61.85
600779.SH,2022-11-25,0.0,61.7,61.79,61.7,54.0,333249.0,61.849
600779.SH,2022-11-25,0.0,61.71,61.71,61.69,86.0,530663.0,61.848
600779.SH,2022-11-25,0.0,61.69,61.71,61.69,17.0,104893.0,61.847
600779.SH,2022-11-25,0.0,61.66,61.69,61.66,49.0,302203.0,61.847
600779.SH,2022-11-25,0.0,61.65,61.67,61.65,17.0,104821.0,61.846
600779.SH,2022-11-25,0.0,61.63,61.68,61.63,55.0,339058.0,61.845
600779.SH,2022-11-25,0.0,61.65,61.65,61.64,54.0,332901.0,61.844
600779.SH,2022-11-25,0.0,61.68,61.68,61.65,22.0,135653.0,61.844
600779.SH,2022-11-25,0.0,61.65,61.68,61.65,29.0,178818.0,61.843
600779.SH,2022-11-25,0.0,61.65,61.66,61.65,38.0,234283.0,61.842
600779.SH,2022-11-25,0.0,61.71,61.79,61.65,86.0,530495.0,61.841
600779.SH,2022-11-25,0.0,61.67,61.71,61.67,21.0,129544.0,61.841
600779.SH,2022-11-25,0.0,61.7,61.7,61.68,39.0,240597.0,61.84
600779.SH,2022-11-25,0.0,61.69,61.7,61.67,13.0,80193.0,61.84
600779.SH,2022-11-25,0.0,61.7,61.72,61.69,15.0,92567.0,61.84
600779.SH,2022-11-25,0.0,61.76,61.76,61.7,10.0,61745.0,61.84
600779.SH,2022-11-25,0.0,61.69,61.76,61.69,63.0,388733.0,61.839
600779.SH,2022-11-25,0.0,61.7,61.7,61.69,64.0,395872.0,61.838
600779.SH,2022-11-25,0.0,61.69,61.7,61.69,11.0,67869.0,61.838
600779.SH,2022-11-25,0.0,61.65,61.69,61.65,84.0,517049.0,61.836
600779.SH,2022-11-25,0.0,61.64,61.64,61.63,41.0,252705.0,61.836
600779.SH,2022-11-25,0.0,61.62,61.63,61.61,72.0,443668.0,61.834
600779.SH,2022-11-25,0.0,61.53,61.62,61.52,358.0,2204810.0,61.826
600779.SH,2022-11-25,0.0,61.52,61.54,61.51,63.0,387588.0,61.824
600779.SH,2022-11-25,0.0,61.52,61.54,61.52,41.0,252248.0,61.823
600779.SH,2022-11-25,0.0,61.5,61.52,61.5,232.0,1426950.0,61.817
600779.SH,2022-11-25,0.0,61.5,61.52,61.5,77.0,473576.0,61.814
600779.SH,2022-11-25,0.0,61.64,61.64,61.5,171.0,1053380.0,61.811
600779.SH,2022-11-25,0.0,61.6,61.64,61.54,27.0,166296.0,61.811
600779.SH,2022-11-25,0.0,61.57,61.6,61.57,10.0,61581.0,61.811
600779.SH,2022-11-25,0.0,61.58,61.59,61.57,35.0,215532.0,61.81
600779.SH,2022-11-25,0.0,61.59,61.59,61.57,21.0,129318.0,61.809
600779.SH,2022-11-25,0.0,61.58,61.6,61.58,26.0,160122.0,61.809
600779.SH,2022-11-25,0.0,61.58,61.59,61.58,34.0,209379.0,61.808
600779.SH,2022-11-25,0.0,61.56,61.57,61.55,36.0,221638.0,61.808
600779.SH,2022-11-25,0.0,61.56,61.56,61.55,24.0,147724.0,61.807
600779.SH,2022-11-25,0.0,61.58,61.6,61.55,135.0,831263.0,61.804
600779.SH,2022-11-25,0.0,61.58,61.6,61.58,23.0,141642.0,61.804
600779.SH,2022-11-25,0.0,61.6,61.6,61.58,17.0,104715.0,61.804
600779.SH,2022-11-25,0.0,61.6,61.6,61.6,12.0,73920.0,61.803
600779.SH,2022-11-25,0.0,61.56,61.64,61.56,103.0,634580.0,61.802
600779.SH,2022-11-25,0.0,61.54,61.57,61.54,77.0,470869.0,61.8
600779.SH,2022-11-25,0.0,61.52,61.54,61.52,37.0,224603.0,61.799
600779.SH,2022-11-25,0.0,61.51,61.53,61.5,95.0,584272.0,61.797
600779.SH,2022-11-25,0.0,61.65,61.65,61.52,111.0,680343.0,61.795
600779.SH,2022-11-25,0.0,61.72,61.86,61.72,284.0,1754770.0,61.795
600779.SH,2022-11-25,0.0,61.79,61.79,61.72,43.0,265637.0,61.795
600779.SH,2022-11-25,0.0,61.8,61.82,61.77,23.0,142151.0,61.795
600779.SH,2022-11-25,0.0,61.8,61.81,61.79,17.0,105057.0,61.795
600779.SH,2022-11-25,0.0,61.87,61.87,61.79,53.0,327570.0,61.795
600779.SH,2022-11-25,0.0,61.95,61.95,61.87,112.0,693316.0,61.796
600779.SH,2022-11-25,0.0,61.84,61.97,61.84,50.0,309613.0,61.796
600779.SH,2022-11-25,0.0,61.87,61.87,61.8,26.0,160814.0,61.796
600779.SH,2022-11-25,0.0,61.85,61.87,61.84,38.0,235014.0,61.796
600779.SH,2022-11-25,0.0,61.88,61.9,61.84,66.0,408279.0,61.797
600779.SH,2022-11-25,0.0,61.9,61.92,61.88,81.0,501370.0,61.797
600779.SH,2022-11-25,0.0,61.91,61.93,61.91,48.0,297216.0,61.798
600779.SH,2022-11-25,0.0,61.96,61.96,61.9,40.0,247694.0,61.798
600779.SH,2022-11-25,0.0,61.99,61.99,61.96,139.0,861458.0,61.8
600779.SH,2022-11-25,0.0,62.0,62.0,61.99,148.0,917469.0,61.802
600779.SH,2022-11-25,0.0,61.9,62.0,61.9,71.0,440046.0,61.803
600779.SH,2022-11-25,0.0,61.9,61.91,61.9,63.0,390017.0,61.804
600779.SH,2022-11-25,0.0,61.91,61.96,61.9,41.0,253856.0,61.804
600779.SH,2022-11-25,0.0,61.91,61.92,61.91,22.0,136205.0,61.804
600779.SH,2022-11-25,0.0,61.88,61.91,61.88,18.0,111414.0,61.804
600779.SH,2022-11-25,0.0,61.82,61.88,61.82,55.0,340174.0,61.804
600779.SH,2022-11-25,0.0,61.79,61.82,61.79,50.0,309008.0,61.804
600779.SH,2022-11-25,0.0,61.79,61.79,61.79,23.0,142117.0,61.804
600779.SH,2022-11-25,0.0,61.84,61.84,61.78,122.0,754071.0,61.804
600779.SH,2022-11-25,0.0,61.86,61.89,61.83,44.0,272194.0,61.805
600779.SH,2022-11-25,0.0,61.83,61.89,61.83,70.0,433081.0,61.805
600779.SH,2022-11-25,0.0,61.86,61.86,61.83,32.0,197915.0,61.805
600779.SH,2022-11-25,0.0,61.94,61.94,61.87,39.0,241420.0,61.805
600779.SH,2022-11-25,0.0,62.15,62.15,61.95,243.0,1507320.0,61.809
600779.SH,2022-11-25,0.0,62.16,62.22,62.15,324.0,2014420.0,61.817
600779.SH,2022-11-25,0.0,62.1,62.13,62.03,88.0,546491.0,61.819
600779.SH,2022-11-25,0.0,62.03,62.1,62.03,104.0,645209.0,61.82
600779.SH,2022-11-25,0.0,62.03,62.04,62.03,74.0,459048.0,61.821
600779.SH,2022-11-25,0.0,62.06,62.11,62.04,137.0,850230.0,61.824
600779.SH,2022-11-25,0.0,62.04,62.06,62.04,16.0,99268.0,61.824
600779.SH,2022-11-25,0.0,62.03,62.05,62.03,75.0,465273.0,61.825
600779.SH,2022-11-25,0.0,62.0,62.03,62.0,44.0,272809.0,61.825
600779.SH,2022-11-25,0.0,61.95,62.0,61.95,15.0,92965.0,61.826
600779.SH,2022-11-25,0.0,61.91,61.95,61.91,36.0,222975.0,61.826
600779.SH,2022-11-25,0.0,61.92,61.93,61.91,40.0,247669.0,61.826
600779.SH,2022-11-25,0.0,61.92,61.93,61.91,38.0,235296.0,61.826
600779.SH,2022-11-25,0.0,61.92,61.92,61.91,40.0,247749.0,61.827
600779.SH,2022-11-25,0.0,61.91,61.92,61.91,31.0,191927.0,61.827
600779.SH,2022-11-25,0.0,61.91,61.95,61.91,16.0,96360.0,61.827
600779.SH,2022-11-25,0.0,61.93,61.94,61.91,18.0,111478.0,61.827
600779.SH,2022-11-25,0.0,61.89,61.93,61.89,95.0,590918.0,61.827
600779.SH,2022-11-25,0.0,61.9,61.9,61.89,3.0,18568.0,61.827
600779.SH,2022-11-25,0.0,61.88,61.89,61.88,75.0,464061.0,61.828
600779.SH,2022-11-25,0.0,61.84,61.88,61.84,54.0,334076.0,61.828
600779.SH,2022-11-25,0.0,61.84,61.84,61.84,18.0,111307.0,61.828
600779.SH,2022-11-25,0.0,61.8,61.84,61.8,28.0,173082.0,61.828
600779.SH,2022-11-25,0.0,61.81,61.81,61.8,58.0,358462.0,61.828
600779.SH,2022-11-25,0.0,61.79,61.81,61.79,40.0,247206.0,61.828
600779.SH,2022-11-25,0.0,61.8,61.8,61.79,13.0,80333.0,61.828
600779.SH,2022-11-25,0.0,61.8,61.8,61.8,16.0,101475.0,61.828
600779.SH,2022-11-25,0.0,61.85,61.85,61.8,30.0,185475.0,61.828
600779.SH,2022-11-25,0.0,61.83,61.85,61.81,68.0,420449.0,61.828
600779.SH,2022-11-25,0.0,61.8,61.83,61.79,151.0,933221.0,61.827
600779.SH,2022-11-25,0.0,61.77,61.8,61.77,66.0,405221.0,61.827
600779.SH,2022-11-25,0.0,61.75,61.77,61.75,18.0,111164.0,61.827
600779.SH,2022-11-25,0.0,61.72,61.75,61.72,61.0,376616.0,61.827
600779.SH,2022-11-25,0.0,61.61,61.72,61.61,172.0,1060370.0,61.825
600779.SH,2022-11-25,0.0,61.59,61.61,61.58,169.0,1041100.0,61.823
600779.SH,2022-11-25,0.0,61.59,61.59,61.58,51.0,316429.0,61.822
600779.SH,2022-11-25,0.0,61.61,61.61,61.58,91.0,560530.0,61.821
600779.SH,2022-11-25,0.0,61.66,61.69,61.61,65.0,400758.0,61.82
600779.SH,2022-11-25,0.0,61.66,61.66,61.65,37.0,228109.0,61.82
600779.SH,2022-11-25,0.0,61.68,61.68,61.66,19.0,117187.0,61.82
600779.SH,2022-11-25,0.0,61.64,61.68,61.64,62.0,382299.0,61.819
600779.SH,2022-11-25,0.0,61.65,61.68,61.64,43.0,265105.0,61.819
600779.SH,2022-11-25,0.0,61.67,61.67,61.65,11.0,67833.0,61.819
600779.SH,2022-11-25,0.0,61.63,61.67,61.63,58.0,357551.0,61.818
600779.SH,2022-11-25,0.0,61.7,61.7,61.63,75.0,462542.0,61.817
600779.SH,2022-11-25,0.0,61.73,61.75,61.7,69.0,425931.0,61.817
600779.SH,2022-11-25,0.0,61.73,61.73,61.72,20.0,123458.0,61.817
600779.SH,2022-11-25,0.0,61.73,61.79,61.73,15.0,92639.0,61.817
600779.SH,2022-11-25,0.0,61.66,61.72,61.66,87.0,536688.0,61.816
600779.SH,2022-11-25,0.0,61.68,61.78,61.68,45.0,277602.0,61.816
600779.SH,2022-11-25,0.0,61.77,61.78,61.7,62.0,383013.0,61.816
600779.SH,2022-11-25,0.0,61.77,61.79,61.77,57.0,352118.0,61.816
600779.SH,2022-11-25,0.0,61.8,61.8,61.77,174.0,1076110.0,61.815
600779.SH,2022-11-25,0.0,61.77,61.79,61.77,43.0,265655.0,61.815
600779.SH,2022-11-25,0.0,61.79,61.79,61.74,60.0,370555.0,61.815
600779.SH,2022-11-25,0.0,61.77,61.79,61.76,26.0,160610.0,61.815
600779.SH,2022-11-25,0.0,61.8,61.8,61.77,31.0,191538.0,61.815
600779.SH,2022-11-25,0.0,61.77,61.79,61.77,63.0,389204.0,61.815
600779.SH,2022-11-25,0.0,61.75,61.78,61.75,120.0,741136.0,61.814
600779.SH,2022-11-25,0.0,61.76,61.76,61.75,51.0,317539.0,61.814
600779.SH,2022-11-25,0.0,61.76,61.78,61.76,62.0,382944.0,61.814
600779.SH,2022-11-25,0.0,61.76,61.76,61.76,82.0,506455.0,61.814
600779.SH,2022-11-25,0.0,61.73,61.76,61.73,120.0,738297.0,61.813
600779.SH,2022-11-25,0.0,61.73,61.73,61.7,83.0,512194.0,61.813
600779.SH,2022-11-25,0.0,61.71,61.73,61.71,19.0,117272.0,61.813
600779.SH,2022-11-25,0.0,61.72,61.74,61.71,97.0,601383.0,61.812
600779.SH,2022-11-25,0.0,61.74,61.74,61.72,56.0,345662.0,61.812
600779.SH,2022-11-25,0.0,61.74,61.75,61.74,55.0,339618.0,61.812
600779.SH,2022-11-25,0.0,61.74,61.75,61.74,73.0,450716.0,61.811
600779.SH,2022-11-25,0.0,61.76,61.77,61.75,45.0,277914.0,61.811
600779.SH,2022-11-25,0.0,61.77,61.78,61.76,42.0,259434.0,61.811
600779.SH,2022-11-25,0.0,61.79,61.79,61.77,40.0,247122.0,61.811
600779.SH,2022-11-25,0.0,61.79,61.79,61.77,183.0,1130580.0,61.811
600779.SH,2022-11-25,0.0,61.77,61.79,61.76,124.0,766207.0,61.811
600779.SH,2022-11-25,0.0,61.87,61.87,61.77,148.0,915038.0,61.811
600779.SH,2022-11-25,0.0,61.86,61.88,61.86,244.0,1509690.0,61.812
600779.SH,2022-11-25,0.0,61.9,61.9,61.86,113.0,699110.0,61.812
600779.SH,2022-11-25,0.0,61.92,61.92,61.86,185.0,1144920.0,61.813
600779.SH,2022-11-25,0.0,61.88,61.92,61.86,148.0,916076.0,61.813
600779.SH,2022-11-25,0.0,61.84,61.88,61.84,104.0,643370.0,61.814
600779.SH,2022-11-25,0.0,61.78,61.87,61.77,107.0,661523.0,61.814
600779.SH,2022-11-25,0.0,61.78,61.8,61.78,158.0,976154.0,61.813
600779.SH,2022-11-25,0.0,61.74,61.79,61.74,192.0,1185990.0,61.813
600779.SH,2022-11-25,0.0,61.71,61.75,61.7,117.0,722051.0,61.812
600779.SH,2022-11-25,0.0,61.7,61.7,61.7,10.0,61703.0,61.812
600779.SH,2022-11-25,0.0,61.7,61.7,61.7,0.0,0.0,61.812
600779.SH,2022-11-25,0.0,61.71,61.71,61.71,157.0,968847.0,61.812
600779.SH,2022-11-28,0.0,60.0,60.0,60.0,365.0,2190000.0,60.0
600779.SH,2022-11-28,0.0,59.78,60.51,59.6,1748.0,10473900.0,59.934
600779.SH,2022-11-28,0.0,60.28,60.48,59.83,655.0,3939230.0,59.983
600779.SH,2022-11-28,0.0,60.5,60.64,60.25,600.0,3622500.0,60.053
600779.SH,2022-11-28,0.0,60.3,60.5,60.3,358.0,2162690.0,60.087
600779.SH,2022-11-28,0.0,60.25,60.36,60.25,478.0,2882200.0,60.111
600779.SH,2022-11-28,0.0,60.16,60.22,60.1,302.0,1817440.0,60.116
600779.SH,2022-11-28,0.0,60.1,60.21,60.1,416.0,2502850.0,60.12
600779.SH,2022-11-28,0.0,60.12,60.13,60.0,444.0,2667280.0,60.116
600779.SH,2022-11-28,0.0,60.07,60.13,60.07,233.0,1400040.0,60.115
600779.SH,2022-11-28,0.0,60.07,60.08,60.05,293.0,1759660.0,60.112
600779.SH,2022-11-28,0.0,60.05,60.08,60.05,414.0,2486800.0,60.109
600779.SH,2022-11-28,0.0,59.75,59.99,59.75,1033.0,6191220.0,60.085
600779.SH,2022-11-28,0.0,59.73,59.76,59.64,574.0,3426550.0,60.056
600779.SH,2022-11-28,0.0,59.64,59.73,59.62,325.0,1938410.0,60.04
600779.SH,2022-11-28,0.0,59.67,59.67,59.63,394.0,2350340.0,60.022
600779.SH,2022-11-28,0.0,59.44,59.66,59.4,1164.0,6931380.0,59.966
600779.SH,2022-11-28,0.0,59.36,59.47,59.36,700.0,4159590.0,59.93
600779.SH,2022-11-28,0.0,59.6,59.62,59.36,605.0,3600400.0,59.907
600779.SH,2022-11-28,0.0,59.62,59.65,59.55,405.0,2414240.0,59.897
600779.SH,2022-11-28,0.0,59.54,59.63,59.54,291.0,1734250.0,59.889
600779.SH,2022-11-28,0.0,59.65,59.65,59.54,324.0,1930060.0,59.881
600779.SH,2022-11-28,0.0,59.65,59.65,59.6,162.0,965857.0,59.877
600779.SH,2022-11-28,0.0,59.7,59.73,59.65,527.0,3145980.0,59.87
600779.SH,2022-11-28,0.0,59.66,59.66,59.6,267.0,1592500.0,59.865
600779.SH,2022-11-28,0.0,59.73,59.81,59.66,423.0,2525260.0,59.86
600779.SH,2022-11-28,0.0,59.67,59.72,59.65,377.0,2249980.0,59.855
600779.SH,2022-11-28,0.0,59.57,59.67,59.57,331.0,1973090.0,59.849
600779.SH,2022-11-28,0.0,59.48,59.57,59.47,534.0,3177930.0,59.837
600779.SH,2022-11-28,0.0,59.4,59.49,59.38,586.0,3483310.0,59.822
600779.SH,2022-11-28,0.0,59.41,59.41,59.35,558.0,3313060.0,59.806
600779.SH,2022-11-28,0.0,59.59,59.63,59.38,626.0,3722880.0,59.794
600779.SH,2022-11-28,0.0,59.52,59.65,59.48,394.0,2347280.0,59.789
600779.SH,2022-11-28,0.0,59.55,59.55,59.4,217.0,1290610.0,59.785
600779.SH,2022-11-28,0.0,59.56,59.67,59.43,397.0,2362730.0,59.778
600779.SH,2022-11-28,0.0,59.4,59.57,59.39,375.0,2228760.0,59.771
600779.SH,2022-11-28,0.0,59.37,59.43,59.34,584.0,3467450.0,59.759
600779.SH,2022-11-28,0.0,59.27,59.37,59.23,456.0,2704550.0,59.748
600779.SH,2022-11-28,0.0,59.11,59.27,59.1,532.0,3147020.0,59.732
600779.SH,2022-11-28,0.0,59.0,59.11,59.0,1036.0,6115770.0,59.696
600779.SH,2022-11-28,0.0,58.89,59.0,58.88,690.0,4066390.0,59.671
600779.SH,2022-11-28,0.0,58.94,58.95,58.87,546.0,3216400.0,59.652
600779.SH,2022-11-28,0.0,58.99,59.0,58.93,296.0,1745070.0,59.643
600779.SH,2022-11-28,0.0,59.0,59.01,58.95,246.0,1450820.0,59.636
600779.SH,2022-11-28,0.0,58.94,59.0,58.91,429.0,2529590.0,59.623
600779.SH,2022-11-28,0.0,58.89,58.91,58.86,628.0,3698380.0,59.603
600779.SH,2022-11-28,0.0,58.9,58.91,58.88,359.0,2114280.0,59.592
600779.SH,2022-11-28,0.0,59.0,59.06,58.9,261.0,1538910.0,59.586
600779.SH,2022-11-28,0.0,59.05,59.09,58.95,387.0,2282600.0,59.576
600779.SH,2022-11-28,0.0,59.06,59.09,59.02,239.0,1411030.0,59.571
600779.SH,2022-11-28,0.0,59.01,59.05,59.0,550.0,3245890.0,59.559
600779.SH,2022-11-28,0.0,59.06,59.07,59.02,247.0,1458350.0,59.554
600779.SH,2022-11-28,0.0,59.08,59.1,59.04,258.0,1523560.0,59.549
600779.SH,2022-11-28,0.0,59.13,59.13,59.08,112.0,661908.0,59.547
600779.SH,2022-11-28,0.0,59.32,59.35,59.14,123.0,729092.0,59.545
600779.SH,2022-11-28,0.0,59.4,59.56,59.32,268.0,1593260.0,59.544
600779.SH,2022-11-28,0.0,59.45,59.48,59.35,189.0,1122760.0,59.543
600779.SH,2022-11-28,0.0,59.44,59.45,59.4,69.0,410032.0,59.543
600779.SH,2022-11-28,0.0,59.43,59.44,59.4,141.0,837715.0,59.542
600779.SH,2022-11-28,0.0,59.43,59.44,59.4,157.0,932776.0,59.542
600779.SH,2022-11-28,0.0,59.57,59.64,59.44,452.0,2690390.0,59.541
600779.SH,2022-11-28,0.0,59.84,59.86,59.57,287.0,1715340.0,59.544
600779.SH,2022-11-28,0.0,59.94,59.94,59.82,279.0,1670230.0,59.547
600779.SH,2022-11-28,0.0,60.08,60.08,59.92,394.0,2364260.0,59.553
600779.SH,2022-11-28,0.0,60.15,60.15,60.0,514.0,3088840.0,59.563
600779.SH,2022-11-28,0.0,60.13,60.18,60.13,256.0,1539950.0,59.568
600779.SH,2022-11-28,0.0,60.06,60.12,60.02,207.0,1243370.0,59.571
600779.SH,2022-11-28,0.0,60.12,60.18,60.06,177.0,1064090.0,59.575
600779.SH,2022-11-28,0.0,60.17,60.22,60.09,339.0,2039420.0,59.581
600779.SH,2022-11-28,0.0,60.29,60.31,60.17,226.0,1362010.0,59.587
600779.SH,2022-11-28,0.0,60.2,60.31,60.2,903.0,5440160.0,59.606
600779.SH,2022-11-28,0.0,60.56,60.57,60.22,416.0,2512720.0,59.617
600779.SH,2022-11-28,0.0,60.25,60.5,60.24,188.0,1134730.0,59.621
600779.SH,2022-11-28,0.0,60.25,60.25,60.13,219.0,1318170.0,59.625
600779.SH,2022-11-28,0.0,60.2,60.25,60.17,216.0,1302140.0,59.629
600779.SH,2022-11-28,0.0,60.41,60.45,60.18,202.0,1217080.0,59.633
600779.SH,2022-11-28,0.0,60.38,60.41,60.33,114.0,688489.0,59.636
600779.SH,2022-11-28,0.0,60.26,60.38,60.25,276.0,1664320.0,59.641
600779.SH,2022-11-28,0.0,60.39,60.49,60.23,284.0,1714660.0,59.648
600779.SH,2022-11-28,0.0,60.39,60.46,60.36,116.0,700658.0,59.65
600779.SH,2022-11-28,0.0,60.52,60.52,60.39,262.0,1584060.0,59.657
600779.SH,2022-11-28,0.0,60.42,60.54,60.42,112.0,677634.0,59.66
600779.SH,2022-11-28,0.0,60.39,60.42,60.39,72.0,434941.0,59.661
600779.SH,2022-11-28,0.0,60.43,60.48,60.33,176.0,1063300.0,59.665
600779.SH,2022-11-28,0.0,60.32,60.43,60.3,89.0,537437.0,59.667
600779.SH,2022-11-28,0.0,60.3,60.36,60.3,75.0,452435.0,59.669
600779.SH,2022-11-28,0.0,60.48,60.48,60.3,120.0,724475.0,59.671
600779.SH,2022-11-28,0.0,60.59,60.6,60.43,787.0,4760950.0,59.69
600779.SH,2022-11-28,0.0,60.7,60.76,60.59,313.0,1898970.0,59.699
600779.SH,2022-11-28,0.0,60.6,60.8,60.6,294.0,1784720.0,59.707
600779.SH,2022-11-28,0.0,60.5,60.6,60.43,150.0,907462.0,59.71
600779.SH,2022-11-28,0.0,60.35,60.5,60.34,264.0,1594020.0,59.715
600779.SH,2022-11-28,0.0,60.62,60.7,60.37,420.0,2546750.0,59.725
600779.SH,2022-11-28,0.0,60.65,60.75,60.65,384.0,2328660.0,59.735
600779.SH,2022-11-28,0.0,60.57,60.65,60.52,113.0,684315.0,59.738
600779.SH,2022-11-28,0.0,60.74,60.74,60.56,78.0,472942.0,59.74
600779.SH,2022-11-28,0.0,60.83,60.96,60.75,350.0,2129310.0,59.75
600779.SH,2022-11-28,0.0,60.95,60.95,60.8,262.0,1594360.0,59.758
600779.SH,2022-11-28,0.0,60.77,60.96,60.77,151.0,918725.0,59.762
600779.SH,2022-11-28,0.0,60.85,60.86,60.8,202.0,1229030.0,59.768
600779.SH,2022-11-28,0.0,60.84,60.93,60.84,155.0,943429.0,59.773
600779.SH,2022-11-28,0.0,60.71,60.84,60.71,103.0,626136.0,59.775
600779.SH,2022-11-28,0.0,60.68,60.78,60.66,125.0,759065.0,59.779
600779.SH,2022-11-28,0.0,60.84,60.87,60.68,180.0,1094330.0,59.783
600779.SH,2022-11-28,0.0,60.89,60.91,60.82,73.0,444244.0,59.785
600779.SH,2022-11-28,0.0,60.79,60.91,60.79,103.0,627037.0,59.788
600779.SH,2022-11-28,0.0,60.67,60.83,60.64,85.0,515889.0,59.79
600779.SH,2022-11-28,0.0,60.7,60.77,60.67,95.0,576655.0,59.793
600779.SH,2022-11-28,0.0,60.69,60.72,60.67,88.0,534033.0,59.795
600779.SH,2022-11-28,0.0,60.72,60.72,60.69,73.0,443082.0,59.796
600779.SH,2022-11-28,0.0,60.83,60.84,60.69,90.0,546857.0,59.799
600779.SH,2022-11-28,0.0,60.95,60.95,60.8,126.0,766824.0,59.802
600779.SH,2022-11-28,0.0,60.95,61.04,60.95,345.0,2104070.0,59.813
600779.SH,2022-11-28,0.0,60.85,61.04,60.85,83.0,505677.0,59.815
600779.SH,2022-11-28,0.0,60.87,60.95,60.84,245.0,1492130.0,59.822
600779.SH,2022-11-28,0.0,60.98,60.98,60.82,78.0,475017.0,59.824
600779.SH,2022-11-28,0.0,60.82,60.99,60.82,108.0,657648.0,59.827
600779.SH,2022-11-28,0.0,61.02,61.03,60.82,218.0,1329350.0,59.833
600779.SH,2022-11-28,0.0,61.04,61.05,60.98,396.0,2415500.0,59.844
600779.SH,2022-11-28,0.0,61.25,61.26,61.04,345.0,2109720.0,59.856
600779.SH,2022-11-28,0.0,61.04,61.2,61.04,398.0,2433870.0,59.868
600779.SH,2022-11-28,0.0,60.75,61.1,60.75,691.0,4214110.0,59.887
600779.SH,2022-11-28,0.0,60.91,61.02,60.75,85.0,517784.0,59.889
600779.SH,2022-11-28,0.0,60.81,60.91,60.71,155.0,942571.0,59.892
600779.SH,2022-11-28,0.0,60.82,60.88,60.77,124.0,754137.0,59.895
600779.SH,2022-11-28,0.0,60.84,60.84,60.73,263.0,1598170.0,59.9
600779.SH,2022-11-28,0.0,60.9,60.9,60.8,128.0,778566.0,59.903
600779.SH,2022-11-28,0.0,60.92,60.96,60.88,40.0,243659.0,59.904
600779.SH,2022-11-28,0.0,60.84,60.92,60.82,69.0,419879.0,59.906
600779.SH,2022-11-28,0.0,61.08,61.08,60.83,454.0,2766030.0,59.916
600779.SH,2022-11-28,0.0,60.9,61.07,60.89,90.0,548346.0,59.919
600779.SH,2022-11-28,0.0,60.89,60.9,60.83,142.0,864277.0,59.922
600779.SH,2022-11-28,0.0,60.82,60.94,60.82,121.0,736616.0,59.924
600779.SH,2022-11-28,0.0,60.76,60.81,60.73,76.0,462020.0,59.926
600779.SH,2022-11-28,0.0,60.78,60.8,60.71,132.0,801963.0,59.928
600779.SH,2022-11-28,0.0,60.72,60.78,60.72,59.0,358369.0,59.93
600779.SH,2022-11-28,0.0,60.73,60.73,60.68,132.0,801333.0,59.932
600779.SH,2022-11-28,0.0,60.78,60.88,60.75,92.0,559315.0,59.934
600779.SH,2022-11-28,0.0,60.8,60.8,60.7,105.0,637678.0,59.936
600779.SH,2022-11-28,0.0,60.82,60.82,60.79,53.0,322225.0,59.937
600779.SH,2022-11-28,0.0,60.82,60.85,60.82,92.0,559657.0,59.938
600779.SH,2022-11-28,0.0,60.98,60.98,60.82,112.0,681878.0,59.941
600779.SH,2022-11-28,0.0,61.0,61.0,60.88,176.0,1073140.0,59.945
600779.SH,2022-11-28,0.0,61.08,61.08,61.0,151.0,921643.0,59.949
600779.SH,2022-11-28,0.0,61.16,61.18,61.07,270.0,1650570.0,59.956
600779.SH,2022-11-28,0.0,61.08,61.16,61.07,98.0,599155.0,59.958
600779.SH,2022-11-28,0.0,61.06,61.07,61.0,171.0,1043290.0,59.962
600779.SH,2022-11-28,0.0,61.2,61.25,61.07,269.0,1645910.0,59.97
600779.SH,2022-11-28,0.0,61.18,61.2,61.13,289.0,1768510.0,59.977
600779.SH,2022-11-28,0.0,61.13,61.2,61.13,146.0,893071.0,59.981
600779.SH,2022-11-28,0.0,61.09,61.13,61.09,80.0,488971.0,59.983
600779.SH,2022-11-28,0.0,60.9,61.1,60.9,54.0,329404.0,59.984
600779.SH,2022-11-28,0.0,60.93,60.94,60.83,93.0,566251.0,59.986
600779.SH,2022-11-28,0.0,60.95,60.99,60.9,80.0,487512.0,59.988
600779.SH,2022-11-28,0.0,60.99,61.02,60.95,87.0,530535.0,59.99
600779.SH,2022-11-28,0.0,60.91,61.01,60.9,73.0,444916.0,59.991
600779.SH,2022-11-28,0.0,60.86,60.91,60.83,178.0,1083260.0,59.995
600779.SH,2022-11-28,0.0,60.85,60.86,60.83,190.0,1155840.0,59.998
600779.SH,2022-11-28,0.0,60.8,60.84,60.8,98.0,596161.0,60.0
600779.SH,2022-11-28,0.0,60.73,60.8,60.72,38.0,230878.0,60.0
600779.SH,2022-11-28,0.0,60.74,60.74,60.7,192.0,1165760.0,60.003
600779.SH,2022-11-28,0.0,60.72,60.74,60.72,31.0,188259.0,60.004
600779.SH,2022-11-28,0.0,60.77,60.78,60.72,83.0,504192.0,60.005
600779.SH,2022-11-28,0.0,60.75,60.8,60.75,57.0,346455.0,60.006
600779.SH,2022-11-28,0.0,60.75,60.75,60.73,50.0,303691.0,60.007
600779.SH,2022-11-28,0.0,60.75,60.77,60.75,41.0,249130.0,60.008
600779.SH,2022-11-28,0.0,60.74,60.77,60.74,52.0,315917.0,60.008
600779.SH,2022-11-28,0.0,60.81,60.81,60.74,77.0,467958.0,60.01
600779.SH,2022-11-28,0.0,60.81,60.9,60.81,68.0,413713.0,60.011
600779.SH,2022-11-28,0.0,60.85,60.88,60.81,94.0,572109.0,60.012
600779.SH,2022-11-28,0.0,60.81,60.86,60.81,50.0,304061.0,60.013
600779.SH,2022-11-28,0.0,60.74,60.82,60.74,55.0,334215.0,60.014
600779.SH,2022-11-28,0.0,60.76,60.77,60.75,67.0,407091.0,60.015
600779.SH,2022-11-28,0.0,60.74,60.78,60.74,53.0,321980.0,60.016
600779.SH,2022-11-28,0.0,60.71,60.74,60.71,86.0,522179.0,60.017
600779.SH,2022-11-28,0.0,60.67,60.71,60.67,51.0,309576.0,60.018
600779.SH,2022-11-28,0.0,60.67,60.67,60.66,71.0,430735.0,60.019
600779.SH,2022-11-28,0.0,60.73,60.74,60.68,127.0,771119.0,60.021
600779.SH,2022-11-28,0.0,60.72,60.75,60.72,63.0,382631.0,60.022
600779.SH,2022-11-28,0.0,60.72,60.74,60.72,44.0,267174.0,60.022
600779.SH,2022-11-28,0.0,60.73,60.76,60.72,68.0,413012.0,60.023
600779.SH,2022-11-28,0.0,60.78,60.8,60.76,84.0,510522.0,60.025
600779.SH,2022-11-28,0.0,60.78,60.79,60.76,40.0,243116.0,60.025
600779.SH,2022-11-28,0.0,60.74,60.78,60.73,113.0,686539.0,60.027
600779.SH,2022-11-28,0.0,60.82,60.84,60.77,93.0,565461.0,60.029
600779.SH,2022-11-28,0.0,60.8,60.84,60.8,54.0,328409.0,60.029
600779.SH,2022-11-28,0.0,60.73,60.81,60.73,44.0,267431.0,60.03
600779.SH,2022-11-28,0.0,60.73,60.77,60.73,43.0,261199.0,60.031
600779.SH,2022-11-28,0.0,60.75,60.75,60.72,63.0,382617.0,60.032
600779.SH,2022-11-28,0.0,60.73,60.74,60.73,31.0,188267.0,60.032
600779.SH,2022-11-28,0.0,60.7,60.74,60.7,98.0,595029.0,60.033
600779.SH,2022-11-28,0.0,60.75,60.77,60.7,189.0,1147300.0,60.036
600779.SH,2022-11-28,0.0,60.71,60.75,60.71,36.0,218669.0,60.037
600779.SH,2022-11-28,0.0,60.79,60.81,60.7,213.0,1293830.0,60.04
600779.SH,2022-11-28,0.0,60.8,60.82,60.79,64.0,389156.0,60.041
600779.SH,2022-11-28,0.0,60.8,60.82,60.8,54.0,328394.0,60.042
600779.SH,2022-11-28,0.0,60.89,60.89,60.79,171.0,1040220.0,60.044
600779.SH,2022-11-28,0.0,60.89,60.95,60.89,74.0,450781.0,60.046
600779.SH,2022-11-28,0.0,60.93,60.94,60.89,53.0,322830.0,60.046
600779.SH,2022-11-28,0.0,61.03,61.13,60.93,212.0,1293350.0,60.051
600779.SH,2022-11-28,0.0,61.04,61.06,61.01,65.0,394890.0,60.052
600779.SH,2022-11-28,0.0,61.06,61.06,61.02,107.0,653103.0,60.054
600779.SH,2022-11-28,0.0,61.07,61.12,61.07,76.0,464240.0,60.055
600779.SH,2022-11-28,0.0,61.07,61.1,61.07,55.0,335910.0,60.057
600779.SH,2022-11-28,0.0,61.2,61.24,61.06,204.0,1248070.0,60.061
600779.SH,2022-11-28,0.0,61.21,61.24,61.19,153.0,936453.0,60.065
600779.SH,2022-11-28,0.0,61.33,61.35,61.21,265.0,1623980.0,60.071
600779.SH,2022-11-28,0.0,61.32,61.39,61.31,192.0,1177850.0,60.076
600779.SH,2022-11-28,0.0,61.38,61.4,61.31,235.0,1442490.0,60.082
600779.SH,2022-11-28,0.0,61.36,61.4,61.35,132.0,810269.0,60.085
600779.SH,2022-11-28,0.0,61.34,61.38,61.3,351.0,2154060.0,60.094
600779.SH,2022-11-28,0.0,61.46,61.5,61.32,252.0,1550400.0,60.1
600779.SH,2022-11-28,0.0,61.48,61.51,61.48,255.0,1568060.0,60.107
600779.SH,2022-11-28,0.0,61.65,61.65,61.49,254.0,1563840.0,60.114
600779.SH,2022-11-28,0.0,61.6,61.66,61.57,135.0,831675.0,60.118
600779.SH,2022-11-28,0.0,61.58,61.61,61.58,134.0,825473.0,60.122
600779.SH,2022-11-28,0.0,61.84,61.84,61.6,341.0,2105240.0,60.132
600779.SH,2022-11-28,0.0,61.8,61.88,61.8,257.0,1589170.0,60.14
600779.SH,2022-11-28,0.0,61.79,61.81,61.75,240.0,1482490.0,60.148
600779.SH,2022-11-28,0.0,61.65,61.77,61.63,186.0,1147970.0,60.153
600779.SH,2022-11-28,0.0,61.69,61.69,61.65,180.0,1110050.0,60.158
600779.SH,2022-11-28,0.0,61.75,61.77,61.68,205.0,1265440.0,60.164
600779.SH,2022-11-28,0.0,61.78,61.78,61.75,120.0,741271.0,60.168
600779.SH,2022-11-28,0.0,61.7,61.78,61.7,157.0,969431.0,60.172
600779.SH,2022-11-28,0.0,61.71,61.72,61.7,77.0,475130.0,60.174
600779.SH,2022-11-28,0.0,61.65,61.7,61.65,210.0,1295370.0,60.18
600779.SH,2022-11-28,0.0,61.67,61.7,61.65,192.0,1184060.0,60.185
600779.SH,2022-11-28,0.0,61.65,61.67,61.64,108.0,665928.0,60.188
600779.SH,2022-11-28,0.0,61.63,61.65,61.62,254.0,1565360.0,60.195
600779.SH,2022-11-28,0.0,61.58,61.63,61.58,268.0,1651300.0,60.202
600779.SH,2022-11-28,0.0,61.64,61.64,61.58,126.0,776273.0,60.205
600779.SH,2022-11-28,0.0,61.65,61.66,61.64,219.0,1350090.0,60.211
600779.SH,2022-11-28,0.0,61.66,61.67,61.65,154.0,949543.0,60.215
600779.SH,2022-11-28,0.0,61.65,61.67,61.65,196.0,1208520.0,60.22
600779.SH,2022-11-28,0.0,61.64,61.66,61.64,250.0,1541170.0,60.226
600779.SH,2022-11-28,0.0,61.65,61.66,61.65,306.0,1886630.0,60.234
600779.SH,2022-11-28,0.0,61.65,61.68,61.65,301.0,1855930.0,60.241
600779.SH,2022-11-28,0.0,61.66,61.69,61.65,288.0,1775910.0,60.248
600779.SH,2022-11-28,0.0,61.68,61.68,61.66,1.0,6168.0,60.248
600779.SH,2022-11-28,0.0,61.68,61.68,61.68,0.0,0.0,60.248
600779.SH,2022-11-28,0.0,61.68,61.68,61.68,409.0,2522710.0,60.258
600779.SH,2022-11-29,0.0,62.09,62.09,62.09,203.0,1260490.0,62.09
600779.SH,2022-11-29,0.0,62.69,62.99,62.07,1682.0,10517200.0,62.481
600779.SH,2022-11-29,0.0,62.93,62.93,62.51,1225.0,7682980.0,62.582
600779.SH,2022-11-29,0.0,62.87,63.02,62.86,2395.0,15071700.0,62.733
600779.SH,2022-11-29,0.0,62.71,62.93,62.71,968.0,6084820.0,62.752
600779.SH,2022-11-29,0.0,62.85,62.85,62.63,916.0,5747050.0,62.751
600779.SH,2022-11-29,0.0,62.43,62.92,62.42,1047.0,6571070.0,62.752
600779.SH,2022-11-29,0.0,62.75,62.79,62.44,380.0,2380230.0,62.747
600779.SH,2022-11-29,0.0,62.46,62.72,62.46,352.0,2202620.0,62.741
600779.SH,2022-11-29,0.0,62.7,62.7,62.46,274.0,1714460.0,62.736
600779.SH,2022-11-29,0.0,62.56,62.68,62.56,266.0,1666220.0,62.733
600779.SH,2022-11-29,0.0,62.7,62.7,62.51,786.0,4921810.0,62.725
600779.SH,2022-11-29,0.0,62.78,62.91,62.73,498.0,3129560.0,62.73
600779.SH,2022-11-29,0.0,62.74,62.79,62.71,328.0,2058600.0,62.731
600779.SH,2022-11-29,0.0,62.52,62.74,62.52,444.0,2782380.0,62.728
600779.SH,2022-11-29,0.0,62.52,62.52,62.48,243.0,1519010.0,62.724
600779.SH,2022-11-29,0.0,62.79,62.83,62.55,333.0,2088580.0,62.724
600779.SH,2022-11-29,0.0,62.72,62.79,62.58,450.0,2821530.0,62.723
600779.SH,2022-11-29,0.0,62.8,62.85,62.69,449.0,2817120.0,62.724
600779.SH,2022-11-29,0.0,62.74,62.85,62.7,275.0,1727150.0,62.725
600779.SH,2022-11-29,0.0,62.8,62.81,62.71,386.0,2423740.0,62.727
600779.SH,2022-11-29,0.0,62.33,62.7,62.3,619.0,3868670.0,62.717
600779.SH,2022-11-29,0.0,62.43,62.5,62.31,330.0,2058730.0,62.71
600779.SH,2022-11-29,0.0,62.51,62.61,62.37,286.0,1787350.0,62.706
600779.SH,2022-11-29,0.0,62.67,62.67,62.5,250.0,1564350.0,62.704
600779.SH,2022-11-29,0.0,62.44,62.65,62.44,151.0,944554.0,62.702
600779.SH,2022-11-29,0.0,62.75,62.77,62.44,352.0,2204180.0,62.701
600779.SH,2022-11-29,0.0,62.77,62.84,62.77,545.0,3422750.0,62.704
600779.SH,2022-11-29,0.0,62.88,62.9,62.78,816.0,5129470.0,62.711
600779.SH,2022-11-29,0.0,62.9,62.97,62.85,1309.0,8237090.0,62.727
600779.SH,2022-11-29,0.0,62.96,62.97,62.85,402.0,2528620.0,62.731
600779.SH,2022-11-29,0.0,62.66,62.97,62.66,423.0,2661400.0,62.735
600779.SH,2022-11-29,0.0,62.57,62.69,62.57,438.0,2742570.0,62.733
600779.SH,2022-11-29,0.0,62.66,62.76,62.57,145.0,908747.0,62.732
600779.SH,2022-11-29,0.0,62.86,62.86,62.65,109.0,684026.0,62.732
600779.SH,2022-11-29,0.0,62.81,62.87,62.8,143.0,898322.0,62.733
600779.SH,2022-11-29,0.0,62.72,62.82,62.67,192.0,1204950.0,62.733
600779.SH,2022-11-29,0.0,62.83,62.86,62.77,233.0,1463400.0,62.734
600779.SH,2022-11-29,0.0,62.81,62.87,62.8,163.0,1024260.0,62.735
600779.SH,2022-11-29,0.0,62.76,62.81,62.67,149.0,934935.0,62.735
600779.SH,2022-11-29,0.0,62.81,62.86,62.8,159.0,998968.0,62.735
600779.SH,2022-11-29,0.0,62.9,62.92,62.83,618.0,3886420.0,62.74
600779.SH,2022-11-29,0.0,62.94,62.96,62.87,348.0,2189560.0,62.743
600779.SH,2022-11-29,0.0,62.95,62.97,62.95,385.0,2424020.0,62.746
600779.SH,2022-11-29,0.0,62.96,62.99,62.95,445.0,2802350.0,62.751
600779.SH,2022-11-29,0.0,62.95,62.98,62.93,146.0,919131.0,62.752
600779.SH,2022-11-29,0.0,62.91,62.99,62.89,823.0,5183550.0,62.76
600779.SH,2022-11-29,0.0,62.92,62.96,62.87,271.0,1704700.0,62.761
600779.SH,2022-11-29,0.0,63.06,63.08,62.87,1482.0,9336220.0,62.775
600779.SH,2022-11-29,0.0,63.08,63.18,63.08,818.0,5162610.0,62.785
600779.SH,2022-11-29,0.0,63.16,63.2,63.1,713.0,4501550.0,62.795
600779.SH,2022-11-29,0.0,63.11,63.16,63.08,274.0,1729500.0,62.798
600779.SH,2022-11-29,0.0,63.06,63.11,63.05,453.0,2857940.0,62.802
600779.SH,2022-11-29,0.0,62.9,63.09,62.9,190.0,1197440.0,62.804
600779.SH,2022-11-29,0.0,62.83,62.9,62.83,275.0,1728680.0,62.804
600779.SH,2022-11-29,0.0,62.98,62.99,62.83,242.0,1522920.0,62.806
600779.SH,2022-11-29,0.0,62.9,62.98,62.9,190.0,1195980.0,62.806
600779.SH,2022-11-29,0.0,63.08,63.08,62.9,272.0,1713210.0,62.808
600779.SH,2022-11-29,0.0,63.09,63.1,63.05,283.0,1785200.0,62.811
600779.SH,2022-11-29,0.0,63.09,63.12,63.07,263.0,1659660.0,62.813
600779.SH,2022-11-29,0.0,63.02,63.1,63.01,149.0,939343.0,62.815
600779.SH,2022-11-29,0.0,63.01,63.07,63.01,149.0,939104.0,62.816
600779.SH,2022-11-29,0.0,62.98,63.03,62.9,86.0,541579.0,62.816
600779.SH,2022-11-29,0.0,62.85,62.96,62.76,262.0,1646520.0,62.816
600779.SH,2022-11-29,0.0,62.86,62.9,62.8,95.0,597048.0,62.816
600779.SH,2022-11-29,0.0,62.87,62.87,62.8,86.0,540366.0,62.816
600779.SH,2022-11-29,0.0,62.91,62.93,62.82,73.0,459150.0,62.817
600779.SH,2022-11-29,0.0,62.92,62.95,62.91,47.0,295769.0,62.817
600779.SH,2022-11-29,0.0,62.95,62.95,62.91,112.0,704794.0,62.817
600779.SH,2022-11-29,0.0,62.93,62.97,62.9,146.0,918749.0,62.818
600779.SH,2022-11-29,0.0,62.93,62.93,62.89,139.0,874503.0,62.818
600779.SH,2022-11-29,0.0,62.95,62.95,62.91,269.0,1692590.0,62.819
600779.SH,2022-11-29,0.0,62.98,63.0,62.91,81.0,509900.0,62.819
600779.SH,2022-11-29,0.0,63.09,63.1,62.98,362.0,2282570.0,62.822
600779.SH,2022-11-29,0.0,63.09,63.09,63.06,190.0,1198480.0,62.824
600779.SH,2022-11-29,0.0,63.13,63.14,63.09,312.0,1969040.0,62.826
600779.SH,2022-11-29,0.0,63.15,63.15,63.12,304.0,1919600.0,62.829
600779.SH,2022-11-29,0.0,63.17,63.18,63.16,463.0,2924790.0,62.834
600779.SH,2022-11-29,0.0,63.28,63.29,63.17,734.0,4641050.0,62.843
600779.SH,2022-11-29,0.0,63.12,63.28,63.12,310.0,1960920.0,62.847
600779.SH,2022-11-29,0.0,63.08,63.11,63.08,89.0,561546.0,62.847
600779.SH,2022-11-29,0.0,63.2,63.22,63.07,336.0,2121610.0,62.85
600779.SH,2022-11-29,0.0,63.22,63.22,63.15,189.0,1194590.0,62.852
600779.SH,2022-11-29,0.0,63.2,63.23,63.19,174.0,1099670.0,62.854
600779.SH,2022-11-29,0.0,63.09,63.19,63.09,214.0,1350910.0,62.855
600779.SH,2022-11-29,0.0,63.06,63.09,63.05,121.0,763261.0,62.856
600779.SH,2022-11-29,0.0,63.03,63.05,63.0,75.0,472737.0,62.857
600779.SH,2022-11-29,0.0,63.1,63.1,63.01,149.0,939583.0,62.857
600779.SH,2022-11-29,0.0,63.12,63.15,63.1,221.0,1395200.0,62.859
600779.SH,2022-11-29,0.0,63.1,63.15,63.08,147.0,927541.0,62.86
600779.SH,2022-11-29,0.0,63.1,63.1,63.08,79.0,498371.0,62.861
600779.SH,2022-11-29,0.0,63.0,63.13,63.0,79.0,498362.0,62.861
600779.SH,2022-11-29,0.0,62.93,62.98,62.89,122.0,767732.0,62.861
600779.SH,2022-11-29,0.0,63.02,63.02,62.93,246.0,1549410.0,62.862
600779.SH,2022-11-29,0.0,63.02,63.15,63.01,119.0,751083.0,62.863
600779.SH,2022-11-29,0.0,63.1,63.14,63.0,113.0,712681.0,62.864
600779.SH,2022-11-29,0.0,63.07,63.1,63.0,203.0,1280310.0,62.865
600779.SH,2022-11-29,0.0,63.0,63.12,63.0,83.0,523532.0,62.865
600779.SH,2022-11-29,0.0,62.99,62.99,62.93,148.0,931839.0,62.866
600779.SH,2022-11-29,0.0,63.06,63.06,62.92,121.0,762092.0,62.866
600779.SH,2022-11-29,0.0,62.92,63.06,62.92,77.0,484718.0,62.866
600779.SH,2022-11-29,0.0,62.95,62.95,62.91,123.0,773884.0,62.866
600779.SH,2022-11-29,0.0,63.0,63.02,62.95,124.0,780998.0,62.867
600779.SH,2022-11-29,0.0,62.95,63.0,62.92,83.0,522377.0,62.867
600779.SH,2022-11-29,0.0,62.95,62.95,62.92,84.0,528611.0,62.867
600779.SH,2022-11-29,0.0,62.92,62.94,62.92,72.0,453050.0,62.867
600779.SH,2022-11-29,0.0,62.95,62.95,62.92,89.0,560105.0,62.867
600779.SH,2022-11-29,0.0,62.98,62.98,62.92,98.0,616760.0,62.868
600779.SH,2022-11-29,0.0,62.96,62.96,62.93,67.0,421653.0,62.868
600779.SH,2022-11-29,0.0,62.92,62.95,62.92,45.0,283186.0,62.868
600779.SH,2022-11-29,0.0,63.0,63.03,62.92,167.0,1051540.0,62.868
600779.SH,2022-11-29,0.0,63.09,63.12,62.99,157.0,990087.0,62.869
600779.SH,2022-11-29,0.0,63.09,63.11,63.09,55.0,347034.0,62.869
600779.SH,2022-11-29,0.0,63.05,63.09,63.02,55.0,346735.0,62.87
600779.SH,2022-11-29,0.0,63.0,63.05,62.99,114.0,718457.0,62.87
600779.SH,2022-11-29,0.0,62.99,63.0,62.95,67.0,421919.0,62.87
600779.SH,2022-11-29,0.0,63.01,63.05,62.97,55.0,346544.0,62.87
600779.SH,2022-11-29,0.0,63.01,63.06,63.01,75.0,472648.0,62.871
600779.SH,2022-11-29,0.0,63.01,63.02,63.0,110.0,693158.0,62.871
600779.SH,2022-11-29,0.0,63.02,63.05,63.0,65.0,409610.0,62.871
600779.SH,2022-11-29,0.0,63.01,63.01,62.99,99.0,623716.0,62.872
600779.SH,2022-11-29,0.0,63.14,63.14,63.02,599.0,3778280.0,62.875
600779.SH,2022-11-29,0.0,63.18,63.19,63.15,167.0,1055070.0,62.876
600779.SH,2022-11-29,0.0,63.29,63.3,63.18,703.0,4446820.0,62.883
600779.SH,2022-11-29,0.0,63.33,63.38,63.31,466.0,2951500.0,62.888
600779.SH,2022-11-29,0.0,63.38,63.38,63.33,306.0,1938780.0,62.891
600779.SH,2022-11-29,0.0,63.28,63.4,63.27,514.0,3257500.0,62.897
600779.SH,2022-11-29,0.0,63.35,63.35,63.28,231.0,1462840.0,62.9
600779.SH,2022-11-29,0.0,63.5,63.53,63.42,1402.0,8898920.0,62.918
600779.SH,2022-11-29,0.0,63.55,63.55,63.5,347.0,2204200.0,62.923
600779.SH,2022-11-29,0.0,63.5,63.57,63.5,258.0,1639010.0,62.927
600779.SH,2022-11-29,0.0,63.53,63.54,63.36,353.0,2240470.0,62.931
600779.SH,2022-11-29,0.0,63.57,63.57,63.46,309.0,1962680.0,62.935
600779.SH,2022-11-29,0.0,63.54,63.63,63.51,621.0,3948120.0,62.944
600779.SH,2022-11-29,0.0,63.49,63.54,63.46,321.0,2038800.0,62.948
600779.SH,2022-11-29,0.0,63.5,63.5,63.41,240.0,1523350.0,62.951
600779.SH,2022-11-29,0.0,63.57,63.57,63.5,419.0,2662560.0,62.956
600779.SH,2022-11-29,0.0,63.6,63.6,63.55,410.0,2606880.0,62.962
600779.SH,2022-11-29,0.0,63.68,63.68,63.62,438.0,2788870.0,62.968
600779.SH,2022-11-29,0.0,63.68,63.68,63.66,224.0,1427010.0,62.971
600779.SH,2022-11-29,0.0,63.48,63.68,63.48,341.0,2167830.0,62.976
600779.SH,2022-11-29,0.0,63.43,63.5,63.4,230.0,1459160.0,62.978
600779.SH,2022-11-29,0.0,63.47,63.48,63.43,110.0,698617.0,62.979
600779.SH,2022-11-29,0.0,63.43,63.47,63.42,115.0,728832.0,62.98
600779.SH,2022-11-29,0.0,63.46,63.47,63.43,102.0,647201.0,62.981
600779.SH,2022-11-29,0.0,63.47,63.48,63.46,97.0,616326.0,62.982
600779.SH,2022-11-29,0.0,63.5,63.52,63.46,194.0,1231630.0,62.984
600779.SH,2022-11-29,0.0,63.54,63.57,63.5,174.0,1105510.0,62.986
600779.SH,2022-11-29,0.0,63.5,63.52,63.5,111.0,704877.0,62.987
600779.SH,2022-11-29,0.0,63.51,63.52,63.49,62.0,393766.0,62.988
600779.SH,2022-11-29,0.0,63.43,63.52,63.43,166.0,1053640.0,62.99
600779.SH,2022-11-29,0.0,63.33,63.44,63.33,728.0,4613640.0,62.995
600779.SH,2022-11-29,0.0,63.33,63.35,63.23,200.0,1265590.0,62.996
600779.SH,2022-11-29,0.0,63.35,63.37,63.33,90.0,570154.0,62.997
600779.SH,2022-11-29,0.0,63.31,63.35,63.23,409.0,2588370.0,62.999
600779.SH,2022-11-29,0.0,63.27,63.31,63.27,66.0,417784.0,63.0
600779.SH,2022-11-29,0.0,63.24,63.27,63.2,155.0,979935.0,63.001
600779.SH,2022-11-29,0.0,63.28,63.28,63.21,92.0,581794.0,63.001
600779.SH,2022-11-29,0.0,63.33,63.35,63.25,74.0,468455.0,63.001
600779.SH,2022-11-29,0.0,63.37,63.4,63.33,229.0,1451150.0,63.003
600779.SH,2022-11-29,0.0,63.31,63.39,63.31,115.0,728355.0,63.004
600779.SH,2022-11-29,0.0,63.41,63.41,63.36,62.0,393064.0,63.004
600779.SH,2022-11-29,0.0,63.41,63.44,63.37,139.0,881456.0,63.005
600779.SH,2022-11-29,0.0,63.41,63.45,63.38,75.0,475537.0,63.006
600779.SH,2022-11-29,0.0,63.4,63.41,63.39,73.0,462823.0,63.007
600779.SH,2022-11-29,0.0,63.44,63.45,63.4,136.0,862681.0,63.008
600779.SH,2022-11-29,0.0,63.43,63.45,63.43,118.0,748613.0,63.009
600779.SH,2022-11-29,0.0,63.35,63.43,63.35,151.0,957320.0,63.01
600779.SH,2022-11-29,0.0,63.4,63.42,63.36,83.0,526191.0,63.01
600779.SH,2022-11-29,0.0,63.43,63.43,63.38,82.0,519890.0,63.011
600779.SH,2022-11-29,0.0,63.4,63.45,63.4,238.0,1509760.0,63.013
600779.SH,2022-11-29,0.0,63.41,63.43,63.39,194.0,1230300.0,63.014
600779.SH,2022-11-29,0.0,63.3,63.42,63.28,239.0,1514280.0,63.016
600779.SH,2022-11-29,0.0,63.38,63.38,63.25,272.0,1721960.0,63.018
600779.SH,2022-11-29,0.0,63.35,63.38,63.35,128.0,810837.0,63.018
600779.SH,2022-11-29,0.0,63.35,63.35,63.35,45.0,285081.0,63.019
600779.SH,2022-11-29,0.0,63.35,63.38,63.34,68.0,430775.0,63.019
600779.SH,2022-11-29,0.0,63.37,63.39,63.35,54.0,342139.0,63.019
600779.SH,2022-11-29,0.0,63.44,63.44,63.37,175.0,1109450.0,63.021
600779.SH,2022-11-29,0.0,63.44,63.47,63.42,177.0,1123100.0,63.022
600779.SH,2022-11-29,0.0,63.48,63.48,63.44,115.0,729948.0,63.023
600779.SH,2022-11-29,0.0,63.46,63.49,63.46,139.0,882449.0,63.024
600779.SH,2022-11-29,0.0,63.43,63.47,63.43,53.0,336264.0,63.025
600779.SH,2022-11-29,0.0,63.39,63.43,63.39,86.0,545362.0,63.025
600779.SH,2022-11-29,0.0,63.42,63.43,63.39,77.0,488275.0,63.026
600779.SH,2022-11-29,0.0,63.51,63.55,63.42,339.0,2152170.0,63.029
600779.SH,2022-11-29,0.0,63.6,63.6,63.52,357.0,2269570.0,63.032
600779.SH,2022-11-29,0.0,63.6,63.6,63.58,254.0,1615370.0,63.035
600779.SH,2022-11-29,0.0,63.57,63.6,63.57,195.0,1239880.0,63.037
600779.SH,2022-11-29,0.0,63.57,63.58,63.57,76.0,483164.0,63.037
600779.SH,2022-11-29,0.0,63.56,63.57,63.53,86.0,546643.0,63.038
600779.SH,2022-11-29,0.0,63.52,63.56,63.51,82.0,520964.0,63.039
600779.SH,2022-11-29,0.0,63.55,63.58,63.52,114.0,724587.0,63.04
600779.SH,2022-11-29,0.0,63.55,63.58,63.53,61.0,387636.0,63.041
600779.SH,2022-11-29,0.0,63.64,63.64,63.53,496.0,3154190.0,63.046
600779.SH,2022-11-29,0.0,63.62,63.65,63.62,246.0,1565650.0,63.048
600779.SH,2022-11-29,0.0,63.62,63.62,63.57,85.0,540574.0,63.049
600779.SH,2022-11-29,0.0,63.61,63.62,63.6,83.0,527950.0,63.05
600779.SH,2022-11-29,0.0,63.6,63.61,63.6,139.0,884168.0,63.051
600779.SH,2022-11-29,0.0,63.59,63.61,63.58,86.0,546901.0,63.052
600779.SH,2022-11-29,0.0,63.56,63.59,63.55,72.0,457679.0,63.053
600779.SH,2022-11-29,0.0,63.56,63.58,63.55,110.0,699154.0,63.054
600779.SH,2022-11-29,0.0,63.56,63.58,63.56,124.0,788320.0,63.055
600779.SH,2022-11-29,0.0,63.54,63.56,63.54,71.0,451193.0,63.055
600779.SH,2022-11-29,0.0,63.54,63.56,63.54,138.0,876959.0,63.057
600779.SH,2022-11-29,0.0,63.52,63.53,63.51,61.0,387470.0,63.057
600779.SH,2022-11-29,0.0,63.54,63.57,63.53,97.0,616484.0,63.058
600779.SH,2022-11-29,0.0,63.53,63.55,63.52,57.0,362172.0,63.058
600779.SH,2022-11-29,0.0,63.52,63.54,63.51,56.0,355741.0,63.059
600779.SH,2022-11-29,0.0,63.52,63.53,63.51,65.0,412881.0,63.059
600779.SH,2022-11-29,0.0,63.54,63.54,63.51,111.0,703325.0,63.06
600779.SH,2022-11-29,0.0,63.58,63.59,63.54,222.0,1410980.0,63.062
600779.SH,2022-11-29,0.0,63.55,63.59,63.55,87.0,553107.0,63.063
600779.SH,2022-11-29,0.0,63.57,63.58,63.55,114.0,724578.0,63.064
600779.SH,2022-11-29,0.0,63.56,63.57,63.56,107.0,680129.0,63.065
600779.SH,2022-11-29,0.0,63.56,63.57,63.56,97.0,616566.0,63.066
600779.SH,2022-11-29,0.0,63.58,63.58,63.56,243.0,1544800.0,63.068
600779.SH,2022-11-29,0.0,63.65,63.66,63.59,573.0,3645370.0,63.073
600779.SH,2022-11-29,0.0,63.6,63.66,63.58,129.0,820835.0,63.074
600779.SH,2022-11-29,0.0,63.58,63.6,63.57,120.0,763080.0,63.075
600779.SH,2022-11-29,0.0,63.6,63.65,63.58,167.0,1062480.0,63.077
600779.SH,2022-11-29,0.0,63.63,63.64,63.6,132.0,839898.0,63.078
600779.SH,2022-11-29,0.0,63.6,63.63,63.6,157.0,998697.0,63.079
600779.SH,2022-11-29,0.0,63.6,63.61,63.6,171.0,1087670.0,63.081
600779.SH,2022-11-29,0.0,63.61,63.62,63.6,159.0,1011360.0,63.082
600779.SH,2022-11-29,0.0,63.62,63.62,63.6,218.0,1386800.0,63.084
600779.SH,2022-11-29,0.0,63.63,63.65,63.61,372.0,2366980.0,63.088
600779.SH,2022-11-29,0.0,63.64,63.65,63.62,253.0,1609880.0,63.09
600779.SH,2022-11-29,0.0,63.64,63.65,63.63,161.0,1024600.0,63.091
600779.SH,2022-11-29,0.0,63.63,63.65,63.63,246.0,1565440.0,63.093
600779.SH,2022-11-29,0.0,63.64,63.65,63.62,130.0,827256.0,63.095
600779.SH,2022-11-29,0.0,63.63,63.64,63.62,237.0,1509440.0,63.097
600779.SH,2022-11-29,0.0,63.62,63.63,63.61,153.0,973369.0,63.098
600779.SH,2022-11-29,0.0,63.63,63.63,63.62,162.0,1029330.0,63.099
600779.SH,2022-11-29,0.0,63.62,63.63,63.62,180.0,1145260.0,63.101
600779.SH,2022-11-29,0.0,63.63,63.64,63.62,377.0,2398790.0,63.104
600779.SH,2022-11-29,0.0,63.65,63.65,63.63,367.0,2333730.0,63.107
600779.SH,2022-11-29,0.0,63.67,63.68,63.65,326.0,2075360.0,63.11
600779.SH,2022-11-29,0.0,63.67,63.67,63.67,6.0,38202.0,63.11
600779.SH,2022-11-29,0.0,63.67,63.67,63.67,0.0,0.0,63.11
600779.SH,2022-11-29,0.0,63.68,63.68,63.68,617.0,3929060.0,63.116
600779.SH,2022-11-30,0.0,63.39,63.39,63.39,207.0,1312170.0,63.39
600779.SH,2022-11-30,0.0,63.49,63.65,63.3,529.0,3356230.0,63.41
600779.SH,2022-11-30,0.0,63.78,63.78,63.4,358.0,2272830.0,63.457
600779.SH,2022-11-30,0.0,63.7,63.88,63.43,413.0,2629420.0,63.514
600779.SH,2022-11-30,0.0,63.14,63.68,63.12,659.0,4171630.0,63.457
600779.SH,2022-11-30,0.0,63.3,63.3,63.13,406.0,2566490.0,63.418
600779.SH,2022-11-30,0.0,63.33,63.5,63.33,107.0,678517.0,63.418
600779.SH,2022-11-30,0.0,63.35,63.38,63.3,293.0,1853010.0,63.41
600779.SH,2022-11-30,0.0,63.48,63.48,63.24,361.0,2289340.0,63.403
600779.SH,2022-11-30,0.0,63.47,63.49,63.39,177.0,1123250.0,63.405
600779.SH,2022-11-30,0.0,63.65,63.65,63.4,348.0,2208580.0,63.411
600779.SH,2022-11-30,0.0,63.68,63.79,63.62,306.0,1948930.0,63.431
600779.SH,2022-11-30,0.0,63.79,63.79,63.65,540.0,3441510.0,63.466
600779.SH,2022-11-30,0.0,63.82,63.85,63.78,407.0,2596460.0,63.494
600779.SH,2022-11-30,0.0,63.65,63.81,63.65,149.0,950336.0,63.5
600779.SH,2022-11-30,0.0,63.6,63.72,63.52,342.0,2176440.0,63.509
600779.SH,2022-11-30,0.0,63.79,63.8,63.56,619.0,3943570.0,63.529
600779.SH,2022-11-30,0.0,63.69,63.74,63.66,264.0,1682000.0,63.536
600779.SH,2022-11-30,0.0,63.9,63.9,63.7,596.0,3803650.0,63.561
600779.SH,2022-11-30,0.0,63.92,63.97,63.89,388.0,2479910.0,63.58
600779.SH,2022-11-30,0.0,64.04,64.1,63.92,888.0,5684020.0,63.625
600779.SH,2022-11-30,0.0,63.96,64.13,63.95,762.0,4878500.0,63.659
600779.SH,2022-11-30,0.0,64.02,64.02,63.94,498.0,3186100.0,63.675
600779.SH,2022-11-30,0.0,63.84,64.02,63.84,609.0,3895650.0,63.693
600779.SH,2022-11-30,0.0,63.78,63.82,63.68,225.0,1434290.0,63.694
600779.SH,2022-11-30,0.0,63.83,63.86,63.74,388.0,2474710.0,63.699
600779.SH,2022-11-30,0.0,63.96,63.96,63.82,394.0,2516380.0,63.705
600779.SH,2022-11-30,0.0,63.9,63.98,63.87,189.0,1208540.0,63.709
600779.SH,2022-11-30,0.0,63.7,63.9,63.68,489.0,3121340.0,63.712
600779.SH,2022-11-30,0.0,63.7,63.71,63.68,221.0,1407560.0,63.712
600779.SH,2022-11-30,0.0,63.6,63.7,63.58,336.0,2138790.0,63.71
600779.SH,2022-11-30,0.0,63.64,63.66,63.6,240.0,1527240.0,63.709
600779.SH,2022-11-30,0.0,63.47,63.64,63.47,496.0,3153090.0,63.703
600779.SH,2022-11-30,0.0,63.5,63.51,63.4,225.0,1427840.0,63.699
600779.SH,2022-11-30,0.0,63.45,63.49,63.42,198.0,1256640.0,63.696
600779.SH,2022-11-30,0.0,63.5,63.5,63.46,95.0,602995.0,63.694
600779.SH,2022-11-30,0.0,63.52,63.53,63.5,242.0,1536910.0,63.691
600779.SH,2022-11-30,0.0,63.51,63.52,63.5,180.0,1143160.0,63.689
600779.SH,2022-11-30,0.0,63.59,63.59,63.5,127.0,806854.0,63.687
600779.SH,2022-11-30,0.0,63.61,63.62,63.59,102.0,648757.0,63.687
600779.SH,2022-11-30,0.0,63.46,63.59,63.46,306.0,1943480.0,63.683
600779.SH,2022-11-30,0.0,63.42,63.47,63.42,292.0,1852640.0,63.679
600779.SH,2022-11-30,0.0,63.37,63.42,63.36,215.0,1363000.0,63.675
600779.SH,2022-11-30,0.0,63.37,63.4,63.35,261.0,1654070.0,63.67
600779.SH,2022-11-30,0.0,63.47,63.47,63.37,112.0,710233.0,63.668
600779.SH,2022-11-30,0.0,63.42,63.47,63.4,69.0,437709.0,63.667
600779.SH,2022-11-30,0.0,63.35,63.4,63.34,226.0,1432260.0,63.663
600779.SH,2022-11-30,0.0,63.37,63.37,63.33,190.0,1203750.0,63.659
600779.SH,2022-11-30,0.0,63.34,63.35,63.32,83.0,525778.0,63.657
600779.SH,2022-11-30,0.0,63.3,63.32,63.3,178.0,1126960.0,63.654
600779.SH,2022-11-30,0.0,63.31,63.34,63.3,164.0,1038280.0,63.65
600779.SH,2022-11-30,0.0,63.5,63.5,63.3,276.0,1749500.0,63.646
600779.SH,2022-11-30,0.0,63.48,63.53,63.46,119.0,755590.0,63.645
600779.SH,2022-11-30,0.0,63.5,63.5,63.47,59.0,374593.0,63.644
600779.SH,2022-11-30,0.0,63.54,63.54,63.51,61.0,387500.0,63.644
600779.SH,2022-11-30,0.0,63.51,63.58,63.51,78.0,495699.0,63.643
600779.SH,2022-11-30,0.0,63.51,63.53,63.5,42.0,266750.0,63.643
600779.SH,2022-11-30,0.0,63.51,63.55,63.51,85.0,539963.0,63.642
600779.SH,2022-11-30,0.0,63.48,63.51,63.48,48.0,304757.0,63.642
600779.SH,2022-11-30,0.0,63.5,63.52,63.46,79.0,501556.0,63.641
600779.SH,2022-11-30,0.0,63.44,63.5,63.44,144.0,913970.0,63.64
600779.SH,2022-11-30,0.0,63.4,63.45,63.36,100.0,634027.0,63.639
600779.SH,2022-11-30,0.0,63.36,63.4,63.35,111.0,703241.0,63.637
600779.SH,2022-11-30,0.0,63.42,63.42,63.36,203.0,1286760.0,63.634
600779.SH,2022-11-30,0.0,63.49,63.52,63.42,76.0,482431.0,63.633
600779.SH,2022-11-30,0.0,63.46,63.49,63.45,82.0,520420.0,63.632
600779.SH,2022-11-30,0.0,63.38,63.46,63.38,169.0,1071700.0,63.63
600779.SH,2022-11-30,0.0,63.33,63.37,63.31,118.0,747394.0,63.629
600779.SH,2022-11-30,0.0,63.34,63.36,63.31,62.0,392748.0,63.628
600779.SH,2022-11-30,0.0,63.28,63.36,63.28,449.0,2843010.0,63.62
600779.SH,2022-11-30,0.0,63.2,63.27,63.19,311.0,1965940.0,63.614
600779.SH,2022-11-30,0.0,63.2,63.2,63.18,280.0,1769320.0,63.608
600779.SH,2022-11-30,0.0,63.25,63.27,63.19,119.0,752323.0,63.605
600779.SH,2022-11-30,0.0,63.22,63.25,63.21,54.0,341435.0,63.604
600779.SH,2022-11-30,0.0,63.12,63.23,63.12,441.0,2786220.0,63.595
600779.SH,2022-11-30,0.0,63.1,63.13,63.07,344.0,2170790.0,63.587
600779.SH,2022-11-30,0.0,63.11,63.14,63.1,248.0,1565180.0,63.581
600779.SH,2022-11-30,0.0,63.24,63.24,63.11,244.0,1542560.0,63.577
600779.SH,2022-11-30,0.0,63.19,63.23,63.19,50.0,316056.0,63.576
600779.SH,2022-11-30,0.0,63.17,63.2,63.14,115.0,726229.0,63.573
600779.SH,2022-11-30,0.0,63.15,63.17,63.12,151.0,953403.0,63.57
600779.SH,2022-11-30,0.0,63.2,63.2,63.15,85.0,537113.0,63.569
600779.SH,2022-11-30,0.0,63.27,63.27,63.2,70.0,442603.0,63.568
600779.SH,2022-11-30,0.0,63.19,63.28,63.19,185.0,1169820.0,63.565
600779.SH,2022-11-30,0.0,63.18,63.19,63.13,194.0,1225160.0,63.561
600779.SH,2022-11-30,0.0,63.15,63.18,63.15,77.0,486323.0,63.56
600779.SH,2022-11-30,0.0,63.2,63.21,63.14,287.0,1812310.0,63.554
600779.SH,2022-11-30,0.0,63.15,63.21,63.15,57.0,362808.0,63.553
600779.SH,2022-11-30,0.0,63.15,63.16,63.15,36.0,227347.0,63.553
600779.SH,2022-11-30,0.0,63.14,63.16,63.14,62.0,388867.0,63.552
600779.SH,2022-11-30,0.0,63.16,63.16,63.14,59.0,375237.0,63.551
600779.SH,2022-11-30,0.0,63.43,63.43,63.16,225.0,1423720.0,63.548
600779.SH,2022-11-30,0.0,63.35,63.42,63.35,103.0,652914.0,63.547
600779.SH,2022-11-30,0.0,63.34,63.4,63.33,86.0,544918.0,63.546
600779.SH,2022-11-30,0.0,63.3,63.34,63.28,91.0,576284.0,63.546
600779.SH,2022-11-30,0.0,63.28,63.3,63.24,84.0,531494.0,63.545
600779.SH,2022-11-30,0.0,63.24,63.3,63.2,89.0,563045.0,63.543
600779.SH,2022-11-30,0.0,63.22,63.3,63.22,35.0,221356.0,63.543
600779.SH,2022-11-30,0.0,63.2,63.28,63.2,62.0,391874.0,63.542
600779.SH,2022-11-30,0.0,63.16,63.2,63.16,49.0,309635.0,63.541
600779.SH,2022-11-30,0.0,63.21,63.25,63.17,41.0,259110.0,63.541
600779.SH,2022-11-30,0.0,63.22,63.25,63.21,57.0,360337.0,63.54
600779.SH,2022-11-30,0.0,63.23,63.25,63.23,41.0,259276.0,63.539
600779.SH,2022-11-30,0.0,63.28,63.37,63.23,84.0,531473.0,63.538
600779.SH,2022-11-30,0.0,63.25,63.34,63.25,94.0,594760.0,63.537
600779.SH,2022-11-30,0.0,63.21,63.25,63.21,141.0,891517.0,63.535
600779.SH,2022-11-30,0.0,63.21,63.23,63.21,47.0,297133.0,63.535
600779.SH,2022-11-30,0.0,63.19,63.21,63.19,69.0,436092.0,63.534
600779.SH,2022-11-30,0.0,63.16,63.19,63.16,75.0,473812.0,63.533
600779.SH,2022-11-30,0.0,63.17,63.2,63.16,47.0,296938.0,63.532
600779.SH,2022-11-30,0.0,63.25,63.25,63.19,77.0,486660.0,63.531
600779.SH,2022-11-30,0.0,63.29,63.33,63.21,84.0,531351.0,63.53
600779.SH,2022-11-30,0.0,63.26,63.34,63.25,197.0,1247300.0,63.528
600779.SH,2022-11-30,0.0,63.26,63.33,63.26,31.0,196127.0,63.528
600779.SH,2022-11-30,0.0,63.26,63.33,63.26,92.0,582287.0,63.527
600779.SH,2022-11-30,0.0,63.27,63.3,63.26,39.0,246778.0,63.527
600779.SH,2022-11-30,0.0,63.33,63.33,63.26,45.0,284811.0,63.526
600779.SH,2022-11-30,0.0,63.34,63.34,63.27,98.0,620346.0,63.525
600779.SH,2022-11-30,0.0,63.26,63.33,63.26,112.0,708651.0,63.524
600779.SH,2022-11-30,0.0,63.21,63.26,63.2,139.0,879084.0,63.522
600779.SH,2022-11-30,0.0,63.2,63.21,63.2,66.0,417139.0,63.522
600779.SH,2022-11-30,0.0,63.18,63.21,63.18,196.0,1238790.0,63.519
600779.SH,2022-11-30,0.0,63.01,63.17,63.01,551.0,3473550.0,63.51
600779.SH,2022-11-30,0.0,63.07,63.09,63.01,73.0,460208.0,63.509
600779.SH,2022-11-30,0.0,63.11,63.12,63.07,38.0,239787.0,63.508
600779.SH,2022-11-30,0.0,63.09,63.16,63.08,302.0,1906000.0,63.503
600779.SH,2022-11-30,0.0,63.0,63.1,63.0,321.0,2023020.0,63.498
600779.SH,2022-11-30,0.0,62.97,63.02,62.97,400.0,2519950.0,63.49
600779.SH,2022-11-30,0.0,62.91,62.97,62.91,212.0,1334160.0,63.486
600779.SH,2022-11-30,0.0,63.0,63.0,62.91,79.0,497163.0,63.484
600779.SH,2022-11-30,0.0,62.93,63.0,62.92,89.0,560106.0,63.482
600779.SH,2022-11-30,0.0,62.95,62.98,62.92,65.0,409114.0,63.481
600779.SH,2022-11-30,0.0,63.0,63.0,62.95,63.0,396826.0,63.48
600779.SH,2022-11-30,0.0,63.0,63.05,63.0,77.0,485212.0,63.479
600779.SH,2022-11-30,0.0,63.07,63.07,63.0,50.0,315105.0,63.478
600779.SH,2022-11-30,0.0,63.04,63.1,63.04,58.0,365815.0,63.477
600779.SH,2022-11-30,0.0,63.09,63.09,63.02,45.0,283721.0,63.476
600779.SH,2022-11-30,0.0,63.01,63.09,63.01,87.0,548356.0,63.475
600779.SH,2022-11-30,0.0,62.96,63.01,62.96,119.0,749567.0,63.473
600779.SH,2022-11-30,0.0,62.99,63.0,62.95,90.0,566828.0,63.471
600779.SH,2022-11-30,0.0,62.99,63.01,62.96,133.0,837623.0,63.469
600779.SH,2022-11-30,0.0,62.97,62.99,62.96,57.0,358906.0,63.468
600779.SH,2022-11-30,0.0,62.95,62.97,62.95,103.0,648544.0,63.466
600779.SH,2022-11-30,0.0,62.94,62.96,62.94,116.0,730230.0,63.464
600779.SH,2022-11-30,0.0,62.93,62.95,62.92,130.0,818125.0,63.461
600779.SH,2022-11-30,0.0,62.93,62.93,62.92,82.0,516001.0,63.46
600779.SH,2022-11-30,0.0,62.95,62.95,62.93,102.0,641986.0,63.458
600779.SH,2022-11-30,0.0,62.89,62.95,62.89,362.0,2277420.0,63.451
600779.SH,2022-11-30,0.0,62.89,62.9,62.88,127.0,798621.0,63.448
600779.SH,2022-11-30,0.0,62.91,62.94,62.88,143.0,899410.0,63.446
600779.SH,2022-11-30,0.0,62.96,63.0,62.91,91.0,572987.0,63.444
600779.SH,2022-11-30,0.0,62.95,62.96,62.9,111.0,698539.0,63.442
600779.SH,2022-11-30,0.0,63.11,63.11,62.95,145.0,914228.0,63.44
600779.SH,2022-11-30,0.0,63.02,63.16,63.02,166.0,1047920.0,63.439
600779.SH,2022-11-30,0.0,63.01,63.11,63.01,95.0,599033.0,63.437
600779.SH,2022-11-30,0.0,63.07,63.08,63.01,54.0,340419.0,63.437
600779.SH,2022-11-30,0.0,63.01,63.07,63.0,76.0,478873.0,63.436
600779.SH,2022-11-30,0.0,62.96,63.0,62.96,55.0,346403.0,63.435
600779.SH,2022-11-30,0.0,62.95,62.97,62.95,51.0,321063.0,63.434
600779.SH,2022-11-30,0.0,62.97,62.97,62.95,71.0,446976.0,63.433
600779.SH,2022-11-30,0.0,62.97,63.0,62.96,75.0,472298.0,63.432
600779.SH,2022-11-30,0.0,62.98,63.0,62.96,40.0,251915.0,63.431
600779.SH,2022-11-30,0.0,63.0,63.0,62.98,46.0,289743.0,63.43
600779.SH,2022-11-30,0.0,62.99,63.0,62.98,59.0,371604.0,63.429
600779.SH,2022-11-30,0.0,62.98,62.99,62.98,68.0,428280.0,63.428
600779.SH,2022-11-30,0.0,62.92,62.98,62.92,195.0,1227820.0,63.426
600779.SH,2022-11-30,0.0,62.91,62.93,62.9,72.0,452978.0,63.424
600779.SH,2022-11-30,0.0,62.9,62.91,62.9,134.0,842902.0,63.422
600779.SH,2022-11-30,0.0,62.9,62.91,62.9,70.0,440308.0,63.421
600779.SH,2022-11-30,0.0,62.88,62.91,62.88,141.0,886738.0,63.418
600779.SH,2022-11-30,0.0,62.88,62.89,62.87,177.0,1112980.0,63.415
600779.SH,2022-11-30,0.0,62.89,62.89,62.88,69.0,433885.0,63.414
600779.SH,2022-11-30,0.0,62.86,62.89,62.86,102.0,641319.0,63.412
600779.SH,2022-11-30,0.0,62.81,62.86,62.81,175.0,1099610.0,63.409
600779.SH,2022-11-30,0.0,62.82,62.82,62.8,283.0,1775610.0,63.404
600779.SH,2022-11-30,0.0,62.76,62.82,62.76,215.0,1352030.0,63.4
600779.SH,2022-11-30,0.0,62.72,62.76,62.72,179.0,1123250.0,63.396
600779.SH,2022-11-30,0.0,62.74,62.74,62.72,73.0,457924.0,63.395
600779.SH,2022-11-30,0.0,62.75,62.77,62.73,130.0,815730.0,63.392
600779.SH,2022-11-30,0.0,62.75,62.77,62.75,56.0,351463.0,63.391
600779.SH,2022-11-30,0.0,62.72,62.76,62.72,147.0,922227.0,63.388
600779.SH,2022-11-30,0.0,62.74,62.74,62.72,128.0,802948.0,63.385
600779.SH,2022-11-30,0.0,62.78,62.78,62.75,115.0,721619.0,63.383
600779.SH,2022-11-30,0.0,62.72,62.78,62.71,292.0,1832100.0,63.377
600779.SH,2022-11-30,0.0,62.71,62.72,62.7,128.0,802693.0,63.375
600779.SH,2022-11-30,0.0,62.68,62.72,62.67,250.0,1567440.0,63.37
600779.SH,2022-11-30,0.0,62.65,62.68,62.65,92.0,576505.0,63.368
600779.SH,2022-11-30,0.0,62.75,62.75,62.64,241.0,1510530.0,63.363
600779.SH,2022-11-30,0.0,62.73,62.75,62.73,51.0,319973.0,63.362
600779.SH,2022-11-30,0.0,62.74,62.75,62.73,260.0,1631370.0,63.357
600779.SH,2022-11-30,0.0,62.72,62.74,62.72,57.0,357549.0,63.356
600779.SH,2022-11-30,0.0,62.72,62.72,62.7,54.0,338656.0,63.355
600779.SH,2022-11-30,0.0,62.69,62.71,62.69,71.0,445161.0,63.354
600779.SH,2022-11-30,0.0,62.68,62.72,62.68,74.0,463945.0,63.352
600779.SH,2022-11-30,0.0,62.65,62.68,62.65,123.0,770824.0,63.35
600779.SH,2022-11-30,0.0,62.53,62.65,62.51,340.0,2127840.0,63.343
600779.SH,2022-11-30,0.0,62.58,62.58,62.51,274.0,1713800.0,63.336
600779.SH,2022-11-30,0.0,62.58,62.62,62.54,101.0,632042.0,63.334
600779.SH,2022-11-30,0.0,62.63,62.63,62.56,122.0,763611.0,63.332
600779.SH,2022-11-30,0.0,62.58,62.67,62.58,203.0,1271390.0,63.328
600779.SH,2022-11-30,0.0,62.57,62.6,62.56,108.0,675890.0,63.325
600779.SH,2022-11-30,0.0,62.61,62.61,62.56,187.0,1170180.0,63.321
600779.SH,2022-11-30,0.0,62.59,62.61,62.59,90.0,563343.0,63.32
600779.SH,2022-11-30,0.0,62.61,62.62,62.59,70.0,438197.0,63.318
600779.SH,2022-11-30,0.0,62.52,62.6,62.52,278.0,1738890.0,63.312
600779.SH,2022-11-30,0.0,62.51,62.55,62.5,388.0,2425320.0,63.304
600779.SH,2022-11-30,0.0,62.52,62.56,62.5,168.0,1050210.0,63.3
600779.SH,2022-11-30,0.0,62.55,62.55,62.51,137.0,856572.0,63.297
600779.SH,2022-11-30,0.0,62.53,62.55,62.52,72.0,450242.0,63.296
600779.SH,2022-11-30,0.0,62.55,62.56,62.53,119.0,744177.0,63.293
600779.SH,2022-11-30,0.0,62.54,62.55,62.53,100.0,625384.0,63.291
600779.SH,2022-11-30,0.0,62.51,62.54,62.51,168.0,1050450.0,63.288
600779.SH,2022-11-30,0.0,62.42,62.51,62.42,609.0,3805790.0,63.275
600779.SH,2022-11-30,0.0,62.48,62.51,62.42,305.0,1905150.0,63.269
600779.SH,2022-11-30,0.0,62.59,62.62,62.5,313.0,1957900.0,63.263
600779.SH,2022-11-30,0.0,62.54,62.59,62.51,79.0,494144.0,63.261
600779.SH,2022-11-30,0.0,62.52,62.54,62.51,173.0,1081620.0,63.258
600779.SH,2022-11-30,0.0,62.52,62.52,62.51,153.0,956494.0,63.255
600779.SH,2022-11-30,0.0,62.51,62.52,62.5,209.0,1306400.0,63.251
600779.SH,2022-11-30,0.0,62.47,62.52,62.47,261.0,1631210.0,63.246
600779.SH,2022-11-30,0.0,62.54,62.54,62.47,298.0,1862160.0,63.24
600779.SH,2022-11-30,0.0,62.51,62.54,62.49,82.0,512701.0,63.239
600779.SH,2022-11-30,0.0,62.47,62.51,62.47,165.0,1031300.0,63.236
600779.SH,2022-11-30,0.0,62.53,62.54,62.47,352.0,2200000.0,63.23
600779.SH,2022-11-30,0.0,62.54,62.54,62.53,185.0,1156940.0,63.226
600779.SH,2022-11-30,0.0,62.59,62.59,62.54,57.0,356559.0,63.225
600779.SH,2022-11-30,0.0,62.6,62.62,62.57,307.0,1921710.0,63.221
600779.SH,2022-11-30,0.0,62.59,62.62,62.59,122.0,763731.0,63.219
600779.SH,2022-11-30,0.0,62.6,62.61,62.58,192.0,1201810.0,63.216
600779.SH,2022-11-30,0.0,62.59,62.61,62.58,191.0,1195580.0,63.213
600779.SH,2022-11-30,0.0,62.6,62.6,62.58,111.0,694830.0,63.211
600779.SH,2022-11-30,0.0,62.57,62.6,62.56,479.0,2997860.0,63.204
600779.SH,2022-11-30,0.0,62.6,62.6,62.57,105.0,657181.0,63.203
600779.SH,2022-11-30,0.0,62.68,62.68,62.6,170.0,1064730.0,63.2
600779.SH,2022-11-30,0.0,62.64,62.68,62.6,185.0,1158780.0,63.198
600779.SH,2022-11-30,0.0,62.75,62.75,62.68,123.0,771178.0,63.196
600779.SH,2022-11-30,0.0,62.79,62.82,62.75,255.0,1601230.0,63.194
600779.SH,2022-11-30,0.0,62.83,62.85,62.79,195.0,1225160.0,63.192
600779.SH,2022-11-30,0.0,62.84,62.84,62.84,4.0,25135.0,63.192
600779.SH,2022-11-30,0.0,62.84,62.84,62.84,0.0,0.0,63.192
600779.SH,2022-11-30,0.0,62.7,62.7,62.7,1209.0,7580120.0,63.179
600779.SH,2022-12-01,0.0,64.08,64.08,64.08,846.0,5421170.0,64.08
600779.SH,2022-12-01,0.0,65.48,65.5,64.13,4492.0,29024000.0,64.528
600779.SH,2022-12-01,0.0,66.0,66.16,65.5,4140.0,27281000.0,65.123
600779.SH,2022-12-01,0.0,65.51,66.0,65.51,3720.0,24509000.0,65.337
600779.SH,2022-12-01,0.0,65.8,65.8,65.47,2910.0,19093100.0,65.387
600779.SH,2022-12-01,0.0,66.06,66.06,65.81,3812.0,25147400.0,65.5
600779.SH,2022-12-01,0.0,65.66,66.03,65.66,2507.0,16504700.0,65.537
600779.SH,2022-12-01,0.0,66.03,66.03,65.69,2709.0,17846500.0,65.574
600779.SH,2022-12-01,0.0,66.33,66.44,66.05,3831.0,25367600.0,65.659
600779.SH,2022-12-01,0.0,66.05,66.34,66.05,2089.0,13831400.0,65.696
600779.SH,2022-12-01,0.0,66.09,66.28,66.05,2835.0,18754000.0,65.734
600779.SH,2022-12-01,0.0,66.24,66.32,66.05,2192.0,14515000.0,65.764
600779.SH,2022-12-01,0.0,66.5,66.5,66.21,2484.0,16484400.0,65.802
600779.SH,2022-12-01,0.0,66.67,66.67,66.5,2686.0,17881500.0,65.852
600779.SH,2022-12-01,0.0,66.71,66.78,66.66,1242.0,8285470.0,65.877
600779.SH,2022-12-01,0.0,66.68,66.76,66.68,958.0,6391460.0,65.895
600779.SH,2022-12-01,0.0,66.97,66.97,66.69,2246.0,15004900.0,65.94
600779.SH,2022-12-01,0.0,66.79,67.0,66.79,1866.0,12490700.0,65.979
600779.SH,2022-12-01,0.0,66.48,66.77,66.46,888.0,5912330.0,65.99
600779.SH,2022-12-01,0.0,66.28,66.46,66.2,927.0,6147700.0,65.996
600779.SH,2022-12-01,0.0,66.44,66.49,66.2,1088.0,7220620.0,66.004
600779.SH,2022-12-01,0.0,66.17,66.4,66.17,619.0,4104920.0,66.008
600779.SH,2022-12-01,0.0,66.15,66.2,66.03,776.0,5133280.0,66.01
600779.SH,2022-12-01,0.0,66.1,66.17,66.1,469.0,3101680.0,66.011
600779.SH,2022-12-01,0.0,66.22,66.22,66.06,642.0,4245450.0,66.013
600779.SH,2022-12-01,0.0,66.3,66.33,66.13,427.0,2830080.0,66.015
600779.SH,2022-12-01,0.0,66.11,66.3,66.1,877.0,5804520.0,66.018
600779.SH,2022-12-01,0.0,65.99,66.11,65.99,1321.0,8724310.0,66.018
600779.SH,2022-12-01,0.0,65.8,65.97,65.8,862.0,5678820.0,66.016
600779.SH,2022-12-01,0.0,65.81,65.86,65.79,751.0,4941980.0,66.013
600779.SH,2022-12-01,0.0,65.87,65.89,65.81,563.0,3706520.0,66.012
600779.SH,2022-12-01,0.0,65.8,65.89,65.8,918.0,6042270.0,66.009
600779.SH,2022-12-01,0.0,65.74,65.81,65.73,530.0,3486650.0,66.007
600779.SH,2022-12-01,0.0,65.64,65.73,65.64,430.0,2824600.0,66.004
600779.SH,2022-12-01,0.0,65.85,65.85,65.61,1341.0,8816450.0,65.999
600779.SH,2022-12-01,0.0,66.07,66.07,65.82,877.0,5782190.0,65.998
600779.SH,2022-12-01,0.0,65.91,66.13,65.91,709.0,4683520.0,65.998
600779.SH,2022-12-01,0.0,65.78,65.91,65.78,483.0,3179650.0,65.997
600779.SH,2022-12-01,0.0,65.71,65.8,65.7,304.0,1998470.0,65.996
600779.SH,2022-12-01,0.0,65.74,65.74,65.68,340.0,2233810.0,65.994
600779.SH,2022-12-01,0.0,65.86,65.88,65.72,311.0,2047070.0,65.993
600779.SH,2022-12-01,0.0,65.84,65.9,65.8,268.0,1764230.0,65.993
600779.SH,2022-12-01,0.0,65.76,65.81,65.75,142.0,934250.0,65.992
600779.SH,2022-12-01,0.0,65.71,65.76,65.71,161.0,1058490.0,65.992
600779.SH,2022-12-01,0.0,65.56,65.7,65.55,501.0,3287400.0,65.989
600779.SH,2022-12-01,0.0,65.43,65.53,65.43,426.0,2789540.0,65.986
600779.SH,2022-12-01,0.0,65.36,65.41,65.31,362.0,2365650.0,65.982
600779.SH,2022-12-01,0.0,65.43,65.45,65.38,401.0,2622570.0,65.978
600779.SH,2022-12-01,0.0,65.39,65.45,65.38,292.0,1910000.0,65.976
600779.SH,2022-12-01,0.0,65.41,65.41,65.37,351.0,2295030.0,65.973
600779.SH,2022-12-01,0.0,65.5,65.5,65.39,340.0,2225330.0,65.97
600779.SH,2022-12-01,0.0,65.28,65.43,65.28,824.0,5384900.0,65.963
600779.SH,2022-12-01,0.0,65.3,65.3,65.26,195.0,1272760.0,65.961
600779.SH,2022-12-01,0.0,65.3,65.31,65.28,253.0,1651980.0,65.958
600779.SH,2022-12-01,0.0,65.21,65.3,65.17,464.0,3026660.0,65.953
600779.SH,2022-12-01,0.0,65.15,65.21,65.11,331.0,2156440.0,65.95
600779.SH,2022-12-01,0.0,65.26,65.27,65.17,211.0,1376250.0,65.947
600779.SH,2022-12-01,0.0,65.3,65.3,65.25,301.0,1964910.0,65.945
600779.SH,2022-12-01,0.0,65.21,65.31,65.19,280.0,1826940.0,65.942
600779.SH,2022-12-01,0.0,65.11,65.21,65.11,279.0,1818200.0,65.939
600779.SH,2022-12-01,0.0,65.11,65.12,65.11,212.0,1380430.0,65.936
600779.SH,2022-12-01,0.0,65.25,65.25,65.11,239.0,1558170.0,65.934
600779.SH,2022-12-01,0.0,65.36,65.38,65.25,185.0,1208530.0,65.932
600779.SH,2022-12-01,0.0,65.18,65.36,65.18,344.0,2245890.0,65.929
600779.SH,2022-12-01,0.0,65.15,65.18,65.13,202.0,1316240.0,65.927
600779.SH,2022-12-01,0.0,65.1,65.15,65.1,307.0,1999110.0,65.923
600779.SH,2022-12-01,0.0,65.02,65.1,65.02,202.0,1314040.0,65.921
600779.SH,2022-12-01,0.0,65.09,65.09,65.02,247.0,1606710.0,65.918
600779.SH,2022-12-01,0.0,65.16,65.18,65.08,107.0,697238.0,65.917
600779.SH,2022-12-01,0.0,65.15,65.2,65.15,140.0,911018.0,65.915
600779.SH,2022-12-01,0.0,65.15,65.2,65.15,161.0,1049370.0,65.914
600779.SH,2022-12-01,0.0,65.11,65.16,65.1,104.0,678442.0,65.913
600779.SH,2022-12-01,0.0,65.19,65.19,65.1,98.0,638671.0,65.912
600779.SH,2022-12-01,0.0,65.22,65.25,65.19,182.0,1186950.0,65.91
600779.SH,2022-12-01,0.0,65.31,65.32,65.25,194.0,1265140.0,65.908
600779.SH,2022-12-01,0.0,65.28,65.31,65.23,282.0,1841870.0,65.906
600779.SH,2022-12-01,0.0,65.24,65.32,65.24,297.0,1938610.0,65.903
600779.SH,2022-12-01,0.0,65.33,65.33,65.25,155.0,1011920.0,65.902
600779.SH,2022-12-01,0.0,65.25,65.35,65.25,439.0,2866380.0,65.898
600779.SH,2022-12-01,0.0,65.24,65.25,65.23,112.0,730698.0,65.897
600779.SH,2022-12-01,0.0,65.33,65.33,65.25,112.0,731157.0,65.896
600779.SH,2022-12-01,0.0,65.25,65.33,65.25,227.0,1481870.0,65.895
600779.SH,2022-12-01,0.0,65.21,65.26,65.21,312.0,2035330.0,65.892
600779.SH,2022-12-01,0.0,65.17,65.21,65.15,165.0,1075540.0,65.89
600779.SH,2022-12-01,0.0,65.17,65.2,65.15,110.0,716816.0,65.889
600779.SH,2022-12-01,0.0,65.17,65.19,65.16,54.0,351944.0,65.889
600779.SH,2022-12-01,0.0,65.11,65.17,65.11,454.0,2957490.0,65.884
600779.SH,2022-12-01,0.0,65.1,65.12,65.1,97.0,631851.0,65.883
600779.SH,2022-12-01,0.0,65.08,65.11,65.06,108.0,703890.0,65.882
600779.SH,2022-12-01,0.0,65.09,65.09,65.07,97.0,631335.0,65.881
600779.SH,2022-12-01,0.0,65.16,65.16,65.09,90.0,586166.0,65.88
600779.SH,2022-12-01,0.0,65.07,65.16,65.07,559.0,3639340.0,65.875
600779.SH,2022-12-01,0.0,65.05,65.07,65.03,211.0,1371260.0,65.872
600779.SH,2022-12-01,0.0,65.05,65.07,65.04,87.0,565983.0,65.871
600779.SH,2022-12-01,0.0,65.05,65.06,65.03,88.0,572410.0,65.871
600779.SH,2022-12-01,0.0,65.07,65.07,65.04,60.0,390338.0,65.87
600779.SH,2022-12-01,0.0,65.06,65.08,65.04,111.0,722154.0,65.869
600779.SH,2022-12-01,0.0,65.08,65.09,65.05,65.0,422945.0,65.868
600779.SH,2022-12-01,0.0,65.1,65.1,65.07,95.0,619682.0,65.867
600779.SH,2022-12-01,0.0,65.1,65.12,65.09,109.0,709616.0,65.866
600779.SH,2022-12-01,0.0,65.2,65.2,65.11,126.0,820768.0,65.865
600779.SH,2022-12-01,0.0,65.05,65.2,65.0,1185.0,7705890.0,65.852
600779.SH,2022-12-01,0.0,65.02,65.04,65.0,140.0,910106.0,65.851
600779.SH,2022-12-01,0.0,64.9,65.04,64.9,494.0,3210030.0,65.845
600779.SH,2022-12-01,0.0,64.86,64.9,64.86,100.0,648774.0,65.844
600779.SH,2022-12-01,0.0,64.79,64.86,64.78,252.0,1633330.0,65.841
600779.SH,2022-12-01,0.0,64.72,64.78,64.72,125.0,809483.0,65.839
600779.SH,2022-12-01,0.0,64.63,64.75,64.63,185.0,1196560.0,65.837
600779.SH,2022-12-01,0.0,64.66,64.68,64.61,338.0,2184810.0,65.832
600779.SH,2022-12-01,0.0,64.64,64.66,64.64,191.0,1234850.0,65.829
600779.SH,2022-12-01,0.0,64.63,64.65,64.6,249.0,1608970.0,65.825
600779.SH,2022-12-01,0.0,64.62,64.63,64.6,90.0,581494.0,65.824
600779.SH,2022-12-01,0.0,64.62,64.62,64.6,145.0,936781.0,65.822
600779.SH,2022-12-01,0.0,64.66,64.66,64.61,161.0,1040580.0,65.819
600779.SH,2022-12-01,0.0,64.66,64.72,64.64,253.0,1635890.0,65.816
600779.SH,2022-12-01,0.0,64.55,64.71,64.55,358.0,2313430.0,65.81
600779.SH,2022-12-01,0.0,64.5,64.55,64.48,268.0,1728670.0,65.806
600779.SH,2022-12-01,0.0,64.44,64.5,64.44,109.0,702815.0,65.804
600779.SH,2022-12-01,0.0,64.48,64.48,64.44,101.0,650978.0,65.803
600779.SH,2022-12-01,0.0,64.47,64.54,64.47,188.0,1212530.0,65.8
600779.SH,2022-12-01,0.0,64.46,64.47,64.42,179.0,1153390.0,65.797
600779.SH,2022-12-01,0.0,64.6,64.7,64.45,422.0,2722610.0,65.79
600779.SH,2022-12-01,0.0,64.83,64.85,64.5,299.0,1935040.0,65.787
600779.SH,2022-12-01,0.0,64.68,64.94,64.68,769.0,4986160.0,65.778
600779.SH,2022-12-01,0.0,64.87,64.87,64.53,269.0,1740140.0,65.775
600779.SH,2022-12-01,0.0,64.8,64.97,64.78,371.0,2407810.0,65.771
600779.SH,2022-12-01,0.0,64.61,64.75,64.61,113.0,731116.0,65.769
600779.SH,2022-12-01,0.0,64.67,64.71,64.61,165.0,1067030.0,65.767
600779.SH,2022-12-01,0.0,64.76,64.8,64.67,270.0,1748620.0,65.764
600779.SH,2022-12-01,0.0,64.71,64.78,64.67,128.0,828341.0,65.762
600779.SH,2022-12-01,0.0,64.79,64.81,64.71,173.0,1120940.0,65.761
600779.SH,2022-12-01,0.0,64.7,64.76,64.69,287.0,1858290.0,65.757
600779.SH,2022-12-01,0.0,64.68,64.75,64.66,236.0,1526750.0,65.754
600779.SH,2022-12-01,0.0,64.72,64.75,64.66,111.0,717936.0,65.753
600779.SH,2022-12-01,0.0,64.8,64.8,64.73,226.0,1463860.0,65.75
600779.SH,2022-12-01,0.0,64.89,64.89,64.78,107.0,693456.0,65.749
600779.SH,2022-12-01,0.0,65.01,65.01,64.86,160.0,1039520.0,65.748
600779.SH,2022-12-01,0.0,65.13,65.13,65.02,155.0,1008540.0,65.747
600779.SH,2022-12-01,0.0,65.17,65.2,65.13,338.0,2202860.0,65.744
600779.SH,2022-12-01,0.0,65.12,65.17,65.1,180.0,1172440.0,65.743
600779.SH,2022-12-01,0.0,65.01,65.11,65.01,166.0,1079910.0,65.742
600779.SH,2022-12-01,0.0,65.28,65.29,65.01,332.0,2163510.0,65.74
600779.SH,2022-12-01,0.0,65.29,65.33,65.29,252.0,1645630.0,65.738
600779.SH,2022-12-01,0.0,65.21,65.28,65.2,173.0,1128980.0,65.737
600779.SH,2022-12-01,0.0,65.15,65.21,65.15,258.0,1681390.0,65.736
600779.SH,2022-12-01,0.0,65.1,65.15,65.1,90.0,586092.0,65.735
600779.SH,2022-12-01,0.0,65.1,65.12,65.1,189.0,1230440.0,65.734
600779.SH,2022-12-01,0.0,65.12,65.22,65.1,384.0,2500510.0,65.731
600779.SH,2022-12-01,0.0,65.28,65.28,65.15,125.0,814415.0,65.731
600779.SH,2022-12-01,0.0,65.22,65.29,65.22,113.0,738712.0,65.73
600779.SH,2022-12-01,0.0,65.3,65.3,65.22,271.0,1767980.0,65.729
600779.SH,2022-12-01,0.0,65.6,65.6,65.3,539.0,3528440.0,65.727
600779.SH,2022-12-01,0.0,65.52,65.62,65.5,361.0,2368170.0,65.727
600779.SH,2022-12-01,0.0,65.36,65.62,65.36,442.0,2895920.0,65.726
600779.SH,2022-12-01,0.0,65.53,65.62,65.3,372.0,2435520.0,65.725
600779.SH,2022-12-01,0.0,65.57,65.6,65.5,202.0,1323820.0,65.724
600779.SH,2022-12-01,0.0,65.68,65.74,65.51,478.0,3137700.0,65.724
600779.SH,2022-12-01,0.0,65.69,65.72,65.65,262.0,1721100.0,65.724
600779.SH,2022-12-01,0.0,65.73,65.73,65.69,218.0,1432620.0,65.724
600779.SH,2022-12-01,0.0,65.66,65.71,65.63,298.0,1957250.0,65.723
600779.SH,2022-12-01,0.0,65.48,65.67,65.48,120.0,787201.0,65.723
600779.SH,2022-12-01,0.0,65.49,65.53,65.41,261.0,1708820.0,65.723
600779.SH,2022-12-01,0.0,65.48,65.53,65.48,184.0,1205140.0,65.722
600779.SH,2022-12-01,0.0,65.58,65.6,65.48,152.0,996174.0,65.722
600779.SH,2022-12-01,0.0,65.73,65.76,65.6,389.0,2555570.0,65.722
600779.SH,2022-12-01,0.0,65.88,65.93,65.73,796.0,5240810.0,65.723
600779.SH,2022-12-01,0.0,65.8,65.93,65.8,263.0,1732640.0,65.723
600779.SH,2022-12-01,0.0,65.77,65.8,65.76,135.0,887871.0,65.723
600779.SH,2022-12-01,0.0,65.82,65.86,65.78,319.0,2100110.0,65.724
600779.SH,2022-12-01,0.0,65.84,65.88,65.81,240.0,1580220.0,65.724
600779.SH,2022-12-01,0.0,65.87,65.89,65.85,232.0,1528160.0,65.724
600779.SH,2022-12-01,0.0,65.93,65.95,65.83,495.0,3261750.0,65.725
600779.SH,2022-12-01,0.0,65.99,66.0,65.93,622.0,4104390.0,65.727
600779.SH,2022-12-01,0.0,65.87,65.99,65.87,333.0,2196100.0,65.728
600779.SH,2022-12-01,0.0,65.81,65.9,65.81,225.0,1481720.0,65.728
600779.SH,2022-12-01,0.0,65.78,65.82,65.78,264.0,1737090.0,65.728
600779.SH,2022-12-01,0.0,65.78,65.79,65.76,159.0,1045870.0,65.728
600779.SH,2022-12-01,0.0,65.91,65.96,65.79,435.0,2865080.0,65.729
600779.SH,2022-12-01,0.0,65.87,65.91,65.87,142.0,935637.0,65.729
600779.SH,2022-12-01,0.0,65.83,65.87,65.83,166.0,1093030.0,65.729
600779.SH,2022-12-01,0.0,65.8,65.82,65.8,203.0,1336000.0,65.729
600779.SH,2022-12-01,0.0,65.57,65.77,65.57,216.0,1418270.0,65.729
600779.SH,2022-12-01,0.0,65.48,65.61,65.48,645.0,4229750.0,65.728
600779.SH,2022-12-01,0.0,65.4,65.53,65.4,292.0,1911860.0,65.727
600779.SH,2022-12-01,0.0,65.51,65.52,65.4,204.0,1335930.0,65.727
600779.SH,2022-12-01,0.0,65.54,65.57,65.5,148.0,970055.0,65.727
600779.SH,2022-12-01,0.0,65.53,65.57,65.51,122.0,799480.0,65.726
600779.SH,2022-12-01,0.0,65.52,65.52,65.49,332.0,2174800.0,65.726
600779.SH,2022-12-01,0.0,65.66,65.66,65.55,319.0,2092700.0,65.725
600779.SH,2022-12-01,0.0,65.6,65.65,65.58,163.0,1069450.0,65.725
600779.SH,2022-12-01,0.0,65.55,65.6,65.54,100.0,655664.0,65.725
600779.SH,2022-12-01,0.0,65.55,65.58,65.54,134.0,878582.0,65.725
600779.SH,2022-12-01,0.0,65.56,65.56,65.54,170.0,1114280.0,65.724
600779.SH,2022-12-01,0.0,65.59,65.6,65.52,299.0,1960510.0,65.724
600779.SH,2022-12-01,0.0,65.64,65.64,65.59,120.0,787250.0,65.724
600779.SH,2022-12-01,0.0,65.61,65.64,65.58,77.0,505190.0,65.724
600779.SH,2022-12-01,0.0,65.69,65.7,65.59,368.0,2415710.0,65.723
600779.SH,2022-12-01,0.0,65.76,65.76,65.69,110.0,722926.0,65.723
600779.SH,2022-12-01,0.0,65.76,65.77,65.72,108.0,709995.0,65.724
600779.SH,2022-12-01,0.0,65.8,65.82,65.75,198.0,1302680.0,65.724
600779.SH,2022-12-01,0.0,65.74,65.77,65.73,186.0,1223110.0,65.724
600779.SH,2022-12-01,0.0,65.72,65.76,65.72,125.0,821728.0,65.724
600779.SH,2022-12-01,0.0,65.71,65.73,65.7,72.0,473114.0,65.724
600779.SH,2022-12-01,0.0,65.65,65.7,65.65,146.0,959068.0,65.724
600779.SH,2022-12-01,0.0,65.64,65.67,65.63,68.0,446377.0,65.724
600779.SH,2022-12-01,0.0,65.62,65.65,65.59,152.0,997264.0,65.723
600779.SH,2022-12-01,0.0,65.6,65.62,65.59,101.0,662618.0,65.723
600779.SH,2022-12-01,0.0,65.56,65.59,65.56,89.0,583573.0,65.723
600779.SH,2022-12-01,0.0,65.5,65.56,65.5,333.0,2182270.0,65.723
600779.SH,2022-12-01,0.0,65.51,65.53,65.49,193.0,1265810.0,65.722
600779.SH,2022-12-01,0.0,65.55,65.57,65.51,108.0,707869.0,65.722
600779.SH,2022-12-01,0.0,65.51,65.59,65.51,284.0,1861520.0,65.722
600779.SH,2022-12-01,0.0,65.4,65.53,65.35,368.0,2408690.0,65.721
600779.SH,2022-12-01,0.0,65.43,65.45,65.35,222.0,1451680.0,65.72
600779.SH,2022-12-01,0.0,65.37,65.44,65.35,306.0,2000340.0,65.719
600779.SH,2022-12-01,0.0,65.36,65.45,65.35,337.0,2203160.0,65.718
600779.SH,2022-12-01,0.0,65.37,65.39,65.35,279.0,1823800.0,65.717
600779.SH,2022-12-01,0.0,65.33,65.37,65.31,307.0,2006040.0,65.716
600779.SH,2022-12-01,0.0,65.32,65.36,65.32,232.0,1515820.0,65.715
600779.SH,2022-12-01,0.0,65.26,65.32,65.24,226.0,1475360.0,65.714
600779.SH,2022-12-01,0.0,65.21,65.29,65.18,339.0,2210990.0,65.713
600779.SH,2022-12-01,0.0,65.3,65.3,65.22,398.0,2597750.0,65.711
600779.SH,2022-12-01,0.0,65.35,65.35,65.29,253.0,1652400.0,65.71
600779.SH,2022-12-01,0.0,65.34,65.35,65.32,150.0,980017.0,65.71
600779.SH,2022-12-01,0.0,65.31,65.33,65.3,297.0,1940070.0,65.708
600779.SH,2022-12-01,0.0,65.32,65.32,65.3,275.0,1795990.0,65.707
600779.SH,2022-12-01,0.0,65.28,65.32,65.28,203.0,1325510.0,65.707
600779.SH,2022-12-01,0.0,65.29,65.3,65.27,213.0,1390610.0,65.706
600779.SH,2022-12-01,0.0,65.31,65.31,65.26,489.0,3192760.0,65.704
600779.SH,2022-12-01,0.0,65.3,65.31,65.3,218.0,1423620.0,65.703
600779.SH,2022-12-01,0.0,65.29,65.31,65.29,261.0,1704410.0,65.702
600779.SH,2022-12-01,0.0,65.3,65.3,65.29,380.0,2481100.0,65.701
600779.SH,2022-12-01,0.0,65.29,65.3,65.28,391.0,2554000.0,65.699
600779.SH,2022-12-01,0.0,65.27,65.3,65.27,430.0,2807180.0,65.698
600779.SH,2022-12-01,0.0,65.26,65.28,65.25,368.0,2404160.0,65.696
600779.SH,2022-12-01,0.0,65.27,65.28,65.2,423.0,2757200.0,65.695
600779.SH,2022-12-01,0.0,65.28,65.28,65.26,224.0,1462840.0,65.694
600779.SH,2022-12-01,0.0,65.3,65.31,65.27,545.0,3557770.0,65.692
600779.SH,2022-12-01,0.0,65.31,65.31,65.31,4.0,26124.0,65.692
600779.SH,2022-12-01,0.0,65.31,65.31,65.31,0.0,0.0,65.692
600779.SH,2022-12-01,0.0,65.3,65.3,65.3,789.0,5153350.0,65.689
600779.SH,2022-12-02,0.0,65.35,65.35,65.35,837.0,5469800.0,65.35
600779.SH,2022-12-02,0.0,65.41,65.8,65.32,1671.0,10940200.0,65.431
600779.SH,2022-12-02,0.0,65.72,65.74,65.44,876.0,5752040.0,65.491
600779.SH,2022-12-02,0.0,65.35,65.72,65.35,965.0,6322300.0,65.496
600779.SH,2022-12-02,0.0,65.63,65.64,65.35,1165.0,7637330.0,65.509
600779.SH,2022-12-02,0.0,65.43,65.61,65.34,781.0,5111970.0,65.502
600779.SH,2022-12-02,0.0,65.35,65.43,65.15,1119.0,7304290.0,65.468
600779.SH,2022-12-02,0.0,65.36,65.45,65.35,555.0,3628900.0,65.462
600779.SH,2022-12-02,0.0,65.53,65.55,65.36,642.0,4202720.0,65.462
600779.SH,2022-12-02,0.0,65.63,65.63,65.53,528.0,3463570.0,65.47
600779.SH,2022-12-02,0.0,65.65,65.67,65.58,799.0,5244960.0,65.484
600779.SH,2022-12-02,0.0,65.88,65.9,65.66,1143.0,7519350.0,65.516
600779.SH,2022-12-02,0.0,65.54,65.88,65.53,816.0,5359950.0,65.527
600779.SH,2022-12-02,0.0,65.6,65.69,65.5,387.0,2538200.0,65.529
600779.SH,2022-12-02,0.0,65.54,65.61,65.5,638.0,4180740.0,65.529
600779.SH,2022-12-02,0.0,65.36,65.54,65.36,498.0,3261090.0,65.527
600779.SH,2022-12-02,0.0,65.5,65.51,65.33,387.0,2530460.0,65.523
600779.SH,2022-12-02,0.0,65.46,65.51,65.45,252.0,1650010.0,65.523
600779.SH,2022-12-02,0.0,65.6,65.6,65.41,469.0,3072720.0,65.522
600779.SH,2022-12-02,0.0,65.85,65.88,65.63,597.0,3926830.0,65.532
600779.SH,2022-12-02,0.0,65.64,65.86,65.45,366.0,2403510.0,65.536
600779.SH,2022-12-02,0.0,65.79,65.83,65.6,519.0,3412490.0,65.543
600779.SH,2022-12-02,0.0,66.03,66.1,65.79,1480.0,9759540.0,65.577
600779.SH,2022-12-02,0.0,66.0,66.08,65.99,756.0,4992810.0,65.596
600779.SH,2022-12-02,0.0,66.15,66.22,66.03,1578.0,10433600.0,65.637
600779.SH,2022-12-02,0.0,66.25,66.25,66.1,928.0,6141240.0,65.662
600779.SH,2022-12-02,0.0,66.52,66.6,66.25,1156.0,7681390.0,65.703
600779.SH,2022-12-02,0.0,66.31,66.54,66.3,817.0,5425280.0,65.728
600779.SH,2022-12-02,0.0,66.5,66.52,66.34,874.0,5806830.0,65.755
600779.SH,2022-12-02,0.0,66.55,66.65,66.54,1296.0,8628880.0,65.798
600779.SH,2022-12-02,0.0,66.44,66.56,66.44,796.0,5294570.0,65.82
600779.SH,2022-12-02,0.0,66.78,66.88,66.47,1796.0,11973900.0,65.875
600779.SH,2022-12-02,0.0,66.53,66.77,66.51,628.0,4183270.0,65.892
600779.SH,2022-12-02,0.0,66.28,66.52,66.25,726.0,4821700.0,65.905
600779.SH,2022-12-02,0.0,66.4,66.4,66.27,492.0,3264120.0,65.912
600779.SH,2022-12-02,0.0,66.32,66.42,66.28,889.0,5897560.0,65.925
600779.SH,2022-12-02,0.0,66.21,66.33,66.2,528.0,3499200.0,65.931
600779.SH,2022-12-02,0.0,66.25,66.3,66.2,419.0,2774400.0,65.935
600779.SH,2022-12-02,0.0,66.45,66.45,66.32,374.0,2481420.0,65.94
600779.SH,2022-12-02,0.0,66.35,66.47,66.3,382.0,2535160.0,65.945
600779.SH,2022-12-02,0.0,66.1,66.34,66.1,668.0,4424570.0,65.951
600779.SH,2022-12-02,0.0,66.0,66.1,66.0,463.0,3058220.0,65.952
600779.SH,2022-12-02,0.0,66.22,66.25,66.02,552.0,3647740.0,65.954
600779.SH,2022-12-02,0.0,66.12,66.2,66.12,352.0,2328440.0,65.956
600779.SH,2022-12-02,0.0,66.14,66.2,66.12,314.0,2077230.0,65.958
600779.SH,2022-12-02,0.0,66.1,66.15,66.06,239.0,1580380.0,65.959
600779.SH,2022-12-02,0.0,66.2,66.22,66.11,372.0,2460600.0,65.961
600779.SH,2022-12-02,0.0,66.1,66.2,66.05,525.0,3470280.0,65.963
600779.SH,2022-12-02,0.0,66.06,66.14,66.04,276.0,1825120.0,65.964
600779.SH,2022-12-02,0.0,66.03,66.08,66.03,403.0,2661970.0,65.965
600779.SH,2022-12-02,0.0,66.0,66.07,66.0,510.0,3366530.0,65.966
600779.SH,2022-12-02,0.0,65.9,66.03,65.9,403.0,2658680.0,65.966
600779.SH,2022-12-02,0.0,65.85,65.88,65.8,538.0,3538920.0,65.964
600779.SH,2022-12-02,0.0,65.85,65.9,65.85,488.0,3214310.0,65.963
600779.SH,2022-12-02,0.0,65.81,65.9,65.8,295.0,1944680.0,65.962
600779.SH,2022-12-02,0.0,65.81,65.82,65.73,466.0,3065650.0,65.96
600779.SH,2022-12-02,0.0,65.7,65.81,65.69,258.0,1696300.0,65.959
600779.SH,2022-12-02,0.0,65.7,65.7,65.61,406.0,2664580.0,65.955
600779.SH,2022-12-02,0.0,65.72,65.81,65.66,223.0,1466340.0,65.954
600779.SH,2022-12-02,0.0,65.8,65.85,65.7,314.0,2064260.0,65.952
600779.SH,2022-12-02,0.0,65.81,65.85,65.8,175.0,1151760.0,65.952
600779.SH,2022-12-02,0.0,66.11,66.2,65.81,487.0,3213400.0,65.952
600779.SH,2022-12-02,0.0,65.88,66.11,65.88,129.0,851108.0,65.952
600779.SH,2022-12-02,0.0,65.93,66.01,65.88,217.0,1431590.0,65.952
600779.SH,2022-12-02,0.0,65.9,65.94,65.9,124.0,817402.0,65.952
600779.SH,2022-12-02,0.0,65.97,65.97,65.9,253.0,1668300.0,65.952
600779.SH,2022-12-02,0.0,66.02,66.03,65.94,431.0,2844160.0,65.953
600779.SH,2022-12-02,0.0,65.98,66.02,65.97,183.0,1207750.0,65.953
600779.SH,2022-12-02,0.0,65.91,65.98,65.9,108.0,712040.0,65.953
600779.SH,2022-12-02,0.0,65.97,65.98,65.9,198.0,1305590.0,65.953
600779.SH,2022-12-02,0.0,66.09,66.1,65.97,356.0,2350520.0,65.953
600779.SH,2022-12-02,0.0,66.0,66.09,65.97,172.0,1135790.0,65.954
600779.SH,2022-12-02,0.0,65.89,66.01,65.89,372.0,2454150.0,65.954
600779.SH,2022-12-02,0.0,65.72,65.89,65.71,487.0,3206260.0,65.952
600779.SH,2022-12-02,0.0,65.77,65.77,65.71,209.0,1373900.0,65.951
600779.SH,2022-12-02,0.0,65.79,65.81,65.76,239.0,1572310.0,65.951
600779.SH,2022-12-02,0.0,65.68,65.77,65.68,256.0,1682460.0,65.949
600779.SH,2022-12-02,0.0,65.6,65.68,65.6,273.0,1791650.0,65.947
600779.SH,2022-12-02,0.0,65.63,65.63,65.6,247.0,1620450.0,65.945
600779.SH,2022-12-02,0.0,65.55,65.62,65.55,424.0,2781190.0,65.942
600779.SH,2022-12-02,0.0,65.54,65.55,65.51,248.0,1625090.0,65.94
600779.SH,2022-12-02,0.0,65.56,65.56,65.54,265.0,1736970.0,65.938
600779.SH,2022-12-02,0.0,65.62,65.62,65.56,222.0,1455870.0,65.936
600779.SH,2022-12-02,0.0,65.77,65.93,65.7,251.0,1651430.0,65.935
600779.SH,2022-12-02,0.0,65.77,65.82,65.77,114.0,750024.0,65.935
600779.SH,2022-12-02,0.0,65.7,65.82,65.7,329.0,2162730.0,65.933
600779.SH,2022-12-02,0.0,65.65,65.74,65.64,158.0,1038040.0,65.932
600779.SH,2022-12-02,0.0,65.65,65.66,65.64,115.0,754962.0,65.932
600779.SH,2022-12-02,0.0,65.59,65.65,65.59,268.0,1758880.0,65.93
600779.SH,2022-12-02,0.0,65.55,65.59,65.55,119.0,780254.0,65.929
600779.SH,2022-12-02,0.0,65.57,65.57,65.54,219.0,1435540.0,65.927
600779.SH,2022-12-02,0.0,65.66,65.75,65.61,209.0,1372020.0,65.926
600779.SH,2022-12-02,0.0,65.57,65.67,65.53,175.0,1147970.0,65.925
600779.SH,2022-12-02,0.0,65.65,65.65,65.55,215.0,1410270.0,65.924
600779.SH,2022-12-02,0.0,65.61,65.69,65.61,165.0,1083060.0,65.923
600779.SH,2022-12-02,0.0,65.61,65.61,65.6,113.0,741333.0,65.922
600779.SH,2022-12-02,0.0,65.55,65.64,65.55,219.0,1436290.0,65.92
600779.SH,2022-12-02,0.0,65.52,65.56,65.52,125.0,819375.0,65.919
600779.SH,2022-12-02,0.0,65.54,65.55,65.52,220.0,1441690.0,65.918
600779.SH,2022-12-02,0.0,65.54,65.55,65.53,159.0,1042080.0,65.916
600779.SH,2022-12-02,0.0,65.57,65.57,65.53,146.0,957077.0,65.915
600779.SH,2022-12-02,0.0,65.45,65.57,65.45,652.0,4271240.0,65.91
600779.SH,2022-12-02,0.0,65.48,65.52,65.43,240.0,1571010.0,65.908
600779.SH,2022-12-02,0.0,65.43,65.5,65.42,130.0,850870.0,65.907
600779.SH,2022-12-02,0.0,65.37,65.42,65.37,277.0,1811600.0,65.904
600779.SH,2022-12-02,0.0,65.52,65.55,65.36,326.0,2132670.0,65.901
600779.SH,2022-12-02,0.0,65.46,65.5,65.45,118.0,772460.0,65.9
600779.SH,2022-12-02,0.0,65.46,65.5,65.45,218.0,1427350.0,65.898
600779.SH,2022-12-02,0.0,65.36,65.45,65.36,348.0,2276330.0,65.895
600779.SH,2022-12-02,0.0,65.42,65.5,65.35,285.0,1864030.0,65.892
600779.SH,2022-12-02,0.0,65.44,65.53,65.43,163.0,1067010.0,65.891
600779.SH,2022-12-02,0.0,65.56,65.57,65.45,258.0,1690500.0,65.889
600779.SH,2022-12-02,0.0,65.46,65.56,65.46,93.0,609090.0,65.888
600779.SH,2022-12-02,0.0,65.52,65.55,65.44,232.0,1519420.0,65.886
600779.SH,2022-12-02,0.0,65.45,65.53,65.45,41.0,268528.0,65.886
600779.SH,2022-12-02,0.0,65.4,65.45,65.4,267.0,1747280.0,65.884
600779.SH,2022-12-02,0.0,65.5,65.6,65.4,386.0,2528710.0,65.881
600779.SH,2022-12-02,0.0,65.46,65.5,65.45,124.0,811931.0,65.88
600779.SH,2022-12-02,0.0,65.48,65.5,65.45,115.0,752960.0,65.879
600779.SH,2022-12-02,0.0,65.41,65.48,65.41,137.0,896392.0,65.878
600779.SH,2022-12-02,0.0,65.45,65.45,65.41,224.0,1465640.0,65.876
600779.SH,2022-12-02,0.0,65.51,65.63,65.46,526.0,3447870.0,65.873
600779.SH,2022-12-02,0.0,65.4,65.5,65.4,504.0,3298660.0,65.869
600779.SH,2022-12-02,0.0,65.22,65.4,65.22,519.0,3390190.0,65.864
600779.SH,2022-12-02,0.0,65.27,65.31,65.22,299.0,1951020.0,65.861
600779.SH,2022-12-02,0.0,65.27,65.33,65.26,198.0,1292440.0,65.859
600779.SH,2022-12-02,0.0,65.27,65.3,65.27,163.0,1064050.0,65.857
600779.SH,2022-12-02,0.0,65.28,65.3,65.27,127.0,829188.0,65.856
600779.SH,2022-12-02,0.0,65.21,65.28,65.21,189.0,1233230.0,65.854
600779.SH,2022-12-02,0.0,65.17,65.21,65.16,429.0,2796700.0,65.849
600779.SH,2022-12-02,0.0,65.26,65.3,65.2,276.0,1799760.0,65.846
600779.SH,2022-12-02,0.0,65.22,65.3,65.22,156.0,1018150.0,65.844
600779.SH,2022-12-02,0.0,65.25,65.25,65.21,119.0,776149.0,65.843
600779.SH,2022-12-02,0.0,65.22,65.3,65.21,111.0,724044.0,65.842
600779.SH,2022-12-02,0.0,65.2,65.22,65.2,101.0,658555.0,65.841
600779.SH,2022-12-02,0.0,65.11,65.2,65.1,461.0,3003340.0,65.835
600779.SH,2022-12-02,0.0,64.97,65.1,64.97,700.0,4550790.0,65.825
600779.SH,2022-12-02,0.0,64.88,64.96,64.85,257.0,1667590.0,65.821
600779.SH,2022-12-02,0.0,64.9,64.91,64.88,264.0,1713260.0,65.817
600779.SH,2022-12-02,0.0,64.98,64.98,64.9,169.0,1097490.0,65.815
600779.SH,2022-12-02,0.0,64.9,65.0,64.9,134.0,870138.0,65.813
600779.SH,2022-12-02,0.0,64.93,64.95,64.9,126.0,818011.0,65.811
600779.SH,2022-12-02,0.0,64.92,64.93,64.9,82.0,532332.0,65.81
600779.SH,2022-12-02,0.0,64.95,64.95,64.91,155.0,1006470.0,65.807
600779.SH,2022-12-02,0.0,65.05,65.05,64.95,210.0,1365080.0,65.805
600779.SH,2022-12-02,0.0,64.95,65.03,64.95,179.0,1163500.0,65.802
600779.SH,2022-12-02,0.0,64.94,64.95,64.91,137.0,889529.0,65.8
600779.SH,2022-12-02,0.0,64.97,64.97,64.91,116.0,753187.0,65.799
600779.SH,2022-12-02,0.0,64.96,65.0,64.96,131.0,851223.0,65.797
600779.SH,2022-12-02,0.0,64.96,64.99,64.95,75.0,487165.0,65.796
600779.SH,2022-12-02,0.0,64.99,65.0,64.97,83.0,539362.0,65.795
600779.SH,2022-12-02,0.0,64.91,64.98,64.9,394.0,2557770.0,65.789
600779.SH,2022-12-02,0.0,65.0,65.1,64.91,319.0,2073340.0,65.785
600779.SH,2022-12-02,0.0,65.16,65.17,65.0,240.0,1562050.0,65.782
600779.SH,2022-12-02,0.0,65.1,65.19,65.06,255.0,1660970.0,65.78
600779.SH,2022-12-02,0.0,65.06,65.11,65.06,106.0,689951.0,65.778
600779.SH,2022-12-02,0.0,65.02,65.08,65.02,127.0,826274.0,65.777
600779.SH,2022-12-02,0.0,65.06,65.06,65.0,156.0,1014430.0,65.775
600779.SH,2022-12-02,0.0,65.01,65.04,65.01,90.0,585272.0,65.774
600779.SH,2022-12-02,0.0,65.0,65.02,65.0,136.0,884068.0,65.772
600779.SH,2022-12-02,0.0,64.99,65.02,64.99,278.0,1807100.0,65.769
600779.SH,2022-12-02,0.0,64.94,64.99,64.92,199.0,1292800.0,65.766
600779.SH,2022-12-02,0.0,64.94,64.95,64.92,55.0,357162.0,65.766
600779.SH,2022-12-02,0.0,64.92,64.95,64.92,67.0,435038.0,65.765
600779.SH,2022-12-02,0.0,64.96,64.96,64.93,180.0,1168880.0,65.763
600779.SH,2022-12-02,0.0,64.93,64.96,64.92,70.0,454497.0,65.762
600779.SH,2022-12-02,0.0,64.88,64.93,64.88,533.0,3459310.0,65.754
600779.SH,2022-12-02,0.0,64.86,64.87,64.85,202.0,1310190.0,65.752
600779.SH,2022-12-02,0.0,64.93,64.93,64.86,118.0,765751.0,65.75
600779.SH,2022-12-02,0.0,65.02,65.02,64.9,201.0,1305720.0,65.748
600779.SH,2022-12-02,0.0,65.18,65.18,65.0,356.0,2317100.0,65.744
600779.SH,2022-12-02,0.0,65.33,65.33,65.25,168.0,1096910.0,65.743
600779.SH,2022-12-02,0.0,65.25,65.31,65.24,123.0,803048.0,65.742
600779.SH,2022-12-02,0.0,65.3,65.3,65.21,73.0,476310.0,65.741
600779.SH,2022-12-02,0.0,65.27,65.3,65.26,68.0,443863.0,65.741
600779.SH,2022-12-02,0.0,65.32,65.35,65.27,84.0,548727.0,65.74
600779.SH,2022-12-02,0.0,65.26,65.31,65.24,241.0,1570900.0,65.739
600779.SH,2022-12-02,0.0,65.2,65.26,65.2,214.0,1396090.0,65.737
600779.SH,2022-12-02,0.0,65.17,65.21,65.16,146.0,954555.0,65.736
600779.SH,2022-12-02,0.0,65.07,65.16,65.06,89.0,576942.0,65.735
600779.SH,2022-12-02,0.0,65.06,65.06,65.01,119.0,773935.0,65.734
600779.SH,2022-12-02,0.0,65.1,65.1,65.03,223.0,1450540.0,65.732
600779.SH,2022-12-02,0.0,65.09,65.14,65.06,136.0,885196.0,65.73
600779.SH,2022-12-02,0.0,65.18,65.18,65.09,171.0,1113410.0,65.729
600779.SH,2022-12-02,0.0,65.14,65.2,65.14,122.0,794873.0,65.728
600779.SH,2022-12-02,0.0,65.31,65.34,65.13,199.0,1297480.0,65.726
600779.SH,2022-12-02,0.0,65.4,65.45,65.36,278.0,1818420.0,65.725
600779.SH,2022-12-02,0.0,65.5,65.5,65.42,275.0,1800130.0,65.724
600779.SH,2022-12-02,0.0,65.52,65.56,65.5,232.0,1518230.0,65.723
600779.SH,2022-12-02,0.0,65.56,65.58,65.52,192.0,1258550.0,65.723
600779.SH,2022-12-02,0.0,65.5,65.57,65.5,259.0,1699160.0,65.722
600779.SH,2022-12-02,0.0,65.46,65.5,65.45,145.0,949254.0,65.721
600779.SH,2022-12-02,0.0,65.46,65.5,65.45,129.0,844476.0,65.721
600779.SH,2022-12-02,0.0,65.41,65.46,65.41,127.0,831253.0,65.72
600779.SH,2022-12-02,0.0,65.42,65.42,65.4,103.0,673688.0,65.72
600779.SH,2022-12-02,0.0,65.4,65.46,65.4,191.0,1249430.0,65.719
600779.SH,2022-12-02,0.0,65.35,65.4,65.35,144.0,941421.0,65.718
600779.SH,2022-12-02,0.0,65.3,65.34,65.29,95.0,620403.0,65.718
600779.SH,2022-12-02,0.0,65.31,65.35,65.25,155.0,1012210.0,65.717
600779.SH,2022-12-02,0.0,65.27,65.35,65.27,141.0,920701.0,65.716
600779.SH,2022-12-02,0.0,65.3,65.35,65.27,146.0,953381.0,65.715
600779.SH,2022-12-02,0.0,65.52,65.52,65.32,240.0,1569800.0,65.714
600779.SH,2022-12-02,0.0,65.49,65.54,65.49,235.0,1539440.0,65.713
600779.SH,2022-12-02,0.0,65.42,65.49,65.41,77.0,503825.0,65.713
600779.SH,2022-12-02,0.0,65.47,65.47,65.41,195.0,1275820.0,65.712
600779.SH,2022-12-02,0.0,65.49,65.49,65.45,136.0,890276.0,65.712
600779.SH,2022-12-02,0.0,65.56,65.56,65.46,331.0,2167540.0,65.711
600779.SH,2022-12-02,0.0,65.71,65.75,65.57,479.0,3144460.0,65.71
600779.SH,2022-12-02,0.0,65.68,65.76,65.67,419.0,2753490.0,65.71
600779.SH,2022-12-02,0.0,65.61,65.68,65.61,189.0,1240280.0,65.71
600779.SH,2022-12-02,0.0,65.58,65.61,65.57,121.0,793618.0,65.71
600779.SH,2022-12-02,0.0,65.42,65.61,65.42,497.0,3258490.0,65.709
600779.SH,2022-12-02,0.0,65.45,65.49,65.41,166.0,1086200.0,65.708
600779.SH,2022-12-02,0.0,65.44,65.45,65.41,122.0,798245.0,65.708
600779.SH,2022-12-02,0.0,65.46,65.5,65.43,164.0,1073450.0,65.707
600779.SH,2022-12-02,0.0,65.44,65.49,65.43,164.0,1073420.0,65.707
600779.SH,2022-12-02,0.0,65.51,65.51,65.44,248.0,1623860.0,65.706
600779.SH,2022-12-02,0.0,65.55,65.58,65.5,350.0,2294000.0,65.705
600779.SH,2022-12-02,0.0,65.52,65.58,65.52,160.0,1048500.0,65.705
600779.SH,2022-12-02,0.0,65.51,65.52,65.5,165.0,1080840.0,65.704
600779.SH,2022-12-02,0.0,65.51,65.52,65.5,224.0,1467460.0,65.704
600779.SH,2022-12-02,0.0,65.47,65.51,65.44,253.0,1656450.0,65.703
600779.SH,2022-12-02,0.0,65.46,65.49,65.46,138.0,903523.0,65.703
600779.SH,2022-12-02,0.0,65.44,65.46,65.42,180.0,1177840.0,65.702
600779.SH,2022-12-02,0.0,65.43,65.45,65.43,148.0,968392.0,65.702
600779.SH,2022-12-02,0.0,65.45,65.45,65.42,180.0,1178650.0,65.701
600779.SH,2022-12-02,0.0,65.51,65.52,65.44,537.0,3517010.0,65.699
600779.SH,2022-12-02,0.0,65.56,65.58,65.51,294.0,1926720.0,65.699
600779.SH,2022-12-02,0.0,65.53,65.56,65.53,197.0,1291090.0,65.698
600779.SH,2022-12-02,0.0,65.53,65.55,65.52,180.0,1179530.0,65.698
600779.SH,2022-12-02,0.0,65.52,65.54,65.52,338.0,2214780.0,65.697
600779.SH,2022-12-02,0.0,65.51,65.54,65.5,272.0,1782100.0,65.696
600779.SH,2022-12-02,0.0,65.51,65.53,65.5,204.0,1336420.0,65.696
600779.SH,2022-12-02,0.0,65.54,65.54,65.51,425.0,2784750.0,65.695
600779.SH,2022-12-02,0.0,65.57,65.58,65.55,516.0,3382960.0,65.694
600779.SH,2022-12-02,0.0,65.58,65.59,65.56,397.0,2603060.0,65.694
600779.SH,2022-12-02,0.0,65.68,65.7,65.58,671.0,4405590.0,65.693
600779.SH,2022-12-02,0.0,65.74,65.75,65.69,554.0,3639690.0,65.693
600779.SH,2022-12-02,0.0,65.75,65.75,65.75,2.0,13150.0,65.693
600779.SH,2022-12-02,0.0,65.75,65.75,65.75,0.0,0.0,65.693
600779.SH,2022-12-02,0.0,65.73,65.73,65.73,803.0,5278120.0,65.693
600779.SH,2022-12-05,0.0,66.6,66.6,66.6,632.0,4209120.0,66.6
600779.SH,2022-12-05,0.0,66.88,66.99,66.51,2966.0,19807700.0,66.75
600779.SH,2022-12-05,0.0,66.77,66.87,66.71,1191.0,7954450.0,66.76
600779.SH,2022-12-05,0.0,66.6,66.65,66.6,1572.0,10474300.0,66.728
600779.SH,2022-12-05,0.0,66.5,66.6,66.5,985.0,6555110.0,66.704
600779.SH,2022-12-05,0.0,66.82,66.82,66.4,941.0,6269490.0,66.691
600779.SH,2022-12-05,0.0,66.7,66.88,66.7,998.0,6670430.0,66.707
600779.SH,2022-12-05,0.0,66.82,66.93,66.76,1404.0,9384720.0,66.725
600779.SH,2022-12-05,0.0,66.67,66.85,66.66,843.0,5626540.0,66.726
600779.SH,2022-12-05,0.0,66.49,66.69,66.49,417.0,2774180.0,66.722
600779.SH,2022-12-05,0.0,66.66,66.66,66.54,626.0,4171830.0,66.716
600779.SH,2022-12-05,0.0,66.2,66.62,66.18,1397.0,9279160.0,66.688
600779.SH,2022-12-05,0.0,66.36,66.36,66.21,908.0,6020840.0,66.665
600779.SH,2022-12-05,0.0,66.23,66.36,66.13,563.0,3730010.0,66.65
600779.SH,2022-12-05,0.0,66.27,66.3,66.22,592.0,3920230.0,66.636
600779.SH,2022-12-05,0.0,66.02,66.26,66.0,641.0,4240490.0,66.618
600779.SH,2022-12-05,0.0,65.96,66.02,65.91,758.0,5001400.0,66.59
600779.SH,2022-12-05,0.0,66.0,66.02,65.94,731.0,4822120.0,66.565
600779.SH,2022-12-05,0.0,66.01,66.01,65.96,663.0,4374750.0,66.544
600779.SH,2022-12-05,0.0,66.35,66.35,66.06,327.0,2164430.0,66.538
600779.SH,2022-12-05,0.0,66.23,66.36,66.23,639.0,4236810.0,66.531
600779.SH,2022-12-05,0.0,66.25,66.42,66.24,783.0,5194630.0,66.524
600779.SH,2022-12-05,0.0,66.16,66.36,66.16,298.0,1973660.0,66.519
600779.SH,2022-12-05,0.0,66.03,66.16,66.01,370.0,2443780.0,66.511
600779.SH,2022-12-05,0.0,66.2,66.25,66.01,434.0,2871880.0,66.504
600779.SH,2022-12-05,0.0,66.24,66.26,66.21,243.0,1609200.0,66.501
600779.SH,2022-12-05,0.0,66.18,66.3,66.18,637.0,4220710.0,66.494
600779.SH,2022-12-05,0.0,66.23,66.25,66.18,273.0,1807610.0,66.491
600779.SH,2022-12-05,0.0,66.12,66.21,66.12,388.0,2567090.0,66.486
600779.SH,2022-12-05,0.0,66.18,66.19,66.09,352.0,2327420.0,66.48
600779.SH,2022-12-05,0.0,66.16,66.19,66.16,271.0,1793360.0,66.477
600779.SH,2022-12-05,0.0,66.01,66.16,66.01,598.0,3948950.0,66.466
600779.SH,2022-12-05,0.0,66.16,66.22,66.0,420.0,2778240.0,66.46
600779.SH,2022-12-05,0.0,66.1,66.16,66.02,377.0,2491780.0,66.454
600779.SH,2022-12-05,0.0,66.33,66.33,66.05,626.0,4140480.0,66.447
600779.SH,2022-12-05,0.0,66.64,66.68,66.4,624.0,4153840.0,66.45
600779.SH,2022-12-05,0.0,66.51,66.64,66.5,382.0,2542610.0,66.451
600779.SH,2022-12-05,0.0,66.65,66.65,66.5,645.0,4294570.0,66.454
600779.SH,2022-12-05,0.0,66.59,66.65,66.56,537.0,3577600.0,66.458
600779.SH,2022-12-05,0.0,66.61,66.61,66.55,346.0,2303560.0,66.459
600779.SH,2022-12-05,0.0,66.72,66.72,66.61,730.0,4866980.0,66.464
600779.SH,2022-12-05,0.0,66.82,66.84,66.72,805.0,5376170.0,66.473
600779.SH,2022-12-05,0.0,67.04,67.05,66.84,1971.0,13197000.0,66.503
600779.SH,2022-12-05,0.0,67.29,67.3,67.08,1076.0,7230950.0,66.526
600779.SH,2022-12-05,0.0,67.22,67.35,67.21,1074.0,7225060.0,66.549
600779.SH,2022-12-05,0.0,67.07,67.21,67.07,639.0,4292720.0,66.561
600779.SH,2022-12-05,0.0,67.19,67.19,67.05,795.0,5335110.0,66.573
600779.SH,2022-12-05,0.0,67.13,67.2,67.11,628.0,4216500.0,66.583
600779.SH,2022-12-05,0.0,67.22,67.24,67.1,744.0,4997630.0,66.595
600779.SH,2022-12-05,0.0,67.32,67.33,67.25,914.0,6150090.0,66.612
600779.SH,2022-12-05,0.0,67.08,67.33,67.07,912.0,6133170.0,66.627
600779.SH,2022-12-05,0.0,66.9,67.02,66.9,591.0,3956300.0,66.631
600779.SH,2022-12-05,0.0,67.03,67.03,66.9,319.0,2135800.0,66.634
600779.SH,2022-12-05,0.0,67.08,67.08,67.0,386.0,2590760.0,66.638
600779.SH,2022-12-05,0.0,67.16,67.17,67.07,486.0,3262750.0,66.644
600779.SH,2022-12-05,0.0,67.05,67.15,67.05,292.0,1959780.0,66.647
600779.SH,2022-12-05,0.0,66.9,67.04,66.88,388.0,2594460.0,66.65
600779.SH,2022-12-05,0.0,66.82,66.9,66.82,361.0,2413490.0,66.652
600779.SH,2022-12-05,0.0,66.81,66.82,66.81,232.0,1550100.0,66.653
600779.SH,2022-12-05,0.0,66.87,66.88,66.81,219.0,1463770.0,66.654
600779.SH,2022-12-05,0.0,66.9,66.97,66.86,342.0,2287620.0,66.656
600779.SH,2022-12-05,0.0,66.79,66.97,66.74,592.0,3956430.0,66.658
600779.SH,2022-12-05,0.0,66.86,66.86,66.77,164.0,1095460.0,66.659
600779.SH,2022-12-05,0.0,66.8,66.85,66.79,135.0,901964.0,66.659
600779.SH,2022-12-05,0.0,66.75,66.83,66.67,494.0,3296970.0,66.66
600779.SH,2022-12-05,0.0,66.74,66.8,66.73,280.0,1869330.0,66.661
600779.SH,2022-12-05,0.0,66.8,66.8,66.74,249.0,1662010.0,66.661
600779.SH,2022-12-05,0.0,66.85,66.85,66.79,181.0,1209380.0,66.662
600779.SH,2022-12-05,0.0,66.85,66.94,66.82,360.0,2406560.0,66.663
600779.SH,2022-12-05,0.0,66.8,66.85,66.7,448.0,2991310.0,66.664
600779.SH,2022-12-05,0.0,66.83,66.83,66.8,223.0,1489840.0,66.665
600779.SH,2022-12-05,0.0,66.9,66.9,66.81,230.0,1537260.0,66.666
600779.SH,2022-12-05,0.0,66.84,66.93,66.82,313.0,2092400.0,66.667
600779.SH,2022-12-05,0.0,66.86,66.86,66.82,141.0,942403.0,66.668
600779.SH,2022-12-05,0.0,66.82,66.86,66.82,145.0,969223.0,66.668
600779.SH,2022-12-05,0.0,66.72,66.81,66.69,399.0,2662860.0,66.669
600779.SH,2022-12-05,0.0,66.73,66.74,66.71,117.0,780675.0,66.669
600779.SH,2022-12-05,0.0,66.74,66.8,66.73,368.0,2456740.0,66.67
600779.SH,2022-12-05,0.0,66.55,66.79,66.55,635.0,4234070.0,66.67
600779.SH,2022-12-05,0.0,66.59,66.6,66.51,501.0,3333800.0,66.669
600779.SH,2022-12-05,0.0,66.56,66.6,66.56,249.0,1657810.0,66.668
600779.SH,2022-12-05,0.0,66.54,66.57,66.53,289.0,1923460.0,66.667
600779.SH,2022-12-05,0.0,66.6,66.6,66.54,309.0,2056760.0,66.667
600779.SH,2022-12-05,0.0,66.64,66.66,66.6,144.0,959242.0,66.667
600779.SH,2022-12-05,0.0,66.6,66.69,66.6,187.0,1246100.0,66.666
600779.SH,2022-12-05,0.0,66.54,66.61,66.54,215.0,1431420.0,66.666
600779.SH,2022-12-05,0.0,66.7,66.7,66.53,326.0,2170110.0,66.665
600779.SH,2022-12-05,0.0,66.81,66.82,66.62,144.0,961248.0,66.666
600779.SH,2022-12-05,0.0,66.72,66.84,66.7,266.0,1775740.0,66.666
600779.SH,2022-12-05,0.0,66.72,66.73,66.7,117.0,780610.0,66.666
600779.SH,2022-12-05,0.0,66.6,66.72,66.6,163.0,1086520.0,66.666
600779.SH,2022-12-05,0.0,66.5,66.61,66.43,1023.0,6805980.0,66.664
600779.SH,2022-12-05,0.0,66.47,66.47,66.41,381.0,2531760.0,66.662
600779.SH,2022-12-05,0.0,66.5,66.5,66.41,421.0,2797700.0,66.66
600779.SH,2022-12-05,0.0,66.45,66.53,66.45,323.0,2147820.0,66.659
600779.SH,2022-12-05,0.0,66.4,66.45,66.4,277.0,1839790.0,66.658
600779.SH,2022-12-05,0.0,66.49,66.49,66.41,215.0,1428550.0,66.657
600779.SH,2022-12-05,0.0,66.48,66.49,66.46,168.0,1116890.0,66.657
600779.SH,2022-12-05,0.0,66.49,66.5,66.45,81.0,535913.0,66.656
600779.SH,2022-12-05,0.0,66.56,66.58,66.49,194.0,1290820.0,66.656
600779.SH,2022-12-05,0.0,66.49,66.55,66.49,170.0,1130660.0,66.655
600779.SH,2022-12-05,0.0,66.28,66.49,66.28,760.0,5049060.0,66.652
600779.SH,2022-12-05,0.0,66.45,66.45,66.27,330.0,2189330.0,66.65
600779.SH,2022-12-05,0.0,66.45,66.48,66.41,155.0,1027500.0,66.649
600779.SH,2022-12-05,0.0,66.48,66.48,66.44,69.0,458524.0,66.649
600779.SH,2022-12-05,0.0,66.55,66.55,66.45,49.0,325865.0,66.649
600779.SH,2022-12-05,0.0,66.5,66.55,66.5,94.0,625359.0,66.649
600779.SH,2022-12-05,0.0,66.43,66.5,66.42,216.0,1437440.0,66.648
600779.SH,2022-12-05,0.0,66.48,66.5,66.42,95.0,631575.0,66.648
600779.SH,2022-12-05,0.0,66.48,66.5,66.45,76.0,505219.0,66.648
600779.SH,2022-12-05,0.0,66.55,66.55,66.5,106.0,705225.0,66.647
600779.SH,2022-12-05,0.0,66.56,66.57,66.55,112.0,745413.0,66.647
600779.SH,2022-12-05,0.0,66.4,66.59,66.4,599.0,3982510.0,66.645
600779.SH,2022-12-05,0.0,66.4,66.43,66.4,210.0,1394500.0,66.645
600779.SH,2022-12-05,0.0,66.4,66.41,66.39,103.0,683932.0,66.644
600779.SH,2022-12-05,0.0,66.41,66.42,66.39,40.0,265622.0,66.644
600779.SH,2022-12-05,0.0,66.5,66.5,66.43,69.0,456224.0,66.644
600779.SH,2022-12-05,0.0,66.38,66.5,66.38,422.0,2804740.0,66.642
600779.SH,2022-12-05,0.0,66.42,66.44,66.39,64.0,425023.0,66.642
600779.SH,2022-12-05,0.0,66.51,66.6,66.42,201.0,1333310.0,66.642
600779.SH,2022-12-05,0.0,66.59,66.6,66.52,155.0,1031310.0,66.641
600779.SH,2022-12-05,0.0,66.13,66.6,66.13,1582.0,10503900.0,66.635
600779.SH,2022-12-05,0.0,66.01,66.1,66.01,685.0,4525740.0,66.629
600779.SH,2022-12-05,0.0,66.05,66.05,66.0,626.0,4132020.0,66.623
600779.SH,2022-12-05,0.0,65.94,66.15,65.91,919.0,6064670.0,66.613
600779.SH,2022-12-05,0.0,66.04,66.04,65.95,246.0,1624780.0,66.611
600779.SH,2022-12-05,0.0,66.09,66.1,66.03,389.0,2569530.0,66.607
600779.SH,2022-12-05,0.0,65.9,66.09,65.88,725.0,4780800.0,66.6
600779.SH,2022-12-05,0.0,66.05,66.06,65.89,408.0,2691780.0,66.596
600779.SH,2022-12-05,0.0,65.98,66.02,65.91,125.0,827718.0,66.594
600779.SH,2022-12-05,0.0,65.9,66.0,65.9,544.0,3584080.0,66.589
600779.SH,2022-12-05,0.0,65.78,65.9,65.78,553.0,3638900.0,66.582
600779.SH,2022-12-05,0.0,65.75,65.8,65.73,477.0,3137270.0,66.576
600779.SH,2022-12-05,0.0,65.75,65.75,65.73,240.0,1577860.0,66.573
600779.SH,2022-12-05,0.0,65.85,65.85,65.75,195.0,1282890.0,66.571
600779.SH,2022-12-05,0.0,65.88,65.88,65.79,255.0,1678400.0,66.568
600779.SH,2022-12-05,0.0,65.88,65.93,65.84,75.0,494237.0,66.567
600779.SH,2022-12-05,0.0,65.8,65.92,65.78,442.0,2909290.0,66.562
600779.SH,2022-12-05,0.0,65.85,65.88,65.8,85.0,558073.0,66.561
600779.SH,2022-12-05,0.0,65.94,65.94,65.85,408.0,2687760.0,66.557
600779.SH,2022-12-05,0.0,66.02,66.02,65.94,234.0,1544260.0,66.555
600779.SH,2022-12-05,0.0,65.99,66.01,65.96,130.0,857737.0,66.554
600779.SH,2022-12-05,0.0,65.95,66.0,65.9,238.0,1571350.0,66.552
600779.SH,2022-12-05,0.0,66.0,66.0,65.91,107.0,705423.0,66.551
600779.SH,2022-12-05,0.0,66.0,66.01,65.95,118.0,778750.0,66.55
600779.SH,2022-12-05,0.0,65.9,66.0,65.89,399.0,2630930.0,66.546
600779.SH,2022-12-05,0.0,65.98,65.98,65.88,115.0,758098.0,66.545
600779.SH,2022-12-05,0.0,65.89,65.98,65.85,442.0,2911860.0,66.541
600779.SH,2022-12-05,0.0,65.97,65.97,65.89,47.0,309912.0,66.541
600779.SH,2022-12-05,0.0,66.0,66.0,65.95,293.0,1932530.0,66.538
600779.SH,2022-12-05,0.0,66.01,66.02,65.99,118.0,778791.0,66.537
600779.SH,2022-12-05,0.0,66.02,66.05,66.01,113.0,746070.0,66.536
600779.SH,2022-12-05,0.0,66.19,66.21,66.0,329.0,2174350.0,66.534
600779.SH,2022-12-05,0.0,66.05,66.26,66.03,168.0,1110400.0,66.533
600779.SH,2022-12-05,0.0,66.05,66.08,66.05,130.0,858660.0,66.532
600779.SH,2022-12-05,0.0,66.04,66.09,66.02,77.0,508730.0,66.532
600779.SH,2022-12-05,0.0,66.06,66.1,66.03,164.0,1083390.0,66.531
600779.SH,2022-12-05,0.0,66.02,66.09,66.0,191.0,1261030.0,66.529
600779.SH,2022-12-05,0.0,66.06,66.1,66.01,105.0,693674.0,66.529
600779.SH,2022-12-05,0.0,66.16,66.16,66.06,530.0,3499180.0,66.525
600779.SH,2022-12-05,0.0,66.04,66.14,66.04,168.0,1110110.0,66.524
600779.SH,2022-12-05,0.0,66.12,66.12,66.05,137.0,905334.0,66.523
600779.SH,2022-12-05,0.0,66.19,66.2,66.12,71.0,469874.0,66.523
600779.SH,2022-12-05,0.0,66.22,66.25,66.2,193.0,1278000.0,66.522
600779.SH,2022-12-05,0.0,66.16,66.22,66.16,137.0,906886.0,66.522
600779.SH,2022-12-05,0.0,66.15,66.16,66.11,59.0,390238.0,66.521
600779.SH,2022-12-05,0.0,66.09,66.15,66.09,250.0,1652920.0,66.52
600779.SH,2022-12-05,0.0,66.03,66.09,66.01,202.0,1333970.0,66.518
600779.SH,2022-12-05,0.0,66.02,66.03,66.02,169.0,1115890.0,66.517
600779.SH,2022-12-05,0.0,66.08,66.08,66.02,74.0,488673.0,66.517
600779.SH,2022-12-05,0.0,66.15,66.15,66.08,61.0,403193.0,66.517
600779.SH,2022-12-05,0.0,66.11,66.15,66.1,85.0,561976.0,66.516
600779.SH,2022-12-05,0.0,66.08,66.11,66.07,117.0,773303.0,66.515
600779.SH,2022-12-05,0.0,66.04,66.09,66.04,82.0,541779.0,66.515
600779.SH,2022-12-05,0.0,66.03,66.03,66.0,312.0,2059490.0,66.513
600779.SH,2022-12-05,0.0,66.02,66.03,66.01,41.0,270662.0,66.512
600779.SH,2022-12-05,0.0,66.07,66.08,66.02,74.0,488778.0,66.512
600779.SH,2022-12-05,0.0,66.15,66.15,66.07,70.0,462665.0,66.512
600779.SH,2022-12-05,0.0,66.12,66.15,66.12,43.0,284392.0,66.511
600779.SH,2022-12-05,0.0,66.15,66.15,66.12,55.0,363743.0,66.511
600779.SH,2022-12-05,0.0,66.13,66.14,66.13,61.0,403437.0,66.511
600779.SH,2022-12-05,0.0,66.07,66.13,66.06,367.0,2426340.0,66.509
600779.SH,2022-12-05,0.0,66.07,66.07,66.05,42.0,277470.0,66.508
600779.SH,2022-12-05,0.0,66.06,66.07,66.05,115.0,759675.0,66.508
600779.SH,2022-12-05,0.0,66.0,66.06,65.99,350.0,2310400.0,66.505
600779.SH,2022-12-05,0.0,66.0,66.0,65.98,74.0,488333.0,66.505
600779.SH,2022-12-05,0.0,65.96,66.0,65.96,100.0,659852.0,66.504
600779.SH,2022-12-05,0.0,65.91,65.99,65.91,148.0,975937.0,66.503
600779.SH,2022-12-05,0.0,65.91,65.92,65.9,106.0,700413.0,66.502
600779.SH,2022-12-05,0.0,65.92,65.92,65.9,93.0,612963.0,66.502
600779.SH,2022-12-05,0.0,65.95,65.95,65.91,51.0,336243.0,66.501
600779.SH,2022-12-05,0.0,65.94,65.96,65.94,107.0,705694.0,66.5
600779.SH,2022-12-05,0.0,65.91,65.96,65.88,194.0,1276790.0,66.499
600779.SH,2022-12-05,0.0,65.95,65.96,65.91,171.0,1127130.0,66.498
600779.SH,2022-12-05,0.0,65.95,65.96,65.92,42.0,276987.0,66.497
600779.SH,2022-12-05,0.0,65.95,65.99,65.94,115.0,758586.0,66.496
600779.SH,2022-12-05,0.0,65.94,65.97,65.93,71.0,468217.0,66.496
600779.SH,2022-12-05,0.0,65.89,65.94,65.88,240.0,1581740.0,66.494
600779.SH,2022-12-05,0.0,65.91,65.91,65.88,49.0,322882.0,66.494
600779.SH,2022-12-05,0.0,65.92,65.92,65.9,53.0,349357.0,66.493
600779.SH,2022-12-05,0.0,65.92,65.92,65.89,178.0,1173020.0,66.492
600779.SH,2022-12-05,0.0,65.95,65.95,65.9,193.0,1272240.0,66.49
600779.SH,2022-12-05,0.0,65.89,65.95,65.89,145.0,955681.0,66.489
600779.SH,2022-12-05,0.0,65.88,65.9,65.88,170.0,1120030.0,66.488
600779.SH,2022-12-05,0.0,65.95,65.95,65.88,71.0,467959.0,66.487
600779.SH,2022-12-05,0.0,65.98,65.98,65.95,243.0,1603300.0,66.486
600779.SH,2022-12-05,0.0,66.04,66.04,65.97,171.0,1128730.0,66.485
600779.SH,2022-12-05,0.0,65.95,66.02,65.94,184.0,1213920.0,66.484
600779.SH,2022-12-05,0.0,65.98,65.99,65.94,88.0,580451.0,66.483
600779.SH,2022-12-05,0.0,65.97,65.99,65.96,178.0,1174340.0,66.482
600779.SH,2022-12-05,0.0,65.97,66.0,65.97,254.0,1675980.0,66.48
600779.SH,2022-12-05,0.0,65.97,65.99,65.97,110.0,725758.0,66.479
600779.SH,2022-12-05,0.0,66.0,66.0,65.95,229.0,1510830.0,66.478
600779.SH,2022-12-05,0.0,65.94,66.0,65.94,173.0,1141150.0,66.477
600779.SH,2022-12-05,0.0,65.86,65.97,65.85,533.0,3512010.0,66.473
600779.SH,2022-12-05,0.0,65.82,65.87,65.81,338.0,2225440.0,66.47
600779.SH,2022-12-05,0.0,65.86,65.86,65.83,96.0,632032.0,66.469
600779.SH,2022-12-05,0.0,65.83,65.88,65.82,356.0,2344100.0,66.467
600779.SH,2022-12-05,0.0,65.77,65.86,65.76,952.0,6264240.0,66.459
600779.SH,2022-12-05,0.0,65.82,65.83,65.76,234.0,1539280.0,66.457
600779.SH,2022-12-05,0.0,65.83,65.85,65.78,506.0,3330720.0,66.453
600779.SH,2022-12-05,0.0,65.83,65.84,65.78,246.0,1618760.0,66.451
600779.SH,2022-12-05,0.0,65.81,65.84,65.8,231.0,1520580.0,66.449
600779.SH,2022-12-05,0.0,65.78,65.81,65.76,461.0,3032890.0,66.445
600779.SH,2022-12-05,0.0,65.77,65.79,65.75,269.0,1769180.0,66.443
600779.SH,2022-12-05,0.0,65.76,65.78,65.75,303.0,1992810.0,66.441
600779.SH,2022-12-05,0.0,65.8,65.8,65.75,467.0,3071500.0,66.437
600779.SH,2022-12-05,0.0,65.75,65.8,65.75,480.0,3156620.0,66.433
600779.SH,2022-12-05,0.0,65.67,65.75,65.67,757.0,4975250.0,66.427
600779.SH,2022-12-05,0.0,65.7,65.7,65.57,654.0,4293110.0,66.421
600779.SH,2022-12-05,0.0,65.62,65.7,65.61,303.0,1989750.0,66.418
600779.SH,2022-12-05,0.0,65.64,65.65,65.61,213.0,1398080.0,66.416
600779.SH,2022-12-05,0.0,65.64,65.65,65.62,393.0,2579330.0,66.412
600779.SH,2022-12-05,0.0,65.68,65.7,65.62,747.0,4902260.0,66.406
600779.SH,2022-12-05,0.0,65.73,65.75,65.68,255.0,1672330.0,66.404
600779.SH,2022-12-05,0.0,65.81,65.81,65.7,449.0,2952100.0,66.4
600779.SH,2022-12-05,0.0,65.88,65.88,65.8,339.0,2231310.0,66.398
600779.SH,2022-12-05,0.0,65.97,65.97,65.84,625.0,4117330.0,66.395
600779.SH,2022-12-05,0.0,65.95,65.95,65.95,8.0,52764.0,66.395
600779.SH,2022-12-05,0.0,65.95,65.95,65.95,0.0,0.0,66.395
600779.SH,2022-12-05,0.0,65.98,65.98,65.98,744.0,4907130.0,66.391
600779.SH,2022-12-06,0.0,65.29,65.29,65.29,384.0,2507140.0,65.29
600779.SH,2022-12-06,0.0,65.33,65.39,65.16,1254.0,8181610.0,65.255
600779.SH,2022-12-06,0.0,65.67,65.8,65.34,561.0,3677850.0,65.332
600779.SH,2022-12-06,0.0,65.96,66.14,65.55,819.0,5386850.0,65.452
600779.SH,2022-12-06,0.0,65.68,65.89,65.58,735.0,4833010.0,65.511
600779.SH,2022-12-06,0.0,65.81,65.92,65.63,526.0,3456280.0,65.535
600779.SH,2022-12-06,0.0,65.99,65.99,65.83,443.0,2920640.0,65.572
600779.SH,2022-12-06,0.0,66.31,66.4,65.95,1075.0,7108970.0,65.676
600779.SH,2022-12-06,0.0,66.36,66.36,66.17,933.0,6182650.0,65.758
600779.SH,2022-12-06,0.0,66.59,66.6,66.35,946.0,6282430.0,65.838
600779.SH,2022-12-06,0.0,66.45,66.59,66.41,891.0,5928470.0,65.911
600779.SH,2022-12-06,0.0,66.7,66.7,66.43,1377.0,9172420.0,66.008
600779.SH,2022-12-06,0.0,67.34,67.35,66.77,1947.0,13045100.0,66.173
600779.SH,2022-12-06,0.0,67.4,67.49,67.34,2148.0,14481900.0,66.366
600779.SH,2022-12-06,0.0,67.07,67.38,67.07,1368.0,9196780.0,66.443
600779.SH,2022-12-06,0.0,67.2,67.2,67.08,1724.0,11569800.0,66.51
600779.SH,2022-12-06,0.0,67.45,67.48,67.17,1756.0,11829600.0,66.59
600779.SH,2022-12-06,0.0,67.5,67.5,67.41,2464.0,16628000.0,66.692
600779.SH,2022-12-06,0.0,67.8,67.81,67.52,1787.0,12098500.0,66.77
600779.SH,2022-12-06,0.0,67.76,67.87,67.76,1515.0,10274700.0,66.834
600779.SH,2022-12-06,0.0,67.6,67.75,67.54,1432.0,9685810.0,66.879
600779.SH,2022-12-06,0.0,67.69,67.75,67.58,1168.0,7903680.0,66.912
600779.SH,2022-12-06,0.0,67.78,67.79,67.66,1398.0,9466860.0,66.952
600779.SH,2022-12-06,0.0,67.95,67.98,67.8,1317.0,8941860.0,66.994
600779.SH,2022-12-06,0.0,67.93,67.99,67.91,1154.0,7841970.0,67.029
600779.SH,2022-12-06,0.0,67.89,67.91,67.88,1138.0,7725920.0,67.06
600779.SH,2022-12-06,0.0,67.84,67.89,67.82,807.0,5477720.0,67.08
600779.SH,2022-12-06,0.0,67.96,67.96,67.84,1321.0,8970600.0,67.112
600779.SH,2022-12-06,0.0,68.0,68.0,67.96,1447.0,9837620.0,67.147
600779.SH,2022-12-06,0.0,67.72,67.99,67.72,671.0,4555710.0,67.161
600779.SH,2022-12-06,0.0,67.56,67.73,67.56,234.0,1582620.0,67.164
600779.SH,2022-12-06,0.0,67.56,67.56,67.56,0.0,0.0,67.164
600779.SH,2022-12-06,0.0,67.56,67.56,67.56,0.0,0.0,67.164
600779.SH,2022-12-06,0.0,67.51,67.56,67.51,474.0,3201930.0,67.169
600779.SH,2022-12-06,0.0,67.41,67.5,67.37,534.0,3600220.0,67.172
600779.SH,2022-12-06,0.0,67.58,67.58,67.4,340.0,2294760.0,67.175
600779.SH,2022-12-06,0.0,67.76,67.76,67.6,436.0,2949480.0,67.18
600779.SH,2022-12-06,0.0,68.1,68.1,67.8,2247.0,15276600.0,67.225
600779.SH,2022-12-06,0.0,68.47,68.49,68.1,1221.0,8337000.0,67.255
600779.SH,2022-12-06,0.0,68.38,68.49,68.35,1335.0,9137990.0,67.292
600779.SH,2022-12-06,0.0,68.34,68.36,68.34,756.0,5167030.0,67.31
600779.SH,2022-12-06,0.0,68.4,68.4,68.3,1115.0,7621870.0,67.336
600779.SH,2022-12-06,0.0,68.65,68.66,68.4,1872.0,12824000.0,67.383
600779.SH,2022-12-06,0.0,68.87,68.87,68.65,958.0,6585790.0,67.41
600779.SH,2022-12-06,0.0,68.84,68.88,68.76,1812.0,12472400.0,67.462
600779.SH,2022-12-06,0.0,68.86,68.86,68.83,1167.0,8034230.0,67.493
600779.SH,2022-12-06,0.0,69.17,69.17,68.86,2189.0,15097200.0,67.554
600779.SH,2022-12-06,0.0,69.57,69.6,69.21,1976.0,13726800.0,67.623
600779.SH,2022-12-06,0.0,69.15,69.51,69.11,2336.0,16199600.0,67.693
600779.SH,2022-12-06,0.0,69.6,69.6,69.15,2047.0,14212000.0,67.752
600779.SH,2022-12-06,0.0,70.14,70.14,69.6,4071.0,28455400.0,67.89
600779.SH,2022-12-06,0.0,69.74,70.15,69.7,3447.0,24093500.0,67.993
600779.SH,2022-12-06,0.0,69.99,70.0,69.79,1402.0,9801220.0,68.032
600779.SH,2022-12-06,0.0,70.04,70.1,70.0,1918.0,13436600.0,68.087
600779.SH,2022-12-06,0.0,70.01,70.09,70.01,1765.0,12362000.0,68.135
600779.SH,2022-12-06,0.0,70.03,70.08,70.01,1841.0,12899100.0,68.183
600779.SH,2022-12-06,0.0,70.07,70.08,69.8,2506.0,17538000.0,68.242
600779.SH,2022-12-06,0.0,70.07,70.09,70.04,1393.0,9761560.0,68.275
600779.SH,2022-12-06,0.0,70.15,70.15,70.06,1716.0,12027800.0,68.314
600779.SH,2022-12-06,0.0,70.4,70.4,70.15,1394.0,9791170.0,68.347
600779.SH,2022-12-06,0.0,70.8,70.8,70.44,2591.0,18284200.0,68.416
600779.SH,2022-12-06,0.0,70.49,70.89,70.49,2254.0,15946100.0,68.477
600779.SH,2022-12-06,0.0,70.01,70.48,70.01,1330.0,9339520.0,68.504
600779.SH,2022-12-06,0.0,70.32,70.32,70.01,1488.0,10431200.0,68.531
600779.SH,2022-12-06,0.0,70.24,70.39,70.2,1147.0,8063550.0,68.553
600779.SH,2022-12-06,0.0,70.16,70.22,70.16,1152.0,8086230.0,68.574
600779.SH,2022-12-06,0.0,70.1,70.16,70.09,1024.0,7180760.0,68.591
600779.SH,2022-12-06,0.0,70.2,70.2,70.11,1067.0,7486670.0,68.609
600779.SH,2022-12-06,0.0,70.17,70.25,70.17,1053.0,7394280.0,68.627
600779.SH,2022-12-06,0.0,69.99,70.17,69.99,752.0,5269950.0,68.639
600779.SH,2022-12-06,0.0,69.51,69.98,69.51,643.0,4485510.0,68.646
600779.SH,2022-12-06,0.0,69.45,69.52,69.4,1104.0,7667020.0,68.655
600779.SH,2022-12-06,0.0,69.66,69.69,69.45,526.0,3660580.0,68.66
600779.SH,2022-12-06,0.0,69.77,69.77,69.66,631.0,4397280.0,68.667
600779.SH,2022-12-06,0.0,69.88,69.88,69.73,214.0,1494180.0,68.67
600779.SH,2022-12-06,0.0,70.0,70.0,69.86,808.0,5652580.0,68.68
600779.SH,2022-12-06,0.0,69.8,70.01,69.8,642.0,4490220.0,68.688
600779.SH,2022-12-06,0.0,69.53,69.79,69.51,240.0,1670780.0,68.691
600779.SH,2022-12-06,0.0,69.49,69.53,69.44,681.0,4731340.0,68.696
600779.SH,2022-12-06,0.0,69.53,69.53,69.5,710.0,4934920.0,68.702
600779.SH,2022-12-06,0.0,69.62,69.62,69.53,338.0,2351790.0,68.705
600779.SH,2022-12-06,0.0,69.49,69.62,69.49,352.0,2448520.0,68.707
600779.SH,2022-12-06,0.0,69.2,69.49,69.2,581.0,4031880.0,68.711
600779.SH,2022-12-06,0.0,69.0,69.18,69.0,968.0,6682240.0,68.714
600779.SH,2022-12-06,0.0,69.2,69.2,69.01,828.0,5718570.0,68.717
600779.SH,2022-12-06,0.0,69.3,69.3,69.19,201.0,1392210.0,68.718
600779.SH,2022-12-06,0.0,69.3,69.35,69.26,320.0,2217530.0,68.72
600779.SH,2022-12-06,0.0,69.33,69.34,69.28,591.0,4096300.0,68.723
600779.SH,2022-12-06,0.0,69.31,69.35,69.3,547.0,3792240.0,68.726
600779.SH,2022-12-06,0.0,69.31,69.34,69.3,296.0,2051840.0,68.728
600779.SH,2022-12-06,0.0,69.14,69.35,69.11,401.0,2777860.0,68.73
600779.SH,2022-12-06,0.0,68.98,69.07,68.95,590.0,4071470.0,68.732
600779.SH,2022-12-06,0.0,69.0,69.03,68.93,487.0,3358760.0,68.733
600779.SH,2022-12-06,0.0,69.01,69.04,69.0,690.0,4761220.0,68.734
600779.SH,2022-12-06,0.0,69.0,69.01,68.97,307.0,2118250.0,68.735
600779.SH,2022-12-06,0.0,69.04,69.04,68.97,309.0,2132080.0,68.736
600779.SH,2022-12-06,0.0,69.01,69.04,69.0,262.0,1808340.0,68.737
600779.SH,2022-12-06,0.0,69.15,69.15,69.01,339.0,2341330.0,68.738
600779.SH,2022-12-06,0.0,69.16,69.22,69.15,267.0,1847210.0,68.739
600779.SH,2022-12-06,0.0,69.29,69.29,69.17,437.0,3028690.0,68.741
600779.SH,2022-12-06,0.0,69.3,69.31,69.27,424.0,2935790.0,68.743
600779.SH,2022-12-06,0.0,69.1,69.32,69.1,479.0,3315090.0,68.745
600779.SH,2022-12-06,0.0,69.08,69.1,69.07,249.0,1720230.0,68.746
600779.SH,2022-12-06,0.0,69.09,69.09,69.06,154.0,1063740.0,68.746
600779.SH,2022-12-06,0.0,69.13,69.15,69.08,144.0,992042.0,68.747
600779.SH,2022-12-06,0.0,69.06,69.15,69.06,235.0,1627110.0,68.747
600779.SH,2022-12-06,0.0,69.14,69.14,69.06,200.0,1381940.0,68.748
600779.SH,2022-12-06,0.0,69.16,69.16,69.09,204.0,1410540.0,68.749
600779.SH,2022-12-06,0.0,69.11,69.15,69.06,209.0,1444440.0,68.749
600779.SH,2022-12-06,0.0,69.1,69.11,69.06,133.0,918875.0,68.75
600779.SH,2022-12-06,0.0,69.0,69.11,69.0,509.0,3514000.0,68.751
600779.SH,2022-12-06,0.0,68.96,69.0,68.96,298.0,2055880.0,68.752
600779.SH,2022-12-06,0.0,68.87,68.96,68.87,307.0,2115760.0,68.752
600779.SH,2022-12-06,0.0,68.78,68.87,68.77,310.0,2133100.0,68.752
600779.SH,2022-12-06,0.0,68.68,68.77,68.68,244.0,1676840.0,68.752
600779.SH,2022-12-06,0.0,68.98,68.98,68.68,551.0,3790000.0,68.752
600779.SH,2022-12-06,0.0,69.2,69.3,68.99,451.0,3118460.0,68.754
600779.SH,2022-12-06,0.0,69.2,69.5,69.02,469.0,3249720.0,68.756
600779.SH,2022-12-06,0.0,69.1,69.29,69.06,220.0,1522580.0,68.757
600779.SH,2022-12-06,0.0,69.23,69.27,69.0,252.0,1741380.0,68.758
600779.SH,2022-12-06,0.0,69.21,69.23,69.0,153.0,1057570.0,68.758
600779.SH,2022-12-06,0.0,68.95,69.21,68.8,1280.0,8840340.0,68.762
600779.SH,2022-12-06,0.0,68.69,68.89,68.69,472.0,3246590.0,68.762
600779.SH,2022-12-06,0.0,68.66,68.7,68.59,505.0,3465270.0,68.761
600779.SH,2022-12-06,0.0,68.58,68.68,68.58,306.0,2099460.0,68.761
600779.SH,2022-12-06,0.0,68.62,68.65,68.56,285.0,1954660.0,68.76
600779.SH,2022-12-06,0.0,68.58,68.62,68.57,293.0,2009730.0,68.76
600779.SH,2022-12-06,0.0,68.45,68.62,68.45,519.0,3556380.0,68.759
600779.SH,2022-12-06,0.0,68.39,68.46,68.36,306.0,2093370.0,68.758
600779.SH,2022-12-06,0.0,68.34,68.39,68.32,247.0,1688230.0,68.757
600779.SH,2022-12-06,0.0,68.32,68.35,68.32,345.0,2357450.0,68.756
600779.SH,2022-12-06,0.0,68.3,68.32,68.25,353.0,2410840.0,68.755
600779.SH,2022-12-06,0.0,68.22,68.32,68.22,703.0,4798900.0,68.752
600779.SH,2022-12-06,0.0,68.35,68.35,68.25,172.0,1175320.0,68.751
600779.SH,2022-12-06,0.0,68.41,68.41,68.35,237.0,1620860.0,68.75
600779.SH,2022-12-06,0.0,68.5,68.5,68.44,266.0,1821270.0,68.75
600779.SH,2022-12-06,0.0,68.46,68.5,68.45,238.0,1629940.0,68.749
600779.SH,2022-12-06,0.0,68.46,68.48,68.46,265.0,1814430.0,68.749
600779.SH,2022-12-06,0.0,68.49,68.49,68.46,284.0,1944670.0,68.748
600779.SH,2022-12-06,0.0,68.47,68.47,68.46,253.0,1732510.0,68.747
600779.SH,2022-12-06,0.0,68.46,68.48,68.46,96.0,657276.0,68.747
600779.SH,2022-12-06,0.0,68.48,68.5,68.46,270.0,1846120.0,68.747
600779.SH,2022-12-06,0.0,68.52,68.52,68.47,195.0,1332300.0,68.746
600779.SH,2022-12-06,0.0,68.64,68.64,68.52,159.0,1091100.0,68.746
600779.SH,2022-12-06,0.0,68.67,68.68,68.64,185.0,1270280.0,68.746
600779.SH,2022-12-06,0.0,68.64,68.67,68.63,129.0,885492.0,68.746
600779.SH,2022-12-06,0.0,68.61,68.65,68.58,393.0,2696560.0,68.745
600779.SH,2022-12-06,0.0,68.49,68.58,68.48,235.0,1612880.0,68.745
600779.SH,2022-12-06,0.0,68.48,68.49,68.47,144.0,986131.0,68.745
600779.SH,2022-12-06,0.0,68.41,68.48,68.41,226.0,1546890.0,68.744
600779.SH,2022-12-06,0.0,68.39,68.41,68.39,138.0,943969.0,68.744
600779.SH,2022-12-06,0.0,68.36,68.39,68.31,115.0,786002.0,68.743
600779.SH,2022-12-06,0.0,68.31,68.37,68.31,133.0,908877.0,68.743
600779.SH,2022-12-06,0.0,68.26,68.3,68.25,206.0,1406580.0,68.742
600779.SH,2022-12-06,0.0,68.21,68.25,68.21,233.0,1589810.0,68.741
600779.SH,2022-12-06,0.0,68.1,68.21,68.1,200.0,1363420.0,68.74
600779.SH,2022-12-06,0.0,68.14,68.16,68.1,301.0,2050380.0,68.739
600779.SH,2022-12-06,0.0,68.2,68.25,68.14,227.0,1547980.0,68.738
600779.SH,2022-12-06,0.0,68.3,68.3,68.2,165.0,1126360.0,68.737
600779.SH,2022-12-06,0.0,68.33,68.33,68.3,150.0,1024620.0,68.737
600779.SH,2022-12-06,0.0,68.34,68.35,68.31,83.0,567192.0,68.737
600779.SH,2022-12-06,0.0,68.31,68.34,68.31,143.0,976998.0,68.736
600779.SH,2022-12-06,0.0,68.37,68.37,68.29,166.0,1133990.0,68.736
600779.SH,2022-12-06,0.0,68.39,68.4,68.35,118.0,807012.0,68.735
600779.SH,2022-12-06,0.0,68.49,68.49,68.39,132.0,903560.0,68.735
600779.SH,2022-12-06,0.0,68.58,68.58,68.5,222.0,1521560.0,68.735
600779.SH,2022-12-06,0.0,68.6,68.6,68.56,168.0,1152200.0,68.734
600779.SH,2022-12-06,0.0,68.6,68.62,68.6,165.0,1132060.0,68.734
600779.SH,2022-12-06,0.0,68.62,68.62,68.6,102.0,699774.0,68.734
600779.SH,2022-12-06,0.0,68.83,68.84,68.6,881.0,6058640.0,68.734
600779.SH,2022-12-06,0.0,68.69,68.82,68.62,269.0,1849740.0,68.735
600779.SH,2022-12-06,0.0,68.64,68.69,68.63,124.0,851641.0,68.734
600779.SH,2022-12-06,0.0,68.6,68.65,68.6,103.0,706834.0,68.734
600779.SH,2022-12-06,0.0,68.58,68.61,68.58,211.0,1447370.0,68.734
600779.SH,2022-12-06,0.0,68.5,68.58,68.5,59.0,404415.0,68.734
600779.SH,2022-12-06,0.0,68.52,68.53,68.5,90.0,616654.0,68.734
600779.SH,2022-12-06,0.0,68.56,68.56,68.52,73.0,500420.0,68.734
600779.SH,2022-12-06,0.0,68.56,68.56,68.55,144.0,987235.0,68.734
600779.SH,2022-12-06,0.0,68.6,68.6,68.56,121.0,829638.0,68.733
600779.SH,2022-12-06,0.0,68.63,68.65,68.6,120.0,823306.0,68.733
600779.SH,2022-12-06,0.0,68.65,68.67,68.62,158.0,1084550.0,68.733
600779.SH,2022-12-06,0.0,68.7,68.75,68.65,271.0,1861500.0,68.733
600779.SH,2022-12-06,0.0,68.68,68.7,68.63,162.0,1112320.0,68.733
600779.SH,2022-12-06,0.0,68.64,68.68,68.63,97.0,665936.0,68.733
600779.SH,2022-12-06,0.0,68.5,68.64,68.5,250.0,1714460.0,68.733
600779.SH,2022-12-06,0.0,68.44,68.5,68.44,176.0,1205260.0,68.732
600779.SH,2022-12-06,0.0,68.44,68.44,68.41,101.0,691060.0,68.732
600779.SH,2022-12-06,0.0,68.45,68.46,68.42,113.0,773429.0,68.732
600779.SH,2022-12-06,0.0,68.41,68.44,68.41,153.0,1046860.0,68.732
600779.SH,2022-12-06,0.0,68.35,68.42,68.35,276.0,1887420.0,68.731
600779.SH,2022-12-06,0.0,68.32,68.35,68.32,88.0,601276.0,68.731
600779.SH,2022-12-06,0.0,68.31,68.34,68.3,162.0,1106720.0,68.73
600779.SH,2022-12-06,0.0,68.34,68.34,68.31,103.0,703807.0,68.73
600779.SH,2022-12-06,0.0,68.4,68.4,68.34,81.0,553861.0,68.73
600779.SH,2022-12-06,0.0,68.46,68.46,68.4,75.0,513119.0,68.729
600779.SH,2022-12-06,0.0,68.46,68.46,68.41,106.0,725365.0,68.729
600779.SH,2022-12-06,0.0,68.5,68.5,68.44,150.0,1027130.0,68.729
600779.SH,2022-12-06,0.0,68.44,68.49,68.43,240.0,1643550.0,68.728
600779.SH,2022-12-06,0.0,68.38,68.43,68.38,180.0,1231330.0,68.728
600779.SH,2022-12-06,0.0,68.37,68.39,68.36,148.0,1011970.0,68.728
600779.SH,2022-12-06,0.0,68.38,68.4,68.37,255.0,1743580.0,68.727
600779.SH,2022-12-06,0.0,68.4,68.4,68.38,112.0,765980.0,68.727
600779.SH,2022-12-06,0.0,68.4,68.41,68.38,142.0,971256.0,68.726
600779.SH,2022-12-06,0.0,68.38,68.4,68.38,153.0,1046260.0,68.726
600779.SH,2022-12-06,0.0,68.36,68.39,68.35,157.0,1073320.0,68.725
600779.SH,2022-12-06,0.0,68.33,68.35,68.33,118.0,806403.0,68.725
600779.SH,2022-12-06,0.0,68.36,68.36,68.34,133.0,909033.0,68.725
600779.SH,2022-12-06,0.0,68.36,68.37,68.35,107.0,731508.0,68.724
600779.SH,2022-12-06,0.0,68.38,68.38,68.36,83.0,567453.0,68.724
600779.SH,2022-12-06,0.0,68.39,68.39,68.37,81.0,553870.0,68.724
600779.SH,2022-12-06,0.0,68.41,68.41,68.38,183.0,1251670.0,68.724
600779.SH,2022-12-06,0.0,68.44,68.44,68.39,142.0,971842.0,68.723
600779.SH,2022-12-06,0.0,68.42,68.48,68.42,105.0,718749.0,68.723
600779.SH,2022-12-06,0.0,68.45,68.47,68.43,52.0,355937.0,68.723
600779.SH,2022-12-06,0.0,68.41,68.44,68.39,226.0,1546330.0,68.722
600779.SH,2022-12-06,0.0,68.39,68.43,68.39,461.0,3153230.0,68.721
600779.SH,2022-12-06,0.0,68.39,68.4,68.35,509.0,3480550.0,68.72
600779.SH,2022-12-06,0.0,68.45,68.45,68.38,238.0,1627910.0,68.72
600779.SH,2022-12-06,0.0,68.45,68.46,68.41,256.0,1751820.0,68.719
600779.SH,2022-12-06,0.0,68.45,68.48,68.44,357.0,2443570.0,68.718
600779.SH,2022-12-06,0.0,68.41,68.48,68.39,329.0,2250930.0,68.718
600779.SH,2022-12-06,0.0,68.47,68.47,68.39,366.0,2504500.0,68.717
600779.SH,2022-12-06,0.0,68.47,68.48,68.42,237.0,1622840.0,68.716
600779.SH,2022-12-06,0.0,68.42,68.47,68.42,499.0,3415450.0,68.715
600779.SH,2022-12-06,0.0,68.42,68.44,68.41,284.0,1943250.0,68.715
600779.SH,2022-12-06,0.0,68.35,68.42,68.35,732.0,5005830.0,68.713
600779.SH,2022-12-06,0.0,68.28,68.36,68.27,613.0,4188460.0,68.711
600779.SH,2022-12-06,0.0,68.2,68.27,68.19,395.0,2694180.0,68.71
600779.SH,2022-12-06,0.0,68.19,68.21,68.18,433.0,2952670.0,68.709
600779.SH,2022-12-06,0.0,68.17,68.19,68.15,553.0,3770340.0,68.706
600779.SH,2022-12-06,0.0,68.17,68.19,68.17,325.0,2215740.0,68.705
600779.SH,2022-12-06,0.0,68.23,68.23,68.17,844.0,5756210.0,68.702
600779.SH,2022-12-06,0.0,68.27,68.3,68.23,365.0,2491570.0,68.701
600779.SH,2022-12-06,0.0,68.3,68.3,68.26,440.0,3004450.0,68.7
600779.SH,2022-12-06,0.0,68.36,68.36,68.28,341.0,2329280.0,68.699
600779.SH,2022-12-06,0.0,68.43,68.45,68.36,370.0,2531080.0,68.698
600779.SH,2022-12-06,0.0,68.5,68.5,68.43,914.0,6257170.0,68.697
600779.SH,2022-12-06,0.0,68.55,68.55,68.49,398.0,2726970.0,68.696
600779.SH,2022-12-06,0.0,68.57,68.57,68.57,3.0,20571.0,68.696
600779.SH,2022-12-06,0.0,68.57,68.57,68.57,0.0,0.0,68.696
600779.SH,2022-12-06,0.0,68.58,68.58,68.58,860.0,5897880.0,68.696
600779.SH,2022-12-07,0.0,68.48,68.48,68.48,569.0,3896510.0,68.48
600779.SH,2022-12-07,0.0,68.01,68.5,68.01,2137.0,14585900.0,68.302
600779.SH,2022-12-07,0.0,67.77,68.01,67.76,1591.0,10800300.0,68.143
600779.SH,2022-12-07,0.0,68.3,68.4,67.72,1657.0,11271500.0,68.11
600779.SH,2022-12-07,0.0,67.99,68.21,67.92,1229.0,8363070.0,68.099
600779.SH,2022-12-07,0.0,68.47,68.47,67.99,530.0,3613970.0,68.105
600779.SH,2022-12-07,0.0,68.3,68.47,68.3,953.0,6514920.0,68.134
600779.SH,2022-12-07,0.0,68.02,68.3,68.0,599.0,4078460.0,68.131
600779.SH,2022-12-07,0.0,68.25,68.3,68.01,510.0,3478550.0,68.135
600779.SH,2022-12-07,0.0,68.22,68.29,68.2,608.0,4147780.0,68.14
600779.SH,2022-12-07,0.0,68.7,68.7,68.22,469.0,3210190.0,68.153
600779.SH,2022-12-07,0.0,68.84,68.95,68.72,1703.0,11719500.0,68.243
600779.SH,2022-12-07,0.0,69.17,69.34,68.88,1208.0,8345280.0,68.317
600779.SH,2022-12-07,0.0,68.78,69.19,68.77,1274.0,8793930.0,68.377
600779.SH,2022-12-07,0.0,68.6,68.79,68.6,897.0,6163440.0,68.396
600779.SH,2022-12-07,0.0,68.72,68.75,68.6,530.0,3640300.0,68.405
600779.SH,2022-12-07,0.0,68.92,69.02,68.7,737.0,5076010.0,68.425
600779.SH,2022-12-07,0.0,68.47,68.95,68.4,1081.0,7421060.0,68.438
600779.SH,2022-12-07,0.0,68.38,68.47,68.3,901.0,6158110.0,68.434
600779.SH,2022-12-07,0.0,68.35,68.55,68.35,527.0,3604190.0,68.433
600779.SH,2022-12-07,0.0,68.31,68.5,68.29,702.0,4797180.0,68.43
600779.SH,2022-12-07,0.0,68.47,68.47,68.32,148.0,1012300.0,68.429
600779.SH,2022-12-07,0.0,68.35,68.55,68.35,582.0,3984650.0,68.43
600779.SH,2022-12-07,0.0,68.42,68.44,68.27,545.0,3723640.0,68.428
600779.SH,2022-12-07,0.0,68.25,68.4,68.25,418.0,2854820.0,68.425
600779.SH,2022-12-07,0.0,68.16,68.3,68.16,515.0,3513350.0,68.421
600779.SH,2022-12-07,0.0,68.29,68.5,68.12,393.0,2682770.0,68.418
600779.SH,2022-12-07,0.0,68.18,68.3,68.18,390.0,2662370.0,68.415
600779.SH,2022-12-07,0.0,68.5,68.5,68.17,455.0,3106330.0,68.413
600779.SH,2022-12-07,0.0,68.61,68.63,68.46,384.0,2632350.0,68.415
600779.SH,2022-12-07,0.0,68.8,68.8,68.62,380.0,2611220.0,68.42
600779.SH,2022-12-07,0.0,68.5,68.8,68.46,550.0,3773610.0,68.424
600779.SH,2022-12-07,0.0,68.71,68.71,68.5,399.0,2739480.0,68.427
600779.SH,2022-12-07,0.0,68.65,68.71,68.6,391.0,2685020.0,68.431
600779.SH,2022-12-07,0.0,68.85,68.88,68.77,537.0,3700490.0,68.439
600779.SH,2022-12-07,0.0,68.69,68.85,68.6,387.0,2659110.0,68.443
600779.SH,2022-12-07,0.0,68.52,68.69,68.52,304.0,2085520.0,68.445
600779.SH,2022-12-07,0.0,68.47,68.52,68.45,495.0,3390330.0,68.446
600779.SH,2022-12-07,0.0,68.35,68.47,68.32,406.0,2775420.0,68.445
600779.SH,2022-12-07,0.0,68.41,68.44,68.33,853.0,5828280.0,68.44
600779.SH,2022-12-07,0.0,68.39,68.41,68.3,245.0,1674810.0,68.439
600779.SH,2022-12-07,0.0,68.56,68.6,68.34,206.0,1409780.0,68.439
600779.SH,2022-12-07,0.0,68.57,68.61,68.56,203.0,1392340.0,68.44
600779.SH,2022-12-07,0.0,68.5,68.58,68.5,127.0,870376.0,68.441
600779.SH,2022-12-07,0.0,68.46,68.51,68.43,219.0,1499880.0,68.441
600779.SH,2022-12-07,0.0,68.42,68.46,68.39,385.0,2634080.0,68.441
600779.SH,2022-12-07,0.0,68.46,68.5,68.39,250.0,1710220.0,68.441
600779.SH,2022-12-07,0.0,68.65,68.65,68.49,377.0,2585420.0,68.443
600779.SH,2022-12-07,0.0,68.61,68.69,68.6,343.0,2354950.0,68.445
600779.SH,2022-12-07,0.0,68.68,68.68,68.61,265.0,1819360.0,68.447
600779.SH,2022-12-07,0.0,68.66,68.68,68.65,400.0,2746730.0,68.449
600779.SH,2022-12-07,0.0,68.72,68.72,68.64,361.0,2479270.0,68.452
600779.SH,2022-12-07,0.0,68.87,68.87,68.75,607.0,4178490.0,68.459
600779.SH,2022-12-07,0.0,68.93,69.0,68.88,756.0,5212980.0,68.47
600779.SH,2022-12-07,0.0,69.2,69.2,68.96,609.0,4205160.0,68.481
600779.SH,2022-12-07,0.0,68.8,69.01,68.8,484.0,3334970.0,68.486
600779.SH,2022-12-07,0.0,68.82,68.82,68.75,197.0,1355080.0,68.488
600779.SH,2022-12-07,0.0,68.63,68.81,68.61,330.0,2268080.0,68.49
600779.SH,2022-12-07,0.0,68.71,68.71,68.62,173.0,1187930.0,68.491
600779.SH,2022-12-07,0.0,68.87,68.87,68.71,155.0,1066620.0,68.493
600779.SH,2022-12-07,0.0,68.96,68.99,68.87,179.0,1233940.0,68.495
600779.SH,2022-12-07,0.0,68.8,68.9,68.71,251.0,1726800.0,68.497
600779.SH,2022-12-07,0.0,68.84,68.84,68.73,143.0,983314.0,68.498
600779.SH,2022-12-07,0.0,68.8,68.9,68.8,197.0,1356670.0,68.5
600779.SH,2022-12-07,0.0,68.72,68.8,68.7,380.0,2612130.0,68.502
600779.SH,2022-12-07,0.0,68.66,68.68,68.63,267.0,1833550.0,68.504
600779.SH,2022-12-07,0.0,68.87,68.89,68.64,299.0,2058840.0,68.506
600779.SH,2022-12-07,0.0,68.8,68.87,68.75,171.0,1176280.0,68.507
600779.SH,2022-12-07,0.0,68.79,68.79,68.75,224.0,1540100.0,68.508
600779.SH,2022-12-07,0.0,68.68,68.78,68.68,101.0,694088.0,68.509
600779.SH,2022-12-07,0.0,68.75,68.85,68.68,204.0,1403590.0,68.511
600779.SH,2022-12-07,0.0,68.72,68.75,68.72,123.0,845450.0,68.511
600779.SH,2022-12-07,0.0,68.68,68.72,68.68,125.0,858730.0,68.512
600779.SH,2022-12-07,0.0,68.68,68.7,68.67,92.0,631820.0,68.512
600779.SH,2022-12-07,0.0,68.74,68.79,68.68,205.0,1408760.0,68.513
600779.SH,2022-12-07,0.0,68.76,68.8,68.75,175.0,1205880.0,68.515
600779.SH,2022-12-07,0.0,68.77,68.79,68.75,121.0,832018.0,68.515
600779.SH,2022-12-07,0.0,68.69,68.77,68.67,199.0,1364640.0,68.516
600779.SH,2022-12-07,0.0,68.68,68.69,68.66,87.0,597396.0,68.517
600779.SH,2022-12-07,0.0,68.67,68.68,68.65,138.0,947609.0,68.517
600779.SH,2022-12-07,0.0,68.68,68.68,68.67,93.0,638650.0,68.518
600779.SH,2022-12-07,0.0,68.7,68.72,68.68,129.0,886188.0,68.518
600779.SH,2022-12-07,0.0,68.72,68.72,68.68,213.0,1463610.0,68.519
600779.SH,2022-12-07,0.0,68.85,68.85,68.72,300.0,2063600.0,68.521
600779.SH,2022-12-07,0.0,69.03,69.03,68.84,663.0,4571620.0,68.528
600779.SH,2022-12-07,0.0,69.14,69.15,69.02,471.0,3255520.0,68.535
600779.SH,2022-12-07,0.0,69.02,69.15,69.02,394.0,2723590.0,68.541
600779.SH,2022-12-07,0.0,68.95,69.03,68.88,111.0,765130.0,68.542
600779.SH,2022-12-07,0.0,68.95,68.95,68.9,147.0,1013040.0,68.543
600779.SH,2022-12-07,0.0,68.88,69.0,68.88,157.0,1082130.0,68.544
600779.SH,2022-12-07,0.0,68.88,68.88,68.84,85.0,585330.0,68.545
600779.SH,2022-12-07,0.0,69.06,69.06,68.89,480.0,3311450.0,68.55
600779.SH,2022-12-07,0.0,68.93,69.08,68.93,239.0,1649870.0,68.553
600779.SH,2022-12-07,0.0,68.86,68.91,68.86,230.0,1584660.0,68.555
600779.SH,2022-12-07,0.0,68.83,68.94,68.82,236.0,1625370.0,68.556
600779.SH,2022-12-07,0.0,68.81,68.84,68.81,43.0,295894.0,68.557
600779.SH,2022-12-07,0.0,68.84,68.84,68.8,143.0,984023.0,68.557
600779.SH,2022-12-07,0.0,68.84,68.87,68.79,137.0,942999.0,68.558
600779.SH,2022-12-07,0.0,68.79,68.84,68.79,131.0,901511.0,68.559
600779.SH,2022-12-07,0.0,68.77,68.8,68.77,78.0,536459.0,68.559
600779.SH,2022-12-07,0.0,68.84,68.85,68.76,165.0,1135290.0,68.56
600779.SH,2022-12-07,0.0,68.85,68.88,68.84,197.0,1354280.0,68.562
600779.SH,2022-12-07,0.0,68.84,68.86,68.77,132.0,908651.0,68.562
600779.SH,2022-12-07,0.0,68.81,68.84,68.77,166.0,1142110.0,68.563
600779.SH,2022-12-07,0.0,68.8,68.85,68.8,140.0,963488.0,68.564
600779.SH,2022-12-07,0.0,68.83,68.83,68.78,320.0,2198850.0,68.566
600779.SH,2022-12-07,0.0,68.8,68.84,68.8,95.0,653865.0,68.566
600779.SH,2022-12-07,0.0,68.79,68.8,68.78,76.0,522841.0,68.567
600779.SH,2022-12-07,0.0,68.8,68.81,68.76,186.0,1279500.0,68.568
600779.SH,2022-12-07,0.0,68.8,68.83,68.75,219.0,1506630.0,68.569
600779.SH,2022-12-07,0.0,68.71,68.83,68.7,249.0,1711830.0,68.57
600779.SH,2022-12-07,0.0,68.79,68.79,68.69,214.0,1470680.0,68.57
600779.SH,2022-12-07,0.0,68.95,69.0,68.8,295.0,2033480.0,68.573
600779.SH,2022-12-07,0.0,68.78,69.0,68.78,98.0,674799.0,68.573
600779.SH,2022-12-07,0.0,68.84,68.84,68.72,110.0,756609.0,68.574
600779.SH,2022-12-07,0.0,68.71,68.84,68.7,80.0,550066.0,68.574
600779.SH,2022-12-07,0.0,68.73,68.84,68.71,79.0,543075.0,68.574
600779.SH,2022-12-07,0.0,68.74,68.8,68.72,154.0,1058590.0,68.575
600779.SH,2022-12-07,0.0,68.69,68.8,68.69,135.0,927726.0,68.575
600779.SH,2022-12-07,0.0,68.72,68.73,68.69,106.0,728267.0,68.575
600779.SH,2022-12-07,0.0,68.78,68.79,68.7,146.0,1003530.0,68.576
600779.SH,2022-12-07,0.0,68.98,68.98,68.8,388.0,2669540.0,68.578
600779.SH,2022-12-07,0.0,68.89,68.97,68.88,112.0,772151.0,68.579
600779.SH,2022-12-07,0.0,68.99,69.0,68.88,331.0,2284160.0,68.582
600779.SH,2022-12-07,0.0,69.1,69.1,68.97,446.0,3079460.0,68.586
600779.SH,2022-12-07,0.0,69.06,69.12,69.06,260.0,1796620.0,68.589
600779.SH,2022-12-07,0.0,69.15,69.19,69.04,660.0,4563540.0,68.596
600779.SH,2022-12-07,0.0,69.2,69.2,69.13,549.0,3795770.0,68.603
600779.SH,2022-12-07,0.0,69.3,69.3,69.22,577.0,3996780.0,68.61
600779.SH,2022-12-07,0.0,69.63,69.63,69.3,1004.0,6971680.0,68.626
600779.SH,2022-12-07,0.0,69.4,69.66,69.35,539.0,3748510.0,68.636
600779.SH,2022-12-07,0.0,69.53,69.54,69.4,763.0,5300610.0,68.648
600779.SH,2022-12-07,0.0,69.42,69.54,69.42,359.0,2497260.0,68.654
600779.SH,2022-12-07,0.0,69.31,69.42,69.31,258.0,1789970.0,68.657
600779.SH,2022-12-07,0.0,69.66,69.66,69.31,651.0,4523140.0,68.667
600779.SH,2022-12-07,0.0,69.79,69.79,69.65,605.0,4215840.0,68.679
600779.SH,2022-12-07,0.0,69.99,70.0,69.8,1852.0,12955700.0,68.72
600779.SH,2022-12-07,0.0,69.69,70.09,69.6,983.0,6875230.0,68.741
600779.SH,2022-12-07,0.0,70.19,70.19,69.95,1219.0,8539330.0,68.768
600779.SH,2022-12-07,0.0,70.04,70.2,70.04,1158.0,8122900.0,68.795
600779.SH,2022-12-07,0.0,70.02,70.09,70.01,985.0,6899660.0,68.815
600779.SH,2022-12-07,0.0,70.14,70.16,70.06,660.0,4628700.0,68.829
600779.SH,2022-12-07,0.0,69.98,70.1,69.81,1016.0,7115670.0,68.849
600779.SH,2022-12-07,0.0,70.01,70.08,69.92,1150.0,8049660.0,68.87
600779.SH,2022-12-07,0.0,70.09,70.1,70.0,991.0,6943590.0,68.888
600779.SH,2022-12-07,0.0,70.06,70.07,70.03,1385.0,9703410.0,68.913
600779.SH,2022-12-07,0.0,70.22,70.23,70.06,1644.0,11525400.0,68.942
600779.SH,2022-12-07,0.0,70.3,70.3,70.2,1325.0,9309880.0,68.967
600779.SH,2022-12-07,0.0,70.54,70.55,70.29,1130.0,7962580.0,68.991
600779.SH,2022-12-07,0.0,70.41,70.57,70.41,1197.0,8439620.0,69.017
600779.SH,2022-12-07,0.0,70.53,70.54,70.4,672.0,4736020.0,69.031
600779.SH,2022-12-07,0.0,70.49,70.51,70.43,542.0,3820010.0,69.041
600779.SH,2022-12-07,0.0,70.48,70.5,70.48,541.0,3813450.0,69.052
600779.SH,2022-12-07,0.0,70.4,70.49,70.4,988.0,6962690.0,69.071
600779.SH,2022-12-07,0.0,70.23,70.42,70.23,1134.0,7975200.0,69.09
600779.SH,2022-12-07,0.0,70.23,70.23,70.09,984.0,6906030.0,69.104
600779.SH,2022-12-07,0.0,70.43,70.43,70.24,438.0,3080700.0,69.111
600779.SH,2022-12-07,0.0,70.46,70.5,70.42,810.0,5707660.0,69.125
600779.SH,2022-12-07,0.0,70.28,70.46,70.28,1020.0,7182440.0,69.142
600779.SH,2022-12-07,0.0,70.19,70.35,70.15,715.0,5022010.0,69.152
600779.SH,2022-12-07,0.0,70.12,70.19,70.1,342.0,2398570.0,69.156
600779.SH,2022-12-07,0.0,70.09,70.12,70.08,672.0,4711020.0,69.164
600779.SH,2022-12-07,0.0,69.93,70.08,69.93,477.0,3339540.0,69.169
600779.SH,2022-12-07,0.0,69.8,69.95,69.8,400.0,2793460.0,69.172
600779.SH,2022-12-07,0.0,69.93,69.93,69.78,447.0,3120830.0,69.176
600779.SH,2022-12-07,0.0,70.04,70.04,69.93,446.0,3121640.0,69.18
600779.SH,2022-12-07,0.0,69.85,70.01,69.84,387.0,2706910.0,69.184
600779.SH,2022-12-07,0.0,69.69,69.85,69.69,567.0,3956820.0,69.188
600779.SH,2022-12-07,0.0,69.8,69.8,69.71,232.0,1618280.0,69.19
600779.SH,2022-12-07,0.0,69.71,69.81,69.71,206.0,1437620.0,69.191
600779.SH,2022-12-07,0.0,69.65,69.75,69.65,325.0,2265050.0,69.193
600779.SH,2022-12-07,0.0,69.74,69.75,69.65,301.0,2097780.0,69.195
600779.SH,2022-12-07,0.0,69.72,69.75,69.71,221.0,1541110.0,69.196
600779.SH,2022-12-07,0.0,69.52,69.71,69.52,452.0,3147560.0,69.199
600779.SH,2022-12-07,0.0,69.52,69.53,69.5,736.0,5115970.0,69.201
600779.SH,2022-12-07,0.0,69.7,69.7,69.52,236.0,1642830.0,69.202
600779.SH,2022-12-07,0.0,69.83,69.83,69.7,455.0,3175470.0,69.206
600779.SH,2022-12-07,0.0,69.63,69.83,69.6,334.0,2329060.0,69.208
600779.SH,2022-12-07,0.0,69.76,69.76,69.6,175.0,1219070.0,69.209
600779.SH,2022-12-07,0.0,69.75,69.8,69.7,200.0,1395630.0,69.21
600779.SH,2022-12-07,0.0,69.78,69.81,69.72,282.0,1967370.0,69.212
600779.SH,2022-12-07,0.0,69.6,69.76,69.6,547.0,3811700.0,69.215
600779.SH,2022-12-07,0.0,69.53,69.61,69.53,383.0,2665120.0,69.216
600779.SH,2022-12-07,0.0,69.52,69.56,69.52,163.0,1133360.0,69.217
600779.SH,2022-12-07,0.0,69.5,69.53,69.5,634.0,4406770.0,69.219
600779.SH,2022-12-07,0.0,69.52,69.53,69.5,330.0,2293740.0,69.22
600779.SH,2022-12-07,0.0,69.47,69.53,69.47,345.0,2397590.0,69.221
600779.SH,2022-12-07,0.0,69.31,69.45,69.31,423.0,2934510.0,69.222
600779.SH,2022-12-07,0.0,69.42,69.42,69.31,595.0,4124990.0,69.222
600779.SH,2022-12-07,0.0,69.46,69.46,69.42,269.0,1868130.0,69.223
600779.SH,2022-12-07,0.0,69.48,69.52,69.47,250.0,1737180.0,69.224
600779.SH,2022-12-07,0.0,69.53,69.53,69.48,159.0,1105280.0,69.224
600779.SH,2022-12-07,0.0,69.5,69.55,69.49,258.0,1793470.0,69.225
600779.SH,2022-12-07,0.0,69.44,69.5,69.44,279.0,1938070.0,69.226
600779.SH,2022-12-07,0.0,69.45,69.47,69.44,287.0,1993320.0,69.227
600779.SH,2022-12-07,0.0,69.45,69.46,69.45,160.0,1111260.0,69.227
600779.SH,2022-12-07,0.0,69.42,69.45,69.42,182.0,1263700.0,69.227
600779.SH,2022-12-07,0.0,69.4,69.42,69.39,202.0,1401940.0,69.228
600779.SH,2022-12-07,0.0,69.42,69.43,69.4,147.0,1020350.0,69.228
600779.SH,2022-12-07,0.0,69.42,69.45,69.41,261.0,1812340.0,69.229
600779.SH,2022-12-07,0.0,69.42,69.44,69.41,182.0,1263440.0,69.229
600779.SH,2022-12-07,0.0,69.48,69.48,69.42,320.0,2222240.0,69.23
600779.SH,2022-12-07,0.0,69.63,69.63,69.47,178.0,1238060.0,69.23
600779.SH,2022-12-07,0.0,69.66,69.8,69.64,580.0,4046160.0,69.234
600779.SH,2022-12-07,0.0,69.77,69.78,69.66,221.0,1540790.0,69.235
600779.SH,2022-12-07,0.0,69.7,69.77,69.68,153.0,1066750.0,69.236
600779.SH,2022-12-07,0.0,69.68,69.74,69.66,250.0,1742300.0,69.237
600779.SH,2022-12-07,0.0,69.62,69.68,69.62,250.0,1741320.0,69.238
600779.SH,2022-12-07,0.0,69.59,69.62,69.57,171.0,1190080.0,69.238
600779.SH,2022-12-07,0.0,69.6,69.6,69.58,136.0,946460.0,69.239
600779.SH,2022-12-07,0.0,69.65,69.65,69.57,163.0,1134360.0,69.24
600779.SH,2022-12-07,0.0,69.58,69.66,69.57,307.0,2136850.0,69.241
600779.SH,2022-12-07,0.0,69.58,69.6,69.57,218.0,1516860.0,69.242
600779.SH,2022-12-07,0.0,69.54,69.61,69.53,431.0,2998630.0,69.243
600779.SH,2022-12-07,0.0,69.54,69.57,69.52,128.0,890058.0,69.243
600779.SH,2022-12-07,0.0,69.53,69.57,69.52,170.0,1182200.0,69.244
600779.SH,2022-12-07,0.0,69.6,69.6,69.53,216.0,1502800.0,69.245
600779.SH,2022-12-07,0.0,69.54,69.62,69.54,503.0,3500060.0,69.246
600779.SH,2022-12-07,0.0,69.59,69.61,69.55,117.0,814046.0,69.247
600779.SH,2022-12-07,0.0,69.61,69.62,69.6,181.0,1259940.0,69.247
600779.SH,2022-12-07,0.0,69.62,69.65,69.59,329.0,2290360.0,69.249
600779.SH,2022-12-07,0.0,69.67,69.67,69.63,241.0,1679380.0,69.25
600779.SH,2022-12-07,0.0,69.73,69.73,69.67,327.0,2279370.0,69.251
600779.SH,2022-12-07,0.0,69.88,69.88,69.72,383.0,2672720.0,69.253
600779.SH,2022-12-07,0.0,69.76,69.86,69.72,558.0,3895540.0,69.256
600779.SH,2022-12-07,0.0,69.74,69.77,69.72,286.0,1994750.0,69.258
600779.SH,2022-12-07,0.0,69.74,69.74,69.73,435.0,3033470.0,69.26
600779.SH,2022-12-07,0.0,69.67,69.75,69.67,651.0,4538460.0,69.263
600779.SH,2022-12-07,0.0,69.61,69.67,69.6,340.0,2367020.0,69.264
600779.SH,2022-12-07,0.0,69.62,69.66,69.6,569.0,3960460.0,69.266
600779.SH,2022-12-07,0.0,69.67,69.67,69.62,239.0,1664300.0,69.267
600779.SH,2022-12-07,0.0,69.64,69.68,69.64,485.0,3377650.0,69.269
600779.SH,2022-12-07,0.0,69.65,69.65,69.63,605.0,4209780.0,69.271
600779.SH,2022-12-07,0.0,69.65,69.66,69.64,606.0,4220750.0,69.273
600779.SH,2022-12-07,0.0,69.67,69.68,69.65,578.0,4026530.0,69.275
600779.SH,2022-12-07,0.0,69.73,69.73,69.65,529.0,3686070.0,69.277
600779.SH,2022-12-07,0.0,69.71,69.77,69.7,565.0,3941480.0,69.28
600779.SH,2022-12-07,0.0,69.7,69.75,69.69,753.0,5250140.0,69.283
600779.SH,2022-12-07,0.0,69.72,69.72,69.72,6.0,41832.0,69.283
600779.SH,2022-12-07,0.0,69.72,69.72,69.72,0.0,0.0,69.283
600779.SH,2022-12-07,0.0,69.75,69.75,69.75,727.0,5070820.0,69.286
600779.SH,2022-12-08,0.0,69.08,69.08,69.08,493.0,3405640.0,69.08
600779.SH,2022-12-08,0.0,69.3,69.5,69.09,1194.0,8264380.0,69.176
600779.SH,2022-12-08,0.0,69.4,69.51,69.35,1274.0,8847030.0,69.291
600779.SH,2022-12-08,0.0,69.3,69.33,69.18,966.0,6690840.0,69.284
600779.SH,2022-12-08,0.0,69.08,69.3,69.08,1216.0,8410790.0,69.257
600779.SH,2022-12-08,0.0,68.71,69.04,68.7,1434.0,9880200.0,69.179
600779.SH,2022-12-08,0.0,68.76,68.76,68.57,1350.0,9268820.0,69.09
600779.SH,2022-12-08,0.0,69.02,69.05,68.72,1137.0,7825250.0,69.057
600779.SH,2022-12-08,0.0,69.03,69.06,69.0,807.0,5569960.0,69.054
600779.SH,2022-12-08,0.0,69.56,69.56,69.0,497.0,3443120.0,69.064
600779.SH,2022-12-08,0.0,69.71,69.74,69.56,884.0,6156750.0,69.11
600779.SH,2022-12-08,0.0,69.26,69.72,69.2,1168.0,8121430.0,69.15
600779.SH,2022-12-08,0.0,69.13,69.28,69.1,511.0,3535070.0,69.151
600779.SH,2022-12-08,0.0,69.03,69.14,69.03,604.0,4172520.0,69.148
600779.SH,2022-12-08,0.0,69.05,69.08,69.02,763.0,5270280.0,69.142
600779.SH,2022-12-08,0.0,69.02,69.05,69.0,540.0,3726680.0,69.137
600779.SH,2022-12-08,0.0,68.89,69.02,68.85,382.0,2630320.0,69.132
600779.SH,2022-12-08,0.0,69.08,69.08,68.87,564.0,3887350.0,69.126
600779.SH,2022-12-08,0.0,69.08,69.15,69.06,415.0,2868340.0,69.126
600779.SH,2022-12-08,0.0,68.99,69.06,68.95,491.0,3389680.0,69.121
600779.SH,2022-12-08,0.0,69.06,69.1,68.96,561.0,3869610.0,69.118
600779.SH,2022-12-08,0.0,69.4,69.43,69.1,565.0,3916110.0,69.124
600779.SH,2022-12-08,0.0,69.18,69.42,69.18,423.0,2933200.0,69.129
600779.SH,2022-12-08,0.0,69.19,69.26,69.1,235.0,1625520.0,69.129
600779.SH,2022-12-08,0.0,69.06,69.19,69.06,341.0,2356340.0,69.129
600779.SH,2022-12-08,0.0,69.13,69.14,69.06,229.0,1582670.0,69.129
600779.SH,2022-12-08,0.0,69.08,69.17,69.07,275.0,1900280.0,69.128
600779.SH,2022-12-08,0.0,69.02,69.08,69.02,290.0,2002490.0,69.127
600779.SH,2022-12-08,0.0,69.26,69.26,69.01,212.0,1466010.0,69.127
600779.SH,2022-12-08,0.0,69.41,69.5,69.28,341.0,2364090.0,69.13
600779.SH,2022-12-08,0.0,69.55,69.55,69.41,440.0,3057790.0,69.138
600779.SH,2022-12-08,0.0,69.28,69.6,69.26,769.0,5333400.0,69.145
600779.SH,2022-12-08,0.0,69.36,69.36,69.29,467.0,3236500.0,69.148
600779.SH,2022-12-08,0.0,69.54,69.58,69.35,401.0,2787940.0,69.155
600779.SH,2022-12-08,0.0,69.35,69.57,69.35,773.0,5372720.0,69.167
600779.SH,2022-12-08,0.0,69.35,69.4,69.3,259.0,1795820.0,69.168
600779.SH,2022-12-08,0.0,69.26,69.34,69.2,619.0,4288090.0,69.171
600779.SH,2022-12-08,0.0,69.16,69.26,69.15,325.0,2248750.0,69.171
600779.SH,2022-12-08,0.0,69.15,69.17,69.15,254.0,1756600.0,69.171
600779.SH,2022-12-08,0.0,69.12,69.14,69.1,286.0,1977630.0,69.171
600779.SH,2022-12-08,0.0,69.13,69.13,69.1,274.0,1892990.0,69.17
600779.SH,2022-12-08,0.0,69.01,69.13,69.01,250.0,1725840.0,69.169
600779.SH,2022-12-08,0.0,68.98,69.02,68.98,481.0,3318800.0,69.166
600779.SH,2022-12-08,0.0,68.97,69.0,68.96,173.0,1193240.0,69.164
600779.SH,2022-12-08,0.0,68.92,68.96,68.92,305.0,2102960.0,69.162
600779.SH,2022-12-08,0.0,68.96,68.96,68.9,253.0,1744490.0,69.159
600779.SH,2022-12-08,0.0,69.04,69.04,68.96,248.0,1711320.0,69.158
600779.SH,2022-12-08,0.0,69.15,69.15,69.04,46.0,317860.0,69.158
600779.SH,2022-12-08,0.0,69.2,69.2,69.13,230.0,1589220.0,69.158
600779.SH,2022-12-08,0.0,69.32,69.32,69.2,355.0,2463680.0,69.161
600779.SH,2022-12-08,0.0,69.43,69.45,69.32,219.0,1520170.0,69.162
600779.SH,2022-12-08,0.0,69.34,69.45,69.32,441.0,3059710.0,69.166
600779.SH,2022-12-08,0.0,69.26,69.34,69.26,281.0,1947730.0,69.167
600779.SH,2022-12-08,0.0,69.2,69.25,69.2,130.0,900004.0,69.168
600779.SH,2022-12-08,0.0,69.2,69.22,69.2,196.0,1357840.0,69.168
600779.SH,2022-12-08,0.0,69.16,69.2,69.15,132.0,913084.0,69.168
600779.SH,2022-12-08,0.0,69.16,69.18,69.14,115.0,795329.0,69.168
600779.SH,2022-12-08,0.0,69.1,69.17,69.1,108.0,743269.0,69.168
600779.SH,2022-12-08,0.0,69.1,69.12,69.1,96.0,664800.0,69.168
600779.SH,2022-12-08,0.0,69.1,69.15,69.1,83.0,570260.0,69.167
600779.SH,2022-12-08,0.0,69.08,69.11,69.07,118.0,813490.0,69.167
600779.SH,2022-12-08,0.0,69.0,69.08,69.0,200.0,1380520.0,69.166
600779.SH,2022-12-08,0.0,69.11,69.11,69.0,262.0,1808420.0,69.165
600779.SH,2022-12-08,0.0,69.13,69.13,69.11,189.0,1305870.0,69.165
600779.SH,2022-12-08,0.0,69.05,69.14,69.05,170.0,1175140.0,69.164
600779.SH,2022-12-08,0.0,69.1,69.1,69.05,97.0,670346.0,69.164
600779.SH,2022-12-08,0.0,69.14,69.15,69.1,133.0,919348.0,69.164
600779.SH,2022-12-08,0.0,69.11,69.14,69.1,106.0,731023.0,69.164
600779.SH,2022-12-08,0.0,69.05,69.12,69.05,162.0,1120830.0,69.163
600779.SH,2022-12-08,0.0,69.06,69.17,69.05,144.0,996688.0,69.163
600779.SH,2022-12-08,0.0,69.16,69.17,69.06,44.0,304144.0,69.163
600779.SH,2022-12-08,0.0,69.1,69.16,69.09,72.0,497685.0,69.163
600779.SH,2022-12-08,0.0,69.33,69.33,69.08,344.0,2380890.0,69.163
600779.SH,2022-12-08,0.0,69.27,69.35,69.23,163.0,1129900.0,69.164
600779.SH,2022-12-08,0.0,69.2,69.29,69.2,104.0,720409.0,69.164
600779.SH,2022-12-08,0.0,69.26,69.3,69.21,132.0,914610.0,69.164
600779.SH,2022-12-08,0.0,69.3,69.34,69.27,244.0,1691260.0,69.165
600779.SH,2022-12-08,0.0,69.35,69.35,69.26,138.0,956438.0,69.166
600779.SH,2022-12-08,0.0,69.65,69.65,69.35,398.0,2766600.0,69.17
600779.SH,2022-12-08,0.0,69.59,69.66,69.58,485.0,3377540.0,69.177
600779.SH,2022-12-08,0.0,69.67,69.67,69.5,251.0,1746190.0,69.18
600779.SH,2022-12-08,0.0,69.88,69.88,69.69,937.0,6538990.0,69.197
600779.SH,2022-12-08,0.0,69.77,69.92,69.77,1070.0,7475420.0,69.217
600779.SH,2022-12-08,0.0,69.82,69.82,69.74,343.0,2393330.0,69.222
600779.SH,2022-12-08,0.0,69.86,69.86,69.8,416.0,2905310.0,69.23
600779.SH,2022-12-08,0.0,69.8,69.85,69.74,633.0,4419250.0,69.24
600779.SH,2022-12-08,0.0,70.33,70.44,69.84,1768.0,12383100.0,69.277
600779.SH,2022-12-08,0.0,70.1,70.33,70.0,588.0,4127150.0,69.291
600779.SH,2022-12-08,0.0,70.0,70.13,69.98,418.0,2927810.0,69.299
600779.SH,2022-12-08,0.0,70.0,70.05,69.95,274.0,1918000.0,69.303
600779.SH,2022-12-08,0.0,69.89,70.03,69.89,249.0,1742280.0,69.308
600779.SH,2022-12-08,0.0,69.79,69.88,69.72,227.0,1584090.0,69.31
600779.SH,2022-12-08,0.0,69.66,69.8,69.66,345.0,2405710.0,69.314
600779.SH,2022-12-08,0.0,69.66,69.75,69.63,252.0,1757980.0,69.316
600779.SH,2022-12-08,0.0,69.91,69.91,69.75,141.0,983623.0,69.318
600779.SH,2022-12-08,0.0,69.85,69.99,69.79,218.0,1523570.0,69.321
600779.SH,2022-12-08,0.0,69.8,69.86,69.75,222.0,1549620.0,69.323
600779.SH,2022-12-08,0.0,69.85,69.85,69.8,117.0,816935.0,69.325
600779.SH,2022-12-08,0.0,69.8,69.85,69.8,203.0,1417600.0,69.327
600779.SH,2022-12-08,0.0,69.91,69.95,69.8,186.0,1300360.0,69.33
600779.SH,2022-12-08,0.0,69.9,69.91,69.78,367.0,2562920.0,69.334
600779.SH,2022-12-08,0.0,69.8,69.9,69.76,301.0,2100530.0,69.337
600779.SH,2022-12-08,0.0,69.81,69.83,69.8,85.0,593424.0,69.338
600779.SH,2022-12-08,0.0,69.68,69.83,69.68,375.0,2616250.0,69.342
600779.SH,2022-12-08,0.0,69.67,69.78,69.66,115.0,801551.0,69.343
600779.SH,2022-12-08,0.0,69.7,69.75,69.67,89.0,620401.0,69.344
600779.SH,2022-12-08,0.0,69.72,69.8,69.7,171.0,1192850.0,69.346
600779.SH,2022-12-08,0.0,69.77,69.77,69.7,158.0,1101780.0,69.347
600779.SH,2022-12-08,0.0,69.76,69.79,69.73,70.0,488448.0,69.348
600779.SH,2022-12-08,0.0,69.88,69.88,69.76,140.0,977640.0,69.349
600779.SH,2022-12-08,0.0,70.18,70.18,69.87,501.0,3504880.0,69.356
600779.SH,2022-12-08,0.0,70.12,70.21,70.02,491.0,3445810.0,69.365
600779.SH,2022-12-08,0.0,70.19,70.23,70.18,750.0,5261630.0,69.379
600779.SH,2022-12-08,0.0,70.12,70.18,70.1,346.0,2431110.0,69.385
600779.SH,2022-12-08,0.0,70.11,70.14,70.1,197.0,1381320.0,69.388
600779.SH,2022-12-08,0.0,70.12,70.13,70.1,232.0,1626670.0,69.392
600779.SH,2022-12-08,0.0,69.92,70.1,69.89,321.0,2247910.0,69.396
600779.SH,2022-12-08,0.0,69.91,69.93,69.88,115.0,803933.0,69.397
600779.SH,2022-12-08,0.0,69.92,69.99,69.89,79.0,550910.0,69.398
600779.SH,2022-12-08,0.0,69.93,69.95,69.92,129.0,902195.0,69.4
600779.SH,2022-12-08,0.0,69.93,69.94,69.89,201.0,1405420.0,69.402
600779.SH,2022-12-08,0.0,69.66,69.93,69.66,494.0,3451640.0,69.407
600779.SH,2022-12-08,0.0,69.74,69.74,69.66,128.0,892262.0,69.408
600779.SH,2022-12-08,0.0,69.76,69.8,69.73,78.0,544005.0,69.408
600779.SH,2022-12-08,0.0,69.96,69.96,69.76,87.0,607502.0,69.409
600779.SH,2022-12-08,0.0,69.78,69.96,69.78,230.0,1607020.0,69.411
600779.SH,2022-12-08,0.0,69.69,69.78,69.68,326.0,2273550.0,69.413
600779.SH,2022-12-08,0.0,69.57,69.67,69.57,255.0,1773550.0,69.415
600779.SH,2022-12-08,0.0,69.63,69.69,69.54,175.0,1217670.0,69.415
600779.SH,2022-12-08,0.0,69.61,69.69,69.6,177.0,1232510.0,69.416
600779.SH,2022-12-08,0.0,69.63,69.68,69.62,131.0,912570.0,69.417
600779.SH,2022-12-08,0.0,69.67,69.68,69.62,114.0,793997.0,69.417
600779.SH,2022-12-08,0.0,69.75,69.75,69.68,73.0,505889.0,69.418
600779.SH,2022-12-08,0.0,69.68,69.75,69.62,220.0,1533000.0,69.419
600779.SH,2022-12-08,0.0,69.66,69.68,69.63,65.0,452785.0,69.419
600779.SH,2022-12-08,0.0,69.73,69.75,69.66,100.0,696859.0,69.42
600779.SH,2022-12-08,0.0,69.69,69.75,69.66,184.0,1282350.0,69.421
600779.SH,2022-12-08,0.0,69.68,69.69,69.66,122.0,850112.0,69.421
600779.SH,2022-12-08,0.0,69.66,69.69,69.63,129.0,898732.0,69.422
600779.SH,2022-12-08,0.0,69.74,69.74,69.66,214.0,1491360.0,69.423
600779.SH,2022-12-08,0.0,69.75,69.76,69.74,138.0,962529.0,69.424
600779.SH,2022-12-08,0.0,69.7,69.75,69.69,146.0,1018020.0,69.425
600779.SH,2022-12-08,0.0,69.66,69.74,69.65,241.0,1679810.0,69.426
600779.SH,2022-12-08,0.0,69.63,69.69,69.63,114.0,794072.0,69.427
600779.SH,2022-12-08,0.0,69.52,69.63,69.52,233.0,1621340.0,69.427
600779.SH,2022-12-08,0.0,69.61,69.61,69.52,208.0,1446740.0,69.428
600779.SH,2022-12-08,0.0,69.6,69.63,69.6,142.0,988506.0,69.428
600779.SH,2022-12-08,0.0,69.54,69.61,69.53,262.0,1822010.0,69.429
600779.SH,2022-12-08,0.0,69.48,69.54,69.48,217.0,1508290.0,69.429
600779.SH,2022-12-08,0.0,69.45,69.5,69.45,222.0,1544910.0,69.43
600779.SH,2022-12-08,0.0,69.57,69.59,69.48,149.0,1036510.0,69.43
600779.SH,2022-12-08,0.0,69.6,69.62,69.56,163.0,1134420.0,69.43
600779.SH,2022-12-08,0.0,69.68,69.69,69.6,162.0,1128250.0,69.431
600779.SH,2022-12-08,0.0,69.56,69.67,69.56,143.0,995489.0,69.432
600779.SH,2022-12-08,0.0,69.57,69.61,69.57,144.0,1001990.0,69.432
600779.SH,2022-12-08,0.0,69.61,69.64,69.57,120.0,835386.0,69.432
600779.SH,2022-12-08,0.0,69.56,69.61,69.56,70.0,487027.0,69.433
600779.SH,2022-12-08,0.0,69.45,69.56,69.45,183.0,1269520.0,69.433
600779.SH,2022-12-08,0.0,69.47,69.5,69.42,242.0,1683210.0,69.433
600779.SH,2022-12-08,0.0,69.43,69.48,69.43,101.0,699355.0,69.433
600779.SH,2022-12-08,0.0,69.4,69.43,69.4,112.0,777499.0,69.433
600779.SH,2022-12-08,0.0,69.43,69.44,69.4,138.0,957944.0,69.433
600779.SH,2022-12-08,0.0,69.45,69.45,69.42,125.0,867935.0,69.433
600779.SH,2022-12-08,0.0,69.44,69.45,69.43,116.0,807872.0,69.433
600779.SH,2022-12-08,0.0,69.42,69.44,69.42,105.0,728985.0,69.433
600779.SH,2022-12-08,0.0,69.38,69.42,69.38,286.0,1984780.0,69.433
600779.SH,2022-12-08,0.0,69.3,69.39,69.29,290.0,2010410.0,69.432
600779.SH,2022-12-08,0.0,69.31,69.39,69.29,164.0,1136970.0,69.432
600779.SH,2022-12-08,0.0,69.29,69.31,69.26,110.0,762253.0,69.432
600779.SH,2022-12-08,0.0,69.4,69.43,69.3,147.0,1020030.0,69.432
600779.SH,2022-12-08,0.0,69.35,69.41,69.35,62.0,430150.0,69.431
600779.SH,2022-12-08,0.0,69.32,69.37,69.32,74.0,513107.0,69.431
600779.SH,2022-12-08,0.0,69.37,69.38,69.31,518.0,3593560.0,69.431
600779.SH,2022-12-08,0.0,69.5,69.5,69.36,372.0,2581540.0,69.431
600779.SH,2022-12-08,0.0,69.46,69.51,69.45,102.0,708594.0,69.431
600779.SH,2022-12-08,0.0,69.45,69.48,69.42,97.0,673564.0,69.431
600779.SH,2022-12-08,0.0,69.45,69.48,69.43,231.0,1601010.0,69.431
600779.SH,2022-12-08,0.0,69.58,69.58,69.49,207.0,1439350.0,69.431
600779.SH,2022-12-08,0.0,69.74,69.74,69.61,289.0,2013650.0,69.432
600779.SH,2022-12-08,0.0,69.68,69.75,69.68,245.0,1707810.0,69.433
600779.SH,2022-12-08,0.0,69.64,69.68,69.64,169.0,1177470.0,69.434
600779.SH,2022-12-08,0.0,69.51,69.65,69.51,88.0,612063.0,69.434
600779.SH,2022-12-08,0.0,69.44,69.51,69.44,183.0,1271470.0,69.435
600779.SH,2022-12-08,0.0,69.39,69.44,69.38,181.0,1256200.0,69.434
600779.SH,2022-12-08,0.0,69.4,69.41,69.36,211.0,1463920.0,69.434
600779.SH,2022-12-08,0.0,69.32,69.39,69.3,229.0,1587640.0,69.434
600779.SH,2022-12-08,0.0,69.4,69.4,69.31,109.0,756027.0,69.434
600779.SH,2022-12-08,0.0,69.4,69.41,69.38,90.0,624584.0,69.434
600779.SH,2022-12-08,0.0,69.36,69.38,69.34,148.0,1026550.0,69.433
600779.SH,2022-12-08,0.0,69.36,69.36,69.34,90.0,624209.0,69.433
600779.SH,2022-12-08,0.0,69.5,69.5,69.36,217.0,1506620.0,69.433
600779.SH,2022-12-08,0.0,69.54,69.56,69.49,45.0,312946.0,69.433
600779.SH,2022-12-08,0.0,69.49,69.55,69.49,97.0,674533.0,69.434
600779.SH,2022-12-08,0.0,69.52,69.53,69.49,104.0,722815.0,69.434
600779.SH,2022-12-08,0.0,69.52,69.53,69.49,58.0,403161.0,69.434
600779.SH,2022-12-08,0.0,69.57,69.57,69.49,174.0,1209900.0,69.434
600779.SH,2022-12-08,0.0,69.55,69.57,69.5,142.0,987413.0,69.434
600779.SH,2022-12-08,0.0,69.66,69.66,69.52,327.0,2277690.0,69.435
600779.SH,2022-12-08,0.0,69.68,69.81,69.68,393.0,2741850.0,69.438
600779.SH,2022-12-08,0.0,69.71,69.76,69.67,171.0,1191910.0,69.438
600779.SH,2022-12-08,0.0,69.66,69.74,69.66,237.0,1652140.0,69.439
600779.SH,2022-12-08,0.0,69.61,69.67,69.61,196.0,1366350.0,69.44
600779.SH,2022-12-08,0.0,69.72,69.72,69.61,105.0,731352.0,69.44
600779.SH,2022-12-08,0.0,69.66,69.72,69.64,45.0,313585.0,69.441
600779.SH,2022-12-08,0.0,69.67,69.67,69.64,102.0,710583.0,69.441
600779.SH,2022-12-08,0.0,69.69,69.69,69.66,117.0,815209.0,69.441
600779.SH,2022-12-08,0.0,69.65,69.69,69.65,130.0,905702.0,69.442
600779.SH,2022-12-08,0.0,69.6,69.67,69.6,225.0,1566790.0,69.443
600779.SH,2022-12-08,0.0,69.52,69.6,69.52,130.0,904432.0,69.443
600779.SH,2022-12-08,0.0,69.61,69.61,69.51,136.0,945915.0,69.443
600779.SH,2022-12-08,0.0,69.76,69.77,69.61,355.0,2474500.0,69.445
600779.SH,2022-12-08,0.0,69.71,69.76,69.71,257.0,1792620.0,69.446
600779.SH,2022-12-08,0.0,69.67,69.75,69.57,146.0,1017330.0,69.446
600779.SH,2022-12-08,0.0,69.67,69.7,69.6,89.0,619895.0,69.447
600779.SH,2022-12-08,0.0,69.67,69.68,69.66,137.0,954558.0,69.447
600779.SH,2022-12-08,0.0,69.67,69.68,69.66,177.0,1233280.0,69.448
600779.SH,2022-12-08,0.0,69.68,69.69,69.67,232.0,1616600.0,69.449
600779.SH,2022-12-08,0.0,69.65,69.69,69.65,195.0,1358460.0,69.449
600779.SH,2022-12-08,0.0,69.66,69.66,69.63,91.0,633787.0,69.45
600779.SH,2022-12-08,0.0,69.67,69.68,69.65,68.0,473726.0,69.45
600779.SH,2022-12-08,0.0,69.61,69.67,69.61,175.0,1218790.0,69.45
600779.SH,2022-12-08,0.0,69.6,69.62,69.6,215.0,1496620.0,69.451
600779.SH,2022-12-08,0.0,69.59,69.6,69.57,165.0,1148310.0,69.451
600779.SH,2022-12-08,0.0,69.72,69.72,69.61,318.0,2215350.0,69.452
600779.SH,2022-12-08,0.0,69.75,69.77,69.69,247.0,1722780.0,69.453
600779.SH,2022-12-08,0.0,69.79,69.8,69.75,488.0,3404830.0,69.456
600779.SH,2022-12-08,0.0,69.75,69.77,69.73,314.0,2190250.0,69.457
600779.SH,2022-12-08,0.0,69.73,69.76,69.73,322.0,2246080.0,69.459
600779.SH,2022-12-08,0.0,69.72,69.73,69.71,129.0,899445.0,69.459
600779.SH,2022-12-08,0.0,69.68,69.71,69.68,181.0,1261500.0,69.46
600779.SH,2022-12-08,0.0,69.62,69.69,69.52,206.0,1433660.0,69.46
600779.SH,2022-12-08,0.0,69.55,69.62,69.53,250.0,1738940.0,69.461
600779.SH,2022-12-08,0.0,69.59,69.59,69.55,160.0,1113120.0,69.461
600779.SH,2022-12-08,0.0,69.58,69.6,69.57,257.0,1788280.0,69.461
600779.SH,2022-12-08,0.0,69.57,69.59,69.56,716.0,4982190.0,69.463
600779.SH,2022-12-08,0.0,69.57,69.59,69.55,429.0,2981030.0,69.463
600779.SH,2022-12-08,0.0,69.49,69.56,69.49,705.0,4901540.0,69.464
600779.SH,2022-12-08,0.0,69.48,69.49,69.46,569.0,3953630.0,69.464
600779.SH,2022-12-08,0.0,69.47,69.47,69.47,17.0,118086.0,69.464
600779.SH,2022-12-08,0.0,69.47,69.47,69.47,0.0,0.0,69.464
600779.SH,2022-12-08,0.0,69.48,69.48,69.48,731.0,5077740.0,69.464
600779.SH,2022-12-09,0.0,69.22,69.22,69.22,260.0,1799720.0,69.22
600779.SH,2022-12-09,0.0,69.18,69.42,69.13,955.0,6614720.0,69.255
600779.SH,2022-12-09,0.0,69.47,69.47,69.15,527.0,3651380.0,69.264
600779.SH,2022-12-09,0.0,69.12,69.48,69.09,1215.0,8410830.0,69.248
600779.SH,2022-12-09,0.0,69.12,69.26,69.01,784.0,5415440.0,69.212
600779.SH,2022-12-09,0.0,69.01,69.1,69.0,740.0,5109350.0,69.184
600779.SH,2022-12-09,0.0,68.87,69.0,68.8,976.0,6725530.0,69.135
600779.SH,2022-12-09,0.0,68.97,69.01,68.9,513.0,3537420.0,69.12
600779.SH,2022-12-09,0.0,69.1,69.1,68.96,505.0,3485170.0,69.111
600779.SH,2022-12-09,0.0,69.29,69.3,69.09,348.0,2409000.0,69.117
600779.SH,2022-12-09,0.0,69.22,69.29,69.15,367.0,2539160.0,69.121
600779.SH,2022-12-09,0.0,69.03,69.15,69.03,510.0,3523980.0,69.119
600779.SH,2022-12-09,0.0,69.09,69.14,69.02,431.0,2975830.0,69.115
600779.SH,2022-12-09,0.0,69.22,69.29,69.09,334.0,2311580.0,69.119
600779.SH,2022-12-09,0.0,69.2,69.26,69.19,384.0,2658710.0,69.124
600779.SH,2022-12-09,0.0,69.06,69.21,69.06,527.0,3644080.0,69.125
600779.SH,2022-12-09,0.0,69.0,69.1,68.98,1120.0,7729930.0,69.114
600779.SH,2022-12-09,0.0,69.08,69.15,68.99,399.0,2755840.0,69.112
600779.SH,2022-12-09,0.0,68.91,69.05,68.91,513.0,3539290.0,69.107
600779.SH,2022-12-09,0.0,68.91,68.93,68.88,522.0,3597420.0,69.098
600779.SH,2022-12-09,0.0,68.89,68.9,68.85,502.0,3457860.0,69.089
600779.SH,2022-12-09,0.0,68.8,68.86,68.8,569.0,3915970.0,69.078
600779.SH,2022-12-09,0.0,68.69,68.82,68.68,1044.0,7178150.0,69.054
600779.SH,2022-12-09,0.0,68.75,68.75,68.6,1152.0,7908580.0,69.024
600779.SH,2022-12-09,0.0,68.8,68.85,68.75,373.0,2565780.0,69.018
600779.SH,2022-12-09,0.0,68.79,68.85,68.76,445.0,3060800.0,69.011
600779.SH,2022-12-09,0.0,68.93,68.93,68.8,446.0,3070790.0,69.007
600779.SH,2022-12-09,0.0,68.89,68.91,68.84,343.0,2362670.0,69.004
600779.SH,2022-12-09,0.0,68.88,68.94,68.84,283.0,1949660.0,69.003
600779.SH,2022-12-09,0.0,68.82,68.88,68.81,259.0,1782870.0,69.0
600779.SH,2022-12-09,0.0,68.91,68.93,68.81,394.0,2713060.0,68.997
600779.SH,2022-12-09,0.0,69.12,69.13,68.9,585.0,4037290.0,68.998
600779.SH,2022-12-09,0.0,69.27,69.27,69.12,290.0,2003150.0,69.0
600779.SH,2022-12-09,0.0,69.05,69.27,69.01,311.0,2150050.0,69.003
600779.SH,2022-12-09,0.0,69.18,69.27,69.05,419.0,2896000.0,69.005
600779.SH,2022-12-09,0.0,68.96,69.16,68.96,221.0,1526760.0,69.006
600779.SH,2022-12-09,0.0,68.87,68.96,68.85,309.0,2129060.0,69.004
600779.SH,2022-12-09,0.0,68.79,68.85,68.79,396.0,2725020.0,69.001
600779.SH,2022-12-09,0.0,68.88,68.88,68.78,394.0,2711710.0,68.997
600779.SH,2022-12-09,0.0,68.89,68.9,68.85,380.0,2617460.0,68.995
600779.SH,2022-12-09,0.0,68.95,68.98,68.89,391.0,2695520.0,68.994
600779.SH,2022-12-09,0.0,68.86,68.96,68.86,345.0,2377180.0,68.993
600779.SH,2022-12-09,0.0,68.87,68.88,68.85,231.0,1590760.0,68.991
600779.SH,2022-12-09,0.0,68.8,68.86,68.8,335.0,2306010.0,68.989
600779.SH,2022-12-09,0.0,68.69,68.81,68.68,1209.0,8312890.0,68.977
600779.SH,2022-12-09,0.0,68.79,68.79,68.68,258.0,1775680.0,68.975
600779.SH,2022-12-09,0.0,68.82,68.83,68.78,248.0,1706060.0,68.973
600779.SH,2022-12-09,0.0,68.6,68.81,68.56,1298.0,8908960.0,68.956
600779.SH,2022-12-09,0.0,68.6,68.64,68.58,499.0,3423430.0,68.95
600779.SH,2022-12-09,0.0,68.51,68.6,68.5,657.0,4503860.0,68.94
600779.SH,2022-12-09,0.0,68.7,68.79,68.5,716.0,4908570.0,68.93
600779.SH,2022-12-09,0.0,68.69,68.76,68.69,219.0,1504770.0,68.928
600779.SH,2022-12-09,0.0,68.57,68.66,68.57,306.0,2099610.0,68.924
600779.SH,2022-12-09,0.0,68.5,68.57,68.5,554.0,3795880.0,68.916
600779.SH,2022-12-09,0.0,68.6,68.6,68.5,414.0,2833190.0,68.911
600779.SH,2022-12-09,0.0,68.57,68.6,68.56,284.0,1946190.0,68.907
600779.SH,2022-12-09,0.0,68.56,68.57,68.52,337.0,2309960.0,68.903
600779.SH,2022-12-09,0.0,68.6,68.66,68.59,326.0,2236980.0,68.9
600779.SH,2022-12-09,0.0,68.76,68.76,68.59,187.0,1283580.0,68.899
600779.SH,2022-12-09,0.0,68.78,68.78,68.74,130.0,894021.0,68.898
600779.SH,2022-12-09,0.0,68.64,68.79,68.63,382.0,2625300.0,68.896
600779.SH,2022-12-09,0.0,68.7,68.71,68.6,267.0,1832540.0,68.894
600779.SH,2022-12-09,0.0,68.77,68.79,68.71,175.0,1203140.0,68.893
600779.SH,2022-12-09,0.0,68.89,68.89,68.77,267.0,1837680.0,68.892
600779.SH,2022-12-09,0.0,68.9,68.92,68.89,127.0,875016.0,68.892
600779.SH,2022-12-09,0.0,68.88,68.91,68.87,170.0,1171120.0,68.892
600779.SH,2022-12-09,0.0,68.82,68.88,68.8,126.0,867350.0,68.892
600779.SH,2022-12-09,0.0,68.86,68.88,68.82,139.0,957052.0,68.892
600779.SH,2022-12-09,0.0,68.82,68.88,68.82,174.0,1198240.0,68.892
600779.SH,2022-12-09,0.0,68.8,68.83,68.8,103.0,708793.0,68.891
600779.SH,2022-12-09,0.0,68.84,68.9,68.81,101.0,695368.0,68.891
600779.SH,2022-12-09,0.0,68.92,68.95,68.84,182.0,1254020.0,68.891
600779.SH,2022-12-09,0.0,69.07,69.08,68.92,338.0,2332550.0,68.893
600779.SH,2022-12-09,0.0,68.99,69.08,68.99,178.0,1228650.0,68.893
600779.SH,2022-12-09,0.0,68.97,69.0,68.93,142.0,979267.0,68.894
600779.SH,2022-12-09,0.0,68.93,68.97,68.93,96.0,662021.0,68.894
600779.SH,2022-12-09,0.0,69.0,69.06,68.9,196.0,1352010.0,68.894
600779.SH,2022-12-09,0.0,68.97,69.06,68.95,62.0,427758.0,68.894
600779.SH,2022-12-09,0.0,68.93,69.02,68.93,105.0,724195.0,68.895
600779.SH,2022-12-09,0.0,68.9,68.95,68.9,67.0,461780.0,68.895
600779.SH,2022-12-09,0.0,68.86,68.9,68.86,112.0,771582.0,68.895
600779.SH,2022-12-09,0.0,68.92,68.93,68.82,184.0,1267060.0,68.895
600779.SH,2022-12-09,0.0,68.91,68.95,68.89,54.0,372197.0,68.895
600779.SH,2022-12-09,0.0,68.84,68.91,68.84,58.0,399533.0,68.895
600779.SH,2022-12-09,0.0,68.8,68.84,68.8,150.0,1032260.0,68.894
600779.SH,2022-12-09,0.0,68.69,68.82,68.69,365.0,2509950.0,68.893
600779.SH,2022-12-09,0.0,68.81,68.81,68.7,443.0,3044510.0,68.891
600779.SH,2022-12-09,0.0,68.88,68.88,68.8,67.0,461176.0,68.891
600779.SH,2022-12-09,0.0,68.88,68.9,68.81,74.0,509713.0,68.891
600779.SH,2022-12-09,0.0,68.88,68.9,68.81,110.0,757515.0,68.891
600779.SH,2022-12-09,0.0,68.96,68.96,68.88,119.0,820026.0,68.891
600779.SH,2022-12-09,0.0,68.92,68.96,68.9,143.0,985777.0,68.891
600779.SH,2022-12-09,0.0,68.95,68.95,68.9,98.0,675450.0,68.891
600779.SH,2022-12-09,0.0,68.92,68.95,68.88,191.0,1316100.0,68.891
600779.SH,2022-12-09,0.0,69.0,69.0,68.91,396.0,2731200.0,68.892
600779.SH,2022-12-09,0.0,69.16,69.16,68.96,270.0,1865230.0,68.893
600779.SH,2022-12-09,0.0,69.12,69.26,69.12,474.0,3280610.0,68.897
600779.SH,2022-12-09,0.0,69.1,69.18,69.1,389.0,2689520.0,68.9
600779.SH,2022-12-09,0.0,69.27,69.28,69.1,246.0,1703340.0,68.902
600779.SH,2022-12-09,0.0,69.3,69.31,69.27,463.0,3208000.0,68.907
600779.SH,2022-12-09,0.0,69.35,69.39,69.3,281.0,1949010.0,68.91
600779.SH,2022-12-09,0.0,69.33,69.37,69.33,300.0,2080670.0,68.914
600779.SH,2022-12-09,0.0,69.3,69.36,69.3,233.0,1615460.0,68.916
600779.SH,2022-12-09,0.0,69.31,69.37,69.25,287.0,1989040.0,68.919
600779.SH,2022-12-09,0.0,69.67,69.69,69.26,731.0,5080790.0,68.93
600779.SH,2022-12-09,0.0,69.63,69.74,69.63,640.0,4459960.0,68.942
600779.SH,2022-12-09,0.0,69.58,69.63,69.5,501.0,3484960.0,68.95
600779.SH,2022-12-09,0.0,70.08,70.08,69.6,2143.0,14970800.0,68.995
600779.SH,2022-12-09,0.0,70.2,70.2,70.04,1338.0,9380800.0,69.029
600779.SH,2022-12-09,0.0,69.94,70.27,69.94,1856.0,13004400.0,69.07
600779.SH,2022-12-09,0.0,70.03,70.03,69.88,539.0,3770640.0,69.081
600779.SH,2022-12-09,0.0,69.82,70.02,69.82,487.0,3407020.0,69.09
600779.SH,2022-12-09,0.0,69.81,69.83,69.8,413.0,2882980.0,69.096
600779.SH,2022-12-09,0.0,69.88,69.91,69.74,447.0,3120350.0,69.103
600779.SH,2022-12-09,0.0,69.99,70.0,69.87,465.0,3253230.0,69.111
600779.SH,2022-12-09,0.0,69.91,70.0,69.9,332.0,2322950.0,69.117
600779.SH,2022-12-09,0.0,69.85,69.95,69.83,195.0,1362980.0,69.12
600779.SH,2022-12-09,0.0,69.98,69.98,69.8,327.0,2285410.0,69.125
600779.SH,2022-12-09,0.0,70.17,70.17,69.95,1333.0,9341000.0,69.15
600779.SH,2022-12-09,0.0,70.39,70.4,70.24,2083.0,14640100.0,69.195
600779.SH,2022-12-09,0.0,70.25,70.4,70.25,480.0,3376480.0,69.206
600779.SH,2022-12-09,0.0,70.25,70.4,70.05,2179.0,15310500.0,69.247
600779.SH,2022-12-09,0.0,70.23,70.25,70.12,491.0,3447410.0,69.256
600779.SH,2022-12-09,0.0,70.43,70.5,70.23,714.0,5025980.0,69.27
600779.SH,2022-12-09,0.0,70.52,70.54,70.46,1088.0,7670820.0,69.293
600779.SH,2022-12-09,0.0,70.2,70.53,70.2,707.0,4976370.0,69.307
600779.SH,2022-12-09,0.0,70.46,70.48,70.19,793.0,5577360.0,69.321
600779.SH,2022-12-09,0.0,70.3,70.48,70.3,570.0,4009760.0,69.33
600779.SH,2022-12-09,0.0,70.35,70.36,70.28,642.0,4513940.0,69.341
600779.SH,2022-12-09,0.0,70.39,70.4,70.36,462.0,3252220.0,69.349
600779.SH,2022-12-09,0.0,70.32,70.4,70.32,652.0,4586880.0,69.359
600779.SH,2022-12-09,0.0,70.43,70.43,70.31,509.0,3582730.0,69.368
600779.SH,2022-12-09,0.0,70.77,70.8,70.42,1500.0,10586700.0,69.396
600779.SH,2022-12-09,0.0,70.98,71.0,70.81,1429.0,10135400.0,69.43
600779.SH,2022-12-09,0.0,70.99,71.09,70.97,1193.0,8470140.0,69.458
600779.SH,2022-12-09,0.0,71.18,71.18,70.99,1132.0,8045560.0,69.486
600779.SH,2022-12-09,0.0,71.29,71.4,71.17,1394.0,9938560.0,69.522
600779.SH,2022-12-09,0.0,71.2,71.28,71.07,1042.0,7417360.0,69.547
600779.SH,2022-12-09,0.0,71.37,71.37,71.18,1230.0,8759320.0,69.576
600779.SH,2022-12-09,0.0,71.76,71.76,71.37,1199.0,8573860.0,69.609
600779.SH,2022-12-09,0.0,71.55,71.8,71.51,1759.0,12601900.0,69.657
600779.SH,2022-12-09,0.0,71.64,71.68,71.51,852.0,6098270.0,69.679
600779.SH,2022-12-09,0.0,71.6,71.65,71.57,839.0,6008820.0,69.7
600779.SH,2022-12-09,0.0,71.51,71.62,71.41,1021.0,7303600.0,69.725
600779.SH,2022-12-09,0.0,71.6,71.67,71.5,912.0,6530130.0,69.747
600779.SH,2022-12-09,0.0,71.68,71.7,71.65,843.0,6042160.0,69.768
600779.SH,2022-12-09,0.0,71.56,71.68,71.56,1266.0,9071440.0,69.798
600779.SH,2022-12-09,0.0,71.41,71.57,71.4,998.0,7133480.0,69.819
600779.SH,2022-12-09,0.0,71.66,71.66,71.43,1295.0,9262480.0,69.845
600779.SH,2022-12-09,0.0,71.82,71.82,71.65,1411.0,10123300.0,69.877
600779.SH,2022-12-09,0.0,71.84,71.92,71.83,875.0,6289080.0,69.898
600779.SH,2022-12-09,0.0,71.39,71.81,71.38,698.0,4989770.0,69.911
600779.SH,2022-12-09,0.0,71.44,71.45,71.39,533.0,3806750.0,69.921
600779.SH,2022-12-09,0.0,71.51,71.53,71.41,491.0,3508670.0,69.93
600779.SH,2022-12-09,0.0,71.67,71.67,71.51,411.0,2942320.0,69.938
600779.SH,2022-12-09,0.0,71.53,71.67,71.52,491.0,3513960.0,69.947
600779.SH,2022-12-09,0.0,71.55,71.56,71.51,391.0,2797200.0,69.954
600779.SH,2022-12-09,0.0,71.63,71.63,71.54,603.0,4316470.0,69.965
600779.SH,2022-12-09,0.0,71.61,71.88,71.61,1757.0,12605100.0,70.0
600779.SH,2022-12-09,0.0,71.62,71.79,71.55,1129.0,8084200.0,70.02
600779.SH,2022-12-09,0.0,71.7,71.74,71.62,554.0,3971220.0,70.03
600779.SH,2022-12-09,0.0,71.73,71.74,71.65,647.0,4638980.0,70.042
600779.SH,2022-12-09,0.0,71.75,71.76,71.71,668.0,4791700.0,70.054
600779.SH,2022-12-09,0.0,71.79,71.79,71.75,658.0,4722480.0,70.066
600779.SH,2022-12-09,0.0,71.77,71.84,71.77,883.0,6340100.0,70.083
600779.SH,2022-12-09,0.0,71.8,71.9,71.75,1385.0,9953360.0,70.109
600779.SH,2022-12-09,0.0,71.85,71.87,71.75,1016.0,7299080.0,70.127
600779.SH,2022-12-09,0.0,71.86,71.88,71.84,529.0,3801480.0,70.136
600779.SH,2022-12-09,0.0,71.96,71.98,71.88,1156.0,8316120.0,70.157
600779.SH,2022-12-09,0.0,71.98,72.0,71.96,1982.0,14266800.0,70.193
600779.SH,2022-12-09,0.0,71.83,71.98,71.8,1309.0,9409040.0,70.215
600779.SH,2022-12-09,0.0,71.7,71.79,71.7,689.0,4943510.0,70.226
600779.SH,2022-12-09,0.0,71.6,71.7,71.6,464.0,3324250.0,70.232
600779.SH,2022-12-09,0.0,71.51,71.6,71.51,316.0,2261140.0,70.236
600779.SH,2022-12-09,0.0,71.7,71.7,71.52,335.0,2398610.0,70.241
600779.SH,2022-12-09,0.0,71.83,71.85,71.72,425.0,3051820.0,70.247
600779.SH,2022-12-09,0.0,71.74,71.9,71.72,353.0,2536380.0,70.252
600779.SH,2022-12-09,0.0,71.71,71.78,71.7,294.0,2109240.0,70.257
600779.SH,2022-12-09,0.0,71.65,71.73,71.65,287.0,2057320.0,70.261
600779.SH,2022-12-09,0.0,71.53,71.63,71.53,642.0,4596770.0,70.269
600779.SH,2022-12-09,0.0,71.36,71.53,71.36,534.0,3816280.0,70.275
600779.SH,2022-12-09,0.0,71.36,71.36,71.3,855.0,6098340.0,70.283
600779.SH,2022-12-09,0.0,71.28,71.35,71.28,293.0,2089540.0,70.286
600779.SH,2022-12-09,0.0,71.35,71.36,71.27,583.0,4156440.0,70.291
600779.SH,2022-12-09,0.0,71.6,71.6,71.37,355.0,2540520.0,70.295
600779.SH,2022-12-09,0.0,71.64,71.64,71.6,233.0,1668770.0,70.298
600779.SH,2022-12-09,0.0,71.72,71.76,71.64,670.0,4803520.0,70.307
600779.SH,2022-12-09,0.0,72.1,72.1,71.79,2622.0,18872200.0,70.346
600779.SH,2022-12-09,0.0,72.29,72.34,72.12,1305.0,9427340.0,70.368
600779.SH,2022-12-09,0.0,72.25,72.29,72.11,1165.0,8412940.0,70.387
600779.SH,2022-12-09,0.0,72.32,72.39,72.3,1304.0,9432850.0,70.409
600779.SH,2022-12-09,0.0,72.41,72.42,72.31,761.0,5507220.0,70.422
600779.SH,2022-12-09,0.0,72.53,72.53,72.41,1646.0,11928500.0,70.45
600779.SH,2022-12-09,0.0,72.69,72.7,72.57,745.0,5409080.0,70.464
600779.SH,2022-12-09,0.0,72.87,72.87,72.69,986.0,7175630.0,70.483
600779.SH,2022-12-09,0.0,72.93,72.98,72.88,1456.0,10616400.0,70.512
600779.SH,2022-12-09,0.0,73.27,73.29,72.97,1769.0,12919300.0,70.549
600779.SH,2022-12-09,0.0,73.2,73.36,73.16,1624.0,11902500.0,70.585
600779.SH,2022-12-09,0.0,73.05,73.14,73.01,746.0,5451770.0,70.599
600779.SH,2022-12-09,0.0,73.01,73.05,73.01,1172.0,8558880.0,70.622
600779.SH,2022-12-09,0.0,73.29,73.29,73.02,1415.0,10341900.0,70.649
600779.SH,2022-12-09,0.0,73.51,73.53,73.28,1270.0,9323520.0,70.677
600779.SH,2022-12-09,0.0,73.35,73.55,73.35,1602.0,11771000.0,70.711
600779.SH,2022-12-09,0.0,73.62,73.64,73.4,1524.0,11204800.0,70.744
600779.SH,2022-12-09,0.0,73.66,73.72,73.6,1118.0,8236260.0,70.768
600779.SH,2022-12-09,0.0,73.3,73.65,73.3,976.0,7170640.0,70.788
600779.SH,2022-12-09,0.0,73.25,73.32,73.25,734.0,5379260.0,70.801
600779.SH,2022-12-09,0.0,73.01,73.24,73.01,664.0,4855940.0,70.813
600779.SH,2022-12-09,0.0,73.01,73.03,72.97,1605.0,11716700.0,70.838
600779.SH,2022-12-09,0.0,73.01,73.03,73.0,598.0,4365900.0,70.848
600779.SH,2022-12-09,0.0,73.05,73.05,73.01,635.0,4636880.0,70.858
600779.SH,2022-12-09,0.0,73.19,73.21,73.05,767.0,5608870.0,70.87
600779.SH,2022-12-09,0.0,73.0,73.18,73.0,752.0,5494790.0,70.882
600779.SH,2022-12-09,0.0,72.88,73.0,72.88,503.0,3669220.0,70.89
600779.SH,2022-12-09,0.0,73.02,73.02,72.88,755.0,5507330.0,70.901
600779.SH,2022-12-09,0.0,73.13,73.17,73.03,717.0,5242370.0,70.912
600779.SH,2022-12-09,0.0,73.0,73.15,73.0,357.0,2609040.0,70.917
600779.SH,2022-12-09,0.0,72.9,73.03,72.9,537.0,3917300.0,70.925
600779.SH,2022-12-09,0.0,72.97,72.99,72.9,450.0,3282650.0,70.931
600779.SH,2022-12-09,0.0,73.07,73.08,72.98,671.0,4900540.0,70.941
600779.SH,2022-12-09,0.0,73.12,73.17,73.08,579.0,4234430.0,70.95
600779.SH,2022-12-09,0.0,73.1,73.16,73.1,406.0,2969290.0,70.956
600779.SH,2022-12-09,0.0,72.98,73.1,72.98,345.0,2519630.0,70.961
600779.SH,2022-12-09,0.0,72.97,73.0,72.95,450.0,3284210.0,70.967
600779.SH,2022-12-09,0.0,72.98,72.99,72.97,354.0,2583550.0,70.972
600779.SH,2022-12-09,0.0,72.97,72.98,72.95,485.0,3538910.0,70.979
600779.SH,2022-12-09,0.0,72.94,72.98,72.94,785.0,5727400.0,70.989
600779.SH,2022-12-09,0.0,72.9,72.94,72.89,433.0,3158120.0,70.995
600779.SH,2022-12-09,0.0,72.81,72.9,72.81,531.0,3869360.0,71.002
600779.SH,2022-12-09,0.0,72.66,72.8,72.64,546.0,3969110.0,71.008
600779.SH,2022-12-09,0.0,72.8,72.86,72.64,994.0,7232700.0,71.019
600779.SH,2022-12-09,0.0,72.82,72.84,72.8,373.0,2716420.0,71.024
600779.SH,2022-12-09,0.0,72.8,72.81,72.79,620.0,4511380.0,71.031
600779.SH,2022-12-09,0.0,72.7,72.79,72.7,553.0,4022850.0,71.038
600779.SH,2022-12-09,0.0,72.69,72.7,72.68,703.0,5112220.0,71.045
600779.SH,2022-12-09,0.0,72.67,72.68,72.65,965.0,7009820.0,71.055
600779.SH,2022-12-09,0.0,72.69,72.69,72.65,1310.0,9516490.0,71.069
600779.SH,2022-12-09,0.0,72.79,72.79,72.68,764.0,5555590.0,71.077
600779.SH,2022-12-09,0.0,72.79,72.79,72.79,0.0,0.0,71.077
600779.SH,2022-12-09,0.0,72.79,72.79,72.79,0.0,0.0,71.077
600779.SH,2022-12-09,0.0,72.79,72.79,72.79,1410.0,10263400.0,71.093
600779.SH,2022-12-12,0.0,72.72,72.72,72.72,1670.0,12144200.0,72.72
600779.SH,2022-12-12,0.0,72.7,72.75,72.0,4174.0,30298400.0,72.625
600779.SH,2022-12-12,0.0,73.7,73.71,72.7,1668.0,12188100.0,72.728
600779.SH,2022-12-12,0.0,72.85,73.6,72.65,3189.0,23298400.0,72.83
600779.SH,2022-12-12,0.0,73.01,73.06,72.79,2824.0,20614900.0,72.865
600779.SH,2022-12-12,0.0,73.0,73.24,73.0,1213.0,8868560.0,72.886
600779.SH,2022-12-12,0.0,72.71,72.94,72.45,1788.0,12998000.0,72.865
600779.SH,2022-12-12,0.0,72.91,72.91,72.5,1338.0,9719280.0,72.848
600779.SH,2022-12-12,0.0,72.8,73.13,72.8,1520.0,11093700.0,72.859
600779.SH,2022-12-12,0.0,72.97,72.97,72.78,910.0,6626140.0,72.858
600779.SH,2022-12-12,0.0,73.42,73.42,72.92,1263.0,9235410.0,72.875
600779.SH,2022-12-12,0.0,73.22,73.43,73.22,1236.0,9069590.0,72.902
600779.SH,2022-12-12,0.0,73.08,73.2,73.08,1102.0,8063370.0,72.914
600779.SH,2022-12-12,0.0,73.1,73.1,73.0,805.0,5880540.0,72.919
600779.SH,2022-12-12,0.0,73.27,73.27,73.07,736.0,5386820.0,72.925
600779.SH,2022-12-12,0.0,73.22,73.29,73.18,1430.0,10471200.0,72.942
600779.SH,2022-12-12,0.0,73.31,73.31,73.23,690.0,5052790.0,72.95
600779.SH,2022-12-12,0.0,73.69,73.69,73.31,1229.0,9034760.0,72.974
600779.SH,2022-12-12,0.0,73.65,73.7,73.37,2128.0,15650900.0,73.014
600779.SH,2022-12-12,0.0,73.53,73.69,73.53,1292.0,9509820.0,73.037
600779.SH,2022-12-12,0.0,73.39,73.58,73.39,1602.0,11767400.0,73.057
600779.SH,2022-12-12,0.0,73.38,73.41,73.32,844.0,6191480.0,73.065
600779.SH,2022-12-12,0.0,73.36,73.38,73.23,1267.0,9292230.0,73.074
600779.SH,2022-12-12,0.0,73.7,73.7,73.36,990.0,7283920.0,73.087
600779.SH,2022-12-12,0.0,74.14,74.14,73.7,2065.0,15261900.0,73.13
600779.SH,2022-12-12,0.0,74.08,74.16,73.98,1618.0,11979800.0,73.167
600779.SH,2022-12-12,0.0,74.11,74.14,74.0,1621.0,12007600.0,73.201
600779.SH,2022-12-12,0.0,74.0,74.14,73.95,1922.0,14234200.0,73.239
600779.SH,2022-12-12,0.0,74.24,74.26,74.0,1560.0,11561400.0,73.268
600779.SH,2022-12-12,0.0,73.93,74.32,73.93,2228.0,16515000.0,73.308
600779.SH,2022-12-12,0.0,73.78,73.9,73.74,1440.0,10632600.0,73.324
600779.SH,2022-12-12,0.0,73.74,73.81,73.66,816.0,6017270.0,73.33
600779.SH,2022-12-12,0.0,73.93,74.0,73.73,950.0,7013380.0,73.34
600779.SH,2022-12-12,0.0,73.99,74.17,73.91,1086.0,8043970.0,73.355
600779.SH,2022-12-12,0.0,73.74,74.0,73.73,949.0,7012920.0,73.364
600779.SH,2022-12-12,0.0,74.0,74.0,73.74,963.0,7115230.0,73.374
600779.SH,2022-12-12,0.0,73.87,73.99,73.85,421.0,3108440.0,73.378
600779.SH,2022-12-12,0.0,73.98,73.98,73.85,837.0,6187840.0,73.387
600779.SH,2022-12-12,0.0,73.8,73.97,73.78,584.0,4315310.0,73.391
600779.SH,2022-12-12,0.0,73.7,73.8,73.66,1104.0,8141090.0,73.398
600779.SH,2022-12-12,0.0,73.5,73.67,73.5,838.0,6163820.0,73.401
600779.SH,2022-12-12,0.0,73.36,73.5,73.36,699.0,5131890.0,73.401
600779.SH,2022-12-12,0.0,73.4,73.41,73.3,616.0,4518970.0,73.4
600779.SH,2022-12-12,0.0,73.5,73.5,73.39,866.0,6359500.0,73.401
600779.SH,2022-12-12,0.0,73.46,73.61,73.46,861.0,6330210.0,73.402
600779.SH,2022-12-12,0.0,73.33,73.45,73.33,634.0,4653560.0,73.402
600779.SH,2022-12-12,0.0,73.01,73.33,73.01,531.0,3886040.0,73.401
600779.SH,2022-12-12,0.0,73.13,73.15,73.0,1251.0,9136060.0,73.393
600779.SH,2022-12-12,0.0,73.11,73.17,73.1,419.0,3063480.0,73.391
600779.SH,2022-12-12,0.0,73.14,73.14,73.11,326.0,2383840.0,73.39
600779.SH,2022-12-12,0.0,73.13,73.16,73.1,524.0,3832500.0,73.388
600779.SH,2022-12-12,0.0,73.12,73.18,73.11,533.0,3899120.0,73.386
600779.SH,2022-12-12,0.0,72.91,73.11,72.91,818.0,5971860.0,73.381
600779.SH,2022-12-12,0.0,72.81,72.91,72.81,588.0,4285410.0,73.377
600779.SH,2022-12-12,0.0,72.61,72.8,72.61,566.0,4116930.0,73.372
600779.SH,2022-12-12,0.0,72.44,72.64,72.44,784.0,5689420.0,73.362
600779.SH,2022-12-12,0.0,72.26,72.41,72.2,1109.0,8015370.0,73.345
600779.SH,2022-12-12,0.0,72.71,72.71,72.33,594.0,4302270.0,73.337
600779.SH,2022-12-12,0.0,72.79,72.8,72.71,375.0,2728830.0,73.334
600779.SH,2022-12-12,0.0,72.85,72.85,72.78,378.0,2752380.0,73.331
600779.SH,2022-12-12,0.0,72.82,72.9,72.82,296.0,2157100.0,73.329
600779.SH,2022-12-12,0.0,72.6,72.8,72.59,382.0,2776710.0,73.326
600779.SH,2022-12-12,0.0,72.54,72.61,72.53,385.0,2795490.0,73.322
600779.SH,2022-12-12,0.0,72.73,72.75,72.6,503.0,3656090.0,73.317
600779.SH,2022-12-12,0.0,72.94,72.94,72.74,180.0,1311400.0,73.316
600779.SH,2022-12-12,0.0,73.01,73.03,72.87,578.0,4218150.0,73.313
600779.SH,2022-12-12,0.0,72.94,73.0,72.8,220.0,1604760.0,73.312
600779.SH,2022-12-12,0.0,72.83,72.94,72.83,188.0,1370630.0,73.311
600779.SH,2022-12-12,0.0,72.85,72.85,72.78,313.0,2279240.0,73.309
600779.SH,2022-12-12,0.0,72.88,72.88,72.84,146.0,1063790.0,73.308
600779.SH,2022-12-12,0.0,73.03,73.03,72.88,393.0,2868590.0,73.306
600779.SH,2022-12-12,0.0,73.19,73.2,73.03,235.0,1718690.0,73.306
600779.SH,2022-12-12,0.0,73.07,73.15,73.05,281.0,2054310.0,73.305
600779.SH,2022-12-12,0.0,73.14,73.15,73.1,191.0,1396860.0,73.305
600779.SH,2022-12-12,0.0,73.05,73.17,73.05,304.0,2222630.0,73.304
600779.SH,2022-12-12,0.0,72.95,73.03,72.88,314.0,2291670.0,73.302
600779.SH,2022-12-12,0.0,72.9,72.9,72.82,294.0,2142400.0,73.301
600779.SH,2022-12-12,0.0,73.08,73.09,72.9,98.0,715260.0,73.3
600779.SH,2022-12-12,0.0,73.19,73.19,73.08,106.0,774992.0,73.3
600779.SH,2022-12-12,0.0,73.09,73.2,73.09,167.0,1221840.0,73.3
600779.SH,2022-12-12,0.0,72.89,73.09,72.89,415.0,3028920.0,73.298
600779.SH,2022-12-12,0.0,72.9,72.93,72.85,160.0,1166010.0,73.297
600779.SH,2022-12-12,0.0,72.82,72.9,72.81,272.0,1981340.0,73.296
600779.SH,2022-12-12,0.0,72.8,72.82,72.77,332.0,2416930.0,73.293
600779.SH,2022-12-12,0.0,72.8,72.81,72.77,148.0,1077240.0,73.293
600779.SH,2022-12-12,0.0,72.76,72.79,72.75,264.0,1920890.0,73.291
600779.SH,2022-12-12,0.0,72.72,72.76,72.71,377.0,2742310.0,73.288
600779.SH,2022-12-12,0.0,72.7,72.76,72.68,474.0,3450480.0,73.285
600779.SH,2022-12-12,0.0,72.65,72.76,72.65,320.0,2325140.0,73.282
600779.SH,2022-12-12,0.0,72.6,72.65,72.6,266.0,1931200.0,73.28
600779.SH,2022-12-12,0.0,72.55,72.6,72.52,144.0,1044830.0,73.279
600779.SH,2022-12-12,0.0,72.52,72.55,72.5,331.0,2400200.0,73.276
600779.SH,2022-12-12,0.0,72.49,72.51,72.47,361.0,2615800.0,73.272
600779.SH,2022-12-12,0.0,72.53,72.53,72.48,202.0,1462820.0,73.27
600779.SH,2022-12-12,0.0,72.59,72.6,72.53,260.0,1888910.0,73.268
600779.SH,2022-12-12,0.0,72.65,72.67,72.6,123.0,893382.0,73.267
600779.SH,2022-12-12,0.0,72.61,72.68,72.61,316.0,2296010.0,73.264
600779.SH,2022-12-12,0.0,72.64,72.67,72.6,212.0,1540060.0,73.263
600779.SH,2022-12-12,0.0,72.6,72.66,72.58,424.0,3078120.0,73.259
600779.SH,2022-12-12,0.0,72.52,72.6,72.52,251.0,1823210.0,73.257
600779.SH,2022-12-12,0.0,72.53,72.53,72.5,187.0,1359330.0,73.256
600779.SH,2022-12-12,0.0,72.49,72.53,72.49,319.0,2309620.0,73.253
600779.SH,2022-12-12,0.0,72.46,72.49,72.46,395.0,2860270.0,73.249
600779.SH,2022-12-12,0.0,72.32,72.46,72.32,349.0,2526850.0,73.245
600779.SH,2022-12-12,0.0,72.23,72.32,72.23,315.0,2276440.0,73.242
600779.SH,2022-12-12,0.0,72.14,72.21,72.13,531.0,3832030.0,73.235
600779.SH,2022-12-12,0.0,72.12,72.15,72.11,581.0,4190740.0,73.227
600779.SH,2022-12-12,0.0,72.02,72.13,72.02,541.0,3900120.0,73.22
600779.SH,2022-12-12,0.0,72.03,72.09,72.02,455.0,3277360.0,73.214
600779.SH,2022-12-12,0.0,72.17,72.17,72.04,332.0,2396340.0,73.209
600779.SH,2022-12-12,0.0,72.25,72.25,72.17,331.0,2389710.0,73.205
600779.SH,2022-12-12,0.0,72.2,72.27,72.2,197.0,1422830.0,73.203
600779.SH,2022-12-12,0.0,72.04,72.18,72.04,320.0,2307440.0,73.199
600779.SH,2022-12-12,0.0,72.01,72.07,72.0,1488.0,10716000.0,73.179
600779.SH,2022-12-12,0.0,72.0,72.01,72.0,716.0,5155630.0,73.169
600779.SH,2022-12-12,0.0,72.02,72.03,72.0,259.0,1863020.0,73.166
600779.SH,2022-12-12,0.0,72.2,72.2,72.02,213.0,1536650.0,73.164
600779.SH,2022-12-12,0.0,72.01,72.19,72.0,532.0,3833620.0,73.157
600779.SH,2022-12-12,0.0,71.96,72.0,71.93,306.0,2202460.0,73.153
600779.SH,2022-12-12,0.0,71.89,71.96,71.89,612.0,4400960.0,73.144
600779.SH,2022-12-12,0.0,71.88,71.89,71.83,389.0,2796000.0,73.139
600779.SH,2022-12-12,0.0,71.89,71.89,71.66,2056.0,14764800.0,73.11
600779.SH,2022-12-12,0.0,71.99,72.06,71.9,399.0,2872300.0,73.105
600779.SH,2022-12-12,0.0,72.0,72.05,71.91,723.0,5204220.0,73.096
600779.SH,2022-12-12,0.0,72.17,72.17,72.05,137.0,987236.0,73.095
600779.SH,2022-12-12,0.0,72.16,72.19,72.14,137.0,988649.0,73.093
600779.SH,2022-12-12,0.0,72.38,72.38,72.16,121.0,873878.0,73.092
600779.SH,2022-12-12,0.0,72.28,72.36,72.28,224.0,1620130.0,73.091
600779.SH,2022-12-12,0.0,72.0,72.27,72.0,218.0,1573200.0,73.088
600779.SH,2022-12-12,0.0,72.0,72.09,72.0,317.0,2284060.0,73.085
600779.SH,2022-12-12,0.0,72.0,72.18,71.96,217.0,1562350.0,73.082
600779.SH,2022-12-12,0.0,72.02,72.04,72.0,59.0,424949.0,73.082
600779.SH,2022-12-12,0.0,71.85,72.02,71.85,296.0,2130280.0,73.078
600779.SH,2022-12-12,0.0,71.71,71.87,71.71,169.0,1213270.0,73.076
600779.SH,2022-12-12,0.0,71.72,71.74,71.71,203.0,1455820.0,73.073
600779.SH,2022-12-12,0.0,71.74,71.75,71.71,172.0,1233810.0,73.071
600779.SH,2022-12-12,0.0,71.82,71.85,71.76,230.0,1651860.0,73.068
600779.SH,2022-12-12,0.0,71.83,71.83,71.81,146.0,1048540.0,73.066
600779.SH,2022-12-12,0.0,71.96,71.96,71.83,89.0,639495.0,73.065
600779.SH,2022-12-12,0.0,71.91,71.99,71.9,261.0,1877900.0,73.062
600779.SH,2022-12-12,0.0,71.94,71.94,71.91,136.0,978231.0,73.06
600779.SH,2022-12-12,0.0,71.99,71.99,71.94,103.0,741289.0,73.059
600779.SH,2022-12-12,0.0,71.88,71.99,71.88,366.0,2633790.0,73.055
600779.SH,2022-12-12,0.0,71.89,71.9,71.88,106.0,761991.0,73.054
600779.SH,2022-12-12,0.0,71.85,71.9,71.85,300.0,2156300.0,73.05
600779.SH,2022-12-12,0.0,71.69,71.85,71.69,539.0,3867960.0,73.043
600779.SH,2022-12-12,0.0,71.59,71.69,71.59,462.0,3309380.0,73.037
600779.SH,2022-12-12,0.0,71.57,71.59,71.55,312.0,2232890.0,73.032
600779.SH,2022-12-12,0.0,71.56,71.59,71.55,266.0,1903780.0,73.028
600779.SH,2022-12-12,0.0,71.55,71.56,71.54,327.0,2339760.0,73.023
600779.SH,2022-12-12,0.0,71.63,71.63,71.54,415.0,2969520.0,73.017
600779.SH,2022-12-12,0.0,71.74,71.74,71.63,262.0,1878240.0,73.014
600779.SH,2022-12-12,0.0,71.82,71.88,71.74,282.0,2024430.0,73.01
600779.SH,2022-12-12,0.0,71.98,71.99,71.82,229.0,1646280.0,73.008
600779.SH,2022-12-12,0.0,71.96,72.0,71.92,597.0,4296170.0,73.002
600779.SH,2022-12-12,0.0,71.92,71.96,71.92,126.0,906472.0,73.0
600779.SH,2022-12-12,0.0,71.96,72.0,71.92,171.0,1230870.0,72.999
600779.SH,2022-12-12,0.0,72.0,72.0,71.93,242.0,1741360.0,72.996
600779.SH,2022-12-12,0.0,72.1,72.1,72.0,179.0,1289390.0,72.994
600779.SH,2022-12-12,0.0,72.1,72.17,72.08,116.0,836598.0,72.993
600779.SH,2022-12-12,0.0,72.18,72.18,72.1,146.0,1053510.0,72.992
600779.SH,2022-12-12,0.0,72.18,72.19,72.15,416.0,3002500.0,72.989
600779.SH,2022-12-12,0.0,72.22,72.22,72.17,138.0,996220.0,72.988
600779.SH,2022-12-12,0.0,72.02,72.22,72.02,303.0,2186400.0,72.986
600779.SH,2022-12-12,0.0,71.95,72.02,71.95,205.0,1475600.0,72.984
600779.SH,2022-12-12,0.0,71.85,71.95,71.85,228.0,1638750.0,72.981
600779.SH,2022-12-12,0.0,71.92,71.93,71.82,122.0,876598.0,72.98
600779.SH,2022-12-12,0.0,72.04,72.04,71.93,95.0,681076.0,72.979
600779.SH,2022-12-12,0.0,72.15,72.15,72.04,88.0,634214.0,72.978
600779.SH,2022-12-12,0.0,72.03,72.15,72.0,151.0,1088430.0,72.977
600779.SH,2022-12-12,0.0,72.0,72.03,72.0,114.0,823682.0,72.976
600779.SH,2022-12-12,0.0,72.0,72.01,71.98,71.0,511183.0,72.975
600779.SH,2022-12-12,0.0,71.99,72.01,71.99,45.0,323983.0,72.975
600779.SH,2022-12-12,0.0,71.99,72.0,71.99,66.0,475162.0,72.974
600779.SH,2022-12-12,0.0,71.92,71.95,71.88,374.0,2690980.0,72.97
600779.SH,2022-12-12,0.0,71.83,71.92,71.83,164.0,1178830.0,72.969
600779.SH,2022-12-12,0.0,71.8,71.83,71.8,132.0,947999.0,72.967
600779.SH,2022-12-12,0.0,71.81,71.97,71.8,233.0,1673280.0,72.965
600779.SH,2022-12-12,0.0,71.94,71.95,71.8,60.0,430981.0,72.964
600779.SH,2022-12-12,0.0,71.9,71.94,71.83,105.0,755184.0,72.963
600779.SH,2022-12-12,0.0,71.9,71.9,71.84,93.0,668418.0,72.962
600779.SH,2022-12-12,0.0,71.89,71.9,71.88,135.0,970504.0,72.961
600779.SH,2022-12-12,0.0,71.95,71.95,71.89,188.0,1351600.0,72.959
600779.SH,2022-12-12,0.0,71.92,71.98,71.92,129.0,928381.0,72.958
600779.SH,2022-12-12,0.0,71.92,71.95,71.92,81.0,582651.0,72.957
600779.SH,2022-12-12,0.0,71.9,71.9,71.89,103.0,740574.0,72.956
600779.SH,2022-12-12,0.0,71.88,71.9,71.88,88.0,632633.0,72.955
600779.SH,2022-12-12,0.0,71.85,71.88,71.85,110.0,790531.0,72.954
600779.SH,2022-12-12,0.0,71.87,71.9,71.85,325.0,2336320.0,72.951
600779.SH,2022-12-12,0.0,71.88,71.95,71.86,86.0,618295.0,72.95
600779.SH,2022-12-12,0.0,71.82,71.92,71.81,344.0,2472200.0,72.946
600779.SH,2022-12-12,0.0,71.76,71.82,71.75,233.0,1672890.0,72.944
600779.SH,2022-12-12,0.0,71.7,71.75,71.7,264.0,1893660.0,72.941
600779.SH,2022-12-12,0.0,71.68,71.71,71.68,168.0,1204480.0,72.939
600779.SH,2022-12-12,0.0,71.65,71.68,71.65,229.0,1640520.0,72.936
600779.SH,2022-12-12,0.0,71.57,71.65,71.57,495.0,3544000.0,72.93
600779.SH,2022-12-12,0.0,71.6,71.6,71.56,95.0,679930.0,72.929
600779.SH,2022-12-12,0.0,71.59,71.6,71.58,295.0,2112100.0,72.925
600779.SH,2022-12-12,0.0,71.63,71.64,71.59,222.0,1589590.0,72.923
600779.SH,2022-12-12,0.0,71.65,71.65,71.63,190.0,1361270.0,72.92
600779.SH,2022-12-12,0.0,71.65,71.65,71.64,122.0,874059.0,72.919
600779.SH,2022-12-12,0.0,71.64,71.65,71.63,108.0,773693.0,72.918
600779.SH,2022-12-12,0.0,71.63,71.65,71.63,69.0,494299.0,72.917
600779.SH,2022-12-12,0.0,71.61,71.64,71.61,157.0,1124460.0,72.915
600779.SH,2022-12-12,0.0,71.58,71.62,71.58,429.0,3071430.0,72.91
600779.SH,2022-12-12,0.0,71.58,71.59,71.58,131.0,937744.0,72.908
600779.SH,2022-12-12,0.0,71.58,71.59,71.57,194.0,1388650.0,72.906
600779.SH,2022-12-12,0.0,71.56,71.58,71.56,180.0,1288300.0,72.904
600779.SH,2022-12-12,0.0,71.55,71.6,71.54,597.0,4271950.0,72.897
600779.SH,2022-12-12,0.0,71.53,71.55,71.52,209.0,1495120.0,72.894
600779.SH,2022-12-12,0.0,71.52,71.55,71.52,105.0,751123.0,72.893
600779.SH,2022-12-12,0.0,71.55,71.55,71.52,108.0,772533.0,72.892
600779.SH,2022-12-12,0.0,71.59,71.62,71.54,392.0,2805660.0,72.887
600779.SH,2022-12-12,0.0,71.53,71.59,71.53,178.0,1273590.0,72.885
600779.SH,2022-12-12,0.0,71.52,71.53,71.5,476.0,3404130.0,72.879
600779.SH,2022-12-12,0.0,71.53,71.54,71.51,238.0,1702100.0,72.876
600779.SH,2022-12-12,0.0,71.52,71.54,71.51,199.0,1426600.0,72.874
600779.SH,2022-12-12,0.0,71.58,71.58,71.52,240.0,1716710.0,72.871
600779.SH,2022-12-12,0.0,71.62,71.62,71.58,195.0,1396080.0,72.869
600779.SH,2022-12-12,0.0,71.6,71.63,71.58,256.0,1833300.0,72.866
600779.SH,2022-12-12,0.0,71.6,71.63,71.58,196.0,1403700.0,72.864
600779.SH,2022-12-12,0.0,71.62,71.63,71.6,209.0,1496620.0,72.862
600779.SH,2022-12-12,0.0,71.65,71.67,71.6,141.0,1009960.0,72.86
600779.SH,2022-12-12,0.0,71.72,71.78,71.65,171.0,1226230.0,72.858
600779.SH,2022-12-12,0.0,71.6,71.75,71.6,297.0,2128180.0,72.855
600779.SH,2022-12-12,0.0,71.61,71.62,71.6,165.0,1181570.0,72.854
600779.SH,2022-12-12,0.0,71.62,71.62,71.61,171.0,1224620.0,72.852
600779.SH,2022-12-12,0.0,71.6,71.62,71.6,248.0,1775920.0,72.849
600779.SH,2022-12-12,0.0,71.6,71.62,71.59,227.0,1625450.0,72.847
600779.SH,2022-12-12,0.0,71.59,71.61,71.58,232.0,1660940.0,72.844
600779.SH,2022-12-12,0.0,71.5,71.6,71.5,732.0,5236470.0,72.836
600779.SH,2022-12-12,0.0,71.49,71.5,71.47,761.0,5437660.0,72.827
600779.SH,2022-12-12,0.0,71.49,71.49,71.46,386.0,2759160.0,72.823
600779.SH,2022-12-12,0.0,71.5,71.5,71.48,328.0,2344920.0,72.819
600779.SH,2022-12-12,0.0,71.5,71.55,71.49,373.0,2665910.0,72.815
600779.SH,2022-12-12,0.0,71.52,71.54,71.5,267.0,1909640.0,72.812
600779.SH,2022-12-12,0.0,71.52,71.53,71.5,336.0,2403150.0,72.809
600779.SH,2022-12-12,0.0,71.53,71.54,71.52,352.0,2517500.0,72.805
600779.SH,2022-12-12,0.0,71.53,71.53,71.53,0.0,0.0,72.805
600779.SH,2022-12-12,0.0,71.53,71.53,71.53,0.0,0.0,72.805
600779.SH,2022-12-12,0.0,71.57,71.57,71.57,479.0,3428200.0,72.8
600779.SH,2022-12-13,0.0,70.86,70.86,70.86,889.0,6301230.0,70.86
600779.SH,2022-12-13,0.0,71.04,71.57,70.89,1726.0,12255000.0,70.954
600779.SH,2022-12-13,0.0,70.87,71.04,70.87,1294.0,9176850.0,70.942
600779.SH,2022-12-13,0.0,70.18,70.83,70.16,2512.0,17701900.0,70.76
600779.SH,2022-12-13,0.0,70.41,70.47,70.15,1213.0,8527070.0,70.686
600779.SH,2022-12-13,0.0,70.43,70.5,70.36,1148.0,8086700.0,70.654
600779.SH,2022-12-13,0.0,70.69,70.69,70.4,522.0,3683550.0,70.646
600779.SH,2022-12-13,0.0,71.16,71.23,70.79,665.0,4723950.0,70.672
600779.SH,2022-12-13,0.0,71.05,71.11,70.97,776.0,5513730.0,70.7
600779.SH,2022-12-13,0.0,70.91,71.05,70.76,660.0,4678720.0,70.711
600779.SH,2022-12-13,0.0,71.26,71.27,71.01,892.0,6346750.0,70.743
600779.SH,2022-12-13,0.0,71.35,71.35,71.26,537.0,3831070.0,70.766
600779.SH,2022-12-13,0.0,71.44,71.47,71.35,698.0,4985840.0,70.801
600779.SH,2022-12-13,0.0,71.9,71.99,71.45,599.0,4292620.0,70.835
600779.SH,2022-12-13,0.0,71.84,72.12,71.79,1381.0,9933530.0,70.933
600779.SH,2022-12-13,0.0,72.37,72.4,71.86,851.0,6138590.0,70.994
600779.SH,2022-12-13,0.0,71.83,72.3,71.83,1047.0,7550840.0,71.062
600779.SH,2022-12-13,0.0,71.63,71.86,71.56,439.0,3147400.0,71.078
600779.SH,2022-12-13,0.0,71.5,71.67,71.5,693.0,4958910.0,71.095
600779.SH,2022-12-13,0.0,71.9,71.96,71.52,563.0,4048280.0,71.117
600779.SH,2022-12-13,0.0,71.71,71.97,71.71,921.0,6616350.0,71.152
600779.SH,2022-12-13,0.0,71.57,71.79,71.57,300.0,2149390.0,71.16
600779.SH,2022-12-13,0.0,71.72,71.77,71.5,389.0,2784860.0,71.168
600779.SH,2022-12-13,0.0,71.6,71.74,71.56,220.0,1576180.0,71.173
600779.SH,2022-12-13,0.0,71.9,71.9,71.57,1091.0,7828580.0,71.2
600779.SH,2022-12-13,0.0,72.08,72.08,71.9,649.0,4671210.0,71.222
600779.SH,2022-12-13,0.0,72.3,72.3,72.12,578.0,4172960.0,71.247
600779.SH,2022-12-13,0.0,72.27,72.32,72.27,839.0,6066250.0,71.283
600779.SH,2022-12-13,0.0,72.34,72.34,72.27,700.0,5064070.0,71.312
600779.SH,2022-12-13,0.0,72.36,72.37,72.33,859.0,6214950.0,71.347
600779.SH,2022-12-13,0.0,72.09,72.34,72.09,437.0,3154120.0,71.362
600779.SH,2022-12-13,0.0,72.38,72.39,72.05,1016.0,7337430.0,71.394
600779.SH,2022-12-13,0.0,72.27,72.4,72.22,797.0,5763520.0,71.42
600779.SH,2022-12-13,0.0,72.32,72.32,72.24,575.0,4156330.0,71.438
600779.SH,2022-12-13,0.0,72.26,72.34,72.26,491.0,3549530.0,71.452
600779.SH,2022-12-13,0.0,72.44,72.44,72.21,997.0,7209790.0,71.481
600779.SH,2022-12-13,0.0,72.67,72.68,72.46,785.0,5698140.0,71.509
600779.SH,2022-12-13,0.0,72.43,72.58,72.43,509.0,3690340.0,71.525
600779.SH,2022-12-13,0.0,72.65,72.65,72.43,355.0,2573840.0,71.536
600779.SH,2022-12-13,0.0,72.6,72.68,72.59,668.0,4852090.0,71.559
600779.SH,2022-12-13,0.0,72.51,72.62,72.5,214.0,1552730.0,71.566
600779.SH,2022-12-13,0.0,72.39,72.5,72.36,275.0,1991760.0,71.573
600779.SH,2022-12-13,0.0,72.47,72.47,72.4,340.0,2464680.0,71.582
600779.SH,2022-12-13,0.0,72.46,72.5,72.43,269.0,1947870.0,71.589
600779.SH,2022-12-13,0.0,72.46,72.47,72.4,591.0,4280760.0,71.604
600779.SH,2022-12-13,0.0,72.6,72.6,72.45,411.0,2981700.0,71.614
600779.SH,2022-12-13,0.0,72.58,72.59,72.5,270.0,1958660.0,71.622
600779.SH,2022-12-13,0.0,72.5,72.57,72.49,230.0,1668010.0,71.628
600779.SH,2022-12-13,0.0,72.36,72.5,72.33,290.0,2100440.0,71.634
600779.SH,2022-12-13,0.0,72.22,72.33,72.22,449.0,3245190.0,71.642
600779.SH,2022-12-13,0.0,72.33,72.43,72.2,378.0,2733420.0,71.649
600779.SH,2022-12-13,0.0,72.78,72.8,72.43,1259.0,9141870.0,71.682
600779.SH,2022-12-13,0.0,72.87,72.88,72.77,775.0,5643130.0,71.705
600779.SH,2022-12-13,0.0,72.85,72.9,72.85,530.0,3861890.0,71.721
600779.SH,2022-12-13,0.0,72.94,72.98,72.79,641.0,4673440.0,71.739
600779.SH,2022-12-13,0.0,73.27,73.28,72.98,1181.0,8628820.0,71.778
600779.SH,2022-12-13,0.0,73.08,73.3,73.08,751.0,5498570.0,71.804
600779.SH,2022-12-13,0.0,73.14,73.2,72.99,610.0,4458090.0,71.823
600779.SH,2022-12-13,0.0,73.37,73.37,73.1,708.0,5186700.0,71.847
600779.SH,2022-12-13,0.0,73.3,73.49,73.3,873.0,6410380.0,71.879
600779.SH,2022-12-13,0.0,73.2,73.34,73.2,588.0,4309120.0,71.898
600779.SH,2022-12-13,0.0,72.62,73.12,72.62,498.0,3626550.0,71.909
600779.SH,2022-12-13,0.0,72.91,72.96,72.63,457.0,3329220.0,71.919
600779.SH,2022-12-13,0.0,72.86,72.95,72.86,333.0,2427800.0,71.926
600779.SH,2022-12-13,0.0,72.95,72.95,72.78,452.0,3296780.0,71.935
600779.SH,2022-12-13,0.0,72.72,72.95,72.7,248.0,1805910.0,71.94
600779.SH,2022-12-13,0.0,72.77,72.78,72.61,281.0,2041970.0,71.944
600779.SH,2022-12-13,0.0,72.86,72.86,72.77,100.0,728210.0,71.946
600779.SH,2022-12-13,0.0,73.16,73.16,72.88,526.0,3839210.0,71.958
600779.SH,2022-12-13,0.0,73.18,73.24,73.12,566.0,4142860.0,71.973
600779.SH,2022-12-13,0.0,73.26,73.29,73.18,502.0,3676180.0,71.986
600779.SH,2022-12-13,0.0,73.0,73.24,73.0,300.0,2194500.0,71.993
600779.SH,2022-12-13,0.0,73.2,73.2,72.99,250.0,1825560.0,71.999
600779.SH,2022-12-13,0.0,73.37,73.37,73.2,1004.0,7361390.0,72.026
600779.SH,2022-12-13,0.0,73.37,73.4,73.35,527.0,3867320.0,72.04
600779.SH,2022-12-13,0.0,73.3,73.38,73.23,349.0,2559400.0,72.049
600779.SH,2022-12-13,0.0,73.34,73.35,73.27,472.0,3460830.0,72.061
600779.SH,2022-12-13,0.0,73.44,73.44,73.34,368.0,2700800.0,72.07
600779.SH,2022-12-13,0.0,73.65,73.65,73.44,1262.0,9277370.0,72.105
600779.SH,2022-12-13,0.0,73.88,73.88,73.68,823.0,6075320.0,72.132
600779.SH,2022-12-13,0.0,73.77,73.88,73.75,938.0,6924270.0,72.161
600779.SH,2022-12-13,0.0,73.55,73.81,73.5,430.0,3166920.0,72.173
600779.SH,2022-12-13,0.0,73.89,73.9,73.54,668.0,4929810.0,72.192
600779.SH,2022-12-13,0.0,73.75,73.88,73.64,526.0,3883020.0,72.208
600779.SH,2022-12-13,0.0,73.65,73.74,73.55,454.0,3343640.0,72.219
600779.SH,2022-12-13,0.0,73.72,73.75,73.6,412.0,3035460.0,72.23
600779.SH,2022-12-13,0.0,73.56,73.74,73.56,447.0,3292140.0,72.241
600779.SH,2022-12-13,0.0,73.54,73.61,73.45,462.0,3396530.0,72.251
600779.SH,2022-12-13,0.0,73.47,73.55,73.47,301.0,2212840.0,72.258
600779.SH,2022-12-13,0.0,73.43,73.48,73.4,339.0,2493080.0,72.265
600779.SH,2022-12-13,0.0,73.44,73.47,73.4,548.0,4024380.0,72.276
600779.SH,2022-12-13,0.0,73.51,73.51,73.46,283.0,2079810.0,72.281
600779.SH,2022-12-13,0.0,73.5,73.51,73.46,332.0,2440210.0,72.288
600779.SH,2022-12-13,0.0,73.34,73.46,73.33,459.0,3361960.0,72.296
600779.SH,2022-12-13,0.0,73.4,73.42,73.33,528.0,3877080.0,72.306
600779.SH,2022-12-13,0.0,73.36,73.41,73.33,461.0,3381050.0,72.313
600779.SH,2022-12-13,0.0,73.2,73.34,73.2,195.0,1429020.0,72.317
600779.SH,2022-12-13,0.0,73.05,73.17,73.04,215.0,1571290.0,72.319
600779.SH,2022-12-13,0.0,73.01,73.04,72.98,439.0,3204990.0,72.324
600779.SH,2022-12-13,0.0,73.24,73.24,73.02,409.0,2988440.0,72.329
600779.SH,2022-12-13,0.0,73.34,73.4,73.24,243.0,1781850.0,72.333
600779.SH,2022-12-13,0.0,73.2,73.3,73.19,219.0,1603590.0,72.336
600779.SH,2022-12-13,0.0,73.35,73.35,73.19,327.0,2397380.0,72.341
600779.SH,2022-12-13,0.0,73.4,73.4,73.35,354.0,2597650.0,72.347
600779.SH,2022-12-13,0.0,73.28,73.4,73.25,138.0,1012240.0,72.349
600779.SH,2022-12-13,0.0,73.28,73.3,73.26,191.0,1399930.0,72.352
600779.SH,2022-12-13,0.0,73.35,73.35,73.28,67.0,491271.0,72.353
600779.SH,2022-12-13,0.0,73.38,73.4,73.33,273.0,2003440.0,72.357
600779.SH,2022-12-13,0.0,73.45,73.45,73.39,175.0,1284630.0,72.36
600779.SH,2022-12-13,0.0,73.5,73.5,73.44,243.0,1785590.0,72.364
600779.SH,2022-12-13,0.0,73.72,73.72,73.5,355.0,2613530.0,72.371
600779.SH,2022-12-13,0.0,73.49,73.72,73.49,332.0,2445320.0,72.378
600779.SH,2022-12-13,0.0,73.48,73.56,73.48,126.0,926130.0,72.38
600779.SH,2022-12-13,0.0,73.43,73.48,73.43,230.0,1689340.0,72.384
600779.SH,2022-12-13,0.0,73.25,73.42,73.25,402.0,2947510.0,72.39
600779.SH,2022-12-13,0.0,73.3,73.32,73.25,205.0,1502400.0,72.392
600779.SH,2022-12-13,0.0,73.25,73.3,73.25,162.0,1187170.0,72.395
600779.SH,2022-12-13,0.0,73.1,73.24,73.1,185.0,1354120.0,72.397
600779.SH,2022-12-13,0.0,73.13,73.13,73.1,168.0,1228250.0,72.399
600779.SH,2022-12-13,0.0,73.06,73.13,73.06,135.0,986904.0,72.4
600779.SH,2022-12-13,0.0,73.09,73.1,73.05,113.0,825617.0,72.401
600779.SH,2022-12-13,0.0,73.02,73.12,72.97,876.0,6397520.0,72.409
600779.SH,2022-12-13,0.0,73.21,73.21,73.03,159.0,1162500.0,72.411
600779.SH,2022-12-13,0.0,73.23,73.25,73.21,140.0,1025230.0,72.413
600779.SH,2022-12-13,0.0,73.2,73.24,73.17,184.0,1347130.0,72.415
600779.SH,2022-12-13,0.0,72.83,73.13,72.83,198.0,1443950.0,72.416
600779.SH,2022-12-13,0.0,72.78,72.83,72.78,283.0,2060400.0,72.418
600779.SH,2022-12-13,0.0,72.7,72.78,72.68,364.0,2647610.0,72.419
600779.SH,2022-12-13,0.0,72.64,72.7,72.63,309.0,2244620.0,72.421
600779.SH,2022-12-13,0.0,72.63,72.65,72.62,237.0,1721430.0,72.421
600779.SH,2022-12-13,0.0,72.64,72.65,72.63,132.0,958930.0,72.422
600779.SH,2022-12-13,0.0,72.66,72.66,72.64,99.0,719288.0,72.422
600779.SH,2022-12-13,0.0,72.7,72.71,72.65,317.0,2304020.0,72.423
600779.SH,2022-12-13,0.0,72.83,72.85,72.71,106.0,771525.0,72.424
600779.SH,2022-12-13,0.0,72.67,72.9,72.67,286.0,2081000.0,72.425
600779.SH,2022-12-13,0.0,72.85,72.85,72.69,56.0,407689.0,72.425
600779.SH,2022-12-13,0.0,72.88,72.88,72.85,82.0,597491.0,72.426
600779.SH,2022-12-13,0.0,72.85,72.88,72.81,80.0,582834.0,72.426
600779.SH,2022-12-13,0.0,72.76,72.85,72.76,166.0,1208830.0,72.427
600779.SH,2022-12-13,0.0,72.64,72.76,72.64,119.0,864133.0,72.428
600779.SH,2022-12-13,0.0,72.61,72.64,72.6,168.0,1219900.0,72.428
600779.SH,2022-12-13,0.0,72.54,72.62,72.53,133.0,965346.0,72.428
600779.SH,2022-12-13,0.0,72.88,72.88,72.54,455.0,3304130.0,72.43
600779.SH,2022-12-13,0.0,72.99,72.99,72.88,89.0,649050.0,72.43
600779.SH,2022-12-13,0.0,73.22,73.22,73.0,156.0,1140210.0,72.432
600779.SH,2022-12-13,0.0,72.85,73.22,72.85,268.0,1956580.0,72.434
600779.SH,2022-12-13,0.0,72.83,72.88,72.82,139.0,1012630.0,72.435
600779.SH,2022-12-13,0.0,72.96,72.96,72.84,123.0,896403.0,72.435
600779.SH,2022-12-13,0.0,72.9,72.95,72.89,128.0,933114.0,72.436
600779.SH,2022-12-13,0.0,72.89,72.9,72.89,35.0,255120.0,72.436
600779.SH,2022-12-13,0.0,72.89,72.9,72.88,105.0,765366.0,72.437
600779.SH,2022-12-13,0.0,72.92,72.92,72.86,187.0,1363110.0,72.438
600779.SH,2022-12-13,0.0,73.0,73.0,72.87,125.0,911898.0,72.439
600779.SH,2022-12-13,0.0,73.14,73.15,73.03,184.0,1345030.0,72.441
600779.SH,2022-12-13,0.0,73.19,73.19,73.11,210.0,1536380.0,72.443
600779.SH,2022-12-13,0.0,73.19,73.2,73.17,175.0,1280860.0,72.445
600779.SH,2022-12-13,0.0,73.17,73.2,73.16,176.0,1288050.0,72.446
600779.SH,2022-12-13,0.0,73.2,73.21,73.18,277.0,2027850.0,72.449
600779.SH,2022-12-13,0.0,73.33,73.33,73.23,189.0,1385280.0,72.451
600779.SH,2022-12-13,0.0,73.36,73.39,73.33,407.0,2985910.0,72.456
600779.SH,2022-12-13,0.0,73.25,73.37,73.23,295.0,2163110.0,72.46
600779.SH,2022-12-13,0.0,73.24,73.3,73.23,115.0,842248.0,72.461
600779.SH,2022-12-13,0.0,73.19,73.27,73.19,157.0,1149410.0,72.463
600779.SH,2022-12-13,0.0,73.06,73.19,73.06,83.0,607198.0,72.463
600779.SH,2022-12-13,0.0,73.01,73.06,73.0,42.0,306682.0,72.464
600779.SH,2022-12-13,0.0,73.07,73.11,73.01,108.0,789104.0,72.464
600779.SH,2022-12-13,0.0,73.15,73.15,73.06,68.0,497337.0,72.465
600779.SH,2022-12-13,0.0,73.21,73.21,73.15,57.0,417170.0,72.466
600779.SH,2022-12-13,0.0,73.33,73.33,73.2,172.0,1259870.0,72.467
600779.SH,2022-12-13,0.0,73.38,73.38,73.33,148.0,1085660.0,72.469
600779.SH,2022-12-13,0.0,73.42,73.42,73.38,186.0,1365150.0,72.471
600779.SH,2022-12-13,0.0,73.46,73.47,73.42,509.0,3738240.0,72.478
600779.SH,2022-12-13,0.0,73.48,73.49,73.44,223.0,1638520.0,72.481
600779.SH,2022-12-13,0.0,73.37,73.48,73.37,128.0,939578.0,72.482
600779.SH,2022-12-13,0.0,73.41,73.41,73.36,259.0,1900820.0,72.485
600779.SH,2022-12-13,0.0,73.58,73.58,73.41,880.0,6469010.0,72.497
600779.SH,2022-12-13,0.0,73.64,73.66,73.58,354.0,2606450.0,72.502
600779.SH,2022-12-13,0.0,73.65,73.68,73.64,340.0,2504460.0,72.507
600779.SH,2022-12-13,0.0,73.62,73.65,73.6,488.0,3592940.0,72.514
600779.SH,2022-12-13,0.0,73.54,73.61,73.53,348.0,2560390.0,72.519
600779.SH,2022-12-13,0.0,73.44,73.52,73.43,322.0,2366740.0,72.523
600779.SH,2022-12-13,0.0,73.66,73.66,73.44,436.0,3206500.0,72.528
600779.SH,2022-12-13,0.0,73.62,73.67,73.62,186.0,1370050.0,72.531
600779.SH,2022-12-13,0.0,73.49,73.66,73.42,166.0,1221690.0,72.533
600779.SH,2022-12-13,0.0,73.43,73.5,73.43,72.0,528932.0,72.534
600779.SH,2022-12-13,0.0,73.41,73.48,73.41,126.0,925349.0,72.535
600779.SH,2022-12-13,0.0,73.34,73.41,73.34,251.0,1842050.0,72.538
600779.SH,2022-12-13,0.0,73.21,73.33,73.21,132.0,966843.0,72.539
600779.SH,2022-12-13,0.0,73.26,73.27,73.2,240.0,1757490.0,72.541
600779.SH,2022-12-13,0.0,73.33,73.33,73.26,203.0,1487700.0,72.543
600779.SH,2022-12-13,0.0,73.42,73.42,73.33,133.0,976181.0,72.544
600779.SH,2022-12-13,0.0,73.48,73.5,73.42,148.0,1087130.0,72.546
600779.SH,2022-12-13,0.0,73.49,73.5,73.43,100.0,734890.0,72.547
600779.SH,2022-12-13,0.0,73.49,73.5,73.47,151.0,1109650.0,72.549
600779.SH,2022-12-13,0.0,73.46,73.49,73.46,209.0,1535730.0,72.551
600779.SH,2022-12-13,0.0,73.47,73.49,73.45,106.0,778715.0,72.552
600779.SH,2022-12-13,0.0,73.41,73.48,73.41,179.0,1314700.0,72.554
600779.SH,2022-12-13,0.0,73.52,73.52,73.38,807.0,5927120.0,72.563
600779.SH,2022-12-13,0.0,73.61,73.62,73.48,305.0,2243670.0,72.566
600779.SH,2022-12-13,0.0,73.76,73.76,73.65,685.0,5047510.0,72.575
600779.SH,2022-12-13,0.0,73.89,73.89,73.72,1035.0,7641980.0,72.591
600779.SH,2022-12-13,0.0,73.8,73.9,73.78,818.0,6043500.0,72.603
600779.SH,2022-12-13,0.0,73.72,73.8,73.72,264.0,1947610.0,72.606
600779.SH,2022-12-13,0.0,73.68,73.73,73.28,502.0,3692830.0,72.612
600779.SH,2022-12-13,0.0,73.6,73.7,73.6,178.0,1311300.0,72.614
600779.SH,2022-12-13,0.0,73.68,73.69,73.57,210.0,1546240.0,72.617
600779.SH,2022-12-13,0.0,73.51,73.61,73.51,244.0,1795670.0,72.619
600779.SH,2022-12-13,0.0,73.38,73.5,73.38,166.0,1218960.0,72.621
600779.SH,2022-12-13,0.0,73.41,73.41,73.38,235.0,1724710.0,72.623
600779.SH,2022-12-13,0.0,73.44,73.45,73.39,154.0,1130620.0,72.624
600779.SH,2022-12-13,0.0,73.43,73.45,73.42,247.0,1813800.0,72.627
600779.SH,2022-12-13,0.0,73.41,73.5,73.39,197.0,1446660.0,72.628
600779.SH,2022-12-13,0.0,73.41,73.46,73.4,138.0,1013200.0,72.63
600779.SH,2022-12-13,0.0,73.44,73.44,73.4,225.0,1651870.0,72.632
600779.SH,2022-12-13,0.0,73.4,73.44,73.4,368.0,2702200.0,72.635
600779.SH,2022-12-13,0.0,73.36,73.42,73.36,179.0,1313550.0,72.636
600779.SH,2022-12-13,0.0,73.35,73.39,73.35,208.0,1525920.0,72.638
600779.SH,2022-12-13,0.0,73.36,73.38,73.35,212.0,1555210.0,72.64
600779.SH,2022-12-13,0.0,73.35,73.39,73.35,376.0,2758590.0,72.643
600779.SH,2022-12-13,0.0,73.35,73.36,73.35,190.0,1393690.0,72.644
600779.SH,2022-12-13,0.0,73.34,73.36,73.33,165.0,1210230.0,72.645
600779.SH,2022-12-13,0.0,73.36,73.36,73.33,246.0,1804310.0,72.647
600779.SH,2022-12-13,0.0,73.33,73.36,73.33,274.0,2009770.0,72.649
600779.SH,2022-12-13,0.0,73.35,73.35,73.33,311.0,2280660.0,72.652
600779.SH,2022-12-13,0.0,73.33,73.35,73.33,203.0,1488740.0,72.653
600779.SH,2022-12-13,0.0,73.35,73.36,73.33,229.0,1679580.0,72.655
600779.SH,2022-12-13,0.0,73.33,73.35,73.32,204.0,1496070.0,72.657
600779.SH,2022-12-13,0.0,73.34,73.35,73.32,269.0,1972660.0,72.658
600779.SH,2022-12-13,0.0,73.34,73.35,73.33,134.0,982708.0,72.659
600779.SH,2022-12-13,0.0,73.34,73.35,73.33,263.0,1928680.0,72.661
600779.SH,2022-12-13,0.0,73.32,73.34,73.32,397.0,2910980.0,72.664
600779.SH,2022-12-13,0.0,73.34,73.35,73.32,601.0,4408420.0,72.669
600779.SH,2022-12-13,0.0,73.5,73.5,73.35,370.0,2717020.0,72.672
600779.SH,2022-12-13,0.0,73.52,73.52,73.47,588.0,4321710.0,72.677
600779.SH,2022-12-13,0.0,73.53,73.54,73.52,400.0,2941020.0,72.68
600779.SH,2022-12-13,0.0,73.48,73.53,73.48,761.0,5593770.0,72.687
600779.SH,2022-12-13,0.0,73.52,73.52,73.48,571.0,4195100.0,72.692
600779.SH,2022-12-13,0.0,73.53,73.55,73.51,624.0,4584140.0,72.697
600779.SH,2022-12-13,0.0,73.55,73.55,73.55,8.0,58833.0,72.697
600779.SH,2022-12-13,0.0,73.55,73.55,73.55,0.0,0.0,72.697
600779.SH,2022-12-13,0.0,73.55,73.55,73.55,1167.0,8583280.0,72.707
600779.SH,2022-12-14,0.0,73.0,73.0,73.0,512.0,3737600.0,73.0
600779.SH,2022-12-14,0.0,72.76,73.0,72.51,1281.0,9316500.0,72.806
600779.SH,2022-12-14,0.0,73.3,73.3,72.76,908.0,6633000.0,72.875
600779.SH,2022-12-14,0.0,73.37,73.37,73.3,920.0,6744640.0,72.986
600779.SH,2022-12-14,0.0,74.03,74.03,73.4,1076.0,7942820.0,73.177
600779.SH,2022-12-14,0.0,73.76,74.08,73.58,1479.0,10919100.0,73.332
600779.SH,2022-12-14,0.0,73.2,73.74,73.2,686.0,5035860.0,73.34
600779.SH,2022-12-14,0.0,73.6,73.6,73.18,722.0,5300820.0,73.351
600779.SH,2022-12-14,0.0,73.31,73.61,73.31,729.0,5356850.0,73.359
600779.SH,2022-12-14,0.0,73.11,73.35,73.03,579.0,4238430.0,73.349
600779.SH,2022-12-14,0.0,73.24,73.37,73.11,616.0,4510860.0,73.341
600779.SH,2022-12-14,0.0,73.03,73.26,73.03,561.0,4104710.0,73.332
600779.SH,2022-12-14,0.0,73.17,73.17,73.01,1174.0,8574650.0,73.301
600779.SH,2022-12-14,0.0,72.91,73.19,72.91,660.0,4821950.0,73.288
600779.SH,2022-12-14,0.0,72.7,72.9,72.7,806.0,5867130.0,73.256
600779.SH,2022-12-14,0.0,72.99,73.06,72.71,668.0,4867760.0,73.237
600779.SH,2022-12-14,0.0,72.95,72.98,72.93,544.0,3968720.0,73.226
600779.SH,2022-12-14,0.0,72.99,73.0,72.94,455.0,3319630.0,73.218
600779.SH,2022-12-14,0.0,73.4,73.4,73.0,408.0,2985970.0,73.217
600779.SH,2022-12-14,0.0,73.59,73.59,73.4,569.0,4181970.0,73.227
600779.SH,2022-12-14,0.0,73.6,73.6,73.56,354.0,2604720.0,73.235
600779.SH,2022-12-14,0.0,73.31,73.6,73.31,437.0,3211980.0,73.242
600779.SH,2022-12-14,0.0,73.63,73.63,73.31,330.0,2425430.0,73.247
600779.SH,2022-12-14,0.0,74.0,74.0,73.64,1375.0,10169900.0,73.302
600779.SH,2022-12-14,0.0,73.96,74.02,73.89,838.0,6199360.0,73.333
600779.SH,2022-12-14,0.0,73.95,73.95,73.82,405.0,2993730.0,73.345
600779.SH,2022-12-14,0.0,74.12,74.12,73.96,967.0,7158720.0,73.378
600779.SH,2022-12-14,0.0,74.28,74.3,74.13,1107.0,8218200.0,73.423
600779.SH,2022-12-14,0.0,74.39,74.39,74.28,1477.0,10975300.0,73.481
600779.SH,2022-12-14,0.0,74.65,74.66,74.38,1371.0,10213000.0,73.539
600779.SH,2022-12-14,0.0,74.36,74.66,74.36,1950.0,14536800.0,73.615
600779.SH,2022-12-14,0.0,74.7,74.7,74.36,1211.0,9024540.0,73.655
600779.SH,2022-12-14,0.0,74.38,74.75,74.36,1886.0,14061800.0,73.714
600779.SH,2022-12-14,0.0,74.58,74.58,74.38,507.0,3775680.0,73.727
600779.SH,2022-12-14,0.0,74.6,74.75,74.56,1147.0,8564480.0,73.762
600779.SH,2022-12-14,0.0,74.85,74.85,74.65,1170.0,8745100.0,73.798
600779.SH,2022-12-14,0.0,75.03,75.05,74.83,2220.0,16642900.0,73.874
600779.SH,2022-12-14,0.0,74.79,75.1,74.79,2763.0,20716200.0,73.957
600779.SH,2022-12-14,0.0,74.63,74.76,74.61,548.0,4091990.0,73.967
600779.SH,2022-12-14,0.0,74.85,74.85,74.63,392.0,2928840.0,73.975
600779.SH,2022-12-14,0.0,74.99,75.0,74.87,658.0,4935760.0,73.992
600779.SH,2022-12-14,0.0,74.89,75.0,74.89,1018.0,7632780.0,74.017
600779.SH,2022-12-14,0.0,74.88,74.88,74.8,646.0,4834100.0,74.031
600779.SH,2022-12-14,0.0,74.8,74.84,74.6,961.0,7178580.0,74.046
600779.SH,2022-12-14,0.0,74.64,74.8,74.63,535.0,3995230.0,74.054
600779.SH,2022-12-14,0.0,74.57,74.64,74.55,770.0,5743550.0,74.064
600779.SH,2022-12-14,0.0,74.49,74.68,74.49,868.0,6471940.0,74.074
600779.SH,2022-12-14,0.0,74.47,74.5,74.44,359.0,2673620.0,74.077
600779.SH,2022-12-14,0.0,74.57,74.57,74.47,620.0,4618920.0,74.083
600779.SH,2022-12-14,0.0,74.61,74.61,74.56,584.0,4356680.0,74.09
600779.SH,2022-12-14,0.0,74.82,74.82,74.6,306.0,2285790.0,74.094
600779.SH,2022-12-14,0.0,74.89,74.89,74.81,412.0,3081140.0,74.101
600779.SH,2022-12-14,0.0,75.0,75.0,74.9,593.0,4446610.0,74.112
600779.SH,2022-12-14,0.0,74.9,75.02,74.8,933.0,6995660.0,74.129
600779.SH,2022-12-14,0.0,74.98,75.01,74.92,952.0,7139590.0,74.147
600779.SH,2022-12-14,0.0,75.18,75.18,75.03,1038.0,7790470.0,74.166
600779.SH,2022-12-14,0.0,75.41,75.49,75.18,625.0,4706760.0,74.181
600779.SH,2022-12-14,0.0,75.59,75.6,75.45,1249.0,9433640.0,74.214
600779.SH,2022-12-14,0.0,75.85,75.85,75.61,1077.0,8157610.0,74.245
600779.SH,2022-12-14,0.0,75.75,75.88,75.75,946.0,7173000.0,74.274
600779.SH,2022-12-14,0.0,75.63,75.73,75.61,656.0,4964840.0,74.291
600779.SH,2022-12-14,0.0,75.52,75.63,75.51,694.0,5244430.0,74.307
600779.SH,2022-12-14,0.0,75.32,75.5,75.32,585.0,4412540.0,74.319
600779.SH,2022-12-14,0.0,75.43,75.5,75.31,511.0,3851290.0,74.329
600779.SH,2022-12-14,0.0,75.6,75.6,75.45,528.0,3986270.0,74.34
600779.SH,2022-12-14,0.0,75.42,75.6,75.4,691.0,5219440.0,74.354
600779.SH,2022-12-14,0.0,75.42,75.44,75.4,395.0,2978880.0,74.362
600779.SH,2022-12-14,0.0,75.41,75.43,75.4,379.0,2858260.0,74.369
600779.SH,2022-12-14,0.0,75.46,75.46,75.41,232.0,1749990.0,74.373
600779.SH,2022-12-14,0.0,75.48,75.48,75.43,447.0,3373270.0,74.381
600779.SH,2022-12-14,0.0,75.5,75.53,75.49,219.0,1653370.0,74.386
600779.SH,2022-12-14,0.0,75.27,75.51,75.27,414.0,3123300.0,74.393
600779.SH,2022-12-14,0.0,75.02,75.3,75.02,324.0,2434420.0,74.397
600779.SH,2022-12-14,0.0,74.9,75.03,74.88,802.0,6012290.0,74.405
600779.SH,2022-12-14,0.0,75.0,75.0,74.91,273.0,2046810.0,74.407
600779.SH,2022-12-14,0.0,74.98,75.0,74.97,327.0,2452340.0,74.41
600779.SH,2022-12-14,0.0,75.01,75.03,74.98,291.0,2182460.0,74.413
600779.SH,2022-12-14,0.0,75.3,75.3,75.04,290.0,2179970.0,74.417
600779.SH,2022-12-14,0.0,75.39,75.41,75.26,298.0,2245670.0,74.421
600779.SH,2022-12-14,0.0,75.41,75.41,75.39,454.0,3423160.0,74.429
600779.SH,2022-12-14,0.0,75.49,75.5,75.4,388.0,2928520.0,74.435
600779.SH,2022-12-14,0.0,75.47,75.52,75.42,373.0,2816160.0,74.441
600779.SH,2022-12-14,0.0,75.31,75.44,75.31,306.0,2307180.0,74.446
600779.SH,2022-12-14,0.0,75.25,75.32,75.18,290.0,2183380.0,74.45
600779.SH,2022-12-14,0.0,75.18,75.25,75.1,104.0,781684.0,74.451
600779.SH,2022-12-14,0.0,75.1,75.19,75.1,142.0,1067090.0,74.453
600779.SH,2022-12-14,0.0,75.0,75.11,75.0,303.0,2273690.0,74.456
600779.SH,2022-12-14,0.0,75.03,75.03,74.96,356.0,2669960.0,74.459
600779.SH,2022-12-14,0.0,75.24,75.24,75.05,150.0,1126960.0,74.46
600779.SH,2022-12-14,0.0,75.2,75.22,75.19,77.0,579076.0,74.461
600779.SH,2022-12-14,0.0,75.22,75.23,75.2,100.0,752127.0,74.462
600779.SH,2022-12-14,0.0,75.23,75.24,75.22,165.0,1241330.0,74.464
600779.SH,2022-12-14,0.0,75.24,75.25,75.2,230.0,1729950.0,74.467
600779.SH,2022-12-14,0.0,75.44,75.44,75.24,350.0,2636250.0,74.471
600779.SH,2022-12-14,0.0,75.6,75.6,75.45,808.0,6107640.0,74.485
600779.SH,2022-12-14,0.0,75.6,75.65,75.59,310.0,2344390.0,74.49
600779.SH,2022-12-14,0.0,75.61,75.65,75.59,542.0,4098650.0,74.499
600779.SH,2022-12-14,0.0,75.65,75.65,75.61,286.0,2163440.0,74.504
600779.SH,2022-12-14,0.0,75.7,75.7,75.63,460.0,3481010.0,74.512
600779.SH,2022-12-14,0.0,75.97,75.98,75.67,1558.0,11817700.0,74.542
600779.SH,2022-12-14,0.0,75.85,75.99,75.85,566.0,4299090.0,74.554
600779.SH,2022-12-14,0.0,75.85,75.89,75.84,237.0,1797840.0,74.558
600779.SH,2022-12-14,0.0,75.93,75.93,75.85,562.0,4264910.0,74.569
600779.SH,2022-12-14,0.0,75.89,75.96,75.89,454.0,3447780.0,74.578
600779.SH,2022-12-14,0.0,75.88,75.91,75.86,442.0,3354500.0,74.586
600779.SH,2022-12-14,0.0,75.72,75.91,75.72,531.0,4026100.0,74.595
600779.SH,2022-12-14,0.0,75.71,75.72,75.66,661.0,5003170.0,74.605
600779.SH,2022-12-14,0.0,75.77,75.78,75.71,205.0,1552740.0,74.608
600779.SH,2022-12-14,0.0,75.77,75.8,75.75,229.0,1735420.0,74.612
600779.SH,2022-12-14,0.0,75.74,75.78,75.7,226.0,1711900.0,74.615
600779.SH,2022-12-14,0.0,75.78,75.78,75.7,294.0,2226330.0,74.62
600779.SH,2022-12-14,0.0,75.98,76.0,75.83,1524.0,11574300.0,74.647
600779.SH,2022-12-14,0.0,76.16,76.16,75.99,1142.0,8681700.0,74.667
600779.SH,2022-12-14,0.0,76.39,76.39,76.17,466.0,3553710.0,74.677
600779.SH,2022-12-14,0.0,76.49,76.5,76.37,1050.0,8029560.0,74.701
600779.SH,2022-12-14,0.0,76.4,76.5,76.4,478.0,3654240.0,74.712
600779.SH,2022-12-14,0.0,76.17,76.4,76.17,183.0,1396170.0,74.716
600779.SH,2022-12-14,0.0,76.03,76.16,76.02,370.0,2815020.0,74.722
600779.SH,2022-12-14,0.0,76.01,76.17,76.01,457.0,3475840.0,74.73
600779.SH,2022-12-14,0.0,76.3,76.3,76.02,329.0,2506990.0,74.736
600779.SH,2022-12-14,0.0,76.39,76.4,76.3,313.0,2390480.0,74.742
600779.SH,2022-12-14,0.0,76.55,76.55,76.39,1101.0,8417660.0,74.765
600779.SH,2022-12-14,0.0,76.7,76.73,76.55,347.0,2659270.0,74.773
600779.SH,2022-12-14,0.0,76.94,76.95,76.73,617.0,4740110.0,74.789
600779.SH,2022-12-14,0.0,77.07,77.1,76.95,2060.0,15863300.0,74.843
600779.SH,2022-12-14,0.0,76.99,77.1,76.98,700.0,5394490.0,74.862
600779.SH,2022-12-14,0.0,76.78,76.97,76.78,524.0,4025300.0,74.874
600779.SH,2022-12-14,0.0,76.8,76.8,76.75,426.0,3270700.0,74.883
600779.SH,2022-12-14,0.0,76.84,76.96,76.8,837.0,6435020.0,74.903
600779.SH,2022-12-14,0.0,77.01,77.02,76.85,767.0,5903500.0,74.921
600779.SH,2022-12-14,0.0,77.1,77.12,77.01,618.0,4762480.0,74.936
600779.SH,2022-12-14,0.0,77.49,77.5,77.14,926.0,7151930.0,74.96
600779.SH,2022-12-14,0.0,78.35,78.35,77.5,3078.0,23988500.0,75.06
600779.SH,2022-12-14,0.0,77.95,78.5,77.95,2261.0,17711000.0,75.139
600779.SH,2022-12-14,0.0,77.7,77.95,77.62,931.0,7235280.0,75.164
600779.SH,2022-12-14,0.0,77.94,77.94,77.74,735.0,5719280.0,75.184
600779.SH,2022-12-14,0.0,77.82,78.0,77.8,845.0,6586860.0,75.208
600779.SH,2022-12-14,0.0,77.62,77.8,77.62,545.0,4234270.0,75.222
600779.SH,2022-12-14,0.0,77.45,77.6,77.45,249.0,1930340.0,75.228
600779.SH,2022-12-14,0.0,77.49,77.49,77.39,660.0,5114840.0,75.243
600779.SH,2022-12-14,0.0,77.52,77.54,77.46,721.0,5590280.0,75.26
600779.SH,2022-12-14,0.0,77.65,77.66,77.51,790.0,6132790.0,75.278
600779.SH,2022-12-14,0.0,77.76,77.76,77.66,322.0,2501620.0,75.286
600779.SH,2022-12-14,0.0,78.01,78.01,77.7,2175.0,16946900.0,75.342
600779.SH,2022-12-14,0.0,77.82,78.01,77.8,2009.0,15667400.0,75.393
600779.SH,2022-12-14,0.0,77.98,78.0,77.82,1051.0,8193890.0,75.419
600779.SH,2022-12-14,0.0,77.97,78.0,77.9,803.0,6262100.0,75.438
600779.SH,2022-12-14,0.0,77.8,77.96,77.8,942.0,7331600.0,75.459
600779.SH,2022-12-14,0.0,77.66,77.85,77.64,948.0,7369660.0,75.479
600779.SH,2022-12-14,0.0,77.8,77.8,77.58,1253.0,9730160.0,75.505
600779.SH,2022-12-14,0.0,77.93,77.96,77.8,536.0,4175390.0,75.516
600779.SH,2022-12-14,0.0,78.07,78.12,77.93,1268.0,9889660.0,75.545
600779.SH,2022-12-14,0.0,78.12,78.17,78.03,1951.0,15239000.0,75.589
600779.SH,2022-12-14,0.0,78.02,78.15,78.02,731.0,5708680.0,75.605
600779.SH,2022-12-14,0.0,78.22,78.22,78.1,919.0,7180120.0,75.626
600779.SH,2022-12-14,0.0,78.36,78.36,78.21,1299.0,10179300.0,75.656
600779.SH,2022-12-14,0.0,78.38,78.49,78.36,673.0,5273150.0,75.672
600779.SH,2022-12-14,0.0,77.94,78.37,77.94,628.0,4911350.0,75.685
600779.SH,2022-12-14,0.0,77.52,77.91,77.52,475.0,3688830.0,75.693
600779.SH,2022-12-14,0.0,77.52,77.53,77.51,720.0,5584830.0,75.705
600779.SH,2022-12-14,0.0,77.56,77.56,77.51,865.0,6702980.0,75.718
600779.SH,2022-12-14,0.0,77.96,77.96,77.53,595.0,4625260.0,75.728
600779.SH,2022-12-14,0.0,77.65,78.0,77.63,609.0,4744780.0,75.739
600779.SH,2022-12-14,0.0,77.59,77.65,77.59,301.0,2336200.0,75.744
600779.SH,2022-12-14,0.0,77.6,77.62,77.56,368.0,2855440.0,75.749
600779.SH,2022-12-14,0.0,77.61,77.62,77.56,285.0,2211280.0,75.753
600779.SH,2022-12-14,0.0,77.6,77.64,77.6,342.0,2654300.0,75.759
600779.SH,2022-12-14,0.0,77.61,77.62,77.6,319.0,2475590.0,75.764
600779.SH,2022-12-14,0.0,77.58,77.7,77.58,363.0,2817190.0,75.769
600779.SH,2022-12-14,0.0,77.56,77.59,77.55,242.0,1877150.0,75.773
600779.SH,2022-12-14,0.0,77.53,77.56,77.53,285.0,2209960.0,75.777
600779.SH,2022-12-14,0.0,77.55,77.55,77.52,554.0,4295100.0,75.785
600779.SH,2022-12-14,0.0,77.66,77.81,77.56,314.0,2438470.0,75.789
600779.SH,2022-12-14,0.0,77.82,77.9,77.66,328.0,2548750.0,75.794
600779.SH,2022-12-14,0.0,77.84,77.89,77.8,177.0,1378040.0,75.797
600779.SH,2022-12-14,0.0,78.0,78.0,77.82,1030.0,8030930.0,75.815
600779.SH,2022-12-14,0.0,78.02,78.02,77.87,308.0,2401500.0,75.82
600779.SH,2022-12-14,0.0,78.01,78.08,78.01,266.0,2075790.0,75.825
600779.SH,2022-12-14,0.0,77.9,78.0,77.87,231.0,1800960.0,75.829
600779.SH,2022-12-14,0.0,77.8,77.94,77.8,209.0,1628340.0,75.832
600779.SH,2022-12-14,0.0,77.61,77.8,77.61,430.0,3340830.0,75.839
600779.SH,2022-12-14,0.0,77.54,77.6,77.54,443.0,3436330.0,75.845
600779.SH,2022-12-14,0.0,77.45,77.53,77.45,449.0,3482790.0,75.85
600779.SH,2022-12-14,0.0,77.38,77.45,77.38,473.0,3661590.0,75.856
600779.SH,2022-12-14,0.0,77.44,77.45,77.35,566.0,4380600.0,75.863
600779.SH,2022-12-14,0.0,77.45,77.45,77.38,211.0,1630720.0,75.866
600779.SH,2022-12-14,0.0,77.48,77.49,77.45,159.0,1231770.0,75.868
600779.SH,2022-12-14,0.0,77.5,77.5,77.48,309.0,2394420.0,75.871
600779.SH,2022-12-14,0.0,77.54,77.54,77.5,144.0,1116270.0,75.873
600779.SH,2022-12-14,0.0,77.55,77.55,77.52,181.0,1403470.0,75.876
600779.SH,2022-12-14,0.0,77.61,77.7,77.55,408.0,3168750.0,75.881
600779.SH,2022-12-14,0.0,77.65,77.7,77.62,209.0,1622550.0,75.884
600779.SH,2022-12-14,0.0,77.64,77.69,77.63,228.0,1770610.0,75.887
600779.SH,2022-12-14,0.0,77.63,77.64,77.61,105.0,815062.0,75.889
600779.SH,2022-12-14,0.0,77.62,77.64,77.62,140.0,1086810.0,75.89
600779.SH,2022-12-14,0.0,77.6,77.63,77.6,103.0,799438.0,75.892
600779.SH,2022-12-14,0.0,77.61,77.63,77.6,216.0,1676430.0,75.895
600779.SH,2022-12-14,0.0,77.61,77.61,77.59,185.0,1435600.0,75.897
600779.SH,2022-12-14,0.0,77.6,77.61,77.6,166.0,1288210.0,75.899
600779.SH,2022-12-14,0.0,77.64,77.64,77.6,268.0,2076470.0,75.903
600779.SH,2022-12-14,0.0,77.62,77.65,77.61,95.0,737502.0,75.904
600779.SH,2022-12-14,0.0,77.61,77.64,77.61,177.0,1373850.0,75.906
600779.SH,2022-12-14,0.0,77.62,77.63,77.61,207.0,1606760.0,75.909
600779.SH,2022-12-14,0.0,77.6,77.62,77.6,242.0,1881860.0,75.912
600779.SH,2022-12-14,0.0,77.61,77.62,77.59,430.0,3337100.0,75.918
600779.SH,2022-12-14,0.0,77.62,77.63,77.6,192.0,1486400.0,75.92
600779.SH,2022-12-14,0.0,77.6,77.62,77.6,303.0,2351670.0,75.924
600779.SH,2022-12-14,0.0,77.6,77.63,77.6,326.0,2530340.0,75.928
600779.SH,2022-12-14,0.0,77.61,77.63,77.6,416.0,3227600.0,75.933
600779.SH,2022-12-14,0.0,77.6,77.61,77.6,269.0,2087540.0,75.937
600779.SH,2022-12-14,0.0,77.58,77.61,77.58,373.0,2894380.0,75.941
600779.SH,2022-12-14,0.0,77.55,77.58,77.55,276.0,2140810.0,75.944
600779.SH,2022-12-14,0.0,77.5,77.54,77.5,503.0,3899010.0,75.95
600779.SH,2022-12-14,0.0,77.43,77.5,77.43,321.0,2486950.0,75.954
600779.SH,2022-12-14,0.0,77.25,77.43,77.25,528.0,4082570.0,75.959
600779.SH,2022-12-14,0.0,77.08,77.25,77.02,550.0,4240490.0,75.964
600779.SH,2022-12-14,0.0,77.02,77.07,77.01,843.0,6494000.0,75.97
600779.SH,2022-12-14,0.0,76.81,77.04,76.81,573.0,4410790.0,75.974
600779.SH,2022-12-14,0.0,76.87,76.88,76.77,843.0,6475520.0,75.98
600779.SH,2022-12-14,0.0,76.96,76.96,76.88,409.0,3146010.0,75.982
600779.SH,2022-12-14,0.0,77.1,77.1,76.97,285.0,2195430.0,75.984
600779.SH,2022-12-14,0.0,77.38,77.38,77.12,306.0,2364640.0,75.987
600779.SH,2022-12-14,0.0,77.35,77.39,77.35,427.0,3303200.0,75.991
600779.SH,2022-12-14,0.0,77.27,77.37,77.24,436.0,3369700.0,75.995
600779.SH,2022-12-14,0.0,77.23,77.25,77.16,633.0,4886960.0,76.001
600779.SH,2022-12-14,0.0,77.25,77.27,77.21,280.0,2162740.0,76.003
600779.SH,2022-12-14,0.0,77.21,77.25,77.2,408.0,3150620.0,76.007
600779.SH,2022-12-14,0.0,77.2,77.22,77.2,443.0,3420350.0,76.011
600779.SH,2022-12-14,0.0,77.22,77.23,77.2,197.0,1521190.0,76.012
600779.SH,2022-12-14,0.0,77.29,77.29,77.22,447.0,3455200.0,76.016
600779.SH,2022-12-14,0.0,77.35,77.37,77.28,524.0,4049550.0,76.021
600779.SH,2022-12-14,0.0,77.32,77.35,77.31,365.0,2822860.0,76.024
600779.SH,2022-12-14,0.0,77.36,77.36,77.32,468.0,3619200.0,76.028
600779.SH,2022-12-14,0.0,77.39,77.39,77.35,523.0,4046380.0,76.033
600779.SH,2022-12-14,0.0,77.41,77.43,77.37,679.0,5252540.0,76.04
600779.SH,2022-12-14,0.0,77.52,77.55,77.43,680.0,5268790.0,76.046
600779.SH,2022-12-14,0.0,77.63,77.63,77.52,833.0,6463540.0,76.055
600779.SH,2022-12-14,0.0,77.7,77.7,77.63,1137.0,8832910.0,76.067
600779.SH,2022-12-14,0.0,77.73,77.73,77.73,84.0,652752.0,76.068
600779.SH,2022-12-14,0.0,77.73,77.73,77.73,0.0,0.0,76.068
600779.SH,2022-12-14,0.0,77.73,77.73,77.73,1274.0,9900080.0,76.082
600779.SH,2022-12-15,0.0,77.42,77.42,77.42,861.0,6665860.0,77.42
600779.SH,2022-12-15,0.0,78.15,78.15,77.25,3115.0,24202200.0,77.641
600779.SH,2022-12-15,0.0,77.27,78.24,77.21,3498.0,27292100.0,77.822
600779.SH,2022-12-15,0.0,77.48,77.5,77.0,2282.0,17621900.0,77.679
600779.SH,2022-12-15,0.0,77.7,77.74,77.5,1408.0,10933500.0,77.676
600779.SH,2022-12-15,0.0,77.05,77.65,77.05,1831.0,14168200.0,77.634
600779.SH,2022-12-15,0.0,77.17,77.18,76.82,2464.0,18973700.0,77.533
600779.SH,2022-12-15,0.0,77.05,77.18,77.05,1315.0,10143800.0,77.5
600779.SH,2022-12-15,0.0,77.29,77.3,77.05,1197.0,9240650.0,77.479
600779.SH,2022-12-15,0.0,77.12,77.35,77.12,742.0,5729300.0,77.47
600779.SH,2022-12-15,0.0,76.7,77.1,76.7,1766.0,13584300.0,77.421
600779.SH,2022-12-15,0.0,77.05,77.11,76.57,2316.0,17785600.0,77.356
600779.SH,2022-12-15,0.0,76.66,77.05,76.65,1007.0,7739720.0,77.335
600779.SH,2022-12-15,0.0,76.88,76.91,76.59,2243.0,17195400.0,77.277
600779.SH,2022-12-15,0.0,76.69,76.88,76.69,917.0,7043520.0,77.261
600779.SH,2022-12-15,0.0,76.73,76.73,76.64,1091.0,8367060.0,77.239
600779.SH,2022-12-15,0.0,76.79,76.79,76.69,947.0,7266960.0,77.222
600779.SH,2022-12-15,0.0,76.6,76.78,76.6,1128.0,8649720.0,77.202
600779.SH,2022-12-15,0.0,76.4,76.59,76.2,1936.0,14804900.0,77.158
600779.SH,2022-12-15,0.0,76.27,76.4,76.21,2255.0,17190600.0,77.098
600779.SH,2022-12-15,0.0,76.18,76.27,76.11,1244.0,9483850.0,77.067
600779.SH,2022-12-15,0.0,75.97,76.18,75.95,2533.0,19255500.0,76.997
600779.SH,2022-12-15,0.0,75.95,75.99,75.88,1415.0,10742500.0,76.959
600779.SH,2022-12-15,0.0,76.45,76.45,75.97,873.0,6645330.0,76.941
600779.SH,2022-12-15,0.0,76.6,76.6,76.44,994.0,7605250.0,76.93
600779.SH,2022-12-15,0.0,76.27,76.65,76.27,857.0,6560600.0,76.923
600779.SH,2022-12-15,0.0,76.3,76.3,76.18,711.0,5418630.0,76.911
600779.SH,2022-12-15,0.0,76.53,76.53,76.3,458.0,3501120.0,76.906
600779.SH,2022-12-15,0.0,76.2,76.55,76.2,878.0,6706750.0,76.896
600779.SH,2022-12-15,0.0,76.05,76.2,76.05,490.0,3729380.0,76.887
600779.SH,2022-12-15,0.0,76.44,76.44,76.03,576.0,4382870.0,76.878
600779.SH,2022-12-15,0.0,76.46,76.47,76.4,501.0,3830050.0,76.873
600779.SH,2022-12-15,0.0,76.71,76.71,76.45,456.0,3491060.0,76.869
600779.SH,2022-12-15,0.0,76.94,76.94,76.71,755.0,5801590.0,76.869
600779.SH,2022-12-15,0.0,76.95,77.0,76.94,664.0,5111960.0,76.871
600779.SH,2022-12-15,0.0,76.75,76.99,76.75,432.0,3322480.0,76.871
600779.SH,2022-12-15,0.0,76.78,76.8,76.49,343.0,2629350.0,76.87
600779.SH,2022-12-15,0.0,77.1,77.1,76.8,500.0,3847220.0,76.87
600779.SH,2022-12-15,0.0,77.3,77.3,77.1,432.0,3332970.0,76.873
600779.SH,2022-12-15,0.0,77.3,77.38,77.29,688.0,5320890.0,76.879
600779.SH,2022-12-15,0.0,77.01,77.31,77.01,306.0,2362340.0,76.881
600779.SH,2022-12-15,0.0,77.23,77.24,77.0,331.0,2551090.0,76.882
600779.SH,2022-12-15,0.0,77.46,77.46,77.24,517.0,3998900.0,76.887
600779.SH,2022-12-15,0.0,77.62,77.62,77.46,843.0,6535090.0,76.897
600779.SH,2022-12-15,0.0,78.04,78.04,77.64,982.0,7647270.0,76.916
600779.SH,2022-12-15,0.0,78.24,78.25,78.02,918.0,7175070.0,76.937
600779.SH,2022-12-15,0.0,77.77,78.28,77.68,1267.0,9901050.0,76.965
600779.SH,2022-12-15,0.0,77.97,78.0,77.73,590.0,4596910.0,76.975
600779.SH,2022-12-15,0.0,78.2,78.2,78.0,813.0,6352940.0,76.991
600779.SH,2022-12-15,0.0,77.88,78.17,77.88,552.0,4305600.0,77.001
600779.SH,2022-12-15,0.0,77.88,77.9,77.85,342.0,2660350.0,77.006
600779.SH,2022-12-15,0.0,77.51,77.85,77.51,255.0,1984580.0,77.009
600779.SH,2022-12-15,0.0,77.14,77.5,77.12,198.0,1530650.0,77.01
600779.SH,2022-12-15,0.0,77.65,77.65,77.15,234.0,1809870.0,77.012
600779.SH,2022-12-15,0.0,77.56,77.68,77.5,386.0,2992670.0,77.015
600779.SH,2022-12-15,0.0,77.45,77.52,77.42,155.0,1200750.0,77.016
600779.SH,2022-12-15,0.0,77.55,77.6,77.4,213.0,1650300.0,77.018
600779.SH,2022-12-15,0.0,77.58,77.67,77.5,195.0,1512740.0,77.02
600779.SH,2022-12-15,0.0,77.61,77.65,77.58,212.0,1645260.0,77.022
600779.SH,2022-12-15,0.0,77.9,77.9,77.61,312.0,2425070.0,77.026
600779.SH,2022-12-15,0.0,77.97,78.0,77.86,482.0,3758610.0,77.033
600779.SH,2022-12-15,0.0,77.86,77.97,77.86,270.0,2104130.0,77.037
600779.SH,2022-12-15,0.0,77.73,77.85,77.7,119.0,925607.0,77.039
600779.SH,2022-12-15,0.0,77.69,77.72,77.65,207.0,1607890.0,77.041
600779.SH,2022-12-15,0.0,77.73,77.73,77.66,160.0,1243320.0,77.043
600779.SH,2022-12-15,0.0,77.91,77.91,77.76,161.0,1252740.0,77.045
600779.SH,2022-12-15,0.0,77.8,77.98,77.8,456.0,3551730.0,77.051
600779.SH,2022-12-15,0.0,77.76,77.8,77.6,662.0,5145180.0,77.058
600779.SH,2022-12-15,0.0,77.55,77.76,77.55,277.0,2150080.0,77.06
600779.SH,2022-12-15,0.0,77.47,77.55,77.46,207.0,1604150.0,77.062
600779.SH,2022-12-15,0.0,77.43,77.46,77.42,189.0,1463420.0,77.063
600779.SH,2022-12-15,0.0,77.45,77.45,77.38,273.0,2113610.0,77.065
600779.SH,2022-12-15,0.0,77.54,77.55,77.45,135.0,1046290.0,77.065
600779.SH,2022-12-15,0.0,77.74,77.74,77.54,181.0,1405000.0,77.067
600779.SH,2022-12-15,0.0,77.69,77.75,77.56,162.0,1258600.0,77.069
600779.SH,2022-12-15,0.0,77.6,77.63,77.54,138.0,1071560.0,77.07
600779.SH,2022-12-15,0.0,77.72,77.72,77.6,163.0,1265510.0,77.071
600779.SH,2022-12-15,0.0,77.85,77.88,77.8,286.0,2225720.0,77.075
600779.SH,2022-12-15,0.0,77.89,77.95,77.8,239.0,1861530.0,77.078
600779.SH,2022-12-15,0.0,77.66,77.88,77.66,272.0,2116270.0,77.081
600779.SH,2022-12-15,0.0,77.78,77.79,77.67,82.0,637742.0,77.081
600779.SH,2022-12-15,0.0,77.66,77.78,77.66,120.0,932502.0,77.083
600779.SH,2022-12-15,0.0,77.62,77.68,77.62,153.0,1187960.0,77.084
600779.SH,2022-12-15,0.0,77.56,77.62,77.56,106.0,822517.0,77.085
600779.SH,2022-12-15,0.0,77.61,77.62,77.51,173.0,1341870.0,77.086
600779.SH,2022-12-15,0.0,77.79,77.8,77.62,232.0,1803720.0,77.088
600779.SH,2022-12-15,0.0,77.99,77.99,77.8,356.0,2774760.0,77.093
600779.SH,2022-12-15,0.0,77.95,78.0,77.95,736.0,5740050.0,77.103
600779.SH,2022-12-15,0.0,77.63,77.93,77.63,113.0,879536.0,77.104
600779.SH,2022-12-15,0.0,77.7,77.7,77.63,113.0,877213.0,77.105
600779.SH,2022-12-15,0.0,77.78,77.79,77.65,280.0,2176250.0,77.108
600779.SH,2022-12-15,0.0,77.65,77.8,77.64,287.0,2229750.0,77.11
600779.SH,2022-12-15,0.0,77.64,77.66,77.62,188.0,1459730.0,77.112
600779.SH,2022-12-15,0.0,77.62,77.72,77.6,324.0,2516040.0,77.114
600779.SH,2022-12-15,0.0,77.58,77.61,77.58,162.0,1257130.0,77.115
600779.SH,2022-12-15,0.0,77.53,77.6,77.53,239.0,1853700.0,77.117
600779.SH,2022-12-15,0.0,77.34,77.53,77.34,207.0,1603780.0,77.118
600779.SH,2022-12-15,0.0,77.27,77.34,77.27,288.0,2226230.0,77.119
600779.SH,2022-12-15,0.0,77.26,77.26,77.22,121.0,934652.0,77.119
600779.SH,2022-12-15,0.0,77.3,77.3,77.22,189.0,1460010.0,77.119
600779.SH,2022-12-15,0.0,77.24,77.3,77.23,350.0,2704550.0,77.12
600779.SH,2022-12-15,0.0,77.3,77.31,77.24,475.0,3670960.0,77.121
600779.SH,2022-12-15,0.0,77.38,77.38,77.31,174.0,1345490.0,77.122
600779.SH,2022-12-15,0.0,77.5,77.5,77.36,121.0,937147.0,77.122
600779.SH,2022-12-15,0.0,77.58,77.58,77.5,214.0,1659710.0,77.124
600779.SH,2022-12-15,0.0,77.5,77.58,77.5,228.0,1767890.0,77.125
600779.SH,2022-12-15,0.0,77.45,77.5,77.45,142.0,1100200.0,77.126
600779.SH,2022-12-15,0.0,77.73,77.73,77.41,148.0,1144200.0,77.126
600779.SH,2022-12-15,0.0,77.88,77.88,77.73,146.0,1134940.0,77.128
600779.SH,2022-12-15,0.0,77.9,77.9,77.85,382.0,2975130.0,77.132
600779.SH,2022-12-15,0.0,77.91,77.94,77.85,272.0,2119360.0,77.135
600779.SH,2022-12-15,0.0,77.94,77.95,77.86,795.0,6197980.0,77.144
600779.SH,2022-12-15,0.0,78.12,78.12,77.96,443.0,3460010.0,77.149
600779.SH,2022-12-15,0.0,78.21,78.23,78.13,979.0,7655050.0,77.163
600779.SH,2022-12-15,0.0,78.33,78.35,78.22,633.0,4958420.0,77.173
600779.SH,2022-12-15,0.0,78.49,78.5,78.31,677.0,5310870.0,77.184
600779.SH,2022-12-15,0.0,78.45,78.58,78.39,970.0,7615150.0,77.201
600779.SH,2022-12-15,0.0,78.26,78.42,78.24,264.0,2069080.0,77.205
600779.SH,2022-12-15,0.0,78.24,78.26,78.21,177.0,1384930.0,77.207
600779.SH,2022-12-15,0.0,78.7,78.73,78.21,842.0,6612140.0,77.222
600779.SH,2022-12-15,0.0,78.79,78.8,78.7,829.0,6529060.0,77.238
600779.SH,2022-12-15,0.0,78.92,78.97,78.8,1244.0,9808260.0,77.263
600779.SH,2022-12-15,0.0,78.82,78.99,78.8,665.0,5246650.0,77.276
600779.SH,2022-12-15,0.0,78.78,78.82,78.78,534.0,4208040.0,77.287
600779.SH,2022-12-15,0.0,78.41,78.77,78.4,730.0,5736190.0,77.298
600779.SH,2022-12-15,0.0,78.18,78.4,78.18,224.0,1754580.0,77.301
600779.SH,2022-12-15,0.0,78.06,78.18,78.04,292.0,2277960.0,77.303
600779.SH,2022-12-15,0.0,78.2,78.21,78.05,178.0,1390390.0,77.305
600779.SH,2022-12-15,0.0,78.09,78.24,78.09,273.0,2133760.0,77.308
600779.SH,2022-12-15,0.0,77.92,78.06,77.92,341.0,2661790.0,77.311
600779.SH,2022-12-15,0.0,77.84,77.9,77.78,231.0,1797960.0,77.312
600779.SH,2022-12-15,0.0,77.9,77.9,77.79,280.0,2179340.0,77.314
600779.SH,2022-12-15,0.0,77.99,77.99,77.85,172.0,1339670.0,77.315
600779.SH,2022-12-15,0.0,78.0,78.0,77.9,236.0,1839990.0,77.317
600779.SH,2022-12-15,0.0,77.91,78.0,77.9,149.0,1161490.0,77.318
600779.SH,2022-12-15,0.0,78.03,78.1,77.91,309.0,2410120.0,77.321
600779.SH,2022-12-15,0.0,78.09,78.09,78.01,162.0,1264560.0,77.322
600779.SH,2022-12-15,0.0,78.35,78.35,78.09,372.0,2908770.0,77.326
600779.SH,2022-12-15,0.0,78.47,78.5,78.34,365.0,2863810.0,77.331
600779.SH,2022-12-15,0.0,78.56,78.56,78.3,375.0,2942180.0,77.336
600779.SH,2022-12-15,0.0,78.21,78.56,78.17,537.0,4213700.0,77.343
600779.SH,2022-12-15,0.0,78.0,78.2,78.0,277.0,2162700.0,77.345
600779.SH,2022-12-15,0.0,78.03,78.09,78.0,157.0,1224860.0,77.346
600779.SH,2022-12-15,0.0,78.2,78.21,78.03,129.0,1007480.0,77.347
600779.SH,2022-12-15,0.0,78.06,78.23,78.05,173.0,1351460.0,77.349
600779.SH,2022-12-15,0.0,78.07,78.1,78.06,105.0,819704.0,77.35
600779.SH,2022-12-15,0.0,78.1,78.11,78.07,338.0,2639480.0,77.353
600779.SH,2022-12-15,0.0,78.2,78.2,78.1,154.0,1203250.0,77.354
600779.SH,2022-12-15,0.0,78.13,78.21,78.1,118.0,919648.0,77.355
600779.SH,2022-12-15,0.0,78.15,78.17,78.13,168.0,1313140.0,77.357
600779.SH,2022-12-15,0.0,78.14,78.15,78.14,154.0,1203400.0,77.358
600779.SH,2022-12-15,0.0,78.14,78.16,78.14,122.0,953364.0,77.359
600779.SH,2022-12-15,0.0,78.13,78.15,78.13,119.0,929886.0,77.36
600779.SH,2022-12-15,0.0,78.09,78.12,78.03,268.0,2092770.0,77.362
600779.SH,2022-12-15,0.0,78.13,78.15,78.09,189.0,1478780.0,77.364
600779.SH,2022-12-15,0.0,78.11,78.16,78.09,184.0,1437310.0,77.366
600779.SH,2022-12-15,0.0,78.22,78.22,78.11,330.0,2577090.0,77.369
600779.SH,2022-12-15,0.0,78.35,78.35,78.24,186.0,1456290.0,77.371
600779.SH,2022-12-15,0.0,78.47,78.47,78.38,142.0,1113650.0,77.372
600779.SH,2022-12-15,0.0,78.43,78.46,78.43,147.0,1153100.0,77.374
600779.SH,2022-12-15,0.0,78.39,78.45,78.38,223.0,1748600.0,77.377
600779.SH,2022-12-15,0.0,78.4,78.41,78.33,171.0,1340350.0,77.378
600779.SH,2022-12-15,0.0,78.22,78.4,78.22,424.0,3320700.0,77.383
600779.SH,2022-12-15,0.0,78.32,78.4,78.3,126.0,986706.0,77.384
600779.SH,2022-12-15,0.0,78.4,78.44,78.39,234.0,1834640.0,77.387
600779.SH,2022-12-15,0.0,78.47,78.48,78.4,196.0,1537740.0,77.389
600779.SH,2022-12-15,0.0,78.42,78.47,78.38,266.0,2085750.0,77.392
600779.SH,2022-12-15,0.0,78.34,78.41,78.3,182.0,1425820.0,77.394
600779.SH,2022-12-15,0.0,78.39,78.39,78.34,156.0,1222430.0,77.396
600779.SH,2022-12-15,0.0,78.35,78.4,78.35,93.0,728985.0,77.397
600779.SH,2022-12-15,0.0,78.25,78.35,78.25,101.0,790890.0,77.398
600779.SH,2022-12-15,0.0,78.22,78.26,78.2,84.0,657044.0,77.398
600779.SH,2022-12-15,0.0,78.16,78.22,78.16,189.0,1478130.0,77.4
600779.SH,2022-12-15,0.0,78.15,78.21,78.15,113.0,883383.0,77.401
600779.SH,2022-12-15,0.0,78.09,78.16,78.09,164.0,1281360.0,77.402
600779.SH,2022-12-15,0.0,78.01,78.09,78.01,152.0,1186500.0,77.403
600779.SH,2022-12-15,0.0,77.91,78.02,77.91,379.0,2955790.0,77.406
600779.SH,2022-12-15,0.0,77.91,77.98,77.9,176.0,1371210.0,77.407
600779.SH,2022-12-15,0.0,77.88,77.91,77.88,163.0,1269830.0,77.408
600779.SH,2022-12-15,0.0,77.77,77.88,77.77,210.0,1634260.0,77.408
600779.SH,2022-12-15,0.0,77.65,77.77,77.65,326.0,2536420.0,77.409
600779.SH,2022-12-15,0.0,77.66,77.67,77.64,403.0,3129380.0,77.411
600779.SH,2022-12-15,0.0,77.7,77.71,77.66,171.0,1325210.0,77.411
600779.SH,2022-12-15,0.0,77.75,77.75,77.7,92.0,715034.0,77.411
600779.SH,2022-12-15,0.0,77.74,77.75,77.72,112.0,870613.0,77.412
600779.SH,2022-12-15,0.0,77.71,77.74,77.71,258.0,2005200.0,77.413
600779.SH,2022-12-15,0.0,77.7,77.73,77.7,110.0,854834.0,77.413
600779.SH,2022-12-15,0.0,77.65,77.7,77.65,221.0,1716570.0,77.414
600779.SH,2022-12-15,0.0,77.6,77.65,77.6,269.0,2087850.0,77.414
600779.SH,2022-12-15,0.0,77.48,77.59,77.48,343.0,2658880.0,77.414
600779.SH,2022-12-15,0.0,77.43,77.45,77.41,396.0,3066380.0,77.415
600779.SH,2022-12-15,0.0,77.43,77.44,77.4,196.0,1517380.0,77.415
600779.SH,2022-12-15,0.0,77.5,77.5,77.4,242.0,1874010.0,77.415
600779.SH,2022-12-15,0.0,77.68,77.68,77.5,191.0,1482140.0,77.415
600779.SH,2022-12-15,0.0,77.77,77.8,77.67,353.0,2743730.0,77.416
600779.SH,2022-12-15,0.0,77.74,77.88,77.74,367.0,2855420.0,77.418
600779.SH,2022-12-15,0.0,77.72,77.77,77.72,227.0,1764740.0,77.418
600779.SH,2022-12-15,0.0,77.7,77.72,77.65,102.0,792345.0,77.419
600779.SH,2022-12-15,0.0,77.6,77.68,77.6,239.0,1856150.0,77.419
600779.SH,2022-12-15,0.0,77.55,77.6,77.5,175.0,1357460.0,77.419
600779.SH,2022-12-15,0.0,77.48,77.54,77.48,344.0,2666170.0,77.42
600779.SH,2022-12-15,0.0,77.65,77.65,77.47,163.0,1264080.0,77.42
600779.SH,2022-12-15,0.0,77.56,77.65,77.53,132.0,1024050.0,77.42
600779.SH,2022-12-15,0.0,77.62,77.62,77.56,124.0,962159.0,77.42
600779.SH,2022-12-15,0.0,77.72,77.72,77.62,198.0,1538090.0,77.421
600779.SH,2022-12-15,0.0,77.69,77.75,77.69,163.0,1266810.0,77.421
600779.SH,2022-12-15,0.0,77.67,77.7,77.67,143.0,1111010.0,77.422
600779.SH,2022-12-15,0.0,77.58,77.68,77.58,222.0,1723280.0,77.422
600779.SH,2022-12-15,0.0,77.55,77.58,77.5,268.0,2078260.0,77.423
600779.SH,2022-12-15,0.0,77.51,77.64,77.5,373.0,2892020.0,77.423
600779.SH,2022-12-15,0.0,77.41,77.5,77.41,346.0,2680050.0,77.423
600779.SH,2022-12-15,0.0,77.41,77.46,77.4,349.0,2702140.0,77.423
600779.SH,2022-12-15,0.0,77.4,77.41,77.38,585.0,4528130.0,77.423
600779.SH,2022-12-15,0.0,77.22,77.4,77.22,264.0,2041140.0,77.423
600779.SH,2022-12-15,0.0,77.05,77.22,77.02,744.0,5737790.0,77.421
600779.SH,2022-12-15,0.0,76.94,77.01,76.9,1512.0,11639900.0,77.414
600779.SH,2022-12-15,0.0,77.01,77.14,76.89,800.0,6159330.0,77.411
600779.SH,2022-12-15,0.0,77.08,77.08,77.0,290.0,2234260.0,77.41
600779.SH,2022-12-15,0.0,77.01,77.1,77.01,433.0,3336320.0,77.408
600779.SH,2022-12-15,0.0,77.04,77.14,77.02,248.0,1910790.0,77.408
600779.SH,2022-12-15,0.0,77.08,77.1,77.03,244.0,1879900.0,77.407
600779.SH,2022-12-15,0.0,77.13,77.13,77.08,247.0,1904430.0,77.406
600779.SH,2022-12-15,0.0,77.05,77.14,77.05,380.0,2929800.0,77.405
600779.SH,2022-12-15,0.0,77.01,77.06,77.0,594.0,4578670.0,77.403
600779.SH,2022-12-15,0.0,77.01,77.02,77.0,548.0,4219770.0,77.401
600779.SH,2022-12-15,0.0,77.02,77.05,77.0,621.0,4781410.0,77.399
600779.SH,2022-12-15,0.0,76.99,77.03,76.99,689.0,5302870.0,77.396
600779.SH,2022-12-15,0.0,77.01,77.03,76.9,826.0,6361660.0,77.393
600779.SH,2022-12-15,0.0,76.94,77.0,76.9,516.0,3970770.0,77.391
600779.SH,2022-12-15,0.0,76.97,76.97,76.88,1291.0,9931100.0,77.386
600779.SH,2022-12-15,0.0,77.33,77.33,77.0,728.0,5608870.0,77.383
600779.SH,2022-12-15,0.0,77.47,77.5,77.31,437.0,3383500.0,77.384
600779.SH,2022-12-15,0.0,77.48,77.5,77.47,439.0,3401330.0,77.384
600779.SH,2022-12-15,0.0,77.35,77.49,77.21,402.0,3113400.0,77.384
600779.SH,2022-12-15,0.0,77.27,77.35,77.25,310.0,2395320.0,77.384
600779.SH,2022-12-15,0.0,77.3,77.3,77.26,449.0,3469630.0,77.383
600779.SH,2022-12-15,0.0,77.31,77.31,77.28,312.0,2410220.0,77.383
600779.SH,2022-12-15,0.0,77.28,77.31,77.28,447.0,3456700.0,77.383
600779.SH,2022-12-15,0.0,77.28,77.28,77.28,42.0,324578.0,77.383
600779.SH,2022-12-15,0.0,77.28,77.28,77.28,0.0,0.0,77.383
600779.SH,2022-12-15,0.0,77.3,77.3,77.3,802.0,6199690.0,77.382
600779.SH,2022-12-16,0.0,76.1,76.1,76.1,843.0,6415230.0,76.1
600779.SH,2022-12-16,0.0,76.32,76.7,76.02,2109.0,16086100.0,76.224
600779.SH,2022-12-16,0.0,76.65,76.75,76.2,979.0,7475080.0,76.254
600779.SH,2022-12-16,0.0,76.94,77.0,76.52,921.0,7081920.0,76.376
600779.SH,2022-12-16,0.0,77.23,77.27,76.9,1162.0,8958420.0,76.515
600779.SH,2022-12-16,0.0,77.1,77.22,76.95,986.0,7601080.0,76.596
600779.SH,2022-12-16,0.0,77.34,77.34,77.12,1046.0,8076970.0,76.677
600779.SH,2022-12-16,0.0,77.27,77.48,77.1,2097.0,16204500.0,76.8
600779.SH,2022-12-16,0.0,77.36,77.36,77.12,1276.0,9855460.0,76.849
600779.SH,2022-12-16,0.0,77.47,77.47,77.3,1760.0,13613500.0,76.916
600779.SH,2022-12-16,0.0,77.95,77.95,77.39,1356.0,10534800.0,76.988
600779.SH,2022-12-16,0.0,77.27,78.0,77.2,2097.0,16292500.0,77.077
600779.SH,2022-12-16,0.0,77.56,77.61,77.29,1021.0,7912750.0,77.101
600779.SH,2022-12-16,0.0,76.82,77.48,76.82,1350.0,10422900.0,77.108
600779.SH,2022-12-16,0.0,76.67,76.79,76.5,1345.0,10303600.0,77.075
600779.SH,2022-12-16,0.0,76.5,76.61,76.5,1502.0,11509500.0,77.044
600779.SH,2022-12-16,0.0,76.91,76.96,76.5,552.0,4231160.0,77.035
600779.SH,2022-12-16,0.0,76.73,76.92,76.57,527.0,4042890.0,77.027
600779.SH,2022-12-16,0.0,76.82,76.88,76.72,381.0,2926140.0,77.024
600779.SH,2022-12-16,0.0,76.6,76.8,76.6,434.0,3329450.0,77.018
600779.SH,2022-12-16,0.0,76.38,76.58,76.38,735.0,5621960.0,77.002
600779.SH,2022-12-16,0.0,76.35,76.38,76.28,939.0,7165340.0,76.977
600779.SH,2022-12-16,0.0,76.5,76.54,76.38,481.0,3677840.0,76.967
600779.SH,2022-12-16,0.0,76.42,76.56,76.42,478.0,3656180.0,76.958
600779.SH,2022-12-16,0.0,76.55,76.55,76.38,550.0,4204580.0,76.948
600779.SH,2022-12-16,0.0,76.91,76.91,76.55,466.0,3572810.0,76.943
600779.SH,2022-12-16,0.0,76.49,76.72,76.49,454.0,3477310.0,76.938
600779.SH,2022-12-16,0.0,76.4,76.5,76.4,344.0,2629060.0,76.931
600779.SH,2022-12-16,0.0,76.3,76.4,76.29,573.0,4373750.0,76.919
600779.SH,2022-12-16,0.0,76.22,76.3,76.22,661.0,5040110.0,76.904
600779.SH,2022-12-16,0.0,76.49,76.49,76.2,809.0,6172670.0,76.888
600779.SH,2022-12-16,0.0,76.42,76.42,76.39,374.0,2857650.0,76.882
600779.SH,2022-12-16,0.0,76.48,76.5,76.43,477.0,3648120.0,76.876
600779.SH,2022-12-16,0.0,76.36,76.5,76.26,471.0,3598690.0,76.869
600779.SH,2022-12-16,0.0,76.39,76.4,76.29,442.0,3373840.0,76.862
600779.SH,2022-12-16,0.0,76.65,76.73,76.4,422.0,3230180.0,76.857
600779.SH,2022-12-16,0.0,76.42,76.6,76.42,405.0,3100290.0,76.854
600779.SH,2022-12-16,0.0,76.46,76.49,76.43,291.0,2227590.0,76.85
600779.SH,2022-12-16,0.0,76.43,76.47,76.42,205.0,1567240.0,76.848
600779.SH,2022-12-16,0.0,76.35,76.47,76.35,453.0,3459650.0,76.842
600779.SH,2022-12-16,0.0,76.21,76.31,76.21,365.0,2783550.0,76.836
600779.SH,2022-12-16,0.0,76.33,76.33,76.2,627.0,4782950.0,76.825
600779.SH,2022-12-16,0.0,76.48,76.5,76.33,184.0,1406300.0,76.823
600779.SH,2022-12-16,0.0,76.54,76.54,76.45,145.0,1109290.0,76.822
600779.SH,2022-12-16,0.0,76.57,76.6,76.56,139.0,1064450.0,76.821
600779.SH,2022-12-16,0.0,76.5,76.58,76.5,216.0,1653130.0,76.819
600779.SH,2022-12-16,0.0,76.49,76.51,76.46,122.0,933261.0,76.818
600779.SH,2022-12-16,0.0,76.6,76.68,76.49,450.0,3443910.0,76.814
600779.SH,2022-12-16,0.0,76.6,76.67,76.52,166.0,1271250.0,76.813
600779.SH,2022-12-16,0.0,76.55,76.6,76.52,106.0,811528.0,76.813
600779.SH,2022-12-16,0.0,76.53,76.6,76.5,528.0,4041050.0,76.809
600779.SH,2022-12-16,0.0,76.55,76.58,76.51,114.0,872476.0,76.808
600779.SH,2022-12-16,0.0,76.56,76.58,76.51,153.0,1171040.0,76.807
600779.SH,2022-12-16,0.0,76.51,76.53,76.5,231.0,1767500.0,76.805
600779.SH,2022-12-16,0.0,76.37,76.52,76.37,265.0,2025980.0,76.802
600779.SH,2022-12-16,0.0,76.36,76.39,76.33,209.0,1595780.0,76.8
600779.SH,2022-12-16,0.0,76.36,76.4,76.33,317.0,2420400.0,76.796
600779.SH,2022-12-16,0.0,76.59,76.6,76.35,681.0,5204550.0,76.79
600779.SH,2022-12-16,0.0,76.79,76.79,76.5,487.0,3731540.0,76.788
600779.SH,2022-12-16,0.0,76.71,76.79,76.7,404.0,3100000.0,76.787
600779.SH,2022-12-16,0.0,76.61,76.7,76.6,150.0,1149260.0,76.786
600779.SH,2022-12-16,0.0,76.9,76.9,76.61,301.0,2309760.0,76.786
600779.SH,2022-12-16,0.0,76.99,77.0,76.9,371.0,2856280.0,76.788
600779.SH,2022-12-16,0.0,77.19,77.2,77.0,317.0,2445050.0,76.791
600779.SH,2022-12-16,0.0,77.26,77.29,77.2,258.0,1992970.0,76.793
600779.SH,2022-12-16,0.0,77.29,77.3,77.27,301.0,2326230.0,76.797
600779.SH,2022-12-16,0.0,77.2,77.29,77.2,198.0,1530040.0,76.799
600779.SH,2022-12-16,0.0,77.23,77.23,77.14,365.0,2817730.0,76.803
600779.SH,2022-12-16,0.0,77.69,77.69,77.3,785.0,6087980.0,76.816
600779.SH,2022-12-16,0.0,77.42,77.68,77.42,597.0,4633780.0,76.828
600779.SH,2022-12-16,0.0,77.65,77.65,77.41,563.0,4365190.0,76.837
600779.SH,2022-12-16,0.0,77.6,77.65,77.6,463.0,3593800.0,76.845
600779.SH,2022-12-16,0.0,77.48,77.6,77.48,281.0,2178890.0,76.849
600779.SH,2022-12-16,0.0,77.59,77.59,77.48,453.0,3512400.0,76.856
600779.SH,2022-12-16,0.0,77.5,77.6,77.49,380.0,2946490.0,76.862
600779.SH,2022-12-16,0.0,77.38,77.52,77.38,474.0,3669790.0,76.868
600779.SH,2022-12-16,0.0,77.45,77.5,77.39,249.0,1928350.0,76.871
600779.SH,2022-12-16,0.0,77.61,77.65,77.45,365.0,2829270.0,76.876
600779.SH,2022-12-16,0.0,77.5,77.64,77.5,302.0,2344110.0,76.881
600779.SH,2022-12-16,0.0,77.3,77.5,77.3,138.0,1068760.0,76.882
600779.SH,2022-12-16,0.0,77.59,77.6,77.3,278.0,2154590.0,76.886
600779.SH,2022-12-16,0.0,77.5,77.59,77.5,236.0,1829970.0,76.889
600779.SH,2022-12-16,0.0,77.57,77.59,77.46,329.0,2550270.0,76.893
600779.SH,2022-12-16,0.0,77.68,77.68,77.57,845.0,6557470.0,76.906
600779.SH,2022-12-16,0.0,77.88,77.88,77.69,438.0,3407150.0,76.914
600779.SH,2022-12-16,0.0,77.93,77.96,77.88,479.0,3732290.0,76.923
600779.SH,2022-12-16,0.0,77.89,77.98,77.89,442.0,3444570.0,76.932
600779.SH,2022-12-16,0.0,77.82,77.9,77.81,393.0,3060220.0,76.939
600779.SH,2022-12-16,0.0,78.0,78.0,77.79,1125.0,8764110.0,76.961
600779.SH,2022-12-16,0.0,78.45,78.45,78.0,1819.0,14207700.0,77.0
600779.SH,2022-12-16,0.0,78.48,78.5,78.46,1185.0,9300030.0,77.032
600779.SH,2022-12-16,0.0,78.8,78.84,78.48,1597.0,12566000.0,77.079
600779.SH,2022-12-16,0.0,78.38,78.8,78.38,777.0,6110580.0,77.1
600779.SH,2022-12-16,0.0,78.22,78.37,78.18,479.0,3747580.0,77.11
600779.SH,2022-12-16,0.0,78.12,78.3,78.1,809.0,6325650.0,77.125
600779.SH,2022-12-16,0.0,78.39,78.39,78.12,347.0,2716740.0,77.132
600779.SH,2022-12-16,0.0,78.17,78.5,78.17,308.0,2414470.0,77.138
600779.SH,2022-12-16,0.0,78.29,78.29,78.1,481.0,3758330.0,77.146
600779.SH,2022-12-16,0.0,78.35,78.35,77.93,1004.0,7842110.0,77.162
600779.SH,2022-12-16,0.0,78.38,78.4,78.33,578.0,4529960.0,77.174
600779.SH,2022-12-16,0.0,78.11,78.35,78.09,192.0,1501370.0,77.177
600779.SH,2022-12-16,0.0,77.99,78.12,77.99,609.0,4752050.0,77.185
600779.SH,2022-12-16,0.0,78.34,78.37,78.0,337.0,2635090.0,77.191
600779.SH,2022-12-16,0.0,78.35,78.35,78.3,565.0,4425100.0,77.201
600779.SH,2022-12-16,0.0,78.31,78.34,78.3,385.0,3015320.0,77.208
600779.SH,2022-12-16,0.0,78.38,78.38,78.3,373.0,2921870.0,77.215
600779.SH,2022-12-16,0.0,78.48,78.49,78.4,407.0,3192170.0,77.222
600779.SH,2022-12-16,0.0,78.38,78.48,78.38,388.0,3043670.0,77.23
600779.SH,2022-12-16,0.0,78.32,78.38,78.27,273.0,2138290.0,77.234
600779.SH,2022-12-16,0.0,78.33,78.4,78.33,138.0,1081270.0,77.237
600779.SH,2022-12-16,0.0,78.36,78.4,78.33,189.0,1480930.0,77.24
600779.SH,2022-12-16,0.0,78.32,78.38,78.2,335.0,2624280.0,77.246
600779.SH,2022-12-16,0.0,78.22,78.32,78.2,227.0,1775310.0,77.249
600779.SH,2022-12-16,0.0,78.2,78.26,78.2,367.0,2870340.0,77.254
600779.SH,2022-12-16,0.0,78.11,78.22,78.09,187.0,1461840.0,77.257
600779.SH,2022-12-16,0.0,78.2,78.2,78.0,229.0,1789070.0,77.26
600779.SH,2022-12-16,0.0,78.29,78.3,78.2,317.0,2480720.0,77.265
600779.SH,2022-12-16,0.0,78.26,78.31,78.26,147.0,1150830.0,77.267
600779.SH,2022-12-16,0.0,78.1,78.26,78.1,70.0,547063.0,77.268
600779.SH,2022-12-16,0.0,78.1,78.16,78.1,154.0,1203060.0,77.27
600779.SH,2022-12-16,0.0,78.02,78.1,78.0,264.0,2059700.0,77.273
600779.SH,2022-12-16,0.0,77.91,78.01,77.82,460.0,3586530.0,77.278
600779.SH,2022-12-16,0.0,78.1,78.1,77.87,472.0,3682540.0,77.283
600779.SH,2022-12-16,0.0,78.0,78.14,78.0,108.0,843244.0,77.284
600779.SH,2022-12-16,0.0,78.1,78.1,78.0,232.0,1810340.0,77.286
600779.SH,2022-12-16,0.0,78.2,78.2,78.09,142.0,1109760.0,77.288
600779.SH,2022-12-16,0.0,78.02,78.21,78.02,74.0,578083.0,77.289
600779.SH,2022-12-16,0.0,78.18,78.2,78.01,76.0,593660.0,77.29
600779.SH,2022-12-16,0.0,78.19,78.2,78.18,101.0,789730.0,77.291
600779.SH,2022-12-16,0.0,78.17,78.19,78.16,83.0,648877.0,77.292
600779.SH,2022-12-16,0.0,78.16,78.19,78.16,109.0,852057.0,77.294
600779.SH,2022-12-16,0.0,78.18,78.2,78.17,243.0,1899770.0,77.297
600779.SH,2022-12-16,0.0,78.12,78.2,78.12,149.0,1164460.0,77.299
600779.SH,2022-12-16,0.0,78.1,78.12,78.1,201.0,1570000.0,77.301
600779.SH,2022-12-16,0.0,78.04,78.12,78.04,255.0,1991400.0,77.304
600779.SH,2022-12-16,0.0,78.01,78.04,78.0,199.0,1552400.0,77.306
600779.SH,2022-12-16,0.0,78.09,78.1,78.01,348.0,2716860.0,77.31
600779.SH,2022-12-16,0.0,78.02,78.08,78.0,231.0,1802780.0,77.312
600779.SH,2022-12-16,0.0,78.05,78.06,78.0,225.0,1755350.0,77.314
600779.SH,2022-12-16,0.0,78.06,78.06,78.02,739.0,5765960.0,77.322
600779.SH,2022-12-16,0.0,78.49,78.49,78.07,1439.0,11251900.0,77.339
600779.SH,2022-12-16,0.0,78.37,78.5,78.34,564.0,4425500.0,77.348
600779.SH,2022-12-16,0.0,78.36,78.43,78.34,81.0,634810.0,77.349
600779.SH,2022-12-16,0.0,78.29,78.36,78.29,276.0,2162080.0,77.353
600779.SH,2022-12-16,0.0,78.26,78.29,78.21,133.0,1040590.0,77.354
600779.SH,2022-12-16,0.0,78.27,78.28,78.23,116.0,907726.0,77.356
600779.SH,2022-12-16,0.0,78.32,78.35,78.26,206.0,1612350.0,77.358
600779.SH,2022-12-16,0.0,78.48,78.48,78.32,231.0,1811520.0,77.362
600779.SH,2022-12-16,0.0,78.47,78.49,78.43,316.0,2479600.0,77.366
600779.SH,2022-12-16,0.0,78.36,78.47,78.35,174.0,1364920.0,77.369
600779.SH,2022-12-16,0.0,78.38,78.4,78.38,73.0,572215.0,77.37
600779.SH,2022-12-16,0.0,78.15,78.35,78.15,119.0,931562.0,77.371
600779.SH,2022-12-16,0.0,77.95,78.11,77.95,213.0,1662140.0,77.373
600779.SH,2022-12-16,0.0,78.1,78.1,77.95,186.0,1450880.0,77.375
600779.SH,2022-12-16,0.0,78.08,78.11,78.04,94.0,734089.0,77.375
600779.SH,2022-12-16,0.0,78.01,78.08,78.01,93.0,725631.0,77.376
600779.SH,2022-12-16,0.0,78.09,78.1,78.01,229.0,1786990.0,77.378
600779.SH,2022-12-16,0.0,78.08,78.11,78.06,134.0,1046400.0,77.38
600779.SH,2022-12-16,0.0,78.02,78.08,78.02,66.0,515194.0,77.38
600779.SH,2022-12-16,0.0,78.01,78.05,78.01,184.0,1435660.0,77.382
600779.SH,2022-12-16,0.0,78.05,78.05,78.01,221.0,1724420.0,77.384
600779.SH,2022-12-16,0.0,78.2,78.2,78.07,218.0,1702900.0,77.386
600779.SH,2022-12-16,0.0,78.27,78.27,78.15,151.0,1180630.0,77.387
600779.SH,2022-12-16,0.0,78.4,78.4,78.25,168.0,1315850.0,77.389
600779.SH,2022-12-16,0.0,78.38,78.42,78.37,284.0,2226300.0,77.393
600779.SH,2022-12-16,0.0,78.4,78.4,78.38,408.0,3198260.0,77.398
600779.SH,2022-12-16,0.0,78.33,78.4,78.33,222.0,1740150.0,77.401
600779.SH,2022-12-16,0.0,78.24,78.33,78.24,44.0,344338.0,77.401
600779.SH,2022-12-16,0.0,78.18,78.25,78.13,67.0,523752.0,77.402
600779.SH,2022-12-16,0.0,78.15,78.23,78.13,221.0,1727890.0,77.404
600779.SH,2022-12-16,0.0,78.19,78.24,78.13,174.0,1360070.0,77.406
600779.SH,2022-12-16,0.0,78.21,78.22,78.15,58.0,453409.0,77.406
600779.SH,2022-12-16,0.0,78.23,78.25,78.21,188.0,1470620.0,77.408
600779.SH,2022-12-16,0.0,78.35,78.35,78.25,211.0,1649840.0,77.411
600779.SH,2022-12-16,0.0,78.38,78.38,78.35,165.0,1292980.0,77.413
600779.SH,2022-12-16,0.0,78.37,78.39,78.36,114.0,893561.0,77.414
600779.SH,2022-12-16,0.0,78.31,78.36,78.27,103.0,806840.0,77.415
600779.SH,2022-12-16,0.0,78.33,78.33,78.3,82.0,642159.0,77.416
600779.SH,2022-12-16,0.0,78.38,78.38,78.32,186.0,1457390.0,77.418
600779.SH,2022-12-16,0.0,78.36,78.38,78.34,158.0,1238190.0,77.42
600779.SH,2022-12-16,0.0,78.36,78.38,78.36,268.0,2100190.0,77.423
600779.SH,2022-12-16,0.0,78.32,78.36,78.32,96.0,752005.0,77.425
600779.SH,2022-12-16,0.0,78.32,78.33,78.3,82.0,642219.0,77.425
600779.SH,2022-12-16,0.0,78.33,78.33,78.3,75.0,587351.0,77.426
600779.SH,2022-12-16,0.0,78.31,78.32,78.31,78.0,610849.0,77.427
600779.SH,2022-12-16,0.0,78.18,78.32,78.18,390.0,3054780.0,77.431
600779.SH,2022-12-16,0.0,78.22,78.26,78.15,132.0,1030030.0,77.432
600779.SH,2022-12-16,0.0,78.21,78.23,78.21,35.0,273789.0,77.433
600779.SH,2022-12-16,0.0,78.15,78.21,78.15,58.0,455179.0,77.433
600779.SH,2022-12-16,0.0,78.19,78.19,78.1,170.0,1327980.0,77.435
600779.SH,2022-12-16,0.0,78.16,78.2,78.15,46.0,359627.0,77.435
600779.SH,2022-12-16,0.0,78.11,78.18,78.11,52.0,406373.0,77.436
600779.SH,2022-12-16,0.0,78.15,78.15,78.11,94.0,734532.0,77.436
600779.SH,2022-12-16,0.0,78.12,78.16,78.12,66.0,515775.0,77.437
600779.SH,2022-12-16,0.0,78.01,78.1,78.01,171.0,1334960.0,77.438
600779.SH,2022-12-16,0.0,77.96,78.01,77.96,266.0,2074600.0,77.44
600779.SH,2022-12-16,0.0,77.91,77.96,77.91,101.0,787179.0,77.441
600779.SH,2022-12-16,0.0,77.86,77.92,77.86,155.0,1207460.0,77.442
600779.SH,2022-12-16,0.0,77.79,77.86,77.78,158.0,1229530.0,77.442
600779.SH,2022-12-16,0.0,77.69,77.79,77.69,184.0,1430600.0,77.443
600779.SH,2022-12-16,0.0,77.6,77.68,77.59,367.0,2849170.0,77.444
600779.SH,2022-12-16,0.0,77.8,77.8,77.6,403.0,3129080.0,77.445
600779.SH,2022-12-16,0.0,77.92,77.92,77.8,136.0,1059410.0,77.446
600779.SH,2022-12-16,0.0,77.88,77.92,77.86,204.0,1588920.0,77.447
600779.SH,2022-12-16,0.0,77.81,77.88,77.81,121.0,941724.0,77.447
600779.SH,2022-12-16,0.0,77.81,77.83,77.81,58.0,451348.0,77.447
600779.SH,2022-12-16,0.0,77.77,77.81,77.77,128.0,995800.0,77.448
600779.SH,2022-12-16,0.0,77.7,77.77,77.7,99.0,769715.0,77.448
600779.SH,2022-12-16,0.0,77.61,77.7,77.61,140.0,1085380.0,77.449
600779.SH,2022-12-16,0.0,77.64,77.65,77.61,114.0,884990.0,77.449
600779.SH,2022-12-16,0.0,77.69,77.69,77.64,116.0,900891.0,77.449
600779.SH,2022-12-16,0.0,77.77,77.84,77.7,169.0,1313860.0,77.45
600779.SH,2022-12-16,0.0,77.76,77.8,77.75,178.0,1384340.0,77.451
600779.SH,2022-12-16,0.0,77.71,77.76,77.7,220.0,1709730.0,77.451
600779.SH,2022-12-16,0.0,77.64,77.72,77.62,199.0,1545520.0,77.452
600779.SH,2022-12-16,0.0,77.63,77.65,77.63,252.0,1956400.0,77.452
600779.SH,2022-12-16,0.0,77.63,77.64,77.62,163.0,1265420.0,77.453
600779.SH,2022-12-16,0.0,77.61,77.64,77.61,260.0,2018230.0,77.453
600779.SH,2022-12-16,0.0,77.63,77.63,77.6,179.0,1389310.0,77.453
600779.SH,2022-12-16,0.0,77.63,77.64,77.62,105.0,815145.0,77.454
600779.SH,2022-12-16,0.0,77.8,77.8,77.63,427.0,3316230.0,77.455
600779.SH,2022-12-16,0.0,77.98,77.99,77.83,201.0,1566040.0,77.456
600779.SH,2022-12-16,0.0,77.96,78.0,77.96,249.0,1941660.0,77.457
600779.SH,2022-12-16,0.0,77.92,77.98,77.9,257.0,2003150.0,77.459
600779.SH,2022-12-16,0.0,78.0,78.0,77.92,165.0,1287020.0,77.46
600779.SH,2022-12-16,0.0,78.05,78.05,77.99,468.0,3652950.0,77.462
600779.SH,2022-12-16,0.0,78.02,78.07,78.0,199.0,1552850.0,77.464
600779.SH,2022-12-16,0.0,78.01,78.04,78.0,157.0,1224840.0,77.465
600779.SH,2022-12-16,0.0,78.07,78.07,78.02,312.0,2434820.0,77.467
600779.SH,2022-12-16,0.0,78.2,78.22,78.09,533.0,4165420.0,77.471
600779.SH,2022-12-16,0.0,78.18,78.2,78.15,184.0,1438380.0,77.472
600779.SH,2022-12-16,0.0,78.15,78.19,78.12,263.0,2056040.0,77.474
600779.SH,2022-12-16,0.0,78.06,78.16,78.05,143.0,1114700.0,77.475
600779.SH,2022-12-16,0.0,77.99,78.06,77.95,303.0,2365810.0,77.477
600779.SH,2022-12-16,0.0,77.98,78.0,77.98,468.0,3647730.0,77.48
600779.SH,2022-12-16,0.0,77.99,78.0,77.97,441.0,3436270.0,77.482
600779.SH,2022-12-16,0.0,78.02,78.05,78.0,586.0,4571900.0,77.486
600779.SH,2022-12-16,0.0,78.04,78.04,78.01,826.0,6446680.0,77.491
600779.SH,2022-12-16,0.0,78.04,78.04,78.04,5.0,39020.0,77.491
600779.SH,2022-12-16,0.0,78.04,78.04,78.04,0.0,0.0,77.491
600779.SH,2022-12-16,0.0,78.1,78.1,78.1,1273.0,9942130.0,77.499
600779.SH,2022-12-19,0.0,77.9,77.9,77.9,400.0,3116000.0,77.9
600779.SH,2022-12-19,0.0,78.63,78.69,77.68,1656.0,12947400.0,78.129
600779.SH,2022-12-19,0.0,78.51,78.85,78.51,2035.0,16010800.0,78.402
600779.SH,2022-12-19,0.0,78.89,78.97,78.56,1424.0,11213800.0,78.492
600779.SH,2022-12-19,0.0,78.2,78.86,78.2,1567.0,12332300.0,78.538
600779.SH,2022-12-19,0.0,78.05,78.22,78.01,1292.0,10092500.0,78.473
600779.SH,2022-12-19,0.0,78.36,78.36,78.03,1183.0,9237420.0,78.425
600779.SH,2022-12-19,0.0,78.53,78.56,78.39,801.0,6285030.0,78.428
600779.SH,2022-12-19,0.0,78.17,78.51,78.17,818.0,6410880.0,78.424
600779.SH,2022-12-19,0.0,78.48,78.5,78.15,613.0,4800850.0,78.418
600779.SH,2022-12-19,0.0,78.6,78.73,78.51,800.0,6290640.0,78.432
600779.SH,2022-12-19,0.0,78.11,78.67,78.11,862.0,6751960.0,78.425
600779.SH,2022-12-19,0.0,78.1,78.15,77.91,1077.0,8402290.0,78.395
600779.SH,2022-12-19,0.0,77.94,78.09,77.94,803.0,6264310.0,78.375
600779.SH,2022-12-19,0.0,77.88,77.94,77.86,718.0,5593120.0,78.353
600779.SH,2022-12-19,0.0,78.21,78.21,77.84,562.0,4384110.0,78.341
600779.SH,2022-12-19,0.0,78.45,78.5,78.3,553.0,4334240.0,78.342
600779.SH,2022-12-19,0.0,78.46,78.52,78.46,707.0,5549320.0,78.348
600779.SH,2022-12-19,0.0,78.48,78.5,78.41,768.0,6026250.0,78.353
600779.SH,2022-12-19,0.0,78.48,78.52,78.45,691.0,5424020.0,78.358
600779.SH,2022-12-19,0.0,78.34,78.49,78.34,698.0,5475850.0,78.361
600779.SH,2022-12-19,0.0,78.07,78.28,77.99,490.0,3825990.0,78.355
600779.SH,2022-12-19,0.0,77.97,78.18,77.97,835.0,6516340.0,78.342
600779.SH,2022-12-19,0.0,78.21,78.42,77.97,898.0,7019070.0,78.335
600779.SH,2022-12-19,0.0,78.0,78.21,78.0,623.0,4865970.0,78.329
600779.SH,2022-12-19,0.0,78.04,78.13,77.99,1001.0,7813960.0,78.318
600779.SH,2022-12-19,0.0,78.19,78.2,78.04,503.0,3929320.0,78.314
600779.SH,2022-12-19,0.0,78.2,78.2,78.1,819.0,6401200.0,78.309
600779.SH,2022-12-19,0.0,78.15,78.2,78.11,537.0,4195820.0,78.305
600779.SH,2022-12-19,0.0,78.06,78.2,78.06,321.0,2508720.0,78.303
600779.SH,2022-12-19,0.0,78.1,78.1,78.01,557.0,4346490.0,78.297
600779.SH,2022-12-19,0.0,78.44,78.44,78.04,714.0,5582520.0,78.294
600779.SH,2022-12-19,0.0,78.37,78.45,78.2,809.0,6343120.0,78.298
600779.SH,2022-12-19,0.0,78.83,78.83,78.38,1801.0,14150000.0,78.314
600779.SH,2022-12-19,0.0,79.66,79.68,78.85,2351.0,18616500.0,78.377
600779.SH,2022-12-19,0.0,79.7,79.8,79.59,3234.0,25775800.0,78.498
600779.SH,2022-12-19,0.0,79.38,79.7,79.38,1557.0,12376200.0,78.54
600779.SH,2022-12-19,0.0,79.88,79.88,79.36,1209.0,9626800.0,78.574
600779.SH,2022-12-19,0.0,80.45,80.5,79.94,2905.0,23259000.0,78.679
600779.SH,2022-12-19,0.0,80.06,80.53,79.99,1875.0,15062400.0,78.751
600779.SH,2022-12-19,0.0,80.28,80.3,80.08,1246.0,9990420.0,78.791
600779.SH,2022-12-19,0.0,80.09,80.29,80.03,1035.0,8296440.0,78.822
600779.SH,2022-12-19,0.0,79.97,80.11,79.97,627.0,5019440.0,78.839
600779.SH,2022-12-19,0.0,79.67,79.99,79.67,317.0,2533250.0,78.846
600779.SH,2022-12-19,0.0,79.7,79.7,79.52,662.0,5268230.0,78.857
600779.SH,2022-12-19,0.0,80.05,80.06,79.7,390.0,3116610.0,78.866
600779.SH,2022-12-19,0.0,79.42,80.06,79.42,607.0,4848000.0,78.878
600779.SH,2022-12-19,0.0,79.59,79.63,79.34,545.0,4331240.0,78.885
600779.SH,2022-12-19,0.0,79.7,79.77,79.63,859.0,6847980.0,78.899
600779.SH,2022-12-19,0.0,79.53,79.7,79.42,430.0,3414910.0,78.905
600779.SH,2022-12-19,0.0,79.44,79.5,79.43,345.0,2741480.0,78.908
600779.SH,2022-12-19,0.0,79.28,79.49,79.28,493.0,3915960.0,78.913
600779.SH,2022-12-19,0.0,79.17,79.29,79.12,526.0,4164560.0,78.916
600779.SH,2022-12-19,0.0,79.52,79.52,79.23,386.0,3059260.0,78.919
600779.SH,2022-12-19,0.0,79.45,79.52,79.45,494.0,3926620.0,78.924
600779.SH,2022-12-19,0.0,79.4,79.47,79.4,193.0,1532870.0,78.926
600779.SH,2022-12-19,0.0,79.25,79.38,79.22,374.0,2968310.0,78.928
600779.SH,2022-12-19,0.0,79.5,79.5,79.25,182.0,1444240.0,78.93
600779.SH,2022-12-19,0.0,79.49,79.56,79.49,309.0,2456960.0,78.933
600779.SH,2022-12-19,0.0,79.35,79.49,79.35,360.0,2859970.0,78.937
600779.SH,2022-12-19,0.0,79.45,79.45,79.26,428.0,3395730.0,78.94
600779.SH,2022-12-19,0.0,79.37,79.45,79.34,120.0,952750.0,78.941
600779.SH,2022-12-19,0.0,79.38,79.4,79.35,294.0,2333460.0,78.943
600779.SH,2022-12-19,0.0,79.7,79.7,79.38,492.0,3913980.0,78.949
600779.SH,2022-12-19,0.0,79.9,80.0,79.72,978.0,7814310.0,78.965
600779.SH,2022-12-19,0.0,79.75,79.8,79.7,284.0,2264770.0,78.969
600779.SH,2022-12-19,0.0,79.61,79.75,79.6,282.0,2247370.0,78.973
600779.SH,2022-12-19,0.0,79.75,79.76,79.61,286.0,2279070.0,78.977
600779.SH,2022-12-19,0.0,79.73,79.75,79.7,274.0,2184350.0,78.98
600779.SH,2022-12-19,0.0,79.7,79.75,79.69,183.0,1458920.0,78.983
600779.SH,2022-12-19,0.0,79.67,79.72,79.66,107.0,852560.0,78.984
600779.SH,2022-12-19,0.0,79.7,79.7,79.66,284.0,2262850.0,78.987
600779.SH,2022-12-19,0.0,79.49,79.67,79.45,244.0,1942370.0,78.99
600779.SH,2022-12-19,0.0,79.39,79.49,79.39,271.0,2152400.0,78.992
600779.SH,2022-12-19,0.0,79.3,79.4,79.3,212.0,1682250.0,78.993
600779.SH,2022-12-19,0.0,79.4,79.4,79.3,374.0,2967460.0,78.996
600779.SH,2022-12-19,0.0,79.49,79.58,79.4,164.0,1304140.0,78.997
600779.SH,2022-12-19,0.0,79.49,79.52,79.46,226.0,1796480.0,78.999
600779.SH,2022-12-19,0.0,79.35,79.48,79.35,160.0,1270740.0,79.0
600779.SH,2022-12-19,0.0,79.21,79.36,79.21,395.0,3130830.0,79.002
600779.SH,2022-12-19,0.0,78.96,79.21,78.96,995.0,7863750.0,79.002
600779.SH,2022-12-19,0.0,78.77,78.95,78.75,1017.0,8014280.0,78.999
600779.SH,2022-12-19,0.0,79.05,79.07,78.82,1150.0,9071620.0,78.997
600779.SH,2022-12-19,0.0,78.85,79.04,78.85,276.0,2178760.0,78.997
600779.SH,2022-12-19,0.0,78.87,78.87,78.83,327.0,2578350.0,78.996
600779.SH,2022-12-19,0.0,78.81,78.87,78.81,208.0,1640070.0,78.995
600779.SH,2022-12-19,0.0,78.81,78.86,78.76,366.0,2884060.0,78.994
600779.SH,2022-12-19,0.0,78.79,78.82,78.75,289.0,2276780.0,78.993
600779.SH,2022-12-19,0.0,78.69,78.8,78.69,696.0,5481430.0,78.991
600779.SH,2022-12-19,0.0,78.52,78.7,78.46,1139.0,8946430.0,78.983
600779.SH,2022-12-19,0.0,78.59,78.7,78.52,753.0,5918980.0,78.979
600779.SH,2022-12-19,0.0,78.49,78.7,78.4,844.0,6629250.0,78.973
600779.SH,2022-12-19,0.0,78.78,78.78,78.48,637.0,5006720.0,78.97
600779.SH,2022-12-19,0.0,78.8,78.88,78.78,517.0,4075820.0,78.969
600779.SH,2022-12-19,0.0,78.88,78.88,78.8,222.0,1750570.0,78.968
600779.SH,2022-12-19,0.0,79.08,79.08,78.9,334.0,2637780.0,78.968
600779.SH,2022-12-19,0.0,79.0,79.1,78.98,181.0,1430090.0,78.969
600779.SH,2022-12-19,0.0,78.98,79.01,78.98,219.0,1730020.0,78.969
600779.SH,2022-12-19,0.0,78.9,79.0,78.9,163.0,1286760.0,78.969
600779.SH,2022-12-19,0.0,78.94,78.98,78.87,168.0,1325740.0,78.968
600779.SH,2022-12-19,0.0,79.15,79.15,78.94,239.0,1888510.0,78.969
600779.SH,2022-12-19,0.0,79.21,79.21,79.16,271.0,2145660.0,78.969
600779.SH,2022-12-19,0.0,79.2,79.22,79.16,112.0,887086.0,78.97
600779.SH,2022-12-19,0.0,79.44,79.45,79.2,403.0,3198250.0,78.972
600779.SH,2022-12-19,0.0,79.45,79.45,79.39,253.0,2009620.0,78.974
600779.SH,2022-12-19,0.0,79.3,79.45,79.2,127.0,1008050.0,78.974
600779.SH,2022-12-19,0.0,79.18,79.3,79.18,123.0,973956.0,78.975
600779.SH,2022-12-19,0.0,79.16,79.19,79.16,94.0,744290.0,78.975
600779.SH,2022-12-19,0.0,79.28,79.28,79.02,118.0,933123.0,78.975
600779.SH,2022-12-19,0.0,79.18,79.28,79.18,264.0,2090830.0,78.976
600779.SH,2022-12-19,0.0,79.36,79.36,79.17,147.0,1165380.0,78.977
600779.SH,2022-12-19,0.0,79.45,79.46,79.34,165.0,1310480.0,78.978
600779.SH,2022-12-19,0.0,79.48,79.49,79.42,483.0,3838660.0,78.981
600779.SH,2022-12-19,0.0,79.36,79.47,79.3,124.0,984667.0,78.982
600779.SH,2022-12-19,0.0,79.2,79.3,79.2,137.0,1086200.0,78.982
600779.SH,2022-12-19,0.0,79.15,79.2,79.15,71.0,562057.0,78.982
600779.SH,2022-12-19,0.0,78.99,79.15,78.99,209.0,1651350.0,78.982
600779.SH,2022-12-19,0.0,79.03,79.12,78.98,115.0,908581.0,78.982
600779.SH,2022-12-19,0.0,79.1,79.1,79.01,120.0,948566.0,78.983
600779.SH,2022-12-19,0.0,79.13,79.15,79.0,136.0,1075150.0,78.983
600779.SH,2022-12-19,0.0,79.11,79.18,79.1,80.0,632985.0,78.983
600779.SH,2022-12-19,0.0,79.16,79.27,79.05,410.0,3245170.0,78.984
600779.SH,2022-12-19,0.0,79.1,79.12,79.03,90.0,711737.0,78.984
600779.SH,2022-12-19,0.0,79.13,79.16,79.04,115.0,909693.0,78.984
600779.SH,2022-12-19,0.0,79.04,79.12,79.03,95.0,750948.0,78.984
600779.SH,2022-12-19,0.0,78.95,79.08,78.5,621.0,4888540.0,78.982
600779.SH,2022-12-19,0.0,78.69,79.0,78.69,220.0,1735220.0,78.982
600779.SH,2022-12-19,0.0,78.6,78.69,78.58,174.0,1367890.0,78.981
600779.SH,2022-12-19,0.0,78.61,78.68,78.6,169.0,1328560.0,78.98
600779.SH,2022-12-19,0.0,78.59,78.61,78.59,140.0,1100480.0,78.979
600779.SH,2022-12-19,0.0,78.6,78.61,78.58,166.0,1304620.0,78.978
600779.SH,2022-12-19,0.0,78.59,78.61,78.59,92.0,723096.0,78.978
600779.SH,2022-12-19,0.0,78.59,78.6,78.57,151.0,1186640.0,78.977
600779.SH,2022-12-19,0.0,78.58,78.6,78.58,184.0,1446120.0,78.976
600779.SH,2022-12-19,0.0,78.57,78.59,78.57,109.0,856499.0,78.976
600779.SH,2022-12-19,0.0,78.57,78.6,78.56,205.0,1611920.0,78.975
600779.SH,2022-12-19,0.0,78.45,78.57,78.45,257.0,2017310.0,78.973
600779.SH,2022-12-19,0.0,78.27,78.43,78.27,265.0,2076750.0,78.971
600779.SH,2022-12-19,0.0,78.2,78.26,78.12,335.0,2619920.0,78.968
600779.SH,2022-12-19,0.0,78.15,78.2,78.15,193.0,1508610.0,78.966
600779.SH,2022-12-19,0.0,78.13,78.15,78.12,552.0,4312600.0,78.96
600779.SH,2022-12-19,0.0,78.1,78.17,78.1,341.0,2664040.0,78.956
600779.SH,2022-12-19,0.0,78.03,78.09,78.02,304.0,2372500.0,78.953
600779.SH,2022-12-19,0.0,78.33,78.33,78.05,421.0,3288810.0,78.948
600779.SH,2022-12-19,0.0,78.35,78.43,78.34,322.0,2523690.0,78.946
600779.SH,2022-12-19,0.0,78.32,78.39,78.3,128.0,1002760.0,78.945
600779.SH,2022-12-19,0.0,78.32,78.35,78.28,220.0,1722770.0,78.943
600779.SH,2022-12-19,0.0,78.63,78.63,78.35,454.0,3561700.0,78.94
600779.SH,2022-12-19,0.0,78.62,78.66,78.56,184.0,1446760.0,78.94
600779.SH,2022-12-19,0.0,78.64,78.66,78.6,175.0,1376020.0,78.939
600779.SH,2022-12-19,0.0,78.61,78.68,78.61,137.0,1077390.0,78.939
600779.SH,2022-12-19,0.0,78.6,78.69,78.6,295.0,2319130.0,78.937
600779.SH,2022-12-19,0.0,78.59,78.59,78.54,89.0,699192.0,78.937
600779.SH,2022-12-19,0.0,78.58,78.6,78.55,140.0,1100100.0,78.936
600779.SH,2022-12-19,0.0,78.6,78.6,78.56,336.0,2640740.0,78.935
600779.SH,2022-12-19,0.0,78.68,78.7,78.6,235.0,1848500.0,78.934
600779.SH,2022-12-19,0.0,78.7,78.74,78.65,105.0,826236.0,78.934
600779.SH,2022-12-19,0.0,78.53,78.69,78.53,345.0,2712800.0,78.933
600779.SH,2022-12-19,0.0,78.59,78.59,78.53,137.0,1076220.0,78.932
600779.SH,2022-12-19,0.0,78.53,78.59,78.53,58.0,455743.0,78.932
600779.SH,2022-12-19,0.0,78.51,78.54,78.51,208.0,1633200.0,78.931
600779.SH,2022-12-19,0.0,78.53,78.53,78.5,177.0,1389600.0,78.93
600779.SH,2022-12-19,0.0,78.5,78.52,78.5,73.0,573150.0,78.929
600779.SH,2022-12-19,0.0,78.4,78.51,78.4,114.0,894530.0,78.929
600779.SH,2022-12-19,0.0,78.25,78.39,78.25,181.0,1417840.0,78.928
600779.SH,2022-12-19,0.0,78.22,78.31,78.2,241.0,1885910.0,78.926
600779.SH,2022-12-19,0.0,78.29,78.4,78.21,841.0,6584270.0,78.919
600779.SH,2022-12-19,0.0,78.31,78.39,78.3,210.0,1644650.0,78.918
600779.SH,2022-12-19,0.0,78.43,78.47,78.33,167.0,1309000.0,78.917
600779.SH,2022-12-19,0.0,78.38,78.45,78.38,125.0,980318.0,78.916
600779.SH,2022-12-19,0.0,78.39,78.41,78.38,58.0,454711.0,78.916
600779.SH,2022-12-19,0.0,78.52,78.52,78.38,243.0,1905860.0,78.914
600779.SH,2022-12-19,0.0,78.51,78.55,78.51,137.0,1075880.0,78.914
600779.SH,2022-12-19,0.0,78.55,78.58,78.54,104.0,817022.0,78.913
600779.SH,2022-12-19,0.0,78.47,78.58,78.47,240.0,1884850.0,78.912
600779.SH,2022-12-19,0.0,78.46,78.47,78.45,99.0,776759.0,78.912
600779.SH,2022-12-19,0.0,78.46,78.5,78.45,227.0,1781160.0,78.91
600779.SH,2022-12-19,0.0,78.3,78.46,78.3,298.0,2334880.0,78.909
600779.SH,2022-12-19,0.0,78.23,78.3,78.23,196.0,1533990.0,78.907
600779.SH,2022-12-19,0.0,78.28,78.29,78.23,224.0,1752550.0,78.905
600779.SH,2022-12-19,0.0,78.4,78.47,78.34,158.0,1237830.0,78.904
600779.SH,2022-12-19,0.0,78.36,78.4,78.26,131.0,1025460.0,78.903
600779.SH,2022-12-19,0.0,78.32,78.33,78.28,139.0,1088440.0,78.902
600779.SH,2022-12-19,0.0,78.28,78.3,78.28,80.0,626287.0,78.902
600779.SH,2022-12-19,0.0,78.26,78.29,78.26,180.0,1408920.0,78.901
600779.SH,2022-12-19,0.0,78.28,78.29,78.25,279.0,2183710.0,78.899
600779.SH,2022-12-19,0.0,78.27,78.29,78.26,90.0,704427.0,78.898
600779.SH,2022-12-19,0.0,78.27,78.28,78.26,147.0,1150550.0,78.897
600779.SH,2022-12-19,0.0,78.26,78.3,78.26,189.0,1479540.0,78.896
600779.SH,2022-12-19,0.0,78.26,78.29,78.26,126.0,986206.0,78.895
600779.SH,2022-12-19,0.0,78.29,78.29,78.27,222.0,1737850.0,78.893
600779.SH,2022-12-19,0.0,78.28,78.3,78.27,259.0,2027570.0,78.891
600779.SH,2022-12-19,0.0,78.23,78.32,78.23,215.0,1682900.0,78.89
600779.SH,2022-12-19,0.0,78.22,78.23,78.2,272.0,2127340.0,78.888
600779.SH,2022-12-19,0.0,78.15,78.21,78.15,283.0,2212710.0,78.886
600779.SH,2022-12-19,0.0,78.12,78.15,78.12,319.0,2492000.0,78.883
600779.SH,2022-12-19,0.0,78.11,78.13,78.11,265.0,2069910.0,78.881
600779.SH,2022-12-19,0.0,78.15,78.16,78.11,171.0,1336090.0,78.879
600779.SH,2022-12-19,0.0,78.16,78.2,78.15,410.0,3205150.0,78.876
600779.SH,2022-12-19,0.0,78.17,78.28,78.15,266.0,2079990.0,78.874
600779.SH,2022-12-19,0.0,78.16,78.19,78.11,343.0,2680730.0,78.871
600779.SH,2022-12-19,0.0,78.11,78.17,78.09,472.0,3686650.0,78.867
600779.SH,2022-12-19,0.0,78.03,78.09,78.03,323.0,2521310.0,78.865
600779.SH,2022-12-19,0.0,78.15,78.18,78.02,528.0,4123420.0,78.86
600779.SH,2022-12-19,0.0,78.12,78.15,78.12,92.0,718731.0,78.86
600779.SH,2022-12-19,0.0,78.12,78.18,78.1,491.0,3833270.0,78.856
600779.SH,2022-12-19,0.0,78.1,78.12,78.08,218.0,1702620.0,78.854
600779.SH,2022-12-19,0.0,78.05,78.09,78.05,225.0,1756430.0,78.852
600779.SH,2022-12-19,0.0,78.01,78.04,78.0,409.0,3190910.0,78.848
600779.SH,2022-12-19,0.0,78.02,78.03,78.0,395.0,3081350.0,78.845
600779.SH,2022-12-19,0.0,78.02,78.05,78.0,440.0,3436190.0,78.841
600779.SH,2022-12-19,0.0,78.17,78.17,78.02,192.0,1498990.0,78.839
600779.SH,2022-12-19,0.0,78.12,78.19,78.12,314.0,2453910.0,78.837
600779.SH,2022-12-19,0.0,78.06,78.13,78.05,255.0,1991350.0,78.835
600779.SH,2022-12-19,0.0,78.08,78.1,78.03,152.0,1186600.0,78.834
600779.SH,2022-12-19,0.0,78.05,78.09,78.05,151.0,1178840.0,78.833
600779.SH,2022-12-19,0.0,78.01,78.05,78.0,268.0,2091000.0,78.831
600779.SH,2022-12-19,0.0,78.0,78.03,78.0,556.0,4334500.0,78.826
600779.SH,2022-12-19,0.0,77.97,78.02,77.96,419.0,3267760.0,78.822
600779.SH,2022-12-19,0.0,77.9,77.96,77.89,405.0,3155570.0,78.818
600779.SH,2022-12-19,0.0,77.96,77.96,77.85,474.0,3690440.0,78.814
600779.SH,2022-12-19,0.0,77.89,77.96,77.88,234.0,1824190.0,78.812
600779.SH,2022-12-19,0.0,77.9,77.9,77.87,387.0,3014270.0,78.808
600779.SH,2022-12-19,0.0,77.96,77.98,77.9,477.0,3716840.0,78.804
600779.SH,2022-12-19,0.0,77.89,77.97,77.89,398.0,3101310.0,78.8
600779.SH,2022-12-19,0.0,77.88,77.9,77.87,330.0,2571090.0,78.797
600779.SH,2022-12-19,0.0,77.88,77.89,77.85,622.0,4842460.0,78.792
600779.SH,2022-12-19,0.0,77.88,77.9,77.87,264.0,2055920.0,78.789
600779.SH,2022-12-19,0.0,78.03,78.03,77.88,1092.0,8509740.0,78.78
600779.SH,2022-12-19,0.0,78.2,78.2,78.03,341.0,2667150.0,78.778
600779.SH,2022-12-19,0.0,78.4,78.45,78.2,415.0,3250880.0,78.776
600779.SH,2022-12-19,0.0,78.41,78.41,78.36,310.0,2430050.0,78.775
600779.SH,2022-12-19,0.0,78.3,78.4,78.3,417.0,3268500.0,78.773
600779.SH,2022-12-19,0.0,78.28,78.3,78.23,223.0,1745820.0,78.772
600779.SH,2022-12-19,0.0,78.29,78.3,78.24,401.0,3138940.0,78.77
600779.SH,2022-12-19,0.0,78.3,78.3,78.28,480.0,3758180.0,78.768
600779.SH,2022-12-19,0.0,78.29,78.3,78.29,415.0,3251680.0,78.766
600779.SH,2022-12-19,0.0,78.28,78.3,78.28,585.0,4577400.0,78.764
600779.SH,2022-12-19,0.0,78.3,78.3,78.3,13.0,101786.0,78.764
600779.SH,2022-12-19,0.0,78.3,78.3,78.3,0.0,0.0,78.764
600779.SH,2022-12-19,0.0,78.3,78.3,78.3,869.0,6804270.0,78.76
600779.SH,2022-12-20,0.0,77.5,77.5,77.5,660.0,5111200.0,77.5
600779.SH,2022-12-20,0.0,78.1,78.15,77.3,1694.0,13163800.0,77.65
600779.SH,2022-12-20,0.0,77.5,78.28,77.5,1306.0,10168800.0,77.726
600779.SH,2022-12-20,0.0,77.7,77.98,77.5,890.0,6912520.0,77.715
600779.SH,2022-12-20,0.0,77.43,77.9,77.43,1028.0,7993380.0,77.722
600779.SH,2022-12-20,0.0,77.2,77.7,77.2,1679.0,13016200.0,77.671
600779.SH,2022-12-20,0.0,77.58,77.6,77.1,2181.0,16854800.0,77.585
600779.SH,2022-12-20,0.0,77.68,77.99,77.57,1077.0,8374700.0,77.603
600779.SH,2022-12-20,0.0,77.34,77.73,77.34,535.0,4149620.0,77.601
600779.SH,2022-12-20,0.0,77.5,77.5,77.2,1585.0,12247800.0,77.56
600779.SH,2022-12-20,0.0,77.73,77.73,77.44,888.0,6897070.0,77.564
600779.SH,2022-12-20,0.0,77.95,77.98,77.75,530.0,4126280.0,77.575
600779.SH,2022-12-20,0.0,77.69,78.0,77.69,786.0,6119580.0,77.59
600779.SH,2022-12-20,0.0,77.55,77.66,77.54,251.0,1947710.0,77.59
600779.SH,2022-12-20,0.0,77.3,77.55,77.28,649.0,5020180.0,77.581
600779.SH,2022-12-20,0.0,77.25,77.3,77.16,796.0,6148940.0,77.565
600779.SH,2022-12-20,0.0,77.69,77.7,77.25,495.0,3835790.0,77.562
600779.SH,2022-12-20,0.0,77.0,77.58,77.0,766.0,5911110.0,77.545
600779.SH,2022-12-20,0.0,76.88,77.02,76.6,1612.0,12402900.0,77.495
600779.SH,2022-12-20,0.0,76.45,76.88,76.34,1207.0,9244980.0,77.442
600779.SH,2022-12-20,0.0,76.26,76.35,76.12,3399.0,25902200.0,77.267
600779.SH,2022-12-20,0.0,76.55,76.8,76.25,1775.0,13569700.0,77.211
600779.SH,2022-12-20,0.0,76.31,76.68,76.29,1331.0,10177100.0,77.173
600779.SH,2022-12-20,0.0,76.65,76.7,76.31,1521.0,11639200.0,77.138
600779.SH,2022-12-20,0.0,76.35,76.69,76.35,509.0,3892900.0,77.127
600779.SH,2022-12-20,0.0,76.23,76.39,76.23,1180.0,9002230.0,77.095
600779.SH,2022-12-20,0.0,76.3,76.5,76.24,870.0,6639660.0,77.073
600779.SH,2022-12-20,0.0,76.16,76.3,76.16,1341.0,10223900.0,77.039
600779.SH,2022-12-20,0.0,76.6,76.66,76.1,1434.0,10941900.0,77.008
600779.SH,2022-12-20,0.0,76.39,76.59,76.22,537.0,4108520.0,77.0
600779.SH,2022-12-20,0.0,76.25,76.37,76.25,614.0,4684610.0,76.988
600779.SH,2022-12-20,0.0,76.39,76.46,76.23,586.0,4472410.0,76.977
600779.SH,2022-12-20,0.0,76.4,76.46,76.38,578.0,4415750.0,76.968
600779.SH,2022-12-20,0.0,76.47,76.5,76.45,253.0,1934240.0,76.964
600779.SH,2022-12-20,0.0,76.26,76.45,76.26,676.0,5160870.0,76.953
600779.SH,2022-12-20,0.0,76.24,76.32,76.23,382.0,2915260.0,76.946
600779.SH,2022-12-20,0.0,76.14,76.24,76.14,751.0,5722840.0,76.932
600779.SH,2022-12-20,0.0,75.49,76.11,75.41,2577.0,19551200.0,76.865
600779.SH,2022-12-20,0.0,75.38,75.52,75.21,1412.0,10654200.0,76.817
600779.SH,2022-12-20,0.0,75.44,75.47,75.27,2183.0,16455200.0,76.747
600779.SH,2022-12-20,0.0,75.4,75.45,75.35,1304.0,9834180.0,76.709
600779.SH,2022-12-20,0.0,75.04,75.39,75.03,1682.0,12644800.0,76.655
600779.SH,2022-12-20,0.0,75.24,75.24,74.81,4166.0,31244900.0,76.521
600779.SH,2022-12-20,0.0,75.69,75.72,75.33,1524.0,11512000.0,76.493
600779.SH,2022-12-20,0.0,75.44,75.69,75.44,431.0,3259620.0,76.486
600779.SH,2022-12-20,0.0,75.25,75.41,75.25,635.0,4783880.0,76.473
600779.SH,2022-12-20,0.0,75.45,75.48,75.19,1170.0,8812170.0,76.449
600779.SH,2022-12-20,0.0,75.71,75.71,75.48,547.0,4133590.0,76.44
600779.SH,2022-12-20,0.0,75.99,75.99,75.72,641.0,4865250.0,76.434
600779.SH,2022-12-20,0.0,76.23,76.23,75.99,665.0,5058190.0,76.429
600779.SH,2022-12-20,0.0,75.88,76.19,75.87,598.0,4547170.0,76.425
600779.SH,2022-12-20,0.0,75.85,75.92,75.82,217.0,1646530.0,76.423
600779.SH,2022-12-20,0.0,75.45,75.85,75.45,400.0,3025120.0,76.418
600779.SH,2022-12-20,0.0,75.69,75.7,75.44,348.0,2630380.0,76.413
600779.SH,2022-12-20,0.0,75.75,75.79,75.69,462.0,3498010.0,76.407
600779.SH,2022-12-20,0.0,75.69,75.8,75.69,305.0,2310560.0,76.404
600779.SH,2022-12-20,0.0,75.45,75.7,75.45,478.0,3611930.0,76.397
600779.SH,2022-12-20,0.0,75.33,75.44,75.33,618.0,4659860.0,76.387
600779.SH,2022-12-20,0.0,75.39,75.4,75.29,476.0,3585490.0,76.379
600779.SH,2022-12-20,0.0,75.33,75.42,75.28,239.0,1801140.0,76.375
600779.SH,2022-12-20,0.0,75.34,75.42,75.31,371.0,2794240.0,76.369
600779.SH,2022-12-20,0.0,75.58,75.58,75.34,585.0,4413660.0,76.36
600779.SH,2022-12-20,0.0,75.36,75.58,75.35,415.0,3132430.0,76.354
600779.SH,2022-12-20,0.0,75.37,75.44,75.35,360.0,2713570.0,76.349
600779.SH,2022-12-20,0.0,75.45,75.45,75.31,514.0,3873560.0,76.341
600779.SH,2022-12-20,0.0,75.42,75.44,75.4,235.0,1771970.0,76.337
600779.SH,2022-12-20,0.0,75.42,75.43,75.38,268.0,2020770.0,76.333
600779.SH,2022-12-20,0.0,75.4,75.45,75.37,356.0,2684640.0,76.328
600779.SH,2022-12-20,0.0,75.35,75.4,75.33,762.0,5742760.0,76.317
600779.SH,2022-12-20,0.0,75.31,75.35,75.3,372.0,2801670.0,76.311
600779.SH,2022-12-20,0.0,75.28,75.31,75.28,326.0,2454630.0,76.306
600779.SH,2022-12-20,0.0,75.11,75.28,75.1,431.0,3240200.0,76.299
600779.SH,2022-12-20,0.0,75.3,75.3,75.1,486.0,3654390.0,76.291
600779.SH,2022-12-20,0.0,75.33,75.36,75.3,265.0,1996050.0,76.287
600779.SH,2022-12-20,0.0,75.3,75.35,75.3,202.0,1521310.0,76.284
600779.SH,2022-12-20,0.0,75.22,75.29,75.22,199.0,1497710.0,76.281
600779.SH,2022-12-20,0.0,75.12,75.24,75.11,181.0,1360800.0,76.278
600779.SH,2022-12-20,0.0,74.99,75.1,74.99,1219.0,9144240.0,76.256
600779.SH,2022-12-20,0.0,74.86,74.98,74.86,669.0,5011000.0,76.243
600779.SH,2022-12-20,0.0,75.0,75.0,74.84,1197.0,8962370.0,76.22
600779.SH,2022-12-20,0.0,75.09,75.11,75.0,478.0,3587790.0,76.212
600779.SH,2022-12-20,0.0,75.26,75.27,75.09,190.0,1425100.0,76.209
600779.SH,2022-12-20,0.0,74.98,75.26,74.95,659.0,4944140.0,76.198
600779.SH,2022-12-20,0.0,74.91,74.98,74.9,221.0,1656030.0,76.195
600779.SH,2022-12-20,0.0,74.98,75.25,74.9,376.0,2819920.0,76.188
600779.SH,2022-12-20,0.0,75.1,75.18,74.99,169.0,1268740.0,76.186
600779.SH,2022-12-20,0.0,75.13,75.14,75.1,183.0,1374670.0,76.183
600779.SH,2022-12-20,0.0,75.15,75.15,75.1,244.0,1832820.0,76.18
600779.SH,2022-12-20,0.0,75.21,75.22,75.17,202.0,1518860.0,76.177
600779.SH,2022-12-20,0.0,75.15,75.2,75.15,139.0,1044950.0,76.175
600779.SH,2022-12-20,0.0,75.1,75.12,75.07,139.0,1043850.0,76.173
600779.SH,2022-12-20,0.0,75.28,75.33,75.09,495.0,3723630.0,76.167
600779.SH,2022-12-20,0.0,75.38,75.39,75.26,1091.0,8222020.0,76.155
600779.SH,2022-12-20,0.0,75.47,75.51,75.38,354.0,2671430.0,76.152
600779.SH,2022-12-20,0.0,75.4,75.51,75.39,213.0,1607680.0,76.15
600779.SH,2022-12-20,0.0,75.3,75.39,75.3,86.0,647712.0,76.149
600779.SH,2022-12-20,0.0,75.42,75.43,75.3,78.0,587701.0,76.148
600779.SH,2022-12-20,0.0,75.39,75.4,75.36,95.0,714128.0,76.147
600779.SH,2022-12-20,0.0,75.44,75.45,75.39,231.0,1741780.0,76.145
600779.SH,2022-12-20,0.0,75.49,75.51,75.44,409.0,3087230.0,76.141
600779.SH,2022-12-20,0.0,75.46,75.49,75.44,103.0,777149.0,76.14
600779.SH,2022-12-20,0.0,75.49,75.51,75.46,420.0,3170320.0,76.137
600779.SH,2022-12-20,0.0,75.44,75.5,75.44,732.0,5523470.0,76.13
600779.SH,2022-12-20,0.0,75.38,75.44,75.38,264.0,1990240.0,76.128
600779.SH,2022-12-20,0.0,75.27,75.45,75.27,101.0,761202.0,76.127
600779.SH,2022-12-20,0.0,75.14,75.26,75.14,93.0,699339.0,76.126
600779.SH,2022-12-20,0.0,75.19,75.2,75.11,155.0,1164860.0,76.124
600779.SH,2022-12-20,0.0,75.25,75.25,75.2,143.0,1076260.0,76.122
600779.SH,2022-12-20,0.0,75.31,75.31,75.25,211.0,1588490.0,76.12
600779.SH,2022-12-20,0.0,75.3,75.4,75.3,155.0,1167970.0,76.119
600779.SH,2022-12-20,0.0,75.32,75.34,75.3,60.0,451930.0,76.118
600779.SH,2022-12-20,0.0,75.29,75.32,75.29,137.0,1031710.0,76.117
600779.SH,2022-12-20,0.0,75.3,75.32,75.25,141.0,1061300.0,76.115
600779.SH,2022-12-20,0.0,75.45,75.45,75.29,294.0,2216500.0,76.112
600779.SH,2022-12-20,0.0,75.47,75.49,75.4,120.0,905430.0,76.111
600779.SH,2022-12-20,0.0,75.45,75.47,75.45,30.0,226362.0,76.111
600779.SH,2022-12-20,0.0,75.23,75.45,75.23,231.0,1740800.0,76.109
600779.SH,2022-12-20,0.0,75.46,75.46,75.22,171.0,1288450.0,76.107
600779.SH,2022-12-20,0.0,75.45,75.48,75.45,223.0,1682250.0,76.106
600779.SH,2022-12-20,0.0,75.45,75.46,75.27,59.0,444766.0,76.105
600779.SH,2022-12-20,0.0,75.45,75.46,75.4,112.0,844655.0,76.104
600779.SH,2022-12-20,0.0,75.42,75.45,75.25,449.0,3384910.0,76.1
600779.SH,2022-12-20,0.0,75.3,75.33,75.25,191.0,1437900.0,76.098
600779.SH,2022-12-20,0.0,75.26,75.3,75.25,168.0,1264320.0,76.096
600779.SH,2022-12-20,0.0,75.19,75.28,75.19,113.0,850143.0,76.095
600779.SH,2022-12-20,0.0,75.04,75.19,75.04,155.0,1164370.0,76.093
600779.SH,2022-12-20,0.0,74.95,75.11,74.93,652.0,4890420.0,76.085
600779.SH,2022-12-20,0.0,74.86,74.92,74.86,544.0,4073730.0,76.077
600779.SH,2022-12-20,0.0,74.94,74.94,74.86,265.0,1984110.0,76.073
600779.SH,2022-12-20,0.0,75.0,75.0,74.91,192.0,1439510.0,76.071
600779.SH,2022-12-20,0.0,75.03,75.1,74.98,238.0,1787250.0,76.068
600779.SH,2022-12-20,0.0,75.1,75.1,75.0,170.0,1276110.0,76.066
600779.SH,2022-12-20,0.0,75.02,75.1,75.01,113.0,847961.0,76.064
600779.SH,2022-12-20,0.0,74.9,75.01,74.9,326.0,2443780.0,76.06
600779.SH,2022-12-20,0.0,74.87,74.9,74.85,335.0,2508440.0,76.055
600779.SH,2022-12-20,0.0,75.03,75.03,74.9,369.0,2765400.0,76.05
600779.SH,2022-12-20,0.0,75.32,75.32,75.0,230.0,1728270.0,76.048
600779.SH,2022-12-20,0.0,75.31,75.35,75.3,358.0,2696160.0,76.045
600779.SH,2022-12-20,0.0,75.3,75.31,75.28,50.0,376477.0,76.045
600779.SH,2022-12-20,0.0,75.2,75.3,75.2,127.0,955625.0,76.043
600779.SH,2022-12-20,0.0,75.11,75.2,75.1,75.0,563642.0,76.043
600779.SH,2022-12-20,0.0,75.07,75.11,75.01,61.0,457817.0,76.042
600779.SH,2022-12-20,0.0,75.02,75.07,75.0,193.0,1447850.0,76.04
600779.SH,2022-12-20,0.0,74.99,75.04,74.99,260.0,1949810.0,76.036
600779.SH,2022-12-20,0.0,74.95,74.99,74.86,375.0,2809030.0,76.032
600779.SH,2022-12-20,0.0,74.88,74.97,74.88,142.0,1063710.0,76.03
600779.SH,2022-12-20,0.0,74.85,74.89,74.85,545.0,4079960.0,76.022
600779.SH,2022-12-20,0.0,74.81,74.85,74.8,625.0,4676410.0,76.014
600779.SH,2022-12-20,0.0,74.58,74.86,74.54,1080.0,8069160.0,75.998
600779.SH,2022-12-20,0.0,74.59,74.59,74.5,997.0,7429320.0,75.982
600779.SH,2022-12-20,0.0,74.63,74.64,74.56,234.0,1745990.0,75.978
600779.SH,2022-12-20,0.0,74.81,74.81,74.62,228.0,1703870.0,75.975
600779.SH,2022-12-20,0.0,74.83,74.86,74.82,142.0,1062780.0,75.973
600779.SH,2022-12-20,0.0,74.72,74.82,74.72,194.0,1450560.0,75.971
600779.SH,2022-12-20,0.0,74.66,74.72,74.66,467.0,3487940.0,75.964
600779.SH,2022-12-20,0.0,74.64,74.67,74.63,219.0,1634800.0,75.961
600779.SH,2022-12-20,0.0,74.6,74.64,74.59,189.0,1410020.0,75.958
600779.SH,2022-12-20,0.0,74.47,74.59,74.47,312.0,2324230.0,75.953
600779.SH,2022-12-20,0.0,74.35,74.46,74.34,544.0,4047220.0,75.944
600779.SH,2022-12-20,0.0,74.59,74.59,74.28,1455.0,10820400.0,75.92
600779.SH,2022-12-20,0.0,74.8,74.81,74.65,343.0,2568040.0,75.916
600779.SH,2022-12-20,0.0,74.86,74.86,74.76,370.0,2768440.0,75.911
600779.SH,2022-12-20,0.0,74.93,74.99,74.86,305.0,2284880.0,75.908
600779.SH,2022-12-20,0.0,74.87,74.99,74.85,157.0,1176680.0,75.907
600779.SH,2022-12-20,0.0,74.9,74.9,74.85,157.0,1175320.0,75.905
600779.SH,2022-12-20,0.0,74.9,74.95,74.87,114.0,853773.0,75.904
600779.SH,2022-12-20,0.0,74.87,74.9,74.83,89.0,666293.0,75.903
600779.SH,2022-12-20,0.0,74.7,74.88,74.7,174.0,1301170.0,75.901
600779.SH,2022-12-20,0.0,74.8,74.82,74.6,242.0,1807060.0,75.898
600779.SH,2022-12-20,0.0,74.87,74.88,74.77,231.0,1728580.0,75.895
600779.SH,2022-12-20,0.0,74.99,74.99,74.87,255.0,1910460.0,75.893
600779.SH,2022-12-20,0.0,75.0,75.01,74.98,450.0,3374770.0,75.888
600779.SH,2022-12-20,0.0,74.97,75.01,74.97,295.0,2212430.0,75.886
600779.SH,2022-12-20,0.0,74.81,74.98,74.8,180.0,1347860.0,75.884
600779.SH,2022-12-20,0.0,74.88,74.89,74.8,366.0,2737670.0,75.88
600779.SH,2022-12-20,0.0,74.99,75.0,74.88,157.0,1176490.0,75.878
600779.SH,2022-12-20,0.0,74.98,75.0,74.95,152.0,1139900.0,75.877
600779.SH,2022-12-20,0.0,74.93,74.98,74.93,94.0,704668.0,75.876
600779.SH,2022-12-20,0.0,74.87,74.91,74.87,95.0,711412.0,75.875
600779.SH,2022-12-20,0.0,74.84,74.87,74.84,134.0,1003000.0,75.874
600779.SH,2022-12-20,0.0,74.8,74.84,74.73,112.0,837830.0,75.872
600779.SH,2022-12-20,0.0,75.0,75.0,74.79,208.0,1557030.0,75.87
600779.SH,2022-12-20,0.0,75.1,75.1,75.0,366.0,2745940.0,75.867
600779.SH,2022-12-20,0.0,75.44,75.44,75.12,638.0,4798710.0,75.863
600779.SH,2022-12-20,0.0,75.5,75.5,75.44,825.0,6227470.0,75.86
600779.SH,2022-12-20,0.0,75.59,75.59,75.5,441.0,3329810.0,75.858
600779.SH,2022-12-20,0.0,75.69,75.77,75.6,475.0,3594880.0,75.858
600779.SH,2022-12-20,0.0,75.65,75.7,75.64,288.0,2179160.0,75.857
600779.SH,2022-12-20,0.0,75.75,75.77,75.64,388.0,2939510.0,75.856
600779.SH,2022-12-20,0.0,75.77,75.79,75.74,332.0,2515580.0,75.856
600779.SH,2022-12-20,0.0,75.74,75.78,75.69,348.0,2636050.0,75.856
600779.SH,2022-12-20,0.0,75.51,75.74,75.39,269.0,2030880.0,75.855
600779.SH,2022-12-20,0.0,75.32,75.39,75.26,100.0,753355.0,75.855
600779.SH,2022-12-20,0.0,75.49,75.6,75.32,258.0,1945910.0,75.854
600779.SH,2022-12-20,0.0,75.54,75.59,75.49,186.0,1404930.0,75.853
600779.SH,2022-12-20,0.0,75.37,75.59,75.3,275.0,2076070.0,75.852
600779.SH,2022-12-20,0.0,75.35,75.52,75.26,195.0,1469110.0,75.851
600779.SH,2022-12-20,0.0,75.35,75.4,75.33,41.0,308983.0,75.851
600779.SH,2022-12-20,0.0,75.45,75.55,75.36,141.0,1063870.0,75.85
600779.SH,2022-12-20,0.0,75.74,75.74,75.57,200.0,1515730.0,75.85
600779.SH,2022-12-20,0.0,75.5,75.74,75.5,184.0,1391790.0,75.85
600779.SH,2022-12-20,0.0,75.5,75.5,75.42,77.0,581089.0,75.849
600779.SH,2022-12-20,0.0,75.43,75.52,75.43,73.0,551012.0,75.849
600779.SH,2022-12-20,0.0,75.49,75.49,75.42,162.0,1222210.0,75.848
600779.SH,2022-12-20,0.0,75.45,75.52,75.43,152.0,1147300.0,75.848
600779.SH,2022-12-20,0.0,75.45,75.46,75.44,113.0,852661.0,75.847
600779.SH,2022-12-20,0.0,75.45,75.46,75.45,116.0,875256.0,75.847
600779.SH,2022-12-20,0.0,75.69,75.7,75.44,415.0,3134720.0,75.846
600779.SH,2022-12-20,0.0,75.58,75.69,75.58,242.0,1830650.0,75.845
600779.SH,2022-12-20,0.0,75.54,75.57,75.43,203.0,1532300.0,75.845
600779.SH,2022-12-20,0.0,75.43,75.48,75.43,77.0,581034.0,75.844
600779.SH,2022-12-20,0.0,75.36,75.44,75.36,193.0,1455330.0,75.844
600779.SH,2022-12-20,0.0,75.37,75.38,75.35,93.0,700970.0,75.843
600779.SH,2022-12-20,0.0,75.37,75.38,75.37,85.0,640688.0,75.843
600779.SH,2022-12-20,0.0,75.43,75.43,75.37,152.0,1146100.0,75.842
600779.SH,2022-12-20,0.0,75.43,75.45,75.41,211.0,1591560.0,75.841
600779.SH,2022-12-20,0.0,75.5,75.61,75.42,406.0,3060730.0,75.84
600779.SH,2022-12-20,0.0,75.4,75.6,75.4,82.0,618524.0,75.839
600779.SH,2022-12-20,0.0,75.35,75.4,75.35,43.0,324142.0,75.839
600779.SH,2022-12-20,0.0,75.3,75.36,75.3,154.0,1160100.0,75.838
600779.SH,2022-12-20,0.0,75.11,75.3,75.09,191.0,1434920.0,75.837
600779.SH,2022-12-20,0.0,75.34,75.36,75.09,322.0,2420050.0,75.835
600779.SH,2022-12-20,0.0,75.18,75.3,75.18,167.0,1256100.0,75.834
600779.SH,2022-12-20,0.0,75.1,75.19,75.1,160.0,1202380.0,75.833
600779.SH,2022-12-20,0.0,75.13,75.16,75.11,248.0,1863020.0,75.832
600779.SH,2022-12-20,0.0,75.17,75.17,75.07,506.0,3800580.0,75.828
600779.SH,2022-12-20,0.0,75.29,75.3,75.18,221.0,1662170.0,75.827
600779.SH,2022-12-20,0.0,75.22,75.28,75.2,210.0,1580070.0,75.826
600779.SH,2022-12-20,0.0,75.13,75.21,75.12,194.0,1458330.0,75.825
600779.SH,2022-12-20,0.0,75.16,75.17,75.02,325.0,2441140.0,75.823
600779.SH,2022-12-20,0.0,75.12,75.15,75.1,217.0,1629540.0,75.821
600779.SH,2022-12-20,0.0,75.26,75.28,75.15,573.0,4311920.0,75.818
600779.SH,2022-12-20,0.0,75.22,75.25,75.18,264.0,1986200.0,75.817
600779.SH,2022-12-20,0.0,75.16,75.22,75.16,290.0,2180060.0,75.815
600779.SH,2022-12-20,0.0,75.18,75.19,75.17,503.0,3781970.0,75.812
600779.SH,2022-12-20,0.0,75.16,75.18,75.16,459.0,3450300.0,75.81
600779.SH,2022-12-20,0.0,75.15,75.18,75.14,834.0,6268860.0,75.805
600779.SH,2022-12-20,0.0,75.1,75.17,75.1,597.0,4485370.0,75.801
600779.SH,2022-12-20,0.0,75.1,75.1,75.1,0.0,0.0,75.801
600779.SH,2022-12-20,0.0,75.1,75.1,75.1,0.0,0.0,75.801
600779.SH,2022-12-20,0.0,75.13,75.13,75.13,873.0,6558850.0,75.796
600779.SH,2022-12-21,0.0,75.21,75.21,75.21,555.0,4173330.0,75.21
600779.SH,2022-12-21,0.0,75.7,75.96,75.12,1910.0,14455500.0,75.577
600779.SH,2022-12-21,0.0,75.98,76.19,75.76,1977.0,15028400.0,75.772
600779.SH,2022-12-21,0.0,76.09,76.13,75.97,1431.0,10884300.0,75.843
600779.SH,2022-12-21,0.0,75.96,76.3,75.95,1112.0,8461810.0,75.883
600779.SH,2022-12-21,0.0,76.0,76.0,75.55,968.0,7342370.0,75.879
600779.SH,2022-12-21,0.0,76.57,76.62,76.09,1981.0,15138100.0,75.986
600779.SH,2022-12-21,0.0,76.75,76.76,76.48,1331.0,10196600.0,76.06
600779.SH,2022-12-21,0.0,76.45,76.78,76.3,1325.0,10144200.0,76.112
600779.SH,2022-12-21,0.0,76.55,76.55,76.39,722.0,5519730.0,76.13
600779.SH,2022-12-21,0.0,76.3,76.59,76.3,1390.0,10632600.0,76.164
600779.SH,2022-12-21,0.0,76.02,76.3,75.98,821.0,6243500.0,76.158
600779.SH,2022-12-21,0.0,75.91,75.98,75.8,585.0,4439060.0,76.148
600779.SH,2022-12-21,0.0,75.87,75.95,75.8,566.0,4294910.0,76.139
600779.SH,2022-12-21,0.0,76.19,76.28,75.87,511.0,3884040.0,76.135
600779.SH,2022-12-21,0.0,76.29,76.34,76.21,501.0,3821290.0,76.139
600779.SH,2022-12-21,0.0,76.58,76.61,76.3,1471.0,11260700.0,76.171
600779.SH,2022-12-21,0.0,76.38,76.6,76.22,494.0,3777920.0,76.178
600779.SH,2022-12-21,0.0,76.62,76.68,76.24,719.0,5505340.0,76.192
600779.SH,2022-12-21,0.0,76.79,76.8,76.61,2112.0,16209100.0,76.244
600779.SH,2022-12-21,0.0,76.89,76.94,76.79,921.0,7078670.0,76.269
600779.SH,2022-12-21,0.0,77.1,77.19,76.93,1764.0,13587300.0,76.322
600779.SH,2022-12-21,0.0,77.0,77.13,77.0,912.0,7030230.0,76.348
600779.SH,2022-12-21,0.0,77.3,77.3,76.93,1271.0,9796840.0,76.383
600779.SH,2022-12-21,0.0,77.55,77.59,77.3,1047.0,8112350.0,76.423
600779.SH,2022-12-21,0.0,77.26,77.64,77.25,1504.0,11654100.0,76.477
600779.SH,2022-12-21,0.0,77.16,77.25,77.12,475.0,3665200.0,76.487
600779.SH,2022-12-21,0.0,77.1,77.13,76.93,656.0,5053270.0,76.499
600779.SH,2022-12-21,0.0,76.94,77.1,76.93,590.0,4544420.0,76.509
600779.SH,2022-12-21,0.0,76.88,76.94,76.81,523.0,4019960.0,76.514
600779.SH,2022-12-21,0.0,77.18,77.18,76.82,535.0,4119900.0,76.522
600779.SH,2022-12-21,0.0,76.88,77.26,76.88,689.0,5317650.0,76.536
600779.SH,2022-12-21,0.0,76.75,76.99,76.75,412.0,3165320.0,76.54
600779.SH,2022-12-21,0.0,76.99,76.99,76.66,377.0,2892890.0,76.542
600779.SH,2022-12-21,0.0,76.86,77.0,76.85,289.0,2223550.0,76.545
600779.SH,2022-12-21,0.0,77.17,77.17,76.79,379.0,2918490.0,76.55
600779.SH,2022-12-21,0.0,77.1,77.17,77.1,387.0,2985570.0,76.557
600779.SH,2022-12-21,0.0,76.85,77.08,76.85,197.0,1516990.0,76.559
600779.SH,2022-12-21,0.0,76.8,76.88,76.77,556.0,4267940.0,76.563
600779.SH,2022-12-21,0.0,77.0,77.0,76.88,352.0,2708200.0,76.567
600779.SH,2022-12-21,0.0,76.93,77.0,76.89,166.0,1277420.0,76.568
600779.SH,2022-12-21,0.0,77.01,77.01,76.93,226.0,1739940.0,76.571
600779.SH,2022-12-21,0.0,77.05,77.05,77.0,267.0,2056270.0,76.574
600779.SH,2022-12-21,0.0,77.28,77.28,77.04,634.0,4890700.0,76.584
600779.SH,2022-12-21,0.0,77.48,77.48,77.3,629.0,4867910.0,76.597
600779.SH,2022-12-21,0.0,77.41,77.53,77.39,788.0,6106700.0,76.615
600779.SH,2022-12-21,0.0,77.55,77.55,77.45,618.0,4789030.0,76.629
600779.SH,2022-12-21,0.0,77.98,77.99,77.6,1573.0,12234300.0,76.672
600779.SH,2022-12-21,0.0,77.74,78.0,77.73,833.0,6491400.0,76.697
600779.SH,2022-12-21,0.0,77.74,77.8,77.74,375.0,2916540.0,76.706
600779.SH,2022-12-21,0.0,77.71,77.75,77.71,425.0,3303920.0,76.717
600779.SH,2022-12-21,0.0,77.72,77.72,77.6,372.0,2888250.0,76.725
600779.SH,2022-12-21,0.0,77.75,77.76,77.7,318.0,2471760.0,76.732
600779.SH,2022-12-21,0.0,77.7,77.75,77.65,280.0,2175920.0,76.738
600779.SH,2022-12-21,0.0,78.0,78.0,77.72,1066.0,8305260.0,76.766
600779.SH,2022-12-21,0.0,78.0,78.0,77.97,954.0,7440750.0,76.792
600779.SH,2022-12-21,0.0,78.25,78.27,77.98,1617.0,12597900.0,76.83
600779.SH,2022-12-21,0.0,78.42,78.44,78.25,1198.0,9385890.0,76.867
600779.SH,2022-12-21,0.0,78.29,78.47,78.25,1118.0,8762560.0,76.901
600779.SH,2022-12-21,0.0,78.72,78.73,78.3,1229.0,9651020.0,76.939
600779.SH,2022-12-21,0.0,78.49,78.68,78.4,1033.0,8120120.0,76.973
600779.SH,2022-12-21,0.0,78.17,78.5,78.12,515.0,4034520.0,76.986
600779.SH,2022-12-21,0.0,78.39,78.5,78.34,950.0,7448520.0,77.012
600779.SH,2022-12-21,0.0,78.29,78.44,78.23,587.0,4600110.0,77.026
600779.SH,2022-12-21,0.0,78.4,78.4,78.3,311.0,2436190.0,77.034
600779.SH,2022-12-21,0.0,78.4,78.43,78.34,426.0,3339750.0,77.044
600779.SH,2022-12-21,0.0,78.36,78.42,78.31,377.0,2954700.0,77.053
600779.SH,2022-12-21,0.0,78.1,78.34,78.1,274.0,2143710.0,77.059
600779.SH,2022-12-21,0.0,77.88,78.07,77.88,362.0,2823600.0,77.065
600779.SH,2022-12-21,0.0,77.98,77.98,77.88,318.0,2478940.0,77.07
600779.SH,2022-12-21,0.0,78.0,78.0,77.95,248.0,1933740.0,77.074
600779.SH,2022-12-21,0.0,78.08,78.1,78.0,276.0,2153580.0,77.079
600779.SH,2022-12-21,0.0,78.07,78.15,78.01,243.0,1896750.0,77.083
600779.SH,2022-12-21,0.0,78.06,78.17,78.06,142.0,1108870.0,77.086
600779.SH,2022-12-21,0.0,78.33,78.33,78.06,280.0,2189020.0,77.091
600779.SH,2022-12-21,0.0,78.39,78.41,78.25,248.0,1943740.0,77.097
600779.SH,2022-12-21,0.0,78.35,78.38,78.35,147.0,1151890.0,77.1
600779.SH,2022-12-21,0.0,78.34,78.4,78.34,381.0,2984980.0,77.108
600779.SH,2022-12-21,0.0,78.36,78.4,78.32,294.0,2303800.0,77.114
600779.SH,2022-12-21,0.0,78.3,78.34,78.19,103.0,806225.0,77.116
600779.SH,2022-12-21,0.0,78.2,78.28,78.2,110.0,860369.0,77.118
600779.SH,2022-12-21,0.0,78.27,78.27,78.2,83.0,649279.0,77.12
600779.SH,2022-12-21,0.0,78.45,78.45,78.23,544.0,4262480.0,77.131
600779.SH,2022-12-21,0.0,78.47,78.49,78.45,315.0,2471770.0,77.138
600779.SH,2022-12-21,0.0,78.49,78.49,78.45,294.0,2306900.0,77.145
600779.SH,2022-12-21,0.0,78.5,78.5,78.47,883.0,6931240.0,77.165
600779.SH,2022-12-21,0.0,78.59,78.6,78.49,507.0,3982420.0,77.176
600779.SH,2022-12-21,0.0,78.56,78.6,78.5,342.0,2687280.0,77.184
600779.SH,2022-12-21,0.0,78.57,78.58,78.5,311.0,2443010.0,77.191
600779.SH,2022-12-21,0.0,78.55,78.57,78.52,164.0,1288140.0,77.194
600779.SH,2022-12-21,0.0,78.27,78.53,78.27,555.0,4355940.0,77.206
600779.SH,2022-12-21,0.0,78.55,78.55,78.3,335.0,2628840.0,77.212
600779.SH,2022-12-21,0.0,78.47,78.55,78.44,117.0,918345.0,77.215
600779.SH,2022-12-21,0.0,78.16,78.45,78.16,122.0,955308.0,77.217
600779.SH,2022-12-21,0.0,78.11,78.16,78.11,51.0,398533.0,77.218
600779.SH,2022-12-21,0.0,78.1,78.13,78.06,251.0,1960310.0,77.221
600779.SH,2022-12-21,0.0,78.03,78.12,78.02,191.0,1490750.0,77.224
600779.SH,2022-12-21,0.0,78.02,78.08,78.02,219.0,1708900.0,77.226
600779.SH,2022-12-21,0.0,78.0,78.07,77.98,402.0,3136140.0,77.231
600779.SH,2022-12-21,0.0,78.03,78.08,78.0,69.0,538368.0,77.232
600779.SH,2022-12-21,0.0,78.1,78.1,78.02,64.0,499575.0,77.233
600779.SH,2022-12-21,0.0,78.03,78.12,78.03,133.0,1038390.0,77.235
600779.SH,2022-12-21,0.0,78.02,78.12,78.02,167.0,1303560.0,77.237
600779.SH,2022-12-21,0.0,77.9,78.02,77.9,286.0,2229920.0,77.24
600779.SH,2022-12-21,0.0,77.8,77.91,77.8,315.0,2451950.0,77.243
600779.SH,2022-12-21,0.0,77.86,77.86,77.79,168.0,1307350.0,77.244
600779.SH,2022-12-21,0.0,77.97,77.98,77.8,315.0,2453970.0,77.248
600779.SH,2022-12-21,0.0,77.88,77.96,77.87,49.0,381703.0,77.248
600779.SH,2022-12-21,0.0,77.87,77.9,77.82,110.0,856552.0,77.249
600779.SH,2022-12-21,0.0,77.9,77.9,77.83,61.0,475122.0,77.25
600779.SH,2022-12-21,0.0,77.97,77.97,77.9,131.0,1021190.0,77.251
600779.SH,2022-12-21,0.0,77.99,77.99,77.93,134.0,1044800.0,77.253
600779.SH,2022-12-21,0.0,78.07,78.13,78.0,250.0,1950450.0,77.255
600779.SH,2022-12-21,0.0,77.9,78.12,77.88,111.0,865396.0,77.257
600779.SH,2022-12-21,0.0,77.81,77.87,77.81,113.0,879526.0,77.258
600779.SH,2022-12-21,0.0,77.84,77.88,77.81,95.0,739379.0,77.258
600779.SH,2022-12-21,0.0,77.91,77.91,77.86,97.0,755380.0,77.259
600779.SH,2022-12-21,0.0,77.89,77.95,77.88,176.0,1371050.0,77.261
600779.SH,2022-12-21,0.0,77.8,77.89,77.8,103.0,801812.0,77.262
600779.SH,2022-12-21,0.0,77.72,77.81,77.72,222.0,1726710.0,77.264
600779.SH,2022-12-21,0.0,77.52,77.71,77.52,266.0,2065100.0,77.265
600779.SH,2022-12-21,0.0,77.59,77.71,77.41,1020.0,7908610.0,77.269
600779.SH,2022-12-21,0.0,77.62,77.7,77.59,190.0,1474600.0,77.27
600779.SH,2022-12-21,0.0,77.89,77.89,77.62,258.0,2005280.0,77.272
600779.SH,2022-12-21,0.0,77.89,77.94,77.89,83.0,646631.0,77.272
600779.SH,2022-12-21,0.0,77.81,77.89,77.8,106.0,825275.0,77.273
600779.SH,2022-12-21,0.0,77.86,77.88,77.81,71.0,552667.0,77.274
600779.SH,2022-12-21,0.0,77.75,77.88,77.75,60.0,467085.0,77.274
600779.SH,2022-12-21,0.0,77.7,77.75,77.68,112.0,870283.0,77.275
600779.SH,2022-12-21,0.0,77.55,77.67,77.55,127.0,985736.0,77.276
600779.SH,2022-12-21,0.0,77.55,77.55,77.4,326.0,2525050.0,77.277
600779.SH,2022-12-21,0.0,77.62,77.62,77.45,211.0,1635160.0,77.277
600779.SH,2022-12-21,0.0,77.61,77.62,77.61,178.0,1381550.0,77.278
600779.SH,2022-12-21,0.0,77.6,77.66,77.6,227.0,1761920.0,77.279
600779.SH,2022-12-21,0.0,77.92,77.92,77.6,514.0,3992780.0,77.282
600779.SH,2022-12-21,0.0,77.78,77.92,77.78,113.0,880300.0,77.283
600779.SH,2022-12-21,0.0,77.81,77.84,77.78,44.0,342398.0,77.284
600779.SH,2022-12-21,0.0,77.82,77.82,77.8,63.0,490209.0,77.284
600779.SH,2022-12-21,0.0,77.9,77.9,77.82,102.0,794061.0,77.285
600779.SH,2022-12-21,0.0,77.8,77.88,77.78,162.0,1260930.0,77.286
600779.SH,2022-12-21,0.0,77.62,77.8,77.62,52.0,404362.0,77.286
600779.SH,2022-12-21,0.0,77.64,77.69,77.62,98.0,760695.0,77.287
600779.SH,2022-12-21,0.0,77.63,77.64,77.6,58.0,450248.0,77.287
600779.SH,2022-12-21,0.0,77.61,77.63,77.6,128.0,993391.0,77.288
600779.SH,2022-12-21,0.0,77.59,77.6,77.59,58.0,450041.0,77.288
600779.SH,2022-12-21,0.0,77.53,77.58,77.52,138.0,1069930.0,77.288
600779.SH,2022-12-21,0.0,77.51,77.53,77.51,188.0,1457430.0,77.289
600779.SH,2022-12-21,0.0,77.5,77.52,77.5,305.0,2363900.0,77.29
600779.SH,2022-12-21,0.0,77.48,77.5,77.48,86.0,666412.0,77.29
600779.SH,2022-12-21,0.0,77.42,77.48,77.42,115.0,890748.0,77.29
600779.SH,2022-12-21,0.0,77.55,77.55,77.4,420.0,3252910.0,77.291
600779.SH,2022-12-21,0.0,77.53,77.58,77.5,202.0,1566400.0,77.292
600779.SH,2022-12-21,0.0,77.47,77.52,77.46,109.0,844645.0,77.292
600779.SH,2022-12-21,0.0,77.49,77.5,77.47,196.0,1518640.0,77.293
600779.SH,2022-12-21,0.0,77.5,77.5,77.49,48.0,371984.0,77.293
600779.SH,2022-12-21,0.0,77.45,77.52,77.45,135.0,1046150.0,77.293
600779.SH,2022-12-21,0.0,77.5,77.5,77.45,252.0,1952060.0,77.294
600779.SH,2022-12-21,0.0,77.7,77.7,77.5,483.0,3747830.0,77.296
600779.SH,2022-12-21,0.0,77.77,77.77,77.66,113.0,878105.0,77.296
600779.SH,2022-12-21,0.0,77.92,77.92,77.78,169.0,1315690.0,77.298
600779.SH,2022-12-21,0.0,77.91,77.99,77.91,201.0,1567290.0,77.299
600779.SH,2022-12-21,0.0,77.98,77.98,77.91,125.0,974179.0,77.301
600779.SH,2022-12-21,0.0,77.85,77.98,77.85,172.0,1339970.0,77.302
600779.SH,2022-12-21,0.0,77.8,77.85,77.8,109.0,848183.0,77.303
600779.SH,2022-12-21,0.0,77.75,77.85,77.75,64.0,497933.0,77.303
600779.SH,2022-12-21,0.0,77.71,77.76,77.71,38.0,295439.0,77.303
600779.SH,2022-12-21,0.0,77.6,77.71,77.6,70.0,543724.0,77.304
600779.SH,2022-12-21,0.0,77.59,77.59,77.54,48.0,372357.0,77.304
600779.SH,2022-12-21,0.0,77.62,77.65,77.59,150.0,1164140.0,77.304
600779.SH,2022-12-21,0.0,77.7,77.7,77.62,63.0,491948.0,77.305
600779.SH,2022-12-21,0.0,77.7,77.7,77.62,125.0,970845.0,77.305
600779.SH,2022-12-21,0.0,77.7,77.7,77.69,52.0,404032.0,77.306
600779.SH,2022-12-21,0.0,77.68,77.7,77.61,88.0,683426.0,77.306
600779.SH,2022-12-21,0.0,77.63,77.69,77.63,45.0,349505.0,77.306
600779.SH,2022-12-21,0.0,77.6,77.65,77.6,81.0,628778.0,77.307
600779.SH,2022-12-21,0.0,77.5,77.61,77.5,95.0,736640.0,77.307
600779.SH,2022-12-21,0.0,77.46,77.5,77.45,80.0,619869.0,77.307
600779.SH,2022-12-21,0.0,77.42,77.48,77.41,228.0,1765600.0,77.307
600779.SH,2022-12-21,0.0,77.47,77.55,77.43,98.0,759302.0,77.308
600779.SH,2022-12-21,0.0,77.44,77.47,77.44,62.0,480226.0,77.308
600779.SH,2022-12-21,0.0,77.44,77.46,77.44,163.0,1262420.0,77.308
600779.SH,2022-12-21,0.0,77.5,77.5,77.43,179.0,1386610.0,77.308
600779.SH,2022-12-21,0.0,77.55,77.55,77.5,39.0,302350.0,77.309
600779.SH,2022-12-21,0.0,77.6,77.65,77.56,138.0,1070960.0,77.309
600779.SH,2022-12-21,0.0,77.51,77.6,77.5,109.0,845457.0,77.309
600779.SH,2022-12-21,0.0,77.51,77.51,77.49,106.0,821484.0,77.31
600779.SH,2022-12-21,0.0,77.55,77.55,77.51,45.0,348824.0,77.31
600779.SH,2022-12-21,0.0,77.58,77.58,77.52,53.0,410964.0,77.31
600779.SH,2022-12-21,0.0,77.57,77.6,77.52,270.0,2092750.0,77.311
600779.SH,2022-12-21,0.0,77.55,77.6,77.51,233.0,1805290.0,77.311
600779.SH,2022-12-21,0.0,77.5,77.55,77.5,33.0,255776.0,77.311
600779.SH,2022-12-21,0.0,77.44,77.45,77.42,113.0,874987.0,77.311
600779.SH,2022-12-21,0.0,77.41,77.51,77.41,291.0,2253260.0,77.312
600779.SH,2022-12-21,0.0,77.41,77.41,77.4,146.0,1130070.0,77.312
600779.SH,2022-12-21,0.0,77.46,77.5,77.4,162.0,1254400.0,77.312
600779.SH,2022-12-21,0.0,77.52,77.53,77.47,86.0,666486.0,77.312
600779.SH,2022-12-21,0.0,77.75,77.75,77.53,318.0,2468970.0,77.314
600779.SH,2022-12-21,0.0,77.75,77.79,77.75,143.0,1111520.0,77.315
600779.SH,2022-12-21,0.0,77.78,77.8,77.71,172.0,1337780.0,77.316
600779.SH,2022-12-21,0.0,77.92,77.92,77.77,288.0,2240950.0,77.317
600779.SH,2022-12-21,0.0,77.95,77.99,77.92,416.0,3243240.0,77.321
600779.SH,2022-12-21,0.0,78.0,78.0,77.95,641.0,4999220.0,77.326
600779.SH,2022-12-21,0.0,77.99,78.03,77.99,517.0,4032800.0,77.33
600779.SH,2022-12-21,0.0,78.01,78.03,77.98,352.0,2745990.0,77.333
600779.SH,2022-12-21,0.0,77.99,78.01,77.95,113.0,881321.0,77.334
600779.SH,2022-12-21,0.0,77.95,77.99,77.95,106.0,826581.0,77.335
600779.SH,2022-12-21,0.0,77.81,77.96,77.81,125.0,973676.0,77.336
600779.SH,2022-12-21,0.0,77.84,77.86,77.82,82.0,638179.0,77.336
600779.SH,2022-12-21,0.0,77.79,77.85,77.79,179.0,1392960.0,77.337
600779.SH,2022-12-21,0.0,77.88,77.9,77.75,243.0,1891370.0,77.339
600779.SH,2022-12-21,0.0,77.95,77.96,77.88,109.0,849407.0,77.339
600779.SH,2022-12-21,0.0,77.88,77.95,77.88,104.0,810382.0,77.34
600779.SH,2022-12-21,0.0,77.7,77.89,77.7,97.0,754773.0,77.341
600779.SH,2022-12-21,0.0,77.71,77.78,77.71,109.0,847386.0,77.341
600779.SH,2022-12-21,0.0,77.77,77.8,77.71,86.0,668878.0,77.342
600779.SH,2022-12-21,0.0,77.7,77.8,77.7,187.0,1454150.0,77.343
600779.SH,2022-12-21,0.0,77.67,77.72,77.67,189.0,1468490.0,77.343
600779.SH,2022-12-21,0.0,77.58,77.65,77.58,125.0,970353.0,77.344
600779.SH,2022-12-21,0.0,77.59,77.6,77.57,183.0,1419960.0,77.344
600779.SH,2022-12-21,0.0,77.59,77.6,77.57,143.0,1109420.0,77.345
600779.SH,2022-12-21,0.0,77.65,77.65,77.58,172.0,1334580.0,77.345
600779.SH,2022-12-21,0.0,77.7,77.72,77.58,207.0,1607870.0,77.346
600779.SH,2022-12-21,0.0,77.68,77.72,77.68,188.0,1460860.0,77.347
600779.SH,2022-12-21,0.0,77.72,77.72,77.68,197.0,1530470.0,77.348
600779.SH,2022-12-21,0.0,77.74,77.75,77.72,203.0,1577940.0,77.349
600779.SH,2022-12-21,0.0,77.74,77.74,77.72,127.0,987166.0,77.349
600779.SH,2022-12-21,0.0,77.8,77.8,77.74,411.0,3195790.0,77.351
600779.SH,2022-12-21,0.0,77.9,77.9,77.79,212.0,1650290.0,77.352
600779.SH,2022-12-21,0.0,77.96,77.96,77.85,761.0,5928870.0,77.357
600779.SH,2022-12-21,0.0,77.88,77.96,77.85,439.0,3419480.0,77.36
600779.SH,2022-12-21,0.0,77.83,77.92,77.83,405.0,3153450.0,77.362
600779.SH,2022-12-21,0.0,77.73,77.83,77.73,592.0,4603790.0,77.365
600779.SH,2022-12-21,0.0,77.81,77.83,77.75,513.0,3990550.0,77.367
600779.SH,2022-12-21,0.0,77.87,77.88,77.81,475.0,3696860.0,77.37
600779.SH,2022-12-21,0.0,77.88,77.88,77.83,487.0,3791220.0,77.373
600779.SH,2022-12-21,0.0,77.95,77.95,77.87,587.0,4572510.0,77.376
600779.SH,2022-12-21,0.0,77.94,77.99,77.91,750.0,5847240.0,77.381
600779.SH,2022-12-21,0.0,77.99,77.99,77.94,886.0,6908000.0,77.386
600779.SH,2022-12-21,0.0,78.0,78.0,78.0,7.0,54595.0,77.386
600779.SH,2022-12-21,0.0,78.0,78.0,78.0,0.0,0.0,77.386
600779.SH,2022-12-21,0.0,78.0,78.0,78.0,1173.0,9149400.0,77.394
600779.SH,2022-12-22,0.0,77.95,77.95,77.95,564.0,4394040.0,77.95
600779.SH,2022-12-22,0.0,79.31,79.36,78.0,1854.0,14617500.0,78.637
600779.SH,2022-12-22,0.0,79.64,79.66,79.23,2595.0,20631700.0,79.086
600779.SH,2022-12-22,0.0,79.37,79.61,79.36,1677.0,13327600.0,79.184
600779.SH,2022-12-22,0.0,80.3,80.37,79.34,3362.0,26853500.0,79.415
600779.SH,2022-12-22,0.0,80.6,81.0,80.33,3706.0,29910800.0,79.763
600779.SH,2022-12-22,0.0,81.03,81.05,80.57,3646.0,29486100.0,79.993
600779.SH,2022-12-22,0.0,81.6,81.8,81.07,4170.0,34007300.0,80.295
600779.SH,2022-12-22,0.0,81.2,81.6,81.13,2451.0,19945300.0,80.405
600779.SH,2022-12-22,0.0,82.07,82.07,81.2,3724.0,30423800.0,80.579
600779.SH,2022-12-22,0.0,82.98,82.98,82.11,4229.0,34896900.0,80.835
600779.SH,2022-12-22,0.0,83.06,83.27,82.87,4330.0,35984000.0,81.106
600779.SH,2022-12-22,0.0,83.5,83.55,82.8,4103.0,34116600.0,81.313
600779.SH,2022-12-22,0.0,84.79,84.79,83.5,2834.0,23849900.0,81.5
600779.SH,2022-12-22,0.0,84.46,85.18,84.46,4890.0,41535900.0,81.849
600779.SH,2022-12-22,0.0,84.0,84.47,83.85,3290.0,27703800.0,82.0
600779.SH,2022-12-22,0.0,84.8,84.8,83.74,3345.0,28123500.0,82.127
600779.SH,2022-12-22,0.0,85.57,85.64,84.8,5882.0,50054400.0,82.415
600779.SH,2022-12-22,0.0,85.0,85.68,84.9,3513.0,30011800.0,82.58
600779.SH,2022-12-22,0.0,84.61,85.0,84.4,1310.0,11113400.0,82.625
600779.SH,2022-12-22,0.0,84.08,84.57,83.99,2155.0,18128600.0,82.673
600779.SH,2022-12-22,0.0,84.71,84.85,84.04,1940.0,16360900.0,82.719
600779.SH,2022-12-22,0.0,84.77,84.87,84.64,1691.0,14329000.0,82.767
600779.SH,2022-12-22,0.0,83.94,84.77,83.94,1257.0,10586300.0,82.792
600779.SH,2022-12-22,0.0,84.2,84.27,83.81,1518.0,12762900.0,82.818
600779.SH,2022-12-22,0.0,84.41,84.48,84.22,848.0,7150640.0,82.835
600779.SH,2022-12-22,0.0,84.2,84.4,84.2,705.0,5944710.0,82.849
600779.SH,2022-12-22,0.0,84.84,84.84,84.19,2241.0,18945800.0,82.898
600779.SH,2022-12-22,0.0,84.7,84.92,84.7,1277.0,10835700.0,82.929
600779.SH,2022-12-22,0.0,84.69,84.78,84.65,722.0,6117900.0,82.945
600779.SH,2022-12-22,0.0,84.64,84.68,84.6,728.0,6162650.0,82.961
600779.SH,2022-12-22,0.0,85.1,85.1,84.38,4114.0,34925400.0,83.055
600779.SH,2022-12-22,0.0,85.19,85.27,85.15,1499.0,12774000.0,83.092
600779.SH,2022-12-22,0.0,84.93,85.19,84.72,899.0,7645080.0,83.112
600779.SH,2022-12-22,0.0,84.99,84.99,84.75,918.0,7795390.0,83.131
600779.SH,2022-12-22,0.0,85.18,85.2,85.0,1501.0,12777400.0,83.165
600779.SH,2022-12-22,0.0,85.8,85.8,85.14,20700.0,177487008.0,83.649
600779.SH,2022-12-22,0.0,85.8,85.8,85.8,1476.0,12660700.0,83.677
600779.SH,2022-12-22,0.0,85.8,85.8,85.8,1079.0,9257910.0,83.698
600779.SH,2022-12-22,0.0,85.8,85.8,85.8,933.0,8009000.0,83.715
600779.SH,2022-12-22,0.0,85.8,85.8,85.8,1506.0,12917900.0,83.742
600779.SH,2022-12-22,0.0,85.8,85.8,85.8,2544.0,21823900.0,83.787
600779.SH,2022-12-22,0.0,85.8,85.8,85.8,806.0,6914790.0,83.8
600779.SH,2022-12-22,0.0,85.8,85.8,85.8,530.0,4547400.0,83.809
600779.SH,2022-12-22,0.0,85.8,85.8,85.8,529.0,4538820.0,83.818
600779.SH,2022-12-22,0.0,85.8,85.8,85.8,559.0,4796220.0,83.827
600779.SH,2022-12-22,0.0,85.8,85.8,85.8,721.0,6186180.0,83.839
600779.SH,2022-12-22,0.0,85.8,85.8,85.8,178.0,1527240.0,83.842
600779.SH,2022-12-22,0.0,85.8,85.8,85.8,273.0,2342340.0,83.846
600779.SH,2022-12-22,0.0,85.8,85.8,85.8,359.0,3080220.0,83.852
600779.SH,2022-12-22,0.0,85.8,85.8,85.8,376.0,3226080.0,83.858
600779.SH,2022-12-22,0.0,85.8,85.8,85.8,225.0,1930500.0,83.862
600779.SH,2022-12-22,0.0,85.8,85.8,85.8,369.0,3166020.0,83.868
600779.SH,2022-12-22,0.0,85.8,85.8,85.8,382.0,3277560.0,83.874
600779.SH,2022-12-22,0.0,85.8,85.8,85.8,305.0,2616900.0,83.878
600779.SH,2022-12-22,0.0,85.8,85.8,85.8,338.0,2900040.0,83.884
600779.SH,2022-12-22,0.0,85.8,85.8,85.8,212.0,1818960.0,83.887
600779.SH,2022-12-22,0.0,85.8,85.8,85.8,470.0,4032600.0,83.894
600779.SH,2022-12-22,0.0,85.8,85.8,85.8,617.0,5293860.0,83.904
600779.SH,2022-12-22,0.0,85.8,85.8,85.8,339.0,2908620.0,83.909
600779.SH,2022-12-22,0.0,85.8,85.8,85.8,291.0,2496780.0,83.913
600779.SH,2022-12-22,0.0,85.8,85.8,85.8,1180.0,10124400.0,83.931
600779.SH,2022-12-22,0.0,85.8,85.8,85.8,666.0,5714370.0,83.94
600779.SH,2022-12-22,0.0,85.8,85.8,85.8,3691.0,31668800.0,83.993
600779.SH,2022-12-22,0.0,85.52,85.8,85.52,9704.0,83259000.0,84.117
600779.SH,2022-12-22,0.0,85.74,85.8,85.41,2714.0,23276100.0,84.148
600779.SH,2022-12-22,0.0,85.43,85.79,85.41,1062.0,9095790.0,84.159
600779.SH,2022-12-22,0.0,85.04,85.35,85.01,3447.0,29333400.0,84.181
600779.SH,2022-12-22,0.0,85.4,85.5,85.2,1678.0,14325400.0,84.194
600779.SH,2022-12-22,0.0,85.3,85.38,85.16,1294.0,11026600.0,84.203
600779.SH,2022-12-22,0.0,85.49,85.49,85.21,1318.0,11244900.0,84.213
600779.SH,2022-12-22,0.0,85.79,85.79,85.44,3521.0,30146600.0,84.245
600779.SH,2022-12-22,0.0,85.78,85.8,85.72,4214.0,36152600.0,84.285
600779.SH,2022-12-22,0.0,85.79,85.8,85.76,2387.0,20476500.0,84.307
600779.SH,2022-12-22,0.0,85.76,85.79,85.76,1042.0,8938380.0,84.317
600779.SH,2022-12-22,0.0,85.6,85.76,85.6,437.0,3744780.0,84.32
600779.SH,2022-12-22,0.0,85.3,85.6,85.3,838.0,7156520.0,84.326
600779.SH,2022-12-22,0.0,85.37,85.5,85.33,448.0,3825790.0,84.329
600779.SH,2022-12-22,0.0,85.38,85.39,85.32,779.0,6649660.0,84.334
600779.SH,2022-12-22,0.0,85.52,85.52,85.38,1548.0,13228200.0,84.344
600779.SH,2022-12-22,0.0,85.42,85.52,85.42,586.0,5009600.0,84.348
600779.SH,2022-12-22,0.0,85.61,85.65,85.34,1594.0,13619900.0,84.358
600779.SH,2022-12-22,0.0,85.65,85.67,85.51,699.0,5980760.0,84.364
600779.SH,2022-12-22,0.0,85.75,85.76,85.62,685.0,5875520.0,84.369
600779.SH,2022-12-22,0.0,85.78,85.79,85.76,1032.0,8850840.0,84.377
600779.SH,2022-12-22,0.0,85.76,85.78,85.76,369.0,3166850.0,84.38
600779.SH,2022-12-22,0.0,85.79,85.79,85.75,974.0,8354320.0,84.388
600779.SH,2022-12-22,0.0,85.8,85.8,85.8,4839.0,41521500.0,84.427
600779.SH,2022-12-22,0.0,85.8,85.8,85.8,237.0,2033460.0,84.428
600779.SH,2022-12-22,0.0,85.8,85.8,85.8,112.0,960960.0,84.429
600779.SH,2022-12-22,0.0,85.8,85.8,85.8,369.0,3166020.0,84.432
600779.SH,2022-12-22,0.0,85.8,85.8,85.8,262.0,2247960.0,84.434
600779.SH,2022-12-22,0.0,85.8,85.8,85.8,224.0,1921920.0,84.436
600779.SH,2022-12-22,0.0,85.8,85.8,85.8,127.0,1089660.0,84.437
600779.SH,2022-12-22,0.0,85.8,85.8,85.8,81.0,694980.0,84.437
600779.SH,2022-12-22,0.0,85.8,85.8,85.8,79.0,677820.0,84.438
600779.SH,2022-12-22,0.0,85.8,85.8,85.8,198.0,1698840.0,84.439
600779.SH,2022-12-22,0.0,85.8,85.8,85.8,127.0,1089660.0,84.44
600779.SH,2022-12-22,0.0,85.8,85.8,85.8,59.0,506220.0,84.441
600779.SH,2022-12-22,0.0,85.8,85.8,85.8,226.0,1939080.0,84.442
600779.SH,2022-12-22,0.0,85.8,85.8,85.8,94.0,805147.0,84.443
600779.SH,2022-12-22,0.0,85.8,85.8,85.8,43.0,368940.0,84.444
600779.SH,2022-12-22,0.0,85.8,85.8,85.8,314.0,2694120.0,84.446
600779.SH,2022-12-22,0.0,85.8,85.8,85.8,145.0,1244100.0,84.447
600779.SH,2022-12-22,0.0,85.8,85.8,85.8,131.0,1123980.0,84.448
600779.SH,2022-12-22,0.0,85.8,85.8,85.8,93.0,797940.0,84.449
600779.SH,2022-12-22,0.0,85.8,85.8,85.8,97.0,832260.0,84.449
600779.SH,2022-12-22,0.0,85.8,85.8,85.8,27.0,231660.0,84.45
600779.SH,2022-12-22,0.0,85.8,85.8,85.8,70.0,600600.0,84.45
600779.SH,2022-12-22,0.0,85.8,85.8,85.8,55.0,471900.0,84.45
600779.SH,2022-12-22,0.0,85.8,85.8,85.8,172.0,1475760.0,84.452
600779.SH,2022-12-22,0.0,85.8,85.8,85.8,75.0,643500.0,84.452
600779.SH,2022-12-22,0.0,85.8,85.8,85.8,100.0,858000.0,84.453
600779.SH,2022-12-22,0.0,85.8,85.8,85.8,128.0,1098240.0,84.454
600779.SH,2022-12-22,0.0,85.8,85.8,85.8,654.0,5611320.0,84.459
600779.SH,2022-12-22,0.0,85.8,85.8,85.8,1568.0,13453400.0,84.47
600779.SH,2022-12-22,0.0,85.42,85.8,85.38,1193.0,10227200.0,84.478
600779.SH,2022-12-22,0.0,85.51,85.67,85.38,698.0,5968670.0,84.482
600779.SH,2022-12-22,0.0,85.44,85.54,85.41,326.0,2785990.0,84.484
600779.SH,2022-12-22,0.0,85.4,85.49,85.4,300.0,2562900.0,84.485
600779.SH,2022-12-22,0.0,85.32,85.4,85.32,368.0,3141820.0,84.487
600779.SH,2022-12-22,0.0,85.5,85.5,85.17,3120.0,26622800.0,84.501
600779.SH,2022-12-22,0.0,85.5,85.6,85.41,974.0,8331940.0,84.506
600779.SH,2022-12-22,0.0,85.5,85.52,85.43,373.0,3188660.0,84.508
600779.SH,2022-12-22,0.0,85.74,85.74,85.5,830.0,7103010.0,84.513
600779.SH,2022-12-22,0.0,85.79,85.8,85.77,2655.0,22778700.0,84.53
600779.SH,2022-12-22,0.0,85.79,85.8,85.78,1483.0,12723500.0,84.54
600779.SH,2022-12-22,0.0,85.8,85.8,85.79,514.0,4409930.0,84.543
600779.SH,2022-12-22,0.0,85.8,85.8,85.79,706.0,6057330.0,84.548
600779.SH,2022-12-22,0.0,85.8,85.8,85.79,399.0,3423250.0,84.55
600779.SH,2022-12-22,0.0,85.8,85.8,85.79,596.0,5113370.0,84.554
600779.SH,2022-12-22,0.0,85.8,85.8,85.79,855.0,7335740.0,84.559
600779.SH,2022-12-22,0.0,85.8,85.8,85.79,354.0,3037230.0,84.561
600779.SH,2022-12-22,0.0,85.77,85.8,85.77,366.0,3139920.0,84.564
600779.SH,2022-12-22,0.0,85.77,85.8,85.77,177.0,1518280.0,84.565
600779.SH,2022-12-22,0.0,85.75,85.78,85.75,297.0,2547400.0,84.566
600779.SH,2022-12-22,0.0,85.66,85.75,85.66,351.0,3008300.0,84.568
600779.SH,2022-12-22,0.0,85.54,85.66,85.46,1267.0,10835200.0,84.574
600779.SH,2022-12-22,0.0,85.64,85.73,85.64,324.0,2775730.0,84.576
600779.SH,2022-12-22,0.0,85.55,85.65,85.55,193.0,1652130.0,84.577
600779.SH,2022-12-22,0.0,85.64,85.64,85.54,454.0,3885610.0,84.579
600779.SH,2022-12-22,0.0,85.79,85.79,85.68,563.0,4827730.0,84.583
600779.SH,2022-12-22,0.0,85.7,85.79,85.7,98.0,840711.0,84.583
600779.SH,2022-12-22,0.0,85.73,85.75,85.7,156.0,1336940.0,84.584
600779.SH,2022-12-22,0.0,85.7,85.73,85.69,110.0,942776.0,84.585
600779.SH,2022-12-22,0.0,85.69,85.72,85.69,200.0,1713970.0,84.586
600779.SH,2022-12-22,0.0,85.6,85.7,85.6,358.0,3065640.0,84.588
600779.SH,2022-12-22,0.0,85.69,85.73,85.58,647.0,5541960.0,84.591
600779.SH,2022-12-22,0.0,85.63,85.7,85.61,116.0,993518.0,84.592
600779.SH,2022-12-22,0.0,85.59,85.63,85.59,196.0,1677810.0,84.592
600779.SH,2022-12-22,0.0,85.57,85.6,85.53,241.0,2061970.0,84.594
600779.SH,2022-12-22,0.0,85.69,85.7,85.53,463.0,3962900.0,84.596
600779.SH,2022-12-22,0.0,85.57,85.7,85.57,86.0,736511.0,84.596
600779.SH,2022-12-22,0.0,85.55,85.6,85.55,141.0,1206630.0,84.597
600779.SH,2022-12-22,0.0,85.68,85.69,85.48,915.0,7828480.0,84.601
600779.SH,2022-12-22,0.0,85.7,85.75,85.69,338.0,2896630.0,84.603
600779.SH,2022-12-22,0.0,85.63,85.69,85.62,115.0,985014.0,84.604
600779.SH,2022-12-22,0.0,85.79,85.79,85.62,777.0,6660090.0,84.608
600779.SH,2022-12-22,0.0,85.78,85.8,85.78,883.0,7575740.0,84.613
600779.SH,2022-12-22,0.0,85.78,85.79,85.77,214.0,1835740.0,84.614
600779.SH,2022-12-22,0.0,85.79,85.79,85.77,447.0,3834700.0,84.616
600779.SH,2022-12-22,0.0,85.8,85.8,85.79,2313.0,19842100.0,84.629
600779.SH,2022-12-22,0.0,85.8,85.8,85.8,263.0,2256540.0,84.631
600779.SH,2022-12-22,0.0,85.8,85.8,85.8,41.0,351780.0,84.631
600779.SH,2022-12-22,0.0,85.8,85.8,85.8,105.0,900900.0,84.632
600779.SH,2022-12-22,0.0,85.8,85.8,85.8,49.0,420420.0,84.632
600779.SH,2022-12-22,0.0,85.8,85.8,85.8,167.0,1432860.0,84.633
600779.SH,2022-12-22,0.0,85.8,85.8,85.8,210.0,1801800.0,84.634
600779.SH,2022-12-22,0.0,85.8,85.8,85.8,66.0,566280.0,84.634
600779.SH,2022-12-22,0.0,85.8,85.8,85.8,118.0,1012440.0,84.635
600779.SH,2022-12-22,0.0,85.8,85.8,85.8,92.0,789360.0,84.635
600779.SH,2022-12-22,0.0,85.8,85.8,85.8,134.0,1149720.0,84.636
600779.SH,2022-12-22,0.0,85.8,85.8,85.8,89.0,763620.0,84.637
600779.SH,2022-12-22,0.0,85.8,85.8,85.8,228.0,1956240.0,84.638
600779.SH,2022-12-22,0.0,85.8,85.8,85.8,71.0,609180.0,84.638
600779.SH,2022-12-22,0.0,85.8,85.8,85.8,58.0,497640.0,84.639
600779.SH,2022-12-22,0.0,85.8,85.8,85.8,96.0,823680.0,84.639
600779.SH,2022-12-22,0.0,85.8,85.8,85.8,60.0,514800.0,84.639
600779.SH,2022-12-22,0.0,85.8,85.8,85.8,77.0,660660.0,84.64
600779.SH,2022-12-22,0.0,85.8,85.8,85.8,61.0,523380.0,84.64
600779.SH,2022-12-22,0.0,85.8,85.8,85.8,103.0,883740.0,84.641
600779.SH,2022-12-22,0.0,85.8,85.8,85.8,165.0,1415700.0,84.642
600779.SH,2022-12-22,0.0,85.8,85.8,85.8,79.0,677820.0,84.642
600779.SH,2022-12-22,0.0,85.8,85.8,85.8,692.0,5937360.0,84.646
600779.SH,2022-12-22,0.0,85.8,85.8,85.8,139.0,1192620.0,84.646
600779.SH,2022-12-22,0.0,85.8,85.8,85.8,50.0,429000.0,84.647
600779.SH,2022-12-22,0.0,85.8,85.8,85.8,127.0,1089660.0,84.647
600779.SH,2022-12-22,0.0,85.8,85.8,85.8,120.0,1029600.0,84.648
600779.SH,2022-12-22,0.0,85.8,85.8,85.8,72.0,617760.0,84.648
600779.SH,2022-12-22,0.0,85.8,85.8,85.8,51.0,437580.0,84.649
600779.SH,2022-12-22,0.0,85.8,85.8,85.8,58.0,497640.0,84.649
600779.SH,2022-12-22,0.0,85.8,85.8,85.8,23.0,197340.0,84.649
600779.SH,2022-12-22,0.0,85.8,85.8,85.8,64.0,549120.0,84.649
600779.SH,2022-12-22,0.0,85.8,85.8,85.8,69.0,592020.0,84.65
600779.SH,2022-12-22,0.0,85.8,85.8,85.8,87.0,746460.0,84.65
600779.SH,2022-12-22,0.0,85.8,85.8,85.8,91.0,780780.0,84.651
600779.SH,2022-12-22,0.0,85.8,85.8,85.8,150.0,1287000.0,84.652
600779.SH,2022-12-22,0.0,85.8,85.8,85.8,125.0,1072500.0,84.652
600779.SH,2022-12-22,0.0,85.8,85.8,85.8,50.0,429000.0,84.653
600779.SH,2022-12-22,0.0,85.8,85.8,85.8,31.0,265980.0,84.653
600779.SH,2022-12-22,0.0,85.8,85.8,85.8,30.0,257400.0,84.653
600779.SH,2022-12-22,0.0,85.8,85.8,85.8,28.0,240240.0,84.653
600779.SH,2022-12-22,0.0,85.8,85.8,85.8,25.0,214500.0,84.653
600779.SH,2022-12-22,0.0,85.8,85.8,85.8,41.0,351780.0,84.653
600779.SH,2022-12-22,0.0,85.8,85.8,85.8,85.0,729300.0,84.654
600779.SH,2022-12-22,0.0,85.8,85.8,85.8,125.0,1072500.0,84.654
600779.SH,2022-12-22,0.0,85.8,85.8,85.8,222.0,1904760.0,84.656
600779.SH,2022-12-22,0.0,85.8,85.8,85.8,120.0,1029600.0,84.656
600779.SH,2022-12-22,0.0,85.8,85.8,85.8,127.0,1089660.0,84.657
600779.SH,2022-12-22,0.0,85.8,85.8,85.8,870.0,7464600.0,84.661
600779.SH,2022-12-22,0.0,85.8,85.8,85.8,1088.0,9335040.0,84.667
600779.SH,2022-12-22,0.0,85.8,85.8,85.8,212.0,1818960.0,84.668
600779.SH,2022-12-22,0.0,85.8,85.8,85.8,467.0,4006860.0,84.671
600779.SH,2022-12-22,0.0,85.8,85.8,85.8,674.0,5782920.0,84.674
600779.SH,2022-12-22,0.0,85.8,85.8,85.8,413.0,3543540.0,84.676
600779.SH,2022-12-22,0.0,85.8,85.8,85.8,1150.0,9867000.0,84.682
600779.SH,2022-12-22,0.0,85.8,85.8,85.79,2902.0,24898900.0,84.696
600779.SH,2022-12-22,0.0,85.71,85.8,85.7,669.0,5739140.0,84.7
600779.SH,2022-12-22,0.0,85.53,85.71,85.53,563.0,4819200.0,84.702
600779.SH,2022-12-22,0.0,85.77,85.79,85.41,1187.0,10161000.0,84.706
600779.SH,2022-12-22,0.0,85.73,85.8,85.73,1462.0,12543400.0,84.713
600779.SH,2022-12-22,0.0,85.69,85.77,85.64,709.0,6075810.0,84.716
600779.SH,2022-12-22,0.0,85.79,85.8,85.71,2337.0,20050500.0,84.727
600779.SH,2022-12-22,0.0,85.8,85.8,85.79,848.0,7275530.0,84.731
600779.SH,2022-12-22,0.0,85.8,85.8,85.79,487.0,4177460.0,84.733
600779.SH,2022-12-22,0.0,85.8,85.8,85.8,195.0,1673100.0,84.734
600779.SH,2022-12-22,0.0,85.8,85.8,85.8,249.0,2136420.0,84.735
600779.SH,2022-12-22,0.0,85.8,85.8,85.8,451.0,3867610.0,84.737
600779.SH,2022-12-22,0.0,85.8,85.8,85.8,112.0,960960.0,84.738
600779.SH,2022-12-22,0.0,85.8,85.8,85.8,79.0,677820.0,84.738
600779.SH,2022-12-22,0.0,85.8,85.8,85.8,133.0,1141140.0,84.739
600779.SH,2022-12-22,0.0,85.8,85.8,85.8,157.0,1347060.0,84.739
600779.SH,2022-12-22,0.0,85.8,85.8,85.8,156.0,1338480.0,84.74
600779.SH,2022-12-22,0.0,85.8,85.8,85.8,292.0,2505360.0,84.741
600779.SH,2022-12-22,0.0,85.8,85.8,85.8,199.0,1707420.0,84.742
600779.SH,2022-12-22,0.0,85.8,85.8,85.8,137.0,1175460.0,84.743
600779.SH,2022-12-22,0.0,85.8,85.8,85.8,313.0,2685540.0,84.744
600779.SH,2022-12-22,0.0,85.8,85.8,85.8,98.0,840840.0,84.745
600779.SH,2022-12-22,0.0,85.8,85.8,85.8,20.0,171600.0,84.745
600779.SH,2022-12-22,0.0,85.8,85.8,85.8,0.0,0.0,84.745
600779.SH,2022-12-22,0.0,85.8,85.8,85.8,723.0,6206600.0,84.748
600779.SH,2022-12-23,0.0,86.0,86.0,86.0,4990.0,42914000.0,86.0
600779.SH,2022-12-23,0.0,87.95,89.0,86.02,13967.0,122188000.0,87.093
600779.SH,2022-12-23,0.0,87.99,88.38,87.96,8485.0,74762496.0,87.408
600779.SH,2022-12-23,0.0,87.23,88.03,87.23,3869.0,34016500.0,87.471
600779.SH,2022-12-23,0.0,87.9,87.9,87.1,4019.0,35111900.0,87.459
600779.SH,2022-12-23,0.0,87.46,88.0,87.42,4071.0,35736800.0,87.492
600779.SH,2022-12-23,0.0,88.0,88.0,87.5,2590.0,22741600.0,87.511
600779.SH,2022-12-23,0.0,88.54,88.66,88.05,3953.0,34954800.0,87.59
600779.SH,2022-12-23,0.0,88.77,88.99,88.59,6366.0,56560700.0,87.743
600779.SH,2022-12-23,0.0,88.67,88.75,88.05,3260.0,28834400.0,87.785
600779.SH,2022-12-23,0.0,88.02,88.6,87.87,3131.0,27616500.0,87.807
600779.SH,2022-12-23,0.0,87.6,88.0,87.44,2860.0,25072300.0,87.801
600779.SH,2022-12-23,0.0,87.7,87.76,87.62,2488.0,21821400.0,87.797
600779.SH,2022-12-23,0.0,87.5,87.68,87.17,2416.0,21114700.0,87.782
600779.SH,2022-12-23,0.0,87.45,87.5,87.4,1387.0,12128500.0,87.775
600779.SH,2022-12-23,0.0,87.59,87.79,87.5,2197.0,19257400.0,87.771
600779.SH,2022-12-23,0.0,87.1,87.67,87.1,1584.0,13839000.0,87.763
600779.SH,2022-12-23,0.0,86.5,87.05,86.5,1543.0,13399300.0,87.743
600779.SH,2022-12-23,0.0,86.53,86.53,86.11,2651.0,22885900.0,87.694
600779.SH,2022-12-23,0.0,86.98,86.98,86.5,988.0,8575470.0,87.682
600779.SH,2022-12-23,0.0,86.53,86.95,86.53,1135.0,9848460.0,87.669
600779.SH,2022-12-23,0.0,86.92,87.0,86.49,1710.0,14808500.0,87.646
600779.SH,2022-12-23,0.0,87.39,87.39,86.99,1010.0,8799840.0,87.64
600779.SH,2022-12-23,0.0,87.0,87.46,86.93,1101.0,9600000.0,87.634
600779.SH,2022-12-23,0.0,87.09,87.12,86.93,1006.0,8755780.0,87.627
600779.SH,2022-12-23,0.0,87.18,87.23,87.09,677.0,5900830.0,87.623
600779.SH,2022-12-23,0.0,87.01,87.19,86.99,1229.0,10698200.0,87.615
600779.SH,2022-12-23,0.0,87.13,87.13,87.0,635.0,5527350.0,87.61
600779.SH,2022-12-23,0.0,87.51,87.51,87.13,1234.0,10782100.0,87.607
600779.SH,2022-12-23,0.0,87.45,87.58,87.43,1372.0,12007700.0,87.606
600779.SH,2022-12-23,0.0,87.76,87.76,87.47,550.0,4816940.0,87.605
600779.SH,2022-12-23,0.0,87.65,87.88,87.51,1856.0,16277700.0,87.607
600779.SH,2022-12-23,0.0,87.95,87.95,87.69,871.0,7650190.0,87.61
600779.SH,2022-12-23,0.0,88.12,88.2,87.95,1855.0,16337200.0,87.619
600779.SH,2022-12-23,0.0,88.68,88.68,88.17,823.0,7274550.0,87.625
600779.SH,2022-12-23,0.0,89.05,89.05,88.7,3844.0,34165000.0,87.675
600779.SH,2022-12-23,0.0,89.33,89.35,89.03,3219.0,28703600.0,87.723
600779.SH,2022-12-23,0.0,89.93,89.93,89.39,3472.0,31135900.0,87.788
600779.SH,2022-12-23,0.0,89.15,89.96,89.15,3014.0,27056400.0,87.843
600779.SH,2022-12-23,0.0,89.15,89.15,89.01,1262.0,11241700.0,87.857
600779.SH,2022-12-23,0.0,89.29,89.62,89.15,1645.0,14710500.0,87.88
600779.SH,2022-12-23,0.0,89.49,89.49,89.19,1374.0,12285500.0,87.899
600779.SH,2022-12-23,0.0,89.18,89.5,89.18,1245.0,11128500.0,87.915
600779.SH,2022-12-23,0.0,89.09,89.18,89.09,935.0,8335550.0,87.925
600779.SH,2022-12-23,0.0,88.9,89.03,88.9,734.0,6528130.0,87.932
600779.SH,2022-12-23,0.0,88.88,88.9,88.77,1190.0,10571500.0,87.941
600779.SH,2022-12-23,0.0,88.92,89.0,88.88,1356.0,12059500.0,87.953
600779.SH,2022-12-23,0.0,89.23,89.23,88.9,680.0,6052760.0,87.959
600779.SH,2022-12-23,0.0,89.6,89.6,89.23,1303.0,11655400.0,87.975
600779.SH,2022-12-23,0.0,89.97,89.97,89.62,1107.0,9944080.0,87.993
600779.SH,2022-12-23,0.0,89.97,90.0,89.97,2540.0,22857100.0,88.034
600779.SH,2022-12-23,0.0,89.81,89.98,89.81,1213.0,10904300.0,88.052
600779.SH,2022-12-23,0.0,89.77,89.81,89.7,1127.0,10112800.0,88.067
600779.SH,2022-12-23,0.0,89.8,89.8,89.75,611.0,5489270.0,88.076
600779.SH,2022-12-23,0.0,89.9,89.9,89.8,424.0,3808490.0,88.082
600779.SH,2022-12-23,0.0,90.0,90.0,89.9,1858.0,16720300.0,88.109
600779.SH,2022-12-23,0.0,90.5,90.5,90.0,1618.0,14579700.0,88.134
600779.SH,2022-12-23,0.0,90.8,91.0,90.55,2499.0,22710600.0,88.186
600779.SH,2022-12-23,0.0,90.55,90.77,90.55,1515.0,13728400.0,88.214
600779.SH,2022-12-23,0.0,90.56,90.56,90.45,1126.0,10192100.0,88.233
600779.SH,2022-12-23,0.0,90.81,90.81,90.56,910.0,8247170.0,88.249
600779.SH,2022-12-23,0.0,90.79,91.5,90.79,3089.0,28135500.0,88.312
600779.SH,2022-12-23,0.0,91.2,91.2,90.68,1987.0,18041200.0,88.347
600779.SH,2022-12-23,0.0,91.83,91.85,91.27,1021.0,9346420.0,88.37
600779.SH,2022-12-23,0.0,92.0,92.08,91.86,4682.0,43067000.0,88.485
600779.SH,2022-12-23,0.0,92.0,92.09,91.98,3450.0,31738500.0,88.566
600779.SH,2022-12-23,0.0,91.8,91.97,91.8,1214.0,11153600.0,88.593
600779.SH,2022-12-23,0.0,91.6,91.87,91.6,1213.0,11132500.0,88.618
600779.SH,2022-12-23,0.0,91.6,91.69,91.6,657.0,6020240.0,88.631
600779.SH,2022-12-23,0.0,91.67,91.67,91.61,482.0,4420440.0,88.641
600779.SH,2022-12-23,0.0,92.01,92.01,91.65,1422.0,13072500.0,88.671
600779.SH,2022-12-23,0.0,92.31,92.38,92.02,1121.0,10332400.0,88.696
600779.SH,2022-12-23,0.0,92.6,92.6,92.37,1023.0,9459350.0,88.72
600779.SH,2022-12-23,0.0,92.53,92.76,92.53,1484.0,13751000.0,88.757
600779.SH,2022-12-23,0.0,92.08,92.5,92.08,753.0,6947790.0,88.774
600779.SH,2022-12-23,0.0,92.0,92.08,92.0,568.0,5223720.0,88.786
600779.SH,2022-12-23,0.0,92.01,92.03,92.0,1165.0,10718400.0,88.809
600779.SH,2022-12-23,0.0,92.09,92.2,92.01,377.0,3471350.0,88.816
600779.SH,2022-12-23,0.0,91.99,92.1,91.99,1581.0,14546700.0,88.847
600779.SH,2022-12-23,0.0,91.64,92.0,91.64,609.0,5592890.0,88.859
600779.SH,2022-12-23,0.0,91.49,91.7,91.49,684.0,6266620.0,88.87
600779.SH,2022-12-23,0.0,90.81,91.45,90.74,722.0,6573230.0,88.88
600779.SH,2022-12-23,0.0,91.08,91.2,90.7,851.0,7732130.0,88.89
600779.SH,2022-12-23,0.0,90.9,91.07,90.81,784.0,7132600.0,88.9
600779.SH,2022-12-23,0.0,91.0,91.07,90.82,489.0,4452610.0,88.906
600779.SH,2022-12-23,0.0,91.0,91.0,90.85,370.0,3359870.0,88.91
600779.SH,2022-12-23,0.0,90.92,91.0,90.91,525.0,4775730.0,88.916
600779.SH,2022-12-23,0.0,90.94,90.96,90.9,249.0,2264090.0,88.919
600779.SH,2022-12-23,0.0,90.9,90.94,90.9,351.0,3190980.0,88.924
600779.SH,2022-12-23,0.0,90.9,90.91,90.85,353.0,3208200.0,88.928
600779.SH,2022-12-23,0.0,90.82,90.91,90.82,535.0,4860160.0,88.934
600779.SH,2022-12-23,0.0,90.42,90.82,90.42,825.0,7481540.0,88.942
600779.SH,2022-12-23,0.0,90.5,90.55,90.31,875.0,7913370.0,88.95
600779.SH,2022-12-23,0.0,90.82,90.82,90.51,410.0,3719200.0,88.954
600779.SH,2022-12-23,0.0,90.82,90.86,90.8,407.0,3696280.0,88.958
600779.SH,2022-12-23,0.0,90.89,90.9,90.82,250.0,2271170.0,88.961
600779.SH,2022-12-23,0.0,91.24,91.3,90.89,540.0,4918650.0,88.968
600779.SH,2022-12-23,0.0,91.46,91.47,91.27,297.0,2713240.0,88.972
600779.SH,2022-12-23,0.0,91.57,91.58,91.46,207.0,1894110.0,88.975
600779.SH,2022-12-23,0.0,91.58,91.6,91.56,228.0,2087930.0,88.978
600779.SH,2022-12-23,0.0,91.8,91.81,91.59,353.0,3237680.0,88.984
600779.SH,2022-12-23,0.0,91.5,91.8,91.5,715.0,6553180.0,88.995
600779.SH,2022-12-23,0.0,91.48,91.53,91.47,274.0,2506450.0,88.999
600779.SH,2022-12-23,0.0,91.27,91.48,91.27,291.0,2661000.0,89.003
600779.SH,2022-12-23,0.0,91.23,91.25,91.1,192.0,1751070.0,89.005
600779.SH,2022-12-23,0.0,91.1,91.22,91.08,117.0,1066310.0,89.006
600779.SH,2022-12-23,0.0,91.0,91.09,90.97,180.0,1638730.0,89.009
600779.SH,2022-12-23,0.0,90.82,91.0,90.82,222.0,2017430.0,89.011
600779.SH,2022-12-23,0.0,90.8,90.85,90.73,479.0,4348150.0,89.016
600779.SH,2022-12-23,0.0,91.04,91.04,90.81,175.0,1590930.0,89.018
600779.SH,2022-12-23,0.0,91.25,91.25,91.06,566.0,5157900.0,89.024
600779.SH,2022-12-23,0.0,91.23,91.46,91.23,301.0,2749720.0,89.028
600779.SH,2022-12-23,0.0,91.45,91.45,91.18,209.0,1906570.0,89.031
600779.SH,2022-12-23,0.0,91.33,91.45,91.3,123.0,1124300.0,89.032
600779.SH,2022-12-23,0.0,91.4,91.4,91.31,83.0,758570.0,89.034
600779.SH,2022-12-23,0.0,91.4,91.43,91.32,154.0,1407630.0,89.036
600779.SH,2022-12-23,0.0,91.99,91.99,91.38,695.0,6369360.0,89.046
600779.SH,2022-12-23,0.0,92.06,92.07,91.98,1035.0,9523470.0,89.063
600779.SH,2022-12-23,0.0,92.05,92.13,92.02,605.0,5570520.0,89.073
600779.SH,2022-12-23,0.0,91.87,92.05,91.8,179.0,1646440.0,89.076
600779.SH,2022-12-23,0.0,91.38,91.85,91.36,112.0,1025970.0,89.077
600779.SH,2022-12-23,0.0,91.0,91.38,91.0,839.0,7653480.0,89.087
600779.SH,2022-12-23,0.0,90.88,91.01,90.85,408.0,3709020.0,89.091
600779.SH,2022-12-23,0.0,90.7,90.85,90.7,482.0,4371150.0,89.096
600779.SH,2022-12-23,0.0,90.71,90.71,90.7,401.0,3637180.0,89.099
600779.SH,2022-12-23,0.0,90.71,90.71,90.7,334.0,3031060.0,89.102
600779.SH,2022-12-23,0.0,90.71,90.71,90.69,356.0,3229110.0,89.105
600779.SH,2022-12-23,0.0,90.69,90.71,90.68,394.0,3573560.0,89.109
600779.SH,2022-12-23,0.0,90.68,90.7,90.67,341.0,3092430.0,89.112
600779.SH,2022-12-23,0.0,90.66,90.69,90.66,392.0,3554780.0,89.115
600779.SH,2022-12-23,0.0,90.58,90.66,90.58,269.0,2437740.0,89.117
600779.SH,2022-12-23,0.0,90.11,90.51,90.11,427.0,3854990.0,89.12
600779.SH,2022-12-23,0.0,89.98,90.12,89.97,1096.0,9869420.0,89.125
600779.SH,2022-12-23,0.0,89.83,89.98,89.83,273.0,2454800.0,89.126
600779.SH,2022-12-23,0.0,89.6,89.82,89.6,447.0,4009220.0,89.128
600779.SH,2022-12-23,0.0,89.58,89.62,89.58,697.0,6245140.0,89.13
600779.SH,2022-12-23,0.0,89.49,89.56,89.46,887.0,7938390.0,89.131
600779.SH,2022-12-23,0.0,89.38,89.48,89.38,741.0,6626810.0,89.132
600779.SH,2022-12-23,0.0,89.95,89.95,89.36,852.0,7624530.0,89.134
600779.SH,2022-12-23,0.0,89.97,89.99,89.9,655.0,5892380.0,89.137
600779.SH,2022-12-23,0.0,89.9,89.95,89.9,243.0,2185540.0,89.138
600779.SH,2022-12-23,0.0,89.78,89.91,89.7,301.0,2704270.0,89.139
600779.SH,2022-12-23,0.0,89.78,89.78,89.63,310.0,2780720.0,89.14
600779.SH,2022-12-23,0.0,89.8,89.94,89.76,367.0,3297360.0,89.141
600779.SH,2022-12-23,0.0,89.8,89.93,89.8,353.0,3170660.0,89.143
600779.SH,2022-12-23,0.0,89.78,89.79,89.75,354.0,3178150.0,89.144
600779.SH,2022-12-23,0.0,89.79,89.82,89.76,319.0,2864420.0,89.145
600779.SH,2022-12-23,0.0,89.8,89.81,89.78,184.0,1652280.0,89.145
600779.SH,2022-12-23,0.0,89.76,89.81,89.75,234.0,2100960.0,89.146
600779.SH,2022-12-23,0.0,89.76,89.78,89.75,208.0,1867030.0,89.147
600779.SH,2022-12-23,0.0,89.8,89.8,89.76,366.0,3285900.0,89.148
600779.SH,2022-12-23,0.0,89.81,89.89,89.8,320.0,2874290.0,89.149
600779.SH,2022-12-23,0.0,89.9,89.93,89.82,135.0,1213400.0,89.15
600779.SH,2022-12-23,0.0,89.94,89.98,89.93,215.0,1933310.0,89.151
600779.SH,2022-12-23,0.0,89.98,90.0,89.94,413.0,3716200.0,89.152
600779.SH,2022-12-23,0.0,89.91,90.0,89.89,115.0,1034800.0,89.153
600779.SH,2022-12-23,0.0,89.88,89.95,89.88,157.0,1411440.0,89.153
600779.SH,2022-12-23,0.0,89.81,89.89,89.8,170.0,1527020.0,89.154
600779.SH,2022-12-23,0.0,89.7,89.81,89.7,180.0,1615760.0,89.155
600779.SH,2022-12-23,0.0,89.6,89.71,89.6,346.0,3102520.0,89.155
600779.SH,2022-12-23,0.0,89.41,89.57,89.41,129.0,1154420.0,89.156
600779.SH,2022-12-23,0.0,89.28,89.43,89.28,384.0,3430590.0,89.156
600779.SH,2022-12-23,0.0,89.89,89.89,89.26,513.0,4591770.0,89.157
600779.SH,2022-12-23,0.0,89.87,89.89,89.8,346.0,3108840.0,89.158
600779.SH,2022-12-23,0.0,89.81,89.87,89.81,198.0,1778700.0,89.159
600779.SH,2022-12-23,0.0,89.87,89.89,89.8,334.0,3000950.0,89.16
600779.SH,2022-12-23,0.0,89.84,89.86,89.81,120.0,1078100.0,89.16
600779.SH,2022-12-23,0.0,89.79,89.84,89.77,105.0,942903.0,89.161
600779.SH,2022-12-23,0.0,89.79,89.8,89.77,112.0,1005560.0,89.161
600779.SH,2022-12-23,0.0,89.78,89.8,89.77,62.0,556680.0,89.161
600779.SH,2022-12-23,0.0,89.72,89.79,89.68,162.0,1454060.0,89.162
600779.SH,2022-12-23,0.0,89.7,89.72,89.68,113.0,1013640.0,89.162
600779.SH,2022-12-23,0.0,89.63,89.72,89.63,191.0,1712840.0,89.163
600779.SH,2022-12-23,0.0,89.62,89.64,89.6,114.0,1021730.0,89.163
600779.SH,2022-12-23,0.0,89.62,89.63,89.61,176.0,1577340.0,89.163
600779.SH,2022-12-23,0.0,89.69,89.69,89.62,230.0,2057510.0,89.164
600779.SH,2022-12-23,0.0,89.7,89.71,89.66,213.0,1910570.0,89.164
600779.SH,2022-12-23,0.0,89.73,89.76,89.69,159.0,1426550.0,89.165
600779.SH,2022-12-23,0.0,89.76,89.76,89.74,133.0,1193680.0,89.165
600779.SH,2022-12-23,0.0,89.79,89.79,89.75,134.0,1202840.0,89.166
600779.SH,2022-12-23,0.0,89.81,89.81,89.78,340.0,3053230.0,89.167
600779.SH,2022-12-23,0.0,89.8,89.88,89.78,270.0,2424790.0,89.168
600779.SH,2022-12-23,0.0,89.63,89.75,89.62,217.0,1946000.0,89.168
600779.SH,2022-12-23,0.0,89.61,89.65,89.6,182.0,1631020.0,89.169
600779.SH,2022-12-23,0.0,89.44,89.61,89.44,182.0,1629760.0,89.169
600779.SH,2022-12-23,0.0,89.34,89.44,89.24,395.0,3528650.0,89.169
600779.SH,2022-12-23,0.0,89.52,89.55,89.38,394.0,3525990.0,89.17
600779.SH,2022-12-23,0.0,89.6,89.61,89.57,216.0,1935270.0,89.17
600779.SH,2022-12-23,0.0,89.69,89.69,89.6,122.0,1093640.0,89.171
600779.SH,2022-12-23,0.0,89.72,89.78,89.7,254.0,2279330.0,89.171
600779.SH,2022-12-23,0.0,89.76,89.78,89.72,206.0,1849080.0,89.172
600779.SH,2022-12-23,0.0,89.64,89.77,89.64,167.0,1498500.0,89.172
600779.SH,2022-12-23,0.0,89.43,89.67,89.43,131.0,1173570.0,89.173
600779.SH,2022-12-23,0.0,89.31,89.48,89.31,210.0,1876650.0,89.173
600779.SH,2022-12-23,0.0,89.3,89.35,89.3,472.0,4214810.0,89.173
600779.SH,2022-12-23,0.0,89.24,89.3,89.22,150.0,1342200.0,89.173
600779.SH,2022-12-23,0.0,89.6,89.73,89.22,728.0,6508950.0,89.174
600779.SH,2022-12-23,0.0,89.5,89.7,89.5,237.0,2123860.0,89.174
600779.SH,2022-12-23,0.0,89.59,89.59,89.43,335.0,2998000.0,89.175
600779.SH,2022-12-23,0.0,89.52,89.6,89.51,226.0,2023630.0,89.175
600779.SH,2022-12-23,0.0,89.5,89.52,89.5,85.0,760831.0,89.176
600779.SH,2022-12-23,0.0,89.41,89.51,89.41,130.0,1163240.0,89.176
600779.SH,2022-12-23,0.0,89.33,89.43,89.32,240.0,2144520.0,89.176
600779.SH,2022-12-23,0.0,89.4,89.4,89.33,256.0,2287890.0,89.176
600779.SH,2022-12-23,0.0,89.42,89.47,89.4,146.0,1305660.0,89.176
600779.SH,2022-12-23,0.0,89.44,89.47,89.42,153.0,1368370.0,89.177
600779.SH,2022-12-23,0.0,89.41,89.44,89.4,266.0,2378430.0,89.177
600779.SH,2022-12-23,0.0,89.38,89.41,89.38,216.0,1931080.0,89.177
600779.SH,2022-12-23,0.0,89.39,89.4,89.32,391.0,3494080.0,89.177
600779.SH,2022-12-23,0.0,89.33,89.4,89.32,361.0,3225880.0,89.178
600779.SH,2022-12-23,0.0,89.37,89.38,89.33,276.0,2466130.0,89.178
600779.SH,2022-12-23,0.0,89.69,89.69,89.37,905.0,8096590.0,89.179
600779.SH,2022-12-23,0.0,89.87,89.87,89.7,323.0,2899990.0,89.18
600779.SH,2022-12-23,0.0,89.99,90.0,89.87,488.0,4389520.0,89.182
600779.SH,2022-12-23,0.0,89.95,90.0,89.95,346.0,3114150.0,89.183
600779.SH,2022-12-23,0.0,89.91,89.94,89.85,119.0,1069290.0,89.184
600779.SH,2022-12-23,0.0,89.92,89.98,89.88,165.0,1483470.0,89.184
600779.SH,2022-12-23,0.0,89.91,89.92,89.9,268.0,2409470.0,89.185
600779.SH,2022-12-23,0.0,89.89,89.92,89.89,195.0,1753120.0,89.186
600779.SH,2022-12-23,0.0,89.91,89.92,89.89,304.0,2733100.0,89.187
600779.SH,2022-12-23,0.0,90.0,90.0,89.92,312.0,2805670.0,89.188
600779.SH,2022-12-23,0.0,89.97,90.0,89.97,481.0,4328840.0,89.19
600779.SH,2022-12-23,0.0,89.9,89.99,89.89,384.0,3454330.0,89.191
600779.SH,2022-12-23,0.0,89.99,89.99,89.9,267.0,2399980.0,89.192
600779.SH,2022-12-23,0.0,89.96,89.99,89.96,293.0,2636320.0,89.193
600779.SH,2022-12-23,0.0,89.88,89.96,89.88,362.0,3256750.0,89.194
600779.SH,2022-12-23,0.0,89.8,89.89,89.8,175.0,1573030.0,89.195
600779.SH,2022-12-23,0.0,89.69,89.8,89.69,193.0,1732390.0,89.196
600779.SH,2022-12-23,0.0,89.68,89.7,89.68,363.0,3255710.0,89.196
600779.SH,2022-12-23,0.0,89.67,89.69,89.63,375.0,3362220.0,89.197
600779.SH,2022-12-23,0.0,89.72,89.72,89.64,664.0,5954490.0,89.199
600779.SH,2022-12-23,0.0,89.87,89.88,89.7,597.0,5362220.0,89.2
600779.SH,2022-12-23,0.0,89.93,89.93,89.86,751.0,6752530.0,89.203
600779.SH,2022-12-23,0.0,89.95,89.96,89.91,532.0,4784710.0,89.205
600779.SH,2022-12-23,0.0,89.97,89.98,89.95,528.0,4753930.0,89.206
600779.SH,2022-12-23,0.0,89.96,89.97,89.95,715.0,6432410.0,89.209
600779.SH,2022-12-23,0.0,89.95,89.97,89.95,1030.0,9266310.0,89.212
600779.SH,2022-12-23,0.0,89.96,89.97,89.93,793.0,7133540.0,89.215
600779.SH,2022-12-23,0.0,89.96,89.96,89.96,0.0,0.0,89.215
600779.SH,2022-12-23,0.0,89.96,89.96,89.96,0.0,0.0,89.215
600779.SH,2022-12-23,0.0,89.94,89.94,89.94,1664.0,14966000.0,89.221
600779.SH,2022-12-26,0.0,88.0,88.0,88.0,2857.0,25141600.0,88.0
600779.SH,2022-12-26,0.0,88.6,89.0,87.89,4955.0,43815200.0,88.275
600779.SH,2022-12-26,0.0,88.82,89.5,88.69,2228.0,19849800.0,88.453
600779.SH,2022-12-26,0.0,87.66,88.71,87.41,2482.0,21852900.0,88.375
600779.SH,2022-12-26,0.0,88.31,88.58,87.43,3198.0,28121600.0,88.288
600779.SH,2022-12-26,0.0,87.9,88.36,87.86,2569.0,22607900.0,88.246
600779.SH,2022-12-26,0.0,88.9,88.9,88.03,1494.0,13202300.0,88.255
600779.SH,2022-12-26,0.0,88.52,88.78,88.5,1287.0,11403000.0,88.276
600779.SH,2022-12-26,0.0,87.7,88.51,87.57,2226.0,19556400.0,88.236
600779.SH,2022-12-26,0.0,87.79,87.94,87.65,2060.0,18073400.0,88.195
600779.SH,2022-12-26,0.0,87.45,87.87,87.45,2126.0,18634200.0,88.153
600779.SH,2022-12-26,0.0,87.85,87.99,87.46,2536.0,22221800.0,88.109
600779.SH,2022-12-26,0.0,87.52,87.92,87.5,1021.0,8953750.0,88.095
600779.SH,2022-12-26,0.0,87.02,87.5,87.01,1402.0,12240300.0,88.061
600779.SH,2022-12-26,0.0,86.63,87.0,86.6,4914.0,42632700.0,87.889
600779.SH,2022-12-26,0.0,86.28,86.6,86.27,2724.0,23549100.0,87.792
600779.SH,2022-12-26,0.0,86.63,86.64,86.26,4456.0,38506400.0,87.654
600779.SH,2022-12-26,0.0,86.51,86.6,86.37,1866.0,16138500.0,87.606
600779.SH,2022-12-26,0.0,86.88,86.88,86.52,1228.0,10634200.0,87.58
600779.SH,2022-12-26,0.0,86.66,86.88,86.66,1071.0,9289800.0,87.562
600779.SH,2022-12-26,0.0,86.5,86.66,86.5,1229.0,10644800.0,87.538
600779.SH,2022-12-26,0.0,86.69,86.71,86.52,1347.0,11665100.0,87.514
600779.SH,2022-12-26,0.0,87.2,87.2,86.67,1228.0,10676500.0,87.5
600779.SH,2022-12-26,0.0,87.58,87.58,87.23,635.0,5553770.0,87.499
600779.SH,2022-12-26,0.0,87.18,87.64,87.18,847.0,7402500.0,87.498
600779.SH,2022-12-26,0.0,87.36,87.36,87.08,646.0,5630020.0,87.494
600779.SH,2022-12-26,0.0,87.51,87.55,87.25,689.0,6022000.0,87.493
600779.SH,2022-12-26,0.0,87.87,87.87,87.5,632.0,5538480.0,87.495
600779.SH,2022-12-26,0.0,87.62,87.97,87.62,604.0,5308820.0,87.499
600779.SH,2022-12-26,0.0,87.9,87.9,87.61,468.0,4108180.0,87.501
600779.SH,2022-12-26,0.0,88.15,88.15,87.9,846.0,7444310.0,87.508
600779.SH,2022-12-26,0.0,88.4,88.54,88.15,1755.0,15517100.0,87.535
600779.SH,2022-12-26,0.0,87.77,88.51,87.77,1488.0,13128900.0,87.552
600779.SH,2022-12-26,0.0,88.13,88.21,87.79,1011.0,8890740.0,87.558
600779.SH,2022-12-26,0.0,87.97,88.13,87.88,1567.0,13792200.0,87.57
600779.SH,2022-12-26,0.0,87.75,88.0,87.75,619.0,5442890.0,87.573
600779.SH,2022-12-26,0.0,87.5,87.74,87.48,507.0,4440520.0,87.573
600779.SH,2022-12-26,0.0,87.78,87.78,87.48,584.0,5117220.0,87.574
600779.SH,2022-12-26,0.0,87.75,87.79,87.7,502.0,4404570.0,87.575
600779.SH,2022-12-26,0.0,87.63,87.72,87.6,444.0,3892920.0,87.576
600779.SH,2022-12-26,0.0,87.51,87.63,87.51,512.0,4484200.0,87.576
600779.SH,2022-12-26,0.0,87.4,87.5,87.35,473.0,4135180.0,87.575
600779.SH,2022-12-26,0.0,87.25,87.44,87.25,561.0,4900000.0,87.573
600779.SH,2022-12-26,0.0,87.41,87.41,87.21,542.0,4730860.0,87.57
600779.SH,2022-12-26,0.0,87.9,87.9,87.45,299.0,2625890.0,87.571
600779.SH,2022-12-26,0.0,87.75,87.92,87.7,590.0,5182980.0,87.573
600779.SH,2022-12-26,0.0,87.68,87.73,87.67,506.0,4437840.0,87.574
600779.SH,2022-12-26,0.0,87.45,87.68,87.45,416.0,3642870.0,87.574
600779.SH,2022-12-26,0.0,87.32,87.41,87.31,371.0,3240510.0,87.573
600779.SH,2022-12-26,0.0,87.46,87.46,87.3,364.0,3178740.0,87.572
600779.SH,2022-12-26,0.0,87.7,87.73,87.4,540.0,4726760.0,87.572
600779.SH,2022-12-26,0.0,87.59,87.7,87.5,191.0,1671900.0,87.571
600779.SH,2022-12-26,0.0,87.42,87.58,87.42,318.0,2782730.0,87.571
600779.SH,2022-12-26,0.0,87.63,87.63,87.42,183.0,1600620.0,87.571
600779.SH,2022-12-26,0.0,87.99,88.0,87.8,593.0,5208930.0,87.573
600779.SH,2022-12-26,0.0,87.8,88.0,87.8,267.0,2346930.0,87.574
600779.SH,2022-12-26,0.0,87.99,87.99,87.75,323.0,2837870.0,87.576
600779.SH,2022-12-26,0.0,87.91,88.0,87.84,288.0,2533950.0,87.577
600779.SH,2022-12-26,0.0,87.99,87.99,87.93,462.0,4064490.0,87.58
600779.SH,2022-12-26,0.0,88.3,88.3,88.0,355.0,3127640.0,87.582
600779.SH,2022-12-26,0.0,88.63,88.63,88.37,484.0,4284870.0,87.588
600779.SH,2022-12-26,0.0,88.18,88.63,88.15,974.0,8609500.0,87.599
600779.SH,2022-12-26,0.0,88.45,88.45,88.2,502.0,4429660.0,87.603
600779.SH,2022-12-26,0.0,88.65,88.66,88.44,327.0,2897050.0,87.607
600779.SH,2022-12-26,0.0,88.69,88.75,88.68,1031.0,9148950.0,87.622
600779.SH,2022-12-26,0.0,88.75,88.75,88.58,796.0,7059220.0,87.633
600779.SH,2022-12-26,0.0,88.54,88.76,88.49,538.0,4767980.0,87.64
600779.SH,2022-12-26,0.0,88.19,88.54,88.19,185.0,1633920.0,87.641
600779.SH,2022-12-26,0.0,88.46,88.46,88.19,142.0,1254980.0,87.642
600779.SH,2022-12-26,0.0,88.97,88.97,88.46,468.0,4154070.0,87.649
600779.SH,2022-12-26,0.0,89.2,89.2,88.96,590.0,5252960.0,87.659
600779.SH,2022-12-26,0.0,88.95,89.25,88.95,1024.0,9127300.0,87.678
600779.SH,2022-12-26,0.0,88.79,88.94,88.6,278.0,2468650.0,87.681
600779.SH,2022-12-26,0.0,88.6,88.79,88.6,252.0,2234120.0,87.684
600779.SH,2022-12-26,0.0,88.99,89.0,88.6,398.0,3537890.0,87.69
600779.SH,2022-12-26,0.0,88.68,88.99,88.65,348.0,3089970.0,87.695
600779.SH,2022-12-26,0.0,88.87,88.94,88.65,211.0,1873560.0,87.698
600779.SH,2022-12-26,0.0,88.76,88.86,88.72,223.0,1981370.0,87.701
600779.SH,2022-12-26,0.0,88.54,88.74,88.52,299.0,2651390.0,87.704
600779.SH,2022-12-26,0.0,88.3,88.51,88.3,535.0,4733910.0,87.709
600779.SH,2022-12-26,0.0,88.46,88.5,88.25,248.0,2191690.0,87.711
600779.SH,2022-12-26,0.0,88.4,88.46,88.31,205.0,1811560.0,87.713
600779.SH,2022-12-26,0.0,88.25,88.48,88.25,411.0,3629650.0,87.716
600779.SH,2022-12-26,0.0,88.17,88.25,88.15,282.0,2486410.0,87.717
600779.SH,2022-12-26,0.0,87.99,88.16,87.99,413.0,3636460.0,87.719
600779.SH,2022-12-26,0.0,88.1,88.2,87.96,648.0,5709050.0,87.722
600779.SH,2022-12-26,0.0,88.2,88.2,88.1,164.0,1445550.0,87.722
600779.SH,2022-12-26,0.0,88.2,88.22,88.13,217.0,1913680.0,87.724
600779.SH,2022-12-26,0.0,88.2,88.22,88.18,94.0,829057.0,87.724
600779.SH,2022-12-26,0.0,88.25,88.25,88.2,185.0,1632320.0,87.725
600779.SH,2022-12-26,0.0,88.2,88.3,88.2,453.0,3997920.0,87.728
600779.SH,2022-12-26,0.0,88.45,88.45,88.2,201.0,1776100.0,87.729
600779.SH,2022-12-26,0.0,88.49,88.5,88.44,391.0,3459560.0,87.733
600779.SH,2022-12-26,0.0,88.46,88.49,88.46,170.0,1504190.0,87.734
600779.SH,2022-12-26,0.0,88.48,88.48,88.45,235.0,2079010.0,87.736
600779.SH,2022-12-26,0.0,88.31,88.47,88.31,138.0,1220040.0,87.737
600779.SH,2022-12-26,0.0,88.39,88.4,88.24,170.0,1501470.0,87.738
600779.SH,2022-12-26,0.0,88.4,88.4,88.37,63.0,556783.0,87.739
600779.SH,2022-12-26,0.0,88.18,88.39,88.18,170.0,1501080.0,87.74
600779.SH,2022-12-26,0.0,87.98,88.17,87.98,456.0,4015950.0,87.742
600779.SH,2022-12-26,0.0,87.96,88.0,87.9,254.0,2234510.0,87.742
600779.SH,2022-12-26,0.0,87.9,87.98,87.9,258.0,2268340.0,87.743
600779.SH,2022-12-26,0.0,87.84,87.9,87.79,513.0,4506100.0,87.743
600779.SH,2022-12-26,0.0,87.96,87.98,87.84,335.0,2943710.0,87.744
600779.SH,2022-12-26,0.0,87.95,87.98,87.95,99.0,870862.0,87.744
600779.SH,2022-12-26,0.0,87.77,87.95,87.75,261.0,2292130.0,87.744
600779.SH,2022-12-26,0.0,87.57,87.76,87.56,613.0,5374260.0,87.744
600779.SH,2022-12-26,0.0,87.61,87.75,87.6,529.0,4636620.0,87.743
600779.SH,2022-12-26,0.0,87.61,87.65,87.6,389.0,3408340.0,87.743
600779.SH,2022-12-26,0.0,87.57,87.67,87.57,505.0,4424740.0,87.742
600779.SH,2022-12-26,0.0,87.6,87.61,87.57,289.0,2531590.0,87.742
600779.SH,2022-12-26,0.0,87.7,87.72,87.6,371.0,3252030.0,87.741
600779.SH,2022-12-26,0.0,87.66,87.7,87.65,220.0,1928880.0,87.741
600779.SH,2022-12-26,0.0,87.64,87.67,87.61,744.0,6521100.0,87.74
600779.SH,2022-12-26,0.0,87.61,87.67,87.61,178.0,1560030.0,87.74
600779.SH,2022-12-26,0.0,87.37,87.61,87.37,808.0,7071770.0,87.738
600779.SH,2022-12-26,0.0,87.53,87.61,87.35,402.0,3517680.0,87.737
600779.SH,2022-12-26,0.0,87.4,87.54,87.4,450.0,3935410.0,87.736
600779.SH,2022-12-26,0.0,87.42,87.47,87.4,437.0,3819780.0,87.735
600779.SH,2022-12-26,0.0,87.51,87.52,87.47,236.0,2065050.0,87.734
600779.SH,2022-12-26,0.0,87.45,87.51,87.45,223.0,1951270.0,87.733
600779.SH,2022-12-26,0.0,87.88,87.89,87.44,947.0,8297570.0,87.732
600779.SH,2022-12-26,0.0,87.63,87.88,87.63,233.0,2044350.0,87.732
600779.SH,2022-12-26,0.0,87.67,87.7,87.6,189.0,1656240.0,87.732
600779.SH,2022-12-26,0.0,87.6,87.67,87.6,206.0,1805440.0,87.732
600779.SH,2022-12-26,0.0,87.59,87.62,87.56,181.0,1585600.0,87.732
600779.SH,2022-12-26,0.0,87.5,87.6,87.5,213.0,1864390.0,87.731
600779.SH,2022-12-26,0.0,87.41,87.5,87.41,399.0,3489500.0,87.73
600779.SH,2022-12-26,0.0,87.5,87.6,87.4,264.0,2309170.0,87.729
600779.SH,2022-12-26,0.0,87.58,87.58,87.5,138.0,1208010.0,87.729
600779.SH,2022-12-26,0.0,87.47,87.58,87.47,269.0,2354170.0,87.729
600779.SH,2022-12-26,0.0,87.6,87.64,87.44,597.0,5228900.0,87.728
600779.SH,2022-12-26,0.0,87.7,87.78,87.6,159.0,1394260.0,87.728
600779.SH,2022-12-26,0.0,87.78,87.78,87.7,160.0,1403830.0,87.728
600779.SH,2022-12-26,0.0,87.71,87.79,87.71,141.0,1237460.0,87.728
600779.SH,2022-12-26,0.0,87.73,87.74,87.7,93.0,815765.0,87.728
600779.SH,2022-12-26,0.0,87.8,87.8,87.72,81.0,709723.0,87.728
600779.SH,2022-12-26,0.0,87.93,87.93,87.8,95.0,834753.0,87.728
600779.SH,2022-12-26,0.0,88.09,88.1,87.94,280.0,2463850.0,87.729
600779.SH,2022-12-26,0.0,88.19,88.2,88.11,301.0,2653880.0,87.73
600779.SH,2022-12-26,0.0,87.91,88.11,87.73,535.0,4705210.0,87.731
600779.SH,2022-12-26,0.0,87.92,87.93,87.7,373.0,3276130.0,87.732
600779.SH,2022-12-26,0.0,88.27,88.27,87.92,538.0,4736280.0,87.733
600779.SH,2022-12-26,0.0,87.92,88.3,87.92,356.0,3138400.0,87.735
600779.SH,2022-12-26,0.0,88.08,88.11,87.79,141.0,1240000.0,87.735
600779.SH,2022-12-26,0.0,88.0,88.09,87.96,124.0,1091610.0,87.735
600779.SH,2022-12-26,0.0,88.01,88.02,87.98,91.0,800830.0,87.735
600779.SH,2022-12-26,0.0,88.07,88.07,88.01,106.0,933217.0,87.736
600779.SH,2022-12-26,0.0,87.95,88.07,87.95,204.0,1795280.0,87.736
600779.SH,2022-12-26,0.0,87.97,88.04,87.97,211.0,1856860.0,87.737
600779.SH,2022-12-26,0.0,88.03,88.03,87.96,177.0,1557350.0,87.737
600779.SH,2022-12-26,0.0,88.04,88.04,88.01,100.0,880241.0,87.737
600779.SH,2022-12-26,0.0,88.06,88.06,88.03,125.0,1100520.0,87.738
600779.SH,2022-12-26,0.0,88.08,88.08,88.03,217.0,1910810.0,87.738
600779.SH,2022-12-26,0.0,88.09,88.12,88.07,173.0,1524150.0,87.739
600779.SH,2022-12-26,0.0,88.09,88.11,88.09,127.0,1118870.0,87.739
600779.SH,2022-12-26,0.0,88.06,88.11,88.05,238.0,2095980.0,87.74
600779.SH,2022-12-26,0.0,87.87,88.03,87.87,434.0,3818150.0,87.741
600779.SH,2022-12-26,0.0,87.86,87.89,87.8,145.0,1273710.0,87.741
600779.SH,2022-12-26,0.0,87.81,87.83,87.8,139.0,1220520.0,87.741
600779.SH,2022-12-26,0.0,87.64,87.8,87.64,251.0,2201980.0,87.741
600779.SH,2022-12-26,0.0,87.68,87.7,87.63,217.0,1902590.0,87.741
600779.SH,2022-12-26,0.0,87.65,87.68,87.6,267.0,2339610.0,87.741
600779.SH,2022-12-26,0.0,87.61,87.68,87.61,136.0,1191780.0,87.741
600779.SH,2022-12-26,0.0,87.63,87.63,87.61,173.0,1515860.0,87.741
600779.SH,2022-12-26,0.0,87.58,87.63,87.58,346.0,3031140.0,87.74
600779.SH,2022-12-26,0.0,87.46,87.57,87.46,348.0,3045340.0,87.739
600779.SH,2022-12-26,0.0,87.41,87.45,87.4,358.0,3131970.0,87.738
600779.SH,2022-12-26,0.0,87.44,87.46,87.41,219.0,1915190.0,87.738
600779.SH,2022-12-26,0.0,87.42,87.44,87.42,115.0,1005420.0,87.738
600779.SH,2022-12-26,0.0,87.5,87.51,87.42,469.0,4102120.0,87.736
600779.SH,2022-12-26,0.0,87.49,87.52,87.46,381.0,3333600.0,87.736
600779.SH,2022-12-26,0.0,87.48,87.5,87.46,186.0,1625880.0,87.735
600779.SH,2022-12-26,0.0,87.49,87.49,87.47,158.0,1382130.0,87.735
600779.SH,2022-12-26,0.0,87.5,87.5,87.48,197.0,1724140.0,87.734
600779.SH,2022-12-26,0.0,87.52,87.52,87.49,238.0,2082640.0,87.734
600779.SH,2022-12-26,0.0,87.53,87.53,87.51,339.0,2967140.0,87.733
600779.SH,2022-12-26,0.0,87.53,87.53,87.52,128.0,1120330.0,87.733
600779.SH,2022-12-26,0.0,87.55,87.55,87.53,96.0,840399.0,87.733
600779.SH,2022-12-26,0.0,87.66,87.66,87.56,166.0,1454060.0,87.733
600779.SH,2022-12-26,0.0,87.73,87.73,87.66,138.0,1210260.0,87.733
600779.SH,2022-12-26,0.0,87.69,87.73,87.62,372.0,3262000.0,87.732
600779.SH,2022-12-26,0.0,87.69,87.7,87.62,110.0,964457.0,87.732
600779.SH,2022-12-26,0.0,87.76,87.76,87.68,237.0,2079110.0,87.732
600779.SH,2022-12-26,0.0,87.69,87.76,87.69,124.0,1087520.0,87.732
600779.SH,2022-12-26,0.0,87.67,87.69,87.6,131.0,1148240.0,87.732
600779.SH,2022-12-26,0.0,87.6,87.6,87.58,110.0,963674.0,87.732
600779.SH,2022-12-26,0.0,87.58,87.59,87.58,112.0,979665.0,87.732
600779.SH,2022-12-26,0.0,87.56,87.59,87.56,129.0,1131080.0,87.732
600779.SH,2022-12-26,0.0,87.57,87.57,87.55,147.0,1287170.0,87.732
600779.SH,2022-12-26,0.0,87.56,87.58,87.55,157.0,1374700.0,87.731
600779.SH,2022-12-26,0.0,87.49,87.57,87.48,329.0,2879140.0,87.731
600779.SH,2022-12-26,0.0,87.48,87.49,87.47,148.0,1294710.0,87.73
600779.SH,2022-12-26,0.0,87.53,87.53,87.47,143.0,1251020.0,87.73
600779.SH,2022-12-26,0.0,87.58,87.58,87.5,116.0,1015400.0,87.73
600779.SH,2022-12-26,0.0,87.59,87.59,87.57,66.0,578045.0,87.73
600779.SH,2022-12-26,0.0,87.6,87.65,87.59,107.0,936042.0,87.73
600779.SH,2022-12-26,0.0,87.63,87.65,87.6,129.0,1130290.0,87.73
600779.SH,2022-12-26,0.0,87.59,87.6,87.58,145.0,1271420.0,87.729
600779.SH,2022-12-26,0.0,87.5,87.6,87.49,516.0,4515940.0,87.728
600779.SH,2022-12-26,0.0,87.4,87.5,87.4,487.0,4258140.0,87.727
600779.SH,2022-12-26,0.0,87.33,87.41,87.33,604.0,5275190.0,87.725
600779.SH,2022-12-26,0.0,87.29,87.35,87.29,564.0,4924560.0,87.723
600779.SH,2022-12-26,0.0,87.02,87.3,87.02,664.0,5789570.0,87.72
600779.SH,2022-12-26,0.0,87.2,87.2,87.02,415.0,3614420.0,87.718
600779.SH,2022-12-26,0.0,87.36,87.36,87.17,237.0,2067930.0,87.717
600779.SH,2022-12-26,0.0,87.28,87.33,87.27,373.0,3256580.0,87.716
600779.SH,2022-12-26,0.0,87.3,87.3,87.25,315.0,2748770.0,87.715
600779.SH,2022-12-26,0.0,87.27,87.33,87.27,394.0,3440140.0,87.713
600779.SH,2022-12-26,0.0,87.29,87.3,87.25,276.0,2408680.0,87.712
600779.SH,2022-12-26,0.0,87.25,87.29,87.25,296.0,2582950.0,87.711
600779.SH,2022-12-26,0.0,87.17,87.24,87.17,350.0,3049580.0,87.71
600779.SH,2022-12-26,0.0,87.01,87.18,87.01,877.0,7635940.0,87.705
600779.SH,2022-12-26,0.0,87.01,87.05,87.0,821.0,7143270.0,87.7
600779.SH,2022-12-26,0.0,87.13,87.17,87.02,239.0,2080820.0,87.699
600779.SH,2022-12-26,0.0,87.15,87.17,87.11,186.0,1620650.0,87.698
600779.SH,2022-12-26,0.0,87.26,87.26,87.19,252.0,2198130.0,87.697
600779.SH,2022-12-26,0.0,87.4,87.4,87.23,257.0,2243410.0,87.697
600779.SH,2022-12-26,0.0,87.46,87.47,87.4,288.0,2520900.0,87.696
600779.SH,2022-12-26,0.0,87.44,87.45,87.4,239.0,2089420.0,87.695
600779.SH,2022-12-26,0.0,87.4,87.45,87.4,242.0,2115360.0,87.695
600779.SH,2022-12-26,0.0,87.31,87.42,87.31,216.0,1886960.0,87.694
600779.SH,2022-12-26,0.0,87.31,87.35,87.31,236.0,2060640.0,87.694
600779.SH,2022-12-26,0.0,87.45,87.45,87.32,270.0,2359540.0,87.693
600779.SH,2022-12-26,0.0,87.58,87.59,87.46,432.0,3780190.0,87.692
600779.SH,2022-12-26,0.0,87.82,87.82,87.59,234.0,2051470.0,87.692
600779.SH,2022-12-26,0.0,87.7,87.84,87.65,495.0,4343580.0,87.692
600779.SH,2022-12-26,0.0,87.83,87.84,87.72,398.0,3494030.0,87.693
600779.SH,2022-12-26,0.0,87.75,87.85,87.75,781.0,6859190.0,87.694
600779.SH,2022-12-26,0.0,87.57,87.73,87.52,459.0,4020970.0,87.693
600779.SH,2022-12-26,0.0,87.6,87.61,87.56,376.0,3293350.0,87.693
600779.SH,2022-12-26,0.0,87.65,87.69,87.6,451.0,3952970.0,87.693
600779.SH,2022-12-26,0.0,87.58,87.65,87.58,812.0,7114260.0,87.692
600779.SH,2022-12-26,0.0,87.44,87.59,87.44,540.0,4727590.0,87.692
600779.SH,2022-12-26,0.0,87.55,87.58,87.41,725.0,6343300.0,87.691
600779.SH,2022-12-26,0.0,87.7,87.71,87.55,604.0,5292540.0,87.69
600779.SH,2022-12-26,0.0,87.97,88.0,87.74,1385.0,12174200.0,87.692
600779.SH,2022-12-26,0.0,88.14,88.14,87.89,1127.0,9916370.0,87.695
600779.SH,2022-12-26,0.0,88.3,88.3,88.3,62.0,546829.0,87.695
600779.SH,2022-12-26,0.0,88.3,88.3,88.3,0.0,0.0,87.695
600779.SH,2022-12-26,0.0,88.3,88.3,88.3,3644.0,32176500.0,87.711
600779.SH,2022-12-27,0.0,88.29,88.29,88.29,1044.0,9217480.0,88.29
600779.SH,2022-12-27,0.0,88.68,88.99,88.0,3029.0,26843400.0,88.537
600779.SH,2022-12-27,0.0,87.81,88.7,87.81,2369.0,20903200.0,88.426
600779.SH,2022-12-27,0.0,87.85,88.06,87.71,1555.0,13673900.0,88.331
600779.SH,2022-12-27,0.0,88.27,88.27,87.9,1888.0,16623400.0,88.277
600779.SH,2022-12-27,0.0,88.01,88.23,88.01,951.0,8379540.0,88.262
600779.SH,2022-12-27,0.0,87.58,87.9,87.51,1342.0,11776900.0,88.207
600779.SH,2022-12-27,0.0,87.23,87.55,87.23,1289.0,11268400.0,88.131
600779.SH,2022-12-27,0.0,87.31,87.31,87.03,1594.0,13892400.0,88.028
600779.SH,2022-12-27,0.0,87.64,87.67,87.18,614.0,5370940.0,88.006
600779.SH,2022-12-27,0.0,87.76,87.76,87.52,1243.0,10894400.0,87.98
600779.SH,2022-12-27,0.0,89.11,89.11,87.77,1555.0,13773000.0,88.03
600779.SH,2022-12-27,0.0,90.09,90.1,89.13,4074.0,36518700.0,88.322
600779.SH,2022-12-27,0.0,90.6,91.0,90.29,5415.0,49159900.0,88.799
600779.SH,2022-12-27,0.0,90.18,90.5,90.07,2992.0,27031200.0,88.949
600779.SH,2022-12-27,0.0,90.7,90.7,90.05,2947.0,26643800.0,89.076
600779.SH,2022-12-27,0.0,90.04,90.85,90.0,4198.0,37984600.0,89.231
600779.SH,2022-12-27,0.0,90.27,90.28,90.05,2291.0,20665400.0,89.286
600779.SH,2022-12-27,0.0,89.79,90.35,89.79,1441.0,12976300.0,89.312
600779.SH,2022-12-27,0.0,89.93,89.95,89.67,1412.0,12683500.0,89.329
600779.SH,2022-12-27,0.0,90.44,90.44,89.95,1025.0,9236950.0,89.347
600779.SH,2022-12-27,0.0,90.0,90.44,89.99,1757.0,15851300.0,89.38
600779.SH,2022-12-27,0.0,89.89,90.05,89.76,1138.0,10232000.0,89.393
600779.SH,2022-12-27,0.0,89.8,89.9,89.78,1055.0,9479560.0,89.403
600779.SH,2022-12-27,0.0,89.3,89.79,89.3,1029.0,9220880.0,89.408
600779.SH,2022-12-27,0.0,89.24,89.25,89.01,1071.0,9543760.0,89.401
600779.SH,2022-12-27,0.0,89.46,89.47,89.08,586.0,5233720.0,89.4
600779.SH,2022-12-27,0.0,89.39,89.52,89.39,1056.0,9445600.0,89.401
600779.SH,2022-12-27,0.0,89.5,89.5,89.35,560.0,5006260.0,89.401
600779.SH,2022-12-27,0.0,89.7,89.74,89.42,838.0,7506330.0,89.404
600779.SH,2022-12-27,0.0,90.01,90.01,89.8,889.0,7998240.0,89.413
600779.SH,2022-12-27,0.0,89.59,90.15,89.55,1107.0,9949740.0,89.423
600779.SH,2022-12-27,0.0,89.82,89.82,89.58,297.0,2663330.0,89.424
600779.SH,2022-12-27,0.0,89.48,89.72,89.11,1025.0,9169450.0,89.424
600779.SH,2022-12-27,0.0,89.42,89.63,89.3,1231.0,11004200.0,89.424
600779.SH,2022-12-27,0.0,89.48,89.49,89.41,565.0,5054120.0,89.424
600779.SH,2022-12-27,0.0,89.01,89.5,89.01,1560.0,13928800.0,89.421
600779.SH,2022-12-27,0.0,88.88,89.06,88.88,866.0,7705910.0,89.414
600779.SH,2022-12-27,0.0,89.08,89.08,88.92,559.0,4973990.0,89.41
600779.SH,2022-12-27,0.0,89.16,89.25,89.1,454.0,4048100.0,89.409
600779.SH,2022-12-27,0.0,88.95,89.09,88.94,570.0,5073540.0,89.405
600779.SH,2022-12-27,0.0,88.6,88.94,88.6,603.0,5355170.0,89.399
600779.SH,2022-12-27,0.0,88.52,88.62,88.52,883.0,7822410.0,89.388
600779.SH,2022-12-27,0.0,88.59,88.61,88.52,530.0,4692860.0,89.381
600779.SH,2022-12-27,0.0,88.98,88.98,88.61,238.0,2113860.0,89.379
600779.SH,2022-12-27,0.0,88.75,88.89,88.75,363.0,3224770.0,89.376
600779.SH,2022-12-27,0.0,88.7,88.74,88.66,354.0,3139790.0,89.372
600779.SH,2022-12-27,0.0,89.0,89.0,88.74,269.0,2390540.0,89.37
600779.SH,2022-12-27,0.0,88.9,89.0,88.87,341.0,3033750.0,89.368
600779.SH,2022-12-27,0.0,89.06,89.06,88.9,271.0,2411760.0,89.367
600779.SH,2022-12-27,0.0,89.36,89.36,89.08,175.0,1561190.0,89.366
600779.SH,2022-12-27,0.0,89.55,89.55,89.37,669.0,5986410.0,89.367
600779.SH,2022-12-27,0.0,89.68,89.68,89.55,314.0,2813660.0,89.368
600779.SH,2022-12-27,0.0,89.52,89.67,89.52,595.0,5332500.0,89.371
600779.SH,2022-12-27,0.0,89.44,89.52,89.36,399.0,3568780.0,89.371
600779.SH,2022-12-27,0.0,89.54,89.54,89.4,182.0,1628600.0,89.371
600779.SH,2022-12-27,0.0,89.52,89.55,89.51,277.0,2480190.0,89.372
600779.SH,2022-12-27,0.0,89.38,89.52,89.38,243.0,2173600.0,89.372
600779.SH,2022-12-27,0.0,89.32,89.39,89.3,258.0,2305230.0,89.372
600779.SH,2022-12-27,0.0,89.4,89.4,89.31,225.0,2010570.0,89.372
600779.SH,2022-12-27,0.0,89.55,89.55,89.4,300.0,2684460.0,89.373
600779.SH,2022-12-27,0.0,89.56,89.64,89.5,351.0,3143960.0,89.374
600779.SH,2022-12-27,0.0,89.58,89.62,89.57,419.0,3754420.0,89.375
600779.SH,2022-12-27,0.0,89.56,89.59,89.52,480.0,4298980.0,89.376
600779.SH,2022-12-27,0.0,89.4,89.57,89.37,412.0,3685760.0,89.377
600779.SH,2022-12-27,0.0,89.36,89.4,89.35,313.0,2797510.0,89.377
600779.SH,2022-12-27,0.0,89.3,89.37,89.3,395.0,3528380.0,89.377
600779.SH,2022-12-27,0.0,88.95,89.28,88.95,390.0,3473530.0,89.375
600779.SH,2022-12-27,0.0,89.0,89.01,88.94,322.0,2864720.0,89.373
600779.SH,2022-12-27,0.0,88.96,89.01,88.95,163.0,1450140.0,89.372
600779.SH,2022-12-27,0.0,89.06,89.06,88.96,212.0,1886690.0,89.371
600779.SH,2022-12-27,0.0,89.13,89.17,89.06,158.0,1408520.0,89.371
600779.SH,2022-12-27,0.0,89.31,89.33,89.14,265.0,2361950.0,89.37
600779.SH,2022-12-27,0.0,89.3,89.4,89.3,332.0,2967350.0,89.37
600779.SH,2022-12-27,0.0,89.24,89.36,89.24,240.0,2142800.0,89.37
600779.SH,2022-12-27,0.0,89.26,89.31,89.24,227.0,2026470.0,89.37
600779.SH,2022-12-27,0.0,89.27,89.28,89.25,262.0,2338510.0,89.369
600779.SH,2022-12-27,0.0,89.35,89.35,89.26,152.0,1357140.0,89.369
600779.SH,2022-12-27,0.0,89.63,89.63,89.35,242.0,2165610.0,89.369
600779.SH,2022-12-27,0.0,89.72,89.74,89.62,364.0,3263660.0,89.371
600779.SH,2022-12-27,0.0,89.53,89.74,89.53,334.0,2994630.0,89.372
600779.SH,2022-12-27,0.0,89.48,89.59,89.47,289.0,2587660.0,89.373
600779.SH,2022-12-27,0.0,89.46,89.49,89.39,212.0,1896880.0,89.373
600779.SH,2022-12-27,0.0,89.85,89.85,89.49,376.0,3369940.0,89.374
600779.SH,2022-12-27,0.0,89.87,89.98,89.87,924.0,8310120.0,89.381
600779.SH,2022-12-27,0.0,89.88,89.92,89.82,389.0,3496860.0,89.383
600779.SH,2022-12-27,0.0,89.61,89.88,89.6,269.0,2412640.0,89.384
600779.SH,2022-12-27,0.0,89.55,89.61,89.51,210.0,1880780.0,89.385
600779.SH,2022-12-27,0.0,89.66,89.66,89.56,209.0,1872720.0,89.386
600779.SH,2022-12-27,0.0,89.61,89.72,89.61,531.0,4762230.0,89.388
600779.SH,2022-12-27,0.0,89.66,89.68,89.6,249.0,2232010.0,89.388
600779.SH,2022-12-27,0.0,89.56,89.68,89.56,611.0,5474540.0,89.39
600779.SH,2022-12-27,0.0,89.5,89.55,89.5,375.0,3356490.0,89.39
600779.SH,2022-12-27,0.0,89.19,89.5,89.19,354.0,3166350.0,89.39
600779.SH,2022-12-27,0.0,89.21,89.24,89.17,238.0,2122780.0,89.39
600779.SH,2022-12-27,0.0,89.28,89.28,89.2,150.0,1335990.0,89.39
600779.SH,2022-12-27,0.0,89.4,89.4,89.29,98.0,875306.0,89.389
600779.SH,2022-12-27,0.0,89.49,89.49,89.39,147.0,1314650.0,89.389
600779.SH,2022-12-27,0.0,89.38,89.49,89.38,130.0,1162400.0,89.39
600779.SH,2022-12-27,0.0,89.3,89.39,89.3,115.0,1027220.0,89.389
600779.SH,2022-12-27,0.0,89.29,89.31,89.28,193.0,1723250.0,89.389
600779.SH,2022-12-27,0.0,89.32,89.32,89.29,77.0,687597.0,89.389
600779.SH,2022-12-27,0.0,89.37,89.37,89.31,167.0,1491850.0,89.389
600779.SH,2022-12-27,0.0,89.28,89.37,89.28,161.0,1437970.0,89.389
600779.SH,2022-12-27,0.0,89.21,89.28,89.21,191.0,1707550.0,89.389
600779.SH,2022-12-27,0.0,89.2,89.24,89.19,197.0,1757310.0,89.388
600779.SH,2022-12-27,0.0,89.24,89.24,89.18,92.0,817862.0,89.388
600779.SH,2022-12-27,0.0,89.28,89.29,89.23,117.0,1044250.0,89.388
600779.SH,2022-12-27,0.0,89.32,89.32,89.28,106.0,946571.0,89.388
600779.SH,2022-12-27,0.0,89.5,89.55,89.32,155.0,1386740.0,89.388
600779.SH,2022-12-27,0.0,89.85,89.85,89.5,248.0,2224930.0,89.389
600779.SH,2022-12-27,0.0,89.72,89.86,89.56,515.0,4621500.0,89.391
600779.SH,2022-12-27,0.0,89.71,89.72,89.62,465.0,4170820.0,89.393
600779.SH,2022-12-27,0.0,89.72,89.76,89.69,275.0,2466960.0,89.394
600779.SH,2022-12-27,0.0,89.94,89.94,89.73,673.0,6046930.0,89.397
600779.SH,2022-12-27,0.0,90.4,90.4,89.94,1295.0,11661300.0,89.407
600779.SH,2022-12-27,0.0,90.4,90.41,90.23,673.0,6082210.0,89.414
600779.SH,2022-12-27,0.0,90.27,90.41,90.24,549.0,4961460.0,89.42
600779.SH,2022-12-27,0.0,90.1,90.3,90.08,274.0,2471700.0,89.423
600779.SH,2022-12-27,0.0,90.2,90.21,90.08,302.0,2723180.0,89.425
600779.SH,2022-12-27,0.0,90.2,90.2,90.18,356.0,3210900.0,89.428
600779.SH,2022-12-27,0.0,90.42,90.42,90.2,857.0,7738610.0,89.437
600779.SH,2022-12-27,0.0,90.36,90.45,90.36,383.0,3462540.0,89.441
600779.SH,2022-12-27,0.0,90.21,90.34,90.2,368.0,3321740.0,89.444
600779.SH,2022-12-27,0.0,90.1,90.22,90.1,380.0,3427440.0,89.447
600779.SH,2022-12-27,0.0,90.06,90.15,90.06,299.0,2694150.0,89.449
600779.SH,2022-12-27,0.0,89.96,90.06,89.96,326.0,2934290.0,89.451
600779.SH,2022-12-27,0.0,89.97,89.98,89.95,224.0,2015130.0,89.453
600779.SH,2022-12-27,0.0,90.01,90.01,89.95,242.0,2177350.0,89.454
600779.SH,2022-12-27,0.0,89.98,90.0,89.98,150.0,1349830.0,89.455
600779.SH,2022-12-27,0.0,89.98,89.99,89.97,146.0,1313760.0,89.456
600779.SH,2022-12-27,0.0,89.96,89.99,89.96,180.0,1619570.0,89.457
600779.SH,2022-12-27,0.0,89.9,89.97,89.89,138.0,1241170.0,89.457
600779.SH,2022-12-27,0.0,89.72,89.89,89.72,251.0,2253890.0,89.458
600779.SH,2022-12-27,0.0,89.63,89.72,89.63,159.0,1425810.0,89.459
600779.SH,2022-12-27,0.0,89.68,89.68,89.51,496.0,4439210.0,89.459
600779.SH,2022-12-27,0.0,89.64,89.73,89.64,257.0,2300340.0,89.46
600779.SH,2022-12-27,0.0,89.63,89.67,89.6,394.0,3532090.0,89.461
600779.SH,2022-12-27,0.0,89.6,89.63,89.57,174.0,1559320.0,89.461
600779.SH,2022-12-27,0.0,89.51,89.57,89.51,150.0,1343160.0,89.461
600779.SH,2022-12-27,0.0,89.52,89.53,89.51,225.0,2014170.0,89.461
600779.SH,2022-12-27,0.0,89.53,89.53,89.5,216.0,1933480.0,89.462
600779.SH,2022-12-27,0.0,89.61,89.61,89.53,225.0,2014600.0,89.462
600779.SH,2022-12-27,0.0,89.7,89.73,89.56,160.0,1434380.0,89.462
600779.SH,2022-12-27,0.0,89.57,89.7,89.57,253.0,2267820.0,89.462
600779.SH,2022-12-27,0.0,89.59,89.62,89.57,147.0,1316870.0,89.463
600779.SH,2022-12-27,0.0,89.59,89.61,89.53,252.0,2257330.0,89.463
600779.SH,2022-12-27,0.0,89.54,89.59,89.54,154.0,1379160.0,89.463
600779.SH,2022-12-27,0.0,89.72,89.74,89.55,205.0,1838370.0,89.464
600779.SH,2022-12-27,0.0,89.63,89.71,89.61,143.0,1282350.0,89.464
600779.SH,2022-12-27,0.0,89.71,89.72,89.6,147.0,1317950.0,89.464
600779.SH,2022-12-27,0.0,89.68,89.72,89.68,124.0,1112330.0,89.464
600779.SH,2022-12-27,0.0,89.65,89.69,89.65,91.0,815914.0,89.465
600779.SH,2022-12-27,0.0,89.62,89.65,89.57,299.0,2679280.0,89.465
600779.SH,2022-12-27,0.0,89.59,89.62,89.57,62.0,555504.0,89.465
600779.SH,2022-12-27,0.0,89.61,89.61,89.59,192.0,1720340.0,89.465
600779.SH,2022-12-27,0.0,89.61,89.61,89.6,190.0,1702430.0,89.466
600779.SH,2022-12-27,0.0,89.57,89.6,89.57,234.0,2096360.0,89.466
600779.SH,2022-12-27,0.0,89.52,89.58,89.52,105.0,940187.0,89.466
600779.SH,2022-12-27,0.0,89.5,89.53,89.5,251.0,2246800.0,89.466
600779.SH,2022-12-27,0.0,89.38,89.51,89.38,407.0,3641490.0,89.466
600779.SH,2022-12-27,0.0,89.01,89.35,89.0,918.0,8178300.0,89.463
600779.SH,2022-12-27,0.0,89.2,89.25,89.01,121.0,1075240.0,89.462
600779.SH,2022-12-27,0.0,89.07,89.18,89.07,184.0,1639800.0,89.462
600779.SH,2022-12-27,0.0,88.99,89.06,88.99,730.0,6498680.0,89.458
600779.SH,2022-12-27,0.0,88.93,89.0,88.92,508.0,4519950.0,89.456
600779.SH,2022-12-27,0.0,89.24,89.24,88.92,203.0,1807620.0,89.455
600779.SH,2022-12-27,0.0,89.28,89.34,89.24,407.0,3633780.0,89.455
600779.SH,2022-12-27,0.0,89.19,89.26,89.1,252.0,2248220.0,89.454
600779.SH,2022-12-27,0.0,89.09,89.19,89.09,162.0,1443750.0,89.453
600779.SH,2022-12-27,0.0,89.02,89.14,89.02,296.0,2636820.0,89.452
600779.SH,2022-12-27,0.0,89.04,89.05,89.0,473.0,4210240.0,89.45
600779.SH,2022-12-27,0.0,89.08,89.08,89.04,358.0,3187890.0,89.449
600779.SH,2022-12-27,0.0,89.1,89.1,89.07,176.0,1567860.0,89.448
600779.SH,2022-12-27,0.0,89.1,89.12,89.08,171.0,1523510.0,89.448
600779.SH,2022-12-27,0.0,89.06,89.09,89.05,225.0,2004050.0,89.447
600779.SH,2022-12-27,0.0,89.07,89.08,89.05,167.0,1487330.0,89.446
600779.SH,2022-12-27,0.0,89.08,89.08,89.04,144.0,1282320.0,89.446
600779.SH,2022-12-27,0.0,89.0,89.04,88.99,323.0,2875240.0,89.444
600779.SH,2022-12-27,0.0,88.92,88.99,88.92,198.0,1761450.0,89.443
600779.SH,2022-12-27,0.0,88.88,88.92,88.76,757.0,6726860.0,89.439
600779.SH,2022-12-27,0.0,88.77,88.8,88.76,198.0,1757840.0,89.438
600779.SH,2022-12-27,0.0,89.06,89.06,88.76,225.0,2000570.0,89.437
600779.SH,2022-12-27,0.0,89.2,89.2,89.0,783.0,6972720.0,89.434
600779.SH,2022-12-27,0.0,89.01,89.2,89.01,336.0,2995170.0,89.433
600779.SH,2022-12-27,0.0,89.03,89.03,89.01,142.0,1264050.0,89.433
600779.SH,2022-12-27,0.0,88.9,89.03,88.9,223.0,1984120.0,89.432
600779.SH,2022-12-27,0.0,88.89,88.93,88.87,203.0,1804710.0,89.431
600779.SH,2022-12-27,0.0,88.91,88.91,88.87,170.0,1510940.0,89.43
600779.SH,2022-12-27,0.0,88.91,88.91,88.87,314.0,2791400.0,89.428
600779.SH,2022-12-27,0.0,88.91,88.91,88.88,175.0,1555740.0,89.427
600779.SH,2022-12-27,0.0,88.88,88.94,88.88,197.0,1751210.0,89.426
600779.SH,2022-12-27,0.0,88.82,88.88,88.82,219.0,1946100.0,89.425
600779.SH,2022-12-27,0.0,88.79,88.82,88.79,379.0,3366220.0,89.423
600779.SH,2022-12-27,0.0,88.77,88.79,88.71,389.0,3453170.0,89.421
600779.SH,2022-12-27,0.0,88.78,88.78,88.68,681.0,6042540.0,89.417
600779.SH,2022-12-27,0.0,88.61,88.78,88.61,291.0,2580740.0,89.415
600779.SH,2022-12-27,0.0,88.64,88.65,88.62,415.0,3677960.0,89.412
600779.SH,2022-12-27,0.0,88.8,88.8,88.63,245.0,2173490.0,89.41
600779.SH,2022-12-27,0.0,88.82,88.84,88.75,213.0,1891020.0,89.409
600779.SH,2022-12-27,0.0,88.94,88.99,88.81,216.0,1920460.0,89.408
600779.SH,2022-12-27,0.0,88.87,88.94,88.87,274.0,2435710.0,89.407
600779.SH,2022-12-27,0.0,88.89,88.89,88.84,109.0,968742.0,89.406
600779.SH,2022-12-27,0.0,88.88,88.88,88.86,118.0,1047440.0,89.406
600779.SH,2022-12-27,0.0,88.88,88.88,88.77,659.0,5852440.0,89.402
600779.SH,2022-12-27,0.0,88.94,89.0,88.88,229.0,2035890.0,89.401
600779.SH,2022-12-27,0.0,89.15,89.15,88.94,282.0,2511050.0,89.4
600779.SH,2022-12-27,0.0,89.28,89.28,89.12,469.0,4184390.0,89.4
600779.SH,2022-12-27,0.0,89.42,89.42,89.28,368.0,3287190.0,89.399
600779.SH,2022-12-27,0.0,89.2,89.35,89.18,409.0,3650960.0,89.399
600779.SH,2022-12-27,0.0,89.09,89.21,89.09,267.0,2380650.0,89.398
600779.SH,2022-12-27,0.0,89.17,89.18,89.09,239.0,2131010.0,89.398
600779.SH,2022-12-27,0.0,89.15,89.2,89.15,276.0,2461060.0,89.397
600779.SH,2022-12-27,0.0,89.1,89.12,89.06,271.0,2414550.0,89.397
600779.SH,2022-12-27,0.0,89.12,89.12,89.1,179.0,1595100.0,89.396
600779.SH,2022-12-27,0.0,89.1,89.12,89.08,344.0,3065330.0,89.395
600779.SH,2022-12-27,0.0,89.1,89.13,89.1,291.0,2593090.0,89.395
600779.SH,2022-12-27,0.0,89.06,89.1,89.06,212.0,1888440.0,89.394
600779.SH,2022-12-27,0.0,89.0,89.06,89.0,359.0,3196140.0,89.393
600779.SH,2022-12-27,0.0,88.99,89.0,88.98,240.0,2135840.0,89.392
600779.SH,2022-12-27,0.0,88.97,89.0,88.95,315.0,2802440.0,89.391
600779.SH,2022-12-27,0.0,89.11,89.11,88.99,351.0,3126390.0,89.39
600779.SH,2022-12-27,0.0,89.19,89.2,89.1,519.0,4626650.0,89.389
600779.SH,2022-12-27,0.0,89.42,89.42,89.2,384.0,3428670.0,89.389
600779.SH,2022-12-27,0.0,89.39,89.43,89.36,467.0,4175470.0,89.389
600779.SH,2022-12-27,0.0,89.35,89.39,89.28,278.0,2484230.0,89.389
600779.SH,2022-12-27,0.0,89.23,89.33,89.22,328.0,2928870.0,89.388
600779.SH,2022-12-27,0.0,89.27,89.27,89.24,600.0,5355550.0,89.388
600779.SH,2022-12-27,0.0,89.34,89.34,89.29,347.0,3099090.0,89.387
600779.SH,2022-12-27,0.0,89.37,89.37,89.34,435.0,3887180.0,89.387
600779.SH,2022-12-27,0.0,89.32,89.37,89.32,518.0,4628610.0,89.387
600779.SH,2022-12-27,0.0,89.32,89.35,89.32,555.0,4958320.0,89.387
600779.SH,2022-12-27,0.0,89.26,89.32,89.26,473.0,4223360.0,89.387
600779.SH,2022-12-27,0.0,89.25,89.25,89.23,539.0,4809790.0,89.386
600779.SH,2022-12-27,0.0,89.31,89.31,89.26,547.0,4887310.0,89.385
600779.SH,2022-12-27,0.0,89.49,89.5,89.31,898.0,8029880.0,89.386
600779.SH,2022-12-27,0.0,89.52,89.58,89.49,1390.0,12444200.0,89.387
600779.SH,2022-12-27,0.0,89.7,89.7,89.52,1394.0,12484900.0,89.389
600779.SH,2022-12-27,0.0,89.68,89.68,89.68,3.0,26904.0,89.389
600779.SH,2022-12-27,0.0,89.68,89.68,89.68,0.0,0.0,89.389
600779.SH,2022-12-27,0.0,89.69,89.69,89.69,1978.0,17744700.0,89.394
600779.SH,2022-12-28,0.0,88.05,88.05,88.05,1251.0,11015100.0,88.05
600779.SH,2022-12-28,0.0,86.25,88.33,86.25,5260.0,46015200.0,87.591
600779.SH,2022-12-28,0.0,87.3,88.0,86.21,2599.0,22682000.0,87.5
600779.SH,2022-12-28,0.0,87.07,87.49,87.02,1414.0,12339800.0,87.469
600779.SH,2022-12-28,0.0,86.8,87.03,86.52,2712.0,23529800.0,87.325
600779.SH,2022-12-28,0.0,87.07,87.24,86.84,1225.0,10662800.0,87.299
600779.SH,2022-12-28,0.0,86.87,86.98,86.83,1707.0,14835200.0,87.257
600779.SH,2022-12-28,0.0,86.79,86.95,86.63,1700.0,14747700.0,87.209
600779.SH,2022-12-28,0.0,86.8,86.81,86.7,1130.0,9802310.0,87.182
600779.SH,2022-12-28,0.0,87.15,87.15,86.84,1028.0,8935320.0,87.167
600779.SH,2022-12-28,0.0,86.6,87.1,86.6,2812.0,24411500.0,87.124
600779.SH,2022-12-28,0.0,86.35,86.6,86.35,3474.0,30041600.0,87.038
600779.SH,2022-12-28,0.0,86.4,86.4,86.31,2748.0,23725600.0,86.97
600779.SH,2022-12-28,0.0,86.22,86.4,86.22,1792.0,15457200.0,86.93
600779.SH,2022-12-28,0.0,86.08,86.23,86.06,2931.0,25249200.0,86.862
600779.SH,2022-12-28,0.0,85.78,86.07,85.68,4528.0,38895100.0,86.748
600779.SH,2022-12-28,0.0,86.44,86.44,85.66,2372.0,20387000.0,86.702
600779.SH,2022-12-28,0.0,86.23,86.47,86.23,1451.0,12529700.0,86.69
600779.SH,2022-12-28,0.0,86.8,86.8,86.19,1107.0,9555440.0,86.681
600779.SH,2022-12-28,0.0,86.99,87.12,86.81,865.0,7523560.0,86.687
600779.SH,2022-12-28,0.0,86.62,87.0,86.62,450.0,3908300.0,86.688
600779.SH,2022-12-28,0.0,87.09,87.1,86.61,800.0,6950520.0,86.691
600779.SH,2022-12-28,0.0,86.99,87.1,86.95,539.0,4691720.0,86.695
600779.SH,2022-12-28,0.0,86.83,86.95,86.83,448.0,3893760.0,86.697
600779.SH,2022-12-28,0.0,86.9,86.9,86.75,823.0,7146810.0,86.7
600779.SH,2022-12-28,0.0,87.09,87.09,86.91,553.0,4811220.0,86.703
600779.SH,2022-12-28,0.0,87.1,87.11,87.0,941.0,8191220.0,86.71
600779.SH,2022-12-28,0.0,87.25,87.26,87.08,943.0,8217920.0,86.718
600779.SH,2022-12-28,0.0,87.32,87.35,87.2,1336.0,11654700.0,86.732
600779.SH,2022-12-28,0.0,87.5,87.5,87.35,558.0,4877800.0,86.739
600779.SH,2022-12-28,0.0,87.42,87.52,87.41,902.0,7890800.0,86.752
600779.SH,2022-12-28,0.0,86.88,87.42,86.84,606.0,5278410.0,86.756
600779.SH,2022-12-28,0.0,86.95,86.95,86.83,626.0,5439150.0,86.758
600779.SH,2022-12-28,0.0,86.79,86.95,86.77,700.0,6078640.0,86.759
600779.SH,2022-12-28,0.0,86.64,86.77,86.63,664.0,5757060.0,86.758
600779.SH,2022-12-28,0.0,86.99,86.99,86.65,669.0,5806930.0,86.758
600779.SH,2022-12-28,0.0,86.9,87.0,86.87,468.0,4068710.0,86.76
600779.SH,2022-12-28,0.0,86.84,86.9,86.84,353.0,3066720.0,86.761
600779.SH,2022-12-28,0.0,86.86,86.89,86.83,269.0,2336680.0,86.761
600779.SH,2022-12-28,0.0,87.0,87.0,86.86,232.0,2016310.0,86.762
600779.SH,2022-12-28,0.0,87.2,87.2,86.98,186.0,1619220.0,86.763
600779.SH,2022-12-28,0.0,87.12,87.39,87.12,489.0,4267330.0,86.767
600779.SH,2022-12-28,0.0,87.15,87.34,87.02,203.0,1770950.0,86.769
600779.SH,2022-12-28,0.0,87.01,87.16,87.01,239.0,2081240.0,86.77
600779.SH,2022-12-28,0.0,86.97,87.04,86.97,369.0,3210200.0,86.771
600779.SH,2022-12-28,0.0,86.84,86.96,86.84,354.0,3075900.0,86.772
600779.SH,2022-12-28,0.0,86.81,86.86,86.8,329.0,2856560.0,86.772
600779.SH,2022-12-28,0.0,86.81,86.83,86.74,327.0,2838430.0,86.773
600779.SH,2022-12-28,0.0,86.48,86.81,86.48,810.0,7020030.0,86.771
600779.SH,2022-12-28,0.0,86.4,86.49,86.33,638.0,5512320.0,86.767
600779.SH,2022-12-28,0.0,86.58,86.58,86.4,569.0,4919650.0,86.764
600779.SH,2022-12-28,0.0,86.74,86.8,86.58,118.0,1023210.0,86.764
600779.SH,2022-12-28,0.0,86.86,86.86,86.7,224.0,1944630.0,86.764
600779.SH,2022-12-28,0.0,86.8,86.9,86.8,368.0,3196430.0,86.765
600779.SH,2022-12-28,0.0,86.73,86.8,86.73,207.0,1795980.0,86.765
600779.SH,2022-12-28,0.0,86.93,86.93,86.73,459.0,3982270.0,86.765
600779.SH,2022-12-28,0.0,86.79,86.93,86.78,245.0,2127410.0,86.765
600779.SH,2022-12-28,0.0,86.81,86.86,86.77,129.0,1119770.0,86.765
600779.SH,2022-12-28,0.0,86.7,86.86,86.69,670.0,5810480.0,86.765
600779.SH,2022-12-28,0.0,86.75,86.76,86.7,147.0,1274720.0,86.765
600779.SH,2022-12-28,0.0,86.91,86.96,86.75,356.0,3091670.0,86.765
600779.SH,2022-12-28,0.0,86.96,87.0,86.8,314.0,2730040.0,86.766
600779.SH,2022-12-28,0.0,86.8,86.96,86.8,195.0,1693270.0,86.766
600779.SH,2022-12-28,0.0,86.77,86.82,86.77,220.0,1909200.0,86.766
600779.SH,2022-12-28,0.0,86.6,86.77,86.6,242.0,2097860.0,86.766
600779.SH,2022-12-28,0.0,86.5,86.58,86.38,701.0,6059420.0,86.763
600779.SH,2022-12-28,0.0,86.45,86.5,86.41,360.0,3111770.0,86.761
600779.SH,2022-12-28,0.0,86.65,86.66,86.45,166.0,1436480.0,86.76
600779.SH,2022-12-28,0.0,86.41,86.65,86.41,359.0,3105440.0,86.759
600779.SH,2022-12-28,0.0,86.31,86.41,86.31,533.0,4603250.0,86.756
600779.SH,2022-12-28,0.0,86.22,86.31,86.21,668.0,5763370.0,86.751
600779.SH,2022-12-28,0.0,86.18,86.23,86.18,633.0,5456750.0,86.746
600779.SH,2022-12-28,0.0,85.95,86.16,85.95,2301.0,19800600.0,86.724
600779.SH,2022-12-28,0.0,85.94,85.95,85.81,1677.0,14398700.0,86.704
600779.SH,2022-12-28,0.0,86.15,86.15,85.94,612.0,5263600.0,86.698
600779.SH,2022-12-28,0.0,86.13,86.19,86.13,463.0,3988630.0,86.694
600779.SH,2022-12-28,0.0,86.12,86.14,86.1,438.0,3771710.0,86.691
600779.SH,2022-12-28,0.0,86.17,86.17,86.11,370.0,3186680.0,86.688
600779.SH,2022-12-28,0.0,86.28,86.31,86.17,778.0,6712000.0,86.684
600779.SH,2022-12-28,0.0,86.33,86.35,86.3,399.0,3443520.0,86.682
600779.SH,2022-12-28,0.0,86.44,86.46,86.3,196.0,1692340.0,86.681
600779.SH,2022-12-28,0.0,86.25,86.37,86.2,524.0,4521960.0,86.678
600779.SH,2022-12-28,0.0,86.17,86.25,86.1,298.0,2566940.0,86.676
600779.SH,2022-12-28,0.0,86.36,86.36,86.1,323.0,2783310.0,86.674
600779.SH,2022-12-28,0.0,86.26,86.42,86.24,148.0,1277490.0,86.673
600779.SH,2022-12-28,0.0,86.33,86.34,86.26,196.0,1691710.0,86.672
600779.SH,2022-12-28,0.0,86.22,86.33,86.22,155.0,1337210.0,86.672
600779.SH,2022-12-28,0.0,86.22,86.26,86.2,408.0,3517940.0,86.669
600779.SH,2022-12-28,0.0,86.22,86.26,86.2,360.0,3104080.0,86.667
600779.SH,2022-12-28,0.0,86.12,86.21,86.12,286.0,2465100.0,86.666
600779.SH,2022-12-28,0.0,86.04,86.12,86.04,374.0,3219990.0,86.663
600779.SH,2022-12-28,0.0,86.0,86.04,86.0,619.0,5323610.0,86.658
600779.SH,2022-12-28,0.0,86.05,86.05,85.98,481.0,4137010.0,86.654
600779.SH,2022-12-28,0.0,86.11,86.11,86.05,383.0,3296510.0,86.651
600779.SH,2022-12-28,0.0,86.25,86.26,86.11,144.0,1238310.0,86.65
600779.SH,2022-12-28,0.0,86.23,86.25,86.22,151.0,1302220.0,86.649
600779.SH,2022-12-28,0.0,86.2,86.24,86.2,110.0,948442.0,86.649
600779.SH,2022-12-28,0.0,86.32,86.32,86.2,202.0,1741880.0,86.648
600779.SH,2022-12-28,0.0,86.32,86.34,86.3,105.0,906310.0,86.647
600779.SH,2022-12-28,0.0,86.41,86.42,86.33,81.0,699503.0,86.647
600779.SH,2022-12-28,0.0,86.78,86.78,86.42,436.0,3775890.0,86.647
600779.SH,2022-12-28,0.0,86.8,86.9,86.72,309.0,2682680.0,86.648
600779.SH,2022-12-28,0.0,86.6,86.72,86.5,213.0,1845630.0,86.648
600779.SH,2022-12-28,0.0,86.57,86.6,86.5,62.0,536628.0,86.647
600779.SH,2022-12-28,0.0,86.54,86.55,86.53,101.0,874111.0,86.647
600779.SH,2022-12-28,0.0,86.55,86.57,86.53,134.0,1159670.0,86.647
600779.SH,2022-12-28,0.0,86.47,86.57,86.47,192.0,1661140.0,86.647
600779.SH,2022-12-28,0.0,86.31,86.45,86.31,192.0,1659130.0,86.646
600779.SH,2022-12-28,0.0,86.37,86.43,86.33,184.0,1589460.0,86.646
600779.SH,2022-12-28,0.0,86.43,86.47,86.35,323.0,2792470.0,86.645
600779.SH,2022-12-28,0.0,86.6,86.68,86.43,170.0,1471380.0,86.645
600779.SH,2022-12-28,0.0,86.65,86.7,86.6,154.0,1334450.0,86.645
600779.SH,2022-12-28,0.0,86.58,86.6,86.41,170.0,1471210.0,86.645
600779.SH,2022-12-28,0.0,86.65,86.65,86.54,108.0,935234.0,86.645
600779.SH,2022-12-28,0.0,86.79,86.79,86.65,198.0,1717310.0,86.645
600779.SH,2022-12-28,0.0,86.95,87.03,86.79,866.0,7530720.0,86.648
600779.SH,2022-12-28,0.0,86.9,87.01,86.89,183.0,1591290.0,86.649
600779.SH,2022-12-28,0.0,86.88,86.98,86.85,153.0,1329690.0,86.649
600779.SH,2022-12-28,0.0,86.82,86.97,86.8,169.0,1467740.0,86.649
600779.SH,2022-12-28,0.0,86.79,86.93,86.71,128.0,1111000.0,86.65
600779.SH,2022-12-28,0.0,86.7,86.79,86.7,75.0,650495.0,86.65
600779.SH,2022-12-28,0.0,86.45,86.7,86.45,526.0,4555710.0,86.65
600779.SH,2022-12-28,0.0,86.69,86.7,86.49,332.0,2873360.0,86.649
600779.SH,2022-12-28,0.0,86.55,86.7,86.55,213.0,1845350.0,86.649
600779.SH,2022-12-28,0.0,86.4,86.55,86.4,293.0,2533060.0,86.648
600779.SH,2022-12-28,0.0,86.33,86.4,86.33,299.0,2582600.0,86.648
600779.SH,2022-12-28,0.0,86.3,86.33,86.3,260.0,2243970.0,86.647
600779.SH,2022-12-28,0.0,86.2,86.3,86.2,232.0,2000430.0,86.645
600779.SH,2022-12-28,0.0,86.16,86.2,86.15,284.0,2442980.0,86.644
600779.SH,2022-12-28,0.0,86.24,86.3,86.18,257.0,2216210.0,86.643
600779.SH,2022-12-28,0.0,86.29,86.31,86.25,155.0,1337580.0,86.642
600779.SH,2022-12-28,0.0,86.19,86.28,86.18,468.0,4034700.0,86.64
600779.SH,2022-12-28,0.0,86.31,86.31,86.16,262.0,2258650.0,86.639
600779.SH,2022-12-28,0.0,86.19,86.3,86.19,208.0,1793480.0,86.638
600779.SH,2022-12-28,0.0,86.28,86.28,86.2,101.0,870968.0,86.637
600779.SH,2022-12-28,0.0,86.26,86.29,86.25,86.0,741906.0,86.637
600779.SH,2022-12-28,0.0,86.31,86.4,86.26,384.0,3313640.0,86.635
600779.SH,2022-12-28,0.0,86.32,86.4,86.29,333.0,2875620.0,86.634
600779.SH,2022-12-28,0.0,86.4,86.4,86.32,86.0,742968.0,86.634
600779.SH,2022-12-28,0.0,86.32,86.4,86.32,203.0,1753490.0,86.633
600779.SH,2022-12-28,0.0,86.35,86.38,86.3,204.0,1761020.0,86.633
600779.SH,2022-12-28,0.0,86.36,86.45,86.33,195.0,1684270.0,86.632
600779.SH,2022-12-28,0.0,86.47,86.47,86.3,128.0,1105320.0,86.632
600779.SH,2022-12-28,0.0,86.47,86.47,86.33,61.0,527054.0,86.632
600779.SH,2022-12-28,0.0,86.48,86.55,86.47,154.0,1331860.0,86.631
600779.SH,2022-12-28,0.0,86.45,86.48,86.4,65.0,561774.0,86.631
600779.SH,2022-12-28,0.0,86.7,86.7,86.45,155.0,1341470.0,86.631
600779.SH,2022-12-28,0.0,86.91,86.91,86.6,569.0,4936060.0,86.632
600779.SH,2022-12-28,0.0,86.67,86.91,86.65,224.0,1944270.0,86.632
600779.SH,2022-12-28,0.0,86.59,86.67,86.58,125.0,1082580.0,86.632
600779.SH,2022-12-28,0.0,86.53,86.6,86.48,94.0,813524.0,86.632
600779.SH,2022-12-28,0.0,86.52,86.6,86.5,109.0,943339.0,86.632
600779.SH,2022-12-28,0.0,86.56,86.56,86.51,168.0,1453580.0,86.632
600779.SH,2022-12-28,0.0,86.64,86.64,86.55,117.0,1013130.0,86.632
600779.SH,2022-12-28,0.0,86.59,86.61,86.5,140.0,1212010.0,86.632
600779.SH,2022-12-28,0.0,86.41,86.58,86.41,291.0,2516850.0,86.631
600779.SH,2022-12-28,0.0,86.36,86.41,86.36,120.0,1036700.0,86.631
600779.SH,2022-12-28,0.0,86.34,86.36,86.32,143.0,1234690.0,86.631
600779.SH,2022-12-28,0.0,86.47,86.47,86.34,198.0,1709820.0,86.63
600779.SH,2022-12-28,0.0,86.39,86.5,86.39,82.0,708891.0,86.63
600779.SH,2022-12-28,0.0,86.39,86.4,86.36,87.0,751465.0,86.63
600779.SH,2022-12-28,0.0,86.45,86.47,86.36,117.0,1011120.0,86.629
600779.SH,2022-12-28,0.0,86.67,86.67,86.45,170.0,1472030.0,86.629
600779.SH,2022-12-28,0.0,86.75,86.76,86.7,78.0,676531.0,86.629
600779.SH,2022-12-28,0.0,86.68,86.73,86.66,330.0,2860970.0,86.63
600779.SH,2022-12-28,0.0,86.5,86.66,86.5,115.0,995740.0,86.63
600779.SH,2022-12-28,0.0,86.5,86.6,86.5,114.0,986375.0,86.629
600779.SH,2022-12-28,0.0,86.6,86.6,86.51,91.0,787745.0,86.629
600779.SH,2022-12-28,0.0,86.52,86.6,86.52,112.0,969454.0,86.629
600779.SH,2022-12-28,0.0,86.59,86.59,86.53,70.0,605847.0,86.629
600779.SH,2022-12-28,0.0,86.59,86.62,86.53,136.0,1177650.0,86.629
600779.SH,2022-12-28,0.0,86.65,86.66,86.6,110.0,953016.0,86.629
600779.SH,2022-12-28,0.0,86.57,86.66,86.55,107.0,926836.0,86.629
600779.SH,2022-12-28,0.0,86.5,86.53,86.5,119.0,1029570.0,86.629
600779.SH,2022-12-28,0.0,86.5,86.52,86.5,183.0,1583110.0,86.629
600779.SH,2022-12-28,0.0,86.52,86.52,86.5,161.0,1392760.0,86.629
600779.SH,2022-12-28,0.0,86.46,86.52,86.45,146.0,1262610.0,86.628
600779.SH,2022-12-28,0.0,86.43,86.47,86.41,187.0,1616350.0,86.628
600779.SH,2022-12-28,0.0,86.37,86.43,86.37,194.0,1676340.0,86.628
600779.SH,2022-12-28,0.0,86.35,86.38,86.35,151.0,1304120.0,86.627
600779.SH,2022-12-28,0.0,86.38,86.38,86.35,191.0,1649360.0,86.627
600779.SH,2022-12-28,0.0,86.39,86.39,86.35,125.0,1079730.0,86.626
600779.SH,2022-12-28,0.0,86.36,86.41,86.36,336.0,2902370.0,86.625
600779.SH,2022-12-28,0.0,86.4,86.4,86.35,148.0,1278180.0,86.625
600779.SH,2022-12-28,0.0,86.38,86.41,86.38,118.0,1019410.0,86.625
600779.SH,2022-12-28,0.0,86.37,86.39,86.37,259.0,2236960.0,86.624
600779.SH,2022-12-28,0.0,86.33,86.37,86.33,206.0,1778690.0,86.623
600779.SH,2022-12-28,0.0,86.36,86.36,86.32,124.0,1070560.0,86.623
600779.SH,2022-12-28,0.0,86.28,86.36,86.28,447.0,3858370.0,86.622
600779.SH,2022-12-28,0.0,86.24,86.28,86.24,231.0,1992620.0,86.621
600779.SH,2022-12-28,0.0,86.2,86.24,86.2,387.0,3336520.0,86.619
600779.SH,2022-12-28,0.0,86.25,86.25,86.2,475.0,4094820.0,86.617
600779.SH,2022-12-28,0.0,86.25,86.25,86.22,289.0,2491980.0,86.616
600779.SH,2022-12-28,0.0,86.27,86.27,86.24,117.0,1009160.0,86.616
600779.SH,2022-12-28,0.0,86.26,86.3,86.26,132.0,1138880.0,86.615
600779.SH,2022-12-28,0.0,86.28,86.28,86.26,403.0,3477010.0,86.614
600779.SH,2022-12-28,0.0,86.27,86.28,86.27,906.0,7817710.0,86.611
600779.SH,2022-12-28,0.0,86.5,86.5,86.24,256.0,2210590.0,86.61
600779.SH,2022-12-28,0.0,86.66,86.66,86.5,89.0,770484.0,86.61
600779.SH,2022-12-28,0.0,86.5,86.68,86.5,185.0,1601850.0,86.61
600779.SH,2022-12-28,0.0,86.51,86.55,86.5,134.0,1159310.0,86.61
600779.SH,2022-12-28,0.0,86.47,86.5,86.45,118.0,1020320.0,86.61
600779.SH,2022-12-28,0.0,86.5,86.5,86.45,118.0,1020440.0,86.61
600779.SH,2022-12-28,0.0,86.48,86.51,86.46,106.0,916782.0,86.61
600779.SH,2022-12-28,0.0,86.49,86.49,86.46,112.0,968623.0,86.609
600779.SH,2022-12-28,0.0,86.49,86.5,86.49,101.0,873590.0,86.609
600779.SH,2022-12-28,0.0,86.5,86.5,86.48,251.0,2171060.0,86.609
600779.SH,2022-12-28,0.0,86.52,86.53,86.5,203.0,1756220.0,86.609
600779.SH,2022-12-28,0.0,86.53,86.53,86.51,121.0,1046940.0,86.609
600779.SH,2022-12-28,0.0,86.58,86.6,86.52,165.0,1428180.0,86.609
600779.SH,2022-12-28,0.0,86.58,86.58,86.53,126.0,1088470.0,86.609
600779.SH,2022-12-28,0.0,86.56,86.58,86.53,105.0,908969.0,86.609
600779.SH,2022-12-28,0.0,86.54,86.56,86.53,178.0,1542710.0,86.608
600779.SH,2022-12-28,0.0,86.54,86.54,86.53,127.0,1098990.0,86.608
600779.SH,2022-12-28,0.0,86.53,86.54,86.52,228.0,1972840.0,86.608
600779.SH,2022-12-28,0.0,86.54,86.55,86.53,160.0,1384610.0,86.608
600779.SH,2022-12-28,0.0,86.51,86.55,86.51,422.0,3651810.0,86.608
600779.SH,2022-12-28,0.0,86.53,86.54,86.51,198.0,1713300.0,86.608
600779.SH,2022-12-28,0.0,86.42,86.53,86.42,270.0,2335220.0,86.607
600779.SH,2022-12-28,0.0,86.33,86.44,86.31,235.0,2031610.0,86.607
600779.SH,2022-12-28,0.0,86.32,86.33,86.3,424.0,3659640.0,86.606
600779.SH,2022-12-28,0.0,86.42,86.44,86.32,200.0,1727080.0,86.605
600779.SH,2022-12-28,0.0,86.45,86.47,86.42,161.0,1391890.0,86.605
600779.SH,2022-12-28,0.0,86.43,86.46,86.43,215.0,1858360.0,86.605
600779.SH,2022-12-28,0.0,86.43,86.45,86.41,201.0,1737170.0,86.604
600779.SH,2022-12-28,0.0,86.42,86.43,86.4,253.0,2186670.0,86.604
600779.SH,2022-12-28,0.0,86.43,86.44,86.4,277.0,2389480.0,86.603
600779.SH,2022-12-28,0.0,86.53,86.53,86.43,570.0,4927790.0,86.603
600779.SH,2022-12-28,0.0,86.56,86.57,86.53,199.0,1722480.0,86.602
600779.SH,2022-12-28,0.0,86.58,86.58,86.54,313.0,2707030.0,86.602
600779.SH,2022-12-28,0.0,86.58,86.59,86.56,316.0,2735860.0,86.602
600779.SH,2022-12-28,0.0,86.62,86.62,86.56,1073.0,9290480.0,86.602
600779.SH,2022-12-28,0.0,86.65,86.69,86.6,638.0,5529070.0,86.602
600779.SH,2022-12-28,0.0,86.85,86.85,86.66,1049.0,9102570.0,86.604
600779.SH,2022-12-28,0.0,86.73,86.9,86.72,1233.0,10707800.0,86.607
600779.SH,2022-12-28,0.0,86.88,86.88,86.73,826.0,7171340.0,86.608
600779.SH,2022-12-28,0.0,86.92,86.96,86.87,1135.0,9865110.0,86.611
600779.SH,2022-12-28,0.0,86.92,86.94,86.88,803.0,6979100.0,86.613
600779.SH,2022-12-28,0.0,86.92,86.92,86.92,9.0,78234.0,86.613
600779.SH,2022-12-28,0.0,86.92,86.92,86.92,0.0,0.0,86.613
600779.SH,2022-12-28,0.0,86.95,86.95,86.95,1704.0,14816300.0,86.618
600779.SH,2022-12-29,0.0,86.0,86.0,86.0,665.0,5719000.0,86.0
600779.SH,2022-12-29,0.0,85.61,86.01,85.6,2184.0,18746100.0,85.873
600779.SH,2022-12-29,0.0,85.72,85.94,85.42,1716.0,14688100.0,85.768
600779.SH,2022-12-29,0.0,85.27,85.74,85.27,1315.0,11238000.0,85.699
600779.SH,2022-12-29,0.0,85.05,85.26,85.02,2223.0,18927000.0,85.547
600779.SH,2022-12-29,0.0,85.8,85.8,85.05,1498.0,12782600.0,85.513
600779.SH,2022-12-29,0.0,86.3,86.3,85.83,608.0,5230360.0,85.544
600779.SH,2022-12-29,0.0,85.87,86.45,85.87,786.0,6775420.0,85.591
600779.SH,2022-12-29,0.0,85.75,85.89,85.68,486.0,4168680.0,85.598
600779.SH,2022-12-29,0.0,85.6,85.72,85.6,496.0,4249450.0,85.601
600779.SH,2022-12-29,0.0,85.77,85.98,85.6,996.0,8544700.0,85.616
600779.SH,2022-12-29,0.0,85.88,86.0,85.7,507.0,4354270.0,85.626
600779.SH,2022-12-29,0.0,85.6,85.9,85.6,779.0,6674040.0,85.629
600779.SH,2022-12-29,0.0,85.5,85.71,85.5,1147.0,9823820.0,85.63
600779.SH,2022-12-29,0.0,85.24,85.5,85.24,1142.0,9743080.0,85.608
600779.SH,2022-12-29,0.0,85.19,85.23,85.15,1450.0,12351900.0,85.574
600779.SH,2022-12-29,0.0,85.18,85.19,85.08,1101.0,9374000.0,85.549
600779.SH,2022-12-29,0.0,85.41,85.41,85.15,1098.0,9356640.0,85.531
600779.SH,2022-12-29,0.0,85.39,85.46,85.31,734.0,6264580.0,85.525
600779.SH,2022-12-29,0.0,85.28,85.45,85.28,399.0,3406330.0,85.522
600779.SH,2022-12-29,0.0,85.13,85.28,85.13,452.0,3851950.0,85.516
600779.SH,2022-12-29,0.0,85.61,85.61,85.13,1414.0,12053600.0,85.499
600779.SH,2022-12-29,0.0,85.9,85.9,85.61,439.0,3767420.0,85.505
600779.SH,2022-12-29,0.0,85.7,85.99,85.7,384.0,3297210.0,85.511
600779.SH,2022-12-29,0.0,85.7,85.7,85.58,583.0,4991380.0,85.513
600779.SH,2022-12-29,0.0,85.75,85.8,85.7,1033.0,8858420.0,85.523
600779.SH,2022-12-29,0.0,85.58,85.8,85.58,255.0,2184510.0,85.524
600779.SH,2022-12-29,0.0,85.52,85.58,85.51,134.0,1146260.0,85.525
600779.SH,2022-12-29,0.0,85.4,85.52,85.4,271.0,2316420.0,85.524
600779.SH,2022-12-29,0.0,85.61,85.75,85.38,927.0,7930310.0,85.525
600779.SH,2022-12-29,0.0,85.55,85.61,85.54,159.0,1360590.0,85.525
600779.SH,2022-12-29,0.0,85.49,85.54,85.36,616.0,5257860.0,85.522
600779.SH,2022-12-29,0.0,85.69,85.7,85.5,469.0,4016000.0,85.524
600779.SH,2022-12-29,0.0,85.62,85.69,85.62,191.0,1636430.0,85.525
600779.SH,2022-12-29,0.0,85.5,85.62,85.5,195.0,1667710.0,85.525
600779.SH,2022-12-29,0.0,85.48,85.48,85.39,276.0,2357460.0,85.524
600779.SH,2022-12-29,0.0,85.48,85.48,85.41,115.0,982718.0,85.524
600779.SH,2022-12-29,0.0,85.65,85.65,85.48,299.0,2557960.0,85.524
600779.SH,2022-12-29,0.0,85.75,85.83,85.64,478.0,4098660.0,85.528
600779.SH,2022-12-29,0.0,85.62,85.75,85.62,226.0,1936400.0,85.529
600779.SH,2022-12-29,0.0,85.54,85.62,85.53,209.0,1788290.0,85.529
600779.SH,2022-12-29,0.0,85.46,85.53,85.45,223.0,1906820.0,85.529
600779.SH,2022-12-29,0.0,85.4,85.45,85.39,413.0,3527600.0,85.527
600779.SH,2022-12-29,0.0,85.34,85.4,85.29,563.0,4803220.0,85.524
600779.SH,2022-12-29,0.0,85.35,85.4,85.31,227.0,1936910.0,85.522
600779.SH,2022-12-29,0.0,85.29,85.36,85.28,321.0,2734280.0,85.52
600779.SH,2022-12-29,0.0,85.17,85.3,85.17,538.0,4581530.0,85.515
600779.SH,2022-12-29,0.0,85.44,85.45,85.17,675.0,5750640.0,85.51
600779.SH,2022-12-29,0.0,85.53,85.6,85.43,384.0,3282340.0,85.51
600779.SH,2022-12-29,0.0,85.53,85.6,85.51,215.0,1839430.0,85.51
600779.SH,2022-12-29,0.0,85.58,85.59,85.52,293.0,2506460.0,85.51
600779.SH,2022-12-29,0.0,85.73,85.73,85.58,200.0,1713080.0,85.511
600779.SH,2022-12-29,0.0,85.8,85.8,85.76,343.0,2940110.0,85.514
600779.SH,2022-12-29,0.0,85.67,85.8,85.66,458.0,3930050.0,85.517
600779.SH,2022-12-29,0.0,85.69,85.73,85.67,146.0,1251170.0,85.518
600779.SH,2022-12-29,0.0,85.84,85.85,85.7,458.0,3930530.0,85.522
600779.SH,2022-12-29,0.0,85.77,85.84,85.76,139.0,1192630.0,85.523
600779.SH,2022-12-29,0.0,85.64,85.77,85.64,139.0,1191370.0,85.524
600779.SH,2022-12-29,0.0,85.49,85.66,85.49,293.0,2506230.0,85.524
600779.SH,2022-12-29,0.0,85.72,85.72,85.48,394.0,3371450.0,85.524
600779.SH,2022-12-29,0.0,85.7,85.76,85.7,121.0,1037150.0,85.525
600779.SH,2022-12-29,0.0,85.63,85.75,85.62,249.0,2132720.0,85.526
600779.SH,2022-12-29,0.0,85.7,85.7,85.6,128.0,1096520.0,85.526
600779.SH,2022-12-29,0.0,85.71,85.74,85.7,85.0,728586.0,85.526
600779.SH,2022-12-29,0.0,85.68,85.72,85.66,89.0,762692.0,85.527
600779.SH,2022-12-29,0.0,85.64,85.68,85.64,90.0,770887.0,85.527
600779.SH,2022-12-29,0.0,85.62,85.63,85.6,313.0,2679820.0,85.528
600779.SH,2022-12-29,0.0,85.8,85.8,85.62,388.0,3326020.0,85.53
600779.SH,2022-12-29,0.0,85.79,85.81,85.74,242.0,2076050.0,85.532
600779.SH,2022-12-29,0.0,85.77,85.8,85.77,89.0,763511.0,85.532
600779.SH,2022-12-29,0.0,85.94,85.95,85.78,805.0,6915200.0,85.539
600779.SH,2022-12-29,0.0,86.0,86.0,85.94,314.0,2699600.0,85.542
600779.SH,2022-12-29,0.0,85.99,86.0,85.99,447.0,3844100.0,85.547
600779.SH,2022-12-29,0.0,86.01,86.01,85.98,167.0,1436150.0,85.549
600779.SH,2022-12-29,0.0,86.13,86.13,86.01,86.0,740146.0,85.55
600779.SH,2022-12-29,0.0,86.07,86.3,86.07,1319.0,11372400.0,85.571
600779.SH,2022-12-29,0.0,85.9,86.11,85.9,229.0,1969310.0,85.574
600779.SH,2022-12-29,0.0,85.91,85.91,85.88,120.0,1030730.0,85.574
600779.SH,2022-12-29,0.0,85.92,86.01,85.91,241.0,2071620.0,85.577
600779.SH,2022-12-29,0.0,85.98,86.0,85.92,89.0,765142.0,85.577
600779.SH,2022-12-29,0.0,86.0,86.0,85.76,295.0,2535110.0,85.58
600779.SH,2022-12-29,0.0,85.99,85.99,85.87,272.0,2333640.0,85.581
600779.SH,2022-12-29,0.0,85.91,85.99,85.9,34.0,292243.0,85.582
600779.SH,2022-12-29,0.0,85.8,85.91,85.8,93.0,798520.0,85.582
600779.SH,2022-12-29,0.0,85.95,85.95,85.8,39.0,334852.0,85.582
600779.SH,2022-12-29,0.0,86.02,86.02,85.95,277.0,2382320.0,85.585
600779.SH,2022-12-29,0.0,85.88,86.02,85.88,198.0,1702470.0,85.587
600779.SH,2022-12-29,0.0,85.9,85.94,85.87,110.0,944748.0,85.588
600779.SH,2022-12-29,0.0,85.89,85.94,85.89,88.0,755896.0,85.588
600779.SH,2022-12-29,0.0,85.85,85.89,85.85,41.0,352096.0,85.589
600779.SH,2022-12-29,0.0,85.79,85.85,85.78,156.0,1338510.0,85.589
600779.SH,2022-12-29,0.0,85.62,85.78,85.61,172.0,1473120.0,85.59
600779.SH,2022-12-29,0.0,85.57,85.62,85.57,148.0,1266750.0,85.59
600779.SH,2022-12-29,0.0,85.7,85.7,85.58,361.0,3089670.0,85.59
600779.SH,2022-12-29,0.0,85.77,85.79,85.75,125.0,1072240.0,85.59
600779.SH,2022-12-29,0.0,85.76,85.85,85.76,177.0,1518240.0,85.591
600779.SH,2022-12-29,0.0,85.76,85.76,85.71,104.0,891644.0,85.591
600779.SH,2022-12-29,0.0,85.68,85.76,85.68,186.0,1594050.0,85.592
600779.SH,2022-12-29,0.0,85.69,85.69,85.67,191.0,1636340.0,85.592
600779.SH,2022-12-29,0.0,85.53,85.67,85.53,249.0,2130840.0,85.592
600779.SH,2022-12-29,0.0,85.47,85.53,85.47,278.0,2377190.0,85.592
600779.SH,2022-12-29,0.0,85.42,85.49,85.38,286.0,2442660.0,85.59
600779.SH,2022-12-29,0.0,85.34,85.38,85.3,534.0,4557380.0,85.588
600779.SH,2022-12-29,0.0,85.3,85.34,85.3,265.0,2260790.0,85.586
600779.SH,2022-12-29,0.0,85.36,85.36,85.31,243.0,2073470.0,85.585
600779.SH,2022-12-29,0.0,85.23,85.33,85.23,245.0,2089280.0,85.583
600779.SH,2022-12-29,0.0,85.21,85.25,85.21,394.0,3357550.0,85.58
600779.SH,2022-12-29,0.0,85.22,85.22,85.19,466.0,3970400.0,85.577
600779.SH,2022-12-29,0.0,85.2,85.22,85.19,188.0,1597660.0,85.575
600779.SH,2022-12-29,0.0,85.16,85.22,85.16,326.0,2781410.0,85.573
600779.SH,2022-12-29,0.0,85.11,85.17,85.11,428.0,3644200.0,85.569
600779.SH,2022-12-29,0.0,85.2,85.2,85.11,671.0,5711970.0,85.563
600779.SH,2022-12-29,0.0,85.24,85.26,85.2,137.0,1167710.0,85.562
600779.SH,2022-12-29,0.0,85.37,85.37,85.23,215.0,1833790.0,85.561
600779.SH,2022-12-29,0.0,85.53,85.53,85.37,134.0,1145680.0,85.561
600779.SH,2022-12-29,0.0,85.36,85.52,85.36,82.0,700515.0,85.561
600779.SH,2022-12-29,0.0,85.35,85.37,85.35,99.0,845002.0,85.56
600779.SH,2022-12-29,0.0,85.31,85.36,85.31,102.0,870467.0,85.56
600779.SH,2022-12-29,0.0,85.3,85.32,85.3,83.0,708035.0,85.559
600779.SH,2022-12-29,0.0,85.3,85.34,85.3,38.0,324229.0,85.559
600779.SH,2022-12-29,0.0,85.3,85.31,85.28,329.0,2806500.0,85.557
600779.SH,2022-12-29,0.0,85.58,85.59,85.26,424.0,3618030.0,85.556
600779.SH,2022-12-29,0.0,85.35,85.59,85.35,70.0,598312.0,85.555
600779.SH,2022-12-29,0.0,85.42,85.42,85.35,119.0,1016060.0,85.555
600779.SH,2022-12-29,0.0,85.48,85.49,85.4,40.0,341847.0,85.555
600779.SH,2022-12-29,0.0,85.37,85.48,85.37,54.0,461221.0,85.555
600779.SH,2022-12-29,0.0,85.42,85.47,85.37,145.0,1238290.0,85.554
600779.SH,2022-12-29,0.0,85.34,85.42,85.32,185.0,1579300.0,85.554
600779.SH,2022-12-29,0.0,85.31,85.36,85.31,219.0,1868930.0,85.553
600779.SH,2022-12-29,0.0,85.27,85.33,85.27,97.0,827472.0,85.552
600779.SH,2022-12-29,0.0,85.5,85.5,85.23,249.0,2125440.0,85.552
600779.SH,2022-12-29,0.0,85.6,85.61,85.45,136.0,1163940.0,85.552
600779.SH,2022-12-29,0.0,85.6,85.63,85.6,60.0,513661.0,85.552
600779.SH,2022-12-29,0.0,85.49,85.59,85.49,103.0,880894.0,85.552
600779.SH,2022-12-29,0.0,85.46,85.49,85.46,57.0,490511.0,85.552
600779.SH,2022-12-29,0.0,85.3,85.46,85.3,69.0,585851.0,85.551
600779.SH,2022-12-29,0.0,85.22,85.3,85.2,303.0,2586380.0,85.55
600779.SH,2022-12-29,0.0,85.18,85.25,85.18,164.0,1397480.0,85.549
600779.SH,2022-12-29,0.0,85.13,85.18,85.12,236.0,2006320.0,85.547
600779.SH,2022-12-29,0.0,85.25,85.3,85.14,191.0,1627360.0,85.546
600779.SH,2022-12-29,0.0,85.23,85.25,85.22,119.0,1014230.0,85.545
600779.SH,2022-12-29,0.0,85.23,85.23,85.2,152.0,1295190.0,85.544
600779.SH,2022-12-29,0.0,85.25,85.29,85.22,124.0,1057240.0,85.543
600779.SH,2022-12-29,0.0,85.28,85.28,85.25,110.0,937799.0,85.543
600779.SH,2022-12-29,0.0,85.26,85.3,85.26,161.0,1372900.0,85.542
600779.SH,2022-12-29,0.0,85.26,85.26,85.23,130.0,1108270.0,85.541
600779.SH,2022-12-29,0.0,85.3,85.39,85.22,160.0,1364130.0,85.54
600779.SH,2022-12-29,0.0,85.24,85.3,85.24,151.0,1287630.0,85.54
600779.SH,2022-12-29,0.0,85.21,85.25,85.21,134.0,1142060.0,85.539
600779.SH,2022-12-29,0.0,85.16,85.22,85.16,158.0,1345940.0,85.538
600779.SH,2022-12-29,0.0,85.23,85.23,85.16,186.0,1584570.0,85.537
600779.SH,2022-12-29,0.0,85.35,85.35,85.23,108.0,920998.0,85.536
600779.SH,2022-12-29,0.0,85.33,85.35,85.3,52.0,443657.0,85.536
600779.SH,2022-12-29,0.0,85.27,85.33,85.27,71.0,605611.0,85.536
600779.SH,2022-12-29,0.0,85.24,85.27,85.24,74.0,630869.0,85.535
600779.SH,2022-12-29,0.0,85.16,85.24,85.16,233.0,1984780.0,85.534
600779.SH,2022-12-29,0.0,85.18,85.2,85.16,254.0,2163360.0,85.532
600779.SH,2022-12-29,0.0,85.18,85.18,85.16,164.0,1396820.0,85.531
600779.SH,2022-12-29,0.0,85.19,85.22,85.17,122.0,1039190.0,85.531
600779.SH,2022-12-29,0.0,85.16,85.19,85.16,193.0,1643800.0,85.529
600779.SH,2022-12-29,0.0,85.1,85.16,85.1,488.0,4154220.0,85.526
600779.SH,2022-12-29,0.0,85.02,85.11,85.02,822.0,6993240.0,85.52
600779.SH,2022-12-29,0.0,85.02,85.04,85.01,565.0,4803520.0,85.515
600779.SH,2022-12-29,0.0,85.0,85.03,85.0,624.0,5302330.0,85.51
600779.SH,2022-12-29,0.0,85.02,85.02,85.0,343.0,2915630.0,85.507
600779.SH,2022-12-29,0.0,85.02,85.02,85.01,401.0,3409350.0,85.503
600779.SH,2022-12-29,0.0,85.15,85.16,85.03,246.0,2093530.0,85.502
600779.SH,2022-12-29,0.0,85.14,85.17,85.14,121.0,1030220.0,85.501
600779.SH,2022-12-29,0.0,85.06,85.14,85.06,100.0,851014.0,85.5
600779.SH,2022-12-29,0.0,85.15,85.15,85.06,177.0,1506390.0,85.499
600779.SH,2022-12-29,0.0,85.12,85.15,85.11,391.0,3328100.0,85.497
600779.SH,2022-12-29,0.0,85.12,85.12,85.11,138.0,1174640.0,85.496
600779.SH,2022-12-29,0.0,85.18,85.18,85.11,123.0,1047350.0,85.495
600779.SH,2022-12-29,0.0,85.18,85.2,85.17,80.0,681455.0,85.495
600779.SH,2022-12-29,0.0,85.14,85.18,85.14,83.0,706801.0,85.494
600779.SH,2022-12-29,0.0,85.12,85.15,85.12,68.0,578888.0,85.494
600779.SH,2022-12-29,0.0,85.15,85.16,85.11,253.0,2153500.0,85.493
600779.SH,2022-12-29,0.0,85.16,85.16,85.11,143.0,1217440.0,85.492
600779.SH,2022-12-29,0.0,85.1,85.15,85.1,154.0,1310700.0,85.491
600779.SH,2022-12-29,0.0,85.04,85.1,85.04,222.0,1888810.0,85.489
600779.SH,2022-12-29,0.0,85.02,85.05,85.01,415.0,3528180.0,85.486
600779.SH,2022-12-29,0.0,85.15,85.15,85.01,401.0,3406790.0,85.484
600779.SH,2022-12-29,0.0,85.09,85.15,85.09,40.0,344669.0,85.483
600779.SH,2022-12-29,0.0,85.12,85.12,85.08,287.0,2438390.0,85.482
600779.SH,2022-12-29,0.0,85.15,85.15,85.11,202.0,1719910.0,85.481
600779.SH,2022-12-29,0.0,85.35,85.37,85.15,707.0,6029420.0,85.478
600779.SH,2022-12-29,0.0,85.35,85.41,85.35,216.0,1844390.0,85.478
600779.SH,2022-12-29,0.0,85.3,85.35,85.29,94.0,801837.0,85.478
600779.SH,2022-12-29,0.0,85.33,85.33,85.29,117.0,998054.0,85.477
600779.SH,2022-12-29,0.0,85.32,85.35,85.3,159.0,1356600.0,85.477
600779.SH,2022-12-29,0.0,85.35,85.35,85.3,56.0,477779.0,85.477
600779.SH,2022-12-29,0.0,85.43,85.43,85.35,79.0,674685.0,85.477
600779.SH,2022-12-29,0.0,85.38,85.45,85.38,133.0,1135950.0,85.477
600779.SH,2022-12-29,0.0,85.39,85.42,85.38,55.0,469728.0,85.477
600779.SH,2022-12-29,0.0,85.38,85.4,85.38,102.0,870913.0,85.477
600779.SH,2022-12-29,0.0,85.25,85.38,85.25,139.0,1185820.0,85.476
600779.SH,2022-12-29,0.0,85.31,85.31,85.26,233.0,1987600.0,85.476
600779.SH,2022-12-29,0.0,85.35,85.35,85.31,59.0,503393.0,85.475
600779.SH,2022-12-29,0.0,85.34,85.35,85.3,56.0,477831.0,85.475
600779.SH,2022-12-29,0.0,85.32,85.34,85.3,111.0,947051.0,85.475
600779.SH,2022-12-29,0.0,85.32,85.34,85.31,130.0,1109050.0,85.475
600779.SH,2022-12-29,0.0,85.35,85.36,85.32,112.0,955800.0,85.475
600779.SH,2022-12-29,0.0,85.49,85.49,85.36,314.0,2681860.0,85.474
600779.SH,2022-12-29,0.0,85.54,85.57,85.49,344.0,2941420.0,85.474
600779.SH,2022-12-29,0.0,85.62,85.62,85.57,277.0,2370770.0,85.475
600779.SH,2022-12-29,0.0,85.56,85.63,85.55,166.0,1421020.0,85.475
600779.SH,2022-12-29,0.0,85.49,85.57,85.49,371.0,3173510.0,85.476
600779.SH,2022-12-29,0.0,85.56,85.56,85.46,147.0,1257090.0,85.476
600779.SH,2022-12-29,0.0,85.63,85.63,85.56,168.0,1438920.0,85.476
600779.SH,2022-12-29,0.0,85.66,85.66,85.63,197.0,1687250.0,85.476
600779.SH,2022-12-29,0.0,85.68,85.68,85.64,164.0,1404850.0,85.477
600779.SH,2022-12-29,0.0,85.62,85.68,85.62,134.0,1147840.0,85.477
600779.SH,2022-12-29,0.0,85.62,85.63,85.55,212.0,1814410.0,85.478
600779.SH,2022-12-29,0.0,85.57,85.62,85.55,446.0,3817270.0,85.478
600779.SH,2022-12-29,0.0,85.6,85.61,85.55,312.0,2670170.0,85.479
600779.SH,2022-12-29,0.0,85.6,85.61,85.59,135.0,1155590.0,85.479
600779.SH,2022-12-29,0.0,85.54,85.6,85.54,448.0,3833270.0,85.479
600779.SH,2022-12-29,0.0,85.51,85.55,85.5,156.0,1333970.0,85.48
600779.SH,2022-12-29,0.0,85.55,85.55,85.5,202.0,1727920.0,85.48
600779.SH,2022-12-29,0.0,85.57,85.58,85.55,119.0,1018210.0,85.48
600779.SH,2022-12-29,0.0,85.57,85.58,85.56,127.0,1086810.0,85.48
600779.SH,2022-12-29,0.0,85.5,85.59,85.5,233.0,1993650.0,85.48
600779.SH,2022-12-29,0.0,85.34,85.5,85.33,510.0,4356410.0,85.48
600779.SH,2022-12-29,0.0,85.46,85.49,85.35,230.0,1963920.0,85.48
600779.SH,2022-12-29,0.0,85.4,85.46,85.35,301.0,2570060.0,85.479
600779.SH,2022-12-29,0.0,85.42,85.43,85.36,247.0,2108990.0,85.479
600779.SH,2022-12-29,0.0,85.33,85.4,85.31,386.0,3294270.0,85.478
600779.SH,2022-12-29,0.0,85.33,85.35,85.31,362.0,3088920.0,85.477
600779.SH,2022-12-29,0.0,85.39,85.39,85.34,318.0,2714780.0,85.477
600779.SH,2022-12-29,0.0,85.48,85.49,85.4,531.0,4536670.0,85.477
600779.SH,2022-12-29,0.0,85.48,85.48,85.39,380.0,3246740.0,85.476
600779.SH,2022-12-29,0.0,85.39,85.48,85.38,342.0,2921520.0,85.476
600779.SH,2022-12-29,0.0,85.42,85.5,85.37,594.0,5075770.0,85.476
600779.SH,2022-12-29,0.0,85.42,85.46,85.4,488.0,4168390.0,85.476
600779.SH,2022-12-29,0.0,85.45,85.47,85.37,661.0,5645660.0,85.475
600779.SH,2022-12-29,0.0,85.6,85.64,85.46,1823.0,15589000.0,85.476
600779.SH,2022-12-29,0.0,85.68,85.68,85.59,1120.0,9589090.0,85.478
600779.SH,2022-12-29,0.0,85.89,85.9,85.68,1585.0,13596200.0,85.484
600779.SH,2022-12-29,0.0,85.8,85.8,85.8,93.0,798665.0,85.484
600779.SH,2022-12-29,0.0,85.8,85.8,85.8,0.0,0.0,85.484
600779.SH,2022-12-29,0.0,85.91,85.91,85.91,1881.0,16159700.0,85.494
600779.SH,2022-12-30,86.29,86.29,86.29,86.29,1018.0,8784320.0,86.29
600779.SH,2022-12-30,86.37,86.92,86.94,86.25,2967.0,25660700.0,86.44
600779.SH,2022-12-30,86.94,86.46,86.98,86.25,2176.0,18834700.0,86.481
600779.SH,2022-12-30,86.45,85.94,86.65,85.92,2637.0,22744600.0,86.412
600779.SH,2022-12-30,85.93,85.3,85.95,85.3,2416.0,20717300.0,86.27
600779.SH,2022-12-30,85.5,85.91,85.91,85.25,1529.0,13091800.0,86.192
600779.SH,2022-12-30,85.92,85.93,86.0,85.92,852.0,7323600.0,86.178
600779.SH,2022-12-30,85.97,85.9,85.97,85.57,807.0,6926060.0,86.155
600779.SH,2022-12-30,85.97,86.47,86.47,85.97,901.0,7770480.0,86.16
600779.SH,2022-12-30,86.55,86.3,86.55,86.3,940.0,8121570.0,86.174
600779.SH,2022-12-30,86.3,86.21,86.35,86.12,563.0,4855620.0,86.176
600779.SH,2022-12-30,86.22,86.08,86.22,86.0,542.0,4664830.0,86.173
600779.SH,2022-12-30,86.08,85.67,86.08,85.67,536.0,4602750.0,86.164
600779.SH,2022-12-30,85.65,85.9,85.9,85.65,363.0,3112540.0,86.156
600779.SH,2022-12-30,85.9,85.75,85.92,85.74,327.0,2807090.0,86.15
600779.SH,2022-12-30,85.75,85.7,85.75,85.65,362.0,3102210.0,86.141
600779.SH,2022-12-30,85.71,85.45,85.71,85.45,1130.0,9669180.0,86.109
600779.SH,2022-12-30,85.45,85.76,85.76,85.45,411.0,3517150.0,86.098
600779.SH,2022-12-30,85.76,85.64,85.76,85.6,293.0,2510260.0,86.092
600779.SH,2022-12-30,85.64,85.92,85.92,85.64,257.0,2203540.0,86.088
600779.SH,2022-12-30,85.8,85.75,85.92,85.75,260.0,2231330.0,86.085
600779.SH,2022-12-30,85.75,85.46,85.75,85.46,1206.0,10317500.0,86.056
600779.SH,2022-12-30,85.51,85.51,85.51,85.47,335.0,2863980.0,86.048
600779.SH,2022-12-30,85.5,85.51,85.57,85.47,374.0,3197870.0,86.039
600779.SH,2022-12-30,85.51,85.53,85.53,85.5,262.0,2240250.0,86.033
600779.SH,2022-12-30,85.53,85.6,85.6,85.53,235.0,2010000.0,86.029
600779.SH,2022-12-30,85.59,85.31,85.59,85.31,947.0,8092710.0,86.006
600779.SH,2022-12-30,85.31,85.18,85.31,85.18,1026.0,8748250.0,85.976
600779.SH,2022-12-30,85.19,85.4,85.4,85.16,585.0,4985660.0,85.959
600779.SH,2022-12-30,85.42,85.2,85.45,85.2,294.0,2507840.0,85.952
600779.SH,2022-12-30,85.2,85.16,85.24,85.15,454.0,3867390.0,85.939
600779.SH,2022-12-30,85.17,85.12,85.17,85.11,476.0,4052460.0,85.925
600779.SH,2022-12-30,85.14,85.15,85.17,85.14,370.0,3150570.0,85.915
600779.SH,2022-12-30,85.14,85.12,85.16,85.12,471.0,4010190.0,85.902
600779.SH,2022-12-30,85.11,85.03,85.12,85.02,680.0,5786440.0,85.883
600779.SH,2022-12-30,85.02,85.03,85.03,85.0,822.0,6988020.0,85.859
600779.SH,2022-12-30,85.03,85.0,85.04,85.0,627.0,5326900.0,85.842
600779.SH,2022-12-30,85.02,84.89,85.02,84.88,787.0,6692160.0,85.82
600779.SH,2022-12-30,84.87,84.76,84.89,84.7,1136.0,9631240.0,85.784
600779.SH,2022-12-30,84.76,84.97,84.97,84.74,1029.0,8725820.0,85.754
600779.SH,2022-12-30,85.0,84.89,85.0,84.88,647.0,5494140.0,85.738
600779.SH,2022-12-30,84.88,85.18,85.18,84.88,604.0,5133470.0,85.725
600779.SH,2022-12-30,85.2,85.23,85.24,85.03,415.0,3533920.0,85.718
600779.SH,2022-12-30,85.16,85.22,85.22,85.15,185.0,1576200.0,85.715
600779.SH,2022-12-30,85.22,85.3,85.35,85.22,235.0,2004080.0,85.712
600779.SH,2022-12-30,85.33,85.48,85.48,85.33,284.0,2425030.0,85.71
600779.SH,2022-12-30,85.47,85.5,85.6,85.47,307.0,2625170.0,85.708
600779.SH,2022-12-30,85.5,85.16,85.52,85.16,306.0,2611280.0,85.705
600779.SH,2022-12-30,85.16,85.09,85.16,85.08,141.0,1200010.0,85.703
600779.SH,2022-12-30,85.08,85.14,85.14,85.08,155.0,1317120.0,85.7
600779.SH,2022-12-30,85.14,85.15,85.16,85.14,88.0,749335.0,85.699
600779.SH,2022-12-30,85.15,84.95,85.15,84.95,368.0,3132170.0,85.692
600779.SH,2022-12-30,85.0,85.01,85.01,84.9,214.0,1817750.0,85.688
600779.SH,2022-12-30,85.01,85.02,85.05,85.01,141.0,1198880.0,85.686
600779.SH,2022-12-30,85.0,84.93,85.0,84.9,180.0,1529030.0,85.682
600779.SH,2022-12-30,84.93,84.92,84.99,84.92,89.0,755917.0,85.68
600779.SH,2022-12-30,84.91,84.88,84.92,84.88,192.0,1630040.0,85.676
600779.SH,2022-12-30,84.89,84.89,84.92,84.88,164.0,1392230.0,85.673
600779.SH,2022-12-30,84.89,84.89,84.9,84.89,179.0,1519530.0,85.669
600779.SH,2022-12-30,84.9,84.9,84.93,84.89,256.0,2173530.0,85.664
600779.SH,2022-12-30,84.9,84.95,84.95,84.9,114.0,968130.0,85.662
600779.SH,2022-12-30,84.95,85.12,85.14,84.95,595.0,5056530.0,85.652
600779.SH,2022-12-30,85.2,85.07,85.23,85.02,134.0,1142340.0,85.65
600779.SH,2022-12-30,85.06,84.85,85.06,84.85,307.0,2606960.0,85.645
600779.SH,2022-12-30,84.86,84.83,84.86,84.83,372.0,3155340.0,85.637
600779.SH,2022-12-30,84.82,84.77,84.82,84.75,326.0,2763520.0,85.63
600779.SH,2022-12-30,84.75,84.68,84.76,84.68,694.0,5879600.0,85.615
600779.SH,2022-12-30,84.68,84.69,84.73,84.61,720.0,6095210.0,85.598
600779.SH,2022-12-30,84.69,84.73,84.73,84.68,223.0,1888780.0,85.594
600779.SH,2022-12-30,84.73,84.71,84.76,84.71,201.0,1702960.0,85.589
600779.SH,2022-12-30,84.72,84.76,84.76,84.72,266.0,2253820.0,85.584
600779.SH,2022-12-30,84.76,84.77,84.77,84.75,160.0,1356080.0,85.581
600779.SH,2022-12-30,84.78,84.86,84.86,84.77,184.0,1560760.0,85.578
600779.SH,2022-12-30,84.86,84.81,84.98,84.81,137.0,1162560.0,85.575
600779.SH,2022-12-30,84.81,84.77,84.81,84.76,183.0,1551500.0,85.572
600779.SH,2022-12-30,84.76,84.65,84.76,84.65,266.0,2253020.0,85.567
600779.SH,2022-12-30,84.65,84.65,84.69,84.65,314.0,2658480.0,85.56
600779.SH,2022-12-30,84.65,84.69,84.74,84.65,177.0,1498610.0,85.557
600779.SH,2022-12-30,84.69,84.73,84.75,84.69,104.0,881170.0,85.555
600779.SH,2022-12-30,84.73,84.7,84.73,84.66,177.0,1499250.0,85.551
600779.SH,2022-12-30,84.66,84.95,84.95,84.66,82.0,695621.0,85.55
600779.SH,2022-12-30,84.91,84.87,84.91,84.7,308.0,2609730.0,85.544
600779.SH,2022-12-30,84.87,85.13,85.13,84.85,317.0,2693920.0,85.54
600779.SH,2022-12-30,85.12,85.3,85.3,85.11,571.0,4864280.0,85.536
600779.SH,2022-12-30,85.3,85.12,85.38,85.1,305.0,2600830.0,85.534
600779.SH,2022-12-30,85.1,84.97,85.1,84.9,183.0,1555490.0,85.532
600779.SH,2022-12-30,84.97,84.97,85.1,84.97,110.0,934914.0,85.531
600779.SH,2022-12-30,84.96,84.93,84.97,84.92,66.0,560730.0,85.53
600779.SH,2022-12-30,84.93,84.96,84.97,84.93,84.0,713469.0,85.529
600779.SH,2022-12-30,84.96,85.0,85.0,84.95,92.0,781881.0,85.528
600779.SH,2022-12-30,85.0,85.03,85.09,85.0,32.0,272134.0,85.527
600779.SH,2022-12-30,85.03,85.11,85.12,85.03,133.0,1131560.0,85.526
600779.SH,2022-12-30,85.11,85.09,85.11,85.08,178.0,1514700.0,85.524
600779.SH,2022-12-30,85.1,85.1,85.11,85.05,171.0,1455190.0,85.523
600779.SH,2022-12-30,85.1,85.06,85.1,85.06,133.0,1131750.0,85.522
600779.SH,2022-12-30,85.06,85.09,85.1,85.06,65.0,552947.0,85.521
600779.SH,2022-12-30,85.09,85.02,85.09,85.02,90.0,765480.0,85.52
600779.SH,2022-12-30,85.02,84.97,85.02,84.97,84.0,713937.0,85.519
600779.SH,2022-12-30,84.97,84.94,84.97,84.93,63.0,535122.0,85.518
600779.SH,2022-12-30,84.93,84.94,84.94,84.92,80.0,679570.0,85.517
600779.SH,2022-12-30,84.94,84.95,84.96,84.94,15.0,127427.0,85.517
600779.SH,2022-12-30,84.95,84.95,84.98,84.94,114.0,968477.0,85.516
600779.SH,2022-12-30,84.96,85.06,85.07,84.96,208.0,1768190.0,85.514
600779.SH,2022-12-30,85.06,85.06,85.06,85.05,71.0,603907.0,85.513
600779.SH,2022-12-30,85.06,85.1,85.1,85.06,65.0,553097.0,85.513
600779.SH,2022-12-30,85.1,85.22,85.22,85.1,225.0,1916130.0,85.511
600779.SH,2022-12-30,85.28,85.17,85.28,85.1,122.0,1039640.0,85.51
600779.SH,2022-12-30,85.11,85.02,85.12,85.02,139.0,1182820.0,85.509
600779.SH,2022-12-30,85.11,85.13,85.13,85.11,97.0,825624.0,85.508
600779.SH,2022-12-30,85.13,85.09,85.13,85.07,76.0,646733.0,85.507
600779.SH,2022-12-30,85.09,85.13,85.15,85.09,83.0,706421.0,85.507
600779.SH,2022-12-30,85.15,85.15,85.18,85.11,75.0,638646.0,85.506
600779.SH,2022-12-30,85.15,85.12,85.15,85.11,63.0,536257.0,85.506
600779.SH,2022-12-30,85.13,85.1,85.13,85.1,157.0,1336440.0,85.505
600779.SH,2022-12-30,85.1,85.13,85.13,85.1,39.0,331956.0,85.504
600779.SH,2022-12-30,85.12,85.17,85.17,85.12,176.0,1498710.0,85.503
600779.SH,2022-12-30,85.17,85.17,85.17,85.16,28.0,238458.0,85.503
600779.SH,2022-12-30,85.16,85.16,85.17,85.15,111.0,945281.0,85.502
600779.SH,2022-12-30,85.17,85.18,85.18,85.17,67.0,570656.0,85.502
600779.SH,2022-12-30,85.18,85.2,85.2,85.17,99.0,843305.0,85.501
600779.SH,2022-12-30,85.2,85.09,85.2,85.09,236.0,2009500.0,85.499
600779.SH,2022-12-30,85.1,85.04,85.1,85.04,268.0,2279510.0,85.497
600779.SH,2022-12-30,85.01,84.91,85.01,84.89,160.0,1359050.0,85.495
600779.SH,2022-12-30,84.91,84.89,84.93,84.89,155.0,1316080.0,85.493
600779.SH,2022-12-30,84.89,84.68,84.89,84.68,743.0,6296420.0,85.482
600779.SH,2022-12-30,84.68,84.78,84.78,84.67,340.0,2881080.0,85.477
600779.SH,2022-12-30,84.78,84.86,84.86,84.71,108.0,915565.0,85.476
600779.SH,2022-12-30,84.86,84.94,84.95,84.86,168.0,1426730.0,85.474
600779.SH,2022-12-30,84.95,85.0,85.0,84.95,66.0,560797.0,85.473
600779.SH,2022-12-30,85.0,84.94,85.02,84.94,155.0,1317260.0,85.472
600779.SH,2022-12-30,84.94,84.92,84.94,84.91,96.0,815348.0,85.471
600779.SH,2022-12-30,84.92,84.94,84.94,84.9,221.0,1876570.0,85.468
600779.SH,2022-12-30,84.92,85.06,85.06,84.92,140.0,1189730.0,85.467
600779.SH,2022-12-30,85.06,85.18,85.18,85.06,146.0,1242950.0,85.466
600779.SH,2022-12-30,85.18,85.33,85.33,85.18,539.0,4596990.0,85.464
600779.SH,2022-12-30,85.33,85.23,85.35,85.16,212.0,1808200.0,85.464
600779.SH,2022-12-30,85.2,84.98,85.23,84.98,165.0,1404710.0,85.463
600779.SH,2022-12-30,84.97,84.86,84.98,84.86,105.0,891612.0,85.461
600779.SH,2022-12-30,84.86,84.9,84.94,84.84,156.0,1324340.0,85.46
600779.SH,2022-12-30,84.9,84.9,84.9,84.88,74.0,628216.0,85.459
600779.SH,2022-12-30,84.9,84.91,84.93,84.9,45.0,382050.0,85.459
600779.SH,2022-12-30,84.9,84.84,84.9,84.84,118.0,1001580.0,85.457
600779.SH,2022-12-30,84.82,84.81,84.82,84.8,119.0,1009200.0,85.456
600779.SH,2022-12-30,84.8,84.87,84.87,84.8,113.0,958527.0,85.455
600779.SH,2022-12-30,84.88,84.98,84.98,84.88,112.0,951266.0,85.453
600779.SH,2022-12-30,84.98,84.91,85.0,84.91,165.0,1401990.0,85.452
600779.SH,2022-12-30,84.91,84.82,84.91,84.82,125.0,1060620.0,85.451
600779.SH,2022-12-30,84.82,84.87,84.87,84.81,94.0,797386.0,85.45
600779.SH,2022-12-30,84.88,84.9,84.92,84.88,85.0,721681.0,85.449
600779.SH,2022-12-30,84.9,84.85,84.91,84.85,152.0,1290180.0,85.447
600779.SH,2022-12-30,84.9,84.82,84.9,84.82,58.0,492100.0,85.446
600779.SH,2022-12-30,84.82,84.88,84.88,84.8,169.0,1433390.0,85.445
600779.SH,2022-12-30,84.83,84.82,84.88,84.82,176.0,1493010.0,85.443
600779.SH,2022-12-30,84.82,84.88,84.88,84.82,202.0,1713520.0,85.44
600779.SH,2022-12-30,84.9,84.82,84.9,84.8,145.0,1230150.0,85.439
600779.SH,2022-12-30,84.87,84.83,84.87,84.82,164.0,1391240.0,85.437
600779.SH,2022-12-30,84.82,84.84,84.87,84.82,64.0,542917.0,85.436
600779.SH,2022-12-30,84.84,84.82,84.84,84.82,93.0,788951.0,85.435
600779.SH,2022-12-30,84.83,84.82,84.83,84.81,115.0,975364.0,85.434
600779.SH,2022-12-30,84.81,84.82,84.82,84.8,139.0,1178810.0,85.432
600779.SH,2022-12-30,84.82,84.81,84.82,84.8,105.0,890507.0,85.431
600779.SH,2022-12-30,84.8,85.0,85.06,84.8,262.0,2224540.0,85.429
600779.SH,2022-12-30,85.06,85.01,85.15,85.01,197.0,1676530.0,85.428
600779.SH,2022-12-30,85.01,84.91,85.01,84.91,168.0,1427490.0,85.426
600779.SH,2022-12-30,84.91,85.07,85.07,84.91,68.0,577918.0,85.426
600779.SH,2022-12-30,85.02,85.05,85.07,85.02,125.0,1063200.0,85.425
600779.SH,2022-12-30,85.03,85.04,85.05,85.02,60.0,510189.0,85.425
600779.SH,2022-12-30,85.02,85.01,85.03,85.01,62.0,527120.0,85.424
600779.SH,2022-12-30,85.01,85.01,85.02,85.0,151.0,1283600.0,85.423
600779.SH,2022-12-30,85.01,85.0,85.01,84.95,346.0,2940750.0,85.42
600779.SH,2022-12-30,85.01,85.1,85.1,84.98,209.0,1777220.0,85.419
600779.SH,2022-12-30,85.1,85.13,85.13,85.08,102.0,868086.0,85.419
600779.SH,2022-12-30,85.13,85.06,85.13,85.06,109.0,927498.0,85.418
600779.SH,2022-12-30,85.08,85.1,85.11,85.06,134.0,1140000.0,85.417
600779.SH,2022-12-30,85.1,85.2,85.2,85.1,701.0,5968420.0,85.414
600779.SH,2022-12-30,85.23,85.23,85.29,85.22,181.0,1543140.0,85.413
600779.SH,2022-12-30,85.25,85.16,85.25,85.14,121.0,1033750.0,85.413
600779.SH,2022-12-30,85.16,85.13,85.17,85.13,85.0,723811.0,85.413
600779.SH,2022-12-30,85.13,85.12,85.17,85.12,38.0,323563.0,85.412
600779.SH,2022-12-30,85.12,85.15,85.16,85.12,116.0,987709.0,85.412
600779.SH,2022-12-30,85.15,85.14,85.15,85.12,135.0,1149320.0,85.411
600779.SH,2022-12-30,85.14,85.24,85.24,85.14,287.0,2444170.0,85.41
600779.SH,2022-12-30,85.24,85.3,85.3,85.24,196.0,1671180.0,85.41
600779.SH,2022-12-30,85.29,85.26,85.29,85.25,43.0,366675.0,85.409
600779.SH,2022-12-30,85.27,85.26,85.27,85.25,122.0,1040230.0,85.409
600779.SH,2022-12-30,85.25,85.23,85.27,85.23,145.0,1236120.0,85.409
600779.SH,2022-12-30,85.22,85.2,85.23,85.2,289.0,2462840.0,85.408
600779.SH,2022-12-30,85.2,85.15,85.2,85.15,65.0,553614.0,85.408
600779.SH,2022-12-30,85.15,85.23,85.23,85.15,132.0,1124330.0,85.407
600779.SH,2022-12-30,85.24,85.3,85.3,85.24,213.0,1816620.0,85.407
600779.SH,2022-12-30,85.3,85.3,85.3,85.29,98.0,835871.0,85.407
600779.SH,2022-12-30,85.3,85.3,85.3,85.29,181.0,1543890.0,85.406
600779.SH,2022-12-30,85.31,85.44,85.44,85.3,229.0,1954710.0,85.406
600779.SH,2022-12-30,85.42,85.35,85.42,85.31,134.0,1144200.0,85.406
600779.SH,2022-12-30,85.35,85.33,85.36,85.33,152.0,1297160.0,85.406
600779.SH,2022-12-30,85.32,85.29,85.32,85.26,157.0,1339090.0,85.406
600779.SH,2022-12-30,85.3,85.23,85.3,85.21,78.0,665031.0,85.405
600779.SH,2022-12-30,85.21,85.08,85.21,85.08,225.0,1916140.0,85.404
600779.SH,2022-12-30,85.08,85.1,85.22,85.08,189.0,1609360.0,85.404
600779.SH,2022-12-30,85.12,85.08,85.2,85.01,319.0,2713410.0,85.402
600779.SH,2022-12-30,85.02,85.04,85.2,85.02,115.0,978307.0,85.401
600779.SH,2022-12-30,85.06,84.94,85.06,84.94,362.0,3077240.0,85.399
600779.SH,2022-12-30,84.98,84.94,84.98,84.94,191.0,1622580.0,85.398
600779.SH,2022-12-30,84.93,84.95,84.95,84.9,555.0,4712660.0,85.394
600779.SH,2022-12-30,84.95,84.89,84.97,84.89,281.0,2385910.0,85.391
600779.SH,2022-12-30,84.91,85.0,85.03,84.9,315.0,2675530.0,85.389
600779.SH,2022-12-30,85.0,85.07,85.08,85.0,272.0,2312640.0,85.388
600779.SH,2022-12-30,85.05,85.02,85.07,85.02,108.0,918549.0,85.387
600779.SH,2022-12-30,85.02,85.02,85.02,84.97,189.0,1606360.0,85.386
600779.SH,2022-12-30,85.0,85.02,85.03,85.0,97.0,824599.0,85.385
600779.SH,2022-12-30,85.02,85.0,85.02,85.0,109.0,926525.0,85.385
600779.SH,2022-12-30,85.0,85.07,85.07,85.0,291.0,2474990.0,85.383
600779.SH,2022-12-30,85.07,85.04,85.07,85.04,276.0,2347390.0,85.382
600779.SH,2022-12-30,85.04,85.0,85.04,84.98,363.0,3085690.0,85.38
600779.SH,2022-12-30,84.98,84.95,84.98,84.93,213.0,1809480.0,85.378
600779.SH,2022-12-30,84.95,84.98,84.99,84.95,220.0,1869020.0,85.377
600779.SH,2022-12-30,84.98,84.95,84.98,84.94,206.0,1750000.0,85.376
600779.SH,2022-12-30,84.95,84.9,84.95,84.9,288.0,2445840.0,85.374
600779.SH,2022-12-30,84.9,84.85,84.9,84.85,277.0,2350850.0,85.372
600779.SH,2022-12-30,84.85,84.76,84.85,84.76,687.0,5825360.0,85.366
600779.SH,2022-12-30,84.76,84.85,84.88,84.75,496.0,4206000.0,85.362
600779.SH,2022-12-30,84.85,84.77,84.85,84.76,256.0,2171020.0,85.36
600779.SH,2022-12-30,84.77,84.77,84.8,84.77,345.0,2924950.0,85.357
600779.SH,2022-12-30,84.78,84.78,84.8,84.76,329.0,2789300.0,85.354
600779.SH,2022-12-30,84.78,84.84,84.84,84.78,325.0,2756220.0,85.352
600779.SH,2022-12-30,84.84,84.79,84.86,84.79,264.0,2239660.0,85.35
600779.SH,2022-12-30,84.79,84.81,84.84,84.78,349.0,2959750.0,85.347
600779.SH,2022-12-30,84.81,84.8,84.84,84.8,371.0,3146590.0,85.344
600779.SH,2022-12-30,84.8,84.79,84.82,84.79,458.0,3883990.0,85.341
600779.SH,2022-12-30,84.8,84.78,84.8,84.78,327.0,2772690.0,85.338
600779.SH,2022-12-30,84.78,84.81,84.81,84.78,636.0,5392850.0,85.333
600779.SH,2022-12-30,84.82,84.81,84.82,84.79,335.0,2840900.0,85.331
600779.SH,2022-12-30,84.81,84.8,84.82,84.8,377.0,3197300.0,85.328
600779.SH,2022-12-30,84.8,84.7,84.81,84.7,1397.0,11841300.0,85.318
600779.SH,2022-12-30,84.69,84.56,84.69,84.56,1165.0,9859460.0,85.307
600779.SH,2022-12-30,84.57,84.61,84.63,84.55,792.0,6699620.0,85.3
600779.SH,2022-12-30,84.61,84.57,84.61,84.54,1174.0,9930020.0,85.289
600779.SH,2022-12-30,84.57,84.45,84.57,84.45,1724.0,14568400.0,85.272
600779.SH,2022-12-30,84.47,84.47,84.47,84.47,383.0,3235320.0,85.268
600779.SH,2022-12-30,84.47,84.47,84.47,84.47,0.0,0.0,85.268
600779.SH,2022-12-30,84.42,84.42,84.42,84.42,2750.0,23215500.0,85.24
600779.SH,2023-01-03,0.0,84.2,84.2,84.2,1168.0,9834560.0,84.2
600779.SH,2023-01-03,0.0,84.02,84.12,83.62,2870.0,24078600.0,83.985
600779.SH,2023-01-03,0.0,85.2,85.48,84.1,2632.0,22309600.0,84.286
600779.SH,2023-01-03,0.0,85.26,85.37,85.0,2006.0,17081600.0,84.486
600779.SH,2023-01-03,0.0,85.46,85.5,85.22,1740.0,14850900.0,84.631
600779.SH,2023-01-03,0.0,85.0,85.46,85.0,1286.0,10955800.0,84.692
600779.SH,2023-01-03,0.0,84.8,84.94,84.8,621.0,5272640.0,84.703
600779.SH,2023-01-03,0.0,84.2,84.84,84.17,961.0,8105130.0,84.677
600779.SH,2023-01-03,0.0,84.35,84.42,84.27,776.0,6540890.0,84.656
600779.SH,2023-01-03,0.0,83.83,84.43,83.83,851.0,7160910.0,84.625
600779.SH,2023-01-03,0.0,83.87,84.0,83.8,1620.0,13584000.0,84.549
600779.SH,2023-01-03,0.0,84.23,84.34,83.87,654.0,5503520.0,84.532
600779.SH,2023-01-03,0.0,84.42,84.47,84.07,475.0,4004010.0,84.525
600779.SH,2023-01-03,0.0,84.23,84.42,84.21,563.0,4745420.0,84.518
600779.SH,2023-01-03,0.0,84.49,84.49,84.08,946.0,7967560.0,84.503
600779.SH,2023-01-03,0.0,84.5,84.52,84.38,551.0,4655390.0,84.503
600779.SH,2023-01-03,0.0,84.48,84.48,84.33,457.0,3859540.0,84.502
600779.SH,2023-01-03,0.0,84.24,84.49,84.24,302.0,2548860.0,84.501
600779.SH,2023-01-03,0.0,84.15,84.24,84.1,313.0,2634740.0,84.496
600779.SH,2023-01-03,0.0,83.85,84.18,83.85,755.0,6335400.0,84.475
600779.SH,2023-01-03,0.0,83.87,83.99,83.71,462.0,3872840.0,84.462
600779.SH,2023-01-03,0.0,83.48,83.87,83.41,1711.0,14295000.0,84.396
600779.SH,2023-01-03,0.0,83.88,83.88,83.49,1065.0,8909320.0,84.364
600779.SH,2023-01-03,0.0,83.7,83.87,83.68,464.0,3885810.0,84.353
600779.SH,2023-01-03,0.0,84.0,84.0,83.78,549.0,4602940.0,84.342
600779.SH,2023-01-03,0.0,83.9,84.13,83.9,210.0,1764150.0,84.339
600779.SH,2023-01-03,0.0,83.71,83.94,83.71,233.0,1953160.0,84.335
600779.SH,2023-01-03,0.0,83.79,83.79,83.63,504.0,4218200.0,84.322
600779.SH,2023-01-03,0.0,83.74,83.76,83.65,255.0,2134560.0,84.317
600779.SH,2023-01-03,0.0,83.7,83.71,83.58,590.0,4934370.0,84.302
600779.SH,2023-01-03,0.0,84.04,84.1,83.73,492.0,4128220.0,84.295
600779.SH,2023-01-03,0.0,84.09,84.13,83.89,327.0,2747000.0,84.292
600779.SH,2023-01-03,0.0,83.81,84.1,83.81,256.0,2150160.0,84.289
600779.SH,2023-01-03,0.0,84.16,84.16,83.8,383.0,3217430.0,84.285
600779.SH,2023-01-03,0.0,84.08,84.17,84.0,427.0,3589140.0,84.282
600779.SH,2023-01-03,0.0,83.95,84.08,83.95,104.0,873697.0,84.281
600779.SH,2023-01-03,0.0,83.73,83.89,83.73,161.0,1348940.0,84.278
600779.SH,2023-01-03,0.0,83.41,83.73,83.41,622.0,5194980.0,84.263
600779.SH,2023-01-03,0.0,83.6,83.65,83.4,720.0,6013050.0,84.245
600779.SH,2023-01-03,0.0,83.5,83.66,83.5,311.0,2599330.0,84.239
600779.SH,2023-01-03,0.0,83.33,83.51,83.31,638.0,5319890.0,84.222
600779.SH,2023-01-03,0.0,83.11,83.31,83.11,835.0,6951820.0,84.197
600779.SH,2023-01-03,0.0,83.37,83.45,83.05,1095.0,9112780.0,84.166
600779.SH,2023-01-03,0.0,83.09,83.35,83.09,514.0,4276040.0,84.151
600779.SH,2023-01-03,0.0,83.3,83.36,83.09,519.0,4319440.0,84.137
600779.SH,2023-01-03,0.0,83.18,83.32,83.18,300.0,2498110.0,84.13
600779.SH,2023-01-03,0.0,82.99,83.16,82.98,1230.0,10214500.0,84.094
600779.SH,2023-01-03,0.0,82.67,82.96,82.6,1427.0,11814000.0,84.044
600779.SH,2023-01-03,0.0,82.72,82.83,82.6,1759.0,14549400.0,83.986
600779.SH,2023-01-03,0.0,82.58,82.73,82.48,1858.0,15345500.0,83.923
600779.SH,2023-01-03,0.0,82.6,82.7,82.55,1934.0,15976300.0,83.865
600779.SH,2023-01-03,0.0,82.62,82.68,82.6,464.0,3833940.0,83.852
600779.SH,2023-01-03,0.0,82.73,82.73,82.62,434.0,3587720.0,83.84
600779.SH,2023-01-03,0.0,82.71,82.92,82.71,554.0,4587470.0,83.827
600779.SH,2023-01-03,0.0,82.57,82.7,82.57,476.0,3933010.0,83.815
600779.SH,2023-01-03,0.0,82.17,82.5,82.13,1268.0,10444500.0,83.776
600779.SH,2023-01-03,0.0,82.63,82.65,82.2,1375.0,11317500.0,83.735
600779.SH,2023-01-03,0.0,82.61,82.65,82.59,680.0,5617640.0,83.719
600779.SH,2023-01-03,0.0,82.75,82.8,82.6,361.0,2985490.0,83.711
600779.SH,2023-01-03,0.0,82.87,82.88,82.79,296.0,2447340.0,83.706
600779.SH,2023-01-03,0.0,83.01,83.01,82.84,553.0,4582440.0,83.698
600779.SH,2023-01-03,0.0,83.14,83.18,83.03,423.0,3515550.0,83.693
600779.SH,2023-01-03,0.0,83.02,83.11,82.99,391.0,3246710.0,83.688
600779.SH,2023-01-03,0.0,82.88,83.03,82.88,378.0,3136310.0,83.682
600779.SH,2023-01-03,0.0,82.69,83.0,82.68,758.0,6275040.0,83.67
600779.SH,2023-01-03,0.0,82.62,82.7,82.62,273.0,2256580.0,83.665
600779.SH,2023-01-03,0.0,82.8,82.8,82.58,554.0,4580170.0,83.654
600779.SH,2023-01-03,0.0,82.77,82.81,82.77,183.0,1515090.0,83.651
600779.SH,2023-01-03,0.0,82.88,82.88,82.77,291.0,2410700.0,83.647
600779.SH,2023-01-03,0.0,83.07,83.1,82.88,619.0,5139720.0,83.64
600779.SH,2023-01-03,0.0,83.0,83.08,82.95,229.0,1900560.0,83.637
600779.SH,2023-01-03,0.0,82.88,83.0,82.87,285.0,2363640.0,83.633
600779.SH,2023-01-03,0.0,82.78,82.88,82.78,358.0,2964660.0,83.628
600779.SH,2023-01-03,0.0,82.76,82.8,82.76,321.0,2656860.0,83.623
600779.SH,2023-01-03,0.0,82.66,82.76,82.66,133.0,1100330.0,83.621
600779.SH,2023-01-03,0.0,82.6,82.7,82.6,222.0,1834900.0,83.617
600779.SH,2023-01-03,0.0,82.5,82.6,82.41,431.0,3553460.0,83.609
600779.SH,2023-01-03,0.0,82.27,82.41,82.26,1021.0,8403600.0,83.585
600779.SH,2023-01-03,0.0,82.3,82.3,82.25,404.0,3323640.0,83.576
600779.SH,2023-01-03,0.0,82.34,82.38,82.25,524.0,4312520.0,83.564
600779.SH,2023-01-03,0.0,82.4,82.48,82.3,429.0,3529430.0,83.556
600779.SH,2023-01-03,0.0,82.31,82.44,82.31,235.0,1935570.0,83.551
600779.SH,2023-01-03,0.0,82.23,82.31,82.23,313.0,2574990.0,83.544
600779.SH,2023-01-03,0.0,82.17,82.23,82.17,1058.0,8696930.0,83.52
600779.SH,2023-01-03,0.0,82.19,82.21,82.14,602.0,4946830.0,83.507
600779.SH,2023-01-03,0.0,82.28,82.3,82.16,357.0,2931340.0,83.499
600779.SH,2023-01-03,0.0,82.2,82.36,82.2,362.0,2979460.0,83.492
600779.SH,2023-01-03,0.0,82.21,82.33,82.2,407.0,3343040.0,83.484
600779.SH,2023-01-03,0.0,82.18,82.22,82.18,293.0,2408420.0,83.478
600779.SH,2023-01-03,0.0,82.16,82.24,82.16,518.0,4256480.0,83.467
600779.SH,2023-01-03,0.0,82.17,82.28,82.16,268.0,2202620.0,83.462
600779.SH,2023-01-03,0.0,82.19,82.3,82.17,508.0,4176100.0,83.451
600779.SH,2023-01-03,0.0,82.28,82.28,82.18,563.0,4629150.0,83.441
600779.SH,2023-01-03,0.0,82.22,82.39,82.2,475.0,3908190.0,83.432
600779.SH,2023-01-03,0.0,82.24,82.33,82.22,174.0,1431100.0,83.429
600779.SH,2023-01-03,0.0,82.14,82.35,82.14,736.0,6054720.0,83.415
600779.SH,2023-01-03,0.0,82.05,82.14,82.05,459.0,3764270.0,83.406
600779.SH,2023-01-03,0.0,82.02,82.05,82.0,741.0,6077630.0,83.39
600779.SH,2023-01-03,0.0,81.95,82.02,81.95,941.0,7716160.0,83.371
600779.SH,2023-01-03,0.0,81.82,81.95,81.81,836.0,6846510.0,83.353
600779.SH,2023-01-03,0.0,81.68,81.86,81.68,1352.0,11054900.0,83.322
600779.SH,2023-01-03,0.0,81.97,81.97,81.71,1031.0,8433850.0,83.3
600779.SH,2023-01-03,0.0,82.0,82.05,81.95,355.0,2910400.0,83.293
600779.SH,2023-01-03,0.0,81.99,82.07,81.96,192.0,1574740.0,83.29
600779.SH,2023-01-03,0.0,81.9,81.98,81.9,195.0,1598150.0,83.286
600779.SH,2023-01-03,0.0,81.81,81.9,81.81,205.0,1678020.0,83.282
600779.SH,2023-01-03,0.0,81.66,81.79,81.66,617.0,5042330.0,83.268
600779.SH,2023-01-03,0.0,81.76,81.86,81.59,1222.0,9978370.0,83.242
600779.SH,2023-01-03,0.0,81.82,81.9,81.75,385.0,3149560.0,83.235
600779.SH,2023-01-03,0.0,81.83,81.93,81.82,150.0,1228390.0,83.232
600779.SH,2023-01-03,0.0,82.02,82.02,81.83,570.0,4669640.0,83.222
600779.SH,2023-01-03,0.0,82.01,82.11,82.0,281.0,2307920.0,83.217
600779.SH,2023-01-03,0.0,82.2,82.21,82.01,218.0,1785400.0,83.214
600779.SH,2023-01-03,0.0,82.08,82.21,82.04,143.0,1173950.0,83.212
600779.SH,2023-01-03,0.0,82.07,82.08,82.0,178.0,1460160.0,83.209
600779.SH,2023-01-03,0.0,81.94,82.05,81.92,138.0,1131490.0,83.207
600779.SH,2023-01-03,0.0,82.26,82.26,81.94,344.0,2822200.0,83.202
600779.SH,2023-01-03,0.0,82.29,82.33,82.25,121.0,995919.0,83.2
600779.SH,2023-01-03,0.0,82.26,82.3,82.26,183.0,1505740.0,83.198
600779.SH,2023-01-03,0.0,82.23,82.26,82.19,470.0,3865820.0,83.192
600779.SH,2023-01-03,0.0,82.24,82.3,82.23,146.0,1200800.0,83.19
600779.SH,2023-01-03,0.0,82.14,82.24,82.14,465.0,3823420.0,83.185
600779.SH,2023-01-03,0.0,82.43,82.45,82.1,377.0,3099880.0,83.18
600779.SH,2023-01-03,0.0,82.36,82.45,82.36,230.0,1895370.0,83.178
600779.SH,2023-01-03,0.0,82.28,82.37,82.28,112.0,921863.0,83.176
600779.SH,2023-01-03,0.0,82.03,82.29,82.03,173.0,1422000.0,83.174
600779.SH,2023-01-03,0.0,82.1,82.1,82.03,118.0,968603.0,83.173
600779.SH,2023-01-03,0.0,82.11,82.24,82.1,131.0,1075870.0,83.171
600779.SH,2023-01-03,0.0,82.1,82.19,82.1,101.0,829337.0,83.169
600779.SH,2023-01-03,0.0,82.38,82.38,82.1,328.0,2697380.0,83.166
600779.SH,2023-01-03,0.0,82.42,82.48,82.37,378.0,3115220.0,83.162
600779.SH,2023-01-03,0.0,82.37,82.45,82.37,390.0,3214230.0,83.158
600779.SH,2023-01-03,0.0,82.3,82.4,82.3,226.0,1861650.0,83.156
600779.SH,2023-01-03,0.0,82.1,82.3,82.1,180.0,1479130.0,83.154
600779.SH,2023-01-03,0.0,82.08,82.2,82.04,310.0,2544860.0,83.15
600779.SH,2023-01-03,0.0,82.23,82.24,82.12,191.0,1570090.0,83.147
600779.SH,2023-01-03,0.0,82.24,82.24,82.2,177.0,1455230.0,83.145
600779.SH,2023-01-03,0.0,82.4,82.4,82.24,169.0,1388400.0,83.144
600779.SH,2023-01-03,0.0,82.23,82.43,82.23,253.0,2082970.0,83.141
600779.SH,2023-01-03,0.0,82.16,82.23,82.15,172.0,1413420.0,83.139
600779.SH,2023-01-03,0.0,82.13,82.19,82.13,218.0,1791170.0,83.136
600779.SH,2023-01-03,0.0,82.13,82.13,82.08,181.0,1487830.0,83.134
600779.SH,2023-01-03,0.0,82.27,82.35,82.13,252.0,2072180.0,83.131
600779.SH,2023-01-03,0.0,82.2,82.27,82.15,168.0,1381540.0,83.13
600779.SH,2023-01-03,0.0,82.27,82.3,82.12,335.0,2752700.0,83.126
600779.SH,2023-01-03,0.0,82.34,82.34,82.26,150.0,1234300.0,83.124
600779.SH,2023-01-03,0.0,82.27,82.34,82.27,94.0,773644.0,83.123
600779.SH,2023-01-03,0.0,82.21,82.28,82.21,129.0,1060840.0,83.122
600779.SH,2023-01-03,0.0,82.1,82.23,82.1,248.0,2037550.0,83.119
600779.SH,2023-01-03,0.0,82.01,82.14,82.0,383.0,3142470.0,83.114
600779.SH,2023-01-03,0.0,82.15,82.15,82.01,296.0,2430050.0,83.11
600779.SH,2023-01-03,0.0,82.25,82.25,82.11,208.0,1709460.0,83.108
600779.SH,2023-01-03,0.0,82.2,82.25,82.2,121.0,994855.0,83.107
600779.SH,2023-01-03,0.0,82.12,82.21,82.1,242.0,1988320.0,83.104
600779.SH,2023-01-03,0.0,82.06,82.13,82.06,247.0,2028090.0,83.101
600779.SH,2023-01-03,0.0,81.98,82.06,81.98,493.0,4042720.0,83.095
600779.SH,2023-01-03,0.0,82.12,82.12,81.95,333.0,2730750.0,83.09
600779.SH,2023-01-03,0.0,82.06,82.13,82.06,143.0,1174030.0,83.089
600779.SH,2023-01-03,0.0,81.92,82.09,81.9,347.0,2844560.0,83.084
600779.SH,2023-01-03,0.0,81.92,81.94,81.9,306.0,2506460.0,83.08
600779.SH,2023-01-03,0.0,81.94,81.99,81.93,202.0,1655480.0,83.077
600779.SH,2023-01-03,0.0,81.92,81.96,81.9,241.0,1974540.0,83.074
600779.SH,2023-01-03,0.0,81.95,81.97,81.93,293.0,2401370.0,83.071
600779.SH,2023-01-03,0.0,82.03,82.03,81.98,154.0,1263330.0,83.069
600779.SH,2023-01-03,0.0,82.0,82.05,81.98,270.0,2214720.0,83.065
600779.SH,2023-01-03,0.0,82.03,82.03,81.98,220.0,1803940.0,83.063
600779.SH,2023-01-03,0.0,81.99,82.05,81.99,102.0,836496.0,83.062
600779.SH,2023-01-03,0.0,82.03,82.03,81.97,299.0,2451780.0,83.058
600779.SH,2023-01-03,0.0,81.98,82.03,81.98,168.0,1377860.0,83.056
600779.SH,2023-01-03,0.0,82.01,82.01,81.98,180.0,1475820.0,83.054
600779.SH,2023-01-03,0.0,81.98,82.02,81.98,110.0,902009.0,83.052
600779.SH,2023-01-03,0.0,81.96,81.99,81.96,155.0,1270540.0,83.051
600779.SH,2023-01-03,0.0,81.92,81.97,81.91,158.0,1294670.0,83.049
600779.SH,2023-01-03,0.0,81.88,81.92,81.88,224.0,1834560.0,83.046
600779.SH,2023-01-03,0.0,81.9,81.91,81.88,270.0,2211180.0,83.042
600779.SH,2023-01-03,0.0,81.85,81.9,81.85,207.0,1694800.0,83.039
600779.SH,2023-01-03,0.0,81.85,81.88,81.83,273.0,2234720.0,83.036
600779.SH,2023-01-03,0.0,81.88,81.91,81.84,243.0,1989700.0,83.033
600779.SH,2023-01-03,0.0,81.88,81.88,81.85,208.0,1702870.0,83.03
600779.SH,2023-01-03,0.0,81.82,81.89,81.81,420.0,3437020.0,83.024
600779.SH,2023-01-03,0.0,81.83,81.85,81.81,169.0,1382850.0,83.022
600779.SH,2023-01-03,0.0,82.07,82.09,81.82,449.0,3681860.0,83.017
600779.SH,2023-01-03,0.0,82.25,82.3,82.09,359.0,2951900.0,83.014
600779.SH,2023-01-03,0.0,82.16,82.27,82.15,175.0,1438950.0,83.012
600779.SH,2023-01-03,0.0,82.16,82.16,82.05,368.0,3021130.0,83.009
600779.SH,2023-01-03,0.0,82.16,82.2,82.13,93.0,764084.0,83.008
600779.SH,2023-01-03,0.0,82.23,82.25,82.16,251.0,2063840.0,83.006
600779.SH,2023-01-03,0.0,82.08,82.25,82.08,162.0,1331060.0,83.004
600779.SH,2023-01-03,0.0,82.02,82.12,82.02,102.0,837287.0,83.003
600779.SH,2023-01-03,0.0,81.97,82.1,81.97,134.0,1098890.0,83.002
600779.SH,2023-01-03,0.0,82.01,82.07,81.97,169.0,1385720.0,83.0
600779.SH,2023-01-03,0.0,82.03,82.09,82.0,69.0,566297.0,82.999
600779.SH,2023-01-03,0.0,82.03,82.07,81.98,198.0,1624260.0,82.997
600779.SH,2023-01-03,0.0,82.06,82.08,82.03,103.0,845212.0,82.996
600779.SH,2023-01-03,0.0,81.99,82.08,81.98,192.0,1574680.0,82.994
600779.SH,2023-01-03,0.0,82.01,82.06,81.99,131.0,1074330.0,82.993
600779.SH,2023-01-03,0.0,82.08,82.1,82.01,202.0,1657680.0,82.991
600779.SH,2023-01-03,0.0,82.08,82.12,82.07,153.0,1255870.0,82.989
600779.SH,2023-01-03,0.0,82.08,82.1,82.03,176.0,1444490.0,82.987
600779.SH,2023-01-03,0.0,82.08,82.1,82.05,146.0,1198350.0,82.986
600779.SH,2023-01-03,0.0,82.09,82.12,82.09,86.0,706032.0,82.985
600779.SH,2023-01-03,0.0,82.13,82.15,82.09,278.0,2282910.0,82.983
600779.SH,2023-01-03,0.0,82.16,82.17,82.12,94.0,772240.0,82.982
600779.SH,2023-01-03,0.0,82.11,82.17,82.11,171.0,1404500.0,82.98
600779.SH,2023-01-03,0.0,82.08,82.11,82.08,292.0,2397220.0,82.978
600779.SH,2023-01-03,0.0,82.06,82.08,82.01,257.0,2108710.0,82.975
600779.SH,2023-01-03,0.0,82.04,82.07,82.03,170.0,1394810.0,82.973
600779.SH,2023-01-03,0.0,82.0,82.06,82.0,210.0,1722410.0,82.971
600779.SH,2023-01-03,0.0,82.08,82.08,82.0,479.0,3932320.0,82.967
600779.SH,2023-01-03,0.0,82.07,82.08,82.07,108.0,886386.0,82.966
600779.SH,2023-01-03,0.0,82.18,82.18,82.06,443.0,3637120.0,82.962
600779.SH,2023-01-03,0.0,82.49,82.5,82.19,904.0,7437970.0,82.956
600779.SH,2023-01-03,0.0,82.49,82.5,82.4,422.0,3479580.0,82.953
600779.SH,2023-01-03,0.0,82.35,82.48,82.35,248.0,2044110.0,82.952
600779.SH,2023-01-03,0.0,82.36,82.4,82.35,143.0,1178080.0,82.951
600779.SH,2023-01-03,0.0,82.25,82.37,82.25,242.0,1992350.0,82.95
600779.SH,2023-01-03,0.0,82.4,82.4,82.25,350.0,2881250.0,82.948
600779.SH,2023-01-03,0.0,82.45,82.48,82.39,254.0,2093660.0,82.946
600779.SH,2023-01-03,0.0,82.63,82.63,82.41,511.0,4216740.0,82.944
600779.SH,2023-01-03,0.0,82.79,82.79,82.65,268.0,2217120.0,82.943
600779.SH,2023-01-03,0.0,82.64,82.79,82.6,549.0,4541840.0,82.942
600779.SH,2023-01-03,0.0,82.68,82.7,82.64,788.0,6515320.0,82.94
600779.SH,2023-01-03,0.0,82.68,82.7,82.64,283.0,2339090.0,82.939
600779.SH,2023-01-03,0.0,82.64,82.68,82.64,349.0,2885090.0,82.938
600779.SH,2023-01-03,0.0,82.66,82.67,82.63,332.0,2743890.0,82.938
600779.SH,2023-01-03,0.0,82.68,82.68,82.65,276.0,2281400.0,82.937
600779.SH,2023-01-03,0.0,82.66,82.7,82.66,314.0,2596070.0,82.936
600779.SH,2023-01-03,0.0,82.66,82.7,82.65,323.0,2670000.0,82.935
600779.SH,2023-01-03,0.0,82.66,82.7,82.65,499.0,4125460.0,82.934
600779.SH,2023-01-03,0.0,82.57,82.65,82.57,465.0,3841470.0,82.932
600779.SH,2023-01-03,0.0,82.52,82.57,82.52,333.0,2748990.0,82.931
600779.SH,2023-01-03,0.0,82.56,82.58,82.52,232.0,1915080.0,82.93
600779.SH,2023-01-03,0.0,82.64,82.65,82.58,275.0,2271720.0,82.93
600779.SH,2023-01-03,0.0,82.63,82.65,82.61,353.0,2916990.0,82.929
600779.SH,2023-01-03,0.0,82.62,82.65,82.61,544.0,4492520.0,82.927
600779.SH,2023-01-03,0.0,82.58,82.64,82.58,519.0,4287530.0,82.926
600779.SH,2023-01-03,0.0,82.61,82.62,82.58,500.0,4126590.0,82.924
600779.SH,2023-01-03,0.0,82.5,82.64,82.5,991.0,8182260.0,82.921
600779.SH,2023-01-03,0.0,82.53,82.53,82.53,1.0,8253.0,82.921
600779.SH,2023-01-03,0.0,82.53,82.53,82.53,0.0,0.0,82.921
600779.SH,2023-01-03,0.0,82.53,82.53,82.53,1846.0,15232300.0,82.914
