code,tdate,open,close,high,low,cjl,cje,cjjj
601888.SH,2022-10-17,0.0,184.96,184.96,184.96,426.0,7879300.0,184.96
601888.SH,2022-10-17,0.0,184.14,184.8,184.01,1197.0,22081100.0,184.599
601888.SH,2022-10-17,0.0,184.61,184.8,183.58,1273.0,23415300.0,184.331
601888.SH,2022-10-17,0.0,184.97,185.21,184.3,711.0,13131400.0,184.401
601888.SH,2022-10-17,0.0,186.2,186.35,185.2,574.0,10673000.0,184.613
601888.SH,2022-10-17,0.0,186.57,186.9,186.07,864.0,16112500.0,184.934
601888.SH,2022-10-17,0.0,185.4,186.31,185.4,666.0,12382700.0,185.05
601888.SH,2022-10-17,0.0,186.06,186.06,185.33,386.0,7165240.0,185.086
601888.SH,2022-10-17,0.0,186.48,186.53,186.06,414.0,7711510.0,185.161
601888.SH,2022-10-17,0.0,186.14,186.66,186.0,628.0,11705900.0,185.27
601888.SH,2022-10-17,0.0,186.2,186.2,185.81,417.0,7756610.0,185.311
601888.SH,2022-10-17,0.0,185.92,186.32,185.85,725.0,13493100.0,185.381
601888.SH,2022-10-17,0.0,185.41,186.0,185.41,658.0,12218200.0,185.404
601888.SH,2022-10-17,0.0,185.5,185.82,185.41,689.0,12793900.0,185.424
601888.SH,2022-10-17,0.0,185.47,185.71,185.47,304.0,5639390.0,185.427
601888.SH,2022-10-17,0.0,185.53,185.71,185.46,280.0,5194020.0,185.429
601888.SH,2022-10-17,0.0,185.81,186.05,185.58,657.0,12212700.0,185.456
601888.SH,2022-10-17,0.0,185.62,185.81,185.42,499.0,9261740.0,185.463
601888.SH,2022-10-17,0.0,185.75,185.79,185.61,257.0,4772550.0,185.468
601888.SH,2022-10-17,0.0,186.08,186.08,185.67,1188.0,22087200.0,185.51
601888.SH,2022-10-17,0.0,186.53,186.68,186.18,810.0,15103800.0,185.567
601888.SH,2022-10-17,0.0,186.39,186.6,186.22,958.0,17862200.0,185.625
601888.SH,2022-10-17,0.0,186.17,186.49,186.12,401.0,7472310.0,185.644
601888.SH,2022-10-17,0.0,186.13,186.31,186.1,230.0,4282230.0,185.652
601888.SH,2022-10-17,0.0,185.94,186.11,185.88,457.0,8500270.0,185.663
601888.SH,2022-10-17,0.0,186.53,186.53,185.94,543.0,10108000.0,185.679
601888.SH,2022-10-17,0.0,185.91,186.52,185.91,651.0,12114200.0,185.695
601888.SH,2022-10-17,0.0,185.62,185.94,185.62,478.0,8882450.0,185.698
601888.SH,2022-10-17,0.0,185.58,185.64,185.45,393.0,7291740.0,185.695
601888.SH,2022-10-17,0.0,185.4,185.58,185.4,361.0,6696790.0,185.691
601888.SH,2022-10-17,0.0,184.72,185.42,184.72,959.0,17758900.0,185.665
601888.SH,2022-10-17,0.0,184.88,184.88,184.33,645.0,11898500.0,185.627
601888.SH,2022-10-17,0.0,184.62,184.89,184.45,595.0,10991200.0,185.601
601888.SH,2022-10-17,0.0,184.64,184.79,184.53,511.0,9436380.0,185.578
601888.SH,2022-10-17,0.0,184.61,184.76,184.6,539.0,9952580.0,185.554
601888.SH,2022-10-17,0.0,184.29,184.58,184.29,536.0,9885340.0,185.526
601888.SH,2022-10-17,0.0,184.34,184.4,184.27,395.0,7279610.0,185.505
601888.SH,2022-10-17,0.0,184.31,184.37,184.31,587.0,10818700.0,185.474
601888.SH,2022-10-17,0.0,184.1,184.31,184.09,256.0,4714850.0,185.46
601888.SH,2022-10-17,0.0,184.07,184.16,184.07,392.0,7217430.0,185.437
601888.SH,2022-10-17,0.0,184.11,184.11,184.04,384.0,7067650.0,185.415
601888.SH,2022-10-17,0.0,184.1,184.11,184.06,378.0,6958790.0,185.395
601888.SH,2022-10-17,0.0,184.21,184.36,184.16,322.0,5933320.0,185.38
601888.SH,2022-10-17,0.0,184.25,184.34,184.22,369.0,6800050.0,185.364
601888.SH,2022-10-17,0.0,184.61,184.76,184.32,371.0,6846530.0,185.351
601888.SH,2022-10-17,0.0,184.53,184.75,184.5,589.0,10874900.0,185.335
601888.SH,2022-10-17,0.0,184.23,184.51,184.2,362.0,6670770.0,185.321
601888.SH,2022-10-17,0.0,184.38,184.44,184.27,324.0,5968600.0,185.309
601888.SH,2022-10-17,0.0,184.78,184.78,184.38,363.0,6699430.0,185.299
601888.SH,2022-10-17,0.0,185.11,185.11,184.78,680.0,12577600.0,185.29
601888.SH,2022-10-17,0.0,184.81,185.12,184.81,661.0,12226500.0,185.283
601888.SH,2022-10-17,0.0,184.65,184.84,184.5,462.0,8532140.0,185.273
601888.SH,2022-10-17,0.0,184.72,184.79,184.67,175.0,3233080.0,185.27
601888.SH,2022-10-17,0.0,184.96,184.96,184.67,251.0,4636980.0,185.265
601888.SH,2022-10-17,0.0,185.29,185.29,184.95,517.0,9572250.0,185.263
601888.SH,2022-10-17,0.0,185.51,185.51,185.16,530.0,9826930.0,185.266
601888.SH,2022-10-17,0.0,185.48,185.5,185.35,480.0,8902090.0,185.269
601888.SH,2022-10-17,0.0,185.26,185.45,185.26,147.0,2724830.0,185.27
601888.SH,2022-10-17,0.0,185.37,185.41,185.23,162.0,3001100.0,185.27
601888.SH,2022-10-17,0.0,185.56,185.57,185.37,154.0,2855960.0,185.27
601888.SH,2022-10-17,0.0,185.71,185.79,185.56,115.0,2135260.0,185.272
601888.SH,2022-10-17,0.0,185.84,186.17,185.78,311.0,5783510.0,185.279
601888.SH,2022-10-17,0.0,185.45,185.74,185.41,150.0,2783240.0,185.28
601888.SH,2022-10-17,0.0,185.26,185.48,185.24,102.0,1890580.0,185.28
601888.SH,2022-10-17,0.0,186.03,186.06,185.33,139.0,2580540.0,185.282
601888.SH,2022-10-17,0.0,185.93,186.03,185.77,241.0,4482120.0,185.287
601888.SH,2022-10-17,0.0,185.53,185.99,185.53,138.0,2564500.0,185.289
601888.SH,2022-10-17,0.0,185.3,185.71,185.3,158.0,2929270.0,185.29
601888.SH,2022-10-17,0.0,185.5,185.53,185.3,78.0,1446730.0,185.29
601888.SH,2022-10-17,0.0,185.57,185.88,185.46,88.0,1633920.0,185.291
601888.SH,2022-10-17,0.0,185.88,185.95,185.6,142.0,2639430.0,185.294
601888.SH,2022-10-17,0.0,185.61,185.88,185.46,199.0,3694290.0,185.296
601888.SH,2022-10-17,0.0,186.15,186.15,185.61,228.0,4239490.0,185.3
601888.SH,2022-10-17,0.0,186.02,186.11,186.01,179.0,3331140.0,185.305
601888.SH,2022-10-17,0.0,185.7,186.03,185.6,114.0,2119740.0,185.307
601888.SH,2022-10-17,0.0,185.7,185.7,185.6,98.0,1819550.0,185.308
601888.SH,2022-10-17,0.0,185.21,185.69,185.21,185.0,3431940.0,185.309
601888.SH,2022-10-17,0.0,185.3,185.33,185.27,90.0,1667960.0,185.309
601888.SH,2022-10-17,0.0,185.3,185.31,185.3,137.0,2538660.0,185.309
601888.SH,2022-10-17,0.0,185.51,185.51,185.3,105.0,1946180.0,185.309
601888.SH,2022-10-17,0.0,185.55,185.73,185.51,87.0,1614380.0,185.31
601888.SH,2022-10-17,0.0,185.41,185.51,185.4,86.0,1595030.0,185.31
601888.SH,2022-10-17,0.0,185.31,185.4,185.31,111.0,2057670.0,185.31
601888.SH,2022-10-17,0.0,185.2,185.32,185.2,146.0,2704950.0,185.31
601888.SH,2022-10-17,0.0,185.16,185.27,185.16,82.0,1518650.0,185.31
601888.SH,2022-10-17,0.0,184.9,185.16,184.9,195.0,3608050.0,185.308
601888.SH,2022-10-17,0.0,184.63,184.91,184.63,124.0,2290440.0,185.306
601888.SH,2022-10-17,0.0,184.62,184.63,184.6,148.0,2732360.0,185.303
601888.SH,2022-10-17,0.0,184.6,184.62,184.6,121.0,2233730.0,185.301
601888.SH,2022-10-17,0.0,184.76,184.76,184.6,130.0,2400290.0,185.299
601888.SH,2022-10-17,0.0,184.63,184.81,184.62,88.0,1629570.0,185.297
601888.SH,2022-10-17,0.0,184.67,184.72,184.62,160.0,2954640.0,185.294
601888.SH,2022-10-17,0.0,184.57,184.66,184.57,227.0,4191340.0,185.29
601888.SH,2022-10-17,0.0,184.67,184.67,184.55,134.0,2477160.0,185.287
601888.SH,2022-10-17,0.0,184.67,184.72,184.61,181.0,3342040.0,185.284
601888.SH,2022-10-17,0.0,184.61,184.72,184.61,154.0,2843570.0,185.282
601888.SH,2022-10-17,0.0,184.57,184.62,184.56,108.0,1993540.0,185.279
601888.SH,2022-10-17,0.0,184.52,184.57,184.52,134.0,2473100.0,185.277
601888.SH,2022-10-17,0.0,184.62,184.67,184.52,103.0,1901360.0,185.275
601888.SH,2022-10-17,0.0,184.66,184.66,184.58,155.0,2861350.0,185.272
601888.SH,2022-10-17,0.0,184.59,184.67,184.59,196.0,3618310.0,185.269
601888.SH,2022-10-17,0.0,184.52,184.59,184.52,159.0,2934780.0,185.266
601888.SH,2022-10-17,0.0,184.39,184.53,184.38,235.0,4334910.0,185.261
601888.SH,2022-10-17,0.0,184.18,184.37,184.15,259.0,4772060.0,185.254
601888.SH,2022-10-17,0.0,184.15,184.2,184.15,143.0,2633630.0,185.25
601888.SH,2022-10-17,0.0,184.11,184.3,184.08,340.0,6260420.0,185.24
601888.SH,2022-10-17,0.0,184.11,184.11,184.08,116.0,2135540.0,185.236
601888.SH,2022-10-17,0.0,184.25,184.3,184.11,101.0,1861080.0,185.234
601888.SH,2022-10-17,0.0,184.55,184.55,184.25,121.0,2232120.0,185.231
601888.SH,2022-10-17,0.0,184.43,184.51,184.43,57.0,1051570.0,185.23
601888.SH,2022-10-17,0.0,184.4,184.46,184.35,99.0,1825730.0,185.228
601888.SH,2022-10-17,0.0,184.43,184.45,184.4,212.0,3909790.0,185.224
601888.SH,2022-10-17,0.0,184.43,184.43,184.4,52.0,958958.0,185.223
601888.SH,2022-10-17,0.0,184.51,184.66,184.4,255.0,4704260.0,185.218
601888.SH,2022-10-17,0.0,184.54,184.56,184.51,72.0,1328740.0,185.217
601888.SH,2022-10-17,0.0,184.56,184.56,184.51,75.0,1384160.0,185.215
601888.SH,2022-10-17,0.0,184.45,184.54,184.45,155.0,2860200.0,185.213
601888.SH,2022-10-17,0.0,184.46,184.5,184.44,118.0,2176620.0,185.21
601888.SH,2022-10-17,0.0,184.43,184.5,184.41,111.0,2045510.0,185.208
601888.SH,2022-10-17,0.0,184.45,184.45,184.4,73.0,1346290.0,185.207
601888.SH,2022-10-17,0.0,184.5,184.5,184.43,127.0,2342810.0,185.204
601888.SH,2022-10-17,0.0,184.01,184.53,184.01,611.0,11266700.0,185.192
601888.SH,2022-10-17,0.0,183.8,184.02,183.7,783.0,14402400.0,185.168
601888.SH,2022-10-17,0.0,183.72,183.8,183.66,419.0,7697470.0,185.153
601888.SH,2022-10-17,0.0,183.83,183.85,183.7,276.0,5071090.0,185.144
601888.SH,2022-10-17,0.0,183.9,183.93,183.8,166.0,3051740.0,185.139
601888.SH,2022-10-17,0.0,183.77,183.88,183.75,129.0,2371060.0,185.135
601888.SH,2022-10-17,0.0,184.0,184.0,183.77,146.0,2684340.0,185.131
601888.SH,2022-10-17,0.0,184.16,184.16,183.9,173.0,3183780.0,185.126
601888.SH,2022-10-17,0.0,184.22,184.42,184.09,206.0,3795210.0,185.122
601888.SH,2022-10-17,0.0,184.31,184.49,184.18,187.0,3437350.0,185.118
601888.SH,2022-10-17,0.0,184.2,184.49,184.2,143.0,2635880.0,185.116
601888.SH,2022-10-17,0.0,184.5,184.5,184.18,105.0,1934790.0,185.114
601888.SH,2022-10-17,0.0,184.5,184.52,184.45,122.0,2250980.0,185.112
601888.SH,2022-10-17,0.0,184.52,184.59,184.5,128.0,2361870.0,185.11
601888.SH,2022-10-17,0.0,184.52,184.63,184.52,166.0,3063640.0,185.108
601888.SH,2022-10-17,0.0,184.54,184.68,184.53,188.0,3470260.0,185.106
601888.SH,2022-10-17,0.0,184.53,184.59,184.53,80.0,1476470.0,185.105
601888.SH,2022-10-17,0.0,184.58,184.59,184.52,121.0,2233190.0,185.103
601888.SH,2022-10-17,0.0,184.69,184.91,184.58,213.0,3933190.0,185.101
601888.SH,2022-10-17,0.0,184.94,184.97,184.68,105.0,1940010.0,185.1
601888.SH,2022-10-17,0.0,184.78,184.91,184.62,130.0,2401310.0,185.099
601888.SH,2022-10-17,0.0,185.0,185.0,184.78,239.0,4418100.0,185.098
601888.SH,2022-10-17,0.0,184.77,184.99,184.74,104.0,1923110.0,185.097
601888.SH,2022-10-17,0.0,184.78,184.78,184.71,139.0,2568130.0,185.096
601888.SH,2022-10-17,0.0,184.97,184.98,184.78,124.0,2292760.0,185.096
601888.SH,2022-10-17,0.0,185.18,185.18,184.88,292.0,5400540.0,185.095
601888.SH,2022-10-17,0.0,185.18,185.18,185.0,191.0,3536620.0,185.095
601888.SH,2022-10-17,0.0,185.44,185.44,185.18,154.0,2855960.0,185.096
601888.SH,2022-10-17,0.0,185.57,185.66,185.47,365.0,6775210.0,185.1
601888.SH,2022-10-17,0.0,185.68,185.7,185.63,176.0,3267660.0,185.102
601888.SH,2022-10-17,0.0,185.56,185.68,185.45,462.0,8576080.0,185.107
601888.SH,2022-10-17,0.0,185.65,185.85,185.56,278.0,5162200.0,185.11
601888.SH,2022-10-17,0.0,185.65,185.65,185.6,206.0,3823870.0,185.113
601888.SH,2022-10-17,0.0,185.6,185.65,185.6,226.0,4195160.0,185.115
601888.SH,2022-10-17,0.0,185.5,185.61,185.5,399.0,7403660.0,185.119
601888.SH,2022-10-17,0.0,185.34,185.5,185.23,225.0,4170500.0,185.12
601888.SH,2022-10-17,0.0,185.46,185.47,185.35,245.0,4542310.0,185.121
601888.SH,2022-10-17,0.0,185.51,185.51,185.43,214.0,3968820.0,185.123
601888.SH,2022-10-17,0.0,185.79,185.79,185.43,278.0,5158830.0,185.125
601888.SH,2022-10-17,0.0,185.93,185.93,185.78,241.0,4479150.0,185.129
601888.SH,2022-10-17,0.0,185.8,185.92,185.77,299.0,5557020.0,185.133
601888.SH,2022-10-17,0.0,185.89,185.89,185.77,134.0,2490030.0,185.135
601888.SH,2022-10-17,0.0,185.99,186.0,185.89,337.0,6267230.0,185.141
601888.SH,2022-10-17,0.0,186.1,186.11,186.0,167.0,3106880.0,185.144
601888.SH,2022-10-17,0.0,186.23,186.23,186.1,300.0,5584970.0,185.15
601888.SH,2022-10-17,0.0,186.36,186.36,186.25,476.0,8867420.0,185.161
601888.SH,2022-10-17,0.0,186.23,186.44,186.23,426.0,7939290.0,185.171
601888.SH,2022-10-17,0.0,186.24,186.3,186.22,177.0,3296500.0,185.174
601888.SH,2022-10-17,0.0,186.37,186.4,186.23,260.0,4844430.0,185.18
601888.SH,2022-10-17,0.0,186.47,186.48,186.35,206.0,3840560.0,185.185
601888.SH,2022-10-17,0.0,186.53,186.53,186.48,326.0,6079800.0,185.193
601888.SH,2022-10-17,0.0,186.65,186.65,186.5,325.0,6062900.0,185.202
601888.SH,2022-10-17,0.0,186.94,187.0,186.77,699.0,13067000.0,185.225
601888.SH,2022-10-17,0.0,186.85,186.95,186.84,253.0,4728500.0,185.232
601888.SH,2022-10-17,0.0,187.06,187.15,186.7,738.0,13794100.0,185.255
601888.SH,2022-10-17,0.0,187.26,187.28,186.94,465.0,8699620.0,185.271
601888.SH,2022-10-17,0.0,187.07,187.28,187.07,358.0,6701860.0,185.283
601888.SH,2022-10-17,0.0,187.08,187.1,187.02,443.0,8287720.0,185.298
601888.SH,2022-10-17,0.0,187.0,187.1,187.0,391.0,7313520.0,185.31
601888.SH,2022-10-17,0.0,186.92,187.03,186.88,290.0,5421810.0,185.319
601888.SH,2022-10-17,0.0,186.5,186.9,186.5,388.0,7244580.0,185.328
601888.SH,2022-10-17,0.0,186.87,186.87,186.5,293.0,5474800.0,185.335
601888.SH,2022-10-17,0.0,186.94,186.94,186.85,308.0,5756160.0,185.344
601888.SH,2022-10-17,0.0,186.74,186.89,186.66,235.0,4390200.0,185.35
601888.SH,2022-10-17,0.0,186.76,186.8,186.74,262.0,4893090.0,185.356
601888.SH,2022-10-17,0.0,186.73,186.76,186.61,261.0,4873460.0,185.362
601888.SH,2022-10-17,0.0,186.98,186.98,186.62,276.0,5160770.0,185.369
601888.SH,2022-10-17,0.0,187.02,187.02,186.85,316.0,5908500.0,185.378
601888.SH,2022-10-17,0.0,187.05,187.05,187.0,249.0,4656880.0,185.385
601888.SH,2022-10-17,0.0,187.09,187.11,187.04,163.0,3049540.0,185.39
601888.SH,2022-10-17,0.0,186.7,187.08,186.7,330.0,6163450.0,185.398
601888.SH,2022-10-17,0.0,186.77,186.77,186.73,180.0,3361170.0,185.402
601888.SH,2022-10-17,0.0,186.84,186.85,186.74,178.0,3324840.0,185.406
601888.SH,2022-10-17,0.0,186.98,186.98,186.82,193.0,3606850.0,185.411
601888.SH,2022-10-17,0.0,187.16,187.17,186.98,235.0,4396080.0,185.417
601888.SH,2022-10-17,0.0,187.14,187.18,187.09,405.0,7579970.0,185.429
601888.SH,2022-10-17,0.0,187.2,187.2,187.14,230.0,4305300.0,185.436
601888.SH,2022-10-17,0.0,187.56,187.58,187.2,312.0,5836550.0,185.445
601888.SH,2022-10-17,0.0,187.79,187.8,187.55,580.0,10882900.0,185.466
601888.SH,2022-10-17,0.0,187.99,187.99,187.77,399.0,7494740.0,185.481
601888.SH,2022-10-17,0.0,187.56,188.0,187.48,765.0,14365200.0,185.509
601888.SH,2022-10-17,0.0,187.68,187.74,187.55,412.0,7731600.0,185.523
601888.SH,2022-10-17,0.0,187.84,187.84,187.68,392.0,7359730.0,185.537
601888.SH,2022-10-17,0.0,187.89,187.9,187.79,311.0,5842010.0,185.548
601888.SH,2022-10-17,0.0,187.92,187.92,187.87,329.0,6181950.0,185.56
601888.SH,2022-10-17,0.0,187.99,188.0,187.92,650.0,12217300.0,185.584
601888.SH,2022-10-17,0.0,188.07,188.2,188.05,1167.0,21945900.0,185.628
601888.SH,2022-10-17,0.0,187.45,188.09,187.45,522.0,9808770.0,185.646
601888.SH,2022-10-17,0.0,187.38,187.84,187.38,430.0,8065290.0,185.658
601888.SH,2022-10-17,0.0,187.06,187.38,187.06,249.0,4671330.0,185.664
601888.SH,2022-10-17,0.0,187.57,187.58,187.12,207.0,3878640.0,185.67
601888.SH,2022-10-17,0.0,187.66,187.66,187.58,197.0,3696040.0,185.675
601888.SH,2022-10-17,0.0,187.42,187.66,187.35,608.0,11392800.0,185.692
601888.SH,2022-10-17,0.0,187.35,187.47,187.2,347.0,6500520.0,185.7
601888.SH,2022-10-17,0.0,187.35,187.38,187.26,256.0,4796040.0,185.706
601888.SH,2022-10-17,0.0,187.33,187.35,187.32,207.0,3877860.0,185.711
601888.SH,2022-10-17,0.0,187.41,187.46,187.33,258.0,4835080.0,185.717
601888.SH,2022-10-17,0.0,187.12,187.44,187.05,398.0,7457220.0,185.727
601888.SH,2022-10-17,0.0,187.06,187.32,187.0,323.0,6041930.0,185.733
601888.SH,2022-10-17,0.0,186.88,187.07,186.88,463.0,8658850.0,185.741
601888.SH,2022-10-17,0.0,186.81,186.92,186.8,305.0,5699370.0,185.746
601888.SH,2022-10-17,0.0,186.82,186.82,186.65,491.0,9168620.0,185.753
601888.SH,2022-10-17,0.0,186.9,186.9,186.76,195.0,3642580.0,185.756
601888.SH,2022-10-17,0.0,187.03,187.06,186.84,211.0,3954240.0,185.76
601888.SH,2022-10-17,0.0,186.99,187.03,186.94,244.0,4562960.0,185.764
601888.SH,2022-10-17,0.0,187.21,187.3,186.95,363.0,6791060.0,185.77
601888.SH,2022-10-17,0.0,187.05,187.42,187.05,374.0,7001740.0,185.778
601888.SH,2022-10-17,0.0,187.35,187.4,187.04,213.0,3988830.0,185.782
601888.SH,2022-10-17,0.0,187.35,187.36,187.1,336.0,6289570.0,185.789
601888.SH,2022-10-17,0.0,187.25,187.48,187.22,458.0,8584210.0,185.799
601888.SH,2022-10-17,0.0,187.0,187.43,187.0,424.0,7931830.0,185.806
601888.SH,2022-10-17,0.0,186.9,187.3,186.9,385.0,7199590.0,185.812
601888.SH,2022-10-17,0.0,186.73,186.91,186.7,350.0,6540080.0,185.817
601888.SH,2022-10-17,0.0,186.48,186.74,186.48,332.0,6196460.0,185.821
601888.SH,2022-10-17,0.0,186.53,186.6,186.48,346.0,6454160.0,185.824
601888.SH,2022-10-17,0.0,186.53,186.53,186.48,457.0,8523710.0,185.828
601888.SH,2022-10-17,0.0,186.7,186.9,186.51,232.0,4330440.0,185.831
601888.SH,2022-10-17,0.0,186.7,186.7,186.7,3.0,55996.0,185.831
601888.SH,2022-10-17,0.0,186.7,186.7,186.7,0.0,0.0,185.831
601888.SH,2022-10-17,0.0,186.93,186.93,186.93,984.0,18393900.0,185.845
601888.SH,2022-10-18,0.0,190.0,190.0,190.0,719.0,13661000.0,190.0
601888.SH,2022-10-18,0.0,191.6,192.5,190.01,4087.0,77966704.0,190.637
601888.SH,2022-10-18,0.0,191.44,191.96,191.44,1848.0,35427600.0,190.934
601888.SH,2022-10-18,0.0,191.69,191.92,191.37,1877.0,35967900.0,191.086
601888.SH,2022-10-18,0.0,191.07,191.69,191.02,1065.0,20393700.0,191.131
601888.SH,2022-10-18,0.0,190.22,191.0,190.02,952.0,18119300.0,191.058
601888.SH,2022-10-18,0.0,191.16,191.16,190.22,714.0,13622500.0,191.042
601888.SH,2022-10-18,0.0,190.0,191.0,190.0,817.0,15548600.0,190.992
601888.SH,2022-10-18,0.0,190.0,190.0,189.66,1145.0,21754500.0,190.901
601888.SH,2022-10-18,0.0,189.14,190.08,189.08,893.0,16939300.0,190.83
601888.SH,2022-10-18,0.0,189.96,189.96,189.02,698.0,13237000.0,190.774
601888.SH,2022-10-18,0.0,189.45,190.0,189.45,558.0,10589000.0,190.74
601888.SH,2022-10-18,0.0,189.28,189.49,189.24,384.0,7272330.0,190.707
601888.SH,2022-10-18,0.0,189.85,190.0,189.27,578.0,10967000.0,190.673
601888.SH,2022-10-18,0.0,189.6,189.95,189.59,328.0,6226150.0,190.656
601888.SH,2022-10-18,0.0,189.3,189.66,189.28,280.0,5306910.0,190.637
601888.SH,2022-10-18,0.0,189.1,189.41,189.1,228.0,4315150.0,190.619
601888.SH,2022-10-18,0.0,188.25,188.91,188.0,855.0,16125600.0,190.523
601888.SH,2022-10-18,0.0,188.7,188.98,188.0,986.0,18583900.0,190.422
601888.SH,2022-10-18,0.0,188.82,188.94,188.36,279.0,5263550.0,190.396
601888.SH,2022-10-18,0.0,188.88,188.92,188.87,222.0,4196010.0,190.379
601888.SH,2022-10-18,0.0,188.98,188.98,188.83,271.0,5121050.0,190.359
601888.SH,2022-10-18,0.0,189.0,189.04,188.9,358.0,6764460.0,190.334
601888.SH,2022-10-18,0.0,189.18,189.2,188.88,415.0,7842430.0,190.307
601888.SH,2022-10-18,0.0,189.26,189.33,189.16,127.0,2403190.0,190.3
601888.SH,2022-10-18,0.0,189.8,189.99,189.25,339.0,6431470.0,190.291
601888.SH,2022-10-18,0.0,189.25,189.85,189.25,147.0,2788180.0,190.286
601888.SH,2022-10-18,0.0,189.3,189.35,189.29,282.0,5338270.0,190.273
601888.SH,2022-10-18,0.0,189.5,189.54,189.3,160.0,3030000.0,190.267
601888.SH,2022-10-18,0.0,189.76,189.76,189.45,341.0,6462350.0,190.255
601888.SH,2022-10-18,0.0,190.0,190.0,189.73,705.0,13392800.0,190.246
601888.SH,2022-10-18,0.0,189.9,190.05,189.9,930.0,17670000.0,190.236
601888.SH,2022-10-18,0.0,189.31,190.0,189.29,149.0,2823970.0,190.232
601888.SH,2022-10-18,0.0,189.3,189.48,189.25,117.0,2215290.0,190.228
601888.SH,2022-10-18,0.0,189.0,189.32,189.0,290.0,5487850.0,190.216
601888.SH,2022-10-18,0.0,188.7,189.0,188.7,465.0,8779300.0,190.191
601888.SH,2022-10-18,0.0,188.36,188.7,188.35,392.0,7391910.0,190.165
601888.SH,2022-10-18,0.0,188.38,188.47,188.3,346.0,6517970.0,190.141
601888.SH,2022-10-18,0.0,188.45,188.52,188.4,273.0,5144560.0,190.123
601888.SH,2022-10-18,0.0,188.41,188.44,188.3,265.0,4992190.0,190.105
601888.SH,2022-10-18,0.0,188.21,188.31,188.2,121.0,2277890.0,190.096
601888.SH,2022-10-18,0.0,187.6,188.21,187.48,916.0,17221400.0,190.025
601888.SH,2022-10-18,0.0,188.0,188.0,187.34,381.0,7149810.0,189.992
601888.SH,2022-10-18,0.0,188.0,188.03,188.0,307.0,5771820.0,189.97
601888.SH,2022-10-18,0.0,187.88,188.03,187.85,220.0,4134790.0,189.954
601888.SH,2022-10-18,0.0,187.87,187.89,187.84,313.0,5880220.0,189.931
601888.SH,2022-10-18,0.0,187.85,187.91,187.85,203.0,3813990.0,189.916
601888.SH,2022-10-18,0.0,187.82,187.85,187.73,146.0,2742420.0,189.906
601888.SH,2022-10-18,0.0,187.68,187.84,187.68,118.0,2215210.0,189.897
601888.SH,2022-10-18,0.0,188.42,188.45,187.58,376.0,7063300.0,189.871
601888.SH,2022-10-18,0.0,188.3,188.46,187.84,114.0,2145320.0,189.865
601888.SH,2022-10-18,0.0,188.1,188.3,188.03,111.0,2088500.0,189.858
601888.SH,2022-10-18,0.0,188.0,188.02,187.84,111.0,2086540.0,189.851
601888.SH,2022-10-18,0.0,188.0,188.05,188.0,128.0,2406790.0,189.843
601888.SH,2022-10-18,0.0,188.03,188.03,187.85,147.0,2762640.0,189.834
601888.SH,2022-10-18,0.0,187.87,188.03,187.87,120.0,2255250.0,189.826
601888.SH,2022-10-18,0.0,188.0,188.0,187.64,201.0,3774840.0,189.812
601888.SH,2022-10-18,0.0,188.46,188.46,187.88,104.0,1956460.0,189.806
601888.SH,2022-10-18,0.0,188.69,188.69,188.38,87.0,1640800.0,189.803
601888.SH,2022-10-18,0.0,188.02,188.76,188.01,132.0,2487480.0,189.797
601888.SH,2022-10-18,0.0,188.5,188.5,188.02,76.0,1429750.0,189.793
601888.SH,2022-10-18,0.0,187.8,188.5,187.8,224.0,4213000.0,189.78
601888.SH,2022-10-18,0.0,187.79,187.79,187.6,124.0,2327640.0,189.772
601888.SH,2022-10-18,0.0,187.74,187.83,187.54,191.0,3584240.0,189.759
601888.SH,2022-10-18,0.0,187.84,187.87,187.74,105.0,1972180.0,189.752
601888.SH,2022-10-18,0.0,188.19,188.19,187.62,133.0,2498040.0,189.744
601888.SH,2022-10-18,0.0,188.24,188.29,188.06,84.0,1580680.0,189.74
601888.SH,2022-10-18,0.0,188.15,188.24,187.7,228.0,4284340.0,189.726
601888.SH,2022-10-18,0.0,187.74,188.0,187.7,88.0,1652650.0,189.721
601888.SH,2022-10-18,0.0,188.04,188.04,187.69,70.0,1314570.0,189.717
601888.SH,2022-10-18,0.0,188.2,188.25,188.07,108.0,2032110.0,189.712
601888.SH,2022-10-18,0.0,188.11,188.25,188.0,135.0,2539560.0,189.705
601888.SH,2022-10-18,0.0,188.0,188.16,188.0,41.0,771005.0,189.703
601888.SH,2022-10-18,0.0,187.88,187.98,187.8,167.0,3138080.0,189.693
601888.SH,2022-10-18,0.0,187.7,187.88,187.69,112.0,2102640.0,189.686
601888.SH,2022-10-18,0.0,187.57,187.7,187.57,126.0,2364250.0,189.678
601888.SH,2022-10-18,0.0,187.5,187.6,187.35,234.0,4386770.0,189.663
601888.SH,2022-10-18,0.0,187.38,187.49,187.36,112.0,2098900.0,189.655
601888.SH,2022-10-18,0.0,187.79,187.89,187.43,107.0,2007460.0,189.648
601888.SH,2022-10-18,0.0,187.96,187.96,187.7,43.0,807774.0,189.646
601888.SH,2022-10-18,0.0,187.96,187.96,187.81,67.0,1258780.0,189.642
601888.SH,2022-10-18,0.0,187.97,187.97,187.83,76.0,1428000.0,189.638
601888.SH,2022-10-18,0.0,188.0,188.0,187.83,79.0,1485010.0,189.634
601888.SH,2022-10-18,0.0,188.25,188.27,188.0,113.0,2125510.0,189.629
601888.SH,2022-10-18,0.0,188.48,188.48,188.26,196.0,3691680.0,189.621
601888.SH,2022-10-18,0.0,188.59,188.68,188.45,152.0,2866610.0,189.617
601888.SH,2022-10-18,0.0,188.73,188.73,188.59,47.0,886876.0,189.615
601888.SH,2022-10-18,0.0,188.18,188.73,188.04,531.0,10007300.0,189.597
601888.SH,2022-10-18,0.0,188.4,188.48,188.4,63.0,1187040.0,189.595
601888.SH,2022-10-18,0.0,188.18,188.4,188.18,74.0,1392910.0,189.592
601888.SH,2022-10-18,0.0,188.0,188.4,188.0,96.0,1806690.0,189.588
601888.SH,2022-10-18,0.0,188.18,188.24,187.89,56.0,1053600.0,189.586
601888.SH,2022-10-18,0.0,188.24,188.24,188.03,66.0,1241620.0,189.583
601888.SH,2022-10-18,0.0,188.5,188.5,188.03,141.0,2654170.0,189.578
601888.SH,2022-10-18,0.0,188.7,188.7,188.5,118.0,2225020.0,189.574
601888.SH,2022-10-18,0.0,188.72,188.72,188.6,91.0,1717100.0,189.572
601888.SH,2022-10-18,0.0,188.88,188.88,188.56,56.0,1057040.0,189.571
601888.SH,2022-10-18,0.0,189.15,189.15,188.88,305.0,5764420.0,189.566
601888.SH,2022-10-18,0.0,188.96,189.19,188.96,99.0,1871790.0,189.564
601888.SH,2022-10-18,0.0,188.99,188.99,188.88,54.0,1020410.0,189.563
601888.SH,2022-10-18,0.0,188.97,189.0,188.97,103.0,1946670.0,189.562
601888.SH,2022-10-18,0.0,188.95,189.0,188.95,84.0,1587470.0,189.56
601888.SH,2022-10-18,0.0,188.89,189.04,188.88,117.0,2210380.0,189.558
601888.SH,2022-10-18,0.0,188.95,189.0,188.86,163.0,3079620.0,189.555
601888.SH,2022-10-18,0.0,189.2,189.2,188.99,256.0,4839550.0,189.552
601888.SH,2022-10-18,0.0,189.35,189.38,189.2,45.0,851959.0,189.551
601888.SH,2022-10-18,0.0,189.47,189.48,189.32,112.0,2121260.0,189.551
601888.SH,2022-10-18,0.0,189.8,189.8,189.42,148.0,2806450.0,189.551
601888.SH,2022-10-18,0.0,189.95,189.98,189.8,243.0,4614280.0,189.553
601888.SH,2022-10-18,0.0,189.7,189.98,189.7,248.0,4709830.0,189.556
601888.SH,2022-10-18,0.0,190.0,190.0,189.65,783.0,14874400.0,189.564
601888.SH,2022-10-18,0.0,190.0,190.05,189.8,440.0,8359860.0,189.569
601888.SH,2022-10-18,0.0,190.0,190.08,189.95,225.0,4275630.0,189.572
601888.SH,2022-10-18,0.0,190.1,190.1,189.98,273.0,5187630.0,189.575
601888.SH,2022-10-18,0.0,189.98,190.0,189.96,211.0,4008800.0,189.578
601888.SH,2022-10-18,0.0,189.96,190.0,189.86,166.0,3152750.0,189.579
601888.SH,2022-10-18,0.0,190.0,190.1,189.96,231.0,4389630.0,189.582
601888.SH,2022-10-18,0.0,190.04,190.05,189.98,117.0,2223080.0,189.583
601888.SH,2022-10-18,0.0,189.97,190.04,189.97,120.0,2279900.0,189.584
601888.SH,2022-10-18,0.0,190.0,190.0,189.97,147.0,2802200.0,189.586
601888.SH,2022-10-18,0.0,189.99,190.0,189.97,132.0,2498500.0,189.587
601888.SH,2022-10-18,0.0,190.97,190.98,190.0,1050.0,20003300.0,189.613
601888.SH,2022-10-18,0.0,191.48,191.48,190.69,1211.0,23147400.0,189.655
601888.SH,2022-10-18,0.0,190.49,191.48,190.49,278.0,5316510.0,189.666
601888.SH,2022-10-18,0.0,191.0,191.04,190.45,219.0,4178040.0,189.671
601888.SH,2022-10-18,0.0,190.7,191.04,190.55,197.0,3758180.0,189.677
601888.SH,2022-10-18,0.0,190.5,190.98,190.5,148.0,2823400.0,189.68
601888.SH,2022-10-18,0.0,190.8,190.81,190.5,294.0,5603390.0,189.687
601888.SH,2022-10-18,0.0,190.18,190.83,190.17,507.0,9667190.0,189.698
601888.SH,2022-10-18,0.0,190.31,190.71,190.16,776.0,14788400.0,189.713
601888.SH,2022-10-18,0.0,190.26,190.65,190.26,176.0,3352440.0,189.716
601888.SH,2022-10-18,0.0,190.0,190.44,189.92,200.0,3800720.0,189.718
601888.SH,2022-10-18,0.0,190.37,190.37,189.93,334.0,6350470.0,189.721
601888.SH,2022-10-18,0.0,190.23,190.49,190.2,133.0,2526740.0,189.722
601888.SH,2022-10-18,0.0,190.15,190.48,190.15,122.0,2326040.0,189.724
601888.SH,2022-10-18,0.0,190.1,190.36,190.0,254.0,4829570.0,189.726
601888.SH,2022-10-18,0.0,189.9,190.1,189.81,299.0,5678450.0,189.728
601888.SH,2022-10-18,0.0,189.7,189.89,189.7,157.0,2980210.0,189.728
601888.SH,2022-10-18,0.0,189.92,189.92,189.7,121.0,2296410.0,189.728
601888.SH,2022-10-18,0.0,190.01,190.08,189.83,289.0,5490710.0,189.73
601888.SH,2022-10-18,0.0,189.83,190.08,189.83,63.0,1196940.0,189.73
601888.SH,2022-10-18,0.0,189.3,189.8,189.3,201.0,3811220.0,189.73
601888.SH,2022-10-18,0.0,189.3,189.32,189.04,196.0,3708350.0,189.728
601888.SH,2022-10-18,0.0,189.38,189.38,189.21,75.0,1419660.0,189.727
601888.SH,2022-10-18,0.0,189.31,189.38,189.25,106.0,2006330.0,189.726
601888.SH,2022-10-18,0.0,189.27,189.31,189.2,131.0,2479360.0,189.725
601888.SH,2022-10-18,0.0,189.12,189.37,188.75,1112.0,21027100.0,189.71
601888.SH,2022-10-18,0.0,189.17,189.34,189.12,47.0,889391.0,189.71
601888.SH,2022-10-18,0.0,189.69,189.69,189.17,66.0,1250390.0,189.709
601888.SH,2022-10-18,0.0,189.73,189.81,189.62,79.0,1498490.0,189.709
601888.SH,2022-10-18,0.0,189.5,189.97,189.35,206.0,3907230.0,189.709
601888.SH,2022-10-18,0.0,189.18,189.35,189.12,154.0,2913550.0,189.707
601888.SH,2022-10-18,0.0,189.17,189.25,189.17,82.0,1551400.0,189.706
601888.SH,2022-10-18,0.0,189.13,189.17,189.12,78.0,1475380.0,189.706
601888.SH,2022-10-18,0.0,189.26,189.27,189.12,229.0,4331680.0,189.703
601888.SH,2022-10-18,0.0,188.71,189.26,188.71,373.0,7050640.0,189.698
601888.SH,2022-10-18,0.0,188.88,188.88,188.71,239.0,4513340.0,189.694
601888.SH,2022-10-18,0.0,188.91,188.91,188.78,275.0,5193550.0,189.689
601888.SH,2022-10-18,0.0,189.5,189.52,189.0,130.0,2460120.0,189.688
601888.SH,2022-10-18,0.0,189.45,189.5,189.27,135.0,2557600.0,189.687
601888.SH,2022-10-18,0.0,189.35,189.43,189.35,48.0,909023.0,189.687
601888.SH,2022-10-18,0.0,189.38,189.4,189.27,67.0,1268490.0,189.687
601888.SH,2022-10-18,0.0,189.5,189.5,189.38,90.0,1704780.0,189.686
601888.SH,2022-10-18,0.0,189.49,189.5,189.44,94.0,1781100.0,189.686
601888.SH,2022-10-18,0.0,189.6,189.6,189.38,71.0,1345560.0,189.686
601888.SH,2022-10-18,0.0,189.66,189.68,189.57,64.0,1213500.0,189.685
601888.SH,2022-10-18,0.0,189.71,189.71,189.65,203.0,3850660.0,189.685
601888.SH,2022-10-18,0.0,189.3,189.71,189.3,60.0,1137150.0,189.685
601888.SH,2022-10-18,0.0,189.0,189.27,189.0,94.0,1777470.0,189.684
601888.SH,2022-10-18,0.0,189.21,189.49,188.96,151.0,2855390.0,189.682
601888.SH,2022-10-18,0.0,189.29,189.48,189.29,50.0,946894.0,189.682
601888.SH,2022-10-18,0.0,189.4,189.4,189.29,80.0,1514790.0,189.682
601888.SH,2022-10-18,0.0,189.48,189.48,189.37,94.0,1780330.0,189.681
601888.SH,2022-10-18,0.0,189.47,189.5,189.41,72.0,1364220.0,189.681
601888.SH,2022-10-18,0.0,189.46,189.5,189.46,69.0,1307490.0,189.681
601888.SH,2022-10-18,0.0,189.45,189.46,189.4,67.0,1269260.0,189.68
601888.SH,2022-10-18,0.0,189.43,189.48,189.37,87.0,1647930.0,189.68
601888.SH,2022-10-18,0.0,189.38,189.43,189.37,33.0,625058.0,189.68
601888.SH,2022-10-18,0.0,189.13,189.38,189.1,82.0,1551810.0,189.679
601888.SH,2022-10-18,0.0,189.0,189.14,188.93,95.0,1795890.0,189.678
601888.SH,2022-10-18,0.0,189.06,189.06,188.9,209.0,3949140.0,189.675
601888.SH,2022-10-18,0.0,188.67,189.06,188.67,117.0,2209510.0,189.673
601888.SH,2022-10-18,0.0,188.7,188.7,188.65,161.0,3037480.0,189.67
601888.SH,2022-10-18,0.0,188.67,188.7,188.51,112.0,2112480.0,189.668
601888.SH,2022-10-18,0.0,188.5,188.63,188.5,175.0,3300220.0,189.664
601888.SH,2022-10-18,0.0,188.36,188.5,188.36,83.0,1563750.0,189.662
601888.SH,2022-10-18,0.0,188.42,188.48,188.4,121.0,2279960.0,189.659
601888.SH,2022-10-18,0.0,188.5,188.58,188.41,138.0,2600930.0,189.656
601888.SH,2022-10-18,0.0,188.41,188.5,188.36,159.0,2995360.0,189.652
601888.SH,2022-10-18,0.0,188.4,188.45,188.37,65.0,1224690.0,189.651
601888.SH,2022-10-18,0.0,188.49,188.49,188.34,74.0,1394360.0,189.649
601888.SH,2022-10-18,0.0,188.49,188.5,188.49,88.0,1658780.0,189.647
601888.SH,2022-10-18,0.0,188.9,188.9,188.5,83.0,1565610.0,189.646
601888.SH,2022-10-18,0.0,189.06,189.06,188.94,112.0,2116790.0,189.644
601888.SH,2022-10-18,0.0,189.29,189.3,189.06,84.0,1589200.0,189.644
601888.SH,2022-10-18,0.0,189.2,189.29,189.12,77.0,1457010.0,189.643
601888.SH,2022-10-18,0.0,189.01,189.2,188.78,103.0,1946850.0,189.642
601888.SH,2022-10-18,0.0,189.43,189.43,188.99,150.0,2838280.0,189.641
601888.SH,2022-10-18,0.0,189.48,189.66,189.44,145.0,2748370.0,189.64
601888.SH,2022-10-18,0.0,189.54,189.57,189.48,105.0,1989940.0,189.64
601888.SH,2022-10-18,0.0,189.49,189.54,189.38,81.0,1534760.0,189.64
601888.SH,2022-10-18,0.0,189.2,189.5,189.2,92.0,1741630.0,189.639
601888.SH,2022-10-18,0.0,189.2,189.44,189.12,135.0,2554590.0,189.638
601888.SH,2022-10-18,0.0,189.18,189.25,189.13,49.0,927362.0,189.638
601888.SH,2022-10-18,0.0,189.24,189.24,189.13,40.0,756724.0,189.638
601888.SH,2022-10-18,0.0,189.35,189.43,189.25,57.0,1079220.0,189.637
601888.SH,2022-10-18,0.0,189.02,189.35,189.02,109.0,2063200.0,189.637
601888.SH,2022-10-18,0.0,189.28,189.28,189.02,27.0,510918.0,189.637
601888.SH,2022-10-18,0.0,189.29,189.29,189.1,78.0,1476230.0,189.636
601888.SH,2022-10-18,0.0,189.25,189.29,189.02,45.0,851181.0,189.636
601888.SH,2022-10-18,0.0,189.01,189.2,188.81,92.0,1739100.0,189.635
601888.SH,2022-10-18,0.0,188.86,189.08,188.85,187.0,3533080.0,189.632
601888.SH,2022-10-18,0.0,189.1,189.1,188.86,105.0,1985000.0,189.631
601888.SH,2022-10-18,0.0,189.24,189.24,189.05,52.0,983680.0,189.631
601888.SH,2022-10-18,0.0,189.09,189.28,189.09,86.0,1627380.0,189.63
601888.SH,2022-10-18,0.0,189.1,189.14,189.1,51.0,964487.0,189.63
601888.SH,2022-10-18,0.0,189.13,189.21,189.1,98.0,1853550.0,189.629
601888.SH,2022-10-18,0.0,189.0,189.2,189.0,206.0,3894110.0,189.627
601888.SH,2022-10-18,0.0,189.0,189.04,188.9,70.0,1322920.0,189.626
601888.SH,2022-10-18,0.0,189.0,189.01,188.96,58.0,1096190.0,189.625
601888.SH,2022-10-18,0.0,189.06,189.06,189.0,154.0,2911200.0,189.624
601888.SH,2022-10-18,0.0,189.04,189.1,189.04,127.0,2400970.0,189.622
601888.SH,2022-10-18,0.0,188.97,189.04,188.96,148.0,2797310.0,189.621
601888.SH,2022-10-18,0.0,188.99,189.0,188.98,122.0,2305690.0,189.619
601888.SH,2022-10-18,0.0,189.0,189.0,188.98,77.0,1455240.0,189.618
601888.SH,2022-10-18,0.0,189.21,189.21,189.01,127.0,2401560.0,189.617
601888.SH,2022-10-18,0.0,189.36,189.36,189.21,112.0,2119810.0,189.617
601888.SH,2022-10-18,0.0,189.21,189.37,189.21,102.0,1931060.0,189.616
601888.SH,2022-10-18,0.0,189.05,189.21,189.05,85.0,1607820.0,189.615
601888.SH,2022-10-18,0.0,189.14,189.18,189.05,69.0,1304900.0,189.615
601888.SH,2022-10-18,0.0,189.21,189.21,189.08,136.0,2572820.0,189.614
601888.SH,2022-10-18,0.0,189.21,189.3,189.18,184.0,3473700.0,189.613
601888.SH,2022-10-18,0.0,189.23,189.26,189.18,174.0,3292380.0,189.611
601888.SH,2022-10-18,0.0,189.28,189.3,189.16,324.0,6131840.0,189.609
601888.SH,2022-10-18,0.0,189.26,189.29,189.26,144.0,2725470.0,189.608
601888.SH,2022-10-18,0.0,189.17,189.27,189.1,164.0,3102120.0,189.607
601888.SH,2022-10-18,0.0,189.09,189.17,189.09,237.0,4481570.0,189.605
601888.SH,2022-10-18,0.0,189.01,189.09,189.01,196.0,3705140.0,189.603
601888.SH,2022-10-18,0.0,189.01,189.01,189.01,0.0,0.0,189.603
601888.SH,2022-10-18,0.0,189.01,189.01,189.01,0.0,0.0,189.603
601888.SH,2022-10-18,0.0,189.0,189.0,189.0,764.0,14430700.0,189.596
601888.SH,2022-10-19,0.0,188.01,188.01,188.01,289.0,5432550.0,188.01
601888.SH,2022-10-19,0.0,187.53,188.01,187.21,594.0,11147600.0,187.781
601888.SH,2022-10-19,0.0,187.11,187.66,187.11,437.0,8193820.0,187.689
601888.SH,2022-10-19,0.0,186.23,187.1,186.2,561.0,10477100.0,187.411
601888.SH,2022-10-19,0.0,187.18,187.29,186.2,517.0,9647060.0,187.235
601888.SH,2022-10-19,0.0,187.8,187.89,187.21,326.0,6117040.0,187.284
601888.SH,2022-10-19,0.0,187.02,187.8,187.01,207.0,3878140.0,187.288
601888.SH,2022-10-19,0.0,188.02,188.6,187.01,553.0,10382300.0,187.361
601888.SH,2022-10-19,0.0,188.7,188.84,188.02,299.0,5640300.0,187.462
601888.SH,2022-10-19,0.0,188.01,188.7,187.6,181.0,3406600.0,187.496
601888.SH,2022-10-19,0.0,188.69,188.78,188.05,258.0,4870360.0,187.556
601888.SH,2022-10-19,0.0,188.0,188.88,188.0,279.0,5251430.0,187.614
601888.SH,2022-10-19,0.0,187.82,188.31,187.82,168.0,3159530.0,187.631
601888.SH,2022-10-19,0.0,187.51,187.8,187.5,197.0,3695580.0,187.629
601888.SH,2022-10-19,0.0,187.42,187.52,187.41,132.0,2474910.0,187.625
601888.SH,2022-10-19,0.0,186.94,187.42,186.94,333.0,6228600.0,187.589
601888.SH,2022-10-19,0.0,186.62,186.8,186.5,432.0,8060730.0,187.514
601888.SH,2022-10-19,0.0,186.72,186.88,186.5,464.0,8662480.0,187.453
601888.SH,2022-10-19,0.0,186.4,186.84,186.3,420.0,7835030.0,187.396
601888.SH,2022-10-19,0.0,187.05,187.11,186.31,275.0,5134500.0,187.369
601888.SH,2022-10-19,0.0,186.62,187.1,186.62,158.0,2951800.0,187.356
601888.SH,2022-10-19,0.0,186.34,186.62,186.19,797.0,14842800.0,187.252
601888.SH,2022-10-19,0.0,186.18,186.33,186.15,376.0,7002510.0,187.206
601888.SH,2022-10-19,0.0,186.02,186.21,186.02,346.0,6439390.0,187.162
601888.SH,2022-10-19,0.0,186.13,186.17,186.01,279.0,5191680.0,187.128
601888.SH,2022-10-19,0.0,186.15,186.15,186.03,341.0,6345890.0,187.09
601888.SH,2022-10-19,0.0,186.08,186.15,186.02,143.0,2660660.0,187.074
601888.SH,2022-10-19,0.0,186.03,186.14,186.02,241.0,4484150.0,187.049
601888.SH,2022-10-19,0.0,185.96,186.13,185.96,717.0,13336900.0,186.976
601888.SH,2022-10-19,0.0,185.74,185.92,185.7,349.0,6484180.0,186.938
601888.SH,2022-10-19,0.0,185.51,185.74,185.5,373.0,6922760.0,186.892
601888.SH,2022-10-19,0.0,185.89,185.89,185.5,299.0,5551300.0,186.86
601888.SH,2022-10-19,0.0,186.32,186.52,185.86,247.0,4599610.0,186.846
601888.SH,2022-10-19,0.0,185.89,186.33,185.89,164.0,3052260.0,186.836
601888.SH,2022-10-19,0.0,185.64,185.88,185.55,134.0,2487330.0,186.823
601888.SH,2022-10-19,0.0,185.78,185.78,185.55,161.0,2990220.0,186.808
601888.SH,2022-10-19,0.0,185.8,186.0,185.75,150.0,2787190.0,186.795
601888.SH,2022-10-19,0.0,186.25,186.25,185.75,473.0,8793710.0,186.763
601888.SH,2022-10-19,0.0,186.34,186.5,186.1,104.0,1936890.0,186.758
601888.SH,2022-10-19,0.0,186.46,186.54,186.14,349.0,6502990.0,186.747
601888.SH,2022-10-19,0.0,186.48,186.49,186.24,195.0,3633340.0,186.741
601888.SH,2022-10-19,0.0,185.84,186.45,185.81,326.0,6067150.0,186.726
601888.SH,2022-10-19,0.0,185.81,185.87,185.81,121.0,2248670.0,186.718
601888.SH,2022-10-19,0.0,185.7,185.82,185.7,134.0,2488960.0,186.709
601888.SH,2022-10-19,0.0,185.6,185.73,185.6,211.0,3916490.0,186.693
601888.SH,2022-10-19,0.0,185.58,185.61,185.57,164.0,3043650.0,186.68
601888.SH,2022-10-19,0.0,185.07,185.55,185.03,708.0,13120000.0,186.615
601888.SH,2022-10-19,0.0,185.11,185.22,185.06,160.0,2961890.0,186.599
601888.SH,2022-10-19,0.0,184.72,185.12,184.7,1469.0,27176300.0,186.458
601888.SH,2022-10-19,0.0,184.7,184.8,184.61,177.0,3269360.0,186.439
601888.SH,2022-10-19,0.0,184.65,184.69,184.58,296.0,5465270.0,186.408
601888.SH,2022-10-19,0.0,185.22,185.22,184.58,256.0,4730570.0,186.384
601888.SH,2022-10-19,0.0,185.27,185.47,185.27,158.0,2928320.0,186.374
601888.SH,2022-10-19,0.0,185.08,185.35,185.06,136.0,2518260.0,186.365
601888.SH,2022-10-19,0.0,185.06,185.15,185.0,135.0,2498070.0,186.355
601888.SH,2022-10-19,0.0,185.2,185.21,185.06,91.0,1685000.0,186.349
601888.SH,2022-10-19,0.0,185.62,185.62,185.22,60.0,1112710.0,186.346
601888.SH,2022-10-19,0.0,186.0,186.0,185.61,127.0,2359700.0,186.342
601888.SH,2022-10-19,0.0,186.1,186.1,185.9,78.0,1450810.0,186.341
601888.SH,2022-10-19,0.0,185.89,186.0,185.88,218.0,4053400.0,186.336
601888.SH,2022-10-19,0.0,185.48,185.89,185.48,217.0,4030910.0,186.329
601888.SH,2022-10-19,0.0,184.9,185.39,184.84,442.0,8179200.0,186.299
601888.SH,2022-10-19,0.0,185.44,185.44,184.9,178.0,3295120.0,186.288
601888.SH,2022-10-19,0.0,185.44,185.47,185.17,193.0,3577380.0,186.279
601888.SH,2022-10-19,0.0,185.75,185.75,185.44,51.0,946302.0,186.277
601888.SH,2022-10-19,0.0,185.38,185.76,185.29,190.0,3527400.0,186.271
601888.SH,2022-10-19,0.0,184.97,185.31,184.97,236.0,4368830.0,186.258
601888.SH,2022-10-19,0.0,184.84,184.97,184.81,176.0,3253490.0,186.245
601888.SH,2022-10-19,0.0,184.82,184.85,184.8,159.0,2938560.0,186.234
601888.SH,2022-10-19,0.0,184.88,184.89,184.81,164.0,3031250.0,186.223
601888.SH,2022-10-19,0.0,185.11,185.11,184.8,125.0,2311680.0,186.215
601888.SH,2022-10-19,0.0,185.19,185.28,185.12,56.0,1037140.0,186.212
601888.SH,2022-10-19,0.0,185.2,185.28,185.06,106.0,1962420.0,186.206
601888.SH,2022-10-19,0.0,185.32,185.32,185.2,73.0,1352470.0,186.203
601888.SH,2022-10-19,0.0,185.61,185.68,185.32,47.0,871478.0,186.201
601888.SH,2022-10-19,0.0,185.3,185.65,185.3,84.0,1558450.0,186.199
601888.SH,2022-10-19,0.0,185.1,185.29,185.1,80.0,1481760.0,186.195
601888.SH,2022-10-19,0.0,185.1,185.11,185.0,224.0,4145290.0,186.183
601888.SH,2022-10-19,0.0,184.86,185.08,184.86,140.0,2589480.0,186.175
601888.SH,2022-10-19,0.0,184.92,184.92,184.84,123.0,2273860.0,186.167
601888.SH,2022-10-19,0.0,184.92,184.92,184.84,142.0,2625500.0,186.159
601888.SH,2022-10-19,0.0,184.93,184.95,184.92,79.0,1460910.0,186.154
601888.SH,2022-10-19,0.0,185.02,185.02,184.95,105.0,1942170.0,186.149
601888.SH,2022-10-19,0.0,185.16,185.18,185.02,105.0,1943580.0,186.144
601888.SH,2022-10-19,0.0,185.03,185.16,185.03,53.0,981009.0,186.141
601888.SH,2022-10-19,0.0,185.04,185.1,185.03,78.0,1443330.0,186.137
601888.SH,2022-10-19,0.0,185.09,185.09,185.02,124.0,2294600.0,186.131
601888.SH,2022-10-19,0.0,185.06,185.11,185.03,47.0,869835.0,186.129
601888.SH,2022-10-19,0.0,185.01,185.04,185.0,95.0,1757620.0,186.124
601888.SH,2022-10-19,0.0,185.01,185.06,185.01,122.0,2257350.0,186.118
601888.SH,2022-10-19,0.0,185.53,185.53,185.01,99.0,1833470.0,186.114
601888.SH,2022-10-19,0.0,185.35,185.53,185.28,73.0,1353500.0,186.112
601888.SH,2022-10-19,0.0,185.24,185.45,185.17,59.0,1093360.0,186.11
601888.SH,2022-10-19,0.0,185.22,185.24,185.17,38.0,703840.0,186.108
601888.SH,2022-10-19,0.0,185.1,185.22,185.08,34.0,629463.0,186.107
601888.SH,2022-10-19,0.0,185.0,185.1,185.0,147.0,2720170.0,186.1
601888.SH,2022-10-19,0.0,184.93,185.0,184.92,352.0,6511490.0,186.083
601888.SH,2022-10-19,0.0,184.87,184.94,184.87,193.0,3568830.0,186.073
601888.SH,2022-10-19,0.0,184.78,184.89,184.78,263.0,4860520.0,186.059
601888.SH,2022-10-19,0.0,184.59,184.72,184.58,348.0,6424900.0,186.038
601888.SH,2022-10-19,0.0,184.67,184.67,184.58,158.0,2916700.0,186.029
601888.SH,2022-10-19,0.0,184.66,184.73,184.62,72.0,1329360.0,186.025
601888.SH,2022-10-19,0.0,184.6,184.66,184.6,199.0,3673830.0,186.013
601888.SH,2022-10-19,0.0,184.58,184.6,184.58,116.0,2141220.0,186.007
601888.SH,2022-10-19,0.0,184.59,184.6,184.58,96.0,1772070.0,186.001
601888.SH,2022-10-19,0.0,184.6,184.61,184.58,122.0,2252030.0,185.994
601888.SH,2022-10-19,0.0,184.59,184.61,184.58,221.0,4079420.0,185.982
601888.SH,2022-10-19,0.0,184.2,184.61,184.2,521.0,9609770.0,185.95
601888.SH,2022-10-19,0.0,184.14,184.26,184.13,209.0,3849620.0,185.936
601888.SH,2022-10-19,0.0,184.12,184.16,184.11,315.0,5800330.0,185.914
601888.SH,2022-10-19,0.0,184.09,184.15,184.08,199.0,3663930.0,185.901
601888.SH,2022-10-19,0.0,184.02,184.14,184.02,223.0,4104470.0,185.885
601888.SH,2022-10-19,0.0,184.02,184.04,184.01,161.0,2956680.0,185.874
601888.SH,2022-10-19,0.0,183.83,184.08,183.83,1073.0,19748500.0,185.801
601888.SH,2022-10-19,0.0,183.98,183.99,183.81,125.0,2298160.0,185.792
601888.SH,2022-10-19,0.0,183.99,184.0,183.99,180.0,3311850.0,185.78
601888.SH,2022-10-19,0.0,183.89,183.99,183.88,78.0,1427580.0,185.775
601888.SH,2022-10-19,0.0,183.93,183.93,183.89,147.0,2694360.0,185.766
601888.SH,2022-10-19,0.0,183.86,183.94,183.85,284.0,5220610.0,185.747
601888.SH,2022-10-19,0.0,183.25,183.84,183.23,654.0,11999200.0,185.699
601888.SH,2022-10-19,0.0,183.59,183.6,183.35,225.0,4127570.0,185.682
601888.SH,2022-10-19,0.0,183.13,183.57,183.11,1269.0,23263200.0,185.584
601888.SH,2022-10-19,0.0,183.09,183.18,183.09,300.0,5493760.0,185.56
601888.SH,2022-10-19,0.0,183.01,183.09,183.01,515.0,9426700.0,185.519
601888.SH,2022-10-19,0.0,182.76,183.01,182.64,807.0,14763600.0,185.454
601888.SH,2022-10-19,0.0,182.65,182.84,182.6,370.0,6759960.0,185.423
601888.SH,2022-10-19,0.0,182.46,182.64,182.3,441.0,8048160.0,185.384
601888.SH,2022-10-19,0.0,182.48,182.59,182.31,395.0,7206910.0,185.349
601888.SH,2022-10-19,0.0,182.61,182.7,182.48,244.0,4454600.0,185.329
601888.SH,2022-10-19,0.0,182.4,182.57,182.4,270.0,4927590.0,185.307
601888.SH,2022-10-19,0.0,182.28,182.41,182.28,403.0,7347740.0,185.272
601888.SH,2022-10-19,0.0,182.25,182.3,182.21,254.0,4629290.0,185.25
601888.SH,2022-10-19,0.0,182.3,182.3,182.2,350.0,6378110.0,185.219
601888.SH,2022-10-19,0.0,182.23,182.3,182.22,217.0,3954910.0,185.201
601888.SH,2022-10-19,0.0,182.18,182.24,182.18,176.0,3206930.0,185.186
601888.SH,2022-10-19,0.0,182.03,182.19,182.03,337.0,6137380.0,185.157
601888.SH,2022-10-19,0.0,182.02,182.05,182.0,503.0,9155620.0,185.114
601888.SH,2022-10-19,0.0,182.03,182.03,181.96,1106.0,20129400.0,185.021
601888.SH,2022-10-19,0.0,182.08,182.09,182.01,172.0,3131440.0,185.008
601888.SH,2022-10-19,0.0,182.35,182.35,182.09,184.0,3352780.0,184.994
601888.SH,2022-10-19,0.0,182.58,182.58,182.37,319.0,5819240.0,184.972
601888.SH,2022-10-19,0.0,182.1,182.58,182.1,337.0,6144460.0,184.949
601888.SH,2022-10-19,0.0,182.07,182.1,182.05,246.0,4485650.0,184.931
601888.SH,2022-10-19,0.0,181.9,182.06,181.9,1136.0,20668200.0,184.847
601888.SH,2022-10-19,0.0,181.55,181.83,181.44,442.0,8027280.0,184.811
601888.SH,2022-10-19,0.0,181.53,181.58,181.51,257.0,4665230.0,184.79
601888.SH,2022-10-19,0.0,181.53,181.55,181.53,206.0,3739650.0,184.774
601888.SH,2022-10-19,0.0,181.77,181.77,181.54,423.0,7681460.0,184.741
601888.SH,2022-10-19,0.0,181.99,181.99,181.82,130.0,2365140.0,184.732
601888.SH,2022-10-19,0.0,181.61,181.99,181.61,193.0,3509540.0,184.719
601888.SH,2022-10-19,0.0,181.55,181.62,181.55,266.0,4830130.0,184.699
601888.SH,2022-10-19,0.0,181.42,181.55,180.98,1924.0,34857800.0,184.543
601888.SH,2022-10-19,0.0,181.25,181.35,181.22,170.0,3083850.0,184.53
601888.SH,2022-10-19,0.0,181.25,181.3,181.23,665.0,12053700.0,184.481
601888.SH,2022-10-19,0.0,180.99,181.26,180.99,522.0,9453040.0,184.442
601888.SH,2022-10-19,0.0,180.9,181.0,180.88,384.0,6953790.0,184.412
601888.SH,2022-10-19,0.0,180.61,180.9,180.6,513.0,9273010.0,184.371
601888.SH,2022-10-19,0.0,180.28,180.6,180.24,1040.0,18755400.0,184.283
601888.SH,2022-10-19,0.0,180.01,180.26,180.0,2157.0,38845500.0,184.099
601888.SH,2022-10-19,0.0,180.02,180.06,179.96,1901.0,34223700.0,183.946
601888.SH,2022-10-19,0.0,180.02,180.02,179.71,737.0,13253400.0,183.887
601888.SH,2022-10-19,0.0,179.92,180.09,179.91,521.0,9377030.0,183.848
601888.SH,2022-10-19,0.0,179.82,179.92,179.82,604.0,10864700.0,183.803
601888.SH,2022-10-19,0.0,180.1,180.1,179.8,617.0,11104100.0,183.757
601888.SH,2022-10-19,0.0,180.67,180.69,180.11,417.0,7520960.0,183.732
601888.SH,2022-10-19,0.0,180.76,180.89,180.67,403.0,7284150.0,183.71
601888.SH,2022-10-19,0.0,181.0,181.03,180.76,630.0,11409500.0,183.679
601888.SH,2022-10-19,0.0,181.0,181.04,181.0,447.0,8090930.0,183.657
601888.SH,2022-10-19,0.0,180.8,180.99,180.8,336.0,6071130.0,183.641
601888.SH,2022-10-19,0.0,180.66,180.79,180.66,175.0,3163010.0,183.632
601888.SH,2022-10-19,0.0,180.62,180.7,180.6,136.0,2456950.0,183.624
601888.SH,2022-10-19,0.0,180.68,180.69,180.63,209.0,3767170.0,183.613
601888.SH,2022-10-19,0.0,180.66,180.67,180.6,256.0,4625760.0,183.6
601888.SH,2022-10-19,0.0,180.65,180.67,180.63,285.0,5148490.0,183.585
601888.SH,2022-10-19,0.0,180.71,180.71,180.62,296.0,5339640.0,183.57
601888.SH,2022-10-19,0.0,180.93,180.96,180.7,188.0,3395950.0,183.561
601888.SH,2022-10-19,0.0,180.99,181.06,180.81,516.0,9338520.0,183.538
601888.SH,2022-10-19,0.0,180.8,181.0,180.79,466.0,8430250.0,183.516
601888.SH,2022-10-19,0.0,180.65,180.8,180.65,280.0,5063900.0,183.503
601888.SH,2022-10-19,0.0,180.69,180.78,180.58,557.0,10070200.0,183.476
601888.SH,2022-10-19,0.0,180.08,180.69,180.02,643.0,11593200.0,183.442
601888.SH,2022-10-19,0.0,180.02,180.04,180.0,716.0,12895900.0,183.401
601888.SH,2022-10-19,0.0,180.13,181.0,180.03,375.0,6756800.0,183.381
601888.SH,2022-10-19,0.0,180.25,180.27,180.13,156.0,2810730.0,183.373
601888.SH,2022-10-19,0.0,180.21,180.27,180.21,319.0,5743480.0,183.357
601888.SH,2022-10-19,0.0,180.0,180.23,180.0,1252.0,22547600.0,183.29
601888.SH,2022-10-19,0.0,179.98,179.99,179.9,402.0,7235860.0,183.269
601888.SH,2022-10-19,0.0,179.99,180.0,179.95,293.0,5268430.0,183.254
601888.SH,2022-10-19,0.0,180.0,180.18,179.98,740.0,13313500.0,183.216
601888.SH,2022-10-19,0.0,180.05,180.23,179.99,213.0,3835060.0,183.206
601888.SH,2022-10-19,0.0,180.16,180.21,180.01,209.0,3763790.0,183.195
601888.SH,2022-10-19,0.0,180.1,180.16,180.04,355.0,6396970.0,183.178
601888.SH,2022-10-19,0.0,180.5,180.5,180.11,142.0,2559180.0,183.172
601888.SH,2022-10-19,0.0,180.24,180.58,180.16,195.0,3518810.0,183.164
601888.SH,2022-10-19,0.0,180.08,180.24,180.0,318.0,5725940.0,183.149
601888.SH,2022-10-19,0.0,180.25,180.5,180.06,169.0,3039010.0,183.141
601888.SH,2022-10-19,0.0,180.36,180.36,180.3,153.0,2759000.0,183.134
601888.SH,2022-10-19,0.0,180.54,180.54,180.3,794.0,14331500.0,183.103
601888.SH,2022-10-19,0.0,180.08,180.54,180.08,515.0,9291440.0,183.082
601888.SH,2022-10-19,0.0,180.33,180.33,180.05,315.0,5674310.0,183.068
601888.SH,2022-10-19,0.0,180.47,180.47,180.08,176.0,3172380.0,183.061
601888.SH,2022-10-19,0.0,180.19,180.47,180.1,175.0,3154450.0,183.054
601888.SH,2022-10-19,0.0,180.16,180.3,180.09,358.0,6448610.0,183.038
601888.SH,2022-10-19,0.0,180.06,180.4,180.06,429.0,7726180.0,183.02
601888.SH,2022-10-19,0.0,180.0,180.33,180.0,951.0,17119600.0,182.979
601888.SH,2022-10-19,0.0,180.0,180.01,179.98,544.0,9791920.0,182.956
601888.SH,2022-10-19,0.0,180.0,180.01,179.99,336.0,6047810.0,182.941
601888.SH,2022-10-19,0.0,179.99,180.02,179.99,199.0,3581960.0,182.933
601888.SH,2022-10-19,0.0,180.15,180.15,179.99,162.0,2916060.0,182.926
601888.SH,2022-10-19,0.0,180.0,180.15,180.0,458.0,8245000.0,182.908
601888.SH,2022-10-19,0.0,180.02,180.03,180.0,336.0,6044650.0,182.894
601888.SH,2022-10-19,0.0,179.97,180.02,179.91,255.0,4583590.0,182.883
601888.SH,2022-10-19,0.0,180.0,180.01,179.9,378.0,6807260.0,182.868
601888.SH,2022-10-19,0.0,180.07,180.15,180.0,106.0,1908640.0,182.864
601888.SH,2022-10-19,0.0,180.0,180.15,179.98,428.0,7705100.0,182.847
601888.SH,2022-10-19,0.0,179.99,180.0,179.98,163.0,2933790.0,182.841
601888.SH,2022-10-19,0.0,180.0,180.0,179.98,208.0,3743710.0,182.833
601888.SH,2022-10-19,0.0,180.0,180.0,179.99,191.0,3437970.0,182.825
601888.SH,2022-10-19,0.0,179.98,180.0,179.98,195.0,3509760.0,182.818
601888.SH,2022-10-19,0.0,180.01,180.01,179.98,346.0,6227920.0,182.804
601888.SH,2022-10-19,0.0,180.0,180.02,179.99,276.0,4968280.0,182.794
601888.SH,2022-10-19,0.0,180.01,180.01,180.0,270.0,4860140.0,182.784
601888.SH,2022-10-19,0.0,180.01,180.02,179.99,195.0,3510140.0,182.776
601888.SH,2022-10-19,0.0,180.02,180.02,180.0,240.0,4317680.0,182.768
601888.SH,2022-10-19,0.0,180.0,180.02,179.99,557.0,10026300.0,182.747
601888.SH,2022-10-19,0.0,180.01,180.01,180.0,342.0,6156130.0,182.735
601888.SH,2022-10-19,0.0,179.95,180.02,179.91,868.0,15624900.0,182.703
601888.SH,2022-10-19,0.0,179.99,180.02,179.97,543.0,9771230.0,182.684
601888.SH,2022-10-19,0.0,179.97,180.0,179.95,421.0,7577070.0,182.67
601888.SH,2022-10-19,0.0,179.93,179.97,179.91,422.0,7596080.0,182.655
601888.SH,2022-10-19,0.0,179.96,179.96,179.93,320.0,5758580.0,182.644
601888.SH,2022-10-19,0.0,179.93,179.96,179.91,532.0,9572560.0,182.625
601888.SH,2022-10-19,0.0,179.95,179.96,179.9,454.0,8168420.0,182.61
601888.SH,2022-10-19,0.0,179.89,179.95,179.89,607.0,10929100.0,182.589
601888.SH,2022-10-19,0.0,179.91,179.92,179.88,481.0,8655080.0,182.573
601888.SH,2022-10-19,0.0,179.82,179.91,179.82,602.0,10826200.0,182.553
601888.SH,2022-10-19,0.0,179.82,179.85,179.8,585.0,10519800.0,182.533
601888.SH,2022-10-19,0.0,179.86,179.87,179.81,477.0,8578320.0,182.518
601888.SH,2022-10-19,0.0,179.87,179.87,179.86,11.0,197862.0,182.517
601888.SH,2022-10-19,0.0,179.87,179.87,179.87,0.0,0.0,182.517
601888.SH,2022-10-19,0.0,179.6,179.6,179.6,2106.0,37816400.0,182.444
601888.SH,2022-10-20,0.0,175.0,175.0,175.0,2347.0,41072500.0,175.0
601888.SH,2022-10-20,0.0,176.74,177.98,174.15,3544.0,62299000.0,175.474
601888.SH,2022-10-20,0.0,177.14,177.14,176.3,1105.0,19525400.0,175.663
601888.SH,2022-10-20,0.0,175.94,177.27,175.94,1454.0,25658500.0,175.801
601888.SH,2022-10-20,0.0,176.64,177.0,175.94,1002.0,17665600.0,175.854
601888.SH,2022-10-20,0.0,175.75,176.65,175.58,1370.0,24115700.0,175.876
601888.SH,2022-10-20,0.0,176.62,176.9,175.75,842.0,14850500.0,175.913
601888.SH,2022-10-20,0.0,176.48,176.66,176.14,996.0,17584900.0,175.963
601888.SH,2022-10-20,0.0,176.44,176.6,176.28,685.0,12086100.0,175.987
601888.SH,2022-10-20,0.0,175.66,176.46,175.63,1052.0,18518800.0,175.991
601888.SH,2022-10-20,0.0,175.34,175.64,175.3,945.0,16581400.0,175.958
601888.SH,2022-10-20,0.0,175.8,175.81,175.34,916.0,16082300.0,175.936
601888.SH,2022-10-20,0.0,175.37,176.11,175.37,1438.0,25264700.0,175.917
601888.SH,2022-10-20,0.0,175.4,175.55,175.31,1024.0,17960000.0,175.888
601888.SH,2022-10-20,0.0,176.1,176.1,175.46,562.0,9872380.0,175.882
601888.SH,2022-10-20,0.0,176.99,177.0,176.12,665.0,11743300.0,175.906
601888.SH,2022-10-20,0.0,176.77,177.41,176.72,634.0,11221400.0,175.939
601888.SH,2022-10-20,0.0,177.68,177.68,176.85,670.0,11889800.0,175.983
601888.SH,2022-10-20,0.0,177.47,177.88,177.46,569.0,10110300.0,176.028
601888.SH,2022-10-20,0.0,176.87,177.47,176.87,565.0,10013800.0,176.058
601888.SH,2022-10-20,0.0,177.58,177.59,176.87,880.0,15601100.0,176.105
601888.SH,2022-10-20,0.0,176.61,177.66,176.61,1060.0,18793400.0,176.157
601888.SH,2022-10-20,0.0,176.31,176.79,176.3,1134.0,20027700.0,176.177
601888.SH,2022-10-20,0.0,176.38,176.39,176.21,747.0,13171200.0,176.181
601888.SH,2022-10-20,0.0,175.55,176.37,175.55,1099.0,19343100.0,176.174
601888.SH,2022-10-20,0.0,175.53,175.53,175.51,680.0,11935000.0,176.158
601888.SH,2022-10-20,0.0,175.74,175.88,175.53,530.0,9314140.0,176.149
601888.SH,2022-10-20,0.0,175.93,176.0,175.75,424.0,7454300.0,176.144
601888.SH,2022-10-20,0.0,175.81,176.01,175.78,367.0,6454560.0,176.14
601888.SH,2022-10-20,0.0,176.2,176.2,175.76,473.0,8318070.0,176.136
601888.SH,2022-10-20,0.0,175.82,176.17,175.8,441.0,7758950.0,176.133
601888.SH,2022-10-20,0.0,175.75,175.82,175.75,358.0,6292050.0,176.129
601888.SH,2022-10-20,0.0,175.91,176.07,175.76,354.0,6224180.0,176.127
601888.SH,2022-10-20,0.0,175.95,175.95,175.9,252.0,4433400.0,176.126
601888.SH,2022-10-20,0.0,175.94,175.96,175.93,214.0,3765200.0,176.124
601888.SH,2022-10-20,0.0,176.04,176.15,175.9,348.0,6123140.0,176.123
601888.SH,2022-10-20,0.0,175.3,176.0,175.3,1120.0,19666900.0,176.105
601888.SH,2022-10-20,0.0,175.15,175.27,175.11,530.0,9285050.0,176.091
601888.SH,2022-10-20,0.0,175.14,175.16,175.1,534.0,9351870.0,176.076
601888.SH,2022-10-20,0.0,175.16,175.16,175.1,413.0,7233090.0,176.064
601888.SH,2022-10-20,0.0,175.16,175.21,175.15,615.0,10766900.0,176.049
601888.SH,2022-10-20,0.0,175.14,175.18,175.12,558.0,9772580.0,176.034
601888.SH,2022-10-20,0.0,175.11,175.18,175.11,413.0,7233320.0,176.024
601888.SH,2022-10-20,0.0,174.7,175.08,174.7,2981.0,52168300.0,175.946
601888.SH,2022-10-20,0.0,174.97,174.97,174.41,1546.0,26986900.0,175.893
601888.SH,2022-10-20,0.0,175.0,175.02,174.77,398.0,6962240.0,175.883
601888.SH,2022-10-20,0.0,175.19,175.22,174.7,682.0,11928500.0,175.867
601888.SH,2022-10-20,0.0,174.95,175.5,174.95,296.0,5182310.0,175.862
601888.SH,2022-10-20,0.0,175.06,175.1,174.97,651.0,11392900.0,175.849
601888.SH,2022-10-20,0.0,174.98,175.15,174.98,480.0,8398220.0,175.84
601888.SH,2022-10-20,0.0,175.2,175.26,175.0,1256.0,21996000.0,175.819
601888.SH,2022-10-20,0.0,175.28,175.29,175.01,553.0,9687830.0,175.812
601888.SH,2022-10-20,0.0,175.03,175.1,175.02,414.0,7245660.0,175.804
601888.SH,2022-10-20,0.0,174.98,175.0,174.96,366.0,6404660.0,175.798
601888.SH,2022-10-20,0.0,175.0,175.12,174.97,395.0,6912920.0,175.791
601888.SH,2022-10-20,0.0,175.03,175.04,175.0,386.0,6755640.0,175.785
601888.SH,2022-10-20,0.0,174.59,174.97,174.59,953.0,16658000.0,175.765
601888.SH,2022-10-20,0.0,174.63,174.63,174.59,296.0,5168440.0,175.757
601888.SH,2022-10-20,0.0,174.64,174.66,174.62,393.0,6863310.0,175.748
601888.SH,2022-10-20,0.0,174.65,174.65,174.63,309.0,5396330.0,175.741
601888.SH,2022-10-20,0.0,174.74,174.74,174.63,361.0,6305140.0,175.733
601888.SH,2022-10-20,0.0,175.03,175.03,174.69,336.0,5875730.0,175.727
601888.SH,2022-10-20,0.0,174.66,175.04,174.66,518.0,9057520.0,175.718
601888.SH,2022-10-20,0.0,174.38,174.64,174.33,1177.0,20542700.0,175.691
601888.SH,2022-10-20,0.0,174.38,174.47,174.32,661.0,11524800.0,175.673
601888.SH,2022-10-20,0.0,174.33,174.37,174.28,503.0,8768160.0,175.66
601888.SH,2022-10-20,0.0,174.32,174.32,174.27,394.0,6867520.0,175.65
601888.SH,2022-10-20,0.0,174.32,174.33,174.29,317.0,5525790.0,175.642
601888.SH,2022-10-20,0.0,174.37,174.37,174.32,528.0,9204810.0,175.629
601888.SH,2022-10-20,0.0,174.41,174.45,174.36,215.0,3749810.0,175.624
601888.SH,2022-10-20,0.0,174.4,174.42,174.4,388.0,6767040.0,175.615
601888.SH,2022-10-20,0.0,174.32,174.43,174.32,385.0,6707870.0,175.606
601888.SH,2022-10-20,0.0,174.28,174.35,174.28,303.0,5277500.0,175.599
601888.SH,2022-10-20,0.0,174.25,174.3,174.25,305.0,5315440.0,175.592
601888.SH,2022-10-20,0.0,174.59,174.59,174.25,536.0,9348800.0,175.58
601888.SH,2022-10-20,0.0,174.89,174.89,174.52,334.0,5835620.0,175.575
601888.SH,2022-10-20,0.0,175.12,175.22,174.85,348.0,6087450.0,175.571
601888.SH,2022-10-20,0.0,175.31,175.31,175.0,264.0,4624360.0,175.57
601888.SH,2022-10-20,0.0,174.99,175.31,174.99,291.0,5096940.0,175.567
601888.SH,2022-10-20,0.0,175.07,175.25,174.91,229.0,4007700.0,175.565
601888.SH,2022-10-20,0.0,175.35,175.38,175.07,252.0,4414300.0,175.563
601888.SH,2022-10-20,0.0,175.47,175.49,175.35,231.0,4052050.0,175.563
601888.SH,2022-10-20,0.0,175.87,175.99,175.47,315.0,5531080.0,175.564
601888.SH,2022-10-20,0.0,176.06,176.09,175.85,610.0,10732500.0,175.568
601888.SH,2022-10-20,0.0,175.9,176.1,175.88,326.0,5737480.0,175.57
601888.SH,2022-10-20,0.0,175.99,176.0,175.9,234.0,4117080.0,175.571
601888.SH,2022-10-20,0.0,176.1,176.1,175.98,338.0,5949170.0,175.574
601888.SH,2022-10-20,0.0,176.0,176.2,175.98,243.0,4279000.0,175.576
601888.SH,2022-10-20,0.0,176.42,176.42,176.0,562.0,9897000.0,175.581
601888.SH,2022-10-20,0.0,176.3,176.42,176.23,285.0,5025730.0,175.585
601888.SH,2022-10-20,0.0,176.38,176.43,176.3,159.0,2804550.0,175.587
601888.SH,2022-10-20,0.0,176.26,176.37,176.19,601.0,10594900.0,175.594
601888.SH,2022-10-20,0.0,176.17,176.26,176.1,118.0,2079150.0,175.595
601888.SH,2022-10-20,0.0,176.12,176.17,175.97,231.0,4066270.0,175.597
601888.SH,2022-10-20,0.0,175.66,176.12,175.65,235.0,4133860.0,175.598
601888.SH,2022-10-20,0.0,175.38,175.63,175.14,269.0,4715950.0,175.597
601888.SH,2022-10-20,0.0,175.44,175.62,175.24,158.0,2770960.0,175.596
601888.SH,2022-10-20,0.0,175.42,175.45,175.3,246.0,4313790.0,175.595
601888.SH,2022-10-20,0.0,175.33,175.42,175.3,216.0,3787490.0,175.594
601888.SH,2022-10-20,0.0,175.3,175.34,175.3,193.0,3383640.0,175.593
601888.SH,2022-10-20,0.0,175.3,175.32,175.26,243.0,4259700.0,175.592
601888.SH,2022-10-20,0.0,175.08,175.29,175.08,257.0,4501440.0,175.59
601888.SH,2022-10-20,0.0,175.12,175.12,175.08,323.0,5655660.0,175.588
601888.SH,2022-10-20,0.0,175.13,175.13,175.09,271.0,4745320.0,175.586
601888.SH,2022-10-20,0.0,175.08,175.13,175.06,208.0,3642070.0,175.584
601888.SH,2022-10-20,0.0,175.01,175.1,175.01,422.0,7387500.0,175.581
601888.SH,2022-10-20,0.0,174.89,175.04,174.89,823.0,14402100.0,175.573
601888.SH,2022-10-20,0.0,174.78,174.9,174.76,225.0,3933660.0,175.571
601888.SH,2022-10-20,0.0,174.73,174.86,174.73,342.0,5978420.0,175.567
601888.SH,2022-10-20,0.0,174.67,174.76,174.6,417.0,7284110.0,175.561
601888.SH,2022-10-20,0.0,174.76,174.86,174.67,398.0,6953830.0,175.556
601888.SH,2022-10-20,0.0,174.88,174.89,174.76,308.0,5384710.0,175.553
601888.SH,2022-10-20,0.0,174.92,174.92,174.85,532.0,9304530.0,175.548
601888.SH,2022-10-20,0.0,174.91,174.94,174.9,194.0,3393460.0,175.546
601888.SH,2022-10-20,0.0,174.89,174.92,174.87,282.0,4932390.0,175.543
601888.SH,2022-10-20,0.0,174.87,174.89,174.87,117.0,2046070.0,175.542
601888.SH,2022-10-20,0.0,174.77,174.88,174.77,224.0,3916120.0,175.54
601888.SH,2022-10-20,0.0,174.7,174.77,174.68,282.0,4925240.0,175.536
601888.SH,2022-10-20,0.0,174.78,174.79,174.7,339.0,5923210.0,175.532
601888.SH,2022-10-20,0.0,174.65,174.77,174.62,424.0,7413180.0,175.527
601888.SH,2022-10-20,0.0,174.52,174.68,174.51,443.0,7731740.0,175.521
601888.SH,2022-10-20,0.0,178.0,178.64,176.52,6008.0,106420000.0,175.65
601888.SH,2022-10-20,0.0,178.05,178.79,177.97,1945.0,34637500.0,175.711
601888.SH,2022-10-20,0.0,178.0,178.56,178.0,1008.0,17967000.0,175.742
601888.SH,2022-10-20,0.0,177.33,178.28,177.26,779.0,13853900.0,175.763
601888.SH,2022-10-20,0.0,177.09,177.54,177.08,483.0,8567730.0,175.773
601888.SH,2022-10-20,0.0,176.95,177.32,176.85,438.0,7758810.0,175.78
601888.SH,2022-10-20,0.0,177.43,177.43,176.95,630.0,11161500.0,175.791
601888.SH,2022-10-20,0.0,178.01,178.01,177.44,1294.0,22997900.0,175.822
601888.SH,2022-10-20,0.0,180.69,180.69,178.22,1502.0,26939400.0,175.885
601888.SH,2022-10-20,0.0,180.21,180.9,180.0,2993.0,53964300.0,176.038
601888.SH,2022-10-20,0.0,180.63,181.0,180.08,1295.0,23367100.0,176.102
601888.SH,2022-10-20,0.0,181.35,181.35,180.65,1826.0,33045800.0,176.202
601888.SH,2022-10-20,0.0,181.53,181.77,181.34,3120.0,56603100.0,176.377
601888.SH,2022-10-20,0.0,182.49,182.68,181.77,2603.0,47339700.0,176.528
601888.SH,2022-10-20,0.0,183.1,183.1,182.41,2465.0,45044700.0,176.684
601888.SH,2022-10-20,0.0,181.8,183.01,181.71,2662.0,48522500.0,176.832
601888.SH,2022-10-20,0.0,181.18,181.67,181.18,1494.0,27116600.0,176.9
601888.SH,2022-10-20,0.0,181.78,181.81,181.0,1304.0,23666200.0,176.958
601888.SH,2022-10-20,0.0,181.76,181.81,181.61,1238.0,22498000.0,177.014
601888.SH,2022-10-20,0.0,181.66,181.77,181.61,912.0,16572800.0,177.055
601888.SH,2022-10-20,0.0,180.92,181.6,180.92,721.0,13068600.0,177.084
601888.SH,2022-10-20,0.0,180.65,180.98,180.65,579.0,10469700.0,177.104
601888.SH,2022-10-20,0.0,180.43,180.65,180.43,856.0,15457000.0,177.131
601888.SH,2022-10-20,0.0,179.84,180.42,179.84,1099.0,19791100.0,177.161
601888.SH,2022-10-20,0.0,179.96,179.99,179.56,1749.0,31437700.0,177.202
601888.SH,2022-10-20,0.0,180.14,180.15,179.93,424.0,7633160.0,177.213
601888.SH,2022-10-20,0.0,180.4,180.43,180.03,699.0,12593500.0,177.231
601888.SH,2022-10-20,0.0,180.68,180.68,180.36,1122.0,20261200.0,177.265
601888.SH,2022-10-20,0.0,180.97,180.97,180.68,449.0,8116580.0,177.278
601888.SH,2022-10-20,0.0,181.28,181.34,180.98,625.0,11321700.0,177.3
601888.SH,2022-10-20,0.0,180.29,181.23,180.29,566.0,10231800.0,177.317
601888.SH,2022-10-20,0.0,180.19,180.29,180.18,443.0,7982930.0,177.328
601888.SH,2022-10-20,0.0,180.07,180.2,180.01,565.0,10176500.0,177.342
601888.SH,2022-10-20,0.0,180.47,180.47,180.07,835.0,15046300.0,177.362
601888.SH,2022-10-20,0.0,181.14,181.14,180.48,1081.0,19547200.0,177.394
601888.SH,2022-10-20,0.0,181.71,181.85,181.19,672.0,12199600.0,177.418
601888.SH,2022-10-20,0.0,181.38,181.71,181.26,1182.0,21453400.0,177.458
601888.SH,2022-10-20,0.0,181.0,181.29,181.0,404.0,7315830.0,177.47
601888.SH,2022-10-20,0.0,180.2,181.01,180.2,351.0,6342500.0,177.48
601888.SH,2022-10-20,0.0,180.18,180.25,180.18,411.0,7406410.0,177.489
601888.SH,2022-10-20,0.0,180.2,180.2,180.12,515.0,9277310.0,177.5
601888.SH,2022-10-20,0.0,180.43,180.48,180.13,284.0,5118300.0,177.507
601888.SH,2022-10-20,0.0,180.58,180.6,180.38,235.0,4241860.0,177.513
601888.SH,2022-10-20,0.0,180.53,180.57,180.53,153.0,2762560.0,177.516
601888.SH,2022-10-20,0.0,180.48,180.55,180.46,230.0,4151370.0,177.522
601888.SH,2022-10-20,0.0,180.13,180.44,180.13,390.0,7032270.0,177.531
601888.SH,2022-10-20,0.0,180.0,180.13,180.0,490.0,8823870.0,177.541
601888.SH,2022-10-20,0.0,179.66,180.02,179.66,425.0,7646350.0,177.549
601888.SH,2022-10-20,0.0,179.2,179.66,179.12,474.0,8503830.0,177.556
601888.SH,2022-10-20,0.0,179.1,179.45,179.05,313.0,5609820.0,177.561
601888.SH,2022-10-20,0.0,179.12,179.18,179.09,186.0,3331630.0,177.563
601888.SH,2022-10-20,0.0,179.14,179.2,179.13,293.0,5249680.0,177.567
601888.SH,2022-10-20,0.0,179.01,179.2,179.01,402.0,7200110.0,177.572
601888.SH,2022-10-20,0.0,178.75,179.0,178.63,458.0,8194740.0,177.577
601888.SH,2022-10-20,0.0,178.69,178.89,178.65,370.0,6613430.0,177.58
601888.SH,2022-10-20,0.0,178.99,178.99,178.68,188.0,3362310.0,177.582
601888.SH,2022-10-20,0.0,178.96,179.0,178.96,306.0,5477260.0,177.585
601888.SH,2022-10-20,0.0,179.0,179.0,178.96,176.0,3145390.0,177.587
601888.SH,2022-10-20,0.0,179.03,179.03,179.0,211.0,3777340.0,177.59
601888.SH,2022-10-20,0.0,179.29,179.29,179.04,146.0,2615810.0,177.592
601888.SH,2022-10-20,0.0,179.27,179.44,179.26,200.0,3586570.0,177.594
601888.SH,2022-10-20,0.0,179.4,179.5,179.28,266.0,4771290.0,177.598
601888.SH,2022-10-20,0.0,179.48,179.48,179.42,134.0,2404610.0,177.6
601888.SH,2022-10-20,0.0,179.7,179.7,179.48,201.0,3610800.0,177.603
601888.SH,2022-10-20,0.0,179.51,179.7,179.5,211.0,3791690.0,177.606
601888.SH,2022-10-20,0.0,179.52,179.52,179.48,139.0,2495120.0,177.609
601888.SH,2022-10-20,0.0,179.88,179.88,179.52,159.0,2857180.0,177.611
601888.SH,2022-10-20,0.0,180.11,180.24,179.88,367.0,6607370.0,177.618
601888.SH,2022-10-20,0.0,180.24,180.3,180.18,274.0,4942030.0,177.624
601888.SH,2022-10-20,0.0,179.95,180.22,179.95,260.0,4678890.0,177.629
601888.SH,2022-10-20,0.0,179.92,180.0,179.92,164.0,2951560.0,177.632
601888.SH,2022-10-20,0.0,179.82,179.96,179.7,192.0,3454320.0,177.635
601888.SH,2022-10-20,0.0,179.66,179.7,179.6,121.0,2173890.0,177.637
601888.SH,2022-10-20,0.0,179.6,179.62,179.58,206.0,3699830.0,177.64
601888.SH,2022-10-20,0.0,179.53,179.6,179.53,216.0,3879180.0,177.643
601888.SH,2022-10-20,0.0,179.41,179.54,179.41,121.0,2171710.0,177.645
601888.SH,2022-10-20,0.0,179.2,179.44,179.2,166.0,2976510.0,177.647
601888.SH,2022-10-20,0.0,179.02,179.2,179.02,200.0,3582650.0,177.649
601888.SH,2022-10-20,0.0,179.3,179.3,179.03,193.0,3455570.0,177.652
601888.SH,2022-10-20,0.0,179.36,179.37,179.3,104.0,1865230.0,177.653
601888.SH,2022-10-20,0.0,179.58,179.58,179.37,292.0,5240710.0,177.657
601888.SH,2022-10-20,0.0,179.58,179.58,179.46,243.0,4362550.0,177.661
601888.SH,2022-10-20,0.0,179.56,179.56,179.52,185.0,3320900.0,177.663
601888.SH,2022-10-20,0.0,179.4,179.55,179.17,299.0,5371460.0,177.667
601888.SH,2022-10-20,0.0,179.1,179.16,179.1,141.0,2525580.0,177.669
601888.SH,2022-10-20,0.0,179.08,179.1,179.05,273.0,4889080.0,177.672
601888.SH,2022-10-20,0.0,179.45,179.5,179.08,354.0,6345580.0,177.676
601888.SH,2022-10-20,0.0,179.48,179.5,179.38,123.0,2207360.0,177.678
601888.SH,2022-10-20,0.0,179.4,179.48,179.37,188.0,3373370.0,177.68
601888.SH,2022-10-20,0.0,179.45,179.48,179.37,276.0,4952370.0,177.684
601888.SH,2022-10-20,0.0,179.11,179.47,179.11,471.0,8449130.0,177.69
601888.SH,2022-10-20,0.0,179.1,179.1,179.02,276.0,4942750.0,177.693
601888.SH,2022-10-20,0.0,179.14,179.15,179.1,193.0,3457230.0,177.695
601888.SH,2022-10-20,0.0,179.23,179.37,179.1,336.0,6019270.0,177.698
601888.SH,2022-10-20,0.0,179.15,179.37,179.15,98.0,1756550.0,177.699
601888.SH,2022-10-20,0.0,179.05,179.15,179.05,326.0,5844090.0,177.703
601888.SH,2022-10-20,0.0,179.1,179.1,179.05,187.0,3348710.0,177.705
601888.SH,2022-10-20,0.0,179.06,179.09,179.06,173.0,3098080.0,177.706
601888.SH,2022-10-20,0.0,179.07,179.1,179.05,302.0,5407640.0,177.709
601888.SH,2022-10-20,0.0,179.09,179.1,179.07,234.0,4190520.0,177.712
601888.SH,2022-10-20,0.0,179.16,179.22,179.09,394.0,7053680.0,177.716
601888.SH,2022-10-20,0.0,179.29,179.29,179.15,156.0,2796060.0,177.718
601888.SH,2022-10-20,0.0,179.25,179.33,179.25,146.0,2617550.0,177.719
601888.SH,2022-10-20,0.0,179.21,179.25,179.16,196.0,3512620.0,177.722
601888.SH,2022-10-20,0.0,179.17,179.21,179.17,236.0,4228710.0,177.724
601888.SH,2022-10-20,0.0,179.15,179.18,179.09,314.0,5624340.0,177.727
601888.SH,2022-10-20,0.0,179.22,179.22,179.15,311.0,5578560.0,177.731
601888.SH,2022-10-20,0.0,179.2,179.23,179.17,285.0,5107230.0,177.734
601888.SH,2022-10-20,0.0,179.19,179.2,179.19,252.0,4521630.0,177.736
601888.SH,2022-10-20,0.0,179.19,179.21,179.17,376.0,6737680.0,177.74
601888.SH,2022-10-20,0.0,179.21,179.23,179.19,255.0,4566380.0,177.743
601888.SH,2022-10-20,0.0,179.28,179.29,179.2,273.0,4899570.0,177.746
601888.SH,2022-10-20,0.0,179.3,179.31,179.28,252.0,4524340.0,177.749
601888.SH,2022-10-20,0.0,179.38,179.38,179.3,265.0,4752960.0,177.752
601888.SH,2022-10-20,0.0,179.31,179.46,179.31,325.0,5829580.0,177.756
601888.SH,2022-10-20,0.0,179.4,179.45,179.31,428.0,7678040.0,177.761
601888.SH,2022-10-20,0.0,179.4,179.44,179.4,462.0,8286740.0,177.766
601888.SH,2022-10-20,0.0,179.48,179.48,179.4,6.0,107670.0,177.766
601888.SH,2022-10-20,0.0,179.48,179.48,179.48,0.0,0.0,177.766
601888.SH,2022-10-20,0.0,179.4,179.4,179.4,1178.0,21127600.0,177.78
601888.SH,2022-10-21,0.0,176.61,176.61,176.61,474.0,8371310.0,176.61
601888.SH,2022-10-21,0.0,176.97,177.78,176.29,1841.0,32600000.0,176.959
601888.SH,2022-10-21,0.0,176.89,176.99,176.64,838.0,14818200.0,176.928
601888.SH,2022-10-21,0.0,176.82,176.98,176.79,759.0,13428500.0,176.924
601888.SH,2022-10-21,0.0,175.9,176.96,175.87,1485.0,26181800.0,176.765
601888.SH,2022-10-21,0.0,175.36,175.88,175.02,1076.0,18867200.0,176.529
601888.SH,2022-10-21,0.0,175.2,175.33,175.06,968.0,16957200.0,176.353
601888.SH,2022-10-21,0.0,175.42,175.47,175.08,1068.0,18716400.0,176.214
601888.SH,2022-10-21,0.0,176.13,176.26,175.11,773.0,13580700.0,176.165
601888.SH,2022-10-21,0.0,176.67,176.83,176.2,518.0,9149910.0,176.19
601888.SH,2022-10-21,0.0,176.46,176.75,176.28,798.0,14092600.0,176.221
601888.SH,2022-10-21,0.0,176.34,176.46,176.21,466.0,8215700.0,176.224
601888.SH,2022-10-21,0.0,176.1,176.35,176.05,361.0,6359920.0,176.223
601888.SH,2022-10-21,0.0,176.7,176.7,176.1,1194.0,21069600.0,176.241
601888.SH,2022-10-21,0.0,177.38,177.38,176.75,540.0,9550020.0,176.266
601888.SH,2022-10-21,0.0,177.74,177.77,177.41,494.0,8770760.0,176.313
601888.SH,2022-10-21,0.0,177.2,177.65,177.19,620.0,11000200.0,176.361
601888.SH,2022-10-21,0.0,176.81,177.18,176.8,513.0,9078700.0,176.382
601888.SH,2022-10-21,0.0,176.84,176.99,176.81,628.0,11109700.0,176.403
601888.SH,2022-10-21,0.0,176.8,176.82,176.6,548.0,9685170.0,176.415
601888.SH,2022-10-21,0.0,176.76,176.94,176.5,415.0,7333850.0,176.422
601888.SH,2022-10-21,0.0,176.42,176.76,176.4,575.0,10148400.0,176.425
601888.SH,2022-10-21,0.0,176.58,176.63,176.28,264.0,4658970.0,176.426
601888.SH,2022-10-21,0.0,176.11,176.68,176.06,438.0,7727110.0,176.426
601888.SH,2022-10-21,0.0,176.28,176.28,176.1,171.0,3012410.0,176.423
601888.SH,2022-10-21,0.0,176.46,176.75,176.28,216.0,3812230.0,176.424
601888.SH,2022-10-21,0.0,176.91,176.92,176.46,176.0,3109250.0,176.426
601888.SH,2022-10-21,0.0,177.22,177.3,176.58,581.0,10279400.0,176.441
601888.SH,2022-10-21,0.0,176.88,177.17,176.84,159.0,2814090.0,176.446
601888.SH,2022-10-21,0.0,176.97,177.01,176.81,208.0,3679690.0,176.451
601888.SH,2022-10-21,0.0,176.91,176.98,176.9,177.0,3131870.0,176.455
601888.SH,2022-10-21,0.0,177.0,177.1,176.86,397.0,7026010.0,176.466
601888.SH,2022-10-21,0.0,176.93,176.95,176.91,427.0,7554750.0,176.476
601888.SH,2022-10-21,0.0,176.93,177.0,176.67,410.0,7251680.0,176.484
601888.SH,2022-10-21,0.0,177.08,177.08,176.83,256.0,4529240.0,176.489
601888.SH,2022-10-21,0.0,177.14,177.17,177.06,186.0,3294010.0,176.494
601888.SH,2022-10-21,0.0,177.12,177.16,177.11,197.0,3489530.0,176.5
601888.SH,2022-10-21,0.0,177.07,177.12,177.0,269.0,4762650.0,176.507
601888.SH,2022-10-21,0.0,177.1,177.1,177.0,264.0,4673440.0,176.513
601888.SH,2022-10-21,0.0,177.35,177.35,177.01,200.0,3542350.0,176.519
601888.SH,2022-10-21,0.0,177.09,177.35,177.09,155.0,2746440.0,176.524
601888.SH,2022-10-21,0.0,177.24,177.99,177.05,1205.0,21426000.0,176.59
601888.SH,2022-10-21,0.0,177.23,177.29,177.11,275.0,4873130.0,176.597
601888.SH,2022-10-21,0.0,177.35,177.45,177.17,185.0,3279040.0,176.602
601888.SH,2022-10-21,0.0,177.38,177.4,177.22,90.0,1595860.0,176.605
601888.SH,2022-10-21,0.0,177.32,177.5,177.3,206.0,3654420.0,176.612
601888.SH,2022-10-21,0.0,177.39,177.5,177.26,214.0,3795940.0,176.619
601888.SH,2022-10-21,0.0,177.48,177.48,177.37,266.0,4719000.0,176.627
601888.SH,2022-10-21,0.0,177.96,177.96,177.48,183.0,3251800.0,176.635
601888.SH,2022-10-21,0.0,178.5,178.8,178.0,398.0,7100190.0,176.663
601888.SH,2022-10-21,0.0,178.18,178.5,178.13,283.0,5049360.0,176.682
601888.SH,2022-10-21,0.0,177.81,178.27,177.77,201.0,3576810.0,176.692
601888.SH,2022-10-21,0.0,177.44,177.76,177.44,194.0,3444290.0,176.699
601888.SH,2022-10-21,0.0,177.4,177.44,177.22,141.0,2499890.0,176.702
601888.SH,2022-10-21,0.0,177.76,177.76,177.42,117.0,2078680.0,176.706
601888.SH,2022-10-21,0.0,178.01,178.19,177.71,168.0,2990080.0,176.715
601888.SH,2022-10-21,0.0,177.77,178.1,177.76,187.0,3327990.0,176.723
601888.SH,2022-10-21,0.0,177.81,177.99,177.75,166.0,2952410.0,176.731
601888.SH,2022-10-21,0.0,177.98,178.18,177.81,241.0,4290920.0,176.742
601888.SH,2022-10-21,0.0,178.0,178.07,177.83,110.0,1957760.0,176.747
601888.SH,2022-10-21,0.0,178.15,178.18,177.84,147.0,2612120.0,176.754
601888.SH,2022-10-21,0.0,178.0,178.17,178.0,126.0,2243580.0,176.76
601888.SH,2022-10-21,0.0,178.01,178.11,178.0,131.0,2332020.0,176.766
601888.SH,2022-10-21,0.0,178.18,178.18,178.04,127.0,2262110.0,176.773
601888.SH,2022-10-21,0.0,178.45,178.49,178.16,168.0,2995510.0,176.782
601888.SH,2022-10-21,0.0,178.7,178.77,178.43,177.0,3160010.0,176.793
601888.SH,2022-10-21,0.0,178.75,178.78,178.69,219.0,3914000.0,176.808
601888.SH,2022-10-21,0.0,178.51,178.78,178.51,227.0,4055910.0,176.823
601888.SH,2022-10-21,0.0,178.21,178.51,178.2,209.0,3728570.0,176.835
601888.SH,2022-10-21,0.0,178.19,178.24,178.18,97.0,1728680.0,176.839
601888.SH,2022-10-21,0.0,178.06,178.2,178.02,130.0,2315560.0,176.845
601888.SH,2022-10-21,0.0,178.29,178.3,178.07,88.0,1567810.0,176.849
601888.SH,2022-10-21,0.0,178.19,178.38,178.15,125.0,2228040.0,176.855
601888.SH,2022-10-21,0.0,178.19,178.3,178.15,74.0,1318640.0,176.859
601888.SH,2022-10-21,0.0,178.22,178.22,178.15,92.0,1639400.0,176.863
601888.SH,2022-10-21,0.0,178.11,178.22,178.1,73.0,1300670.0,176.866
601888.SH,2022-10-21,0.0,178.2,178.2,178.02,121.0,2155120.0,176.871
601888.SH,2022-10-21,0.0,178.1,178.2,178.02,84.0,1495520.0,176.875
601888.SH,2022-10-21,0.0,178.2,178.22,178.1,85.0,1514250.0,176.878
601888.SH,2022-10-21,0.0,178.03,178.21,178.03,164.0,2921480.0,176.885
601888.SH,2022-10-21,0.0,178.2,178.2,178.02,194.0,3454880.0,176.893
601888.SH,2022-10-21,0.0,178.34,178.34,178.01,263.0,4687300.0,176.905
601888.SH,2022-10-21,0.0,178.3,178.4,178.3,242.0,4316560.0,176.916
601888.SH,2022-10-21,0.0,178.43,178.6,178.43,271.0,4838430.0,176.931
601888.SH,2022-10-21,0.0,178.62,178.62,178.43,134.0,2392000.0,176.938
601888.SH,2022-10-21,0.0,178.83,179.0,178.6,393.0,7027870.0,176.962
601888.SH,2022-10-21,0.0,178.7,178.88,178.7,321.0,5739210.0,176.98
601888.SH,2022-10-21,0.0,178.31,178.7,178.31,221.0,3947640.0,176.992
601888.SH,2022-10-21,0.0,178.7,178.7,178.11,195.0,3477910.0,177.0
601888.SH,2022-10-21,0.0,178.46,178.71,178.3,278.0,4965430.0,177.014
601888.SH,2022-10-21,0.0,178.12,178.3,178.1,110.0,1959580.0,177.018
601888.SH,2022-10-21,0.0,178.3,178.48,178.13,59.0,1052360.0,177.02
601888.SH,2022-10-21,0.0,178.18,178.4,178.18,39.0,695087.0,177.022
601888.SH,2022-10-21,0.0,178.26,178.27,178.18,62.0,1104770.0,177.024
601888.SH,2022-10-21,0.0,178.25,178.26,178.22,63.0,1122920.0,177.027
601888.SH,2022-10-21,0.0,178.25,178.35,178.22,63.0,1122980.0,177.029
601888.SH,2022-10-21,0.0,178.36,178.36,178.2,65.0,1158620.0,177.031
601888.SH,2022-10-21,0.0,178.3,178.53,178.26,57.0,1016680.0,177.034
601888.SH,2022-10-21,0.0,178.48,178.5,178.28,73.0,1302200.0,177.037
601888.SH,2022-10-21,0.0,178.49,178.5,178.29,106.0,1891690.0,177.041
601888.SH,2022-10-21,0.0,178.5,178.53,178.48,89.0,1588610.0,177.045
601888.SH,2022-10-21,0.0,178.53,178.58,178.5,121.0,2160220.0,177.051
601888.SH,2022-10-21,0.0,179.07,179.09,178.51,468.0,8371000.0,177.076
601888.SH,2022-10-21,0.0,178.88,179.07,178.85,236.0,4224150.0,177.089
601888.SH,2022-10-21,0.0,179.01,179.1,178.8,320.0,5727840.0,177.107
601888.SH,2022-10-21,0.0,178.8,179.01,178.8,100.0,1788650.0,177.112
601888.SH,2022-10-21,0.0,178.5,178.8,178.5,105.0,1875190.0,177.117
601888.SH,2022-10-21,0.0,178.5,178.53,178.5,109.0,1945700.0,177.121
601888.SH,2022-10-21,0.0,178.43,178.5,178.42,99.0,1766740.0,177.125
601888.SH,2022-10-21,0.0,178.43,178.45,178.4,81.0,1445240.0,177.128
601888.SH,2022-10-21,0.0,178.21,178.44,178.21,202.0,3602760.0,177.135
601888.SH,2022-10-21,0.0,178.2,178.24,178.19,142.0,2530520.0,177.14
601888.SH,2022-10-21,0.0,178.25,178.25,178.16,171.0,3047350.0,177.145
601888.SH,2022-10-21,0.0,178.25,178.25,178.22,88.0,1568490.0,177.148
601888.SH,2022-10-21,0.0,178.01,178.15,178.01,164.0,2920850.0,177.152
601888.SH,2022-10-21,0.0,178.05,178.06,178.01,66.0,1174980.0,177.154
601888.SH,2022-10-21,0.0,178.05,178.06,178.05,70.0,1246370.0,177.156
601888.SH,2022-10-21,0.0,178.06,178.23,178.0,161.0,2866750.0,177.16
601888.SH,2022-10-21,0.0,178.01,178.06,178.01,149.0,2652890.0,177.163
601888.SH,2022-10-21,0.0,178.02,178.02,178.0,67.0,1201410.0,177.165
601888.SH,2022-10-21,0.0,178.02,178.02,178.0,52.0,930634.0,177.166
601888.SH,2022-10-21,0.0,177.71,178.05,177.71,822.0,14634800.0,177.185
601888.SH,2022-10-21,0.0,177.33,177.7,177.33,157.0,2787270.0,177.186
601888.SH,2022-10-21,0.0,177.29,177.4,177.25,116.0,2056830.0,177.187
601888.SH,2022-10-21,0.0,177.1,177.29,177.1,181.0,3207540.0,177.187
601888.SH,2022-10-21,0.0,177.1,177.14,177.03,212.0,3754170.0,177.186
601888.SH,2022-10-21,0.0,177.12,177.14,177.05,221.0,3914260.0,177.186
601888.SH,2022-10-21,0.0,177.12,177.13,177.1,86.0,1523170.0,177.185
601888.SH,2022-10-21,0.0,177.11,177.12,177.1,236.0,4179740.0,177.185
601888.SH,2022-10-21,0.0,177.12,177.12,177.01,178.0,3152400.0,177.185
601888.SH,2022-10-21,0.0,177.02,177.03,177.0,183.0,3239320.0,177.184
601888.SH,2022-10-21,0.0,177.0,177.02,177.0,193.0,3416160.0,177.183
601888.SH,2022-10-21,0.0,176.66,177.01,176.66,297.0,5252820.0,177.18
601888.SH,2022-10-21,0.0,176.57,176.66,176.57,152.0,2684660.0,177.178
601888.SH,2022-10-21,0.0,176.73,176.82,176.56,226.0,3992940.0,177.175
601888.SH,2022-10-21,0.0,176.83,176.88,176.72,169.0,2987980.0,177.174
601888.SH,2022-10-21,0.0,176.86,176.89,176.83,124.0,2193280.0,177.173
601888.SH,2022-10-21,0.0,176.85,176.89,176.85,180.0,3183620.0,177.171
601888.SH,2022-10-21,0.0,176.7,176.89,176.7,266.0,4702050.0,177.169
601888.SH,2022-10-21,0.0,176.5,176.7,176.5,180.0,3178840.0,177.166
601888.SH,2022-10-21,0.0,176.11,176.5,176.11,313.0,5517020.0,177.159
601888.SH,2022-10-21,0.0,176.0,176.19,176.0,845.0,14873700.0,177.136
601888.SH,2022-10-21,0.0,176.0,176.0,175.68,716.0,12594900.0,177.115
601888.SH,2022-10-21,0.0,175.95,176.0,175.79,559.0,9829320.0,177.098
601888.SH,2022-10-21,0.0,175.92,175.99,175.8,554.0,9743740.0,177.082
601888.SH,2022-10-21,0.0,175.95,175.98,175.9,423.0,7441770.0,177.071
601888.SH,2022-10-21,0.0,176.43,176.5,175.95,600.0,10573100.0,177.059
601888.SH,2022-10-21,0.0,176.58,176.84,176.5,881.0,15573600.0,177.054
601888.SH,2022-10-21,0.0,176.23,176.6,176.18,284.0,5011670.0,177.05
601888.SH,2022-10-21,0.0,176.11,176.43,176.11,377.0,6644280.0,177.043
601888.SH,2022-10-21,0.0,175.93,176.11,175.93,633.0,11143000.0,177.03
601888.SH,2022-10-21,0.0,175.81,175.91,175.8,420.0,7385030.0,177.019
601888.SH,2022-10-21,0.0,175.92,175.92,175.5,1381.0,24269000.0,176.982
601888.SH,2022-10-21,0.0,175.91,175.98,175.86,315.0,5541800.0,176.975
601888.SH,2022-10-21,0.0,175.81,175.94,175.8,242.0,4256320.0,176.97
601888.SH,2022-10-21,0.0,175.71,175.82,175.71,300.0,5273880.0,176.962
601888.SH,2022-10-21,0.0,175.6,175.71,175.6,326.0,5726180.0,176.954
601888.SH,2022-10-21,0.0,175.52,175.59,175.51,371.0,6512410.0,176.943
601888.SH,2022-10-21,0.0,175.51,175.53,175.5,431.0,7564630.0,176.931
601888.SH,2022-10-21,0.0,175.7,175.8,175.51,675.0,11855000.0,176.914
601888.SH,2022-10-21,0.0,175.71,175.72,175.7,282.0,4954950.0,176.907
601888.SH,2022-10-21,0.0,175.71,175.8,175.68,399.0,7010800.0,176.898
601888.SH,2022-10-21,0.0,175.52,175.89,175.51,390.0,6848460.0,176.888
601888.SH,2022-10-21,0.0,175.3,175.52,175.3,765.0,13424000.0,176.867
601888.SH,2022-10-21,0.0,175.25,175.32,175.25,453.0,7940180.0,176.854
601888.SH,2022-10-21,0.0,175.27,175.28,175.25,371.0,6502400.0,176.843
601888.SH,2022-10-21,0.0,175.3,175.3,175.24,421.0,7385320.0,176.83
601888.SH,2022-10-21,0.0,175.35,175.35,175.3,320.0,5609530.0,176.821
601888.SH,2022-10-21,0.0,175.25,175.35,175.24,531.0,9308520.0,176.806
601888.SH,2022-10-21,0.0,175.14,175.23,175.14,518.0,9075270.0,176.791
601888.SH,2022-10-21,0.0,175.21,175.21,175.15,434.0,7602740.0,176.779
601888.SH,2022-10-21,0.0,175.26,175.27,175.2,296.0,5187070.0,176.771
601888.SH,2022-10-21,0.0,175.28,175.28,175.25,339.0,5941580.0,176.762
601888.SH,2022-10-21,0.0,175.26,175.28,175.25,284.0,4977440.0,176.754
601888.SH,2022-10-21,0.0,175.27,175.28,175.26,213.0,3733270.0,176.748
601888.SH,2022-10-21,0.0,175.35,175.35,175.27,365.0,6399020.0,176.739
601888.SH,2022-10-21,0.0,175.34,175.36,175.32,290.0,5084890.0,176.732
601888.SH,2022-10-21,0.0,175.34,175.35,175.34,221.0,3875080.0,176.727
601888.SH,2022-10-21,0.0,175.75,175.8,175.34,306.0,5368110.0,176.72
601888.SH,2022-10-21,0.0,175.61,175.78,175.61,242.0,4251130.0,176.716
601888.SH,2022-10-21,0.0,175.36,175.61,175.35,298.0,5228670.0,176.709
601888.SH,2022-10-21,0.0,175.33,175.34,175.31,227.0,3979960.0,176.704
601888.SH,2022-10-21,0.0,175.34,175.36,175.33,293.0,5137450.0,176.697
601888.SH,2022-10-21,0.0,175.3,175.35,175.28,311.0,5452270.0,176.69
601888.SH,2022-10-21,0.0,175.15,175.33,175.11,615.0,10776400.0,176.675
601888.SH,2022-10-21,0.0,175.14,175.2,175.12,247.0,4325870.0,176.668
601888.SH,2022-10-21,0.0,175.14,175.14,175.12,273.0,4781060.0,176.661
601888.SH,2022-10-21,0.0,175.17,175.19,175.14,195.0,3415650.0,176.657
601888.SH,2022-10-21,0.0,175.27,175.27,175.16,396.0,6938360.0,176.647
601888.SH,2022-10-21,0.0,175.15,175.27,175.15,370.0,6482020.0,176.638
601888.SH,2022-10-21,0.0,175.09,175.15,175.09,725.0,12695600.0,176.621
601888.SH,2022-10-21,0.0,175.04,175.09,175.04,492.0,8613260.0,176.608
601888.SH,2022-10-21,0.0,175.01,175.03,175.0,1583.0,27703400.0,176.569
601888.SH,2022-10-21,0.0,175.0,175.01,175.0,639.0,11180700.0,176.553
601888.SH,2022-10-21,0.0,174.88,175.01,174.88,1087.0,19022600.0,176.528
601888.SH,2022-10-21,0.0,174.75,174.88,174.74,383.0,6695670.0,176.518
601888.SH,2022-10-21,0.0,174.69,174.75,174.69,473.0,8264680.0,176.505
601888.SH,2022-10-21,0.0,174.75,174.77,174.68,483.0,8436460.0,176.492
601888.SH,2022-10-21,0.0,174.81,174.82,174.75,204.0,3566000.0,176.487
601888.SH,2022-10-21,0.0,174.87,174.87,174.82,249.0,4353380.0,176.481
601888.SH,2022-10-21,0.0,174.97,174.98,174.87,158.0,2764070.0,176.478
601888.SH,2022-10-21,0.0,174.95,174.98,174.95,227.0,3971740.0,176.472
601888.SH,2022-10-21,0.0,174.81,174.95,174.81,402.0,7030180.0,176.463
601888.SH,2022-10-21,0.0,174.7,174.76,174.7,376.0,6574080.0,176.454
601888.SH,2022-10-21,0.0,174.71,174.72,174.7,289.0,5049070.0,176.446
601888.SH,2022-10-21,0.0,174.6,174.7,174.6,472.0,8243740.0,176.434
601888.SH,2022-10-21,0.0,174.61,174.61,174.55,629.0,10981500.0,176.418
601888.SH,2022-10-21,0.0,174.58,174.61,174.58,272.0,4749240.0,176.411
601888.SH,2022-10-21,0.0,174.7,174.75,174.58,467.0,8154480.0,176.399
601888.SH,2022-10-21,0.0,174.76,174.81,174.69,282.0,4927640.0,176.392
601888.SH,2022-10-21,0.0,174.84,174.84,174.77,168.0,2937000.0,176.389
601888.SH,2022-10-21,0.0,175.0,175.0,174.85,319.0,5580200.0,176.382
601888.SH,2022-10-21,0.0,175.35,175.47,175.0,267.0,4679380.0,176.378
601888.SH,2022-10-21,0.0,174.95,175.35,174.95,389.0,6811680.0,176.371
601888.SH,2022-10-21,0.0,175.22,175.3,174.94,230.0,4026180.0,176.367
601888.SH,2022-10-21,0.0,175.04,175.2,175.0,210.0,3676650.0,176.363
601888.SH,2022-10-21,0.0,175.17,175.17,175.0,351.0,6143440.0,176.357
601888.SH,2022-10-21,0.0,175.43,175.45,175.15,836.0,14642400.0,176.343
601888.SH,2022-10-21,0.0,175.82,175.82,175.43,181.0,3179560.0,176.342
601888.SH,2022-10-21,0.0,175.62,175.84,175.6,254.0,4464280.0,176.34
601888.SH,2022-10-21,0.0,175.79,175.87,175.6,291.0,5112610.0,176.337
601888.SH,2022-10-21,0.0,176.01,176.01,175.8,363.0,6387180.0,176.335
601888.SH,2022-10-21,0.0,176.09,176.32,176.02,510.0,8986020.0,176.334
601888.SH,2022-10-21,0.0,176.0,176.11,175.95,487.0,8571380.0,176.332
601888.SH,2022-10-21,0.0,176.09,176.09,175.99,440.0,7745320.0,176.33
601888.SH,2022-10-21,0.0,176.0,176.12,176.0,417.0,7342100.0,176.329
601888.SH,2022-10-21,0.0,175.96,176.0,175.93,413.0,7264920.0,176.327
601888.SH,2022-10-21,0.0,176.0,176.06,175.96,325.0,5720250.0,176.326
601888.SH,2022-10-21,0.0,176.0,176.08,175.99,574.0,10103800.0,176.324
601888.SH,2022-10-21,0.0,175.96,176.06,175.96,346.0,6089960.0,176.322
601888.SH,2022-10-21,0.0,175.93,175.97,175.93,209.0,3677400.0,176.321
601888.SH,2022-10-21,0.0,175.88,175.93,175.88,431.0,7581470.0,176.319
601888.SH,2022-10-21,0.0,175.88,175.88,175.78,398.0,6998400.0,176.317
601888.SH,2022-10-21,0.0,175.92,175.92,175.88,439.0,7722070.0,176.314
601888.SH,2022-10-21,0.0,175.86,175.93,175.86,423.0,7440260.0,176.312
601888.SH,2022-10-21,0.0,175.81,175.88,175.81,297.0,5222360.0,176.31
601888.SH,2022-10-21,0.0,175.8,175.84,175.8,492.0,8649840.0,176.307
601888.SH,2022-10-21,0.0,175.8,175.8,175.76,369.0,6490800.0,176.305
601888.SH,2022-10-21,0.0,175.8,175.8,175.8,3.0,52740.0,176.305
601888.SH,2022-10-21,0.0,175.8,175.8,175.8,0.0,0.0,176.305
601888.SH,2022-10-21,0.0,175.57,175.57,175.57,934.0,16396300.0,176.297
601888.SH,2022-10-24,0.0,174.05,174.05,174.05,973.0,16929700.0,174.05
601888.SH,2022-10-24,0.0,171.0,174.3,170.88,3661.0,63245100.0,173.014
601888.SH,2022-10-24,0.0,171.0,171.88,171.0,2539.0,43512400.0,172.434
601888.SH,2022-10-24,0.0,169.66,170.91,169.1,2785.0,47389900.0,171.799
601888.SH,2022-10-24,0.0,169.99,170.07,169.5,3807.0,64599700.0,171.21
601888.SH,2022-10-24,0.0,171.1,171.37,169.91,1833.0,31261000.0,171.129
601888.SH,2022-10-24,0.0,172.79,173.07,171.42,1451.0,25024400.0,171.243
601888.SH,2022-10-24,0.0,172.6,173.07,172.0,1868.0,32229500.0,171.374
601888.SH,2022-10-24,0.0,173.2,173.48,172.6,1243.0,21525500.0,171.485
601888.SH,2022-10-24,0.0,174.19,174.2,173.2,1468.0,25510200.0,171.643
601888.SH,2022-10-24,0.0,173.0,174.19,173.0,937.0,16277500.0,171.729
601888.SH,2022-10-24,0.0,172.79,173.05,172.52,657.0,11356200.0,171.761
601888.SH,2022-10-24,0.0,172.0,172.74,171.9,939.0,16173800.0,171.779
601888.SH,2022-10-24,0.0,172.14,172.54,172.14,647.0,11146900.0,171.793
601888.SH,2022-10-24,0.0,171.35,172.17,171.35,506.0,8691610.0,171.792
601888.SH,2022-10-24,0.0,171.3,171.6,171.18,777.0,13312200.0,171.778
601888.SH,2022-10-24,0.0,171.1,171.4,171.01,829.0,14192100.0,171.76
601888.SH,2022-10-24,0.0,171.4,171.4,171.0,1149.0,19662100.0,171.734
601888.SH,2022-10-24,0.0,171.49,171.68,171.0,870.0,14904600.0,171.722
601888.SH,2022-10-24,0.0,171.8,171.8,171.49,432.0,7410960.0,171.719
601888.SH,2022-10-24,0.0,171.35,172.0,171.01,792.0,13585800.0,171.714
601888.SH,2022-10-24,0.0,170.96,171.37,170.94,2620.0,44765400.0,171.646
601888.SH,2022-10-24,0.0,171.3,171.3,170.91,1333.0,22801300.0,171.623
601888.SH,2022-10-24,0.0,170.98,171.35,170.98,666.0,11396300.0,171.613
601888.SH,2022-10-24,0.0,170.41,171.16,170.29,1210.0,20674700.0,171.588
601888.SH,2022-10-24,0.0,170.0,170.53,170.0,2307.0,39231300.0,171.496
601888.SH,2022-10-24,0.0,170.28,170.92,169.99,860.0,14637900.0,171.467
601888.SH,2022-10-24,0.0,169.9,170.33,169.86,1081.0,18373900.0,171.427
601888.SH,2022-10-24,0.0,169.93,169.93,169.89,620.0,10534400.0,171.404
601888.SH,2022-10-24,0.0,169.9,169.99,169.65,1580.0,26843900.0,171.347
601888.SH,2022-10-24,0.0,169.88,169.9,169.85,512.0,8697750.0,171.329
601888.SH,2022-10-24,0.0,169.9,170.0,169.79,686.0,11652900.0,171.306
601888.SH,2022-10-24,0.0,169.6,169.98,169.6,764.0,12973800.0,171.281
601888.SH,2022-10-24,0.0,169.4,169.58,169.4,1574.0,26679700.0,171.22
601888.SH,2022-10-24,0.0,169.35,169.57,169.32,799.0,13532900.0,171.188
601888.SH,2022-10-24,0.0,169.07,169.36,169.07,1271.0,21506100.0,171.136
601888.SH,2022-10-24,0.0,168.32,169.08,168.2,2602.0,43911500.0,171.014
601888.SH,2022-10-24,0.0,168.4,168.5,168.1,1525.0,25661100.0,170.934
601888.SH,2022-10-24,0.0,169.0,169.0,168.37,1215.0,20474200.0,170.879
601888.SH,2022-10-24,0.0,168.87,169.09,168.87,776.0,13109900.0,170.851
601888.SH,2022-10-24,0.0,168.62,168.98,168.61,697.0,11764800.0,170.825
601888.SH,2022-10-24,0.0,168.74,168.82,168.62,586.0,9887750.0,170.803
601888.SH,2022-10-24,0.0,168.98,169.0,168.75,667.0,11258800.0,170.779
601888.SH,2022-10-24,0.0,168.52,168.98,168.5,1135.0,19159400.0,170.74
601888.SH,2022-10-24,0.0,168.16,168.52,168.16,1140.0,19193300.0,170.693
601888.SH,2022-10-24,0.0,168.02,168.21,168.0,1581.0,26578700.0,170.625
601888.SH,2022-10-24,0.0,168.37,168.37,168.02,534.0,8972730.0,170.603
601888.SH,2022-10-24,0.0,168.2,168.4,168.18,850.0,14300900.0,170.57
601888.SH,2022-10-24,0.0,168.27,168.38,168.07,1008.0,16951300.0,170.531
601888.SH,2022-10-24,0.0,168.59,168.61,168.18,548.0,9228210.0,170.513
601888.SH,2022-10-24,0.0,169.3,169.3,168.65,618.0,10440100.0,170.497
601888.SH,2022-10-24,0.0,169.4,169.41,169.23,912.0,15442800.0,170.48
601888.SH,2022-10-24,0.0,169.68,169.72,169.46,385.0,6528550.0,170.475
601888.SH,2022-10-24,0.0,169.12,169.72,169.12,785.0,13298000.0,170.462
601888.SH,2022-10-24,0.0,168.98,169.14,168.9,513.0,8671310.0,170.451
601888.SH,2022-10-24,0.0,168.68,169.0,168.68,356.0,6012220.0,170.443
601888.SH,2022-10-24,0.0,168.45,168.69,168.4,461.0,7769870.0,170.43
601888.SH,2022-10-24,0.0,168.44,168.48,168.41,698.0,11757100.0,170.409
601888.SH,2022-10-24,0.0,168.32,168.48,168.3,545.0,9177870.0,170.393
601888.SH,2022-10-24,0.0,168.4,168.65,168.32,587.0,9887340.0,170.376
601888.SH,2022-10-24,0.0,168.65,168.65,168.4,520.0,8764540.0,170.363
601888.SH,2022-10-24,0.0,168.88,168.88,168.56,408.0,6879340.0,170.353
601888.SH,2022-10-24,0.0,168.81,168.9,168.7,477.0,8050420.0,170.342
601888.SH,2022-10-24,0.0,169.22,169.49,169.0,285.0,4823090.0,170.337
601888.SH,2022-10-24,0.0,169.66,169.66,169.22,236.0,3997990.0,170.334
601888.SH,2022-10-24,0.0,169.36,169.66,169.35,340.0,5763450.0,170.33
601888.SH,2022-10-24,0.0,169.36,169.39,169.33,183.0,3099360.0,170.328
601888.SH,2022-10-24,0.0,169.2,169.36,169.14,305.0,5161290.0,170.323
601888.SH,2022-10-24,0.0,169.2,169.29,169.2,197.0,3333530.0,170.32
601888.SH,2022-10-24,0.0,169.37,169.4,169.21,291.0,4928160.0,170.316
601888.SH,2022-10-24,0.0,169.39,169.49,169.21,376.0,6368320.0,170.311
601888.SH,2022-10-24,0.0,168.99,169.39,168.81,600.0,10150400.0,170.302
601888.SH,2022-10-24,0.0,168.85,169.0,168.85,293.0,4951360.0,170.297
601888.SH,2022-10-24,0.0,168.85,168.9,168.77,254.0,4288130.0,170.292
601888.SH,2022-10-24,0.0,168.87,168.9,168.85,242.0,4086820.0,170.287
601888.SH,2022-10-24,0.0,168.68,168.87,168.68,236.0,3983150.0,170.282
601888.SH,2022-10-24,0.0,168.33,168.69,168.32,640.0,10785000.0,170.267
601888.SH,2022-10-24,0.0,168.3,168.31,168.22,402.0,6763840.0,170.256
601888.SH,2022-10-24,0.0,168.62,168.62,168.28,181.0,3049650.0,170.252
601888.SH,2022-10-24,0.0,168.59,168.65,168.48,306.0,5158160.0,170.245
601888.SH,2022-10-24,0.0,168.5,168.6,168.48,383.0,6453850.0,170.236
601888.SH,2022-10-24,0.0,168.37,168.5,168.37,330.0,5558110.0,170.229
601888.SH,2022-10-24,0.0,168.32,168.37,168.3,229.0,3854760.0,170.223
601888.SH,2022-10-24,0.0,168.26,168.32,168.26,384.0,6462620.0,170.213
601888.SH,2022-10-24,0.0,168.04,168.3,168.03,742.0,12475300.0,170.193
601888.SH,2022-10-24,0.0,168.08,168.11,168.05,860.0,14453800.0,170.17
601888.SH,2022-10-24,0.0,168.02,168.08,168.01,718.0,12064600.0,170.151
601888.SH,2022-10-24,0.0,167.9,168.04,167.86,2924.0,49121700.0,170.074
601888.SH,2022-10-24,0.0,168.25,168.34,167.91,886.0,14888100.0,170.052
601888.SH,2022-10-24,0.0,167.93,168.25,167.93,758.0,12736500.0,170.034
601888.SH,2022-10-24,0.0,167.9,167.93,167.88,504.0,8461800.0,170.021
601888.SH,2022-10-24,0.0,168.01,168.01,167.88,649.0,10899300.0,170.005
601888.SH,2022-10-24,0.0,168.13,168.14,168.0,322.0,5411940.0,169.998
601888.SH,2022-10-24,0.0,168.11,168.14,168.11,298.0,5010270.0,169.991
601888.SH,2022-10-24,0.0,168.12,168.13,168.11,224.0,3765940.0,169.986
601888.SH,2022-10-24,0.0,168.13,168.15,168.1,395.0,6644020.0,169.978
601888.SH,2022-10-24,0.0,167.9,168.13,167.89,641.0,10765900.0,169.963
601888.SH,2022-10-24,0.0,167.6,167.9,167.56,698.0,11713400.0,169.946
601888.SH,2022-10-24,0.0,167.31,167.56,167.16,843.0,14109200.0,169.922
601888.SH,2022-10-24,0.0,167.3,167.44,167.29,616.0,10308600.0,169.904
601888.SH,2022-10-24,0.0,167.03,167.35,167.0,1871.0,31262400.0,169.846
601888.SH,2022-10-24,0.0,167.45,167.45,167.0,371.0,6200920.0,169.834
601888.SH,2022-10-24,0.0,167.73,167.94,167.51,255.0,4276120.0,169.829
601888.SH,2022-10-24,0.0,167.93,168.0,167.7,239.0,4012410.0,169.823
601888.SH,2022-10-24,0.0,167.72,167.97,167.65,216.0,3624350.0,169.819
601888.SH,2022-10-24,0.0,167.28,167.71,167.28,348.0,5830730.0,169.81
601888.SH,2022-10-24,0.0,167.49,167.5,167.1,381.0,6373400.0,169.8
601888.SH,2022-10-24,0.0,167.86,167.89,167.46,192.0,3217380.0,169.795
601888.SH,2022-10-24,0.0,167.89,167.89,167.6,162.0,2717990.0,169.792
601888.SH,2022-10-24,0.0,167.6,167.75,167.6,214.0,3588160.0,169.787
601888.SH,2022-10-24,0.0,167.48,167.65,167.39,446.0,7470480.0,169.776
601888.SH,2022-10-24,0.0,167.47,167.5,167.26,336.0,5625620.0,169.767
601888.SH,2022-10-24,0.0,167.06,167.45,167.0,605.0,10112500.0,169.751
601888.SH,2022-10-24,0.0,167.3,167.5,167.2,304.0,5087010.0,169.743
601888.SH,2022-10-24,0.0,167.4,167.5,167.3,153.0,2560690.0,169.739
601888.SH,2022-10-24,0.0,167.28,167.4,167.27,196.0,3279500.0,169.734
601888.SH,2022-10-24,0.0,167.0,167.2,167.0,435.0,7269580.0,169.722
601888.SH,2022-10-24,0.0,167.01,167.02,166.99,901.0,15043500.0,169.697
601888.SH,2022-10-24,0.0,167.02,167.16,166.99,328.0,5479400.0,169.688
601888.SH,2022-10-24,0.0,167.0,167.07,166.99,376.0,6279740.0,169.678
601888.SH,2022-10-24,0.0,166.9,167.01,166.87,407.0,6797820.0,169.666
601888.SH,2022-10-24,0.0,166.92,167.06,166.81,1332.0,22239700.0,169.629
601888.SH,2022-10-24,0.0,166.79,166.92,166.79,491.0,8188680.0,169.616
601888.SH,2022-10-24,0.0,166.6,166.78,166.6,590.0,9833850.0,169.598
601888.SH,2022-10-24,0.0,166.45,166.61,166.44,670.0,11157400.0,169.578
601888.SH,2022-10-24,0.0,166.18,166.44,166.1,523.0,8694680.0,169.561
601888.SH,2022-10-24,0.0,166.75,166.75,166.08,921.0,15320900.0,169.532
601888.SH,2022-10-24,0.0,166.79,166.8,166.63,495.0,8259800.0,169.518
601888.SH,2022-10-24,0.0,166.98,167.0,166.78,396.0,6607650.0,169.508
601888.SH,2022-10-24,0.0,167.15,167.16,166.9,449.0,7498270.0,169.497
601888.SH,2022-10-24,0.0,166.96,167.22,166.94,471.0,7868530.0,169.486
601888.SH,2022-10-24,0.0,166.74,166.93,166.71,546.0,9108110.0,169.472
601888.SH,2022-10-24,0.0,166.68,166.8,166.68,427.0,7124150.0,169.461
601888.SH,2022-10-24,0.0,166.19,166.67,166.18,636.0,10572000.0,169.442
601888.SH,2022-10-24,0.0,166.13,166.33,166.1,506.0,8408930.0,169.426
601888.SH,2022-10-24,0.0,166.06,166.13,166.05,592.0,9832240.0,169.408
601888.SH,2022-10-24,0.0,166.02,166.05,166.0,702.0,11655100.0,169.386
601888.SH,2022-10-24,0.0,166.32,166.37,166.02,489.0,8124740.0,169.371
601888.SH,2022-10-24,0.0,166.39,166.4,166.31,183.0,3044420.0,169.366
601888.SH,2022-10-24,0.0,166.33,166.39,166.33,279.0,4641320.0,169.358
601888.SH,2022-10-24,0.0,166.2,166.32,166.18,396.0,6582550.0,169.347
601888.SH,2022-10-24,0.0,166.02,166.19,166.02,595.0,9883990.0,169.329
601888.SH,2022-10-24,0.0,166.34,166.34,166.03,772.0,12829500.0,169.307
601888.SH,2022-10-24,0.0,166.55,166.55,166.34,375.0,6241650.0,169.298
601888.SH,2022-10-24,0.0,166.58,166.59,166.5,274.0,4563540.0,169.291
601888.SH,2022-10-24,0.0,166.3,166.58,166.29,434.0,7224500.0,169.28
601888.SH,2022-10-24,0.0,166.1,166.28,166.06,645.0,10718400.0,169.262
601888.SH,2022-10-24,0.0,166.25,166.25,166.08,455.0,7560340.0,169.249
601888.SH,2022-10-24,0.0,166.12,166.25,166.08,522.0,8674070.0,169.235
601888.SH,2022-10-24,0.0,166.19,166.25,166.09,473.0,7860280.0,169.222
601888.SH,2022-10-24,0.0,166.26,166.29,166.08,642.0,10669100.0,169.205
601888.SH,2022-10-24,0.0,166.3,166.3,166.1,465.0,7728780.0,169.193
601888.SH,2022-10-24,0.0,166.56,166.56,166.29,619.0,10301600.0,169.178
601888.SH,2022-10-24,0.0,166.59,166.59,166.47,383.0,6377700.0,169.169
601888.SH,2022-10-24,0.0,167.6,167.6,166.6,651.0,10871200.0,169.157
601888.SH,2022-10-24,0.0,167.5,167.64,167.45,478.0,8005940.0,169.15
601888.SH,2022-10-24,0.0,167.66,167.66,167.51,318.0,5328800.0,169.146
601888.SH,2022-10-24,0.0,167.57,167.66,167.57,280.0,4693130.0,169.142
601888.SH,2022-10-24,0.0,167.57,167.59,167.57,263.0,4407210.0,169.138
601888.SH,2022-10-24,0.0,167.49,167.58,167.49,226.0,3786600.0,169.135
601888.SH,2022-10-24,0.0,166.86,167.49,166.8,329.0,5495230.0,169.129
601888.SH,2022-10-24,0.0,166.66,166.87,166.66,293.0,4886860.0,169.124
601888.SH,2022-10-24,0.0,166.57,166.66,166.57,377.0,6279900.0,169.116
601888.SH,2022-10-24,0.0,166.19,166.49,166.02,693.0,11518600.0,169.099
601888.SH,2022-10-24,0.0,166.26,166.39,166.06,401.0,6662980.0,169.089
601888.SH,2022-10-24,0.0,166.26,166.49,166.1,455.0,7564390.0,169.078
601888.SH,2022-10-24,0.0,166.11,166.36,166.1,396.0,6580600.0,169.069
601888.SH,2022-10-24,0.0,166.19,166.25,166.16,228.0,3789050.0,169.063
601888.SH,2022-10-24,0.0,166.5,166.5,166.19,349.0,5803400.0,169.055
601888.SH,2022-10-24,0.0,166.73,166.73,166.43,268.0,4465190.0,169.05
601888.SH,2022-10-24,0.0,166.83,166.83,166.73,232.0,3869370.0,169.045
601888.SH,2022-10-24,0.0,166.62,166.83,166.62,321.0,5352630.0,169.039
601888.SH,2022-10-24,0.0,166.31,166.62,166.31,180.0,2996160.0,169.036
601888.SH,2022-10-24,0.0,166.19,166.3,166.19,414.0,6883260.0,169.026
601888.SH,2022-10-24,0.0,166.1,166.2,166.1,401.0,6663110.0,169.017
601888.SH,2022-10-24,0.0,166.0,166.09,166.0,469.0,7786830.0,169.006
601888.SH,2022-10-24,0.0,166.06,166.06,166.0,903.0,14990400.0,168.984
601888.SH,2022-10-24,0.0,166.12,166.13,166.0,769.0,12768100.0,168.966
601888.SH,2022-10-24,0.0,166.17,166.21,166.12,450.0,7477020.0,168.956
601888.SH,2022-10-24,0.0,166.14,166.19,166.12,260.0,4319890.0,168.95
601888.SH,2022-10-24,0.0,166.14,166.14,166.12,318.0,5283060.0,168.943
601888.SH,2022-10-24,0.0,166.42,166.59,166.14,508.0,8448950.0,168.932
601888.SH,2022-10-24,0.0,166.21,166.57,166.21,175.0,2911850.0,168.929
601888.SH,2022-10-24,0.0,166.4,166.55,166.11,603.0,10023100.0,168.916
601888.SH,2022-10-24,0.0,166.35,166.39,166.3,241.0,4008460.0,168.911
601888.SH,2022-10-24,0.0,166.1,166.32,166.1,545.0,9057740.0,168.899
601888.SH,2022-10-24,0.0,166.53,166.53,166.15,362.0,6018200.0,168.892
601888.SH,2022-10-24,0.0,166.29,166.52,166.22,194.0,3227040.0,168.888
601888.SH,2022-10-24,0.0,166.1,166.3,166.1,300.0,4985670.0,168.882
601888.SH,2022-10-24,0.0,166.01,166.12,166.01,489.0,8120350.0,168.871
601888.SH,2022-10-24,0.0,166.01,166.07,166.0,753.0,12500800.0,168.855
601888.SH,2022-10-24,0.0,166.01,166.05,166.0,639.0,10608400.0,168.841
601888.SH,2022-10-24,0.0,166.01,166.07,166.01,276.0,4582810.0,168.835
601888.SH,2022-10-24,0.0,166.05,166.05,166.0,597.0,9911080.0,168.822
601888.SH,2022-10-24,0.0,166.07,166.09,165.98,534.0,8865600.0,168.811
601888.SH,2022-10-24,0.0,165.81,166.03,165.8,580.0,9623410.0,168.798
601888.SH,2022-10-24,0.0,165.45,165.8,165.45,722.0,11960400.0,168.781
601888.SH,2022-10-24,0.0,165.5,165.53,165.32,654.0,10819400.0,168.765
601888.SH,2022-10-24,0.0,165.67,165.68,165.42,519.0,8591930.0,168.753
601888.SH,2022-10-24,0.0,166.0,166.1,165.66,961.0,15946000.0,168.733
601888.SH,2022-10-24,0.0,165.79,166.0,165.67,561.0,9305920.0,168.721
601888.SH,2022-10-24,0.0,166.2,166.2,165.7,612.0,10154800.0,168.708
601888.SH,2022-10-24,0.0,166.25,166.5,166.02,464.0,7714840.0,168.7
601888.SH,2022-10-24,0.0,166.0,166.29,166.0,525.0,8721710.0,168.69
601888.SH,2022-10-24,0.0,166.04,166.12,165.92,962.0,15968400.0,168.672
601888.SH,2022-10-24,0.0,165.92,166.24,165.92,593.0,9845500.0,168.661
601888.SH,2022-10-24,0.0,166.0,166.01,165.92,1486.0,24661200.0,168.632
601888.SH,2022-10-24,0.0,166.06,166.44,165.92,531.0,8823640.0,168.623
601888.SH,2022-10-24,0.0,165.91,166.08,165.91,723.0,12002600.0,168.609
601888.SH,2022-10-24,0.0,165.51,165.88,165.51,723.0,11978900.0,168.594
601888.SH,2022-10-24,0.0,165.36,165.63,165.36,1567.0,25930000.0,168.561
601888.SH,2022-10-24,0.0,165.39,166.0,165.35,1634.0,27057400.0,168.528
601888.SH,2022-10-24,0.0,165.25,165.44,165.11,1087.0,17971200.0,168.504
601888.SH,2022-10-24,0.0,165.37,166.0,165.03,1103.0,18246900.0,168.481
601888.SH,2022-10-24,0.0,165.32,166.0,165.25,840.0,13901200.0,168.464
601888.SH,2022-10-24,0.0,165.33,166.05,165.22,1502.0,24871200.0,168.435
601888.SH,2022-10-24,0.0,166.2,166.2,165.44,845.0,14000300.0,168.42
601888.SH,2022-10-24,0.0,166.52,166.6,166.2,1349.0,22449300.0,168.402
601888.SH,2022-10-24,0.0,166.84,166.84,166.2,727.0,12110100.0,168.394
601888.SH,2022-10-24,0.0,166.92,166.95,166.31,1002.0,16716700.0,168.384
601888.SH,2022-10-24,0.0,167.2,167.3,166.8,813.0,13581700.0,168.377
601888.SH,2022-10-24,0.0,167.23,167.3,166.97,777.0,12991200.0,168.371
601888.SH,2022-10-24,0.0,167.23,167.52,167.23,1021.0,17078500.0,168.364
601888.SH,2022-10-24,0.0,166.88,167.58,166.8,984.0,16459200.0,168.358
601888.SH,2022-10-24,0.0,166.58,167.03,166.57,1299.0,21666800.0,168.345
601888.SH,2022-10-24,0.0,166.01,166.58,166.01,694.0,11542300.0,168.336
601888.SH,2022-10-24,0.0,166.46,166.47,166.01,535.0,8894130.0,168.329
601888.SH,2022-10-24,0.0,166.6,166.77,166.49,453.0,7544400.0,168.324
601888.SH,2022-10-24,0.0,166.5,166.77,166.47,655.0,10912000.0,168.317
601888.SH,2022-10-24,0.0,166.79,167.02,166.56,699.0,11662800.0,168.311
601888.SH,2022-10-24,0.0,166.53,166.58,166.39,938.0,15618000.0,168.301
601888.SH,2022-10-24,0.0,167.0,167.0,166.53,503.0,8392220.0,168.296
601888.SH,2022-10-24,0.0,167.26,167.3,167.0,817.0,13648500.0,168.29
601888.SH,2022-10-24,0.0,167.2,167.38,166.92,757.0,12662500.0,168.285
601888.SH,2022-10-24,0.0,166.81,167.4,166.79,1418.0,23699600.0,168.276
601888.SH,2022-10-24,0.0,167.25,167.25,166.53,1527.0,25515700.0,168.265
601888.SH,2022-10-24,0.0,167.38,167.41,167.21,697.0,11660500.0,168.261
601888.SH,2022-10-24,0.0,167.45,167.5,167.23,503.0,8423670.0,168.259
601888.SH,2022-10-24,0.0,167.4,167.45,167.4,3.0,50215.0,168.259
601888.SH,2022-10-24,0.0,167.4,167.4,167.4,0.0,0.0,168.259
601888.SH,2022-10-24,0.0,167.0,167.0,167.0,1006.0,16800200.0,168.251
601888.SH,2022-10-25,0.0,167.8,167.8,167.8,618.0,10375100.0,167.8
601888.SH,2022-10-25,0.0,168.0,169.3,166.8,2597.0,43665400.0,168.077
601888.SH,2022-10-25,0.0,168.35,168.89,168.01,1026.0,17276700.0,168.153
601888.SH,2022-10-25,0.0,168.48,168.84,168.23,1557.0,26246000.0,168.264
601888.SH,2022-10-25,0.0,168.22,168.81,168.18,1654.0,27887200.0,168.34
601888.SH,2022-10-25,0.0,168.83,169.0,168.2,2069.0,34878600.0,168.391
601888.SH,2022-10-25,0.0,168.09,169.08,168.09,2687.0,45318800.0,168.45
601888.SH,2022-10-25,0.0,167.52,168.3,167.52,1541.0,25888700.0,168.4
601888.SH,2022-10-25,0.0,167.76,168.0,167.51,1019.0,17103400.0,168.362
601888.SH,2022-10-25,0.0,167.86,168.5,167.63,796.0,13370700.0,168.342
601888.SH,2022-10-25,0.0,166.33,167.73,166.31,992.0,16537600.0,168.244
601888.SH,2022-10-25,0.0,167.22,167.22,166.23,1336.0,22267500.0,168.129
601888.SH,2022-10-25,0.0,168.47,168.54,167.18,985.0,16560900.0,168.129
601888.SH,2022-10-25,0.0,168.4,168.47,168.0,662.0,11127600.0,168.127
601888.SH,2022-10-25,0.0,168.65,168.65,168.32,947.0,15955700.0,168.146
601888.SH,2022-10-25,0.0,169.99,170.05,168.78,2742.0,46455900.0,168.297
601888.SH,2022-10-25,0.0,170.46,170.99,170.0,1356.0,23104600.0,168.411
601888.SH,2022-10-25,0.0,170.0,170.5,169.0,2095.0,35538300.0,168.507
601888.SH,2022-10-25,0.0,170.35,170.79,169.8,1428.0,24339400.0,168.604
601888.SH,2022-10-25,0.0,170.41,170.48,170.19,660.0,11245300.0,168.645
601888.SH,2022-10-25,0.0,170.91,170.99,170.23,1066.0,18200700.0,168.719
601888.SH,2022-10-25,0.0,170.64,171.05,170.46,1542.0,26351600.0,168.825
601888.SH,2022-10-25,0.0,170.57,171.1,170.54,967.0,16524400.0,168.887
601888.SH,2022-10-25,0.0,170.02,170.51,169.96,1161.0,19756600.0,168.931
601888.SH,2022-10-25,0.0,169.7,170.0,169.7,337.0,5726230.0,168.941
601888.SH,2022-10-25,0.0,170.4,170.4,169.7,731.0,12432400.0,168.965
601888.SH,2022-10-25,0.0,170.31,170.7,170.31,414.0,7061750.0,168.984
601888.SH,2022-10-25,0.0,170.2,170.36,170.0,497.0,8456480.0,169.0
601888.SH,2022-10-25,0.0,169.82,170.16,169.8,359.0,6102450.0,169.01
601888.SH,2022-10-25,0.0,169.83,169.88,169.74,371.0,6300260.0,169.019
601888.SH,2022-10-25,0.0,170.55,170.56,169.83,805.0,13709400.0,169.045
601888.SH,2022-10-25,0.0,170.01,170.8,170.01,709.0,12091600.0,169.073
601888.SH,2022-10-25,0.0,170.06,170.11,169.82,397.0,6748770.0,169.083
601888.SH,2022-10-25,0.0,170.27,170.61,170.05,366.0,6235040.0,169.095
601888.SH,2022-10-25,0.0,170.08,170.27,170.08,303.0,5155960.0,169.103
601888.SH,2022-10-25,0.0,169.98,170.16,169.97,842.0,14314100.0,169.122
601888.SH,2022-10-25,0.0,169.82,170.03,169.81,472.0,8020500.0,169.132
601888.SH,2022-10-25,0.0,169.74,169.84,169.74,528.0,8965620.0,169.14
601888.SH,2022-10-25,0.0,169.93,169.93,169.64,736.0,12492100.0,169.151
601888.SH,2022-10-25,0.0,170.18,170.18,170.0,605.0,10287900.0,169.164
601888.SH,2022-10-25,0.0,170.43,170.74,170.2,878.0,14975800.0,169.193
601888.SH,2022-10-25,0.0,170.98,170.98,170.43,872.0,14892900.0,169.225
601888.SH,2022-10-25,0.0,171.52,171.54,170.99,2009.0,34391600.0,169.311
601888.SH,2022-10-25,0.0,170.99,171.6,170.98,819.0,14032400.0,169.346
601888.SH,2022-10-25,0.0,170.45,170.99,170.3,583.0,9947790.0,169.362
601888.SH,2022-10-25,0.0,170.51,170.6,170.3,787.0,13411400.0,169.38
601888.SH,2022-10-25,0.0,170.68,170.72,170.49,704.0,12014900.0,169.398
601888.SH,2022-10-25,0.0,170.71,170.8,170.63,459.0,7837160.0,169.41
601888.SH,2022-10-25,0.0,170.84,170.84,170.67,916.0,15644500.0,169.436
601888.SH,2022-10-25,0.0,171.09,171.3,170.83,689.0,11786400.0,169.458
601888.SH,2022-10-25,0.0,170.5,171.26,170.5,248.0,4237090.0,169.464
601888.SH,2022-10-25,0.0,170.37,170.5,170.3,340.0,5793030.0,169.471
601888.SH,2022-10-25,0.0,170.32,170.5,170.32,233.0,3970150.0,169.475
601888.SH,2022-10-25,0.0,170.18,170.38,170.14,319.0,5431020.0,169.479
601888.SH,2022-10-25,0.0,170.43,170.43,170.2,413.0,7032720.0,169.486
601888.SH,2022-10-25,0.0,170.97,170.97,170.36,509.0,8689710.0,169.498
601888.SH,2022-10-25,0.0,171.58,171.58,170.83,1331.0,22799200.0,169.542
601888.SH,2022-10-25,0.0,171.58,171.86,171.58,1293.0,22204400.0,169.593
601888.SH,2022-10-25,0.0,171.42,171.66,171.42,331.0,5679160.0,169.605
601888.SH,2022-10-25,0.0,171.21,171.4,171.19,248.0,4247330.0,169.612
601888.SH,2022-10-25,0.0,171.54,171.72,171.31,780.0,13382200.0,169.639
601888.SH,2022-10-25,0.0,171.36,171.5,171.16,218.0,3734120.0,169.645
601888.SH,2022-10-25,0.0,171.78,171.88,171.37,715.0,12283300.0,169.671
601888.SH,2022-10-25,0.0,171.48,171.65,171.48,175.0,3002430.0,169.677
601888.SH,2022-10-25,0.0,171.15,171.5,171.12,257.0,4402420.0,169.684
601888.SH,2022-10-25,0.0,171.35,171.42,171.16,124.0,2124460.0,169.687
601888.SH,2022-10-25,0.0,171.21,171.32,171.2,113.0,1935280.0,169.691
601888.SH,2022-10-25,0.0,171.22,171.3,171.19,233.0,3990340.0,169.697
601888.SH,2022-10-25,0.0,171.1,171.21,171.1,203.0,3474370.0,169.702
601888.SH,2022-10-25,0.0,170.63,171.1,170.63,260.0,4444340.0,169.707
601888.SH,2022-10-25,0.0,170.8,171.0,170.58,331.0,5650760.0,169.713
601888.SH,2022-10-25,0.0,170.73,170.74,170.7,296.0,5053990.0,169.718
601888.SH,2022-10-25,0.0,170.7,170.7,170.62,149.0,2542870.0,169.72
601888.SH,2022-10-25,0.0,170.58,170.73,170.58,216.0,3685650.0,169.724
601888.SH,2022-10-25,0.0,170.44,170.6,170.4,842.0,14352700.0,169.734
601888.SH,2022-10-25,0.0,170.3,170.46,170.3,651.0,11085600.0,169.74
601888.SH,2022-10-25,0.0,170.83,170.9,170.3,417.0,7106640.0,169.744
601888.SH,2022-10-25,0.0,170.66,170.83,170.66,152.0,2595770.0,169.747
601888.SH,2022-10-25,0.0,170.58,170.66,170.56,101.0,1723220.0,169.748
601888.SH,2022-10-25,0.0,170.8,170.8,170.4,200.0,3412060.0,169.751
601888.SH,2022-10-25,0.0,170.72,170.83,170.72,87.0,1485850.0,169.752
601888.SH,2022-10-25,0.0,170.39,170.68,170.39,154.0,2625950.0,169.754
601888.SH,2022-10-25,0.0,170.52,170.91,170.4,215.0,3668570.0,169.757
601888.SH,2022-10-25,0.0,170.08,170.52,170.0,470.0,7995640.0,169.76
601888.SH,2022-10-25,0.0,170.01,170.08,169.9,705.0,11984900.0,169.763
601888.SH,2022-10-25,0.0,170.07,170.07,169.91,481.0,8176750.0,169.764
601888.SH,2022-10-25,0.0,170.21,170.31,170.0,282.0,4796220.0,169.766
601888.SH,2022-10-25,0.0,170.2,170.22,170.0,226.0,3844480.0,169.767
601888.SH,2022-10-25,0.0,170.3,170.44,170.0,284.0,4834670.0,169.769
601888.SH,2022-10-25,0.0,170.44,170.44,170.08,190.0,3239660.0,169.77
601888.SH,2022-10-25,0.0,170.44,170.5,170.4,190.0,3238560.0,169.772
601888.SH,2022-10-25,0.0,170.99,171.02,170.46,337.0,5759680.0,169.778
601888.SH,2022-10-25,0.0,171.31,171.31,170.99,242.0,4143860.0,169.783
601888.SH,2022-10-25,0.0,171.1,171.33,171.1,120.0,2055100.0,169.786
601888.SH,2022-10-25,0.0,171.04,171.1,171.01,121.0,2069660.0,169.788
601888.SH,2022-10-25,0.0,171.15,171.15,170.97,361.0,6173500.0,169.795
601888.SH,2022-10-25,0.0,171.28,171.41,171.18,231.0,3956450.0,169.8
601888.SH,2022-10-25,0.0,171.24,171.3,171.13,181.0,3099070.0,169.804
601888.SH,2022-10-25,0.0,171.24,171.26,171.12,253.0,4330730.0,169.809
601888.SH,2022-10-25,0.0,171.33,171.4,171.24,213.0,3648890.0,169.814
601888.SH,2022-10-25,0.0,171.29,171.4,171.26,271.0,4642360.0,169.82
601888.SH,2022-10-25,0.0,171.35,171.48,171.3,259.0,4439880.0,169.826
601888.SH,2022-10-25,0.0,171.0,171.35,171.0,198.0,3389430.0,169.83
601888.SH,2022-10-25,0.0,170.9,170.98,170.9,85.0,1453020.0,169.831
601888.SH,2022-10-25,0.0,171.26,171.28,170.9,222.0,3790020.0,169.835
601888.SH,2022-10-25,0.0,171.24,171.26,171.12,103.0,1763350.0,169.837
601888.SH,2022-10-25,0.0,171.53,171.55,171.18,336.0,5755450.0,169.845
601888.SH,2022-10-25,0.0,171.55,171.55,171.49,237.0,4064900.0,169.85
601888.SH,2022-10-25,0.0,171.49,171.57,171.49,191.0,3276430.0,169.855
601888.SH,2022-10-25,0.0,171.68,171.68,171.48,412.0,7068670.0,169.865
601888.SH,2022-10-25,0.0,172.2,172.2,171.7,2030.0,34906600.0,169.924
601888.SH,2022-10-25,0.0,172.23,172.4,172.11,372.0,6408820.0,169.936
601888.SH,2022-10-25,0.0,172.23,172.3,172.2,316.0,5443590.0,169.946
601888.SH,2022-10-25,0.0,172.1,172.3,171.98,301.0,5181910.0,169.955
601888.SH,2022-10-25,0.0,171.98,172.28,171.69,265.0,4560730.0,169.963
601888.SH,2022-10-25,0.0,172.4,172.49,171.98,658.0,11334300.0,169.983
601888.SH,2022-10-25,0.0,172.89,172.89,172.4,819.0,14132400.0,170.012
601888.SH,2022-10-25,0.0,173.68,173.7,172.93,1511.0,26158900.0,170.073
601888.SH,2022-10-25,0.0,173.5,173.8,173.12,1099.0,19082800.0,170.124
601888.SH,2022-10-25,0.0,173.73,173.8,173.56,708.0,12299000.0,170.156
601888.SH,2022-10-25,0.0,173.2,173.65,173.18,476.0,8259540.0,170.176
601888.SH,2022-10-25,0.0,172.65,173.1,172.26,918.0,15866400.0,170.206
601888.SH,2022-10-25,0.0,173.15,173.2,172.6,511.0,8840590.0,170.224
601888.SH,2022-10-25,0.0,172.22,173.15,172.22,555.0,9578210.0,170.241
601888.SH,2022-10-25,0.0,172.21,172.22,172.0,1125.0,19362800.0,170.266
601888.SH,2022-10-25,0.0,171.97,172.2,171.6,698.0,12010300.0,170.281
601888.SH,2022-10-25,0.0,172.21,172.25,171.97,599.0,10301000.0,170.294
601888.SH,2022-10-25,0.0,172.53,172.53,172.2,289.0,4981980.0,170.301
601888.SH,2022-10-25,0.0,172.18,172.68,172.18,377.0,6500680.0,170.311
601888.SH,2022-10-25,0.0,172.28,172.3,172.14,313.0,5389690.0,170.318
601888.SH,2022-10-25,0.0,172.33,172.49,172.28,194.0,3344050.0,170.322
601888.SH,2022-10-25,0.0,172.48,172.49,172.31,232.0,3999560.0,170.328
601888.SH,2022-10-25,0.0,172.33,172.59,172.33,507.0,8742170.0,170.341
601888.SH,2022-10-25,0.0,172.32,172.5,172.32,249.0,4292950.0,170.347
601888.SH,2022-10-25,0.0,171.97,172.37,171.97,231.0,3976780.0,170.352
601888.SH,2022-10-25,0.0,171.6,171.93,171.6,283.0,4862370.0,170.356
601888.SH,2022-10-25,0.0,171.78,171.87,171.6,552.0,9478460.0,170.365
601888.SH,2022-10-25,0.0,171.94,171.95,171.7,373.0,6408400.0,170.371
601888.SH,2022-10-25,0.0,172.43,172.43,171.94,569.0,9791480.0,170.382
601888.SH,2022-10-25,0.0,172.3,172.5,171.96,532.0,9161910.0,170.394
601888.SH,2022-10-25,0.0,172.06,172.31,171.99,208.0,3580780.0,170.398
601888.SH,2022-10-25,0.0,171.89,172.34,171.87,257.0,4421550.0,170.403
601888.SH,2022-10-25,0.0,172.2,172.25,171.9,384.0,6601310.0,170.409
601888.SH,2022-10-25,0.0,172.36,172.36,172.16,236.0,4065830.0,170.414
601888.SH,2022-10-25,0.0,172.5,172.5,172.37,216.0,3724740.0,170.419
601888.SH,2022-10-25,0.0,172.32,172.7,172.3,447.0,7711630.0,170.429
601888.SH,2022-10-25,0.0,172.18,172.5,172.18,162.0,2791590.0,170.433
601888.SH,2022-10-25,0.0,171.91,172.18,171.9,127.0,2184360.0,170.435
601888.SH,2022-10-25,0.0,172.14,172.18,171.91,64.0,1101140.0,170.436
601888.SH,2022-10-25,0.0,171.89,172.14,171.89,149.0,2562150.0,170.439
601888.SH,2022-10-25,0.0,171.9,171.91,171.86,82.0,1413450.0,170.44
601888.SH,2022-10-25,0.0,171.71,171.97,171.71,154.0,2642300.0,170.442
601888.SH,2022-10-25,0.0,171.66,171.72,171.66,291.0,4993800.0,170.446
601888.SH,2022-10-25,0.0,171.66,171.67,171.39,218.0,3741300.0,170.449
601888.SH,2022-10-25,0.0,171.99,171.99,171.66,83.0,1425610.0,170.45
601888.SH,2022-10-25,0.0,172.18,172.2,171.97,293.0,5041830.0,170.455
601888.SH,2022-10-25,0.0,172.16,172.18,172.0,190.0,3270820.0,170.459
601888.SH,2022-10-25,0.0,171.85,172.16,171.84,162.0,2786360.0,170.461
601888.SH,2022-10-25,0.0,172.03,172.15,171.85,118.0,2029710.0,170.463
601888.SH,2022-10-25,0.0,171.75,172.0,171.7,179.0,3075480.0,170.466
601888.SH,2022-10-25,0.0,171.69,171.75,171.66,178.0,3056190.0,170.468
601888.SH,2022-10-25,0.0,171.87,172.0,171.71,149.0,2561340.0,170.471
601888.SH,2022-10-25,0.0,171.99,172.0,171.82,118.0,2028540.0,170.473
601888.SH,2022-10-25,0.0,171.45,171.88,171.41,343.0,5884670.0,170.477
601888.SH,2022-10-25,0.0,171.69,171.7,171.45,143.0,2453440.0,170.478
601888.SH,2022-10-25,0.0,171.75,171.84,171.74,98.0,1683510.0,170.48
601888.SH,2022-10-25,0.0,171.6,171.83,171.6,210.0,3606820.0,170.483
601888.SH,2022-10-25,0.0,171.56,171.61,171.51,189.0,3242610.0,170.485
601888.SH,2022-10-25,0.0,171.58,171.6,171.52,139.0,2384750.0,170.486
601888.SH,2022-10-25,0.0,171.54,171.6,171.53,98.0,1681340.0,170.488
601888.SH,2022-10-25,0.0,171.56,171.6,171.54,100.0,1715520.0,170.489
601888.SH,2022-10-25,0.0,171.56,171.6,171.56,133.0,2282000.0,170.49
601888.SH,2022-10-25,0.0,171.56,171.57,171.54,94.0,1612640.0,170.491
601888.SH,2022-10-25,0.0,171.88,171.88,171.56,183.0,3133950.0,170.494
601888.SH,2022-10-25,0.0,171.7,171.99,171.68,144.0,2468940.0,170.496
601888.SH,2022-10-25,0.0,171.85,171.85,171.68,85.0,1459920.0,170.497
601888.SH,2022-10-25,0.0,171.94,171.96,171.78,130.0,2235010.0,170.499
601888.SH,2022-10-25,0.0,171.95,171.95,171.87,96.0,1650460.0,170.5
601888.SH,2022-10-25,0.0,171.84,171.99,171.84,117.0,2011300.0,170.502
601888.SH,2022-10-25,0.0,171.99,172.0,171.87,251.0,4316470.0,170.506
601888.SH,2022-10-25,0.0,172.15,172.17,172.0,168.0,2890250.0,170.508
601888.SH,2022-10-25,0.0,171.8,172.15,171.8,383.0,6587380.0,170.514
601888.SH,2022-10-25,0.0,172.12,172.38,171.85,371.0,6387600.0,170.521
601888.SH,2022-10-25,0.0,172.12,172.32,172.12,121.0,2084260.0,170.523
601888.SH,2022-10-25,0.0,172.35,172.35,172.12,239.0,4117980.0,170.527
601888.SH,2022-10-25,0.0,172.39,172.39,172.2,136.0,2343480.0,170.53
601888.SH,2022-10-25,0.0,172.25,172.48,172.21,125.0,2153800.0,170.532
601888.SH,2022-10-25,0.0,172.22,172.39,172.22,107.0,1843700.0,170.534
601888.SH,2022-10-25,0.0,172.34,172.43,172.24,260.0,4481650.0,170.539
601888.SH,2022-10-25,0.0,172.08,172.35,172.08,282.0,4856020.0,170.544
601888.SH,2022-10-25,0.0,172.04,172.08,172.02,134.0,2305410.0,170.546
601888.SH,2022-10-25,0.0,172.04,172.06,172.04,146.0,2511960.0,170.548
601888.SH,2022-10-25,0.0,172.02,172.06,172.02,98.0,1686040.0,170.55
601888.SH,2022-10-25,0.0,171.67,171.96,171.67,530.0,9111050.0,170.557
601888.SH,2022-10-25,0.0,171.77,171.83,171.66,78.0,1339500.0,170.558
601888.SH,2022-10-25,0.0,172.13,172.13,171.77,92.0,1581880.0,170.559
601888.SH,2022-10-25,0.0,172.25,172.29,172.06,129.0,2221690.0,170.562
601888.SH,2022-10-25,0.0,172.26,172.27,172.17,103.0,1774040.0,170.563
601888.SH,2022-10-25,0.0,172.08,172.27,172.08,227.0,3909020.0,170.567
601888.SH,2022-10-25,0.0,172.3,172.3,172.06,265.0,4562230.0,170.571
601888.SH,2022-10-25,0.0,172.17,172.31,172.17,227.0,3910050.0,170.575
601888.SH,2022-10-25,0.0,172.02,172.17,172.02,155.0,2667470.0,170.578
601888.SH,2022-10-25,0.0,171.93,172.01,171.93,194.0,3336580.0,170.58
601888.SH,2022-10-25,0.0,171.98,172.0,171.82,202.0,3472270.0,170.583
601888.SH,2022-10-25,0.0,171.97,171.98,171.89,105.0,1805300.0,170.585
601888.SH,2022-10-25,0.0,171.96,171.97,171.9,138.0,2372740.0,170.586
601888.SH,2022-10-25,0.0,171.96,171.99,171.93,108.0,1857280.0,170.588
601888.SH,2022-10-25,0.0,171.91,171.99,171.91,124.0,2132230.0,170.59
601888.SH,2022-10-25,0.0,171.94,171.98,171.91,95.0,1633570.0,170.591
601888.SH,2022-10-25,0.0,171.99,172.0,171.95,304.0,5228440.0,170.595
601888.SH,2022-10-25,0.0,171.92,172.0,171.92,200.0,3439220.0,170.598
601888.SH,2022-10-25,0.0,171.82,171.97,171.78,413.0,7097180.0,170.603
601888.SH,2022-10-25,0.0,171.79,171.85,171.78,221.0,3796780.0,170.606
601888.SH,2022-10-25,0.0,171.75,171.81,171.62,229.0,3933540.0,170.608
601888.SH,2022-10-25,0.0,171.67,171.75,171.64,88.0,1510830.0,170.609
601888.SH,2022-10-25,0.0,171.54,171.68,171.54,255.0,4376150.0,170.612
601888.SH,2022-10-25,0.0,171.51,171.61,171.5,228.0,3911230.0,170.614
601888.SH,2022-10-25,0.0,171.57,171.57,171.42,208.0,3566690.0,170.616
601888.SH,2022-10-25,0.0,171.48,171.57,171.48,205.0,3515800.0,170.617
601888.SH,2022-10-25,0.0,171.39,171.47,171.39,197.0,3384210.0,170.619
601888.SH,2022-10-25,0.0,171.53,171.53,171.35,249.0,4268900.0,170.621
601888.SH,2022-10-25,0.0,171.65,171.71,171.53,180.0,3089340.0,170.623
601888.SH,2022-10-25,0.0,171.58,171.64,171.58,219.0,3758310.0,170.625
601888.SH,2022-10-25,0.0,171.49,171.6,171.48,250.0,4288310.0,170.627
601888.SH,2022-10-25,0.0,171.38,171.47,171.38,170.0,2914250.0,170.628
601888.SH,2022-10-25,0.0,171.29,171.38,171.29,392.0,6716310.0,170.631
601888.SH,2022-10-25,0.0,171.18,171.3,171.16,424.0,7258800.0,170.633
601888.SH,2022-10-25,0.0,171.16,171.3,171.16,387.0,6626680.0,170.635
601888.SH,2022-10-25,0.0,171.21,171.35,171.18,369.0,6318860.0,170.638
601888.SH,2022-10-25,0.0,171.05,171.2,171.05,297.0,5083630.0,170.639
601888.SH,2022-10-25,0.0,171.02,171.06,170.99,654.0,11178000.0,170.641
601888.SH,2022-10-25,0.0,171.31,171.31,171.02,459.0,7853740.0,170.643
601888.SH,2022-10-25,0.0,171.3,171.4,171.3,353.0,6049420.0,170.646
601888.SH,2022-10-25,0.0,171.35,171.36,171.3,341.0,5842570.0,170.648
601888.SH,2022-10-25,0.0,171.37,171.38,171.35,219.0,3753000.0,170.649
601888.SH,2022-10-25,0.0,171.35,171.38,171.33,417.0,7143220.0,170.652
601888.SH,2022-10-25,0.0,171.37,171.38,171.34,295.0,5055380.0,170.654
601888.SH,2022-10-25,0.0,171.39,171.42,171.37,298.0,5107710.0,170.656
601888.SH,2022-10-25,0.0,171.39,171.39,171.39,4.0,68556.0,170.656
601888.SH,2022-10-25,0.0,171.39,171.39,171.39,0.0,0.0,170.656
601888.SH,2022-10-25,0.0,171.39,171.39,171.39,1168.0,20018400.0,170.664
601888.SH,2022-10-26,0.0,171.6,171.6,171.6,381.0,6537960.0,171.6
601888.SH,2022-10-26,0.0,173.8,173.88,171.39,1469.0,25419300.0,172.749
601888.SH,2022-10-26,0.0,173.99,174.48,173.79,1944.0,33819600.0,173.392
601888.SH,2022-10-26,0.0,173.74,174.5,173.74,1117.0,19440400.0,173.545
601888.SH,2022-10-26,0.0,173.7,173.95,173.55,586.0,10184800.0,173.572
601888.SH,2022-10-26,0.0,173.99,174.51,173.6,1134.0,19750400.0,173.674
601888.SH,2022-10-26,0.0,173.86,174.2,173.34,1297.0,22543500.0,173.697
601888.SH,2022-10-26,0.0,173.34,173.8,173.34,454.0,7879800.0,173.689
601888.SH,2022-10-26,0.0,173.14,173.33,173.14,622.0,10777900.0,173.661
601888.SH,2022-10-26,0.0,173.95,174.0,173.06,722.0,12528400.0,173.651
601888.SH,2022-10-26,0.0,174.2,174.21,173.78,765.0,13316200.0,173.681
601888.SH,2022-10-26,0.0,174.0,174.1,173.75,351.0,6105320.0,173.69
601888.SH,2022-10-26,0.0,173.32,174.0,173.32,671.0,11655600.0,173.691
601888.SH,2022-10-26,0.0,173.38,173.44,173.18,447.0,7745560.0,173.675
601888.SH,2022-10-26,0.0,173.25,173.43,173.25,563.0,9760300.0,173.661
601888.SH,2022-10-26,0.0,173.35,173.69,173.12,366.0,6346340.0,173.654
601888.SH,2022-10-26,0.0,173.97,173.97,173.3,405.0,7026880.0,173.649
601888.SH,2022-10-26,0.0,173.64,173.99,173.51,473.0,8214520.0,173.65
601888.SH,2022-10-26,0.0,173.93,173.97,173.77,493.0,8574140.0,173.659
601888.SH,2022-10-26,0.0,173.63,173.95,173.58,458.0,7962610.0,173.665
601888.SH,2022-10-26,0.0,173.83,173.89,173.63,197.0,3424480.0,173.667
601888.SH,2022-10-26,0.0,173.58,173.83,173.54,412.0,7154480.0,173.667
601888.SH,2022-10-26,0.0,173.82,173.83,173.59,110.0,1910910.0,173.667
601888.SH,2022-10-26,0.0,173.85,173.88,173.72,244.0,4241030.0,173.67
601888.SH,2022-10-26,0.0,173.68,173.85,173.67,329.0,5721790.0,173.671
601888.SH,2022-10-26,0.0,173.52,173.66,173.52,416.0,7215760.0,173.669
601888.SH,2022-10-26,0.0,173.5,173.56,173.3,506.0,8775500.0,173.662
601888.SH,2022-10-26,0.0,173.39,173.47,173.39,314.0,5445840.0,173.658
601888.SH,2022-10-26,0.0,173.05,173.35,173.05,279.0,4832270.0,173.65
601888.SH,2022-10-26,0.0,173.28,173.41,173.0,361.0,6250590.0,173.64
601888.SH,2022-10-26,0.0,173.28,173.41,173.2,173.0,2997850.0,173.637
601888.SH,2022-10-26,0.0,173.54,173.67,173.13,606.0,10509200.0,173.63
601888.SH,2022-10-26,0.0,173.73,173.73,173.34,314.0,5448930.0,173.628
601888.SH,2022-10-26,0.0,174.4,174.4,173.67,1048.0,18250700.0,173.655
601888.SH,2022-10-26,0.0,174.9,175.0,174.35,1827.0,31920400.0,173.744
601888.SH,2022-10-26,0.0,174.83,174.9,174.6,919.0,16060000.0,173.785
601888.SH,2022-10-26,0.0,174.69,174.92,174.57,1088.0,19019900.0,173.832
601888.SH,2022-10-26,0.0,175.03,175.3,174.71,1780.0,31161700.0,173.917
601888.SH,2022-10-26,0.0,175.27,175.27,174.78,750.0,13128300.0,173.949
601888.SH,2022-10-26,0.0,175.3,175.47,175.27,834.0,14621300.0,173.991
601888.SH,2022-10-26,0.0,175.32,175.35,175.24,546.0,9571960.0,174.017
601888.SH,2022-10-26,0.0,175.3,175.49,175.28,836.0,14659500.0,174.056
601888.SH,2022-10-26,0.0,174.9,175.37,174.9,358.0,6270090.0,174.07
601888.SH,2022-10-26,0.0,174.6,174.9,174.6,244.0,4264080.0,174.075
601888.SH,2022-10-26,0.0,174.53,174.79,174.53,699.0,12208800.0,174.089
601888.SH,2022-10-26,0.0,174.63,174.66,174.3,238.0,4151410.0,174.092
601888.SH,2022-10-26,0.0,174.5,174.8,174.48,321.0,5609710.0,174.097
601888.SH,2022-10-26,0.0,174.33,174.67,173.99,825.0,14361600.0,174.096
601888.SH,2022-10-26,0.0,174.47,174.47,174.3,123.0,2144700.0,174.098
601888.SH,2022-10-26,0.0,175.03,175.09,174.5,274.0,4791350.0,174.104
601888.SH,2022-10-26,0.0,174.9,175.06,174.87,215.0,3760790.0,174.11
601888.SH,2022-10-26,0.0,174.72,174.9,174.62,222.0,3880710.0,174.115
601888.SH,2022-10-26,0.0,174.97,174.98,174.72,235.0,4111040.0,174.121
601888.SH,2022-10-26,0.0,174.84,174.96,174.8,267.0,4668570.0,174.126
601888.SH,2022-10-26,0.0,175.26,175.28,174.95,800.0,14001600.0,174.148
601888.SH,2022-10-26,0.0,175.31,175.36,175.01,638.0,11180700.0,174.168
601888.SH,2022-10-26,0.0,175.49,175.49,175.0,840.0,14731100.0,174.197
601888.SH,2022-10-26,0.0,175.42,175.48,175.24,491.0,8609580.0,174.213
601888.SH,2022-10-26,0.0,175.34,175.44,175.14,435.0,7623600.0,174.227
601888.SH,2022-10-26,0.0,175.11,175.39,175.11,344.0,6029000.0,174.236
601888.SH,2022-10-26,0.0,175.4,175.42,175.09,495.0,8675980.0,174.25
601888.SH,2022-10-26,0.0,175.0,175.41,175.0,387.0,6780060.0,174.26
601888.SH,2022-10-26,0.0,175.1,175.1,174.86,818.0,14317100.0,174.277
601888.SH,2022-10-26,0.0,174.77,175.15,174.77,251.0,4390100.0,174.281
601888.SH,2022-10-26,0.0,175.13,175.13,174.74,237.0,4147370.0,174.285
601888.SH,2022-10-26,0.0,174.8,175.28,174.8,286.0,5005740.0,174.291
601888.SH,2022-10-26,0.0,174.51,174.96,174.46,310.0,5413480.0,174.293
601888.SH,2022-10-26,0.0,174.23,174.45,174.23,452.0,7880400.0,174.294
601888.SH,2022-10-26,0.0,174.28,174.32,174.0,436.0,7592820.0,174.292
601888.SH,2022-10-26,0.0,174.34,174.4,174.05,434.0,7561380.0,174.292
601888.SH,2022-10-26,0.0,174.02,174.36,174.0,581.0,10112000.0,174.288
601888.SH,2022-10-26,0.0,173.73,174.1,173.73,698.0,12142800.0,174.283
601888.SH,2022-10-26,0.0,174.02,174.02,173.67,338.0,5877760.0,174.28
601888.SH,2022-10-26,0.0,173.78,174.09,173.75,420.0,7302830.0,174.276
601888.SH,2022-10-26,0.0,173.73,173.79,173.6,626.0,10873000.0,174.267
601888.SH,2022-10-26,0.0,173.98,174.0,173.73,183.0,3181280.0,174.265
601888.SH,2022-10-26,0.0,173.9,174.17,173.8,308.0,5357110.0,174.263
601888.SH,2022-10-26,0.0,173.8,174.08,173.65,413.0,7178950.0,174.259
601888.SH,2022-10-26,0.0,173.6,173.8,173.6,315.0,5470940.0,174.255
601888.SH,2022-10-26,0.0,173.65,173.66,173.51,381.0,6613210.0,174.249
601888.SH,2022-10-26,0.0,173.6,173.62,173.52,248.0,4303980.0,174.245
601888.SH,2022-10-26,0.0,174.01,174.18,173.61,218.0,3793320.0,174.244
601888.SH,2022-10-26,0.0,174.03,174.08,174.0,164.0,2854000.0,174.243
601888.SH,2022-10-26,0.0,174.49,174.5,174.02,299.0,5210020.0,174.243
601888.SH,2022-10-26,0.0,174.39,174.5,174.39,191.0,3332220.0,174.244
601888.SH,2022-10-26,0.0,174.25,174.44,174.22,422.0,7358440.0,174.245
601888.SH,2022-10-26,0.0,173.85,174.19,173.8,290.0,5044750.0,174.243
601888.SH,2022-10-26,0.0,173.67,173.85,173.66,286.0,4969320.0,174.24
601888.SH,2022-10-26,0.0,173.38,173.69,173.38,609.0,10568400.0,174.231
601888.SH,2022-10-26,0.0,173.25,173.37,173.25,360.0,6239380.0,174.224
601888.SH,2022-10-26,0.0,173.15,173.3,173.15,525.0,9093420.0,174.213
601888.SH,2022-10-26,0.0,173.0,173.17,172.7,952.0,16468700.0,174.19
601888.SH,2022-10-26,0.0,172.92,173.01,172.9,305.0,5275520.0,174.182
601888.SH,2022-10-26,0.0,172.95,173.0,172.92,240.0,4150970.0,174.176
601888.SH,2022-10-26,0.0,173.03,173.03,172.85,404.0,6986120.0,174.166
601888.SH,2022-10-26,0.0,173.0,173.0,172.98,236.0,4082700.0,174.161
601888.SH,2022-10-26,0.0,173.68,173.7,173.1,343.0,5943060.0,174.155
601888.SH,2022-10-26,0.0,173.52,173.68,173.5,151.0,2621220.0,174.153
601888.SH,2022-10-26,0.0,173.58,173.58,173.51,124.0,2151780.0,174.151
601888.SH,2022-10-26,0.0,173.57,173.68,173.57,389.0,6749000.0,174.146
601888.SH,2022-10-26,0.0,172.99,173.57,172.99,588.0,10177900.0,174.134
601888.SH,2022-10-26,0.0,172.77,172.99,172.77,248.0,4287500.0,174.128
601888.SH,2022-10-26,0.0,172.84,172.84,172.5,582.0,10051600.0,174.112
601888.SH,2022-10-26,0.0,172.68,172.81,172.67,224.0,3868020.0,174.107
601888.SH,2022-10-26,0.0,172.67,172.69,172.66,313.0,5404150.0,174.098
601888.SH,2022-10-26,0.0,172.57,172.68,172.5,542.0,9360020.0,174.083
601888.SH,2022-10-26,0.0,172.51,172.57,172.5,307.0,5296410.0,174.075
601888.SH,2022-10-26,0.0,172.67,172.67,172.57,207.0,3572370.0,174.069
601888.SH,2022-10-26,0.0,173.19,173.19,172.67,127.0,2195220.0,174.066
601888.SH,2022-10-26,0.0,173.15,173.2,173.1,175.0,3030410.0,174.063
601888.SH,2022-10-26,0.0,173.38,173.38,173.15,326.0,5647380.0,174.058
601888.SH,2022-10-26,0.0,173.54,173.78,173.24,250.0,4337660.0,174.056
601888.SH,2022-10-26,0.0,173.57,173.59,173.5,127.0,2204100.0,174.055
601888.SH,2022-10-26,0.0,173.56,173.59,173.52,115.0,1996010.0,174.054
601888.SH,2022-10-26,0.0,173.61,173.63,173.59,227.0,3940820.0,174.052
601888.SH,2022-10-26,0.0,173.64,173.64,173.57,283.0,4913460.0,174.049
601888.SH,2022-10-26,0.0,173.65,173.79,173.6,161.0,2795770.0,174.048
601888.SH,2022-10-26,0.0,173.49,173.65,173.49,213.0,3696970.0,174.047
601888.SH,2022-10-26,0.0,173.93,173.98,173.42,238.0,4132330.0,174.045
601888.SH,2022-10-26,0.0,173.85,173.99,173.76,242.0,4208300.0,174.044
601888.SH,2022-10-26,0.0,173.65,173.85,173.64,112.0,1944310.0,174.043
601888.SH,2022-10-26,0.0,173.82,173.82,173.4,611.0,10602600.0,174.038
601888.SH,2022-10-26,0.0,173.88,173.88,173.69,200.0,3475860.0,174.037
601888.SH,2022-10-26,0.0,174.18,174.2,173.81,240.0,4177130.0,174.037
601888.SH,2022-10-26,0.0,173.9,174.2,173.84,181.0,3149650.0,174.037
601888.SH,2022-10-26,0.0,174.33,174.33,173.87,241.0,4196560.0,174.038
601888.SH,2022-10-26,0.0,174.16,174.49,174.03,376.0,6552670.0,174.039
601888.SH,2022-10-26,0.0,173.9,174.15,173.8,338.0,5879460.0,174.039
601888.SH,2022-10-26,0.0,173.84,174.09,173.75,247.0,4296490.0,174.038
601888.SH,2022-10-26,0.0,173.99,174.0,173.79,512.0,8911470.0,174.037
601888.SH,2022-10-26,0.0,173.99,173.99,173.84,183.0,3183000.0,174.037
601888.SH,2022-10-26,0.0,174.18,174.18,173.99,129.0,2245510.0,174.037
601888.SH,2022-10-26,0.0,174.2,174.2,174.09,185.0,3221710.0,174.037
601888.SH,2022-10-26,0.0,174.02,174.35,174.02,271.0,4722270.0,174.038
601888.SH,2022-10-26,0.0,173.79,174.02,173.79,448.0,7788570.0,174.037
601888.SH,2022-10-26,0.0,173.4,173.79,173.4,297.0,5149050.0,174.035
601888.SH,2022-10-26,0.0,173.25,173.7,173.24,360.0,6245070.0,174.031
601888.SH,2022-10-26,0.0,173.53,173.53,173.12,406.0,7035320.0,174.027
601888.SH,2022-10-26,0.0,172.99,173.8,172.99,686.0,11886100.0,174.018
601888.SH,2022-10-26,0.0,172.99,173.15,172.69,389.0,6724680.0,174.011
601888.SH,2022-10-26,0.0,173.0,173.0,172.93,204.0,3528960.0,174.008
601888.SH,2022-10-26,0.0,173.4,173.5,173.05,121.0,2097940.0,174.007
601888.SH,2022-10-26,0.0,173.32,173.53,173.32,179.0,3104840.0,174.005
601888.SH,2022-10-26,0.0,173.29,173.35,173.08,231.0,4000270.0,174.002
601888.SH,2022-10-26,0.0,173.29,173.3,173.25,114.0,1975340.0,174.001
601888.SH,2022-10-26,0.0,173.46,173.47,173.21,191.0,3310960.0,173.999
601888.SH,2022-10-26,0.0,173.2,173.45,173.02,231.0,4000570.0,173.996
601888.SH,2022-10-26,0.0,173.19,173.2,173.1,126.0,2181540.0,173.994
601888.SH,2022-10-26,0.0,173.05,173.19,173.05,142.0,2458500.0,173.992
601888.SH,2022-10-26,0.0,173.51,173.51,173.12,135.0,2340620.0,173.991
601888.SH,2022-10-26,0.0,173.51,173.51,173.46,102.0,1769650.0,173.99
601888.SH,2022-10-26,0.0,173.58,173.68,173.45,117.0,2030700.0,173.99
601888.SH,2022-10-26,0.0,173.55,173.57,173.48,245.0,4250800.0,173.988
601888.SH,2022-10-26,0.0,173.59,173.59,173.5,114.0,1978210.0,173.987
601888.SH,2022-10-26,0.0,173.1,173.6,173.05,273.0,4731950.0,173.984
601888.SH,2022-10-26,0.0,173.07,173.2,173.05,167.0,2891320.0,173.982
601888.SH,2022-10-26,0.0,172.52,173.07,172.5,595.0,10275600.0,173.971
601888.SH,2022-10-26,0.0,172.01,172.52,172.01,442.0,7616580.0,173.96
601888.SH,2022-10-26,0.0,172.01,172.1,172.0,739.0,12712100.0,173.939
601888.SH,2022-10-26,0.0,172.05,172.1,171.98,330.0,5676650.0,173.929
601888.SH,2022-10-26,0.0,172.26,172.26,172.01,335.0,5766760.0,173.92
601888.SH,2022-10-26,0.0,172.27,172.29,172.0,343.0,5902580.0,173.911
601888.SH,2022-10-26,0.0,172.44,172.44,172.27,91.0,1568150.0,173.909
601888.SH,2022-10-26,0.0,172.18,172.45,172.0,347.0,5974890.0,173.901
601888.SH,2022-10-26,0.0,172.36,172.44,172.0,431.0,7421420.0,173.89
601888.SH,2022-10-26,0.0,172.18,172.35,172.0,282.0,4855730.0,173.883
601888.SH,2022-10-26,0.0,172.5,172.5,172.06,161.0,2770750.0,173.88
601888.SH,2022-10-26,0.0,172.44,172.7,172.06,254.0,4378860.0,173.874
601888.SH,2022-10-26,0.0,172.23,172.51,172.1,110.0,1895480.0,173.872
601888.SH,2022-10-26,0.0,172.12,172.32,172.11,129.0,2221130.0,173.869
601888.SH,2022-10-26,0.0,172.3,172.3,172.08,244.0,4203040.0,173.863
601888.SH,2022-10-26,0.0,172.31,172.31,172.2,127.0,2187750.0,173.86
601888.SH,2022-10-26,0.0,172.3,172.4,172.24,138.0,2377930.0,173.857
601888.SH,2022-10-26,0.0,172.14,172.24,172.12,195.0,3357720.0,173.853
601888.SH,2022-10-26,0.0,171.88,172.14,171.86,407.0,6999710.0,173.842
601888.SH,2022-10-26,0.0,171.98,172.0,171.86,211.0,3627110.0,173.836
601888.SH,2022-10-26,0.0,172.0,172.0,171.98,107.0,1840370.0,173.834
601888.SH,2022-10-26,0.0,172.0,172.0,171.99,154.0,2648730.0,173.83
601888.SH,2022-10-26,0.0,172.0,172.12,171.97,316.0,5435640.0,173.822
601888.SH,2022-10-26,0.0,171.86,172.0,171.86,226.0,3886080.0,173.816
601888.SH,2022-10-26,0.0,171.7,171.83,171.66,325.0,5582150.0,173.807
601888.SH,2022-10-26,0.0,171.56,171.73,171.56,299.0,5131580.0,173.798
601888.SH,2022-10-26,0.0,171.99,171.99,171.52,409.0,7020210.0,173.786
601888.SH,2022-10-26,0.0,171.8,172.0,171.8,173.0,2973420.0,173.782
601888.SH,2022-10-26,0.0,172.0,172.12,171.91,469.0,8065700.0,173.77
601888.SH,2022-10-26,0.0,171.72,172.0,171.72,431.0,7406890.0,173.759
601888.SH,2022-10-26,0.0,171.98,172.0,171.55,604.0,10374800.0,173.743
601888.SH,2022-10-26,0.0,171.78,172.0,171.54,288.0,4946420.0,173.736
601888.SH,2022-10-26,0.0,171.85,171.86,171.51,501.0,8602010.0,173.722
601888.SH,2022-10-26,0.0,172.0,172.0,171.3,1043.0,17900900.0,173.694
601888.SH,2022-10-26,0.0,171.99,172.0,171.79,301.0,5172320.0,173.687
601888.SH,2022-10-26,0.0,171.85,171.99,171.76,211.0,3626740.0,173.682
601888.SH,2022-10-26,0.0,171.99,171.99,171.8,218.0,3746440.0,173.677
601888.SH,2022-10-26,0.0,172.02,172.02,171.97,495.0,8513730.0,173.666
601888.SH,2022-10-26,0.0,172.28,172.28,172.0,123.0,2108950.0,173.664
601888.SH,2022-10-26,0.0,172.49,172.5,172.3,306.0,5279200.0,173.659
601888.SH,2022-10-26,0.0,172.42,172.49,172.22,223.0,3843060.0,173.655
601888.SH,2022-10-26,0.0,172.64,172.68,172.39,342.0,5900890.0,173.65
601888.SH,2022-10-26,0.0,172.36,172.67,172.25,405.0,6987150.0,173.644
601888.SH,2022-10-26,0.0,172.12,172.38,172.11,332.0,5717270.0,173.638
601888.SH,2022-10-26,0.0,172.1,172.12,172.03,225.0,3872160.0,173.634
601888.SH,2022-10-26,0.0,172.22,172.23,172.0,209.0,3603160.0,173.63
601888.SH,2022-10-26,0.0,172.21,172.32,172.19,178.0,3065380.0,173.627
601888.SH,2022-10-26,0.0,172.22,172.38,172.18,220.0,3788070.0,173.623
601888.SH,2022-10-26,0.0,172.49,172.49,172.22,119.0,2051120.0,173.621
601888.SH,2022-10-26,0.0,172.5,172.5,172.4,409.0,7054000.0,173.615
601888.SH,2022-10-26,0.0,172.6,172.6,172.41,223.0,3846630.0,173.612
601888.SH,2022-10-26,0.0,172.45,172.8,172.43,311.0,5368730.0,173.608
601888.SH,2022-10-26,0.0,172.77,172.77,172.18,456.0,7867620.0,173.602
601888.SH,2022-10-26,0.0,172.86,172.86,172.54,281.0,4852700.0,173.599
601888.SH,2022-10-26,0.0,173.05,173.05,172.87,399.0,6901860.0,173.596
601888.SH,2022-10-26,0.0,173.16,173.24,172.94,553.0,9567970.0,173.592
601888.SH,2022-10-26,0.0,173.0,173.16,173.0,412.0,7129510.0,173.589
601888.SH,2022-10-26,0.0,172.64,173.12,172.64,403.0,6964840.0,173.586
601888.SH,2022-10-26,0.0,172.99,172.99,172.61,201.0,3472600.0,173.584
601888.SH,2022-10-26,0.0,173.22,173.23,172.98,621.0,10749200.0,173.58
601888.SH,2022-10-26,0.0,173.1,173.22,172.9,604.0,10450800.0,173.576
601888.SH,2022-10-26,0.0,173.0,173.23,172.99,536.0,9276430.0,173.573
601888.SH,2022-10-26,0.0,173.15,173.25,173.08,251.0,4346780.0,173.572
601888.SH,2022-10-26,0.0,173.2,173.2,173.13,319.0,5523540.0,173.57
601888.SH,2022-10-26,0.0,173.12,173.2,173.12,215.0,3723130.0,173.569
601888.SH,2022-10-26,0.0,173.16,173.2,173.13,357.0,6181230.0,173.568
601888.SH,2022-10-26,0.0,173.15,173.2,173.14,378.0,6545320.0,173.566
601888.SH,2022-10-26,0.0,173.15,173.17,173.02,380.0,6577840.0,173.564
601888.SH,2022-10-26,0.0,173.11,173.15,173.1,194.0,3358500.0,173.563
601888.SH,2022-10-26,0.0,173.08,173.11,173.08,306.0,5296720.0,173.561
601888.SH,2022-10-26,0.0,173.5,173.57,173.08,704.0,12194400.0,173.559
601888.SH,2022-10-26,0.0,173.48,173.61,173.48,427.0,7409380.0,173.559
601888.SH,2022-10-26,0.0,173.46,173.5,173.45,520.0,9017830.0,173.558
601888.SH,2022-10-26,0.0,173.71,173.71,173.45,636.0,11042800.0,173.559
601888.SH,2022-10-26,0.0,173.47,173.71,173.47,204.0,3540790.0,173.559
601888.SH,2022-10-26,0.0,173.44,173.59,173.44,434.0,7530050.0,173.559
601888.SH,2022-10-26,0.0,173.48,173.55,173.44,160.0,2775770.0,173.558
601888.SH,2022-10-26,0.0,173.44,173.5,173.43,296.0,5134570.0,173.558
601888.SH,2022-10-26,0.0,173.29,173.44,173.28,374.0,6484430.0,173.557
601888.SH,2022-10-26,0.0,173.1,173.35,173.05,312.0,5401430.0,173.556
601888.SH,2022-10-26,0.0,172.97,173.1,172.97,483.0,8355820.0,173.553
601888.SH,2022-10-26,0.0,172.85,172.98,172.85,459.0,7938450.0,173.55
601888.SH,2022-10-26,0.0,172.85,172.85,172.85,0.0,0.0,173.55
601888.SH,2022-10-26,0.0,172.85,172.85,172.85,0.0,0.0,173.55
601888.SH,2022-10-26,0.0,173.01,173.01,173.01,1301.0,22502900.0,173.543
601888.SH,2022-10-27,0.0,172.0,172.0,172.0,605.0,10406000.0,172.0
601888.SH,2022-10-27,0.0,172.08,173.46,172.01,1390.0,24005000.0,172.486
601888.SH,2022-10-27,0.0,172.61,172.94,172.08,1305.0,22485600.0,172.414
601888.SH,2022-10-27,0.0,172.67,172.88,172.58,1092.0,18857600.0,172.482
601888.SH,2022-10-27,0.0,173.94,174.3,172.45,1538.0,26618800.0,172.636
601888.SH,2022-10-27,0.0,173.28,173.81,173.28,587.0,10191200.0,172.724
601888.SH,2022-10-27,0.0,173.58,173.6,172.86,1237.0,21420600.0,172.795
601888.SH,2022-10-27,0.0,174.37,174.44,173.31,693.0,12051600.0,172.886
601888.SH,2022-10-27,0.0,174.32,174.7,173.87,789.0,13757000.0,173.012
601888.SH,2022-10-27,0.0,174.68,174.99,174.24,961.0,16785800.0,173.168
601888.SH,2022-10-27,0.0,175.48,175.48,174.52,2053.0,35923100.0,173.471
601888.SH,2022-10-27,0.0,175.77,176.0,175.55,1764.0,31008300.0,173.762
601888.SH,2022-10-27,0.0,176.61,176.61,175.77,2075.0,36537500.0,174.059
601888.SH,2022-10-27,0.0,176.0,176.7,175.9,1374.0,24235500.0,174.242
601888.SH,2022-10-27,0.0,176.04,176.05,175.78,1072.0,18856900.0,174.338
601888.SH,2022-10-27,0.0,175.84,176.05,175.6,700.0,12309700.0,174.393
601888.SH,2022-10-27,0.0,175.1,175.9,175.01,533.0,9347590.0,174.42
601888.SH,2022-10-27,0.0,175.56,175.89,175.07,693.0,12163100.0,174.457
601888.SH,2022-10-27,0.0,176.0,176.0,175.18,608.0,10676400.0,174.49
601888.SH,2022-10-27,0.0,175.52,176.2,175.44,793.0,13949700.0,174.541
601888.SH,2022-10-27,0.0,175.29,175.5,175.0,474.0,8302600.0,174.554
601888.SH,2022-10-27,0.0,175.0,175.42,175.0,525.0,9187810.0,174.565
601888.SH,2022-10-27,0.0,175.1,175.7,175.05,875.0,15333700.0,174.59
601888.SH,2022-10-27,0.0,175.41,175.55,175.12,539.0,9453140.0,174.607
601888.SH,2022-10-27,0.0,175.35,175.53,175.21,605.0,10615600.0,174.628
601888.SH,2022-10-27,0.0,176.15,176.28,175.44,1414.0,24878200.0,174.699
601888.SH,2022-10-27,0.0,176.25,176.27,176.0,514.0,9052290.0,174.726
601888.SH,2022-10-27,0.0,176.98,177.0,176.26,3065.0,54150200.0,174.926
601888.SH,2022-10-27,0.0,177.89,177.89,176.88,2383.0,42223100.0,175.093
601888.SH,2022-10-27,0.0,177.99,178.0,177.8,1959.0,34848700.0,175.255
601888.SH,2022-10-27,0.0,177.6,178.0,177.54,1396.0,24833500.0,175.358
601888.SH,2022-10-27,0.0,177.2,177.66,177.2,976.0,17334500.0,175.416
601888.SH,2022-10-27,0.0,177.3,177.3,177.0,867.0,15360300.0,175.457
601888.SH,2022-10-27,0.0,177.09,177.29,176.8,840.0,14869900.0,175.493
601888.SH,2022-10-27,0.0,176.94,177.15,176.9,547.0,9689710.0,175.514
601888.SH,2022-10-27,0.0,176.78,176.95,176.78,513.0,9073940.0,175.532
601888.SH,2022-10-27,0.0,177.27,177.27,176.77,780.0,13800100.0,175.559
601888.SH,2022-10-27,0.0,176.82,177.3,176.82,457.0,8094560.0,175.577
601888.SH,2022-10-27,0.0,176.81,176.84,176.77,323.0,5710720.0,175.587
601888.SH,2022-10-27,0.0,176.38,176.78,176.38,396.0,6992880.0,175.596
601888.SH,2022-10-27,0.0,177.17,177.18,176.37,660.0,11665200.0,175.614
601888.SH,2022-10-27,0.0,176.44,177.14,176.4,327.0,5777340.0,175.623
601888.SH,2022-10-27,0.0,176.35,176.45,176.33,347.0,6120050.0,175.629
601888.SH,2022-10-27,0.0,176.0,176.3,175.94,757.0,13331700.0,175.637
601888.SH,2022-10-27,0.0,176.04,176.09,175.97,325.0,5720420.0,175.64
601888.SH,2022-10-27,0.0,176.2,176.24,176.0,170.0,2994110.0,175.642
601888.SH,2022-10-27,0.0,176.29,176.35,176.15,267.0,4706090.0,175.645
601888.SH,2022-10-27,0.0,176.03,176.3,176.03,345.0,6077980.0,175.65
601888.SH,2022-10-27,0.0,176.34,176.34,176.03,303.0,5338230.0,175.653
601888.SH,2022-10-27,0.0,176.25,176.34,176.23,259.0,4566170.0,175.657
601888.SH,2022-10-27,0.0,176.25,176.8,176.25,1045.0,18440900.0,175.675
601888.SH,2022-10-27,0.0,175.76,176.21,175.76,491.0,8638980.0,175.678
601888.SH,2022-10-27,0.0,175.97,176.0,175.66,273.0,4797410.0,175.678
601888.SH,2022-10-27,0.0,176.26,176.26,176.0,214.0,3769240.0,175.68
601888.SH,2022-10-27,0.0,176.24,176.26,176.07,157.0,2766410.0,175.682
601888.SH,2022-10-27,0.0,176.23,176.25,176.07,225.0,3964310.0,175.685
601888.SH,2022-10-27,0.0,175.89,176.25,175.89,335.0,5896730.0,175.687
601888.SH,2022-10-27,0.0,175.84,176.13,175.84,241.0,4239640.0,175.688
601888.SH,2022-10-27,0.0,176.13,176.15,175.8,308.0,5420390.0,175.69
601888.SH,2022-10-27,0.0,176.05,176.26,176.0,288.0,5072890.0,175.693
601888.SH,2022-10-27,0.0,176.16,176.19,176.0,279.0,4912190.0,175.695
601888.SH,2022-10-27,0.0,175.77,176.16,175.77,379.0,6667850.0,175.697
601888.SH,2022-10-27,0.0,175.75,176.01,175.75,443.0,7791540.0,175.698
601888.SH,2022-10-27,0.0,175.99,176.0,175.77,186.0,3270920.0,175.699
601888.SH,2022-10-27,0.0,175.99,176.0,175.85,230.0,4047090.0,175.7
601888.SH,2022-10-27,0.0,175.96,176.0,175.92,213.0,3748130.0,175.701
601888.SH,2022-10-27,0.0,175.98,175.98,175.77,330.0,5803200.0,175.702
601888.SH,2022-10-27,0.0,176.1,176.1,175.8,241.0,4240830.0,175.703
601888.SH,2022-10-27,0.0,176.23,176.24,176.0,202.0,3558520.0,175.705
601888.SH,2022-10-27,0.0,176.17,176.22,176.15,177.0,3118560.0,175.707
601888.SH,2022-10-27,0.0,175.9,176.17,175.81,231.0,4066670.0,175.708
601888.SH,2022-10-27,0.0,175.9,175.9,175.8,310.0,5450890.0,175.709
601888.SH,2022-10-27,0.0,175.77,175.88,175.77,208.0,3657320.0,175.71
601888.SH,2022-10-27,0.0,175.63,175.75,175.62,475.0,8347270.0,175.71
601888.SH,2022-10-27,0.0,175.45,175.65,175.45,671.0,11780600.0,175.708
601888.SH,2022-10-27,0.0,175.24,175.4,175.24,125.0,2191540.0,175.707
601888.SH,2022-10-27,0.0,175.12,175.22,175.11,266.0,4659280.0,175.705
601888.SH,2022-10-27,0.0,175.05,175.11,175.03,427.0,7475500.0,175.7
601888.SH,2022-10-27,0.0,175.08,175.16,175.03,139.0,2433490.0,175.698
601888.SH,2022-10-27,0.0,175.1,175.14,175.09,109.0,1908630.0,175.697
601888.SH,2022-10-27,0.0,175.08,175.14,175.08,177.0,3099540.0,175.695
601888.SH,2022-10-27,0.0,175.03,175.09,175.02,137.0,2398270.0,175.693
601888.SH,2022-10-27,0.0,175.01,175.03,175.01,190.0,3325260.0,175.691
601888.SH,2022-10-27,0.0,174.64,175.01,174.64,1001.0,17511500.0,175.677
601888.SH,2022-10-27,0.0,174.55,174.66,174.55,155.0,2706360.0,175.674
601888.SH,2022-10-27,0.0,174.45,174.5,174.44,237.0,4135310.0,175.669
601888.SH,2022-10-27,0.0,174.68,174.7,174.44,291.0,5078610.0,175.664
601888.SH,2022-10-27,0.0,174.5,174.68,174.5,315.0,5497910.0,175.657
601888.SH,2022-10-27,0.0,174.35,174.46,174.35,174.0,3034890.0,175.653
601888.SH,2022-10-27,0.0,174.28,174.34,174.27,154.0,2684230.0,175.65
601888.SH,2022-10-27,0.0,174.17,174.27,174.17,179.0,3118360.0,175.645
601888.SH,2022-10-27,0.0,174.21,174.24,174.1,403.0,7018020.0,175.635
601888.SH,2022-10-27,0.0,174.1,174.21,174.1,249.0,4336260.0,175.628
601888.SH,2022-10-27,0.0,174.17,174.2,174.08,161.0,2803570.0,175.624
601888.SH,2022-10-27,0.0,174.1,174.17,174.08,128.0,2228630.0,175.621
601888.SH,2022-10-27,0.0,174.22,174.22,174.1,150.0,2612160.0,175.617
601888.SH,2022-10-27,0.0,174.27,174.33,174.2,325.0,5662850.0,175.61
601888.SH,2022-10-27,0.0,174.15,174.27,174.05,291.0,5067830.0,175.602
601888.SH,2022-10-27,0.0,174.38,174.38,174.05,147.0,2560600.0,175.599
601888.SH,2022-10-27,0.0,174.61,174.87,174.36,224.0,3908800.0,175.595
601888.SH,2022-10-27,0.0,174.45,174.61,174.41,94.0,1640120.0,175.593
601888.SH,2022-10-27,0.0,174.41,174.48,174.4,99.0,1726990.0,175.591
601888.SH,2022-10-27,0.0,174.37,174.46,174.37,203.0,3540110.0,175.587
601888.SH,2022-10-27,0.0,174.18,174.3,174.18,294.0,5124810.0,175.581
601888.SH,2022-10-27,0.0,174.06,174.18,174.05,82.0,1427630.0,175.579
601888.SH,2022-10-27,0.0,173.9,174.06,173.88,813.0,14144700.0,175.557
601888.SH,2022-10-27,0.0,173.83,174.01,173.82,238.0,4138250.0,175.551
601888.SH,2022-10-27,0.0,173.82,174.0,173.78,282.0,4902660.0,175.543
601888.SH,2022-10-27,0.0,173.66,174.0,173.66,406.0,7053020.0,175.531
601888.SH,2022-10-27,0.0,173.74,173.83,173.5,323.0,5606080.0,175.521
601888.SH,2022-10-27,0.0,173.69,173.85,173.68,81.0,1407690.0,175.519
601888.SH,2022-10-27,0.0,173.62,173.69,173.62,218.0,3784740.0,175.512
601888.SH,2022-10-27,0.0,173.41,173.6,173.37,200.0,3468480.0,175.505
601888.SH,2022-10-27,0.0,173.0,173.5,173.0,538.0,9322220.0,175.486
601888.SH,2022-10-27,0.0,173.11,173.2,173.0,378.0,6547890.0,175.472
601888.SH,2022-10-27,0.0,173.35,173.35,173.14,134.0,2321500.0,175.467
601888.SH,2022-10-27,0.0,173.1,173.5,173.0,486.0,8413880.0,175.449
601888.SH,2022-10-27,0.0,172.98,173.44,172.96,660.0,11430600.0,175.425
601888.SH,2022-10-27,0.0,173.19,173.19,172.95,169.0,2923440.0,175.419
601888.SH,2022-10-27,0.0,173.16,173.26,173.03,131.0,2264540.0,175.414
601888.SH,2022-10-27,0.0,173.1,173.19,173.1,58.0,1004190.0,175.412
601888.SH,2022-10-27,0.0,172.44,173.13,172.44,938.0,16222100.0,175.377
601888.SH,2022-10-27,0.0,172.4,172.44,172.33,615.0,10601300.0,175.349
601888.SH,2022-10-27,0.0,172.27,172.44,172.27,386.0,6653400.0,175.332
601888.SH,2022-10-27,0.0,172.03,172.21,172.03,459.0,7899720.0,175.31
601888.SH,2022-10-27,0.0,171.75,172.07,171.75,1143.0,19656600.0,175.255
601888.SH,2022-10-27,0.0,171.82,171.82,171.6,569.0,9775020.0,175.226
601888.SH,2022-10-27,0.0,171.6,171.85,171.57,300.0,5151830.0,175.211
601888.SH,2022-10-27,0.0,171.33,171.6,171.28,388.0,6652620.0,175.19
601888.SH,2022-10-27,0.0,171.35,171.84,171.33,729.0,12504100.0,175.151
601888.SH,2022-10-27,0.0,171.16,171.34,171.11,476.0,8145310.0,175.125
601888.SH,2022-10-27,0.0,171.08,171.17,171.0,360.0,6163720.0,175.105
601888.SH,2022-10-27,0.0,171.0,171.01,170.8,781.0,13342800.0,175.06
601888.SH,2022-10-27,0.0,171.63,171.63,170.88,515.0,8818610.0,175.033
601888.SH,2022-10-27,0.0,172.39,172.44,171.63,676.0,11630100.0,175.005
601888.SH,2022-10-27,0.0,171.88,172.5,171.88,293.0,5046740.0,174.995
601888.SH,2022-10-27,0.0,171.84,171.84,171.4,525.0,9007750.0,174.97
601888.SH,2022-10-27,0.0,171.64,171.87,171.6,205.0,3520130.0,174.961
601888.SH,2022-10-27,0.0,171.46,171.73,171.42,252.0,4324510.0,174.95
601888.SH,2022-10-27,0.0,171.25,171.51,171.2,170.0,2912580.0,174.942
601888.SH,2022-10-27,0.0,171.01,171.25,171.01,345.0,5905510.0,174.925
601888.SH,2022-10-27,0.0,171.18,171.19,171.0,666.0,11390800.0,174.891
601888.SH,2022-10-27,0.0,171.24,171.24,171.14,168.0,2881350.0,174.883
601888.SH,2022-10-27,0.0,171.36,171.36,171.25,178.0,3048700.0,174.874
601888.SH,2022-10-27,0.0,171.52,171.6,171.34,587.0,10062700.0,174.848
601888.SH,2022-10-27,0.0,171.72,171.72,171.52,291.0,5000310.0,174.836
601888.SH,2022-10-27,0.0,171.71,171.84,171.71,244.0,4190800.0,174.826
601888.SH,2022-10-27,0.0,171.35,171.7,171.02,336.0,5757820.0,174.811
601888.SH,2022-10-27,0.0,171.09,171.35,171.0,572.0,9790850.0,174.784
601888.SH,2022-10-27,0.0,170.9,171.1,170.88,306.0,5227200.0,174.769
601888.SH,2022-10-27,0.0,170.7,170.86,170.7,477.0,8146690.0,174.745
601888.SH,2022-10-27,0.0,170.5,170.7,170.49,811.0,13834300.0,174.703
601888.SH,2022-10-27,0.0,170.48,170.53,170.46,399.0,6803190.0,174.682
601888.SH,2022-10-27,0.0,170.27,170.48,170.26,280.0,4770280.0,174.667
601888.SH,2022-10-27,0.0,170.12,170.26,170.11,425.0,7231640.0,174.644
601888.SH,2022-10-27,0.0,170.25,170.46,170.04,1120.0,19058100.0,174.582
601888.SH,2022-10-27,0.0,170.03,170.43,170.03,678.0,11534700.0,174.546
601888.SH,2022-10-27,0.0,169.8,170.03,169.8,1117.0,18987600.0,174.485
601888.SH,2022-10-27,0.0,169.74,169.81,169.66,574.0,9741560.0,174.453
601888.SH,2022-10-27,0.0,170.2,170.49,169.81,1501.0,25532400.0,174.377
601888.SH,2022-10-27,0.0,170.1,170.23,170.02,679.0,11551500.0,174.344
601888.SH,2022-10-27,0.0,170.52,170.52,170.13,442.0,7528880.0,174.324
601888.SH,2022-10-27,0.0,170.26,170.82,170.26,329.0,5610520.0,174.309
601888.SH,2022-10-27,0.0,170.28,170.29,170.23,231.0,3933120.0,174.299
601888.SH,2022-10-27,0.0,170.21,170.29,170.21,345.0,5873950.0,174.283
601888.SH,2022-10-27,0.0,170.0,170.26,170.0,775.0,13179800.0,174.246
601888.SH,2022-10-27,0.0,170.5,170.5,170.0,409.0,6957690.0,174.227
601888.SH,2022-10-27,0.0,171.29,171.29,170.52,883.0,15094700.0,174.195
601888.SH,2022-10-27,0.0,171.29,171.29,171.04,290.0,4962840.0,174.185
601888.SH,2022-10-27,0.0,171.25,171.29,171.23,296.0,5069190.0,174.175
601888.SH,2022-10-27,0.0,170.97,171.25,170.97,244.0,4174700.0,174.167
601888.SH,2022-10-27,0.0,170.69,171.0,170.69,184.0,3143560.0,174.16
601888.SH,2022-10-27,0.0,170.72,170.72,170.65,350.0,5973740.0,174.147
601888.SH,2022-10-27,0.0,171.1,171.16,170.72,513.0,8770960.0,174.129
601888.SH,2022-10-27,0.0,170.79,171.1,170.71,404.0,6907230.0,174.115
601888.SH,2022-10-27,0.0,170.65,170.76,170.65,305.0,5205640.0,174.104
601888.SH,2022-10-27,0.0,170.6,170.67,170.6,476.0,8122000.0,174.086
601888.SH,2022-10-27,0.0,170.3,170.6,170.3,345.0,5882110.0,174.073
601888.SH,2022-10-27,0.0,170.31,170.38,170.24,373.0,6351600.0,174.058
601888.SH,2022-10-27,0.0,170.34,170.35,170.3,294.0,5007430.0,174.047
601888.SH,2022-10-27,0.0,170.3,170.34,170.28,110.0,1873310.0,174.042
601888.SH,2022-10-27,0.0,170.2,170.3,170.18,282.0,4800440.0,174.031
601888.SH,2022-10-27,0.0,170.01,170.18,170.0,499.0,8486090.0,174.01
601888.SH,2022-10-27,0.0,169.98,170.02,169.98,342.0,5814700.0,173.996
601888.SH,2022-10-27,0.0,169.81,169.99,169.81,510.0,8663950.0,173.974
601888.SH,2022-10-27,0.0,169.8,169.86,169.78,697.0,11837400.0,173.944
601888.SH,2022-10-27,0.0,169.88,170.0,169.8,219.0,3720100.0,173.935
601888.SH,2022-10-27,0.0,169.79,169.98,169.75,263.0,4465950.0,173.924
601888.SH,2022-10-27,0.0,169.76,169.79,169.68,490.0,8316740.0,173.903
601888.SH,2022-10-27,0.0,169.67,169.78,169.67,211.0,3581110.0,173.894
601888.SH,2022-10-27,0.0,169.6,169.68,169.57,425.0,7209120.0,173.875
601888.SH,2022-10-27,0.0,169.64,169.64,169.57,292.0,4952470.0,173.863
601888.SH,2022-10-27,0.0,169.99,169.99,169.62,575.0,9756830.0,173.838
601888.SH,2022-10-27,0.0,169.68,169.94,169.68,462.0,7846480.0,173.82
601888.SH,2022-10-27,0.0,169.61,169.68,169.59,210.0,3562180.0,173.811
601888.SH,2022-10-27,0.0,169.55,169.62,169.55,290.0,4917460.0,173.799
601888.SH,2022-10-27,0.0,169.41,169.56,169.41,459.0,7780760.0,173.779
601888.SH,2022-10-27,0.0,169.47,169.47,169.4,266.0,4506740.0,173.768
601888.SH,2022-10-27,0.0,169.47,169.47,169.38,295.0,4998100.0,173.755
601888.SH,2022-10-27,0.0,169.5,169.5,169.4,369.0,6252900.0,173.739
601888.SH,2022-10-27,0.0,169.59,169.59,169.4,223.0,3780360.0,173.73
601888.SH,2022-10-27,0.0,169.79,169.83,169.58,206.0,3495340.0,173.722
601888.SH,2022-10-27,0.0,169.9,169.9,169.79,208.0,3532780.0,173.714
601888.SH,2022-10-27,0.0,169.91,170.0,169.91,257.0,4368350.0,173.705
601888.SH,2022-10-27,0.0,169.66,169.94,169.65,436.0,7403260.0,173.688
601888.SH,2022-10-27,0.0,169.56,169.68,169.56,198.0,3358560.0,173.68
601888.SH,2022-10-27,0.0,169.56,169.59,169.53,255.0,4323670.0,173.67
601888.SH,2022-10-27,0.0,169.48,169.59,169.47,290.0,4915620.0,173.658
601888.SH,2022-10-27,0.0,169.4,169.48,169.39,378.0,6405020.0,173.643
601888.SH,2022-10-27,0.0,169.39,169.4,169.38,187.0,3167530.0,173.636
601888.SH,2022-10-27,0.0,169.37,169.39,169.36,246.0,4166640.0,173.625
601888.SH,2022-10-27,0.0,169.17,169.37,169.17,436.0,7379570.0,173.607
601888.SH,2022-10-27,0.0,168.89,169.16,168.89,1082.0,18287500.0,173.56
601888.SH,2022-10-27,0.0,168.74,168.89,168.7,417.0,7038650.0,173.542
601888.SH,2022-10-27,0.0,168.8,168.89,168.68,603.0,10183500.0,173.515
601888.SH,2022-10-27,0.0,168.78,168.88,168.78,475.0,8018600.0,173.494
601888.SH,2022-10-27,0.0,168.8,168.88,168.8,619.0,10449100.0,173.467
601888.SH,2022-10-27,0.0,168.6,168.88,168.55,675.0,11384700.0,173.438
601888.SH,2022-10-27,0.0,168.51,168.62,168.48,604.0,10179700.0,173.411
601888.SH,2022-10-27,0.0,168.87,168.87,168.5,368.0,6205270.0,173.394
601888.SH,2022-10-27,0.0,168.94,168.97,168.83,318.0,5369530.0,173.381
601888.SH,2022-10-27,0.0,169.18,169.18,168.93,255.0,4311130.0,173.371
601888.SH,2022-10-27,0.0,169.15,169.34,169.15,421.0,7122920.0,173.356
601888.SH,2022-10-27,0.0,169.0,169.15,169.0,366.0,6187600.0,173.341
601888.SH,2022-10-27,0.0,169.06,169.07,169.0,363.0,6135850.0,173.327
601888.SH,2022-10-27,0.0,169.1,169.1,168.98,656.0,11087500.0,173.302
601888.SH,2022-10-27,0.0,169.08,169.1,169.0,386.0,6526470.0,173.288
601888.SH,2022-10-27,0.0,168.97,169.09,168.97,313.0,5290390.0,173.276
601888.SH,2022-10-27,0.0,168.84,168.97,168.84,321.0,5421770.0,173.263
601888.SH,2022-10-27,0.0,168.71,168.85,168.7,458.0,7729580.0,173.245
601888.SH,2022-10-27,0.0,168.71,168.71,168.6,296.0,4992470.0,173.233
601888.SH,2022-10-27,0.0,168.77,168.8,168.61,345.0,5820470.0,173.22
601888.SH,2022-10-27,0.0,169.0,169.0,168.77,225.0,3799200.0,173.211
601888.SH,2022-10-27,0.0,168.98,169.0,168.96,601.0,10155400.0,173.189
601888.SH,2022-10-27,0.0,168.97,169.0,168.84,451.0,7613890.0,173.172
601888.SH,2022-10-27,0.0,168.8,169.0,168.8,620.0,10472900.0,173.149
601888.SH,2022-10-27,0.0,168.95,169.0,168.8,361.0,6097750.0,173.136
601888.SH,2022-10-27,0.0,168.98,169.0,168.9,446.0,7536340.0,173.12
601888.SH,2022-10-27,0.0,168.98,168.98,168.98,0.0,0.0,173.12
601888.SH,2022-10-27,0.0,168.98,168.98,168.98,0.0,0.0,173.12
601888.SH,2022-10-27,0.0,169.0,169.0,169.0,1370.0,23153000.0,173.072
601888.SH,2022-10-28,0.0,168.53,168.53,168.53,332.0,5595200.0,168.53
601888.SH,2022-10-28,0.0,171.39,171.48,168.06,1417.0,23995200.0,169.154
601888.SH,2022-10-28,0.0,169.51,171.53,169.51,705.0,12018200.0,169.557
601888.SH,2022-10-28,0.0,170.87,170.87,169.5,802.0,13641800.0,169.69
601888.SH,2022-10-28,0.0,169.57,170.98,169.5,434.0,7395810.0,169.775
601888.SH,2022-10-28,0.0,168.96,169.71,168.7,321.0,5429760.0,169.725
601888.SH,2022-10-28,0.0,169.19,169.5,168.78,420.0,7100040.0,169.663
601888.SH,2022-10-28,0.0,168.7,169.43,168.5,609.0,10280300.0,169.56
601888.SH,2022-10-28,0.0,169.85,169.85,168.6,370.0,6262890.0,169.54
601888.SH,2022-10-28,0.0,169.5,169.96,169.48,236.0,4004200.0,169.545
601888.SH,2022-10-28,0.0,170.47,170.75,169.5,769.0,13093500.0,169.632
601888.SH,2022-10-28,0.0,170.66,171.05,170.47,1054.0,18009200.0,169.806
601888.SH,2022-10-28,0.0,170.87,171.0,170.66,689.0,11778400.0,169.902
601888.SH,2022-10-28,0.0,171.47,171.5,170.87,1024.0,17544500.0,170.062
601888.SH,2022-10-28,0.0,171.67,171.67,171.16,1152.0,19743900.0,170.21
601888.SH,2022-10-28,0.0,171.44,171.87,171.43,892.0,15312900.0,170.321
601888.SH,2022-10-28,0.0,171.47,171.88,171.33,915.0,15706400.0,170.422
601888.SH,2022-10-28,0.0,172.11,172.11,171.41,1473.0,25313500.0,170.576
601888.SH,2022-10-28,0.0,171.6,172.53,171.6,1597.0,27487700.0,170.738
601888.SH,2022-10-28,0.0,171.6,171.6,171.38,365.0,6260900.0,170.757
601888.SH,2022-10-28,0.0,171.46,171.61,171.38,846.0,14512000.0,170.797
601888.SH,2022-10-28,0.0,172.0,172.0,171.36,1526.0,26194400.0,170.87
601888.SH,2022-10-28,0.0,171.78,172.25,171.55,887.0,15261500.0,170.926
601888.SH,2022-10-28,0.0,171.4,171.78,171.38,349.0,5984840.0,170.937
601888.SH,2022-10-28,0.0,172.06,172.2,171.38,448.0,7698380.0,170.957
601888.SH,2022-10-28,0.0,171.88,172.24,171.82,263.0,4526830.0,170.973
601888.SH,2022-10-28,0.0,171.92,172.36,171.82,830.0,14289700.0,171.021
601888.SH,2022-10-28,0.0,172.1,172.2,171.89,387.0,6658910.0,171.04
601888.SH,2022-10-28,0.0,171.91,172.0,171.8,570.0,9796240.0,171.061
601888.SH,2022-10-28,0.0,171.73,171.86,171.65,757.0,13003000.0,171.085
601888.SH,2022-10-28,0.0,171.79,172.11,171.79,354.0,6089580.0,171.1
601888.SH,2022-10-28,0.0,172.36,172.41,171.73,1281.0,22048200.0,171.154
601888.SH,2022-10-28,0.0,172.43,172.54,172.39,767.0,13230100.0,171.195
601888.SH,2022-10-28,0.0,172.28,172.49,172.28,352.0,6067820.0,171.212
601888.SH,2022-10-28,0.0,171.75,172.28,171.75,768.0,13217900.0,171.238
601888.SH,2022-10-28,0.0,171.5,171.79,171.5,606.0,10402400.0,171.248
601888.SH,2022-10-28,0.0,171.38,171.48,171.38,378.0,6479550.0,171.25
601888.SH,2022-10-28,0.0,171.39,171.4,171.38,189.0,3239250.0,171.251
601888.SH,2022-10-28,0.0,171.41,171.41,171.38,262.0,4490510.0,171.253
601888.SH,2022-10-28,0.0,171.42,171.44,171.41,179.0,3068590.0,171.254
601888.SH,2022-10-28,0.0,171.93,171.99,171.41,268.0,4590920.0,171.256
601888.SH,2022-10-28,0.0,172.25,172.4,171.93,723.0,12452500.0,171.281
601888.SH,2022-10-28,0.0,172.85,172.85,172.24,1142.0,19705400.0,171.33
601888.SH,2022-10-28,0.0,172.64,172.86,172.61,748.0,12922700.0,171.365
601888.SH,2022-10-28,0.0,172.24,172.76,172.21,229.0,3949090.0,171.373
601888.SH,2022-10-28,0.0,171.9,172.2,171.9,193.0,3321520.0,171.378
601888.SH,2022-10-28,0.0,172.2,172.25,171.8,405.0,6965840.0,171.386
601888.SH,2022-10-28,0.0,171.55,172.17,171.55,226.0,3884700.0,171.39
601888.SH,2022-10-28,0.0,171.59,171.59,171.45,360.0,6173550.0,171.391
601888.SH,2022-10-28,0.0,171.55,171.61,171.55,376.0,6451060.0,171.393
601888.SH,2022-10-28,0.0,171.69,171.69,171.47,581.0,9960500.0,171.396
601888.SH,2022-10-28,0.0,171.51,171.66,171.43,332.0,5695170.0,171.397
601888.SH,2022-10-28,0.0,171.39,171.64,171.39,266.0,4567020.0,171.398
601888.SH,2022-10-28,0.0,171.31,171.37,171.18,264.0,4522210.0,171.397
601888.SH,2022-10-28,0.0,171.12,171.31,171.03,599.0,10252400.0,171.393
601888.SH,2022-10-28,0.0,170.95,171.15,170.95,858.0,14679800.0,171.385
601888.SH,2022-10-28,0.0,170.14,170.86,170.14,329.0,5604780.0,171.376
601888.SH,2022-10-28,0.0,170.13,170.21,170.08,376.0,6403740.0,171.363
601888.SH,2022-10-28,0.0,169.88,170.18,169.88,530.0,9005730.0,171.344
601888.SH,2022-10-28,0.0,169.83,169.88,169.8,240.0,4075920.0,171.334
601888.SH,2022-10-28,0.0,169.86,169.87,169.8,235.0,3989880.0,171.324
601888.SH,2022-10-28,0.0,169.94,170.07,169.85,311.0,5286290.0,171.313
601888.SH,2022-10-28,0.0,169.89,170.0,169.87,443.0,7528240.0,171.297
601888.SH,2022-10-28,0.0,169.53,169.89,169.5,489.0,8305160.0,171.276
601888.SH,2022-10-28,0.0,169.7,169.8,169.5,366.0,6211130.0,171.261
601888.SH,2022-10-28,0.0,169.35,169.7,169.35,261.0,4418360.0,171.249
601888.SH,2022-10-28,0.0,169.49,169.5,169.35,337.0,5709360.0,171.233
601888.SH,2022-10-28,0.0,169.57,169.6,169.49,226.0,3831640.0,171.223
601888.SH,2022-10-28,0.0,169.2,169.48,169.2,239.0,4048140.0,171.212
601888.SH,2022-10-28,0.0,169.0,169.23,169.0,519.0,8772630.0,171.184
601888.SH,2022-10-28,0.0,168.66,169.01,168.65,800.0,13509400.0,171.139
601888.SH,2022-10-28,0.0,168.91,169.04,168.7,876.0,14799600.0,171.092
601888.SH,2022-10-28,0.0,169.63,169.66,168.91,813.0,13741800.0,171.054
601888.SH,2022-10-28,0.0,169.72,169.72,169.51,178.0,3018800.0,171.048
601888.SH,2022-10-28,0.0,169.62,169.77,169.5,290.0,4918710.0,171.039
601888.SH,2022-10-28,0.0,169.7,169.73,169.61,139.0,2358510.0,171.034
601888.SH,2022-10-28,0.0,169.45,169.7,169.4,158.0,2679500.0,171.029
601888.SH,2022-10-28,0.0,169.94,169.94,169.5,229.0,3885340.0,171.022
601888.SH,2022-10-28,0.0,169.83,170.0,169.83,191.0,3245940.0,171.017
601888.SH,2022-10-28,0.0,169.77,169.89,169.75,162.0,2750750.0,171.012
601888.SH,2022-10-28,0.0,169.65,169.89,169.65,103.0,1748490.0,171.01
601888.SH,2022-10-28,0.0,170.16,170.17,169.6,272.0,4617910.0,171.002
601888.SH,2022-10-28,0.0,170.11,170.11,170.0,145.0,2465890.0,170.999
601888.SH,2022-10-28,0.0,170.59,170.8,170.08,392.0,6682900.0,170.994
601888.SH,2022-10-28,0.0,170.84,171.02,170.49,275.0,4698620.0,170.994
601888.SH,2022-10-28,0.0,170.65,170.84,170.55,333.0,5687700.0,170.992
601888.SH,2022-10-28,0.0,170.8,170.8,170.4,302.0,5149400.0,170.989
601888.SH,2022-10-28,0.0,170.89,171.1,170.81,281.0,4804460.0,170.989
601888.SH,2022-10-28,0.0,170.66,170.86,170.65,193.0,3295290.0,170.988
601888.SH,2022-10-28,0.0,170.1,170.6,170.1,309.0,5263810.0,170.984
601888.SH,2022-10-28,0.0,169.93,170.1,169.93,219.0,3722850.0,170.979
601888.SH,2022-10-28,0.0,169.52,169.93,169.52,127.0,2155250.0,170.976
601888.SH,2022-10-28,0.0,169.7,169.85,169.6,328.0,5568110.0,170.967
601888.SH,2022-10-28,0.0,169.49,169.69,169.45,187.0,3170540.0,170.961
601888.SH,2022-10-28,0.0,170.2,170.2,169.5,618.0,10490500.0,170.946
601888.SH,2022-10-28,0.0,169.59,170.2,169.54,97.0,1647210.0,170.944
601888.SH,2022-10-28,0.0,169.69,169.72,169.55,92.0,1565100.0,170.941
601888.SH,2022-10-28,0.0,169.64,169.69,169.61,79.0,1340110.0,170.939
601888.SH,2022-10-28,0.0,169.94,170.0,169.64,93.0,1579610.0,170.937
601888.SH,2022-10-28,0.0,170.38,170.38,169.94,403.0,6850740.0,170.929
601888.SH,2022-10-28,0.0,170.36,170.69,170.12,342.0,5823620.0,170.924
601888.SH,2022-10-28,0.0,170.49,170.84,170.37,221.0,3771260.0,170.923
601888.SH,2022-10-28,0.0,170.6,170.78,170.41,319.0,5442840.0,170.921
601888.SH,2022-10-28,0.0,170.22,170.51,170.13,247.0,4207400.0,170.918
601888.SH,2022-10-28,0.0,170.15,170.32,170.15,93.0,1583070.0,170.917
601888.SH,2022-10-28,0.0,170.08,170.24,170.08,155.0,2637280.0,170.915
601888.SH,2022-10-28,0.0,170.0,170.07,169.95,213.0,3620980.0,170.911
601888.SH,2022-10-28,0.0,170.01,170.05,169.99,217.0,3689300.0,170.907
601888.SH,2022-10-28,0.0,170.03,170.03,170.0,109.0,1853130.0,170.905
601888.SH,2022-10-28,0.0,170.35,170.5,170.05,103.0,1753120.0,170.904
601888.SH,2022-10-28,0.0,170.45,170.76,170.45,164.0,2798250.0,170.903
601888.SH,2022-10-28,0.0,170.05,170.45,170.05,81.0,1378720.0,170.902
601888.SH,2022-10-28,0.0,170.05,170.09,170.0,166.0,2822910.0,170.899
601888.SH,2022-10-28,0.0,170.02,170.08,170.01,45.0,765208.0,170.898
601888.SH,2022-10-28,0.0,169.95,170.02,169.95,58.0,985933.0,170.897
601888.SH,2022-10-28,0.0,169.75,169.95,169.73,141.0,2394410.0,170.894
601888.SH,2022-10-28,0.0,170.09,170.09,169.73,228.0,3868410.0,170.889
601888.SH,2022-10-28,0.0,170.08,170.1,169.96,52.0,884318.0,170.889
601888.SH,2022-10-28,0.0,169.89,170.08,169.85,55.0,934403.0,170.888
601888.SH,2022-10-28,0.0,169.75,169.89,169.75,84.0,1423550.0,170.886
601888.SH,2022-10-28,0.0,169.75,169.87,169.75,53.0,899778.0,170.885
601888.SH,2022-10-28,0.0,169.68,169.89,169.2,683.0,11582000.0,170.868
601888.SH,2022-10-28,0.0,169.57,169.68,169.44,175.0,2966820.0,170.864
601888.SH,2022-10-28,0.0,169.49,169.58,169.45,261.0,4425280.0,170.857
601888.SH,2022-10-28,0.0,169.42,169.5,169.36,119.0,2016240.0,170.854
601888.SH,2022-10-28,0.0,169.75,169.75,169.38,177.0,3005910.0,170.849
601888.SH,2022-10-28,0.0,169.55,169.75,169.48,118.0,2001740.0,170.847
601888.SH,2022-10-28,0.0,169.5,169.54,169.48,76.0,1288170.0,170.845
601888.SH,2022-10-28,0.0,169.37,169.49,169.33,200.0,3388050.0,170.839
601888.SH,2022-10-28,0.0,169.22,169.33,169.21,161.0,2725380.0,170.835
601888.SH,2022-10-28,0.0,169.18,169.27,169.09,283.0,4788200.0,170.826
601888.SH,2022-10-28,0.0,169.22,169.22,169.18,203.0,3434600.0,170.82
601888.SH,2022-10-28,0.0,169.38,169.38,169.2,276.0,4675310.0,170.813
601888.SH,2022-10-28,0.0,169.21,169.63,169.2,275.0,4657750.0,170.806
601888.SH,2022-10-28,0.0,169.2,169.28,169.18,144.0,2436830.0,170.801
601888.SH,2022-10-28,0.0,169.6,169.86,169.2,348.0,5888560.0,170.792
601888.SH,2022-10-28,0.0,169.63,169.84,169.62,103.0,1740920.0,170.79
601888.SH,2022-10-28,0.0,169.61,169.63,169.58,94.0,1594340.0,170.788
601888.SH,2022-10-28,0.0,170.0,170.0,169.58,168.0,2851110.0,170.785
601888.SH,2022-10-28,0.0,169.82,169.98,169.66,127.0,2156450.0,170.783
601888.SH,2022-10-28,0.0,169.59,169.81,169.59,71.0,1204780.0,170.781
601888.SH,2022-10-28,0.0,169.49,169.59,169.41,132.0,2237240.0,170.778
601888.SH,2022-10-28,0.0,169.51,169.53,169.44,140.0,2372720.0,170.775
601888.SH,2022-10-28,0.0,169.24,169.51,169.24,301.0,5098580.0,170.768
601888.SH,2022-10-28,0.0,169.2,169.25,169.19,211.0,3570710.0,170.762
601888.SH,2022-10-28,0.0,169.21,169.21,169.09,414.0,7003050.0,170.75
601888.SH,2022-10-28,0.0,169.53,169.68,169.21,205.0,3473000.0,170.746
601888.SH,2022-10-28,0.0,169.4,169.53,169.31,147.0,2490040.0,170.742
601888.SH,2022-10-28,0.0,169.22,169.46,169.2,143.0,2426240.0,170.739
601888.SH,2022-10-28,0.0,169.16,169.22,169.15,130.0,2193200.0,170.735
601888.SH,2022-10-28,0.0,169.05,169.16,169.05,209.0,3540610.0,170.729
601888.SH,2022-10-28,0.0,168.97,169.05,168.85,381.0,6437590.0,170.718
601888.SH,2022-10-28,0.0,168.75,169.14,168.75,329.0,5558210.0,170.708
601888.SH,2022-10-28,0.0,168.73,168.8,168.7,222.0,3745950.0,170.7
601888.SH,2022-10-28,0.0,168.76,168.79,168.71,182.0,3071150.0,170.694
601888.SH,2022-10-28,0.0,168.94,168.94,168.73,125.0,2110780.0,170.69
601888.SH,2022-10-28,0.0,169.03,169.03,168.82,94.0,1591360.0,170.687
601888.SH,2022-10-28,0.0,168.94,169.07,168.94,279.0,4715210.0,170.68
601888.SH,2022-10-28,0.0,168.74,168.92,168.73,295.0,4978910.0,170.67
601888.SH,2022-10-28,0.0,168.69,168.75,168.69,290.0,4892600.0,170.661
601888.SH,2022-10-28,0.0,168.75,168.8,168.65,355.0,5989570.0,170.65
601888.SH,2022-10-28,0.0,168.72,168.89,168.72,211.0,3560910.0,170.643
601888.SH,2022-10-28,0.0,168.75,168.88,168.7,305.0,5146460.0,170.633
601888.SH,2022-10-28,0.0,168.69,168.75,168.69,234.0,3947700.0,170.626
601888.SH,2022-10-28,0.0,168.66,168.7,168.66,162.0,2732600.0,170.621
601888.SH,2022-10-28,0.0,168.56,168.65,168.55,341.0,5749340.0,170.61
601888.SH,2022-10-28,0.0,168.68,168.68,168.56,257.0,4335620.0,170.601
601888.SH,2022-10-28,0.0,168.68,168.69,168.65,388.0,6544460.0,170.589
601888.SH,2022-10-28,0.0,168.7,168.85,168.68,330.0,5568090.0,170.58
601888.SH,2022-10-28,0.0,168.78,168.86,168.78,272.0,4585820.0,170.572
601888.SH,2022-10-28,0.0,168.6,168.86,168.6,271.0,4571260.0,170.564
601888.SH,2022-10-28,0.0,168.61,168.61,168.57,365.0,6153570.0,170.553
601888.SH,2022-10-28,0.0,168.68,168.7,168.58,332.0,5591670.0,170.543
601888.SH,2022-10-28,0.0,168.61,168.7,168.61,176.0,2968580.0,170.538
601888.SH,2022-10-28,0.0,168.66,168.66,168.59,185.0,3119330.0,170.532
601888.SH,2022-10-28,0.0,169.19,169.21,168.64,618.0,10437200.0,170.516
601888.SH,2022-10-28,0.0,168.99,169.2,168.91,231.0,3903630.0,170.511
601888.SH,2022-10-28,0.0,169.22,169.22,168.94,307.0,5189930.0,170.504
601888.SH,2022-10-28,0.0,169.33,169.33,169.21,189.0,3198660.0,170.501
601888.SH,2022-10-28,0.0,169.39,169.6,169.34,376.0,6370160.0,170.495
601888.SH,2022-10-28,0.0,169.0,169.35,169.0,344.0,5821330.0,170.488
601888.SH,2022-10-28,0.0,169.0,169.01,168.92,196.0,3311860.0,170.484
601888.SH,2022-10-28,0.0,169.53,169.53,169.0,443.0,7494470.0,170.475
601888.SH,2022-10-28,0.0,169.22,169.6,169.2,186.0,3151300.0,170.472
601888.SH,2022-10-28,0.0,169.05,169.2,169.05,200.0,3382480.0,170.468
601888.SH,2022-10-28,0.0,169.09,169.09,168.99,201.0,3397480.0,170.464
601888.SH,2022-10-28,0.0,169.18,169.19,169.1,394.0,6663280.0,170.456
601888.SH,2022-10-28,0.0,169.13,169.18,169.13,383.0,6479340.0,170.449
601888.SH,2022-10-28,0.0,169.05,169.15,169.05,126.0,2130730.0,170.446
601888.SH,2022-10-28,0.0,168.9,169.04,168.9,302.0,5103370.0,170.44
601888.SH,2022-10-28,0.0,169.0,169.0,168.9,225.0,3802070.0,170.435
601888.SH,2022-10-28,0.0,168.99,169.0,168.99,227.0,3836180.0,170.43
601888.SH,2022-10-28,0.0,168.94,168.98,168.92,375.0,6335810.0,170.422
601888.SH,2022-10-28,0.0,168.84,168.92,168.82,356.0,6012240.0,170.415
601888.SH,2022-10-28,0.0,168.58,168.81,168.58,505.0,8517260.0,170.402
601888.SH,2022-10-28,0.0,168.7,168.7,168.53,841.0,14175200.0,170.38
601888.SH,2022-10-28,0.0,168.58,168.66,168.58,333.0,5615420.0,170.372
601888.SH,2022-10-28,0.0,168.59,168.6,168.58,223.0,3759530.0,170.367
601888.SH,2022-10-28,0.0,168.48,168.59,168.47,473.0,7971960.0,170.355
601888.SH,2022-10-28,0.0,168.56,168.56,168.47,469.0,7902490.0,170.343
601888.SH,2022-10-28,0.0,168.5,168.56,168.5,370.0,6235310.0,170.333
601888.SH,2022-10-28,0.0,168.54,168.55,168.5,269.0,4533590.0,170.327
601888.SH,2022-10-28,0.0,168.53,168.56,168.51,315.0,5309010.0,170.319
601888.SH,2022-10-28,0.0,168.49,168.54,168.49,572.0,9638940.0,170.305
601888.SH,2022-10-28,0.0,168.48,168.49,168.46,326.0,5492110.0,170.297
601888.SH,2022-10-28,0.0,168.59,168.65,168.48,557.0,9386080.0,170.284
601888.SH,2022-10-28,0.0,168.59,168.6,168.55,154.0,2596200.0,170.281
601888.SH,2022-10-28,0.0,168.18,168.59,168.18,577.0,9716280.0,170.267
601888.SH,2022-10-28,0.0,168.11,168.19,168.05,347.0,5833930.0,170.257
601888.SH,2022-10-28,0.0,168.15,168.15,167.99,1457.0,24484100.0,170.215
601888.SH,2022-10-28,0.0,168.01,168.16,168.0,374.0,6286600.0,170.205
601888.SH,2022-10-28,0.0,167.93,168.07,167.9,461.0,7742920.0,170.192
601888.SH,2022-10-28,0.0,167.82,167.9,167.82,243.0,4080440.0,170.185
601888.SH,2022-10-28,0.0,167.68,167.82,167.68,239.0,4009530.0,170.177
601888.SH,2022-10-28,0.0,167.4,167.66,167.35,442.0,7402060.0,170.162
601888.SH,2022-10-28,0.0,167.32,167.41,167.3,514.0,8602120.0,170.144
601888.SH,2022-10-28,0.0,167.69,167.7,167.27,494.0,8273850.0,170.128
601888.SH,2022-10-28,0.0,167.96,167.96,167.65,625.0,10493900.0,170.11
601888.SH,2022-10-28,0.0,168.12,168.14,167.93,207.0,3478540.0,170.105
601888.SH,2022-10-28,0.0,167.94,168.13,167.94,302.0,5074660.0,170.097
601888.SH,2022-10-28,0.0,167.89,167.95,167.88,273.0,4584370.0,170.09
601888.SH,2022-10-28,0.0,167.83,167.96,167.83,424.0,7119080.0,170.079
601888.SH,2022-10-28,0.0,167.73,167.82,167.73,425.0,7131090.0,170.067
601888.SH,2022-10-28,0.0,167.68,167.79,167.67,362.0,6064140.0,170.057
601888.SH,2022-10-28,0.0,167.87,167.87,167.64,420.0,7043350.0,170.045
601888.SH,2022-10-28,0.0,167.8,168.01,167.8,339.0,5692960.0,170.036
601888.SH,2022-10-28,0.0,167.42,167.86,167.42,445.0,7459640.0,170.024
601888.SH,2022-10-28,0.0,167.41,167.57,167.05,650.0,10875000.0,170.004
601888.SH,2022-10-28,0.0,167.68,167.68,167.38,506.0,8475600.0,169.989
601888.SH,2022-10-28,0.0,167.55,167.68,167.5,395.0,6618320.0,169.978
601888.SH,2022-10-28,0.0,167.51,167.68,167.48,983.0,16465600.0,169.95
601888.SH,2022-10-28,0.0,167.7,167.7,167.51,581.0,9738050.0,169.934
601888.SH,2022-10-28,0.0,168.58,168.58,167.7,410.0,6888260.0,169.926
601888.SH,2022-10-28,0.0,168.29,168.66,168.29,496.0,8356960.0,169.918
601888.SH,2022-10-28,0.0,168.28,168.32,168.2,374.0,6299800.0,169.911
601888.SH,2022-10-28,0.0,168.02,168.32,168.02,739.0,12426000.0,169.897
601888.SH,2022-10-28,0.0,167.73,168.1,167.58,1136.0,19054100.0,169.87
601888.SH,2022-10-28,0.0,167.59,167.8,167.5,561.0,9411000.0,169.856
601888.SH,2022-10-28,0.0,167.45,167.59,167.45,22.0,368433.0,169.856
601888.SH,2022-10-28,0.0,167.45,167.45,167.45,0.0,0.0,169.856
601888.SH,2022-10-28,0.0,167.45,167.45,167.45,861.0,14420800.0,169.833
601888.SH,2022-10-31,0.0,164.1,164.1,164.1,1376.0,22580200.0,164.1
601888.SH,2022-10-31,0.0,162.8,165.02,162.77,4161.0,68247696.0,164.038
601888.SH,2022-10-31,0.0,163.7,163.8,162.7,1884.0,30729600.0,163.806
601888.SH,2022-10-31,0.0,162.11,163.7,162.03,2314.0,37701600.0,163.594
601888.SH,2022-10-31,0.0,161.7,162.22,161.33,2375.0,38425400.0,163.241
601888.SH,2022-10-31,0.0,162.08,162.08,161.5,1521.0,24599300.0,163.072
601888.SH,2022-10-31,0.0,163.19,163.19,162.09,949.0,15437700.0,163.046
601888.SH,2022-10-31,0.0,162.96,163.19,162.75,971.0,15821300.0,163.04
601888.SH,2022-10-31,0.0,162.73,163.27,162.43,953.0,15513000.0,163.025
601888.SH,2022-10-31,0.0,163.0,163.3,162.58,968.0,15775700.0,163.022
601888.SH,2022-10-31,0.0,162.35,163.0,162.34,1380.0,22459500.0,163.002
601888.SH,2022-10-31,0.0,162.58,162.88,162.29,968.0,15736700.0,162.981
601888.SH,2022-10-31,0.0,162.8,162.86,162.26,620.0,10071600.0,162.964
601888.SH,2022-10-31,0.0,163.6,163.69,162.6,570.0,9288690.0,162.964
601888.SH,2022-10-31,0.0,164.45,164.5,163.6,627.0,10286700.0,162.996
601888.SH,2022-10-31,0.0,164.5,164.88,164.36,824.0,13556600.0,163.052
601888.SH,2022-10-31,0.0,165.44,165.44,164.27,739.0,12161800.0,163.1
601888.SH,2022-10-31,0.0,165.54,166.2,165.24,630.0,10432200.0,163.166
601888.SH,2022-10-31,0.0,166.03,166.5,165.58,881.0,14617600.0,163.265
601888.SH,2022-10-31,0.0,165.78,166.4,165.78,697.0,11565200.0,163.338
601888.SH,2022-10-31,0.0,165.37,165.8,165.16,590.0,9761430.0,163.385
601888.SH,2022-10-31,0.0,165.5,165.59,165.23,500.0,8270500.0,163.424
601888.SH,2022-10-31,0.0,165.82,165.89,165.51,415.0,6877280.0,163.459
601888.SH,2022-10-31,0.0,165.75,165.89,165.52,745.0,12347100.0,163.52
601888.SH,2022-10-31,0.0,165.1,165.75,165.1,664.0,10991500.0,163.568
601888.SH,2022-10-31,0.0,165.32,165.35,165.1,385.0,6363580.0,163.591
601888.SH,2022-10-31,0.0,164.81,165.32,164.79,785.0,12947800.0,163.627
601888.SH,2022-10-31,0.0,164.67,164.79,164.6,371.0,6109760.0,163.64
601888.SH,2022-10-31,0.0,164.15,164.7,164.15,628.0,10326800.0,163.656
601888.SH,2022-10-31,0.0,164.45,164.49,164.14,337.0,5539900.0,163.664
601888.SH,2022-10-31,0.0,164.35,164.45,164.35,361.0,5935300.0,163.673
601888.SH,2022-10-31,0.0,164.43,164.71,164.29,361.0,5935990.0,163.681
601888.SH,2022-10-31,0.0,164.62,164.66,164.43,354.0,5824860.0,163.691
601888.SH,2022-10-31,0.0,164.6,164.94,164.49,528.0,8691250.0,163.707
601888.SH,2022-10-31,0.0,164.96,165.02,164.67,524.0,8644140.0,163.726
601888.SH,2022-10-31,0.0,165.0,165.18,164.81,762.0,12572200.0,163.754
601888.SH,2022-10-31,0.0,164.61,164.97,164.61,676.0,11146000.0,163.776
601888.SH,2022-10-31,0.0,164.3,164.77,164.3,482.0,7929360.0,163.786
601888.SH,2022-10-31,0.0,163.37,164.29,163.37,926.0,15172400.0,163.787
601888.SH,2022-10-31,0.0,162.74,163.34,162.74,485.0,7905000.0,163.777
601888.SH,2022-10-31,0.0,162.92,162.99,162.7,600.0,9767870.0,163.761
601888.SH,2022-10-31,0.0,162.55,162.99,162.51,476.0,7747750.0,163.748
601888.SH,2022-10-31,0.0,161.68,162.5,161.67,1575.0,25523100.0,163.679
601888.SH,2022-10-31,0.0,161.91,162.3,161.87,1380.0,22359000.0,163.623
601888.SH,2022-10-31,0.0,162.45,162.51,161.94,863.0,13987700.0,163.59
601888.SH,2022-10-31,0.0,162.75,162.85,162.42,355.0,5774040.0,163.582
601888.SH,2022-10-31,0.0,162.6,162.76,162.52,347.0,5644060.0,163.575
601888.SH,2022-10-31,0.0,162.74,162.79,162.55,588.0,9561820.0,163.561
601888.SH,2022-10-31,0.0,162.05,162.62,162.05,441.0,7157210.0,163.548
601888.SH,2022-10-31,0.0,162.07,162.14,161.98,708.0,11471700.0,163.524
601888.SH,2022-10-31,0.0,162.13,162.16,162.07,353.0,5722820.0,163.512
601888.SH,2022-10-31,0.0,162.05,162.1,162.0,678.0,10986000.0,163.49
601888.SH,2022-10-31,0.0,162.21,162.43,162.06,291.0,4720510.0,163.482
601888.SH,2022-10-31,0.0,162.05,162.4,162.05,438.0,7105310.0,163.47
601888.SH,2022-10-31,0.0,162.12,162.2,162.05,295.0,4781600.0,163.461
601888.SH,2022-10-31,0.0,162.15,162.2,162.11,323.0,5237630.0,163.451
601888.SH,2022-10-31,0.0,162.1,162.19,162.01,830.0,13452000.0,163.427
601888.SH,2022-10-31,0.0,162.32,162.53,162.24,507.0,8229870.0,163.415
601888.SH,2022-10-31,0.0,162.54,162.54,162.43,366.0,5946180.0,163.408
601888.SH,2022-10-31,0.0,162.1,162.55,162.1,516.0,8380280.0,163.397
601888.SH,2022-10-31,0.0,162.02,162.02,161.88,2045.0,33127300.0,163.34
601888.SH,2022-10-31,0.0,162.3,162.39,162.0,482.0,7814350.0,163.328
601888.SH,2022-10-31,0.0,162.39,162.58,162.3,574.0,9317970.0,163.317
601888.SH,2022-10-31,0.0,162.98,162.98,162.39,266.0,4326240.0,163.314
601888.SH,2022-10-31,0.0,162.9,162.99,162.79,333.0,5423150.0,163.311
601888.SH,2022-10-31,0.0,163.0,163.1,162.87,323.0,5263310.0,163.309
601888.SH,2022-10-31,0.0,163.25,163.35,163.0,292.0,4763930.0,163.308
601888.SH,2022-10-31,0.0,162.95,163.29,162.95,255.0,4159860.0,163.307
601888.SH,2022-10-31,0.0,162.59,163.0,162.59,377.0,6139170.0,163.304
601888.SH,2022-10-31,0.0,162.59,162.6,162.51,256.0,4161540.0,163.3
601888.SH,2022-10-31,0.0,162.59,162.6,162.5,196.0,3185930.0,163.297
601888.SH,2022-10-31,0.0,162.61,162.81,162.57,341.0,5546280.0,163.293
601888.SH,2022-10-31,0.0,162.5,162.62,162.46,459.0,7459800.0,163.287
601888.SH,2022-10-31,0.0,162.4,162.5,162.4,180.0,2924320.0,163.284
601888.SH,2022-10-31,0.0,163.1,163.19,162.46,241.0,3924370.0,163.282
601888.SH,2022-10-31,0.0,162.52,163.1,162.5,185.0,3009770.0,163.28
601888.SH,2022-10-31,0.0,162.44,162.52,162.4,334.0,5425390.0,163.275
601888.SH,2022-10-31,0.0,162.34,162.44,162.3,243.0,3945940.0,163.271
601888.SH,2022-10-31,0.0,162.12,162.3,162.11,202.0,3276160.0,163.267
601888.SH,2022-10-31,0.0,162.18,162.24,162.13,176.0,2853980.0,163.264
601888.SH,2022-10-31,0.0,162.76,162.88,162.18,258.0,4189620.0,163.26
601888.SH,2022-10-31,0.0,162.56,162.77,162.5,258.0,4193820.0,163.257
601888.SH,2022-10-31,0.0,162.57,162.78,162.48,177.0,2877480.0,163.255
601888.SH,2022-10-31,0.0,162.88,163.3,162.76,619.0,10092200.0,163.252
601888.SH,2022-10-31,0.0,162.76,163.4,162.63,687.0,11204800.0,163.25
601888.SH,2022-10-31,0.0,162.69,162.76,162.66,238.0,3872640.0,163.248
601888.SH,2022-10-31,0.0,162.51,162.7,162.5,272.0,4423210.0,163.245
601888.SH,2022-10-31,0.0,162.53,162.57,162.49,136.0,2210240.0,163.244
601888.SH,2022-10-31,0.0,162.51,162.54,162.5,164.0,2665300.0,163.242
601888.SH,2022-10-31,0.0,162.56,162.59,162.51,189.0,3079570.0,163.239
601888.SH,2022-10-31,0.0,162.5,162.59,162.49,206.0,3340940.0,163.237
601888.SH,2022-10-31,0.0,162.8,162.8,162.5,569.0,9262440.0,163.231
601888.SH,2022-10-31,0.0,162.58,162.84,162.57,247.0,4020580.0,163.23
601888.SH,2022-10-31,0.0,162.58,162.66,162.5,206.0,3348540.0,163.227
601888.SH,2022-10-31,0.0,162.98,163.03,162.56,235.0,3827500.0,163.226
601888.SH,2022-10-31,0.0,163.38,163.5,163.0,399.0,6510980.0,163.226
601888.SH,2022-10-31,0.0,163.13,163.5,163.13,251.0,4100440.0,163.226
601888.SH,2022-10-31,0.0,163.35,163.37,163.14,414.0,6758920.0,163.226
601888.SH,2022-10-31,0.0,163.28,163.36,163.27,241.0,3935600.0,163.227
601888.SH,2022-10-31,0.0,163.3,163.3,163.27,244.0,3984160.0,163.227
601888.SH,2022-10-31,0.0,163.26,163.3,163.25,194.0,3167350.0,163.227
601888.SH,2022-10-31,0.0,163.7,163.7,163.2,741.0,12120700.0,163.23
601888.SH,2022-10-31,0.0,163.95,163.97,163.6,168.0,2751700.0,163.232
601888.SH,2022-10-31,0.0,164.12,164.14,164.0,276.0,4527270.0,163.235
601888.SH,2022-10-31,0.0,165.06,165.06,164.07,682.0,11229900.0,163.25
601888.SH,2022-10-31,0.0,165.16,165.17,164.97,817.0,13481100.0,163.272
601888.SH,2022-10-31,0.0,164.75,165.16,164.73,322.0,5313650.0,163.281
601888.SH,2022-10-31,0.0,164.71,164.88,164.71,177.0,2916550.0,163.285
601888.SH,2022-10-31,0.0,164.4,164.7,164.4,499.0,8212710.0,163.295
601888.SH,2022-10-31,0.0,164.01,164.36,164.01,138.0,2265580.0,163.297
601888.SH,2022-10-31,0.0,163.51,164.01,163.51,461.0,7559270.0,163.301
601888.SH,2022-10-31,0.0,162.63,163.51,162.62,281.0,4579780.0,163.3
601888.SH,2022-10-31,0.0,162.71,162.98,162.68,254.0,4133200.0,163.298
601888.SH,2022-10-31,0.0,162.66,162.71,162.66,217.0,3530470.0,163.296
601888.SH,2022-10-31,0.0,162.62,162.66,162.51,202.0,3285150.0,163.294
601888.SH,2022-10-31,0.0,162.58,162.62,162.56,102.0,1658520.0,163.293
601888.SH,2022-10-31,0.0,162.53,162.6,162.51,158.0,2568220.0,163.291
601888.SH,2022-10-31,0.0,162.66,162.66,162.51,192.0,3120840.0,163.289
601888.SH,2022-10-31,0.0,162.57,162.94,162.56,120.0,1951490.0,163.288
601888.SH,2022-10-31,0.0,162.54,162.57,162.53,171.0,2782500.0,163.286
601888.SH,2022-10-31,0.0,162.7,162.91,162.53,169.0,2754740.0,163.284
601888.SH,2022-10-31,0.0,162.03,162.6,162.03,1340.0,21770900.0,163.268
601888.SH,2022-10-31,0.0,161.68,162.01,161.67,1610.0,26071800.0,163.238
601888.SH,2022-10-31,0.0,161.73,161.88,161.67,490.0,7925240.0,163.227
601888.SH,2022-10-31,0.0,161.51,161.7,161.51,962.0,15544000.0,163.206
601888.SH,2022-10-31,0.0,161.36,161.52,161.36,728.0,11754300.0,163.188
601888.SH,2022-10-31,0.0,161.29,161.46,161.26,909.0,14667200.0,163.166
601888.SH,2022-10-31,0.0,161.4,161.41,161.16,881.0,14207800.0,163.144
601888.SH,2022-10-31,0.0,161.67,161.67,161.4,389.0,6283680.0,163.135
601888.SH,2022-10-31,0.0,161.68,161.7,161.66,391.0,6321830.0,163.128
601888.SH,2022-10-31,0.0,161.31,161.69,161.31,488.0,7880970.0,163.118
601888.SH,2022-10-31,0.0,161.2,161.31,161.16,361.0,5819840.0,163.109
601888.SH,2022-10-31,0.0,161.14,161.29,161.14,447.0,7205370.0,163.098
601888.SH,2022-10-31,0.0,161.0,161.16,161.0,585.0,9420610.0,163.082
601888.SH,2022-10-31,0.0,161.02,161.03,161.0,281.0,4524520.0,163.075
601888.SH,2022-10-31,0.0,160.6,161.02,160.6,950.0,15290000.0,163.049
601888.SH,2022-10-31,0.0,160.52,160.6,160.4,634.0,10175600.0,163.029
601888.SH,2022-10-31,0.0,161.0,161.01,160.5,441.0,7088660.0,163.016
601888.SH,2022-10-31,0.0,161.14,161.14,161.0,155.0,2496330.0,163.012
601888.SH,2022-10-31,0.0,161.0,161.14,161.0,185.0,2979470.0,163.008
601888.SH,2022-10-31,0.0,160.95,161.01,160.93,256.0,4121280.0,163.002
601888.SH,2022-10-31,0.0,160.76,160.93,160.76,205.0,3298220.0,162.996
601888.SH,2022-10-31,0.0,160.53,160.75,160.52,232.0,3726590.0,162.989
601888.SH,2022-10-31,0.0,160.47,160.55,160.42,583.0,9356090.0,162.972
601888.SH,2022-10-31,0.0,160.51,160.57,160.43,238.0,3819900.0,162.964
601888.SH,2022-10-31,0.0,160.29,160.51,160.2,546.0,8757570.0,162.947
601888.SH,2022-10-31,0.0,160.01,160.29,160.0,1727.0,27641800.0,162.888
601888.SH,2022-10-31,0.0,159.61,160.05,159.61,1079.0,17260200.0,162.851
601888.SH,2022-10-31,0.0,159.79,159.89,159.6,838.0,13393500.0,162.821
601888.SH,2022-10-31,0.0,159.88,159.91,159.76,581.0,9285520.0,162.801
601888.SH,2022-10-31,0.0,160.0,160.0,159.85,603.0,9641110.0,162.781
601888.SH,2022-10-31,0.0,160.04,160.16,159.89,562.0,8995650.0,162.764
601888.SH,2022-10-31,0.0,160.15,160.15,160.03,498.0,7970640.0,162.749
601888.SH,2022-10-31,0.0,160.16,160.42,160.15,616.0,9866980.0,162.731
601888.SH,2022-10-31,0.0,160.09,160.22,159.96,596.0,9536560.0,162.713
601888.SH,2022-10-31,0.0,160.09,160.22,160.06,530.0,8487500.0,162.698
601888.SH,2022-10-31,0.0,160.13,160.34,160.08,389.0,6230190.0,162.687
601888.SH,2022-10-31,0.0,159.9,160.18,159.9,388.0,6208890.0,162.675
601888.SH,2022-10-31,0.0,159.71,159.9,159.71,518.0,8278540.0,162.659
601888.SH,2022-10-31,0.0,159.87,159.87,159.6,979.0,15630900.0,162.627
601888.SH,2022-10-31,0.0,159.98,159.98,159.78,721.0,11529800.0,162.606
601888.SH,2022-10-31,0.0,159.76,159.95,159.76,301.0,4811190.0,162.598
601888.SH,2022-10-31,0.0,160.0,160.0,159.76,567.0,9065700.0,162.581
601888.SH,2022-10-31,0.0,159.88,160.03,159.72,522.0,8343610.0,162.566
601888.SH,2022-10-31,0.0,159.83,159.93,159.78,251.0,4013080.0,162.559
601888.SH,2022-10-31,0.0,159.75,159.9,159.75,271.0,4330550.0,162.551
601888.SH,2022-10-31,0.0,159.7,159.8,159.7,655.0,10462100.0,162.532
601888.SH,2022-10-31,0.0,159.71,159.72,159.7,375.0,5989040.0,162.521
601888.SH,2022-10-31,0.0,159.79,159.82,159.7,384.0,6134000.0,162.51
601888.SH,2022-10-31,0.0,159.68,159.8,159.68,685.0,10940300.0,162.49
601888.SH,2022-10-31,0.0,159.68,159.71,159.61,519.0,8290800.0,162.475
601888.SH,2022-10-31,0.0,160.01,160.01,159.69,1369.0,21895400.0,162.44
601888.SH,2022-10-31,0.0,160.0,160.02,159.73,697.0,11150100.0,162.423
601888.SH,2022-10-31,0.0,160.03,160.1,160.0,369.0,5905200.0,162.414
601888.SH,2022-10-31,0.0,160.0,160.06,160.0,305.0,4880590.0,162.407
601888.SH,2022-10-31,0.0,160.04,160.04,160.0,257.0,4112550.0,162.401
601888.SH,2022-10-31,0.0,160.08,160.18,160.01,417.0,6676300.0,162.391
601888.SH,2022-10-31,0.0,160.0,160.02,160.0,1039.0,16624300.0,162.367
601888.SH,2022-10-31,0.0,160.02,160.02,160.0,333.0,5328140.0,162.359
601888.SH,2022-10-31,0.0,160.2,160.2,160.0,392.0,6270610.0,162.351
601888.SH,2022-10-31,0.0,160.4,160.45,160.23,237.0,3803920.0,162.346
601888.SH,2022-10-31,0.0,160.25,160.41,160.12,413.0,6618780.0,162.338
601888.SH,2022-10-31,0.0,160.36,160.36,160.25,304.0,4872130.0,162.332
601888.SH,2022-10-31,0.0,160.16,160.29,160.16,267.0,4278720.0,162.326
601888.SH,2022-10-31,0.0,160.02,160.17,160.01,397.0,6356010.0,162.318
601888.SH,2022-10-31,0.0,160.0,160.04,160.0,661.0,10576400.0,162.303
601888.SH,2022-10-31,0.0,160.02,160.02,160.0,576.0,9216300.0,162.291
601888.SH,2022-10-31,0.0,160.02,160.04,160.01,259.0,4144670.0,162.285
601888.SH,2022-10-31,0.0,160.01,160.02,160.0,1033.0,16528200.0,162.263
601888.SH,2022-10-31,0.0,160.01,160.01,159.98,1058.0,16928100.0,162.241
601888.SH,2022-10-31,0.0,160.02,160.03,160.0,396.0,6336320.0,162.233
601888.SH,2022-10-31,0.0,160.0,160.03,160.0,975.0,15600400.0,162.213
601888.SH,2022-10-31,0.0,160.06,160.06,160.0,554.0,8864610.0,162.202
601888.SH,2022-10-31,0.0,160.0,160.12,160.0,267.0,4272770.0,162.197
601888.SH,2022-10-31,0.0,160.16,160.26,160.0,410.0,6567930.0,162.189
601888.SH,2022-10-31,0.0,160.1,160.22,160.1,180.0,2882680.0,162.185
601888.SH,2022-10-31,0.0,160.26,160.26,160.08,338.0,5412560.0,162.179
601888.SH,2022-10-31,0.0,160.51,160.79,160.25,479.0,7683990.0,162.172
601888.SH,2022-10-31,0.0,160.54,160.55,160.5,282.0,4527200.0,162.168
601888.SH,2022-10-31,0.0,160.4,160.55,160.39,221.0,3546820.0,162.164
601888.SH,2022-10-31,0.0,160.11,160.41,160.11,351.0,5626080.0,162.158
601888.SH,2022-10-31,0.0,160.07,160.15,160.03,433.0,6932230.0,162.151
601888.SH,2022-10-31,0.0,160.03,160.08,160.03,391.0,6257780.0,162.143
601888.SH,2022-10-31,0.0,160.11,160.12,160.02,307.0,4913740.0,162.138
601888.SH,2022-10-31,0.0,160.1,160.14,160.07,230.0,3682480.0,162.134
601888.SH,2022-10-31,0.0,160.49,160.51,160.11,587.0,9407660.0,162.124
601888.SH,2022-10-31,0.0,160.29,160.32,160.25,227.0,3638600.0,162.12
601888.SH,2022-10-31,0.0,160.65,160.77,160.29,297.0,4766300.0,162.116
601888.SH,2022-10-31,0.0,160.69,160.72,160.65,169.0,2715400.0,162.114
601888.SH,2022-10-31,0.0,160.33,160.69,160.32,255.0,4092050.0,162.11
601888.SH,2022-10-31,0.0,160.53,160.59,160.4,759.0,12175100.0,162.099
601888.SH,2022-10-31,0.0,160.69,160.78,160.52,407.0,6539220.0,162.094
601888.SH,2022-10-31,0.0,160.54,160.75,160.54,205.0,3293570.0,162.092
601888.SH,2022-10-31,0.0,160.54,160.64,160.53,501.0,8043480.0,162.085
601888.SH,2022-10-31,0.0,160.36,160.55,160.36,222.0,3561570.0,162.082
601888.SH,2022-10-31,0.0,160.31,160.38,160.29,194.0,3110040.0,162.079
601888.SH,2022-10-31,0.0,160.2,160.32,160.2,209.0,3349330.0,162.076
601888.SH,2022-10-31,0.0,160.46,160.48,160.16,472.0,7567880.0,162.069
601888.SH,2022-10-31,0.0,160.5,160.57,160.46,318.0,5104660.0,162.065
601888.SH,2022-10-31,0.0,160.46,160.53,160.45,179.0,2872980.0,162.062
601888.SH,2022-10-31,0.0,160.7,160.7,160.5,510.0,8191080.0,162.056
601888.SH,2022-10-31,0.0,160.76,160.78,160.68,252.0,4050210.0,162.053
601888.SH,2022-10-31,0.0,160.85,160.85,160.76,281.0,4518730.0,162.051
601888.SH,2022-10-31,0.0,161.08,161.13,160.85,406.0,6537770.0,162.047
601888.SH,2022-10-31,0.0,160.68,161.1,160.68,428.0,6887120.0,162.043
601888.SH,2022-10-31,0.0,160.63,160.7,160.62,280.0,4497810.0,162.04
601888.SH,2022-10-31,0.0,160.8,160.8,160.63,207.0,3326560.0,162.038
601888.SH,2022-10-31,0.0,160.91,160.92,160.78,220.0,3538830.0,162.035
601888.SH,2022-10-31,0.0,160.92,160.95,160.89,214.0,3443610.0,162.033
601888.SH,2022-10-31,0.0,160.91,160.93,160.9,451.0,7257670.0,162.029
601888.SH,2022-10-31,0.0,160.87,160.91,160.87,374.0,6017460.0,162.026
601888.SH,2022-10-31,0.0,160.75,160.88,160.72,395.0,6351180.0,162.022
601888.SH,2022-10-31,0.0,160.64,160.76,160.64,753.0,12102500.0,162.014
601888.SH,2022-10-31,0.0,160.3,160.64,160.3,951.0,15260800.0,162.002
601888.SH,2022-10-31,0.0,160.28,160.33,160.23,671.0,10755600.0,161.993
601888.SH,2022-10-31,0.0,160.41,160.41,160.27,562.0,9010280.0,161.985
601888.SH,2022-10-31,0.0,160.43,160.45,160.41,561.0,9004720.0,161.978
601888.SH,2022-10-31,0.0,160.45,160.45,160.4,521.0,8353120.0,161.972
601888.SH,2022-10-31,0.0,160.45,160.45,160.45,13.0,208585.0,161.972
601888.SH,2022-10-31,0.0,160.45,160.45,160.45,0.0,0.0,161.972
601888.SH,2022-10-31,0.0,160.36,160.36,160.36,1993.0,31965700.0,161.947
601888.SH,2022-11-01,0.0,160.18,160.18,160.18,863.0,13826900.0,160.18
601888.SH,2022-11-01,0.0,161.4,162.4,160.18,1872.0,30235400.0,161.086
601888.SH,2022-11-01,0.0,160.8,161.4,160.55,1342.0,21596100.0,161.033
601888.SH,2022-11-01,0.0,160.87,161.0,160.66,1001.0,16099600.0,160.991
601888.SH,2022-11-01,0.0,160.84,161.36,160.78,1014.0,16311200.0,160.983
601888.SH,2022-11-01,0.0,159.57,160.84,159.3,1010.0,16168400.0,160.86
601888.SH,2022-11-01,0.0,157.67,159.59,157.48,2787.0,44161300.0,160.182
601888.SH,2022-11-01,0.0,157.47,158.22,157.2,2325.0,36656100.0,159.701
601888.SH,2022-11-01,0.0,156.7,157.59,156.54,2105.0,33067200.0,159.315
601888.SH,2022-11-01,0.0,157.08,157.2,156.7,2165.0,33972400.0,159.0
601888.SH,2022-11-01,0.0,157.87,157.87,157.0,782.0,12306700.0,158.927
601888.SH,2022-11-01,0.0,158.18,158.24,157.31,1800.0,28402300.0,158.819
601888.SH,2022-11-01,0.0,157.6,158.39,157.16,1636.0,25800000.0,158.731
601888.SH,2022-11-01,0.0,156.75,157.47,156.7,1744.0,27380400.0,158.596
601888.SH,2022-11-01,0.0,157.24,157.24,156.51,1664.0,26097200.0,158.477
601888.SH,2022-11-01,0.0,156.8,157.26,156.8,1272.0,19976100.0,158.405
601888.SH,2022-11-01,0.0,158.32,158.32,157.04,1397.0,22002400.0,158.358
601888.SH,2022-11-01,0.0,158.05,158.2,157.65,1575.0,24874800.0,158.334
601888.SH,2022-11-01,0.0,159.35,159.5,158.2,1499.0,23798100.0,158.357
601888.SH,2022-11-01,0.0,158.97,160.0,158.97,962.0,15358700.0,158.397
601888.SH,2022-11-01,0.0,158.08,158.9,158.08,414.0,6564670.0,158.399
601888.SH,2022-11-01,0.0,158.5,158.77,158.0,597.0,9459290.0,158.4
601888.SH,2022-11-01,0.0,158.47,158.5,158.01,429.0,6788020.0,158.398
601888.SH,2022-11-01,0.0,158.33,158.8,158.14,436.0,6908720.0,158.399
601888.SH,2022-11-01,0.0,158.81,159.0,158.37,416.0,6601650.0,158.402
601888.SH,2022-11-01,0.0,159.4,159.6,159.0,419.0,6676460.0,158.414
601888.SH,2022-11-01,0.0,159.99,160.28,159.29,1236.0,19756400.0,158.465
601888.SH,2022-11-01,0.0,160.47,160.47,159.88,467.0,7477330.0,158.487
601888.SH,2022-11-01,0.0,160.45,160.86,160.0,1088.0,17448200.0,158.545
601888.SH,2022-11-01,0.0,160.0,160.53,159.56,630.0,10082900.0,158.57
601888.SH,2022-11-01,0.0,160.82,160.85,160.0,507.0,8134730.0,158.595
601888.SH,2022-11-01,0.0,161.1,161.22,160.85,1370.0,22062000.0,158.681
601888.SH,2022-11-01,0.0,161.88,162.01,161.09,1307.0,21136200.0,158.78
601888.SH,2022-11-01,0.0,162.22,162.48,161.9,1425.0,23102300.0,158.895
601888.SH,2022-11-01,0.0,162.14,162.5,161.85,1245.0,20184600.0,158.988
601888.SH,2022-11-01,0.0,161.33,162.26,161.3,891.0,14418900.0,159.046
601888.SH,2022-11-01,0.0,160.67,161.38,160.62,610.0,9826790.0,159.075
601888.SH,2022-11-01,0.0,161.98,162.01,160.63,548.0,8839620.0,159.103
601888.SH,2022-11-01,0.0,161.4,162.0,161.2,428.0,6917810.0,159.127
601888.SH,2022-11-01,0.0,162.3,162.3,161.5,550.0,8908580.0,159.161
601888.SH,2022-11-01,0.0,161.77,162.31,161.77,404.0,6549830.0,159.187
601888.SH,2022-11-01,0.0,161.89,162.0,161.4,316.0,5106080.0,159.203
601888.SH,2022-11-01,0.0,162.5,162.5,161.8,964.0,15621600.0,159.261
601888.SH,2022-11-01,0.0,162.47,162.6,162.16,782.0,12701300.0,159.312
601888.SH,2022-11-01,0.0,162.35,162.55,162.1,428.0,6951490.0,159.339
601888.SH,2022-11-01,0.0,162.5,162.5,162.35,481.0,7813760.0,159.37
601888.SH,2022-11-01,0.0,162.02,162.49,162.01,482.0,7820000.0,159.397
601888.SH,2022-11-01,0.0,161.98,162.01,161.59,479.0,7752200.0,159.421
601888.SH,2022-11-01,0.0,162.16,162.24,162.0,367.0,5948340.0,159.44
601888.SH,2022-11-01,0.0,162.1,162.2,162.1,394.0,6389410.0,159.461
601888.SH,2022-11-01,0.0,162.37,162.44,162.1,670.0,10872300.0,159.498
601888.SH,2022-11-01,0.0,163.43,163.5,162.48,1289.0,21005100.0,159.581
601888.SH,2022-11-01,0.0,163.0,164.0,162.99,1247.0,20370700.0,159.668
601888.SH,2022-11-01,0.0,163.0,163.1,162.89,451.0,7350710.0,159.695
601888.SH,2022-11-01,0.0,162.8,162.99,162.42,672.0,10938000.0,159.733
601888.SH,2022-11-01,0.0,163.79,163.79,162.84,729.0,11913200.0,159.781
601888.SH,2022-11-01,0.0,163.71,163.71,163.23,868.0,14196700.0,159.839
601888.SH,2022-11-01,0.0,163.75,163.9,163.52,1021.0,16729000.0,159.91
601888.SH,2022-11-01,0.0,163.5,163.75,163.39,529.0,8651790.0,159.943
601888.SH,2022-11-01,0.0,163.78,163.78,163.42,539.0,8812910.0,159.975
601888.SH,2022-11-01,0.0,164.07,164.07,163.79,720.0,11802400.0,160.023
601888.SH,2022-11-01,0.0,163.8,164.1,163.8,634.0,10398400.0,160.065
601888.SH,2022-11-01,0.0,164.02,164.04,163.86,454.0,7444990.0,160.094
601888.SH,2022-11-01,0.0,164.3,164.3,163.81,710.0,11649800.0,160.14
601888.SH,2022-11-01,0.0,164.12,164.4,164.07,333.0,5472120.0,160.163
601888.SH,2022-11-01,0.0,164.2,164.28,163.88,400.0,6566300.0,160.188
601888.SH,2022-11-01,0.0,164.2,164.21,163.95,305.0,5005900.0,160.208
601888.SH,2022-11-01,0.0,164.39,164.41,164.17,644.0,10582700.0,160.25
601888.SH,2022-11-01,0.0,165.0,165.0,164.45,1265.0,20839100.0,160.338
601888.SH,2022-11-01,0.0,164.78,165.03,164.78,1339.0,22087100.0,160.432
601888.SH,2022-11-01,0.0,165.01,165.01,164.76,1454.0,23977500.0,160.529
601888.SH,2022-11-01,0.0,165.2,165.2,164.83,1111.0,18339300.0,160.602
601888.SH,2022-11-01,0.0,165.59,165.6,165.36,534.0,8837450.0,160.64
601888.SH,2022-11-01,0.0,165.09,165.62,165.06,755.0,12488800.0,160.691
601888.SH,2022-11-01,0.0,165.16,165.16,165.04,675.0,11142500.0,160.734
601888.SH,2022-11-01,0.0,165.42,165.42,165.16,678.0,11212800.0,160.778
601888.SH,2022-11-01,0.0,166.15,166.18,165.53,1350.0,22380900.0,160.872
601888.SH,2022-11-01,0.0,166.29,166.5,166.26,980.0,16304300.0,160.946
601888.SH,2022-11-01,0.0,166.34,166.38,166.29,585.0,9730160.0,160.988
601888.SH,2022-11-01,0.0,167.04,167.06,166.33,1808.0,30128600.0,161.123
601888.SH,2022-11-01,0.0,167.68,168.01,167.11,1841.0,30877700.0,161.28
601888.SH,2022-11-01,0.0,167.08,167.63,167.08,1429.0,23918300.0,161.391
601888.SH,2022-11-01,0.0,166.71,167.08,166.7,720.0,12022600.0,161.441
601888.SH,2022-11-01,0.0,167.35,167.35,166.65,946.0,15797400.0,161.506
601888.SH,2022-11-01,0.0,167.88,168.0,167.5,1242.0,20853200.0,161.603
601888.SH,2022-11-01,0.0,167.12,167.9,167.12,528.0,8849540.0,161.642
601888.SH,2022-11-01,0.0,166.54,167.12,166.54,324.0,5405440.0,161.662
601888.SH,2022-11-01,0.0,166.39,166.52,166.35,412.0,6860880.0,161.686
601888.SH,2022-11-01,0.0,166.0,166.33,166.0,620.0,10301900.0,161.718
601888.SH,2022-11-01,0.0,166.36,166.43,166.0,624.0,10366900.0,161.751
601888.SH,2022-11-01,0.0,166.57,166.64,166.44,476.0,7927070.0,161.778
601888.SH,2022-11-01,0.0,166.59,166.63,166.57,645.0,10745700.0,161.814
601888.SH,2022-11-01,0.0,166.38,166.57,166.36,328.0,5457740.0,161.832
601888.SH,2022-11-01,0.0,166.6,166.68,166.33,1250.0,20803800.0,161.898
601888.SH,2022-11-01,0.0,166.68,166.98,166.59,546.0,9103120.0,161.928
601888.SH,2022-11-01,0.0,166.55,166.67,166.45,533.0,8877030.0,161.956
601888.SH,2022-11-01,0.0,167.1,167.16,166.55,992.0,16550900.0,162.01
601888.SH,2022-11-01,0.0,166.87,167.11,166.87,860.0,14360200.0,162.058
601888.SH,2022-11-01,0.0,166.81,166.88,166.78,905.0,15097700.0,162.105
601888.SH,2022-11-01,0.0,167.34,167.34,166.67,1721.0,28716300.0,162.193
601888.SH,2022-11-01,0.0,167.55,167.7,167.34,582.0,9750650.0,162.227
601888.SH,2022-11-01,0.0,167.28,167.56,167.28,423.0,7079980.0,162.25
601888.SH,2022-11-01,0.0,167.0,167.3,167.0,428.0,7153270.0,162.272
601888.SH,2022-11-01,0.0,166.88,167.01,166.88,806.0,13457500.0,162.312
601888.SH,2022-11-01,0.0,166.86,166.88,166.85,164.0,2736660.0,162.32
601888.SH,2022-11-01,0.0,166.61,166.86,166.6,210.0,3500610.0,162.33
601888.SH,2022-11-01,0.0,166.52,166.61,166.5,758.0,12620900.0,162.363
601888.SH,2022-11-01,0.0,166.5,166.58,166.5,350.0,5828010.0,162.378
601888.SH,2022-11-01,0.0,166.11,166.5,166.1,704.0,11717600.0,162.407
601888.SH,2022-11-01,0.0,165.8,166.1,165.78,1046.0,17360400.0,162.445
601888.SH,2022-11-01,0.0,165.6,165.8,165.55,231.0,3828060.0,162.453
601888.SH,2022-11-01,0.0,165.23,165.55,165.21,314.0,5195630.0,162.462
601888.SH,2022-11-01,0.0,165.18,165.3,165.06,426.0,7035220.0,162.474
601888.SH,2022-11-01,0.0,165.1,165.22,165.1,327.0,5400390.0,162.483
601888.SH,2022-11-01,0.0,165.32,165.32,165.04,231.0,3815620.0,162.489
601888.SH,2022-11-01,0.0,165.31,165.34,165.2,195.0,3223330.0,162.494
601888.SH,2022-11-01,0.0,165.08,165.3,165.06,176.0,2906320.0,162.499
601888.SH,2022-11-01,0.0,164.79,165.08,164.79,1314.0,21676900.0,162.532
601888.SH,2022-11-01,0.0,164.42,164.7,164.3,507.0,8334970.0,162.541
601888.SH,2022-11-01,0.0,164.3,164.49,164.3,269.0,4417560.0,162.546
601888.SH,2022-11-01,0.0,164.72,164.78,164.29,337.0,5550560.0,162.552
601888.SH,2022-11-01,0.0,165.72,165.72,164.9,900.0,14864200.0,162.576
601888.SH,2022-11-01,0.0,166.14,166.14,165.53,495.0,8209670.0,162.591
601888.SH,2022-11-01,0.0,166.3,166.3,166.15,369.0,6134030.0,162.604
601888.SH,2022-11-01,0.0,166.5,166.69,166.4,411.0,6844500.0,162.62
601888.SH,2022-11-01,0.0,166.62,166.89,166.51,592.0,9868550.0,162.643
601888.SH,2022-11-01,0.0,166.1,166.65,166.1,243.0,4045890.0,162.651
601888.SH,2022-11-01,0.0,166.56,166.56,166.07,417.0,6940740.0,162.666
601888.SH,2022-11-01,0.0,166.92,166.93,166.5,594.0,9902460.0,162.688
601888.SH,2022-11-01,0.0,167.22,167.22,166.86,732.0,12225200.0,162.718
601888.SH,2022-11-01,0.0,167.4,167.41,167.18,410.0,6858560.0,162.735
601888.SH,2022-11-01,0.0,167.66,167.66,167.4,678.0,11361000.0,162.765
601888.SH,2022-11-01,0.0,168.0,168.0,167.32,2347.0,39396800.0,162.874
601888.SH,2022-11-01,0.0,168.66,168.68,168.05,1661.0,27968600.0,162.955
601888.SH,2022-11-01,0.0,169.08,169.1,168.65,1657.0,27977200.0,163.041
601888.SH,2022-11-01,0.0,168.9,169.19,168.9,1979.0,33449400.0,163.143
601888.SH,2022-11-01,0.0,168.3,168.84,168.01,625.0,10521900.0,163.171
601888.SH,2022-11-01,0.0,168.22,168.53,168.22,574.0,9664680.0,163.196
601888.SH,2022-11-01,0.0,168.43,168.43,168.0,553.0,9301190.0,163.22
601888.SH,2022-11-01,0.0,168.86,169.0,168.47,810.0,13673200.0,163.258
601888.SH,2022-11-01,0.0,168.88,169.0,168.83,467.0,7888440.0,163.28
601888.SH,2022-11-01,0.0,169.09,169.09,168.84,714.0,12064600.0,163.314
601888.SH,2022-11-01,0.0,169.28,169.4,169.13,1002.0,16960600.0,163.364
601888.SH,2022-11-01,0.0,169.28,169.36,169.14,798.0,13510100.0,163.403
601888.SH,2022-11-01,0.0,169.19,169.3,169.19,407.0,6888680.0,163.422
601888.SH,2022-11-01,0.0,169.5,169.5,169.15,1121.0,18992900.0,163.476
601888.SH,2022-11-01,0.0,169.14,169.62,169.11,589.0,9979480.0,163.505
601888.SH,2022-11-01,0.0,168.83,169.08,168.83,307.0,5186560.0,163.519
601888.SH,2022-11-01,0.0,168.19,168.83,168.19,388.0,6543830.0,163.535
601888.SH,2022-11-01,0.0,168.15,168.25,168.12,406.0,6828040.0,163.55
601888.SH,2022-11-01,0.0,168.3,168.31,168.13,387.0,6510240.0,163.564
601888.SH,2022-11-01,0.0,167.98,168.32,167.98,443.0,7448300.0,163.581
601888.SH,2022-11-01,0.0,168.04,168.04,167.84,560.0,9411990.0,163.6
601888.SH,2022-11-01,0.0,168.01,168.05,168.0,221.0,3709640.0,163.608
601888.SH,2022-11-01,0.0,168.03,168.05,168.0,227.0,3814170.0,163.616
601888.SH,2022-11-01,0.0,168.0,168.02,167.85,353.0,5926360.0,163.628
601888.SH,2022-11-01,0.0,167.85,168.01,167.81,286.0,4805660.0,163.637
601888.SH,2022-11-01,0.0,168.45,168.46,167.85,790.0,13281900.0,163.665
601888.SH,2022-11-01,0.0,168.38,168.5,168.38,324.0,5457900.0,163.677
601888.SH,2022-11-01,0.0,168.9,168.91,168.4,723.0,12192300.0,163.705
601888.SH,2022-11-01,0.0,169.1,169.18,168.91,661.0,11170500.0,163.732
601888.SH,2022-11-01,0.0,169.22,169.3,169.08,373.0,6311470.0,163.748
601888.SH,2022-11-01,0.0,169.35,169.38,169.18,600.0,10161800.0,163.773
601888.SH,2022-11-01,0.0,168.63,169.33,168.63,279.0,4716620.0,163.785
601888.SH,2022-11-01,0.0,168.79,168.86,168.63,210.0,3543490.0,163.793
601888.SH,2022-11-01,0.0,169.0,169.06,168.65,353.0,5963850.0,163.806
601888.SH,2022-11-01,0.0,169.16,169.16,169.02,572.0,9670680.0,163.829
601888.SH,2022-11-01,0.0,169.8,169.81,169.2,1028.0,17426000.0,163.873
601888.SH,2022-11-01,0.0,170.17,170.18,169.85,2513.0,42716900.0,163.986
601888.SH,2022-11-01,0.0,170.49,170.7,170.18,1018.0,17349400.0,164.034
601888.SH,2022-11-01,0.0,170.01,170.5,169.96,639.0,10878900.0,164.063
601888.SH,2022-11-01,0.0,170.39,170.42,170.0,526.0,8950860.0,164.087
601888.SH,2022-11-01,0.0,170.46,170.48,170.25,793.0,13519000.0,164.123
601888.SH,2022-11-01,0.0,170.55,170.56,170.43,589.0,10041400.0,164.15
601888.SH,2022-11-01,0.0,170.46,170.59,170.46,397.0,6771350.0,164.168
601888.SH,2022-11-01,0.0,170.57,170.6,170.4,454.0,7740200.0,164.189
601888.SH,2022-11-01,0.0,170.68,170.68,170.5,338.0,5766130.0,164.204
601888.SH,2022-11-01,0.0,170.46,170.68,170.45,363.0,6192610.0,164.22
601888.SH,2022-11-01,0.0,170.61,170.77,170.41,599.0,10217200.0,164.247
601888.SH,2022-11-01,0.0,171.05,171.1,170.61,1352.0,23113800.0,164.311
601888.SH,2022-11-01,0.0,170.84,171.2,170.61,516.0,8822950.0,164.335
601888.SH,2022-11-01,0.0,170.92,171.0,170.82,462.0,7896080.0,164.356
601888.SH,2022-11-01,0.0,170.85,170.96,170.85,303.0,5178480.0,164.37
601888.SH,2022-11-01,0.0,170.8,170.93,170.8,341.0,5827440.0,164.385
601888.SH,2022-11-01,0.0,170.47,170.78,170.43,337.0,5749740.0,164.4
601888.SH,2022-11-01,0.0,170.73,170.73,170.3,553.0,9427810.0,164.423
601888.SH,2022-11-01,0.0,170.5,170.8,170.5,271.0,4623550.0,164.434
601888.SH,2022-11-01,0.0,170.93,170.93,170.5,438.0,7477830.0,164.453
601888.SH,2022-11-01,0.0,170.95,170.99,170.89,409.0,6991840.0,164.472
601888.SH,2022-11-01,0.0,171.25,171.26,170.95,809.0,13840300.0,164.508
601888.SH,2022-11-01,0.0,171.61,171.77,171.26,860.0,14756800.0,164.549
601888.SH,2022-11-01,0.0,171.71,171.71,171.54,1135.0,19488000.0,164.602
601888.SH,2022-11-01,0.0,171.73,171.74,171.62,638.0,10955100.0,164.633
601888.SH,2022-11-01,0.0,172.02,172.08,171.71,1365.0,23468200.0,164.699
601888.SH,2022-11-01,0.0,172.16,172.28,172.0,936.0,16108500.0,164.745
601888.SH,2022-11-01,0.0,172.15,172.15,172.0,661.0,11376100.0,164.777
601888.SH,2022-11-01,0.0,172.43,172.49,172.2,1106.0,19061200.0,164.831
601888.SH,2022-11-01,0.0,171.54,172.35,171.54,692.0,11908100.0,164.863
601888.SH,2022-11-01,0.0,171.16,171.53,171.1,558.0,9557030.0,164.886
601888.SH,2022-11-01,0.0,170.92,171.16,170.65,636.0,10876800.0,164.911
601888.SH,2022-11-01,0.0,170.72,171.0,170.62,683.0,11664600.0,164.937
601888.SH,2022-11-01,0.0,171.45,171.45,170.72,700.0,11977200.0,164.965
601888.SH,2022-11-01,0.0,171.03,171.55,171.03,453.0,7760870.0,164.983
601888.SH,2022-11-01,0.0,171.44,171.44,171.07,595.0,10195900.0,165.007
601888.SH,2022-11-01,0.0,171.6,171.6,171.45,611.0,10480200.0,165.032
601888.SH,2022-11-01,0.0,171.91,172.0,171.66,777.0,13357100.0,165.065
601888.SH,2022-11-01,0.0,172.03,172.04,171.91,486.0,8358440.0,165.086
601888.SH,2022-11-01,0.0,172.22,172.22,172.03,664.0,11427600.0,165.115
601888.SH,2022-11-01,0.0,172.2,172.25,172.08,508.0,8747420.0,165.137
601888.SH,2022-11-01,0.0,172.37,172.39,172.27,808.0,13923800.0,165.173
601888.SH,2022-11-01,0.0,172.53,172.53,172.36,993.0,17125500.0,165.218
601888.SH,2022-11-01,0.0,172.58,173.0,172.51,2504.0,43271700.0,165.333
601888.SH,2022-11-01,0.0,172.71,172.77,172.41,1054.0,18188600.0,165.378
601888.SH,2022-11-01,0.0,173.12,173.12,172.5,1266.0,21880500.0,165.435
601888.SH,2022-11-01,0.0,173.46,174.0,173.15,2144.0,37233300.0,165.539
601888.SH,2022-11-01,0.0,173.76,173.76,173.25,1509.0,26174300.0,165.608
601888.SH,2022-11-01,0.0,173.8,174.1,173.8,1584.0,27560500.0,165.685
601888.SH,2022-11-01,0.0,173.79,174.0,173.47,1713.0,29783400.0,165.765
601888.SH,2022-11-01,0.0,174.21,174.38,173.47,2173.0,37833900.0,165.868
601888.SH,2022-11-01,0.0,174.08,174.27,174.05,1312.0,22853100.0,165.929
601888.SH,2022-11-01,0.0,174.48,174.48,174.04,969.0,16885400.0,165.974
601888.SH,2022-11-01,0.0,174.19,174.48,174.0,1967.0,34273400.0,166.063
601888.SH,2022-11-01,0.0,174.39,174.39,174.08,802.0,13970400.0,166.099
601888.SH,2022-11-01,0.0,174.54,174.54,174.38,1196.0,20863300.0,166.154
601888.SH,2022-11-01,0.0,175.13,175.18,174.54,2787.0,48764100.0,166.285
601888.SH,2022-11-01,0.0,174.97,175.2,174.74,2199.0,38493400.0,166.388
601888.SH,2022-11-01,0.0,174.3,174.99,174.3,1181.0,20635000.0,166.44
601888.SH,2022-11-01,0.0,174.3,174.89,174.3,930.0,16247300.0,166.48
601888.SH,2022-11-01,0.0,175.08,175.08,174.19,1714.0,29961000.0,166.554
601888.SH,2022-11-01,0.0,175.03,175.11,174.92,1052.0,18410500.0,166.601
601888.SH,2022-11-01,0.0,175.18,175.28,175.06,1458.0,25537300.0,166.665
601888.SH,2022-11-01,0.0,176.4,176.4,175.15,5816.0,102424000.0,166.939
601888.SH,2022-11-01,0.0,176.4,176.4,176.4,1376.0,24277900.0,167.003
601888.SH,2022-11-01,0.0,176.4,176.4,176.4,1484.0,26177800.0,167.072
601888.SH,2022-11-01,0.0,176.4,176.4,176.4,1039.0,18328000.0,167.12
601888.SH,2022-11-01,0.0,176.4,176.4,176.4,549.0,9676770.0,167.144
601888.SH,2022-11-01,0.0,176.4,176.4,176.4,497.0,8767080.0,167.167
601888.SH,2022-11-01,0.0,176.4,176.4,176.4,469.0,8273160.0,167.188
601888.SH,2022-11-01,0.0,176.4,176.4,176.4,4.0,70560.0,167.188
601888.SH,2022-11-01,0.0,176.4,176.4,176.4,0.0,0.0,167.188
601888.SH,2022-11-01,0.0,176.4,176.4,176.4,1878.0,33135500.0,167.271
601888.SH,2022-11-02,0.0,175.5,175.5,175.5,3271.0,57406600.0,175.5
601888.SH,2022-11-02,0.0,176.06,176.54,174.03,7947.0,139503008.0,175.523
601888.SH,2022-11-02,0.0,176.78,176.83,175.6,2708.0,47696000.0,175.64
601888.SH,2022-11-02,0.0,178.59,178.88,176.85,4811.0,85608600.0,176.232
601888.SH,2022-11-02,0.0,178.0,179.2,177.81,4974.0,88829400.0,176.726
601888.SH,2022-11-02,0.0,178.01,179.12,177.99,3315.0,59096900.0,176.916
601888.SH,2022-11-02,0.0,178.17,179.12,178.04,3423.0,61139400.0,177.107
601888.SH,2022-11-02,0.0,177.9,178.84,177.8,4127.0,73630600.0,177.262
601888.SH,2022-11-02,0.0,176.54,177.8,176.54,2485.0,44027300.0,177.256
601888.SH,2022-11-02,0.0,176.19,176.65,176.0,2921.0,51502700.0,177.188
601888.SH,2022-11-02,0.0,177.1,177.1,176.24,2373.0,41907300.0,177.155
601888.SH,2022-11-02,0.0,175.92,177.1,175.5,1924.0,33897500.0,177.113
601888.SH,2022-11-02,0.0,176.4,176.58,175.81,2888.0,50903900.0,177.06
601888.SH,2022-11-02,0.0,176.42,176.84,175.9,1867.0,32898400.0,177.028
601888.SH,2022-11-02,0.0,176.96,176.96,176.4,2300.0,40605700.0,177.008
601888.SH,2022-11-02,0.0,176.24,176.85,176.0,2330.0,41097400.0,176.979
601888.SH,2022-11-02,0.0,175.94,176.46,175.92,1675.0,29518000.0,176.956
601888.SH,2022-11-02,0.0,175.3,176.0,175.3,1554.0,27305800.0,176.922
601888.SH,2022-11-02,0.0,175.21,175.5,175.03,971.0,17014500.0,176.894
601888.SH,2022-11-02,0.0,176.18,176.18,175.39,1601.0,28154100.0,176.866
601888.SH,2022-11-02,0.0,175.69,176.18,175.69,621.0,10918800.0,176.855
601888.SH,2022-11-02,0.0,175.37,175.69,175.2,901.0,15801400.0,176.833
601888.SH,2022-11-02,0.0,174.56,175.19,174.56,1146.0,20053500.0,176.799
601888.SH,2022-11-02,0.0,174.99,175.08,174.52,731.0,12784400.0,176.777
601888.SH,2022-11-02,0.0,175.9,175.9,174.97,1139.0,19980300.0,176.753
601888.SH,2022-11-02,0.0,176.06,176.06,175.5,919.0,16156700.0,176.739
601888.SH,2022-11-02,0.0,176.46,176.46,176.05,2163.0,38125000.0,176.724
601888.SH,2022-11-02,0.0,176.15,176.6,175.96,2915.0,51416600.0,176.709
601888.SH,2022-11-02,0.0,176.37,176.49,175.83,1271.0,22378400.0,176.698
601888.SH,2022-11-02,0.0,176.41,176.57,176.0,606.0,10683600.0,176.695
601888.SH,2022-11-02,0.0,175.92,176.43,175.6,831.0,14629000.0,176.687
601888.SH,2022-11-02,0.0,176.79,176.79,176.03,2198.0,38768200.0,176.678
601888.SH,2022-11-02,0.0,176.7,176.88,176.35,1237.0,21852200.0,176.678
601888.SH,2022-11-02,0.0,176.9,176.9,176.65,916.0,16188500.0,176.678
601888.SH,2022-11-02,0.0,177.98,177.98,176.85,2457.0,43547900.0,176.695
601888.SH,2022-11-02,0.0,177.95,177.99,177.39,2410.0,42881900.0,176.731
601888.SH,2022-11-02,0.0,177.27,177.85,176.97,1627.0,28872400.0,176.745
601888.SH,2022-11-02,0.0,177.86,177.86,177.3,839.0,14905600.0,176.754
601888.SH,2022-11-02,0.0,178.0,178.14,177.85,1996.0,35514400.0,176.782
601888.SH,2022-11-02,0.0,178.0,178.07,177.4,769.0,13686600.0,176.792
601888.SH,2022-11-02,0.0,177.8,178.0,177.8,1103.0,19630200.0,176.807
601888.SH,2022-11-02,0.0,177.46,177.79,177.4,400.0,7102890.0,176.81
601888.SH,2022-11-02,0.0,177.07,177.45,177.0,658.0,11645700.0,176.813
601888.SH,2022-11-02,0.0,177.62,177.8,177.0,1106.0,19629000.0,176.821
601888.SH,2022-11-02,0.0,177.47,177.65,177.42,349.0,6196640.0,176.824
601888.SH,2022-11-02,0.0,177.43,177.6,177.35,509.0,9032720.0,176.827
601888.SH,2022-11-02,0.0,177.04,177.41,177.04,408.0,7233980.0,176.829
601888.SH,2022-11-02,0.0,177.54,177.54,177.02,1174.0,20811000.0,176.835
601888.SH,2022-11-02,0.0,177.3,177.55,177.24,1763.0,31262800.0,176.844
601888.SH,2022-11-02,0.0,177.28,177.3,177.25,440.0,7800700.0,176.846
601888.SH,2022-11-02,0.0,177.04,177.28,177.04,328.0,5811530.0,176.847
601888.SH,2022-11-02,0.0,176.91,177.08,176.87,536.0,9486740.0,176.848
601888.SH,2022-11-02,0.0,176.5,176.91,176.5,699.0,12356500.0,176.847
601888.SH,2022-11-02,0.0,176.94,176.94,176.41,773.0,13653000.0,176.846
601888.SH,2022-11-02,0.0,177.07,177.29,176.96,550.0,9742600.0,176.847
601888.SH,2022-11-02,0.0,177.05,177.1,177.05,291.0,5153130.0,176.848
601888.SH,2022-11-02,0.0,177.09,177.1,176.85,622.0,11010600.0,176.849
601888.SH,2022-11-02,0.0,177.44,177.46,177.09,591.0,10470700.0,176.851
601888.SH,2022-11-02,0.0,177.9,177.9,177.45,438.0,7781990.0,176.855
601888.SH,2022-11-02,0.0,178.07,178.07,177.89,857.0,15246500.0,176.864
601888.SH,2022-11-02,0.0,177.98,178.09,177.97,1603.0,28535600.0,176.882
601888.SH,2022-11-02,0.0,178.44,178.44,177.79,1307.0,23277800.0,176.897
601888.SH,2022-11-02,0.0,179.0,179.0,178.46,3747.0,66969100.0,176.961
601888.SH,2022-11-02,0.0,178.53,178.98,178.24,920.0,16441000.0,176.976
601888.SH,2022-11-02,0.0,179.02,179.02,178.55,1281.0,22905900.0,176.999
601888.SH,2022-11-02,0.0,179.7,179.7,179.11,1970.0,35323600.0,177.039
601888.SH,2022-11-02,0.0,179.75,179.79,179.21,1257.0,22560600.0,177.067
601888.SH,2022-11-02,0.0,179.82,179.89,179.48,907.0,16303300.0,177.088
601888.SH,2022-11-02,0.0,179.98,179.98,179.82,2289.0,41181200.0,177.144
601888.SH,2022-11-02,0.0,180.27,180.36,179.85,4830.0,86927296.0,177.257
601888.SH,2022-11-02,0.0,181.0,181.22,180.4,3210.0,58029200.0,177.348
601888.SH,2022-11-02,0.0,181.78,181.78,180.94,4854.0,87988600.0,177.496
601888.SH,2022-11-02,0.0,181.44,181.8,181.18,1998.0,36265900.0,177.557
601888.SH,2022-11-02,0.0,181.01,181.69,181.01,2240.0,40636400.0,177.622
601888.SH,2022-11-02,0.0,180.75,181.14,180.27,971.0,17552900.0,177.645
601888.SH,2022-11-02,0.0,180.39,181.0,180.31,1290.0,23292700.0,177.673
601888.SH,2022-11-02,0.0,180.84,180.84,180.39,669.0,12077800.0,177.687
601888.SH,2022-11-02,0.0,181.23,181.23,180.84,955.0,17280200.0,177.71
601888.SH,2022-11-02,0.0,180.95,181.23,180.73,1227.0,22197200.0,177.738
601888.SH,2022-11-02,0.0,180.82,181.1,180.71,869.0,15715200.0,177.758
601888.SH,2022-11-02,0.0,180.9,181.0,180.82,330.0,5970510.0,177.765
601888.SH,2022-11-02,0.0,180.02,180.97,180.02,771.0,13925600.0,177.781
601888.SH,2022-11-02,0.0,179.87,180.13,179.87,976.0,17568300.0,177.796
601888.SH,2022-11-02,0.0,179.92,180.24,179.88,929.0,16718600.0,177.81
601888.SH,2022-11-02,0.0,180.3,180.3,179.91,461.0,8299060.0,177.818
601888.SH,2022-11-02,0.0,180.12,180.38,180.0,540.0,9731490.0,177.827
601888.SH,2022-11-02,0.0,180.08,180.08,179.93,362.0,6517100.0,177.832
601888.SH,2022-11-02,0.0,180.0,180.18,179.98,467.0,8411170.0,177.84
601888.SH,2022-11-02,0.0,180.8,180.8,180.18,622.0,11220700.0,177.85
601888.SH,2022-11-02,0.0,180.9,180.9,180.69,581.0,10503600.0,177.862
601888.SH,2022-11-02,0.0,180.99,181.0,180.85,634.0,11479900.0,177.876
601888.SH,2022-11-02,0.0,181.08,181.26,180.86,1489.0,26952600.0,177.908
601888.SH,2022-11-02,0.0,180.99,181.2,180.72,1153.0,20863600.0,177.932
601888.SH,2022-11-02,0.0,180.94,181.0,180.77,422.0,7634950.0,177.94
601888.SH,2022-11-02,0.0,180.57,180.77,180.42,555.0,10018600.0,177.95
601888.SH,2022-11-02,0.0,180.0,180.53,180.0,579.0,10437900.0,177.959
601888.SH,2022-11-02,0.0,180.06,180.08,180.0,330.0,5941240.0,177.963
601888.SH,2022-11-02,0.0,180.0,180.01,179.88,369.0,6639970.0,177.968
601888.SH,2022-11-02,0.0,180.03,180.05,179.9,341.0,6138020.0,177.973
601888.SH,2022-11-02,0.0,180.07,180.13,180.04,288.0,5186390.0,177.977
601888.SH,2022-11-02,0.0,179.89,180.04,179.8,450.0,8096410.0,177.982
601888.SH,2022-11-02,0.0,180.07,180.11,179.93,444.0,7992380.0,177.988
601888.SH,2022-11-02,0.0,179.76,180.04,179.76,298.0,5362580.0,177.992
601888.SH,2022-11-02,0.0,179.69,179.76,179.5,479.0,8606960.0,177.997
601888.SH,2022-11-02,0.0,179.6,179.68,179.51,262.0,4706400.0,178.0
601888.SH,2022-11-02,0.0,179.35,179.61,179.35,472.0,8469360.0,178.005
601888.SH,2022-11-02,0.0,179.76,179.77,179.48,346.0,6221550.0,178.008
601888.SH,2022-11-02,0.0,179.99,179.99,179.76,276.0,4964860.0,178.012
601888.SH,2022-11-02,0.0,180.01,180.06,179.96,539.0,9701900.0,178.018
601888.SH,2022-11-02,0.0,180.12,180.14,180.01,250.0,4501220.0,178.022
601888.SH,2022-11-02,0.0,180.42,180.42,180.11,234.0,4217980.0,178.025
601888.SH,2022-11-02,0.0,180.81,180.81,180.42,409.0,7387440.0,178.032
601888.SH,2022-11-02,0.0,180.95,180.96,180.66,290.0,5245190.0,178.037
601888.SH,2022-11-02,0.0,180.97,181.0,180.9,686.0,12415400.0,178.05
601888.SH,2022-11-02,0.0,181.35,181.35,181.02,882.0,15982700.0,178.068
601888.SH,2022-11-02,0.0,181.59,181.6,181.4,836.0,15177000.0,178.086
601888.SH,2022-11-02,0.0,181.02,181.6,180.94,613.0,11113400.0,178.098
601888.SH,2022-11-02,0.0,181.25,181.33,180.93,541.0,9802660.0,178.109
601888.SH,2022-11-02,0.0,181.5,181.58,181.1,583.0,10573100.0,178.121
601888.SH,2022-11-02,0.0,181.66,181.66,181.4,1021.0,18539000.0,178.143
601888.SH,2022-11-02,0.0,181.72,181.88,181.55,941.0,17104700.0,178.164
601888.SH,2022-11-02,0.0,183.7,183.72,181.88,5589.0,102026000.0,178.309
601888.SH,2022-11-02,0.0,185.63,185.7,183.79,4382.0,80990400.0,178.475
601888.SH,2022-11-02,0.0,185.82,186.49,185.33,4615.0,85776304.0,178.668
601888.SH,2022-11-02,0.0,188.0,188.0,186.0,3222.0,60285100.0,178.819
601888.SH,2022-11-02,0.0,188.75,188.75,187.97,6365.0,119680000.0,179.133
601888.SH,2022-11-02,0.0,188.01,188.98,186.94,4792.0,90135800.0,179.358
601888.SH,2022-11-02,0.0,189.0,189.21,187.62,4299.0,80925000.0,179.553
601888.SH,2022-11-02,0.0,190.05,190.05,189.28,5829.0,110592000.0,179.848
601888.SH,2022-11-02,0.0,190.0,190.6,189.5,4176.0,79329696.0,180.054
601888.SH,2022-11-02,0.0,189.55,189.9,189.0,2711.0,51341600.0,180.175
601888.SH,2022-11-02,0.0,188.87,189.31,188.44,2215.0,41806800.0,180.265
601888.SH,2022-11-02,0.0,189.84,189.87,188.93,2488.0,47131300.0,180.373
601888.SH,2022-11-02,0.0,189.86,189.86,189.46,2094.0,39738900.0,180.464
601888.SH,2022-11-02,0.0,189.04,189.84,188.77,1916.0,36250100.0,180.541
601888.SH,2022-11-02,0.0,188.9,189.2,188.19,1968.0,37154100.0,180.615
601888.SH,2022-11-02,0.0,188.6,189.05,188.59,1019.0,19249000.0,180.653
601888.SH,2022-11-02,0.0,188.74,189.02,188.59,977.0,18444300.0,180.689
601888.SH,2022-11-02,0.0,188.9,188.9,188.2,1522.0,28710700.0,180.744
601888.SH,2022-11-02,0.0,187.98,188.7,187.98,972.0,18293900.0,180.776
601888.SH,2022-11-02,0.0,188.63,188.7,187.9,2084.0,39227300.0,180.845
601888.SH,2022-11-02,0.0,188.2,188.7,188.2,911.0,17176200.0,180.876
601888.SH,2022-11-02,0.0,188.19,188.5,188.11,563.0,10599500.0,180.895
601888.SH,2022-11-02,0.0,188.2,188.49,188.15,1135.0,21377500.0,180.932
601888.SH,2022-11-02,0.0,187.77,188.48,187.77,1009.0,18974900.0,180.963
601888.SH,2022-11-02,0.0,187.7,187.9,187.7,817.0,15341300.0,180.987
601888.SH,2022-11-02,0.0,186.45,187.7,186.3,1062.0,19877600.0,181.016
601888.SH,2022-11-02,0.0,186.32,186.98,186.21,1212.0,22575700.0,181.043
601888.SH,2022-11-02,0.0,186.39,186.41,186.02,1654.0,30816300.0,181.08
601888.SH,2022-11-02,0.0,186.64,186.64,186.25,1301.0,24249700.0,181.11
601888.SH,2022-11-02,0.0,186.37,186.55,186.3,589.0,10984100.0,181.123
601888.SH,2022-11-02,0.0,186.33,186.5,186.3,693.0,12917900.0,181.139
601888.SH,2022-11-02,0.0,187.18,187.18,186.35,587.0,10960600.0,181.153
601888.SH,2022-11-02,0.0,187.0,187.5,186.8,732.0,13702600.0,181.171
601888.SH,2022-11-02,0.0,186.99,187.5,186.6,1087.0,20323400.0,181.198
601888.SH,2022-11-02,0.0,186.58,186.97,186.58,927.0,17310200.0,181.219
601888.SH,2022-11-02,0.0,187.48,187.48,186.58,835.0,15614400.0,181.239
601888.SH,2022-11-02,0.0,187.45,187.61,187.29,1119.0,20984800.0,181.268
601888.SH,2022-11-02,0.0,187.13,187.45,186.93,516.0,9655960.0,181.281
601888.SH,2022-11-02,0.0,186.54,187.13,186.54,481.0,8982590.0,181.291
601888.SH,2022-11-02,0.0,186.28,186.54,186.28,832.0,15513800.0,181.309
601888.SH,2022-11-02,0.0,186.14,186.26,186.14,1259.0,23443800.0,181.334
601888.SH,2022-11-02,0.0,186.0,186.2,185.81,1242.0,23113900.0,181.358
601888.SH,2022-11-02,0.0,186.17,186.17,185.8,984.0,18311200.0,181.377
601888.SH,2022-11-02,0.0,186.6,186.6,186.2,1123.0,20930900.0,181.4
601888.SH,2022-11-02,0.0,186.72,186.88,186.5,1046.0,19525300.0,181.422
601888.SH,2022-11-02,0.0,186.58,186.7,186.37,904.0,16862100.0,181.44
601888.SH,2022-11-02,0.0,186.72,186.72,186.58,505.0,9424890.0,181.451
601888.SH,2022-11-02,0.0,186.96,186.96,186.71,603.0,11267000.0,181.464
601888.SH,2022-11-02,0.0,186.59,187.0,186.59,961.0,17960300.0,181.484
601888.SH,2022-11-02,0.0,186.53,186.59,186.53,659.0,12294500.0,181.498
601888.SH,2022-11-02,0.0,186.02,186.54,186.02,585.0,10896400.0,181.509
601888.SH,2022-11-02,0.0,186.4,186.4,186.02,592.0,11022800.0,181.519
601888.SH,2022-11-02,0.0,186.56,186.56,186.4,727.0,13561000.0,181.534
601888.SH,2022-11-02,0.0,186.45,186.59,186.4,639.0,11909000.0,181.546
601888.SH,2022-11-02,0.0,186.0,186.59,186.0,1069.0,19905200.0,181.566
601888.SH,2022-11-02,0.0,186.0,186.08,185.98,1205.0,22413200.0,181.586
601888.SH,2022-11-02,0.0,186.47,186.47,186.0,310.0,5771520.0,181.592
601888.SH,2022-11-02,0.0,186.4,186.46,186.38,292.0,5443900.0,181.597
601888.SH,2022-11-02,0.0,186.57,186.57,186.0,601.0,11201100.0,181.608
601888.SH,2022-11-02,0.0,186.49,186.57,186.49,390.0,7274590.0,181.616
601888.SH,2022-11-02,0.0,186.47,186.52,186.02,535.0,9973690.0,181.626
601888.SH,2022-11-02,0.0,186.61,186.61,186.48,484.0,9029030.0,181.635
601888.SH,2022-11-02,0.0,186.97,186.97,186.66,401.0,7491290.0,181.643
601888.SH,2022-11-02,0.0,186.88,187.0,186.66,410.0,7664690.0,181.651
601888.SH,2022-11-02,0.0,186.63,186.98,186.52,510.0,9527060.0,181.661
601888.SH,2022-11-02,0.0,186.05,186.7,186.02,364.0,6785210.0,181.668
601888.SH,2022-11-02,0.0,185.94,186.05,185.88,700.0,13017700.0,181.679
601888.SH,2022-11-02,0.0,185.8,185.9,185.8,474.0,8808100.0,181.687
601888.SH,2022-11-02,0.0,185.3,185.8,185.3,443.0,8222950.0,181.693
601888.SH,2022-11-02,0.0,185.08,185.37,185.03,942.0,17446300.0,181.706
601888.SH,2022-11-02,0.0,185.04,185.21,184.97,1872.0,34638800.0,181.729
601888.SH,2022-11-02,0.0,184.89,185.13,184.89,638.0,11802600.0,181.737
601888.SH,2022-11-02,0.0,184.72,184.89,184.5,677.0,12512700.0,181.745
601888.SH,2022-11-02,0.0,183.95,184.55,183.7,3205.0,58993000.0,181.772
601888.SH,2022-11-02,0.0,183.99,184.4,183.83,1084.0,19935600.0,181.781
601888.SH,2022-11-02,0.0,183.99,184.45,183.99,368.0,6780000.0,181.784
601888.SH,2022-11-02,0.0,183.67,183.99,183.59,281.0,5164990.0,181.787
601888.SH,2022-11-02,0.0,183.57,183.64,183.56,341.0,6260440.0,181.789
601888.SH,2022-11-02,0.0,183.55,183.6,183.5,554.0,10170200.0,181.792
601888.SH,2022-11-02,0.0,183.39,183.54,182.94,1342.0,24583500.0,181.799
601888.SH,2022-11-02,0.0,183.0,183.08,183.0,889.0,16271100.0,181.803
601888.SH,2022-11-02,0.0,183.3,183.38,183.02,499.0,9136740.0,181.805
601888.SH,2022-11-02,0.0,183.3,183.47,183.2,355.0,6509700.0,181.808
601888.SH,2022-11-02,0.0,183.05,183.3,183.01,328.0,6007310.0,181.809
601888.SH,2022-11-02,0.0,183.15,183.25,183.05,196.0,3589280.0,181.81
601888.SH,2022-11-02,0.0,183.21,183.21,183.08,317.0,5805130.0,181.812
601888.SH,2022-11-02,0.0,183.18,183.22,183.15,306.0,5605640.0,181.813
601888.SH,2022-11-02,0.0,183.0,183.2,183.0,535.0,9795170.0,181.816
601888.SH,2022-11-02,0.0,182.2,183.0,182.2,508.0,9282040.0,181.817
601888.SH,2022-11-02,0.0,181.87,182.2,181.87,516.0,9393130.0,181.818
601888.SH,2022-11-02,0.0,181.69,182.05,181.69,973.0,17700600.0,181.818
601888.SH,2022-11-02,0.0,181.66,181.74,181.63,566.0,10282700.0,181.818
601888.SH,2022-11-02,0.0,181.03,181.66,181.03,495.0,8979140.0,181.817
601888.SH,2022-11-02,0.0,180.81,181.11,180.77,923.0,16695400.0,181.814
601888.SH,2022-11-02,0.0,180.82,180.88,180.79,582.0,10524000.0,181.812
601888.SH,2022-11-02,0.0,181.5,181.5,180.82,622.0,11261300.0,181.81
601888.SH,2022-11-02,0.0,182.0,182.0,181.5,674.0,12253100.0,181.81
601888.SH,2022-11-02,0.0,182.94,182.94,182.07,459.0,8372640.0,181.811
601888.SH,2022-11-02,0.0,182.89,183.0,182.84,709.0,12970300.0,181.814
601888.SH,2022-11-02,0.0,183.0,183.0,182.88,508.0,9295250.0,181.816
601888.SH,2022-11-02,0.0,182.9,183.05,182.9,327.0,5983140.0,181.817
601888.SH,2022-11-02,0.0,182.9,182.93,182.86,319.0,5834220.0,181.818
601888.SH,2022-11-02,0.0,183.14,183.14,182.9,556.0,10175800.0,181.821
601888.SH,2022-11-02,0.0,183.23,183.23,183.15,297.0,5441250.0,181.822
601888.SH,2022-11-02,0.0,183.48,183.48,183.28,399.0,7315390.0,181.824
601888.SH,2022-11-02,0.0,183.33,183.67,183.33,523.0,9598300.0,181.827
601888.SH,2022-11-02,0.0,182.72,183.23,182.72,239.0,4373710.0,181.828
601888.SH,2022-11-02,0.0,182.68,182.77,182.68,216.0,3946480.0,181.829
601888.SH,2022-11-02,0.0,182.71,182.88,182.67,338.0,6177350.0,181.83
601888.SH,2022-11-02,0.0,182.87,182.88,182.68,349.0,6379370.0,181.831
601888.SH,2022-11-02,0.0,182.85,182.87,182.83,233.0,4260300.0,181.832
601888.SH,2022-11-02,0.0,182.91,182.99,182.85,304.0,5560450.0,181.833
601888.SH,2022-11-02,0.0,182.9,182.99,182.88,336.0,6145460.0,181.834
601888.SH,2022-11-02,0.0,182.86,182.9,182.85,392.0,7169480.0,181.836
601888.SH,2022-11-02,0.0,182.85,182.88,182.82,460.0,8414470.0,181.837
601888.SH,2022-11-02,0.0,182.55,182.85,182.55,368.0,6724700.0,181.839
601888.SH,2022-11-02,0.0,182.22,182.68,182.02,520.0,9480210.0,181.84
601888.SH,2022-11-02,0.0,182.22,182.22,182.22,1.0,18222.0,181.84
601888.SH,2022-11-02,0.0,182.22,182.22,182.22,0.0,0.0,181.84
601888.SH,2022-11-02,0.0,182.3,182.3,182.3,1200.0,21868700.0,181.841
601888.SH,2022-11-03,0.0,178.0,178.0,178.0,1921.0,34193800.0,178.0
601888.SH,2022-11-03,0.0,178.02,178.84,177.15,4976.0,88584304.0,178.028
601888.SH,2022-11-03,0.0,178.66,178.66,177.98,2084.0,37132000.0,178.068
601888.SH,2022-11-03,0.0,179.98,179.98,178.53,2573.0,46038400.0,178.259
601888.SH,2022-11-03,0.0,181.35,182.29,179.98,2957.0,53685200.0,178.931
601888.SH,2022-11-03,0.0,179.63,181.49,179.5,1255.0,22672900.0,179.068
601888.SH,2022-11-03,0.0,179.0,179.75,179.0,1630.0,29222100.0,179.088
601888.SH,2022-11-03,0.0,179.15,179.29,179.03,1271.0,22758700.0,179.087
601888.SH,2022-11-03,0.0,179.84,179.84,179.08,1148.0,20592800.0,179.104
601888.SH,2022-11-03,0.0,179.5,179.63,178.91,1246.0,22333500.0,179.111
601888.SH,2022-11-03,0.0,180.08,180.09,179.48,641.0,11527200.0,179.132
601888.SH,2022-11-03,0.0,179.63,180.16,179.6,894.0,16077500.0,179.16
601888.SH,2022-11-03,0.0,180.63,180.63,179.64,769.0,13867100.0,179.199
601888.SH,2022-11-03,0.0,180.84,181.8,180.63,1291.0,23395100.0,179.304
601888.SH,2022-11-03,0.0,180.11,181.0,180.11,903.0,16314000.0,179.352
601888.SH,2022-11-03,0.0,180.25,180.25,180.0,555.0,9996890.0,179.369
601888.SH,2022-11-03,0.0,180.89,180.99,180.0,740.0,13366400.0,179.402
601888.SH,2022-11-03,0.0,180.66,180.89,180.39,999.0,18037600.0,179.443
601888.SH,2022-11-03,0.0,180.86,180.86,180.52,598.0,10800500.0,179.468
601888.SH,2022-11-03,0.0,181.3,181.3,180.87,566.0,10242100.0,179.497
601888.SH,2022-11-03,0.0,180.98,181.49,180.98,520.0,9426990.0,179.528
601888.SH,2022-11-03,0.0,181.46,181.46,180.69,1169.0,21150900.0,179.582
601888.SH,2022-11-03,0.0,180.66,181.67,180.66,1512.0,27420300.0,179.665
601888.SH,2022-11-03,0.0,179.58,180.6,179.53,931.0,16751200.0,179.672
601888.SH,2022-11-03,0.0,180.07,180.15,179.49,692.0,12433300.0,179.674
601888.SH,2022-11-03,0.0,180.24,180.36,179.85,925.0,16663200.0,179.685
601888.SH,2022-11-03,0.0,179.9,180.36,179.9,545.0,9819220.0,179.692
601888.SH,2022-11-03,0.0,179.6,180.0,179.49,489.0,8787890.0,179.692
601888.SH,2022-11-03,0.0,179.21,179.56,179.0,699.0,12533300.0,179.685
601888.SH,2022-11-03,0.0,179.26,179.36,179.15,722.0,12940000.0,179.676
601888.SH,2022-11-03,0.0,178.87,179.29,178.87,1111.0,19887300.0,179.656
601888.SH,2022-11-03,0.0,179.6,179.73,178.99,874.0,15666300.0,179.647
601888.SH,2022-11-03,0.0,179.6,179.73,179.25,533.0,9561520.0,179.644
601888.SH,2022-11-03,0.0,179.89,179.94,179.6,452.0,8123870.0,179.645
601888.SH,2022-11-03,0.0,180.7,180.7,179.89,794.0,14315400.0,179.658
601888.SH,2022-11-03,0.0,180.23,180.77,180.23,712.0,12853700.0,179.672
601888.SH,2022-11-03,0.0,180.24,180.28,180.14,382.0,6885740.0,179.678
601888.SH,2022-11-03,0.0,180.0,180.24,179.89,573.0,10316000.0,179.683
601888.SH,2022-11-03,0.0,180.0,180.04,179.89,419.0,7541250.0,179.685
601888.SH,2022-11-03,0.0,179.94,180.04,179.9,418.0,7523040.0,179.688
601888.SH,2022-11-03,0.0,179.77,179.94,179.62,683.0,12281500.0,179.69
601888.SH,2022-11-03,0.0,179.7,179.81,179.67,404.0,7259290.0,179.69
601888.SH,2022-11-03,0.0,179.8,179.9,179.7,278.0,4999260.0,179.691
601888.SH,2022-11-03,0.0,180.04,180.04,179.81,335.0,6028830.0,179.693
601888.SH,2022-11-03,0.0,180.14,180.14,180.01,342.0,6157530.0,179.696
601888.SH,2022-11-03,0.0,180.1,180.12,180.01,253.0,4555360.0,179.698
601888.SH,2022-11-03,0.0,180.37,180.37,180.16,203.0,3659310.0,179.7
601888.SH,2022-11-03,0.0,180.41,180.41,180.37,243.0,4383520.0,179.704
601888.SH,2022-11-03,0.0,180.48,180.48,180.41,139.0,2512610.0,179.706
601888.SH,2022-11-03,0.0,180.59,180.59,180.49,264.0,4765780.0,179.711
601888.SH,2022-11-03,0.0,180.6,180.66,180.52,396.0,7150640.0,179.718
601888.SH,2022-11-03,0.0,180.64,180.7,180.56,544.0,9826400.0,179.728
601888.SH,2022-11-03,0.0,180.63,180.66,180.59,266.0,4804780.0,179.733
601888.SH,2022-11-03,0.0,179.75,180.6,179.75,1493.0,26905900.0,179.748
601888.SH,2022-11-03,0.0,180.3,180.3,179.7,514.0,9250150.0,179.75
601888.SH,2022-11-03,0.0,180.63,180.63,180.26,424.0,7648300.0,179.756
601888.SH,2022-11-03,0.0,180.86,180.86,180.61,335.0,6053860.0,179.762
601888.SH,2022-11-03,0.0,181.22,181.22,180.86,615.0,11129300.0,179.776
601888.SH,2022-11-03,0.0,181.88,181.88,181.31,623.0,11313500.0,179.798
601888.SH,2022-11-03,0.0,182.18,182.18,181.7,1470.0,26748600.0,179.856
601888.SH,2022-11-03,0.0,182.44,182.56,182.15,1491.0,27185200.0,179.924
601888.SH,2022-11-03,0.0,182.45,182.8,182.44,1074.0,19610800.0,179.975
601888.SH,2022-11-03,0.0,181.61,182.45,181.6,689.0,12533900.0,179.999
601888.SH,2022-11-03,0.0,181.86,181.98,181.66,445.0,8090250.0,180.013
601888.SH,2022-11-03,0.0,181.45,181.94,181.41,330.0,5995130.0,180.022
601888.SH,2022-11-03,0.0,181.7,181.78,181.68,414.0,7522990.0,180.034
601888.SH,2022-11-03,0.0,181.75,181.75,181.61,359.0,6523470.0,180.045
601888.SH,2022-11-03,0.0,181.8,181.8,181.43,582.0,10570900.0,180.061
601888.SH,2022-11-03,0.0,182.56,182.56,181.78,888.0,16178600.0,180.092
601888.SH,2022-11-03,0.0,182.64,183.0,182.63,1819.0,33254200.0,180.173
601888.SH,2022-11-03,0.0,182.95,182.95,182.6,1587.0,29004100.0,180.238
601888.SH,2022-11-03,0.0,183.0,183.28,182.99,1870.0,34237400.0,180.32
601888.SH,2022-11-03,0.0,182.94,183.25,182.94,972.0,17795900.0,180.361
601888.SH,2022-11-03,0.0,183.25,183.25,182.97,988.0,18082500.0,180.4
601888.SH,2022-11-03,0.0,183.33,183.33,183.23,682.0,12502900.0,180.429
601888.SH,2022-11-03,0.0,182.99,183.35,182.83,1090.0,19944400.0,180.47
601888.SH,2022-11-03,0.0,182.37,183.0,182.37,383.0,6998510.0,180.483
601888.SH,2022-11-03,0.0,182.3,182.4,182.0,556.0,10132600.0,180.497
601888.SH,2022-11-03,0.0,182.54,182.55,182.29,249.0,4541450.0,180.504
601888.SH,2022-11-03,0.0,182.8,182.86,182.55,484.0,8844320.0,180.519
601888.SH,2022-11-03,0.0,183.0,183.0,182.81,704.0,12877600.0,180.543
601888.SH,2022-11-03,0.0,183.34,183.34,183.0,304.0,5569820.0,180.554
601888.SH,2022-11-03,0.0,183.31,183.44,183.25,772.0,14152800.0,180.584
601888.SH,2022-11-03,0.0,183.52,183.52,183.31,406.0,7444050.0,180.6
601888.SH,2022-11-03,0.0,183.55,183.57,183.24,560.0,10274200.0,180.621
601888.SH,2022-11-03,0.0,183.48,183.58,183.41,422.0,7744380.0,180.638
601888.SH,2022-11-03,0.0,183.22,183.5,183.11,352.0,6452670.0,180.651
601888.SH,2022-11-03,0.0,183.22,183.22,183.11,317.0,5806150.0,180.662
601888.SH,2022-11-03,0.0,183.33,183.33,183.27,333.0,6103280.0,180.673
601888.SH,2022-11-03,0.0,182.85,183.32,182.8,533.0,9758910.0,180.69
601888.SH,2022-11-03,0.0,182.5,182.85,182.4,288.0,5260220.0,180.698
601888.SH,2022-11-03,0.0,182.59,182.59,182.44,260.0,4745700.0,180.704
601888.SH,2022-11-03,0.0,182.91,182.91,182.56,257.0,4696760.0,180.711
601888.SH,2022-11-03,0.0,182.87,182.9,182.85,357.0,6528570.0,180.721
601888.SH,2022-11-03,0.0,182.69,182.99,182.59,603.0,11027200.0,180.738
601888.SH,2022-11-03,0.0,182.46,182.59,182.44,379.0,6918170.0,180.747
601888.SH,2022-11-03,0.0,182.47,182.48,182.32,262.0,4779470.0,180.753
601888.SH,2022-11-03,0.0,182.76,182.77,182.47,307.0,5604870.0,180.76
601888.SH,2022-11-03,0.0,182.61,182.95,182.3,400.0,7318220.0,180.77
601888.SH,2022-11-03,0.0,182.6,182.61,182.3,247.0,4508840.0,180.776
601888.SH,2022-11-03,0.0,182.55,182.6,182.47,212.0,3869750.0,180.78
601888.SH,2022-11-03,0.0,182.6,182.61,182.53,245.0,4472940.0,180.786
601888.SH,2022-11-03,0.0,183.01,183.01,182.61,317.0,5798400.0,180.795
601888.SH,2022-11-03,0.0,183.0,183.32,183.0,498.0,9118650.0,180.809
601888.SH,2022-11-03,0.0,183.4,183.45,183.0,300.0,5500320.0,180.819
601888.SH,2022-11-03,0.0,183.6,183.6,183.4,421.0,7722050.0,180.833
601888.SH,2022-11-03,0.0,183.24,183.63,182.98,809.0,14841100.0,180.858
601888.SH,2022-11-03,0.0,183.81,183.81,183.04,624.0,11451800.0,180.879
601888.SH,2022-11-03,0.0,183.9,184.12,183.8,855.0,15733200.0,180.911
601888.SH,2022-11-03,0.0,183.47,184.12,183.46,973.0,17887000.0,180.945
601888.SH,2022-11-03,0.0,183.33,183.78,183.33,748.0,13732000.0,180.968
601888.SH,2022-11-03,0.0,183.08,183.31,183.05,306.0,5606330.0,180.977
601888.SH,2022-11-03,0.0,183.21,183.3,182.85,721.0,13206200.0,180.995
601888.SH,2022-11-03,0.0,183.3,183.3,183.18,445.0,8155300.0,181.007
601888.SH,2022-11-03,0.0,183.68,183.68,183.3,352.0,6452220.0,181.017
601888.SH,2022-11-03,0.0,184.01,184.01,183.56,510.0,9380660.0,181.034
601888.SH,2022-11-03,0.0,184.03,184.05,183.94,417.0,7672430.0,181.048
601888.SH,2022-11-03,0.0,184.09,184.09,184.02,298.0,5491360.0,181.058
601888.SH,2022-11-03,0.0,184.06,184.25,183.9,1278.0,23512600.0,181.101
601888.SH,2022-11-03,0.0,183.94,184.05,183.88,578.0,10632600.0,181.12
601888.SH,2022-11-03,0.0,183.85,183.98,183.63,334.0,6138120.0,181.13
601888.SH,2022-11-03,0.0,183.28,183.75,183.27,957.0,17575000.0,181.156
601888.SH,2022-11-03,0.0,183.43,183.47,183.31,521.0,9553840.0,181.169
601888.SH,2022-11-03,0.0,183.0,183.43,182.87,637.0,11667800.0,181.183
601888.SH,2022-11-03,0.0,182.48,183.0,182.48,418.0,7640380.0,181.19
601888.SH,2022-11-03,0.0,182.52,182.9,182.3,1082.0,19754000.0,181.206
601888.SH,2022-11-03,0.0,182.3,182.52,182.3,335.0,6102880.0,181.21
601888.SH,2022-11-03,0.0,182.22,182.42,182.21,571.0,10411600.0,181.217
601888.SH,2022-11-03,0.0,182.4,182.47,182.22,900.0,16407100.0,181.227
601888.SH,2022-11-03,0.0,182.25,182.4,182.25,402.0,7328770.0,181.232
601888.SH,2022-11-03,0.0,182.08,182.28,182.04,402.0,7325640.0,181.236
601888.SH,2022-11-03,0.0,181.96,182.06,181.93,465.0,8462430.0,181.24
601888.SH,2022-11-03,0.0,182.35,182.35,181.95,848.0,15446000.0,181.248
601888.SH,2022-11-03,0.0,182.49,182.49,182.35,627.0,11435600.0,181.255
601888.SH,2022-11-03,0.0,182.01,182.5,182.01,645.0,11755900.0,181.262
601888.SH,2022-11-03,0.0,182.0,182.2,181.95,205.0,3732130.0,181.264
601888.SH,2022-11-03,0.0,182.2,182.2,181.96,106.0,1929230.0,181.265
601888.SH,2022-11-03,0.0,182.3,182.3,182.12,110.0,2004280.0,181.266
601888.SH,2022-11-03,0.0,182.17,182.3,182.1,354.0,6450700.0,181.269
601888.SH,2022-11-03,0.0,182.68,182.68,182.19,347.0,6329090.0,181.273
601888.SH,2022-11-03,0.0,183.06,183.06,182.68,388.0,7098400.0,181.28
601888.SH,2022-11-03,0.0,183.41,183.41,183.07,222.0,4068590.0,181.284
601888.SH,2022-11-03,0.0,183.3,183.48,183.26,372.0,6821800.0,181.292
601888.SH,2022-11-03,0.0,183.47,183.47,183.15,330.0,6047630.0,181.298
601888.SH,2022-11-03,0.0,183.24,183.48,183.2,315.0,5775130.0,181.305
601888.SH,2022-11-03,0.0,183.09,183.28,183.07,235.0,4304660.0,181.309
601888.SH,2022-11-03,0.0,183.4,183.4,183.08,169.0,3096100.0,181.312
601888.SH,2022-11-03,0.0,183.34,183.42,183.33,273.0,5005950.0,181.318
601888.SH,2022-11-03,0.0,183.36,183.45,183.34,365.0,6693370.0,181.325
601888.SH,2022-11-03,0.0,183.28,183.38,183.15,176.0,3225990.0,181.328
601888.SH,2022-11-03,0.0,183.46,183.46,183.15,329.0,6032110.0,181.335
601888.SH,2022-11-03,0.0,183.7,183.7,183.46,637.0,11694600.0,181.349
601888.SH,2022-11-03,0.0,183.9,183.9,183.8,807.0,14843800.0,181.368
601888.SH,2022-11-03,0.0,183.98,183.98,183.86,359.0,6603430.0,181.377
601888.SH,2022-11-03,0.0,184.0,184.0,183.79,864.0,15891400.0,181.398
601888.SH,2022-11-03,0.0,184.14,184.5,184.12,1037.0,19103200.0,181.426
601888.SH,2022-11-03,0.0,184.09,184.32,184.09,337.0,6207200.0,181.434
601888.SH,2022-11-03,0.0,184.11,184.24,183.74,410.0,7546990.0,181.445
601888.SH,2022-11-03,0.0,184.07,184.15,184.03,228.0,4197360.0,181.45
601888.SH,2022-11-03,0.0,184.0,184.08,184.0,210.0,3864670.0,181.455
601888.SH,2022-11-03,0.0,184.14,184.15,184.0,463.0,8518180.0,181.466
601888.SH,2022-11-03,0.0,184.7,184.71,184.14,702.0,12949100.0,181.486
601888.SH,2022-11-03,0.0,184.6,184.76,184.49,319.0,5889590.0,181.495
601888.SH,2022-11-03,0.0,184.51,184.66,184.51,265.0,4891620.0,181.502
601888.SH,2022-11-03,0.0,184.56,184.56,184.4,282.0,5203160.0,181.51
601888.SH,2022-11-03,0.0,184.59,184.6,184.52,188.0,3469620.0,181.515
601888.SH,2022-11-03,0.0,184.54,184.67,184.5,487.0,8990540.0,181.529
601888.SH,2022-11-03,0.0,184.32,184.54,184.29,253.0,4665480.0,181.536
601888.SH,2022-11-03,0.0,184.29,184.32,184.2,255.0,4698780.0,181.542
601888.SH,2022-11-03,0.0,184.32,184.32,184.16,195.0,3593810.0,181.547
601888.SH,2022-11-03,0.0,184.05,184.32,184.03,288.0,5306140.0,181.554
601888.SH,2022-11-03,0.0,184.09,184.18,184.01,132.0,2429870.0,181.557
601888.SH,2022-11-03,0.0,184.2,184.23,184.01,284.0,5230400.0,181.563
601888.SH,2022-11-03,0.0,184.2,184.22,184.19,253.0,4660320.0,181.569
601888.SH,2022-11-03,0.0,184.2,184.21,184.18,148.0,2726110.0,181.573
601888.SH,2022-11-03,0.0,184.23,184.28,184.2,245.0,4513660.0,181.579
601888.SH,2022-11-03,0.0,184.3,184.33,184.22,200.0,3685590.0,181.583
601888.SH,2022-11-03,0.0,184.36,184.4,184.31,137.0,2525690.0,181.587
601888.SH,2022-11-03,0.0,184.57,184.57,184.4,291.0,5364730.0,181.594
601888.SH,2022-11-03,0.0,184.75,184.77,184.57,513.0,9473800.0,181.608
601888.SH,2022-11-03,0.0,184.57,184.77,184.57,527.0,9734970.0,181.623
601888.SH,2022-11-03,0.0,184.39,184.58,184.2,311.0,5733560.0,181.63
601888.SH,2022-11-03,0.0,184.5,184.5,184.36,195.0,3596290.0,181.635
601888.SH,2022-11-03,0.0,184.51,184.55,184.43,271.0,4999870.0,181.642
601888.SH,2022-11-03,0.0,184.13,184.55,184.13,376.0,6930950.0,181.65
601888.SH,2022-11-03,0.0,183.74,184.3,183.74,335.0,6167070.0,181.657
601888.SH,2022-11-03,0.0,183.99,184.0,183.84,232.0,4267300.0,181.662
601888.SH,2022-11-03,0.0,183.86,184.0,183.86,210.0,3863290.0,181.666
601888.SH,2022-11-03,0.0,183.95,183.97,183.84,186.0,3420660.0,181.67
601888.SH,2022-11-03,0.0,183.97,183.98,183.9,126.0,2317800.0,181.672
601888.SH,2022-11-03,0.0,183.99,183.99,183.88,167.0,3071720.0,181.675
601888.SH,2022-11-03,0.0,183.84,183.97,183.83,246.0,4523830.0,181.68
601888.SH,2022-11-03,0.0,183.73,183.86,183.68,176.0,3234360.0,181.683
601888.SH,2022-11-03,0.0,183.83,183.88,183.57,761.0,13987800.0,181.697
601888.SH,2022-11-03,0.0,183.79,183.88,183.69,267.0,4907270.0,181.702
601888.SH,2022-11-03,0.0,183.89,183.89,183.7,308.0,5661860.0,181.707
601888.SH,2022-11-03,0.0,184.14,184.14,183.8,494.0,9080160.0,181.717
601888.SH,2022-11-03,0.0,184.03,184.14,184.02,184.0,3386730.0,181.72
601888.SH,2022-11-03,0.0,184.03,184.07,184.01,253.0,4655700.0,181.725
601888.SH,2022-11-03,0.0,183.77,184.03,183.77,273.0,5029470.0,181.73
601888.SH,2022-11-03,0.0,183.7,183.8,183.7,249.0,4575560.0,181.734
601888.SH,2022-11-03,0.0,183.62,183.73,183.6,261.0,4797860.0,181.739
601888.SH,2022-11-03,0.0,183.7,183.73,183.65,168.0,3085920.0,181.741
601888.SH,2022-11-03,0.0,183.74,183.75,183.66,197.0,3619220.0,181.745
601888.SH,2022-11-03,0.0,183.74,183.79,183.74,198.0,3638630.0,181.748
601888.SH,2022-11-03,0.0,183.82,183.84,183.74,274.0,5035970.0,181.753
601888.SH,2022-11-03,0.0,184.13,184.13,183.85,342.0,6292130.0,181.759
601888.SH,2022-11-03,0.0,184.13,184.16,184.08,351.0,6465220.0,181.766
601888.SH,2022-11-03,0.0,184.27,184.27,184.13,312.0,5746230.0,181.772
601888.SH,2022-11-03,0.0,184.27,184.28,184.25,157.0,2893040.0,181.775
601888.SH,2022-11-03,0.0,184.28,184.3,184.27,345.0,6357950.0,181.782
601888.SH,2022-11-03,0.0,184.13,184.28,184.13,428.0,7884680.0,181.791
601888.SH,2022-11-03,0.0,184.0,184.14,183.92,264.0,4857500.0,181.795
601888.SH,2022-11-03,0.0,184.08,184.14,184.03,279.0,5135730.0,181.801
601888.SH,2022-11-03,0.0,184.14,184.14,184.01,388.0,7142000.0,181.808
601888.SH,2022-11-03,0.0,184.49,184.49,184.09,591.0,10891100.0,181.819
601888.SH,2022-11-03,0.0,184.18,184.49,184.16,280.0,5161750.0,181.825
601888.SH,2022-11-03,0.0,183.92,184.18,183.92,390.0,7179060.0,181.832
601888.SH,2022-11-03,0.0,183.82,183.92,183.8,257.0,4725170.0,181.836
601888.SH,2022-11-03,0.0,183.72,183.8,183.72,191.0,3509780.0,181.839
601888.SH,2022-11-03,0.0,183.67,183.73,183.67,330.0,6062160.0,181.844
601888.SH,2022-11-03,0.0,183.88,183.88,183.6,389.0,7146740.0,181.85
601888.SH,2022-11-03,0.0,184.08,184.1,183.86,459.0,8444720.0,181.858
601888.SH,2022-11-03,0.0,184.06,184.1,184.06,362.0,6664000.0,181.864
601888.SH,2022-11-03,0.0,184.0,184.06,183.99,313.0,5759790.0,181.869
601888.SH,2022-11-03,0.0,183.96,184.0,183.96,176.0,3238000.0,181.872
601888.SH,2022-11-03,0.0,183.84,183.98,183.83,182.0,3346570.0,181.875
601888.SH,2022-11-03,0.0,183.83,183.87,183.73,409.0,7517950.0,181.881
601888.SH,2022-11-03,0.0,183.83,183.87,183.8,239.0,4393740.0,181.885
601888.SH,2022-11-03,0.0,183.79,183.83,183.79,200.0,3673980.0,181.888
601888.SH,2022-11-03,0.0,183.7,183.8,183.7,287.0,5273240.0,181.892
601888.SH,2022-11-03,0.0,183.53,183.71,183.5,282.0,5177050.0,181.896
601888.SH,2022-11-03,0.0,183.42,183.53,183.41,305.0,5596440.0,181.9
601888.SH,2022-11-03,0.0,183.37,183.43,183.37,491.0,9005170.0,181.905
601888.SH,2022-11-03,0.0,183.23,183.37,183.23,525.0,9623530.0,181.911
601888.SH,2022-11-03,0.0,183.08,183.27,183.08,902.0,16528200.0,181.92
601888.SH,2022-11-03,0.0,183.04,183.17,183.02,619.0,11332700.0,181.926
601888.SH,2022-11-03,0.0,182.63,183.04,182.57,877.0,16037200.0,181.932
601888.SH,2022-11-03,0.0,182.78,182.78,182.78,19.0,343377.0,181.932
601888.SH,2022-11-03,0.0,182.78,182.78,182.78,0.0,0.0,181.932
601888.SH,2022-11-03,0.0,182.61,182.61,182.61,1001.0,18283100.0,181.937
601888.SH,2022-11-04,0.0,182.5,182.5,182.5,404.0,7373000.0,182.5
601888.SH,2022-11-04,0.0,185.81,186.0,182.42,2063.0,38018900.0,183.996
601888.SH,2022-11-04,0.0,188.0,188.3,186.32,3289.0,61574400.0,185.85
601888.SH,2022-11-04,0.0,187.43,188.5,187.43,2512.0,47192900.0,186.464
601888.SH,2022-11-04,0.0,187.48,188.61,187.48,2398.0,45077900.0,186.805
601888.SH,2022-11-04,0.0,188.35,188.4,187.85,2331.0,43851000.0,187.041
601888.SH,2022-11-04,0.0,187.66,188.88,187.6,2318.0,43692800.0,187.261
601888.SH,2022-11-04,0.0,188.8,188.8,187.6,1358.0,25594300.0,187.359
601888.SH,2022-11-04,0.0,190.2,190.25,188.98,4728.0,89700800.0,187.881
601888.SH,2022-11-04,0.0,190.92,190.97,190.3,3051.0,58161000.0,188.224
601888.SH,2022-11-04,0.0,190.9,191.3,190.89,3538.0,67580704.0,188.577
601888.SH,2022-11-04,0.0,189.55,191.06,189.55,3042.0,58061100.0,188.801
601888.SH,2022-11-04,0.0,189.11,189.8,189.11,1617.0,30644300.0,188.836
601888.SH,2022-11-04,0.0,188.55,189.1,188.4,1072.0,20227800.0,188.832
601888.SH,2022-11-04,0.0,188.28,188.79,188.0,1168.0,21995500.0,188.815
601888.SH,2022-11-04,0.0,189.15,189.15,188.42,1174.0,22171700.0,188.816
601888.SH,2022-11-04,0.0,188.05,189.14,187.81,1114.0,20966100.0,188.798
601888.SH,2022-11-04,0.0,188.5,188.51,187.97,826.0,15549400.0,188.786
601888.SH,2022-11-04,0.0,190.25,190.25,188.49,1382.0,26212500.0,188.819
601888.SH,2022-11-04,0.0,189.53,190.27,189.53,1112.0,21117000.0,188.849
601888.SH,2022-11-04,0.0,189.18,189.5,189.15,543.0,10279200.0,188.855
601888.SH,2022-11-04,0.0,188.89,189.19,188.89,882.0,16676700.0,188.86
601888.SH,2022-11-04,0.0,188.4,189.09,188.4,652.0,12313400.0,188.86
601888.SH,2022-11-04,0.0,189.41,189.41,188.21,793.0,14978200.0,188.86
601888.SH,2022-11-04,0.0,189.43,189.5,189.16,499.0,9452080.0,188.866
601888.SH,2022-11-04,0.0,189.6,189.71,189.1,1280.0,24242300.0,188.881
601888.SH,2022-11-04,0.0,189.15,189.4,189.05,571.0,10810800.0,188.887
601888.SH,2022-11-04,0.0,188.51,189.14,188.49,765.0,14437900.0,188.884
601888.SH,2022-11-04,0.0,188.65,189.36,188.43,1134.0,21399400.0,188.88
601888.SH,2022-11-04,0.0,189.17,189.19,188.55,623.0,11769400.0,188.881
601888.SH,2022-11-04,0.0,190.29,190.35,189.0,3016.0,57281300.0,188.941
601888.SH,2022-11-04,0.0,189.84,190.3,189.55,606.0,11518000.0,188.954
601888.SH,2022-11-04,0.0,189.5,189.64,189.22,250.0,4736530.0,188.957
601888.SH,2022-11-04,0.0,189.39,189.6,189.28,330.0,6252790.0,188.96
601888.SH,2022-11-04,0.0,189.18,189.54,189.08,434.0,8215400.0,188.963
601888.SH,2022-11-04,0.0,189.85,189.85,189.23,303.0,5744690.0,188.966
601888.SH,2022-11-04,0.0,189.61,189.98,189.61,393.0,7461140.0,188.973
601888.SH,2022-11-04,0.0,189.24,189.8,189.24,272.0,5157270.0,188.976
601888.SH,2022-11-04,0.0,189.74,189.76,189.24,444.0,8416000.0,188.981
601888.SH,2022-11-04,0.0,189.97,190.0,189.55,845.0,16047700.0,188.995
601888.SH,2022-11-04,0.0,189.72,189.97,189.5,281.0,5331780.0,188.999
601888.SH,2022-11-04,0.0,190.0,190.14,189.72,995.0,18902600.0,189.016
601888.SH,2022-11-04,0.0,190.22,190.22,190.0,754.0,14332100.0,189.03
601888.SH,2022-11-04,0.0,190.54,190.54,190.22,908.0,17292500.0,189.052
601888.SH,2022-11-04,0.0,190.67,190.67,190.4,795.0,15148100.0,189.072
601888.SH,2022-11-04,0.0,190.59,190.67,190.59,699.0,13328200.0,189.091
601888.SH,2022-11-04,0.0,190.3,190.6,190.25,610.0,11615200.0,189.105
601888.SH,2022-11-04,0.0,190.49,190.5,190.38,414.0,7885770.0,189.114
601888.SH,2022-11-04,0.0,190.38,190.49,190.26,331.0,6302990.0,189.121
601888.SH,2022-11-04,0.0,189.66,190.38,189.66,562.0,10684500.0,189.13
601888.SH,2022-11-04,0.0,189.85,189.85,189.5,509.0,9650770.0,189.134
601888.SH,2022-11-04,0.0,189.54,189.95,189.0,747.0,14160300.0,189.139
601888.SH,2022-11-04,0.0,189.25,189.48,189.25,661.0,12517500.0,189.142
601888.SH,2022-11-04,0.0,189.78,189.78,189.35,398.0,7542670.0,189.144
601888.SH,2022-11-04,0.0,190.0,190.0,189.7,419.0,7956680.0,189.149
601888.SH,2022-11-04,0.0,189.67,190.01,189.66,418.0,7939350.0,189.154
601888.SH,2022-11-04,0.0,189.8,189.8,189.6,275.0,5215570.0,189.156
601888.SH,2022-11-04,0.0,189.77,189.83,189.6,218.0,4136900.0,189.158
601888.SH,2022-11-04,0.0,189.35,189.71,189.35,461.0,8742160.0,189.162
601888.SH,2022-11-04,0.0,189.02,189.37,189.02,225.0,4257660.0,189.162
601888.SH,2022-11-04,0.0,189.14,189.21,189.02,404.0,7638970.0,189.161
601888.SH,2022-11-04,0.0,189.97,189.97,189.09,520.0,9857100.0,189.165
601888.SH,2022-11-04,0.0,189.98,190.0,189.75,630.0,11964200.0,189.172
601888.SH,2022-11-04,0.0,189.91,190.0,189.91,1097.0,20841700.0,189.185
601888.SH,2022-11-04,0.0,189.48,189.78,189.41,254.0,4816060.0,189.186
601888.SH,2022-11-04,0.0,189.39,189.64,189.39,173.0,3277560.0,189.187
601888.SH,2022-11-04,0.0,189.34,189.4,189.26,228.0,4316370.0,189.187
601888.SH,2022-11-04,0.0,190.03,190.03,189.36,1158.0,21981000.0,189.198
601888.SH,2022-11-04,0.0,190.1,190.12,190.0,470.0,8931480.0,189.203
601888.SH,2022-11-04,0.0,190.3,190.3,190.12,543.0,10335800.0,189.211
601888.SH,2022-11-04,0.0,190.84,190.87,190.3,2175.0,41438800.0,189.25
601888.SH,2022-11-04,0.0,190.38,190.87,190.36,678.0,12937100.0,189.264
601888.SH,2022-11-04,0.0,190.6,190.7,190.36,464.0,8840180.0,189.272
601888.SH,2022-11-04,0.0,190.8,190.98,190.58,1216.0,23202000.0,189.296
601888.SH,2022-11-04,0.0,191.23,191.23,190.9,4426.0,84538896.0,189.391
601888.SH,2022-11-04,0.0,191.98,191.99,191.28,2290.0,43883800.0,189.453
601888.SH,2022-11-04,0.0,191.65,192.09,191.6,2813.0,54002700.0,189.537
601888.SH,2022-11-04,0.0,191.77,191.8,191.49,392.0,7511150.0,189.546
601888.SH,2022-11-04,0.0,192.2,192.2,191.74,1055.0,20253500.0,189.576
601888.SH,2022-11-04,0.0,192.0,192.29,191.76,1093.0,20991400.0,189.606
601888.SH,2022-11-04,0.0,192.0,192.01,191.94,893.0,17145400.0,189.63
601888.SH,2022-11-04,0.0,192.0,192.0,191.7,938.0,18003300.0,189.654
601888.SH,2022-11-04,0.0,192.0,192.05,191.7,582.0,11173400.0,189.669
601888.SH,2022-11-04,0.0,191.89,192.02,191.64,421.0,8076070.0,189.68
601888.SH,2022-11-04,0.0,191.98,191.98,191.7,254.0,4874250.0,189.686
601888.SH,2022-11-04,0.0,191.97,191.98,191.93,726.0,13937200.0,189.704
601888.SH,2022-11-04,0.0,191.98,192.07,191.98,609.0,11692800.0,189.719
601888.SH,2022-11-04,0.0,192.0,192.09,191.98,553.0,10618000.0,189.733
601888.SH,2022-11-04,0.0,191.97,192.1,191.91,452.0,8678310.0,189.744
601888.SH,2022-11-04,0.0,192.0,192.0,191.94,172.0,3302180.0,189.748
601888.SH,2022-11-04,0.0,192.25,192.25,191.93,1156.0,22207200.0,189.776
601888.SH,2022-11-04,0.0,192.28,192.5,192.28,953.0,18339000.0,189.802
601888.SH,2022-11-04,0.0,192.02,192.55,192.0,1460.0,28085800.0,189.841
601888.SH,2022-11-04,0.0,192.13,192.29,192.02,282.0,5417280.0,189.847
601888.SH,2022-11-04,0.0,192.15,192.29,192.1,292.0,5611110.0,189.854
601888.SH,2022-11-04,0.0,191.85,192.15,191.8,667.0,12806200.0,189.869
601888.SH,2022-11-04,0.0,191.92,191.94,191.82,161.0,3089730.0,189.872
601888.SH,2022-11-04,0.0,192.17,192.17,191.9,728.0,13982500.0,189.888
601888.SH,2022-11-04,0.0,192.21,192.3,192.09,735.0,14129900.0,189.906
601888.SH,2022-11-04,0.0,192.8,192.8,192.21,820.0,15781000.0,189.927
601888.SH,2022-11-04,0.0,193.0,193.0,192.8,1262.0,24347900.0,189.964
601888.SH,2022-11-04,0.0,194.3,194.3,193.0,2946.0,57014300.0,190.064
601888.SH,2022-11-04,0.0,194.12,194.39,193.77,1412.0,27410800.0,190.118
601888.SH,2022-11-04,0.0,194.35,194.35,194.12,827.0,16069300.0,190.15
601888.SH,2022-11-04,0.0,193.9,194.45,193.88,767.0,14895500.0,190.179
601888.SH,2022-11-04,0.0,194.17,194.17,193.9,444.0,8614930.0,190.195
601888.SH,2022-11-04,0.0,193.55,194.18,193.55,603.0,11692500.0,190.216
601888.SH,2022-11-04,0.0,193.2,193.7,193.2,496.0,9599020.0,190.231
601888.SH,2022-11-04,0.0,193.49,193.49,193.24,354.0,6843340.0,190.241
601888.SH,2022-11-04,0.0,193.49,193.54,193.4,347.0,6713900.0,190.251
601888.SH,2022-11-04,0.0,193.46,193.56,193.35,331.0,6403300.0,190.26
601888.SH,2022-11-04,0.0,193.28,193.4,193.28,348.0,6728000.0,190.27
601888.SH,2022-11-04,0.0,193.99,194.0,193.4,673.0,13043700.0,190.292
601888.SH,2022-11-04,0.0,193.81,194.0,193.66,345.0,6691090.0,190.303
601888.SH,2022-11-04,0.0,194.56,194.58,193.27,1620.0,31458000.0,190.358
601888.SH,2022-11-04,0.0,193.86,194.62,193.34,1310.0,25456400.0,190.403
601888.SH,2022-11-04,0.0,193.63,193.99,193.63,421.0,8157720.0,190.415
601888.SH,2022-11-04,0.0,193.01,193.87,193.01,579.0,11209700.0,190.431
601888.SH,2022-11-04,0.0,193.0,193.01,192.5,661.0,12751900.0,190.445
601888.SH,2022-11-04,0.0,192.69,193.8,192.61,1781.0,34394900.0,190.486
601888.SH,2022-11-04,0.0,193.2,193.93,192.3,987.0,19084400.0,190.51
601888.SH,2022-11-04,0.0,195.7,195.7,193.5,7311.0,142436000.0,190.758
601888.SH,2022-11-04,0.0,196.98,197.0,195.7,3046.0,59755000.0,190.886
601888.SH,2022-11-04,0.0,197.49,197.7,196.92,2892.0,57060900.0,191.026
601888.SH,2022-11-04,0.0,197.0,197.7,196.81,1620.0,31958400.0,191.101
601888.SH,2022-11-04,0.0,197.69,197.69,196.99,1381.0,27240500.0,191.164
601888.SH,2022-11-04,0.0,198.0,198.02,197.45,2972.0,58812800.0,191.308
601888.SH,2022-11-04,0.0,198.0,198.13,197.7,1893.0,37468900.0,191.398
601888.SH,2022-11-04,0.0,198.03,198.15,197.88,1192.0,23600200.0,191.453
601888.SH,2022-11-04,0.0,197.57,198.17,197.57,1447.0,28655200.0,191.52
601888.SH,2022-11-04,0.0,198.9,199.0,197.87,2215.0,43904600.0,191.622
601888.SH,2022-11-04,0.0,197.51,198.92,197.51,3008.0,59704900.0,191.762
601888.SH,2022-11-04,0.0,197.65,198.0,197.11,2297.0,45442400.0,191.854
601888.SH,2022-11-04,0.0,197.88,198.1,197.7,1279.0,25323700.0,191.906
601888.SH,2022-11-04,0.0,197.78,198.1,197.78,1134.0,22452400.0,191.951
601888.SH,2022-11-04,0.0,197.89,198.06,197.8,1004.0,19876300.0,191.99
601888.SH,2022-11-04,0.0,196.47,198.0,196.47,1679.0,33149800.0,192.049
601888.SH,2022-11-04,0.0,196.88,196.88,196.48,1174.0,23082200.0,192.083
601888.SH,2022-11-04,0.0,197.08,197.2,196.89,619.0,12197700.0,192.102
601888.SH,2022-11-04,0.0,197.5,197.5,196.91,900.0,17736400.0,192.131
601888.SH,2022-11-04,0.0,197.06,197.55,197.03,1382.0,27260800.0,192.175
601888.SH,2022-11-04,0.0,196.31,196.94,196.24,723.0,14214200.0,192.195
601888.SH,2022-11-04,0.0,195.6,196.31,195.6,1100.0,21568500.0,192.222
601888.SH,2022-11-04,0.0,195.51,195.6,195.3,1513.0,29572800.0,192.252
601888.SH,2022-11-04,0.0,196.03,196.03,195.42,1049.0,20550400.0,192.275
601888.SH,2022-11-04,0.0,196.39,196.39,195.87,1137.0,22291200.0,192.301
601888.SH,2022-11-04,0.0,197.0,197.0,196.3,1063.0,20896900.0,192.328
601888.SH,2022-11-04,0.0,196.62,197.03,196.56,984.0,19375600.0,192.355
601888.SH,2022-11-04,0.0,196.87,197.0,196.55,572.0,11254500.0,192.37
601888.SH,2022-11-04,0.0,196.99,197.0,196.66,1060.0,20876500.0,192.399
601888.SH,2022-11-04,0.0,197.99,197.99,196.97,1666.0,32859400.0,192.446
601888.SH,2022-11-04,0.0,197.64,197.88,197.27,1289.0,25497400.0,192.486
601888.SH,2022-11-04,0.0,197.66,198.0,197.54,1086.0,21475100.0,192.52
601888.SH,2022-11-04,0.0,197.65,198.07,197.64,1181.0,23371200.0,192.556
601888.SH,2022-11-04,0.0,197.04,197.77,197.01,727.0,14351000.0,192.576
601888.SH,2022-11-04,0.0,196.55,197.06,196.55,703.0,13831300.0,192.593
601888.SH,2022-11-04,0.0,196.35,196.58,196.21,875.0,17188100.0,192.612
601888.SH,2022-11-04,0.0,196.29,196.36,196.24,843.0,16548400.0,192.63
601888.SH,2022-11-04,0.0,197.2,197.21,196.29,1019.0,20052200.0,192.653
601888.SH,2022-11-04,0.0,197.3,197.3,197.01,585.0,11536900.0,192.668
601888.SH,2022-11-04,0.0,197.51,197.62,197.32,541.0,10671700.0,192.683
601888.SH,2022-11-04,0.0,197.66,198.0,197.66,1311.0,25943600.0,192.72
601888.SH,2022-11-04,0.0,197.79,197.92,197.52,341.0,6743650.0,192.73
601888.SH,2022-11-04,0.0,197.7,197.8,197.51,576.0,11386100.0,192.746
601888.SH,2022-11-04,0.0,197.22,197.73,197.22,650.0,12845000.0,192.763
601888.SH,2022-11-04,0.0,197.5,197.68,197.22,633.0,12497900.0,192.779
601888.SH,2022-11-04,0.0,197.45,197.63,197.4,527.0,10410300.0,192.793
601888.SH,2022-11-04,0.0,197.32,197.45,197.18,583.0,11504100.0,192.807
601888.SH,2022-11-04,0.0,197.32,197.33,197.16,388.0,7658760.0,192.817
601888.SH,2022-11-04,0.0,197.53,197.56,197.33,711.0,14039600.0,192.834
601888.SH,2022-11-04,0.0,197.71,197.83,197.53,905.0,17893700.0,192.858
601888.SH,2022-11-04,0.0,197.6,197.83,197.6,606.0,11985800.0,192.874
601888.SH,2022-11-04,0.0,197.74,197.8,197.49,570.0,11262700.0,192.889
601888.SH,2022-11-04,0.0,197.4,197.79,197.4,613.0,12108200.0,192.904
601888.SH,2022-11-04,0.0,197.34,197.7,197.33,608.0,12002900.0,192.919
601888.SH,2022-11-04,0.0,197.33,197.41,197.17,521.0,10281000.0,192.931
601888.SH,2022-11-04,0.0,197.34,197.37,197.28,682.0,13457000.0,192.946
601888.SH,2022-11-04,0.0,197.5,197.5,197.28,536.0,10579300.0,192.959
601888.SH,2022-11-04,0.0,197.57,197.68,197.48,667.0,13177000.0,192.975
601888.SH,2022-11-04,0.0,197.67,197.68,197.51,447.0,8833900.0,192.986
601888.SH,2022-11-04,0.0,197.67,197.76,197.67,640.0,12650900.0,193.002
601888.SH,2022-11-04,0.0,197.83,197.83,197.51,884.0,17476800.0,193.023
601888.SH,2022-11-04,0.0,197.8,197.8,197.66,570.0,11268200.0,193.037
601888.SH,2022-11-04,0.0,197.81,197.82,197.76,432.0,8544540.0,193.048
601888.SH,2022-11-04,0.0,197.82,197.82,197.67,597.0,11808600.0,193.062
601888.SH,2022-11-04,0.0,197.76,197.85,197.74,556.0,10997900.0,193.076
601888.SH,2022-11-04,0.0,197.77,197.8,197.74,375.0,7416270.0,193.085
601888.SH,2022-11-04,0.0,197.7,197.71,197.66,397.0,7848840.0,193.094
601888.SH,2022-11-04,0.0,197.56,197.71,197.5,416.0,8222770.0,193.104
601888.SH,2022-11-04,0.0,197.49,197.58,197.41,386.0,7623990.0,193.113
601888.SH,2022-11-04,0.0,197.46,197.53,197.45,403.0,7958420.0,193.122
601888.SH,2022-11-04,0.0,197.5,197.5,197.39,350.0,6911180.0,193.129
601888.SH,2022-11-04,0.0,197.48,197.5,197.45,384.0,7583050.0,193.138
601888.SH,2022-11-04,0.0,197.48,197.5,197.39,618.0,12203900.0,193.151
601888.SH,2022-11-04,0.0,197.7,197.7,197.48,563.0,11122300.0,193.164
601888.SH,2022-11-04,0.0,197.7,197.71,197.62,342.0,6760030.0,193.171
601888.SH,2022-11-04,0.0,197.66,197.75,197.61,340.0,6721750.0,193.179
601888.SH,2022-11-04,0.0,197.36,197.7,197.36,955.0,18869900.0,193.2
601888.SH,2022-11-04,0.0,196.99,197.41,196.96,599.0,11811500.0,193.212
601888.SH,2022-11-04,0.0,196.94,197.0,196.94,335.0,6591920.0,193.218
601888.SH,2022-11-04,0.0,196.79,196.93,196.77,338.0,6654100.0,193.224
601888.SH,2022-11-04,0.0,196.73,196.81,196.73,240.0,4722480.0,193.229
601888.SH,2022-11-04,0.0,196.88,196.88,196.6,649.0,12769100.0,193.24
601888.SH,2022-11-04,0.0,196.8,196.88,196.8,247.0,4861970.0,193.244
601888.SH,2022-11-04,0.0,196.94,196.95,196.8,330.0,6502950.0,193.25
601888.SH,2022-11-04,0.0,196.99,197.0,196.89,766.0,15087600.0,193.264
601888.SH,2022-11-04,0.0,197.0,197.02,196.98,503.0,9908830.0,193.273
601888.SH,2022-11-04,0.0,197.17,197.2,197.08,282.0,5559300.0,193.279
601888.SH,2022-11-04,0.0,197.0,197.19,196.95,373.0,7350430.0,193.285
601888.SH,2022-11-04,0.0,197.0,197.0,196.94,210.0,4136750.0,193.289
601888.SH,2022-11-04,0.0,196.85,197.0,196.82,227.0,4469660.0,193.293
601888.SH,2022-11-04,0.0,196.81,196.87,196.78,302.0,5944170.0,193.298
601888.SH,2022-11-04,0.0,196.86,196.92,196.82,337.0,6634370.0,193.304
601888.SH,2022-11-04,0.0,196.9,196.95,196.82,470.0,9254460.0,193.312
601888.SH,2022-11-04,0.0,196.94,197.0,196.82,377.0,7429360.0,193.319
601888.SH,2022-11-04,0.0,196.99,196.99,196.93,426.0,8386160.0,193.327
601888.SH,2022-11-04,0.0,197.14,197.14,196.97,1128.0,22229000.0,193.346
601888.SH,2022-11-04,0.0,197.21,197.21,197.14,786.0,15497000.0,193.361
601888.SH,2022-11-04,0.0,197.43,197.44,197.21,531.0,10480300.0,193.371
601888.SH,2022-11-04,0.0,197.28,197.43,197.25,348.0,6867680.0,193.378
601888.SH,2022-11-04,0.0,197.22,197.31,197.19,315.0,6213380.0,193.383
601888.SH,2022-11-04,0.0,197.28,197.28,197.18,605.0,11932100.0,193.394
601888.SH,2022-11-04,0.0,197.14,197.28,197.14,452.0,8912380.0,193.402
601888.SH,2022-11-04,0.0,197.07,197.14,196.97,632.0,12448900.0,193.413
601888.SH,2022-11-04,0.0,197.02,197.08,197.02,536.0,10562300.0,193.422
601888.SH,2022-11-04,0.0,196.98,197.02,196.96,459.0,9041800.0,193.43
601888.SH,2022-11-04,0.0,197.48,197.48,196.98,1582.0,31204700.0,193.458
601888.SH,2022-11-04,0.0,197.65,197.65,197.46,975.0,19258400.0,193.476
601888.SH,2022-11-04,0.0,198.26,198.26,197.65,3631.0,71876000.0,193.55
601888.SH,2022-11-04,0.0,198.34,198.5,198.2,1194.0,23681600.0,193.576
601888.SH,2022-11-04,0.0,198.16,198.34,198.05,667.0,13219100.0,193.59
601888.SH,2022-11-04,0.0,197.76,198.16,197.76,1106.0,21904200.0,193.612
601888.SH,2022-11-04,0.0,197.33,197.76,197.33,1039.0,20507100.0,193.63
601888.SH,2022-11-04,0.0,197.2,197.33,197.19,769.0,15174500.0,193.642
601888.SH,2022-11-04,0.0,197.23,197.4,197.19,1169.0,23060300.0,193.661
601888.SH,2022-11-04,0.0,197.17,197.35,197.17,932.0,18381300.0,193.675
601888.SH,2022-11-04,0.0,197.0,197.17,197.0,931.0,18346100.0,193.689
601888.SH,2022-11-04,0.0,196.9,197.2,196.88,1210.0,23849100.0,193.707
601888.SH,2022-11-04,0.0,196.9,196.9,196.9,0.0,0.0,193.707
601888.SH,2022-11-04,0.0,196.9,196.9,196.9,0.0,0.0,193.707
601888.SH,2022-11-04,0.0,197.09,197.09,197.09,2059.0,40580800.0,193.738
601888.SH,2022-11-07,0.0,192.0,192.0,192.0,2751.0,52819200.0,192.0
601888.SH,2022-11-07,0.0,193.4,193.4,191.18,5621.0,107879000.0,191.959
601888.SH,2022-11-07,0.0,193.0,193.97,192.53,2861.0,55209000.0,192.217
601888.SH,2022-11-07,0.0,193.68,194.0,193.15,1809.0,34998700.0,192.39
601888.SH,2022-11-07,0.0,196.6,196.8,194.0,2048.0,39926400.0,192.737
601888.SH,2022-11-07,0.0,195.01,196.9,195.01,2253.0,44129900.0,193.145
601888.SH,2022-11-07,0.0,193.5,195.0,193.5,1098.0,21332300.0,193.212
601888.SH,2022-11-07,0.0,194.11,194.41,193.49,1641.0,31817000.0,193.268
601888.SH,2022-11-07,0.0,194.24,194.5,194.1,1062.0,20631400.0,193.318
601888.SH,2022-11-07,0.0,193.96,194.15,193.62,1906.0,36961700.0,193.368
601888.SH,2022-11-07,0.0,193.57,193.88,193.01,1671.0,32334900.0,193.377
601888.SH,2022-11-07,0.0,193.1,193.58,193.0,1429.0,27597000.0,193.365
601888.SH,2022-11-07,0.0,193.49,193.5,193.1,974.0,18820700.0,193.362
601888.SH,2022-11-07,0.0,193.99,194.2,193.61,1556.0,30182400.0,193.393
601888.SH,2022-11-07,0.0,193.92,194.04,193.6,1006.0,19493400.0,193.408
601888.SH,2022-11-07,0.0,194.06,194.09,193.71,923.0,17900000.0,193.423
601888.SH,2022-11-07,0.0,193.93,194.26,193.36,1990.0,38605100.0,193.456
601888.SH,2022-11-07,0.0,193.49,193.83,193.49,959.0,18565500.0,193.46
601888.SH,2022-11-07,0.0,193.0,193.51,193.0,1004.0,19399300.0,193.453
601888.SH,2022-11-07,0.0,192.03,192.87,192.01,2234.0,42927700.0,193.377
601888.SH,2022-11-07,0.0,193.37,193.37,192.14,1475.0,28408400.0,193.347
601888.SH,2022-11-07,0.0,192.8,193.36,192.8,1270.0,24521900.0,193.339
601888.SH,2022-11-07,0.0,192.11,192.77,192.11,568.0,10929300.0,193.326
601888.SH,2022-11-07,0.0,191.36,192.1,191.22,1663.0,31867300.0,193.258
601888.SH,2022-11-07,0.0,191.99,192.05,191.36,1295.0,24842500.0,193.215
601888.SH,2022-11-07,0.0,191.38,191.99,191.38,1072.0,20562400.0,193.181
601888.SH,2022-11-07,0.0,191.84,191.88,191.45,1108.0,21234000.0,193.145
601888.SH,2022-11-07,0.0,191.68,191.91,191.68,622.0,11928500.0,193.127
601888.SH,2022-11-07,0.0,191.36,191.68,191.26,813.0,15560400.0,193.097
601888.SH,2022-11-07,0.0,191.8,191.85,191.28,953.0,18268700.0,193.067
601888.SH,2022-11-07,0.0,191.93,191.93,191.5,902.0,17298000.0,193.043
601888.SH,2022-11-07,0.0,192.11,192.48,191.93,752.0,14445700.0,193.029
601888.SH,2022-11-07,0.0,192.06,192.11,191.88,495.0,9499800.0,193.019
601888.SH,2022-11-07,0.0,192.21,192.49,192.0,870.0,16725300.0,193.005
601888.SH,2022-11-07,0.0,191.81,192.29,191.81,477.0,9158440.0,192.996
601888.SH,2022-11-07,0.0,191.35,191.72,191.35,616.0,11799100.0,192.979
601888.SH,2022-11-07,0.0,191.18,191.47,191.1,1275.0,24380100.0,192.936
601888.SH,2022-11-07,0.0,191.3,191.47,191.15,1333.0,25489500.0,192.895
601888.SH,2022-11-07,0.0,191.19,191.5,191.16,696.0,13312300.0,192.874
601888.SH,2022-11-07,0.0,190.96,191.14,190.61,2568.0,49046700.0,192.79
601888.SH,2022-11-07,0.0,190.18,190.6,190.18,1459.0,27778700.0,192.731
601888.SH,2022-11-07,0.0,190.56,190.56,190.14,2524.0,48029500.0,192.631
601888.SH,2022-11-07,0.0,190.7,190.98,190.51,1200.0,22884800.0,192.594
601888.SH,2022-11-07,0.0,190.66,190.95,190.6,734.0,14002000.0,192.573
601888.SH,2022-11-07,0.0,190.64,190.9,190.58,811.0,15467900.0,192.55
601888.SH,2022-11-07,0.0,191.14,191.2,190.64,1333.0,25453900.0,192.517
601888.SH,2022-11-07,0.0,191.12,191.2,190.81,924.0,17656600.0,192.498
601888.SH,2022-11-07,0.0,191.39,191.46,191.12,1641.0,31387600.0,192.467
601888.SH,2022-11-07,0.0,190.8,191.49,190.8,1134.0,21689400.0,192.448
601888.SH,2022-11-07,0.0,190.51,190.8,190.51,661.0,12603700.0,192.432
601888.SH,2022-11-07,0.0,190.27,190.46,190.23,671.0,12770600.0,192.412
601888.SH,2022-11-07,0.0,190.06,190.3,190.03,994.0,18900000.0,192.38
601888.SH,2022-11-07,0.0,189.82,190.05,189.82,2313.0,43947300.0,192.306
601888.SH,2022-11-07,0.0,189.76,189.82,189.57,1004.0,19050200.0,192.272
601888.SH,2022-11-07,0.0,189.84,190.0,189.7,911.0,17293700.0,192.242
601888.SH,2022-11-07,0.0,190.12,190.12,189.89,800.0,15197500.0,192.219
601888.SH,2022-11-07,0.0,190.12,190.33,190.12,560.0,10651100.0,192.204
601888.SH,2022-11-07,0.0,189.99,190.12,189.92,585.0,11115500.0,192.187
601888.SH,2022-11-07,0.0,190.58,190.58,189.95,254.0,4821400.0,192.181
601888.SH,2022-11-07,0.0,190.68,190.68,190.58,272.0,5185640.0,192.175
601888.SH,2022-11-07,0.0,190.82,191.0,190.67,645.0,12309100.0,192.164
601888.SH,2022-11-07,0.0,191.0,191.0,190.8,292.0,5574840.0,192.16
601888.SH,2022-11-07,0.0,191.35,191.35,191.0,356.0,6800930.0,192.156
601888.SH,2022-11-07,0.0,191.0,191.42,190.9,634.0,12116400.0,192.147
601888.SH,2022-11-07,0.0,191.08,191.08,190.87,323.0,6168710.0,192.143
601888.SH,2022-11-07,0.0,191.56,191.56,191.08,252.0,4823910.0,192.14
601888.SH,2022-11-07,0.0,192.06,192.12,191.59,821.0,15753500.0,192.138
601888.SH,2022-11-07,0.0,192.38,192.48,192.0,903.0,17360400.0,192.139
601888.SH,2022-11-07,0.0,192.81,192.86,192.4,504.0,9703490.0,192.142
601888.SH,2022-11-07,0.0,192.7,192.88,192.49,883.0,17012800.0,192.147
601888.SH,2022-11-07,0.0,192.48,192.67,192.25,368.0,7084530.0,192.148
601888.SH,2022-11-07,0.0,192.1,192.43,192.1,256.0,4921240.0,192.149
601888.SH,2022-11-07,0.0,191.8,192.1,191.63,368.0,7063620.0,192.148
601888.SH,2022-11-07,0.0,191.4,191.8,191.4,323.0,6188560.0,192.146
601888.SH,2022-11-07,0.0,191.51,191.57,191.4,281.0,5381430.0,192.144
601888.SH,2022-11-07,0.0,191.55,191.57,191.5,252.0,4826520.0,192.142
601888.SH,2022-11-07,0.0,191.83,191.9,191.55,642.0,12307400.0,192.139
601888.SH,2022-11-07,0.0,191.32,191.83,191.32,398.0,7625950.0,192.136
601888.SH,2022-11-07,0.0,191.37,191.48,191.32,193.0,3693700.0,192.134
601888.SH,2022-11-07,0.0,191.1,191.35,191.0,275.0,5254850.0,192.131
601888.SH,2022-11-07,0.0,190.93,191.02,190.89,295.0,5633530.0,192.127
601888.SH,2022-11-07,0.0,190.75,190.93,190.7,333.0,6353970.0,192.122
601888.SH,2022-11-07,0.0,190.65,190.76,190.57,202.0,3851750.0,192.119
601888.SH,2022-11-07,0.0,190.8,190.86,190.7,410.0,7821880.0,192.113
601888.SH,2022-11-07,0.0,190.93,190.93,190.88,197.0,3760670.0,192.11
601888.SH,2022-11-07,0.0,190.9,190.95,190.89,258.0,4926030.0,192.107
601888.SH,2022-11-07,0.0,190.59,190.9,190.48,586.0,11173200.0,192.097
601888.SH,2022-11-07,0.0,191.1,191.21,190.59,614.0,11731100.0,192.089
601888.SH,2022-11-07,0.0,191.2,191.23,191.19,338.0,6462750.0,192.086
601888.SH,2022-11-07,0.0,190.73,191.22,190.73,355.0,6775040.0,192.082
601888.SH,2022-11-07,0.0,190.63,190.92,190.4,163.0,3107630.0,192.08
601888.SH,2022-11-07,0.0,190.72,190.99,190.63,208.0,3967250.0,192.076
601888.SH,2022-11-07,0.0,190.9,191.0,190.73,202.0,3856280.0,192.074
601888.SH,2022-11-07,0.0,191.29,191.29,190.93,481.0,9193380.0,192.069
601888.SH,2022-11-07,0.0,191.5,191.5,191.34,233.0,4459740.0,192.067
601888.SH,2022-11-07,0.0,191.39,191.58,191.28,324.0,6201420.0,192.065
601888.SH,2022-11-07,0.0,191.08,191.39,191.05,349.0,6672990.0,192.062
601888.SH,2022-11-07,0.0,190.6,190.91,190.51,418.0,7971220.0,192.056
601888.SH,2022-11-07,0.0,190.64,190.64,190.55,233.0,4440630.0,192.052
601888.SH,2022-11-07,0.0,190.6,190.66,190.53,625.0,11911400.0,192.042
601888.SH,2022-11-07,0.0,190.69,190.95,190.55,333.0,6349400.0,192.037
601888.SH,2022-11-07,0.0,191.27,191.4,190.74,442.0,8433170.0,192.033
601888.SH,2022-11-07,0.0,191.75,191.76,191.52,241.0,4618320.0,192.032
601888.SH,2022-11-07,0.0,191.75,191.75,191.24,390.0,7472400.0,192.03
601888.SH,2022-11-07,0.0,191.82,191.98,191.75,337.0,6455150.0,192.029
601888.SH,2022-11-07,0.0,191.34,191.98,191.32,208.0,3985700.0,192.028
601888.SH,2022-11-07,0.0,192.42,192.43,191.82,530.0,10182100.0,192.029
601888.SH,2022-11-07,0.0,192.64,192.77,192.34,498.0,9591100.0,192.032
601888.SH,2022-11-07,0.0,192.96,192.99,192.5,432.0,8326820.0,192.035
601888.SH,2022-11-07,0.0,193.23,193.27,192.99,687.0,13266900.0,192.043
601888.SH,2022-11-07,0.0,193.0,193.25,193.0,397.0,7667300.0,192.047
601888.SH,2022-11-07,0.0,193.05,193.05,192.96,337.0,6504540.0,192.05
601888.SH,2022-11-07,0.0,193.02,193.17,192.8,592.0,11423800.0,192.056
601888.SH,2022-11-07,0.0,192.97,193.16,192.88,470.0,9073520.0,192.06
601888.SH,2022-11-07,0.0,192.99,193.04,192.9,332.0,6407500.0,192.063
601888.SH,2022-11-07,0.0,192.88,193.0,192.83,289.0,5576140.0,192.066
601888.SH,2022-11-07,0.0,192.57,192.92,192.57,705.0,13590400.0,192.071
601888.SH,2022-11-07,0.0,192.8,192.8,192.01,687.0,13229100.0,192.074
601888.SH,2022-11-07,0.0,192.9,192.96,192.5,274.0,5284100.0,192.076
601888.SH,2022-11-07,0.0,193.16,193.18,192.59,309.0,5964180.0,192.079
601888.SH,2022-11-07,0.0,193.14,193.18,193.06,184.0,3553360.0,192.081
601888.SH,2022-11-07,0.0,193.28,193.28,192.96,1067.0,20599100.0,192.091
601888.SH,2022-11-07,0.0,193.22,193.4,193.22,423.0,8178630.0,192.096
601888.SH,2022-11-07,0.0,193.25,193.32,192.82,721.0,13925100.0,192.103
601888.SH,2022-11-07,0.0,193.39,193.39,193.01,322.0,6221820.0,192.107
601888.SH,2022-11-07,0.0,194.0,194.0,193.37,730.0,14139200.0,192.117
601888.SH,2022-11-07,0.0,194.3,194.35,193.89,779.0,15123600.0,192.132
601888.SH,2022-11-07,0.0,194.0,194.26,194.0,602.0,11687400.0,192.143
601888.SH,2022-11-07,0.0,194.21,194.21,194.0,438.0,8498530.0,192.151
601888.SH,2022-11-07,0.0,193.94,194.23,193.8,475.0,9218220.0,192.16
601888.SH,2022-11-07,0.0,193.61,194.0,193.39,444.0,8598520.0,192.166
601888.SH,2022-11-07,0.0,193.32,193.5,193.32,340.0,6575780.0,192.17
601888.SH,2022-11-07,0.0,192.8,193.5,192.8,287.0,5543790.0,192.172
601888.SH,2022-11-07,0.0,193.24,193.5,192.61,372.0,7178100.0,192.175
601888.SH,2022-11-07,0.0,193.0,193.52,193.0,308.0,5952010.0,192.178
601888.SH,2022-11-07,0.0,192.8,193.21,192.8,129.0,2488580.0,192.179
601888.SH,2022-11-07,0.0,192.66,192.79,192.62,155.0,2986650.0,192.179
601888.SH,2022-11-07,0.0,192.7,192.8,192.7,162.0,3122460.0,192.18
601888.SH,2022-11-07,0.0,192.76,192.77,192.69,230.0,4433310.0,192.181
601888.SH,2022-11-07,0.0,192.66,192.77,192.66,284.0,5473190.0,192.183
601888.SH,2022-11-07,0.0,192.36,192.65,192.36,204.0,3928250.0,192.183
601888.SH,2022-11-07,0.0,192.15,192.36,192.08,245.0,4707070.0,192.183
601888.SH,2022-11-07,0.0,192.5,192.57,192.19,257.0,4944690.0,192.184
601888.SH,2022-11-07,0.0,192.37,192.48,192.36,145.0,2790330.0,192.184
601888.SH,2022-11-07,0.0,192.65,192.71,192.35,328.0,6313600.0,192.185
601888.SH,2022-11-07,0.0,192.66,192.68,192.58,196.0,3775580.0,192.186
601888.SH,2022-11-07,0.0,192.82,192.83,192.69,303.0,5840160.0,192.187
601888.SH,2022-11-07,0.0,192.68,192.92,192.68,187.0,3606430.0,192.188
601888.SH,2022-11-07,0.0,192.55,192.72,192.55,164.0,3159040.0,192.189
601888.SH,2022-11-07,0.0,192.29,192.52,192.29,365.0,7021570.0,192.19
601888.SH,2022-11-07,0.0,192.32,192.52,192.23,219.0,4211800.0,192.19
601888.SH,2022-11-07,0.0,192.27,192.32,192.27,138.0,2653690.0,192.19
601888.SH,2022-11-07,0.0,192.1,192.28,192.1,269.0,5170140.0,192.19
601888.SH,2022-11-07,0.0,192.0,192.1,191.88,367.0,7047180.0,192.189
601888.SH,2022-11-07,0.0,192.0,192.01,191.73,381.0,7310570.0,192.188
601888.SH,2022-11-07,0.0,191.97,192.01,191.97,275.0,5279980.0,192.188
601888.SH,2022-11-07,0.0,192.05,192.05,191.38,394.0,7558170.0,192.187
601888.SH,2022-11-07,0.0,191.79,192.03,191.76,133.0,2552470.0,192.186
601888.SH,2022-11-07,0.0,191.69,191.78,191.6,267.0,5118100.0,192.185
601888.SH,2022-11-07,0.0,191.81,192.03,191.68,302.0,5792290.0,192.184
601888.SH,2022-11-07,0.0,191.56,191.8,191.56,169.0,3239400.0,192.184
601888.SH,2022-11-07,0.0,191.41,191.62,191.32,302.0,5780790.0,192.182
601888.SH,2022-11-07,0.0,191.18,191.41,191.18,652.0,12469800.0,192.177
601888.SH,2022-11-07,0.0,191.29,191.32,191.05,696.0,13304800.0,192.171
601888.SH,2022-11-07,0.0,191.36,191.36,191.29,300.0,5739720.0,192.169
601888.SH,2022-11-07,0.0,191.68,191.71,191.35,216.0,4142440.0,192.167
601888.SH,2022-11-07,0.0,191.68,191.68,191.66,170.0,3258440.0,192.167
601888.SH,2022-11-07,0.0,191.66,191.68,191.58,239.0,4579990.0,192.166
601888.SH,2022-11-07,0.0,191.6,191.67,191.6,135.0,2587040.0,192.165
601888.SH,2022-11-07,0.0,191.25,191.61,191.25,250.0,4786320.0,192.163
601888.SH,2022-11-07,0.0,191.08,191.3,191.08,362.0,6919640.0,192.16
601888.SH,2022-11-07,0.0,191.0,191.07,190.99,452.0,8633770.0,192.156
601888.SH,2022-11-07,0.0,190.9,190.99,190.9,230.0,4391900.0,192.154
601888.SH,2022-11-07,0.0,190.85,190.89,190.76,261.0,4980800.0,192.151
601888.SH,2022-11-07,0.0,190.83,190.85,190.79,202.0,3854460.0,192.149
601888.SH,2022-11-07,0.0,190.9,190.94,190.81,258.0,4924090.0,192.146
601888.SH,2022-11-07,0.0,191.01,191.02,190.79,327.0,6234320.0,192.143
601888.SH,2022-11-07,0.0,191.04,191.17,191.02,306.0,5846850.0,192.14
601888.SH,2022-11-07,0.0,190.79,191.05,190.57,469.0,8949400.0,192.135
601888.SH,2022-11-07,0.0,190.62,190.79,190.62,193.0,3679940.0,192.133
601888.SH,2022-11-07,0.0,190.87,190.87,190.62,214.0,4081300.0,192.13
601888.SH,2022-11-07,0.0,191.06,191.06,190.86,193.0,3689320.0,192.128
601888.SH,2022-11-07,0.0,191.1,191.16,191.04,213.0,4069820.0,192.126
601888.SH,2022-11-07,0.0,190.8,191.0,190.66,191.0,3645870.0,192.124
601888.SH,2022-11-07,0.0,190.78,190.81,190.6,473.0,9020350.0,192.119
601888.SH,2022-11-07,0.0,191.14,191.16,190.8,305.0,5824730.0,192.116
601888.SH,2022-11-07,0.0,191.25,191.27,191.11,226.0,4312050.0,192.115
601888.SH,2022-11-07,0.0,191.28,191.29,191.27,114.0,2180600.0,192.114
601888.SH,2022-11-07,0.0,191.04,191.28,191.0,385.0,7359550.0,192.111
601888.SH,2022-11-07,0.0,190.9,191.04,190.86,210.0,4010440.0,192.109
601888.SH,2022-11-07,0.0,191.02,191.03,190.9,348.0,6646500.0,192.106
601888.SH,2022-11-07,0.0,191.14,191.2,191.03,144.0,2751910.0,192.105
601888.SH,2022-11-07,0.0,190.9,191.14,190.9,257.0,4910110.0,192.103
601888.SH,2022-11-07,0.0,190.97,190.97,190.88,186.0,3551090.0,192.101
601888.SH,2022-11-07,0.0,190.97,190.98,190.97,154.0,2933560.0,192.099
601888.SH,2022-11-07,0.0,190.94,190.98,190.9,260.0,4972250.0,192.097
601888.SH,2022-11-07,0.0,190.9,190.93,190.9,186.0,3550980.0,192.095
601888.SH,2022-11-07,0.0,190.72,190.9,190.68,383.0,7306630.0,192.091
601888.SH,2022-11-07,0.0,190.9,190.92,190.68,245.0,4667650.0,192.089
601888.SH,2022-11-07,0.0,191.0,191.0,190.9,227.0,4341200.0,192.087
601888.SH,2022-11-07,0.0,191.13,191.2,191.03,264.0,5041860.0,192.085
601888.SH,2022-11-07,0.0,191.18,191.2,191.14,207.0,3950470.0,192.083
601888.SH,2022-11-07,0.0,191.19,191.22,191.18,211.0,4030520.0,192.082
601888.SH,2022-11-07,0.0,190.93,191.18,190.9,300.0,5723030.0,192.08
601888.SH,2022-11-07,0.0,190.82,190.93,190.8,193.0,3680380.0,192.078
601888.SH,2022-11-07,0.0,190.74,190.81,190.7,267.0,5093140.0,192.075
601888.SH,2022-11-07,0.0,190.63,190.75,190.63,265.0,5053190.0,192.072
601888.SH,2022-11-07,0.0,190.6,190.62,190.57,268.0,5100080.0,192.069
601888.SH,2022-11-07,0.0,190.68,190.68,190.61,240.0,4584620.0,192.066
601888.SH,2022-11-07,0.0,190.77,190.81,190.68,274.0,5222880.0,192.064
601888.SH,2022-11-07,0.0,190.88,190.89,190.75,197.0,3763300.0,192.062
601888.SH,2022-11-07,0.0,191.0,191.0,190.88,210.0,4018840.0,192.06
601888.SH,2022-11-07,0.0,191.26,191.26,191.02,241.0,4606230.0,192.058
601888.SH,2022-11-07,0.0,191.43,191.43,191.27,249.0,4757220.0,192.057
601888.SH,2022-11-07,0.0,191.3,191.45,191.21,268.0,5135140.0,192.055
601888.SH,2022-11-07,0.0,191.33,191.38,191.3,195.0,3730570.0,192.054
601888.SH,2022-11-07,0.0,191.36,191.37,191.34,264.0,5051630.0,192.053
601888.SH,2022-11-07,0.0,191.57,191.57,191.37,170.0,3254190.0,192.052
601888.SH,2022-11-07,0.0,192.02,192.02,191.57,370.0,7098380.0,192.052
601888.SH,2022-11-07,0.0,191.8,192.23,191.8,488.0,9371560.0,192.052
601888.SH,2022-11-07,0.0,191.76,191.93,191.71,205.0,3932150.0,192.051
601888.SH,2022-11-07,0.0,191.72,191.8,191.71,317.0,6078620.0,192.05
601888.SH,2022-11-07,0.0,191.76,191.76,191.71,220.0,4218140.0,192.05
601888.SH,2022-11-07,0.0,191.31,191.76,191.31,406.0,7774330.0,192.048
601888.SH,2022-11-07,0.0,191.6,191.6,191.25,277.0,5308360.0,192.047
601888.SH,2022-11-07,0.0,191.45,191.6,191.41,289.0,5535840.0,192.046
601888.SH,2022-11-07,0.0,191.56,191.72,191.45,376.0,7203830.0,192.045
601888.SH,2022-11-07,0.0,191.29,191.59,191.16,585.0,11190700.0,192.041
601888.SH,2022-11-07,0.0,191.46,191.46,191.29,323.0,6181960.0,192.04
601888.SH,2022-11-07,0.0,191.48,191.49,191.43,219.0,4193050.0,192.039
601888.SH,2022-11-07,0.0,191.14,191.48,191.03,433.0,8276970.0,192.036
601888.SH,2022-11-07,0.0,191.19,191.2,191.12,371.0,7088970.0,192.034
601888.SH,2022-11-07,0.0,191.32,191.32,191.18,345.0,6598030.0,192.032
601888.SH,2022-11-07,0.0,191.34,191.36,191.27,470.0,8992220.0,192.03
601888.SH,2022-11-07,0.0,191.34,191.36,191.33,336.0,6421640.0,192.028
601888.SH,2022-11-07,0.0,191.33,191.34,191.28,415.0,7948020.0,192.026
601888.SH,2022-11-07,0.0,191.34,191.35,191.33,379.0,7251710.0,192.024
601888.SH,2022-11-07,0.0,191.24,191.34,191.2,670.0,12814100.0,192.02
601888.SH,2022-11-07,0.0,191.24,191.24,191.24,2.0,38248.0,192.02
601888.SH,2022-11-07,0.0,191.24,191.24,191.24,0.0,0.0,192.02
601888.SH,2022-11-07,0.0,191.3,191.3,191.3,1246.0,23834600.0,192.014
601888.SH,2022-11-08,0.0,191.19,191.19,191.19,446.0,8527070.0,191.19
601888.SH,2022-11-08,0.0,191.88,191.95,191.13,1240.0,23741000.0,191.42
601888.SH,2022-11-08,0.0,191.13,191.52,190.31,539.0,10285900.0,191.278
601888.SH,2022-11-08,0.0,190.67,191.52,190.6,544.0,10383600.0,191.199
601888.SH,2022-11-08,0.0,190.57,190.88,190.57,555.0,10581100.0,191.107
601888.SH,2022-11-08,0.0,190.5,190.6,190.29,550.0,10472800.0,191.009
601888.SH,2022-11-08,0.0,190.99,191.15,190.44,663.0,12659100.0,190.998
601888.SH,2022-11-08,0.0,192.34,192.34,191.0,810.0,15527600.0,191.105
601888.SH,2022-11-08,0.0,192.69,192.8,192.35,711.0,13685400.0,191.266
601888.SH,2022-11-08,0.0,193.08,193.87,192.7,1549.0,29962700.0,191.707
601888.SH,2022-11-08,0.0,193.05,193.29,192.32,1066.0,20557800.0,191.848
601888.SH,2022-11-08,0.0,191.52,193.1,191.52,834.0,16046800.0,191.897
601888.SH,2022-11-08,0.0,192.76,193.0,191.61,906.0,17425100.0,191.934
601888.SH,2022-11-08,0.0,193.15,193.15,192.76,538.0,10382100.0,191.986
601888.SH,2022-11-08,0.0,192.81,193.24,192.76,758.0,14637400.0,192.058
601888.SH,2022-11-08,0.0,192.98,193.14,192.8,630.0,12157900.0,192.105
601888.SH,2022-11-08,0.0,193.06,193.53,193.01,1627.0,31467200.0,192.255
601888.SH,2022-11-08,0.0,193.58,193.58,192.98,812.0,15696300.0,192.313
601888.SH,2022-11-08,0.0,193.29,193.66,193.27,1069.0,20688500.0,192.395
601888.SH,2022-11-08,0.0,192.87,193.14,192.81,490.0,9456900.0,192.413
601888.SH,2022-11-08,0.0,192.2,192.8,192.1,627.0,12069800.0,192.417
601888.SH,2022-11-08,0.0,192.5,192.51,192.01,431.0,8287840.0,192.413
601888.SH,2022-11-08,0.0,193.04,193.04,192.5,370.0,7131130.0,192.42
601888.SH,2022-11-08,0.0,193.07,193.16,193.01,688.0,13281800.0,192.444
601888.SH,2022-11-08,0.0,192.33,193.14,192.33,252.0,4858910.0,192.449
601888.SH,2022-11-08,0.0,192.3,192.5,192.26,174.0,3346320.0,192.447
601888.SH,2022-11-08,0.0,193.0,193.0,192.26,282.0,5429840.0,192.448
601888.SH,2022-11-08,0.0,192.71,192.91,192.51,188.0,3624050.0,192.451
601888.SH,2022-11-08,0.0,191.82,192.49,191.52,716.0,13748400.0,192.436
601888.SH,2022-11-08,0.0,191.58,191.58,191.2,409.0,7828680.0,192.415
601888.SH,2022-11-08,0.0,191.91,191.92,191.66,217.0,4161500.0,192.408
601888.SH,2022-11-08,0.0,191.85,191.91,191.59,319.0,6117040.0,192.399
601888.SH,2022-11-08,0.0,191.48,191.85,191.31,331.0,6339860.0,192.385
601888.SH,2022-11-08,0.0,191.23,191.48,191.2,269.0,5147150.0,192.372
601888.SH,2022-11-08,0.0,191.55,191.64,191.2,247.0,4729240.0,192.362
601888.SH,2022-11-08,0.0,191.5,191.55,191.26,136.0,2603780.0,192.356
601888.SH,2022-11-08,0.0,191.31,191.5,191.3,158.0,3023750.0,192.349
601888.SH,2022-11-08,0.0,191.03,191.31,191.03,430.0,8222430.0,192.328
601888.SH,2022-11-08,0.0,190.97,191.02,190.8,580.0,11075800.0,192.294
601888.SH,2022-11-08,0.0,190.99,191.0,190.94,161.0,3074690.0,192.285
601888.SH,2022-11-08,0.0,190.77,190.98,190.77,231.0,4409850.0,192.271
601888.SH,2022-11-08,0.0,190.86,190.86,190.72,303.0,5778020.0,192.252
601888.SH,2022-11-08,0.0,191.1,191.1,190.88,382.0,7295640.0,192.232
601888.SH,2022-11-08,0.0,191.19,191.19,191.08,204.0,3899080.0,192.223
601888.SH,2022-11-08,0.0,190.86,191.16,190.86,203.0,3878040.0,192.213
601888.SH,2022-11-08,0.0,190.81,190.86,190.72,205.0,3911330.0,192.201
601888.SH,2022-11-08,0.0,190.98,190.99,190.8,182.0,3473600.0,192.191
601888.SH,2022-11-08,0.0,190.82,191.03,190.82,206.0,3933950.0,192.182
601888.SH,2022-11-08,0.0,190.51,190.92,190.5,569.0,10846100.0,192.147
601888.SH,2022-11-08,0.0,190.27,190.51,190.25,284.0,5409200.0,192.128
601888.SH,2022-11-08,0.0,190.23,190.5,190.12,427.0,8122780.0,192.097
601888.SH,2022-11-08,0.0,190.48,190.48,190.17,641.0,12185600.0,192.054
601888.SH,2022-11-08,0.0,190.44,190.52,190.3,288.0,5493020.0,192.037
601888.SH,2022-11-08,0.0,190.81,190.81,190.41,211.0,4020440.0,192.025
601888.SH,2022-11-08,0.0,190.9,191.0,190.71,295.0,5630080.0,192.013
601888.SH,2022-11-08,0.0,191.19,191.19,190.87,255.0,4869790.0,192.004
601888.SH,2022-11-08,0.0,191.2,191.21,191.16,255.0,4875370.0,191.996
601888.SH,2022-11-08,0.0,190.99,191.33,190.99,224.0,4283640.0,191.99
601888.SH,2022-11-08,0.0,190.7,190.99,190.7,157.0,2996400.0,191.984
601888.SH,2022-11-08,0.0,190.42,190.8,190.41,158.0,3010280.0,191.976
601888.SH,2022-11-08,0.0,190.17,190.41,190.17,343.0,6526880.0,191.957
601888.SH,2022-11-08,0.0,190.23,190.46,190.17,301.0,5726520.0,191.939
601888.SH,2022-11-08,0.0,190.39,190.44,190.23,196.0,3730900.0,191.929
601888.SH,2022-11-08,0.0,190.8,190.8,190.39,385.0,7335200.0,191.911
601888.SH,2022-11-08,0.0,191.0,191.0,190.8,100.0,1909090.0,191.908
601888.SH,2022-11-08,0.0,191.64,191.66,191.0,367.0,7021260.0,191.901
601888.SH,2022-11-08,0.0,191.28,191.69,191.26,501.0,9591980.0,191.893
601888.SH,2022-11-08,0.0,191.53,191.53,191.26,165.0,3157660.0,191.891
601888.SH,2022-11-08,0.0,191.84,191.84,191.52,239.0,4582860.0,191.89
601888.SH,2022-11-08,0.0,191.78,191.83,191.65,180.0,3452210.0,191.889
601888.SH,2022-11-08,0.0,191.51,191.65,191.4,214.0,4098360.0,191.887
601888.SH,2022-11-08,0.0,191.8,191.85,191.62,220.0,4218930.0,191.886
601888.SH,2022-11-08,0.0,191.47,191.8,191.47,130.0,2491600.0,191.885
601888.SH,2022-11-08,0.0,191.3,191.58,191.3,216.0,4135670.0,191.882
601888.SH,2022-11-08,0.0,191.44,191.61,191.28,115.0,2197050.0,191.88
601888.SH,2022-11-08,0.0,191.83,191.83,191.49,152.0,2905980.0,191.88
601888.SH,2022-11-08,0.0,191.86,191.9,191.82,263.0,5046020.0,191.879
601888.SH,2022-11-08,0.0,192.03,192.03,191.83,719.0,13801600.0,191.881
601888.SH,2022-11-08,0.0,192.11,192.11,192.0,316.0,6069500.0,191.883
601888.SH,2022-11-08,0.0,191.51,192.11,191.34,293.0,5620700.0,191.882
601888.SH,2022-11-08,0.0,191.11,191.48,191.11,144.0,2754350.0,191.88
601888.SH,2022-11-08,0.0,191.01,191.19,191.0,72.0,1375450.0,191.878
601888.SH,2022-11-08,0.0,191.01,191.1,191.01,55.0,1050680.0,191.877
601888.SH,2022-11-08,0.0,190.81,191.03,190.8,281.0,5366200.0,191.869
601888.SH,2022-11-08,0.0,190.85,190.85,190.81,127.0,2423520.0,191.866
601888.SH,2022-11-08,0.0,191.08,191.08,190.84,82.0,1566040.0,191.864
601888.SH,2022-11-08,0.0,191.11,191.11,191.09,90.0,1719940.0,191.862
601888.SH,2022-11-08,0.0,191.13,191.13,191.11,64.0,1223170.0,191.86
601888.SH,2022-11-08,0.0,191.45,191.45,191.15,97.0,1855530.0,191.859
601888.SH,2022-11-08,0.0,191.44,191.55,191.3,232.0,4441570.0,191.856
601888.SH,2022-11-08,0.0,191.38,191.42,190.98,629.0,12017400.0,191.842
601888.SH,2022-11-08,0.0,191.18,191.36,191.15,47.0,898751.0,191.841
601888.SH,2022-11-08,0.0,191.04,191.27,191.04,124.0,2370070.0,191.839
601888.SH,2022-11-08,0.0,190.97,191.04,190.96,100.0,1909920.0,191.837
601888.SH,2022-11-08,0.0,191.06,191.08,190.97,169.0,3228300.0,191.833
601888.SH,2022-11-08,0.0,191.64,191.74,191.09,291.0,5570940.0,191.83
601888.SH,2022-11-08,0.0,191.87,191.93,191.49,277.0,5312590.0,191.83
601888.SH,2022-11-08,0.0,191.85,191.91,191.83,168.0,3223680.0,191.83
601888.SH,2022-11-08,0.0,191.23,191.85,191.06,94.0,1799800.0,191.829
601888.SH,2022-11-08,0.0,191.42,191.42,191.23,63.0,1205540.0,191.828
601888.SH,2022-11-08,0.0,191.0,191.43,190.97,333.0,6366770.0,191.823
601888.SH,2022-11-08,0.0,190.77,191.0,190.77,166.0,3168860.0,191.819
601888.SH,2022-11-08,0.0,190.63,190.74,190.6,177.0,3374040.0,191.813
601888.SH,2022-11-08,0.0,190.9,190.9,190.64,256.0,4881590.0,191.806
601888.SH,2022-11-08,0.0,190.61,191.0,190.61,499.0,9527220.0,191.794
601888.SH,2022-11-08,0.0,190.58,190.75,190.56,412.0,7855860.0,191.783
601888.SH,2022-11-08,0.0,190.58,190.61,190.57,70.0,1334110.0,191.781
601888.SH,2022-11-08,0.0,190.62,190.69,190.58,290.0,5527970.0,191.772
601888.SH,2022-11-08,0.0,190.67,190.68,190.61,135.0,2573520.0,191.768
601888.SH,2022-11-08,0.0,190.59,190.68,190.58,103.0,1963240.0,191.765
601888.SH,2022-11-08,0.0,190.53,190.58,190.53,96.0,1829220.0,191.762
601888.SH,2022-11-08,0.0,190.35,190.48,190.35,253.0,4818720.0,191.754
601888.SH,2022-11-08,0.0,190.48,190.58,190.34,222.0,4228160.0,191.747
601888.SH,2022-11-08,0.0,190.47,190.5,190.44,78.0,1485690.0,191.744
601888.SH,2022-11-08,0.0,190.5,190.59,190.48,161.0,3067440.0,191.74
601888.SH,2022-11-08,0.0,190.55,190.6,190.54,84.0,1600730.0,191.737
601888.SH,2022-11-08,0.0,190.47,190.55,190.47,135.0,2572050.0,191.733
601888.SH,2022-11-08,0.0,190.48,190.5,190.47,92.0,1761550.0,191.73
601888.SH,2022-11-08,0.0,190.73,190.74,190.44,232.0,4411590.0,191.724
601888.SH,2022-11-08,0.0,190.72,190.89,190.63,76.0,1450330.0,191.722
601888.SH,2022-11-08,0.0,190.75,190.89,190.53,141.0,2687560.0,191.718
601888.SH,2022-11-08,0.0,190.5,190.75,190.5,319.0,6081740.0,191.71
601888.SH,2022-11-08,0.0,190.35,190.51,190.35,160.0,3046470.0,191.705
601888.SH,2022-11-08,0.0,190.35,190.37,190.34,124.0,2360390.0,191.701
601888.SH,2022-11-08,0.0,190.11,190.33,190.11,354.0,6733560.0,191.689
601888.SH,2022-11-08,0.0,190.02,190.11,190.01,322.0,6119820.0,191.677
601888.SH,2022-11-08,0.0,190.02,190.02,190.01,168.0,3184840.0,191.67
601888.SH,2022-11-08,0.0,190.29,190.29,190.01,220.0,4181880.0,191.662
601888.SH,2022-11-08,0.0,190.5,190.59,190.25,208.0,3951180.0,191.656
601888.SH,2022-11-08,0.0,190.65,190.71,190.52,193.0,3678550.0,191.651
601888.SH,2022-11-08,0.0,190.22,190.67,190.22,235.0,4474810.0,191.645
601888.SH,2022-11-08,0.0,190.58,190.75,190.11,372.0,7081890.0,191.634
601888.SH,2022-11-08,0.0,190.22,190.56,190.22,145.0,2760240.0,191.63
601888.SH,2022-11-08,0.0,190.2,190.29,190.15,130.0,2472880.0,191.626
601888.SH,2022-11-08,0.0,190.11,190.21,190.11,170.0,3232670.0,191.62
601888.SH,2022-11-08,0.0,190.0,190.17,190.0,260.0,4949020.0,191.611
601888.SH,2022-11-08,0.0,190.41,190.41,190.0,557.0,10582100.0,191.593
601888.SH,2022-11-08,0.0,190.26,190.37,190.26,160.0,3045300.0,191.588
601888.SH,2022-11-08,0.0,189.88,190.31,189.85,894.0,16989900.0,191.558
601888.SH,2022-11-08,0.0,189.82,189.91,189.82,403.0,7651420.0,191.543
601888.SH,2022-11-08,0.0,190.09,190.17,189.78,481.0,9135020.0,191.527
601888.SH,2022-11-08,0.0,190.11,190.18,190.08,376.0,7148800.0,191.516
601888.SH,2022-11-08,0.0,189.9,190.17,189.77,213.0,4047820.0,191.509
601888.SH,2022-11-08,0.0,189.8,189.91,189.8,235.0,4462340.0,191.501
601888.SH,2022-11-08,0.0,189.66,189.78,189.61,333.0,6317630.0,191.489
601888.SH,2022-11-08,0.0,189.55,189.69,189.55,279.0,5290270.0,191.478
601888.SH,2022-11-08,0.0,189.57,189.6,189.4,721.0,13663800.0,191.45
601888.SH,2022-11-08,0.0,189.63,189.69,189.57,444.0,8418770.0,191.434
601888.SH,2022-11-08,0.0,189.89,189.89,189.69,308.0,5845870.0,191.424
601888.SH,2022-11-08,0.0,189.86,189.91,189.86,197.0,3740880.0,191.418
601888.SH,2022-11-08,0.0,190.0,190.07,189.85,303.0,5755740.0,191.409
601888.SH,2022-11-08,0.0,190.05,190.09,189.89,265.0,5035120.0,191.402
601888.SH,2022-11-08,0.0,190.61,190.62,190.12,390.0,7426830.0,191.394
601888.SH,2022-11-08,0.0,190.46,190.61,190.25,242.0,4609720.0,191.39
601888.SH,2022-11-08,0.0,190.35,190.46,190.31,207.0,3940530.0,191.386
601888.SH,2022-11-08,0.0,190.33,190.43,190.23,218.0,4150060.0,191.382
601888.SH,2022-11-08,0.0,190.18,190.35,190.05,142.0,2701100.0,191.379
601888.SH,2022-11-08,0.0,190.3,190.3,190.05,320.0,6084780.0,191.371
601888.SH,2022-11-08,0.0,190.4,190.4,190.1,267.0,5081230.0,191.366
601888.SH,2022-11-08,0.0,190.43,190.44,190.4,205.0,3903860.0,191.362
601888.SH,2022-11-08,0.0,190.53,190.6,190.44,306.0,5829440.0,191.357
601888.SH,2022-11-08,0.0,190.2,190.56,190.19,209.0,3979800.0,191.354
601888.SH,2022-11-08,0.0,190.48,190.48,190.06,432.0,8216840.0,191.345
601888.SH,2022-11-08,0.0,190.25,190.5,190.25,129.0,2455170.0,191.342
601888.SH,2022-11-08,0.0,190.22,190.28,190.2,312.0,5935420.0,191.336
601888.SH,2022-11-08,0.0,190.12,190.25,190.12,169.0,3214070.0,191.332
601888.SH,2022-11-08,0.0,190.07,190.12,190.02,314.0,5968390.0,191.325
601888.SH,2022-11-08,0.0,190.01,190.04,190.0,300.0,5700490.0,191.318
601888.SH,2022-11-08,0.0,189.84,190.0,189.84,261.0,4958120.0,191.312
601888.SH,2022-11-08,0.0,189.71,189.84,189.7,237.0,4497750.0,191.305
601888.SH,2022-11-08,0.0,189.51,189.69,189.51,219.0,4152220.0,191.298
601888.SH,2022-11-08,0.0,189.35,189.51,189.23,735.0,13921900.0,191.274
601888.SH,2022-11-08,0.0,189.62,189.78,189.38,423.0,8019730.0,191.262
601888.SH,2022-11-08,0.0,189.57,189.62,189.57,314.0,5953100.0,191.252
601888.SH,2022-11-08,0.0,189.49,189.55,189.48,239.0,4529580.0,191.245
601888.SH,2022-11-08,0.0,189.7,189.82,189.48,377.0,7146680.0,191.234
601888.SH,2022-11-08,0.0,189.66,189.73,189.66,181.0,3433540.0,191.23
601888.SH,2022-11-08,0.0,189.62,189.66,189.53,279.0,5289780.0,191.222
601888.SH,2022-11-08,0.0,189.63,189.63,189.59,200.0,3792230.0,191.216
601888.SH,2022-11-08,0.0,189.54,189.63,189.54,142.0,2692060.0,191.212
601888.SH,2022-11-08,0.0,189.52,189.53,189.5,265.0,5022060.0,191.205
601888.SH,2022-11-08,0.0,189.53,189.53,189.49,373.0,7069290.0,191.194
601888.SH,2022-11-08,0.0,189.52,189.71,189.49,192.0,3640120.0,191.189
601888.SH,2022-11-08,0.0,189.79,189.85,189.52,641.0,12155200.0,191.174
601888.SH,2022-11-08,0.0,189.99,190.02,189.8,398.0,7558440.0,191.166
601888.SH,2022-11-08,0.0,190.13,190.14,189.95,277.0,5263720.0,191.16
601888.SH,2022-11-08,0.0,189.75,190.07,189.7,232.0,4405810.0,191.156
601888.SH,2022-11-08,0.0,189.66,189.75,189.66,171.0,3243900.0,191.152
601888.SH,2022-11-08,0.0,189.71,189.86,189.6,543.0,10297300.0,191.139
601888.SH,2022-11-08,0.0,189.77,189.9,189.77,137.0,2600530.0,191.136
601888.SH,2022-11-08,0.0,189.69,189.77,189.67,232.0,4401540.0,191.13
601888.SH,2022-11-08,0.0,189.65,189.68,189.63,181.0,3432520.0,191.126
601888.SH,2022-11-08,0.0,189.6,189.65,189.6,170.0,3223760.0,191.122
601888.SH,2022-11-08,0.0,189.59,189.62,189.58,222.0,4209130.0,191.117
601888.SH,2022-11-08,0.0,189.58,189.6,189.57,185.0,3507290.0,191.112
601888.SH,2022-11-08,0.0,189.6,189.63,189.53,279.0,5288940.0,191.105
601888.SH,2022-11-08,0.0,189.73,189.8,189.6,379.0,7189630.0,191.097
601888.SH,2022-11-08,0.0,189.69,189.75,189.63,412.0,7814880.0,191.088
601888.SH,2022-11-08,0.0,189.76,189.98,189.7,338.0,6414860.0,191.081
601888.SH,2022-11-08,0.0,189.75,189.78,189.75,163.0,3093090.0,191.078
601888.SH,2022-11-08,0.0,189.84,189.97,189.72,324.0,6148290.0,191.071
601888.SH,2022-11-08,0.0,189.92,189.95,189.84,150.0,2848890.0,191.069
601888.SH,2022-11-08,0.0,190.05,190.05,189.9,285.0,5414360.0,191.064
601888.SH,2022-11-08,0.0,190.22,190.23,190.03,257.0,4885990.0,191.06
601888.SH,2022-11-08,0.0,190.22,190.29,190.2,247.0,4699400.0,191.057
601888.SH,2022-11-08,0.0,190.05,190.24,190.05,213.0,4050130.0,191.054
601888.SH,2022-11-08,0.0,189.91,190.0,189.9,172.0,3267280.0,191.052
601888.SH,2022-11-08,0.0,189.88,189.91,189.87,231.0,4386480.0,191.047
601888.SH,2022-11-08,0.0,189.88,189.93,189.86,216.0,4101430.0,191.044
601888.SH,2022-11-08,0.0,189.9,189.9,189.87,145.0,2753300.0,191.041
601888.SH,2022-11-08,0.0,189.93,189.93,189.87,241.0,4576380.0,191.037
601888.SH,2022-11-08,0.0,189.9,189.96,189.88,486.0,9229690.0,191.029
601888.SH,2022-11-08,0.0,189.76,189.98,189.76,292.0,5543480.0,191.024
601888.SH,2022-11-08,0.0,189.74,189.76,189.68,302.0,5729380.0,191.018
601888.SH,2022-11-08,0.0,190.12,190.12,189.71,585.0,11108500.0,191.009
601888.SH,2022-11-08,0.0,190.07,190.37,190.03,284.0,5401250.0,191.005
601888.SH,2022-11-08,0.0,189.91,190.08,189.9,272.0,5167410.0,191.001
601888.SH,2022-11-08,0.0,190.04,190.04,189.9,312.0,5927720.0,190.997
601888.SH,2022-11-08,0.0,190.12,190.12,190.05,175.0,3326570.0,190.994
601888.SH,2022-11-08,0.0,190.19,190.19,190.13,198.0,3765330.0,190.992
601888.SH,2022-11-08,0.0,190.23,190.23,190.19,212.0,4032450.0,190.99
601888.SH,2022-11-08,0.0,190.16,190.23,190.16,276.0,5249600.0,190.987
601888.SH,2022-11-08,0.0,190.18,190.22,190.14,282.0,5363830.0,190.983
601888.SH,2022-11-08,0.0,190.26,190.32,190.15,250.0,4755230.0,190.981
601888.SH,2022-11-08,0.0,190.32,190.33,190.26,198.0,3768140.0,190.979
601888.SH,2022-11-08,0.0,190.48,190.48,190.3,283.0,5387740.0,190.977
601888.SH,2022-11-08,0.0,190.6,190.6,190.48,306.0,5829620.0,190.975
601888.SH,2022-11-08,0.0,190.77,190.77,190.61,307.0,5855060.0,190.973
601888.SH,2022-11-08,0.0,190.78,191.0,190.74,816.0,15578800.0,190.973
601888.SH,2022-11-08,0.0,190.79,191.0,190.78,398.0,7598880.0,190.973
601888.SH,2022-11-08,0.0,190.35,190.78,190.35,199.0,3793530.0,190.972
601888.SH,2022-11-08,0.0,190.58,190.6,190.31,140.0,2666520.0,190.971
601888.SH,2022-11-08,0.0,190.98,190.98,190.7,340.0,6489860.0,190.97
601888.SH,2022-11-08,0.0,190.93,190.99,190.93,388.0,7410070.0,190.97
601888.SH,2022-11-08,0.0,190.6,190.97,190.6,128.0,2442980.0,190.97
601888.SH,2022-11-08,0.0,191.08,191.08,190.6,750.0,14322400.0,190.97
601888.SH,2022-11-08,0.0,191.29,191.29,191.0,551.0,10533800.0,190.971
601888.SH,2022-11-08,0.0,191.29,191.3,191.0,548.0,10474500.0,190.973
601888.SH,2022-11-08,0.0,191.25,191.25,191.25,7.0,133892.0,190.973
601888.SH,2022-11-08,0.0,191.25,191.25,191.25,0.0,0.0,190.973
601888.SH,2022-11-08,0.0,191.35,191.35,191.35,546.0,10447700.0,190.975
601888.SH,2022-11-09,0.0,191.0,191.0,191.0,179.0,3418900.0,191.0
601888.SH,2022-11-09,0.0,191.4,191.7,190.11,947.0,18106000.0,191.163
601888.SH,2022-11-09,0.0,192.5,192.78,191.25,685.0,13155000.0,191.496
601888.SH,2022-11-09,0.0,192.72,193.18,192.5,706.0,13620800.0,191.898
601888.SH,2022-11-09,0.0,191.77,192.56,191.77,404.0,7766940.0,191.947
601888.SH,2022-11-09,0.0,192.5,192.67,191.48,288.0,5536910.0,191.975
601888.SH,2022-11-09,0.0,191.4,192.5,191.33,400.0,7676630.0,191.968
601888.SH,2022-11-09,0.0,191.3,191.61,191.3,156.0,2986550.0,191.946
601888.SH,2022-11-09,0.0,192.0,192.0,191.3,208.0,3986220.0,191.931
601888.SH,2022-11-09,0.0,191.9,192.25,191.6,266.0,5106340.0,191.933
601888.SH,2022-11-09,0.0,191.0,191.7,190.88,368.0,7034460.0,191.871
601888.SH,2022-11-09,0.0,191.46,191.46,191.15,96.0,1836640.0,191.859
601888.SH,2022-11-09,0.0,190.89,191.46,190.89,348.0,6653980.0,191.814
601888.SH,2022-11-09,0.0,191.46,191.46,190.82,182.0,3481120.0,191.796
601888.SH,2022-11-09,0.0,191.43,191.49,191.3,149.0,2852100.0,191.785
601888.SH,2022-11-09,0.0,190.68,191.28,190.68,202.0,3857680.0,191.756
601888.SH,2022-11-09,0.0,190.52,190.68,190.52,218.0,4155010.0,191.712
601888.SH,2022-11-09,0.0,190.39,190.54,190.39,150.0,2857460.0,191.681
601888.SH,2022-11-09,0.0,190.36,190.39,190.3,144.0,2741000.0,191.65
601888.SH,2022-11-09,0.0,190.5,190.5,190.36,97.0,1847420.0,191.631
601888.SH,2022-11-09,0.0,190.42,190.51,190.42,57.0,1085800.0,191.621
601888.SH,2022-11-09,0.0,190.15,190.46,190.15,277.0,5272080.0,191.566
601888.SH,2022-11-09,0.0,190.2,190.22,190.12,167.0,3176080.0,191.532
601888.SH,2022-11-09,0.0,189.2,190.26,189.2,631.0,11975700.0,191.381
601888.SH,2022-11-09,0.0,189.58,189.58,189.1,587.0,11106500.0,191.22
601888.SH,2022-11-09,0.0,189.9,189.9,189.58,221.0,4193450.0,191.18
601888.SH,2022-11-09,0.0,189.5,189.87,189.5,165.0,3129810.0,191.151
601888.SH,2022-11-09,0.0,189.27,189.5,189.2,451.0,8535830.0,191.053
601888.SH,2022-11-09,0.0,189.03,189.3,189.03,886.0,16763500.0,190.883
601888.SH,2022-11-09,0.0,189.52,189.56,189.0,1116.0,21111300.0,190.705
601888.SH,2022-11-09,0.0,189.56,189.56,189.3,203.0,3844680.0,190.681
601888.SH,2022-11-09,0.0,190.42,190.42,189.6,319.0,6064120.0,190.664
601888.SH,2022-11-09,0.0,190.32,190.35,190.04,153.0,2910180.0,190.658
601888.SH,2022-11-09,0.0,190.6,190.6,190.32,205.0,3905040.0,190.655
601888.SH,2022-11-09,0.0,190.99,190.99,190.6,296.0,5650520.0,190.661
601888.SH,2022-11-09,0.0,190.76,190.95,190.54,143.0,2728330.0,190.663
601888.SH,2022-11-09,0.0,190.0,190.66,190.0,89.0,1693590.0,190.66
601888.SH,2022-11-09,0.0,189.66,190.15,189.66,249.0,4731170.0,190.647
601888.SH,2022-11-09,0.0,189.79,189.94,189.67,108.0,2049990.0,190.64
601888.SH,2022-11-09,0.0,189.99,190.0,189.79,91.0,1727890.0,190.634
601888.SH,2022-11-09,0.0,189.8,190.0,189.8,175.0,3322670.0,190.624
601888.SH,2022-11-09,0.0,189.65,189.8,189.5,203.0,3848890.0,190.608
601888.SH,2022-11-09,0.0,189.87,190.06,189.65,220.0,4178300.0,190.596
601888.SH,2022-11-09,0.0,189.58,190.05,189.58,182.0,3455230.0,190.586
601888.SH,2022-11-09,0.0,189.74,189.8,189.56,84.0,1593410.0,190.581
601888.SH,2022-11-09,0.0,189.86,189.86,189.58,105.0,1992310.0,190.574
601888.SH,2022-11-09,0.0,190.02,190.02,189.8,59.0,1120750.0,190.572
601888.SH,2022-11-09,0.0,190.57,190.59,190.04,134.0,2549980.0,190.57
601888.SH,2022-11-09,0.0,191.03,191.03,190.62,381.0,7274760.0,190.58
601888.SH,2022-11-09,0.0,190.8,191.12,190.8,297.0,5671630.0,190.587
601888.SH,2022-11-09,0.0,190.77,191.0,190.26,368.0,7013840.0,190.588
601888.SH,2022-11-09,0.0,190.3,190.71,190.18,87.0,1656610.0,190.587
601888.SH,2022-11-09,0.0,190.8,190.8,190.28,51.0,972232.0,190.587
601888.SH,2022-11-09,0.0,191.12,191.12,190.8,129.0,2463250.0,190.59
601888.SH,2022-11-09,0.0,191.5,191.5,191.0,231.0,4415930.0,190.599
601888.SH,2022-11-09,0.0,191.6,191.77,191.5,355.0,6802340.0,190.622
601888.SH,2022-11-09,0.0,191.8,191.84,191.6,164.0,3144980.0,190.633
601888.SH,2022-11-09,0.0,191.4,191.84,191.12,164.0,3141840.0,190.643
601888.SH,2022-11-09,0.0,191.15,191.47,191.15,97.0,1855710.0,190.647
601888.SH,2022-11-09,0.0,191.41,191.43,191.13,76.0,1453860.0,190.65
601888.SH,2022-11-09,0.0,191.68,191.68,191.23,328.0,6278790.0,190.666
601888.SH,2022-11-09,0.0,191.43,191.75,191.43,277.0,5309030.0,190.682
601888.SH,2022-11-09,0.0,191.23,191.34,191.15,207.0,3958150.0,190.689
601888.SH,2022-11-09,0.0,191.4,191.48,191.21,70.0,1341570.0,190.691
601888.SH,2022-11-09,0.0,191.27,191.42,191.27,167.0,3195440.0,190.698
601888.SH,2022-11-09,0.0,191.27,191.35,191.21,77.0,1472530.0,190.7
601888.SH,2022-11-09,0.0,190.8,191.33,190.8,337.0,6443730.0,190.71
601888.SH,2022-11-09,0.0,190.6,190.8,190.51,110.0,2097640.0,190.71
601888.SH,2022-11-09,0.0,190.68,190.72,190.5,111.0,2115470.0,190.709
601888.SH,2022-11-09,0.0,190.63,190.85,190.63,64.0,1220440.0,190.709
601888.SH,2022-11-09,0.0,190.35,190.68,190.3,187.0,3562760.0,190.707
601888.SH,2022-11-09,0.0,190.46,190.51,190.38,82.0,1561890.0,190.706
601888.SH,2022-11-09,0.0,190.4,190.46,190.4,75.0,1428330.0,190.705
601888.SH,2022-11-09,0.0,190.38,190.41,190.35,138.0,2627290.0,190.702
601888.SH,2022-11-09,0.0,190.24,190.41,190.22,276.0,5252080.0,190.696
601888.SH,2022-11-09,0.0,190.22,190.22,190.11,344.0,6541620.0,190.687
601888.SH,2022-11-09,0.0,190.56,190.56,190.22,68.0,1294470.0,190.685
601888.SH,2022-11-09,0.0,190.42,190.57,190.42,145.0,2762570.0,190.684
601888.SH,2022-11-09,0.0,190.1,190.42,190.1,210.0,3995250.0,190.68
601888.SH,2022-11-09,0.0,189.92,190.25,189.92,417.0,7924590.0,190.666
601888.SH,2022-11-09,0.0,190.0,190.0,189.92,80.0,1519630.0,190.663
601888.SH,2022-11-09,0.0,190.12,190.25,189.94,438.0,8322940.0,190.649
601888.SH,2022-11-09,0.0,190.07,190.2,190.0,99.0,1881810.0,190.647
601888.SH,2022-11-09,0.0,190.0,190.21,189.96,323.0,6139920.0,190.638
601888.SH,2022-11-09,0.0,190.07,190.2,190.0,158.0,3002340.0,190.633
601888.SH,2022-11-09,0.0,190.31,190.31,190.05,136.0,2586630.0,190.631
601888.SH,2022-11-09,0.0,190.13,190.34,190.12,97.0,1845280.0,190.629
601888.SH,2022-11-09,0.0,190.18,190.28,190.11,111.0,2110690.0,190.626
601888.SH,2022-11-09,0.0,190.01,190.18,190.01,152.0,2890210.0,190.623
601888.SH,2022-11-09,0.0,189.95,190.12,189.94,158.0,3002180.0,190.618
601888.SH,2022-11-09,0.0,190.01,190.13,189.94,147.0,2793240.0,190.614
601888.SH,2022-11-09,0.0,190.12,190.18,189.95,95.0,1805610.0,190.612
601888.SH,2022-11-09,0.0,190.15,190.19,190.11,114.0,2167510.0,190.609
601888.SH,2022-11-09,0.0,190.14,190.15,190.08,107.0,2034280.0,190.607
601888.SH,2022-11-09,0.0,190.32,190.38,190.04,110.0,2092270.0,190.605
601888.SH,2022-11-09,0.0,190.37,190.38,190.32,65.0,1237370.0,190.604
601888.SH,2022-11-09,0.0,190.09,190.38,190.0,150.0,2853110.0,190.602
601888.SH,2022-11-09,0.0,190.12,190.31,190.1,71.0,1350590.0,190.601
601888.SH,2022-11-09,0.0,190.11,190.26,190.11,61.0,1159910.0,190.599
601888.SH,2022-11-09,0.0,189.9,190.14,189.9,152.0,2888320.0,190.595
601888.SH,2022-11-09,0.0,189.93,189.93,189.78,151.0,2866890.0,190.591
601888.SH,2022-11-09,0.0,189.94,190.0,189.93,63.0,1196810.0,190.589
601888.SH,2022-11-09,0.0,189.93,190.0,189.91,140.0,2659050.0,190.585
601888.SH,2022-11-09,0.0,189.97,190.0,189.88,327.0,6209940.0,190.575
601888.SH,2022-11-09,0.0,189.96,190.0,189.96,53.0,1006860.0,190.574
601888.SH,2022-11-09,0.0,190.0,190.0,189.96,104.0,1975730.0,190.571
601888.SH,2022-11-09,0.0,189.75,190.0,189.75,223.0,4233650.0,190.565
601888.SH,2022-11-09,0.0,189.6,189.75,189.58,194.0,3679320.0,190.557
601888.SH,2022-11-09,0.0,189.41,189.6,189.33,741.0,14036500.0,190.523
601888.SH,2022-11-09,0.0,189.6,189.6,189.36,352.0,6666910.0,190.507
601888.SH,2022-11-09,0.0,189.45,189.6,189.45,170.0,3221760.0,190.501
601888.SH,2022-11-09,0.0,189.94,189.94,189.44,178.0,3373300.0,190.494
601888.SH,2022-11-09,0.0,190.2,190.21,189.93,221.0,4199600.0,190.49
601888.SH,2022-11-09,0.0,190.25,190.25,190.14,82.0,1559680.0,190.489
601888.SH,2022-11-09,0.0,190.21,190.25,190.2,117.0,2225810.0,190.488
601888.SH,2022-11-09,0.0,190.13,190.27,190.13,125.0,2377990.0,190.487
601888.SH,2022-11-09,0.0,189.4,190.11,189.35,396.0,7503040.0,190.471
601888.SH,2022-11-09,0.0,189.33,189.4,189.3,287.0,5432770.0,190.459
601888.SH,2022-11-09,0.0,189.09,189.31,189.09,466.0,8817640.0,190.437
601888.SH,2022-11-09,0.0,189.0,189.2,189.0,846.0,15993800.0,190.395
601888.SH,2022-11-09,0.0,189.01,189.09,189.0,179.0,3383390.0,190.387
601888.SH,2022-11-09,0.0,189.3,189.3,188.91,1009.0,19062000.0,190.339
601888.SH,2022-11-09,0.0,189.64,189.89,189.33,212.0,4026010.0,190.334
601888.SH,2022-11-09,0.0,189.87,189.96,189.64,123.0,2335890.0,190.332
601888.SH,2022-11-09,0.0,189.88,189.89,189.79,134.0,2544160.0,190.33
601888.SH,2022-11-09,0.0,190.34,190.45,189.96,314.0,5970650.0,190.328
601888.SH,2022-11-09,0.0,190.1,190.34,190.1,130.0,2472800.0,190.327
601888.SH,2022-11-09,0.0,190.0,190.1,189.9,46.0,874131.0,190.327
601888.SH,2022-11-09,0.0,190.01,190.02,189.98,277.0,5263070.0,190.324
601888.SH,2022-11-09,0.0,189.88,190.01,189.88,99.0,1880470.0,190.323
601888.SH,2022-11-09,0.0,189.6,189.83,189.47,121.0,2294110.0,190.32
601888.SH,2022-11-09,0.0,189.51,189.76,189.5,59.0,1118410.0,190.319
601888.SH,2022-11-09,0.0,189.52,189.75,189.5,63.0,1194340.0,190.317
601888.SH,2022-11-09,0.0,189.59,189.74,189.52,32.0,606917.0,190.316
601888.SH,2022-11-09,0.0,189.69,189.7,189.54,44.0,834129.0,190.315
601888.SH,2022-11-09,0.0,189.46,189.6,189.46,67.0,1269880.0,190.314
601888.SH,2022-11-09,0.0,189.35,189.46,189.25,112.0,2120570.0,190.31
601888.SH,2022-11-09,0.0,189.39,189.4,189.36,46.0,871172.0,190.309
601888.SH,2022-11-09,0.0,189.3,189.39,189.27,156.0,2953740.0,190.304
601888.SH,2022-11-09,0.0,189.3,189.3,189.27,113.0,2138890.0,190.3
601888.SH,2022-11-09,0.0,189.26,189.46,189.21,889.0,16833000.0,190.274
601888.SH,2022-11-09,0.0,189.19,189.26,189.19,150.0,2838550.0,190.269
601888.SH,2022-11-09,0.0,189.12,189.14,188.98,334.0,6313280.0,190.256
601888.SH,2022-11-09,0.0,189.0,189.12,188.98,291.0,5499920.0,190.245
601888.SH,2022-11-09,0.0,188.99,189.0,188.9,237.0,4478680.0,190.236
601888.SH,2022-11-09,0.0,188.99,188.99,188.95,123.0,2324440.0,190.231
601888.SH,2022-11-09,0.0,189.14,189.14,188.99,578.0,10926100.0,190.211
601888.SH,2022-11-09,0.0,189.0,189.14,188.99,199.0,3761620.0,190.204
601888.SH,2022-11-09,0.0,189.02,189.1,189.0,189.0,3572140.0,190.197
601888.SH,2022-11-09,0.0,189.15,189.15,189.0,125.0,2363160.0,190.193
601888.SH,2022-11-09,0.0,189.25,189.28,189.15,189.0,3575420.0,190.188
601888.SH,2022-11-09,0.0,189.31,189.64,189.25,252.0,4778670.0,190.184
601888.SH,2022-11-09,0.0,189.49,189.52,189.31,139.0,2632900.0,190.181
601888.SH,2022-11-09,0.0,189.58,189.63,189.4,124.0,2350460.0,190.178
601888.SH,2022-11-09,0.0,189.31,189.55,189.31,113.0,2141080.0,190.176
601888.SH,2022-11-09,0.0,189.04,189.38,189.04,231.0,4372000.0,190.17
601888.SH,2022-11-09,0.0,189.11,189.2,189.03,127.0,2401760.0,190.166
601888.SH,2022-11-09,0.0,189.1,189.23,189.08,71.0,1342850.0,190.164
601888.SH,2022-11-09,0.0,188.94,189.11,188.91,293.0,5537970.0,190.155
601888.SH,2022-11-09,0.0,188.94,189.0,188.91,179.0,3381770.0,190.149
601888.SH,2022-11-09,0.0,188.86,188.97,188.86,272.0,5138130.0,190.139
601888.SH,2022-11-09,0.0,188.47,188.85,188.41,548.0,10335900.0,190.117
601888.SH,2022-11-09,0.0,188.58,188.82,188.58,328.0,6187110.0,190.104
601888.SH,2022-11-09,0.0,188.35,188.55,188.33,596.0,11233500.0,190.078
601888.SH,2022-11-09,0.0,188.08,188.36,187.96,2850.0,53591000.0,189.935
601888.SH,2022-11-09,0.0,188.2,188.27,188.05,568.0,10688900.0,189.91
601888.SH,2022-11-09,0.0,188.52,188.55,188.18,302.0,5689340.0,189.899
601888.SH,2022-11-09,0.0,188.76,188.76,188.55,201.0,3791900.0,189.893
601888.SH,2022-11-09,0.0,188.58,188.85,188.57,262.0,4942980.0,189.885
601888.SH,2022-11-09,0.0,188.37,188.58,188.37,211.0,3976980.0,189.878
601888.SH,2022-11-09,0.0,188.29,188.39,188.25,612.0,11524100.0,189.856
601888.SH,2022-11-09,0.0,188.4,188.47,188.25,657.0,12372500.0,189.833
601888.SH,2022-11-09,0.0,188.3,188.4,188.3,329.0,6195730.0,189.822
601888.SH,2022-11-09,0.0,188.18,188.31,188.0,1281.0,24096300.0,189.773
601888.SH,2022-11-09,0.0,188.25,188.28,188.14,191.0,3594500.0,189.766
601888.SH,2022-11-09,0.0,188.16,188.28,188.16,208.0,3914620.0,189.759
601888.SH,2022-11-09,0.0,187.96,188.04,187.94,366.0,6881420.0,189.745
601888.SH,2022-11-09,0.0,188.02,188.06,187.93,568.0,10678700.0,189.724
601888.SH,2022-11-09,0.0,187.97,188.0,187.93,280.0,5263420.0,189.713
601888.SH,2022-11-09,0.0,187.95,188.0,187.93,255.0,4793370.0,189.704
601888.SH,2022-11-09,0.0,187.96,188.0,187.95,160.0,3007480.0,189.698
601888.SH,2022-11-09,0.0,188.0,188.12,187.95,357.0,6711970.0,189.685
601888.SH,2022-11-09,0.0,187.98,188.0,187.95,216.0,4060110.0,189.678
601888.SH,2022-11-09,0.0,188.0,188.0,187.94,301.0,5658130.0,189.667
601888.SH,2022-11-09,0.0,188.36,188.36,187.99,392.0,7372900.0,189.654
601888.SH,2022-11-09,0.0,188.4,188.4,188.2,314.0,5911470.0,189.645
601888.SH,2022-11-09,0.0,188.44,188.44,188.31,267.0,5029350.0,189.638
601888.SH,2022-11-09,0.0,188.5,188.5,188.39,182.0,3429980.0,189.634
601888.SH,2022-11-09,0.0,188.67,188.68,188.5,338.0,6374420.0,189.627
601888.SH,2022-11-09,0.0,188.65,188.66,188.29,272.0,5127360.0,189.621
601888.SH,2022-11-09,0.0,188.33,188.6,188.29,170.0,3203020.0,189.616
601888.SH,2022-11-09,0.0,188.0,188.33,188.0,334.0,6283170.0,189.607
601888.SH,2022-11-09,0.0,188.21,188.33,188.0,198.0,3724760.0,189.601
601888.SH,2022-11-09,0.0,188.33,188.33,188.14,151.0,2842550.0,189.597
601888.SH,2022-11-09,0.0,188.35,188.47,188.25,115.0,2166320.0,189.594
601888.SH,2022-11-09,0.0,188.35,188.41,188.35,100.0,1883700.0,189.591
601888.SH,2022-11-09,0.0,188.26,188.35,188.25,144.0,2711460.0,189.588
601888.SH,2022-11-09,0.0,188.32,188.5,188.32,175.0,3297360.0,189.584
601888.SH,2022-11-09,0.0,188.31,188.47,188.26,62.0,1167760.0,189.582
601888.SH,2022-11-09,0.0,188.27,188.33,188.27,123.0,2316200.0,189.579
601888.SH,2022-11-09,0.0,188.2,188.3,188.2,66.0,1242470.0,189.578
601888.SH,2022-11-09,0.0,188.23,188.27,188.18,149.0,2804930.0,189.574
601888.SH,2022-11-09,0.0,188.2,188.25,188.18,84.0,1581030.0,189.572
601888.SH,2022-11-09,0.0,188.2,188.22,188.17,100.0,1881930.0,189.569
601888.SH,2022-11-09,0.0,188.7,188.7,188.2,167.0,3145840.0,189.565
601888.SH,2022-11-09,0.0,188.6,188.68,188.6,85.0,1603490.0,189.564
601888.SH,2022-11-09,0.0,188.64,188.64,188.54,72.0,1357700.0,189.562
601888.SH,2022-11-09,0.0,189.68,189.78,188.68,390.0,7373100.0,189.558
601888.SH,2022-11-09,0.0,189.3,189.59,189.01,96.0,1817350.0,189.558
601888.SH,2022-11-09,0.0,189.33,189.33,189.07,79.0,1494540.0,189.557
601888.SH,2022-11-09,0.0,189.13,189.39,189.13,125.0,2365700.0,189.557
601888.SH,2022-11-09,0.0,188.62,189.11,188.55,147.0,2775230.0,189.555
601888.SH,2022-11-09,0.0,188.47,188.62,188.47,106.0,1998750.0,189.553
601888.SH,2022-11-09,0.0,188.81,188.81,188.49,239.0,4507700.0,189.548
601888.SH,2022-11-09,0.0,188.89,188.89,188.69,99.0,1869240.0,189.547
601888.SH,2022-11-09,0.0,189.0,189.08,188.93,114.0,2154580.0,189.546
601888.SH,2022-11-09,0.0,188.91,189.0,188.83,79.0,1492770.0,189.545
601888.SH,2022-11-09,0.0,188.93,188.93,188.75,61.0,1151880.0,189.544
601888.SH,2022-11-09,0.0,189.05,189.06,188.89,156.0,2947800.0,189.542
601888.SH,2022-11-09,0.0,189.15,189.3,189.09,140.0,2648900.0,189.542
601888.SH,2022-11-09,0.0,188.96,189.14,188.96,119.0,2246690.0,189.54
601888.SH,2022-11-09,0.0,188.87,188.94,188.83,86.0,1624480.0,189.539
601888.SH,2022-11-09,0.0,188.9,189.0,188.86,206.0,3891450.0,189.537
601888.SH,2022-11-09,0.0,189.0,189.0,188.88,131.0,2474580.0,189.535
601888.SH,2022-11-09,0.0,189.15,189.16,189.0,81.0,1531580.0,189.535
601888.SH,2022-11-09,0.0,189.25,189.25,189.05,107.0,2023380.0,189.534
601888.SH,2022-11-09,0.0,189.45,189.55,189.27,228.0,4319450.0,189.534
601888.SH,2022-11-09,0.0,189.31,189.5,189.18,141.0,2670340.0,189.533
601888.SH,2022-11-09,0.0,189.5,189.5,189.19,175.0,3313590.0,189.533
601888.SH,2022-11-09,0.0,189.46,189.6,189.3,235.0,4451980.0,189.532
601888.SH,2022-11-09,0.0,189.2,189.3,189.1,130.0,2459610.0,189.531
601888.SH,2022-11-09,0.0,189.51,189.51,189.3,237.0,4489270.0,189.531
601888.SH,2022-11-09,0.0,189.38,189.5,189.38,214.0,4053240.0,189.531
601888.SH,2022-11-09,0.0,189.28,189.4,189.2,522.0,9882520.0,189.529
601888.SH,2022-11-09,0.0,189.32,189.34,189.21,204.0,3857260.0,189.528
601888.SH,2022-11-09,0.0,189.4,189.4,189.31,226.0,4277510.0,189.527
601888.SH,2022-11-09,0.0,189.34,189.48,189.31,184.0,3484670.0,189.527
601888.SH,2022-11-09,0.0,189.21,189.35,189.21,199.0,3768880.0,189.526
601888.SH,2022-11-09,0.0,189.21,189.21,189.21,6.0,113526.0,189.526
601888.SH,2022-11-09,0.0,189.21,189.21,189.21,0.0,0.0,189.526
601888.SH,2022-11-09,0.0,189.11,189.11,189.11,780.0,14750600.0,189.52
601888.SH,2022-11-10,0.0,185.0,185.0,185.0,1412.0,26122000.0,185.0
601888.SH,2022-11-10,0.0,185.51,186.0,184.1,3462.0,64153500.0,185.214
601888.SH,2022-11-10,0.0,185.39,186.14,185.08,1891.0,35106100.0,185.338
601888.SH,2022-11-10,0.0,186.66,186.71,185.24,1161.0,21575200.0,185.41
601888.SH,2022-11-10,0.0,186.8,186.99,186.18,844.0,15746800.0,185.522
601888.SH,2022-11-10,0.0,187.5,187.93,186.8,914.0,17110600.0,185.681
601888.SH,2022-11-10,0.0,187.83,188.49,187.5,1010.0,18981900.0,185.894
601888.SH,2022-11-10,0.0,188.0,188.3,187.68,439.0,8253270.0,185.977
601888.SH,2022-11-10,0.0,187.41,188.0,187.4,316.0,5931820.0,186.025
601888.SH,2022-11-10,0.0,186.51,187.35,186.42,535.0,9983000.0,186.051
601888.SH,2022-11-10,0.0,186.01,186.92,186.01,1099.0,20472100.0,186.07
601888.SH,2022-11-10,0.0,186.81,186.81,186.03,561.0,10456600.0,186.083
601888.SH,2022-11-10,0.0,186.85,187.0,186.6,434.0,8104770.0,186.104
601888.SH,2022-11-10,0.0,186.4,186.83,186.4,401.0,7484830.0,186.119
601888.SH,2022-11-10,0.0,186.49,186.7,186.3,441.0,8223400.0,186.129
601888.SH,2022-11-10,0.0,186.3,186.49,186.3,499.0,9300360.0,186.138
601888.SH,2022-11-10,0.0,186.1,186.31,186.06,401.0,7467010.0,186.139
601888.SH,2022-11-10,0.0,185.6,186.1,185.6,802.0,14910600.0,186.129
601888.SH,2022-11-10,0.0,185.6,185.83,185.54,512.0,9502070.0,186.113
601888.SH,2022-11-10,0.0,185.41,185.64,185.4,712.0,13207000.0,186.088
601888.SH,2022-11-10,0.0,185.61,185.8,185.41,596.0,11057200.0,186.07
601888.SH,2022-11-10,0.0,185.55,185.71,185.5,627.0,11629400.0,186.05
601888.SH,2022-11-10,0.0,186.1,186.2,185.56,600.0,11154000.0,186.048
601888.SH,2022-11-10,0.0,186.88,186.88,186.37,685.0,12781100.0,186.066
601888.SH,2022-11-10,0.0,186.68,186.8,186.59,551.0,10287600.0,186.083
601888.SH,2022-11-10,0.0,187.0,187.42,186.69,564.0,10547400.0,186.107
601888.SH,2022-11-10,0.0,186.77,187.3,186.71,235.0,4392000.0,186.115
601888.SH,2022-11-10,0.0,186.04,186.77,186.04,337.0,6280730.0,186.119
601888.SH,2022-11-10,0.0,185.8,186.05,185.8,506.0,9407000.0,186.115
601888.SH,2022-11-10,0.0,186.01,186.04,185.66,422.0,7842040.0,186.109
601888.SH,2022-11-10,0.0,186.5,186.84,186.01,475.0,8850240.0,186.113
601888.SH,2022-11-10,0.0,186.59,186.92,186.47,239.0,4459240.0,186.118
601888.SH,2022-11-10,0.0,187.37,187.5,186.55,486.0,9096950.0,186.14
601888.SH,2022-11-10,0.0,186.83,187.5,186.83,257.0,4808480.0,186.15
601888.SH,2022-11-10,0.0,187.24,187.37,186.6,562.0,10500600.0,186.165
601888.SH,2022-11-10,0.0,186.87,187.24,186.77,496.0,9269790.0,186.18
601888.SH,2022-11-10,0.0,186.5,186.87,186.5,349.0,6513970.0,186.186
601888.SH,2022-11-10,0.0,186.47,186.85,186.47,611.0,11393500.0,186.193
601888.SH,2022-11-10,0.0,186.17,186.47,186.14,194.0,3613770.0,186.193
601888.SH,2022-11-10,0.0,186.67,186.67,186.18,318.0,5928370.0,186.196
601888.SH,2022-11-10,0.0,187.0,187.02,186.67,253.0,4729630.0,186.203
601888.SH,2022-11-10,0.0,186.7,187.36,186.7,226.0,4230080.0,186.211
601888.SH,2022-11-10,0.0,187.22,187.34,186.69,407.0,7619540.0,186.226
601888.SH,2022-11-10,0.0,187.12,187.25,186.96,180.0,3368270.0,186.231
601888.SH,2022-11-10,0.0,186.89,187.13,186.88,129.0,2412530.0,186.235
601888.SH,2022-11-10,0.0,187.36,187.36,186.86,179.0,3349750.0,186.241
601888.SH,2022-11-10,0.0,187.99,187.99,187.21,359.0,6733480.0,186.258
601888.SH,2022-11-10,0.0,187.74,187.93,187.6,598.0,11232900.0,186.29
601888.SH,2022-11-10,0.0,187.52,187.74,187.51,193.0,3620940.0,186.299
601888.SH,2022-11-10,0.0,187.98,187.98,187.51,210.0,3943520.0,186.31
601888.SH,2022-11-10,0.0,187.97,188.0,187.93,703.0,13216000.0,186.349
601888.SH,2022-11-10,0.0,188.0,188.39,187.99,432.0,8124920.0,186.374
601888.SH,2022-11-10,0.0,188.17,188.18,188.0,172.0,3234820.0,186.383
601888.SH,2022-11-10,0.0,188.53,188.7,188.17,544.0,10253100.0,186.42
601888.SH,2022-11-10,0.0,188.3,188.59,188.3,189.0,3562630.0,186.432
601888.SH,2022-11-10,0.0,188.44,188.44,188.25,159.0,2994480.0,186.441
601888.SH,2022-11-10,0.0,188.33,188.58,188.31,180.0,3392350.0,186.453
601888.SH,2022-11-10,0.0,188.0,188.35,188.0,286.0,5382700.0,186.468
601888.SH,2022-11-10,0.0,188.4,188.5,188.0,546.0,10277800.0,186.498
601888.SH,2022-11-10,0.0,188.4,188.4,187.71,307.0,5774640.0,186.512
601888.SH,2022-11-10,0.0,188.72,188.72,188.4,315.0,5938730.0,186.531
601888.SH,2022-11-10,0.0,188.89,188.9,188.7,388.0,7318290.0,186.558
601888.SH,2022-11-10,0.0,189.45,189.5,188.88,1014.0,19172800.0,186.631
601888.SH,2022-11-10,0.0,188.72,189.5,188.72,533.0,10084600.0,186.67
601888.SH,2022-11-10,0.0,188.7,188.72,188.61,384.0,7245390.0,186.691
601888.SH,2022-11-10,0.0,187.58,188.71,187.58,388.0,7301100.0,186.707
601888.SH,2022-11-10,0.0,187.6,187.76,187.54,314.0,5891030.0,186.715
601888.SH,2022-11-10,0.0,187.63,187.64,187.58,339.0,6359300.0,186.723
601888.SH,2022-11-10,0.0,187.68,187.75,187.63,218.0,4091170.0,186.729
601888.SH,2022-11-10,0.0,188.11,188.46,187.68,256.0,4806860.0,186.738
601888.SH,2022-11-10,0.0,188.39,188.39,187.91,149.0,2802250.0,186.743
601888.SH,2022-11-10,0.0,188.0,188.43,187.92,109.0,2050600.0,186.747
601888.SH,2022-11-10,0.0,187.69,187.99,187.68,160.0,3004580.0,186.751
601888.SH,2022-11-10,0.0,187.53,187.69,187.53,135.0,2533000.0,186.755
601888.SH,2022-11-10,0.0,187.14,187.52,187.14,256.0,4794760.0,186.758
601888.SH,2022-11-10,0.0,187.63,187.63,187.14,326.0,6108340.0,186.763
601888.SH,2022-11-10,0.0,187.99,187.99,187.56,206.0,3866870.0,186.768
601888.SH,2022-11-10,0.0,187.6,187.99,187.6,203.0,3812430.0,186.774
601888.SH,2022-11-10,0.0,187.65,187.88,187.57,216.0,4053610.0,186.779
601888.SH,2022-11-10,0.0,188.0,188.2,187.62,197.0,3705080.0,186.785
601888.SH,2022-11-10,0.0,188.37,188.4,188.0,184.0,3464260.0,186.792
601888.SH,2022-11-10,0.0,187.73,188.44,187.66,355.0,6680980.0,186.805
601888.SH,2022-11-10,0.0,188.18,188.19,187.73,145.0,2725660.0,186.809
601888.SH,2022-11-10,0.0,187.89,188.19,187.73,314.0,5904260.0,186.818
601888.SH,2022-11-10,0.0,188.27,188.27,187.9,217.0,4082760.0,186.826
601888.SH,2022-11-10,0.0,188.68,188.69,188.26,489.0,9216240.0,186.845
601888.SH,2022-11-10,0.0,188.18,188.7,188.18,481.0,9069880.0,186.865
601888.SH,2022-11-10,0.0,188.41,188.85,188.18,583.0,10992500.0,186.888
601888.SH,2022-11-10,0.0,188.75,188.83,188.41,201.0,3790080.0,186.896
601888.SH,2022-11-10,0.0,188.95,188.95,188.5,483.0,9117780.0,186.918
601888.SH,2022-11-10,0.0,189.03,189.03,188.78,366.0,6914840.0,186.935
601888.SH,2022-11-10,0.0,189.0,189.8,188.56,836.0,15820800.0,186.979
601888.SH,2022-11-10,0.0,189.22,189.47,189.0,686.0,12974000.0,187.012
601888.SH,2022-11-10,0.0,189.47,189.47,189.0,405.0,7666140.0,187.032
601888.SH,2022-11-10,0.0,189.98,189.99,189.52,765.0,14525400.0,187.08
601888.SH,2022-11-10,0.0,190.86,190.98,189.96,1127.0,21456800.0,187.159
601888.SH,2022-11-10,0.0,190.76,191.0,190.38,1171.0,22333500.0,187.246
601888.SH,2022-11-10,0.0,190.61,190.75,190.38,427.0,8140210.0,187.275
601888.SH,2022-11-10,0.0,190.19,190.68,190.12,407.0,7748310.0,187.301
601888.SH,2022-11-10,0.0,190.65,190.65,190.22,659.0,12547300.0,187.342
601888.SH,2022-11-10,0.0,190.35,190.67,190.35,406.0,7734700.0,187.368
601888.SH,2022-11-10,0.0,189.97,190.53,189.94,306.0,5818480.0,187.385
601888.SH,2022-11-10,0.0,189.8,189.87,189.8,282.0,5352720.0,187.399
601888.SH,2022-11-10,0.0,189.88,189.89,189.78,255.0,4840580.0,187.411
601888.SH,2022-11-10,0.0,189.35,189.87,189.07,1003.0,18973200.0,187.446
601888.SH,2022-11-10,0.0,189.21,189.56,189.0,621.0,11743300.0,187.466
601888.SH,2022-11-10,0.0,189.41,189.45,189.11,161.0,3046920.0,187.471
601888.SH,2022-11-10,0.0,189.46,189.53,189.12,343.0,6497290.0,187.484
601888.SH,2022-11-10,0.0,189.34,189.53,189.34,229.0,4339240.0,187.493
601888.SH,2022-11-10,0.0,189.47,189.59,189.46,207.0,3923160.0,187.5
601888.SH,2022-11-10,0.0,189.11,189.55,189.11,155.0,2932720.0,187.506
601888.SH,2022-11-10,0.0,189.14,189.43,189.06,191.0,3612230.0,187.511
601888.SH,2022-11-10,0.0,188.88,188.94,188.88,366.0,6916230.0,187.521
601888.SH,2022-11-10,0.0,188.41,188.93,188.41,220.0,4152850.0,187.526
601888.SH,2022-11-10,0.0,188.23,188.5,188.23,226.0,4256240.0,187.529
601888.SH,2022-11-10,0.0,188.23,188.23,188.18,196.0,3688640.0,187.532
601888.SH,2022-11-10,0.0,188.0,188.27,188.0,387.0,7282780.0,187.536
601888.SH,2022-11-10,0.0,187.93,187.94,187.73,319.0,5999620.0,187.539
601888.SH,2022-11-10,0.0,187.86,187.93,187.85,115.0,2157500.0,187.539
601888.SH,2022-11-10,0.0,187.88,187.89,187.85,125.0,2352730.0,187.54
601888.SH,2022-11-10,0.0,187.49,187.9,187.36,285.0,5357320.0,187.541
601888.SH,2022-11-10,0.0,188.0,188.0,187.36,420.0,7878090.0,187.541
601888.SH,2022-11-10,0.0,188.2,188.3,188.0,359.0,6753550.0,187.545
601888.SH,2022-11-10,0.0,187.99,188.28,187.99,371.0,6975850.0,187.548
601888.SH,2022-11-10,0.0,187.8,187.99,187.67,164.0,3080550.0,187.549
601888.SH,2022-11-10,0.0,187.39,187.87,187.38,305.0,5719510.0,187.548
601888.SH,2022-11-10,0.0,188.0,188.0,187.21,637.0,11952300.0,187.548
601888.SH,2022-11-10,0.0,188.0,188.0,187.96,278.0,5226250.0,187.55
601888.SH,2022-11-10,0.0,188.42,188.43,187.99,586.0,11020800.0,187.556
601888.SH,2022-11-10,0.0,188.41,188.44,188.17,199.0,3747930.0,187.558
601888.SH,2022-11-10,0.0,188.23,188.6,188.22,212.0,3994260.0,187.561
601888.SH,2022-11-10,0.0,188.3,188.66,188.23,139.0,2617470.0,187.563
601888.SH,2022-11-10,0.0,187.96,188.26,187.96,220.0,4138690.0,187.565
601888.SH,2022-11-10,0.0,187.57,187.91,187.5,199.0,3734410.0,187.565
601888.SH,2022-11-10,0.0,187.32,187.57,187.31,163.0,3055530.0,187.565
601888.SH,2022-11-10,0.0,187.3,187.35,187.3,157.0,2940910.0,187.564
601888.SH,2022-11-10,0.0,187.19,187.38,187.19,222.0,4151540.0,187.563
601888.SH,2022-11-10,0.0,187.32,187.37,187.19,197.0,3681990.0,187.562
601888.SH,2022-11-10,0.0,187.23,187.47,187.19,208.0,3895220.0,187.561
601888.SH,2022-11-10,0.0,187.44,187.55,187.36,168.0,3146510.0,187.561
601888.SH,2022-11-10,0.0,187.2,187.43,187.2,221.0,4143500.0,187.56
601888.SH,2022-11-10,0.0,187.49,187.6,187.2,267.0,5005340.0,187.56
601888.SH,2022-11-10,0.0,187.76,187.83,187.49,177.0,3320680.0,187.56
601888.SH,2022-11-10,0.0,187.47,187.51,187.24,479.0,8972810.0,187.558
601888.SH,2022-11-10,0.0,187.31,187.74,187.31,126.0,2362430.0,187.558
601888.SH,2022-11-10,0.0,187.52,187.73,187.36,194.0,3636200.0,187.558
601888.SH,2022-11-10,0.0,187.37,187.83,187.37,122.0,2287620.0,187.558
601888.SH,2022-11-10,0.0,187.3,187.49,187.3,162.0,3035570.0,187.557
601888.SH,2022-11-10,0.0,187.2,187.35,187.2,197.0,3689020.0,187.556
601888.SH,2022-11-10,0.0,187.31,187.31,187.21,171.0,3202040.0,187.556
601888.SH,2022-11-10,0.0,187.42,187.65,187.31,176.0,3298520.0,187.555
601888.SH,2022-11-10,0.0,187.82,187.9,187.43,156.0,2923270.0,187.555
601888.SH,2022-11-10,0.0,187.89,187.99,187.82,210.0,3946450.0,187.556
601888.SH,2022-11-10,0.0,187.58,187.83,187.45,166.0,3114950.0,187.557
601888.SH,2022-11-10,0.0,187.73,187.99,187.5,143.0,2684160.0,187.557
601888.SH,2022-11-10,0.0,187.5,187.63,187.45,104.0,1950920.0,187.557
601888.SH,2022-11-10,0.0,187.59,187.73,187.45,186.0,3488720.0,187.557
601888.SH,2022-11-10,0.0,187.76,188.0,187.59,182.0,3417090.0,187.558
601888.SH,2022-11-10,0.0,187.67,187.79,187.6,148.0,2777960.0,187.558
601888.SH,2022-11-10,0.0,187.5,187.96,187.5,194.0,3639060.0,187.558
601888.SH,2022-11-10,0.0,187.28,187.5,187.28,129.0,2422750.0,187.558
601888.SH,2022-11-10,0.0,187.27,187.49,187.27,225.0,4211530.0,187.557
601888.SH,2022-11-10,0.0,187.22,187.28,187.22,147.0,2752370.0,187.557
601888.SH,2022-11-10,0.0,187.28,187.58,187.21,225.0,4213850.0,187.556
601888.SH,2022-11-10,0.0,187.23,187.6,187.23,405.0,7584860.0,187.554
601888.SH,2022-11-10,0.0,187.24,187.49,187.15,240.0,4493240.0,187.553
601888.SH,2022-11-10,0.0,187.55,187.55,187.24,145.0,2717720.0,187.553
601888.SH,2022-11-10,0.0,187.25,187.6,187.25,142.0,2662070.0,187.552
601888.SH,2022-11-10,0.0,187.16,187.36,187.16,169.0,3164370.0,187.552
601888.SH,2022-11-10,0.0,187.15,187.2,187.15,162.0,3032080.0,187.551
601888.SH,2022-11-10,0.0,187.25,187.67,187.15,198.0,3708730.0,187.55
601888.SH,2022-11-10,0.0,187.16,187.25,187.15,166.0,3107720.0,187.549
601888.SH,2022-11-10,0.0,187.36,187.78,187.13,358.0,6707160.0,187.548
601888.SH,2022-11-10,0.0,187.3,187.36,187.21,208.0,3895810.0,187.547
601888.SH,2022-11-10,0.0,187.09,187.3,187.09,160.0,2995020.0,187.547
601888.SH,2022-11-10,0.0,187.0,187.06,187.0,358.0,6694970.0,187.544
601888.SH,2022-11-10,0.0,187.22,187.44,186.98,318.0,5950420.0,187.542
601888.SH,2022-11-10,0.0,187.24,187.68,187.21,242.0,4532350.0,187.541
601888.SH,2022-11-10,0.0,187.48,187.81,187.21,238.0,4459290.0,187.54
601888.SH,2022-11-10,0.0,187.5,187.69,187.48,168.0,3150840.0,187.54
601888.SH,2022-11-10,0.0,187.82,187.98,187.5,224.0,4204350.0,187.541
601888.SH,2022-11-10,0.0,187.5,187.97,187.4,175.0,3285460.0,187.541
601888.SH,2022-11-10,0.0,187.59,187.78,187.38,194.0,3639120.0,187.541
601888.SH,2022-11-10,0.0,187.89,187.89,187.47,260.0,4879960.0,187.542
601888.SH,2022-11-10,0.0,188.58,188.58,187.78,490.0,9217370.0,187.546
601888.SH,2022-11-10,0.0,188.7,188.72,188.29,450.0,8487030.0,187.553
601888.SH,2022-11-10,0.0,188.42,188.8,188.42,501.0,9450410.0,187.56
601888.SH,2022-11-10,0.0,188.04,188.5,188.02,404.0,7609980.0,187.565
601888.SH,2022-11-10,0.0,188.8,188.8,188.16,283.0,5333670.0,187.568
601888.SH,2022-11-10,0.0,189.23,189.27,188.72,360.0,6803150.0,187.575
601888.SH,2022-11-10,0.0,189.7,189.8,189.23,863.0,16353100.0,187.598
601888.SH,2022-11-10,0.0,189.41,189.79,189.02,1030.0,19521100.0,187.624
601888.SH,2022-11-10,0.0,189.43,189.67,189.36,501.0,9495980.0,187.637
601888.SH,2022-11-10,0.0,189.1,189.43,188.97,301.0,5693400.0,187.643
601888.SH,2022-11-10,0.0,188.82,189.3,188.82,293.0,5539260.0,187.648
601888.SH,2022-11-10,0.0,188.9,188.95,188.64,310.0,5852850.0,187.653
601888.SH,2022-11-10,0.0,188.64,188.95,188.38,344.0,6489240.0,187.658
601888.SH,2022-11-10,0.0,188.91,189.12,188.52,432.0,8158540.0,187.664
601888.SH,2022-11-10,0.0,188.31,188.8,188.31,174.0,3281820.0,187.666
601888.SH,2022-11-10,0.0,188.1,188.31,188.1,190.0,3575400.0,187.668
601888.SH,2022-11-10,0.0,188.3,188.48,188.07,392.0,7377990.0,187.67
601888.SH,2022-11-10,0.0,188.16,188.3,188.16,323.0,6079330.0,187.673
601888.SH,2022-11-10,0.0,188.11,188.17,188.11,315.0,5926240.0,187.675
601888.SH,2022-11-10,0.0,188.08,188.11,188.08,249.0,4683680.0,187.676
601888.SH,2022-11-10,0.0,188.15,188.15,188.08,336.0,6321540.0,187.678
601888.SH,2022-11-10,0.0,188.12,188.19,188.12,187.0,3518370.0,187.679
601888.SH,2022-11-10,0.0,188.08,188.17,188.08,372.0,6997970.0,187.681
601888.SH,2022-11-10,0.0,188.08,188.17,188.07,255.0,4796480.0,187.682
601888.SH,2022-11-10,0.0,188.23,188.32,188.07,225.0,4233880.0,187.684
601888.SH,2022-11-10,0.0,188.11,188.38,188.1,202.0,3801750.0,187.685
601888.SH,2022-11-10,0.0,188.14,188.31,188.09,259.0,4873660.0,187.687
601888.SH,2022-11-10,0.0,188.02,188.13,188.02,467.0,8782760.0,187.689
601888.SH,2022-11-10,0.0,187.91,188.04,187.84,465.0,8739850.0,187.69
601888.SH,2022-11-10,0.0,187.82,187.92,187.81,298.0,5597910.0,187.691
601888.SH,2022-11-10,0.0,188.13,188.18,187.83,276.0,5187360.0,187.692
601888.SH,2022-11-10,0.0,188.07,188.16,188.07,131.0,2464250.0,187.692
601888.SH,2022-11-10,0.0,188.8,188.9,188.07,267.0,5031580.0,187.695
601888.SH,2022-11-10,0.0,188.88,188.9,188.74,161.0,3040910.0,187.697
601888.SH,2022-11-10,0.0,188.69,188.88,188.61,119.0,2246300.0,187.699
601888.SH,2022-11-10,0.0,188.79,188.87,188.69,127.0,2397570.0,187.7
601888.SH,2022-11-10,0.0,189.44,189.44,188.86,180.0,3402190.0,187.703
601888.SH,2022-11-10,0.0,189.01,189.48,189.0,480.0,9077690.0,187.711
601888.SH,2022-11-10,0.0,188.76,189.02,188.76,206.0,3891670.0,187.714
601888.SH,2022-11-10,0.0,188.42,188.86,188.31,501.0,9449430.0,187.72
601888.SH,2022-11-10,0.0,188.26,188.4,188.26,432.0,8134940.0,187.723
601888.SH,2022-11-10,0.0,188.32,188.66,188.11,536.0,10091700.0,187.726
601888.SH,2022-11-10,0.0,188.5,188.8,188.21,518.0,9755420.0,187.73
601888.SH,2022-11-10,0.0,188.33,188.5,188.29,516.0,9717070.0,187.733
601888.SH,2022-11-10,0.0,188.22,188.53,188.2,582.0,10955600.0,187.737
601888.SH,2022-11-10,0.0,188.22,188.46,188.22,467.0,8790620.0,187.739
601888.SH,2022-11-10,0.0,187.94,188.21,187.94,443.0,8330160.0,187.741
601888.SH,2022-11-10,0.0,187.79,188.0,187.78,668.0,12549400.0,187.742
601888.SH,2022-11-10,0.0,187.69,188.14,187.69,495.0,9295990.0,187.742
601888.SH,2022-11-10,0.0,187.66,187.86,187.64,668.0,12536900.0,187.742
601888.SH,2022-11-10,0.0,188.0,188.01,187.66,658.0,12349400.0,187.742
601888.SH,2022-11-10,0.0,188.2,188.2,187.9,632.0,11882300.0,187.744
601888.SH,2022-11-10,0.0,188.22,188.49,188.0,554.0,10427000.0,187.747
601888.SH,2022-11-10,0.0,188.48,188.5,188.21,352.0,6630560.0,187.749
601888.SH,2022-11-10,0.0,188.5,188.5,188.5,20.0,377000.0,187.749
601888.SH,2022-11-10,0.0,188.5,188.5,188.5,0.0,0.0,187.749
601888.SH,2022-11-10,0.0,188.99,188.99,188.99,1387.0,26212900.0,187.768
601888.SH,2022-11-11,0.0,199.0,199.0,199.0,3942.0,78445800.0,199.0
601888.SH,2022-11-11,0.0,198.3,198.7,195.23,10639.0,210924000.0,198.457
601888.SH,2022-11-11,0.0,195.29,198.12,195.0,3270.0,64371700.0,198.163
601888.SH,2022-11-11,0.0,196.11,196.55,195.28,5310.0,104032000.0,197.653
601888.SH,2022-11-11,0.0,197.13,197.6,195.77,3516.0,69100800.0,197.505
601888.SH,2022-11-11,0.0,195.89,197.15,195.87,2438.0,47894100.0,197.417
601888.SH,2022-11-11,0.0,197.59,197.59,195.79,3316.0,65172600.0,197.328
601888.SH,2022-11-11,0.0,196.27,197.2,196.07,2684.0,52821900.0,197.288
601888.SH,2022-11-11,0.0,196.6,196.7,196.08,2289.0,44932200.0,197.227
601888.SH,2022-11-11,0.0,194.9,196.23,194.9,1687.0,33021100.0,197.163
601888.SH,2022-11-11,0.0,194.86,194.95,194.44,1969.0,38350600.0,197.048
601888.SH,2022-11-11,0.0,194.86,195.05,194.78,2827.0,55106600.0,196.912
601888.SH,2022-11-11,0.0,193.48,194.62,193.28,2919.0,56596100.0,196.723
601888.SH,2022-11-11,0.0,193.3,193.58,193.3,1836.0,35525900.0,196.601
601888.SH,2022-11-11,0.0,193.5,193.5,193.11,1740.0,33637800.0,196.488
601888.SH,2022-11-11,0.0,194.26,194.26,193.5,878.0,17003200.0,196.439
601888.SH,2022-11-11,0.0,192.79,194.3,192.79,1547.0,29922800.0,196.351
601888.SH,2022-11-11,0.0,192.18,192.77,191.78,1422.0,27323100.0,196.241
601888.SH,2022-11-11,0.0,192.72,193.42,192.2,1000.0,19284300.0,196.179
601888.SH,2022-11-11,0.0,192.98,193.53,192.76,711.0,13738200.0,196.141
601888.SH,2022-11-11,0.0,193.16,193.34,192.94,627.0,12107700.0,196.108
601888.SH,2022-11-11,0.0,191.51,193.18,191.48,2870.0,55234000.0,195.931
601888.SH,2022-11-11,0.0,190.7,191.51,190.5,1779.0,33963900.0,195.786
601888.SH,2022-11-11,0.0,191.75,191.89,190.65,1287.0,24620300.0,195.694
601888.SH,2022-11-11,0.0,191.56,191.89,191.09,1157.0,22151900.0,195.617
601888.SH,2022-11-11,0.0,191.17,191.6,191.11,665.0,12726900.0,195.574
601888.SH,2022-11-11,0.0,190.84,191.03,190.7,1820.0,34742200.0,195.445
601888.SH,2022-11-11,0.0,190.99,191.03,190.77,1588.0,30318100.0,195.339
601888.SH,2022-11-11,0.0,191.7,191.7,190.99,1662.0,31752000.0,195.236
601888.SH,2022-11-11,0.0,191.59,191.91,191.39,1763.0,33799500.0,195.149
601888.SH,2022-11-11,0.0,191.51,191.94,191.5,1545.0,29634100.0,195.078
601888.SH,2022-11-11,0.0,191.35,191.51,190.61,1585.0,30292800.0,194.993
601888.SH,2022-11-11,0.0,191.93,191.94,190.81,1655.0,31696100.0,194.918
601888.SH,2022-11-11,0.0,191.03,191.92,191.0,794.0,15198800.0,194.881
601888.SH,2022-11-11,0.0,191.01,191.21,190.85,1023.0,19537700.0,194.83
601888.SH,2022-11-11,0.0,190.68,191.01,190.68,1114.0,21256400.0,194.773
601888.SH,2022-11-11,0.0,190.9,191.22,190.68,863.0,16480600.0,194.732
601888.SH,2022-11-11,0.0,191.23,191.26,190.8,478.0,9138850.0,194.71
601888.SH,2022-11-11,0.0,190.8,191.21,190.79,1141.0,21791700.0,194.659
601888.SH,2022-11-11,0.0,191.0,191.22,190.8,682.0,13037800.0,194.629
601888.SH,2022-11-11,0.0,190.88,190.9,190.52,1253.0,23896300.0,194.571
601888.SH,2022-11-11,0.0,190.55,190.83,190.18,1273.0,24253500.0,194.51
601888.SH,2022-11-11,0.0,191.09,191.2,190.55,607.0,11594700.0,194.485
601888.SH,2022-11-11,0.0,191.92,191.93,191.2,1098.0,21036000.0,194.449
601888.SH,2022-11-11,0.0,192.0,192.18,191.6,911.0,17485700.0,194.423
601888.SH,2022-11-11,0.0,191.51,192.18,191.51,481.0,9236140.0,194.41
601888.SH,2022-11-11,0.0,191.96,192.0,191.55,667.0,12794600.0,194.39
601888.SH,2022-11-11,0.0,192.52,192.61,191.96,1194.0,22943400.0,194.361
601888.SH,2022-11-11,0.0,191.88,192.51,191.8,765.0,14701700.0,194.342
601888.SH,2022-11-11,0.0,191.85,191.88,191.72,407.0,7806870.0,194.331
601888.SH,2022-11-11,0.0,191.7,192.16,191.6,800.0,15343800.0,194.309
601888.SH,2022-11-11,0.0,192.65,193.0,191.61,1243.0,23910200.0,194.282
601888.SH,2022-11-11,0.0,191.5,192.89,191.5,769.0,14778000.0,194.265
601888.SH,2022-11-11,0.0,192.26,192.39,191.6,465.0,8934180.0,194.255
601888.SH,2022-11-11,0.0,191.86,192.26,191.65,480.0,9216060.0,194.243
601888.SH,2022-11-11,0.0,191.8,192.3,191.8,516.0,9912630.0,194.231
601888.SH,2022-11-11,0.0,191.85,191.9,191.49,416.0,7976620.0,194.221
601888.SH,2022-11-11,0.0,191.26,191.48,191.26,367.0,7023150.0,194.21
601888.SH,2022-11-11,0.0,191.18,191.47,191.16,513.0,9813030.0,194.194
601888.SH,2022-11-11,0.0,191.45,191.84,191.2,264.0,5053440.0,194.186
601888.SH,2022-11-11,0.0,191.24,191.44,191.24,172.0,3291030.0,194.181
601888.SH,2022-11-11,0.0,191.32,191.83,191.21,474.0,9068540.0,194.168
601888.SH,2022-11-11,0.0,191.04,191.36,191.01,261.0,4991630.0,194.16
601888.SH,2022-11-11,0.0,191.2,191.23,191.04,388.0,7416010.0,194.148
601888.SH,2022-11-11,0.0,191.21,191.28,191.2,185.0,3537100.0,194.142
601888.SH,2022-11-11,0.0,191.15,191.29,191.0,246.0,4701300.0,194.134
601888.SH,2022-11-11,0.0,191.88,192.11,191.03,493.0,9453740.0,194.123
601888.SH,2022-11-11,0.0,192.0,192.06,191.63,582.0,11174000.0,194.11
601888.SH,2022-11-11,0.0,191.85,191.87,191.47,526.0,10085500.0,194.098
601888.SH,2022-11-11,0.0,192.25,192.25,191.85,433.0,8308130.0,194.089
601888.SH,2022-11-11,0.0,192.5,192.59,192.25,693.0,13336800.0,194.077
601888.SH,2022-11-11,0.0,192.53,192.53,192.4,401.0,7708310.0,194.071
601888.SH,2022-11-11,0.0,193.3,193.3,192.53,702.0,13537900.0,194.063
601888.SH,2022-11-11,0.0,193.35,193.4,193.13,598.0,11555100.0,194.058
601888.SH,2022-11-11,0.0,193.58,193.69,193.19,742.0,14354500.0,194.053
601888.SH,2022-11-11,0.0,193.24,193.58,193.18,692.0,13381400.0,194.049
601888.SH,2022-11-11,0.0,193.25,193.28,193.1,447.0,8637080.0,194.045
601888.SH,2022-11-11,0.0,193.29,193.41,193.21,243.0,4696960.0,194.044
601888.SH,2022-11-11,0.0,193.7,193.7,193.29,589.0,11397100.0,194.04
601888.SH,2022-11-11,0.0,193.68,193.69,193.62,407.0,7881830.0,194.039
601888.SH,2022-11-11,0.0,193.85,193.9,193.69,529.0,10251000.0,194.038
601888.SH,2022-11-11,0.0,193.79,193.89,193.7,352.0,6822490.0,194.037
601888.SH,2022-11-11,0.0,193.35,193.79,193.2,311.0,6019620.0,194.036
601888.SH,2022-11-11,0.0,193.2,193.49,193.2,555.0,10726800.0,194.032
601888.SH,2022-11-11,0.0,193.47,193.52,192.89,444.0,8577050.0,194.028
601888.SH,2022-11-11,0.0,193.79,193.79,193.3,242.0,4683510.0,194.027
601888.SH,2022-11-11,0.0,193.71,193.85,193.67,442.0,8564520.0,194.026
601888.SH,2022-11-11,0.0,193.58,194.0,193.58,919.0,17819100.0,194.025
601888.SH,2022-11-11,0.0,193.58,193.9,193.5,400.0,7744540.0,194.023
601888.SH,2022-11-11,0.0,193.32,193.75,193.32,329.0,6367350.0,194.022
601888.SH,2022-11-11,0.0,192.91,193.3,192.58,875.0,16891900.0,194.014
601888.SH,2022-11-11,0.0,192.75,193.2,192.7,383.0,7387350.0,194.01
601888.SH,2022-11-11,0.0,192.5,192.75,192.5,605.0,11653300.0,194.003
601888.SH,2022-11-11,0.0,192.43,192.53,192.1,357.0,6870370.0,193.998
601888.SH,2022-11-11,0.0,192.13,192.57,192.1,586.0,11265000.0,193.989
601888.SH,2022-11-11,0.0,192.03,192.11,192.0,776.0,14908500.0,193.976
601888.SH,2022-11-11,0.0,191.9,192.03,191.8,287.0,5503080.0,193.97
601888.SH,2022-11-11,0.0,191.52,191.91,191.5,251.0,4818600.0,193.965
601888.SH,2022-11-11,0.0,191.51,191.79,191.44,453.0,8675530.0,193.956
601888.SH,2022-11-11,0.0,191.5,191.8,191.43,412.0,7892300.0,193.947
601888.SH,2022-11-11,0.0,191.49,191.55,191.45,538.0,10302600.0,193.936
601888.SH,2022-11-11,0.0,191.08,191.49,191.08,543.0,10385900.0,193.923
601888.SH,2022-11-11,0.0,191.38,191.38,191.1,195.0,3727640.0,193.919
601888.SH,2022-11-11,0.0,191.2,191.36,191.16,165.0,3155700.0,193.915
601888.SH,2022-11-11,0.0,191.0,191.16,191.0,633.0,12093400.0,193.899
601888.SH,2022-11-11,0.0,190.75,191.05,190.7,335.0,6394860.0,193.891
601888.SH,2022-11-11,0.0,191.62,191.9,190.73,352.0,6726380.0,193.882
601888.SH,2022-11-11,0.0,191.34,191.48,191.21,231.0,4418820.0,193.877
601888.SH,2022-11-11,0.0,191.49,191.83,191.22,456.0,8727560.0,193.868
601888.SH,2022-11-11,0.0,192.0,192.26,191.49,233.0,4471540.0,193.864
601888.SH,2022-11-11,0.0,192.28,192.38,192.0,489.0,9396010.0,193.857
601888.SH,2022-11-11,0.0,192.58,192.58,192.28,283.0,5446190.0,193.854
601888.SH,2022-11-11,0.0,192.69,192.79,192.5,432.0,8323810.0,193.849
601888.SH,2022-11-11,0.0,192.79,192.8,192.66,324.0,6244020.0,193.846
601888.SH,2022-11-11,0.0,193.1,193.1,192.72,630.0,12154800.0,193.842
601888.SH,2022-11-11,0.0,193.0,193.3,193.0,628.0,12133100.0,193.838
601888.SH,2022-11-11,0.0,193.24,193.25,192.7,458.0,8836710.0,193.835
601888.SH,2022-11-11,0.0,193.0,193.22,193.0,338.0,6532900.0,193.833
601888.SH,2022-11-11,0.0,193.21,193.21,193.0,267.0,5156340.0,193.831
601888.SH,2022-11-11,0.0,193.13,193.33,193.13,441.0,8523100.0,193.829
601888.SH,2022-11-11,0.0,192.7,193.16,192.7,241.0,4642520.0,193.828
601888.SH,2022-11-11,0.0,191.7,192.7,191.6,731.0,14060100.0,193.819
601888.SH,2022-11-11,0.0,191.99,192.19,191.56,715.0,13715300.0,193.807
601888.SH,2022-11-11,0.0,192.28,192.41,191.71,626.0,12015000.0,193.798
601888.SH,2022-11-11,0.0,192.8,192.8,192.29,1038.0,19999100.0,193.789
601888.SH,2022-11-11,0.0,193.39,193.39,192.93,694.0,13410100.0,193.785
601888.SH,2022-11-11,0.0,193.5,193.5,193.06,983.0,18998500.0,193.781
601888.SH,2022-11-11,0.0,193.03,193.58,192.43,777.0,15021200.0,193.778
601888.SH,2022-11-11,0.0,192.63,193.03,192.54,258.0,4973150.0,193.776
601888.SH,2022-11-11,0.0,192.5,192.88,192.24,425.0,8182250.0,193.772
601888.SH,2022-11-11,0.0,192.22,192.5,192.2,266.0,5114940.0,193.769
601888.SH,2022-11-11,0.0,191.99,192.25,191.9,277.0,5321830.0,193.766
601888.SH,2022-11-11,0.0,191.77,191.89,191.7,280.0,5371050.0,193.762
601888.SH,2022-11-11,0.0,191.75,191.78,191.7,223.0,4276150.0,193.758
601888.SH,2022-11-11,0.0,191.84,191.84,191.76,257.0,4928910.0,193.754
601888.SH,2022-11-11,0.0,192.28,192.28,191.79,197.0,3783850.0,193.752
601888.SH,2022-11-11,0.0,192.12,192.5,192.12,266.0,5115600.0,193.749
601888.SH,2022-11-11,0.0,192.45,192.47,192.0,196.0,3766110.0,193.747
601888.SH,2022-11-11,0.0,192.77,192.77,192.25,254.0,4890610.0,193.744
601888.SH,2022-11-11,0.0,192.95,192.95,192.76,378.0,7288420.0,193.742
601888.SH,2022-11-11,0.0,192.77,193.0,192.76,333.0,6424250.0,193.74
601888.SH,2022-11-11,0.0,192.61,192.77,192.49,83.0,1599040.0,193.739
601888.SH,2022-11-11,0.0,192.56,192.68,192.49,164.0,3157960.0,193.737
601888.SH,2022-11-11,0.0,192.91,193.0,192.56,446.0,8606680.0,193.734
601888.SH,2022-11-11,0.0,192.98,193.0,192.76,274.0,5282150.0,193.732
601888.SH,2022-11-11,0.0,193.51,193.51,192.98,639.0,12348000.0,193.73
601888.SH,2022-11-11,0.0,193.74,193.79,193.55,595.0,11523800.0,193.73
601888.SH,2022-11-11,0.0,194.5,194.6,193.79,1537.0,29823300.0,193.734
601888.SH,2022-11-11,0.0,195.9,195.9,194.5,4540.0,88597400.0,193.78
601888.SH,2022-11-11,0.0,196.0,196.0,195.03,2636.0,51576500.0,193.814
601888.SH,2022-11-11,0.0,197.2,197.5,196.0,3607.0,71040400.0,193.891
601888.SH,2022-11-11,0.0,196.8,197.01,196.53,2252.0,44322400.0,193.935
601888.SH,2022-11-11,0.0,197.9,197.9,196.67,3254.0,64185700.0,194.006
601888.SH,2022-11-11,0.0,197.75,198.12,197.52,5111.0,101178000.0,194.134
601888.SH,2022-11-11,0.0,198.01,198.08,197.07,2262.0,44677400.0,194.182
601888.SH,2022-11-11,0.0,198.84,198.84,198.08,2426.0,48125500.0,194.244
601888.SH,2022-11-11,0.0,201.0,201.0,198.88,9420.0,188096000.0,194.542
601888.SH,2022-11-11,0.0,200.5,201.09,200.28,5353.0,107453000.0,194.728
601888.SH,2022-11-11,0.0,200.83,201.19,200.4,3888.0,78114304.0,194.861
601888.SH,2022-11-11,0.0,199.0,200.8,198.98,2022.0,40415600.0,194.917
601888.SH,2022-11-11,0.0,198.76,199.59,198.6,1532.0,30506400.0,194.951
601888.SH,2022-11-11,0.0,197.13,198.8,197.13,2296.0,45494800.0,194.991
601888.SH,2022-11-11,0.0,198.0,198.21,197.21,1738.0,34390400.0,195.017
601888.SH,2022-11-11,0.0,197.0,197.86,196.94,1943.0,38318800.0,195.04
601888.SH,2022-11-11,0.0,196.83,197.1,196.8,1528.0,30085000.0,195.054
601888.SH,2022-11-11,0.0,197.0,197.09,196.81,689.0,13572300.0,195.061
601888.SH,2022-11-11,0.0,196.79,197.05,196.52,980.0,19284700.0,195.07
601888.SH,2022-11-11,0.0,197.09,197.13,196.69,1179.0,23219400.0,195.081
601888.SH,2022-11-11,0.0,198.66,198.66,197.17,1118.0,22156700.0,195.099
601888.SH,2022-11-11,0.0,198.96,198.96,197.99,2280.0,45255600.0,195.138
601888.SH,2022-11-11,0.0,199.1,199.17,198.97,1483.0,29516100.0,195.167
601888.SH,2022-11-11,0.0,199.14,199.5,199.12,1165.0,23215100.0,195.191
601888.SH,2022-11-11,0.0,199.88,199.88,199.0,1181.0,23542500.0,195.215
601888.SH,2022-11-11,0.0,200.36,200.36,199.93,3387.0,67740096.0,195.294
601888.SH,2022-11-11,0.0,201.23,201.29,200.37,3754.0,75427904.0,195.395
601888.SH,2022-11-11,0.0,201.1,201.51,200.99,3164.0,63687900.0,195.482
601888.SH,2022-11-11,0.0,200.19,201.0,199.69,1757.0,35172300.0,195.521
601888.SH,2022-11-11,0.0,199.52,200.16,199.4,852.0,17009300.0,195.537
601888.SH,2022-11-11,0.0,199.46,199.55,199.0,741.0,14763400.0,195.55
601888.SH,2022-11-11,0.0,199.95,200.0,199.55,1212.0,24224400.0,195.574
601888.SH,2022-11-11,0.0,199.98,200.0,199.91,1548.0,30956300.0,195.606
601888.SH,2022-11-11,0.0,200.01,200.02,199.98,1211.0,24217700.0,195.63
601888.SH,2022-11-11,0.0,199.96,200.0,199.72,897.0,17932300.0,195.647
601888.SH,2022-11-11,0.0,199.9,199.95,199.87,729.0,14577000.0,195.661
601888.SH,2022-11-11,0.0,199.62,199.99,199.62,767.0,15325600.0,195.676
601888.SH,2022-11-11,0.0,199.66,199.66,199.5,480.0,9580180.0,195.684
601888.SH,2022-11-11,0.0,199.98,200.01,199.59,1325.0,26487400.0,195.709
601888.SH,2022-11-11,0.0,200.5,200.67,200.01,1253.0,25109800.0,195.735
601888.SH,2022-11-11,0.0,200.3,200.61,200.23,882.0,17674000.0,195.753
601888.SH,2022-11-11,0.0,199.58,200.37,199.58,669.0,13386000.0,195.766
601888.SH,2022-11-11,0.0,199.27,199.99,199.2,478.0,9543250.0,195.774
601888.SH,2022-11-11,0.0,198.21,199.01,198.19,607.0,12049100.0,195.781
601888.SH,2022-11-11,0.0,198.27,198.85,198.21,576.0,11433800.0,195.788
601888.SH,2022-11-11,0.0,198.34,198.5,198.23,254.0,5038800.0,195.791
601888.SH,2022-11-11,0.0,197.61,198.3,197.58,815.0,16124300.0,195.798
601888.SH,2022-11-11,0.0,197.5,197.61,197.32,845.0,16680800.0,195.804
601888.SH,2022-11-11,0.0,197.99,197.99,197.33,858.0,16939600.0,195.81
601888.SH,2022-11-11,0.0,197.84,197.99,197.52,420.0,8305660.0,195.814
601888.SH,2022-11-11,0.0,197.57,197.62,197.42,756.0,14930700.0,195.819
601888.SH,2022-11-11,0.0,197.98,197.98,197.47,513.0,10134500.0,195.823
601888.SH,2022-11-11,0.0,198.1,198.97,197.96,915.0,18151800.0,195.833
601888.SH,2022-11-11,0.0,198.64,198.86,198.15,518.0,10288500.0,195.839
601888.SH,2022-11-11,0.0,198.82,198.98,198.72,766.0,15236900.0,195.849
601888.SH,2022-11-11,0.0,198.21,198.97,198.21,478.0,9500040.0,195.855
601888.SH,2022-11-11,0.0,197.86,198.4,197.86,443.0,8777180.0,195.859
601888.SH,2022-11-11,0.0,197.0,197.84,197.0,1664.0,32801900.0,195.868
601888.SH,2022-11-11,0.0,196.81,197.39,196.77,721.0,14199400.0,195.871
601888.SH,2022-11-11,0.0,196.4,196.83,196.36,1188.0,23344600.0,195.875
601888.SH,2022-11-11,0.0,196.8,196.8,196.36,1245.0,24460300.0,195.878
601888.SH,2022-11-11,0.0,196.72,197.0,196.72,586.0,11534400.0,195.88
601888.SH,2022-11-11,0.0,196.3,196.53,196.28,436.0,8561000.0,195.881
601888.SH,2022-11-11,0.0,196.21,196.35,196.21,536.0,10519100.0,195.882
601888.SH,2022-11-11,0.0,196.17,196.28,196.09,862.0,16907200.0,195.883
601888.SH,2022-11-11,0.0,196.42,196.5,196.17,504.0,9893770.0,195.883
601888.SH,2022-11-11,0.0,196.8,196.8,196.44,558.0,10967400.0,195.885
601888.SH,2022-11-11,0.0,196.5,197.15,196.5,516.0,10160200.0,195.887
601888.SH,2022-11-11,0.0,196.08,196.52,196.08,649.0,12742600.0,195.888
601888.SH,2022-11-11,0.0,196.0,196.27,196.0,981.0,19231600.0,195.889
601888.SH,2022-11-11,0.0,195.99,196.2,195.99,480.0,9411330.0,195.889
601888.SH,2022-11-11,0.0,195.6,195.96,195.6,455.0,8910700.0,195.889
601888.SH,2022-11-11,0.0,195.76,195.96,195.51,689.0,13485300.0,195.889
601888.SH,2022-11-11,0.0,196.3,196.36,195.78,729.0,14290800.0,195.889
601888.SH,2022-11-11,0.0,196.22,196.36,196.22,480.0,9421230.0,195.89
601888.SH,2022-11-11,0.0,196.12,196.2,195.76,663.0,13002000.0,195.89
601888.SH,2022-11-11,0.0,196.19,196.2,196.01,532.0,10432600.0,195.891
601888.SH,2022-11-11,0.0,195.78,196.2,195.77,666.0,13052400.0,195.891
601888.SH,2022-11-11,0.0,195.53,195.9,195.53,487.0,9529550.0,195.891
601888.SH,2022-11-11,0.0,195.76,195.92,195.5,486.0,9511000.0,195.89
601888.SH,2022-11-11,0.0,195.7,195.77,195.7,512.0,10021700.0,195.89
601888.SH,2022-11-11,0.0,195.53,195.7,195.49,712.0,13924700.0,195.889
601888.SH,2022-11-11,0.0,195.83,195.83,195.42,869.0,16998600.0,195.888
601888.SH,2022-11-11,0.0,195.83,195.87,195.72,696.0,13629400.0,195.888
601888.SH,2022-11-11,0.0,196.0,196.0,195.83,1194.0,23391600.0,195.888
601888.SH,2022-11-11,0.0,196.06,196.12,195.99,810.0,15875300.0,195.889
601888.SH,2022-11-11,0.0,195.73,196.12,195.73,728.0,14268200.0,195.889
601888.SH,2022-11-11,0.0,196.0,196.03,195.73,973.0,19065100.0,195.889
601888.SH,2022-11-11,0.0,196.0,196.28,195.87,1202.0,23558000.0,195.889
601888.SH,2022-11-11,0.0,195.9,196.0,195.88,489.0,9581890.0,195.89
601888.SH,2022-11-11,0.0,195.9,195.9,195.9,0.0,0.0,195.89
601888.SH,2022-11-11,0.0,195.9,195.9,195.9,0.0,0.0,195.89
601888.SH,2022-11-11,0.0,195.88,195.88,195.88,1557.0,30497900.0,195.89
601888.SH,2022-11-14,0.0,195.88,195.88,195.88,2010.0,39366200.0,195.88
601888.SH,2022-11-14,0.0,196.34,196.5,195.0,5390.0,105504000.0,195.788
601888.SH,2022-11-14,0.0,196.98,197.63,196.49,2427.0,47794700.0,196.07
601888.SH,2022-11-14,0.0,196.68,196.99,196.58,1650.0,32472300.0,196.175
601888.SH,2022-11-14,0.0,197.89,197.89,196.36,2195.0,43231100.0,196.299
601888.SH,2022-11-14,0.0,197.85,198.59,197.75,3288.0,65137000.0,196.644
601888.SH,2022-11-14,0.0,198.84,198.88,198.2,2380.0,47235200.0,196.869
601888.SH,2022-11-14,0.0,198.47,198.85,198.24,2139.0,42482700.0,197.046
601888.SH,2022-11-14,0.0,199.0,199.0,198.32,2247.0,44666900.0,197.211
601888.SH,2022-11-14,0.0,198.3,199.77,198.2,3309.0,65754700.0,197.395
601888.SH,2022-11-14,0.0,197.97,198.3,197.0,1556.0,30742700.0,197.403
601888.SH,2022-11-14,0.0,195.71,198.0,195.71,2266.0,44610600.0,197.365
601888.SH,2022-11-14,0.0,195.75,195.99,195.64,1692.0,33130600.0,197.284
601888.SH,2022-11-14,0.0,194.67,195.6,194.01,2067.0,40272300.0,197.138
601888.SH,2022-11-14,0.0,194.0,194.5,193.89,1662.0,32280000.0,197.004
601888.SH,2022-11-14,0.0,193.3,194.0,193.0,2343.0,45314700.0,196.786
601888.SH,2022-11-14,0.0,194.0,194.71,193.36,1514.0,29367700.0,196.679
601888.SH,2022-11-14,0.0,193.52,193.86,193.44,1930.0,37357600.0,196.536
601888.SH,2022-11-14,0.0,193.0,193.47,192.89,2876.0,55532500.0,196.315
601888.SH,2022-11-14,0.0,192.29,192.88,192.22,1948.0,37516200.0,196.16
601888.SH,2022-11-14,0.0,192.56,192.56,192.11,1770.0,34031400.0,196.02
601888.SH,2022-11-14,0.0,192.8,192.96,192.5,1019.0,19639400.0,195.952
601888.SH,2022-11-14,0.0,192.32,192.7,192.0,3000.0,57683600.0,195.744
601888.SH,2022-11-14,0.0,191.91,192.88,191.64,1780.0,34197400.0,195.625
601888.SH,2022-11-14,0.0,191.19,191.8,191.01,1377.0,26358000.0,195.521
601888.SH,2022-11-14,0.0,190.97,191.18,190.5,2039.0,38917400.0,195.358
601888.SH,2022-11-14,0.0,190.82,190.95,190.69,1153.0,21995100.0,195.268
601888.SH,2022-11-14,0.0,190.85,190.85,190.01,2651.0,50493700.0,195.061
601888.SH,2022-11-14,0.0,190.6,191.0,190.5,1308.0,24931100.0,194.968
601888.SH,2022-11-14,0.0,191.91,191.91,190.25,1572.0,30007300.0,194.869
601888.SH,2022-11-14,0.0,193.05,193.4,192.0,1058.0,20407700.0,194.837
601888.SH,2022-11-14,0.0,192.69,193.27,192.69,1162.0,22420400.0,194.804
601888.SH,2022-11-14,0.0,192.1,192.84,192.09,676.0,13000600.0,194.779
601888.SH,2022-11-14,0.0,191.51,192.28,191.51,560.0,10757600.0,194.757
601888.SH,2022-11-14,0.0,190.84,191.53,190.6,920.0,17578300.0,194.708
601888.SH,2022-11-14,0.0,191.66,191.76,190.65,851.0,16258800.0,194.664
601888.SH,2022-11-14,0.0,190.7,191.7,190.7,747.0,14281300.0,194.627
601888.SH,2022-11-14,0.0,190.4,190.8,190.25,1403.0,26719900.0,194.545
601888.SH,2022-11-14,0.0,190.5,190.63,190.4,549.0,10461600.0,194.515
601888.SH,2022-11-14,0.0,190.45,190.7,190.4,623.0,11872000.0,194.481
601888.SH,2022-11-14,0.0,190.31,190.6,190.25,791.0,15060300.0,194.438
601888.SH,2022-11-14,0.0,190.2,190.6,190.2,1108.0,21089200.0,194.377
601888.SH,2022-11-14,0.0,190.37,190.5,190.21,912.0,17353900.0,194.328
601888.SH,2022-11-14,0.0,190.33,190.5,190.2,1130.0,21504100.0,194.269
601888.SH,2022-11-14,0.0,190.09,190.23,190.02,1123.0,21338000.0,194.209
601888.SH,2022-11-14,0.0,191.51,191.8,190.09,420.0,8008730.0,194.19
601888.SH,2022-11-14,0.0,191.2,191.7,191.19,506.0,9692240.0,194.173
601888.SH,2022-11-14,0.0,191.48,191.48,190.77,530.0,10129100.0,194.153
601888.SH,2022-11-14,0.0,192.82,192.82,191.5,640.0,12305500.0,194.138
601888.SH,2022-11-14,0.0,192.48,192.82,192.1,501.0,9641010.0,194.128
601888.SH,2022-11-14,0.0,191.24,192.31,191.24,456.0,8759610.0,194.116
601888.SH,2022-11-14,0.0,191.0,191.43,191.0,548.0,10474800.0,194.096
601888.SH,2022-11-14,0.0,192.0,192.0,190.81,479.0,9157030.0,194.079
601888.SH,2022-11-14,0.0,191.34,192.0,191.28,366.0,7015110.0,194.068
601888.SH,2022-11-14,0.0,191.42,191.5,191.3,203.0,3886090.0,194.062
601888.SH,2022-11-14,0.0,191.65,191.91,191.42,342.0,6547660.0,194.052
601888.SH,2022-11-14,0.0,191.73,191.98,191.7,290.0,5564690.0,194.044
601888.SH,2022-11-14,0.0,191.31,191.72,191.31,423.0,8101500.0,194.031
601888.SH,2022-11-14,0.0,191.0,191.3,191.0,317.0,6058990.0,194.021
601888.SH,2022-11-14,0.0,191.04,191.1,191.0,184.0,3515120.0,194.014
601888.SH,2022-11-14,0.0,191.36,191.4,190.92,288.0,5503160.0,194.004
601888.SH,2022-11-14,0.0,191.65,191.74,191.11,352.0,6740890.0,193.994
601888.SH,2022-11-14,0.0,192.03,192.38,191.58,345.0,6615170.0,193.986
601888.SH,2022-11-14,0.0,192.27,192.28,191.66,516.0,9914680.0,193.974
601888.SH,2022-11-14,0.0,191.67,192.28,191.66,357.0,6856110.0,193.966
601888.SH,2022-11-14,0.0,191.71,191.75,191.51,184.0,3527200.0,193.961
601888.SH,2022-11-14,0.0,191.2,191.79,191.2,299.0,5730830.0,193.953
601888.SH,2022-11-14,0.0,191.52,191.52,191.2,121.0,2315400.0,193.95
601888.SH,2022-11-14,0.0,191.79,191.99,191.0,547.0,10465700.0,193.933
601888.SH,2022-11-14,0.0,191.5,191.79,191.5,233.0,4464440.0,193.927
601888.SH,2022-11-14,0.0,191.06,191.62,191.06,249.0,4768010.0,193.92
601888.SH,2022-11-14,0.0,190.82,191.25,190.82,359.0,6853910.0,193.908
601888.SH,2022-11-14,0.0,191.07,191.07,190.53,602.0,11470900.0,193.885
601888.SH,2022-11-14,0.0,191.22,191.23,190.93,176.0,3363760.0,193.88
601888.SH,2022-11-14,0.0,191.5,191.6,191.25,186.0,3561460.0,193.875
601888.SH,2022-11-14,0.0,191.66,191.66,191.5,260.0,4981140.0,193.868
601888.SH,2022-11-14,0.0,192.05,192.05,191.65,261.0,5009530.0,193.862
601888.SH,2022-11-14,0.0,191.9,192.2,191.89,287.0,5510730.0,193.856
601888.SH,2022-11-14,0.0,191.34,191.89,191.34,154.0,2951010.0,193.853
601888.SH,2022-11-14,0.0,191.22,191.5,191.2,175.0,3348180.0,193.848
601888.SH,2022-11-14,0.0,191.29,191.48,191.1,232.0,4436580.0,193.841
601888.SH,2022-11-14,0.0,191.3,191.45,191.29,211.0,4036440.0,193.835
601888.SH,2022-11-14,0.0,191.21,191.3,191.21,157.0,3002960.0,193.831
601888.SH,2022-11-14,0.0,191.24,191.28,191.2,133.0,2543290.0,193.827
601888.SH,2022-11-14,0.0,191.54,191.86,191.23,249.0,4764390.0,193.82
601888.SH,2022-11-14,0.0,192.0,192.07,191.88,175.0,3360100.0,193.817
601888.SH,2022-11-14,0.0,192.58,192.6,191.56,415.0,7978900.0,193.81
601888.SH,2022-11-14,0.0,192.4,192.77,192.4,405.0,7802210.0,193.805
601888.SH,2022-11-14,0.0,192.71,192.8,192.43,291.0,5607030.0,193.801
601888.SH,2022-11-14,0.0,192.7,192.77,192.49,173.0,3332950.0,193.799
601888.SH,2022-11-14,0.0,192.65,192.76,192.6,175.0,3372440.0,193.797
601888.SH,2022-11-14,0.0,191.89,192.57,191.89,217.0,4170650.0,193.793
601888.SH,2022-11-14,0.0,192.39,192.49,191.9,246.0,4726050.0,193.789
601888.SH,2022-11-14,0.0,192.77,192.77,192.39,196.0,3776700.0,193.786
601888.SH,2022-11-14,0.0,192.03,192.78,191.9,393.0,7562720.0,193.781
601888.SH,2022-11-14,0.0,191.93,192.1,191.93,231.0,4435610.0,193.776
601888.SH,2022-11-14,0.0,191.55,191.97,191.51,193.0,3699890.0,193.772
601888.SH,2022-11-14,0.0,191.26,191.56,191.26,223.0,4269690.0,193.767
601888.SH,2022-11-14,0.0,191.46,191.47,191.24,103.0,1970930.0,193.764
601888.SH,2022-11-14,0.0,191.55,191.55,191.46,222.0,4251420.0,193.759
601888.SH,2022-11-14,0.0,191.66,191.76,191.55,192.0,3680130.0,193.755
601888.SH,2022-11-14,0.0,191.41,191.68,191.41,297.0,5690660.0,193.748
601888.SH,2022-11-14,0.0,191.44,191.5,191.08,309.0,5911620.0,193.74
601888.SH,2022-11-14,0.0,191.94,191.96,191.17,295.0,5652260.0,193.734
601888.SH,2022-11-14,0.0,191.55,191.9,191.5,279.0,5346990.0,193.727
601888.SH,2022-11-14,0.0,192.11,192.11,191.55,276.0,5296070.0,193.722
601888.SH,2022-11-14,0.0,192.56,192.56,192.06,430.0,8270840.0,193.716
601888.SH,2022-11-14,0.0,192.0,192.6,192.0,327.0,6290580.0,193.712
601888.SH,2022-11-14,0.0,192.0,192.29,192.0,264.0,5072140.0,193.707
601888.SH,2022-11-14,0.0,191.5,192.3,191.5,307.0,5893160.0,193.702
601888.SH,2022-11-14,0.0,191.5,191.5,191.38,158.0,3024900.0,193.698
601888.SH,2022-11-14,0.0,191.46,191.89,191.42,255.0,4884890.0,193.693
601888.SH,2022-11-14,0.0,191.56,191.98,191.43,323.0,6192580.0,193.686
601888.SH,2022-11-14,0.0,191.85,191.85,191.55,138.0,2646420.0,193.684
601888.SH,2022-11-14,0.0,191.92,192.09,191.8,350.0,6717480.0,193.677
601888.SH,2022-11-14,0.0,191.8,192.03,191.8,292.0,5603670.0,193.672
601888.SH,2022-11-14,0.0,191.86,192.0,191.8,264.0,5065800.0,193.667
601888.SH,2022-11-14,0.0,192.31,192.31,191.83,289.0,5557600.0,193.663
601888.SH,2022-11-14,0.0,191.9,192.31,191.9,239.0,4592010.0,193.659
601888.SH,2022-11-14,0.0,191.83,192.0,191.82,311.0,5962030.0,193.654
601888.SH,2022-11-14,0.0,192.26,192.26,191.85,275.0,5280040.0,193.649
601888.SH,2022-11-14,0.0,192.02,192.7,192.02,949.0,18253800.0,193.637
601888.SH,2022-11-14,0.0,191.6,192.15,191.6,450.0,8646510.0,193.63
601888.SH,2022-11-14,0.0,191.35,191.66,191.35,652.0,12489200.0,193.617
601888.SH,2022-11-14,0.0,191.25,191.4,191.15,656.0,12543800.0,193.601
601888.SH,2022-11-14,0.0,191.11,191.3,191.0,517.0,9882590.0,193.589
601888.SH,2022-11-14,0.0,191.26,191.38,191.19,317.0,6067580.0,193.582
601888.SH,2022-11-14,0.0,191.06,191.37,191.06,272.0,5196960.0,193.576
601888.SH,2022-11-14,0.0,190.0,191.11,190.0,2731.0,51951200.0,193.491
601888.SH,2022-11-14,0.0,190.09,190.49,190.0,995.0,18916800.0,193.46
601888.SH,2022-11-14,0.0,190.12,190.13,190.02,544.0,10339500.0,193.443
601888.SH,2022-11-14,0.0,189.3,190.03,189.3,1721.0,32682300.0,193.388
601888.SH,2022-11-14,0.0,189.36,189.36,189.09,1368.0,25883700.0,193.337
601888.SH,2022-11-14,0.0,190.15,190.15,189.35,711.0,13497400.0,193.315
601888.SH,2022-11-14,0.0,190.05,190.28,189.88,555.0,10550100.0,193.3
601888.SH,2022-11-14,0.0,190.28,190.28,189.92,812.0,15430900.0,193.276
601888.SH,2022-11-14,0.0,191.09,191.09,190.22,609.0,11611400.0,193.262
601888.SH,2022-11-14,0.0,190.89,191.06,190.63,1004.0,19162800.0,193.242
601888.SH,2022-11-14,0.0,190.5,191.1,190.5,897.0,17118600.0,193.223
601888.SH,2022-11-14,0.0,190.22,190.5,190.22,320.0,6090160.0,193.215
601888.SH,2022-11-14,0.0,189.94,190.3,189.85,558.0,10602600.0,193.2
601888.SH,2022-11-14,0.0,189.8,189.94,189.8,399.0,7575180.0,193.189
601888.SH,2022-11-14,0.0,189.28,189.82,189.28,394.0,7476410.0,193.177
601888.SH,2022-11-14,0.0,189.28,189.28,189.12,466.0,8816870.0,193.161
601888.SH,2022-11-14,0.0,189.25,189.3,189.19,1218.0,23043300.0,193.122
601888.SH,2022-11-14,0.0,189.13,189.25,189.13,570.0,10791800.0,193.103
601888.SH,2022-11-14,0.0,189.03,189.12,189.02,596.0,11269200.0,193.083
601888.SH,2022-11-14,0.0,188.87,189.02,188.84,1843.0,34826100.0,193.021
601888.SH,2022-11-14,0.0,188.72,188.88,188.68,686.0,12950300.0,192.998
601888.SH,2022-11-14,0.0,188.76,188.87,188.7,458.0,8643500.0,192.982
601888.SH,2022-11-14,0.0,188.87,188.87,188.71,500.0,9437670.0,192.965
601888.SH,2022-11-14,0.0,189.26,189.26,188.88,421.0,7957210.0,192.952
601888.SH,2022-11-14,0.0,189.3,189.41,189.22,511.0,9674400.0,192.937
601888.SH,2022-11-14,0.0,189.11,189.37,189.0,306.0,5788720.0,192.928
601888.SH,2022-11-14,0.0,189.9,189.9,189.09,197.0,3729780.0,192.923
601888.SH,2022-11-14,0.0,189.3,189.89,189.3,301.0,5708160.0,192.915
601888.SH,2022-11-14,0.0,189.1,189.3,189.1,279.0,5279540.0,192.907
601888.SH,2022-11-14,0.0,188.88,189.2,188.88,392.0,7409720.0,192.895
601888.SH,2022-11-14,0.0,188.5,188.86,188.5,591.0,11151000.0,192.875
601888.SH,2022-11-14,0.0,188.36,188.51,188.33,434.0,8179040.0,192.86
601888.SH,2022-11-14,0.0,188.32,188.46,188.31,566.0,10663700.0,192.841
601888.SH,2022-11-14,0.0,188.35,188.39,188.28,586.0,11036500.0,192.82
601888.SH,2022-11-14,0.0,188.77,188.89,188.39,700.0,13208400.0,192.798
601888.SH,2022-11-14,0.0,188.5,188.77,188.44,251.0,4734020.0,192.79
601888.SH,2022-11-14,0.0,188.24,188.44,188.24,385.0,7250710.0,192.777
601888.SH,2022-11-14,0.0,188.46,188.77,188.22,764.0,14396100.0,192.751
601888.SH,2022-11-14,0.0,188.85,188.97,188.4,759.0,14312400.0,192.727
601888.SH,2022-11-14,0.0,188.74,189.18,188.51,706.0,13335100.0,192.707
601888.SH,2022-11-14,0.0,188.4,188.8,188.4,727.0,13710100.0,192.684
601888.SH,2022-11-14,0.0,188.08,188.4,188.07,916.0,17238400.0,192.654
601888.SH,2022-11-14,0.0,187.97,188.06,187.97,1834.0,34480200.0,192.591
601888.SH,2022-11-14,0.0,187.3,188.22,187.08,1302.0,24460800.0,192.546
601888.SH,2022-11-14,0.0,187.04,187.63,186.5,1638.0,30647000.0,192.483
601888.SH,2022-11-14,0.0,186.76,187.35,186.13,1095.0,20453700.0,192.438
601888.SH,2022-11-14,0.0,187.34,187.34,186.68,589.0,11009700.0,192.415
601888.SH,2022-11-14,0.0,186.9,187.35,186.9,796.0,14898400.0,192.386
601888.SH,2022-11-14,0.0,187.16,187.2,186.85,684.0,12785000.0,192.359
601888.SH,2022-11-14,0.0,187.53,187.79,187.12,817.0,15304400.0,192.331
601888.SH,2022-11-14,0.0,187.4,187.72,187.35,433.0,8120410.0,192.316
601888.SH,2022-11-14,0.0,187.48,187.49,187.4,614.0,11507300.0,192.296
601888.SH,2022-11-14,0.0,187.11,187.5,187.11,506.0,9481880.0,192.278
601888.SH,2022-11-14,0.0,187.1,187.35,186.92,550.0,10293200.0,192.259
601888.SH,2022-11-14,0.0,187.1,187.3,187.1,256.0,4792910.0,192.25
601888.SH,2022-11-14,0.0,187.24,187.33,187.07,670.0,12544500.0,192.227
601888.SH,2022-11-14,0.0,187.44,187.45,187.34,341.0,6390710.0,192.216
601888.SH,2022-11-14,0.0,187.41,187.47,187.39,434.0,8134720.0,192.202
601888.SH,2022-11-14,0.0,187.06,187.39,187.06,523.0,9792070.0,192.184
601888.SH,2022-11-14,0.0,187.42,187.43,187.06,289.0,5414400.0,192.174
601888.SH,2022-11-14,0.0,187.38,187.4,187.38,354.0,6633920.0,192.163
601888.SH,2022-11-14,0.0,188.02,188.08,187.38,768.0,14406100.0,192.139
601888.SH,2022-11-14,0.0,188.35,188.35,188.02,410.0,7715950.0,192.129
601888.SH,2022-11-14,0.0,188.37,188.5,188.36,515.0,9705990.0,192.116
601888.SH,2022-11-14,0.0,188.23,188.41,188.22,368.0,6929760.0,192.107
601888.SH,2022-11-14,0.0,187.9,188.24,187.9,810.0,15237000.0,192.085
601888.SH,2022-11-14,0.0,187.38,187.89,187.38,686.0,12870000.0,192.065
601888.SH,2022-11-14,0.0,187.51,187.52,187.39,330.0,6187760.0,192.055
601888.SH,2022-11-14,0.0,187.59,187.6,187.53,287.0,5382810.0,192.047
601888.SH,2022-11-14,0.0,187.84,187.86,187.58,514.0,9648440.0,192.032
601888.SH,2022-11-14,0.0,187.93,187.97,187.73,382.0,7176900.0,192.022
601888.SH,2022-11-14,0.0,187.75,187.95,187.57,502.0,9426940.0,192.008
601888.SH,2022-11-14,0.0,187.73,187.76,187.55,394.0,7393240.0,191.997
601888.SH,2022-11-14,0.0,187.61,187.75,187.57,327.0,6135980.0,191.987
601888.SH,2022-11-14,0.0,187.49,187.64,187.4,531.0,9958700.0,191.972
601888.SH,2022-11-14,0.0,187.35,187.52,187.29,326.0,6108830.0,191.963
601888.SH,2022-11-14,0.0,187.21,187.35,187.2,234.0,4382680.0,191.956
601888.SH,2022-11-14,0.0,187.03,187.21,187.02,391.0,7316790.0,191.944
601888.SH,2022-11-14,0.0,187.42,187.42,187.03,572.0,10707800.0,191.926
601888.SH,2022-11-14,0.0,187.13,187.4,187.1,453.0,8482280.0,191.913
601888.SH,2022-11-14,0.0,186.9,187.16,186.88,915.0,17111600.0,191.884
601888.SH,2022-11-14,0.0,186.9,186.99,186.8,551.0,10291300.0,191.867
601888.SH,2022-11-14,0.0,186.99,186.99,186.88,362.0,6763140.0,191.855
601888.SH,2022-11-14,0.0,186.95,187.0,186.95,314.0,5866800.0,191.846
601888.SH,2022-11-14,0.0,186.95,187.3,186.89,572.0,10701100.0,191.829
601888.SH,2022-11-14,0.0,186.99,187.0,186.9,376.0,7029350.0,191.817
601888.SH,2022-11-14,0.0,186.95,187.0,186.93,745.0,13928700.0,191.795
601888.SH,2022-11-14,0.0,187.19,187.2,186.96,577.0,10790000.0,191.777
601888.SH,2022-11-14,0.0,187.15,187.2,187.09,177.0,3311900.0,191.772
601888.SH,2022-11-14,0.0,186.98,187.15,186.98,445.0,8324710.0,191.759
601888.SH,2022-11-14,0.0,186.95,187.0,186.93,241.0,4505950.0,191.752
601888.SH,2022-11-14,0.0,186.89,186.96,186.88,457.0,8542150.0,191.739
601888.SH,2022-11-14,0.0,186.83,186.87,186.81,336.0,6277330.0,191.729
601888.SH,2022-11-14,0.0,186.7,186.83,186.7,454.0,8484920.0,191.715
601888.SH,2022-11-14,0.0,186.7,186.75,186.68,445.0,8308840.0,191.701
601888.SH,2022-11-14,0.0,186.74,186.8,186.7,498.0,9300860.0,191.686
601888.SH,2022-11-14,0.0,186.79,186.79,186.76,373.0,6966700.0,191.675
601888.SH,2022-11-14,0.0,186.9,186.91,186.78,556.0,10389300.0,191.659
601888.SH,2022-11-14,0.0,187.1,187.25,186.91,768.0,14370700.0,191.638
601888.SH,2022-11-14,0.0,186.92,187.15,186.82,607.0,11348000.0,191.62
601888.SH,2022-11-14,0.0,186.99,187.01,186.91,441.0,8247360.0,191.608
601888.SH,2022-11-14,0.0,186.91,187.0,186.9,400.0,7477260.0,191.597
601888.SH,2022-11-14,0.0,186.99,187.0,186.9,409.0,7639870.0,191.586
601888.SH,2022-11-14,0.0,186.99,187.01,186.99,706.0,13202000.0,191.567
601888.SH,2022-11-14,0.0,186.85,186.99,186.85,791.0,14784100.0,191.545
601888.SH,2022-11-14,0.0,187.01,187.01,186.85,995.0,18600300.0,191.518
601888.SH,2022-11-14,0.0,187.16,187.2,186.96,683.0,12783400.0,191.5
601888.SH,2022-11-14,0.0,186.96,187.2,186.92,718.0,13431100.0,191.482
601888.SH,2022-11-14,0.0,186.91,187.09,186.91,688.0,12863300.0,191.464
601888.SH,2022-11-14,0.0,186.95,186.99,186.9,730.0,13646700.0,191.445
601888.SH,2022-11-14,0.0,186.92,186.92,186.92,14.0,261727.0,191.444
601888.SH,2022-11-14,0.0,186.92,186.92,186.92,0.0,0.0,191.444
601888.SH,2022-11-14,0.0,187.5,187.5,187.5,2314.0,43384100.0,191.392
601888.SH,2022-11-15,0.0,188.94,188.94,188.94,511.0,9654830.0,188.94
601888.SH,2022-11-15,0.0,190.51,190.98,188.55,2855.0,54273800.0,189.902
601888.SH,2022-11-15,0.0,190.17,190.4,190.02,2616.0,49769600.0,190.055
601888.SH,2022-11-15,0.0,190.62,190.8,190.21,1723.0,32822100.0,190.153
601888.SH,2022-11-15,0.0,189.21,190.6,189.21,997.0,18945100.0,190.138
601888.SH,2022-11-15,0.0,189.13,189.2,188.37,936.0,17677200.0,190.013
601888.SH,2022-11-15,0.0,189.28,189.44,188.6,1419.0,26821600.0,189.882
601888.SH,2022-11-15,0.0,190.62,191.0,189.39,2059.0,39219700.0,189.976
601888.SH,2022-11-15,0.0,191.15,191.3,190.62,1231.0,23508200.0,190.059
601888.SH,2022-11-15,0.0,191.13,191.88,190.82,1779.0,34033600.0,190.202
601888.SH,2022-11-15,0.0,190.41,191.22,190.41,1030.0,19674700.0,190.255
601888.SH,2022-11-15,0.0,190.9,191.12,190.33,887.0,16908100.0,190.275
601888.SH,2022-11-15,0.0,190.08,190.74,190.08,996.0,18968900.0,190.284
601888.SH,2022-11-15,0.0,190.4,190.68,190.08,859.0,16359000.0,190.291
601888.SH,2022-11-15,0.0,190.6,190.62,190.32,610.0,11620700.0,190.297
601888.SH,2022-11-15,0.0,190.9,190.9,190.57,481.0,9170630.0,190.305
601888.SH,2022-11-15,0.0,191.02,191.13,190.75,665.0,12697400.0,190.325
601888.SH,2022-11-15,0.0,190.98,191.09,190.81,459.0,8764510.0,190.338
601888.SH,2022-11-15,0.0,191.18,191.19,191.1,635.0,12137200.0,190.36
601888.SH,2022-11-15,0.0,190.88,191.58,190.88,1125.0,21522400.0,190.405
601888.SH,2022-11-15,0.0,190.01,190.88,190.0,718.0,13663400.0,190.402
601888.SH,2022-11-15,0.0,190.15,190.3,190.0,591.0,11234100.0,190.394
601888.SH,2022-11-15,0.0,190.12,190.23,190.0,464.0,8819620.0,190.389
601888.SH,2022-11-15,0.0,190.2,190.24,189.95,910.0,17296400.0,190.378
601888.SH,2022-11-15,0.0,190.5,190.58,190.2,302.0,5746160.0,190.377
601888.SH,2022-11-15,0.0,190.69,190.69,190.49,346.0,6595800.0,190.38
601888.SH,2022-11-15,0.0,191.45,191.45,190.69,531.0,10151900.0,190.395
601888.SH,2022-11-15,0.0,191.34,191.5,191.3,457.0,8747580.0,190.412
601888.SH,2022-11-15,0.0,191.66,191.68,191.3,641.0,12267600.0,190.437
601888.SH,2022-11-15,0.0,191.33,191.8,191.32,538.0,10307900.0,190.458
601888.SH,2022-11-15,0.0,190.9,191.48,190.8,784.0,14976900.0,190.474
601888.SH,2022-11-15,0.0,190.52,190.85,190.23,475.0,9043860.0,190.473
601888.SH,2022-11-15,0.0,190.75,190.88,190.52,199.0,3794280.0,190.474
601888.SH,2022-11-15,0.0,191.22,191.32,190.91,550.0,10511900.0,190.484
601888.SH,2022-11-15,0.0,191.03,191.32,191.0,314.0,6001540.0,190.49
601888.SH,2022-11-15,0.0,191.8,191.8,191.02,511.0,9784910.0,190.506
601888.SH,2022-11-15,0.0,191.82,191.82,191.51,795.0,15235500.0,190.534
601888.SH,2022-11-15,0.0,191.26,191.79,191.26,295.0,5651360.0,190.543
601888.SH,2022-11-15,0.0,191.42,191.5,191.23,225.0,4306480.0,190.549
601888.SH,2022-11-15,0.0,191.09,191.37,191.02,153.0,2924930.0,190.551
601888.SH,2022-11-15,0.0,190.81,191.1,190.77,311.0,5938630.0,190.555
601888.SH,2022-11-15,0.0,190.8,190.99,190.61,469.0,8945590.0,190.558
601888.SH,2022-11-15,0.0,191.0,191.1,190.75,325.0,6205950.0,190.561
601888.SH,2022-11-15,0.0,190.71,190.96,190.53,571.0,10885200.0,190.562
601888.SH,2022-11-15,0.0,190.3,190.62,190.3,116.0,2209000.0,190.562
601888.SH,2022-11-15,0.0,190.62,190.77,190.13,237.0,4512650.0,190.561
601888.SH,2022-11-15,0.0,190.77,190.99,190.76,262.0,5000390.0,190.563
601888.SH,2022-11-15,0.0,191.02,191.18,190.64,241.0,4602350.0,190.566
601888.SH,2022-11-15,0.0,191.0,191.1,190.94,226.0,4317490.0,190.569
601888.SH,2022-11-15,0.0,191.25,191.5,190.94,293.0,5604520.0,190.574
601888.SH,2022-11-15,0.0,191.59,191.6,191.24,344.0,6586860.0,190.583
601888.SH,2022-11-15,0.0,191.69,191.77,191.27,1512.0,28955100.0,190.619
601888.SH,2022-11-15,0.0,191.53,191.77,191.51,431.0,8259040.0,190.63
601888.SH,2022-11-15,0.0,192.11,192.2,191.54,1545.0,29662200.0,190.682
601888.SH,2022-11-15,0.0,192.45,192.48,192.12,539.0,10354700.0,190.703
601888.SH,2022-11-15,0.0,192.4,192.49,192.4,464.0,8928540.0,190.722
601888.SH,2022-11-15,0.0,192.8,192.8,192.3,1071.0,20621900.0,190.768
601888.SH,2022-11-15,0.0,192.18,192.85,192.18,419.0,8060410.0,190.786
601888.SH,2022-11-15,0.0,192.01,192.18,192.0,257.0,4936210.0,190.793
601888.SH,2022-11-15,0.0,192.32,192.48,192.01,466.0,8953550.0,190.808
601888.SH,2022-11-15,0.0,192.01,192.32,192.0,431.0,8279530.0,190.82
601888.SH,2022-11-15,0.0,192.01,192.12,192.0,322.0,6184230.0,190.829
601888.SH,2022-11-15,0.0,192.02,192.06,192.0,376.0,7220080.0,190.839
601888.SH,2022-11-15,0.0,192.35,192.46,192.02,340.0,6534240.0,190.849
601888.SH,2022-11-15,0.0,192.25,192.36,192.17,295.0,5673440.0,190.859
601888.SH,2022-11-15,0.0,192.27,192.84,192.13,443.0,8523420.0,190.874
601888.SH,2022-11-15,0.0,192.8,192.8,192.21,372.0,7151980.0,190.887
601888.SH,2022-11-15,0.0,193.47,193.5,192.88,1926.0,37184800.0,190.975
601888.SH,2022-11-15,0.0,193.0,193.43,192.91,681.0,13162600.0,191.006
601888.SH,2022-11-15,0.0,193.3,193.4,193.03,395.0,7633000.0,191.024
601888.SH,2022-11-15,0.0,194.16,194.38,193.3,1386.0,26866200.0,191.101
601888.SH,2022-11-15,0.0,193.77,194.17,193.76,647.0,12545100.0,191.136
601888.SH,2022-11-15,0.0,193.95,193.98,193.76,261.0,5049820.0,191.15
601888.SH,2022-11-15,0.0,193.86,194.05,193.86,362.0,7021520.0,191.169
601888.SH,2022-11-15,0.0,193.65,193.86,193.65,310.0,5999250.0,191.184
601888.SH,2022-11-15,0.0,193.78,193.78,193.5,891.0,17258500.0,191.227
601888.SH,2022-11-15,0.0,194.1,194.2,193.9,506.0,9817900.0,191.253
601888.SH,2022-11-15,0.0,194.1,194.22,194.01,674.0,13081600.0,191.288
601888.SH,2022-11-15,0.0,194.1,194.22,194.1,293.0,5685900.0,191.304
601888.SH,2022-11-15,0.0,194.03,194.5,194.0,939.0,18242200.0,191.354
601888.SH,2022-11-15,0.0,194.04,194.18,194.01,194.0,3764790.0,191.363
601888.SH,2022-11-15,0.0,193.72,194.02,193.69,1328.0,25760500.0,191.424
601888.SH,2022-11-15,0.0,193.4,193.69,193.19,345.0,6675210.0,191.436
601888.SH,2022-11-15,0.0,193.51,193.8,193.35,360.0,6966790.0,191.449
601888.SH,2022-11-15,0.0,193.44,193.6,193.44,339.0,6559660.0,191.461
601888.SH,2022-11-15,0.0,193.33,193.5,193.3,339.0,6548710.0,191.472
601888.SH,2022-11-15,0.0,192.9,193.33,192.9,288.0,5560040.0,191.48
601888.SH,2022-11-15,0.0,192.79,192.88,192.52,357.0,6871050.0,191.488
601888.SH,2022-11-15,0.0,192.5,192.57,192.37,196.0,3771510.0,191.491
601888.SH,2022-11-15,0.0,192.8,192.8,192.45,117.0,2261240.0,191.493
601888.SH,2022-11-15,0.0,192.51,192.81,192.45,320.0,6157150.0,191.499
601888.SH,2022-11-15,0.0,192.05,192.62,192.05,514.0,9898780.0,191.507
601888.SH,2022-11-15,0.0,191.88,192.04,191.86,483.0,9272450.0,191.511
601888.SH,2022-11-15,0.0,192.53,192.78,191.88,285.0,5478390.0,191.514
601888.SH,2022-11-15,0.0,192.32,192.53,192.26,134.0,2578310.0,191.516
601888.SH,2022-11-15,0.0,192.04,192.32,192.04,265.0,5095610.0,191.519
601888.SH,2022-11-15,0.0,192.1,192.15,192.04,127.0,2439920.0,191.52
601888.SH,2022-11-15,0.0,192.6,192.69,192.1,188.0,3617450.0,191.523
601888.SH,2022-11-15,0.0,192.24,192.56,192.13,238.0,4580340.0,191.527
601888.SH,2022-11-15,0.0,192.32,192.38,192.14,165.0,3173310.0,191.529
601888.SH,2022-11-15,0.0,192.08,192.33,192.05,304.0,5842540.0,191.532
601888.SH,2022-11-15,0.0,192.19,192.29,192.08,99.0,1902880.0,191.533
601888.SH,2022-11-15,0.0,192.29,192.3,192.1,115.0,2210980.0,191.534
601888.SH,2022-11-15,0.0,192.05,192.29,192.02,141.0,2709630.0,191.536
601888.SH,2022-11-15,0.0,192.02,192.1,192.02,99.0,1901310.0,191.537
601888.SH,2022-11-15,0.0,191.72,192.02,191.6,680.0,13047300.0,191.54
601888.SH,2022-11-15,0.0,191.89,191.99,191.73,141.0,2713450.0,191.541
601888.SH,2022-11-15,0.0,191.82,191.95,191.82,180.0,3445420.0,191.542
601888.SH,2022-11-15,0.0,191.6,191.81,191.57,211.0,4043880.0,191.542
601888.SH,2022-11-15,0.0,191.6,191.8,191.52,307.0,5881290.0,191.542
601888.SH,2022-11-15,0.0,191.59,191.59,191.53,192.0,3678130.0,191.542
601888.SH,2022-11-15,0.0,191.57,191.59,191.55,118.0,2260520.0,191.543
601888.SH,2022-11-15,0.0,191.81,191.82,191.56,453.0,8681140.0,191.543
601888.SH,2022-11-15,0.0,191.67,191.83,191.57,108.0,2070490.0,191.543
601888.SH,2022-11-15,0.0,191.61,191.67,191.6,89.0,1705600.0,191.544
601888.SH,2022-11-15,0.0,191.62,191.66,191.61,91.0,1743840.0,191.544
601888.SH,2022-11-15,0.0,192.0,192.0,191.61,216.0,4144710.0,191.545
601888.SH,2022-11-15,0.0,192.67,192.7,192.0,236.0,4541020.0,191.548
601888.SH,2022-11-15,0.0,192.26,192.7,192.26,101.0,1943630.0,191.549
601888.SH,2022-11-15,0.0,191.78,192.26,191.78,86.0,1651380.0,191.55
601888.SH,2022-11-15,0.0,191.61,191.79,191.6,169.0,3239200.0,191.55
601888.SH,2022-11-15,0.0,192.0,192.09,191.72,704.0,13508400.0,191.554
601888.SH,2022-11-15,0.0,192.21,192.3,192.0,573.0,11009600.0,191.559
601888.SH,2022-11-15,0.0,192.3,192.3,192.07,400.0,7688300.0,191.562
601888.SH,2022-11-15,0.0,192.53,192.53,192.21,328.0,6310260.0,191.566
601888.SH,2022-11-15,0.0,192.53,192.9,192.34,336.0,6472580.0,191.572
601888.SH,2022-11-15,0.0,192.49,193.0,192.49,809.0,15597700.0,191.586
601888.SH,2022-11-15,0.0,192.52,192.55,192.4,258.0,4966250.0,191.589
601888.SH,2022-11-15,0.0,192.69,192.69,192.52,162.0,3120110.0,191.592
601888.SH,2022-11-15,0.0,193.28,193.28,192.59,250.0,4824040.0,191.597
601888.SH,2022-11-15,0.0,193.73,193.73,193.28,359.0,6943130.0,191.606
601888.SH,2022-11-15,0.0,193.78,193.8,193.65,421.0,8155420.0,191.619
601888.SH,2022-11-15,0.0,193.69,193.8,193.67,462.0,8949790.0,191.633
601888.SH,2022-11-15,0.0,193.4,193.69,193.4,370.0,7164880.0,191.643
601888.SH,2022-11-15,0.0,193.0,193.35,193.0,342.0,6607350.0,191.65
601888.SH,2022-11-15,0.0,193.1,193.2,193.0,277.0,5346770.0,191.656
601888.SH,2022-11-15,0.0,193.0,193.2,193.0,477.0,9210410.0,191.665
601888.SH,2022-11-15,0.0,193.31,193.37,193.0,221.0,4271050.0,191.67
601888.SH,2022-11-15,0.0,193.21,193.48,192.92,385.0,7437970.0,191.678
601888.SH,2022-11-15,0.0,192.89,193.3,192.88,146.0,2817810.0,191.68
601888.SH,2022-11-15,0.0,193.5,193.5,192.92,224.0,4328060.0,191.685
601888.SH,2022-11-15,0.0,193.95,193.95,193.5,829.0,16059000.0,191.708
601888.SH,2022-11-15,0.0,194.35,194.35,193.96,949.0,18422500.0,191.738
601888.SH,2022-11-15,0.0,193.75,194.41,193.75,805.0,15635000.0,191.765
601888.SH,2022-11-15,0.0,194.01,194.15,193.74,326.0,6314940.0,191.774
601888.SH,2022-11-15,0.0,193.84,194.0,193.72,317.0,6146890.0,191.783
601888.SH,2022-11-15,0.0,193.5,193.83,193.5,284.0,5508870.0,191.79
601888.SH,2022-11-15,0.0,193.31,193.5,193.3,316.0,6114010.0,191.796
601888.SH,2022-11-15,0.0,193.01,193.31,193.0,373.0,7203910.0,191.802
601888.SH,2022-11-15,0.0,192.73,193.03,192.7,317.0,6115480.0,191.807
601888.SH,2022-11-15,0.0,192.67,192.8,192.67,230.0,4432450.0,191.81
601888.SH,2022-11-15,0.0,192.46,192.64,192.41,210.0,4042460.0,191.811
601888.SH,2022-11-15,0.0,192.5,192.83,192.45,656.0,12637600.0,191.818
601888.SH,2022-11-15,0.0,192.22,192.66,192.22,506.0,9742310.0,191.823
601888.SH,2022-11-15,0.0,192.0,192.22,192.0,406.0,7800060.0,191.824
601888.SH,2022-11-15,0.0,191.88,191.95,191.8,438.0,8405280.0,191.825
601888.SH,2022-11-15,0.0,192.0,192.18,191.82,641.0,12307700.0,191.826
601888.SH,2022-11-15,0.0,191.63,191.95,191.58,555.0,10646000.0,191.826
601888.SH,2022-11-15,0.0,191.5,191.63,191.5,437.0,8366300.0,191.824
601888.SH,2022-11-15,0.0,191.39,191.49,191.39,418.0,8001390.0,191.822
601888.SH,2022-11-15,0.0,191.56,191.57,191.35,325.0,6229090.0,191.821
601888.SH,2022-11-15,0.0,191.66,191.67,191.5,399.0,7645070.0,191.82
601888.SH,2022-11-15,0.0,191.61,191.7,191.61,363.0,6957700.0,191.819
601888.SH,2022-11-15,0.0,191.35,191.62,191.35,329.0,6301460.0,191.818
601888.SH,2022-11-15,0.0,191.06,191.32,191.05,565.0,10801300.0,191.814
601888.SH,2022-11-15,0.0,190.79,191.04,190.67,1226.0,23401800.0,191.801
601888.SH,2022-11-15,0.0,190.88,190.88,190.8,478.0,9121930.0,191.795
601888.SH,2022-11-15,0.0,190.74,190.92,190.74,532.0,10154600.0,191.79
601888.SH,2022-11-15,0.0,190.73,190.8,190.71,423.0,8067990.0,191.784
601888.SH,2022-11-15,0.0,190.82,190.82,190.71,450.0,8584820.0,191.779
601888.SH,2022-11-15,0.0,190.97,191.0,190.83,344.0,6568030.0,191.776
601888.SH,2022-11-15,0.0,190.82,190.97,190.82,419.0,7998300.0,191.772
601888.SH,2022-11-15,0.0,190.55,190.76,190.55,334.0,6368490.0,191.768
601888.SH,2022-11-15,0.0,190.82,190.85,190.51,610.0,11628700.0,191.76
601888.SH,2022-11-15,0.0,190.62,190.81,190.61,348.0,6637800.0,191.756
601888.SH,2022-11-15,0.0,190.61,190.64,190.5,535.0,10197300.0,191.749
601888.SH,2022-11-15,0.0,190.57,190.61,190.51,225.0,4287660.0,191.746
601888.SH,2022-11-15,0.0,190.55,190.61,190.55,534.0,10177200.0,191.74
601888.SH,2022-11-15,0.0,190.58,190.58,190.55,359.0,6841290.0,191.735
601888.SH,2022-11-15,0.0,190.59,190.62,190.58,197.0,3754640.0,191.732
601888.SH,2022-11-15,0.0,190.57,190.57,190.52,484.0,9222720.0,191.726
601888.SH,2022-11-15,0.0,190.2,190.6,190.2,981.0,18689000.0,191.713
601888.SH,2022-11-15,0.0,190.21,190.29,190.18,374.0,7123370.0,191.708
601888.SH,2022-11-15,0.0,190.41,190.43,190.15,781.0,14849500.0,191.695
601888.SH,2022-11-15,0.0,190.1,190.44,190.1,746.0,14191800.0,191.683
601888.SH,2022-11-15,0.0,190.0,190.1,189.98,1161.0,22064900.0,191.663
601888.SH,2022-11-15,0.0,189.88,189.99,189.79,677.0,12862800.0,191.651
601888.SH,2022-11-15,0.0,190.26,190.26,189.88,512.0,9730270.0,191.643
601888.SH,2022-11-15,0.0,190.28,190.29,190.25,186.0,3539050.0,191.64
601888.SH,2022-11-15,0.0,190.15,190.26,190.13,185.0,3518680.0,191.637
601888.SH,2022-11-15,0.0,190.1,190.2,190.1,276.0,5245840.0,191.633
601888.SH,2022-11-15,0.0,190.27,190.27,190.1,514.0,9776550.0,191.626
601888.SH,2022-11-15,0.0,190.65,190.65,190.25,469.0,8929430.0,191.62
601888.SH,2022-11-15,0.0,190.99,190.99,190.65,247.0,4715120.0,191.618
601888.SH,2022-11-15,0.0,191.15,191.18,190.96,246.0,4700200.0,191.617
601888.SH,2022-11-15,0.0,191.3,191.49,191.0,526.0,10053300.0,191.614
601888.SH,2022-11-15,0.0,191.3,191.46,191.3,213.0,4076100.0,191.613
601888.SH,2022-11-15,0.0,190.91,191.31,190.91,324.0,6191490.0,191.612
601888.SH,2022-11-15,0.0,190.93,191.01,190.85,316.0,6032860.0,191.61
601888.SH,2022-11-15,0.0,190.84,190.98,190.84,179.0,3417540.0,191.608
601888.SH,2022-11-15,0.0,190.65,190.85,190.65,193.0,3680890.0,191.607
601888.SH,2022-11-15,0.0,190.5,190.63,190.45,281.0,5353610.0,191.604
601888.SH,2022-11-15,0.0,190.54,190.54,190.46,346.0,6591400.0,191.6
601888.SH,2022-11-15,0.0,190.74,190.76,190.52,403.0,7687150.0,191.596
601888.SH,2022-11-15,0.0,190.68,190.74,190.6,305.0,5812620.0,191.594
601888.SH,2022-11-15,0.0,190.51,190.69,190.51,427.0,8140140.0,191.59
601888.SH,2022-11-15,0.0,190.28,190.51,190.28,339.0,6455260.0,191.586
601888.SH,2022-11-15,0.0,190.21,190.27,190.17,284.0,5402270.0,191.582
601888.SH,2022-11-15,0.0,190.18,190.27,190.15,420.0,7989620.0,191.577
601888.SH,2022-11-15,0.0,190.39,190.51,190.18,211.0,4017650.0,191.574
601888.SH,2022-11-15,0.0,190.18,190.29,190.14,382.0,7265550.0,191.569
601888.SH,2022-11-15,0.0,190.4,190.54,190.15,365.0,6955470.0,191.565
601888.SH,2022-11-15,0.0,189.92,190.36,189.92,1181.0,22447100.0,191.548
601888.SH,2022-11-15,0.0,190.26,190.35,189.88,558.0,10600800.0,191.54
601888.SH,2022-11-15,0.0,190.27,190.37,190.18,224.0,4262160.0,191.538
601888.SH,2022-11-15,0.0,190.38,190.4,190.27,429.0,8164110.0,191.533
601888.SH,2022-11-15,0.0,190.46,190.58,190.4,170.0,3236980.0,191.531
601888.SH,2022-11-15,0.0,190.4,190.52,190.4,231.0,4399820.0,191.529
601888.SH,2022-11-15,0.0,190.28,190.43,190.2,1106.0,21042300.0,191.516
601888.SH,2022-11-15,0.0,190.36,190.36,190.3,216.0,4111060.0,191.514
601888.SH,2022-11-15,0.0,190.38,190.4,190.33,226.0,4295410.0,191.511
601888.SH,2022-11-15,0.0,190.4,190.44,190.4,229.0,4360480.0,191.509
601888.SH,2022-11-15,0.0,190.51,190.51,190.4,372.0,7085040.0,191.505
601888.SH,2022-11-15,0.0,190.54,190.58,190.49,336.0,6401800.0,191.502
601888.SH,2022-11-15,0.0,190.47,190.49,190.42,297.0,5657050.0,191.5
601888.SH,2022-11-15,0.0,190.5,190.5,190.46,364.0,6933570.0,191.496
601888.SH,2022-11-15,0.0,191.01,191.01,190.49,889.0,16966700.0,191.491
601888.SH,2022-11-15,0.0,190.5,191.04,190.5,829.0,15805800.0,191.485
601888.SH,2022-11-15,0.0,190.82,190.86,190.5,249.0,4751320.0,191.483
601888.SH,2022-11-15,0.0,190.81,190.84,190.64,226.0,4311300.0,191.482
601888.SH,2022-11-15,0.0,190.8,190.8,190.75,367.0,7001520.0,191.479
601888.SH,2022-11-15,0.0,190.86,190.86,190.8,234.0,4465550.0,191.478
601888.SH,2022-11-15,0.0,190.88,190.9,190.81,435.0,8302100.0,191.476
601888.SH,2022-11-15,0.0,190.4,190.91,190.4,1612.0,30733800.0,191.464
601888.SH,2022-11-15,0.0,190.69,190.76,189.91,1499.0,28504900.0,191.448
601888.SH,2022-11-15,0.0,190.66,190.8,190.51,456.0,8698330.0,191.445
601888.SH,2022-11-15,0.0,190.88,190.88,190.66,330.0,6295840.0,191.443
601888.SH,2022-11-15,0.0,190.98,190.98,190.85,394.0,7522800.0,191.441
601888.SH,2022-11-15,0.0,190.98,190.98,190.98,6.0,114584.0,191.441
601888.SH,2022-11-15,0.0,190.98,190.98,190.98,0.0,0.0,191.441
601888.SH,2022-11-15,0.0,191.0,191.0,191.0,1358.0,25934400.0,191.436
601888.SH,2022-11-16,0.0,195.0,195.0,195.0,3313.0,64597300.0,195.0
601888.SH,2022-11-16,0.0,193.58,195.5,193.58,4937.0,96204600.0,194.911
601888.SH,2022-11-16,0.0,192.62,193.5,192.01,2759.0,53108600.0,194.305
601888.SH,2022-11-16,0.0,193.19,193.19,192.52,1899.0,36596800.0,194.071
601888.SH,2022-11-16,0.0,194.17,194.17,193.19,2078.0,40253900.0,194.022
601888.SH,2022-11-16,0.0,193.5,194.17,193.5,1646.0,31913500.0,194.008
601888.SH,2022-11-16,0.0,192.48,193.14,192.11,1396.0,26907400.0,193.911
601888.SH,2022-11-16,0.0,192.15,192.55,191.68,1738.0,33389900.0,193.753
601888.SH,2022-11-16,0.0,193.74,193.78,192.4,1229.0,23736200.0,193.717
601888.SH,2022-11-16,0.0,193.0,193.74,192.78,778.0,15031800.0,193.699
601888.SH,2022-11-16,0.0,193.26,193.26,192.98,616.0,11893500.0,193.682
601888.SH,2022-11-16,0.0,193.53,193.56,193.04,658.0,12711800.0,193.667
601888.SH,2022-11-16,0.0,193.47,193.66,192.93,757.0,14627300.0,193.653
601888.SH,2022-11-16,0.0,194.0,194.0,192.8,1344.0,25977100.0,193.634
601888.SH,2022-11-16,0.0,193.72,194.4,193.47,808.0,15672500.0,193.647
601888.SH,2022-11-16,0.0,194.38,194.38,193.54,694.0,13467900.0,193.658
601888.SH,2022-11-16,0.0,194.25,194.45,194.1,1453.0,28234600.0,193.692
601888.SH,2022-11-16,0.0,193.69,194.2,193.65,2701.0,52221200.0,193.661
601888.SH,2022-11-16,0.0,193.86,193.86,193.0,1358.0,26230900.0,193.64
601888.SH,2022-11-16,0.0,193.58,194.0,193.56,419.0,8118950.0,193.641
601888.SH,2022-11-16,0.0,192.96,193.61,192.95,487.0,9406570.0,193.634
601888.SH,2022-11-16,0.0,193.28,193.58,192.96,1350.0,26069900.0,193.614
601888.SH,2022-11-16,0.0,193.49,193.49,193.2,416.0,8042100.0,193.61
601888.SH,2022-11-16,0.0,193.72,193.72,193.48,331.0,6406920.0,193.61
601888.SH,2022-11-16,0.0,193.32,193.85,193.32,652.0,12630800.0,193.612
601888.SH,2022-11-16,0.0,193.96,194.1,193.51,1529.0,29599500.0,193.611
601888.SH,2022-11-16,0.0,194.02,194.2,193.99,408.0,7919950.0,193.616
601888.SH,2022-11-16,0.0,194.21,194.21,194.0,366.0,7109360.0,193.621
601888.SH,2022-11-16,0.0,194.97,194.97,194.2,1330.0,25857800.0,193.648
601888.SH,2022-11-16,0.0,194.99,195.19,194.97,1797.0,35046900.0,193.708
601888.SH,2022-11-16,0.0,195.87,195.87,195.2,1712.0,33452200.0,193.776
601888.SH,2022-11-16,0.0,195.5,196.18,195.5,2107.0,41273300.0,193.874
601888.SH,2022-11-16,0.0,196.5,196.5,195.51,1375.0,26940300.0,193.937
601888.SH,2022-11-16,0.0,195.68,196.55,195.52,1007.0,19751500.0,193.986
601888.SH,2022-11-16,0.0,196.06,196.09,195.69,783.0,15346500.0,194.019
601888.SH,2022-11-16,0.0,195.69,196.06,195.6,689.0,13493000.0,194.044
601888.SH,2022-11-16,0.0,195.84,195.89,195.6,449.0,8788260.0,194.06
601888.SH,2022-11-16,0.0,195.98,196.0,195.88,460.0,9013580.0,194.077
601888.SH,2022-11-16,0.0,195.6,195.98,195.6,592.0,11590100.0,194.097
601888.SH,2022-11-16,0.0,195.53,195.69,195.53,387.0,7571130.0,194.109
601888.SH,2022-11-16,0.0,195.57,195.68,195.51,453.0,8860120.0,194.122
601888.SH,2022-11-16,0.0,195.06,195.38,195.0,663.0,12944400.0,194.136
601888.SH,2022-11-16,0.0,195.55,195.57,195.04,299.0,5837440.0,194.142
601888.SH,2022-11-16,0.0,195.37,195.6,195.26,251.0,4906390.0,194.149
601888.SH,2022-11-16,0.0,195.56,195.6,195.36,213.0,4162750.0,194.154
601888.SH,2022-11-16,0.0,196.38,196.38,195.59,898.0,17601500.0,194.185
601888.SH,2022-11-16,0.0,196.5,196.5,196.22,625.0,12276200.0,194.211
601888.SH,2022-11-16,0.0,196.5,196.5,196.4,865.0,16995500.0,194.247
601888.SH,2022-11-16,0.0,197.3,197.3,196.49,2022.0,39800600.0,194.338
601888.SH,2022-11-16,0.0,197.88,197.98,197.2,1230.0,24303600.0,194.407
601888.SH,2022-11-16,0.0,198.8,198.8,197.8,3283.0,65113700.0,194.618
601888.SH,2022-11-16,0.0,199.4,199.56,198.74,3976.0,79137296.0,194.887
601888.SH,2022-11-16,0.0,199.1,199.6,198.93,2410.0,47998200.0,195.039
601888.SH,2022-11-16,0.0,198.6,199.01,198.6,1177.0,23413500.0,195.105
601888.SH,2022-11-16,0.0,198.23,198.6,198.21,668.0,13251000.0,195.136
601888.SH,2022-11-16,0.0,198.88,198.88,198.02,1358.0,26932100.0,195.197
601888.SH,2022-11-16,0.0,198.85,199.0,198.43,1591.0,31638000.0,195.277
601888.SH,2022-11-16,0.0,199.42,199.44,198.5,1805.0,35939900.0,195.37
601888.SH,2022-11-16,0.0,199.1,199.21,198.5,1763.0,35080900.0,195.453
601888.SH,2022-11-16,0.0,200.18,200.26,199.2,6201.0,123908000.0,195.782
601888.SH,2022-11-16,0.0,200.16,200.16,199.62,3452.0,69040400.0,195.952
601888.SH,2022-11-16,0.0,200.6,200.73,200.14,2122.0,42530400.0,196.059
601888.SH,2022-11-16,0.0,200.01,200.87,199.9,1866.0,37387200.0,196.149
601888.SH,2022-11-16,0.0,200.47,200.47,200.0,1987.0,39797100.0,196.238
601888.SH,2022-11-16,0.0,200.45,200.8,200.32,1747.0,35034500.0,196.317
601888.SH,2022-11-16,0.0,200.09,200.5,200.0,1576.0,31580000.0,196.385
601888.SH,2022-11-16,0.0,200.23,200.23,199.97,2419.0,48378900.0,196.475
601888.SH,2022-11-16,0.0,199.75,200.3,199.75,1482.0,29661800.0,196.53
601888.SH,2022-11-16,0.0,200.26,200.3,199.57,1539.0,30770100.0,196.583
601888.SH,2022-11-16,0.0,200.0,200.27,200.0,1051.0,21034900.0,196.619
601888.SH,2022-11-16,0.0,199.62,200.06,199.62,608.0,12156600.0,196.639
601888.SH,2022-11-16,0.0,199.0,199.56,199.0,909.0,18124200.0,196.662
601888.SH,2022-11-16,0.0,198.11,199.0,198.0,1966.0,38998100.0,196.694
601888.SH,2022-11-16,0.0,198.37,198.54,198.29,489.0,9701900.0,196.702
601888.SH,2022-11-16,0.0,198.65,198.8,198.42,756.0,15003800.0,196.715
601888.SH,2022-11-16,0.0,199.35,199.35,198.65,1164.0,23177900.0,196.741
601888.SH,2022-11-16,0.0,198.71,199.3,198.62,730.0,14518600.0,196.756
601888.SH,2022-11-16,0.0,198.2,198.58,198.18,809.0,16051200.0,196.768
601888.SH,2022-11-16,0.0,198.12,198.25,198.0,550.0,10893500.0,196.775
601888.SH,2022-11-16,0.0,198.2,198.2,198.1,280.0,5547960.0,196.778
601888.SH,2022-11-16,0.0,198.4,198.64,198.3,550.0,10914600.0,196.786
601888.SH,2022-11-16,0.0,198.06,198.4,198.06,315.0,6244610.0,196.791
601888.SH,2022-11-16,0.0,197.51,198.09,197.51,603.0,11927900.0,196.796
601888.SH,2022-11-16,0.0,197.3,197.51,197.3,378.0,7462200.0,196.798
601888.SH,2022-11-16,0.0,197.88,197.88,197.3,559.0,11039900.0,196.802
601888.SH,2022-11-16,0.0,198.0,198.0,197.87,277.0,5482610.0,196.804
601888.SH,2022-11-16,0.0,198.0,198.1,197.96,544.0,10771800.0,196.81
601888.SH,2022-11-16,0.0,198.1,198.3,198.0,602.0,11927900.0,196.817
601888.SH,2022-11-16,0.0,198.2,198.21,198.04,323.0,6408250.0,196.821
601888.SH,2022-11-16,0.0,198.1,198.3,198.1,223.0,4418920.0,196.823
601888.SH,2022-11-16,0.0,197.7,198.0,197.7,265.0,5253710.0,196.826
601888.SH,2022-11-16,0.0,197.71,197.86,197.69,311.0,6149710.0,196.828
601888.SH,2022-11-16,0.0,198.0,198.0,197.72,383.0,7576520.0,196.832
601888.SH,2022-11-16,0.0,198.63,198.88,198.0,1099.0,21788300.0,196.846
601888.SH,2022-11-16,0.0,198.27,198.63,198.0,610.0,12101700.0,196.854
601888.SH,2022-11-16,0.0,198.75,198.75,198.1,321.0,6369290.0,196.858
601888.SH,2022-11-16,0.0,198.84,198.95,198.8,183.0,3639100.0,196.861
601888.SH,2022-11-16,0.0,198.92,199.0,198.82,419.0,8334020.0,196.868
601888.SH,2022-11-16,0.0,198.91,198.95,198.9,186.0,3700340.0,196.872
601888.SH,2022-11-16,0.0,198.8,198.97,198.5,374.0,7434160.0,196.878
601888.SH,2022-11-16,0.0,198.43,198.95,198.2,108.0,2145280.0,196.879
601888.SH,2022-11-16,0.0,198.48,198.5,198.42,134.0,2659370.0,196.881
601888.SH,2022-11-16,0.0,198.63,198.89,198.5,258.0,5128230.0,196.885
601888.SH,2022-11-16,0.0,198.83,198.88,198.77,471.0,9364630.0,196.893
601888.SH,2022-11-16,0.0,198.84,198.9,198.84,304.0,6045680.0,196.898
601888.SH,2022-11-16,0.0,198.77,198.85,198.76,204.0,4056040.0,196.901
601888.SH,2022-11-16,0.0,198.4,198.77,198.38,134.0,2661450.0,196.903
601888.SH,2022-11-16,0.0,198.0,198.4,197.98,263.0,5210650.0,196.906
601888.SH,2022-11-16,0.0,198.01,198.31,197.96,358.0,7092170.0,196.909
601888.SH,2022-11-16,0.0,197.96,198.05,197.96,132.0,2613550.0,196.91
601888.SH,2022-11-16,0.0,197.81,197.96,197.8,190.0,3760060.0,196.912
601888.SH,2022-11-16,0.0,197.96,197.96,197.81,199.0,3938370.0,196.914
601888.SH,2022-11-16,0.0,197.99,198.0,197.92,120.0,2375620.0,196.915
601888.SH,2022-11-16,0.0,198.01,198.02,197.92,173.0,3432000.0,196.916
601888.SH,2022-11-16,0.0,198.15,198.2,198.0,205.0,4062000.0,196.918
601888.SH,2022-11-16,0.0,197.95,198.15,197.95,160.0,3168630.0,196.92
601888.SH,2022-11-16,0.0,197.68,197.95,197.68,259.0,5118240.0,196.922
601888.SH,2022-11-16,0.0,197.87,197.88,197.71,196.0,3872430.0,196.923
601888.SH,2022-11-16,0.0,197.83,197.87,197.71,400.0,7913410.0,196.926
601888.SH,2022-11-16,0.0,198.3,198.3,197.73,524.0,10371000.0,196.93
601888.SH,2022-11-16,0.0,197.95,198.4,197.86,327.0,6480880.0,196.934
601888.SH,2022-11-16,0.0,197.1,197.8,197.1,720.0,14223200.0,196.937
601888.SH,2022-11-16,0.0,197.3,197.37,197.14,805.0,15877900.0,196.939
601888.SH,2022-11-16,0.0,197.18,197.4,197.15,525.0,10356100.0,196.94
601888.SH,2022-11-16,0.0,197.09,197.48,197.01,522.0,10291000.0,196.941
601888.SH,2022-11-16,0.0,197.1,197.3,197.09,508.0,10015100.0,196.942
601888.SH,2022-11-16,0.0,196.66,197.2,196.07,1526.0,30035700.0,196.941
601888.SH,2022-11-16,0.0,197.0,197.0,196.6,671.0,13211000.0,196.94
601888.SH,2022-11-16,0.0,197.7,197.7,196.98,550.0,10851700.0,196.942
601888.SH,2022-11-16,0.0,197.16,197.7,197.16,237.0,4676930.0,196.943
601888.SH,2022-11-16,0.0,197.24,197.24,197.0,368.0,7251760.0,196.943
601888.SH,2022-11-16,0.0,197.01,197.58,197.01,271.0,5348290.0,196.944
601888.SH,2022-11-16,0.0,197.27,197.27,196.96,300.0,5913000.0,196.945
601888.SH,2022-11-16,0.0,197.05,197.29,197.05,308.0,6073380.0,196.945
601888.SH,2022-11-16,0.0,197.15,197.29,197.05,349.0,6884040.0,196.946
601888.SH,2022-11-16,0.0,197.06,197.3,197.05,142.0,2799140.0,196.946
601888.SH,2022-11-16,0.0,196.51,197.12,196.51,657.0,12936200.0,196.946
601888.SH,2022-11-16,0.0,196.0,196.46,196.0,613.0,12020100.0,196.942
601888.SH,2022-11-16,0.0,196.67,196.8,196.01,473.0,9278950.0,196.939
601888.SH,2022-11-16,0.0,196.8,196.8,196.66,190.0,3737500.0,196.939
601888.SH,2022-11-16,0.0,196.68,196.73,196.66,92.0,1809630.0,196.939
601888.SH,2022-11-16,0.0,196.28,196.7,196.23,250.0,4913440.0,196.938
601888.SH,2022-11-16,0.0,196.31,196.38,196.26,120.0,2355510.0,196.937
601888.SH,2022-11-16,0.0,196.16,196.5,196.13,216.0,4240360.0,196.936
601888.SH,2022-11-16,0.0,195.71,196.16,195.68,630.0,12345200.0,196.932
601888.SH,2022-11-16,0.0,195.8,195.99,195.78,429.0,8400310.0,196.928
601888.SH,2022-11-16,0.0,195.88,195.89,195.75,283.0,5541310.0,196.926
601888.SH,2022-11-16,0.0,195.66,195.86,195.66,280.0,5481430.0,196.923
601888.SH,2022-11-16,0.0,195.41,195.68,195.36,395.0,7725360.0,196.92
601888.SH,2022-11-16,0.0,195.3,195.37,195.23,324.0,6328290.0,196.916
601888.SH,2022-11-16,0.0,195.13,195.3,195.1,335.0,6539400.0,196.912
601888.SH,2022-11-16,0.0,194.69,195.09,194.69,867.0,16906100.0,196.9
601888.SH,2022-11-16,0.0,194.95,195.01,194.64,603.0,11752600.0,196.891
601888.SH,2022-11-16,0.0,194.81,195.0,194.71,628.0,12236700.0,196.882
601888.SH,2022-11-16,0.0,194.99,195.0,194.73,425.0,8280850.0,196.875
601888.SH,2022-11-16,0.0,194.89,195.08,194.83,500.0,9745740.0,196.868
601888.SH,2022-11-16,0.0,195.0,195.0,194.84,179.0,3488990.0,196.866
601888.SH,2022-11-16,0.0,194.84,195.16,194.81,522.0,10177300.0,196.859
601888.SH,2022-11-16,0.0,194.85,195.02,194.83,549.0,10701600.0,196.851
601888.SH,2022-11-16,0.0,194.91,195.01,194.83,666.0,12983400.0,196.842
601888.SH,2022-11-16,0.0,194.83,195.04,194.83,642.0,12514600.0,196.834
601888.SH,2022-11-16,0.0,194.98,195.03,194.82,261.0,5085880.0,196.83
601888.SH,2022-11-16,0.0,194.81,194.98,194.81,769.0,14983700.0,196.819
601888.SH,2022-11-16,0.0,195.04,195.16,194.81,393.0,7663290.0,196.815
601888.SH,2022-11-16,0.0,195.4,195.4,195.01,304.0,5935080.0,196.811
601888.SH,2022-11-16,0.0,195.3,195.4,195.17,201.0,3925360.0,196.809
601888.SH,2022-11-16,0.0,195.49,195.49,195.31,136.0,2656960.0,196.808
601888.SH,2022-11-16,0.0,195.84,195.98,195.69,390.0,7635820.0,196.805
601888.SH,2022-11-16,0.0,195.67,195.84,195.54,275.0,5383190.0,196.803
601888.SH,2022-11-16,0.0,195.74,195.74,195.6,82.0,1604610.0,196.802
601888.SH,2022-11-16,0.0,195.65,195.74,195.58,183.0,3581430.0,196.801
601888.SH,2022-11-16,0.0,195.57,195.69,195.56,135.0,2640550.0,196.8
601888.SH,2022-11-16,0.0,195.4,195.56,195.33,180.0,3518460.0,196.798
601888.SH,2022-11-16,0.0,195.3,195.48,195.3,165.0,3223890.0,196.797
601888.SH,2022-11-16,0.0,195.12,195.16,195.06,265.0,5170880.0,196.794
601888.SH,2022-11-16,0.0,195.29,195.3,195.12,46.0,898046.0,196.793
601888.SH,2022-11-16,0.0,195.31,195.31,195.29,115.0,2245990.0,196.792
601888.SH,2022-11-16,0.0,195.32,195.32,195.3,116.0,2265520.0,196.791
601888.SH,2022-11-16,0.0,195.28,195.32,195.26,225.0,4394130.0,196.788
601888.SH,2022-11-16,0.0,195.27,195.29,195.27,166.0,3241620.0,196.787
601888.SH,2022-11-16,0.0,195.45,195.48,195.27,195.0,3809620.0,196.785
601888.SH,2022-11-16,0.0,195.16,195.45,195.15,255.0,4980510.0,196.782
601888.SH,2022-11-16,0.0,195.26,195.33,195.03,183.0,3572550.0,196.78
601888.SH,2022-11-16,0.0,195.42,195.42,195.13,214.0,4181250.0,196.778
601888.SH,2022-11-16,0.0,195.2,195.36,195.2,307.0,5995910.0,196.775
601888.SH,2022-11-16,0.0,195.36,195.36,195.29,94.0,1836000.0,196.774
601888.SH,2022-11-16,0.0,195.17,195.41,195.17,376.0,7339790.0,196.771
601888.SH,2022-11-16,0.0,195.1,195.15,195.08,144.0,2809520.0,196.769
601888.SH,2022-11-16,0.0,195.09,195.1,195.07,87.0,1697260.0,196.768
601888.SH,2022-11-16,0.0,195.1,195.12,195.08,186.0,3628840.0,196.766
601888.SH,2022-11-16,0.0,195.08,195.1,195.08,111.0,2165450.0,196.765
601888.SH,2022-11-16,0.0,195.03,195.1,195.03,134.0,2613760.0,196.763
601888.SH,2022-11-16,0.0,194.91,195.07,194.91,550.0,10725200.0,196.757
601888.SH,2022-11-16,0.0,194.76,194.85,194.72,244.0,4753130.0,196.754
601888.SH,2022-11-16,0.0,194.64,194.8,194.64,431.0,8392140.0,196.748
601888.SH,2022-11-16,0.0,194.5,194.65,194.5,277.0,5390170.0,196.744
601888.SH,2022-11-16,0.0,194.23,194.5,194.14,455.0,8842040.0,196.737
601888.SH,2022-11-16,0.0,194.36,194.36,194.24,194.0,3768850.0,196.733
601888.SH,2022-11-16,0.0,194.47,194.52,194.35,179.0,3480000.0,196.731
601888.SH,2022-11-16,0.0,194.47,194.71,194.47,331.0,6441820.0,196.726
601888.SH,2022-11-16,0.0,194.2,194.47,194.2,382.0,7424610.0,196.72
601888.SH,2022-11-16,0.0,194.02,194.25,194.02,334.0,6483790.0,196.714
601888.SH,2022-11-16,0.0,194.11,194.2,193.81,1122.0,21767000.0,196.695
601888.SH,2022-11-16,0.0,194.25,194.25,194.1,173.0,3359080.0,196.692
601888.SH,2022-11-16,0.0,194.47,194.47,194.21,469.0,9115740.0,196.685
601888.SH,2022-11-16,0.0,194.25,194.4,194.25,320.0,6217840.0,196.68
601888.SH,2022-11-16,0.0,194.1,194.22,194.1,214.0,4155110.0,196.676
601888.SH,2022-11-16,0.0,194.02,194.28,193.98,621.0,12055100.0,196.666
601888.SH,2022-11-16,0.0,194.31,194.31,194.05,243.0,4718470.0,196.662
601888.SH,2022-11-16,0.0,194.22,194.42,194.22,541.0,10511400.0,196.654
601888.SH,2022-11-16,0.0,194.26,194.3,194.2,134.0,2602730.0,196.652
601888.SH,2022-11-16,0.0,194.73,194.73,194.27,376.0,7309400.0,196.646
601888.SH,2022-11-16,0.0,194.15,194.73,194.15,357.0,6942300.0,196.642
601888.SH,2022-11-16,0.0,194.01,194.2,194.0,561.0,10888800.0,196.632
601888.SH,2022-11-16,0.0,193.83,194.18,193.83,596.0,11561400.0,196.622
601888.SH,2022-11-16,0.0,193.59,193.82,193.56,723.0,14002600.0,196.609
601888.SH,2022-11-16,0.0,193.8,193.82,193.57,489.0,9468880.0,196.6
601888.SH,2022-11-16,0.0,193.59,193.82,193.59,530.0,10265700.0,196.59
601888.SH,2022-11-16,0.0,193.55,193.58,193.5,639.0,12366800.0,196.578
601888.SH,2022-11-16,0.0,193.33,193.64,193.33,455.0,8803650.0,196.569
601888.SH,2022-11-16,0.0,193.09,193.4,193.01,715.0,13812400.0,196.554
601888.SH,2022-11-16,0.0,193.28,193.45,193.09,785.0,15174500.0,196.539
601888.SH,2022-11-16,0.0,193.3,193.86,193.22,580.0,11223000.0,196.528
601888.SH,2022-11-16,0.0,193.66,193.66,193.17,718.0,13873100.0,196.514
601888.SH,2022-11-16,0.0,193.4,193.71,193.4,618.0,11960600.0,196.503
601888.SH,2022-11-16,0.0,193.57,193.83,193.35,765.0,14800900.0,196.489
601888.SH,2022-11-16,0.0,193.5,193.74,193.42,805.0,15582800.0,196.474
601888.SH,2022-11-16,0.0,193.6,193.99,193.5,541.0,10475900.0,196.465
601888.SH,2022-11-16,0.0,193.45,193.64,193.45,619.0,11979500.0,196.454
601888.SH,2022-11-16,0.0,193.5,194.0,193.45,694.0,13440700.0,196.442
601888.SH,2022-11-16,0.0,193.42,193.61,193.42,820.0,15869700.0,196.428
601888.SH,2022-11-16,0.0,193.48,193.5,193.4,269.0,5207880.0,196.423
601888.SH,2022-11-16,0.0,194.0,194.0,193.48,385.0,7454920.0,196.417
601888.SH,2022-11-16,0.0,194.26,194.26,194.06,241.0,4670820.0,196.414
601888.SH,2022-11-16,0.0,194.3,194.4,194.21,375.0,7280880.0,196.409
601888.SH,2022-11-16,0.0,194.45,194.48,194.32,282.0,5482080.0,196.406
601888.SH,2022-11-16,0.0,194.45,194.47,194.38,357.0,6941180.0,196.402
601888.SH,2022-11-16,0.0,194.2,194.48,194.05,460.0,8939380.0,196.396
601888.SH,2022-11-16,0.0,194.22,194.22,194.22,4.0,77688.0,196.396
601888.SH,2022-11-16,0.0,194.22,194.22,194.22,0.0,0.0,196.396
601888.SH,2022-11-16,0.0,194.2,194.2,194.2,706.0,13704700.0,196.387
601888.SH,2022-11-17,0.0,192.0,192.0,192.0,1508.0,28953600.0,192.0
601888.SH,2022-11-17,0.0,192.66,193.49,192.01,1928.0,37106500.0,192.259
601888.SH,2022-11-17,0.0,192.89,192.95,192.0,917.0,17649300.0,192.303
601888.SH,2022-11-17,0.0,193.36,193.41,192.94,901.0,17400000.0,192.443
601888.SH,2022-11-17,0.0,193.0,193.6,192.54,1322.0,25515000.0,192.555
601888.SH,2022-11-17,0.0,193.38,193.38,192.8,567.0,10940700.0,192.587
601888.SH,2022-11-17,0.0,193.6,193.9,193.15,592.0,11460900.0,192.665
601888.SH,2022-11-17,0.0,194.13,194.47,193.58,1061.0,20584800.0,192.827
601888.SH,2022-11-17,0.0,193.95,194.32,193.93,765.0,14855500.0,192.936
601888.SH,2022-11-17,0.0,193.51,193.87,193.51,645.0,12496100.0,192.987
601888.SH,2022-11-17,0.0,193.06,193.53,193.0,959.0,18541900.0,193.018
601888.SH,2022-11-17,0.0,192.9,193.1,192.9,805.0,15534400.0,193.015
601888.SH,2022-11-17,0.0,193.1,193.8,192.92,696.0,13452200.0,193.029
601888.SH,2022-11-17,0.0,193.4,193.61,192.92,264.0,5101170.0,193.033
601888.SH,2022-11-17,0.0,194.15,194.15,193.12,363.0,7023700.0,193.046
601888.SH,2022-11-17,0.0,194.59,194.88,194.17,560.0,10893700.0,193.106
601888.SH,2022-11-17,0.0,195.0,195.12,194.47,722.0,14064400.0,193.19
601888.SH,2022-11-17,0.0,194.79,195.14,194.79,750.0,14622900.0,193.277
601888.SH,2022-11-17,0.0,193.77,194.73,193.77,474.0,9213410.0,193.31
601888.SH,2022-11-17,0.0,193.53,193.8,193.5,405.0,7842020.0,193.318
601888.SH,2022-11-17,0.0,193.2,193.7,193.12,551.0,10658000.0,193.322
601888.SH,2022-11-17,0.0,192.71,193.21,192.64,1046.0,20180600.0,193.299
601888.SH,2022-11-17,0.0,193.0,193.2,192.8,644.0,12427600.0,193.287
601888.SH,2022-11-17,0.0,192.99,193.1,192.86,445.0,8587450.0,193.28
601888.SH,2022-11-17,0.0,192.6,192.88,192.6,677.0,13049600.0,193.262
601888.SH,2022-11-17,0.0,192.02,192.71,192.02,713.0,13719600.0,193.232
601888.SH,2022-11-17,0.0,191.74,191.9,191.15,2585.0,49532300.0,193.049
601888.SH,2022-11-17,0.0,191.79,191.79,191.38,711.0,13613800.0,193.002
601888.SH,2022-11-17,0.0,192.0,192.3,191.6,931.0,17865600.0,192.96
601888.SH,2022-11-17,0.0,192.04,192.16,191.89,454.0,8717110.0,192.943
601888.SH,2022-11-17,0.0,192.06,192.11,192.0,336.0,6452700.0,192.931
601888.SH,2022-11-17,0.0,192.19,192.57,191.6,1120.0,21488400.0,192.885
601888.SH,2022-11-17,0.0,191.77,192.44,191.62,686.0,13158100.0,192.858
601888.SH,2022-11-17,0.0,192.0,192.1,191.82,402.0,7718170.0,192.845
601888.SH,2022-11-17,0.0,191.62,192.0,191.62,569.0,10914400.0,192.825
601888.SH,2022-11-17,0.0,191.6,191.64,191.55,503.0,9638130.0,192.803
601888.SH,2022-11-17,0.0,191.53,191.83,191.5,385.0,7375020.0,192.787
601888.SH,2022-11-17,0.0,191.5,191.59,191.5,280.0,5362930.0,192.775
601888.SH,2022-11-17,0.0,191.25,191.59,191.25,348.0,6660240.0,192.758
601888.SH,2022-11-17,0.0,191.36,191.84,191.23,456.0,8724220.0,192.737
601888.SH,2022-11-17,0.0,191.35,191.36,191.16,472.0,9026700.0,192.713
601888.SH,2022-11-17,0.0,191.01,191.19,191.01,525.0,10032700.0,192.686
601888.SH,2022-11-17,0.0,191.26,191.69,191.0,479.0,9156510.0,192.663
601888.SH,2022-11-17,0.0,191.1,191.43,191.01,432.0,8257090.0,192.642
601888.SH,2022-11-17,0.0,191.2,191.2,191.0,767.0,14651700.0,192.604
601888.SH,2022-11-17,0.0,191.19,191.26,191.09,341.0,6518630.0,192.59
601888.SH,2022-11-17,0.0,190.8,191.2,190.8,875.0,16712400.0,192.549
601888.SH,2022-11-17,0.0,190.64,190.81,190.6,437.0,8332720.0,192.525
601888.SH,2022-11-17,0.0,191.2,191.2,190.3,1139.0,21707300.0,192.463
601888.SH,2022-11-17,0.0,190.68,191.2,190.68,445.0,8497660.0,192.444
601888.SH,2022-11-17,0.0,190.8,190.91,190.6,717.0,13662000.0,192.409
601888.SH,2022-11-17,0.0,190.71,190.8,190.6,420.0,8007390.0,192.389
601888.SH,2022-11-17,0.0,190.68,190.88,190.68,603.0,11502100.0,192.363
601888.SH,2022-11-17,0.0,190.2,190.75,190.19,634.0,12076800.0,192.332
601888.SH,2022-11-17,0.0,190.21,190.4,190.1,742.0,14112700.0,192.291
601888.SH,2022-11-17,0.0,190.32,190.49,190.21,351.0,6680980.0,192.274
601888.SH,2022-11-17,0.0,190.01,190.4,190.0,1180.0,22429100.0,192.21
601888.SH,2022-11-17,0.0,189.7,190.01,189.5,1321.0,25085500.0,192.137
601888.SH,2022-11-17,0.0,189.66,189.69,189.44,748.0,14178600.0,192.092
601888.SH,2022-11-17,0.0,189.8,189.8,189.25,637.0,12066200.0,192.053
601888.SH,2022-11-17,0.0,189.98,189.98,189.0,1564.0,29599100.0,191.953
601888.SH,2022-11-17,0.0,189.99,189.99,189.5,547.0,10370400.0,191.925
601888.SH,2022-11-17,0.0,190.36,190.47,190.07,491.0,9341240.0,191.907
601888.SH,2022-11-17,0.0,189.93,190.19,189.93,394.0,7488190.0,191.891
601888.SH,2022-11-17,0.0,189.84,190.01,189.8,372.0,7063710.0,191.875
601888.SH,2022-11-17,0.0,189.96,190.0,189.9,248.0,4710490.0,191.865
601888.SH,2022-11-17,0.0,190.02,190.03,189.95,181.0,3443320.0,191.857
601888.SH,2022-11-17,0.0,190.05,190.27,189.62,832.0,15794700.0,191.823
601888.SH,2022-11-17,0.0,189.7,190.28,189.68,293.0,5565740.0,191.812
601888.SH,2022-11-17,0.0,189.5,189.72,189.5,307.0,5822010.0,191.798
601888.SH,2022-11-17,0.0,189.78,189.87,189.6,316.0,5993620.0,191.785
601888.SH,2022-11-17,0.0,190.05,190.28,189.78,254.0,4826610.0,191.775
601888.SH,2022-11-17,0.0,190.99,191.0,190.05,351.0,6682230.0,191.766
601888.SH,2022-11-17,0.0,190.62,191.04,190.51,440.0,8390140.0,191.756
601888.SH,2022-11-17,0.0,190.03,190.62,190.0,337.0,6405940.0,191.745
601888.SH,2022-11-17,0.0,189.71,190.02,189.63,360.0,6822690.0,191.731
601888.SH,2022-11-17,0.0,190.0,190.0,189.71,250.0,4745190.0,191.721
601888.SH,2022-11-17,0.0,190.17,190.17,189.91,148.0,2812390.0,191.716
601888.SH,2022-11-17,0.0,190.22,190.22,190.0,144.0,2737310.0,191.712
601888.SH,2022-11-17,0.0,190.37,190.46,190.05,154.0,2930480.0,191.708
601888.SH,2022-11-17,0.0,190.05,190.37,190.0,151.0,2870220.0,191.703
601888.SH,2022-11-17,0.0,189.8,190.06,189.74,233.0,4424010.0,191.695
601888.SH,2022-11-17,0.0,190.01,190.2,189.81,94.0,1786050.0,191.692
601888.SH,2022-11-17,0.0,190.26,190.26,189.98,126.0,2395760.0,191.688
601888.SH,2022-11-17,0.0,190.44,190.49,190.25,171.0,3255950.0,191.684
601888.SH,2022-11-17,0.0,190.3,190.42,190.03,258.0,4895650.0,191.676
601888.SH,2022-11-17,0.0,190.19,190.3,190.03,139.0,2642710.0,191.672
601888.SH,2022-11-17,0.0,190.29,190.42,190.18,122.0,2321230.0,191.668
601888.SH,2022-11-17,0.0,190.3,190.37,190.28,107.0,2036280.0,191.666
601888.SH,2022-11-17,0.0,190.3,190.45,190.25,199.0,3787620.0,191.661
601888.SH,2022-11-17,0.0,190.77,190.77,190.42,189.0,3601180.0,191.657
601888.SH,2022-11-17,0.0,190.37,190.66,190.23,425.0,8099980.0,191.647
601888.SH,2022-11-17,0.0,189.93,190.44,189.93,692.0,13142700.0,191.627
601888.SH,2022-11-17,0.0,190.0,190.21,189.96,238.0,4512630.0,191.62
601888.SH,2022-11-17,0.0,189.99,190.03,189.9,164.0,3115580.0,191.615
601888.SH,2022-11-17,0.0,189.98,189.98,189.8,169.0,3208940.0,191.61
601888.SH,2022-11-17,0.0,189.76,189.97,189.71,253.0,4801840.0,191.602
601888.SH,2022-11-17,0.0,189.4,189.76,189.4,471.0,8939900.0,191.585
601888.SH,2022-11-17,0.0,189.38,189.63,189.2,536.0,10151500.0,191.564
601888.SH,2022-11-17,0.0,189.53,190.0,189.28,226.0,4285080.0,191.556
601888.SH,2022-11-17,0.0,189.52,189.61,189.5,102.0,1933450.0,191.552
601888.SH,2022-11-17,0.0,189.67,189.7,189.52,416.0,7884800.0,191.537
601888.SH,2022-11-17,0.0,189.36,189.7,189.36,143.0,2709860.0,191.532
601888.SH,2022-11-17,0.0,189.62,190.0,189.28,371.0,7037910.0,191.52
601888.SH,2022-11-17,0.0,189.78,190.0,189.59,283.0,5374560.0,191.513
601888.SH,2022-11-17,0.0,189.78,189.78,189.72,95.0,1802500.0,191.51
601888.SH,2022-11-17,0.0,189.87,189.99,189.77,136.0,2581890.0,191.506
601888.SH,2022-11-17,0.0,189.89,189.95,189.83,166.0,3152040.0,191.501
601888.SH,2022-11-17,0.0,190.0,190.2,189.81,295.0,5606210.0,191.494
601888.SH,2022-11-17,0.0,190.3,190.49,190.04,215.0,4089190.0,191.489
601888.SH,2022-11-17,0.0,190.01,190.3,190.0,224.0,4262750.0,191.484
601888.SH,2022-11-17,0.0,189.4,190.01,189.4,173.0,3281520.0,191.479
601888.SH,2022-11-17,0.0,189.47,189.88,189.3,218.0,4129740.0,191.472
601888.SH,2022-11-17,0.0,189.58,189.93,189.46,240.0,4553360.0,191.464
601888.SH,2022-11-17,0.0,189.52,189.81,189.52,65.0,1232480.0,191.462
601888.SH,2022-11-17,0.0,189.82,189.82,189.51,57.0,1080590.0,191.461
601888.SH,2022-11-17,0.0,189.21,189.82,189.2,258.0,4886560.0,191.452
601888.SH,2022-11-17,0.0,189.48,189.48,189.2,155.0,2934040.0,191.446
601888.SH,2022-11-17,0.0,189.41,189.48,189.22,58.0,1098280.0,191.444
601888.SH,2022-11-17,0.0,189.29,189.44,189.27,91.0,1722860.0,191.441
601888.SH,2022-11-17,0.0,189.52,190.0,189.29,131.0,2483180.0,191.437
601888.SH,2022-11-17,0.0,189.7,190.0,189.54,443.0,8405150.0,191.424
601888.SH,2022-11-17,0.0,189.78,189.78,189.7,64.0,1214250.0,191.423
601888.SH,2022-11-17,0.0,189.83,189.88,189.74,122.0,2315460.0,191.419
601888.SH,2022-11-17,0.0,190.08,190.4,189.83,281.0,5341040.0,191.413
601888.SH,2022-11-17,0.0,190.02,190.08,189.8,93.0,1766980.0,191.411
601888.SH,2022-11-17,0.0,190.41,190.41,190.02,200.0,3802580.0,191.407
601888.SH,2022-11-17,0.0,190.16,190.48,190.09,195.0,3709490.0,191.403
601888.SH,2022-11-17,0.0,190.62,190.66,190.09,209.0,3979010.0,191.4
601888.SH,2022-11-17,0.0,190.27,190.62,190.25,189.0,3600060.0,191.397
601888.SH,2022-11-17,0.0,190.88,190.88,190.21,276.0,5255370.0,191.392
601888.SH,2022-11-17,0.0,190.88,190.99,190.6,322.0,6141600.0,191.389
601888.SH,2022-11-17,0.0,190.96,190.98,190.6,214.0,4083080.0,191.387
601888.SH,2022-11-17,0.0,190.85,191.05,190.85,312.0,5957190.0,191.385
601888.SH,2022-11-17,0.0,190.9,191.05,190.85,141.0,2691720.0,191.384
601888.SH,2022-11-17,0.0,190.97,191.0,190.9,218.0,4162200.0,191.382
601888.SH,2022-11-17,0.0,191.09,191.11,190.98,252.0,4815070.0,191.381
601888.SH,2022-11-17,0.0,191.0,191.09,190.96,234.0,4469300.0,191.379
601888.SH,2022-11-17,0.0,191.0,191.3,190.9,248.0,4737900.0,191.378
601888.SH,2022-11-17,0.0,190.93,191.26,190.72,257.0,4906860.0,191.376
601888.SH,2022-11-17,0.0,191.0,191.0,190.5,383.0,7307000.0,191.373
601888.SH,2022-11-17,0.0,190.8,190.98,190.5,344.0,6562110.0,191.37
601888.SH,2022-11-17,0.0,191.0,191.0,190.5,291.0,5552640.0,191.367
601888.SH,2022-11-17,0.0,191.03,191.11,190.78,218.0,4164320.0,191.366
601888.SH,2022-11-17,0.0,191.41,191.41,191.1,483.0,9239160.0,191.365
601888.SH,2022-11-17,0.0,190.96,191.55,190.9,508.0,9718630.0,191.365
601888.SH,2022-11-17,0.0,191.34,191.39,190.78,241.0,4605210.0,191.364
601888.SH,2022-11-17,0.0,191.39,191.4,191.2,209.0,3998820.0,191.364
601888.SH,2022-11-17,0.0,191.0,191.39,191.0,218.0,4168600.0,191.363
601888.SH,2022-11-17,0.0,190.7,191.0,190.5,255.0,4865550.0,191.361
601888.SH,2022-11-17,0.0,190.89,191.0,190.42,171.0,3259180.0,191.359
601888.SH,2022-11-17,0.0,190.86,190.87,190.45,212.0,4042110.0,191.357
601888.SH,2022-11-17,0.0,190.89,190.9,190.46,190.0,3623930.0,191.356
601888.SH,2022-11-17,0.0,191.05,191.05,190.72,185.0,3531470.0,191.354
601888.SH,2022-11-17,0.0,191.18,191.23,190.88,1103.0,21060600.0,191.348
601888.SH,2022-11-17,0.0,191.08,191.2,191.0,85.0,1624680.0,191.347
601888.SH,2022-11-17,0.0,190.7,191.04,190.7,108.0,2061710.0,191.347
601888.SH,2022-11-17,0.0,190.52,190.88,190.51,157.0,2992720.0,191.345
601888.SH,2022-11-17,0.0,190.96,191.2,190.51,178.0,3397590.0,191.344
601888.SH,2022-11-17,0.0,191.14,191.2,190.56,556.0,10612300.0,191.34
601888.SH,2022-11-17,0.0,190.95,191.14,190.8,132.0,2519790.0,191.339
601888.SH,2022-11-17,0.0,191.1,191.2,190.95,159.0,3038160.0,191.339
601888.SH,2022-11-17,0.0,191.06,191.3,191.03,170.0,3249220.0,191.338
601888.SH,2022-11-17,0.0,191.2,191.37,191.06,126.0,2408790.0,191.338
601888.SH,2022-11-17,0.0,191.07,191.25,191.0,284.0,5427680.0,191.337
601888.SH,2022-11-17,0.0,190.66,191.08,190.58,244.0,4656920.0,191.335
601888.SH,2022-11-17,0.0,190.75,190.99,190.6,183.0,3488890.0,191.334
601888.SH,2022-11-17,0.0,190.55,190.75,190.54,122.0,2326040.0,191.333
601888.SH,2022-11-17,0.0,190.55,190.65,190.51,170.0,3239750.0,191.331
601888.SH,2022-11-17,0.0,190.55,190.6,190.51,192.0,3659060.0,191.329
601888.SH,2022-11-17,0.0,190.98,190.98,190.5,157.0,2991890.0,191.327
601888.SH,2022-11-17,0.0,190.53,190.88,190.5,147.0,2801600.0,191.326
601888.SH,2022-11-17,0.0,191.0,191.0,190.5,136.0,2593080.0,191.324
601888.SH,2022-11-17,0.0,190.66,191.0,190.6,148.0,2822370.0,191.323
601888.SH,2022-11-17,0.0,190.69,191.0,190.61,127.0,2421860.0,191.322
601888.SH,2022-11-17,0.0,190.7,190.97,190.6,103.0,1964380.0,191.321
601888.SH,2022-11-17,0.0,190.77,190.85,190.7,118.0,2251170.0,191.32
601888.SH,2022-11-17,0.0,191.0,191.0,190.77,215.0,4104970.0,191.319
601888.SH,2022-11-17,0.0,190.72,191.0,190.72,187.0,3569360.0,191.318
601888.SH,2022-11-17,0.0,190.8,190.94,190.71,140.0,2671330.0,191.317
601888.SH,2022-11-17,0.0,190.51,190.82,190.5,345.0,6577000.0,191.314
601888.SH,2022-11-17,0.0,190.46,190.51,190.45,192.0,3657010.0,191.312
601888.SH,2022-11-17,0.0,190.5,190.5,190.45,120.0,2285650.0,191.31
601888.SH,2022-11-17,0.0,190.4,190.5,190.33,180.0,3427820.0,191.308
601888.SH,2022-11-17,0.0,190.26,190.73,190.0,1052.0,20031600.0,191.296
601888.SH,2022-11-17,0.0,190.39,191.0,190.24,588.0,11209800.0,191.291
601888.SH,2022-11-17,0.0,190.23,190.8,190.22,932.0,17750400.0,191.281
601888.SH,2022-11-17,0.0,190.25,190.93,190.08,907.0,17259700.0,191.269
601888.SH,2022-11-17,0.0,190.0,190.2,189.88,1272.0,24169200.0,191.249
601888.SH,2022-11-17,0.0,189.93,190.52,189.91,631.0,11991400.0,191.239
601888.SH,2022-11-17,0.0,190.23,190.49,189.92,513.0,9749070.0,191.232
601888.SH,2022-11-17,0.0,190.24,190.49,190.11,343.0,6523720.0,191.227
601888.SH,2022-11-17,0.0,190.03,190.12,190.0,298.0,5663400.0,191.223
601888.SH,2022-11-17,0.0,190.08,190.28,190.0,605.0,11499300.0,191.215
601888.SH,2022-11-17,0.0,190.34,190.34,190.01,336.0,6387860.0,191.21
601888.SH,2022-11-17,0.0,190.57,190.68,190.3,250.0,4760910.0,191.208
601888.SH,2022-11-17,0.0,190.05,190.55,190.02,724.0,13782700.0,191.2
601888.SH,2022-11-17,0.0,190.15,190.22,190.04,309.0,5874400.0,191.196
601888.SH,2022-11-17,0.0,190.03,190.3,190.03,351.0,6673620.0,191.192
601888.SH,2022-11-17,0.0,190.16,190.16,190.02,244.0,4637420.0,191.189
601888.SH,2022-11-17,0.0,190.25,190.25,190.0,489.0,9292300.0,191.182
601888.SH,2022-11-17,0.0,190.18,190.3,190.15,173.0,3290290.0,191.18
601888.SH,2022-11-17,0.0,190.05,190.21,190.05,429.0,8157570.0,191.175
601888.SH,2022-11-17,0.0,190.02,190.04,190.01,245.0,4655410.0,191.171
601888.SH,2022-11-17,0.0,190.08,190.21,190.01,200.0,3801000.0,191.169
601888.SH,2022-11-17,0.0,190.04,190.05,190.01,153.0,2907440.0,191.167
601888.SH,2022-11-17,0.0,190.02,190.08,190.01,252.0,4788780.0,191.163
601888.SH,2022-11-17,0.0,190.0,190.95,190.0,781.0,14849300.0,191.154
601888.SH,2022-11-17,0.0,190.49,190.58,190.0,812.0,15459400.0,191.147
601888.SH,2022-11-17,0.0,190.92,191.04,190.67,695.0,13267000.0,191.145
601888.SH,2022-11-17,0.0,190.97,191.04,190.92,307.0,5863440.0,191.144
601888.SH,2022-11-17,0.0,191.0,191.04,190.76,411.0,7848620.0,191.144
601888.SH,2022-11-17,0.0,190.92,191.0,190.9,173.0,3303240.0,191.143
601888.SH,2022-11-17,0.0,190.56,190.9,190.56,127.0,2421760.0,191.143
601888.SH,2022-11-17,0.0,190.51,190.57,190.51,230.0,4382660.0,191.141
601888.SH,2022-11-17,0.0,190.55,190.55,190.52,162.0,3086880.0,191.14
601888.SH,2022-11-17,0.0,190.61,190.92,190.49,695.0,13244600.0,191.135
601888.SH,2022-11-17,0.0,191.0,191.0,190.61,189.0,3605130.0,191.135
601888.SH,2022-11-17,0.0,191.0,191.01,190.84,252.0,4812760.0,191.134
601888.SH,2022-11-17,0.0,190.95,191.01,190.88,178.0,3399530.0,191.134
601888.SH,2022-11-17,0.0,191.2,191.2,190.88,267.0,5090840.0,191.134
601888.SH,2022-11-17,0.0,191.66,191.66,191.22,375.0,7178790.0,191.135
601888.SH,2022-11-17,0.0,192.32,192.35,191.66,901.0,17306800.0,191.144
601888.SH,2022-11-17,0.0,191.66,192.28,191.66,647.0,12426000.0,191.15
601888.SH,2022-11-17,0.0,191.6,191.7,191.51,149.0,2854660.0,191.151
601888.SH,2022-11-17,0.0,191.98,191.98,191.58,262.0,5028150.0,191.153
601888.SH,2022-11-17,0.0,191.94,192.05,191.77,372.0,7140330.0,191.156
601888.SH,2022-11-17,0.0,191.94,192.05,191.87,409.0,7850450.0,191.159
601888.SH,2022-11-17,0.0,192.1,192.1,191.95,354.0,6802310.0,191.163
601888.SH,2022-11-17,0.0,191.99,192.1,191.95,433.0,8313600.0,191.167
601888.SH,2022-11-17,0.0,191.95,191.99,191.95,254.0,4876250.0,191.169
601888.SH,2022-11-17,0.0,191.78,191.99,191.77,479.0,9190150.0,191.173
601888.SH,2022-11-17,0.0,191.93,191.94,191.78,368.0,7058430.0,191.175
601888.SH,2022-11-17,0.0,192.28,192.28,191.93,924.0,17750400.0,191.184
601888.SH,2022-11-17,0.0,192.48,192.49,192.28,1014.0,19505600.0,191.196
601888.SH,2022-11-17,0.0,192.37,192.52,192.31,631.0,12137100.0,191.204
601888.SH,2022-11-17,0.0,192.21,192.37,192.2,839.0,16133000.0,191.212
601888.SH,2022-11-17,0.0,192.4,192.44,192.21,459.0,8822440.0,191.218
601888.SH,2022-11-17,0.0,192.38,192.4,192.38,22.0,423069.0,191.218
601888.SH,2022-11-17,0.0,192.38,192.38,192.38,0.0,0.0,191.218
601888.SH,2022-11-17,0.0,192.99,192.99,192.99,1571.0,30318700.0,191.245
601888.SH,2022-11-18,0.0,192.7,192.7,192.7,311.0,5992970.0,192.7
601888.SH,2022-11-18,0.0,192.99,193.8,192.3,941.0,18153200.0,192.861
601888.SH,2022-11-18,0.0,193.17,193.3,192.96,750.0,14488600.0,192.981
601888.SH,2022-11-18,0.0,193.19,193.48,193.1,653.0,12622600.0,193.06
601888.SH,2022-11-18,0.0,192.0,193.28,191.74,807.0,15528400.0,192.911
601888.SH,2022-11-18,0.0,191.82,192.07,191.36,543.0,10407000.0,192.741
601888.SH,2022-11-18,0.0,191.72,192.19,191.69,574.0,11011600.0,192.628
601888.SH,2022-11-18,0.0,192.15,192.33,191.62,330.0,6334310.0,192.582
601888.SH,2022-11-18,0.0,191.95,192.24,191.73,272.0,5220980.0,192.549
601888.SH,2022-11-18,0.0,192.67,192.7,191.96,183.0,3519410.0,192.541
601888.SH,2022-11-18,0.0,191.39,192.76,191.26,883.0,16947900.0,192.455
601888.SH,2022-11-18,0.0,190.76,191.26,190.51,651.0,12425300.0,192.305
601888.SH,2022-11-18,0.0,191.25,191.25,190.74,261.0,4981570.0,192.253
601888.SH,2022-11-18,0.0,190.6,191.46,190.6,551.0,10520500.0,192.158
601888.SH,2022-11-18,0.0,191.5,191.5,190.7,376.0,7181850.0,192.105
601888.SH,2022-11-18,0.0,191.95,191.95,191.47,241.0,4622120.0,192.096
601888.SH,2022-11-18,0.0,192.0,192.29,191.97,202.0,3881090.0,192.097
601888.SH,2022-11-18,0.0,191.79,192.02,191.79,169.0,3243460.0,192.093
601888.SH,2022-11-18,0.0,192.12,192.3,191.79,250.0,4798550.0,192.089
601888.SH,2022-11-18,0.0,192.19,192.3,192.19,251.0,4825250.0,192.093
601888.SH,2022-11-18,0.0,192.0,192.24,192.0,184.0,3535250.0,192.094
601888.SH,2022-11-18,0.0,192.3,192.3,191.98,168.0,3227600.0,192.094
601888.SH,2022-11-18,0.0,192.44,192.44,192.29,298.0,5731140.0,192.101
601888.SH,2022-11-18,0.0,192.12,192.44,192.12,301.0,5785870.0,192.105
601888.SH,2022-11-18,0.0,192.5,192.81,192.15,454.0,8741910.0,192.124
601888.SH,2022-11-18,0.0,192.13,192.5,192.13,142.0,2730640.0,192.126
601888.SH,2022-11-18,0.0,192.48,192.48,192.1,224.0,4305380.0,192.128
601888.SH,2022-11-18,0.0,192.11,192.46,192.11,167.0,3211110.0,192.13
601888.SH,2022-11-18,0.0,191.97,192.12,191.93,178.0,3418580.0,192.129
601888.SH,2022-11-18,0.0,191.99,192.11,191.8,119.0,2284200.0,192.127
601888.SH,2022-11-18,0.0,191.57,191.96,191.56,184.0,3528300.0,192.121
601888.SH,2022-11-18,0.0,192.26,192.33,191.57,483.0,9267580.0,192.111
601888.SH,2022-11-18,0.0,192.42,192.42,191.64,424.0,8143320.0,192.11
601888.SH,2022-11-18,0.0,191.97,192.37,191.94,131.0,2517400.0,192.11
601888.SH,2022-11-18,0.0,191.51,191.89,191.4,303.0,5803450.0,192.097
601888.SH,2022-11-18,0.0,191.48,191.87,191.48,176.0,3372120.0,192.09
601888.SH,2022-11-18,0.0,192.0,192.0,191.42,229.0,4390090.0,192.084
601888.SH,2022-11-18,0.0,191.88,192.21,191.73,217.0,4166460.0,192.082
601888.SH,2022-11-18,0.0,191.9,191.9,191.68,98.0,1879300.0,192.08
601888.SH,2022-11-18,0.0,192.1,192.48,192.0,578.0,11107400.0,192.084
601888.SH,2022-11-18,0.0,191.79,192.39,191.78,177.0,3398340.0,192.083
601888.SH,2022-11-18,0.0,191.76,191.79,191.63,193.0,3700220.0,192.078
601888.SH,2022-11-18,0.0,192.0,192.0,191.61,304.0,5829990.0,192.072
601888.SH,2022-11-18,0.0,191.68,192.18,191.68,651.0,12496500.0,192.067
601888.SH,2022-11-18,0.0,191.67,192.0,191.67,89.0,1707260.0,192.066
601888.SH,2022-11-18,0.0,191.93,191.97,191.63,100.0,1917300.0,192.063
601888.SH,2022-11-18,0.0,192.0,192.0,191.65,178.0,3414230.0,192.061
601888.SH,2022-11-18,0.0,192.0,192.0,191.66,107.0,2053320.0,192.06
601888.SH,2022-11-18,0.0,192.1,192.26,191.66,199.0,3820800.0,192.059
601888.SH,2022-11-18,0.0,192.55,192.79,192.03,461.0,8866900.0,192.067
601888.SH,2022-11-18,0.0,193.0,193.0,192.66,555.0,10703100.0,192.092
601888.SH,2022-11-18,0.0,193.39,193.39,192.63,647.0,12496100.0,192.13
601888.SH,2022-11-18,0.0,193.36,193.63,193.36,591.0,11436500.0,192.174
601888.SH,2022-11-18,0.0,194.0,194.0,193.63,645.0,12498400.0,192.228
601888.SH,2022-11-18,0.0,193.89,194.06,193.89,642.0,12454100.0,192.285
601888.SH,2022-11-18,0.0,193.45,193.88,193.4,479.0,9274660.0,192.316
601888.SH,2022-11-18,0.0,193.6,193.66,193.0,444.0,8583450.0,192.338
601888.SH,2022-11-18,0.0,193.03,193.57,193.03,363.0,7017440.0,192.355
601888.SH,2022-11-18,0.0,193.7,193.7,193.0,373.0,7216410.0,192.372
601888.SH,2022-11-18,0.0,193.97,193.97,193.85,540.0,10469900.0,192.409
601888.SH,2022-11-18,0.0,193.81,194.0,193.81,524.0,10163800.0,192.445
601888.SH,2022-11-18,0.0,193.48,193.85,193.29,114.0,2206640.0,192.451
601888.SH,2022-11-18,0.0,193.58,193.75,193.29,273.0,5283450.0,192.464
601888.SH,2022-11-18,0.0,193.6,193.69,193.58,157.0,3039980.0,192.472
601888.SH,2022-11-18,0.0,193.05,193.61,193.05,149.0,2881990.0,192.478
601888.SH,2022-11-18,0.0,193.48,193.58,193.05,137.0,2648840.0,192.483
601888.SH,2022-11-18,0.0,193.06,193.48,193.06,146.0,2820790.0,192.487
601888.SH,2022-11-18,0.0,192.85,193.07,192.58,577.0,11128700.0,192.499
601888.SH,2022-11-18,0.0,192.9,192.94,192.85,93.0,1793930.0,192.5
601888.SH,2022-11-18,0.0,192.86,192.95,192.86,105.0,2025670.0,192.502
601888.SH,2022-11-18,0.0,192.41,192.86,192.2,242.0,4655900.0,192.501
601888.SH,2022-11-18,0.0,192.54,192.57,192.4,98.0,1886100.0,192.501
601888.SH,2022-11-18,0.0,192.41,192.57,192.41,80.0,1539710.0,192.501
601888.SH,2022-11-18,0.0,192.28,192.41,192.28,171.0,3288770.0,192.499
601888.SH,2022-11-18,0.0,191.99,192.3,191.99,416.0,7993160.0,192.494
601888.SH,2022-11-18,0.0,191.6,192.0,191.22,344.0,6590900.0,192.482
601888.SH,2022-11-18,0.0,191.77,192.05,191.6,423.0,8104320.0,192.467
601888.SH,2022-11-18,0.0,191.99,192.21,191.62,210.0,4026920.0,192.461
601888.SH,2022-11-18,0.0,191.22,191.8,191.08,309.0,5913390.0,192.449
601888.SH,2022-11-18,0.0,191.0,191.39,191.0,567.0,10838500.0,192.422
601888.SH,2022-11-18,0.0,191.13,191.39,191.0,435.0,8315090.0,192.402
601888.SH,2022-11-18,0.0,191.15,191.24,191.13,204.0,3899750.0,192.393
601888.SH,2022-11-18,0.0,191.05,191.28,191.01,459.0,8772830.0,192.372
601888.SH,2022-11-18,0.0,191.08,191.1,191.01,353.0,6744990.0,192.356
601888.SH,2022-11-18,0.0,191.15,191.27,191.08,138.0,2637990.0,192.35
601888.SH,2022-11-18,0.0,190.7,191.09,190.65,785.0,14986400.0,192.312
601888.SH,2022-11-18,0.0,190.81,190.81,190.57,382.0,7282250.0,192.291
601888.SH,2022-11-18,0.0,191.24,191.28,190.82,365.0,6969640.0,192.274
601888.SH,2022-11-18,0.0,191.04,191.19,191.03,220.0,4203290.0,192.266
601888.SH,2022-11-18,0.0,191.17,191.17,190.9,350.0,6684830.0,192.251
601888.SH,2022-11-18,0.0,191.15,191.2,191.14,158.0,3020730.0,192.246
601888.SH,2022-11-18,0.0,191.06,191.17,191.04,199.0,3803580.0,192.239
601888.SH,2022-11-18,0.0,191.45,191.49,191.15,118.0,2256860.0,192.235
601888.SH,2022-11-18,0.0,191.13,191.49,191.03,309.0,5911040.0,192.226
601888.SH,2022-11-18,0.0,191.52,191.52,191.13,50.0,956823.0,192.224
601888.SH,2022-11-18,0.0,191.54,191.58,191.32,149.0,2852600.0,192.221
601888.SH,2022-11-18,0.0,191.55,191.55,191.51,89.0,1704680.0,192.219
601888.SH,2022-11-18,0.0,191.32,191.6,191.3,239.0,4577070.0,192.214
601888.SH,2022-11-18,0.0,192.0,192.0,191.32,181.0,3468110.0,192.21
601888.SH,2022-11-18,0.0,192.01,192.05,191.99,155.0,2976080.0,192.209
601888.SH,2022-11-18,0.0,192.5,192.5,192.01,150.0,2881650.0,192.209
601888.SH,2022-11-18,0.0,192.01,192.49,192.01,203.0,3905930.0,192.21
601888.SH,2022-11-18,0.0,192.0,192.06,191.8,90.0,1727080.0,192.209
601888.SH,2022-11-18,0.0,191.95,192.09,191.94,158.0,3033510.0,192.208
601888.SH,2022-11-18,0.0,192.01,192.07,191.95,66.0,1267260.0,192.208
601888.SH,2022-11-18,0.0,192.19,192.27,192.01,47.0,902931.0,192.208
601888.SH,2022-11-18,0.0,192.2,192.2,192.09,86.0,1652490.0,192.207
601888.SH,2022-11-18,0.0,192.22,192.22,192.11,126.0,2421130.0,192.207
601888.SH,2022-11-18,0.0,192.2,192.31,192.18,125.0,2402840.0,192.207
601888.SH,2022-11-18,0.0,192.77,192.79,192.2,187.0,3600970.0,192.209
601888.SH,2022-11-18,0.0,192.7,192.78,192.57,72.0,1387500.0,192.21
601888.SH,2022-11-18,0.0,192.63,192.7,192.57,73.0,1406330.0,192.211
601888.SH,2022-11-18,0.0,192.68,192.69,192.62,166.0,3198030.0,192.213
601888.SH,2022-11-18,0.0,192.8,192.83,192.65,160.0,3079710.0,192.216
601888.SH,2022-11-18,0.0,193.19,193.29,192.8,370.0,7143640.0,192.225
601888.SH,2022-11-18,0.0,192.75,193.19,192.74,98.0,1891880.0,192.227
601888.SH,2022-11-18,0.0,192.89,192.93,192.75,65.0,1253600.0,192.228
601888.SH,2022-11-18,0.0,192.79,192.98,192.79,97.0,1870950.0,192.23
601888.SH,2022-11-18,0.0,192.78,192.92,192.78,76.0,1465540.0,192.232
601888.SH,2022-11-18,0.0,192.66,192.79,192.66,52.0,1002290.0,192.232
601888.SH,2022-11-18,0.0,192.63,192.7,192.35,167.0,3215400.0,192.234
601888.SH,2022-11-18,0.0,193.0,193.0,192.18,419.0,8069930.0,192.238
601888.SH,2022-11-18,0.0,193.43,193.45,192.71,373.0,7203190.0,192.247
601888.SH,2022-11-18,0.0,192.86,193.3,192.73,206.0,3974860.0,192.251
601888.SH,2022-11-18,0.0,192.58,192.88,192.58,140.0,2698540.0,192.253
601888.SH,2022-11-18,0.0,192.25,192.56,192.1,382.0,7343040.0,192.253
601888.SH,2022-11-18,0.0,191.9,192.37,191.5,587.0,11266200.0,192.248
601888.SH,2022-11-18,0.0,191.98,192.0,191.6,331.0,6350710.0,192.244
601888.SH,2022-11-18,0.0,191.45,191.9,191.45,167.0,3199340.0,192.241
601888.SH,2022-11-18,0.0,191.64,191.64,191.38,208.0,3982580.0,192.237
601888.SH,2022-11-18,0.0,191.58,191.66,191.31,192.0,3675350.0,192.233
601888.SH,2022-11-18,0.0,191.62,191.62,191.33,129.0,2470040.0,192.231
601888.SH,2022-11-18,0.0,191.8,191.82,191.39,145.0,2778310.0,192.228
601888.SH,2022-11-18,0.0,191.95,191.95,191.53,233.0,4465980.0,192.225
601888.SH,2022-11-18,0.0,191.86,192.0,191.57,166.0,3185050.0,192.223
601888.SH,2022-11-18,0.0,192.1,192.43,191.86,268.0,5137200.0,192.222
601888.SH,2022-11-18,0.0,192.3,192.6,192.05,121.0,2327980.0,192.223
601888.SH,2022-11-18,0.0,192.92,193.36,192.55,339.0,6545260.0,192.23
601888.SH,2022-11-18,0.0,193.01,193.76,193.01,766.0,14824900.0,192.255
601888.SH,2022-11-18,0.0,193.41,193.65,193.0,181.0,3499680.0,192.26
601888.SH,2022-11-18,0.0,193.49,193.49,193.2,301.0,5820440.0,192.268
601888.SH,2022-11-18,0.0,193.3,193.61,193.3,307.0,5939920.0,192.277
601888.SH,2022-11-18,0.0,193.25,193.47,193.25,95.0,1836830.0,192.28
601888.SH,2022-11-18,0.0,192.87,193.25,192.72,393.0,7584260.0,192.286
601888.SH,2022-11-18,0.0,192.7,192.9,192.4,163.0,3139940.0,192.288
601888.SH,2022-11-18,0.0,192.5,192.69,192.35,304.0,5856410.0,192.29
601888.SH,2022-11-18,0.0,192.52,192.58,192.35,80.0,1539650.0,192.29
601888.SH,2022-11-18,0.0,192.63,192.63,192.52,67.0,1290270.0,192.291
601888.SH,2022-11-18,0.0,191.95,192.63,191.95,321.0,6167810.0,192.29
601888.SH,2022-11-18,0.0,192.43,192.43,191.95,49.0,941932.0,192.29
601888.SH,2022-11-18,0.0,192.4,192.44,192.16,76.0,1461600.0,192.29
601888.SH,2022-11-18,0.0,192.0,192.23,191.98,159.0,3054330.0,192.289
601888.SH,2022-11-18,0.0,192.36,192.37,191.99,97.0,1863730.0,192.289
601888.SH,2022-11-18,0.0,192.01,192.34,192.01,119.0,2286670.0,192.288
601888.SH,2022-11-18,0.0,192.01,192.17,192.0,114.0,2188900.0,192.288
601888.SH,2022-11-18,0.0,191.99,192.05,191.97,98.0,1881590.0,192.287
601888.SH,2022-11-18,0.0,192.0,192.0,191.95,78.0,1497390.0,192.286
601888.SH,2022-11-18,0.0,192.05,192.09,192.0,44.0,844978.0,192.286
601888.SH,2022-11-18,0.0,192.01,192.05,192.0,65.0,1248190.0,192.286
601888.SH,2022-11-18,0.0,191.8,192.05,191.8,236.0,4530730.0,192.284
601888.SH,2022-11-18,0.0,191.88,192.0,191.6,192.0,3680690.0,192.282
601888.SH,2022-11-18,0.0,192.11,192.11,191.87,57.0,1094080.0,192.281
601888.SH,2022-11-18,0.0,191.88,192.11,191.8,68.0,1305270.0,192.281
601888.SH,2022-11-18,0.0,191.61,191.87,191.61,105.0,2013040.0,192.279
601888.SH,2022-11-18,0.0,191.59,191.61,191.5,88.0,1685550.0,192.278
601888.SH,2022-11-18,0.0,191.53,191.59,191.53,78.0,1494160.0,192.277
601888.SH,2022-11-18,0.0,191.57,191.6,191.53,90.0,1724040.0,192.275
601888.SH,2022-11-18,0.0,191.34,191.56,191.34,203.0,3886610.0,192.271
601888.SH,2022-11-18,0.0,191.25,191.34,191.21,201.0,3844720.0,192.267
601888.SH,2022-11-18,0.0,191.27,191.42,191.25,117.0,2238550.0,192.264
601888.SH,2022-11-18,0.0,191.26,191.34,191.24,145.0,2773440.0,192.261
601888.SH,2022-11-18,0.0,191.26,191.34,191.24,177.0,3385570.0,192.257
601888.SH,2022-11-18,0.0,191.21,191.34,191.21,181.0,3461740.0,192.253
601888.SH,2022-11-18,0.0,191.18,191.29,191.17,196.0,3747730.0,192.249
601888.SH,2022-11-18,0.0,191.61,191.61,191.22,291.0,5570870.0,192.244
601888.SH,2022-11-18,0.0,191.59,191.76,191.28,217.0,4154840.0,192.24
601888.SH,2022-11-18,0.0,191.5,191.87,191.48,260.0,4980950.0,192.236
601888.SH,2022-11-18,0.0,191.57,191.64,191.49,137.0,2624540.0,192.234
601888.SH,2022-11-18,0.0,191.65,191.75,191.51,162.0,3104190.0,192.232
601888.SH,2022-11-18,0.0,191.53,191.65,191.32,391.0,7490190.0,192.227
601888.SH,2022-11-18,0.0,191.56,191.7,191.38,120.0,2298630.0,192.225
601888.SH,2022-11-18,0.0,191.55,191.65,191.48,80.0,1532410.0,192.224
601888.SH,2022-11-18,0.0,191.66,191.7,191.53,97.0,1856490.0,192.223
601888.SH,2022-11-18,0.0,191.57,191.7,191.33,161.0,3085430.0,192.22
601888.SH,2022-11-18,0.0,191.46,191.57,191.33,72.0,1378300.0,192.219
601888.SH,2022-11-18,0.0,191.58,191.58,191.28,90.0,1722670.0,192.217
601888.SH,2022-11-18,0.0,191.57,191.57,191.43,120.0,2297400.0,192.215
601888.SH,2022-11-18,0.0,191.29,191.81,191.23,439.0,8409880.0,192.21
601888.SH,2022-11-18,0.0,191.4,191.71,191.26,213.0,4075530.0,192.206
601888.SH,2022-11-18,0.0,191.2,191.28,191.14,355.0,6788030.0,192.199
601888.SH,2022-11-18,0.0,191.01,191.28,191.01,306.0,5847770.0,192.192
601888.SH,2022-11-18,0.0,190.99,191.23,190.99,609.0,11633300.0,192.177
601888.SH,2022-11-18,0.0,191.12,191.25,190.91,148.0,2827590.0,192.174
601888.SH,2022-11-18,0.0,191.03,191.37,191.0,163.0,3116600.0,192.171
601888.SH,2022-11-18,0.0,191.1,191.22,191.01,142.0,2713650.0,192.168
601888.SH,2022-11-18,0.0,191.33,191.33,190.92,153.0,2924650.0,192.165
601888.SH,2022-11-18,0.0,191.1,191.35,191.06,178.0,3402930.0,192.161
601888.SH,2022-11-18,0.0,190.98,191.27,190.95,247.0,4719320.0,192.156
601888.SH,2022-11-18,0.0,190.69,191.0,190.68,502.0,9579100.0,192.143
601888.SH,2022-11-18,0.0,190.7,191.0,190.68,298.0,5684700.0,192.135
601888.SH,2022-11-18,0.0,190.68,190.74,190.66,267.0,5091460.0,192.127
601888.SH,2022-11-18,0.0,190.9,190.97,190.72,212.0,4044340.0,192.122
601888.SH,2022-11-18,0.0,190.71,190.96,190.71,205.0,3912280.0,192.117
601888.SH,2022-11-18,0.0,190.84,191.04,190.71,167.0,3188160.0,192.113
601888.SH,2022-11-18,0.0,191.07,191.2,190.9,156.0,2980050.0,192.11
601888.SH,2022-11-18,0.0,191.17,191.17,190.88,134.0,2560130.0,192.107
601888.SH,2022-11-18,0.0,190.86,190.97,190.86,258.0,4925540.0,192.101
601888.SH,2022-11-18,0.0,190.83,190.92,190.71,238.0,4541730.0,192.095
601888.SH,2022-11-18,0.0,190.81,191.1,190.71,208.0,3970700.0,192.091
601888.SH,2022-11-18,0.0,191.06,191.12,190.8,136.0,2596770.0,192.088
601888.SH,2022-11-18,0.0,190.73,191.05,190.73,149.0,2844550.0,192.085
601888.SH,2022-11-18,0.0,190.72,190.8,190.71,286.0,5454880.0,192.077
601888.SH,2022-11-18,0.0,190.72,190.77,190.71,274.0,5226250.0,192.071
601888.SH,2022-11-18,0.0,190.99,190.99,190.71,178.0,3397770.0,192.067
601888.SH,2022-11-18,0.0,191.17,191.17,191.0,138.0,2636670.0,192.064
601888.SH,2022-11-18,0.0,191.03,191.14,191.0,219.0,4183900.0,192.06
601888.SH,2022-11-18,0.0,191.05,191.05,190.98,151.0,2884380.0,192.057
601888.SH,2022-11-18,0.0,191.14,191.14,191.0,128.0,2445880.0,192.055
601888.SH,2022-11-18,0.0,191.17,191.17,191.1,124.0,2370240.0,192.053
601888.SH,2022-11-18,0.0,191.1,191.17,191.08,253.0,4835560.0,192.049
601888.SH,2022-11-18,0.0,190.94,191.06,190.88,224.0,4278210.0,192.044
601888.SH,2022-11-18,0.0,191.0,191.0,190.81,270.0,5154710.0,192.039
601888.SH,2022-11-18,0.0,190.79,191.0,190.79,258.0,4926400.0,192.034
601888.SH,2022-11-18,0.0,190.82,190.85,190.75,219.0,4178310.0,192.029
601888.SH,2022-11-18,0.0,190.82,190.9,190.8,150.0,2862540.0,192.026
601888.SH,2022-11-18,0.0,190.81,190.84,190.77,159.0,3033900.0,192.023
601888.SH,2022-11-18,0.0,190.88,190.97,190.81,247.0,4715100.0,192.018
601888.SH,2022-11-18,0.0,190.81,190.86,190.77,292.0,5571640.0,192.012
601888.SH,2022-11-18,0.0,190.77,190.83,190.77,225.0,4293020.0,192.007
601888.SH,2022-11-18,0.0,190.86,190.86,190.78,205.0,3911620.0,192.003
601888.SH,2022-11-18,0.0,191.0,191.0,190.86,194.0,3704400.0,191.999
601888.SH,2022-11-18,0.0,190.91,190.95,190.81,324.0,6185210.0,191.993
601888.SH,2022-11-18,0.0,190.9,190.99,190.86,283.0,5402510.0,191.988
601888.SH,2022-11-18,0.0,190.84,190.9,190.82,295.0,5629820.0,191.982
601888.SH,2022-11-18,0.0,191.0,191.0,190.84,489.0,9337640.0,191.973
601888.SH,2022-11-18,0.0,190.94,191.17,190.94,388.0,7417160.0,191.967
601888.SH,2022-11-18,0.0,190.86,190.94,190.86,598.0,11415600.0,191.956
601888.SH,2022-11-18,0.0,190.9,190.93,190.86,275.0,5246220.0,191.951
601888.SH,2022-11-18,0.0,190.92,190.92,190.9,2.0,38184.0,191.951
601888.SH,2022-11-18,0.0,190.92,190.92,190.92,0.0,0.0,191.951
601888.SH,2022-11-18,0.0,190.8,190.8,190.8,944.0,18014800.0,191.934
601888.SH,2022-11-21,0.0,186.5,186.5,186.5,677.0,12626000.0,186.5
601888.SH,2022-11-21,0.0,184.01,186.0,184.0,4394.0,81359200.0,185.339
601888.SH,2022-11-21,0.0,184.24,184.37,183.3,2959.0,54391600.0,184.773
601888.SH,2022-11-21,0.0,183.42,184.0,183.1,3756.0,68929696.0,184.368
601888.SH,2022-11-21,0.0,181.95,183.43,181.35,5123.0,93449296.0,183.776
601888.SH,2022-11-21,0.0,182.61,182.68,181.2,3555.0,64740900.0,183.49
601888.SH,2022-11-21,0.0,183.2,183.2,182.05,3353.0,61158300.0,183.341
601888.SH,2022-11-21,0.0,184.09,184.14,183.2,1801.0,33117500.0,183.378
601888.SH,2022-11-21,0.0,183.37,184.16,182.65,2258.0,41404300.0,183.38
601888.SH,2022-11-21,0.0,183.5,183.5,182.98,1463.0,26790200.0,183.367
601888.SH,2022-11-21,0.0,184.77,184.78,183.37,873.0,16057800.0,183.384
601888.SH,2022-11-21,0.0,184.71,185.01,184.53,1688.0,31194400.0,183.459
601888.SH,2022-11-21,0.0,185.49,185.49,184.73,1931.0,35722300.0,183.546
601888.SH,2022-11-21,0.0,184.96,185.55,184.93,1319.0,24443600.0,183.613
601888.SH,2022-11-21,0.0,184.36,184.85,184.2,687.0,12682300.0,183.632
601888.SH,2022-11-21,0.0,185.15,185.2,184.18,1303.0,24051600.0,183.666
601888.SH,2022-11-21,0.0,183.0,185.0,183.0,2585.0,47511300.0,183.675
601888.SH,2022-11-21,0.0,182.31,182.85,182.1,1985.0,36248600.0,183.624
601888.SH,2022-11-21,0.0,182.42,182.62,182.2,1108.0,20208100.0,183.592
601888.SH,2022-11-21,0.0,182.52,182.54,182.28,691.0,12610200.0,183.575
601888.SH,2022-11-21,0.0,182.33,182.52,182.32,585.0,10669500.0,183.559
601888.SH,2022-11-21,0.0,181.69,182.33,181.68,2768.0,50386800.0,183.469
601888.SH,2022-11-21,0.0,181.23,181.7,181.23,1752.0,31796000.0,183.396
601888.SH,2022-11-21,0.0,180.56,181.23,180.3,3015.0,54514600.0,183.245
601888.SH,2022-11-21,0.0,181.01,181.21,180.01,3171.0,57244400.0,183.087
601888.SH,2022-11-21,0.0,181.26,181.39,180.0,3541.0,63974600.0,182.94
601888.SH,2022-11-21,0.0,181.71,181.96,180.62,2573.0,46494800.0,182.845
601888.SH,2022-11-21,0.0,181.9,181.97,181.33,1144.0,20807700.0,182.828
601888.SH,2022-11-21,0.0,181.55,181.93,181.38,707.0,12855500.0,182.816
601888.SH,2022-11-21,0.0,181.0,181.7,181.0,719.0,13034500.0,182.799
601888.SH,2022-11-21,0.0,181.7,181.7,181.13,475.0,8611530.0,182.789
601888.SH,2022-11-21,0.0,181.68,181.92,181.58,545.0,9906320.0,182.78
601888.SH,2022-11-21,0.0,181.57,182.17,181.57,787.0,14318500.0,182.769
601888.SH,2022-11-21,0.0,181.59,181.96,181.38,586.0,10649000.0,182.759
601888.SH,2022-11-21,0.0,181.5,181.92,181.5,450.0,8175650.0,182.752
601888.SH,2022-11-21,0.0,181.41,181.6,181.4,366.0,6642110.0,182.745
601888.SH,2022-11-21,0.0,181.64,181.87,181.17,603.0,10936000.0,182.732
601888.SH,2022-11-21,0.0,181.87,181.88,181.6,435.0,7905970.0,182.726
601888.SH,2022-11-21,0.0,181.8,181.94,181.8,451.0,8202590.0,182.72
601888.SH,2022-11-21,0.0,181.5,181.8,181.5,669.0,12152100.0,182.71
601888.SH,2022-11-21,0.0,181.8,181.93,181.5,698.0,12689600.0,182.7
601888.SH,2022-11-21,0.0,181.67,181.8,181.5,664.0,12054300.0,182.69
601888.SH,2022-11-21,0.0,181.35,181.73,181.27,825.0,14974700.0,182.676
601888.SH,2022-11-21,0.0,181.21,181.46,181.0,1235.0,22380400.0,182.651
601888.SH,2022-11-21,0.0,181.5,181.5,181.22,561.0,10168600.0,182.642
601888.SH,2022-11-21,0.0,181.99,182.01,181.47,892.0,16198400.0,182.629
601888.SH,2022-11-21,0.0,182.45,182.5,182.0,306.0,5572300.0,182.627
601888.SH,2022-11-21,0.0,183.08,183.08,182.47,453.0,8274810.0,182.628
601888.SH,2022-11-21,0.0,182.0,183.08,181.81,1038.0,18963500.0,182.628
601888.SH,2022-11-21,0.0,182.33,182.42,182.01,355.0,6469700.0,182.627
601888.SH,2022-11-21,0.0,182.36,182.36,181.96,858.0,15621400.0,182.62
601888.SH,2022-11-21,0.0,183.0,183.0,182.36,409.0,7475050.0,182.621
601888.SH,2022-11-21,0.0,183.3,183.49,183.0,258.0,4727590.0,182.623
601888.SH,2022-11-21,0.0,183.2,183.3,183.0,977.0,17882400.0,182.628
601888.SH,2022-11-21,0.0,183.19,183.21,183.0,323.0,5915580.0,182.631
601888.SH,2022-11-21,0.0,183.46,183.46,183.1,221.0,4050760.0,182.632
601888.SH,2022-11-21,0.0,183.13,183.57,183.13,365.0,6696300.0,182.636
601888.SH,2022-11-21,0.0,183.21,183.45,183.1,200.0,3664330.0,182.638
601888.SH,2022-11-21,0.0,183.72,183.73,183.22,410.0,7521370.0,182.642
601888.SH,2022-11-21,0.0,183.7,183.74,183.53,420.0,7716110.0,182.647
601888.SH,2022-11-21,0.0,183.97,183.97,183.7,220.0,4048050.0,182.651
601888.SH,2022-11-21,0.0,183.42,183.98,183.42,502.0,9222330.0,182.658
601888.SH,2022-11-21,0.0,183.35,183.4,183.08,185.0,3390120.0,182.659
601888.SH,2022-11-21,0.0,183.1,183.5,183.1,310.0,5683750.0,182.662
601888.SH,2022-11-21,0.0,183.0,183.2,182.93,543.0,9930540.0,182.663
601888.SH,2022-11-21,0.0,182.91,183.2,182.91,156.0,2854570.0,182.664
601888.SH,2022-11-21,0.0,182.33,182.9,182.31,116.0,2117990.0,182.664
601888.SH,2022-11-21,0.0,182.31,182.44,182.31,264.0,4813740.0,182.663
601888.SH,2022-11-21,0.0,182.43,182.45,182.33,246.0,4486410.0,182.662
601888.SH,2022-11-21,0.0,182.62,182.62,182.2,287.0,5235730.0,182.661
601888.SH,2022-11-21,0.0,182.65,182.91,182.5,207.0,3779870.0,182.661
601888.SH,2022-11-21,0.0,182.55,182.66,182.5,242.0,4418760.0,182.661
601888.SH,2022-11-21,0.0,182.21,182.65,182.21,378.0,6896810.0,182.66
601888.SH,2022-11-21,0.0,182.27,182.46,182.2,196.0,3572290.0,182.659
601888.SH,2022-11-21,0.0,182.28,182.43,182.27,131.0,2388420.0,182.658
601888.SH,2022-11-21,0.0,181.65,182.28,181.65,766.0,13944200.0,182.653
601888.SH,2022-11-21,0.0,181.55,181.71,181.46,712.0,12925100.0,182.644
601888.SH,2022-11-21,0.0,181.38,181.62,181.3,766.0,13893900.0,182.633
601888.SH,2022-11-21,0.0,182.0,182.0,181.25,844.0,15329200.0,182.623
601888.SH,2022-11-21,0.0,181.65,182.0,181.65,251.0,4561740.0,182.621
601888.SH,2022-11-21,0.0,181.62,181.66,181.6,366.0,6647910.0,182.617
601888.SH,2022-11-21,0.0,182.03,182.05,181.55,315.0,5726530.0,182.614
601888.SH,2022-11-21,0.0,181.67,181.97,181.67,209.0,3798480.0,182.612
601888.SH,2022-11-21,0.0,181.61,181.66,181.3,511.0,9268170.0,182.606
601888.SH,2022-11-21,0.0,181.56,181.59,181.41,512.0,9297430.0,182.599
601888.SH,2022-11-21,0.0,181.7,181.78,181.59,188.0,3419270.0,182.598
601888.SH,2022-11-21,0.0,181.56,181.65,181.35,407.0,7379880.0,182.593
601888.SH,2022-11-21,0.0,181.71,181.71,181.65,175.0,3179200.0,182.591
601888.SH,2022-11-21,0.0,181.79,181.93,181.7,196.0,3562440.0,182.589
601888.SH,2022-11-21,0.0,181.72,181.79,181.72,133.0,2417370.0,182.588
601888.SH,2022-11-21,0.0,181.67,181.72,181.5,288.0,5230140.0,182.585
601888.SH,2022-11-21,0.0,181.74,181.97,181.51,317.0,5758190.0,182.581
601888.SH,2022-11-21,0.0,181.76,181.88,181.69,240.0,4366310.0,182.579
601888.SH,2022-11-21,0.0,181.84,181.96,181.82,114.0,2073270.0,182.578
601888.SH,2022-11-21,0.0,181.76,181.86,181.57,248.0,4506850.0,182.576
601888.SH,2022-11-21,0.0,181.59,181.65,181.56,169.0,3069110.0,182.574
601888.SH,2022-11-21,0.0,181.61,181.63,181.56,390.0,7082030.0,182.57
601888.SH,2022-11-21,0.0,181.63,181.66,181.58,233.0,4232080.0,182.568
601888.SH,2022-11-21,0.0,181.66,181.66,181.64,179.0,3251540.0,182.566
601888.SH,2022-11-21,0.0,181.88,181.88,181.65,219.0,3976330.0,182.564
601888.SH,2022-11-21,0.0,181.81,181.94,181.81,118.0,2146470.0,182.563
601888.SH,2022-11-21,0.0,181.87,181.87,181.81,90.0,1636500.0,182.562
601888.SH,2022-11-21,0.0,182.19,182.25,181.87,239.0,4351050.0,182.561
601888.SH,2022-11-21,0.0,182.02,182.19,182.0,144.0,2621860.0,182.56
601888.SH,2022-11-21,0.0,182.5,182.5,182.02,224.0,4081750.0,182.56
601888.SH,2022-11-21,0.0,182.58,182.58,182.33,107.0,1952310.0,182.56
601888.SH,2022-11-21,0.0,182.94,182.94,182.58,181.0,3306770.0,182.56
601888.SH,2022-11-21,0.0,182.45,182.9,182.45,190.0,3470890.0,182.56
601888.SH,2022-11-21,0.0,182.61,182.61,182.45,100.0,1825170.0,182.56
601888.SH,2022-11-21,0.0,182.63,182.65,182.61,102.0,1862740.0,182.56
601888.SH,2022-11-21,0.0,182.67,182.67,182.62,79.0,1442900.0,182.56
601888.SH,2022-11-21,0.0,183.0,183.0,182.67,213.0,3895480.0,182.561
601888.SH,2022-11-21,0.0,183.24,183.27,182.95,267.0,4889730.0,182.562
601888.SH,2022-11-21,0.0,183.2,183.2,182.95,84.0,1537270.0,182.563
601888.SH,2022-11-21,0.0,182.98,183.23,182.98,255.0,4671080.0,182.565
601888.SH,2022-11-21,0.0,183.18,183.2,182.95,133.0,2436060.0,182.565
601888.SH,2022-11-21,0.0,183.26,183.27,183.07,149.0,2729220.0,182.566
601888.SH,2022-11-21,0.0,183.38,183.48,183.26,154.0,2823350.0,182.568
601888.SH,2022-11-21,0.0,183.12,183.38,183.11,131.0,2399800.0,182.568
601888.SH,2022-11-21,0.0,183.0,183.11,183.0,242.0,4430100.0,182.57
601888.SH,2022-11-21,0.0,183.27,183.28,183.0,145.0,2650970.0,182.57
601888.SH,2022-11-21,0.0,182.95,183.49,182.95,1361.0,24930400.0,182.579
601888.SH,2022-11-21,0.0,182.7,183.22,182.7,144.0,2634470.0,182.579
601888.SH,2022-11-21,0.0,182.5,182.85,182.5,173.0,3161150.0,182.58
601888.SH,2022-11-21,0.0,182.7,182.72,182.5,130.0,2374900.0,182.58
601888.SH,2022-11-21,0.0,182.33,182.69,182.33,98.0,1788460.0,182.58
601888.SH,2022-11-21,0.0,182.16,182.48,182.0,277.0,5044000.0,182.578
601888.SH,2022-11-21,0.0,182.89,182.89,182.0,1304.0,23827300.0,182.581
601888.SH,2022-11-21,0.0,182.38,182.88,182.31,225.0,4112050.0,182.581
601888.SH,2022-11-21,0.0,182.42,182.74,182.38,80.0,1460480.0,182.58
601888.SH,2022-11-21,0.0,182.13,182.42,182.13,170.0,3099260.0,182.58
601888.SH,2022-11-21,0.0,182.58,182.58,182.01,400.0,7288980.0,182.579
601888.SH,2022-11-21,0.0,182.4,182.5,182.39,78.0,1423470.0,182.579
601888.SH,2022-11-21,0.0,182.48,182.49,182.29,462.0,8423320.0,182.577
601888.SH,2022-11-21,0.0,182.51,182.59,182.44,76.0,1387040.0,182.577
601888.SH,2022-11-21,0.0,182.64,182.75,182.51,118.0,2154690.0,182.577
601888.SH,2022-11-21,0.0,183.18,183.18,182.64,452.0,8260420.0,182.579
601888.SH,2022-11-21,0.0,183.46,183.49,183.19,208.0,3815480.0,182.58
601888.SH,2022-11-21,0.0,183.27,183.46,183.04,60.0,1098740.0,182.581
601888.SH,2022-11-21,0.0,183.1,183.26,183.1,68.0,1245500.0,182.581
601888.SH,2022-11-21,0.0,183.21,183.26,183.1,127.0,2326900.0,182.582
601888.SH,2022-11-21,0.0,183.31,183.39,183.24,148.0,2713250.0,182.583
601888.SH,2022-11-21,0.0,183.13,183.34,183.13,54.0,989361.0,182.583
601888.SH,2022-11-21,0.0,183.13,183.16,183.13,93.0,1703260.0,182.584
601888.SH,2022-11-21,0.0,183.15,183.15,183.1,84.0,1538260.0,182.584
601888.SH,2022-11-21,0.0,183.34,183.34,183.13,110.0,2015120.0,182.585
601888.SH,2022-11-21,0.0,183.3,183.5,183.3,226.0,4144850.0,182.587
601888.SH,2022-11-21,0.0,183.18,183.37,183.17,109.0,1997740.0,182.587
601888.SH,2022-11-21,0.0,183.11,183.19,183.11,132.0,2417680.0,182.588
601888.SH,2022-11-21,0.0,182.74,183.13,182.74,243.0,4448160.0,182.589
601888.SH,2022-11-21,0.0,182.71,182.88,182.65,128.0,2339450.0,182.589
601888.SH,2022-11-21,0.0,183.11,183.11,182.82,175.0,3201010.0,182.59
601888.SH,2022-11-21,0.0,183.29,183.4,182.89,510.0,9340700.0,182.593
601888.SH,2022-11-21,0.0,183.11,183.25,183.11,111.0,2033110.0,182.593
601888.SH,2022-11-21,0.0,183.0,183.2,183.0,49.0,897147.0,182.594
601888.SH,2022-11-21,0.0,183.26,183.26,183.0,119.0,2179880.0,182.594
601888.SH,2022-11-21,0.0,183.39,183.4,183.2,91.0,1667960.0,182.595
601888.SH,2022-11-21,0.0,183.3,183.4,183.22,71.0,1301710.0,182.595
601888.SH,2022-11-21,0.0,183.31,183.49,183.31,108.0,1980700.0,182.596
601888.SH,2022-11-21,0.0,183.37,183.37,183.22,125.0,2291300.0,182.597
601888.SH,2022-11-21,0.0,183.55,183.7,183.37,408.0,7486220.0,182.6
601888.SH,2022-11-21,0.0,183.51,183.68,183.51,118.0,2166500.0,182.602
601888.SH,2022-11-21,0.0,183.69,183.74,183.51,177.0,3249350.0,182.603
601888.SH,2022-11-21,0.0,183.68,183.74,183.68,130.0,2388060.0,182.605
601888.SH,2022-11-21,0.0,183.51,183.68,183.51,87.0,1597100.0,182.605
601888.SH,2022-11-21,0.0,183.52,183.52,183.5,162.0,2972800.0,182.607
601888.SH,2022-11-21,0.0,183.52,183.59,183.5,109.0,2000570.0,182.608
601888.SH,2022-11-21,0.0,183.39,183.52,183.34,599.0,10989600.0,182.612
601888.SH,2022-11-21,0.0,183.29,183.39,183.29,75.0,1374990.0,182.613
601888.SH,2022-11-21,0.0,183.12,183.28,183.12,50.0,915885.0,182.613
601888.SH,2022-11-21,0.0,183.6,183.61,183.13,226.0,4142050.0,182.615
601888.SH,2022-11-21,0.0,183.63,183.65,183.38,227.0,4166920.0,182.617
601888.SH,2022-11-21,0.0,183.98,183.98,183.64,1012.0,18597700.0,182.627
601888.SH,2022-11-21,0.0,183.86,183.99,183.86,161.0,2961730.0,182.629
601888.SH,2022-11-21,0.0,183.81,183.97,183.81,612.0,11259200.0,182.637
601888.SH,2022-11-21,0.0,183.78,183.84,183.78,127.0,2334300.0,182.638
601888.SH,2022-11-21,0.0,183.9,183.93,183.85,183.0,3365440.0,182.64
601888.SH,2022-11-21,0.0,183.98,183.98,183.91,146.0,2680800.0,182.642
601888.SH,2022-11-21,0.0,184.0,184.01,183.97,275.0,5059930.0,182.646
601888.SH,2022-11-21,0.0,183.99,184.01,183.99,118.0,2171190.0,182.647
601888.SH,2022-11-21,0.0,184.45,184.45,184.0,258.0,4752410.0,182.651
601888.SH,2022-11-21,0.0,184.1,184.5,184.04,216.0,3982100.0,182.654
601888.SH,2022-11-21,0.0,184.09,184.09,184.05,227.0,4178550.0,182.657
601888.SH,2022-11-21,0.0,184.06,184.09,184.03,180.0,3313420.0,182.659
601888.SH,2022-11-21,0.0,184.1,184.11,184.01,167.0,3073890.0,182.661
601888.SH,2022-11-21,0.0,184.07,184.11,184.07,131.0,2411500.0,182.663
601888.SH,2022-11-21,0.0,183.85,184.07,183.85,241.0,4433820.0,182.666
601888.SH,2022-11-21,0.0,183.49,183.8,183.31,159.0,2919160.0,182.667
601888.SH,2022-11-21,0.0,183.34,183.49,183.3,126.0,2310370.0,182.668
601888.SH,2022-11-21,0.0,183.45,183.46,183.31,169.0,3098830.0,182.669
601888.SH,2022-11-21,0.0,183.44,183.47,183.41,59.0,1082300.0,182.669
601888.SH,2022-11-21,0.0,183.58,183.59,183.38,239.0,4384900.0,182.671
601888.SH,2022-11-21,0.0,184.08,184.08,183.58,329.0,6050750.0,182.675
601888.SH,2022-11-21,0.0,184.09,184.1,184.0,159.0,2920860.0,182.677
601888.SH,2022-11-21,0.0,183.72,184.1,183.72,92.0,1698590.0,182.678
601888.SH,2022-11-21,0.0,183.6,183.72,183.52,142.0,2606830.0,182.679
601888.SH,2022-11-21,0.0,183.51,183.51,183.5,186.0,3413210.0,182.68
601888.SH,2022-11-21,0.0,183.48,183.58,183.48,115.0,2110340.0,182.681
601888.SH,2022-11-21,0.0,183.63,183.63,183.48,226.0,4148580.0,182.683
601888.SH,2022-11-21,0.0,183.64,183.68,183.63,115.0,2112040.0,182.684
601888.SH,2022-11-21,0.0,183.62,183.68,183.61,129.0,2368860.0,182.685
601888.SH,2022-11-21,0.0,183.49,183.63,183.46,131.0,2404370.0,182.686
601888.SH,2022-11-21,0.0,183.52,183.52,183.46,245.0,4491320.0,182.688
601888.SH,2022-11-21,0.0,183.64,183.64,183.55,104.0,1918060.0,182.688
601888.SH,2022-11-21,0.0,183.68,183.68,183.64,136.0,2504910.0,182.69
601888.SH,2022-11-21,0.0,183.58,183.68,183.58,106.0,1949660.0,182.691
601888.SH,2022-11-21,0.0,183.5,183.58,183.47,207.0,3798640.0,182.692
601888.SH,2022-11-21,0.0,183.48,183.51,183.46,146.0,2679050.0,182.693
601888.SH,2022-11-21,0.0,183.51,183.52,183.46,182.0,3346490.0,182.694
601888.SH,2022-11-21,0.0,183.52,183.52,183.51,62.0,1137790.0,182.695
601888.SH,2022-11-21,0.0,183.5,183.52,183.5,79.0,1455400.0,182.695
601888.SH,2022-11-21,0.0,183.64,183.64,183.46,467.0,8574690.0,182.699
601888.SH,2022-11-21,0.0,183.87,184.0,183.8,302.0,5553730.0,182.702
601888.SH,2022-11-21,0.0,184.16,184.16,183.86,912.0,16779000.0,182.712
601888.SH,2022-11-21,0.0,183.86,184.29,183.86,201.0,3702110.0,182.714
601888.SH,2022-11-21,0.0,183.86,183.9,183.83,53.0,974474.0,182.715
601888.SH,2022-11-21,0.0,183.81,183.89,183.79,125.0,2297780.0,182.716
601888.SH,2022-11-21,0.0,184.07,184.09,183.8,227.0,4176430.0,182.719
601888.SH,2022-11-21,0.0,183.84,184.06,183.84,64.0,1177320.0,182.719
601888.SH,2022-11-21,0.0,183.8,183.89,183.8,101.0,1856750.0,182.72
601888.SH,2022-11-21,0.0,183.78,183.81,183.76,130.0,2389190.0,182.721
601888.SH,2022-11-21,0.0,183.86,183.95,183.7,229.0,4208480.0,182.723
601888.SH,2022-11-21,0.0,183.98,184.12,183.9,266.0,4894840.0,182.726
601888.SH,2022-11-21,0.0,184.06,184.06,183.95,127.0,2336650.0,182.728
601888.SH,2022-11-21,0.0,184.06,184.07,184.03,178.0,3276160.0,182.73
601888.SH,2022-11-21,0.0,184.18,184.18,184.04,267.0,4914760.0,182.733
601888.SH,2022-11-21,0.0,184.2,184.27,184.17,204.0,3764480.0,182.735
601888.SH,2022-11-21,0.0,184.4,184.4,184.2,265.0,4882370.0,182.739
601888.SH,2022-11-21,0.0,184.58,184.58,184.32,480.0,8852970.0,182.745
601888.SH,2022-11-21,0.0,184.36,184.65,184.36,152.0,2804170.0,182.748
601888.SH,2022-11-21,0.0,184.38,184.5,184.32,372.0,6859410.0,182.753
601888.SH,2022-11-21,0.0,184.36,184.49,184.31,249.0,4590390.0,182.756
601888.SH,2022-11-21,0.0,184.46,184.49,184.36,345.0,6354720.0,182.761
601888.SH,2022-11-21,0.0,184.46,184.46,184.4,292.0,5386430.0,182.765
601888.SH,2022-11-21,0.0,184.45,184.48,184.4,200.0,3688910.0,182.768
601888.SH,2022-11-21,0.0,184.41,184.48,184.41,237.0,4371630.0,182.771
601888.SH,2022-11-21,0.0,184.44,184.47,184.41,315.0,5803480.0,182.775
601888.SH,2022-11-21,0.0,184.51,184.51,184.44,437.0,8062230.0,182.781
601888.SH,2022-11-21,0.0,184.51,184.51,184.51,14.0,258314.0,182.782
601888.SH,2022-11-21,0.0,184.51,184.51,184.51,0.0,0.0,182.782
601888.SH,2022-11-21,0.0,184.52,184.52,184.52,829.0,15296700.0,182.793
601888.SH,2022-11-22,0.0,184.1,184.1,184.1,494.0,9094540.0,184.1
601888.SH,2022-11-22,0.0,185.0,185.28,183.54,1555.0,28709300.0,184.527
601888.SH,2022-11-22,0.0,184.52,185.24,184.52,927.0,17150400.0,184.677
601888.SH,2022-11-22,0.0,184.68,184.99,184.26,930.0,17168800.0,184.662
601888.SH,2022-11-22,0.0,184.16,184.96,183.83,630.0,11618800.0,184.629
601888.SH,2022-11-22,0.0,183.69,184.16,183.5,862.0,15854800.0,184.517
601888.SH,2022-11-22,0.0,183.3,183.82,183.21,453.0,8320000.0,184.451
601888.SH,2022-11-22,0.0,183.48,183.66,183.0,837.0,15346500.0,184.314
601888.SH,2022-11-22,0.0,182.6,183.4,182.48,927.0,16950800.0,184.136
601888.SH,2022-11-22,0.0,182.88,182.88,182.03,1002.0,18296700.0,183.958
601888.SH,2022-11-22,0.0,183.0,183.0,182.7,730.0,13346100.0,183.869
601888.SH,2022-11-22,0.0,182.75,183.22,182.7,767.0,14031800.0,183.799
601888.SH,2022-11-22,0.0,181.86,182.72,181.7,1049.0,19110200.0,183.647
601888.SH,2022-11-22,0.0,182.3,182.3,181.51,1190.0,21636200.0,183.469
601888.SH,2022-11-22,0.0,182.55,182.55,182.3,404.0,7367530.0,183.434
601888.SH,2022-11-22,0.0,183.18,183.2,182.68,573.0,10481600.0,183.412
601888.SH,2022-11-22,0.0,183.23,183.5,183.14,546.0,10012900.0,183.406
601888.SH,2022-11-22,0.0,183.06,183.27,183.02,266.0,4872470.0,183.402
601888.SH,2022-11-22,0.0,183.5,183.58,182.86,736.0,13476100.0,183.387
601888.SH,2022-11-22,0.0,182.82,183.51,182.8,127.0,2325010.0,183.384
601888.SH,2022-11-22,0.0,182.2,183.0,182.2,444.0,8112640.0,183.365
601888.SH,2022-11-22,0.0,182.61,182.74,182.25,333.0,6075940.0,183.346
601888.SH,2022-11-22,0.0,182.47,182.74,182.2,684.0,12480100.0,183.309
601888.SH,2022-11-22,0.0,182.75,182.75,182.4,876.0,15993000.0,183.272
601888.SH,2022-11-22,0.0,182.72,183.0,182.72,390.0,7129720.0,183.262
601888.SH,2022-11-22,0.0,183.0,183.0,182.71,125.0,2285760.0,183.259
601888.SH,2022-11-22,0.0,182.6,182.9,182.5,454.0,8293550.0,183.245
601888.SH,2022-11-22,0.0,182.51,182.6,182.51,571.0,10422000.0,183.223
601888.SH,2022-11-22,0.0,182.8,182.9,182.5,320.0,5844820.0,183.213
601888.SH,2022-11-22,0.0,182.57,182.75,182.5,380.0,6938260.0,183.201
601888.SH,2022-11-22,0.0,182.53,182.7,182.51,297.0,5421540.0,183.191
601888.SH,2022-11-22,0.0,182.55,182.99,182.53,561.0,10254100.0,183.181
601888.SH,2022-11-22,0.0,182.28,182.53,182.28,590.0,10765800.0,183.161
601888.SH,2022-11-22,0.0,182.03,182.28,182.03,463.0,8432580.0,183.139
601888.SH,2022-11-22,0.0,182.1,182.13,182.03,537.0,9776560.0,183.112
601888.SH,2022-11-22,0.0,181.81,182.11,181.81,708.0,12885400.0,183.077
601888.SH,2022-11-22,0.0,181.77,181.9,181.74,402.0,7307740.0,183.055
601888.SH,2022-11-22,0.0,181.7,181.76,181.65,849.0,15425700.0,183.007
601888.SH,2022-11-22,0.0,181.68,181.71,181.66,328.0,5959100.0,182.989
601888.SH,2022-11-22,0.0,182.49,182.6,181.68,441.0,8022400.0,182.97
601888.SH,2022-11-22,0.0,182.17,182.6,182.11,155.0,2819070.0,182.966
601888.SH,2022-11-22,0.0,182.58,182.58,182.16,168.0,3064240.0,182.962
601888.SH,2022-11-22,0.0,182.56,182.58,182.27,132.0,2407980.0,182.959
601888.SH,2022-11-22,0.0,182.65,182.75,182.58,176.0,3214020.0,182.957
601888.SH,2022-11-22,0.0,182.79,182.79,182.48,297.0,5423590.0,182.953
601888.SH,2022-11-22,0.0,182.87,182.98,182.79,126.0,2304350.0,182.953
601888.SH,2022-11-22,0.0,183.33,183.36,182.83,332.0,6075350.0,182.953
601888.SH,2022-11-22,0.0,183.02,183.3,183.0,212.0,3882540.0,182.955
601888.SH,2022-11-22,0.0,182.87,183.1,182.87,197.0,3604920.0,182.955
601888.SH,2022-11-22,0.0,182.56,182.7,182.5,117.0,2135890.0,182.953
601888.SH,2022-11-22,0.0,183.02,183.09,182.54,143.0,2614550.0,182.953
601888.SH,2022-11-22,0.0,182.82,183.28,182.82,350.0,6409290.0,182.955
601888.SH,2022-11-22,0.0,182.7,182.91,182.69,91.0,1663670.0,182.954
601888.SH,2022-11-22,0.0,182.65,182.7,182.6,121.0,2210160.0,182.953
601888.SH,2022-11-22,0.0,182.76,182.76,182.6,169.0,3087610.0,182.951
601888.SH,2022-11-22,0.0,182.93,182.99,182.8,99.0,1810620.0,182.951
601888.SH,2022-11-22,0.0,182.47,182.93,182.47,217.0,3964050.0,182.949
601888.SH,2022-11-22,0.0,182.33,182.46,182.3,105.0,1915110.0,182.947
601888.SH,2022-11-22,0.0,182.15,182.4,182.0,173.0,3151320.0,182.942
601888.SH,2022-11-22,0.0,182.0,182.22,182.0,185.0,3368060.0,182.936
601888.SH,2022-11-22,0.0,182.24,182.24,182.02,109.0,1984900.0,182.933
601888.SH,2022-11-22,0.0,182.48,182.48,182.25,130.0,2374610.0,182.931
601888.SH,2022-11-22,0.0,182.49,182.59,182.4,277.0,5053530.0,182.926
601888.SH,2022-11-22,0.0,182.64,182.78,182.49,241.0,4399930.0,182.923
601888.SH,2022-11-22,0.0,182.33,182.7,182.33,81.0,1478260.0,182.922
601888.SH,2022-11-22,0.0,182.34,182.39,182.3,97.0,1768700.0,182.92
601888.SH,2022-11-22,0.0,182.35,182.39,182.25,316.0,5761150.0,182.913
601888.SH,2022-11-22,0.0,182.49,182.49,182.24,138.0,2516160.0,182.911
601888.SH,2022-11-22,0.0,182.19,182.49,182.19,135.0,2461530.0,182.908
601888.SH,2022-11-22,0.0,182.19,182.22,182.18,154.0,2805920.0,182.905
601888.SH,2022-11-22,0.0,181.97,182.17,181.97,342.0,6233590.0,182.895
601888.SH,2022-11-22,0.0,182.15,182.17,181.96,297.0,5399160.0,182.887
601888.SH,2022-11-22,0.0,182.4,182.4,182.1,152.0,2769380.0,182.883
601888.SH,2022-11-22,0.0,182.16,182.4,182.16,88.0,1604500.0,182.882
601888.SH,2022-11-22,0.0,182.17,182.2,182.12,71.0,1293350.0,182.88
601888.SH,2022-11-22,0.0,182.18,182.24,182.17,116.0,2113660.0,182.877
601888.SH,2022-11-22,0.0,182.19,182.2,182.09,101.0,1839930.0,182.875
601888.SH,2022-11-22,0.0,182.0,182.37,182.0,551.0,10037500.0,182.863
601888.SH,2022-11-22,0.0,181.95,182.0,181.9,168.0,3057210.0,182.858
601888.SH,2022-11-22,0.0,181.96,181.99,181.9,191.0,3474900.0,182.853
601888.SH,2022-11-22,0.0,182.19,182.2,181.96,386.0,7027690.0,182.843
601888.SH,2022-11-22,0.0,182.4,182.4,182.17,325.0,5922450.0,182.837
601888.SH,2022-11-22,0.0,182.8,182.8,182.4,256.0,4677100.0,182.836
601888.SH,2022-11-22,0.0,182.6,182.8,182.6,98.0,1790090.0,182.836
601888.SH,2022-11-22,0.0,182.58,182.6,182.5,111.0,2026390.0,182.835
601888.SH,2022-11-22,0.0,182.43,182.6,182.28,346.0,6310100.0,182.83
601888.SH,2022-11-22,0.0,182.71,182.76,182.39,247.0,4508240.0,182.828
601888.SH,2022-11-22,0.0,182.8,182.98,182.71,307.0,5613280.0,182.828
601888.SH,2022-11-22,0.0,182.97,182.97,182.8,89.0,1627710.0,182.828
601888.SH,2022-11-22,0.0,182.97,183.0,182.93,130.0,2375730.0,182.829
601888.SH,2022-11-22,0.0,182.9,182.97,182.9,118.0,2153030.0,182.829
601888.SH,2022-11-22,0.0,183.09,183.17,182.94,367.0,6718360.0,182.832
601888.SH,2022-11-22,0.0,182.84,183.09,182.81,218.0,3988420.0,182.832
601888.SH,2022-11-22,0.0,182.82,182.84,182.8,118.0,2157390.0,182.832
601888.SH,2022-11-22,0.0,182.8,182.81,182.65,78.0,1425720.0,182.832
601888.SH,2022-11-22,0.0,182.76,182.8,182.66,73.0,1334180.0,182.832
601888.SH,2022-11-22,0.0,182.83,182.91,182.75,344.0,6288540.0,182.832
601888.SH,2022-11-22,0.0,182.8,182.89,182.77,161.0,2943370.0,182.832
601888.SH,2022-11-22,0.0,182.84,182.88,182.8,190.0,3470500.0,182.832
601888.SH,2022-11-22,0.0,183.06,183.27,182.88,223.0,4082140.0,182.833
601888.SH,2022-11-22,0.0,183.09,183.19,182.97,77.0,1409420.0,182.834
601888.SH,2022-11-22,0.0,183.04,183.08,183.01,65.0,1189780.0,182.834
601888.SH,2022-11-22,0.0,183.07,183.08,183.04,79.0,1446130.0,182.834
601888.SH,2022-11-22,0.0,183.0,183.07,183.0,131.0,2397800.0,182.835
601888.SH,2022-11-22,0.0,183.12,183.26,183.0,235.0,4303410.0,182.837
601888.SH,2022-11-22,0.0,183.15,183.18,183.12,106.0,1941370.0,182.838
601888.SH,2022-11-22,0.0,183.08,183.16,183.08,100.0,1831200.0,182.839
601888.SH,2022-11-22,0.0,182.92,183.08,182.9,113.0,2064540.0,182.839
601888.SH,2022-11-22,0.0,182.89,182.95,182.89,61.0,1115820.0,182.839
601888.SH,2022-11-22,0.0,182.9,182.99,182.88,191.0,3493880.0,182.84
601888.SH,2022-11-22,0.0,183.42,183.42,182.9,447.0,8190580.0,182.844
601888.SH,2022-11-22,0.0,183.8,183.92,183.5,659.0,12111400.0,182.86
601888.SH,2022-11-22,0.0,183.8,183.9,183.39,636.0,11680100.0,182.873
601888.SH,2022-11-22,0.0,183.51,183.79,183.51,137.0,2516990.0,182.876
601888.SH,2022-11-22,0.0,184.32,184.44,183.7,628.0,11559400.0,182.895
601888.SH,2022-11-22,0.0,184.65,184.7,184.23,557.0,10275800.0,182.917
601888.SH,2022-11-22,0.0,184.47,184.7,184.47,528.0,9747180.0,182.938
601888.SH,2022-11-22,0.0,184.49,184.51,184.0,377.0,6945870.0,182.95
601888.SH,2022-11-22,0.0,185.0,185.15,184.52,1753.0,32412400.0,183.029
601888.SH,2022-11-22,0.0,185.48,185.48,184.88,1497.0,27706500.0,183.098
601888.SH,2022-11-22,0.0,185.95,185.99,185.4,1590.0,29502900.0,183.184
601888.SH,2022-11-22,0.0,186.03,186.99,186.02,3274.0,60989800.0,183.389
601888.SH,2022-11-22,0.0,185.03,186.04,184.86,1733.0,32196400.0,183.47
601888.SH,2022-11-22,0.0,184.8,185.07,184.73,539.0,9970360.0,183.486
601888.SH,2022-11-22,0.0,185.0,185.08,184.72,455.0,8415560.0,183.499
601888.SH,2022-11-22,0.0,184.6,185.0,184.51,442.0,8168230.0,183.51
601888.SH,2022-11-22,0.0,184.07,184.62,184.07,526.0,9701030.0,183.519
601888.SH,2022-11-22,0.0,184.57,184.61,184.07,211.0,3892380.0,183.523
601888.SH,2022-11-22,0.0,184.47,184.57,184.47,202.0,3726950.0,183.526
601888.SH,2022-11-22,0.0,184.5,184.5,184.22,139.0,2563280.0,183.528
601888.SH,2022-11-22,0.0,184.0,184.49,184.0,540.0,9940140.0,183.534
601888.SH,2022-11-22,0.0,184.03,184.11,183.8,196.0,3604470.0,183.535
601888.SH,2022-11-22,0.0,184.03,184.11,183.93,98.0,1803340.0,183.536
601888.SH,2022-11-22,0.0,184.27,184.39,184.0,139.0,2557310.0,183.538
601888.SH,2022-11-22,0.0,184.31,184.31,184.2,199.0,3666600.0,183.54
601888.SH,2022-11-22,0.0,184.21,184.36,184.07,95.0,1750160.0,183.542
601888.SH,2022-11-22,0.0,184.05,184.21,184.05,116.0,2135530.0,183.543
601888.SH,2022-11-22,0.0,183.88,184.11,183.88,244.0,4490640.0,183.545
601888.SH,2022-11-22,0.0,184.1,184.13,183.9,133.0,2447830.0,183.546
601888.SH,2022-11-22,0.0,184.16,184.27,184.06,131.0,2412530.0,183.548
601888.SH,2022-11-22,0.0,184.0,184.16,183.77,170.0,3127630.0,183.549
601888.SH,2022-11-22,0.0,183.95,183.95,183.6,158.0,2903060.0,183.549
601888.SH,2022-11-22,0.0,183.85,183.95,183.8,53.0,974449.0,183.55
601888.SH,2022-11-22,0.0,183.87,183.87,183.81,48.0,882498.0,183.55
601888.SH,2022-11-22,0.0,183.95,183.95,183.71,63.0,1158330.0,183.55
601888.SH,2022-11-22,0.0,183.75,183.93,183.7,77.0,1415360.0,183.551
601888.SH,2022-11-22,0.0,183.68,183.81,183.68,145.0,2664070.0,183.551
601888.SH,2022-11-22,0.0,183.58,183.72,183.55,174.0,3194770.0,183.551
601888.SH,2022-11-22,0.0,183.81,183.84,183.57,142.0,2608750.0,183.552
601888.SH,2022-11-22,0.0,183.92,183.92,183.67,102.0,1874940.0,183.552
601888.SH,2022-11-22,0.0,183.75,183.87,183.61,139.0,2554100.0,183.553
601888.SH,2022-11-22,0.0,183.76,183.8,183.73,64.0,1176010.0,183.553
601888.SH,2022-11-22,0.0,183.78,183.92,183.76,218.0,4008390.0,183.554
601888.SH,2022-11-22,0.0,183.88,183.91,183.78,98.0,1801880.0,183.555
601888.SH,2022-11-22,0.0,183.87,183.87,183.68,381.0,7001860.0,183.556
601888.SH,2022-11-22,0.0,183.78,183.86,183.77,80.0,1470490.0,183.557
601888.SH,2022-11-22,0.0,183.64,183.78,183.63,136.0,2498450.0,183.557
601888.SH,2022-11-22,0.0,183.74,183.75,183.62,107.0,1965350.0,183.557
601888.SH,2022-11-22,0.0,183.74,183.75,183.74,59.0,1084110.0,183.557
601888.SH,2022-11-22,0.0,183.78,183.78,183.64,127.0,2333390.0,183.558
601888.SH,2022-11-22,0.0,183.67,183.78,183.65,118.0,2167830.0,183.558
601888.SH,2022-11-22,0.0,183.72,183.72,183.35,512.0,9397890.0,183.558
601888.SH,2022-11-22,0.0,183.52,183.78,183.36,138.0,2533400.0,183.558
601888.SH,2022-11-22,0.0,183.17,183.5,183.17,293.0,5370520.0,183.557
601888.SH,2022-11-22,0.0,183.2,183.63,183.2,245.0,4490690.0,183.556
601888.SH,2022-11-22,0.0,183.39,183.4,183.2,131.0,2401470.0,183.555
601888.SH,2022-11-22,0.0,183.32,183.6,183.15,144.0,2640280.0,183.555
601888.SH,2022-11-22,0.0,183.24,183.37,183.19,95.0,1741100.0,183.554
601888.SH,2022-11-22,0.0,183.24,183.66,183.18,180.0,3298240.0,183.553
601888.SH,2022-11-22,0.0,183.28,183.6,183.27,145.0,2657950.0,183.553
601888.SH,2022-11-22,0.0,183.5,183.56,183.28,208.0,3814720.0,183.552
601888.SH,2022-11-22,0.0,183.43,183.59,183.39,166.0,3045990.0,183.552
601888.SH,2022-11-22,0.0,183.26,183.4,183.26,102.0,1869980.0,183.552
601888.SH,2022-11-22,0.0,183.46,183.55,183.25,153.0,2805830.0,183.551
601888.SH,2022-11-22,0.0,183.15,183.48,183.1,211.0,3865660.0,183.55
601888.SH,2022-11-22,0.0,183.5,183.5,183.1,288.0,5277240.0,183.548
601888.SH,2022-11-22,0.0,183.12,183.55,183.11,195.0,3573200.0,183.547
601888.SH,2022-11-22,0.0,183.08,183.12,183.05,170.0,3112450.0,183.546
601888.SH,2022-11-22,0.0,183.07,183.08,183.0,365.0,6680130.0,183.543
601888.SH,2022-11-22,0.0,183.12,183.12,183.04,87.0,1592860.0,183.542
601888.SH,2022-11-22,0.0,182.96,183.12,182.96,242.0,4428970.0,183.54
601888.SH,2022-11-22,0.0,183.3,183.5,182.96,454.0,8313130.0,183.537
601888.SH,2022-11-22,0.0,183.23,183.51,183.21,178.0,3263850.0,183.537
601888.SH,2022-11-22,0.0,183.2,183.27,183.1,123.0,2253420.0,183.536
601888.SH,2022-11-22,0.0,183.45,183.5,183.23,97.0,1778980.0,183.536
601888.SH,2022-11-22,0.0,183.2,183.23,183.2,111.0,2033640.0,183.535
601888.SH,2022-11-22,0.0,182.77,183.2,182.77,412.0,7536720.0,183.531
601888.SH,2022-11-22,0.0,182.53,182.77,182.52,218.0,3975230.0,183.528
601888.SH,2022-11-22,0.0,182.56,182.63,182.5,137.0,2500880.0,183.526
601888.SH,2022-11-22,0.0,182.49,182.6,182.49,216.0,3942440.0,183.523
601888.SH,2022-11-22,0.0,182.65,182.68,182.4,138.0,2518650.0,183.521
601888.SH,2022-11-22,0.0,182.51,182.69,182.3,208.0,3796440.0,183.517
601888.SH,2022-11-22,0.0,182.41,182.65,182.31,120.0,2189200.0,183.515
601888.SH,2022-11-22,0.0,182.63,182.65,182.31,320.0,5829680.0,183.51
601888.SH,2022-11-22,0.0,182.6,182.63,182.45,111.0,2026940.0,183.508
601888.SH,2022-11-22,0.0,182.82,182.82,182.53,193.0,3525500.0,183.506
601888.SH,2022-11-22,0.0,182.99,183.19,182.8,137.0,2506340.0,183.505
601888.SH,2022-11-22,0.0,182.65,182.99,182.5,174.0,3177720.0,183.502
601888.SH,2022-11-22,0.0,182.81,183.18,182.68,159.0,2908500.0,183.501
601888.SH,2022-11-22,0.0,182.73,182.81,182.68,68.0,1242890.0,183.5
601888.SH,2022-11-22,0.0,182.89,182.9,182.71,110.0,2010880.0,183.499
601888.SH,2022-11-22,0.0,183.17,183.17,183.0,105.0,1922510.0,183.498
601888.SH,2022-11-22,0.0,182.88,183.09,182.72,137.0,2505610.0,183.497
601888.SH,2022-11-22,0.0,183.06,183.06,182.73,132.0,2414970.0,183.496
601888.SH,2022-11-22,0.0,183.46,183.47,183.05,149.0,2729990.0,183.495
601888.SH,2022-11-22,0.0,183.0,183.45,183.0,177.0,3243050.0,183.495
601888.SH,2022-11-22,0.0,183.38,183.38,183.05,171.0,3130720.0,183.494
601888.SH,2022-11-22,0.0,183.11,183.45,183.11,131.0,2401160.0,183.493
601888.SH,2022-11-22,0.0,183.31,183.34,183.11,69.0,1264970.0,183.493
601888.SH,2022-11-22,0.0,183.01,183.4,183.01,149.0,2730640.0,183.493
601888.SH,2022-11-22,0.0,183.23,183.28,183.0,277.0,5074660.0,183.491
601888.SH,2022-11-22,0.0,182.86,183.45,182.73,388.0,7103700.0,183.489
601888.SH,2022-11-22,0.0,182.9,183.05,182.82,148.0,2707610.0,183.488
601888.SH,2022-11-22,0.0,183.01,183.28,182.96,187.0,3423710.0,183.487
601888.SH,2022-11-22,0.0,182.95,183.0,182.9,228.0,4171820.0,183.485
601888.SH,2022-11-22,0.0,183.06,183.27,182.95,176.0,3222890.0,183.484
601888.SH,2022-11-22,0.0,183.16,183.23,183.1,224.0,4103080.0,183.483
601888.SH,2022-11-22,0.0,183.1,183.22,183.08,161.0,2949370.0,183.483
601888.SH,2022-11-22,0.0,182.93,183.1,182.93,100.0,1830380.0,183.482
601888.SH,2022-11-22,0.0,183.01,183.15,183.0,165.0,3020330.0,183.481
601888.SH,2022-11-22,0.0,182.82,183.01,182.82,133.0,2433120.0,183.48
601888.SH,2022-11-22,0.0,182.9,182.93,182.7,219.0,4004510.0,183.478
601888.SH,2022-11-22,0.0,182.9,182.99,182.89,109.0,1994050.0,183.477
601888.SH,2022-11-22,0.0,182.99,183.0,182.9,273.0,4993950.0,183.475
601888.SH,2022-11-22,0.0,182.95,183.01,182.94,147.0,2689890.0,183.474
601888.SH,2022-11-22,0.0,182.85,182.96,182.72,259.0,4736890.0,183.472
601888.SH,2022-11-22,0.0,182.79,182.96,182.79,191.0,3493140.0,183.47
601888.SH,2022-11-22,0.0,182.71,182.87,182.68,211.0,3855320.0,183.468
601888.SH,2022-11-22,0.0,182.89,182.92,182.78,213.0,3894530.0,183.466
601888.SH,2022-11-22,0.0,182.97,182.97,182.8,228.0,4169450.0,183.464
601888.SH,2022-11-22,0.0,183.0,183.01,182.8,402.0,7354520.0,183.461
601888.SH,2022-11-22,0.0,183.05,183.26,183.0,263.0,4815580.0,183.46
601888.SH,2022-11-22,0.0,183.0,183.11,183.0,300.0,5490280.0,183.458
601888.SH,2022-11-22,0.0,183.0,183.11,182.96,251.0,4593830.0,183.457
601888.SH,2022-11-22,0.0,183.08,183.11,183.0,358.0,6552270.0,183.454
601888.SH,2022-11-22,0.0,183.01,183.12,182.93,268.0,4899130.0,183.453
601888.SH,2022-11-22,0.0,183.09,183.09,183.05,220.0,4027560.0,183.452
601888.SH,2022-11-22,0.0,183.05,183.09,183.0,224.0,4100300.0,183.45
601888.SH,2022-11-22,0.0,183.05,183.05,183.05,0.0,0.0,183.45
601888.SH,2022-11-22,0.0,183.05,183.05,183.05,0.0,0.0,183.45
601888.SH,2022-11-22,0.0,183.25,183.25,183.25,820.0,15022300.0,183.448
601888.SH,2022-11-23,0.0,181.51,181.51,181.51,577.0,10465700.0,181.51
601888.SH,2022-11-23,0.0,180.46,181.88,179.97,3762.0,67944496.0,180.71
601888.SH,2022-11-23,0.0,181.27,181.45,180.03,1223.0,22105600.0,180.733
601888.SH,2022-11-23,0.0,181.0,181.9,181.0,614.0,11135700.0,180.795
601888.SH,2022-11-23,0.0,181.0,181.39,180.51,1171.0,21183400.0,180.812
601888.SH,2022-11-23,0.0,181.6,181.97,180.93,605.0,10984400.0,180.869
601888.SH,2022-11-23,0.0,181.01,181.5,181.01,418.0,7580290.0,180.893
601888.SH,2022-11-23,0.0,181.76,182.0,181.0,520.0,9440590.0,180.931
601888.SH,2022-11-23,0.0,182.14,182.26,181.85,737.0,13414200.0,181.014
601888.SH,2022-11-23,0.0,181.88,182.38,181.81,484.0,8817090.0,181.069
601888.SH,2022-11-23,0.0,181.5,181.81,181.34,212.0,3848020.0,181.078
601888.SH,2022-11-23,0.0,181.47,181.63,181.4,352.0,6387410.0,181.091
601888.SH,2022-11-23,0.0,181.4,181.41,181.03,441.0,7991620.0,181.096
601888.SH,2022-11-23,0.0,181.12,181.45,181.1,259.0,4692280.0,181.098
601888.SH,2022-11-23,0.0,180.8,181.12,180.75,488.0,8831480.0,181.092
601888.SH,2022-11-23,0.0,180.82,180.96,180.78,487.0,8814800.0,181.082
601888.SH,2022-11-23,0.0,180.84,181.0,180.8,629.0,11379300.0,181.074
601888.SH,2022-11-23,0.0,180.62,180.84,180.62,605.0,10939300.0,181.062
601888.SH,2022-11-23,0.0,180.11,180.62,180.1,1002.0,18063500.0,181.008
601888.SH,2022-11-23,0.0,179.97,180.12,179.97,2809.0,50565800.0,180.847
601888.SH,2022-11-23,0.0,180.46,180.46,179.85,961.0,17303600.0,180.806
601888.SH,2022-11-23,0.0,180.46,180.62,180.33,747.0,13482400.0,180.794
601888.SH,2022-11-23,0.0,180.82,180.82,180.41,267.0,4821100.0,180.79
601888.SH,2022-11-23,0.0,180.54,180.97,180.54,381.0,6886080.0,180.789
601888.SH,2022-11-23,0.0,180.19,180.55,180.11,358.0,6457000.0,180.782
601888.SH,2022-11-23,0.0,180.78,181.0,180.1,862.0,15555700.0,180.773
601888.SH,2022-11-23,0.0,180.65,180.82,180.56,391.0,7063070.0,180.772
601888.SH,2022-11-23,0.0,181.1,181.39,180.77,692.0,12526900.0,180.779
601888.SH,2022-11-23,0.0,181.33,181.33,180.96,228.0,4131190.0,180.783
601888.SH,2022-11-23,0.0,180.85,181.4,180.85,294.0,5329250.0,180.789
601888.SH,2022-11-23,0.0,180.33,180.85,180.08,428.0,7722140.0,180.781
601888.SH,2022-11-23,0.0,180.3,180.4,180.06,728.0,13116800.0,180.763
601888.SH,2022-11-23,0.0,180.81,180.81,180.1,1270.0,22919000.0,180.748
601888.SH,2022-11-23,0.0,180.75,180.81,180.61,240.0,4337210.0,180.748
601888.SH,2022-11-23,0.0,180.23,180.74,180.2,263.0,4749510.0,180.746
601888.SH,2022-11-23,0.0,180.04,180.45,180.02,406.0,7317870.0,180.738
601888.SH,2022-11-23,0.0,180.07,180.08,180.0,761.0,13699100.0,180.717
601888.SH,2022-11-23,0.0,180.1,180.26,180.02,411.0,7403980.0,180.708
601888.SH,2022-11-23,0.0,180.1,180.13,180.01,514.0,9256550.0,180.697
601888.SH,2022-11-23,0.0,180.4,180.4,180.07,403.0,7260150.0,180.689
601888.SH,2022-11-23,0.0,181.23,181.23,180.5,564.0,10192700.0,180.69
601888.SH,2022-11-23,0.0,180.45,181.03,180.42,263.0,4753930.0,180.69
601888.SH,2022-11-23,0.0,180.51,180.7,180.45,181.0,3267790.0,180.689
601888.SH,2022-11-23,0.0,180.3,180.51,180.22,197.0,3552660.0,180.687
601888.SH,2022-11-23,0.0,181.15,181.17,180.25,374.0,6760130.0,180.688
601888.SH,2022-11-23,0.0,181.46,181.5,181.0,292.0,5293220.0,180.694
601888.SH,2022-11-23,0.0,181.15,181.5,181.15,101.0,1830720.0,180.695
601888.SH,2022-11-23,0.0,180.72,181.15,180.68,63.0,1140220.0,180.696
601888.SH,2022-11-23,0.0,181.29,181.4,180.9,224.0,4059740.0,180.7
601888.SH,2022-11-23,0.0,180.89,181.29,180.89,91.0,1648040.0,180.701
601888.SH,2022-11-23,0.0,181.0,181.12,181.0,37.0,669938.0,180.702
601888.SH,2022-11-23,0.0,181.01,181.06,180.81,134.0,2424270.0,180.703
601888.SH,2022-11-23,0.0,180.75,180.99,180.75,187.0,3383120.0,180.703
601888.SH,2022-11-23,0.0,180.74,180.8,180.73,135.0,2438460.0,180.704
601888.SH,2022-11-23,0.0,180.98,180.99,180.65,314.0,5676360.0,180.704
601888.SH,2022-11-23,0.0,180.9,181.12,180.9,179.0,3240130.0,180.706
601888.SH,2022-11-23,0.0,181.2,181.46,180.99,155.0,2808720.0,180.709
601888.SH,2022-11-23,0.0,181.18,181.21,181.08,119.0,2155830.0,180.71
601888.SH,2022-11-23,0.0,181.13,181.25,181.09,140.0,2536820.0,180.712
601888.SH,2022-11-23,0.0,180.99,181.21,180.99,83.0,1503160.0,180.713
601888.SH,2022-11-23,0.0,181.22,181.22,180.99,177.0,3206100.0,180.716
601888.SH,2022-11-23,0.0,181.73,181.88,181.3,403.0,7317260.0,180.726
601888.SH,2022-11-23,0.0,181.41,181.72,181.41,131.0,2378830.0,180.73
601888.SH,2022-11-23,0.0,181.22,181.39,181.22,67.0,1214780.0,180.731
601888.SH,2022-11-23,0.0,181.21,181.3,181.21,74.0,1340830.0,180.732
601888.SH,2022-11-23,0.0,180.84,181.1,180.83,91.0,1646600.0,180.733
601888.SH,2022-11-23,0.0,180.84,180.84,180.8,185.0,3345320.0,180.733
601888.SH,2022-11-23,0.0,180.85,181.01,180.79,324.0,5862270.0,180.735
601888.SH,2022-11-23,0.0,180.86,180.98,180.8,63.0,1139680.0,180.736
601888.SH,2022-11-23,0.0,180.83,181.0,180.75,131.0,2368750.0,180.736
601888.SH,2022-11-23,0.0,181.39,181.39,180.83,200.0,3621840.0,180.738
601888.SH,2022-11-23,0.0,180.98,181.32,180.98,117.0,2119930.0,180.74
601888.SH,2022-11-23,0.0,181.19,181.2,180.97,211.0,3819990.0,180.741
601888.SH,2022-11-23,0.0,180.75,181.19,180.75,664.0,12017800.0,180.746
601888.SH,2022-11-23,0.0,180.76,180.77,180.7,59.0,1066310.0,180.746
601888.SH,2022-11-23,0.0,180.73,180.76,180.72,76.0,1373610.0,180.746
601888.SH,2022-11-23,0.0,181.2,181.2,180.74,278.0,5030010.0,180.748
601888.SH,2022-11-23,0.0,181.1,181.31,181.0,73.0,1322600.0,180.749
601888.SH,2022-11-23,0.0,181.1,181.2,181.1,92.0,1666530.0,180.75
601888.SH,2022-11-23,0.0,181.21,181.21,181.0,217.0,3929610.0,180.752
601888.SH,2022-11-23,0.0,181.2,181.25,181.0,37.0,670234.0,180.752
601888.SH,2022-11-23,0.0,181.23,181.23,181.04,76.0,1377050.0,180.753
601888.SH,2022-11-23,0.0,181.21,181.33,181.21,154.0,2791520.0,180.755
601888.SH,2022-11-23,0.0,181.18,181.4,181.18,118.0,2139150.0,180.757
601888.SH,2022-11-23,0.0,181.18,181.4,181.18,63.0,1142120.0,180.758
601888.SH,2022-11-23,0.0,180.92,181.18,180.92,68.0,1231270.0,180.758
601888.SH,2022-11-23,0.0,181.01,181.03,180.9,73.0,1321140.0,180.759
601888.SH,2022-11-23,0.0,181.38,181.38,181.01,504.0,9126100.0,180.763
601888.SH,2022-11-23,0.0,181.58,181.58,181.19,165.0,2994640.0,180.767
601888.SH,2022-11-23,0.0,181.98,181.98,181.58,206.0,3744990.0,180.772
601888.SH,2022-11-23,0.0,182.15,182.18,181.96,364.0,6625550.0,180.784
601888.SH,2022-11-23,0.0,181.7,182.18,181.7,210.0,3821400.0,180.791
601888.SH,2022-11-23,0.0,181.48,181.76,181.0,149.0,2702360.0,180.793
601888.SH,2022-11-23,0.0,181.1,181.46,181.03,134.0,2426870.0,180.795
601888.SH,2022-11-23,0.0,181.12,181.3,181.08,137.0,2481140.0,180.796
601888.SH,2022-11-23,0.0,180.74,181.1,180.74,388.0,7022580.0,180.798
601888.SH,2022-11-23,0.0,180.76,180.78,180.74,138.0,2494460.0,180.797
601888.SH,2022-11-23,0.0,180.78,180.78,180.75,106.0,1916060.0,180.797
601888.SH,2022-11-23,0.0,180.78,180.78,180.74,219.0,3958800.0,180.797
601888.SH,2022-11-23,0.0,180.38,180.78,180.38,356.0,6430800.0,180.796
601888.SH,2022-11-23,0.0,180.38,180.43,180.36,156.0,2816910.0,180.794
601888.SH,2022-11-23,0.0,180.57,180.72,180.41,64.0,1149690.0,180.794
601888.SH,2022-11-23,0.0,180.75,180.75,180.61,82.0,1481470.0,180.793
601888.SH,2022-11-23,0.0,181.06,181.25,180.75,88.0,1592970.0,180.794
601888.SH,2022-11-23,0.0,181.07,181.25,181.06,51.0,924146.0,180.794
601888.SH,2022-11-23,0.0,181.2,181.22,181.15,56.0,1014630.0,180.795
601888.SH,2022-11-23,0.0,180.94,181.22,180.94,135.0,2444850.0,180.796
601888.SH,2022-11-23,0.0,181.12,181.2,180.96,84.0,1521800.0,180.797
601888.SH,2022-11-23,0.0,180.73,181.12,180.73,48.0,868703.0,180.797
601888.SH,2022-11-23,0.0,180.9,180.91,180.65,63.0,1138520.0,180.797
601888.SH,2022-11-23,0.0,180.9,180.95,180.61,76.0,1373970.0,180.797
601888.SH,2022-11-23,0.0,180.95,180.95,180.85,32.0,578944.0,180.797
601888.SH,2022-11-23,0.0,180.94,181.02,180.94,69.0,1248640.0,180.797
601888.SH,2022-11-23,0.0,180.94,181.0,180.9,47.0,850390.0,180.797
601888.SH,2022-11-23,0.0,180.92,180.94,180.91,73.0,1320690.0,180.798
601888.SH,2022-11-23,0.0,181.21,181.25,180.94,190.0,3439530.0,180.799
601888.SH,2022-11-23,0.0,181.24,181.3,181.2,41.0,743039.0,180.799
601888.SH,2022-11-23,0.0,180.69,181.23,180.69,60.0,1085620.0,180.799
601888.SH,2022-11-23,0.0,180.53,180.68,180.52,195.0,3521610.0,180.798
601888.SH,2022-11-23,0.0,180.55,180.6,180.5,128.0,2310750.0,180.798
601888.SH,2022-11-23,0.0,180.52,180.55,180.28,330.0,5956720.0,180.795
601888.SH,2022-11-23,0.0,180.62,180.79,180.54,250.0,4514110.0,180.793
601888.SH,2022-11-23,0.0,180.77,180.93,180.63,144.0,2603890.0,180.793
601888.SH,2022-11-23,0.0,181.1,181.17,180.79,167.0,3023760.0,180.794
601888.SH,2022-11-23,0.0,181.49,181.5,181.05,180.0,3263490.0,180.797
601888.SH,2022-11-23,0.0,180.99,181.49,180.81,134.0,2425840.0,180.797
601888.SH,2022-11-23,0.0,181.05,181.33,180.81,176.0,3186200.0,180.798
601888.SH,2022-11-23,0.0,180.95,181.26,180.89,107.0,1936740.0,180.799
601888.SH,2022-11-23,0.0,180.96,180.99,180.9,65.0,1176050.0,180.799
601888.SH,2022-11-23,0.0,180.88,180.96,180.82,62.0,1121530.0,180.799
601888.SH,2022-11-23,0.0,180.75,180.88,180.7,93.0,1681490.0,180.799
601888.SH,2022-11-23,0.0,180.5,180.82,180.5,117.0,2113130.0,180.799
601888.SH,2022-11-23,0.0,180.68,180.69,180.51,85.0,1534880.0,180.798
601888.SH,2022-11-23,0.0,180.53,180.68,180.53,111.0,2004340.0,180.798
601888.SH,2022-11-23,0.0,180.7,180.72,180.5,153.0,2759550.0,180.797
601888.SH,2022-11-23,0.0,180.72,180.75,180.6,201.0,3629890.0,180.796
601888.SH,2022-11-23,0.0,181.09,181.43,180.72,279.0,5052380.0,180.798
601888.SH,2022-11-23,0.0,181.24,181.42,181.09,177.0,3207110.0,180.8
601888.SH,2022-11-23,0.0,181.02,181.29,180.93,365.0,6612400.0,180.803
601888.SH,2022-11-23,0.0,180.91,181.01,180.8,82.0,1483620.0,180.803
601888.SH,2022-11-23,0.0,181.0,181.15,180.9,129.0,2334590.0,180.803
601888.SH,2022-11-23,0.0,181.15,181.17,181.0,139.0,2518070.0,180.805
601888.SH,2022-11-23,0.0,181.11,181.19,181.11,90.0,1630490.0,180.805
601888.SH,2022-11-23,0.0,181.11,181.13,181.03,43.0,778628.0,180.806
601888.SH,2022-11-23,0.0,181.25,181.29,181.0,351.0,6355840.0,180.808
601888.SH,2022-11-23,0.0,181.7,181.8,181.3,289.0,5247330.0,180.813
601888.SH,2022-11-23,0.0,181.54,181.78,181.51,302.0,5492110.0,180.818
601888.SH,2022-11-23,0.0,181.78,181.79,181.52,151.0,2743710.0,180.821
601888.SH,2022-11-23,0.0,181.8,181.8,181.47,242.0,4396450.0,180.826
601888.SH,2022-11-23,0.0,181.97,181.97,181.79,285.0,5184390.0,180.832
601888.SH,2022-11-23,0.0,181.57,181.97,181.51,137.0,2488330.0,180.835
601888.SH,2022-11-23,0.0,181.8,181.86,181.61,294.0,5345010.0,180.841
601888.SH,2022-11-23,0.0,181.63,181.83,181.62,127.0,2308060.0,180.843
601888.SH,2022-11-23,0.0,181.68,181.72,181.58,191.0,3470240.0,180.847
601888.SH,2022-11-23,0.0,181.66,181.7,181.61,154.0,2797450.0,180.849
601888.SH,2022-11-23,0.0,181.52,181.66,181.52,142.0,2578720.0,180.852
601888.SH,2022-11-23,0.0,181.7,181.73,181.52,187.0,3396960.0,180.855
601888.SH,2022-11-23,0.0,181.81,181.81,181.7,194.0,3526160.0,180.859
601888.SH,2022-11-23,0.0,181.84,181.85,181.81,172.0,3127600.0,180.862
601888.SH,2022-11-23,0.0,181.84,181.85,181.84,192.0,3491440.0,180.866
601888.SH,2022-11-23,0.0,181.42,181.85,181.42,193.0,3506360.0,180.869
601888.SH,2022-11-23,0.0,181.85,181.85,181.42,206.0,3745730.0,180.873
601888.SH,2022-11-23,0.0,182.69,182.69,181.85,1535.0,27956000.0,180.911
601888.SH,2022-11-23,0.0,182.36,182.75,182.27,310.0,5658860.0,180.921
601888.SH,2022-11-23,0.0,182.29,182.37,182.14,199.0,3627060.0,180.927
601888.SH,2022-11-23,0.0,182.5,182.5,182.28,530.0,9668640.0,180.942
601888.SH,2022-11-23,0.0,182.38,182.5,182.33,283.0,5163980.0,180.95
601888.SH,2022-11-23,0.0,182.0,182.38,182.0,343.0,6249060.0,180.959
601888.SH,2022-11-23,0.0,182.27,182.29,182.0,300.0,5464010.0,180.966
601888.SH,2022-11-23,0.0,181.84,182.26,181.8,305.0,5551300.0,180.972
601888.SH,2022-11-23,0.0,181.82,181.9,181.82,105.0,1909460.0,180.973
601888.SH,2022-11-23,0.0,181.65,181.88,181.65,107.0,1944860.0,180.975
601888.SH,2022-11-23,0.0,181.8,181.89,181.66,68.0,1235990.0,180.976
601888.SH,2022-11-23,0.0,181.92,181.93,181.85,95.0,1727760.0,180.978
601888.SH,2022-11-23,0.0,181.88,181.93,181.71,228.0,4146520.0,180.982
601888.SH,2022-11-23,0.0,181.82,181.89,181.7,69.0,1254180.0,180.983
601888.SH,2022-11-23,0.0,181.6,181.82,181.5,197.0,3578370.0,180.985
601888.SH,2022-11-23,0.0,181.61,181.61,181.49,111.0,2015030.0,180.986
601888.SH,2022-11-23,0.0,181.52,181.62,181.51,164.0,2977020.0,180.988
601888.SH,2022-11-23,0.0,181.35,181.56,181.29,136.0,2467980.0,180.989
601888.SH,2022-11-23,0.0,181.4,181.5,181.28,101.0,1832310.0,180.99
601888.SH,2022-11-23,0.0,181.21,181.4,180.91,592.0,10722000.0,180.991
601888.SH,2022-11-23,0.0,180.94,181.21,180.92,90.0,1629230.0,180.991
601888.SH,2022-11-23,0.0,180.94,180.94,180.92,112.0,2026400.0,180.991
601888.SH,2022-11-23,0.0,180.77,180.94,180.73,401.0,7252510.0,180.99
601888.SH,2022-11-23,0.0,180.67,180.77,180.66,163.0,2945750.0,180.989
601888.SH,2022-11-23,0.0,180.75,180.83,180.66,159.0,2873500.0,180.989
601888.SH,2022-11-23,0.0,180.8,180.8,180.74,87.0,1572690.0,180.988
601888.SH,2022-11-23,0.0,180.61,180.83,180.61,414.0,7483020.0,180.987
601888.SH,2022-11-23,0.0,180.62,180.64,180.58,168.0,3034130.0,180.985
601888.SH,2022-11-23,0.0,180.66,180.68,180.64,118.0,2131650.0,180.985
601888.SH,2022-11-23,0.0,180.34,180.68,180.32,662.0,11951000.0,180.979
601888.SH,2022-11-23,0.0,180.38,180.53,180.3,178.0,3210720.0,180.977
601888.SH,2022-11-23,0.0,180.38,180.53,180.34,301.0,5430540.0,180.974
601888.SH,2022-11-23,0.0,180.35,180.38,180.32,125.0,2254370.0,180.973
601888.SH,2022-11-23,0.0,180.44,180.44,180.3,202.0,3643380.0,180.971
601888.SH,2022-11-23,0.0,180.45,180.45,180.37,185.0,3337350.0,180.969
601888.SH,2022-11-23,0.0,180.44,180.47,180.4,146.0,2634530.0,180.968
601888.SH,2022-11-23,0.0,180.49,180.49,180.44,117.0,2111620.0,180.967
601888.SH,2022-11-23,0.0,180.38,180.48,180.38,245.0,4420890.0,180.965
601888.SH,2022-11-23,0.0,180.44,180.44,180.39,78.0,1407240.0,180.964
601888.SH,2022-11-23,0.0,180.6,180.6,180.43,148.0,2671800.0,180.963
601888.SH,2022-11-23,0.0,180.59,180.6,180.59,189.0,3413250.0,180.962
601888.SH,2022-11-23,0.0,180.54,180.62,180.54,419.0,7566820.0,180.959
601888.SH,2022-11-23,0.0,180.95,181.0,180.55,194.0,3506040.0,180.958
601888.SH,2022-11-23,0.0,180.75,181.01,180.69,225.0,4071010.0,180.958
601888.SH,2022-11-23,0.0,180.75,180.91,180.73,159.0,2874470.0,180.958
601888.SH,2022-11-23,0.0,180.74,180.75,180.67,152.0,2746950.0,180.957
601888.SH,2022-11-23,0.0,180.7,180.74,180.66,135.0,2439540.0,180.956
601888.SH,2022-11-23,0.0,180.75,180.75,180.58,150.0,2709810.0,180.956
601888.SH,2022-11-23,0.0,180.68,180.75,180.59,102.0,1843450.0,180.955
601888.SH,2022-11-23,0.0,180.31,180.68,180.3,410.0,7398420.0,180.952
601888.SH,2022-11-23,0.0,180.33,180.4,180.31,381.0,6871080.0,180.948
601888.SH,2022-11-23,0.0,180.4,180.4,180.32,219.0,3949850.0,180.946
601888.SH,2022-11-23,0.0,180.43,180.48,180.35,160.0,2886390.0,180.944
601888.SH,2022-11-23,0.0,180.51,180.7,180.4,288.0,5197220.0,180.942
601888.SH,2022-11-23,0.0,180.78,180.78,180.51,129.0,2330740.0,180.942
601888.SH,2022-11-23,0.0,180.76,180.78,180.73,202.0,3651140.0,180.941
601888.SH,2022-11-23,0.0,180.82,180.82,180.78,100.0,1808020.0,180.941
601888.SH,2022-11-23,0.0,180.87,180.87,180.81,118.0,2133770.0,180.941
601888.SH,2022-11-23,0.0,181.02,181.02,180.87,181.0,3272460.0,180.941
601888.SH,2022-11-23,0.0,180.99,181.07,180.99,136.0,2461980.0,180.941
601888.SH,2022-11-23,0.0,180.92,181.0,180.92,136.0,2461260.0,180.941
601888.SH,2022-11-23,0.0,180.94,180.97,180.92,156.0,2822550.0,180.941
601888.SH,2022-11-23,0.0,180.97,180.97,180.94,168.0,3040090.0,180.941
601888.SH,2022-11-23,0.0,181.15,181.17,180.96,253.0,4580050.0,180.941
601888.SH,2022-11-23,0.0,181.09,181.17,181.07,226.0,4093820.0,180.942
601888.SH,2022-11-23,0.0,181.22,181.22,181.09,206.0,3732010.0,180.943
601888.SH,2022-11-23,0.0,181.24,181.26,181.21,183.0,3316490.0,180.944
601888.SH,2022-11-23,0.0,181.2,181.26,181.2,222.0,4023550.0,180.945
601888.SH,2022-11-23,0.0,181.16,181.18,181.04,310.0,5615280.0,180.946
601888.SH,2022-11-23,0.0,181.02,181.05,180.98,198.0,3586310.0,180.946
601888.SH,2022-11-23,0.0,181.06,181.06,181.01,131.0,2371430.0,180.946
601888.SH,2022-11-23,0.0,181.06,181.14,181.03,422.0,7643490.0,180.947
601888.SH,2022-11-23,0.0,181.1,181.12,181.06,182.0,3296050.0,180.947
601888.SH,2022-11-23,0.0,181.21,181.21,181.06,217.0,3931860.0,180.948
601888.SH,2022-11-23,0.0,181.24,181.26,181.12,285.0,5166160.0,180.949
601888.SH,2022-11-23,0.0,181.16,181.25,181.16,237.0,4292740.0,180.95
601888.SH,2022-11-23,0.0,181.16,181.16,181.16,1.0,18116.0,180.95
601888.SH,2022-11-23,0.0,181.16,181.16,181.16,0.0,0.0,180.95
601888.SH,2022-11-23,0.0,181.16,181.16,181.16,976.0,17681200.0,180.953
601888.SH,2022-11-24,0.0,182.76,182.76,182.76,654.0,11952500.0,182.76
601888.SH,2022-11-24,0.0,181.88,182.97,181.88,1545.0,28215200.0,182.663
601888.SH,2022-11-24,0.0,182.24,182.7,181.92,981.0,17871800.0,182.514
601888.SH,2022-11-24,0.0,182.01,182.3,181.88,991.0,18053000.0,182.432
601888.SH,2022-11-24,0.0,182.28,182.6,181.7,849.0,15463900.0,182.383
601888.SH,2022-11-24,0.0,182.12,182.44,182.0,401.0,7306700.0,182.371
601888.SH,2022-11-24,0.0,182.0,182.26,181.88,536.0,9755980.0,182.339
601888.SH,2022-11-24,0.0,181.23,182.0,181.2,551.0,10000500.0,182.267
601888.SH,2022-11-24,0.0,181.08,181.5,181.02,501.0,9077040.0,182.189
601888.SH,2022-11-24,0.0,181.4,181.47,181.15,261.0,4730240.0,182.155
601888.SH,2022-11-24,0.0,181.1,181.46,181.1,448.0,8118860.0,182.101
601888.SH,2022-11-24,0.0,181.0,181.3,181.0,802.0,14522800.0,182.005
601888.SH,2022-11-24,0.0,180.57,180.98,180.19,936.0,16902600.0,181.865
601888.SH,2022-11-24,0.0,181.47,181.48,180.59,216.0,3909000.0,181.842
601888.SH,2022-11-24,0.0,181.17,181.4,181.1,168.0,3044760.0,181.832
601888.SH,2022-11-24,0.0,180.75,181.15,180.75,204.0,3692200.0,181.815
601888.SH,2022-11-24,0.0,181.17,181.21,180.75,180.0,3256510.0,181.799
601888.SH,2022-11-24,0.0,181.67,181.67,181.21,192.0,3484000.0,181.793
601888.SH,2022-11-24,0.0,181.05,181.5,181.05,146.0,2647170.0,181.786
601888.SH,2022-11-24,0.0,180.75,181.0,180.65,262.0,4738190.0,181.763
601888.SH,2022-11-24,0.0,180.75,180.76,180.6,205.0,3704060.0,181.743
601888.SH,2022-11-24,0.0,180.87,181.11,180.75,98.0,1772570.0,181.736
601888.SH,2022-11-24,0.0,181.0,181.0,180.76,237.0,4286830.0,181.718
601888.SH,2022-11-24,0.0,181.07,181.18,180.99,123.0,2227220.0,181.711
601888.SH,2022-11-24,0.0,181.16,181.18,181.02,130.0,2354430.0,181.704
601888.SH,2022-11-24,0.0,181.34,181.5,181.01,712.0,12909600.0,181.682
601888.SH,2022-11-24,0.0,181.2,181.34,181.2,172.0,3117040.0,181.676
601888.SH,2022-11-24,0.0,181.08,181.23,180.8,393.0,7112880.0,181.655
601888.SH,2022-11-24,0.0,181.04,181.18,180.76,796.0,14405200.0,181.615
601888.SH,2022-11-24,0.0,181.01,181.2,181.0,178.0,3229760.0,181.607
601888.SH,2022-11-24,0.0,181.0,181.03,181.0,137.0,2479870.0,181.601
601888.SH,2022-11-24,0.0,180.38,181.01,180.36,864.0,15609700.0,181.552
601888.SH,2022-11-24,0.0,180.6,180.77,180.38,402.0,7258680.0,181.526
601888.SH,2022-11-24,0.0,180.99,181.0,180.6,115.0,2080160.0,181.521
601888.SH,2022-11-24,0.0,180.85,180.99,180.8,81.0,1464840.0,181.518
601888.SH,2022-11-24,0.0,180.8,180.88,180.62,153.0,2765980.0,181.511
601888.SH,2022-11-24,0.0,180.76,180.8,180.63,126.0,2277550.0,181.505
601888.SH,2022-11-24,0.0,181.19,181.19,180.75,125.0,2262610.0,181.501
601888.SH,2022-11-24,0.0,181.02,181.25,181.0,108.0,1956890.0,181.499
601888.SH,2022-11-24,0.0,181.16,181.2,180.84,100.0,1810140.0,181.496
601888.SH,2022-11-24,0.0,181.3,181.5,181.16,220.0,3991200.0,181.495
601888.SH,2022-11-24,0.0,181.66,181.66,181.23,415.0,7532110.0,181.494
601888.SH,2022-11-24,0.0,181.46,181.69,181.46,200.0,3630790.0,181.495
601888.SH,2022-11-24,0.0,181.0,181.46,181.0,128.0,2320540.0,181.494
601888.SH,2022-11-24,0.0,181.4,181.4,181.29,65.0,1178820.0,181.493
601888.SH,2022-11-24,0.0,181.32,181.6,181.17,130.0,2358920.0,181.493
601888.SH,2022-11-24,0.0,181.3,181.5,181.3,73.0,1324370.0,181.493
601888.SH,2022-11-24,0.0,181.59,181.59,181.41,77.0,1398000.0,181.493
601888.SH,2022-11-24,0.0,181.37,181.58,181.3,61.0,1099990.0,181.493
601888.SH,2022-11-24,0.0,181.37,181.45,181.3,82.0,1487120.0,181.492
601888.SH,2022-11-24,0.0,181.91,181.94,181.37,259.0,4707450.0,181.496
601888.SH,2022-11-24,0.0,181.4,181.88,181.35,89.0,1616770.0,181.497
601888.SH,2022-11-24,0.0,181.75,181.77,181.47,33.0,599532.0,181.497
601888.SH,2022-11-24,0.0,181.57,181.75,181.5,88.0,1597830.0,181.497
601888.SH,2022-11-24,0.0,181.4,181.59,181.4,71.0,1288440.0,181.497
601888.SH,2022-11-24,0.0,181.17,181.41,181.17,116.0,2103370.0,181.496
601888.SH,2022-11-24,0.0,181.08,181.18,181.08,65.0,1177380.0,181.495
601888.SH,2022-11-24,0.0,181.09,181.17,181.08,97.0,1757040.0,181.493
601888.SH,2022-11-24,0.0,180.88,181.11,180.88,221.0,4000980.0,181.487
601888.SH,2022-11-24,0.0,180.71,180.9,180.03,1777.0,32062400.0,181.395
601888.SH,2022-11-24,0.0,180.73,180.73,180.55,114.0,2059510.0,181.391
601888.SH,2022-11-24,0.0,180.58,180.83,180.53,362.0,6536780.0,181.377
601888.SH,2022-11-24,0.0,180.73,180.73,180.58,72.0,1300890.0,181.374
601888.SH,2022-11-24,0.0,180.63,180.69,180.61,244.0,4408470.0,181.366
601888.SH,2022-11-24,0.0,180.61,180.68,180.61,130.0,2348460.0,181.362
601888.SH,2022-11-24,0.0,180.62,180.68,180.61,95.0,1711950.0,181.359
601888.SH,2022-11-24,0.0,180.06,180.62,180.04,696.0,12555900.0,181.327
601888.SH,2022-11-24,0.0,180.01,180.15,180.0,1120.0,20161300.0,181.263
601888.SH,2022-11-24,0.0,180.2,180.23,180.0,452.0,8137140.0,181.239
601888.SH,2022-11-24,0.0,180.36,180.36,180.2,187.0,3370680.0,181.232
601888.SH,2022-11-24,0.0,180.08,180.25,180.03,117.0,2107540.0,181.226
601888.SH,2022-11-24,0.0,180.33,180.33,180.08,55.0,991152.0,181.224
601888.SH,2022-11-24,0.0,180.36,180.4,180.33,91.0,1641310.0,181.221
601888.SH,2022-11-24,0.0,180.49,180.49,180.37,58.0,1046510.0,181.219
601888.SH,2022-11-24,0.0,180.55,180.55,180.5,134.0,2419260.0,181.215
601888.SH,2022-11-24,0.0,180.12,180.53,180.06,269.0,4848510.0,181.204
601888.SH,2022-11-24,0.0,180.35,180.35,180.12,69.0,1243330.0,181.202
601888.SH,2022-11-24,0.0,180.53,180.53,180.17,114.0,2055600.0,181.197
601888.SH,2022-11-24,0.0,180.38,180.55,180.38,58.0,1046740.0,181.196
601888.SH,2022-11-24,0.0,180.22,180.4,180.21,146.0,2633030.0,181.191
601888.SH,2022-11-24,0.0,180.25,180.33,180.21,236.0,4250360.0,181.182
601888.SH,2022-11-24,0.0,180.38,180.4,180.25,104.0,1876230.0,181.179
601888.SH,2022-11-24,0.0,180.26,180.39,180.26,73.0,1316430.0,181.177
601888.SH,2022-11-24,0.0,180.01,180.29,180.01,383.0,6900030.0,181.161
601888.SH,2022-11-24,0.0,180.1,180.1,180.0,328.0,5904430.0,181.147
601888.SH,2022-11-24,0.0,180.5,180.95,180.2,279.0,5035120.0,181.14
601888.SH,2022-11-24,0.0,180.36,180.57,180.34,52.0,938280.0,181.138
601888.SH,2022-11-24,0.0,180.56,180.56,180.36,115.0,2075570.0,181.136
601888.SH,2022-11-24,0.0,180.51,180.76,180.47,32.0,577754.0,181.135
601888.SH,2022-11-24,0.0,180.34,180.5,180.3,93.0,1677790.0,181.132
601888.SH,2022-11-24,0.0,180.1,180.3,180.05,171.0,3079580.0,181.126
601888.SH,2022-11-24,0.0,180.1,180.3,180.09,157.0,2827680.0,181.12
601888.SH,2022-11-24,0.0,180.1,180.13,180.08,159.0,2863670.0,181.114
601888.SH,2022-11-24,0.0,179.72,180.13,179.69,2728.0,49096500.0,181.009
601888.SH,2022-11-24,0.0,180.0,180.0,179.71,179.0,3219830.0,181.003
601888.SH,2022-11-24,0.0,179.97,180.03,179.91,123.0,2213830.0,180.999
601888.SH,2022-11-24,0.0,180.3,180.3,180.0,102.0,1837440.0,180.996
601888.SH,2022-11-24,0.0,179.98,180.3,179.98,219.0,3942150.0,180.989
601888.SH,2022-11-24,0.0,180.0,180.0,179.88,198.0,3563900.0,180.982
601888.SH,2022-11-24,0.0,179.91,180.0,179.89,58.0,1043600.0,180.98
601888.SH,2022-11-24,0.0,180.08,180.11,179.89,92.0,1655780.0,180.977
601888.SH,2022-11-24,0.0,180.0,180.1,180.0,58.0,1044110.0,180.975
601888.SH,2022-11-24,0.0,179.78,180.08,179.78,429.0,7718160.0,180.961
601888.SH,2022-11-24,0.0,179.18,179.74,179.11,754.0,13543300.0,180.927
601888.SH,2022-11-24,0.0,178.88,179.2,178.88,1209.0,21635600.0,180.857
601888.SH,2022-11-24,0.0,179.01,179.2,178.89,494.0,8852220.0,180.831
601888.SH,2022-11-24,0.0,178.9,179.02,178.9,354.0,6335430.0,180.811
601888.SH,2022-11-24,0.0,179.04,179.16,178.78,552.0,9875590.0,180.781
601888.SH,2022-11-24,0.0,179.0,179.28,179.0,203.0,3635740.0,180.771
601888.SH,2022-11-24,0.0,178.79,179.04,178.5,597.0,10672500.0,180.738
601888.SH,2022-11-24,0.0,178.88,178.88,178.6,206.0,3681670.0,180.726
601888.SH,2022-11-24,0.0,179.09,179.09,178.88,205.0,3668890.0,180.716
601888.SH,2022-11-24,0.0,179.15,179.23,179.01,122.0,2186150.0,180.711
601888.SH,2022-11-24,0.0,179.03,179.15,179.0,163.0,2918380.0,180.703
601888.SH,2022-11-24,0.0,179.13,179.14,179.04,62.0,1110360.0,180.7
601888.SH,2022-11-24,0.0,179.39,179.48,179.13,148.0,2652160.0,180.694
601888.SH,2022-11-24,0.0,179.03,179.39,179.03,184.0,3295570.0,180.686
601888.SH,2022-11-24,0.0,179.2,179.38,179.03,94.0,1684090.0,180.682
601888.SH,2022-11-24,0.0,179.22,179.39,179.19,66.0,1189460.0,180.68
601888.SH,2022-11-24,0.0,179.22,179.39,179.2,71.0,1272560.0,180.677
601888.SH,2022-11-24,0.0,179.39,179.49,179.3,106.0,1894240.0,180.673
601888.SH,2022-11-24,0.0,179.65,179.8,179.49,581.0,10430600.0,180.655
601888.SH,2022-11-24,0.0,179.35,179.63,179.35,133.0,2388170.0,180.651
601888.SH,2022-11-24,0.0,179.34,179.5,179.34,124.0,2225110.0,180.647
601888.SH,2022-11-24,0.0,179.45,179.45,179.34,70.0,1255640.0,180.645
601888.SH,2022-11-24,0.0,179.52,179.65,179.31,240.0,4306970.0,180.638
601888.SH,2022-11-24,0.0,179.55,179.76,179.52,108.0,1940140.0,180.635
601888.SH,2022-11-24,0.0,179.3,179.68,179.3,136.0,2441070.0,180.631
601888.SH,2022-11-24,0.0,179.37,179.37,179.24,74.0,1325770.0,180.628
601888.SH,2022-11-24,0.0,179.2,179.37,179.2,72.0,1291830.0,180.626
601888.SH,2022-11-24,0.0,179.12,179.24,179.07,127.0,2275530.0,180.621
601888.SH,2022-11-24,0.0,179.1,179.13,179.07,99.0,1773050.0,180.617
601888.SH,2022-11-24,0.0,179.06,179.1,179.01,251.0,4493840.0,180.607
601888.SH,2022-11-24,0.0,179.05,179.07,179.03,85.0,1521960.0,180.603
601888.SH,2022-11-24,0.0,179.03,179.06,179.03,79.0,1414440.0,180.6
601888.SH,2022-11-24,0.0,178.94,179.04,178.93,288.0,5155020.0,180.588
601888.SH,2022-11-24,0.0,178.98,178.98,178.91,90.0,1611400.0,180.585
601888.SH,2022-11-24,0.0,178.89,178.98,178.89,160.0,2862400.0,180.578
601888.SH,2022-11-24,0.0,178.9,178.9,178.88,114.0,2039380.0,180.573
601888.SH,2022-11-24,0.0,178.93,178.98,178.9,114.0,2039660.0,180.568
601888.SH,2022-11-24,0.0,178.92,178.98,178.88,153.0,2737850.0,180.562
601888.SH,2022-11-24,0.0,178.82,178.9,178.8,446.0,7975680.0,180.543
601888.SH,2022-11-24,0.0,178.83,178.85,178.81,221.0,3951800.0,180.534
601888.SH,2022-11-24,0.0,178.89,178.89,178.86,250.0,4471550.0,180.524
601888.SH,2022-11-24,0.0,178.97,178.97,178.89,80.0,1431550.0,180.521
601888.SH,2022-11-24,0.0,179.16,179.2,178.95,162.0,2900370.0,180.515
601888.SH,2022-11-24,0.0,179.35,179.38,179.2,159.0,2849920.0,180.51
601888.SH,2022-11-24,0.0,179.21,179.35,179.07,87.0,1559280.0,180.507
601888.SH,2022-11-24,0.0,179.15,179.16,179.09,32.0,573273.0,180.506
601888.SH,2022-11-24,0.0,179.1,179.19,179.1,106.0,1898940.0,180.503
601888.SH,2022-11-24,0.0,178.96,179.11,178.91,357.0,6391100.0,180.49
601888.SH,2022-11-24,0.0,178.8,178.96,178.8,299.0,5348100.0,180.479
601888.SH,2022-11-24,0.0,179.11,179.11,178.8,151.0,2701670.0,180.473
601888.SH,2022-11-24,0.0,179.15,179.2,178.97,154.0,2757880.0,180.468
601888.SH,2022-11-24,0.0,179.28,179.36,179.2,120.0,2151160.0,180.465
601888.SH,2022-11-24,0.0,178.97,179.28,178.97,139.0,2489560.0,180.46
601888.SH,2022-11-24,0.0,179.32,179.45,178.94,271.0,4856940.0,180.453
601888.SH,2022-11-24,0.0,179.71,179.71,179.22,193.0,3465340.0,180.448
601888.SH,2022-11-24,0.0,179.44,179.82,179.44,188.0,3377220.0,180.445
601888.SH,2022-11-24,0.0,179.65,179.65,179.36,92.0,1651080.0,180.443
601888.SH,2022-11-24,0.0,179.5,179.79,179.5,128.0,2299860.0,180.441
601888.SH,2022-11-24,0.0,179.55,179.57,179.43,81.0,1453880.0,180.439
601888.SH,2022-11-24,0.0,179.75,179.91,179.61,134.0,2408650.0,180.437
601888.SH,2022-11-24,0.0,179.49,179.75,179.47,51.0,916056.0,180.436
601888.SH,2022-11-24,0.0,179.51,179.66,179.5,36.0,646519.0,180.435
601888.SH,2022-11-24,0.0,179.47,179.58,179.44,92.0,1651430.0,180.433
601888.SH,2022-11-24,0.0,179.21,179.44,179.19,105.0,1882960.0,180.431
601888.SH,2022-11-24,0.0,179.22,179.28,179.21,77.0,1380010.0,180.428
601888.SH,2022-11-24,0.0,179.27,179.29,179.22,54.0,968053.0,180.427
601888.SH,2022-11-24,0.0,179.07,179.44,179.03,281.0,5036770.0,180.42
601888.SH,2022-11-24,0.0,179.1,179.27,179.03,147.0,2632620.0,180.415
601888.SH,2022-11-24,0.0,179.29,179.49,179.07,194.0,3476420.0,180.41
601888.SH,2022-11-24,0.0,179.25,179.3,179.2,160.0,2868300.0,180.406
601888.SH,2022-11-24,0.0,179.2,179.27,179.12,109.0,1953500.0,180.403
601888.SH,2022-11-24,0.0,179.47,179.6,179.2,312.0,5595550.0,180.396
601888.SH,2022-11-24,0.0,179.42,179.44,179.3,64.0,1148200.0,180.394
601888.SH,2022-11-24,0.0,179.38,179.5,179.34,127.0,2278470.0,180.392
601888.SH,2022-11-24,0.0,179.37,179.39,179.34,157.0,2816000.0,180.388
601888.SH,2022-11-24,0.0,179.44,179.5,179.37,75.0,1345650.0,180.387
601888.SH,2022-11-24,0.0,179.46,179.48,179.39,69.0,1238060.0,180.385
601888.SH,2022-11-24,0.0,179.37,179.46,179.37,235.0,4215960.0,180.38
601888.SH,2022-11-24,0.0,179.19,179.33,179.19,212.0,3800390.0,180.375
601888.SH,2022-11-24,0.0,179.19,179.19,179.1,128.0,2293350.0,180.372
601888.SH,2022-11-24,0.0,179.2,179.32,179.1,176.0,3154030.0,180.367
601888.SH,2022-11-24,0.0,179.11,179.31,179.1,122.0,2185770.0,180.364
601888.SH,2022-11-24,0.0,179.15,179.17,179.11,90.0,1612210.0,180.362
601888.SH,2022-11-24,0.0,179.07,179.2,179.0,412.0,7376600.0,180.35
601888.SH,2022-11-24,0.0,178.91,179.03,178.9,279.0,4992840.0,180.342
601888.SH,2022-11-24,0.0,179.01,179.01,178.9,133.0,2379950.0,180.338
601888.SH,2022-11-24,0.0,178.93,179.01,178.93,162.0,2899280.0,180.334
601888.SH,2022-11-24,0.0,178.86,178.94,178.85,211.0,3774710.0,180.327
601888.SH,2022-11-24,0.0,178.99,179.0,178.78,270.0,4828250.0,180.319
601888.SH,2022-11-24,0.0,178.9,179.28,178.9,232.0,4154880.0,180.313
601888.SH,2022-11-24,0.0,178.86,178.98,178.82,302.0,5403080.0,180.304
601888.SH,2022-11-24,0.0,178.87,179.28,178.87,238.0,4259450.0,180.298
601888.SH,2022-11-24,0.0,178.9,178.96,178.86,184.0,3291960.0,180.293
601888.SH,2022-11-24,0.0,178.93,179.04,178.9,185.0,3310480.0,180.288
601888.SH,2022-11-24,0.0,178.81,178.94,178.81,386.0,6904640.0,180.277
601888.SH,2022-11-24,0.0,178.93,178.94,178.82,182.0,3255150.0,180.272
601888.SH,2022-11-24,0.0,178.85,178.92,178.8,302.0,5401130.0,180.263
601888.SH,2022-11-24,0.0,178.86,178.92,178.82,498.0,8906090.0,180.249
601888.SH,2022-11-24,0.0,178.85,178.9,178.85,248.0,4436090.0,180.242
601888.SH,2022-11-24,0.0,178.77,178.85,178.76,329.0,5882790.0,180.233
601888.SH,2022-11-24,0.0,178.73,178.76,178.69,463.0,8274260.0,180.22
601888.SH,2022-11-24,0.0,178.76,178.76,178.65,281.0,5020860.0,180.211
601888.SH,2022-11-24,0.0,178.7,178.79,178.66,178.0,3180760.0,180.206
601888.SH,2022-11-24,0.0,178.67,178.79,178.67,159.0,2841500.0,180.202
601888.SH,2022-11-24,0.0,178.68,178.71,178.67,156.0,2787540.0,180.197
601888.SH,2022-11-24,0.0,178.6,178.7,178.6,212.0,3786980.0,180.191
601888.SH,2022-11-24,0.0,178.5,178.6,178.5,771.0,13772100.0,180.167
601888.SH,2022-11-24,0.0,178.41,178.52,178.4,450.0,8025620.0,180.153
601888.SH,2022-11-24,0.0,178.49,178.65,178.42,690.0,12315500.0,180.132
601888.SH,2022-11-24,0.0,178.81,178.81,178.47,192.0,3422140.0,180.127
601888.SH,2022-11-24,0.0,178.83,178.93,178.82,152.0,2718580.0,180.124
601888.SH,2022-11-24,0.0,178.8,178.87,178.76,170.0,3039300.0,180.119
601888.SH,2022-11-24,0.0,178.87,178.89,178.79,108.0,1931430.0,180.117
601888.SH,2022-11-24,0.0,178.99,179.07,178.91,107.0,1915450.0,180.115
601888.SH,2022-11-24,0.0,178.97,179.09,178.95,257.0,4598670.0,180.109
601888.SH,2022-11-24,0.0,178.9,179.04,178.9,115.0,2058330.0,180.107
601888.SH,2022-11-24,0.0,178.9,178.95,178.76,363.0,6492770.0,180.099
601888.SH,2022-11-24,0.0,178.94,178.95,178.9,142.0,2543270.0,180.096
601888.SH,2022-11-24,0.0,178.93,178.94,178.9,94.0,1681940.0,180.094
601888.SH,2022-11-24,0.0,178.94,179.0,178.9,187.0,3344170.0,180.09
601888.SH,2022-11-24,0.0,178.91,178.94,178.91,86.0,1538790.0,180.089
601888.SH,2022-11-24,0.0,178.7,178.91,178.69,214.0,3826760.0,180.084
601888.SH,2022-11-24,0.0,178.69,178.81,178.64,160.0,2858990.0,180.08
601888.SH,2022-11-24,0.0,178.89,178.92,178.67,137.0,2449300.0,180.077
601888.SH,2022-11-24,0.0,178.8,178.9,178.78,182.0,3254910.0,180.073
601888.SH,2022-11-24,0.0,178.76,178.79,178.75,163.0,2914130.0,180.069
601888.SH,2022-11-24,0.0,178.8,178.8,178.76,185.0,3307450.0,180.065
601888.SH,2022-11-24,0.0,178.79,178.8,178.76,235.0,4201210.0,180.06
601888.SH,2022-11-24,0.0,178.93,178.93,178.77,414.0,7403920.0,180.051
601888.SH,2022-11-24,0.0,179.05,179.05,178.88,280.0,5011600.0,180.046
601888.SH,2022-11-24,0.0,179.28,179.29,179.12,202.0,3620810.0,180.044
601888.SH,2022-11-24,0.0,179.4,179.4,179.29,152.0,2725890.0,180.042
601888.SH,2022-11-24,0.0,179.3,179.44,179.3,261.0,4680940.0,180.039
601888.SH,2022-11-24,0.0,179.39,179.39,179.31,197.0,3533700.0,180.036
601888.SH,2022-11-24,0.0,179.22,179.4,179.22,411.0,7369720.0,180.032
601888.SH,2022-11-24,0.0,179.22,179.22,179.22,0.0,0.0,180.032
601888.SH,2022-11-24,0.0,179.22,179.22,179.22,0.0,0.0,180.032
601888.SH,2022-11-24,0.0,179.1,179.1,179.1,539.0,9653490.0,180.023
601888.SH,2022-11-25,0.0,179.95,179.95,179.95,568.0,10221200.0,179.95
601888.SH,2022-11-25,0.0,177.77,179.89,177.5,1284.0,22934300.0,179.025
601888.SH,2022-11-25,0.0,177.26,177.97,177.2,1050.0,18639700.0,178.509
601888.SH,2022-11-25,0.0,178.2,178.4,177.01,661.0,11733600.0,178.324
601888.SH,2022-11-25,0.0,178.39,178.39,178.07,499.0,8896010.0,178.318
601888.SH,2022-11-25,0.0,178.17,178.85,178.17,346.0,6176540.0,178.333
601888.SH,2022-11-25,0.0,177.8,178.24,177.8,348.0,6196880.0,178.314
601888.SH,2022-11-25,0.0,178.14,178.41,177.78,427.0,7599940.0,178.287
601888.SH,2022-11-25,0.0,178.53,178.57,178.09,354.0,6303060.0,178.286
601888.SH,2022-11-25,0.0,178.96,179.0,178.57,314.0,5616510.0,178.317
601888.SH,2022-11-25,0.0,178.76,178.98,178.5,249.0,4451960.0,178.336
601888.SH,2022-11-25,0.0,179.33,179.33,178.6,301.0,5384770.0,178.363
601888.SH,2022-11-25,0.0,179.47,179.49,179.05,332.0,5952320.0,178.408
601888.SH,2022-11-25,0.0,179.0,179.22,178.88,203.0,3635050.0,178.428
601888.SH,2022-11-25,0.0,178.51,179.14,178.51,261.0,4666670.0,178.441
601888.SH,2022-11-25,0.0,178.57,178.64,178.5,158.0,2821030.0,178.443
601888.SH,2022-11-25,0.0,178.84,178.97,178.57,310.0,5542510.0,178.457
601888.SH,2022-11-25,0.0,178.4,178.85,178.2,323.0,5767400.0,178.461
601888.SH,2022-11-25,0.0,178.93,178.97,178.75,235.0,4202120.0,178.472
601888.SH,2022-11-25,0.0,179.0,179.15,178.82,145.0,2594920.0,178.48
601888.SH,2022-11-25,0.0,179.0,179.15,178.89,118.0,2111880.0,178.487
601888.SH,2022-11-25,0.0,179.2,179.2,178.8,340.0,6094520.0,178.51
601888.SH,2022-11-25,0.0,178.56,179.3,178.55,229.0,4100550.0,178.524
601888.SH,2022-11-25,0.0,178.87,179.0,178.68,111.0,1985370.0,178.528
601888.SH,2022-11-25,0.0,178.7,178.88,178.58,122.0,2180900.0,178.531
601888.SH,2022-11-25,0.0,178.54,178.7,178.52,103.0,1839470.0,178.532
601888.SH,2022-11-25,0.0,178.32,178.63,178.32,185.0,3301150.0,178.53
601888.SH,2022-11-25,0.0,178.24,178.4,178.21,177.0,3155770.0,178.526
601888.SH,2022-11-25,0.0,178.43,178.43,178.24,176.0,3137900.0,178.522
601888.SH,2022-11-25,0.0,178.26,178.42,178.25,141.0,2522550.0,178.519
601888.SH,2022-11-25,0.0,178.4,178.4,178.24,169.0,3015230.0,178.515
601888.SH,2022-11-25,0.0,178.32,178.48,178.3,147.0,2620550.0,178.514
601888.SH,2022-11-25,0.0,178.41,178.5,178.3,115.0,2051160.0,178.512
601888.SH,2022-11-25,0.0,178.55,178.6,178.39,177.0,3161660.0,178.512
601888.SH,2022-11-25,0.0,178.99,179.0,178.42,193.0,3449030.0,178.516
601888.SH,2022-11-25,0.0,178.89,179.0,178.8,126.0,2253800.0,178.52
601888.SH,2022-11-25,0.0,178.97,179.05,178.83,127.0,2272740.0,178.525
601888.SH,2022-11-25,0.0,179.18,179.2,178.97,135.0,2418140.0,178.532
601888.SH,2022-11-25,0.0,179.3,179.3,179.15,342.0,6128950.0,178.552
601888.SH,2022-11-25,0.0,179.0,179.29,179.0,168.0,3008730.0,178.56
601888.SH,2022-11-25,0.0,178.85,179.01,178.85,195.0,3489280.0,178.566
601888.SH,2022-11-25,0.0,178.9,179.19,178.85,90.0,1610790.0,178.569
601888.SH,2022-11-25,0.0,178.99,179.13,178.87,140.0,2505830.0,178.574
601888.SH,2022-11-25,0.0,178.46,178.87,178.46,356.0,6363820.0,178.579
601888.SH,2022-11-25,0.0,177.89,178.41,177.89,741.0,13200100.0,178.554
601888.SH,2022-11-25,0.0,177.51,177.87,177.51,390.0,6931260.0,178.531
601888.SH,2022-11-25,0.0,177.28,177.56,177.27,577.0,10237900.0,178.486
601888.SH,2022-11-25,0.0,177.96,177.96,177.27,441.0,7827130.0,178.455
601888.SH,2022-11-25,0.0,177.8,178.09,177.75,177.0,3149560.0,178.449
601888.SH,2022-11-25,0.0,177.81,178.0,177.75,160.0,2845690.0,178.443
601888.SH,2022-11-25,0.0,178.0,178.0,177.81,60.0,1067460.0,178.441
601888.SH,2022-11-25,0.0,177.93,178.01,177.92,105.0,1868720.0,178.438
601888.SH,2022-11-25,0.0,177.83,177.99,177.83,89.0,1583340.0,178.435
601888.SH,2022-11-25,0.0,177.9,178.0,177.8,119.0,2116610.0,178.43
601888.SH,2022-11-25,0.0,178.0,178.09,177.86,122.0,2171380.0,178.427
601888.SH,2022-11-25,0.0,178.3,178.7,177.91,282.0,5030230.0,178.426
601888.SH,2022-11-25,0.0,178.38,178.58,178.3,144.0,2570880.0,178.427
601888.SH,2022-11-25,0.0,178.49,178.49,178.35,92.0,1641400.0,178.427
601888.SH,2022-11-25,0.0,178.4,178.54,178.4,154.0,2748440.0,178.427
601888.SH,2022-11-25,0.0,178.21,178.4,178.2,55.0,980615.0,178.427
601888.SH,2022-11-25,0.0,178.35,178.35,178.2,164.0,2923700.0,178.425
601888.SH,2022-11-25,0.0,178.81,178.96,178.3,385.0,6883230.0,178.431
601888.SH,2022-11-25,0.0,178.9,178.91,178.8,138.0,2468020.0,178.435
601888.SH,2022-11-25,0.0,178.95,178.95,178.81,82.0,1466760.0,178.437
601888.SH,2022-11-25,0.0,179.24,179.24,178.95,312.0,5587840.0,178.449
601888.SH,2022-11-25,0.0,179.0,179.24,178.95,184.0,3296290.0,178.456
601888.SH,2022-11-25,0.0,179.1,179.13,178.99,155.0,2774960.0,178.461
601888.SH,2022-11-25,0.0,179.25,179.28,179.1,359.0,6433050.0,178.476
601888.SH,2022-11-25,0.0,179.25,179.29,179.25,98.0,1756800.0,178.48
601888.SH,2022-11-25,0.0,179.2,179.28,179.11,137.0,2455100.0,178.485
601888.SH,2022-11-25,0.0,179.38,179.38,179.1,297.0,5322340.0,178.497
601888.SH,2022-11-25,0.0,179.78,179.85,179.48,437.0,7851470.0,178.524
601888.SH,2022-11-25,0.0,179.88,179.88,179.75,232.0,4171910.0,178.54
601888.SH,2022-11-25,0.0,179.81,179.93,179.81,359.0,6457700.0,178.564
601888.SH,2022-11-25,0.0,179.84,179.89,179.6,279.0,5012070.0,178.581
601888.SH,2022-11-25,0.0,179.66,179.84,179.37,370.0,6645850.0,178.6
601888.SH,2022-11-25,0.0,179.5,179.66,179.5,115.0,2064740.0,178.606
601888.SH,2022-11-25,0.0,179.6,179.62,179.5,236.0,4241730.0,178.617
601888.SH,2022-11-25,0.0,179.4,179.55,179.28,221.0,3970110.0,178.625
601888.SH,2022-11-25,0.0,179.36,179.39,179.35,303.0,5429450.0,178.635
601888.SH,2022-11-25,0.0,179.2,179.35,179.2,151.0,2707320.0,178.64
601888.SH,2022-11-25,0.0,179.3,179.31,179.2,64.0,1147130.0,178.642
601888.SH,2022-11-25,0.0,179.33,179.39,179.27,83.0,1488350.0,178.645
601888.SH,2022-11-25,0.0,179.5,179.5,179.33,68.0,1219990.0,178.647
601888.SH,2022-11-25,0.0,179.3,179.5,179.22,129.0,2314400.0,178.652
601888.SH,2022-11-25,0.0,179.44,179.44,179.27,48.0,860791.0,178.653
601888.SH,2022-11-25,0.0,179.5,179.5,179.34,129.0,2314420.0,178.658
601888.SH,2022-11-25,0.0,179.59,179.59,179.46,83.0,1489830.0,178.661
601888.SH,2022-11-25,0.0,179.66,179.67,179.51,57.0,1023830.0,178.663
601888.SH,2022-11-25,0.0,179.89,179.9,179.68,172.0,3093610.0,178.672
601888.SH,2022-11-25,0.0,179.97,179.99,179.9,277.0,4984820.0,178.688
601888.SH,2022-11-25,0.0,179.67,180.0,179.67,427.0,7683830.0,178.712
601888.SH,2022-11-25,0.0,179.65,179.68,179.51,80.0,1436790.0,178.715
601888.SH,2022-11-25,0.0,179.71,179.85,179.58,94.0,1689130.0,178.719
601888.SH,2022-11-25,0.0,179.55,179.71,179.5,90.0,1616620.0,178.722
601888.SH,2022-11-25,0.0,179.36,179.55,179.3,140.0,2512640.0,178.727
601888.SH,2022-11-25,0.0,179.4,179.4,179.3,59.0,1058020.0,178.728
601888.SH,2022-11-25,0.0,179.45,179.48,179.39,47.0,843365.0,178.73
601888.SH,2022-11-25,0.0,179.43,179.48,179.41,41.0,735774.0,178.731
601888.SH,2022-11-25,0.0,179.37,179.45,179.37,69.0,1237800.0,178.733
601888.SH,2022-11-25,0.0,179.23,179.39,179.23,117.0,2097860.0,178.736
601888.SH,2022-11-25,0.0,179.2,179.23,179.17,125.0,2234890.0,178.738
601888.SH,2022-11-25,0.0,179.2,179.3,179.17,78.0,1397840.0,178.74
601888.SH,2022-11-25,0.0,178.69,179.21,178.52,474.0,8491040.0,178.745
601888.SH,2022-11-25,0.0,179.0,179.0,178.53,82.0,1465380.0,178.745
601888.SH,2022-11-25,0.0,178.75,179.0,178.7,56.0,1001000.0,178.745
601888.SH,2022-11-25,0.0,178.83,178.83,178.72,72.0,1286980.0,178.745
601888.SH,2022-11-25,0.0,178.99,179.0,178.75,49.0,876246.0,178.745
601888.SH,2022-11-25,0.0,178.9,179.0,178.8,31.0,554599.0,178.746
601888.SH,2022-11-25,0.0,179.0,179.07,178.95,48.0,850618.0,178.746
601888.SH,2022-11-25,0.0,179.03,179.08,179.0,57.0,1014140.0,178.747
601888.SH,2022-11-25,0.0,179.08,179.15,179.07,53.0,954361.0,178.748
601888.SH,2022-11-25,0.0,178.9,179.0,178.7,70.0,1259560.0,178.748
601888.SH,2022-11-25,0.0,179.1,179.13,178.92,40.0,716302.0,178.748
601888.SH,2022-11-25,0.0,178.89,179.12,178.81,33.0,590511.0,178.749
601888.SH,2022-11-25,0.0,178.9,179.1,178.88,29.0,519027.0,178.749
601888.SH,2022-11-25,0.0,179.1,179.1,179.0,56.0,1002870.0,178.75
601888.SH,2022-11-25,0.0,179.09,179.1,179.0,33.0,592921.0,178.75
601888.SH,2022-11-25,0.0,179.08,179.1,179.08,38.0,680530.0,178.751
601888.SH,2022-11-25,0.0,179.19,179.19,179.08,67.0,1207260.0,178.752
601888.SH,2022-11-25,0.0,178.8,179.17,178.8,114.0,2032630.0,178.752
601888.SH,2022-11-25,0.0,179.06,179.06,178.74,196.0,3504730.0,178.753
601888.SH,2022-11-25,0.0,179.3,179.31,179.04,73.0,1307520.0,178.754
601888.SH,2022-11-25,0.0,179.32,179.32,179.18,50.0,896492.0,178.755
601888.SH,2022-11-25,0.0,179.26,179.32,179.26,45.0,806839.0,178.756
601888.SH,2022-11-25,0.0,179.9,179.9,179.17,265.0,4755380.0,178.763
601888.SH,2022-11-25,0.0,179.98,179.98,179.87,426.0,7665720.0,178.782
601888.SH,2022-11-25,0.0,180.47,180.5,180.0,613.0,11043400.0,178.814
601888.SH,2022-11-25,0.0,180.1,180.5,180.0,191.0,3443660.0,178.824
601888.SH,2022-11-25,0.0,179.88,180.1,179.76,83.0,1493830.0,178.828
601888.SH,2022-11-25,0.0,180.21,180.21,179.8,118.0,2122780.0,178.833
601888.SH,2022-11-25,0.0,180.2,180.35,180.19,184.0,3316460.0,178.843
601888.SH,2022-11-25,0.0,180.03,180.19,180.02,47.0,846444.0,178.845
601888.SH,2022-11-25,0.0,180.07,180.1,180.0,92.0,1656620.0,178.849
601888.SH,2022-11-25,0.0,179.68,180.09,179.68,85.0,1529370.0,178.852
601888.SH,2022-11-25,0.0,179.86,179.86,179.66,179.0,3216900.0,178.858
601888.SH,2022-11-25,0.0,179.7,179.86,179.7,106.0,1905650.0,178.861
601888.SH,2022-11-25,0.0,179.71,179.78,179.55,228.0,4096620.0,178.868
601888.SH,2022-11-25,0.0,179.35,179.68,179.29,83.0,1489720.0,178.87
601888.SH,2022-11-25,0.0,179.3,179.35,179.0,177.0,3171700.0,178.872
601888.SH,2022-11-25,0.0,179.39,179.4,179.2,105.0,1882140.0,178.873
601888.SH,2022-11-25,0.0,179.62,179.63,179.4,84.0,1507720.0,178.875
601888.SH,2022-11-25,0.0,179.46,179.62,179.46,40.0,718120.0,178.876
601888.SH,2022-11-25,0.0,179.39,179.45,179.33,101.0,1811720.0,178.878
601888.SH,2022-11-25,0.0,179.33,179.39,179.33,52.0,932620.0,178.878
601888.SH,2022-11-25,0.0,179.2,179.35,179.2,151.0,2707380.0,178.881
601888.SH,2022-11-25,0.0,179.2,179.3,179.2,72.0,1290440.0,178.881
601888.SH,2022-11-25,0.0,179.44,179.47,179.15,187.0,3354550.0,178.885
601888.SH,2022-11-25,0.0,179.43,179.43,179.32,52.0,932800.0,178.886
601888.SH,2022-11-25,0.0,179.65,179.65,179.38,71.0,1274460.0,178.887
601888.SH,2022-11-25,0.0,179.76,179.88,179.64,155.0,2785320.0,178.891
601888.SH,2022-11-25,0.0,179.89,179.98,179.7,214.0,3849400.0,178.898
601888.SH,2022-11-25,0.0,179.77,179.91,179.77,69.0,1241080.0,178.901
601888.SH,2022-11-25,0.0,179.5,179.8,179.4,147.0,2640490.0,178.904
601888.SH,2022-11-25,0.0,179.88,179.94,179.6,281.0,5052990.0,178.913
601888.SH,2022-11-25,0.0,179.86,179.88,179.75,71.0,1276920.0,178.915
601888.SH,2022-11-25,0.0,179.79,179.87,179.73,124.0,2229640.0,178.919
601888.SH,2022-11-25,0.0,179.45,179.8,179.37,103.0,1849570.0,178.921
601888.SH,2022-11-25,0.0,179.78,179.8,179.45,136.0,2443280.0,178.924
601888.SH,2022-11-25,0.0,179.51,179.85,179.51,73.0,1311370.0,178.926
601888.SH,2022-11-25,0.0,179.52,179.71,179.5,128.0,2298130.0,178.928
601888.SH,2022-11-25,0.0,179.45,179.7,179.37,178.0,3195500.0,178.932
601888.SH,2022-11-25,0.0,179.2,179.45,179.2,158.0,2833220.0,178.934
601888.SH,2022-11-25,0.0,179.0,179.28,179.0,139.0,2489520.0,178.935
601888.SH,2022-11-25,0.0,178.8,179.0,178.8,241.0,4311270.0,178.934
601888.SH,2022-11-25,0.0,178.78,178.82,178.78,120.0,2145670.0,178.934
601888.SH,2022-11-25,0.0,178.79,178.79,178.57,197.0,3518440.0,178.932
601888.SH,2022-11-25,0.0,178.81,178.81,178.62,91.0,1627800.0,178.931
601888.SH,2022-11-25,0.0,178.55,178.8,178.5,447.0,7983420.0,178.927
601888.SH,2022-11-25,0.0,178.55,178.55,178.5,124.0,2213580.0,178.926
601888.SH,2022-11-25,0.0,178.73,178.73,178.55,98.0,1750100.0,178.925
601888.SH,2022-11-25,0.0,178.56,178.72,178.55,148.0,2643550.0,178.923
601888.SH,2022-11-25,0.0,178.65,178.65,178.56,60.0,1071800.0,178.923
601888.SH,2022-11-25,0.0,178.66,178.72,178.65,76.0,1357920.0,178.922
601888.SH,2022-11-25,0.0,178.39,178.69,178.39,221.0,3945840.0,178.92
601888.SH,2022-11-25,0.0,178.2,178.35,178.2,153.0,2727770.0,178.917
601888.SH,2022-11-25,0.0,178.29,178.33,178.0,711.0,12655400.0,178.9
601888.SH,2022-11-25,0.0,178.51,178.51,178.2,172.0,3060020.0,178.896
601888.SH,2022-11-25,0.0,178.75,178.75,178.48,126.0,2249980.0,178.895
601888.SH,2022-11-25,0.0,178.86,178.98,178.75,83.0,1485010.0,178.895
601888.SH,2022-11-25,0.0,178.33,178.95,178.33,120.0,2146070.0,178.895
601888.SH,2022-11-25,0.0,178.58,178.94,178.3,257.0,4590030.0,178.893
601888.SH,2022-11-25,0.0,178.95,178.95,178.61,52.0,930111.0,178.893
601888.SH,2022-11-25,0.0,178.66,178.95,178.5,157.0,2805670.0,178.892
601888.SH,2022-11-25,0.0,178.74,178.74,178.65,42.0,750454.0,178.892
601888.SH,2022-11-25,0.0,178.95,178.95,178.67,41.0,732995.0,178.892
601888.SH,2022-11-25,0.0,178.82,178.95,178.68,150.0,2679900.0,178.891
601888.SH,2022-11-25,0.0,178.54,178.72,178.39,575.0,10242200.0,178.878
601888.SH,2022-11-25,0.0,178.78,178.78,178.5,100.0,1792570.0,178.877
601888.SH,2022-11-25,0.0,178.72,178.9,178.72,122.0,2181790.0,178.877
601888.SH,2022-11-25,0.0,178.9,178.9,178.72,70.0,1251660.0,178.877
601888.SH,2022-11-25,0.0,178.83,178.96,178.83,74.0,1324080.0,178.877
601888.SH,2022-11-25,0.0,179.3,179.31,178.89,123.0,2202980.0,178.878
601888.SH,2022-11-25,0.0,179.0,179.31,179.0,98.0,1756060.0,178.879
601888.SH,2022-11-25,0.0,179.14,179.2,178.99,36.0,644767.0,178.879
601888.SH,2022-11-25,0.0,178.99,179.15,178.93,70.0,1253380.0,178.879
601888.SH,2022-11-25,0.0,179.03,179.04,178.83,45.0,805309.0,178.88
601888.SH,2022-11-25,0.0,178.77,179.03,178.76,122.0,2181820.0,178.879
601888.SH,2022-11-25,0.0,179.0,179.0,178.94,53.0,948605.0,178.88
601888.SH,2022-11-25,0.0,178.99,179.0,178.99,60.0,1073990.0,178.88
601888.SH,2022-11-25,0.0,179.0,179.0,178.95,62.0,1109690.0,178.88
601888.SH,2022-11-25,0.0,179.04,179.05,178.99,55.0,984539.0,178.88
601888.SH,2022-11-25,0.0,179.22,179.24,179.04,133.0,2383150.0,178.881
601888.SH,2022-11-25,0.0,178.95,179.21,178.93,339.0,6069950.0,178.883
601888.SH,2022-11-25,0.0,179.2,179.2,178.93,546.0,9774870.0,178.885
601888.SH,2022-11-25,0.0,178.95,179.2,178.95,137.0,2454770.0,178.885
601888.SH,2022-11-25,0.0,179.0,179.0,178.96,149.0,2666930.0,178.886
601888.SH,2022-11-25,0.0,178.92,179.0,178.92,187.0,3346450.0,178.886
601888.SH,2022-11-25,0.0,178.98,179.0,178.9,234.0,4188070.0,178.887
601888.SH,2022-11-25,0.0,179.19,179.2,178.96,293.0,5245780.0,178.888
601888.SH,2022-11-25,0.0,179.07,179.21,179.06,63.0,1128630.0,178.888
601888.SH,2022-11-25,0.0,179.3,179.3,178.92,195.0,3491670.0,178.889
601888.SH,2022-11-25,0.0,179.17,179.35,179.0,255.0,4575610.0,178.891
601888.SH,2022-11-25,0.0,178.9,179.3,178.89,305.0,5460240.0,178.892
601888.SH,2022-11-25,0.0,179.0,179.22,178.78,293.0,5242990.0,178.892
601888.SH,2022-11-25,0.0,179.04,179.2,178.7,445.0,7964430.0,178.893
601888.SH,2022-11-25,0.0,179.2,179.2,178.71,267.0,4781310.0,178.895
601888.SH,2022-11-25,0.0,178.96,179.08,178.96,142.0,2542360.0,178.895
601888.SH,2022-11-25,0.0,179.2,179.2,178.91,132.0,2363450.0,178.896
601888.SH,2022-11-25,0.0,179.27,179.27,179.18,183.0,3279530.0,178.897
601888.SH,2022-11-25,0.0,179.3,179.3,179.2,197.0,3531770.0,178.899
601888.SH,2022-11-25,0.0,179.25,179.35,179.24,366.0,6562100.0,178.902
601888.SH,2022-11-25,0.0,179.03,179.35,179.0,318.0,5700050.0,178.905
601888.SH,2022-11-25,0.0,179.4,179.4,179.03,235.0,4213950.0,178.907
601888.SH,2022-11-25,0.0,179.5,179.53,179.3,483.0,8667480.0,178.913
601888.SH,2022-11-25,0.0,179.44,179.5,179.16,289.0,5183920.0,178.916
601888.SH,2022-11-25,0.0,179.39,179.49,179.22,235.0,4214970.0,178.919
601888.SH,2022-11-25,0.0,179.17,179.39,179.16,104.0,1864080.0,178.92
601888.SH,2022-11-25,0.0,179.35,179.35,179.16,137.0,2455600.0,178.921
601888.SH,2022-11-25,0.0,179.25,179.4,179.2,157.0,2814880.0,178.922
601888.SH,2022-11-25,0.0,179.0,179.21,179.0,216.0,3869340.0,178.923
601888.SH,2022-11-25,0.0,179.02,179.1,178.98,157.0,2810430.0,178.923
601888.SH,2022-11-25,0.0,178.8,179.11,178.78,468.0,8373520.0,178.923
601888.SH,2022-11-25,0.0,178.54,179.0,178.24,742.0,13262800.0,178.92
601888.SH,2022-11-25,0.0,178.99,178.99,178.55,278.0,4970540.0,178.92
601888.SH,2022-11-25,0.0,178.65,179.1,178.58,281.0,5023800.0,178.919
601888.SH,2022-11-25,0.0,178.77,179.02,178.62,314.0,5607560.0,178.918
601888.SH,2022-11-25,0.0,179.0,179.0,178.63,671.0,11992600.0,178.915
601888.SH,2022-11-25,0.0,179.0,179.0,179.0,0.0,0.0,178.915
601888.SH,2022-11-25,0.0,179.0,179.0,179.0,0.0,0.0,178.915
601888.SH,2022-11-25,0.0,178.66,178.66,178.66,709.0,12667000.0,178.911
601888.SH,2022-11-28,0.0,173.98,173.98,173.98,1729.0,30074900.0,173.98
601888.SH,2022-11-28,0.0,172.39,174.0,172.11,3895.0,67481400.0,173.464
601888.SH,2022-11-28,0.0,173.1,173.64,172.62,2006.0,34704800.0,173.344
601888.SH,2022-11-28,0.0,173.29,173.36,173.1,1514.0,26228700.0,173.325
601888.SH,2022-11-28,0.0,173.0,173.29,173.0,1655.0,28640900.0,173.285
601888.SH,2022-11-28,0.0,172.56,173.02,172.51,1082.0,18692000.0,173.237
601888.SH,2022-11-28,0.0,172.77,172.85,172.4,1415.0,24421000.0,173.168
601888.SH,2022-11-28,0.0,172.78,172.91,172.73,844.0,14585000.0,173.146
601888.SH,2022-11-28,0.0,173.3,173.3,172.68,1017.0,17600200.0,173.14
601888.SH,2022-11-28,0.0,173.3,173.54,173.27,881.0,15277400.0,173.155
601888.SH,2022-11-28,0.0,173.76,173.95,173.21,593.0,10286900.0,173.167
601888.SH,2022-11-28,0.0,174.37,174.6,173.73,875.0,15227700.0,173.21
601888.SH,2022-11-28,0.0,174.01,174.2,173.92,713.0,12415100.0,173.246
601888.SH,2022-11-28,0.0,174.43,174.43,173.93,656.0,11425400.0,173.278
601888.SH,2022-11-28,0.0,174.29,174.48,174.21,619.0,10793500.0,173.312
601888.SH,2022-11-28,0.0,174.48,174.48,174.28,496.0,8646420.0,173.337
601888.SH,2022-11-28,0.0,173.64,174.48,173.57,1226.0,21335900.0,173.377
601888.SH,2022-11-28,0.0,173.4,173.6,173.38,740.0,12835700.0,173.38
601888.SH,2022-11-28,0.0,173.88,173.92,173.35,537.0,9321050.0,173.385
601888.SH,2022-11-28,0.0,174.01,174.37,173.87,720.0,12537200.0,173.408
601888.SH,2022-11-28,0.0,173.42,174.01,173.37,854.0,14829100.0,173.416
601888.SH,2022-11-28,0.0,173.96,173.96,173.32,769.0,13343500.0,173.419
601888.SH,2022-11-28,0.0,174.5,174.5,173.93,868.0,15127500.0,173.448
601888.SH,2022-11-28,0.0,174.49,174.91,174.4,628.0,10970600.0,173.478
601888.SH,2022-11-28,0.0,174.11,174.4,173.71,624.0,10859900.0,173.491
601888.SH,2022-11-28,0.0,174.98,175.02,174.08,1006.0,17564200.0,173.533
601888.SH,2022-11-28,0.0,175.01,175.01,174.54,773.0,13524200.0,173.57
601888.SH,2022-11-28,0.0,174.51,175.02,174.5,498.0,8704910.0,173.591
601888.SH,2022-11-28,0.0,174.65,174.8,174.51,774.0,13510300.0,173.616
601888.SH,2022-11-28,0.0,174.19,174.86,174.19,546.0,9540220.0,173.636
601888.SH,2022-11-28,0.0,174.8,174.88,174.25,432.0,7548640.0,173.649
601888.SH,2022-11-28,0.0,175.73,176.01,174.75,1712.0,30073700.0,173.755
601888.SH,2022-11-28,0.0,174.95,176.05,174.95,1502.0,26392100.0,173.841
601888.SH,2022-11-28,0.0,175.4,175.45,174.71,935.0,16377200.0,173.876
601888.SH,2022-11-28,0.0,174.88,175.38,174.88,363.0,6351780.0,173.888
601888.SH,2022-11-28,0.0,174.74,174.86,174.58,232.0,4054870.0,173.893
601888.SH,2022-11-28,0.0,175.28,175.28,174.67,605.0,10583600.0,173.91
601888.SH,2022-11-28,0.0,174.83,175.33,174.8,360.0,6298740.0,173.921
601888.SH,2022-11-28,0.0,174.57,174.8,174.5,434.0,7578010.0,173.929
601888.SH,2022-11-28,0.0,174.18,174.57,174.0,682.0,11884200.0,173.935
601888.SH,2022-11-28,0.0,174.32,174.5,174.18,224.0,3904030.0,173.937
601888.SH,2022-11-28,0.0,174.46,174.46,174.3,208.0,3627050.0,173.939
601888.SH,2022-11-28,0.0,174.88,174.88,174.4,352.0,6143310.0,173.945
601888.SH,2022-11-28,0.0,175.26,175.26,174.88,266.0,4656450.0,173.952
601888.SH,2022-11-28,0.0,175.1,175.25,175.0,243.0,4256400.0,173.96
601888.SH,2022-11-28,0.0,175.01,175.18,174.89,288.0,5040180.0,173.967
601888.SH,2022-11-28,0.0,175.03,175.03,174.95,250.0,4375150.0,173.974
601888.SH,2022-11-28,0.0,175.39,175.66,175.03,702.0,12322400.0,174.0
601888.SH,2022-11-28,0.0,175.96,175.96,175.5,460.0,8079910.0,174.018
601888.SH,2022-11-28,0.0,175.88,176.05,175.88,512.0,9011040.0,174.043
601888.SH,2022-11-28,0.0,175.45,175.6,175.39,175.0,3071140.0,174.049
601888.SH,2022-11-28,0.0,175.65,175.66,175.49,151.0,2651890.0,174.055
601888.SH,2022-11-28,0.0,175.89,175.89,175.65,131.0,2302980.0,174.06
601888.SH,2022-11-28,0.0,175.98,175.98,175.83,178.0,3131050.0,174.068
601888.SH,2022-11-28,0.0,176.03,176.03,175.89,226.0,3976790.0,174.078
601888.SH,2022-11-28,0.0,176.04,176.04,176.01,137.0,2410460.0,174.084
601888.SH,2022-11-28,0.0,175.97,176.04,175.82,271.0,4769310.0,174.096
601888.SH,2022-11-28,0.0,176.03,176.04,175.89,206.0,3625400.0,174.105
601888.SH,2022-11-28,0.0,175.85,176.11,175.85,265.0,4664430.0,174.117
601888.SH,2022-11-28,0.0,175.6,175.86,175.49,472.0,8294500.0,174.135
601888.SH,2022-11-28,0.0,175.5,175.76,175.5,388.0,6811390.0,174.147
601888.SH,2022-11-28,0.0,175.68,175.71,175.47,146.0,2563950.0,174.152
601888.SH,2022-11-28,0.0,175.88,175.94,175.68,143.0,2513770.0,174.157
601888.SH,2022-11-28,0.0,176.12,176.26,175.91,360.0,6335370.0,174.172
601888.SH,2022-11-28,0.0,176.19,176.29,176.05,178.0,3136200.0,174.18
601888.SH,2022-11-28,0.0,176.49,176.5,176.11,232.0,4088480.0,174.192
601888.SH,2022-11-28,0.0,176.94,176.95,176.48,458.0,8094470.0,174.217
601888.SH,2022-11-28,0.0,177.4,177.44,176.95,586.0,10380600.0,174.255
601888.SH,2022-11-28,0.0,177.39,177.47,177.28,423.0,7504370.0,174.283
601888.SH,2022-11-28,0.0,177.98,178.0,177.27,538.0,9551900.0,174.322
601888.SH,2022-11-28,0.0,178.0,178.18,177.95,547.0,9737830.0,174.365
601888.SH,2022-11-28,0.0,178.16,178.16,177.95,493.0,8776500.0,174.402
601888.SH,2022-11-28,0.0,177.95,178.15,177.87,469.0,8347930.0,174.437
601888.SH,2022-11-28,0.0,177.99,178.04,177.87,483.0,8595880.0,174.472
601888.SH,2022-11-28,0.0,178.36,178.48,178.05,419.0,7465940.0,174.504
601888.SH,2022-11-28,0.0,178.37,178.49,178.33,551.0,9828440.0,174.546
601888.SH,2022-11-28,0.0,179.08,179.12,178.37,563.0,10064400.0,174.593
601888.SH,2022-11-28,0.0,178.55,179.31,178.39,819.0,14650100.0,174.662
601888.SH,2022-11-28,0.0,179.0,179.0,178.45,597.0,10674600.0,174.709
601888.SH,2022-11-28,0.0,179.2,179.21,178.86,610.0,10929300.0,174.761
601888.SH,2022-11-28,0.0,178.91,179.2,178.9,286.0,5120690.0,174.784
601888.SH,2022-11-28,0.0,178.86,178.92,178.85,252.0,4507810.0,174.804
601888.SH,2022-11-28,0.0,178.7,178.85,178.67,268.0,4791390.0,174.824
601888.SH,2022-11-28,0.0,178.66,178.7,178.58,461.0,8235590.0,174.856
601888.SH,2022-11-28,0.0,178.7,178.7,178.58,193.0,3448130.0,174.87
601888.SH,2022-11-28,0.0,178.73,178.74,178.68,141.0,2519870.0,174.88
601888.SH,2022-11-28,0.0,179.1,179.1,178.7,273.0,4883800.0,174.9
601888.SH,2022-11-28,0.0,179.86,179.86,179.14,548.0,9833480.0,174.946
601888.SH,2022-11-28,0.0,179.8,179.88,179.52,451.0,8105610.0,174.984
601888.SH,2022-11-28,0.0,179.8,179.82,179.63,417.0,7496110.0,175.02
601888.SH,2022-11-28,0.0,179.68,179.74,179.64,312.0,5606450.0,175.046
601888.SH,2022-11-28,0.0,179.3,179.7,179.05,487.0,8740150.0,175.084
601888.SH,2022-11-28,0.0,180.16,180.16,179.29,898.0,16149800.0,175.158
601888.SH,2022-11-28,0.0,180.27,180.3,180.0,726.0,13077900.0,175.221
601888.SH,2022-11-28,0.0,180.99,181.39,180.26,1834.0,33129500.0,175.386
601888.SH,2022-11-28,0.0,180.88,181.08,180.56,731.0,13231300.0,175.454
601888.SH,2022-11-28,0.0,180.53,181.01,180.53,617.0,11162900.0,175.508
601888.SH,2022-11-28,0.0,180.9,180.99,180.51,249.0,4500820.0,175.53
601888.SH,2022-11-28,0.0,181.1,181.1,180.72,575.0,10407300.0,175.58
601888.SH,2022-11-28,0.0,180.89,181.39,180.82,713.0,12917800.0,175.643
601888.SH,2022-11-28,0.0,180.02,180.97,180.01,631.0,11394700.0,175.692
601888.SH,2022-11-28,0.0,179.94,180.0,179.8,304.0,5470290.0,175.713
601888.SH,2022-11-28,0.0,180.02,180.02,179.93,414.0,7451330.0,175.74
601888.SH,2022-11-28,0.0,180.01,180.03,180.0,368.0,6624360.0,175.764
601888.SH,2022-11-28,0.0,180.29,180.3,180.01,204.0,3675140.0,175.778
601888.SH,2022-11-28,0.0,180.42,180.46,180.14,310.0,5589080.0,175.8
601888.SH,2022-11-28,0.0,180.4,180.57,180.15,341.0,6150910.0,175.824
601888.SH,2022-11-28,0.0,180.63,180.82,180.5,241.0,4356840.0,175.841
601888.SH,2022-11-28,0.0,180.24,180.61,180.14,281.0,5065680.0,175.861
601888.SH,2022-11-28,0.0,179.95,180.23,179.95,302.0,5436510.0,175.88
601888.SH,2022-11-28,0.0,180.4,180.4,179.91,649.0,11695600.0,175.921
601888.SH,2022-11-28,0.0,180.66,180.66,180.47,250.0,4514440.0,175.938
601888.SH,2022-11-28,0.0,180.73,180.83,180.66,279.0,5043250.0,175.958
601888.SH,2022-11-28,0.0,180.06,180.73,180.01,150.0,2706720.0,175.968
601888.SH,2022-11-28,0.0,180.24,180.29,180.02,82.0,1477190.0,175.973
601888.SH,2022-11-28,0.0,180.07,180.13,180.07,105.0,1891100.0,175.979
601888.SH,2022-11-28,0.0,179.68,180.08,179.68,341.0,6132910.0,175.999
601888.SH,2022-11-28,0.0,179.54,179.68,179.27,201.0,3607040.0,176.009
601888.SH,2022-11-28,0.0,179.48,179.8,179.46,251.0,4506930.0,176.022
601888.SH,2022-11-28,0.0,179.92,180.2,179.47,384.0,6912080.0,176.043
601888.SH,2022-11-28,0.0,180.01,180.2,179.7,390.0,7022520.0,176.066
601888.SH,2022-11-28,0.0,179.0,180.5,179.0,913.0,16430600.0,176.116
601888.SH,2022-11-28,0.0,179.5,179.55,179.0,288.0,5160620.0,176.129
601888.SH,2022-11-28,0.0,179.33,179.75,179.33,224.0,4017110.0,176.139
601888.SH,2022-11-28,0.0,179.24,179.34,179.24,172.0,3084080.0,176.146
601888.SH,2022-11-28,0.0,179.11,179.24,179.01,380.0,6804030.0,176.162
601888.SH,2022-11-28,0.0,179.11,179.15,179.07,157.0,2811800.0,176.168
601888.SH,2022-11-28,0.0,179.25,179.29,179.1,179.0,3208130.0,176.176
601888.SH,2022-11-28,0.0,179.12,179.27,179.11,177.0,3171100.0,176.183
601888.SH,2022-11-28,0.0,179.93,180.0,179.15,730.0,13114800.0,176.219
601888.SH,2022-11-28,0.0,179.59,179.93,179.53,172.0,3091000.0,176.227
601888.SH,2022-11-28,0.0,180.21,180.27,179.57,445.0,8010970.0,176.25
601888.SH,2022-11-28,0.0,179.76,180.21,179.18,344.0,6194260.0,176.268
601888.SH,2022-11-28,0.0,180.18,180.18,179.76,350.0,6300880.0,176.285
601888.SH,2022-11-28,0.0,180.1,180.18,180.08,306.0,5512050.0,176.301
601888.SH,2022-11-28,0.0,179.74,180.08,179.74,163.0,2932090.0,176.309
601888.SH,2022-11-28,0.0,179.89,180.0,179.6,149.0,2677880.0,176.316
601888.SH,2022-11-28,0.0,180.04,180.14,179.8,265.0,4770960.0,176.329
601888.SH,2022-11-28,0.0,179.93,180.3,179.89,327.0,5891960.0,176.346
601888.SH,2022-11-28,0.0,180.14,180.2,179.9,155.0,2790720.0,176.353
601888.SH,2022-11-28,0.0,180.4,180.4,180.14,354.0,6381820.0,176.372
601888.SH,2022-11-28,0.0,181.01,181.01,180.39,819.0,14799700.0,176.418
601888.SH,2022-11-28,0.0,181.5,181.5,181.06,1131.0,20511200.0,176.49
601888.SH,2022-11-28,0.0,181.74,181.88,181.46,691.0,12553700.0,176.535
601888.SH,2022-11-28,0.0,181.8,181.98,181.18,944.0,17156600.0,176.598
601888.SH,2022-11-28,0.0,181.13,181.62,181.13,483.0,8760870.0,176.627
601888.SH,2022-11-28,0.0,181.28,181.28,181.03,206.0,3732110.0,176.638
601888.SH,2022-11-28,0.0,181.3,181.37,181.19,432.0,7832790.0,176.664
601888.SH,2022-11-28,0.0,181.13,181.4,181.1,371.0,6726860.0,176.685
601888.SH,2022-11-28,0.0,181.13,181.27,181.13,377.0,6829720.0,176.706
601888.SH,2022-11-28,0.0,180.73,181.15,180.73,615.0,11133400.0,176.738
601888.SH,2022-11-28,0.0,180.8,180.85,180.73,745.0,13480700.0,176.776
601888.SH,2022-11-28,0.0,181.15,181.15,180.58,574.0,10378100.0,176.804
601888.SH,2022-11-28,0.0,181.0,181.33,180.83,892.0,16152900.0,176.85
601888.SH,2022-11-28,0.0,180.98,181.06,180.78,351.0,6353220.0,176.867
601888.SH,2022-11-28,0.0,180.31,180.9,180.31,497.0,8977170.0,176.889
601888.SH,2022-11-28,0.0,180.15,180.3,180.15,173.0,3117670.0,176.896
601888.SH,2022-11-28,0.0,180.22,180.22,180.14,188.0,3387560.0,176.903
601888.SH,2022-11-28,0.0,180.6,180.64,180.21,537.0,9694680.0,176.926
601888.SH,2022-11-28,0.0,180.7,180.7,180.31,490.0,8842880.0,176.946
601888.SH,2022-11-28,0.0,180.23,180.38,180.22,230.0,4146850.0,176.955
601888.SH,2022-11-28,0.0,180.2,180.24,180.19,155.0,2793540.0,176.961
601888.SH,2022-11-28,0.0,180.15,180.23,180.15,389.0,7010110.0,176.975
601888.SH,2022-11-28,0.0,180.09,180.14,180.08,186.0,3350030.0,176.982
601888.SH,2022-11-28,0.0,179.97,180.12,179.97,487.0,8767090.0,176.999
601888.SH,2022-11-28,0.0,179.96,179.98,179.96,170.0,3059460.0,177.004
601888.SH,2022-11-28,0.0,179.85,179.97,179.85,178.0,3202530.0,177.01
601888.SH,2022-11-28,0.0,180.16,180.2,179.85,523.0,9411030.0,177.028
601888.SH,2022-11-28,0.0,180.18,180.48,180.16,333.0,6000630.0,177.04
601888.SH,2022-11-28,0.0,180.19,180.23,180.18,92.0,1654960.0,177.043
601888.SH,2022-11-28,0.0,180.32,180.32,180.15,238.0,4293390.0,177.051
601888.SH,2022-11-28,0.0,180.57,180.62,180.31,162.0,2922920.0,177.058
601888.SH,2022-11-28,0.0,180.41,180.59,180.39,127.0,2292830.0,177.062
601888.SH,2022-11-28,0.0,180.12,180.55,180.01,163.0,2937680.0,177.068
601888.SH,2022-11-28,0.0,180.04,180.15,180.01,98.0,1765100.0,177.072
601888.SH,2022-11-28,0.0,180.04,180.07,180.04,129.0,2322720.0,177.076
601888.SH,2022-11-28,0.0,180.01,180.04,180.0,467.0,8406450.0,177.091
601888.SH,2022-11-28,0.0,180.37,180.5,180.01,462.0,8339780.0,177.108
601888.SH,2022-11-28,0.0,180.41,180.47,180.35,246.0,4438020.0,177.117
601888.SH,2022-11-28,0.0,180.64,180.65,180.41,142.0,2562820.0,177.123
601888.SH,2022-11-28,0.0,180.81,180.81,180.5,232.0,4191660.0,177.132
601888.SH,2022-11-28,0.0,181.0,181.0,180.81,304.0,5494640.0,177.144
601888.SH,2022-11-28,0.0,180.7,181.05,180.5,670.0,12118600.0,177.171
601888.SH,2022-11-28,0.0,180.66,180.79,180.63,936.0,16925800.0,177.207
601888.SH,2022-11-28,0.0,180.81,180.81,180.7,738.0,13335400.0,177.235
601888.SH,2022-11-28,0.0,180.77,180.88,180.77,228.0,4123370.0,177.244
601888.SH,2022-11-28,0.0,180.48,180.9,180.4,504.0,9115630.0,177.263
601888.SH,2022-11-28,0.0,180.7,181.0,180.48,550.0,9944330.0,177.283
601888.SH,2022-11-28,0.0,180.31,180.67,180.3,248.0,4478810.0,177.292
601888.SH,2022-11-28,0.0,180.32,180.42,180.3,60.0,1082030.0,177.294
601888.SH,2022-11-28,0.0,180.46,180.58,180.33,181.0,3265800.0,177.3
601888.SH,2022-11-28,0.0,180.39,180.48,180.39,198.0,3572250.0,177.306
601888.SH,2022-11-28,0.0,180.27,180.37,180.27,187.0,3371930.0,177.312
601888.SH,2022-11-28,0.0,180.93,181.01,180.27,886.0,16022200.0,177.344
601888.SH,2022-11-28,0.0,181.3,181.3,180.88,808.0,14646200.0,177.376
601888.SH,2022-11-28,0.0,181.27,181.79,181.25,483.0,8763960.0,177.396
601888.SH,2022-11-28,0.0,181.59,181.77,181.35,703.0,12771200.0,177.427
601888.SH,2022-11-28,0.0,181.89,181.9,181.6,630.0,11454000.0,177.454
601888.SH,2022-11-28,0.0,181.77,181.93,181.68,768.0,13966500.0,177.488
601888.SH,2022-11-28,0.0,181.6,181.76,181.56,305.0,5540570.0,177.501
601888.SH,2022-11-28,0.0,181.48,181.6,181.47,199.0,3612320.0,177.509
601888.SH,2022-11-28,0.0,181.68,182.0,181.47,1011.0,18375600.0,177.551
601888.SH,2022-11-28,0.0,181.73,181.73,181.61,283.0,5141220.0,177.562
601888.SH,2022-11-28,0.0,181.66,181.77,181.64,175.0,3179430.0,177.569
601888.SH,2022-11-28,0.0,181.94,182.0,181.61,1040.0,18920900.0,177.613
601888.SH,2022-11-28,0.0,181.85,181.93,181.67,215.0,3909460.0,177.622
601888.SH,2022-11-28,0.0,181.77,181.84,181.77,147.0,2672310.0,177.628
601888.SH,2022-11-28,0.0,181.59,181.8,181.59,216.0,3924960.0,177.636
601888.SH,2022-11-28,0.0,181.76,181.76,181.49,357.0,6483510.0,177.65
601888.SH,2022-11-28,0.0,182.0,182.0,181.76,897.0,16316700.0,177.686
601888.SH,2022-11-28,0.0,181.87,182.08,181.86,327.0,5950730.0,177.699
601888.SH,2022-11-28,0.0,181.94,181.98,181.84,498.0,9058330.0,177.719
601888.SH,2022-11-28,0.0,181.98,182.09,181.96,701.0,12758700.0,177.747
601888.SH,2022-11-28,0.0,182.55,182.55,182.02,1172.0,21365300.0,177.796
601888.SH,2022-11-28,0.0,182.66,182.68,182.54,419.0,7651040.0,177.815
601888.SH,2022-11-28,0.0,182.32,182.88,182.2,878.0,16035900.0,177.854
601888.SH,2022-11-28,0.0,182.65,182.66,182.14,351.0,6404720.0,177.868
601888.SH,2022-11-28,0.0,182.74,182.82,182.65,565.0,10326600.0,177.893
601888.SH,2022-11-28,0.0,182.97,182.97,182.71,652.0,11919300.0,177.922
601888.SH,2022-11-28,0.0,182.8,183.0,182.8,789.0,14436900.0,177.958
601888.SH,2022-11-28,0.0,182.94,182.95,182.77,624.0,11409200.0,177.985
601888.SH,2022-11-28,0.0,183.11,183.11,182.91,754.0,13795900.0,178.018
601888.SH,2022-11-28,0.0,183.5,183.5,183.07,1090.0,19977800.0,178.069
601888.SH,2022-11-28,0.0,183.77,184.0,183.3,1721.0,31625300.0,178.153
601888.SH,2022-11-28,0.0,183.62,183.9,183.6,1070.0,19655500.0,178.204
601888.SH,2022-11-28,0.0,184.0,184.0,183.62,739.0,13590700.0,178.24
601888.SH,2022-11-28,0.0,183.96,184.66,183.8,1003.0,18461800.0,178.289
601888.SH,2022-11-28,0.0,183.88,184.06,183.88,1244.0,22886400.0,178.348
601888.SH,2022-11-28,0.0,183.63,183.91,183.63,1116.0,20512500.0,178.399
601888.SH,2022-11-28,0.0,183.14,183.63,183.0,1036.0,18991800.0,178.44
601888.SH,2022-11-28,0.0,183.44,183.44,183.14,482.0,8835440.0,178.459
601888.SH,2022-11-28,0.0,184.0,184.0,183.44,1125.0,20663200.0,178.507
601888.SH,2022-11-28,0.0,183.92,184.16,183.91,1212.0,22305200.0,178.561
601888.SH,2022-11-28,0.0,184.01,184.01,183.64,731.0,13445300.0,178.592
601888.SH,2022-11-28,0.0,183.83,184.01,183.83,521.0,9582610.0,178.614
601888.SH,2022-11-28,0.0,183.74,183.83,183.71,590.0,10851400.0,178.638
601888.SH,2022-11-28,0.0,183.89,183.9,183.7,670.0,12319000.0,178.665
601888.SH,2022-11-28,0.0,183.89,183.97,183.85,925.0,17010700.0,178.703
601888.SH,2022-11-28,0.0,183.65,183.89,183.65,49.0,900180.0,178.705
601888.SH,2022-11-28,0.0,183.65,183.65,183.65,0.0,0.0,178.705
601888.SH,2022-11-28,0.0,183.86,183.86,183.86,1575.0,28958000.0,178.767
601888.SH,2022-11-29,0.0,184.01,184.01,184.01,1262.0,23222100.0,184.01
601888.SH,2022-11-29,0.0,184.4,185.0,184.0,4369.0,80593400.0,184.361
601888.SH,2022-11-29,0.0,184.65,184.79,184.31,1455.0,26850000.0,184.397
601888.SH,2022-11-29,0.0,184.0,184.86,183.97,2407.0,44391600.0,184.405
601888.SH,2022-11-29,0.0,184.28,184.28,183.5,2370.0,43595800.0,184.314
601888.SH,2022-11-29,0.0,185.99,186.0,184.58,2766.0,51252500.0,184.499
601888.SH,2022-11-29,0.0,184.82,185.91,184.82,1857.0,34430200.0,184.601
601888.SH,2022-11-29,0.0,185.84,185.86,184.8,832.0,15422800.0,184.638
601888.SH,2022-11-29,0.0,185.3,185.75,185.3,867.0,16087500.0,184.682
601888.SH,2022-11-29,0.0,185.04,185.28,184.53,910.0,16837900.0,184.699
601888.SH,2022-11-29,0.0,184.58,185.01,184.58,1267.0,23406400.0,184.701
601888.SH,2022-11-29,0.0,184.24,184.68,184.23,768.0,14167000.0,184.693
601888.SH,2022-11-29,0.0,184.12,184.31,184.0,820.0,15093300.0,184.672
601888.SH,2022-11-29,0.0,184.12,184.35,184.02,511.0,9420050.0,184.662
601888.SH,2022-11-29,0.0,184.05,184.13,183.89,798.0,14683400.0,184.639
601888.SH,2022-11-29,0.0,184.81,184.81,184.18,705.0,12999800.0,184.632
601888.SH,2022-11-29,0.0,185.9,186.2,185.0,2300.0,42739000.0,184.736
601888.SH,2022-11-29,0.0,185.77,185.93,185.42,1110.0,20607300.0,184.773
601888.SH,2022-11-29,0.0,186.15,186.21,185.81,1670.0,31056300.0,184.844
601888.SH,2022-11-29,0.0,186.4,186.54,186.0,1692.0,31533400.0,184.925
601888.SH,2022-11-29,0.0,186.25,186.53,186.25,790.0,14730900.0,184.964
601888.SH,2022-11-29,0.0,185.2,186.2,185.13,739.0,13727100.0,184.982
601888.SH,2022-11-29,0.0,185.66,185.66,185.18,1149.0,21280800.0,184.99
601888.SH,2022-11-29,0.0,185.94,185.94,185.66,380.0,7058630.0,184.999
601888.SH,2022-11-29,0.0,186.35,186.39,185.86,620.0,11540900.0,185.019
601888.SH,2022-11-29,0.0,186.28,186.36,186.07,566.0,10542500.0,185.039
601888.SH,2022-11-29,0.0,186.78,186.79,186.09,1141.0,21274100.0,185.083
601888.SH,2022-11-29,0.0,186.83,186.88,186.72,728.0,13600500.0,185.117
601888.SH,2022-11-29,0.0,187.36,187.39,186.83,1544.0,28888800.0,185.197
601888.SH,2022-11-29,0.0,187.3,187.49,187.04,1320.0,24735100.0,185.27
601888.SH,2022-11-29,0.0,187.8,187.8,187.3,1939.0,36355200.0,185.373
601888.SH,2022-11-29,0.0,187.51,187.89,187.51,867.0,16274200.0,185.421
601888.SH,2022-11-29,0.0,186.61,187.59,186.61,905.0,16959400.0,185.462
601888.SH,2022-11-29,0.0,187.36,187.48,186.63,863.0,16149200.0,185.495
601888.SH,2022-11-29,0.0,187.8,187.8,187.28,782.0,14672200.0,185.53
601888.SH,2022-11-29,0.0,188.46,188.46,187.79,1769.0,33264800.0,185.625
601888.SH,2022-11-29,0.0,188.89,188.89,188.46,1464.0,27618500.0,185.716
601888.SH,2022-11-29,0.0,189.01,189.58,188.93,2239.0,42378100.0,185.873
601888.SH,2022-11-29,0.0,189.2,189.5,189.0,1592.0,30130100.0,185.977
601888.SH,2022-11-29,0.0,189.46,189.46,189.12,786.0,14876200.0,186.026
601888.SH,2022-11-29,0.0,189.24,189.46,189.21,1608.0,30446800.0,186.123
601888.SH,2022-11-29,0.0,188.62,189.32,188.62,1124.0,21246100.0,186.182
601888.SH,2022-11-29,0.0,189.4,189.46,188.56,1139.0,21536900.0,186.24
601888.SH,2022-11-29,0.0,189.12,189.41,189.01,988.0,18693600.0,186.291
601888.SH,2022-11-29,0.0,189.49,189.78,189.17,2128.0,40339200.0,186.407
601888.SH,2022-11-29,0.0,189.68,189.68,189.28,718.0,13604700.0,186.444
601888.SH,2022-11-29,0.0,189.58,189.85,189.52,1058.0,20072300.0,186.5
601888.SH,2022-11-29,0.0,189.93,189.98,189.32,1273.0,24150100.0,186.566
601888.SH,2022-11-29,0.0,190.44,190.46,189.93,2971.0,56472500.0,186.724
601888.SH,2022-11-29,0.0,190.05,190.66,190.03,2096.0,39916600.0,186.839
601888.SH,2022-11-29,0.0,190.12,190.28,189.98,930.0,17681700.0,186.883
601888.SH,2022-11-29,0.0,189.59,189.98,189.57,555.0,10533300.0,186.906
601888.SH,2022-11-29,0.0,189.96,190.0,189.54,851.0,16153300.0,186.941
601888.SH,2022-11-29,0.0,189.88,190.0,189.63,1123.0,21333900.0,186.989
601888.SH,2022-11-29,0.0,189.49,189.88,189.45,815.0,15451900.0,187.018
601888.SH,2022-11-29,0.0,189.38,189.51,189.36,459.0,8695140.0,187.034
601888.SH,2022-11-29,0.0,189.07,189.38,189.01,418.0,7907090.0,187.046
601888.SH,2022-11-29,0.0,189.35,189.5,189.18,981.0,18574900.0,187.076
601888.SH,2022-11-29,0.0,189.51,189.59,189.35,409.0,7747720.0,187.089
601888.SH,2022-11-29,0.0,189.5,189.52,189.42,321.0,6082550.0,187.099
601888.SH,2022-11-29,0.0,189.22,189.5,189.16,577.0,10919800.0,187.116
601888.SH,2022-11-29,0.0,190.0,190.0,189.22,788.0,14946700.0,187.142
601888.SH,2022-11-29,0.0,190.0,190.0,189.8,621.0,11796200.0,187.165
601888.SH,2022-11-29,0.0,189.9,190.0,189.5,382.0,7253420.0,187.179
601888.SH,2022-11-29,0.0,190.0,190.0,189.94,742.0,14096100.0,187.205
601888.SH,2022-11-29,0.0,190.18,190.18,189.95,756.0,14365500.0,187.232
601888.SH,2022-11-29,0.0,190.58,190.6,190.18,1255.0,23912700.0,187.283
601888.SH,2022-11-29,0.0,190.69,190.69,190.56,736.0,14030300.0,187.314
601888.SH,2022-11-29,0.0,190.87,190.89,190.7,821.0,15662400.0,187.349
601888.SH,2022-11-29,0.0,191.01,191.01,190.87,1232.0,23528500.0,187.403
601888.SH,2022-11-29,0.0,190.98,191.03,190.97,561.0,10714700.0,187.427
601888.SH,2022-11-29,0.0,191.28,191.3,190.96,749.0,14307500.0,187.46
601888.SH,2022-11-29,0.0,191.75,191.75,191.3,671.0,12851900.0,187.492
601888.SH,2022-11-29,0.0,191.88,192.0,191.7,1717.0,32954500.0,187.58
601888.SH,2022-11-29,0.0,192.21,192.21,191.88,1209.0,23212500.0,187.641
601888.SH,2022-11-29,0.0,191.97,192.29,191.97,976.0,18754400.0,187.691
601888.SH,2022-11-29,0.0,192.2,192.25,192.0,961.0,18467300.0,187.739
601888.SH,2022-11-29,0.0,192.24,192.39,192.21,1112.0,21378600.0,187.794
601888.SH,2022-11-29,0.0,192.45,192.49,192.21,767.0,14750500.0,187.832
601888.SH,2022-11-29,0.0,191.58,192.46,191.58,761.0,14626000.0,187.868
601888.SH,2022-11-29,0.0,191.2,191.5,191.16,744.0,14233500.0,187.895
601888.SH,2022-11-29,0.0,191.39,191.5,191.25,555.0,10622600.0,187.916
601888.SH,2022-11-29,0.0,191.33,191.4,191.31,520.0,9950850.0,187.935
601888.SH,2022-11-29,0.0,191.35,191.37,191.34,347.0,6635570.0,187.948
601888.SH,2022-11-29,0.0,190.8,191.35,190.8,664.0,12694100.0,187.97
601888.SH,2022-11-29,0.0,190.61,190.8,190.61,457.0,8716080.0,187.983
601888.SH,2022-11-29,0.0,190.39,190.64,190.39,352.0,6706540.0,187.992
601888.SH,2022-11-29,0.0,191.11,191.12,190.37,1131.0,21553800.0,188.023
601888.SH,2022-11-29,0.0,191.27,191.28,191.04,232.0,4435840.0,188.03
601888.SH,2022-11-29,0.0,191.21,191.39,191.21,400.0,7650580.0,188.043
601888.SH,2022-11-29,0.0,191.41,191.41,191.18,526.0,10054700.0,188.061
601888.SH,2022-11-29,0.0,191.98,192.0,191.44,719.0,13788800.0,188.088
601888.SH,2022-11-29,0.0,191.81,192.0,191.81,930.0,17853900.0,188.124
601888.SH,2022-11-29,0.0,192.5,192.5,191.75,1389.0,26709100.0,188.18
601888.SH,2022-11-29,0.0,192.07,192.57,192.0,920.0,17694000.0,188.218
601888.SH,2022-11-29,0.0,192.2,192.48,192.07,833.0,16020000.0,188.25
601888.SH,2022-11-29,0.0,192.39,192.44,191.98,1169.0,22482200.0,188.297
601888.SH,2022-11-29,0.0,192.55,192.72,192.38,1424.0,27418000.0,188.354
601888.SH,2022-11-29,0.0,192.12,192.74,192.1,704.0,13540900.0,188.38
601888.SH,2022-11-29,0.0,192.19,192.5,192.12,486.0,9347150.0,188.398
601888.SH,2022-11-29,0.0,192.31,192.36,192.19,716.0,13767500.0,188.424
601888.SH,2022-11-29,0.0,192.0,192.35,191.9,470.0,9031180.0,188.44
601888.SH,2022-11-29,0.0,192.11,192.12,192.02,304.0,5839340.0,188.451
601888.SH,2022-11-29,0.0,192.41,192.41,192.06,360.0,6914170.0,188.463
601888.SH,2022-11-29,0.0,192.36,192.45,192.33,326.0,6272810.0,188.475
601888.SH,2022-11-29,0.0,192.54,192.6,192.41,833.0,16034900.0,188.505
601888.SH,2022-11-29,0.0,193.36,193.36,192.55,2665.0,51415500.0,188.61
601888.SH,2022-11-29,0.0,193.14,193.47,193.14,1012.0,19569100.0,188.653
601888.SH,2022-11-29,0.0,193.03,193.32,193.0,377.0,7278970.0,188.667
601888.SH,2022-11-29,0.0,193.19,193.25,193.02,452.0,8732240.0,188.685
601888.SH,2022-11-29,0.0,193.11,193.2,192.9,480.0,9264070.0,188.704
601888.SH,2022-11-29,0.0,193.26,193.26,193.07,629.0,12147600.0,188.728
601888.SH,2022-11-29,0.0,193.69,193.7,193.24,1032.0,19963300.0,188.77
601888.SH,2022-11-29,0.0,194.0,194.0,193.8,1315.0,25503400.0,188.828
601888.SH,2022-11-29,0.0,193.87,194.19,193.87,1184.0,22969400.0,188.879
601888.SH,2022-11-29,0.0,193.96,194.0,193.69,415.0,8047430.0,188.897
601888.SH,2022-11-29,0.0,193.95,193.99,193.95,635.0,12317100.0,188.923
601888.SH,2022-11-29,0.0,194.17,194.18,193.95,819.0,15890300.0,188.958
601888.SH,2022-11-29,0.0,194.19,194.2,194.08,736.0,14289000.0,188.99
601888.SH,2022-11-29,0.0,194.5,194.5,194.18,816.0,15854300.0,189.025
601888.SH,2022-11-29,0.0,194.87,194.98,194.37,934.0,18177700.0,189.068
601888.SH,2022-11-29,0.0,196.0,196.08,194.86,5767.0,112594000.0,189.343
601888.SH,2022-11-29,0.0,196.59,196.59,196.08,1555.0,30520900.0,189.427
601888.SH,2022-11-29,0.0,196.35,197.08,196.35,2637.0,51906600.0,189.573
601888.SH,2022-11-29,0.0,197.01,197.9,196.25,2365.0,46579100.0,189.702
601888.SH,2022-11-29,0.0,196.46,197.47,196.46,1046.0,20607800.0,189.758
601888.SH,2022-11-29,0.0,195.73,196.5,195.52,797.0,15626400.0,189.795
601888.SH,2022-11-29,0.0,195.84,196.0,195.73,998.0,19541800.0,189.838
601888.SH,2022-11-29,0.0,195.6,195.8,195.59,669.0,13090200.0,189.866
601888.SH,2022-11-29,0.0,195.52,195.6,195.51,552.0,10794200.0,189.888
601888.SH,2022-11-29,0.0,196.0,196.19,195.54,1073.0,21020900.0,189.934
601888.SH,2022-11-29,0.0,195.79,196.0,195.67,525.0,10291100.0,189.956
601888.SH,2022-11-29,0.0,195.86,195.86,195.55,593.0,11610500.0,189.981
601888.SH,2022-11-29,0.0,195.26,195.79,195.26,1019.0,19914300.0,190.02
601888.SH,2022-11-29,0.0,194.99,195.44,194.99,928.0,18110100.0,190.053
601888.SH,2022-11-29,0.0,195.06,195.26,194.95,846.0,16505100.0,190.083
601888.SH,2022-11-29,0.0,194.97,195.1,194.96,446.0,8697680.0,190.098
601888.SH,2022-11-29,0.0,195.16,195.26,194.93,473.0,9227030.0,190.114
601888.SH,2022-11-29,0.0,195.15,195.25,195.15,342.0,6676090.0,190.126
601888.SH,2022-11-29,0.0,194.88,195.18,194.88,400.0,7799810.0,190.139
601888.SH,2022-11-29,0.0,194.25,194.89,194.25,525.0,10214900.0,190.155
601888.SH,2022-11-29,0.0,194.01,194.23,193.97,791.0,15347700.0,190.176
601888.SH,2022-11-29,0.0,193.87,194.0,193.79,638.0,12373700.0,190.192
601888.SH,2022-11-29,0.0,193.82,193.9,193.81,333.0,6455280.0,190.2
601888.SH,2022-11-29,0.0,193.8,193.84,193.8,433.0,8392040.0,190.211
601888.SH,2022-11-29,0.0,194.46,194.52,193.84,718.0,13932900.0,190.23
601888.SH,2022-11-29,0.0,193.75,194.7,193.75,472.0,9156340.0,190.241
601888.SH,2022-11-29,0.0,193.14,193.72,193.14,499.0,9651050.0,190.252
601888.SH,2022-11-29,0.0,193.53,193.53,193.08,579.0,11180500.0,190.263
601888.SH,2022-11-29,0.0,193.38,193.6,193.38,277.0,5359920.0,190.269
601888.SH,2022-11-29,0.0,193.31,193.44,193.31,437.0,8451550.0,190.278
601888.SH,2022-11-29,0.0,193.6,193.61,193.3,507.0,9802290.0,190.288
601888.SH,2022-11-29,0.0,194.0,194.3,193.62,546.0,10583700.0,190.301
601888.SH,2022-11-29,0.0,193.68,194.16,193.68,440.0,8534290.0,190.311
601888.SH,2022-11-29,0.0,193.45,193.68,193.31,360.0,6965960.0,190.319
601888.SH,2022-11-29,0.0,193.33,193.46,193.31,365.0,7058670.0,190.326
601888.SH,2022-11-29,0.0,193.19,193.31,193.1,564.0,10893000.0,190.337
601888.SH,2022-11-29,0.0,193.33,193.4,193.2,357.0,6900520.0,190.343
601888.SH,2022-11-29,0.0,193.33,193.45,193.33,284.0,5492340.0,190.349
601888.SH,2022-11-29,0.0,193.38,193.65,193.34,262.0,5067760.0,190.354
601888.SH,2022-11-29,0.0,193.43,193.5,193.36,262.0,5068260.0,190.359
601888.SH,2022-11-29,0.0,193.65,194.0,193.43,647.0,12536700.0,190.373
601888.SH,2022-11-29,0.0,194.1,194.1,193.46,338.0,6549070.0,190.381
601888.SH,2022-11-29,0.0,194.5,195.0,194.1,1658.0,32288100.0,190.426
601888.SH,2022-11-29,0.0,194.19,194.71,194.14,490.0,9533200.0,190.439
601888.SH,2022-11-29,0.0,194.98,195.0,194.18,392.0,7632580.0,190.449
601888.SH,2022-11-29,0.0,194.23,195.07,194.23,976.0,19026700.0,190.477
601888.SH,2022-11-29,0.0,194.81,194.88,194.28,554.0,10786600.0,190.491
601888.SH,2022-11-29,0.0,194.88,194.93,194.65,311.0,6057550.0,190.5
601888.SH,2022-11-29,0.0,194.93,194.93,194.88,271.0,5282260.0,190.507
601888.SH,2022-11-29,0.0,194.65,194.93,194.65,368.0,7169050.0,190.517
601888.SH,2022-11-29,0.0,194.31,194.67,194.31,367.0,7139730.0,190.526
601888.SH,2022-11-29,0.0,194.29,194.32,194.29,427.0,8296900.0,190.536
601888.SH,2022-11-29,0.0,194.2,194.29,194.2,307.0,5963490.0,190.543
601888.SH,2022-11-29,0.0,194.14,194.2,194.14,275.0,5339900.0,190.549
601888.SH,2022-11-29,0.0,194.03,194.14,194.02,373.0,7239920.0,190.557
601888.SH,2022-11-29,0.0,193.79,194.02,193.74,507.0,9829040.0,190.567
601888.SH,2022-11-29,0.0,194.19,194.31,193.8,837.0,16251700.0,190.585
601888.SH,2022-11-29,0.0,194.1,194.26,194.1,288.0,5592490.0,190.591
601888.SH,2022-11-29,0.0,193.8,194.12,193.8,414.0,8027670.0,190.6
601888.SH,2022-11-29,0.0,193.81,193.82,193.78,352.0,6821890.0,190.606
601888.SH,2022-11-29,0.0,193.62,193.83,193.62,1241.0,24048200.0,190.63
601888.SH,2022-11-29,0.0,193.64,193.76,193.61,320.0,6196260.0,190.636
601888.SH,2022-11-29,0.0,193.77,193.8,193.73,350.0,6781660.0,190.642
601888.SH,2022-11-29,0.0,193.7,193.77,193.69,265.0,5133670.0,190.647
601888.SH,2022-11-29,0.0,193.65,193.71,193.65,237.0,4590060.0,190.651
601888.SH,2022-11-29,0.0,193.65,193.68,193.65,139.0,2691930.0,190.654
601888.SH,2022-11-29,0.0,193.72,193.72,193.65,251.0,4861230.0,190.658
601888.SH,2022-11-29,0.0,193.8,193.8,193.66,1952.0,37827500.0,190.694
601888.SH,2022-11-29,0.0,194.01,194.1,193.8,4013.0,77790896.0,190.766
601888.SH,2022-11-29,0.0,193.85,194.0,193.85,317.0,6148740.0,190.772
601888.SH,2022-11-29,0.0,193.85,193.91,193.8,240.0,4651790.0,190.776
601888.SH,2022-11-29,0.0,193.92,193.99,193.83,174.0,3374210.0,190.779
601888.SH,2022-11-29,0.0,193.95,194.0,193.94,245.0,4752380.0,190.784
601888.SH,2022-11-29,0.0,193.95,193.98,193.92,347.0,6730470.0,190.79
601888.SH,2022-11-29,0.0,193.86,193.95,193.86,271.0,5254760.0,190.795
601888.SH,2022-11-29,0.0,193.9,193.95,193.82,222.0,4304260.0,190.799
601888.SH,2022-11-29,0.0,193.92,194.0,193.9,505.0,9795800.0,190.808
601888.SH,2022-11-29,0.0,193.91,193.99,193.9,218.0,4228390.0,190.812
601888.SH,2022-11-29,0.0,194.01,194.01,193.89,369.0,7156580.0,190.818
601888.SH,2022-11-29,0.0,193.93,194.03,193.93,379.0,7345590.0,190.825
601888.SH,2022-11-29,0.0,193.88,193.95,193.87,243.0,4718130.0,190.829
601888.SH,2022-11-29,0.0,193.81,193.88,193.81,233.0,4516720.0,190.833
601888.SH,2022-11-29,0.0,193.83,193.83,193.81,244.0,4729160.0,190.837
601888.SH,2022-11-29,0.0,193.83,193.85,193.83,265.0,5136120.0,190.841
601888.SH,2022-11-29,0.0,193.9,193.92,193.83,379.0,7340970.0,190.848
601888.SH,2022-11-29,0.0,193.89,193.92,193.87,208.0,4031600.0,190.851
601888.SH,2022-11-29,0.0,193.91,193.91,193.88,207.0,4013570.0,190.855
601888.SH,2022-11-29,0.0,193.88,193.92,193.88,251.0,4866970.0,190.859
601888.SH,2022-11-29,0.0,193.88,193.89,193.86,184.0,3560540.0,190.862
601888.SH,2022-11-29,0.0,193.9,193.9,193.88,342.0,6637270.0,190.868
601888.SH,2022-11-29,0.0,193.92,193.95,193.87,551.0,10680100.0,190.877
601888.SH,2022-11-29,0.0,193.91,193.96,193.91,400.0,7748480.0,190.884
601888.SH,2022-11-29,0.0,193.96,193.96,193.9,501.0,9715260.0,190.892
601888.SH,2022-11-29,0.0,194.22,194.22,193.96,1273.0,24701000.0,190.914
601888.SH,2022-11-29,0.0,194.49,194.5,194.26,377.0,7331700.0,190.921
601888.SH,2022-11-29,0.0,194.33,194.49,194.32,440.0,8546700.0,190.929
601888.SH,2022-11-29,0.0,194.59,194.59,194.33,402.0,7818370.0,190.937
601888.SH,2022-11-29,0.0,194.81,194.81,194.6,475.0,9251720.0,190.947
601888.SH,2022-11-29,0.0,194.9,194.9,194.77,562.0,10949500.0,190.959
601888.SH,2022-11-29,0.0,194.92,194.92,194.83,521.0,10153100.0,190.969
601888.SH,2022-11-29,0.0,194.99,195.0,194.92,621.0,12107200.0,190.983
601888.SH,2022-11-29,0.0,195.06,195.07,194.97,1489.0,29036000.0,191.015
601888.SH,2022-11-29,0.0,195.17,195.2,195.0,689.0,13444200.0,191.03
601888.SH,2022-11-29,0.0,195.0,195.2,194.99,758.0,14785700.0,191.046
601888.SH,2022-11-29,0.0,195.0,195.17,194.99,858.0,16733100.0,191.064
601888.SH,2022-11-29,0.0,194.89,195.01,194.82,992.0,19340700.0,191.084
601888.SH,2022-11-29,0.0,194.81,194.91,194.81,555.0,10814900.0,191.095
601888.SH,2022-11-29,0.0,194.67,194.81,194.67,400.0,7790200.0,191.102
601888.SH,2022-11-29,0.0,194.67,194.74,194.57,861.0,16760100.0,191.118
601888.SH,2022-11-29,0.0,194.58,194.67,194.55,560.0,10898600.0,191.128
601888.SH,2022-11-29,0.0,194.6,194.62,194.55,811.0,15778900.0,191.143
601888.SH,2022-11-29,0.0,195.1,195.16,194.61,1668.0,32515200.0,191.175
601888.SH,2022-11-29,0.0,195.08,195.15,194.97,1285.0,25072900.0,191.2
601888.SH,2022-11-29,0.0,194.94,195.08,194.94,595.0,11603400.0,191.212
601888.SH,2022-11-29,0.0,194.59,194.8,194.45,1663.0,32348500.0,191.239
601888.SH,2022-11-29,0.0,194.66,194.91,194.5,894.0,17402200.0,191.255
601888.SH,2022-11-29,0.0,194.66,194.81,194.66,1350.0,26267100.0,191.277
601888.SH,2022-11-29,0.0,194.67,194.67,194.67,4.0,77866.0,191.277
601888.SH,2022-11-29,0.0,194.67,194.67,194.67,0.0,0.0,191.277
601888.SH,2022-11-29,0.0,194.97,194.97,194.97,2615.0,50984700.0,191.324
601888.SH,2022-11-30,0.0,194.8,194.8,194.8,1251.0,24369500.0,194.8
601888.SH,2022-11-30,0.0,194.5,194.5,192.51,4980.0,96582896.0,194.114
601888.SH,2022-11-30,0.0,195.5,195.88,194.51,4103.0,79974800.0,194.433
601888.SH,2022-11-30,0.0,194.98,196.5,194.9,4200.0,82110800.0,194.742
601888.SH,2022-11-30,0.0,195.5,195.59,194.51,2985.0,58224000.0,194.792
601888.SH,2022-11-30,0.0,195.0,195.27,194.9,3477.0,67830496.0,194.839
601888.SH,2022-11-30,0.0,195.17,195.23,194.96,2390.0,46619500.0,194.862
601888.SH,2022-11-30,0.0,195.82,196.06,195.28,2338.0,45761000.0,194.944
601888.SH,2022-11-30,0.0,195.99,195.99,195.19,2026.0,39605900.0,194.984
601888.SH,2022-11-30,0.0,195.12,195.83,195.0,1320.0,25810300.0,195.009
601888.SH,2022-11-30,0.0,195.5,195.8,195.12,680.0,13301900.0,195.021
601888.SH,2022-11-30,0.0,196.1,196.16,195.6,1224.0,23979800.0,195.056
601888.SH,2022-11-30,0.0,195.26,196.03,195.13,822.0,16066100.0,195.066
601888.SH,2022-11-30,0.0,195.8,195.8,195.13,960.0,18756400.0,195.075
601888.SH,2022-11-30,0.0,195.88,195.88,195.5,925.0,18100100.0,195.092
601888.SH,2022-11-30,0.0,196.13,196.13,195.53,967.0,18938800.0,195.113
601888.SH,2022-11-30,0.0,196.74,196.89,196.15,1179.0,23174500.0,195.161
601888.SH,2022-11-30,0.0,196.68,196.74,196.44,1179.0,23176700.0,195.206
601888.SH,2022-11-30,0.0,197.0,197.6,196.68,2013.0,39678100.0,195.304
601888.SH,2022-11-30,0.0,196.92,197.0,196.7,923.0,18174200.0,195.341
601888.SH,2022-11-30,0.0,197.49,197.49,196.92,886.0,17476700.0,195.382
601888.SH,2022-11-30,0.0,196.68,197.4,196.68,1477.0,29110300.0,195.441
601888.SH,2022-11-30,0.0,196.68,196.82,196.6,818.0,16089100.0,195.465
601888.SH,2022-11-30,0.0,196.07,196.66,196.07,521.0,10231700.0,195.476
601888.SH,2022-11-30,0.0,196.07,196.11,196.05,767.0,15039300.0,195.486
601888.SH,2022-11-30,0.0,196.01,196.07,195.98,780.0,15289600.0,195.496
601888.SH,2022-11-30,0.0,196.91,196.91,195.96,1126.0,22113000.0,195.517
601888.SH,2022-11-30,0.0,196.32,196.9,196.32,672.0,13217400.0,195.534
601888.SH,2022-11-30,0.0,195.72,196.32,195.72,634.0,12427000.0,195.54
601888.SH,2022-11-30,0.0,195.07,195.57,195.07,778.0,15205400.0,195.539
601888.SH,2022-11-30,0.0,194.1,195.01,194.1,1763.0,34297900.0,195.504
601888.SH,2022-11-30,0.0,194.62,194.62,194.04,1434.0,27869600.0,195.472
601888.SH,2022-11-30,0.0,193.8,194.6,193.71,2281.0,44259200.0,195.412
601888.SH,2022-11-30,0.0,194.23,194.59,193.75,1868.0,36233800.0,195.363
601888.SH,2022-11-30,0.0,195.12,195.12,194.0,844.0,16417200.0,195.349
601888.SH,2022-11-30,0.0,195.03,195.16,194.67,1260.0,24558200.0,195.339
601888.SH,2022-11-30,0.0,195.28,195.28,195.0,467.0,9113630.0,195.338
601888.SH,2022-11-30,0.0,195.88,195.88,195.25,640.0,12506000.0,195.339
601888.SH,2022-11-30,0.0,196.02,196.4,195.8,912.0,17884000.0,195.35
601888.SH,2022-11-30,0.0,196.21,196.25,195.99,545.0,10688100.0,195.357
601888.SH,2022-11-30,0.0,195.82,196.2,195.28,896.0,17518700.0,195.361
601888.SH,2022-11-30,0.0,195.31,195.87,195.17,1020.0,19943500.0,195.363
601888.SH,2022-11-30,0.0,195.58,195.58,195.19,385.0,7520730.0,195.363
601888.SH,2022-11-30,0.0,195.6,195.71,195.42,655.0,12809900.0,195.365
601888.SH,2022-11-30,0.0,195.01,195.65,195.01,508.0,9923520.0,195.365
601888.SH,2022-11-30,0.0,195.24,195.24,194.8,1078.0,21004700.0,195.358
601888.SH,2022-11-30,0.0,194.88,195.3,194.88,1920.0,37446500.0,195.348
601888.SH,2022-11-30,0.0,195.18,195.28,194.7,839.0,16361100.0,195.344
601888.SH,2022-11-30,0.0,195.12,195.2,195.1,275.0,5366350.0,195.343
601888.SH,2022-11-30,0.0,194.89,195.1,194.89,671.0,13083300.0,195.34
601888.SH,2022-11-30,0.0,195.1,195.1,194.89,555.0,10823100.0,195.337
601888.SH,2022-11-30,0.0,195.85,195.85,195.2,887.0,17336500.0,195.339
601888.SH,2022-11-30,0.0,195.97,196.0,195.8,556.0,10895700.0,195.344
601888.SH,2022-11-30,0.0,195.5,195.96,195.5,1101.0,21554800.0,195.35
601888.SH,2022-11-30,0.0,196.08,196.08,195.5,792.0,15508200.0,195.355
601888.SH,2022-11-30,0.0,196.18,196.2,195.98,406.0,7962810.0,195.36
601888.SH,2022-11-30,0.0,196.11,196.19,195.97,428.0,8391860.0,195.364
601888.SH,2022-11-30,0.0,195.93,195.98,195.78,340.0,6660470.0,195.366
601888.SH,2022-11-30,0.0,196.2,196.26,195.96,559.0,10965500.0,195.372
601888.SH,2022-11-30,0.0,196.24,196.3,196.16,369.0,7241700.0,195.377
601888.SH,2022-11-30,0.0,195.96,196.24,195.82,328.0,6431780.0,195.38
601888.SH,2022-11-30,0.0,196.01,196.17,195.92,271.0,5311260.0,195.382
601888.SH,2022-11-30,0.0,195.97,196.04,195.94,218.0,4273070.0,195.384
601888.SH,2022-11-30,0.0,195.91,195.95,195.76,280.0,5484290.0,195.385
601888.SH,2022-11-30,0.0,196.0,196.1,196.0,243.0,4763560.0,195.387
601888.SH,2022-11-30,0.0,195.81,196.0,195.8,272.0,5329170.0,195.389
601888.SH,2022-11-30,0.0,195.95,195.96,195.83,161.0,3154300.0,195.39
601888.SH,2022-11-30,0.0,195.91,195.97,195.9,305.0,5976280.0,195.393
601888.SH,2022-11-30,0.0,195.56,195.92,195.56,316.0,6187410.0,195.394
601888.SH,2022-11-30,0.0,195.47,195.55,195.46,277.0,5415670.0,195.395
601888.SH,2022-11-30,0.0,194.95,195.47,194.95,412.0,8039970.0,195.393
601888.SH,2022-11-30,0.0,194.8,194.94,194.68,468.0,9114950.0,195.39
601888.SH,2022-11-30,0.0,194.48,194.85,194.48,494.0,9616090.0,195.385
601888.SH,2022-11-30,0.0,194.76,194.79,194.49,756.0,14711300.0,195.378
601888.SH,2022-11-30,0.0,195.0,195.0,194.76,386.0,7520470.0,195.375
601888.SH,2022-11-30,0.0,195.6,195.6,195.01,310.0,6053450.0,195.375
601888.SH,2022-11-30,0.0,195.7,195.82,195.6,247.0,4833320.0,195.376
601888.SH,2022-11-30,0.0,195.79,195.95,195.72,460.0,9009590.0,195.378
601888.SH,2022-11-30,0.0,195.92,195.94,195.78,144.0,2820670.0,195.379
601888.SH,2022-11-30,0.0,195.61,195.93,195.61,293.0,5736480.0,195.381
601888.SH,2022-11-30,0.0,195.59,195.65,195.58,211.0,4127560.0,195.381
601888.SH,2022-11-30,0.0,195.7,195.91,195.59,287.0,5618420.0,195.383
601888.SH,2022-11-30,0.0,195.79,195.93,195.78,237.0,4640590.0,195.384
601888.SH,2022-11-30,0.0,195.91,195.91,195.78,160.0,3133570.0,195.385
601888.SH,2022-11-30,0.0,195.85,195.94,195.84,240.0,4698890.0,195.386
601888.SH,2022-11-30,0.0,195.83,195.85,195.22,141.0,2760800.0,195.387
601888.SH,2022-11-30,0.0,195.77,195.87,195.5,423.0,8273190.0,195.388
601888.SH,2022-11-30,0.0,195.56,195.79,195.56,196.0,3835020.0,195.388
601888.SH,2022-11-30,0.0,195.68,195.68,195.52,342.0,6687790.0,195.389
601888.SH,2022-11-30,0.0,195.94,195.98,195.67,645.0,12630800.0,195.392
601888.SH,2022-11-30,0.0,195.99,196.0,195.94,314.0,6153990.0,195.395
601888.SH,2022-11-30,0.0,195.99,196.0,195.87,1182.0,23164400.0,195.403
601888.SH,2022-11-30,0.0,196.28,196.3,195.99,819.0,16063900.0,195.41
601888.SH,2022-11-30,0.0,196.14,196.3,196.14,487.0,9557860.0,195.414
601888.SH,2022-11-30,0.0,196.0,196.19,195.97,169.0,3313300.0,195.416
601888.SH,2022-11-30,0.0,195.94,195.97,195.8,240.0,4702050.0,195.417
601888.SH,2022-11-30,0.0,196.23,196.24,195.93,470.0,9212950.0,195.42
601888.SH,2022-11-30,0.0,196.19,196.23,196.18,153.0,3001920.0,195.422
601888.SH,2022-11-30,0.0,195.98,196.19,195.98,159.0,3118360.0,195.423
601888.SH,2022-11-30,0.0,196.11,196.12,195.96,189.0,3705410.0,195.424
601888.SH,2022-11-30,0.0,196.25,196.25,196.11,373.0,7318690.0,195.428
601888.SH,2022-11-30,0.0,196.17,196.27,196.17,239.0,4689670.0,195.43
601888.SH,2022-11-30,0.0,196.22,196.25,196.22,240.0,4710130.0,195.432
601888.SH,2022-11-30,0.0,196.3,196.3,196.22,328.0,6437930.0,195.435
601888.SH,2022-11-30,0.0,196.29,196.3,196.27,230.0,4514760.0,195.437
601888.SH,2022-11-30,0.0,196.28,196.29,196.24,140.0,2747720.0,195.439
601888.SH,2022-11-30,0.0,196.0,196.29,196.0,245.0,4807230.0,195.441
601888.SH,2022-11-30,0.0,195.94,196.02,195.78,209.0,4093750.0,195.442
601888.SH,2022-11-30,0.0,195.83,195.98,195.83,158.0,3094940.0,195.442
601888.SH,2022-11-30,0.0,195.86,195.89,195.8,129.0,2526390.0,195.443
601888.SH,2022-11-30,0.0,196.19,196.19,195.84,371.0,7269390.0,195.445
601888.SH,2022-11-30,0.0,196.25,196.26,196.19,189.0,3708930.0,195.447
601888.SH,2022-11-30,0.0,196.2,196.26,196.2,136.0,2668650.0,195.448
601888.SH,2022-11-30,0.0,196.18,196.21,196.17,232.0,4551580.0,195.45
601888.SH,2022-11-30,0.0,196.18,196.2,196.17,126.0,2471990.0,195.451
601888.SH,2022-11-30,0.0,196.08,196.22,196.08,198.0,3884590.0,195.452
601888.SH,2022-11-30,0.0,196.23,196.23,196.08,127.0,2491790.0,195.453
601888.SH,2022-11-30,0.0,196.22,196.24,196.2,129.0,2531180.0,195.454
601888.SH,2022-11-30,0.0,196.13,196.22,196.13,161.0,3158810.0,195.456
601888.SH,2022-11-30,0.0,196.11,196.19,196.04,267.0,5237390.0,195.458
601888.SH,2022-11-30,0.0,195.93,196.15,195.81,446.0,8737730.0,195.46
601888.SH,2022-11-30,0.0,195.77,195.93,195.49,754.0,14762800.0,195.463
601888.SH,2022-11-30,0.0,195.6,195.77,195.46,376.0,7354390.0,195.463
601888.SH,2022-11-30,0.0,196.13,196.18,195.77,403.0,7906520.0,195.465
601888.SH,2022-11-30,0.0,196.1,196.18,196.1,264.0,5179780.0,195.467
601888.SH,2022-11-30,0.0,196.09,196.13,196.09,186.0,3647540.0,195.469
601888.SH,2022-11-30,0.0,196.28,196.29,196.08,667.0,13078600.0,195.473
601888.SH,2022-11-30,0.0,196.16,196.3,196.16,393.0,7712970.0,195.477
601888.SH,2022-11-30,0.0,196.14,196.2,196.13,207.0,4060370.0,195.478
601888.SH,2022-11-30,0.0,196.35,196.35,196.16,465.0,9126060.0,195.482
601888.SH,2022-11-30,0.0,196.48,196.5,196.34,326.0,6404080.0,195.485
601888.SH,2022-11-30,0.0,196.5,196.5,196.48,339.0,6662940.0,195.489
601888.SH,2022-11-30,0.0,196.87,196.88,196.49,846.0,16636800.0,195.499
601888.SH,2022-11-30,0.0,196.8,196.87,196.78,247.0,4861430.0,195.502
601888.SH,2022-11-30,0.0,196.82,196.87,196.8,198.0,3897460.0,195.505
601888.SH,2022-11-30,0.0,196.79,196.83,196.79,223.0,4388870.0,195.508
601888.SH,2022-11-30,0.0,196.65,196.79,196.6,181.0,3560460.0,195.51
601888.SH,2022-11-30,0.0,197.39,197.39,196.68,2166.0,42664400.0,195.542
601888.SH,2022-11-30,0.0,197.57,197.6,197.39,1212.0,23938700.0,195.565
601888.SH,2022-11-30,0.0,197.2,197.56,197.06,466.0,9194810.0,195.573
601888.SH,2022-11-30,0.0,196.99,197.2,196.94,258.0,5083780.0,195.577
601888.SH,2022-11-30,0.0,197.03,197.03,196.91,356.0,7013190.0,195.581
601888.SH,2022-11-30,0.0,196.94,197.03,196.77,241.0,4746700.0,195.585
601888.SH,2022-11-30,0.0,196.79,196.99,196.74,177.0,3484400.0,195.587
601888.SH,2022-11-30,0.0,196.81,196.85,196.78,105.0,2066540.0,195.588
601888.SH,2022-11-30,0.0,196.85,196.85,196.78,187.0,3684030.0,195.59
601888.SH,2022-11-30,0.0,196.97,196.99,196.84,261.0,5139820.0,195.594
601888.SH,2022-11-30,0.0,196.87,196.99,196.87,250.0,4923610.0,195.597
601888.SH,2022-11-30,0.0,196.8,196.87,196.74,330.0,6491180.0,195.601
601888.SH,2022-11-30,0.0,196.8,196.8,196.76,98.0,1930430.0,195.602
601888.SH,2022-11-30,0.0,196.7,196.8,196.69,243.0,4781490.0,195.604
601888.SH,2022-11-30,0.0,196.67,196.74,196.52,195.0,3834430.0,195.606
601888.SH,2022-11-30,0.0,196.48,196.7,196.48,250.0,4915120.0,195.609
601888.SH,2022-11-30,0.0,196.68,196.69,196.48,228.0,4480140.0,195.611
601888.SH,2022-11-30,0.0,196.8,196.8,196.66,285.0,5601380.0,195.614
601888.SH,2022-11-30,0.0,196.62,196.8,196.56,185.0,3642160.0,195.615
601888.SH,2022-11-30,0.0,196.62,196.66,196.56,127.0,2497110.0,195.617
601888.SH,2022-11-30,0.0,196.26,196.62,196.17,179.0,3516080.0,195.618
601888.SH,2022-11-30,0.0,196.17,196.17,195.91,332.0,6508810.0,195.619
601888.SH,2022-11-30,0.0,196.3,196.3,196.05,174.0,3413620.0,195.62
601888.SH,2022-11-30,0.0,196.43,196.55,196.31,251.0,4930890.0,195.622
601888.SH,2022-11-30,0.0,196.69,196.7,196.43,316.0,6208160.0,195.625
601888.SH,2022-11-30,0.0,196.76,196.79,196.69,295.0,5805920.0,195.628
601888.SH,2022-11-30,0.0,196.56,196.79,196.55,301.0,5919070.0,195.631
601888.SH,2022-11-30,0.0,196.37,196.51,196.36,208.0,4086070.0,195.633
601888.SH,2022-11-30,0.0,196.16,196.36,196.06,294.0,5767150.0,195.634
601888.SH,2022-11-30,0.0,196.32,196.41,196.11,435.0,8539010.0,195.637
601888.SH,2022-11-30,0.0,196.2,196.37,196.17,237.0,4651160.0,195.638
601888.SH,2022-11-30,0.0,196.48,196.5,196.21,379.0,7445160.0,195.641
601888.SH,2022-11-30,0.0,196.28,196.48,196.28,225.0,4417040.0,195.642
601888.SH,2022-11-30,0.0,196.17,196.27,196.17,214.0,4198890.0,195.643
601888.SH,2022-11-30,0.0,195.91,196.17,195.91,391.0,7666070.0,195.645
601888.SH,2022-11-30,0.0,195.77,195.91,195.7,459.0,8992650.0,195.645
601888.SH,2022-11-30,0.0,195.79,195.8,195.61,293.0,5729320.0,195.646
601888.SH,2022-11-30,0.0,195.5,195.6,195.47,454.0,8877700.0,195.645
601888.SH,2022-11-30,0.0,195.49,195.51,195.4,603.0,11785900.0,195.644
601888.SH,2022-11-30,0.0,195.3,195.51,195.12,1039.0,20289800.0,195.641
601888.SH,2022-11-30,0.0,195.37,195.4,195.23,434.0,8468070.0,195.64
601888.SH,2022-11-30,0.0,195.39,195.47,195.38,764.0,14930500.0,195.638
601888.SH,2022-11-30,0.0,195.59,195.6,195.45,152.0,2971590.0,195.638
601888.SH,2022-11-30,0.0,195.51,195.61,195.51,497.0,9719960.0,195.638
601888.SH,2022-11-30,0.0,195.68,195.79,195.48,673.0,13163500.0,195.637
601888.SH,2022-11-30,0.0,195.59,195.68,195.56,308.0,6026520.0,195.637
601888.SH,2022-11-30,0.0,195.6,195.6,195.57,271.0,5300390.0,195.637
601888.SH,2022-11-30,0.0,195.79,195.81,195.58,491.0,9606650.0,195.637
601888.SH,2022-11-30,0.0,195.75,195.79,195.65,322.0,6302650.0,195.637
601888.SH,2022-11-30,0.0,195.65,195.75,195.65,583.0,11408800.0,195.638
601888.SH,2022-11-30,0.0,195.64,195.68,195.61,315.0,6162690.0,195.638
601888.SH,2022-11-30,0.0,195.61,195.61,195.59,264.0,5163620.0,195.638
601888.SH,2022-11-30,0.0,195.67,195.7,195.64,255.0,4989820.0,195.638
601888.SH,2022-11-30,0.0,195.66,195.7,195.56,499.0,9756540.0,195.638
601888.SH,2022-11-30,0.0,195.59,195.66,195.59,167.0,3266740.0,195.638
601888.SH,2022-11-30,0.0,195.59,195.59,195.56,243.0,4752560.0,195.638
601888.SH,2022-11-30,0.0,195.7,195.7,195.58,194.0,3795200.0,195.638
601888.SH,2022-11-30,0.0,195.6,195.72,195.6,1208.0,23639900.0,195.638
601888.SH,2022-11-30,0.0,195.46,195.6,195.46,327.0,6393090.0,195.638
601888.SH,2022-11-30,0.0,194.98,195.4,194.98,558.0,10889000.0,195.636
601888.SH,2022-11-30,0.0,195.26,195.29,194.96,815.0,15892800.0,195.631
601888.SH,2022-11-30,0.0,195.17,195.26,195.17,228.0,4450880.0,195.631
601888.SH,2022-11-30,0.0,195.29,195.29,195.14,548.0,10696200.0,195.629
601888.SH,2022-11-30,0.0,195.21,195.25,195.19,562.0,10970900.0,195.627
601888.SH,2022-11-30,0.0,195.28,195.3,195.0,1042.0,20332600.0,195.623
601888.SH,2022-11-30,0.0,195.69,195.74,195.3,886.0,17336500.0,195.623
601888.SH,2022-11-30,0.0,195.69,195.72,195.69,1071.0,20960800.0,195.623
601888.SH,2022-11-30,0.0,195.7,195.73,195.68,277.0,5420840.0,195.624
601888.SH,2022-11-30,0.0,195.76,195.76,195.67,384.0,7511220.0,195.624
601888.SH,2022-11-30,0.0,196.2,196.2,195.76,825.0,16166000.0,195.626
601888.SH,2022-11-30,0.0,196.19,196.2,196.09,494.0,9688060.0,195.628
601888.SH,2022-11-30,0.0,196.37,196.39,196.2,284.0,5574600.0,195.629
601888.SH,2022-11-30,0.0,196.38,196.47,196.32,658.0,12924200.0,195.633
601888.SH,2022-11-30,0.0,196.23,196.37,196.22,284.0,5577200.0,195.635
601888.SH,2022-11-30,0.0,195.93,196.2,195.93,250.0,4901420.0,195.636
601888.SH,2022-11-30,0.0,195.99,195.99,195.81,313.0,6130900.0,195.636
601888.SH,2022-11-30,0.0,196.02,196.02,195.95,375.0,7349720.0,195.637
601888.SH,2022-11-30,0.0,196.24,196.26,196.02,418.0,8201130.0,195.639
601888.SH,2022-11-30,0.0,196.14,196.26,196.14,326.0,6396560.0,195.64
601888.SH,2022-11-30,0.0,195.97,196.15,195.96,294.0,5764010.0,195.641
601888.SH,2022-11-30,0.0,196.04,196.08,195.95,433.0,8487420.0,195.643
601888.SH,2022-11-30,0.0,196.0,196.06,196.0,291.0,5704730.0,195.643
601888.SH,2022-11-30,0.0,195.98,196.0,195.81,470.0,9200680.0,195.644
601888.SH,2022-11-30,0.0,196.05,196.05,196.01,516.0,10115100.0,195.646
601888.SH,2022-11-30,0.0,196.1,196.17,196.05,479.0,9399220.0,195.648
601888.SH,2022-11-30,0.0,195.97,196.1,195.96,369.0,7233510.0,195.649
601888.SH,2022-11-30,0.0,196.18,196.19,195.95,615.0,12062200.0,195.651
601888.SH,2022-11-30,0.0,196.11,196.18,196.11,352.0,6904720.0,195.652
601888.SH,2022-11-30,0.0,196.17,196.17,196.04,450.0,8820310.0,195.654
601888.SH,2022-11-30,0.0,196.16,196.18,196.15,596.0,11691900.0,195.656
601888.SH,2022-11-30,0.0,196.17,196.19,196.15,595.0,11671700.0,195.658
601888.SH,2022-11-30,0.0,196.26,196.26,196.13,966.0,18951900.0,195.662
601888.SH,2022-11-30,0.0,196.85,196.85,196.25,1627.0,31972500.0,195.672
601888.SH,2022-11-30,0.0,196.93,196.97,196.8,1704.0,33560600.0,195.687
601888.SH,2022-11-30,0.0,196.57,196.91,196.51,730.0,14364700.0,195.692
601888.SH,2022-11-30,0.0,196.71,196.75,196.5,479.0,9418160.0,195.696
601888.SH,2022-11-30,0.0,196.91,196.91,196.55,963.0,18948300.0,195.703
601888.SH,2022-11-30,0.0,196.54,196.97,196.49,582.0,11448000.0,195.707
601888.SH,2022-11-30,0.0,196.62,196.8,196.55,671.0,13185600.0,195.711
601888.SH,2022-11-30,0.0,196.59,196.69,196.58,1296.0,25482000.0,195.719
601888.SH,2022-11-30,0.0,196.74,196.8,196.58,865.0,17007400.0,195.725
601888.SH,2022-11-30,0.0,196.88,196.88,196.74,67.0,1318380.0,195.725
601888.SH,2022-11-30,0.0,196.88,196.88,196.88,0.0,0.0,195.725
601888.SH,2022-11-30,0.0,197.48,197.48,197.48,9259.0,182847008.0,195.828
601888.SH,2022-12-01,0.0,211.0,211.0,211.0,8609.0,181642000.0,211.0
601888.SH,2022-12-01,0.0,213.1,213.15,209.99,20486.0,433030016.0,211.264
601888.SH,2022-12-01,0.0,208.84,213.2,208.0,7666.0,161435008.0,211.123
601888.SH,2022-12-01,0.0,208.0,210.0,207.78,5910.0,123475000.0,210.819
601888.SH,2022-12-01,0.0,206.93,208.0,206.5,3919.0,81219504.0,210.518
601888.SH,2022-12-01,0.0,206.65,207.28,206.58,3395.0,70268400.0,210.278
601888.SH,2022-12-01,0.0,206.8,207.0,206.01,4184.0,86513296.0,210.007
601888.SH,2022-12-01,0.0,206.46,207.0,206.46,3803.0,78644000.0,209.796
601888.SH,2022-12-01,0.0,205.7,206.47,205.58,3226.0,66462000.0,209.597
601888.SH,2022-12-01,0.0,207.51,207.53,205.4,3806.0,78541696.0,209.409
601888.SH,2022-12-01,0.0,207.15,208.0,206.72,6373.0,132154000.0,209.227
601888.SH,2022-12-01,0.0,206.0,207.06,206.0,2967.0,61299700.0,209.122
601888.SH,2022-12-01,0.0,205.47,205.96,205.01,2288.0,47000200.0,209.012
601888.SH,2022-12-01,0.0,207.1,207.1,205.31,2831.0,58344700.0,208.909
601888.SH,2022-12-01,0.0,206.7,207.4,206.51,3295.0,68214400.0,208.834
601888.SH,2022-12-01,0.0,207.35,207.38,206.69,1692.0,35046800.0,208.799
601888.SH,2022-12-01,0.0,206.3,207.35,206.3,1988.0,41164100.0,208.76
601888.SH,2022-12-01,0.0,205.82,206.49,205.8,1844.0,37989500.0,208.702
601888.SH,2022-12-01,0.0,207.11,207.22,205.89,2361.0,48793000.0,208.649
601888.SH,2022-12-01,0.0,206.87,207.22,206.51,2390.0,49471500.0,208.606
601888.SH,2022-12-01,0.0,205.0,207.04,205.0,3056.0,62961000.0,208.524
601888.SH,2022-12-01,0.0,203.0,204.88,202.81,4226.0,86024496.0,208.314
601888.SH,2022-12-01,0.0,203.81,203.81,202.76,2089.0,42420500.0,208.207
601888.SH,2022-12-01,0.0,203.54,203.83,203.5,1717.0,34963800.0,208.131
601888.SH,2022-12-01,0.0,202.6,203.67,202.58,2056.0,41788600.0,208.037
601888.SH,2022-12-01,0.0,202.0,202.58,202.0,3966.0,80184896.0,207.826
601888.SH,2022-12-01,0.0,202.62,202.62,201.89,2424.0,48992100.0,207.703
601888.SH,2022-12-01,0.0,201.58,202.73,201.58,2863.0,57894800.0,207.567
601888.SH,2022-12-01,0.0,201.5,201.6,201.13,2595.0,52267600.0,207.431
601888.SH,2022-12-01,0.0,202.05,202.05,201.35,1959.0,39513500.0,207.338
601888.SH,2022-12-01,0.0,202.83,202.9,202.3,1344.0,27221700.0,207.285
601888.SH,2022-12-01,0.0,203.47,203.47,202.42,1281.0,26004100.0,207.24
601888.SH,2022-12-01,0.0,203.27,203.55,202.97,1828.0,37182600.0,207.184
601888.SH,2022-12-01,0.0,204.21,204.21,203.02,1318.0,26840000.0,207.146
601888.SH,2022-12-01,0.0,205.32,205.41,204.3,1758.0,36061700.0,207.118
601888.SH,2022-12-01,0.0,205.07,205.29,204.99,1411.0,28948100.0,207.096
601888.SH,2022-12-01,0.0,205.49,205.49,204.52,1801.0,36955500.0,207.07
601888.SH,2022-12-01,0.0,204.49,205.55,204.47,1055.0,21643700.0,207.055
601888.SH,2022-12-01,0.0,204.55,204.55,204.19,606.0,12384900.0,207.042
601888.SH,2022-12-01,0.0,204.92,204.98,204.52,455.0,9322740.0,207.035
601888.SH,2022-12-01,0.0,204.9,204.98,204.66,592.0,12129400.0,207.025
601888.SH,2022-12-01,0.0,204.3,204.9,204.3,385.0,7874630.0,207.018
601888.SH,2022-12-01,0.0,204.61,204.66,204.01,1049.0,21433400.0,206.997
601888.SH,2022-12-01,0.0,204.0,204.6,204.0,388.0,7921800.0,206.989
601888.SH,2022-12-01,0.0,204.41,204.41,203.89,1304.0,26607000.0,206.961
601888.SH,2022-12-01,0.0,204.0,204.48,203.89,722.0,14741200.0,206.947
601888.SH,2022-12-01,0.0,204.08,204.08,203.9,813.0,16588500.0,206.929
601888.SH,2022-12-01,0.0,204.2,204.2,204.06,586.0,11965600.0,206.917
601888.SH,2022-12-01,0.0,204.3,204.4,204.08,774.0,15811800.0,206.903
601888.SH,2022-12-01,0.0,204.32,204.55,204.3,1009.0,20628700.0,206.885
601888.SH,2022-12-01,0.0,203.6,204.25,203.53,389.0,7933570.0,206.877
601888.SH,2022-12-01,0.0,202.9,203.6,202.9,809.0,16432300.0,206.856
601888.SH,2022-12-01,0.0,203.0,203.01,202.88,677.0,13742500.0,206.837
601888.SH,2022-12-01,0.0,202.8,203.0,202.68,685.0,13894900.0,206.818
601888.SH,2022-12-01,0.0,202.8,203.0,202.71,660.0,13383900.0,206.8
601888.SH,2022-12-01,0.0,203.0,203.0,202.79,608.0,12332700.0,206.783
601888.SH,2022-12-01,0.0,202.68,203.0,202.68,500.0,10139800.0,206.769
601888.SH,2022-12-01,0.0,201.8,202.67,201.8,1073.0,21697000.0,206.736
601888.SH,2022-12-01,0.0,201.73,201.99,201.68,1170.0,23613900.0,206.697
601888.SH,2022-12-01,0.0,202.17,202.23,201.73,813.0,16413000.0,206.67
601888.SH,2022-12-01,0.0,202.01,202.25,202.01,645.0,13041500.0,206.651
601888.SH,2022-12-01,0.0,202.83,202.83,202.18,786.0,15904100.0,206.628
601888.SH,2022-12-01,0.0,203.01,203.01,202.83,392.0,7956380.0,206.618
601888.SH,2022-12-01,0.0,202.5,203.17,202.5,591.0,11985600.0,206.603
601888.SH,2022-12-01,0.0,202.47,202.49,202.43,831.0,16819000.0,206.58
601888.SH,2022-12-01,0.0,202.45,202.48,202.4,902.0,18255000.0,206.556
601888.SH,2022-12-01,0.0,202.45,202.48,202.43,879.0,17795800.0,206.532
601888.SH,2022-12-01,0.0,202.98,203.03,202.43,439.0,8894740.0,206.521
601888.SH,2022-12-01,0.0,202.71,203.0,202.71,492.0,9984960.0,206.51
601888.SH,2022-12-01,0.0,202.56,202.78,202.5,333.0,6747900.0,206.502
601888.SH,2022-12-01,0.0,202.51,202.56,202.51,279.0,5650660.0,206.494
601888.SH,2022-12-01,0.0,202.55,202.56,202.52,334.0,6764920.0,206.486
601888.SH,2022-12-01,0.0,202.5,202.56,202.5,535.0,10835800.0,206.472
601888.SH,2022-12-01,0.0,202.58,202.58,202.49,764.0,15472800.0,206.453
601888.SH,2022-12-01,0.0,203.06,203.06,202.55,519.0,10526300.0,206.441
601888.SH,2022-12-01,0.0,203.44,203.5,203.03,268.0,5447460.0,206.435
601888.SH,2022-12-01,0.0,203.7,203.77,203.3,342.0,6963220.0,206.429
601888.SH,2022-12-01,0.0,204.0,204.01,203.8,591.0,12054200.0,206.42
601888.SH,2022-12-01,0.0,203.91,204.23,203.74,524.0,10693500.0,206.412
601888.SH,2022-12-01,0.0,204.03,204.04,203.82,502.0,10236300.0,206.404
601888.SH,2022-12-01,0.0,204.3,204.36,204.04,331.0,6757380.0,206.399
601888.SH,2022-12-01,0.0,204.07,204.2,203.95,303.0,6184040.0,206.395
601888.SH,2022-12-01,0.0,203.68,204.06,203.51,473.0,9638390.0,206.387
601888.SH,2022-12-01,0.0,203.66,203.98,203.66,455.0,9276990.0,206.38
601888.SH,2022-12-01,0.0,204.0,204.0,203.66,189.0,3853430.0,206.377
601888.SH,2022-12-01,0.0,203.68,204.0,203.55,462.0,9413160.0,206.369
601888.SH,2022-12-01,0.0,203.21,203.71,203.05,310.0,6304160.0,206.363
601888.SH,2022-12-01,0.0,203.11,203.23,203.11,175.0,3555070.0,206.36
601888.SH,2022-12-01,0.0,202.99,203.15,202.98,246.0,4995460.0,206.355
601888.SH,2022-12-01,0.0,202.99,203.0,202.98,192.0,3906660.0,206.351
601888.SH,2022-12-01,0.0,203.11,203.14,203.0,222.0,4507480.0,206.346
601888.SH,2022-12-01,0.0,202.92,203.14,202.92,232.0,4700640.0,206.342
601888.SH,2022-12-01,0.0,202.9,202.92,202.56,266.0,5393320.0,206.336
601888.SH,2022-12-01,0.0,202.71,202.85,202.71,147.0,2980680.0,206.333
601888.SH,2022-12-01,0.0,203.0,203.08,202.72,193.0,3916770.0,206.329
601888.SH,2022-12-01,0.0,203.59,203.88,203.08,202.0,4098660.0,206.325
601888.SH,2022-12-01,0.0,203.59,203.86,203.38,323.0,6575540.0,206.32
601888.SH,2022-12-01,0.0,203.68,203.97,203.55,276.0,5620140.0,206.315
601888.SH,2022-12-01,0.0,203.93,203.97,203.67,369.0,7523830.0,206.31
601888.SH,2022-12-01,0.0,203.99,204.07,203.7,618.0,12605700.0,206.301
601888.SH,2022-12-01,0.0,203.99,204.07,203.82,379.0,7729960.0,206.295
601888.SH,2022-12-01,0.0,203.94,204.0,203.8,579.0,11806000.0,206.287
601888.SH,2022-12-01,0.0,203.73,203.94,203.69,225.0,4584960.0,206.284
601888.SH,2022-12-01,0.0,202.97,203.75,202.97,482.0,9813570.0,206.275
601888.SH,2022-12-01,0.0,202.81,202.95,202.81,174.0,3529950.0,206.272
601888.SH,2022-12-01,0.0,202.74,202.83,202.74,225.0,4554850.0,206.267
601888.SH,2022-12-01,0.0,202.61,202.75,202.57,227.0,4599780.0,206.262
601888.SH,2022-12-01,0.0,201.98,202.61,201.98,1001.0,20235100.0,206.238
601888.SH,2022-12-01,0.0,201.65,201.98,201.65,422.0,8513560.0,206.226
601888.SH,2022-12-01,0.0,201.25,201.65,201.19,728.0,14657400.0,206.205
601888.SH,2022-12-01,0.0,201.11,201.25,201.1,560.0,11264600.0,206.189
601888.SH,2022-12-01,0.0,201.21,201.21,200.8,1261.0,25346800.0,206.151
601888.SH,2022-12-01,0.0,201.99,201.99,201.21,546.0,10999100.0,206.136
601888.SH,2022-12-01,0.0,201.99,202.03,201.84,357.0,7209190.0,206.127
601888.SH,2022-12-01,0.0,201.58,202.0,201.58,334.0,6738210.0,206.118
601888.SH,2022-12-01,0.0,200.98,201.58,200.82,554.0,11141300.0,206.102
601888.SH,2022-12-01,0.0,201.31,201.31,200.97,381.0,7660590.0,206.091
601888.SH,2022-12-01,0.0,201.63,201.7,201.33,600.0,12087600.0,206.075
601888.SH,2022-12-01,0.0,201.98,201.99,201.7,269.0,5429080.0,206.069
601888.SH,2022-12-01,0.0,201.71,201.99,201.57,508.0,10250200.0,206.056
601888.SH,2022-12-01,0.0,201.39,201.79,201.33,465.0,9375520.0,206.044
601888.SH,2022-12-01,0.0,204.0,204.38,202.2,2388.0,48513800.0,206.006
601888.SH,2022-12-01,0.0,203.51,204.01,203.08,889.0,18090300.0,205.993
601888.SH,2022-12-01,0.0,203.04,203.53,203.0,497.0,10096000.0,205.985
601888.SH,2022-12-01,0.0,203.0,203.48,203.0,417.0,8470680.0,205.979
601888.SH,2022-12-01,0.0,203.6,203.6,202.99,729.0,14802400.0,205.967
601888.SH,2022-12-01,0.0,203.28,203.77,203.0,467.0,9497920.0,205.961
601888.SH,2022-12-01,0.0,203.14,203.3,203.0,392.0,7962200.0,205.955
601888.SH,2022-12-01,0.0,203.15,203.2,203.0,451.0,9158340.0,205.947
601888.SH,2022-12-01,0.0,203.02,203.15,203.02,319.0,6487320.0,205.942
601888.SH,2022-12-01,0.0,203.12,203.2,203.0,469.0,9523370.0,205.935
601888.SH,2022-12-01,0.0,203.08,203.26,203.08,357.0,7252250.0,205.929
601888.SH,2022-12-01,0.0,202.8,203.09,202.18,455.0,9213600.0,205.921
601888.SH,2022-12-01,0.0,203.04,203.08,202.8,425.0,8625310.0,205.915
601888.SH,2022-12-01,0.0,203.1,203.1,203.0,254.0,5157220.0,205.911
601888.SH,2022-12-01,0.0,203.08,203.19,203.0,448.0,9098370.0,205.904
601888.SH,2022-12-01,0.0,203.66,203.82,203.06,482.0,9802610.0,205.897
601888.SH,2022-12-01,0.0,203.79,204.0,203.24,695.0,14161300.0,205.889
601888.SH,2022-12-01,0.0,203.7,203.95,203.68,360.0,7334460.0,205.885
601888.SH,2022-12-01,0.0,203.63,203.7,203.6,253.0,5152220.0,205.882
601888.SH,2022-12-01,0.0,203.1,203.61,203.03,337.0,6853040.0,205.877
601888.SH,2022-12-01,0.0,203.03,203.11,203.01,272.0,5522570.0,205.873
601888.SH,2022-12-01,0.0,202.99,203.02,202.98,272.0,5521500.0,205.869
601888.SH,2022-12-01,0.0,203.61,203.63,202.98,444.0,9024640.0,205.863
601888.SH,2022-12-01,0.0,203.6,203.61,203.22,324.0,6592840.0,205.859
601888.SH,2022-12-01,0.0,203.87,203.96,203.62,346.0,7051680.0,205.855
601888.SH,2022-12-01,0.0,203.82,203.9,203.81,299.0,6095550.0,205.852
601888.SH,2022-12-01,0.0,203.84,203.98,203.76,290.0,5910800.0,205.849
601888.SH,2022-12-01,0.0,203.35,203.85,203.33,238.0,4848030.0,205.846
601888.SH,2022-12-01,0.0,203.5,203.6,203.4,298.0,6063900.0,205.842
601888.SH,2022-12-01,0.0,203.86,203.86,203.49,325.0,6619200.0,205.838
601888.SH,2022-12-01,0.0,203.61,203.88,203.61,341.0,6948520.0,205.835
601888.SH,2022-12-01,0.0,203.74,203.88,203.6,355.0,7231670.0,205.831
601888.SH,2022-12-01,0.0,203.75,203.75,203.69,191.0,3891220.0,205.829
601888.SH,2022-12-01,0.0,203.85,203.87,203.72,231.0,4707180.0,205.826
601888.SH,2022-12-01,0.0,203.97,203.97,203.81,382.0,7787450.0,205.822
601888.SH,2022-12-01,0.0,203.96,203.98,203.93,260.0,5302750.0,205.82
601888.SH,2022-12-01,0.0,204.05,204.1,203.92,669.0,13646900.0,205.813
601888.SH,2022-12-01,0.0,203.95,204.04,203.93,370.0,7547920.0,205.81
601888.SH,2022-12-01,0.0,203.77,203.99,203.74,341.0,6952550.0,205.806
601888.SH,2022-12-01,0.0,203.9,203.9,203.74,452.0,9214310.0,205.802
601888.SH,2022-12-01,0.0,203.68,203.94,203.64,343.0,6989320.0,205.798
601888.SH,2022-12-01,0.0,203.9,203.94,203.68,762.0,15529400.0,205.79
601888.SH,2022-12-01,0.0,203.99,204.13,203.98,1048.0,21379800.0,205.781
601888.SH,2022-12-01,0.0,204.18,204.18,203.99,997.0,20350200.0,205.772
601888.SH,2022-12-01,0.0,204.32,204.33,204.14,898.0,18336400.0,205.765
601888.SH,2022-12-01,0.0,204.32,204.33,204.22,643.0,13136700.0,205.76
601888.SH,2022-12-01,0.0,204.4,204.4,204.3,402.0,8214990.0,205.757
601888.SH,2022-12-01,0.0,204.41,204.43,204.38,356.0,7277100.0,205.755
601888.SH,2022-12-01,0.0,204.18,204.41,204.18,500.0,10216100.0,205.751
601888.SH,2022-12-01,0.0,204.03,204.22,204.01,435.0,8877120.0,205.748
601888.SH,2022-12-01,0.0,204.06,204.08,204.03,512.0,10441200.0,205.743
601888.SH,2022-12-01,0.0,203.99,204.07,203.99,443.0,9038650.0,205.74
601888.SH,2022-12-01,0.0,203.97,204.0,203.97,293.0,5976700.0,205.737
601888.SH,2022-12-01,0.0,203.95,203.97,203.94,272.0,5547500.0,205.735
601888.SH,2022-12-01,0.0,203.94,203.95,203.93,242.0,4935360.0,205.732
601888.SH,2022-12-01,0.0,203.84,203.95,203.77,416.0,8481100.0,205.729
601888.SH,2022-12-01,0.0,203.73,203.84,203.72,255.0,5196020.0,205.726
601888.SH,2022-12-01,0.0,203.68,203.75,203.68,333.0,6783380.0,205.723
601888.SH,2022-12-01,0.0,203.71,203.75,203.64,674.0,13730000.0,205.716
601888.SH,2022-12-01,0.0,203.89,203.94,203.7,314.0,6400990.0,205.713
601888.SH,2022-12-01,0.0,203.77,203.99,203.69,772.0,15737100.0,205.706
601888.SH,2022-12-01,0.0,203.96,203.97,203.77,423.0,8631200.0,205.702
601888.SH,2022-12-01,0.0,204.6,204.6,203.96,1345.0,27467800.0,205.693
601888.SH,2022-12-01,0.0,204.49,204.61,204.48,529.0,10819700.0,205.69
601888.SH,2022-12-01,0.0,204.4,204.49,204.4,554.0,11326200.0,205.686
601888.SH,2022-12-01,0.0,204.34,204.4,204.32,492.0,10054200.0,205.683
601888.SH,2022-12-01,0.0,204.56,204.56,204.32,1006.0,20563300.0,205.677
601888.SH,2022-12-01,0.0,204.52,204.55,204.52,481.0,9838450.0,205.674
601888.SH,2022-12-01,0.0,204.5,204.54,204.46,688.0,14070900.0,205.671
601888.SH,2022-12-01,0.0,204.37,204.46,204.37,507.0,10363700.0,205.667
601888.SH,2022-12-01,0.0,204.33,204.38,204.31,491.0,10033200.0,205.664
601888.SH,2022-12-01,0.0,204.1,204.33,204.01,459.0,9375060.0,205.661
601888.SH,2022-12-01,0.0,204.03,204.09,204.01,493.0,10058700.0,205.658
601888.SH,2022-12-01,0.0,204.05,204.06,204.03,418.0,8528840.0,205.654
601888.SH,2022-12-01,0.0,204.05,204.1,204.05,492.0,10040000.0,205.651
601888.SH,2022-12-01,0.0,204.25,204.25,204.0,633.0,12918100.0,205.646
601888.SH,2022-12-01,0.0,204.25,204.29,204.23,453.0,9252990.0,205.643
601888.SH,2022-12-01,0.0,204.22,204.25,204.22,427.0,8720570.0,205.64
601888.SH,2022-12-01,0.0,204.19,204.22,204.18,330.0,6738590.0,205.638
601888.SH,2022-12-01,0.0,203.99,204.21,203.98,520.0,10611900.0,205.634
601888.SH,2022-12-01,0.0,203.95,203.99,203.92,321.0,6549180.0,205.632
601888.SH,2022-12-01,0.0,203.91,203.95,203.9,186.0,3790750.0,205.63
601888.SH,2022-12-01,0.0,203.99,204.0,203.92,423.0,8630200.0,205.627
601888.SH,2022-12-01,0.0,204.2,204.21,203.99,1043.0,21281200.0,205.619
601888.SH,2022-12-01,0.0,204.2,204.22,204.2,354.0,7228750.0,205.617
601888.SH,2022-12-01,0.0,204.21,204.22,204.2,372.0,7596710.0,205.615
601888.SH,2022-12-01,0.0,204.21,204.23,204.2,388.0,7923680.0,205.612
601888.SH,2022-12-01,0.0,204.17,204.22,204.17,285.0,5819900.0,205.61
601888.SH,2022-12-01,0.0,204.05,204.19,203.97,441.0,9000140.0,205.607
601888.SH,2022-12-01,0.0,204.03,204.18,204.0,420.0,8571430.0,205.604
601888.SH,2022-12-01,0.0,204.13,204.15,204.0,457.0,9326160.0,205.601
601888.SH,2022-12-01,0.0,203.99,204.15,203.99,977.0,19940700.0,205.594
601888.SH,2022-12-01,0.0,204.08,204.08,203.96,287.0,5854990.0,205.592
601888.SH,2022-12-01,0.0,204.03,204.08,204.02,456.0,9304800.0,205.589
601888.SH,2022-12-01,0.0,203.97,204.02,203.97,377.0,7690510.0,205.586
601888.SH,2022-12-01,0.0,203.97,203.98,203.93,347.0,7077400.0,205.584
601888.SH,2022-12-01,0.0,203.94,203.97,203.93,319.0,6505890.0,205.581
601888.SH,2022-12-01,0.0,203.9,203.94,203.89,478.0,9747070.0,205.578
601888.SH,2022-12-01,0.0,203.78,203.89,203.67,442.0,9007190.0,205.574
601888.SH,2022-12-01,0.0,203.55,203.74,203.34,774.0,15753200.0,205.567
601888.SH,2022-12-01,0.0,203.66,203.75,203.37,674.0,13724600.0,205.561
601888.SH,2022-12-01,0.0,203.52,203.65,203.46,620.0,12619700.0,205.556
601888.SH,2022-12-01,0.0,203.48,203.55,203.48,594.0,12088100.0,205.55
601888.SH,2022-12-01,0.0,203.37,203.48,203.37,446.0,9072700.0,205.546
601888.SH,2022-12-01,0.0,203.27,203.33,203.03,802.0,16298400.0,205.538
601888.SH,2022-12-01,0.0,204.12,204.12,203.3,2275.0,46350600.0,205.52
601888.SH,2022-12-01,0.0,204.31,204.32,204.13,1513.0,30898000.0,205.511
601888.SH,2022-12-01,0.0,204.19,204.39,204.18,782.0,15973900.0,205.507
601888.SH,2022-12-01,0.0,204.25,204.25,204.15,1141.0,23306300.0,205.501
601888.SH,2022-12-01,0.0,204.21,204.4,204.21,719.0,14690100.0,205.497
601888.SH,2022-12-01,0.0,204.19,204.24,204.15,596.0,12179000.0,205.494
601888.SH,2022-12-01,0.0,204.18,204.19,204.14,1085.0,22156200.0,205.488
601888.SH,2022-12-01,0.0,204.25,204.25,204.17,910.0,18584400.0,205.483
601888.SH,2022-12-01,0.0,203.9,204.24,203.9,631.0,12879300.0,205.479
601888.SH,2022-12-01,0.0,203.92,203.99,203.91,431.0,8789850.0,205.476
601888.SH,2022-12-01,0.0,203.92,203.94,203.9,863.0,17601400.0,205.471
601888.SH,2022-12-01,0.0,203.53,204.0,203.52,557.0,11351200.0,205.467
601888.SH,2022-12-01,0.0,203.52,203.52,203.52,6.0,122116.0,205.467
601888.SH,2022-12-01,0.0,203.52,203.52,203.52,0.0,0.0,205.467
601888.SH,2022-12-01,0.0,204.0,204.0,204.0,2749.0,56079600.0,205.45
601888.SH,2022-12-02,0.0,203.84,203.84,203.84,874.0,17815600.0,203.84
601888.SH,2022-12-02,0.0,203.75,203.89,202.81,1845.0,37493700.0,203.435
601888.SH,2022-12-02,0.0,202.5,203.7,202.46,1329.0,27005200.0,203.358
601888.SH,2022-12-02,0.0,203.43,203.43,202.48,1183.0,23989000.0,203.227
601888.SH,2022-12-02,0.0,203.7,203.76,203.31,873.0,17765300.0,203.266
601888.SH,2022-12-02,0.0,204.13,204.18,203.71,761.0,15519800.0,203.339
601888.SH,2022-12-02,0.0,204.44,204.79,204.29,1720.0,35160100.0,203.556
601888.SH,2022-12-02,0.0,203.6,204.44,203.47,928.0,18917600.0,203.585
601888.SH,2022-12-02,0.0,203.69,203.96,203.67,533.0,10863200.0,203.597
601888.SH,2022-12-02,0.0,204.07,204.41,203.69,1610.0,32838400.0,203.648
601888.SH,2022-12-02,0.0,204.4,204.4,203.69,1184.0,24155200.0,203.681
601888.SH,2022-12-02,0.0,204.03,204.6,204.03,993.0,20297100.0,203.737
601888.SH,2022-12-02,0.0,202.72,204.04,202.72,754.0,15342700.0,203.724
601888.SH,2022-12-02,0.0,203.02,203.46,203.02,899.0,18260200.0,203.689
601888.SH,2022-12-02,0.0,202.84,203.45,202.81,752.0,15266500.0,203.658
601888.SH,2022-12-02,0.0,202.29,202.85,202.2,1005.0,20360300.0,203.595
601888.SH,2022-12-02,0.0,203.0,203.0,202.2,990.0,20068600.0,203.548
601888.SH,2022-12-02,0.0,202.9,203.0,202.67,838.0,17001300.0,203.521
601888.SH,2022-12-02,0.0,202.82,203.2,202.76,791.0,16058000.0,203.5
601888.SH,2022-12-02,0.0,203.03,203.33,202.64,1802.0,36554800.0,203.447
601888.SH,2022-12-02,0.0,202.55,203.68,202.55,658.0,13364700.0,203.437
601888.SH,2022-12-02,0.0,202.28,202.57,202.25,976.0,19756400.0,203.394
601888.SH,2022-12-02,0.0,201.86,202.6,201.32,2116.0,42750600.0,203.281
601888.SH,2022-12-02,0.0,202.54,202.54,201.62,1087.0,21972600.0,203.234
601888.SH,2022-12-02,0.0,203.03,203.34,202.75,698.0,14169100.0,203.228
601888.SH,2022-12-02,0.0,203.04,203.4,203.02,351.0,7135750.0,203.229
601888.SH,2022-12-02,0.0,203.95,203.95,203.33,692.0,14090400.0,203.239
601888.SH,2022-12-02,0.0,203.35,203.9,203.35,466.0,9488160.0,203.245
601888.SH,2022-12-02,0.0,203.49,203.91,203.25,431.0,8775760.0,203.25
601888.SH,2022-12-02,0.0,203.26,203.51,203.26,655.0,13326900.0,203.255
601888.SH,2022-12-02,0.0,202.95,203.25,202.95,358.0,7269960.0,203.253
601888.SH,2022-12-02,0.0,203.29,203.5,202.95,849.0,17245500.0,203.249
601888.SH,2022-12-02,0.0,202.57,203.24,202.5,429.0,8707760.0,203.246
601888.SH,2022-12-02,0.0,202.55,202.85,202.09,750.0,15178800.0,203.225
601888.SH,2022-12-02,0.0,203.23,203.37,202.6,723.0,14669000.0,203.218
601888.SH,2022-12-02,0.0,202.88,203.34,202.82,460.0,9342830.0,203.217
601888.SH,2022-12-02,0.0,202.65,202.88,202.59,507.0,10278300.0,203.209
601888.SH,2022-12-02,0.0,202.19,202.69,202.19,466.0,9433090.0,203.199
601888.SH,2022-12-02,0.0,202.23,202.64,202.23,502.0,10155500.0,203.186
601888.SH,2022-12-02,0.0,202.63,202.68,202.25,504.0,10206000.0,203.176
601888.SH,2022-12-02,0.0,202.22,202.57,202.21,524.0,10603800.0,203.164
601888.SH,2022-12-02,0.0,202.08,202.3,202.08,578.0,11687400.0,203.149
601888.SH,2022-12-02,0.0,201.8,202.24,201.8,943.0,19049300.0,203.12
601888.SH,2022-12-02,0.0,201.44,201.8,201.2,746.0,15030300.0,203.088
601888.SH,2022-12-02,0.0,201.5,201.66,201.0,2499.0,50283200.0,202.973
601888.SH,2022-12-02,0.0,201.5,201.61,201.5,556.0,11204100.0,202.953
601888.SH,2022-12-02,0.0,202.18,202.23,201.47,344.0,6943830.0,202.944
601888.SH,2022-12-02,0.0,201.76,202.18,201.69,395.0,7979000.0,202.935
601888.SH,2022-12-02,0.0,201.72,201.9,201.72,347.0,7001810.0,202.925
601888.SH,2022-12-02,0.0,201.68,202.0,201.66,404.0,8151920.0,202.915
601888.SH,2022-12-02,0.0,201.46,201.68,201.46,280.0,5643340.0,202.906
601888.SH,2022-12-02,0.0,201.35,201.5,201.35,364.0,7331830.0,202.893
601888.SH,2022-12-02,0.0,201.13,201.47,201.1,601.0,12094400.0,202.871
601888.SH,2022-12-02,0.0,200.95,201.12,200.95,731.0,14694900.0,202.841
601888.SH,2022-12-02,0.0,200.81,200.96,200.8,527.0,10586900.0,202.818
601888.SH,2022-12-02,0.0,200.6,200.85,200.5,948.0,19028000.0,202.775
601888.SH,2022-12-02,0.0,200.3,200.55,200.2,927.0,18577000.0,202.728
601888.SH,2022-12-02,0.0,200.4,200.5,200.24,1074.0,21521300.0,202.676
601888.SH,2022-12-02,0.0,201.17,201.17,200.61,1058.0,21255700.0,202.638
601888.SH,2022-12-02,0.0,200.71,201.17,200.55,412.0,8272420.0,202.622
601888.SH,2022-12-02,0.0,200.66,201.0,200.66,738.0,14814800.0,202.595
601888.SH,2022-12-02,0.0,201.0,201.3,200.51,484.0,9727250.0,202.579
601888.SH,2022-12-02,0.0,200.8,201.17,200.8,384.0,7717720.0,202.567
601888.SH,2022-12-02,0.0,200.62,200.9,200.61,387.0,7765700.0,202.553
601888.SH,2022-12-02,0.0,200.65,201.05,200.56,534.0,10716500.0,202.534
601888.SH,2022-12-02,0.0,200.6,200.9,200.6,261.0,5239390.0,202.525
601888.SH,2022-12-02,0.0,200.8,201.2,200.63,767.0,15413000.0,202.502
601888.SH,2022-12-02,0.0,200.63,200.81,200.63,379.0,7607370.0,202.49
601888.SH,2022-12-02,0.0,201.23,201.25,200.61,396.0,7954740.0,202.478
601888.SH,2022-12-02,0.0,201.42,201.56,201.25,483.0,9726060.0,202.468
601888.SH,2022-12-02,0.0,201.2,201.48,201.2,447.0,9001180.0,202.459
601888.SH,2022-12-02,0.0,200.75,201.19,200.75,293.0,5887160.0,202.451
601888.SH,2022-12-02,0.0,200.71,200.78,200.71,376.0,7547860.0,202.439
601888.SH,2022-12-02,0.0,200.38,200.68,200.38,540.0,10826500.0,202.421
601888.SH,2022-12-02,0.0,200.21,200.38,200.18,508.0,10174400.0,202.401
601888.SH,2022-12-02,0.0,200.15,200.2,200.11,515.0,10307400.0,202.381
601888.SH,2022-12-02,0.0,200.08,200.18,200.06,584.0,11685900.0,202.358
601888.SH,2022-12-02,0.0,199.93,200.08,199.9,1710.0,34199200.0,202.29
601888.SH,2022-12-02,0.0,199.7,199.9,199.2,788.0,15741400.0,202.257
601888.SH,2022-12-02,0.0,199.59,199.76,199.52,643.0,12828800.0,202.229
601888.SH,2022-12-02,0.0,199.61,199.7,199.5,558.0,11134300.0,202.205
601888.SH,2022-12-02,0.0,199.75,199.9,199.58,461.0,9197470.0,202.186
601888.SH,2022-12-02,0.0,200.04,200.04,199.73,463.0,9256920.0,202.169
601888.SH,2022-12-02,0.0,199.99,200.07,199.96,531.0,10621300.0,202.151
601888.SH,2022-12-02,0.0,199.99,200.18,199.75,465.0,9292620.0,202.135
601888.SH,2022-12-02,0.0,199.95,200.13,199.86,224.0,4480480.0,202.128
601888.SH,2022-12-02,0.0,199.55,199.99,199.55,499.0,9973030.0,202.11
601888.SH,2022-12-02,0.0,199.41,199.5,199.28,495.0,9870110.0,202.089
601888.SH,2022-12-02,0.0,200.01,200.01,199.5,391.0,7811800.0,202.075
601888.SH,2022-12-02,0.0,200.15,200.2,200.01,307.0,6143840.0,202.066
601888.SH,2022-12-02,0.0,200.17,200.28,200.15,272.0,5445210.0,202.058
601888.SH,2022-12-02,0.0,199.79,200.17,199.75,311.0,6217870.0,202.048
601888.SH,2022-12-02,0.0,200.29,200.3,199.82,384.0,7678850.0,202.036
601888.SH,2022-12-02,0.0,200.7,200.71,200.29,585.0,11726900.0,202.022
601888.SH,2022-12-02,0.0,201.2,201.5,200.42,987.0,19856900.0,202.009
601888.SH,2022-12-02,0.0,201.17,201.25,201.0,764.0,15356100.0,202.0
601888.SH,2022-12-02,0.0,200.73,201.18,200.73,525.0,10564100.0,201.993
601888.SH,2022-12-02,0.0,200.91,200.99,200.71,332.0,6666410.0,201.987
601888.SH,2022-12-02,0.0,200.76,200.99,200.72,362.0,7272630.0,201.982
601888.SH,2022-12-02,0.0,200.6,200.76,200.53,203.0,4073000.0,201.978
601888.SH,2022-12-02,0.0,200.33,200.6,200.31,204.0,4088610.0,201.973
601888.SH,2022-12-02,0.0,200.15,200.34,200.01,296.0,5924250.0,201.965
601888.SH,2022-12-02,0.0,200.32,200.32,200.01,361.0,7225930.0,201.956
601888.SH,2022-12-02,0.0,200.01,200.5,200.0,586.0,11738900.0,201.943
601888.SH,2022-12-02,0.0,199.69,199.98,199.5,537.0,10724000.0,201.926
601888.SH,2022-12-02,0.0,199.96,200.29,199.7,642.0,12830500.0,201.908
601888.SH,2022-12-02,0.0,200.81,200.81,199.96,216.0,4327080.0,201.903
601888.SH,2022-12-02,0.0,200.84,201.17,200.83,373.0,7494720.0,201.898
601888.SH,2022-12-02,0.0,200.84,201.0,200.8,139.0,2791780.0,201.896
601888.SH,2022-12-02,0.0,200.64,200.94,200.52,311.0,6240080.0,201.891
601888.SH,2022-12-02,0.0,200.86,200.99,200.57,197.0,3953540.0,201.888
601888.SH,2022-12-02,0.0,200.31,200.82,200.21,255.0,5112280.0,201.883
601888.SH,2022-12-02,0.0,200.28,200.79,200.25,238.0,4768130.0,201.878
601888.SH,2022-12-02,0.0,200.77,200.86,200.26,417.0,8368470.0,201.871
601888.SH,2022-12-02,0.0,200.82,200.9,200.74,145.0,2912000.0,201.869
601888.SH,2022-12-02,0.0,200.6,200.77,200.44,211.0,4233800.0,201.866
601888.SH,2022-12-02,0.0,200.41,200.6,200.4,151.0,3027040.0,201.863
601888.SH,2022-12-02,0.0,200.21,200.4,200.21,122.0,2443870.0,201.86
601888.SH,2022-12-02,0.0,200.2,200.29,200.2,218.0,4365080.0,201.856
601888.SH,2022-12-02,0.0,200.0,200.29,200.0,721.0,14428100.0,201.839
601888.SH,2022-12-02,0.0,200.6,200.6,199.9,901.0,18020200.0,201.818
601888.SH,2022-12-02,0.0,201.04,201.38,200.6,824.0,16543500.0,201.807
601888.SH,2022-12-02,0.0,201.3,201.3,201.02,372.0,7480880.0,201.803
601888.SH,2022-12-02,0.0,200.75,201.3,200.75,357.0,7177590.0,201.8
601888.SH,2022-12-02,0.0,201.3,201.3,200.7,385.0,7740110.0,201.796
601888.SH,2022-12-02,0.0,201.21,201.34,201.21,325.0,6541720.0,201.794
601888.SH,2022-12-02,0.0,201.47,201.47,200.89,324.0,6517290.0,201.792
601888.SH,2022-12-02,0.0,201.0,201.49,201.0,384.0,7733450.0,201.79
601888.SH,2022-12-02,0.0,200.89,201.02,200.86,251.0,5043210.0,201.787
601888.SH,2022-12-02,0.0,200.94,200.94,200.78,285.0,5724220.0,201.784
601888.SH,2022-12-02,0.0,201.0,201.02,200.89,290.0,5827080.0,201.781
601888.SH,2022-12-02,0.0,200.92,201.45,200.88,282.0,5669440.0,201.778
601888.SH,2022-12-02,0.0,200.8,200.96,200.8,155.0,3113390.0,201.776
601888.SH,2022-12-02,0.0,200.6,200.81,200.6,248.0,4979140.0,201.773
601888.SH,2022-12-02,0.0,200.4,200.7,200.11,402.0,8052070.0,201.766
601888.SH,2022-12-02,0.0,200.36,200.7,200.22,241.0,4829130.0,201.762
601888.SH,2022-12-02,0.0,200.23,200.4,200.23,164.0,3284490.0,201.759
601888.SH,2022-12-02,0.0,200.15,200.23,200.15,218.0,4364220.0,201.755
601888.SH,2022-12-02,0.0,200.4,200.4,200.05,314.0,6283010.0,201.749
601888.SH,2022-12-02,0.0,200.27,200.79,200.27,198.0,3967820.0,201.745
601888.SH,2022-12-02,0.0,200.02,200.3,200.01,208.0,4164230.0,201.742
601888.SH,2022-12-02,0.0,200.06,200.19,200.0,384.0,7683340.0,201.734
601888.SH,2022-12-02,0.0,199.91,200.1,199.9,482.0,9639480.0,201.724
601888.SH,2022-12-02,0.0,199.86,200.1,199.86,587.0,11738400.0,201.712
601888.SH,2022-12-02,0.0,200.05,200.05,199.86,291.0,5819890.0,201.706
601888.SH,2022-12-02,0.0,200.29,200.29,199.99,505.0,10101400.0,201.696
601888.SH,2022-12-02,0.0,200.27,200.27,200.0,349.0,6985290.0,201.69
601888.SH,2022-12-02,0.0,200.68,200.68,200.06,198.0,3966590.0,201.687
601888.SH,2022-12-02,0.0,200.51,200.68,200.4,112.0,2245330.0,201.685
601888.SH,2022-12-02,0.0,200.63,200.68,200.49,124.0,2487410.0,201.684
601888.SH,2022-12-02,0.0,200.64,200.85,200.63,260.0,5219700.0,201.681
601888.SH,2022-12-02,0.0,200.74,200.81,200.53,277.0,5556980.0,201.677
601888.SH,2022-12-02,0.0,200.8,200.89,200.0,1874.0,37517900.0,201.646
601888.SH,2022-12-02,0.0,200.67,200.67,200.15,1736.0,34763600.0,201.62
601888.SH,2022-12-02,0.0,200.77,200.84,200.77,241.0,4839120.0,201.617
601888.SH,2022-12-02,0.0,200.0,200.77,200.0,631.0,12634000.0,201.608
601888.SH,2022-12-02,0.0,200.05,200.2,199.96,529.0,10580700.0,201.599
601888.SH,2022-12-02,0.0,199.7,200.05,199.7,665.0,13295100.0,201.587
601888.SH,2022-12-02,0.0,199.7,199.8,199.7,311.0,6211860.0,201.58
601888.SH,2022-12-02,0.0,199.76,199.94,199.64,232.0,4633410.0,201.576
601888.SH,2022-12-02,0.0,199.88,199.96,199.7,323.0,6456260.0,201.57
601888.SH,2022-12-02,0.0,199.72,200.0,199.7,367.0,7335340.0,201.563
601888.SH,2022-12-02,0.0,200.0,200.0,199.72,135.0,2697690.0,201.561
601888.SH,2022-12-02,0.0,200.0,200.1,199.99,237.0,4740430.0,201.557
601888.SH,2022-12-02,0.0,199.93,200.0,199.8,229.0,4577690.0,201.553
601888.SH,2022-12-02,0.0,199.82,200.0,199.8,427.0,8535830.0,201.546
601888.SH,2022-12-02,0.0,199.83,200.0,199.81,171.0,3417650.0,201.542
601888.SH,2022-12-02,0.0,199.88,199.9,199.82,181.0,3617430.0,201.539
601888.SH,2022-12-02,0.0,200.01,200.26,199.95,358.0,7162320.0,201.534
601888.SH,2022-12-02,0.0,200.2,200.22,199.9,206.0,4122100.0,201.531
601888.SH,2022-12-02,0.0,200.2,200.38,200.01,380.0,7606330.0,201.525
601888.SH,2022-12-02,0.0,200.07,200.2,200.06,272.0,5444100.0,201.521
601888.SH,2022-12-02,0.0,200.49,200.5,199.97,577.0,11545800.0,201.513
601888.SH,2022-12-02,0.0,200.47,200.53,200.01,149.0,2986660.0,201.511
601888.SH,2022-12-02,0.0,200.72,200.76,200.47,240.0,4815990.0,201.509
601888.SH,2022-12-02,0.0,200.62,200.65,200.6,155.0,3109920.0,201.508
601888.SH,2022-12-02,0.0,200.6,200.61,200.5,253.0,5074480.0,201.505
601888.SH,2022-12-02,0.0,200.2,200.53,200.2,260.0,5208240.0,201.502
601888.SH,2022-12-02,0.0,200.59,200.79,200.2,207.0,4146810.0,201.5
601888.SH,2022-12-02,0.0,200.48,200.58,200.2,426.0,8533210.0,201.495
601888.SH,2022-12-02,0.0,200.63,200.66,200.3,101.0,2025730.0,201.494
601888.SH,2022-12-02,0.0,200.28,200.61,200.24,183.0,3668040.0,201.492
601888.SH,2022-12-02,0.0,200.36,200.41,200.2,621.0,12440800.0,201.484
601888.SH,2022-12-02,0.0,200.1,200.36,200.06,267.0,5339090.0,201.481
601888.SH,2022-12-02,0.0,200.93,200.93,200.07,696.0,13970600.0,201.475
601888.SH,2022-12-02,0.0,201.0,201.02,200.79,954.0,19169600.0,201.47
601888.SH,2022-12-02,0.0,200.95,201.0,200.9,196.0,3939180.0,201.469
601888.SH,2022-12-02,0.0,201.05,201.08,200.93,180.0,3617730.0,201.468
601888.SH,2022-12-02,0.0,201.55,201.55,201.0,439.0,8839320.0,201.467
601888.SH,2022-12-02,0.0,200.98,201.55,200.98,800.0,16101900.0,201.466
601888.SH,2022-12-02,0.0,201.29,201.39,200.98,466.0,9369330.0,201.464
601888.SH,2022-12-02,0.0,200.79,201.29,200.79,998.0,20070600.0,201.461
601888.SH,2022-12-02,0.0,200.89,200.89,200.64,368.0,7388830.0,201.458
601888.SH,2022-12-02,0.0,201.0,201.0,200.94,226.0,4542310.0,201.457
601888.SH,2022-12-02,0.0,200.95,201.0,200.92,194.0,3898950.0,201.456
601888.SH,2022-12-02,0.0,200.94,200.95,200.9,118.0,2371000.0,201.456
601888.SH,2022-12-02,0.0,200.69,200.9,200.69,250.0,5020610.0,201.454
601888.SH,2022-12-02,0.0,200.54,200.69,200.54,258.0,5175730.0,201.452
601888.SH,2022-12-02,0.0,200.1,200.54,200.07,613.0,12270700.0,201.446
601888.SH,2022-12-02,0.0,199.9,200.02,199.88,1311.0,26216600.0,201.428
601888.SH,2022-12-02,0.0,199.92,199.95,199.87,378.0,7556200.0,201.422
601888.SH,2022-12-02,0.0,199.99,199.99,199.92,242.0,4839210.0,201.419
601888.SH,2022-12-02,0.0,199.71,200.0,199.71,764.0,15270500.0,201.408
601888.SH,2022-12-02,0.0,199.83,199.89,199.0,1783.0,35568200.0,201.377
601888.SH,2022-12-02,0.0,200.25,200.25,199.86,494.0,9880540.0,201.371
601888.SH,2022-12-02,0.0,199.95,200.27,199.95,381.0,7625430.0,201.367
601888.SH,2022-12-02,0.0,199.88,199.95,199.85,348.0,6956160.0,201.363
601888.SH,2022-12-02,0.0,200.02,200.03,199.84,370.0,7397780.0,201.358
601888.SH,2022-12-02,0.0,200.02,200.22,200.01,272.0,5441960.0,201.355
601888.SH,2022-12-02,0.0,200.01,200.03,200.0,398.0,7960170.0,201.35
601888.SH,2022-12-02,0.0,200.0,200.03,200.0,292.0,5840290.0,201.347
601888.SH,2022-12-02,0.0,199.39,199.99,199.39,872.0,17432800.0,201.335
601888.SH,2022-12-02,0.0,199.53,199.6,199.49,560.0,11172700.0,201.326
601888.SH,2022-12-02,0.0,199.68,199.68,199.56,323.0,6443630.0,201.322
601888.SH,2022-12-02,0.0,199.83,199.95,199.68,337.0,6733850.0,201.317
601888.SH,2022-12-02,0.0,199.66,199.99,199.65,498.0,9949250.0,201.311
601888.SH,2022-12-02,0.0,199.82,199.93,199.66,457.0,9126020.0,201.305
601888.SH,2022-12-02,0.0,199.82,199.9,199.8,365.0,7298580.0,201.3
601888.SH,2022-12-02,0.0,199.82,199.89,199.76,458.0,9151080.0,201.294
601888.SH,2022-12-02,0.0,199.89,199.89,199.8,254.0,5075680.0,201.291
601888.SH,2022-12-02,0.0,199.73,199.84,199.72,369.0,7372460.0,201.286
601888.SH,2022-12-02,0.0,199.69,199.73,199.67,409.0,8158210.0,201.281
601888.SH,2022-12-02,0.0,199.73,199.75,199.68,437.0,8726890.0,201.275
601888.SH,2022-12-02,0.0,199.79,199.85,199.73,634.0,12667000.0,201.267
601888.SH,2022-12-02,0.0,199.79,199.89,199.77,412.0,8232830.0,201.262
601888.SH,2022-12-02,0.0,199.72,199.79,199.72,323.0,6452320.0,201.258
601888.SH,2022-12-02,0.0,199.87,199.92,199.71,596.0,11905800.0,201.251
601888.SH,2022-12-02,0.0,199.8,199.87,199.78,433.0,8652800.0,201.246
601888.SH,2022-12-02,0.0,199.76,199.87,199.76,611.0,12208700.0,201.239
601888.SH,2022-12-02,0.0,199.83,199.91,199.76,748.0,14949000.0,201.23
601888.SH,2022-12-02,0.0,199.68,199.82,199.68,511.0,10207800.0,201.224
601888.SH,2022-12-02,0.0,199.56,199.66,199.54,769.0,15350900.0,201.214
601888.SH,2022-12-02,0.0,199.66,199.73,199.6,678.0,13535600.0,201.206
601888.SH,2022-12-02,0.0,199.3,199.66,199.3,765.0,15261800.0,201.195
601888.SH,2022-12-02,0.0,199.68,199.69,199.38,585.0,11669400.0,201.188
601888.SH,2022-12-02,0.0,199.59,199.68,199.53,326.0,6499910.0,201.183
601888.SH,2022-12-02,0.0,199.5,199.59,199.45,416.0,8300750.0,201.178
601888.SH,2022-12-02,0.0,199.57,199.6,199.5,285.0,5695170.0,201.174
601888.SH,2022-12-02,0.0,199.6,199.6,199.6,2.0,39920.0,201.174
601888.SH,2022-12-02,0.0,199.6,199.6,199.6,0.0,0.0,201.174
601888.SH,2022-12-02,0.0,199.4,199.4,199.4,1707.0,34043400.0,201.151
601888.SH,2022-12-05,0.0,205.0,205.0,205.0,2568.0,52644000.0,205.0
601888.SH,2022-12-05,0.0,202.9,205.45,202.9,8769.0,179272992.0,204.566
601888.SH,2022-12-05,0.0,202.05,202.98,201.83,3450.0,69765696.0,204.019
601888.SH,2022-12-05,0.0,202.86,202.86,201.99,2302.0,46618000.0,203.816
601888.SH,2022-12-05,0.0,201.86,202.8,201.77,3293.0,66655200.0,203.589
601888.SH,2022-12-05,0.0,203.12,203.24,201.86,2153.0,43621000.0,203.498
601888.SH,2022-12-05,0.0,203.72,203.88,203.22,1941.0,39507400.0,203.501
601888.SH,2022-12-05,0.0,203.41,203.86,203.11,3044.0,61930800.0,203.494
601888.SH,2022-12-05,0.0,204.49,204.49,202.95,2653.0,53971000.0,203.489
601888.SH,2022-12-05,0.0,204.3,204.5,203.58,1607.0,32802100.0,203.522
601888.SH,2022-12-05,0.0,203.77,204.3,203.57,1788.0,36456900.0,203.542
601888.SH,2022-12-05,0.0,203.77,203.77,203.05,1859.0,37814900.0,203.535
601888.SH,2022-12-05,0.0,205.17,205.5,203.71,2327.0,47630200.0,203.606
601888.SH,2022-12-05,0.0,205.86,206.0,205.17,2876.0,59149100.0,203.752
601888.SH,2022-12-05,0.0,206.55,206.61,205.99,3270.0,67429000.0,203.934
601888.SH,2022-12-05,0.0,207.71,208.0,206.55,4573.0,94780496.0,204.248
601888.SH,2022-12-05,0.0,208.01,208.5,207.75,4237.0,88157696.0,204.554
601888.SH,2022-12-05,0.0,206.98,208.36,206.98,2418.0,50238300.0,204.695
601888.SH,2022-12-05,0.0,206.37,207.0,206.37,1126.0,23268500.0,204.735
601888.SH,2022-12-05,0.0,208.31,208.31,206.16,2479.0,51377900.0,204.841
601888.SH,2022-12-05,0.0,208.5,209.07,208.17,4208.0,87817104.0,205.098
601888.SH,2022-12-05,0.0,206.95,208.5,206.81,1784.0,37041500.0,205.168
601888.SH,2022-12-05,0.0,206.91,207.22,206.91,2198.0,45510100.0,205.23
601888.SH,2022-12-05,0.0,207.23,207.23,206.82,1071.0,22178200.0,205.258
601888.SH,2022-12-05,0.0,208.2,208.2,207.24,1423.0,29563300.0,205.309
601888.SH,2022-12-05,0.0,208.0,208.2,207.55,1803.0,37509600.0,205.379
601888.SH,2022-12-05,0.0,208.2,208.32,207.68,1309.0,27249500.0,205.429
601888.SH,2022-12-05,0.0,209.04,209.04,208.2,2173.0,45354300.0,205.525
601888.SH,2022-12-05,0.0,208.81,209.08,208.6,2755.0,57563800.0,205.646
601888.SH,2022-12-05,0.0,207.68,208.92,207.68,1098.0,22870400.0,205.683
601888.SH,2022-12-05,0.0,207.52,207.64,207.19,737.0,15285600.0,205.699
601888.SH,2022-12-05,0.0,207.8,208.4,207.36,1415.0,29405700.0,205.736
601888.SH,2022-12-05,0.0,207.01,208.11,207.01,1318.0,27374600.0,205.768
601888.SH,2022-12-05,0.0,207.99,207.99,206.9,1490.0,30888800.0,205.795
601888.SH,2022-12-05,0.0,208.32,208.32,207.26,1661.0,34533100.0,205.836
601888.SH,2022-12-05,0.0,208.0,208.2,207.77,1315.0,27355500.0,205.87
601888.SH,2022-12-05,0.0,208.11,208.2,207.99,1327.0,27610700.0,205.903
601888.SH,2022-12-05,0.0,208.02,208.12,208.0,672.0,13980200.0,205.919
601888.SH,2022-12-05,0.0,208.28,208.3,208.02,761.0,15842800.0,205.939
601888.SH,2022-12-05,0.0,208.21,208.23,208.03,522.0,10864400.0,205.951
601888.SH,2022-12-05,0.0,208.6,208.6,208.3,943.0,19657200.0,205.977
601888.SH,2022-12-05,0.0,208.26,208.8,208.26,964.0,20125600.0,206.006
601888.SH,2022-12-05,0.0,208.33,208.44,208.2,479.0,9976840.0,206.018
601888.SH,2022-12-05,0.0,209.02,209.03,208.44,1319.0,27550300.0,206.059
601888.SH,2022-12-05,0.0,209.5,209.59,209.03,1543.0,32283700.0,206.11
601888.SH,2022-12-05,0.0,209.5,209.82,209.5,1443.0,30253900.0,206.163
601888.SH,2022-12-05,0.0,209.2,209.5,209.18,1386.0,29019300.0,206.209
601888.SH,2022-12-05,0.0,209.15,209.29,209.15,590.0,12342500.0,206.227
601888.SH,2022-12-05,0.0,208.77,209.11,208.26,749.0,15631200.0,206.245
601888.SH,2022-12-05,0.0,209.5,209.5,208.38,1200.0,25104300.0,206.28
601888.SH,2022-12-05,0.0,209.63,209.77,209.29,1935.0,40573600.0,206.344
601888.SH,2022-12-05,0.0,209.5,209.78,209.0,975.0,20439100.0,206.375
601888.SH,2022-12-05,0.0,209.1,209.59,209.01,504.0,10550100.0,206.39
601888.SH,2022-12-05,0.0,209.03,209.49,209.01,433.0,9053130.0,206.401
601888.SH,2022-12-05,0.0,208.8,209.07,208.69,554.0,11570400.0,206.414
601888.SH,2022-12-05,0.0,209.09,209.1,208.8,336.0,7020080.0,206.422
601888.SH,2022-12-05,0.0,209.08,209.15,209.0,434.0,9073480.0,206.433
601888.SH,2022-12-05,0.0,208.32,209.03,208.32,779.0,16250900.0,206.449
601888.SH,2022-12-05,0.0,208.5,208.5,208.04,305.0,6352790.0,206.454
601888.SH,2022-12-05,0.0,207.95,208.5,207.95,1261.0,26232900.0,206.472
601888.SH,2022-12-05,0.0,207.99,207.99,207.81,413.0,8586840.0,206.478
601888.SH,2022-12-05,0.0,207.34,207.92,207.34,561.0,11647800.0,206.484
601888.SH,2022-12-05,0.0,207.0,207.31,207.0,623.0,12904300.0,206.487
601888.SH,2022-12-05,0.0,207.01,207.31,206.88,742.0,15360600.0,206.491
601888.SH,2022-12-05,0.0,207.16,207.16,207.0,347.0,7184840.0,206.493
601888.SH,2022-12-05,0.0,207.22,207.3,207.19,265.0,5490960.0,206.494
601888.SH,2022-12-05,0.0,207.2,207.31,207.17,337.0,6983420.0,206.497
601888.SH,2022-12-05,0.0,207.83,207.88,207.1,554.0,11488300.0,206.501
601888.SH,2022-12-05,0.0,207.69,207.88,207.68,525.0,10910000.0,206.507
601888.SH,2022-12-05,0.0,207.25,207.84,207.23,596.0,12362200.0,206.512
601888.SH,2022-12-05,0.0,207.1,207.4,207.1,338.0,7004090.0,206.514
601888.SH,2022-12-05,0.0,206.94,207.13,206.93,375.0,7763150.0,206.516
601888.SH,2022-12-05,0.0,206.93,207.0,206.9,410.0,8484250.0,206.517
601888.SH,2022-12-05,0.0,207.2,207.28,206.91,446.0,9234310.0,206.519
601888.SH,2022-12-05,0.0,207.5,207.6,207.3,445.0,9231800.0,206.523
601888.SH,2022-12-05,0.0,207.51,207.52,207.47,484.0,10043000.0,206.527
601888.SH,2022-12-05,0.0,207.17,207.54,207.17,482.0,9998930.0,206.531
601888.SH,2022-12-05,0.0,206.98,207.32,206.98,676.0,13999300.0,206.534
601888.SH,2022-12-05,0.0,206.99,206.99,206.88,725.0,15005000.0,206.537
601888.SH,2022-12-05,0.0,207.3,207.3,206.99,404.0,8364320.0,206.539
601888.SH,2022-12-05,0.0,207.8,207.8,207.28,425.0,8823260.0,206.542
601888.SH,2022-12-05,0.0,207.46,207.68,207.46,418.0,8675230.0,206.545
601888.SH,2022-12-05,0.0,207.46,207.48,207.3,420.0,8712800.0,206.548
601888.SH,2022-12-05,0.0,207.5,207.5,207.31,384.0,7966480.0,206.551
601888.SH,2022-12-05,0.0,207.4,207.52,207.4,374.0,7760160.0,206.554
601888.SH,2022-12-05,0.0,207.2,207.42,207.2,330.0,6832470.0,206.556
601888.SH,2022-12-05,0.0,207.5,207.5,207.16,389.0,8066080.0,206.559
601888.SH,2022-12-05,0.0,207.82,207.82,207.47,268.0,5564100.0,206.561
601888.SH,2022-12-05,0.0,207.11,207.9,207.11,927.0,19258900.0,206.57
601888.SH,2022-12-05,0.0,207.21,207.48,207.02,309.0,6402140.0,206.572
601888.SH,2022-12-05,0.0,206.76,207.14,206.75,729.0,15086800.0,206.574
601888.SH,2022-12-05,0.0,206.78,206.78,206.6,553.0,11436900.0,206.575
601888.SH,2022-12-05,0.0,206.78,206.79,206.58,512.0,10583100.0,206.575
601888.SH,2022-12-05,0.0,206.7,206.78,206.53,393.0,8122600.0,206.575
601888.SH,2022-12-05,0.0,206.4,206.65,206.4,483.0,9974550.0,206.575
601888.SH,2022-12-05,0.0,205.75,206.41,205.75,665.0,13707600.0,206.573
601888.SH,2022-12-05,0.0,205.6,205.77,205.3,1541.0,31658300.0,206.559
601888.SH,2022-12-05,0.0,205.68,206.0,205.19,591.0,12142500.0,206.554
601888.SH,2022-12-05,0.0,205.15,206.0,205.15,330.0,6778050.0,206.551
601888.SH,2022-12-05,0.0,205.5,205.5,205.04,877.0,17990300.0,206.542
601888.SH,2022-12-05,0.0,205.1,205.6,205.07,539.0,11057200.0,206.536
601888.SH,2022-12-05,0.0,205.61,205.98,205.12,376.0,7726440.0,206.533
601888.SH,2022-12-05,0.0,205.98,206.02,205.6,337.0,6937700.0,206.531
601888.SH,2022-12-05,0.0,206.0,206.0,205.91,310.0,6384900.0,206.53
601888.SH,2022-12-05,0.0,205.99,206.01,205.92,331.0,6818270.0,206.528
601888.SH,2022-12-05,0.0,205.99,206.0,205.94,253.0,5211150.0,206.527
601888.SH,2022-12-05,0.0,205.85,206.0,205.85,336.0,6919470.0,206.526
601888.SH,2022-12-05,0.0,205.5,205.83,205.5,174.0,3577890.0,206.525
601888.SH,2022-12-05,0.0,205.5,205.8,205.45,291.0,5980680.0,206.522
601888.SH,2022-12-05,0.0,205.99,205.99,205.5,257.0,5288840.0,206.521
601888.SH,2022-12-05,0.0,205.3,205.95,205.11,564.0,11587900.0,206.517
601888.SH,2022-12-05,0.0,205.03,205.25,205.03,522.0,10708400.0,206.511
601888.SH,2022-12-05,0.0,204.22,205.1,204.22,1308.0,26800700.0,206.495
601888.SH,2022-12-05,0.0,204.16,204.46,204.08,1117.0,22802900.0,206.476
601888.SH,2022-12-05,0.0,204.61,204.61,204.16,521.0,10648500.0,206.468
601888.SH,2022-12-05,0.0,204.9,204.99,204.46,197.0,4034680.0,206.466
601888.SH,2022-12-05,0.0,204.98,204.98,204.86,142.0,2909810.0,206.464
601888.SH,2022-12-05,0.0,204.88,205.0,204.76,468.0,9589530.0,206.459
601888.SH,2022-12-05,0.0,205.0,205.02,204.46,554.0,11343100.0,206.452
601888.SH,2022-12-05,0.0,204.89,205.02,204.65,368.0,7542480.0,206.448
601888.SH,2022-12-05,0.0,204.81,205.0,204.72,166.0,3400960.0,206.446
601888.SH,2022-12-05,0.0,203.88,205.0,203.88,1913.0,39093800.0,206.417
601888.SH,2022-12-05,0.0,204.1,204.2,203.8,566.0,11546100.0,206.407
601888.SH,2022-12-05,0.0,204.11,204.3,204.05,236.0,4819180.0,206.404
601888.SH,2022-12-05,0.0,204.23,204.23,204.0,370.0,7549140.0,206.397
601888.SH,2022-12-05,0.0,204.04,204.36,204.04,301.0,6146950.0,206.393
601888.SH,2022-12-05,0.0,204.02,204.31,204.0,399.0,8144340.0,206.386
601888.SH,2022-12-05,0.0,204.06,204.2,204.0,284.0,5794700.0,206.382
601888.SH,2022-12-05,0.0,204.03,204.16,204.01,205.0,4183340.0,206.378
601888.SH,2022-12-05,0.0,204.0,204.18,204.0,345.0,7040990.0,206.373
601888.SH,2022-12-05,0.0,203.58,204.07,203.58,471.0,9599890.0,206.364
601888.SH,2022-12-05,0.0,203.67,203.68,203.52,299.0,6088390.0,206.359
601888.SH,2022-12-05,0.0,203.6,203.69,203.5,372.0,7573320.0,206.351
601888.SH,2022-12-05,0.0,203.94,204.19,203.64,795.0,16198400.0,206.337
601888.SH,2022-12-05,0.0,204.01,204.19,203.79,380.0,7754620.0,206.331
601888.SH,2022-12-05,0.0,203.54,203.89,203.52,528.0,10756100.0,206.322
601888.SH,2022-12-05,0.0,204.02,204.2,203.54,276.0,5627170.0,206.317
601888.SH,2022-12-05,0.0,203.53,204.08,203.53,463.0,9441240.0,206.309
601888.SH,2022-12-05,0.0,203.58,203.59,203.5,455.0,9260560.0,206.301
601888.SH,2022-12-05,0.0,203.51,203.59,203.5,373.0,7592270.0,206.294
601888.SH,2022-12-05,0.0,203.28,203.51,203.2,568.0,11547500.0,206.282
601888.SH,2022-12-05,0.0,203.22,203.47,203.2,1051.0,21349400.0,206.26
601888.SH,2022-12-05,0.0,203.8,203.84,203.05,717.0,14583400.0,206.246
601888.SH,2022-12-05,0.0,203.37,203.97,203.37,729.0,14849100.0,206.234
601888.SH,2022-12-05,0.0,203.45,203.6,203.1,227.0,4615630.0,206.229
601888.SH,2022-12-05,0.0,203.45,203.59,203.33,240.0,4882610.0,206.225
601888.SH,2022-12-05,0.0,203.67,203.71,203.57,430.0,8757160.0,206.218
601888.SH,2022-12-05,0.0,203.38,203.7,203.38,396.0,8062610.0,206.211
601888.SH,2022-12-05,0.0,203.56,203.56,203.3,382.0,7768610.0,206.204
601888.SH,2022-12-05,0.0,203.7,203.93,203.55,312.0,6354680.0,206.198
601888.SH,2022-12-05,0.0,203.66,203.95,203.5,834.0,16985600.0,206.184
601888.SH,2022-12-05,0.0,203.4,203.91,203.39,382.0,7780310.0,206.178
601888.SH,2022-12-05,0.0,203.71,203.9,203.5,522.0,10635900.0,206.17
601888.SH,2022-12-05,0.0,203.66,204.01,203.6,1081.0,22039900.0,206.154
601888.SH,2022-12-05,0.0,203.79,204.01,203.66,367.0,7483300.0,206.149
601888.SH,2022-12-05,0.0,203.93,204.0,203.8,315.0,6424060.0,206.144
601888.SH,2022-12-05,0.0,204.01,204.03,203.88,502.0,10239700.0,206.137
601888.SH,2022-12-05,0.0,204.05,204.05,204.01,219.0,4468300.0,206.134
601888.SH,2022-12-05,0.0,204.15,204.15,204.06,439.0,8961150.0,206.129
601888.SH,2022-12-05,0.0,204.4,204.4,204.16,157.0,3210650.0,206.127
601888.SH,2022-12-05,0.0,204.54,204.6,204.2,470.0,9607200.0,206.122
601888.SH,2022-12-05,0.0,204.9,204.94,204.38,420.0,8597930.0,206.118
601888.SH,2022-12-05,0.0,204.94,205.15,204.94,708.0,14518300.0,206.113
601888.SH,2022-12-05,0.0,204.8,205.0,204.57,475.0,9728770.0,206.109
601888.SH,2022-12-05,0.0,204.77,204.9,204.5,327.0,6696140.0,206.106
601888.SH,2022-12-05,0.0,204.26,204.77,204.21,393.0,8034790.0,206.102
601888.SH,2022-12-05,0.0,204.49,204.75,204.16,460.0,9404400.0,206.098
601888.SH,2022-12-05,0.0,204.71,204.71,204.27,193.0,3946610.0,206.096
601888.SH,2022-12-05,0.0,204.8,204.83,204.61,229.0,4688140.0,206.094
601888.SH,2022-12-05,0.0,204.78,204.8,204.61,185.0,3787970.0,206.092
601888.SH,2022-12-05,0.0,204.98,204.98,204.78,194.0,3974200.0,206.091
601888.SH,2022-12-05,0.0,204.5,205.0,204.4,345.0,7066130.0,206.088
601888.SH,2022-12-05,0.0,204.27,204.69,204.27,270.0,5518140.0,206.085
601888.SH,2022-12-05,0.0,204.03,204.4,204.03,166.0,3389900.0,206.083
601888.SH,2022-12-05,0.0,204.03,204.09,204.03,265.0,5407570.0,206.08
601888.SH,2022-12-05,0.0,204.03,204.06,204.01,174.0,3550120.0,206.078
601888.SH,2022-12-05,0.0,204.21,204.21,204.02,203.0,4143680.0,206.075
601888.SH,2022-12-05,0.0,204.32,204.35,204.21,186.0,3799330.0,206.073
601888.SH,2022-12-05,0.0,204.54,204.54,204.32,435.0,8894540.0,206.069
601888.SH,2022-12-05,0.0,204.47,204.48,204.4,167.0,3414370.0,206.067
601888.SH,2022-12-05,0.0,204.4,204.47,204.22,307.0,6273860.0,206.064
601888.SH,2022-12-05,0.0,204.13,204.47,204.13,295.0,6028070.0,206.061
601888.SH,2022-12-05,0.0,204.18,204.18,204.06,189.0,3857880.0,206.059
601888.SH,2022-12-05,0.0,204.09,204.21,204.09,196.0,4001960.0,206.056
601888.SH,2022-12-05,0.0,204.04,204.08,204.01,193.0,3946270.0,206.054
601888.SH,2022-12-05,0.0,203.66,204.04,203.66,537.0,10941600.0,206.047
601888.SH,2022-12-05,0.0,204.03,204.09,203.75,306.0,6242160.0,206.043
601888.SH,2022-12-05,0.0,203.8,204.09,203.8,392.0,7993670.0,206.038
601888.SH,2022-12-05,0.0,203.72,203.94,203.61,441.0,8986460.0,206.032
601888.SH,2022-12-05,0.0,203.4,203.75,203.37,553.0,11255100.0,206.024
601888.SH,2022-12-05,0.0,203.31,203.36,203.26,521.0,10588800.0,206.015
601888.SH,2022-12-05,0.0,203.21,203.33,203.21,522.0,10611600.0,206.007
601888.SH,2022-12-05,0.0,203.78,203.78,203.1,525.0,10672800.0,205.998
601888.SH,2022-12-05,0.0,203.97,204.02,203.76,381.0,7770220.0,205.994
601888.SH,2022-12-05,0.0,204.34,204.34,203.8,325.0,6632190.0,205.99
601888.SH,2022-12-05,0.0,203.92,204.38,203.92,517.0,10563600.0,205.985
601888.SH,2022-12-05,0.0,203.8,204.0,203.55,207.0,4218100.0,205.982
601888.SH,2022-12-05,0.0,203.99,204.0,203.8,124.0,2529140.0,205.981
601888.SH,2022-12-05,0.0,204.18,204.18,203.9,128.0,2611160.0,205.979
601888.SH,2022-12-05,0.0,204.22,204.25,204.08,202.0,4124800.0,205.977
601888.SH,2022-12-05,0.0,203.94,204.22,203.94,197.0,4020140.0,205.975
601888.SH,2022-12-05,0.0,203.91,204.0,203.9,195.0,3976970.0,205.972
601888.SH,2022-12-05,0.0,203.9,203.99,203.9,200.0,4078510.0,205.97
601888.SH,2022-12-05,0.0,203.64,203.95,203.6,285.0,5807130.0,205.966
601888.SH,2022-12-05,0.0,204.03,204.03,203.66,425.0,8666140.0,205.961
601888.SH,2022-12-05,0.0,204.11,204.2,204.0,482.0,9838500.0,205.956
601888.SH,2022-12-05,0.0,204.21,204.25,204.06,289.0,5901630.0,205.953
601888.SH,2022-12-05,0.0,204.39,204.39,204.07,138.0,2818750.0,205.952
601888.SH,2022-12-05,0.0,204.15,204.42,204.15,287.0,5862980.0,205.949
601888.SH,2022-12-05,0.0,204.28,204.28,204.0,706.0,14418600.0,205.942
601888.SH,2022-12-05,0.0,204.01,204.29,204.01,133.0,2715090.0,205.941
601888.SH,2022-12-05,0.0,203.91,204.02,203.9,261.0,5322730.0,205.938
601888.SH,2022-12-05,0.0,203.98,204.0,203.91,274.0,5589000.0,205.934
601888.SH,2022-12-05,0.0,204.17,204.23,203.98,262.0,5346230.0,205.932
601888.SH,2022-12-05,0.0,204.12,204.17,204.08,143.0,2919080.0,205.93
601888.SH,2022-12-05,0.0,204.12,204.16,204.08,291.0,5940180.0,205.927
601888.SH,2022-12-05,0.0,204.12,204.12,204.08,149.0,3041120.0,205.926
601888.SH,2022-12-05,0.0,204.13,204.14,204.1,222.0,4531320.0,205.923
601888.SH,2022-12-05,0.0,204.13,204.14,204.11,165.0,3368020.0,205.922
601888.SH,2022-12-05,0.0,204.19,204.24,204.13,278.0,5676180.0,205.919
601888.SH,2022-12-05,0.0,204.32,204.32,204.2,202.0,4123610.0,205.917
601888.SH,2022-12-05,0.0,204.64,204.64,204.32,658.0,13453800.0,205.911
601888.SH,2022-12-05,0.0,204.79,204.86,204.64,330.0,6757230.0,205.909
601888.SH,2022-12-05,0.0,204.61,204.79,204.51,351.0,7183540.0,205.907
601888.SH,2022-12-05,0.0,204.52,204.61,204.52,206.0,4214440.0,205.905
601888.SH,2022-12-05,0.0,204.38,204.51,204.38,192.0,3925530.0,205.904
601888.SH,2022-12-05,0.0,204.24,204.39,204.24,162.0,3312010.0,205.902
601888.SH,2022-12-05,0.0,203.99,204.24,203.99,314.0,6407380.0,205.899
601888.SH,2022-12-05,0.0,203.6,204.0,203.6,486.0,9909660.0,205.894
601888.SH,2022-12-05,0.0,203.96,203.96,203.6,422.0,8594660.0,205.889
601888.SH,2022-12-05,0.0,203.93,203.99,203.92,326.0,6649060.0,205.885
601888.SH,2022-12-05,0.0,204.9,204.9,203.9,2311.0,47227400.0,205.866
601888.SH,2022-12-05,0.0,204.89,205.06,204.55,1533.0,31418300.0,205.858
601888.SH,2022-12-05,0.0,204.81,204.93,204.8,459.0,9403360.0,205.856
601888.SH,2022-12-05,0.0,204.9,205.1,204.82,694.0,14225500.0,205.852
601888.SH,2022-12-05,0.0,204.77,204.9,204.61,515.0,10548800.0,205.849
601888.SH,2022-12-05,0.0,204.77,204.77,204.6,457.0,9353900.0,205.846
601888.SH,2022-12-05,0.0,204.89,204.9,204.77,332.0,6799680.0,205.845
601888.SH,2022-12-05,0.0,204.89,204.89,204.89,14.0,286810.0,205.845
601888.SH,2022-12-05,0.0,204.89,204.89,204.89,0.0,0.0,205.845
601888.SH,2022-12-05,0.0,204.92,204.92,204.92,1754.0,35940100.0,205.836
601888.SH,2022-12-06,0.0,205.69,205.69,205.69,1327.0,27295100.0,205.69
601888.SH,2022-12-06,0.0,205.68,205.88,204.94,2860.0,58744300.0,205.492
601888.SH,2022-12-06,0.0,207.23,207.23,205.65,1388.0,28622100.0,205.671
601888.SH,2022-12-06,0.0,207.87,207.98,207.33,2408.0,49981600.0,206.242
601888.SH,2022-12-06,0.0,207.0,208.0,207.0,2458.0,51021400.0,206.555
601888.SH,2022-12-06,0.0,206.8,207.45,206.25,1375.0,28430000.0,206.58
601888.SH,2022-12-06,0.0,206.3,206.5,206.28,787.0,16242500.0,206.568
601888.SH,2022-12-06,0.0,207.77,207.9,206.28,2290.0,47432000.0,206.654
601888.SH,2022-12-06,0.0,209.0,209.0,207.15,2290.0,47689600.0,206.861
601888.SH,2022-12-06,0.0,209.79,209.8,209.0,3296.0,68976304.0,207.249
601888.SH,2022-12-06,0.0,210.8,211.0,209.51,4258.0,89542704.0,207.777
601888.SH,2022-12-06,0.0,209.9,211.3,209.77,2794.0,58863500.0,208.072
601888.SH,2022-12-06,0.0,210.66,211.0,209.77,3037.0,63966500.0,208.326
601888.SH,2022-12-06,0.0,211.17,211.18,210.76,1826.0,38533500.0,208.477
601888.SH,2022-12-06,0.0,211.99,212.7,211.22,3727.0,79024200.0,208.843
601888.SH,2022-12-06,0.0,212.3,212.35,211.67,2729.0,57858000.0,209.066
601888.SH,2022-12-06,0.0,212.09,212.85,212.09,2431.0,51668700.0,209.271
601888.SH,2022-12-06,0.0,211.66,212.1,211.22,1605.0,33969600.0,209.36
601888.SH,2022-12-06,0.0,212.0,212.02,211.6,1467.0,31079200.0,209.442
601888.SH,2022-12-06,0.0,211.64,212.02,211.64,2303.0,48815100.0,209.566
601888.SH,2022-12-06,0.0,210.6,211.64,210.6,1425.0,30056900.0,209.607
601888.SH,2022-12-06,0.0,210.4,210.76,210.4,1476.0,31077700.0,209.635
601888.SH,2022-12-06,0.0,210.72,210.77,210.37,1370.0,28848600.0,209.66
601888.SH,2022-12-06,0.0,210.42,210.94,210.36,1690.0,35592100.0,209.69
601888.SH,2022-12-06,0.0,210.52,210.69,210.0,2182.0,45862000.0,209.711
601888.SH,2022-12-06,0.0,210.84,210.9,210.5,726.0,15301200.0,209.725
601888.SH,2022-12-06,0.0,210.01,210.83,210.01,1130.0,23800200.0,209.742
601888.SH,2022-12-06,0.0,209.17,210.1,209.17,1280.0,26871800.0,209.746
601888.SH,2022-12-06,0.0,208.31,209.17,208.31,1395.0,29138000.0,209.725
601888.SH,2022-12-06,0.0,208.36,208.36,208.1,1053.0,21915400.0,209.699
601888.SH,2022-12-06,0.0,209.0,209.0,208.48,230.0,4801800.0,209.695
601888.SH,2022-12-06,0.0,209.0,209.0,209.0,0.0,0.0,209.695
601888.SH,2022-12-06,0.0,209.0,209.0,209.0,0.0,0.0,209.695
601888.SH,2022-12-06,0.0,209.27,209.27,209.0,570.0,11922900.0,209.689
601888.SH,2022-12-06,0.0,209.88,209.88,209.21,321.0,6725010.0,209.688
601888.SH,2022-12-06,0.0,209.99,210.22,209.88,699.0,14679800.0,209.692
601888.SH,2022-12-06,0.0,210.56,210.56,209.99,842.0,17694500.0,209.698
601888.SH,2022-12-06,0.0,210.36,210.51,210.19,673.0,14159100.0,209.705
601888.SH,2022-12-06,0.0,210.75,210.88,210.43,1090.0,22966100.0,209.722
601888.SH,2022-12-06,0.0,211.15,211.15,210.8,1201.0,25333500.0,209.744
601888.SH,2022-12-06,0.0,211.39,211.5,211.0,891.0,18830300.0,209.765
601888.SH,2022-12-06,0.0,211.18,211.3,210.96,800.0,16888800.0,209.781
601888.SH,2022-12-06,0.0,211.46,211.5,211.25,1261.0,26663800.0,209.812
601888.SH,2022-12-06,0.0,210.95,211.5,210.95,606.0,12800500.0,209.824
601888.SH,2022-12-06,0.0,211.44,211.47,210.94,1146.0,24187700.0,209.845
601888.SH,2022-12-06,0.0,211.67,211.7,211.5,759.0,16062200.0,209.863
601888.SH,2022-12-06,0.0,211.16,211.7,211.01,697.0,14748700.0,209.88
601888.SH,2022-12-06,0.0,211.49,211.57,211.21,985.0,20825200.0,209.901
601888.SH,2022-12-06,0.0,211.9,211.9,211.54,985.0,20845500.0,209.924
601888.SH,2022-12-06,0.0,212.49,212.5,211.91,2313.0,49071900.0,209.992
601888.SH,2022-12-06,0.0,212.6,212.6,212.47,1095.0,23271500.0,210.028
601888.SH,2022-12-06,0.0,212.06,212.62,211.99,965.0,20495600.0,210.057
601888.SH,2022-12-06,0.0,212.45,212.45,212.07,640.0,13588200.0,210.075
601888.SH,2022-12-06,0.0,212.85,212.85,212.47,1270.0,27010000.0,210.116
601888.SH,2022-12-06,0.0,213.4,213.45,212.87,2943.0,62702000.0,210.22
601888.SH,2022-12-06,0.0,213.7,213.75,213.39,2500.0,53385500.0,210.316
601888.SH,2022-12-06,0.0,214.33,214.39,213.7,1640.0,35094000.0,210.385
601888.SH,2022-12-06,0.0,214.91,215.0,214.33,3879.0,83312896.0,210.571
601888.SH,2022-12-06,0.0,215.0,215.06,214.54,5084.0,109281000.0,210.802
601888.SH,2022-12-06,0.0,214.73,215.1,214.73,2590.0,55672300.0,210.91
601888.SH,2022-12-06,0.0,215.0,215.11,214.73,1734.0,37280600.0,210.981
601888.SH,2022-12-06,0.0,213.93,215.0,213.93,1841.0,39505200.0,211.045
601888.SH,2022-12-06,0.0,213.1,213.81,213.0,1488.0,31716600.0,211.075
601888.SH,2022-12-06,0.0,213.45,213.47,213.12,735.0,15683600.0,211.092
601888.SH,2022-12-06,0.0,212.88,213.5,212.88,752.0,16038400.0,211.107
601888.SH,2022-12-06,0.0,212.95,213.25,212.85,1236.0,26317100.0,211.129
601888.SH,2022-12-06,0.0,213.14,213.24,212.98,1205.0,25661100.0,211.15
601888.SH,2022-12-06,0.0,212.98,213.42,212.98,629.0,13416800.0,211.162
601888.SH,2022-12-06,0.0,212.17,212.89,212.08,703.0,14931200.0,211.17
601888.SH,2022-12-06,0.0,212.5,212.5,211.88,1289.0,27332900.0,211.18
601888.SH,2022-12-06,0.0,211.75,212.5,211.75,973.0,20632800.0,211.188
601888.SH,2022-12-06,0.0,211.67,211.75,211.51,715.0,15129500.0,211.191
601888.SH,2022-12-06,0.0,212.0,212.0,211.66,485.0,10272200.0,211.193
601888.SH,2022-12-06,0.0,212.52,212.52,211.92,309.0,6549930.0,211.196
601888.SH,2022-12-06,0.0,212.6,212.93,212.52,401.0,8533490.0,211.202
601888.SH,2022-12-06,0.0,212.82,212.82,212.5,215.0,4573340.0,211.205
601888.SH,2022-12-06,0.0,212.18,212.84,212.18,446.0,9483770.0,211.21
601888.SH,2022-12-06,0.0,211.8,212.19,211.8,500.0,10599900.0,211.214
601888.SH,2022-12-06,0.0,212.2,212.2,211.84,506.0,10719400.0,211.217
601888.SH,2022-12-06,0.0,212.2,212.5,212.04,449.0,9527210.0,211.221
601888.SH,2022-12-06,0.0,211.77,212.21,211.77,571.0,12115500.0,211.225
601888.SH,2022-12-06,0.0,211.27,211.64,211.11,1693.0,35746600.0,211.223
601888.SH,2022-12-06,0.0,210.7,211.22,210.7,1148.0,24220700.0,211.221
601888.SH,2022-12-06,0.0,211.8,212.07,211.0,675.0,14264900.0,211.222
601888.SH,2022-12-06,0.0,212.0,212.06,211.56,601.0,12726700.0,211.224
601888.SH,2022-12-06,0.0,211.9,212.13,211.48,785.0,16635500.0,211.229
601888.SH,2022-12-06,0.0,212.09,212.09,211.59,656.0,13896000.0,211.233
601888.SH,2022-12-06,0.0,212.0,212.34,211.28,848.0,17968900.0,211.237
601888.SH,2022-12-06,0.0,212.14,212.14,211.54,700.0,14840900.0,211.242
601888.SH,2022-12-06,0.0,212.5,212.5,212.27,592.0,12575600.0,211.247
601888.SH,2022-12-06,0.0,212.23,212.6,212.02,567.0,12039900.0,211.252
601888.SH,2022-12-06,0.0,212.38,212.4,211.88,542.0,11506700.0,211.256
601888.SH,2022-12-06,0.0,212.0,212.12,211.87,355.0,7518470.0,211.259
601888.SH,2022-12-06,0.0,211.93,212.06,211.92,296.0,6284210.0,211.26
601888.SH,2022-12-06,0.0,211.6,211.99,211.6,345.0,7306720.0,211.262
601888.SH,2022-12-06,0.0,211.88,211.88,211.6,227.0,4808610.0,211.263
601888.SH,2022-12-06,0.0,212.43,212.43,211.88,381.0,8070580.0,211.265
601888.SH,2022-12-06,0.0,211.96,212.43,211.96,452.0,9589740.0,211.268
601888.SH,2022-12-06,0.0,212.19,212.19,211.74,462.0,9792040.0,211.271
601888.SH,2022-12-06,0.0,211.85,212.28,211.83,211.0,4475940.0,211.272
601888.SH,2022-12-06,0.0,212.09,212.09,211.86,429.0,9093380.0,211.275
601888.SH,2022-12-06,0.0,211.85,212.15,211.85,406.0,8609730.0,211.277
601888.SH,2022-12-06,0.0,211.15,211.8,211.1,308.0,6511400.0,211.277
601888.SH,2022-12-06,0.0,211.27,211.31,211.1,185.0,3907940.0,211.277
601888.SH,2022-12-06,0.0,211.27,211.29,211.21,200.0,4225030.0,211.277
601888.SH,2022-12-06,0.0,211.21,211.27,211.0,277.0,5847600.0,211.277
601888.SH,2022-12-06,0.0,211.19,211.2,211.07,175.0,3695300.0,211.277
601888.SH,2022-12-06,0.0,211.15,211.21,211.15,238.0,5026270.0,211.277
601888.SH,2022-12-06,0.0,210.7,211.14,210.7,728.0,15359500.0,211.275
601888.SH,2022-12-06,0.0,210.85,210.88,210.66,383.0,8070260.0,211.273
601888.SH,2022-12-06,0.0,211.16,211.2,210.85,480.0,10129100.0,211.272
601888.SH,2022-12-06,0.0,210.74,211.17,210.7,422.0,8897650.0,211.271
601888.SH,2022-12-06,0.0,210.7,210.92,210.7,936.0,19743500.0,211.269
601888.SH,2022-12-06,0.0,210.79,210.8,210.7,153.0,3224520.0,211.268
601888.SH,2022-12-06,0.0,210.7,210.76,210.68,175.0,3687550.0,211.267
601888.SH,2022-12-06,0.0,210.48,210.68,210.48,552.0,11623500.0,211.264
601888.SH,2022-12-06,0.0,210.19,210.43,210.19,463.0,9736610.0,211.261
601888.SH,2022-12-06,0.0,210.16,210.29,210.11,526.0,11055700.0,211.257
601888.SH,2022-12-06,0.0,210.14,210.2,210.11,277.0,5820560.0,211.255
601888.SH,2022-12-06,0.0,210.24,210.24,210.13,238.0,5002180.0,211.253
601888.SH,2022-12-06,0.0,210.22,210.28,210.2,345.0,7252740.0,211.25
601888.SH,2022-12-06,0.0,210.28,210.28,210.04,1053.0,22129200.0,211.242
601888.SH,2022-12-06,0.0,209.49,210.28,209.49,1352.0,28380200.0,211.229
601888.SH,2022-12-06,0.0,208.76,209.49,208.68,1122.0,23449000.0,211.211
601888.SH,2022-12-06,0.0,209.34,209.34,208.76,488.0,10203000.0,211.203
601888.SH,2022-12-06,0.0,209.69,209.69,209.25,247.0,5174260.0,211.2
601888.SH,2022-12-06,0.0,209.04,209.5,209.04,410.0,8583870.0,211.194
601888.SH,2022-12-06,0.0,208.89,209.04,208.89,316.0,6603030.0,211.189
601888.SH,2022-12-06,0.0,209.38,209.38,208.89,474.0,9904960.0,211.182
601888.SH,2022-12-06,0.0,209.13,209.5,209.13,190.0,3978170.0,211.179
601888.SH,2022-12-06,0.0,209.1,209.2,209.1,257.0,5374920.0,211.176
601888.SH,2022-12-06,0.0,209.2,209.2,209.1,271.0,5667970.0,211.172
601888.SH,2022-12-06,0.0,209.21,209.23,209.17,287.0,6003860.0,211.168
601888.SH,2022-12-06,0.0,209.06,209.2,209.05,380.0,7946130.0,211.162
601888.SH,2022-12-06,0.0,209.17,209.17,209.03,202.0,4223560.0,211.159
601888.SH,2022-12-06,0.0,209.33,209.33,209.2,226.0,4728760.0,211.156
601888.SH,2022-12-06,0.0,209.65,209.86,209.33,235.0,4924190.0,211.154
601888.SH,2022-12-06,0.0,209.95,210.2,209.86,333.0,6992140.0,211.151
601888.SH,2022-12-06,0.0,210.06,210.1,209.91,270.0,5670220.0,211.149
601888.SH,2022-12-06,0.0,209.71,210.08,209.64,451.0,9466680.0,211.145
601888.SH,2022-12-06,0.0,209.94,210.0,209.72,259.0,5434060.0,211.143
601888.SH,2022-12-06,0.0,210.05,210.05,209.91,664.0,13943800.0,211.137
601888.SH,2022-12-06,0.0,210.37,210.37,210.09,215.0,4509630.0,211.136
601888.SH,2022-12-06,0.0,210.16,210.42,210.16,370.0,7770220.0,211.134
601888.SH,2022-12-06,0.0,210.16,210.37,210.15,278.0,5844370.0,211.132
601888.SH,2022-12-06,0.0,209.89,210.16,209.89,690.0,14492500.0,211.127
601888.SH,2022-12-06,0.0,209.76,210.0,209.76,211.0,4428290.0,211.125
601888.SH,2022-12-06,0.0,209.77,209.79,209.73,243.0,5097310.0,211.123
601888.SH,2022-12-06,0.0,209.9,209.9,209.77,315.0,6609230.0,211.12
601888.SH,2022-12-06,0.0,209.85,209.87,209.79,337.0,7072080.0,211.117
601888.SH,2022-12-06,0.0,209.99,209.99,209.85,352.0,7379210.0,211.114
601888.SH,2022-12-06,0.0,209.96,209.99,209.89,467.0,9797790.0,211.111
601888.SH,2022-12-06,0.0,209.87,209.9,209.81,514.0,10789700.0,211.107
601888.SH,2022-12-06,0.0,209.87,209.9,209.85,298.0,6254540.0,211.104
601888.SH,2022-12-06,0.0,209.46,209.86,209.46,302.0,6333290.0,211.101
601888.SH,2022-12-06,0.0,209.09,209.5,209.06,379.0,7927640.0,211.097
601888.SH,2022-12-06,0.0,209.36,209.36,209.07,280.0,5857600.0,211.093
601888.SH,2022-12-06,0.0,209.48,209.66,209.32,428.0,8969410.0,211.089
601888.SH,2022-12-06,0.0,209.35,209.58,209.2,191.0,3998870.0,211.087
601888.SH,2022-12-06,0.0,209.41,209.45,209.35,182.0,3811260.0,211.084
601888.SH,2022-12-06,0.0,209.31,209.42,209.31,155.0,3245370.0,211.083
601888.SH,2022-12-06,0.0,209.1,209.31,209.1,226.0,4726420.0,211.08
601888.SH,2022-12-06,0.0,209.52,209.58,209.1,470.0,9838960.0,211.074
601888.SH,2022-12-06,0.0,209.5,209.7,209.5,244.0,5113280.0,211.072
601888.SH,2022-12-06,0.0,209.5,209.66,209.39,298.0,6244270.0,211.069
601888.SH,2022-12-06,0.0,209.42,209.51,209.22,185.0,3873420.0,211.067
601888.SH,2022-12-06,0.0,209.76,209.76,209.38,257.0,5386300.0,211.064
601888.SH,2022-12-06,0.0,209.87,209.9,209.76,323.0,6777810.0,211.062
601888.SH,2022-12-06,0.0,209.94,209.96,209.82,203.0,4260560.0,211.06
601888.SH,2022-12-06,0.0,209.96,210.0,209.88,437.0,9175660.0,211.057
601888.SH,2022-12-06,0.0,209.83,209.98,209.82,162.0,3400230.0,211.056
601888.SH,2022-12-06,0.0,209.22,209.83,209.19,221.0,4631260.0,211.054
601888.SH,2022-12-06,0.0,209.35,209.35,209.18,289.0,6046120.0,211.05
601888.SH,2022-12-06,0.0,209.7,209.79,209.27,390.0,8172440.0,211.047
601888.SH,2022-12-06,0.0,209.53,209.73,209.52,418.0,8763260.0,211.043
601888.SH,2022-12-06,0.0,209.54,209.69,209.35,236.0,4945240.0,211.041
601888.SH,2022-12-06,0.0,209.38,209.6,209.36,252.0,5277370.0,211.038
601888.SH,2022-12-06,0.0,209.39,209.52,209.39,257.0,5382800.0,211.035
601888.SH,2022-12-06,0.0,209.4,209.49,209.34,227.0,4753530.0,211.033
601888.SH,2022-12-06,0.0,209.42,209.42,209.34,130.0,2721940.0,211.032
601888.SH,2022-12-06,0.0,209.51,209.52,209.4,275.0,5759880.0,211.029
601888.SH,2022-12-06,0.0,209.61,209.73,209.51,300.0,6289210.0,211.026
601888.SH,2022-12-06,0.0,209.57,209.68,209.54,229.0,4799780.0,211.024
601888.SH,2022-12-06,0.0,209.2,209.56,209.2,341.0,7140740.0,211.021
601888.SH,2022-12-06,0.0,209.18,209.22,209.16,320.0,6694400.0,211.017
601888.SH,2022-12-06,0.0,209.27,209.27,209.17,267.0,5586030.0,211.014
601888.SH,2022-12-06,0.0,209.38,209.38,209.27,132.0,2765150.0,211.013
601888.SH,2022-12-06,0.0,209.38,209.41,209.38,349.0,7307970.0,211.009
601888.SH,2022-12-06,0.0,209.4,209.42,209.38,204.0,4271590.0,211.007
601888.SH,2022-12-06,0.0,209.37,209.38,209.25,269.0,5631140.0,211.004
601888.SH,2022-12-06,0.0,208.95,209.3,208.92,680.0,14215000.0,210.996
601888.SH,2022-12-06,0.0,209.01,209.01,208.9,685.0,14315600.0,210.987
601888.SH,2022-12-06,0.0,209.15,209.2,209.01,300.0,6272160.0,210.984
601888.SH,2022-12-06,0.0,209.11,209.14,209.11,149.0,3115970.0,210.982
601888.SH,2022-12-06,0.0,208.87,209.11,208.87,282.0,5893580.0,210.978
601888.SH,2022-12-06,0.0,208.57,208.86,208.57,232.0,4841550.0,210.975
601888.SH,2022-12-06,0.0,208.4,208.56,208.36,529.0,11030800.0,210.967
601888.SH,2022-12-06,0.0,208.39,208.52,208.39,643.0,13403300.0,210.957
601888.SH,2022-12-06,0.0,208.32,208.38,208.32,533.0,11104800.0,210.949
601888.SH,2022-12-06,0.0,208.18,208.3,208.16,517.0,10763800.0,210.94
601888.SH,2022-12-06,0.0,208.22,208.22,208.11,1069.0,22253500.0,210.922
601888.SH,2022-12-06,0.0,208.53,208.72,208.2,471.0,9817550.0,210.915
601888.SH,2022-12-06,0.0,208.4,208.58,208.4,256.0,5337800.0,210.911
601888.SH,2022-12-06,0.0,208.21,208.39,208.0,675.0,14052500.0,210.9
601888.SH,2022-12-06,0.0,208.16,208.17,207.99,1292.0,26881500.0,210.878
601888.SH,2022-12-06,0.0,208.75,208.83,208.16,476.0,9920060.0,210.871
601888.SH,2022-12-06,0.0,208.78,208.84,208.75,299.0,6242870.0,210.867
601888.SH,2022-12-06,0.0,208.96,208.96,208.77,429.0,8959640.0,210.862
601888.SH,2022-12-06,0.0,209.13,209.13,208.96,269.0,5623090.0,210.859
601888.SH,2022-12-06,0.0,209.16,209.16,209.07,413.0,8637280.0,210.855
601888.SH,2022-12-06,0.0,209.1,209.16,209.02,289.0,6043130.0,210.852
601888.SH,2022-12-06,0.0,208.91,209.03,208.91,318.0,6646080.0,210.849
601888.SH,2022-12-06,0.0,209.04,209.04,208.96,353.0,7377760.0,210.845
601888.SH,2022-12-06,0.0,209.0,209.06,209.0,200.0,4180490.0,210.843
601888.SH,2022-12-06,0.0,209.6,209.6,209.0,424.0,8870750.0,210.839
601888.SH,2022-12-06,0.0,209.2,209.6,209.1,209.0,4376440.0,210.837
601888.SH,2022-12-06,0.0,208.6,209.11,208.58,502.0,10489500.0,210.831
601888.SH,2022-12-06,0.0,208.73,208.73,208.5,409.0,8531840.0,210.826
601888.SH,2022-12-06,0.0,208.81,208.87,208.73,165.0,3445320.0,210.824
601888.SH,2022-12-06,0.0,208.82,208.85,208.78,194.0,4050850.0,210.822
601888.SH,2022-12-06,0.0,208.89,208.99,208.79,248.0,5179700.0,210.819
601888.SH,2022-12-06,0.0,209.12,209.5,209.0,318.0,6652130.0,210.816
601888.SH,2022-12-06,0.0,209.2,209.31,209.13,320.0,6696790.0,210.813
601888.SH,2022-12-06,0.0,209.25,209.25,209.17,197.0,4121380.0,210.811
601888.SH,2022-12-06,0.0,209.17,209.26,209.17,213.0,4456110.0,210.809
601888.SH,2022-12-06,0.0,209.06,209.18,209.06,334.0,6984800.0,210.806
601888.SH,2022-12-06,0.0,209.0,209.07,209.0,251.0,5246560.0,210.804
601888.SH,2022-12-06,0.0,209.0,209.02,209.0,404.0,8443770.0,210.799
601888.SH,2022-12-06,0.0,208.92,209.0,208.92,288.0,6018810.0,210.796
601888.SH,2022-12-06,0.0,208.93,209.0,208.91,302.0,6310430.0,210.793
601888.SH,2022-12-06,0.0,208.97,208.99,208.92,285.0,5955430.0,210.79
601888.SH,2022-12-06,0.0,209.01,209.02,208.98,281.0,5872830.0,210.787
601888.SH,2022-12-06,0.0,209.1,209.1,209.0,373.0,7796980.0,210.784
601888.SH,2022-12-06,0.0,209.17,209.18,209.05,268.0,5604900.0,210.781
601888.SH,2022-12-06,0.0,209.3,209.3,209.19,409.0,8558340.0,210.778
601888.SH,2022-12-06,0.0,209.63,209.63,209.3,391.0,8196220.0,210.775
601888.SH,2022-12-06,0.0,209.75,209.75,209.58,226.0,4738990.0,210.773
601888.SH,2022-12-06,0.0,209.88,209.9,209.7,839.0,17611000.0,210.769
601888.SH,2022-12-06,0.0,209.88,209.88,209.88,0.0,0.0,210.769
601888.SH,2022-12-06,0.0,209.88,209.88,209.88,0.0,0.0,210.769
601888.SH,2022-12-06,0.0,210.0,210.0,210.0,1317.0,27657000.0,210.763
601888.SH,2022-12-07,0.0,213.0,213.0,213.0,1083.0,23059600.0,213.0
601888.SH,2022-12-07,0.0,213.5,214.79,212.9,4783.0,102263000.0,213.661
601888.SH,2022-12-07,0.0,211.0,213.49,211.0,3376.0,71834800.0,213.351
601888.SH,2022-12-07,0.0,212.26,212.8,211.11,1808.0,38341800.0,213.141
601888.SH,2022-12-07,0.0,211.71,212.0,211.11,2080.0,44014000.0,212.89
601888.SH,2022-12-07,0.0,211.06,211.71,211.06,1665.0,35191000.0,212.724
601888.SH,2022-12-07,0.0,211.0,211.31,210.5,1647.0,34742900.0,212.542
601888.SH,2022-12-07,0.0,210.05,210.96,210.0,1759.0,37017100.0,212.338
601888.SH,2022-12-07,0.0,210.53,210.55,209.95,1346.0,28284900.0,212.183
601888.SH,2022-12-07,0.0,211.7,211.7,210.55,1083.0,22840100.0,212.115
601888.SH,2022-12-07,0.0,212.49,212.49,211.66,1239.0,26279900.0,212.115
601888.SH,2022-12-07,0.0,212.11,212.5,212.1,1108.0,23530800.0,212.127
601888.SH,2022-12-07,0.0,212.3,212.43,212.12,501.0,10638900.0,212.132
601888.SH,2022-12-07,0.0,213.0,213.11,212.36,1432.0,30474800.0,212.171
601888.SH,2022-12-07,0.0,213.99,214.22,213.08,1752.0,37462700.0,212.282
601888.SH,2022-12-07,0.0,213.53,214.2,213.06,1529.0,32701900.0,212.368
601888.SH,2022-12-07,0.0,214.44,214.44,213.62,1201.0,25683800.0,212.431
601888.SH,2022-12-07,0.0,213.14,214.31,213.14,1816.0,38843000.0,212.516
601888.SH,2022-12-07,0.0,213.48,213.6,213.15,680.0,14513600.0,212.535
601888.SH,2022-12-07,0.0,212.32,213.54,212.32,784.0,16702800.0,212.548
601888.SH,2022-12-07,0.0,212.0,212.22,211.68,670.0,14200900.0,212.536
601888.SH,2022-12-07,0.0,214.2,214.2,211.87,1970.0,41962900.0,212.56
601888.SH,2022-12-07,0.0,213.9,214.27,213.58,1278.0,27345400.0,212.611
601888.SH,2022-12-07,0.0,212.71,213.87,212.71,493.0,10519800.0,212.621
601888.SH,2022-12-07,0.0,213.21,213.21,212.56,715.0,15217100.0,212.625
601888.SH,2022-12-07,0.0,212.56,213.18,212.56,777.0,16542500.0,212.631
601888.SH,2022-12-07,0.0,212.58,213.0,212.14,1108.0,23547800.0,212.628
601888.SH,2022-12-07,0.0,211.6,212.57,211.6,689.0,14610000.0,212.618
601888.SH,2022-12-07,0.0,212.57,212.57,211.5,591.0,12524400.0,212.608
601888.SH,2022-12-07,0.0,211.52,212.58,211.52,494.0,10470900.0,212.6
601888.SH,2022-12-07,0.0,210.8,211.38,210.8,880.0,18572600.0,212.568
601888.SH,2022-12-07,0.0,210.13,210.69,210.13,928.0,19534400.0,212.524
601888.SH,2022-12-07,0.0,210.41,210.55,210.08,1066.0,22413500.0,212.469
601888.SH,2022-12-07,0.0,210.03,210.43,210.01,882.0,18549300.0,212.425
601888.SH,2022-12-07,0.0,211.2,211.2,210.01,1361.0,28649200.0,212.369
601888.SH,2022-12-07,0.0,211.99,211.99,211.25,484.0,10246200.0,212.362
601888.SH,2022-12-07,0.0,212.01,212.35,211.77,598.0,12682100.0,212.358
601888.SH,2022-12-07,0.0,211.79,212.1,211.7,489.0,10365200.0,212.354
601888.SH,2022-12-07,0.0,212.66,212.66,211.78,587.0,12447600.0,212.35
601888.SH,2022-12-07,0.0,212.29,212.81,212.2,439.0,9333660.0,212.353
601888.SH,2022-12-07,0.0,212.75,212.75,212.29,660.0,14009900.0,212.354
601888.SH,2022-12-07,0.0,213.8,213.8,212.74,1135.0,24227100.0,212.378
601888.SH,2022-12-07,0.0,214.28,214.28,213.82,1965.0,42053300.0,212.438
601888.SH,2022-12-07,0.0,213.98,214.26,213.2,1358.0,29045500.0,212.475
601888.SH,2022-12-07,0.0,213.63,213.8,213.43,536.0,11452000.0,212.486
601888.SH,2022-12-07,0.0,213.43,213.8,213.15,651.0,13906200.0,212.499
601888.SH,2022-12-07,0.0,212.9,213.31,212.9,409.0,8718630.0,212.504
601888.SH,2022-12-07,0.0,213.06,213.31,212.78,617.0,13148200.0,212.511
601888.SH,2022-12-07,0.0,213.5,213.59,213.06,525.0,11206900.0,212.52
601888.SH,2022-12-07,0.0,212.93,213.6,212.69,623.0,13278700.0,212.526
601888.SH,2022-12-07,0.0,213.08,213.08,212.68,584.0,12440800.0,212.529
601888.SH,2022-12-07,0.0,213.2,213.3,213.1,292.0,6224460.0,212.533
601888.SH,2022-12-07,0.0,213.3,213.3,213.13,478.0,10193500.0,212.538
601888.SH,2022-12-07,0.0,214.26,214.26,213.3,1149.0,24560200.0,212.562
601888.SH,2022-12-07,0.0,214.27,214.44,214.11,1474.0,31597700.0,212.605
601888.SH,2022-12-07,0.0,213.88,214.3,213.62,704.0,15070000.0,212.621
601888.SH,2022-12-07,0.0,214.15,214.15,213.61,703.0,15045200.0,212.637
601888.SH,2022-12-07,0.0,213.35,214.15,213.31,579.0,12385000.0,212.648
601888.SH,2022-12-07,0.0,213.66,214.0,213.36,206.0,4399680.0,212.651
601888.SH,2022-12-07,0.0,214.1,214.11,213.66,461.0,9864970.0,212.661
601888.SH,2022-12-07,0.0,214.06,214.16,213.67,369.0,7897670.0,212.669
601888.SH,2022-12-07,0.0,214.06,214.06,213.67,321.0,6868460.0,212.675
601888.SH,2022-12-07,0.0,213.89,214.05,213.86,231.0,4942990.0,212.68
601888.SH,2022-12-07,0.0,213.9,213.9,213.8,516.0,11034600.0,212.689
601888.SH,2022-12-07,0.0,213.8,213.9,213.7,266.0,5687440.0,212.694
601888.SH,2022-12-07,0.0,213.61,213.73,213.59,433.0,9245910.0,212.699
601888.SH,2022-12-07,0.0,213.69,214.0,213.55,379.0,8101440.0,212.705
601888.SH,2022-12-07,0.0,213.92,213.98,213.61,536.0,11460800.0,212.714
601888.SH,2022-12-07,0.0,214.09,214.09,213.83,302.0,6461580.0,212.719
601888.SH,2022-12-07,0.0,213.86,214.09,213.86,249.0,5328600.0,212.724
601888.SH,2022-12-07,0.0,213.0,213.85,213.0,387.0,8257130.0,212.728
601888.SH,2022-12-07,0.0,213.0,213.21,212.88,690.0,14703600.0,212.731
601888.SH,2022-12-07,0.0,212.79,213.0,212.77,189.0,4022800.0,212.732
601888.SH,2022-12-07,0.0,212.0,212.79,212.0,1371.0,29116000.0,212.725
601888.SH,2022-12-07,0.0,212.4,212.5,212.0,449.0,9532040.0,212.722
601888.SH,2022-12-07,0.0,212.2,212.43,212.18,314.0,6667100.0,212.72
601888.SH,2022-12-07,0.0,212.74,212.8,212.0,775.0,16447000.0,212.715
601888.SH,2022-12-07,0.0,213.56,213.56,212.74,644.0,13716600.0,212.717
601888.SH,2022-12-07,0.0,212.46,213.53,212.46,346.0,7372630.0,212.719
601888.SH,2022-12-07,0.0,212.44,212.5,212.31,321.0,6818580.0,212.718
601888.SH,2022-12-07,0.0,212.42,212.71,212.35,290.0,6161670.0,212.717
601888.SH,2022-12-07,0.0,212.25,212.42,212.25,288.0,6115090.0,212.715
601888.SH,2022-12-07,0.0,212.59,212.59,212.2,343.0,7283760.0,212.714
601888.SH,2022-12-07,0.0,212.91,212.98,212.59,379.0,8058070.0,212.713
601888.SH,2022-12-07,0.0,212.63,212.95,212.63,110.0,2341280.0,212.713
601888.SH,2022-12-07,0.0,212.92,212.92,212.42,350.0,7440210.0,212.713
601888.SH,2022-12-07,0.0,213.38,213.48,212.92,439.0,9355120.0,212.715
601888.SH,2022-12-07,0.0,212.9,213.42,212.81,370.0,7882920.0,212.717
601888.SH,2022-12-07,0.0,212.82,212.83,212.72,240.0,5108260.0,212.717
601888.SH,2022-12-07,0.0,212.99,213.01,212.69,213.0,4532600.0,212.717
601888.SH,2022-12-07,0.0,213.38,213.38,213.01,257.0,5480770.0,212.719
601888.SH,2022-12-07,0.0,213.05,213.34,213.01,213.0,4540970.0,212.72
601888.SH,2022-12-07,0.0,213.1,213.42,213.03,394.0,8397960.0,212.723
601888.SH,2022-12-07,0.0,212.7,213.11,212.55,305.0,6494220.0,212.723
601888.SH,2022-12-07,0.0,212.32,212.71,212.32,326.0,6928080.0,212.722
601888.SH,2022-12-07,0.0,212.42,212.42,212.05,753.0,15982800.0,212.718
601888.SH,2022-12-07,0.0,212.01,212.44,212.0,339.0,7193850.0,212.716
601888.SH,2022-12-07,0.0,212.14,212.43,212.01,244.0,5177130.0,212.714
601888.SH,2022-12-07,0.0,212.34,212.37,212.02,189.0,4010340.0,212.713
601888.SH,2022-12-07,0.0,212.51,212.51,212.02,298.0,6323260.0,212.711
601888.SH,2022-12-07,0.0,212.09,212.22,212.01,215.0,4559780.0,212.709
601888.SH,2022-12-07,0.0,212.07,212.07,211.9,421.0,8924220.0,212.705
601888.SH,2022-12-07,0.0,212.12,212.12,212.0,164.0,3477670.0,212.704
601888.SH,2022-12-07,0.0,212.06,212.12,212.06,271.0,5747840.0,212.702
601888.SH,2022-12-07,0.0,212.08,212.13,212.06,183.0,3884750.0,212.701
601888.SH,2022-12-07,0.0,212.14,212.18,212.06,149.0,3160330.0,212.7
601888.SH,2022-12-07,0.0,212.51,212.6,212.15,417.0,8860630.0,212.698
601888.SH,2022-12-07,0.0,212.52,212.54,212.5,133.0,2826480.0,212.698
601888.SH,2022-12-07,0.0,212.52,212.58,212.5,250.0,5313060.0,212.697
601888.SH,2022-12-07,0.0,212.38,212.52,212.38,196.0,4164710.0,212.697
601888.SH,2022-12-07,0.0,212.34,212.34,211.99,445.0,9437120.0,212.693
601888.SH,2022-12-07,0.0,212.24,212.61,212.13,236.0,5012250.0,212.693
601888.SH,2022-12-07,0.0,212.16,212.58,212.16,219.0,4650660.0,212.692
601888.SH,2022-12-07,0.0,212.0,212.26,212.0,399.0,8460220.0,212.689
601888.SH,2022-12-07,0.0,212.0,212.12,212.0,149.0,3159380.0,212.687
601888.SH,2022-12-07,0.0,211.89,212.01,211.89,152.0,3222180.0,212.686
601888.SH,2022-12-07,0.0,211.99,212.0,211.82,114.0,2415390.0,212.685
601888.SH,2022-12-07,0.0,212.05,212.08,211.99,298.0,6318630.0,212.683
601888.SH,2022-12-07,0.0,212.41,212.48,212.09,128.0,2717080.0,212.682
601888.SH,2022-12-07,0.0,212.5,212.5,212.36,101.0,2145430.0,212.682
601888.SH,2022-12-07,0.0,212.55,212.55,212.43,149.0,3166470.0,212.682
601888.SH,2022-12-07,0.0,213.7,213.95,212.1,1715.0,36560400.0,212.691
601888.SH,2022-12-07,0.0,214.6,214.6,213.81,2493.0,53414300.0,212.735
601888.SH,2022-12-07,0.0,215.72,215.72,214.59,5592.0,120265000.0,212.873
601888.SH,2022-12-07,0.0,216.61,216.66,215.77,3461.0,74851504.0,212.993
601888.SH,2022-12-07,0.0,215.69,216.7,215.69,1591.0,34427100.0,213.047
601888.SH,2022-12-07,0.0,216.86,216.88,215.31,1525.0,32970200.0,213.095
601888.SH,2022-12-07,0.0,217.8,218.0,216.83,4880.0,106058000.0,213.291
601888.SH,2022-12-07,0.0,217.67,218.0,217.54,2379.0,51825700.0,213.391
601888.SH,2022-12-07,0.0,216.64,217.75,216.59,1466.0,31844100.0,213.443
601888.SH,2022-12-07,0.0,215.41,216.59,215.01,773.0,16666800.0,213.458
601888.SH,2022-12-07,0.0,215.99,215.99,215.02,1263.0,27192000.0,213.479
601888.SH,2022-12-07,0.0,216.0,216.0,215.35,1029.0,22200400.0,213.5
601888.SH,2022-12-07,0.0,215.72,215.99,215.51,884.0,19084900.0,213.519
601888.SH,2022-12-07,0.0,216.54,216.54,215.55,1016.0,21964400.0,213.542
601888.SH,2022-12-07,0.0,216.4,216.58,216.37,1374.0,29749300.0,213.578
601888.SH,2022-12-07,0.0,215.7,216.4,215.58,793.0,17123100.0,213.594
601888.SH,2022-12-07,0.0,216.06,216.28,215.67,906.0,19573200.0,213.612
601888.SH,2022-12-07,0.0,216.58,216.58,216.27,538.0,11641000.0,213.625
601888.SH,2022-12-07,0.0,216.04,216.58,216.0,787.0,17017000.0,213.643
601888.SH,2022-12-07,0.0,216.2,216.43,216.09,541.0,11700400.0,213.654
601888.SH,2022-12-07,0.0,216.29,216.34,216.18,691.0,14940900.0,213.669
601888.SH,2022-12-07,0.0,216.11,216.19,216.05,380.0,8211580.0,213.677
601888.SH,2022-12-07,0.0,216.1,216.13,215.83,1417.0,30614700.0,213.704
601888.SH,2022-12-07,0.0,216.35,216.5,216.08,795.0,17198400.0,213.721
601888.SH,2022-12-07,0.0,216.3,216.5,216.12,482.0,10429700.0,213.732
601888.SH,2022-12-07,0.0,217.19,217.19,216.1,1907.0,41318800.0,213.777
601888.SH,2022-12-07,0.0,217.83,217.83,217.12,2097.0,45611000.0,213.838
601888.SH,2022-12-07,0.0,217.29,217.97,217.29,1456.0,31688900.0,213.881
601888.SH,2022-12-07,0.0,217.21,217.3,216.94,590.0,12809100.0,213.896
601888.SH,2022-12-07,0.0,217.1,217.5,217.04,1123.0,24397800.0,213.925
601888.SH,2022-12-07,0.0,217.52,217.52,217.0,1167.0,25351800.0,213.955
601888.SH,2022-12-07,0.0,217.92,217.92,217.5,1354.0,29478400.0,213.993
601888.SH,2022-12-07,0.0,218.1,218.22,217.88,4348.0,94807600.0,214.121
601888.SH,2022-12-07,0.0,218.1,218.25,217.89,1825.0,39795100.0,214.173
601888.SH,2022-12-07,0.0,217.8,218.1,217.7,1335.0,29094400.0,214.209
601888.SH,2022-12-07,0.0,218.01,218.01,217.72,1248.0,27200200.0,214.242
601888.SH,2022-12-07,0.0,217.6,218.0,217.6,1687.0,36757200.0,214.285
601888.SH,2022-12-07,0.0,217.0,217.49,216.64,1166.0,25308500.0,214.307
601888.SH,2022-12-07,0.0,216.56,217.0,216.56,981.0,21266600.0,214.324
601888.SH,2022-12-07,0.0,215.92,216.6,215.92,877.0,18971000.0,214.336
601888.SH,2022-12-07,0.0,215.8,216.0,215.8,913.0,19707700.0,214.345
601888.SH,2022-12-07,0.0,214.58,215.85,214.14,1534.0,32961200.0,214.351
601888.SH,2022-12-07,0.0,214.28,214.58,214.0,1135.0,24312600.0,214.35
601888.SH,2022-12-07,0.0,214.35,214.47,214.16,731.0,15659800.0,214.35
601888.SH,2022-12-07,0.0,214.89,214.9,214.47,808.0,17348700.0,214.352
601888.SH,2022-12-07,0.0,214.4,214.79,214.3,769.0,16495200.0,214.353
601888.SH,2022-12-07,0.0,213.8,214.35,213.8,840.0,17990100.0,214.352
601888.SH,2022-12-07,0.0,213.36,213.77,213.34,1251.0,26706900.0,214.345
601888.SH,2022-12-07,0.0,213.29,213.36,213.07,1979.0,42191100.0,214.33
601888.SH,2022-12-07,0.0,213.92,213.92,213.28,1048.0,22368000.0,214.324
601888.SH,2022-12-07,0.0,214.11,214.11,213.88,1845.0,39476400.0,214.32
601888.SH,2022-12-07,0.0,214.28,214.5,214.13,1497.0,32078000.0,214.32
601888.SH,2022-12-07,0.0,214.03,214.21,213.95,1759.0,37657600.0,214.317
601888.SH,2022-12-07,0.0,213.95,214.16,213.94,1590.0,34026100.0,214.314
601888.SH,2022-12-07,0.0,214.18,214.18,213.94,528.0,11301600.0,214.313
601888.SH,2022-12-07,0.0,214.82,214.82,214.0,499.0,10699600.0,214.313
601888.SH,2022-12-07,0.0,214.45,214.91,214.3,779.0,16722300.0,214.315
601888.SH,2022-12-07,0.0,214.62,214.62,214.45,378.0,8108840.0,214.315
601888.SH,2022-12-07,0.0,214.72,214.8,214.64,683.0,14666800.0,214.317
601888.SH,2022-12-07,0.0,213.97,214.93,213.97,1022.0,21936400.0,214.319
601888.SH,2022-12-07,0.0,213.88,213.97,213.83,717.0,15326900.0,214.317
601888.SH,2022-12-07,0.0,213.36,213.88,213.36,1459.0,31178100.0,214.311
601888.SH,2022-12-07,0.0,213.0,213.45,213.0,1322.0,28182500.0,214.303
601888.SH,2022-12-07,0.0,212.0,213.0,212.0,1815.0,38592200.0,214.286
601888.SH,2022-12-07,0.0,211.74,212.17,211.66,2876.0,60945200.0,214.247
601888.SH,2022-12-07,0.0,211.25,211.75,211.25,1608.0,34013600.0,214.222
601888.SH,2022-12-07,0.0,211.5,211.5,211.12,1010.0,21335200.0,214.205
601888.SH,2022-12-07,0.0,211.7,211.7,211.35,749.0,15836500.0,214.194
601888.SH,2022-12-07,0.0,211.35,211.69,211.31,846.0,17903200.0,214.182
601888.SH,2022-12-07,0.0,211.87,211.95,211.28,967.0,20456200.0,214.168
601888.SH,2022-12-07,0.0,212.25,212.28,211.86,530.0,11240200.0,214.162
601888.SH,2022-12-07,0.0,211.68,212.28,211.68,890.0,18865600.0,214.151
601888.SH,2022-12-07,0.0,211.99,211.99,211.72,321.0,6799650.0,214.147
601888.SH,2022-12-07,0.0,211.9,211.99,211.87,702.0,14869000.0,214.139
601888.SH,2022-12-07,0.0,211.74,211.94,211.73,427.0,9038670.0,214.133
601888.SH,2022-12-07,0.0,211.59,211.71,211.32,899.0,19012700.0,214.12
601888.SH,2022-12-07,0.0,211.39,211.7,211.35,776.0,16404500.0,214.109
601888.SH,2022-12-07,0.0,211.6,211.69,211.38,595.0,12573200.0,214.101
601888.SH,2022-12-07,0.0,212.02,212.02,211.69,532.0,11259800.0,214.094
601888.SH,2022-12-07,0.0,212.55,212.55,211.92,767.0,16278800.0,214.087
601888.SH,2022-12-07,0.0,212.36,213.0,212.28,828.0,17601200.0,214.08
601888.SH,2022-12-07,0.0,212.92,212.92,212.3,448.0,9522610.0,214.076
601888.SH,2022-12-07,0.0,212.6,212.96,212.6,971.0,20674300.0,214.07
601888.SH,2022-12-07,0.0,212.79,212.81,212.6,394.0,8382650.0,214.068
601888.SH,2022-12-07,0.0,212.9,212.91,212.74,638.0,13569600.0,214.064
601888.SH,2022-12-07,0.0,213.15,213.15,212.9,695.0,14807900.0,214.06
601888.SH,2022-12-07,0.0,212.97,213.35,212.97,730.0,15563800.0,214.057
601888.SH,2022-12-07,0.0,212.88,213.0,212.85,776.0,16525100.0,214.052
601888.SH,2022-12-07,0.0,212.37,212.86,212.2,1110.0,23618600.0,214.045
601888.SH,2022-12-07,0.0,212.18,212.24,212.08,574.0,12178300.0,214.039
601888.SH,2022-12-07,0.0,212.61,212.61,212.2,373.0,7922410.0,214.036
601888.SH,2022-12-07,0.0,212.64,212.64,212.41,427.0,9075960.0,214.033
601888.SH,2022-12-07,0.0,212.44,212.75,212.41,356.0,7567720.0,214.03
601888.SH,2022-12-07,0.0,212.5,212.5,212.39,384.0,8147590.0,214.027
601888.SH,2022-12-07,0.0,212.52,212.53,212.42,507.0,10774100.0,214.023
601888.SH,2022-12-07,0.0,212.9,212.9,212.53,475.0,10103700.0,214.02
601888.SH,2022-12-07,0.0,212.81,212.85,212.65,623.0,13254200.0,214.016
601888.SH,2022-12-07,0.0,212.67,212.81,212.66,343.0,7295010.0,214.014
601888.SH,2022-12-07,0.0,212.74,212.78,212.68,292.0,6211240.0,214.012
601888.SH,2022-12-07,0.0,212.99,213.29,212.78,587.0,12496400.0,214.008
601888.SH,2022-12-07,0.0,213.05,213.25,212.97,318.0,6775670.0,214.007
601888.SH,2022-12-07,0.0,213.22,213.24,212.99,592.0,12614800.0,214.004
601888.SH,2022-12-07,0.0,213.35,213.39,213.21,480.0,10235400.0,214.002
601888.SH,2022-12-07,0.0,213.88,213.88,213.33,1088.0,23251900.0,214.0
601888.SH,2022-12-07,0.0,214.45,214.5,214.0,1367.0,29283700.0,214.001
601888.SH,2022-12-07,0.0,214.51,214.63,214.15,739.0,15857700.0,214.003
601888.SH,2022-12-07,0.0,214.22,214.68,214.19,1009.0,21650300.0,214.006
601888.SH,2022-12-07,0.0,213.6,214.22,213.6,885.0,18942600.0,214.006
601888.SH,2022-12-07,0.0,213.81,214.02,213.53,543.0,11611500.0,214.006
601888.SH,2022-12-07,0.0,213.89,214.0,213.82,458.0,9796570.0,214.005
601888.SH,2022-12-07,0.0,214.03,214.03,213.85,442.0,9457640.0,214.005
601888.SH,2022-12-07,0.0,214.38,214.38,214.01,379.0,8115120.0,214.005
601888.SH,2022-12-07,0.0,214.65,214.65,214.3,661.0,14176700.0,214.007
601888.SH,2022-12-07,0.0,214.37,214.69,214.32,752.0,16131700.0,214.009
601888.SH,2022-12-07,0.0,214.4,214.5,214.34,452.0,9694190.0,214.01
601888.SH,2022-12-07,0.0,214.49,214.68,214.36,965.0,20696200.0,214.012
601888.SH,2022-12-07,0.0,214.5,214.6,214.36,1090.0,23390500.0,214.015
601888.SH,2022-12-07,0.0,214.52,214.52,214.52,6.0,128702.0,214.015
601888.SH,2022-12-07,0.0,214.52,214.52,214.52,0.0,0.0,214.015
601888.SH,2022-12-07,0.0,214.4,214.4,214.4,1332.0,28558100.0,214.017
601888.SH,2022-12-08,0.0,215.79,215.79,215.79,1887.0,40719600.0,215.79
601888.SH,2022-12-08,0.0,213.0,215.8,212.8,2859.0,61264200.0,214.884
601888.SH,2022-12-08,0.0,214.1,214.39,212.68,1579.0,33717100.0,214.543
601888.SH,2022-12-08,0.0,213.16,214.35,213.16,1566.0,33496800.0,214.424
601888.SH,2022-12-08,0.0,213.25,213.39,212.6,1580.0,33646600.0,214.174
601888.SH,2022-12-08,0.0,213.0,213.5,213.0,1161.0,24766000.0,214.074
601888.SH,2022-12-08,0.0,211.79,212.9,211.16,2188.0,46380900.0,213.717
601888.SH,2022-12-08,0.0,213.38,213.38,211.79,1233.0,26206800.0,213.62
601888.SH,2022-12-08,0.0,212.88,213.4,212.75,1220.0,25982400.0,213.568
601888.SH,2022-12-08,0.0,214.18,214.18,213.21,1414.0,30205900.0,213.573
601888.SH,2022-12-08,0.0,213.68,214.21,213.61,1088.0,23279000.0,213.597
601888.SH,2022-12-08,0.0,212.75,213.66,212.75,736.0,15693400.0,213.582
601888.SH,2022-12-08,0.0,212.11,212.7,212.01,756.0,16046500.0,213.53
601888.SH,2022-12-08,0.0,212.78,212.8,212.21,488.0,10368600.0,213.504
601888.SH,2022-12-08,0.0,212.3,212.83,212.3,783.0,16647500.0,213.47
601888.SH,2022-12-08,0.0,212.24,212.35,212.11,853.0,18103700.0,213.42
601888.SH,2022-12-08,0.0,212.95,212.95,212.16,598.0,12705300.0,213.394
601888.SH,2022-12-08,0.0,212.6,213.03,212.59,778.0,16554100.0,213.373
601888.SH,2022-12-08,0.0,212.54,212.59,212.43,620.0,13175300.0,213.35
601888.SH,2022-12-08,0.0,212.48,212.59,212.48,786.0,16704400.0,213.324
601888.SH,2022-12-08,0.0,212.83,212.83,212.46,545.0,11593700.0,213.306
601888.SH,2022-12-08,0.0,213.29,213.4,212.83,1119.0,23860800.0,213.302
601888.SH,2022-12-08,0.0,213.0,213.15,212.59,1230.0,26196200.0,213.284
601888.SH,2022-12-08,0.0,213.06,213.07,212.9,442.0,9414460.0,213.28
601888.SH,2022-12-08,0.0,213.0,213.1,212.9,593.0,12630900.0,213.274
601888.SH,2022-12-08,0.0,212.6,213.1,212.51,748.0,15919300.0,213.262
601888.SH,2022-12-08,0.0,212.4,212.73,212.3,633.0,13445100.0,213.244
601888.SH,2022-12-08,0.0,212.6,212.6,212.41,551.0,11711700.0,213.232
601888.SH,2022-12-08,0.0,213.6,213.88,212.75,857.0,18287200.0,213.235
601888.SH,2022-12-08,0.0,214.38,214.38,213.6,1576.0,33716600.0,213.266
601888.SH,2022-12-08,0.0,214.67,214.67,214.29,1588.0,34075100.0,213.327
601888.SH,2022-12-08,0.0,213.54,214.65,213.5,1094.0,23419600.0,213.351
601888.SH,2022-12-08,0.0,213.6,213.87,213.58,667.0,14251900.0,213.357
601888.SH,2022-12-08,0.0,213.43,213.61,213.38,455.0,9713520.0,213.359
601888.SH,2022-12-08,0.0,213.55,213.85,213.43,594.0,12687700.0,213.362
601888.SH,2022-12-08,0.0,213.32,213.61,213.31,467.0,9968880.0,213.363
601888.SH,2022-12-08,0.0,213.75,213.85,213.45,338.0,7223300.0,213.366
601888.SH,2022-12-08,0.0,212.77,213.7,212.75,980.0,20886900.0,213.36
601888.SH,2022-12-08,0.0,212.7,212.77,212.6,358.0,7613480.0,213.354
601888.SH,2022-12-08,0.0,212.65,212.96,212.61,307.0,6529080.0,213.349
601888.SH,2022-12-08,0.0,212.99,213.24,212.67,271.0,5771820.0,213.346
601888.SH,2022-12-08,0.0,212.71,213.01,212.7,332.0,7070650.0,213.343
601888.SH,2022-12-08,0.0,212.85,212.99,212.7,263.0,5595400.0,213.339
601888.SH,2022-12-08,0.0,212.93,212.94,212.69,314.0,6675570.0,213.335
601888.SH,2022-12-08,0.0,212.96,212.98,212.93,295.0,6286150.0,213.332
601888.SH,2022-12-08,0.0,212.79,212.98,212.79,255.0,5428120.0,213.329
601888.SH,2022-12-08,0.0,212.8,212.8,212.71,272.0,5786780.0,213.325
601888.SH,2022-12-08,0.0,212.72,212.79,212.65,662.0,14084000.0,213.316
601888.SH,2022-12-08,0.0,212.8,212.9,212.66,367.0,7808440.0,213.311
601888.SH,2022-12-08,0.0,213.1,213.14,212.85,328.0,6983260.0,213.309
601888.SH,2022-12-08,0.0,212.69,213.0,212.67,306.0,6512930.0,213.305
601888.SH,2022-12-08,0.0,212.6,212.69,212.6,334.0,7101650.0,213.3
601888.SH,2022-12-08,0.0,212.34,212.6,212.25,777.0,16503500.0,213.284
601888.SH,2022-12-08,0.0,212.36,212.5,212.3,469.0,9957560.0,213.274
601888.SH,2022-12-08,0.0,212.22,212.6,212.22,611.0,12975700.0,213.262
601888.SH,2022-12-08,0.0,211.85,212.21,211.77,1261.0,26731700.0,213.227
601888.SH,2022-12-08,0.0,211.8,211.85,211.76,383.0,8112230.0,213.216
601888.SH,2022-12-08,0.0,211.42,211.8,211.42,523.0,11074200.0,213.197
601888.SH,2022-12-08,0.0,211.08,211.41,211.08,1300.0,27454100.0,213.144
601888.SH,2022-12-08,0.0,211.4,211.4,211.01,991.0,20912800.0,213.103
601888.SH,2022-12-08,0.0,211.7,211.7,211.4,400.0,8459680.0,213.091
601888.SH,2022-12-08,0.0,211.71,211.8,211.64,405.0,8574140.0,213.079
601888.SH,2022-12-08,0.0,211.91,212.0,211.71,461.0,9769210.0,213.069
601888.SH,2022-12-08,0.0,211.74,211.89,211.71,368.0,7794970.0,213.059
601888.SH,2022-12-08,0.0,211.87,211.87,211.72,353.0,7475440.0,213.051
601888.SH,2022-12-08,0.0,212.28,212.28,211.87,263.0,5579660.0,213.045
601888.SH,2022-12-08,0.0,212.22,212.36,212.22,284.0,6029790.0,213.041
601888.SH,2022-12-08,0.0,212.11,212.26,212.07,258.0,5473960.0,213.037
601888.SH,2022-12-08,0.0,212.48,212.48,212.11,344.0,7304660.0,213.032
601888.SH,2022-12-08,0.0,212.24,212.48,212.23,238.0,5053890.0,213.029
601888.SH,2022-12-08,0.0,212.44,212.44,212.12,375.0,7958680.0,213.023
601888.SH,2022-12-08,0.0,212.5,212.6,212.2,261.0,5545390.0,213.021
601888.SH,2022-12-08,0.0,213.28,213.28,212.6,406.0,8650790.0,213.02
601888.SH,2022-12-08,0.0,212.88,213.3,212.88,534.0,11379400.0,213.021
601888.SH,2022-12-08,0.0,212.95,213.0,212.51,270.0,5743920.0,213.019
601888.SH,2022-12-08,0.0,213.08,213.19,212.96,283.0,6030030.0,213.02
601888.SH,2022-12-08,0.0,212.93,213.05,212.93,369.0,7859480.0,213.019
601888.SH,2022-12-08,0.0,212.86,212.93,212.74,605.0,12878800.0,213.018
601888.SH,2022-12-08,0.0,213.3,213.3,212.74,620.0,13210300.0,213.018
601888.SH,2022-12-08,0.0,213.61,213.75,213.3,619.0,13222800.0,213.025
601888.SH,2022-12-08,0.0,213.3,213.61,213.0,478.0,10202800.0,213.028
601888.SH,2022-12-08,0.0,213.5,213.59,213.12,455.0,9708440.0,213.031
601888.SH,2022-12-08,0.0,213.0,213.5,213.0,215.0,4583670.0,213.032
601888.SH,2022-12-08,0.0,213.02,213.16,213.0,146.0,3106430.0,213.032
601888.SH,2022-12-08,0.0,212.87,213.03,212.87,395.0,8418030.0,213.032
601888.SH,2022-12-08,0.0,212.88,212.94,212.67,162.0,3447300.0,213.031
601888.SH,2022-12-08,0.0,213.5,213.5,212.88,366.0,7800800.0,213.032
601888.SH,2022-12-08,0.0,213.1,213.49,213.0,357.0,7614860.0,213.033
601888.SH,2022-12-08,0.0,212.81,213.1,212.81,243.0,5175140.0,213.033
601888.SH,2022-12-08,0.0,212.65,212.8,212.65,158.0,3360840.0,213.032
601888.SH,2022-12-08,0.0,212.57,212.66,212.57,151.0,3210350.0,213.031
601888.SH,2022-12-08,0.0,212.57,212.68,212.57,199.0,4230760.0,213.03
601888.SH,2022-12-08,0.0,212.52,212.62,212.51,172.0,3656150.0,213.028
601888.SH,2022-12-08,0.0,212.11,212.46,212.11,201.0,4267620.0,213.026
601888.SH,2022-12-08,0.0,212.9,212.9,212.09,396.0,8410320.0,213.022
601888.SH,2022-12-08,0.0,212.5,213.0,212.5,388.0,8254800.0,213.02
601888.SH,2022-12-08,0.0,212.87,212.98,212.38,704.0,14965200.0,213.015
601888.SH,2022-12-08,0.0,213.0,213.16,212.85,401.0,8541640.0,213.015
601888.SH,2022-12-08,0.0,213.1,213.28,212.98,139.0,2961750.0,213.016
601888.SH,2022-12-08,0.0,213.0,213.18,212.88,367.0,7825670.0,213.016
601888.SH,2022-12-08,0.0,212.51,213.01,212.5,289.0,6142880.0,213.015
601888.SH,2022-12-08,0.0,212.61,213.3,212.46,858.0,18266000.0,213.013
601888.SH,2022-12-08,0.0,212.51,213.2,212.5,709.0,15091000.0,213.011
601888.SH,2022-12-08,0.0,212.45,212.9,212.45,385.0,8186940.0,213.009
601888.SH,2022-12-08,0.0,212.7,213.0,212.44,631.0,13411900.0,213.006
601888.SH,2022-12-08,0.0,212.71,213.0,212.56,278.0,5914480.0,213.005
601888.SH,2022-12-08,0.0,213.4,213.4,212.71,311.0,6636360.0,213.006
601888.SH,2022-12-08,0.0,213.41,213.57,213.4,289.0,6169500.0,213.008
601888.SH,2022-12-08,0.0,213.4,213.5,213.4,310.0,6616490.0,213.01
601888.SH,2022-12-08,0.0,213.28,213.4,213.19,344.0,7334470.0,213.011
601888.SH,2022-12-08,0.0,214.02,214.02,213.33,743.0,15889000.0,213.02
601888.SH,2022-12-08,0.0,214.39,214.45,213.96,812.0,17405300.0,213.036
601888.SH,2022-12-08,0.0,214.69,214.7,214.45,871.0,18693100.0,213.055
601888.SH,2022-12-08,0.0,214.4,214.74,214.25,456.0,9783710.0,213.065
601888.SH,2022-12-08,0.0,214.0,214.74,214.0,736.0,15771800.0,213.078
601888.SH,2022-12-08,0.0,214.07,214.15,213.79,381.0,8152980.0,213.083
601888.SH,2022-12-08,0.0,214.15,214.33,214.06,173.0,3705560.0,213.086
601888.SH,2022-12-08,0.0,214.16,214.21,214.01,202.0,4324520.0,213.089
601888.SH,2022-12-08,0.0,214.45,214.5,214.16,448.0,9601770.0,213.096
601888.SH,2022-12-08,0.0,214.08,214.49,214.08,288.0,6174960.0,213.101
601888.SH,2022-12-08,0.0,214.0,214.29,214.0,188.0,4021020.0,213.104
601888.SH,2022-12-08,0.0,214.88,214.88,214.5,1218.0,26130800.0,213.128
601888.SH,2022-12-08,0.0,215.38,215.5,214.86,2228.0,47938500.0,213.187
601888.SH,2022-12-08,0.0,214.83,215.38,214.83,947.0,20370600.0,213.21
601888.SH,2022-12-08,0.0,214.79,214.93,214.78,857.0,18412200.0,213.228
601888.SH,2022-12-08,0.0,214.58,214.84,214.58,700.0,15029100.0,213.241
601888.SH,2022-12-08,0.0,214.4,214.6,214.2,717.0,15373700.0,213.251
601888.SH,2022-12-08,0.0,215.3,215.3,214.4,1500.0,32216700.0,213.28
601888.SH,2022-12-08,0.0,214.73,215.32,214.54,1407.0,30262500.0,213.311
601888.SH,2022-12-08,0.0,214.4,214.65,214.4,502.0,10766900.0,213.318
601888.SH,2022-12-08,0.0,214.0,214.48,214.0,446.0,9551760.0,213.322
601888.SH,2022-12-08,0.0,213.58,213.99,213.51,460.0,9831150.0,213.325
601888.SH,2022-12-08,0.0,213.3,213.98,213.3,417.0,8906560.0,213.326
601888.SH,2022-12-08,0.0,213.31,213.31,213.15,499.0,10637900.0,213.325
601888.SH,2022-12-08,0.0,213.4,213.4,213.13,425.0,9061270.0,213.324
601888.SH,2022-12-08,0.0,213.01,213.45,213.01,579.0,12349500.0,213.324
601888.SH,2022-12-08,0.0,213.28,213.34,213.15,287.0,6121170.0,213.324
601888.SH,2022-12-08,0.0,213.35,213.88,213.28,326.0,6957560.0,213.324
601888.SH,2022-12-08,0.0,213.15,213.5,213.15,274.0,5844370.0,213.324
601888.SH,2022-12-08,0.0,213.14,213.38,213.11,307.0,6546380.0,213.324
601888.SH,2022-12-08,0.0,213.14,213.33,213.1,678.0,14457800.0,213.323
601888.SH,2022-12-08,0.0,213.06,213.14,213.0,461.0,9822340.0,213.322
601888.SH,2022-12-08,0.0,212.75,213.1,212.6,478.0,10174400.0,213.32
601888.SH,2022-12-08,0.0,213.16,213.2,212.67,313.0,6666510.0,213.318
601888.SH,2022-12-08,0.0,213.5,213.5,213.16,175.0,3735160.0,213.319
601888.SH,2022-12-08,0.0,213.9,213.9,213.52,283.0,6041950.0,213.32
601888.SH,2022-12-08,0.0,213.43,214.16,213.43,469.0,10040900.0,213.323
601888.SH,2022-12-08,0.0,213.86,213.86,213.42,150.0,3204650.0,213.324
601888.SH,2022-12-08,0.0,213.51,213.86,213.51,208.0,4443960.0,213.325
601888.SH,2022-12-08,0.0,213.58,213.58,213.39,316.0,6745820.0,213.325
601888.SH,2022-12-08,0.0,213.72,214.0,213.48,316.0,6757150.0,213.327
601888.SH,2022-12-08,0.0,213.7,213.8,213.57,342.0,7308400.0,213.328
601888.SH,2022-12-08,0.0,213.38,213.6,213.38,352.0,7516970.0,213.329
601888.SH,2022-12-08,0.0,213.44,213.49,213.3,207.0,4417170.0,213.329
601888.SH,2022-12-08,0.0,213.5,213.56,213.26,299.0,6379050.0,213.329
601888.SH,2022-12-08,0.0,213.7,213.7,213.3,301.0,6424960.0,213.33
601888.SH,2022-12-08,0.0,213.79,213.88,213.56,272.0,5812730.0,213.331
601888.SH,2022-12-08,0.0,213.5,213.79,213.45,279.0,5947820.0,213.331
601888.SH,2022-12-08,0.0,213.52,213.54,213.41,393.0,8390700.0,213.332
601888.SH,2022-12-08,0.0,213.79,213.86,213.52,101.0,2158370.0,213.333
601888.SH,2022-12-08,0.0,213.41,213.73,213.41,288.0,6149850.0,213.333
601888.SH,2022-12-08,0.0,213.32,213.51,213.31,338.0,7213280.0,213.333
601888.SH,2022-12-08,0.0,213.88,213.9,213.32,668.0,14259400.0,213.334
601888.SH,2022-12-08,0.0,214.08,214.1,213.84,191.0,4087270.0,213.336
601888.SH,2022-12-08,0.0,214.03,214.13,214.01,191.0,4089040.0,213.337
601888.SH,2022-12-08,0.0,213.8,214.03,213.8,303.0,6483950.0,213.339
601888.SH,2022-12-08,0.0,213.75,213.81,213.66,114.0,2425600.0,213.34
601888.SH,2022-12-08,0.0,213.8,213.91,213.76,193.0,4126950.0,213.341
601888.SH,2022-12-08,0.0,213.9,214.1,213.77,299.0,6394860.0,213.342
601888.SH,2022-12-08,0.0,214.1,214.14,213.75,199.0,4256560.0,213.344
601888.SH,2022-12-08,0.0,213.88,214.1,213.88,311.0,6656060.0,213.346
601888.SH,2022-12-08,0.0,213.8,213.88,213.77,280.0,5986990.0,213.347
601888.SH,2022-12-08,0.0,213.9,213.99,213.8,329.0,7036980.0,213.349
601888.SH,2022-12-08,0.0,214.2,214.2,213.92,470.0,10061500.0,213.352
601888.SH,2022-12-08,0.0,214.42,214.46,214.2,206.0,4415240.0,213.354
601888.SH,2022-12-08,0.0,214.32,214.8,214.32,858.0,18415100.0,213.366
601888.SH,2022-12-08,0.0,214.55,214.81,214.23,555.0,11911500.0,213.373
601888.SH,2022-12-08,0.0,214.9,215.0,214.55,991.0,21294000.0,213.387
601888.SH,2022-12-08,0.0,214.74,214.99,214.7,548.0,11774200.0,213.395
601888.SH,2022-12-08,0.0,215.07,215.07,214.68,1484.0,31899100.0,213.418
601888.SH,2022-12-08,0.0,214.68,215.1,214.68,587.0,12617900.0,213.427
601888.SH,2022-12-08,0.0,214.44,214.68,214.41,272.0,5835430.0,213.43
601888.SH,2022-12-08,0.0,214.08,214.56,214.08,275.0,5895370.0,213.432
601888.SH,2022-12-08,0.0,213.71,214.2,213.71,628.0,13436200.0,213.435
601888.SH,2022-12-08,0.0,214.09,214.09,213.72,647.0,13843400.0,213.438
601888.SH,2022-12-08,0.0,213.99,214.14,213.99,254.0,5436680.0,213.44
601888.SH,2022-12-08,0.0,214.08,214.08,213.97,178.0,3809340.0,213.441
601888.SH,2022-12-08,0.0,214.0,214.1,214.0,250.0,5351510.0,213.442
601888.SH,2022-12-08,0.0,213.87,214.01,213.87,524.0,11209600.0,213.445
601888.SH,2022-12-08,0.0,213.8,213.95,213.77,359.0,7677010.0,213.446
601888.SH,2022-12-08,0.0,214.07,214.07,213.85,543.0,11615900.0,213.449
601888.SH,2022-12-08,0.0,213.9,214.07,213.9,204.0,4365800.0,213.45
601888.SH,2022-12-08,0.0,214.07,214.07,213.9,287.0,6141280.0,213.451
601888.SH,2022-12-08,0.0,214.1,214.1,213.95,456.0,9759520.0,213.453
601888.SH,2022-12-08,0.0,213.75,214.05,213.75,738.0,15785200.0,213.456
601888.SH,2022-12-08,0.0,214.14,214.14,213.7,472.0,10096100.0,213.458
601888.SH,2022-12-08,0.0,214.4,214.49,213.99,809.0,17336200.0,213.464
601888.SH,2022-12-08,0.0,214.48,214.87,214.21,952.0,20427200.0,213.474
601888.SH,2022-12-08,0.0,214.5,214.68,214.22,449.0,9626520.0,213.478
601888.SH,2022-12-08,0.0,214.33,214.55,214.27,220.0,4716250.0,213.479
601888.SH,2022-12-08,0.0,214.2,214.48,214.03,388.0,8308930.0,213.482
601888.SH,2022-12-08,0.0,213.99,214.18,213.88,211.0,4515500.0,213.483
601888.SH,2022-12-08,0.0,214.15,214.25,213.87,530.0,11344000.0,213.485
601888.SH,2022-12-08,0.0,214.57,214.57,214.0,364.0,7801350.0,213.488
601888.SH,2022-12-08,0.0,215.09,215.09,214.53,1097.0,23577700.0,213.502
601888.SH,2022-12-08,0.0,214.38,214.96,214.26,430.0,9225320.0,213.506
601888.SH,2022-12-08,0.0,214.63,214.85,214.4,420.0,9012140.0,213.51
601888.SH,2022-12-08,0.0,214.03,214.58,214.03,591.0,12671000.0,213.514
601888.SH,2022-12-08,0.0,214.17,214.2,214.0,479.0,10253300.0,213.516
601888.SH,2022-12-08,0.0,214.01,214.51,214.01,526.0,11266400.0,213.52
601888.SH,2022-12-08,0.0,214.43,214.62,214.01,682.0,14614600.0,213.524
601888.SH,2022-12-08,0.0,214.89,214.94,214.08,941.0,20186500.0,213.532
601888.SH,2022-12-08,0.0,215.2,215.2,214.83,1646.0,35385800.0,213.552
601888.SH,2022-12-08,0.0,214.89,215.19,214.3,756.0,16239000.0,213.56
601888.SH,2022-12-08,0.0,215.08,215.15,214.5,663.0,14243000.0,213.567
601888.SH,2022-12-08,0.0,215.01,215.07,214.83,466.0,10015900.0,213.572
601888.SH,2022-12-08,0.0,215.35,215.37,214.86,1018.0,21901800.0,213.585
601888.SH,2022-12-08,0.0,215.69,215.69,215.33,1200.0,25863500.0,213.604
601888.SH,2022-12-08,0.0,216.0,216.0,215.68,1750.0,37760600.0,213.635
601888.SH,2022-12-08,0.0,215.06,215.99,215.05,1262.0,27217100.0,213.655
601888.SH,2022-12-08,0.0,215.12,215.38,215.08,627.0,13495700.0,213.663
601888.SH,2022-12-08,0.0,215.0,215.25,214.86,1032.0,22192000.0,213.674
601888.SH,2022-12-08,0.0,215.2,215.2,214.94,675.0,14508500.0,213.681
601888.SH,2022-12-08,0.0,215.13,215.22,215.0,730.0,15706000.0,213.689
601888.SH,2022-12-08,0.0,215.37,215.49,215.18,713.0,15352400.0,213.698
601888.SH,2022-12-08,0.0,215.15,215.49,215.15,431.0,9282210.0,213.703
601888.SH,2022-12-08,0.0,215.02,215.2,215.01,494.0,10616900.0,213.709
601888.SH,2022-12-08,0.0,214.8,215.01,214.8,510.0,10957400.0,213.713
601888.SH,2022-12-08,0.0,214.65,214.8,214.65,327.0,7021510.0,213.716
601888.SH,2022-12-08,0.0,214.76,214.81,214.6,511.0,10970200.0,213.72
601888.SH,2022-12-08,0.0,214.72,214.81,214.68,339.0,7283700.0,213.722
601888.SH,2022-12-08,0.0,214.74,214.91,214.73,419.0,8998920.0,213.725
601888.SH,2022-12-08,0.0,214.79,214.83,214.73,478.0,10266400.0,213.729
601888.SH,2022-12-08,0.0,214.73,214.79,214.72,374.0,8031600.0,213.732
601888.SH,2022-12-08,0.0,214.73,214.77,214.73,342.0,7344470.0,213.735
601888.SH,2022-12-08,0.0,214.65,214.73,214.65,620.0,13306200.0,213.739
601888.SH,2022-12-08,0.0,214.41,214.62,214.4,597.0,12808900.0,213.742
601888.SH,2022-12-08,0.0,214.35,214.4,214.27,452.0,9688860.0,213.744
601888.SH,2022-12-08,0.0,214.27,214.27,214.27,40.0,855117.0,213.745
601888.SH,2022-12-08,0.0,214.27,214.27,214.27,0.0,0.0,213.745
601888.SH,2022-12-08,0.0,214.5,214.5,214.5,1615.0,34651000.0,213.753
601888.SH,2022-12-09,0.0,214.41,214.41,214.41,758.0,16252300.0,214.41
601888.SH,2022-12-09,0.0,212.51,214.5,212.5,2413.0,51488600.0,213.626
601888.SH,2022-12-09,0.0,213.17,213.99,212.99,1432.0,30543100.0,213.5
601888.SH,2022-12-09,0.0,212.58,213.5,212.58,1642.0,34999400.0,213.408
601888.SH,2022-12-09,0.0,212.61,212.94,212.36,1320.0,28060300.0,213.263
601888.SH,2022-12-09,0.0,211.8,212.74,211.69,1568.0,33284800.0,213.094
601888.SH,2022-12-09,0.0,211.3,211.69,211.18,1912.0,40417400.0,212.799
601888.SH,2022-12-09,0.0,211.69,211.81,211.26,1213.0,25653500.0,212.669
601888.SH,2022-12-09,0.0,212.0,212.17,211.74,854.0,18098400.0,212.62
601888.SH,2022-12-09,0.0,211.53,212.13,211.53,1044.0,22118000.0,212.564
601888.SH,2022-12-09,0.0,210.5,211.55,210.27,3197.0,67420600.0,212.255
601888.SH,2022-12-09,0.0,210.6,210.99,210.32,1164.0,24521500.0,212.15
601888.SH,2022-12-09,0.0,210.52,210.86,210.46,1473.0,31012100.0,212.032
601888.SH,2022-12-09,0.0,209.91,210.5,209.9,2239.0,47054900.0,211.843
601888.SH,2022-12-09,0.0,209.5,209.95,209.11,2108.0,44181100.0,211.648
601888.SH,2022-12-09,0.0,209.83,209.83,209.5,1253.0,26274600.0,211.552
601888.SH,2022-12-09,0.0,210.96,210.98,209.81,1075.0,22580800.0,211.492
601888.SH,2022-12-09,0.0,210.16,210.89,210.16,637.0,13408300.0,211.468
601888.SH,2022-12-09,0.0,209.82,210.1,209.82,831.0,17448800.0,211.424
601888.SH,2022-12-09,0.0,209.57,209.86,209.57,1116.0,23398200.0,211.357
601888.SH,2022-12-09,0.0,209.36,209.51,209.3,1180.0,24706000.0,211.28
601888.SH,2022-12-09,0.0,210.01,210.28,209.36,1440.0,30218400.0,211.215
601888.SH,2022-12-09,0.0,209.37,209.83,209.37,1035.0,21698500.0,211.166
601888.SH,2022-12-09,0.0,209.31,209.33,209.09,1725.0,36084200.0,211.068
601888.SH,2022-12-09,0.0,209.56,209.81,209.32,761.0,15945400.0,211.035
601888.SH,2022-12-09,0.0,209.63,209.64,209.52,583.0,12218900.0,211.011
601888.SH,2022-12-09,0.0,209.72,209.8,209.6,604.0,12664300.0,210.989
601888.SH,2022-12-09,0.0,209.26,209.73,209.26,861.0,18043200.0,210.956
601888.SH,2022-12-09,0.0,208.86,209.28,208.85,2288.0,47823700.0,210.847
601888.SH,2022-12-09,0.0,208.4,208.86,208.23,2267.0,47263800.0,210.72
601888.SH,2022-12-09,0.0,209.0,209.01,208.21,1496.0,31221500.0,210.65
601888.SH,2022-12-09,0.0,209.04,209.04,208.93,842.0,17596700.0,210.618
601888.SH,2022-12-09,0.0,209.82,209.82,209.07,637.0,13350100.0,210.602
601888.SH,2022-12-09,0.0,209.37,209.82,209.37,583.0,12219400.0,210.589
601888.SH,2022-12-09,0.0,209.95,209.98,209.36,1005.0,21084800.0,210.572
601888.SH,2022-12-09,0.0,209.7,210.01,209.7,566.0,11876200.0,210.563
601888.SH,2022-12-09,0.0,209.37,209.51,209.3,606.0,12690700.0,210.549
601888.SH,2022-12-09,0.0,209.0,209.32,209.0,505.0,10558900.0,210.533
601888.SH,2022-12-09,0.0,208.64,209.0,208.63,674.0,14073400.0,210.509
601888.SH,2022-12-09,0.0,208.61,208.88,208.6,830.0,17318800.0,210.479
601888.SH,2022-12-09,0.0,208.8,208.89,208.57,583.0,12163400.0,210.457
601888.SH,2022-12-09,0.0,208.33,208.8,208.33,642.0,13392000.0,210.433
601888.SH,2022-12-09,0.0,208.0,208.31,208.0,2785.0,57944700.0,210.311
601888.SH,2022-12-09,0.0,207.8,208.0,207.79,2130.0,44291700.0,210.221
601888.SH,2022-12-09,0.0,207.93,208.05,207.51,1462.0,30375500.0,210.158
601888.SH,2022-12-09,0.0,208.08,208.77,207.93,1144.0,23828300.0,210.121
601888.SH,2022-12-09,0.0,208.85,208.95,208.07,972.0,20269700.0,210.095
601888.SH,2022-12-09,0.0,208.11,208.8,208.09,1021.0,21264100.0,210.064
601888.SH,2022-12-09,0.0,207.9,208.17,207.9,813.0,16916500.0,210.038
601888.SH,2022-12-09,0.0,207.84,207.84,207.79,764.0,15877200.0,210.01
601888.SH,2022-12-09,0.0,207.98,208.5,207.84,697.0,14499800.0,209.988
601888.SH,2022-12-09,0.0,207.65,207.93,207.65,1108.0,23020700.0,209.95
601888.SH,2022-12-09,0.0,207.58,207.8,207.58,1231.0,25565600.0,209.907
601888.SH,2022-12-09,0.0,207.5,207.66,207.3,1378.0,28592600.0,209.857
601888.SH,2022-12-09,0.0,208.55,208.59,207.5,828.0,17225300.0,209.834
601888.SH,2022-12-09,0.0,208.17,208.62,208.17,421.0,8777000.0,209.826
601888.SH,2022-12-09,0.0,208.0,208.18,207.63,867.0,18025100.0,209.802
601888.SH,2022-12-09,0.0,207.82,208.09,207.79,447.0,9297900.0,209.79
601888.SH,2022-12-09,0.0,207.89,208.02,207.79,1716.0,35682700.0,209.745
601888.SH,2022-12-09,0.0,208.0,208.0,207.83,1126.0,23412600.0,209.717
601888.SH,2022-12-09,0.0,207.65,208.05,207.65,678.0,14093100.0,209.699
601888.SH,2022-12-09,0.0,207.96,208.0,207.61,638.0,13260800.0,209.682
601888.SH,2022-12-09,0.0,208.31,208.31,207.9,1075.0,22357600.0,209.658
601888.SH,2022-12-09,0.0,208.14,208.47,208.05,501.0,10431200.0,209.648
601888.SH,2022-12-09,0.0,208.1,208.21,208.1,548.0,11408400.0,209.637
601888.SH,2022-12-09,0.0,208.5,208.52,208.11,459.0,9562990.0,209.629
601888.SH,2022-12-09,0.0,208.41,208.53,208.41,359.0,7484720.0,209.624
601888.SH,2022-12-09,0.0,208.41,208.49,208.41,428.0,8921390.0,209.617
601888.SH,2022-12-09,0.0,208.99,208.99,208.4,588.0,12268500.0,209.61
601888.SH,2022-12-09,0.0,208.6,209.02,208.6,622.0,12991600.0,209.604
601888.SH,2022-12-09,0.0,208.71,208.71,208.57,360.0,7518870.0,209.6
601888.SH,2022-12-09,0.0,208.95,208.98,208.74,301.0,6287150.0,209.597
601888.SH,2022-12-09,0.0,209.3,209.37,208.97,703.0,14704700.0,209.593
601888.SH,2022-12-09,0.0,209.17,209.3,209.17,241.0,5042630.0,209.592
601888.SH,2022-12-09,0.0,209.0,209.16,208.95,403.0,8423700.0,209.589
601888.SH,2022-12-09,0.0,209.04,209.04,208.97,258.0,5392120.0,209.587
601888.SH,2022-12-09,0.0,209.77,209.78,209.18,388.0,8128960.0,209.587
601888.SH,2022-12-09,0.0,209.75,209.75,209.5,577.0,12093500.0,209.587
601888.SH,2022-12-09,0.0,209.85,210.0,209.53,1324.0,27790900.0,209.592
601888.SH,2022-12-09,0.0,209.88,210.0,209.8,406.0,8520450.0,209.593
601888.SH,2022-12-09,0.0,209.85,209.89,209.85,258.0,5414950.0,209.594
601888.SH,2022-12-09,0.0,209.72,209.88,209.71,418.0,8768740.0,209.595
601888.SH,2022-12-09,0.0,209.71,209.87,209.71,325.0,6817360.0,209.596
601888.SH,2022-12-09,0.0,209.12,209.66,209.0,580.0,12140900.0,209.593
601888.SH,2022-12-09,0.0,209.67,209.68,209.12,172.0,3604110.0,209.593
601888.SH,2022-12-09,0.0,209.76,209.76,209.66,217.0,4547930.0,209.593
601888.SH,2022-12-09,0.0,210.01,210.2,209.73,707.0,14849000.0,209.597
601888.SH,2022-12-09,0.0,209.9,210.11,209.89,586.0,12309200.0,209.6
601888.SH,2022-12-09,0.0,209.87,210.0,209.87,294.0,6172850.0,209.601
601888.SH,2022-12-09,0.0,210.35,210.35,209.85,424.0,8907370.0,209.603
601888.SH,2022-12-09,0.0,210.58,210.59,210.38,331.0,6967030.0,209.607
601888.SH,2022-12-09,0.0,210.58,210.62,210.4,297.0,6251520.0,209.61
601888.SH,2022-12-09,0.0,210.85,210.95,210.59,337.0,7102250.0,209.614
601888.SH,2022-12-09,0.0,210.6,210.93,210.59,408.0,8600170.0,209.619
601888.SH,2022-12-09,0.0,210.5,210.84,210.3,482.0,10147100.0,209.624
601888.SH,2022-12-09,0.0,210.8,210.9,210.45,339.0,7146380.0,209.629
601888.SH,2022-12-09,0.0,210.98,210.98,210.8,303.0,6389560.0,209.633
601888.SH,2022-12-09,0.0,210.66,210.99,210.37,334.0,7042340.0,209.638
601888.SH,2022-12-09,0.0,210.72,210.81,210.54,259.0,5457120.0,209.641
601888.SH,2022-12-09,0.0,210.7,210.89,210.44,295.0,6216130.0,209.644
601888.SH,2022-12-09,0.0,210.86,210.89,210.69,142.0,2992330.0,209.646
601888.SH,2022-12-09,0.0,210.36,210.86,210.36,244.0,5136960.0,209.648
601888.SH,2022-12-09,0.0,210.3,210.64,210.28,245.0,5156660.0,209.651
601888.SH,2022-12-09,0.0,210.64,210.64,210.33,189.0,3978200.0,209.652
601888.SH,2022-12-09,0.0,210.8,210.8,210.6,235.0,4951340.0,209.655
601888.SH,2022-12-09,0.0,211.11,211.11,210.77,521.0,10986000.0,209.662
601888.SH,2022-12-09,0.0,211.2,211.38,211.11,466.0,9843490.0,209.67
601888.SH,2022-12-09,0.0,211.65,211.65,211.21,593.0,12538800.0,209.681
601888.SH,2022-12-09,0.0,211.65,211.9,211.65,468.0,9913190.0,209.692
601888.SH,2022-12-09,0.0,211.1,211.66,211.06,263.0,5561540.0,209.697
601888.SH,2022-12-09,0.0,210.9,211.25,210.9,234.0,4938180.0,209.7
601888.SH,2022-12-09,0.0,211.03,211.15,211.0,146.0,3081570.0,209.702
601888.SH,2022-12-09,0.0,211.01,211.03,211.0,155.0,3270660.0,209.705
601888.SH,2022-12-09,0.0,210.92,211.15,210.87,337.0,7111160.0,209.709
601888.SH,2022-12-09,0.0,211.15,211.15,210.89,160.0,3375950.0,209.711
601888.SH,2022-12-09,0.0,211.4,211.5,211.15,188.0,3979290.0,209.715
601888.SH,2022-12-09,0.0,211.57,211.59,211.06,218.0,4602070.0,209.719
601888.SH,2022-12-09,0.0,211.23,211.58,211.08,151.0,3190410.0,209.721
601888.SH,2022-12-09,0.0,211.58,211.59,211.2,347.0,7342910.0,209.727
601888.SH,2022-12-09,0.0,211.42,211.64,211.2,190.0,4011740.0,209.731
601888.SH,2022-12-09,0.0,211.2,211.5,211.2,276.0,5833520.0,209.735
601888.SH,2022-12-09,0.0,211.61,211.9,211.5,894.0,18922000.0,209.753
601888.SH,2022-12-09,0.0,211.6,211.7,211.3,453.0,9584350.0,209.761
601888.SH,2022-12-09,0.0,211.98,212.23,211.63,873.0,18507200.0,209.781
601888.SH,2022-12-09,0.0,211.3,212.0,211.3,284.0,6016590.0,209.787
601888.SH,2022-12-09,0.0,210.65,211.3,210.65,446.0,9410000.0,209.792
601888.SH,2022-12-09,0.0,210.84,211.21,210.55,292.0,6158400.0,209.796
601888.SH,2022-12-09,0.0,210.7,211.07,210.69,234.0,4932850.0,209.798
601888.SH,2022-12-09,0.0,210.81,211.1,210.7,263.0,5547420.0,209.801
601888.SH,2022-12-09,0.0,210.77,211.1,210.77,165.0,3480040.0,209.803
601888.SH,2022-12-09,0.0,211.26,211.31,210.76,268.0,5655930.0,209.806
601888.SH,2022-12-09,0.0,210.75,211.26,210.75,178.0,3754730.0,209.808
601888.SH,2022-12-09,0.0,211.13,211.79,210.72,702.0,14830100.0,209.818
601888.SH,2022-12-09,0.0,211.52,211.52,211.18,317.0,6699880.0,209.823
601888.SH,2022-12-09,0.0,211.7,211.7,211.4,255.0,5394960.0,209.827
601888.SH,2022-12-09,0.0,212.0,212.0,211.71,404.0,8558720.0,209.835
601888.SH,2022-12-09,0.0,212.06,212.22,212.0,430.0,9118660.0,209.845
601888.SH,2022-12-09,0.0,211.5,212.06,211.5,281.0,5951080.0,209.85
601888.SH,2022-12-09,0.0,212.09,212.12,211.52,376.0,7967680.0,209.858
601888.SH,2022-12-09,0.0,211.9,212.06,211.9,209.0,4429960.0,209.862
601888.SH,2022-12-09,0.0,211.88,212.01,211.7,352.0,7458730.0,209.869
601888.SH,2022-12-09,0.0,211.88,212.0,211.77,215.0,4555400.0,209.873
601888.SH,2022-12-09,0.0,211.95,212.02,211.9,265.0,5616830.0,209.878
601888.SH,2022-12-09,0.0,211.69,211.96,211.69,264.0,5592670.0,209.883
601888.SH,2022-12-09,0.0,211.31,211.69,211.13,373.0,7887440.0,209.889
601888.SH,2022-12-09,0.0,211.46,211.61,211.39,291.0,6153950.0,209.893
601888.SH,2022-12-09,0.0,211.25,211.43,211.25,269.0,5685140.0,209.897
601888.SH,2022-12-09,0.0,211.0,211.2,210.9,470.0,9917670.0,209.902
601888.SH,2022-12-09,0.0,211.21,211.31,211.0,364.0,7687010.0,209.906
601888.SH,2022-12-09,0.0,211.17,211.31,211.17,196.0,4140180.0,209.909
601888.SH,2022-12-09,0.0,211.0,211.17,211.0,362.0,7641640.0,209.913
601888.SH,2022-12-09,0.0,211.67,211.68,211.02,326.0,6892370.0,209.917
601888.SH,2022-12-09,0.0,211.75,211.75,211.47,424.0,8975650.0,209.924
601888.SH,2022-12-09,0.0,212.05,212.05,211.68,499.0,10574900.0,209.934
601888.SH,2022-12-09,0.0,212.04,212.19,211.91,311.0,6595580.0,209.94
601888.SH,2022-12-09,0.0,212.2,212.2,212.0,515.0,10921900.0,209.95
601888.SH,2022-12-09,0.0,212.3,212.3,212.2,382.0,8107750.0,209.958
601888.SH,2022-12-09,0.0,212.35,212.35,212.26,364.0,7727870.0,209.966
601888.SH,2022-12-09,0.0,212.65,212.65,212.26,600.0,12750300.0,209.98
601888.SH,2022-12-09,0.0,212.59,212.72,212.59,461.0,9804350.0,209.991
601888.SH,2022-12-09,0.0,212.72,212.72,212.5,672.0,14285900.0,210.007
601888.SH,2022-12-09,0.0,213.34,213.34,212.75,911.0,19404100.0,210.031
601888.SH,2022-12-09,0.0,213.28,213.49,213.28,978.0,20873600.0,210.06
601888.SH,2022-12-09,0.0,213.25,213.39,213.21,716.0,15270300.0,210.08
601888.SH,2022-12-09,0.0,213.4,213.4,213.0,482.0,10282000.0,210.094
601888.SH,2022-12-09,0.0,213.23,213.4,213.0,394.0,8402070.0,210.105
601888.SH,2022-12-09,0.0,213.16,213.23,213.0,722.0,15385900.0,210.124
601888.SH,2022-12-09,0.0,213.5,213.5,213.12,484.0,10322500.0,210.137
601888.SH,2022-12-09,0.0,213.52,213.58,213.5,556.0,11873300.0,210.153
601888.SH,2022-12-09,0.0,213.01,213.59,213.0,664.0,14169000.0,210.172
601888.SH,2022-12-09,0.0,212.5,213.01,212.19,888.0,18871900.0,210.19
601888.SH,2022-12-09,0.0,212.01,212.62,212.0,512.0,10871800.0,210.199
601888.SH,2022-12-09,0.0,212.45,212.68,212.14,293.0,6223370.0,210.204
601888.SH,2022-12-09,0.0,212.5,212.75,212.32,241.0,5120890.0,210.209
601888.SH,2022-12-09,0.0,212.65,212.85,212.5,371.0,7887720.0,210.217
601888.SH,2022-12-09,0.0,212.98,212.99,212.71,139.0,2959870.0,210.22
601888.SH,2022-12-09,0.0,212.89,212.98,212.89,304.0,6473960.0,210.227
601888.SH,2022-12-09,0.0,212.7,212.96,212.7,573.0,12194800.0,210.239
601888.SH,2022-12-09,0.0,212.36,212.81,212.32,267.0,5677210.0,210.244
601888.SH,2022-12-09,0.0,212.65,212.7,212.3,622.0,13219800.0,210.256
601888.SH,2022-12-09,0.0,212.42,212.8,212.42,297.0,6314490.0,210.262
601888.SH,2022-12-09,0.0,212.0,212.46,212.0,373.0,7916300.0,210.268
601888.SH,2022-12-09,0.0,211.6,212.02,211.5,401.0,8489340.0,210.273
601888.SH,2022-12-09,0.0,212.04,212.38,211.45,756.0,16004700.0,210.281
601888.SH,2022-12-09,0.0,212.6,212.69,212.35,587.0,12473000.0,210.292
601888.SH,2022-12-09,0.0,212.61,212.7,212.4,224.0,4762920.0,210.296
601888.SH,2022-12-09,0.0,212.61,212.79,212.6,197.0,4190120.0,210.3
601888.SH,2022-12-09,0.0,212.8,212.8,212.79,549.0,11682800.0,210.311
601888.SH,2022-12-09,0.0,212.83,213.0,212.73,556.0,11838700.0,210.322
601888.SH,2022-12-09,0.0,212.79,212.83,212.79,190.0,4043360.0,210.326
601888.SH,2022-12-09,0.0,212.5,212.8,212.5,202.0,4297230.0,210.33
601888.SH,2022-12-09,0.0,212.73,212.73,212.4,475.0,10094900.0,210.338
601888.SH,2022-12-09,0.0,213.02,213.02,212.73,455.0,9683960.0,210.347
601888.SH,2022-12-09,0.0,213.45,213.49,213.21,319.0,6807800.0,210.355
601888.SH,2022-12-09,0.0,213.42,213.46,213.34,236.0,5036370.0,210.361
601888.SH,2022-12-09,0.0,213.12,213.33,213.02,404.0,8611040.0,210.369
601888.SH,2022-12-09,0.0,213.2,213.29,213.02,359.0,7652880.0,210.377
601888.SH,2022-12-09,0.0,213.45,213.5,213.19,662.0,14126800.0,210.393
601888.SH,2022-12-09,0.0,213.2,213.48,213.2,365.0,7787040.0,210.401
601888.SH,2022-12-09,0.0,213.42,213.42,213.05,394.0,8401780.0,210.41
601888.SH,2022-12-09,0.0,213.73,213.73,213.45,506.0,10805500.0,210.422
601888.SH,2022-12-09,0.0,214.1,214.1,213.68,1330.0,28450900.0,210.458
601888.SH,2022-12-09,0.0,213.89,214.14,213.79,1074.0,22984000.0,210.486
601888.SH,2022-12-09,0.0,213.77,213.84,213.73,304.0,6499550.0,210.494
601888.SH,2022-12-09,0.0,213.9,213.97,213.75,459.0,9817940.0,210.505
601888.SH,2022-12-09,0.0,213.95,214.1,213.9,780.0,16689200.0,210.526
601888.SH,2022-12-09,0.0,213.83,214.0,213.81,591.0,12641900.0,210.541
601888.SH,2022-12-09,0.0,213.7,213.82,213.7,723.0,15456300.0,210.558
601888.SH,2022-12-09,0.0,213.68,213.7,213.46,399.0,8521960.0,210.567
601888.SH,2022-12-09,0.0,213.87,213.87,213.7,379.0,8097060.0,210.576
601888.SH,2022-12-09,0.0,213.99,214.0,213.87,233.0,4985610.0,210.581
601888.SH,2022-12-09,0.0,214.09,214.14,213.99,370.0,7919290.0,210.591
601888.SH,2022-12-09,0.0,214.15,214.2,214.14,247.0,5290240.0,210.597
601888.SH,2022-12-09,0.0,214.28,214.28,214.14,235.0,5033560.0,210.603
601888.SH,2022-12-09,0.0,214.42,214.44,214.28,395.0,8467140.0,210.614
601888.SH,2022-12-09,0.0,214.3,214.44,214.26,256.0,5487690.0,210.621
601888.SH,2022-12-09,0.0,213.69,214.28,213.5,372.0,7957390.0,210.63
601888.SH,2022-12-09,0.0,213.51,213.7,213.4,430.0,9180460.0,210.639
601888.SH,2022-12-09,0.0,214.2,214.2,213.52,394.0,8427730.0,210.648
601888.SH,2022-12-09,0.0,213.97,214.19,213.83,206.0,4408280.0,210.653
601888.SH,2022-12-09,0.0,213.98,213.99,213.84,261.0,5584240.0,210.659
601888.SH,2022-12-09,0.0,213.98,214.0,213.97,378.0,8088610.0,210.668
601888.SH,2022-12-09,0.0,213.84,213.99,213.84,251.0,5369830.0,210.674
601888.SH,2022-12-09,0.0,214.0,214.0,213.8,914.0,19550000.0,210.695
601888.SH,2022-12-09,0.0,213.61,214.01,213.6,632.0,13514500.0,210.709
601888.SH,2022-12-09,0.0,213.06,213.7,213.06,457.0,9748140.0,210.718
601888.SH,2022-12-09,0.0,213.4,213.58,213.31,389.0,8304130.0,210.726
601888.SH,2022-12-09,0.0,213.48,213.5,213.41,222.0,4741610.0,210.73
601888.SH,2022-12-09,0.0,213.3,213.4,213.3,663.0,14143100.0,210.742
601888.SH,2022-12-09,0.0,213.35,213.39,213.18,399.0,8512220.0,210.749
601888.SH,2022-12-09,0.0,213.06,213.37,213.02,559.0,11916900.0,210.759
601888.SH,2022-12-09,0.0,213.2,213.24,213.04,410.0,8739460.0,210.765
601888.SH,2022-12-09,0.0,212.98,213.17,212.98,1031.0,21965900.0,210.782
601888.SH,2022-12-09,0.0,212.88,213.01,212.6,686.0,14592200.0,210.791
601888.SH,2022-12-09,0.0,212.77,212.88,212.62,461.0,9806140.0,210.797
601888.SH,2022-12-09,0.0,212.75,212.8,212.73,554.0,11777900.0,210.804
601888.SH,2022-12-09,0.0,212.78,212.85,212.75,678.0,14437800.0,210.813
601888.SH,2022-12-09,0.0,212.85,212.9,212.77,487.0,10366600.0,210.82
601888.SH,2022-12-09,0.0,212.77,212.77,212.77,9.0,191537.0,210.82
601888.SH,2022-12-09,0.0,212.77,212.77,212.77,0.0,0.0,210.82
601888.SH,2022-12-09,0.0,213.23,213.23,213.23,2423.0,51665600.0,210.859
601888.SH,2022-12-12,0.0,211.0,211.0,211.0,995.0,20994500.0,211.0
601888.SH,2022-12-12,0.0,214.16,214.16,210.57,2552.0,54098600.0,211.717
601888.SH,2022-12-12,0.0,214.21,214.49,213.24,2676.0,57280700.0,212.717
601888.SH,2022-12-12,0.0,214.19,214.3,213.3,1931.0,41310200.0,213.004
601888.SH,2022-12-12,0.0,214.8,214.96,214.3,2510.0,53861400.0,213.379
601888.SH,2022-12-12,0.0,215.02,215.47,215.0,3248.0,69883800.0,213.795
601888.SH,2022-12-12,0.0,216.62,216.62,215.26,4018.0,86771000.0,214.282
601888.SH,2022-12-12,0.0,214.5,216.8,214.5,2725.0,58767400.0,214.464
601888.SH,2022-12-12,0.0,214.5,214.8,213.87,4282.0,91743296.0,214.428
601888.SH,2022-12-12,0.0,213.85,214.46,213.5,1936.0,41430000.0,214.397
601888.SH,2022-12-12,0.0,215.57,215.57,213.85,1173.0,25204000.0,214.417
601888.SH,2022-12-12,0.0,216.0,216.0,215.32,1900.0,40970800.0,214.493
601888.SH,2022-12-12,0.0,215.65,216.14,215.65,1582.0,34148500.0,214.562
601888.SH,2022-12-12,0.0,214.8,215.68,214.8,987.0,21254600.0,214.586
601888.SH,2022-12-12,0.0,215.39,215.4,214.8,866.0,18624500.0,214.598
601888.SH,2022-12-12,0.0,215.03,215.52,215.0,1264.0,27227000.0,214.627
601888.SH,2022-12-12,0.0,216.2,216.2,215.0,1751.0,37772500.0,214.68
601888.SH,2022-12-12,0.0,216.65,216.65,216.27,1436.0,31092800.0,214.75
601888.SH,2022-12-12,0.0,216.59,216.59,216.18,1271.0,27502300.0,214.806
601888.SH,2022-12-12,0.0,217.66,217.68,216.78,2692.0,58442800.0,214.953
601888.SH,2022-12-12,0.0,216.9,217.72,216.79,1536.0,33361700.0,215.033
601888.SH,2022-12-12,0.0,217.46,217.58,216.8,1533.0,33309800.0,215.11
601888.SH,2022-12-12,0.0,216.75,217.49,216.63,583.0,12657500.0,215.136
601888.SH,2022-12-12,0.0,217.45,217.45,216.7,945.0,20507900.0,215.173
601888.SH,2022-12-12,0.0,217.72,217.72,217.47,1041.0,22647800.0,215.226
601888.SH,2022-12-12,0.0,218.03,218.03,217.73,2241.0,48843600.0,215.349
601888.SH,2022-12-12,0.0,217.92,218.08,217.72,1284.0,27984600.0,215.413
601888.SH,2022-12-12,0.0,218.22,218.23,217.91,1714.0,37383600.0,215.5
601888.SH,2022-12-12,0.0,218.78,218.83,218.23,1493.0,32630900.0,215.585
601888.SH,2022-12-12,0.0,218.0,218.84,218.0,1332.0,29118900.0,215.657
601888.SH,2022-12-12,0.0,218.79,218.79,218.21,1242.0,27149300.0,215.722
601888.SH,2022-12-12,0.0,218.0,218.74,217.97,1347.0,29404600.0,215.781
601888.SH,2022-12-12,0.0,217.88,218.18,217.7,1365.0,29748000.0,215.833
601888.SH,2022-12-12,0.0,217.61,217.89,217.6,969.0,21092900.0,215.862
601888.SH,2022-12-12,0.0,217.23,217.61,217.01,897.0,19505400.0,215.886
601888.SH,2022-12-12,0.0,218.01,218.01,217.11,703.0,15299700.0,215.905
601888.SH,2022-12-12,0.0,217.94,218.03,217.5,638.0,13896900.0,215.925
601888.SH,2022-12-12,0.0,217.91,218.29,217.88,1048.0,22856000.0,215.96
601888.SH,2022-12-12,0.0,218.17,218.25,217.91,805.0,17557200.0,215.987
601888.SH,2022-12-12,0.0,218.15,218.22,218.07,625.0,13645700.0,216.008
601888.SH,2022-12-12,0.0,218.42,218.42,218.02,779.0,16986900.0,216.034
601888.SH,2022-12-12,0.0,218.48,218.53,218.17,1233.0,26932800.0,216.078
601888.SH,2022-12-12,0.0,218.13,218.5,218.1,530.0,11573000.0,216.096
601888.SH,2022-12-12,0.0,218.01,218.11,217.8,775.0,16893400.0,216.117
601888.SH,2022-12-12,0.0,217.6,218.2,217.6,579.0,12624000.0,216.133
601888.SH,2022-12-12,0.0,217.01,217.62,217.01,469.0,10189900.0,216.141
601888.SH,2022-12-12,0.0,216.45,217.01,216.45,1098.0,23808600.0,216.152
601888.SH,2022-12-12,0.0,216.91,216.91,216.3,368.0,7965980.0,216.154
601888.SH,2022-12-12,0.0,217.01,217.01,216.88,518.0,11237800.0,216.159
601888.SH,2022-12-12,0.0,216.83,217.11,216.71,451.0,9783040.0,216.164
601888.SH,2022-12-12,0.0,216.41,216.81,216.4,324.0,7017050.0,216.166
601888.SH,2022-12-12,0.0,216.29,216.35,216.22,474.0,10250200.0,216.167
601888.SH,2022-12-12,0.0,216.31,216.41,216.11,616.0,13322300.0,216.167
601888.SH,2022-12-12,0.0,216.17,216.48,216.17,685.0,14820600.0,216.169
601888.SH,2022-12-12,0.0,215.52,216.16,215.35,1309.0,28252200.0,216.163
601888.SH,2022-12-12,0.0,215.24,215.5,215.24,630.0,13570400.0,216.157
601888.SH,2022-12-12,0.0,214.6,215.22,214.55,1019.0,21899600.0,216.141
601888.SH,2022-12-12,0.0,214.8,214.85,214.55,1204.0,25842200.0,216.118
601888.SH,2022-12-12,0.0,214.7,214.89,214.61,636.0,13656200.0,216.107
601888.SH,2022-12-12,0.0,214.87,214.87,214.69,435.0,9345400.0,216.1
601888.SH,2022-12-12,0.0,214.8,214.9,214.78,522.0,11212500.0,216.092
601888.SH,2022-12-12,0.0,214.88,215.02,214.8,531.0,11408000.0,216.084
601888.SH,2022-12-12,0.0,215.3,215.3,215.0,605.0,13022000.0,216.077
601888.SH,2022-12-12,0.0,215.1,215.3,215.0,834.0,17940500.0,216.067
601888.SH,2022-12-12,0.0,215.8,215.8,215.1,686.0,14762500.0,216.061
601888.SH,2022-12-12,0.0,215.74,216.22,215.72,687.0,14843100.0,216.061
601888.SH,2022-12-12,0.0,216.4,216.5,215.8,491.0,10613600.0,216.062
601888.SH,2022-12-12,0.0,216.0,216.61,215.9,438.0,9477560.0,216.063
601888.SH,2022-12-12,0.0,216.27,216.27,215.97,475.0,10263600.0,216.064
601888.SH,2022-12-12,0.0,216.4,216.55,216.27,269.0,5813820.0,216.065
601888.SH,2022-12-12,0.0,216.2,216.4,216.2,307.0,6650120.0,216.066
601888.SH,2022-12-12,0.0,216.06,216.36,216.03,282.0,6095530.0,216.066
601888.SH,2022-12-12,0.0,216.42,216.42,216.06,512.0,11063800.0,216.067
601888.SH,2022-12-12,0.0,216.61,216.66,216.42,238.0,5153340.0,216.068
601888.SH,2022-12-12,0.0,216.9,216.9,216.61,270.0,5844250.0,216.071
601888.SH,2022-12-12,0.0,217.48,217.49,216.91,495.0,10750700.0,216.077
601888.SH,2022-12-12,0.0,217.35,217.49,217.0,482.0,10478600.0,216.084
601888.SH,2022-12-12,0.0,217.37,217.37,217.0,422.0,9166870.0,216.09
601888.SH,2022-12-12,0.0,217.65,217.65,217.38,512.0,11135200.0,216.098
601888.SH,2022-12-12,0.0,217.3,217.67,217.0,661.0,14369800.0,216.107
601888.SH,2022-12-12,0.0,217.5,217.5,217.23,477.0,10368400.0,216.114
601888.SH,2022-12-12,0.0,217.19,217.41,217.1,301.0,6540550.0,216.118
601888.SH,2022-12-12,0.0,217.08,217.1,217.04,386.0,8379280.0,216.122
601888.SH,2022-12-12,0.0,217.01,217.11,216.9,673.0,14607300.0,216.129
601888.SH,2022-12-12,0.0,216.79,216.9,216.66,546.0,11836600.0,216.133
601888.SH,2022-12-12,0.0,216.84,216.84,216.66,348.0,7542480.0,216.135
601888.SH,2022-12-12,0.0,217.2,217.2,216.84,433.0,9397410.0,216.139
601888.SH,2022-12-12,0.0,217.0,217.21,216.99,680.0,14764100.0,216.147
601888.SH,2022-12-12,0.0,217.05,217.05,216.97,114.0,2473940.0,216.148
601888.SH,2022-12-12,0.0,217.17,217.17,217.0,398.0,8640140.0,216.152
601888.SH,2022-12-12,0.0,217.22,217.25,217.07,352.0,7644440.0,216.156
601888.SH,2022-12-12,0.0,216.91,217.22,216.91,134.0,2909600.0,216.157
601888.SH,2022-12-12,0.0,216.79,216.82,216.62,261.0,5657940.0,216.159
601888.SH,2022-12-12,0.0,216.88,216.88,216.3,251.0,5440740.0,216.16
601888.SH,2022-12-12,0.0,217.19,217.22,216.86,220.0,4775700.0,216.162
601888.SH,2022-12-12,0.0,217.33,217.33,216.96,335.0,7278070.0,216.166
601888.SH,2022-12-12,0.0,217.8,217.8,217.33,375.0,8160200.0,216.172
601888.SH,2022-12-12,0.0,217.87,217.87,217.78,308.0,6708930.0,216.177
601888.SH,2022-12-12,0.0,217.9,217.9,217.77,425.0,9258340.0,216.185
601888.SH,2022-12-12,0.0,217.99,217.99,217.93,468.0,10201500.0,216.193
601888.SH,2022-12-12,0.0,217.98,218.0,217.97,553.0,12055000.0,216.204
601888.SH,2022-12-12,0.0,218.0,218.0,217.98,249.0,5428080.0,216.208
601888.SH,2022-12-12,0.0,217.96,218.0,217.94,400.0,8719580.0,216.215
601888.SH,2022-12-12,0.0,218.02,218.02,217.93,567.0,12360000.0,216.226
601888.SH,2022-12-12,0.0,218.08,218.08,217.93,516.0,11250300.0,216.235
601888.SH,2022-12-12,0.0,218.0,218.18,218.0,491.0,10708200.0,216.244
601888.SH,2022-12-12,0.0,217.3,218.1,217.0,269.0,5852940.0,216.248
601888.SH,2022-12-12,0.0,217.18,217.23,217.04,311.0,6753320.0,216.251
601888.SH,2022-12-12,0.0,217.21,217.23,217.17,224.0,4864930.0,216.253
601888.SH,2022-12-12,0.0,216.84,217.21,216.84,161.0,3495060.0,216.254
601888.SH,2022-12-12,0.0,216.4,216.9,216.38,127.0,2752350.0,216.255
601888.SH,2022-12-12,0.0,217.0,217.02,216.33,228.0,4938610.0,216.256
601888.SH,2022-12-12,0.0,217.08,217.08,217.0,101.0,2192000.0,216.256
601888.SH,2022-12-12,0.0,216.87,217.08,216.71,459.0,9959360.0,216.26
601888.SH,2022-12-12,0.0,216.3,216.97,216.25,191.0,4136970.0,216.26
601888.SH,2022-12-12,0.0,216.46,216.57,216.0,476.0,10295900.0,216.26
601888.SH,2022-12-12,0.0,216.62,216.64,216.3,504.0,10902900.0,216.262
601888.SH,2022-12-12,0.0,216.63,216.68,216.6,354.0,7669360.0,216.263
601888.SH,2022-12-12,0.0,216.4,216.63,216.4,331.0,7164730.0,216.264
601888.SH,2022-12-12,0.0,216.28,216.32,216.21,402.0,8694640.0,216.264
601888.SH,2022-12-12,0.0,216.26,216.26,216.0,535.0,11561200.0,216.263
601888.SH,2022-12-12,0.0,216.63,216.63,215.99,1390.0,30043200.0,216.261
601888.SH,2022-12-12,0.0,216.48,216.61,216.44,410.0,8878100.0,216.262
601888.SH,2022-12-12,0.0,216.44,216.62,216.44,248.0,5370580.0,216.263
601888.SH,2022-12-12,0.0,215.91,216.38,215.9,302.0,6525820.0,216.262
601888.SH,2022-12-12,0.0,216.26,216.26,215.9,196.0,4232870.0,216.262
601888.SH,2022-12-12,0.0,216.9,216.9,216.34,228.0,4941840.0,216.263
601888.SH,2022-12-12,0.0,216.97,217.0,216.73,214.0,4643520.0,216.264
601888.SH,2022-12-12,0.0,216.91,216.92,216.75,124.0,2688860.0,216.265
601888.SH,2022-12-12,0.0,216.9,216.91,216.85,96.0,2082080.0,216.266
601888.SH,2022-12-12,0.0,216.88,216.96,216.86,156.0,3383670.0,216.267
601888.SH,2022-12-12,0.0,216.91,217.07,216.85,274.0,5944530.0,216.268
601888.SH,2022-12-12,0.0,216.7,217.02,216.7,383.0,8303720.0,216.27
601888.SH,2022-12-12,0.0,216.57,216.66,216.22,156.0,3376350.0,216.27
601888.SH,2022-12-12,0.0,216.28,216.5,216.26,88.0,1904200.0,216.271
601888.SH,2022-12-12,0.0,216.31,216.44,216.28,88.0,1904010.0,216.271
601888.SH,2022-12-12,0.0,216.2,216.41,216.2,179.0,3871670.0,216.271
601888.SH,2022-12-12,0.0,215.8,216.17,215.8,291.0,6284940.0,216.27
601888.SH,2022-12-12,0.0,215.78,215.91,215.69,275.0,5933680.0,216.269
601888.SH,2022-12-12,0.0,216.5,216.56,215.72,557.0,12037800.0,216.268
601888.SH,2022-12-12,0.0,216.88,216.88,216.5,178.0,3855920.0,216.268
601888.SH,2022-12-12,0.0,216.99,217.0,216.8,273.0,5922890.0,216.27
601888.SH,2022-12-12,0.0,216.96,217.0,216.74,313.0,6791290.0,216.272
601888.SH,2022-12-12,0.0,216.88,217.01,216.73,276.0,5986770.0,216.274
601888.SH,2022-12-12,0.0,216.87,216.87,216.71,142.0,3078780.0,216.274
601888.SH,2022-12-12,0.0,216.47,216.87,216.47,228.0,4940140.0,216.275
601888.SH,2022-12-12,0.0,216.67,216.8,216.5,213.0,4613850.0,216.276
601888.SH,2022-12-12,0.0,216.76,216.8,216.62,124.0,2687020.0,216.276
601888.SH,2022-12-12,0.0,216.51,216.83,216.51,203.0,4400360.0,216.277
601888.SH,2022-12-12,0.0,216.67,216.67,216.4,352.0,7613600.0,216.278
601888.SH,2022-12-12,0.0,216.85,216.9,216.61,448.0,9711240.0,216.28
601888.SH,2022-12-12,0.0,217.2,217.2,216.85,252.0,5467720.0,216.282
601888.SH,2022-12-12,0.0,217.32,217.32,217.19,143.0,3106540.0,216.283
601888.SH,2022-12-12,0.0,217.55,217.55,217.29,316.0,6871880.0,216.286
601888.SH,2022-12-12,0.0,217.62,218.0,217.56,541.0,11782300.0,216.293
601888.SH,2022-12-12,0.0,217.87,217.98,217.3,557.0,12134200.0,216.301
601888.SH,2022-12-12,0.0,217.78,217.87,217.6,254.0,5531580.0,216.304
601888.SH,2022-12-12,0.0,217.63,217.7,217.4,265.0,5767960.0,216.307
601888.SH,2022-12-12,0.0,217.53,217.69,217.0,334.0,7262530.0,216.311
601888.SH,2022-12-12,0.0,217.7,217.74,217.61,173.0,3765960.0,216.313
601888.SH,2022-12-12,0.0,217.76,217.76,217.68,270.0,5878630.0,216.316
601888.SH,2022-12-12,0.0,217.65,217.78,217.6,205.0,4463430.0,216.318
601888.SH,2022-12-12,0.0,217.55,217.65,217.55,136.0,2959700.0,216.32
601888.SH,2022-12-12,0.0,217.35,217.45,217.04,306.0,6651190.0,216.323
601888.SH,2022-12-12,0.0,217.44,217.45,217.35,139.0,3021880.0,216.324
601888.SH,2022-12-12,0.0,217.34,217.45,217.21,156.0,3391040.0,216.325
601888.SH,2022-12-12,0.0,217.3,217.4,217.17,132.0,2868290.0,216.326
601888.SH,2022-12-12,0.0,217.38,217.4,217.2,78.0,1695340.0,216.327
601888.SH,2022-12-12,0.0,217.24,217.4,217.24,142.0,3086520.0,216.328
601888.SH,2022-12-12,0.0,217.23,217.31,217.23,95.0,2063940.0,216.329
601888.SH,2022-12-12,0.0,216.96,217.23,216.96,265.0,5753370.0,216.331
601888.SH,2022-12-12,0.0,216.93,217.1,216.91,172.0,3732010.0,216.332
601888.SH,2022-12-12,0.0,217.1,217.1,216.97,136.0,2952050.0,216.333
601888.SH,2022-12-12,0.0,216.85,217.09,216.85,392.0,8503400.0,216.335
601888.SH,2022-12-12,0.0,217.14,217.2,216.94,173.0,3754730.0,216.336
601888.SH,2022-12-12,0.0,217.37,217.37,217.15,240.0,5213140.0,216.338
601888.SH,2022-12-12,0.0,217.34,217.41,217.3,185.0,4021010.0,216.339
601888.SH,2022-12-12,0.0,217.3,217.3,217.15,379.0,8232680.0,216.342
601888.SH,2022-12-12,0.0,217.4,217.42,217.2,440.0,9563300.0,216.346
601888.SH,2022-12-12,0.0,217.55,217.58,217.27,358.0,7785200.0,216.349
601888.SH,2022-12-12,0.0,217.86,217.86,217.48,751.0,16352400.0,216.358
601888.SH,2022-12-12,0.0,217.65,217.9,217.61,1066.0,23219200.0,216.371
601888.SH,2022-12-12,0.0,217.3,217.8,217.29,477.0,10380000.0,216.375
601888.SH,2022-12-12,0.0,217.02,217.36,217.01,391.0,8493030.0,216.378
601888.SH,2022-12-12,0.0,217.0,217.19,216.98,335.0,7273660.0,216.38
601888.SH,2022-12-12,0.0,216.53,217.02,216.5,926.0,20073600.0,216.383
601888.SH,2022-12-12,0.0,216.79,216.79,216.4,197.0,4267860.0,216.383
601888.SH,2022-12-12,0.0,216.9,216.96,216.76,438.0,9496780.0,216.385
601888.SH,2022-12-12,0.0,216.52,216.9,216.5,413.0,8951740.0,216.386
601888.SH,2022-12-12,0.0,217.1,217.1,216.5,903.0,19578900.0,216.389
601888.SH,2022-12-12,0.0,217.25,217.27,217.1,184.0,3997260.0,216.391
601888.SH,2022-12-12,0.0,217.18,217.22,217.15,180.0,3909330.0,216.392
601888.SH,2022-12-12,0.0,217.0,217.19,217.0,360.0,7816460.0,216.394
601888.SH,2022-12-12,0.0,217.02,217.1,216.9,605.0,13127400.0,216.397
601888.SH,2022-12-12,0.0,217.03,217.03,216.92,143.0,3103220.0,216.397
601888.SH,2022-12-12,0.0,217.0,217.08,217.0,81.0,1757960.0,216.398
601888.SH,2022-12-12,0.0,216.7,217.0,216.68,79.0,1712730.0,216.398
601888.SH,2022-12-12,0.0,216.74,216.85,216.7,103.0,2232770.0,216.398
601888.SH,2022-12-12,0.0,216.75,216.75,216.7,216.0,4681140.0,216.399
601888.SH,2022-12-12,0.0,216.72,216.74,216.71,185.0,4007410.0,216.399
601888.SH,2022-12-12,0.0,216.72,216.74,216.72,157.0,3402550.0,216.4
601888.SH,2022-12-12,0.0,216.61,216.72,216.58,209.0,4527940.0,216.4
601888.SH,2022-12-12,0.0,216.4,216.61,216.4,200.0,4330650.0,216.4
601888.SH,2022-12-12,0.0,216.23,216.4,216.23,99.0,2141800.0,216.4
601888.SH,2022-12-12,0.0,216.47,216.52,216.24,152.0,3288730.0,216.4
601888.SH,2022-12-12,0.0,216.51,216.52,216.46,149.0,3225870.0,216.4
601888.SH,2022-12-12,0.0,216.48,216.51,216.48,169.0,3658640.0,216.401
601888.SH,2022-12-12,0.0,216.33,216.5,216.33,128.0,2770600.0,216.401
601888.SH,2022-12-12,0.0,216.36,216.43,216.29,156.0,3375230.0,216.401
601888.SH,2022-12-12,0.0,216.32,216.4,216.31,130.0,2812480.0,216.401
601888.SH,2022-12-12,0.0,216.12,216.33,216.12,401.0,8671400.0,216.4
601888.SH,2022-12-12,0.0,215.87,216.12,215.87,435.0,9397000.0,216.399
601888.SH,2022-12-12,0.0,215.76,215.86,215.71,383.0,8269820.0,216.397
601888.SH,2022-12-12,0.0,215.51,215.75,215.5,350.0,7548060.0,216.395
601888.SH,2022-12-12,0.0,216.0,216.0,215.54,441.0,9518870.0,216.393
601888.SH,2022-12-12,0.0,215.78,216.0,215.75,243.0,5245630.0,216.392
601888.SH,2022-12-12,0.0,215.99,216.0,215.76,317.0,6842600.0,216.391
601888.SH,2022-12-12,0.0,216.05,216.13,215.99,317.0,6847860.0,216.39
601888.SH,2022-12-12,0.0,216.12,216.18,216.05,131.0,2831340.0,216.39
601888.SH,2022-12-12,0.0,215.77,216.17,215.77,368.0,7945940.0,216.388
601888.SH,2022-12-12,0.0,215.95,216.0,215.71,320.0,6909730.0,216.387
601888.SH,2022-12-12,0.0,215.92,215.95,215.88,319.0,6887020.0,216.386
601888.SH,2022-12-12,0.0,215.9,215.96,215.89,187.0,4037660.0,216.386
601888.SH,2022-12-12,0.0,215.8,215.9,215.8,231.0,4986500.0,216.385
601888.SH,2022-12-12,0.0,215.78,215.78,215.6,584.0,12597100.0,216.382
601888.SH,2022-12-12,0.0,215.7,215.78,215.63,259.0,5586860.0,216.38
601888.SH,2022-12-12,0.0,215.98,216.0,215.78,433.0,9347620.0,216.379
601888.SH,2022-12-12,0.0,215.88,216.02,215.88,360.0,7775730.0,216.378
601888.SH,2022-12-12,0.0,215.74,215.91,215.73,228.0,4921230.0,216.377
601888.SH,2022-12-12,0.0,215.72,215.76,215.7,322.0,6946100.0,216.375
601888.SH,2022-12-12,0.0,215.7,215.76,215.7,270.0,5824300.0,216.374
601888.SH,2022-12-12,0.0,215.76,215.76,215.67,309.0,6665400.0,216.372
601888.SH,2022-12-12,0.0,215.8,215.8,215.71,190.0,4099370.0,216.372
601888.SH,2022-12-12,0.0,215.74,215.85,215.74,293.0,6322200.0,216.37
601888.SH,2022-12-12,0.0,215.65,215.73,215.62,350.0,7549050.0,216.369
601888.SH,2022-12-12,0.0,215.53,215.7,215.53,512.0,11039800.0,216.366
601888.SH,2022-12-12,0.0,215.67,215.67,215.51,575.0,12388300.0,216.363
601888.SH,2022-12-12,0.0,215.76,215.88,215.7,501.0,10811200.0,216.36
601888.SH,2022-12-12,0.0,215.88,215.88,215.88,5.0,107940.0,216.36
601888.SH,2022-12-12,0.0,215.88,215.88,215.88,0.0,0.0,216.36
601888.SH,2022-12-12,0.0,215.77,215.77,215.77,894.0,19289800.0,216.357
601888.SH,2022-12-13,0.0,217.0,217.0,217.0,327.0,7095900.0,217.0
601888.SH,2022-12-13,0.0,216.48,217.36,215.25,1476.0,31930600.0,216.449
601888.SH,2022-12-13,0.0,215.61,216.5,215.55,650.0,14049900.0,216.37
601888.SH,2022-12-13,0.0,215.16,215.61,215.08,821.0,17680700.0,216.116
601888.SH,2022-12-13,0.0,215.09,215.16,215.0,616.0,13248200.0,215.95
601888.SH,2022-12-13,0.0,216.2,216.48,215.1,601.0,12969600.0,215.93
601888.SH,2022-12-13,0.0,215.71,216.2,215.71,313.0,6758760.0,215.93
601888.SH,2022-12-13,0.0,215.8,215.8,215.38,665.0,14330100.0,215.892
601888.SH,2022-12-13,0.0,216.07,216.76,215.81,960.0,20758200.0,215.943
601888.SH,2022-12-13,0.0,215.62,215.87,214.6,852.0,18326000.0,215.843
601888.SH,2022-12-13,0.0,216.29,216.39,215.26,786.0,16979600.0,215.861
601888.SH,2022-12-13,0.0,216.03,216.75,215.58,549.0,11876000.0,215.89
601888.SH,2022-12-13,0.0,216.3,216.77,216.03,516.0,11173500.0,215.927
601888.SH,2022-12-13,0.0,216.61,216.69,216.01,322.0,6969230.0,215.944
601888.SH,2022-12-13,0.0,216.54,216.68,216.13,394.0,8528760.0,215.965
601888.SH,2022-12-13,0.0,216.05,216.52,216.0,273.0,5903150.0,215.972
601888.SH,2022-12-13,0.0,216.11,216.2,216.0,412.0,8891180.0,215.975
601888.SH,2022-12-13,0.0,215.68,216.15,215.68,591.0,12763200.0,215.974
601888.SH,2022-12-13,0.0,215.63,215.68,215.6,392.0,8455190.0,215.962
601888.SH,2022-12-13,0.0,216.31,216.31,215.63,388.0,8381160.0,215.964
601888.SH,2022-12-13,0.0,215.8,216.56,215.62,705.0,15239600.0,215.975
601888.SH,2022-12-13,0.0,215.67,216.0,215.63,199.0,4293770.0,215.972
601888.SH,2022-12-13,0.0,215.74,215.9,215.63,206.0,4443870.0,215.968
601888.SH,2022-12-13,0.0,215.89,216.0,215.64,202.0,4360080.0,215.966
601888.SH,2022-12-13,0.0,216.0,216.15,215.9,450.0,9720990.0,215.968
601888.SH,2022-12-13,0.0,216.15,216.15,215.72,247.0,5333160.0,215.967
601888.SH,2022-12-13,0.0,216.34,216.68,216.16,685.0,14824700.0,215.988
601888.SH,2022-12-13,0.0,216.95,216.95,216.35,1329.0,28790200.0,216.047
601888.SH,2022-12-13,0.0,216.8,217.01,216.79,574.0,12454600.0,216.08
601888.SH,2022-12-13,0.0,216.56,216.76,216.41,306.0,6636970.0,216.089
601888.SH,2022-12-13,0.0,216.66,216.66,216.41,426.0,9223670.0,216.1
601888.SH,2022-12-13,0.0,216.95,216.99,216.7,415.0,8999370.0,216.118
601888.SH,2022-12-13,0.0,216.45,216.97,216.44,408.0,8842550.0,216.131
601888.SH,2022-12-13,0.0,216.8,216.8,216.4,257.0,5573990.0,216.137
601888.SH,2022-12-13,0.0,216.2,216.93,216.2,720.0,15586600.0,216.15
601888.SH,2022-12-13,0.0,216.42,216.53,215.88,639.0,13813500.0,216.151
601888.SH,2022-12-13,0.0,216.38,216.5,216.38,334.0,7229670.0,216.156
601888.SH,2022-12-13,0.0,215.97,216.3,215.89,397.0,8577060.0,216.154
601888.SH,2022-12-13,0.0,215.96,216.0,215.85,542.0,11702600.0,216.148
601888.SH,2022-12-13,0.0,216.02,216.16,215.95,661.0,14278800.0,216.144
601888.SH,2022-12-13,0.0,216.11,216.2,216.02,429.0,9269380.0,216.143
601888.SH,2022-12-13,0.0,216.18,216.5,216.11,452.0,9771600.0,216.143
601888.SH,2022-12-13,0.0,216.1,216.36,216.1,421.0,9100450.0,216.144
601888.SH,2022-12-13,0.0,215.7,216.1,215.69,784.0,16922200.0,216.134
601888.SH,2022-12-13,0.0,215.87,215.93,215.7,409.0,8828500.0,216.129
601888.SH,2022-12-13,0.0,216.06,216.38,215.87,370.0,7994190.0,216.128
601888.SH,2022-12-13,0.0,215.86,216.06,215.86,412.0,8897200.0,216.125
601888.SH,2022-12-13,0.0,215.89,215.93,215.87,203.0,4382930.0,216.123
601888.SH,2022-12-13,0.0,215.58,215.89,215.58,594.0,12811100.0,216.113
601888.SH,2022-12-13,0.0,215.34,215.56,215.3,415.0,8940890.0,216.102
601888.SH,2022-12-13,0.0,215.11,215.29,215.03,798.0,17170200.0,216.074
601888.SH,2022-12-13,0.0,215.88,215.89,215.21,271.0,5841380.0,216.069
601888.SH,2022-12-13,0.0,216.06,216.06,215.87,403.0,8702770.0,216.068
601888.SH,2022-12-13,0.0,216.5,216.51,216.13,332.0,7183380.0,216.071
601888.SH,2022-12-13,0.0,217.18,217.18,216.57,1169.0,25344800.0,216.101
601888.SH,2022-12-13,0.0,217.01,217.5,217.0,791.0,17190500.0,216.133
601888.SH,2022-12-13,0.0,217.16,217.3,217.04,388.0,8428070.0,216.147
601888.SH,2022-12-13,0.0,217.01,217.2,216.94,619.0,13435100.0,216.165
601888.SH,2022-12-13,0.0,217.66,217.66,217.0,567.0,12321900.0,216.186
601888.SH,2022-12-13,0.0,217.38,217.87,217.38,536.0,11669200.0,216.212
601888.SH,2022-12-13,0.0,216.91,217.38,216.7,279.0,6057740.0,216.219
601888.SH,2022-12-13,0.0,216.32,216.91,216.3,141.0,3053370.0,216.221
601888.SH,2022-12-13,0.0,216.17,216.32,216.0,431.0,9312530.0,216.219
601888.SH,2022-12-13,0.0,216.29,216.36,216.0,176.0,3804010.0,216.218
601888.SH,2022-12-13,0.0,215.68,216.33,215.68,405.0,8749360.0,216.216
601888.SH,2022-12-13,0.0,215.88,215.88,215.64,210.0,4530280.0,216.213
601888.SH,2022-12-13,0.0,215.88,216.08,215.88,198.0,4276580.0,216.212
601888.SH,2022-12-13,0.0,215.8,215.82,215.69,262.0,5653030.0,216.208
601888.SH,2022-12-13,0.0,215.88,215.92,215.7,248.0,5352130.0,216.206
601888.SH,2022-12-13,0.0,215.85,215.91,215.8,99.0,2137160.0,216.205
601888.SH,2022-12-13,0.0,215.88,216.0,215.8,132.0,2850050.0,216.203
601888.SH,2022-12-13,0.0,215.91,215.99,215.73,165.0,3562730.0,216.202
601888.SH,2022-12-13,0.0,216.32,216.32,215.92,287.0,6200680.0,216.201
601888.SH,2022-12-13,0.0,216.33,216.58,216.28,160.0,3461930.0,216.202
601888.SH,2022-12-13,0.0,216.04,216.5,215.82,246.0,5315680.0,216.201
601888.SH,2022-12-13,0.0,216.08,216.08,215.96,99.0,2138550.0,216.2
601888.SH,2022-12-13,0.0,215.9,216.1,215.9,127.0,2742920.0,216.2
601888.SH,2022-12-13,0.0,215.79,215.91,215.79,222.0,4792400.0,216.198
601888.SH,2022-12-13,0.0,216.17,216.17,215.79,231.0,4988340.0,216.196
601888.SH,2022-12-13,0.0,216.02,216.17,216.01,169.0,3651610.0,216.195
601888.SH,2022-12-13,0.0,216.3,216.33,216.0,448.0,9686160.0,216.195
601888.SH,2022-12-13,0.0,216.59,216.59,216.29,861.0,18638000.0,216.202
601888.SH,2022-12-13,0.0,217.02,217.14,216.7,582.0,12617600.0,216.211
601888.SH,2022-12-13,0.0,217.0,217.2,216.82,506.0,10985600.0,216.223
601888.SH,2022-12-13,0.0,216.5,216.92,216.3,323.0,6997860.0,216.226
601888.SH,2022-12-13,0.0,216.48,216.5,216.3,82.0,1774800.0,216.227
601888.SH,2022-12-13,0.0,216.23,216.5,216.23,313.0,6773550.0,216.228
601888.SH,2022-12-13,0.0,216.25,216.33,216.1,149.0,3220690.0,216.228
601888.SH,2022-12-13,0.0,216.96,217.0,216.26,236.0,5114710.0,216.231
601888.SH,2022-12-13,0.0,216.65,217.0,216.63,157.0,3405220.0,216.233
601888.SH,2022-12-13,0.0,216.86,216.89,216.61,143.0,3099790.0,216.235
601888.SH,2022-12-13,0.0,216.92,217.0,216.86,282.0,6117610.0,216.24
601888.SH,2022-12-13,0.0,216.8,216.92,216.7,191.0,4140130.0,216.243
601888.SH,2022-12-13,0.0,216.76,216.8,216.71,384.0,8324340.0,216.248
601888.SH,2022-12-13,0.0,216.73,216.96,216.38,2331.0,50385800.0,216.243
601888.SH,2022-12-13,0.0,216.73,216.97,216.36,390.0,8453610.0,216.247
601888.SH,2022-12-13,0.0,217.15,217.15,216.73,225.0,4884780.0,216.251
601888.SH,2022-12-13,0.0,216.74,217.17,216.74,128.0,2775910.0,216.253
601888.SH,2022-12-13,0.0,216.97,216.97,216.5,202.0,4376740.0,216.255
601888.SH,2022-12-13,0.0,216.89,216.99,216.87,94.0,2039060.0,216.257
601888.SH,2022-12-13,0.0,216.7,216.8,216.7,212.0,4588720.0,216.258
601888.SH,2022-12-13,0.0,216.83,216.86,216.23,137.0,2969520.0,216.259
601888.SH,2022-12-13,0.0,217.06,217.06,216.88,491.0,10656000.0,216.268
601888.SH,2022-12-13,0.0,217.0,217.05,216.65,364.0,7897760.0,216.273
601888.SH,2022-12-13,0.0,216.65,217.0,216.4,274.0,5940980.0,216.276
601888.SH,2022-12-13,0.0,216.5,216.65,216.5,54.0,1169400.0,216.277
601888.SH,2022-12-13,0.0,216.17,216.45,216.06,230.0,4972740.0,216.276
601888.SH,2022-12-13,0.0,215.81,216.17,215.81,384.0,8290610.0,216.273
601888.SH,2022-12-13,0.0,216.17,216.3,215.84,322.0,6953580.0,216.271
601888.SH,2022-12-13,0.0,216.22,216.3,216.17,104.0,2248920.0,216.271
601888.SH,2022-12-13,0.0,216.68,216.71,216.22,176.0,3810210.0,216.272
601888.SH,2022-12-13,0.0,216.09,216.65,216.03,82.0,1773760.0,216.272
601888.SH,2022-12-13,0.0,216.31,216.31,216.02,90.0,1944680.0,216.272
601888.SH,2022-12-13,0.0,216.22,216.39,216.21,179.0,3871890.0,216.272
601888.SH,2022-12-13,0.0,216.24,216.47,216.02,146.0,3155560.0,216.271
601888.SH,2022-12-13,0.0,215.78,216.48,215.78,295.0,6370420.0,216.269
601888.SH,2022-12-13,0.0,215.77,215.81,215.76,247.0,5329960.0,216.267
601888.SH,2022-12-13,0.0,216.01,216.48,215.78,252.0,5442130.0,216.265
601888.SH,2022-12-13,0.0,216.0,216.1,215.78,340.0,7344150.0,216.263
601888.SH,2022-12-13,0.0,215.82,216.0,215.8,134.0,2891900.0,216.262
601888.SH,2022-12-13,0.0,215.6,215.8,215.56,278.0,5996420.0,216.259
601888.SH,2022-12-13,0.0,215.61,215.66,215.55,283.0,6101620.0,216.255
601888.SH,2022-12-13,0.0,216.0,216.0,215.6,130.0,2805120.0,216.254
601888.SH,2022-12-13,0.0,215.9,216.0,215.65,156.0,3366500.0,216.253
601888.SH,2022-12-13,0.0,215.69,215.95,215.66,178.0,3839240.0,216.25
601888.SH,2022-12-13,0.0,215.15,215.66,215.15,461.0,9929640.0,216.243
601888.SH,2022-12-13,0.0,215.44,215.6,215.13,284.0,6114500.0,216.237
601888.SH,2022-12-13,0.0,215.23,215.44,215.22,193.0,4155520.0,216.234
601888.SH,2022-12-13,0.0,215.16,215.21,215.03,302.0,6497460.0,216.227
601888.SH,2022-12-13,0.0,215.2,215.21,215.1,303.0,6517520.0,216.221
601888.SH,2022-12-13,0.0,215.27,215.27,215.2,130.0,2798130.0,216.218
601888.SH,2022-12-13,0.0,215.31,215.32,215.27,110.0,2368300.0,216.216
601888.SH,2022-12-13,0.0,215.28,215.32,215.28,92.0,1980760.0,216.215
601888.SH,2022-12-13,0.0,215.4,215.5,215.27,212.0,4565030.0,216.211
601888.SH,2022-12-13,0.0,215.36,215.49,215.36,116.0,2498780.0,216.209
601888.SH,2022-12-13,0.0,214.88,215.37,214.88,903.0,19422100.0,216.19
601888.SH,2022-12-13,0.0,214.66,214.89,214.66,485.0,10416200.0,216.177
601888.SH,2022-12-13,0.0,214.52,214.65,214.52,450.0,9656820.0,216.164
601888.SH,2022-12-13,0.0,214.36,214.51,214.35,339.0,7269400.0,216.153
601888.SH,2022-12-13,0.0,214.28,214.36,214.26,205.0,4393910.0,216.146
601888.SH,2022-12-13,0.0,214.13,214.28,214.13,184.0,3941390.0,216.14
601888.SH,2022-12-13,0.0,213.99,214.12,213.89,817.0,17484200.0,216.108
601888.SH,2022-12-13,0.0,214.27,214.44,213.89,677.0,14497500.0,216.084
601888.SH,2022-12-13,0.0,214.06,214.29,214.02,278.0,5953410.0,216.075
601888.SH,2022-12-13,0.0,213.93,214.03,213.93,479.0,10250200.0,216.057
601888.SH,2022-12-13,0.0,213.73,213.93,213.7,521.0,11141300.0,216.037
601888.SH,2022-12-13,0.0,213.99,213.99,213.57,857.0,18314500.0,216.003
601888.SH,2022-12-13,0.0,214.01,214.08,213.95,262.0,5607250.0,215.994
601888.SH,2022-12-13,0.0,214.0,214.05,213.95,282.0,6034640.0,215.984
601888.SH,2022-12-13,0.0,213.91,214.01,213.9,251.0,5371160.0,215.976
601888.SH,2022-12-13,0.0,214.5,214.5,213.88,293.0,6269690.0,215.966
601888.SH,2022-12-13,0.0,214.72,214.72,214.45,169.0,3626670.0,215.962
601888.SH,2022-12-13,0.0,214.11,214.73,214.11,279.0,5985350.0,215.955
601888.SH,2022-12-13,0.0,214.27,214.27,213.91,349.0,7467870.0,215.944
601888.SH,2022-12-13,0.0,214.64,214.99,214.04,277.0,5936950.0,215.936
601888.SH,2022-12-13,0.0,214.17,214.83,214.17,179.0,3836960.0,215.932
601888.SH,2022-12-13,0.0,214.6,214.67,214.18,258.0,5531890.0,215.925
601888.SH,2022-12-13,0.0,214.77,214.82,214.58,271.0,5820170.0,215.92
601888.SH,2022-12-13,0.0,214.94,214.94,214.77,309.0,6637770.0,215.914
601888.SH,2022-12-13,0.0,214.96,215.0,214.94,526.0,11308200.0,215.907
601888.SH,2022-12-13,0.0,214.77,214.96,214.77,325.0,6983290.0,215.901
601888.SH,2022-12-13,0.0,214.7,214.8,214.68,298.0,6398250.0,215.895
601888.SH,2022-12-13,0.0,215.29,215.29,214.7,813.0,17475700.0,215.884
601888.SH,2022-12-13,0.0,215.29,215.29,215.26,299.0,6437060.0,215.881
601888.SH,2022-12-13,0.0,215.29,215.38,215.28,297.0,6397820.0,215.879
601888.SH,2022-12-13,0.0,215.03,215.29,215.01,109.0,2345240.0,215.878
601888.SH,2022-12-13,0.0,215.3,215.5,215.01,248.0,5332140.0,215.875
601888.SH,2022-12-13,0.0,215.62,215.62,215.3,75.0,1616370.0,215.875
601888.SH,2022-12-13,0.0,215.65,215.68,215.62,85.0,1833070.0,215.874
601888.SH,2022-12-13,0.0,215.6,215.68,215.6,161.0,3472210.0,215.874
601888.SH,2022-12-13,0.0,215.3,215.63,215.0,768.0,16543700.0,215.868
601888.SH,2022-12-13,0.0,215.2,215.48,215.16,244.0,5254440.0,215.867
601888.SH,2022-12-13,0.0,215.22,215.22,214.99,466.0,10024100.0,215.861
601888.SH,2022-12-13,0.0,215.26,215.48,214.97,255.0,5489320.0,215.859
601888.SH,2022-12-13,0.0,215.51,215.51,215.22,251.0,5406780.0,215.857
601888.SH,2022-12-13,0.0,215.3,215.55,215.3,337.0,7262730.0,215.855
601888.SH,2022-12-13,0.0,214.97,215.23,214.97,265.0,5702360.0,215.853
601888.SH,2022-12-13,0.0,214.9,215.03,214.9,132.0,2837860.0,215.851
601888.SH,2022-12-13,0.0,214.8,214.93,214.8,187.0,4017750.0,215.848
601888.SH,2022-12-13,0.0,214.61,214.75,214.61,235.0,5044630.0,215.844
601888.SH,2022-12-13,0.0,214.84,214.84,214.6,272.0,5839780.0,215.84
601888.SH,2022-12-13,0.0,215.3,215.3,214.85,203.0,4365960.0,215.837
601888.SH,2022-12-13,0.0,215.34,215.34,215.19,125.0,2690900.0,215.836
601888.SH,2022-12-13,0.0,214.89,215.33,214.87,211.0,4538550.0,215.834
601888.SH,2022-12-13,0.0,215.19,215.2,214.89,331.0,7124400.0,215.831
601888.SH,2022-12-13,0.0,215.04,215.19,214.9,127.0,2730910.0,215.829
601888.SH,2022-12-13,0.0,214.9,215.17,214.9,422.0,9076170.0,215.825
601888.SH,2022-12-13,0.0,214.7,214.91,214.7,121.0,2599530.0,215.823
601888.SH,2022-12-13,0.0,214.84,214.84,214.69,277.0,5948600.0,215.819
601888.SH,2022-12-13,0.0,214.82,214.99,214.82,133.0,2858340.0,215.817
601888.SH,2022-12-13,0.0,214.88,214.88,214.82,114.0,2449320.0,215.815
601888.SH,2022-12-13,0.0,214.69,214.88,214.69,148.0,3178820.0,215.813
601888.SH,2022-12-13,0.0,214.64,214.69,214.59,161.0,3455620.0,215.811
601888.SH,2022-12-13,0.0,214.88,214.89,214.67,209.0,4488440.0,215.808
601888.SH,2022-12-13,0.0,214.77,214.89,214.77,126.0,2707060.0,215.806
601888.SH,2022-12-13,0.0,214.77,214.8,214.73,174.0,3736930.0,215.803
601888.SH,2022-12-13,0.0,214.66,214.76,214.62,263.0,5646220.0,215.799
601888.SH,2022-12-13,0.0,214.71,214.71,214.66,104.0,2232680.0,215.797
601888.SH,2022-12-13,0.0,214.89,214.9,214.71,494.0,10608900.0,215.79
601888.SH,2022-12-13,0.0,215.0,215.0,214.93,75.0,1612340.0,215.789
601888.SH,2022-12-13,0.0,214.99,215.0,214.99,127.0,2730440.0,215.788
601888.SH,2022-12-13,0.0,214.9,214.99,214.9,92.0,1977520.0,215.787
601888.SH,2022-12-13,0.0,214.96,214.99,214.9,151.0,3245700.0,215.785
601888.SH,2022-12-13,0.0,214.88,214.98,214.88,131.0,2815410.0,215.784
601888.SH,2022-12-13,0.0,214.88,214.89,214.8,105.0,2255980.0,215.782
601888.SH,2022-12-13,0.0,214.77,214.88,214.77,95.0,2040660.0,215.781
601888.SH,2022-12-13,0.0,214.71,214.77,214.7,103.0,2211740.0,215.78
601888.SH,2022-12-13,0.0,214.61,214.71,214.6,205.0,4400180.0,215.776
601888.SH,2022-12-13,0.0,214.55,214.61,214.55,119.0,2553630.0,215.774
601888.SH,2022-12-13,0.0,214.5,214.57,214.5,308.0,6608900.0,215.769
601888.SH,2022-12-13,0.0,214.3,214.52,214.3,120.0,2571830.0,215.767
601888.SH,2022-12-13,0.0,214.45,214.5,214.3,233.0,4996890.0,215.763
601888.SH,2022-12-13,0.0,214.2,214.4,214.0,574.0,12291300.0,215.75
601888.SH,2022-12-13,0.0,214.11,214.2,214.09,319.0,6831730.0,215.743
601888.SH,2022-12-13,0.0,214.09,214.2,214.02,893.0,19113900.0,215.723
601888.SH,2022-12-13,0.0,213.9,214.05,213.89,243.0,5199010.0,215.718
601888.SH,2022-12-13,0.0,213.67,213.89,213.66,483.0,10326600.0,215.705
601888.SH,2022-12-13,0.0,213.89,213.99,213.66,385.0,8231260.0,215.696
601888.SH,2022-12-13,0.0,213.97,213.98,213.89,568.0,12149800.0,215.683
601888.SH,2022-12-13,0.0,214.1,214.1,213.9,292.0,6249120.0,215.676
601888.SH,2022-12-13,0.0,214.26,214.3,214.02,356.0,7625260.0,215.67
601888.SH,2022-12-13,0.0,214.22,214.33,214.22,252.0,5400050.0,215.665
601888.SH,2022-12-13,0.0,214.28,214.28,214.2,426.0,9127210.0,215.657
601888.SH,2022-12-13,0.0,213.9,214.28,213.9,639.0,13681200.0,215.645
601888.SH,2022-12-13,0.0,213.8,213.94,213.59,1890.0,40379100.0,215.598
601888.SH,2022-12-13,0.0,213.99,214.18,213.8,310.0,6631290.0,215.592
601888.SH,2022-12-13,0.0,213.74,213.94,213.7,440.0,9408390.0,215.582
601888.SH,2022-12-13,0.0,213.52,213.68,213.51,976.0,20838300.0,215.559
601888.SH,2022-12-13,0.0,213.27,213.51,213.23,991.0,21157600.0,215.533
601888.SH,2022-12-13,0.0,213.49,213.49,213.27,1008.0,21508000.0,215.508
601888.SH,2022-12-13,0.0,213.05,213.5,213.0,1186.0,25283200.0,215.476
601888.SH,2022-12-13,0.0,213.49,213.5,213.02,1106.0,23590100.0,215.448
601888.SH,2022-12-13,0.0,213.17,213.45,213.15,741.0,15802700.0,215.43
601888.SH,2022-12-13,0.0,213.26,213.26,212.98,833.0,17758000.0,215.408
601888.SH,2022-12-13,0.0,213.48,213.49,213.3,329.0,7022440.0,215.401
601888.SH,2022-12-13,0.0,213.64,213.87,213.51,309.0,6600690.0,215.395
601888.SH,2022-12-13,0.0,213.78,213.78,213.63,325.0,6944850.0,215.389
601888.SH,2022-12-13,0.0,213.66,213.77,213.66,386.0,8250500.0,215.382
601888.SH,2022-12-13,0.0,213.74,213.74,213.74,11.0,235082.0,215.381
601888.SH,2022-12-13,0.0,213.74,213.74,213.74,0.0,0.0,215.381
601888.SH,2022-12-13,0.0,213.74,213.74,213.74,849.0,18144800.0,215.366
601888.SH,2022-12-14,0.0,214.7,214.7,214.7,348.0,7471560.0,214.7
601888.SH,2022-12-14,0.0,214.72,214.98,214.0,1534.0,32928000.0,214.702
601888.SH,2022-12-14,0.0,215.91,216.0,214.74,1367.0,29470700.0,215.074
601888.SH,2022-12-14,0.0,216.0,216.0,215.69,1370.0,29577100.0,215.317
601888.SH,2022-12-14,0.0,216.62,217.0,216.0,2665.0,57724800.0,215.787
601888.SH,2022-12-14,0.0,216.48,216.75,216.23,1032.0,22353700.0,215.889
601888.SH,2022-12-14,0.0,216.05,216.26,215.89,665.0,14371900.0,215.906
601888.SH,2022-12-14,0.0,216.67,216.83,215.96,1175.0,25450600.0,215.986
601888.SH,2022-12-14,0.0,216.7,216.8,216.6,1090.0,23618100.0,216.054
601888.SH,2022-12-14,0.0,216.2,216.7,216.2,612.0,13254400.0,216.081
601888.SH,2022-12-14,0.0,215.46,216.43,215.46,540.0,11653200.0,216.068
601888.SH,2022-12-14,0.0,215.09,215.44,215.09,560.0,12056900.0,216.035
601888.SH,2022-12-14,0.0,215.42,215.5,215.0,504.0,10847500.0,216.005
601888.SH,2022-12-14,0.0,214.33,215.45,214.07,944.0,20257300.0,215.911
601888.SH,2022-12-14,0.0,214.4,214.7,214.0,897.0,19212700.0,215.81
601888.SH,2022-12-14,0.0,215.0,215.2,214.4,460.0,9892560.0,215.788
601888.SH,2022-12-14,0.0,215.1,215.12,214.82,304.0,6537430.0,215.774
601888.SH,2022-12-14,0.0,214.78,215.18,214.47,486.0,10444100.0,215.748
601888.SH,2022-12-14,0.0,215.34,215.39,214.79,420.0,9038900.0,215.735
601888.SH,2022-12-14,0.0,215.66,215.8,215.33,776.0,16713400.0,215.725
601888.SH,2022-12-14,0.0,215.66,215.74,215.53,789.0,17016600.0,215.723
601888.SH,2022-12-14,0.0,215.51,215.67,215.39,284.0,6120040.0,215.72
601888.SH,2022-12-14,0.0,216.54,216.8,215.55,1492.0,32253200.0,215.753
601888.SH,2022-12-14,0.0,216.21,216.61,216.2,466.0,10081800.0,215.766
601888.SH,2022-12-14,0.0,216.81,216.81,216.22,704.0,15246100.0,215.794
601888.SH,2022-12-14,0.0,217.25,217.27,216.83,2145.0,46544700.0,215.902
601888.SH,2022-12-14,0.0,217.35,217.38,217.25,1011.0,21970900.0,215.961
601888.SH,2022-12-14,0.0,217.48,217.54,217.35,988.0,21482100.0,216.018
601888.SH,2022-12-14,0.0,217.5,217.5,217.33,970.0,21090300.0,216.069
601888.SH,2022-12-14,0.0,217.93,217.96,217.53,1149.0,25010000.0,216.135
601888.SH,2022-12-14,0.0,218.0,218.0,217.95,1110.0,24194600.0,216.206
601888.SH,2022-12-14,0.0,218.21,218.3,217.98,1628.0,35505800.0,216.307
601888.SH,2022-12-14,0.0,217.54,218.29,217.54,930.0,20287100.0,216.361
601888.SH,2022-12-14,0.0,217.76,217.77,217.48,467.0,10160600.0,216.379
601888.SH,2022-12-14,0.0,218.0,218.01,217.72,762.0,16606100.0,216.415
601888.SH,2022-12-14,0.0,218.17,218.17,218.0,657.0,14327100.0,216.448
601888.SH,2022-12-14,0.0,217.99,218.22,217.88,838.0,18281100.0,216.49
601888.SH,2022-12-14,0.0,217.8,218.07,217.5,887.0,19300500.0,216.518
601888.SH,2022-12-14,0.0,217.67,217.8,217.66,314.0,6837460.0,216.529
601888.SH,2022-12-14,0.0,217.5,217.68,217.5,523.0,11380400.0,216.544
601888.SH,2022-12-14,0.0,217.54,217.55,217.49,281.0,6110660.0,216.552
601888.SH,2022-12-14,0.0,217.64,217.64,217.53,213.0,4634310.0,216.558
601888.SH,2022-12-14,0.0,217.45,217.64,217.45,369.0,8028680.0,216.568
601888.SH,2022-12-14,0.0,216.97,217.41,216.88,244.0,5298960.0,216.572
601888.SH,2022-12-14,0.0,216.66,216.96,216.66,456.0,9885130.0,216.574
601888.SH,2022-12-14,0.0,216.46,216.71,216.36,330.0,7146460.0,216.574
601888.SH,2022-12-14,0.0,216.2,216.46,216.16,278.0,6011860.0,216.572
601888.SH,2022-12-14,0.0,216.22,216.24,216.16,437.0,9448000.0,216.568
601888.SH,2022-12-14,0.0,216.5,216.6,216.21,292.0,6317820.0,216.566
601888.SH,2022-12-14,0.0,216.99,216.99,216.59,164.0,3555010.0,216.567
601888.SH,2022-12-14,0.0,216.67,217.09,216.62,337.0,7310190.0,216.57
601888.SH,2022-12-14,0.0,216.85,216.86,216.62,179.0,3879210.0,216.571
601888.SH,2022-12-14,0.0,216.86,216.89,216.75,341.0,7393550.0,216.573
601888.SH,2022-12-14,0.0,217.01,217.01,216.5,417.0,9038350.0,216.575
601888.SH,2022-12-14,0.0,216.91,217.19,216.91,251.0,5447380.0,216.578
601888.SH,2022-12-14,0.0,217.29,217.31,216.99,227.0,4927830.0,216.581
601888.SH,2022-12-14,0.0,217.0,217.49,217.0,342.0,7434480.0,216.588
601888.SH,2022-12-14,0.0,217.46,217.52,217.06,575.0,12489900.0,216.596
601888.SH,2022-12-14,0.0,217.98,217.98,217.48,586.0,12758300.0,216.612
601888.SH,2022-12-14,0.0,218.1,218.1,217.94,1465.0,31936900.0,216.658
601888.SH,2022-12-14,0.0,217.94,218.1,217.92,249.0,5428390.0,216.666
601888.SH,2022-12-14,0.0,217.74,217.91,217.74,288.0,6273520.0,216.674
601888.SH,2022-12-14,0.0,217.98,217.98,217.7,505.0,10998500.0,216.686
601888.SH,2022-12-14,0.0,217.62,218.07,217.49,444.0,9677260.0,216.699
601888.SH,2022-12-14,0.0,217.95,217.95,217.32,268.0,5835330.0,216.705
601888.SH,2022-12-14,0.0,217.75,217.98,217.75,325.0,7081690.0,216.713
601888.SH,2022-12-14,0.0,217.49,217.87,217.33,328.0,7135210.0,216.72
601888.SH,2022-12-14,0.0,217.71,217.71,217.39,257.0,5590970.0,216.724
601888.SH,2022-12-14,0.0,217.73,217.73,217.53,209.0,4549170.0,216.728
601888.SH,2022-12-14,0.0,217.73,217.73,217.67,225.0,4898210.0,216.733
601888.SH,2022-12-14,0.0,217.66,217.74,217.66,193.0,4201660.0,216.737
601888.SH,2022-12-14,0.0,217.23,217.67,217.11,323.0,7019270.0,216.741
601888.SH,2022-12-14,0.0,216.7,217.23,216.6,312.0,6770630.0,216.742
601888.SH,2022-12-14,0.0,216.75,216.78,216.67,301.0,6522780.0,216.742
601888.SH,2022-12-14,0.0,216.8,216.8,216.75,227.0,4920720.0,216.742
601888.SH,2022-12-14,0.0,216.76,216.78,216.76,218.0,4725570.0,216.742
601888.SH,2022-12-14,0.0,216.46,216.77,216.41,284.0,6149580.0,216.741
601888.SH,2022-12-14,0.0,216.6,216.61,216.5,206.0,4460730.0,216.74
601888.SH,2022-12-14,0.0,216.66,216.67,216.6,195.0,4224380.0,216.74
601888.SH,2022-12-14,0.0,216.79,216.79,216.67,186.0,4031250.0,216.74
601888.SH,2022-12-14,0.0,216.89,216.9,216.78,176.0,3816330.0,216.74
601888.SH,2022-12-14,0.0,216.8,216.85,216.73,198.0,4292450.0,216.74
601888.SH,2022-12-14,0.0,216.85,216.88,216.79,156.0,3382740.0,216.74
601888.SH,2022-12-14,0.0,217.4,217.5,216.91,248.0,5388540.0,216.743
601888.SH,2022-12-14,0.0,217.86,217.86,217.39,360.0,7836430.0,216.75
601888.SH,2022-12-14,0.0,217.9,217.96,217.85,332.0,7234430.0,216.757
601888.SH,2022-12-14,0.0,217.8,217.89,217.68,353.0,7686200.0,216.764
601888.SH,2022-12-14,0.0,217.48,217.8,217.47,341.0,7418630.0,216.769
601888.SH,2022-12-14,0.0,217.06,217.5,217.06,196.0,4259040.0,216.771
601888.SH,2022-12-14,0.0,217.2,217.3,216.99,262.0,5690190.0,216.773
601888.SH,2022-12-14,0.0,217.2,217.27,217.04,282.0,6125310.0,216.776
601888.SH,2022-12-14,0.0,217.03,217.24,217.0,284.0,6166350.0,216.778
601888.SH,2022-12-14,0.0,216.98,217.1,216.72,225.0,4880520.0,216.778
601888.SH,2022-12-14,0.0,217.1,217.13,216.98,212.0,4601340.0,216.779
601888.SH,2022-12-14,0.0,217.32,217.32,217.1,312.0,6778450.0,216.782
601888.SH,2022-12-14,0.0,217.65,217.65,217.31,120.0,2609890.0,216.783
601888.SH,2022-12-14,0.0,218.13,218.14,217.65,2267.0,49420900.0,216.832
601888.SH,2022-12-14,0.0,218.23,218.28,218.18,1013.0,22104900.0,216.857
601888.SH,2022-12-14,0.0,219.23,219.28,218.22,4086.0,89375296.0,216.983
601888.SH,2022-12-14,0.0,219.48,219.85,219.29,1832.0,40234100.0,217.06
601888.SH,2022-12-14,0.0,219.5,219.65,219.28,1111.0,24389400.0,217.103
601888.SH,2022-12-14,0.0,219.5,219.51,219.4,842.0,18480500.0,217.135
601888.SH,2022-12-14,0.0,218.55,219.54,218.5,759.0,16628500.0,217.158
601888.SH,2022-12-14,0.0,218.71,218.99,218.56,301.0,6584180.0,217.165
601888.SH,2022-12-14,0.0,218.55,218.9,218.48,700.0,15317400.0,217.182
601888.SH,2022-12-14,0.0,218.39,218.56,218.23,249.0,5438100.0,217.187
601888.SH,2022-12-14,0.0,218.06,218.39,218.04,332.0,7243990.0,217.192
601888.SH,2022-12-14,0.0,218.05,218.06,217.91,255.0,5559760.0,217.195
601888.SH,2022-12-14,0.0,218.42,218.42,218.02,324.0,7067140.0,217.2
601888.SH,2022-12-14,0.0,218.34,218.42,218.27,347.0,7577720.0,217.206
601888.SH,2022-12-14,0.0,218.88,218.95,218.38,281.0,6144780.0,217.212
601888.SH,2022-12-14,0.0,219.0,219.01,218.93,570.0,12482100.0,217.226
601888.SH,2022-12-14,0.0,219.08,219.08,218.99,525.0,11499000.0,217.24
601888.SH,2022-12-14,0.0,219.25,219.49,219.07,599.0,13139100.0,217.258
601888.SH,2022-12-14,0.0,219.39,219.48,219.28,342.0,7503370.0,217.269
601888.SH,2022-12-14,0.0,219.25,219.35,219.17,852.0,18680100.0,217.293
601888.SH,2022-12-14,0.0,219.0,219.35,219.0,467.0,10240900.0,217.306
601888.SH,2022-12-14,0.0,218.44,219.25,218.35,464.0,10154900.0,217.316
601888.SH,2022-12-14,0.0,218.92,219.01,218.44,400.0,8755880.0,217.324
601888.SH,2022-12-14,0.0,219.0,219.0,218.97,337.0,7379940.0,217.332
601888.SH,2022-12-14,0.0,218.99,219.08,218.48,390.0,8535130.0,217.34
601888.SH,2022-12-14,0.0,219.59,219.59,218.98,1720.0,37728900.0,217.387
601888.SH,2022-12-14,0.0,219.32,219.58,219.25,402.0,8820190.0,217.398
601888.SH,2022-12-14,0.0,219.4,219.4,218.99,315.0,6907250.0,217.405
601888.SH,2022-12-14,0.0,219.51,219.53,219.36,736.0,16152300.0,217.425
601888.SH,2022-12-14,0.0,219.28,219.51,219.06,591.0,12965700.0,217.44
601888.SH,2022-12-14,0.0,218.72,219.29,218.7,363.0,7955910.0,217.449
601888.SH,2022-12-14,0.0,218.79,218.9,218.68,238.0,5205770.0,217.453
601888.SH,2022-12-14,0.0,219.3,219.3,218.8,563.0,12329300.0,217.464
601888.SH,2022-12-14,0.0,219.0,219.37,218.89,565.0,12378000.0,217.475
601888.SH,2022-12-14,0.0,218.85,219.0,218.79,232.0,5078170.0,217.479
601888.SH,2022-12-14,0.0,218.48,218.99,218.48,259.0,5666420.0,217.484
601888.SH,2022-12-14,0.0,219.0,219.0,218.5,353.0,7725540.0,217.49
601888.SH,2022-12-14,0.0,218.95,219.03,218.91,259.0,5671390.0,217.495
601888.SH,2022-12-14,0.0,218.94,218.98,218.92,163.0,3568800.0,217.498
601888.SH,2022-12-14,0.0,219.27,219.3,218.94,625.0,13696400.0,217.51
601888.SH,2022-12-14,0.0,219.3,219.4,219.27,404.0,8861330.0,217.519
601888.SH,2022-12-14,0.0,219.35,219.36,219.14,421.0,9230810.0,217.528
601888.SH,2022-12-14,0.0,219.53,219.53,219.32,688.0,15097400.0,217.544
601888.SH,2022-12-14,0.0,219.52,219.54,219.51,400.0,8780810.0,217.554
601888.SH,2022-12-14,0.0,219.49,219.52,219.47,244.0,5355910.0,217.56
601888.SH,2022-12-14,0.0,219.59,219.64,219.49,1068.0,23442700.0,217.585
601888.SH,2022-12-14,0.0,219.7,219.72,219.56,933.0,20493400.0,217.608
601888.SH,2022-12-14,0.0,220.1,220.22,219.8,6490.0,142755008.0,217.777
601888.SH,2022-12-14,0.0,220.56,220.57,220.18,1723.0,37955600.0,217.824
601888.SH,2022-12-14,0.0,220.08,220.6,220.08,813.0,17921200.0,217.846
601888.SH,2022-12-14,0.0,219.98,220.08,219.8,926.0,20377100.0,217.867
601888.SH,2022-12-14,0.0,220.04,220.06,219.97,507.0,11154400.0,217.879
601888.SH,2022-12-14,0.0,220.29,220.29,220.0,296.0,6516850.0,217.886
601888.SH,2022-12-14,0.0,220.39,220.39,220.2,906.0,19958400.0,217.908
601888.SH,2022-12-14,0.0,220.4,220.42,220.2,1111.0,24483100.0,217.937
601888.SH,2022-12-14,0.0,219.88,220.4,219.88,570.0,12551400.0,217.95
601888.SH,2022-12-14,0.0,220.0,220.0,219.69,774.0,17016000.0,217.965
601888.SH,2022-12-14,0.0,220.22,220.22,219.89,358.0,7876130.0,217.972
601888.SH,2022-12-14,0.0,220.4,220.4,220.21,533.0,11743100.0,217.985
601888.SH,2022-12-14,0.0,219.71,220.34,219.69,474.0,10431300.0,217.995
601888.SH,2022-12-14,0.0,219.65,220.0,219.62,697.0,15320400.0,218.007
601888.SH,2022-12-14,0.0,219.75,219.76,219.6,331.0,7271420.0,218.013
601888.SH,2022-12-14,0.0,219.66,219.8,219.64,304.0,6680070.0,218.018
601888.SH,2022-12-14,0.0,219.3,219.64,219.3,548.0,12031800.0,218.026
601888.SH,2022-12-14,0.0,219.7,219.71,219.06,448.0,9838340.0,218.033
601888.SH,2022-12-14,0.0,219.5,219.68,219.5,222.0,4874450.0,218.036
601888.SH,2022-12-14,0.0,219.43,219.51,219.43,317.0,6957320.0,218.041
601888.SH,2022-12-14,0.0,219.74,219.86,219.45,420.0,9227660.0,218.048
601888.SH,2022-12-14,0.0,219.99,219.99,219.77,201.0,4418430.0,218.051
601888.SH,2022-12-14,0.0,219.93,220.0,219.89,1163.0,25587800.0,218.073
601888.SH,2022-12-14,0.0,219.88,220.0,219.88,432.0,9500190.0,218.08
601888.SH,2022-12-14,0.0,219.51,219.8,219.42,324.0,7115000.0,218.085
601888.SH,2022-12-14,0.0,219.49,219.6,219.48,414.0,9078500.0,218.091
601888.SH,2022-12-14,0.0,219.45,219.5,219.43,195.0,4279540.0,218.093
601888.SH,2022-12-14,0.0,219.4,219.48,219.38,312.0,6846090.0,218.097
601888.SH,2022-12-14,0.0,219.38,219.45,219.35,323.0,7089630.0,218.101
601888.SH,2022-12-14,0.0,219.29,219.45,219.29,378.0,8296810.0,218.105
601888.SH,2022-12-14,0.0,219.09,219.3,219.08,267.0,5851520.0,218.108
601888.SH,2022-12-14,0.0,219.03,219.25,219.0,349.0,7645470.0,218.111
601888.SH,2022-12-14,0.0,219.64,219.65,219.03,410.0,8984650.0,218.116
601888.SH,2022-12-14,0.0,219.56,219.95,219.56,456.0,10023200.0,218.123
601888.SH,2022-12-14,0.0,219.5,219.55,219.2,308.0,6761490.0,218.127
601888.SH,2022-12-14,0.0,219.36,219.53,219.36,127.0,2783290.0,218.128
601888.SH,2022-12-14,0.0,219.14,219.38,219.14,297.0,6511540.0,218.131
601888.SH,2022-12-14,0.0,218.9,219.18,218.9,225.0,4929190.0,218.133
601888.SH,2022-12-14,0.0,218.52,218.87,218.52,699.0,15279500.0,218.136
601888.SH,2022-12-14,0.0,218.36,218.68,218.31,476.0,10400100.0,218.138
601888.SH,2022-12-14,0.0,218.31,218.6,218.25,571.0,12470900.0,218.139
601888.SH,2022-12-14,0.0,218.35,218.4,218.23,497.0,10854500.0,218.14
601888.SH,2022-12-14,0.0,218.88,218.93,218.31,319.0,6971110.0,218.141
601888.SH,2022-12-14,0.0,219.05,219.05,218.88,136.0,2977860.0,218.142
601888.SH,2022-12-14,0.0,219.31,219.5,219.12,176.0,3859730.0,218.144
601888.SH,2022-12-14,0.0,219.1,219.36,219.1,175.0,3837400.0,218.145
601888.SH,2022-12-14,0.0,218.89,219.1,218.84,306.0,6700200.0,218.148
601888.SH,2022-12-14,0.0,219.21,219.36,218.89,362.0,7922650.0,218.151
601888.SH,2022-12-14,0.0,219.5,219.5,219.13,308.0,6757140.0,218.154
601888.SH,2022-12-14,0.0,219.7,219.7,219.5,280.0,6148010.0,218.157
601888.SH,2022-12-14,0.0,219.91,219.94,219.7,381.0,8376410.0,218.163
601888.SH,2022-12-14,0.0,219.85,219.94,219.84,235.0,5167180.0,218.166
601888.SH,2022-12-14,0.0,219.71,219.88,219.71,261.0,5737170.0,218.17
601888.SH,2022-12-14,0.0,219.22,219.69,219.22,217.0,4762780.0,218.173
601888.SH,2022-12-14,0.0,219.28,219.5,219.05,305.0,6685750.0,218.175
601888.SH,2022-12-14,0.0,218.88,219.5,218.88,341.0,7472090.0,218.178
601888.SH,2022-12-14,0.0,218.99,219.0,218.77,233.0,5099860.0,218.18
601888.SH,2022-12-14,0.0,218.81,219.0,218.74,1171.0,25640900.0,218.188
601888.SH,2022-12-14,0.0,218.95,219.28,218.73,386.0,8448920.0,218.19
601888.SH,2022-12-14,0.0,218.83,218.89,218.5,381.0,8321120.0,218.191
601888.SH,2022-12-14,0.0,219.15,219.27,218.5,276.0,6039920.0,218.193
601888.SH,2022-12-14,0.0,219.02,219.2,219.01,234.0,5126010.0,218.194
601888.SH,2022-12-14,0.0,219.15,219.17,219.0,233.0,5103510.0,218.196
601888.SH,2022-12-14,0.0,219.25,219.39,219.15,201.0,4406560.0,218.198
601888.SH,2022-12-14,0.0,219.4,219.4,219.15,203.0,4450550.0,218.2
601888.SH,2022-12-14,0.0,219.71,219.71,219.42,279.0,6124240.0,218.203
601888.SH,2022-12-14,0.0,219.5,219.77,219.5,325.0,7138130.0,218.207
601888.SH,2022-12-14,0.0,219.2,219.56,219.2,504.0,11060500.0,218.212
601888.SH,2022-12-14,0.0,219.6,219.6,219.2,538.0,11809800.0,218.217
601888.SH,2022-12-14,0.0,219.46,219.6,219.45,404.0,8862540.0,218.221
601888.SH,2022-12-14,0.0,219.3,219.47,219.25,512.0,11232000.0,218.226
601888.SH,2022-12-14,0.0,219.03,219.45,218.9,851.0,18655800.0,218.233
601888.SH,2022-12-14,0.0,218.94,219.03,218.93,303.0,6634140.0,218.235
601888.SH,2022-12-14,0.0,218.55,218.9,218.5,434.0,9486100.0,218.236
601888.SH,2022-12-14,0.0,218.33,218.51,218.22,238.0,5196970.0,218.236
601888.SH,2022-12-14,0.0,218.45,218.5,218.28,511.0,11158300.0,218.237
601888.SH,2022-12-14,0.0,218.37,218.49,218.05,604.0,13186400.0,218.237
601888.SH,2022-12-14,0.0,218.73,218.73,218.35,409.0,8930930.0,218.238
601888.SH,2022-12-14,0.0,218.88,218.89,218.73,253.0,5535960.0,218.24
601888.SH,2022-12-14,0.0,218.79,218.94,218.78,291.0,6369320.0,218.241
601888.SH,2022-12-14,0.0,218.92,218.95,218.75,279.0,6105430.0,218.242
601888.SH,2022-12-14,0.0,218.75,218.94,218.75,290.0,6345600.0,218.244
601888.SH,2022-12-14,0.0,218.71,218.82,218.7,345.0,7547680.0,218.245
601888.SH,2022-12-14,0.0,218.71,218.75,218.7,397.0,8684560.0,218.247
601888.SH,2022-12-14,0.0,218.67,218.72,218.62,310.0,6771100.0,218.248
601888.SH,2022-12-14,0.0,218.68,218.68,218.59,235.0,5138560.0,218.248
601888.SH,2022-12-14,0.0,218.78,218.78,218.68,402.0,8793940.0,218.25
601888.SH,2022-12-14,0.0,218.78,218.8,218.71,362.0,7918830.0,218.251
601888.SH,2022-12-14,0.0,218.68,218.83,218.68,557.0,12183700.0,218.254
601888.SH,2022-12-14,0.0,218.67,218.68,218.61,411.0,8986090.0,218.255
601888.SH,2022-12-14,0.0,218.71,218.73,218.59,502.0,10982700.0,218.256
601888.SH,2022-12-14,0.0,218.69,218.71,218.66,376.0,8222400.0,218.258
601888.SH,2022-12-14,0.0,218.62,218.66,218.61,453.0,9904100.0,218.259
601888.SH,2022-12-14,0.0,218.74,218.74,218.62,526.0,11500500.0,218.261
601888.SH,2022-12-14,0.0,218.79,218.79,218.7,372.0,8138070.0,218.262
601888.SH,2022-12-14,0.0,218.8,218.8,218.8,9.0,196918.0,218.262
601888.SH,2022-12-14,0.0,218.8,218.8,218.8,0.0,0.0,218.262
601888.SH,2022-12-14,0.0,218.84,218.84,218.84,1237.0,27069400.0,218.267
601888.SH,2022-12-15,0.0,222.38,222.38,222.38,2078.0,46210600.0,222.38
601888.SH,2022-12-15,0.0,223.58,223.97,221.0,7471.0,166471008.0,222.72
601888.SH,2022-12-15,0.0,222.5,224.02,222.39,4990.0,111463000.0,222.944
601888.SH,2022-12-15,0.0,220.71,223.0,220.68,2890.0,64201600.0,222.816
601888.SH,2022-12-15,0.0,219.5,220.68,219.38,1849.0,40698300.0,222.556
601888.SH,2022-12-15,0.0,220.0,220.68,219.5,1217.0,26780900.0,222.407
601888.SH,2022-12-15,0.0,219.9,220.3,219.9,1150.0,25317100.0,222.287
601888.SH,2022-12-15,0.0,220.1,220.1,219.52,1011.0,22231400.0,222.176
601888.SH,2022-12-15,0.0,220.74,220.8,219.99,1090.0,24045400.0,222.104
601888.SH,2022-12-15,0.0,220.9,221.37,220.7,1181.0,26088700.0,222.047
601888.SH,2022-12-15,0.0,221.59,221.6,220.8,1467.0,32443900.0,221.998
601888.SH,2022-12-15,0.0,222.22,222.49,221.59,1686.0,37427800.0,221.997
601888.SH,2022-12-15,0.0,222.0,222.41,221.55,1890.0,41970400.0,222.002
601888.SH,2022-12-15,0.0,221.28,221.7,221.03,1153.0,25522200.0,221.978
601888.SH,2022-12-15,0.0,222.19,222.19,221.24,1073.0,23814500.0,221.976
601888.SH,2022-12-15,0.0,222.18,222.45,221.9,1248.0,27714600.0,221.98
601888.SH,2022-12-15,0.0,221.0,222.24,221.0,1106.0,24539500.0,221.977
601888.SH,2022-12-15,0.0,220.08,221.16,220.08,795.0,17561000.0,221.952
601888.SH,2022-12-15,0.0,219.57,220.05,219.57,880.0,19341800.0,221.9
601888.SH,2022-12-15,0.0,219.09,219.67,219.0,1281.0,28108000.0,221.815
601888.SH,2022-12-15,0.0,218.5,219.0,217.99,2050.0,44767700.0,221.637
601888.SH,2022-12-15,0.0,217.83,218.28,217.8,941.0,20513800.0,221.553
601888.SH,2022-12-15,0.0,218.5,218.5,217.6,869.0,18929400.0,221.477
601888.SH,2022-12-15,0.0,218.68,219.3,218.45,1107.0,24246500.0,221.413
601888.SH,2022-12-15,0.0,218.15,218.7,218.15,545.0,11908500.0,221.376
601888.SH,2022-12-15,0.0,217.5,218.11,217.5,1265.0,27548900.0,221.271
601888.SH,2022-12-15,0.0,217.3,217.48,217.17,940.0,20425000.0,221.188
601888.SH,2022-12-15,0.0,217.0,217.39,217.0,1093.0,23735400.0,221.093
601888.SH,2022-12-15,0.0,216.8,216.9,216.5,1227.0,26585200.0,220.979
601888.SH,2022-12-15,0.0,216.51,216.63,216.51,852.0,18454600.0,220.902
601888.SH,2022-12-15,0.0,216.55,216.58,216.43,958.0,20742500.0,220.817
601888.SH,2022-12-15,0.0,217.12,217.12,216.53,1018.0,22061000.0,220.734
601888.SH,2022-12-15,0.0,218.0,218.0,217.19,1144.0,24879600.0,220.662
601888.SH,2022-12-15,0.0,218.05,218.15,217.8,698.0,15222700.0,220.627
601888.SH,2022-12-15,0.0,217.68,218.07,217.68,455.0,9915300.0,220.604
601888.SH,2022-12-15,0.0,218.33,218.33,217.41,242.0,5267600.0,220.59
601888.SH,2022-12-15,0.0,218.8,218.83,218.27,338.0,7389700.0,220.578
601888.SH,2022-12-15,0.0,218.41,218.79,217.7,378.0,8237530.0,220.561
601888.SH,2022-12-15,0.0,219.12,219.12,218.28,435.0,9517520.0,220.547
601888.SH,2022-12-15,0.0,219.24,219.24,218.62,324.0,7095660.0,220.538
601888.SH,2022-12-15,0.0,219.22,219.44,219.22,572.0,12547600.0,220.526
601888.SH,2022-12-15,0.0,220.0,220.2,219.3,1091.0,23989900.0,220.513
601888.SH,2022-12-15,0.0,220.01,220.02,219.66,730.0,16056700.0,220.506
601888.SH,2022-12-15,0.0,220.4,220.4,220.0,484.0,10656900.0,220.503
601888.SH,2022-12-15,0.0,220.49,220.5,220.35,501.0,11044900.0,220.503
601888.SH,2022-12-15,0.0,220.19,220.5,219.99,513.0,11302800.0,220.501
601888.SH,2022-12-15,0.0,219.99,220.3,219.78,501.0,11027300.0,220.498
601888.SH,2022-12-15,0.0,219.53,220.0,219.5,342.0,7517170.0,220.494
601888.SH,2022-12-15,0.0,219.79,219.83,219.51,290.0,6360000.0,220.49
601888.SH,2022-12-15,0.0,219.78,220.01,219.61,374.0,8222440.0,220.486
601888.SH,2022-12-15,0.0,219.78,219.8,219.5,290.0,6371070.0,220.482
601888.SH,2022-12-15,0.0,219.41,219.9,219.4,141.0,3096510.0,220.48
601888.SH,2022-12-15,0.0,219.04,219.4,218.76,187.0,4094620.0,220.475
601888.SH,2022-12-15,0.0,219.49,219.49,219.03,172.0,3771230.0,220.472
601888.SH,2022-12-15,0.0,219.14,219.5,219.1,153.0,3356310.0,220.469
601888.SH,2022-12-15,0.0,219.07,219.1,219.0,101.0,2212330.0,220.466
601888.SH,2022-12-15,0.0,219.0,219.14,218.99,169.0,3702480.0,220.463
601888.SH,2022-12-15,0.0,218.97,219.08,218.88,140.0,3065680.0,220.459
601888.SH,2022-12-15,0.0,219.97,219.97,218.91,663.0,14540700.0,220.447
601888.SH,2022-12-15,0.0,220.3,220.3,219.9,353.0,7768130.0,220.445
601888.SH,2022-12-15,0.0,220.11,220.34,220.1,367.0,8083520.0,220.444
601888.SH,2022-12-15,0.0,220.58,220.58,220.1,451.0,9937000.0,220.443
601888.SH,2022-12-15,0.0,220.78,221.03,220.58,809.0,17867700.0,220.448
601888.SH,2022-12-15,0.0,220.99,221.0,220.61,469.0,10362400.0,220.452
601888.SH,2022-12-15,0.0,220.63,221.0,220.62,212.0,4681110.0,220.453
601888.SH,2022-12-15,0.0,220.93,220.99,220.6,234.0,5166250.0,220.454
601888.SH,2022-12-15,0.0,220.97,221.07,220.7,888.0,19621000.0,220.461
601888.SH,2022-12-15,0.0,220.17,221.0,220.15,787.0,17375000.0,220.465
601888.SH,2022-12-15,0.0,220.5,220.5,220.35,136.0,2997360.0,220.465
601888.SH,2022-12-15,0.0,220.32,220.74,220.31,159.0,3506630.0,220.465
601888.SH,2022-12-15,0.0,220.0,220.32,220.0,272.0,5988030.0,220.463
601888.SH,2022-12-15,0.0,220.07,220.08,220.0,145.0,3190220.0,220.463
601888.SH,2022-12-15,0.0,220.37,220.37,220.07,115.0,2531970.0,220.462
601888.SH,2022-12-15,0.0,220.67,220.67,220.35,110.0,2425770.0,220.462
601888.SH,2022-12-15,0.0,220.97,220.97,220.57,174.0,3841440.0,220.463
601888.SH,2022-12-15,0.0,221.14,221.14,220.97,186.0,4111650.0,220.465
601888.SH,2022-12-15,0.0,221.45,221.61,221.17,328.0,7263250.0,220.469
601888.SH,2022-12-15,0.0,221.5,221.5,221.28,279.0,6178680.0,220.473
601888.SH,2022-12-15,0.0,221.85,221.85,221.55,298.0,6605770.0,220.478
601888.SH,2022-12-15,0.0,221.51,221.94,221.3,344.0,7629050.0,220.485
601888.SH,2022-12-15,0.0,221.22,221.6,221.22,252.0,5577560.0,220.488
601888.SH,2022-12-15,0.0,221.9,221.9,221.2,279.0,6178890.0,220.492
601888.SH,2022-12-15,0.0,222.49,222.49,221.85,1243.0,27611100.0,220.521
601888.SH,2022-12-15,0.0,222.25,222.63,222.25,726.0,16154300.0,220.541
601888.SH,2022-12-15,0.0,223.17,223.17,222.28,1275.0,28412800.0,220.581
601888.SH,2022-12-15,0.0,222.33,223.17,222.33,785.0,17506900.0,220.607
601888.SH,2022-12-15,0.0,222.0,222.41,221.89,242.0,5377300.0,220.612
601888.SH,2022-12-15,0.0,221.78,222.02,221.78,283.0,6281910.0,220.617
601888.SH,2022-12-15,0.0,222.11,222.35,221.92,294.0,6535000.0,220.624
601888.SH,2022-12-15,0.0,222.43,223.0,221.99,791.0,17600200.0,220.644
601888.SH,2022-12-15,0.0,222.04,222.88,222.04,428.0,9529060.0,220.655
601888.SH,2022-12-15,0.0,222.43,222.5,222.04,314.0,6982860.0,220.662
601888.SH,2022-12-15,0.0,222.28,222.72,222.26,533.0,11871900.0,220.677
601888.SH,2022-12-15,0.0,222.21,222.3,221.99,234.0,5196310.0,220.681
601888.SH,2022-12-15,0.0,221.8,222.1,221.8,165.0,3661830.0,220.683
601888.SH,2022-12-15,0.0,221.22,221.8,221.22,179.0,3966440.0,220.686
601888.SH,2022-12-15,0.0,221.41,221.5,221.05,133.0,2944650.0,220.687
601888.SH,2022-12-15,0.0,221.18,221.34,221.1,115.0,2543830.0,220.688
601888.SH,2022-12-15,0.0,221.55,221.9,221.18,151.0,3343010.0,220.689
601888.SH,2022-12-15,0.0,221.86,221.9,221.56,95.0,2107120.0,220.69
601888.SH,2022-12-15,0.0,221.54,221.8,221.45,191.0,4233650.0,220.693
601888.SH,2022-12-15,0.0,221.9,221.95,221.51,214.0,4746210.0,220.696
601888.SH,2022-12-15,0.0,221.3,221.98,221.3,251.0,5565220.0,220.699
601888.SH,2022-12-15,0.0,221.55,221.55,221.3,192.0,4260970.0,220.701
601888.SH,2022-12-15,0.0,221.02,221.35,221.02,265.0,5859000.0,220.703
601888.SH,2022-12-15,0.0,220.96,221.09,220.96,238.0,5260060.0,220.704
601888.SH,2022-12-15,0.0,220.9,221.0,220.87,195.0,4307950.0,220.705
601888.SH,2022-12-15,0.0,220.88,220.89,220.56,297.0,6556630.0,220.705
601888.SH,2022-12-15,0.0,221.7,221.7,221.0,276.0,6111680.0,220.708
601888.SH,2022-12-15,0.0,221.18,221.8,220.97,307.0,6790790.0,220.709
601888.SH,2022-12-15,0.0,221.28,221.85,221.21,295.0,6534700.0,220.712
601888.SH,2022-12-15,0.0,221.18,221.61,221.18,184.0,4072490.0,220.714
601888.SH,2022-12-15,0.0,221.6,221.6,221.1,193.0,4270560.0,220.715
601888.SH,2022-12-15,0.0,221.9,221.99,221.59,230.0,5102160.0,220.718
601888.SH,2022-12-15,0.0,221.95,222.0,221.79,435.0,9654960.0,220.725
601888.SH,2022-12-15,0.0,222.88,222.88,221.98,612.0,13608500.0,220.737
601888.SH,2022-12-15,0.0,222.64,222.89,222.52,444.0,9892760.0,220.748
601888.SH,2022-12-15,0.0,222.41,222.45,222.29,94.0,2090500.0,220.75
601888.SH,2022-12-15,0.0,222.67,222.67,222.25,437.0,9720020.0,220.759
601888.SH,2022-12-15,0.0,222.7,222.74,222.62,253.0,5634650.0,220.765
601888.SH,2022-12-15,0.0,222.55,222.7,222.45,283.0,6297720.0,220.771
601888.SH,2022-12-15,0.0,220.86,222.46,220.86,692.0,15353200.0,220.78
601888.SH,2022-12-15,0.0,220.51,220.9,220.51,393.0,8672300.0,220.78
601888.SH,2022-12-15,0.0,220.28,220.55,220.08,477.0,10519600.0,220.777
601888.SH,2022-12-15,0.0,220.12,220.38,220.02,314.0,6913870.0,220.775
601888.SH,2022-12-15,0.0,220.29,220.29,220.06,260.0,5725560.0,220.773
601888.SH,2022-12-15,0.0,219.89,220.31,219.75,738.0,16228800.0,220.767
601888.SH,2022-12-15,0.0,220.32,220.32,219.9,483.0,10625900.0,220.763
601888.SH,2022-12-15,0.0,220.7,220.99,220.39,100.0,2206230.0,220.762
601888.SH,2022-12-15,0.0,220.6,220.99,220.6,187.0,4129330.0,220.763
601888.SH,2022-12-15,0.0,220.51,220.61,220.49,188.0,4146690.0,220.762
601888.SH,2022-12-15,0.0,220.48,220.88,220.41,245.0,5404940.0,220.762
601888.SH,2022-12-15,0.0,220.11,220.5,220.05,203.0,4470650.0,220.76
601888.SH,2022-12-15,0.0,220.17,220.46,220.01,236.0,5193990.0,220.759
601888.SH,2022-12-15,0.0,220.27,220.46,220.03,108.0,2378440.0,220.758
601888.SH,2022-12-15,0.0,220.32,220.46,220.32,105.0,2313950.0,220.758
601888.SH,2022-12-15,0.0,220.01,220.3,219.99,379.0,8340310.0,220.755
601888.SH,2022-12-15,0.0,220.08,220.25,220.0,301.0,6623310.0,220.752
601888.SH,2022-12-15,0.0,219.56,220.0,219.56,442.0,9712870.0,220.747
601888.SH,2022-12-15,0.0,219.38,219.52,219.19,540.0,11846700.0,220.739
601888.SH,2022-12-15,0.0,219.8,219.9,219.37,354.0,7770500.0,220.734
601888.SH,2022-12-15,0.0,219.51,219.8,219.51,168.0,3689650.0,220.732
601888.SH,2022-12-15,0.0,219.45,219.55,219.44,224.0,4916660.0,220.729
601888.SH,2022-12-15,0.0,219.81,219.81,219.46,285.0,6261980.0,220.726
601888.SH,2022-12-15,0.0,220.0,220.0,219.81,182.0,4002060.0,220.724
601888.SH,2022-12-15,0.0,219.91,220.16,219.91,229.0,5038360.0,220.722
601888.SH,2022-12-15,0.0,219.96,219.99,219.78,269.0,5913990.0,220.72
601888.SH,2022-12-15,0.0,220.12,220.27,219.96,200.0,4402140.0,220.718
601888.SH,2022-12-15,0.0,219.8,220.12,219.8,188.0,4135800.0,220.717
601888.SH,2022-12-15,0.0,219.6,219.84,219.6,184.0,4043340.0,220.715
601888.SH,2022-12-15,0.0,219.55,219.72,219.48,295.0,6477670.0,220.711
601888.SH,2022-12-15,0.0,219.94,219.96,219.61,128.0,2813450.0,220.71
601888.SH,2022-12-15,0.0,219.79,220.0,219.73,120.0,2638520.0,220.709
601888.SH,2022-12-15,0.0,220.04,220.06,220.0,271.0,5961960.0,220.707
601888.SH,2022-12-15,0.0,220.14,220.2,220.04,160.0,3521710.0,220.706
601888.SH,2022-12-15,0.0,220.14,220.16,220.05,169.0,3720200.0,220.705
601888.SH,2022-12-15,0.0,220.51,220.8,220.06,299.0,6585560.0,220.703
601888.SH,2022-12-15,0.0,220.8,220.88,220.51,93.0,2052400.0,220.703
601888.SH,2022-12-15,0.0,220.97,220.98,220.76,105.0,2319540.0,220.704
601888.SH,2022-12-15,0.0,220.72,220.97,220.72,149.0,3291480.0,220.704
601888.SH,2022-12-15,0.0,220.51,220.77,220.38,118.0,2603700.0,220.704
601888.SH,2022-12-15,0.0,220.44,220.51,220.28,120.0,2645340.0,220.704
601888.SH,2022-12-15,0.0,220.62,220.66,220.45,168.0,3713970.0,220.703
601888.SH,2022-12-15,0.0,221.04,221.04,220.64,438.0,9674560.0,220.704
601888.SH,2022-12-15,0.0,221.82,221.83,221.14,353.0,7819810.0,220.707
601888.SH,2022-12-15,0.0,221.2,221.85,221.1,229.0,5073150.0,220.709
601888.SH,2022-12-15,0.0,221.2,221.23,220.7,185.0,4089830.0,220.71
601888.SH,2022-12-15,0.0,220.8,221.22,220.8,117.0,2586400.0,220.71
601888.SH,2022-12-15,0.0,220.78,220.99,220.7,131.0,2892950.0,220.711
601888.SH,2022-12-15,0.0,220.98,221.0,220.85,135.0,2982810.0,220.711
601888.SH,2022-12-15,0.0,221.1,221.2,220.98,292.0,6454390.0,220.712
601888.SH,2022-12-15,0.0,221.4,221.4,221.12,155.0,3429420.0,220.713
601888.SH,2022-12-15,0.0,221.08,221.4,221.0,214.0,4734710.0,220.714
601888.SH,2022-12-15,0.0,221.07,221.07,220.96,165.0,3646320.0,220.714
601888.SH,2022-12-15,0.0,220.91,221.05,220.91,193.0,4264990.0,220.715
601888.SH,2022-12-15,0.0,220.89,220.91,220.88,179.0,3954020.0,220.715
601888.SH,2022-12-15,0.0,220.91,220.98,220.87,186.0,4108580.0,220.716
601888.SH,2022-12-15,0.0,221.04,221.06,220.91,136.0,3005580.0,220.716
601888.SH,2022-12-15,0.0,220.78,221.04,220.72,135.0,2981790.0,220.716
601888.SH,2022-12-15,0.0,220.58,220.8,220.58,145.0,3200310.0,220.716
601888.SH,2022-12-15,0.0,220.44,220.56,220.24,278.0,6128940.0,220.716
601888.SH,2022-12-15,0.0,220.59,220.7,220.44,370.0,8161340.0,220.715
601888.SH,2022-12-15,0.0,220.5,220.64,220.45,246.0,5425230.0,220.715
601888.SH,2022-12-15,0.0,220.12,220.35,220.1,192.0,4227220.0,220.714
601888.SH,2022-12-15,0.0,221.0,221.0,220.16,412.0,9088530.0,220.713
601888.SH,2022-12-15,0.0,220.99,221.0,220.78,68.0,1502110.0,220.713
601888.SH,2022-12-15,0.0,221.02,221.03,220.86,237.0,5236960.0,220.714
601888.SH,2022-12-15,0.0,221.29,221.37,221.02,168.0,3714910.0,220.715
601888.SH,2022-12-15,0.0,221.33,221.33,221.26,188.0,4160200.0,220.716
601888.SH,2022-12-15,0.0,221.34,221.35,221.26,260.0,5753820.0,220.717
601888.SH,2022-12-15,0.0,221.3,221.36,221.3,147.0,3253600.0,220.718
601888.SH,2022-12-15,0.0,221.39,221.39,221.3,313.0,6927680.0,220.72
601888.SH,2022-12-15,0.0,221.56,221.6,221.4,253.0,5603300.0,220.722
601888.SH,2022-12-15,0.0,221.74,221.77,221.55,225.0,4986570.0,220.724
601888.SH,2022-12-15,0.0,221.55,221.74,221.34,183.0,4054480.0,220.725
601888.SH,2022-12-15,0.0,221.24,221.55,221.24,279.0,6177340.0,220.727
601888.SH,2022-12-15,0.0,221.43,221.43,221.24,344.0,7615270.0,220.729
601888.SH,2022-12-15,0.0,221.57,221.6,221.43,228.0,5050080.0,220.731
601888.SH,2022-12-15,0.0,221.5,221.61,221.47,262.0,5804200.0,220.733
601888.SH,2022-12-15,0.0,221.0,221.5,221.0,183.0,4046350.0,220.734
601888.SH,2022-12-15,0.0,220.8,220.9,220.75,239.0,5278480.0,220.734
601888.SH,2022-12-15,0.0,220.84,220.93,220.75,68.0,1501730.0,220.734
601888.SH,2022-12-15,0.0,220.87,220.89,220.86,92.0,2020950.0,220.734
601888.SH,2022-12-15,0.0,221.38,221.38,220.87,215.0,4754970.0,220.735
601888.SH,2022-12-15,0.0,220.89,221.4,220.88,119.0,2631760.0,220.736
601888.SH,2022-12-15,0.0,220.89,221.0,220.88,140.0,3095110.0,220.736
601888.SH,2022-12-15,0.0,220.58,220.89,220.57,457.0,10098600.0,220.736
601888.SH,2022-12-15,0.0,220.4,220.6,220.4,359.0,7915640.0,220.735
601888.SH,2022-12-15,0.0,220.47,220.5,220.26,184.0,4055080.0,220.735
601888.SH,2022-12-15,0.0,220.36,220.47,220.31,82.0,1807160.0,220.734
601888.SH,2022-12-15,0.0,220.32,220.36,220.3,225.0,4957400.0,220.734
601888.SH,2022-12-15,0.0,220.15,220.35,220.1,212.0,4668780.0,220.733
601888.SH,2022-12-15,0.0,220.3,220.3,220.1,237.0,5217830.0,220.731
601888.SH,2022-12-15,0.0,220.03,220.3,220.03,125.0,2751980.0,220.731
601888.SH,2022-12-15,0.0,220.06,220.15,220.02,109.0,2398690.0,220.73
601888.SH,2022-12-15,0.0,220.06,220.15,220.06,134.0,2948990.0,220.729
601888.SH,2022-12-15,0.0,220.0,220.13,220.0,865.0,19031000.0,220.723
601888.SH,2022-12-15,0.0,219.94,220.15,219.94,290.0,6380370.0,220.721
601888.SH,2022-12-15,0.0,219.88,220.0,219.88,196.0,4311180.0,220.72
601888.SH,2022-12-15,0.0,219.95,219.99,219.89,125.0,2749040.0,220.719
601888.SH,2022-12-15,0.0,220.09,220.1,219.95,217.0,4774570.0,220.718
601888.SH,2022-12-15,0.0,220.05,220.1,220.0,184.0,4049100.0,220.716
601888.SH,2022-12-15,0.0,219.89,220.05,219.89,412.0,9063130.0,220.714
601888.SH,2022-12-15,0.0,219.75,219.9,219.6,420.0,9228750.0,220.71
601888.SH,2022-12-15,0.0,219.81,219.88,219.75,311.0,6835600.0,220.707
601888.SH,2022-12-15,0.0,219.7,219.81,219.61,273.0,5998110.0,220.705
601888.SH,2022-12-15,0.0,219.68,219.73,219.64,234.0,5140200.0,220.702
601888.SH,2022-12-15,0.0,219.75,219.8,219.66,328.0,7200090.0,220.699
601888.SH,2022-12-15,0.0,219.7,219.75,219.69,152.0,3339670.0,220.698
601888.SH,2022-12-15,0.0,219.7,219.75,219.69,200.0,4394280.0,220.696
601888.SH,2022-12-15,0.0,220.0,220.0,219.7,270.0,5925250.0,220.694
601888.SH,2022-12-15,0.0,219.98,220.0,219.96,252.0,5543650.0,220.693
601888.SH,2022-12-15,0.0,220.06,220.06,219.95,364.0,8008940.0,220.69
601888.SH,2022-12-15,0.0,220.12,220.28,220.12,332.0,7310210.0,220.689
601888.SH,2022-12-15,0.0,219.86,220.11,219.86,269.0,5918400.0,220.687
601888.SH,2022-12-15,0.0,219.78,219.89,219.71,329.0,7231360.0,220.685
601888.SH,2022-12-15,0.0,219.73,219.78,219.67,359.0,7887050.0,220.681
601888.SH,2022-12-15,0.0,219.64,219.73,219.64,420.0,9234430.0,220.678
601888.SH,2022-12-15,0.0,219.65,219.65,219.65,7.0,153754.0,220.678
601888.SH,2022-12-15,0.0,219.65,219.65,219.65,0.0,0.0,220.678
601888.SH,2022-12-15,0.0,219.7,219.7,219.7,724.0,15906300.0,220.671
601888.SH,2022-12-16,0.0,218.0,218.0,218.0,793.0,17293700.0,218.0
601888.SH,2022-12-16,0.0,218.52,219.65,217.5,1749.0,38195600.0,218.265
601888.SH,2022-12-16,0.0,218.4,218.62,218.08,755.0,16492400.0,218.306
601888.SH,2022-12-16,0.0,219.12,219.29,218.45,836.0,18278600.0,218.374
601888.SH,2022-12-16,0.0,219.12,219.6,219.09,568.0,12455800.0,218.491
601888.SH,2022-12-16,0.0,219.44,219.5,219.12,640.0,14043200.0,218.603
601888.SH,2022-12-16,0.0,219.8,219.85,219.42,607.0,13328000.0,218.708
601888.SH,2022-12-16,0.0,220.46,220.77,219.9,972.0,21412300.0,218.93
601888.SH,2022-12-16,0.0,220.7,220.78,220.36,678.0,14956200.0,219.078
601888.SH,2022-12-16,0.0,220.1,220.66,219.68,417.0,9180310.0,219.139
601888.SH,2022-12-16,0.0,220.1,220.59,220.1,448.0,9875440.0,219.208
601888.SH,2022-12-16,0.0,219.0,220.34,219.0,499.0,10952100.0,219.223
601888.SH,2022-12-16,0.0,218.69,218.86,218.48,608.0,13295700.0,219.188
601888.SH,2022-12-16,0.0,218.22,218.99,218.22,738.0,16132400.0,219.146
601888.SH,2022-12-16,0.0,217.53,218.15,217.5,1386.0,30185200.0,218.985
601888.SH,2022-12-16,0.0,218.0,218.06,217.5,1077.0,23451700.0,218.881
601888.SH,2022-12-16,0.0,218.43,218.68,217.99,715.0,15603100.0,218.846
601888.SH,2022-12-16,0.0,218.42,218.42,218.19,747.0,16305500.0,218.816
601888.SH,2022-12-16,0.0,218.96,219.1,218.38,453.0,9906190.0,218.812
601888.SH,2022-12-16,0.0,218.5,219.0,218.5,317.0,6937200.0,218.813
601888.SH,2022-12-16,0.0,218.0,218.5,217.83,382.0,8331980.0,218.795
601888.SH,2022-12-16,0.0,218.68,218.9,217.97,365.0,7970100.0,218.785
601888.SH,2022-12-16,0.0,218.07,218.61,218.07,223.0,4868610.0,218.778
601888.SH,2022-12-16,0.0,218.35,218.35,217.98,310.0,6758360.0,218.764
601888.SH,2022-12-16,0.0,218.1,218.26,218.0,365.0,7958400.0,218.748
601888.SH,2022-12-16,0.0,218.12,218.3,218.0,215.0,4688360.0,218.739
601888.SH,2022-12-16,0.0,218.05,218.13,218.02,162.0,3533100.0,218.733
601888.SH,2022-12-16,0.0,218.01,218.14,218.01,274.0,5974780.0,218.722
601888.SH,2022-12-16,0.0,217.55,218.01,217.51,634.0,13805100.0,218.688
601888.SH,2022-12-16,0.0,217.82,217.82,217.5,287.0,6244230.0,218.67
601888.SH,2022-12-16,0.0,218.3,218.38,217.92,314.0,6848150.0,218.66
601888.SH,2022-12-16,0.0,218.81,218.82,218.18,590.0,12890200.0,218.655
601888.SH,2022-12-16,0.0,219.1,219.1,218.7,488.0,10683200.0,218.661
601888.SH,2022-12-16,0.0,219.03,219.3,219.01,207.0,4536370.0,218.666
601888.SH,2022-12-16,0.0,219.6,219.6,219.03,253.0,5548810.0,218.675
601888.SH,2022-12-16,0.0,219.15,219.64,219.09,211.0,4629330.0,218.682
601888.SH,2022-12-16,0.0,219.21,219.29,219.13,152.0,3331910.0,218.686
601888.SH,2022-12-16,0.0,219.0,219.2,218.98,154.0,3374600.0,218.689
601888.SH,2022-12-16,0.0,219.06,219.06,218.55,239.0,5226930.0,218.69
601888.SH,2022-12-16,0.0,218.85,219.06,218.8,95.0,2079470.0,218.69
601888.SH,2022-12-16,0.0,219.01,219.01,218.82,179.0,3918040.0,218.692
601888.SH,2022-12-16,0.0,218.99,219.19,218.98,285.0,6244830.0,218.698
601888.SH,2022-12-16,0.0,218.99,218.99,218.95,167.0,3656920.0,218.7
601888.SH,2022-12-16,0.0,219.26,219.26,219.0,254.0,5566250.0,218.705
601888.SH,2022-12-16,0.0,219.18,219.26,219.18,95.0,2082700.0,218.707
601888.SH,2022-12-16,0.0,218.96,219.18,218.96,106.0,2321850.0,218.709
601888.SH,2022-12-16,0.0,218.93,218.96,218.68,143.0,3129640.0,218.71
601888.SH,2022-12-16,0.0,218.32,218.91,218.32,169.0,3694910.0,218.709
601888.SH,2022-12-16,0.0,218.01,218.34,218.0,345.0,7523010.0,218.699
601888.SH,2022-12-16,0.0,218.48,218.68,218.02,259.0,5651770.0,218.694
601888.SH,2022-12-16,0.0,218.46,218.51,218.42,91.0,1988080.0,218.693
601888.SH,2022-12-16,0.0,218.59,218.7,218.46,176.0,3845880.0,218.692
601888.SH,2022-12-16,0.0,218.58,218.7,218.58,177.0,3869680.0,218.691
601888.SH,2022-12-16,0.0,218.7,218.7,218.54,188.0,4110270.0,218.691
601888.SH,2022-12-16,0.0,218.33,218.7,218.33,195.0,4261380.0,218.689
601888.SH,2022-12-16,0.0,218.51,218.52,218.33,148.0,3232290.0,218.688
601888.SH,2022-12-16,0.0,218.58,218.69,218.52,122.0,2666960.0,218.687
601888.SH,2022-12-16,0.0,218.19,218.55,218.19,182.0,3974940.0,218.685
601888.SH,2022-12-16,0.0,218.53,218.65,218.23,179.0,3911130.0,218.684
601888.SH,2022-12-16,0.0,218.9,218.9,218.52,438.0,9578000.0,218.684
601888.SH,2022-12-16,0.0,218.74,218.93,218.72,64.0,1400630.0,218.684
601888.SH,2022-12-16,0.0,219.35,219.35,218.74,357.0,7821770.0,218.69
601888.SH,2022-12-16,0.0,219.67,219.67,219.34,176.0,3863370.0,218.696
601888.SH,2022-12-16,0.0,219.97,219.97,219.67,512.0,11254700.0,218.718
601888.SH,2022-12-16,0.0,219.89,220.0,219.89,449.0,9876850.0,218.739
601888.SH,2022-12-16,0.0,220.2,220.4,219.89,593.0,13052300.0,218.769
601888.SH,2022-12-16,0.0,219.84,220.38,219.7,310.0,6823930.0,218.785
601888.SH,2022-12-16,0.0,220.3,220.3,219.8,374.0,8233140.0,218.803
601888.SH,2022-12-16,0.0,219.81,220.31,219.81,215.0,4733790.0,218.813
601888.SH,2022-12-16,0.0,220.0,220.0,219.82,149.0,3276960.0,218.819
601888.SH,2022-12-16,0.0,220.69,220.69,220.0,702.0,15475400.0,218.859
601888.SH,2022-12-16,0.0,220.36,220.89,220.25,611.0,13488100.0,218.898
601888.SH,2022-12-16,0.0,220.23,220.8,220.0,447.0,9850300.0,218.92
601888.SH,2022-12-16,0.0,219.59,220.02,219.56,212.0,4661850.0,218.927
601888.SH,2022-12-16,0.0,219.74,220.0,219.67,234.0,5146250.0,218.935
601888.SH,2022-12-16,0.0,219.8,219.94,219.7,102.0,2241990.0,218.938
601888.SH,2022-12-16,0.0,219.65,219.98,219.65,197.0,4329700.0,218.943
601888.SH,2022-12-16,0.0,219.67,219.78,219.59,265.0,5831100.0,218.949
601888.SH,2022-12-16,0.0,219.69,219.69,219.63,158.0,3470500.0,218.953
601888.SH,2022-12-16,0.0,219.76,219.9,219.6,215.0,4724200.0,218.958
601888.SH,2022-12-16,0.0,219.97,220.07,219.95,429.0,9438040.0,218.973
601888.SH,2022-12-16,0.0,220.0,220.14,219.97,364.0,8009700.0,218.985
601888.SH,2022-12-16,0.0,220.1,220.14,220.0,140.0,3080810.0,218.989
601888.SH,2022-12-16,0.0,219.99,220.1,219.99,153.0,3366700.0,218.994
601888.SH,2022-12-16,0.0,220.09,220.09,219.99,180.0,3960680.0,219.0
601888.SH,2022-12-16,0.0,219.99,220.1,219.89,142.0,3124410.0,219.005
601888.SH,2022-12-16,0.0,219.96,220.03,219.96,114.0,2508040.0,219.008
601888.SH,2022-12-16,0.0,220.0,220.0,219.93,128.0,2815590.0,219.012
601888.SH,2022-12-16,0.0,220.07,220.22,219.97,459.0,10103600.0,219.027
601888.SH,2022-12-16,0.0,220.37,220.38,220.09,412.0,9074990.0,219.042
601888.SH,2022-12-16,0.0,220.2,220.4,220.1,144.0,3172010.0,219.048
601888.SH,2022-12-16,0.0,220.4,220.57,220.2,468.0,10315100.0,219.066
601888.SH,2022-12-16,0.0,220.13,220.5,220.03,261.0,5750740.0,219.076
601888.SH,2022-12-16,0.0,220.21,220.22,220.06,153.0,3368970.0,219.081
601888.SH,2022-12-16,0.0,220.21,220.22,220.17,92.0,2025910.0,219.084
601888.SH,2022-12-16,0.0,219.97,220.22,219.97,261.0,5745870.0,219.092
601888.SH,2022-12-16,0.0,220.02,220.16,220.02,177.0,3895620.0,219.097
601888.SH,2022-12-16,0.0,219.81,220.03,219.72,135.0,2968100.0,219.1
601888.SH,2022-12-16,0.0,219.95,219.99,219.8,94.0,2066930.0,219.102
601888.SH,2022-12-16,0.0,220.11,220.16,219.99,102.0,2244670.0,219.104
601888.SH,2022-12-16,0.0,219.8,220.18,219.8,159.0,3499790.0,219.109
601888.SH,2022-12-16,0.0,220.03,220.09,219.84,82.0,1803710.0,219.111
601888.SH,2022-12-16,0.0,220.17,220.17,220.02,80.0,1760910.0,219.113
601888.SH,2022-12-16,0.0,220.12,220.17,220.08,74.0,1629060.0,219.115
601888.SH,2022-12-16,0.0,220.13,220.13,220.1,88.0,1937000.0,219.118
601888.SH,2022-12-16,0.0,220.04,220.16,220.0,143.0,3147500.0,219.122
601888.SH,2022-12-16,0.0,220.17,220.17,219.78,245.0,5389520.0,219.127
601888.SH,2022-12-16,0.0,220.17,220.18,220.16,131.0,2884270.0,219.131
601888.SH,2022-12-16,0.0,220.23,220.33,220.17,433.0,9535600.0,219.144
601888.SH,2022-12-16,0.0,220.16,220.25,220.15,126.0,2774610.0,219.148
601888.SH,2022-12-16,0.0,219.68,220.11,219.68,106.0,2330330.0,219.149
601888.SH,2022-12-16,0.0,219.69,219.7,219.66,87.0,1911210.0,219.151
601888.SH,2022-12-16,0.0,219.69,219.7,219.64,133.0,2921700.0,219.153
601888.SH,2022-12-16,0.0,219.36,219.6,219.35,122.0,2678160.0,219.154
601888.SH,2022-12-16,0.0,219.23,219.36,219.2,205.0,4494740.0,219.154
601888.SH,2022-12-16,0.0,219.16,219.23,219.16,114.0,2498980.0,219.154
601888.SH,2022-12-16,0.0,219.22,219.22,219.15,214.0,4690220.0,219.155
601888.SH,2022-12-16,0.0,219.04,219.22,219.02,140.0,3067930.0,219.155
601888.SH,2022-12-16,0.0,219.0,219.07,219.0,133.0,2913070.0,219.154
601888.SH,2022-12-16,0.0,218.69,219.12,218.69,288.0,6306600.0,219.153
601888.SH,2022-12-16,0.0,219.12,219.12,218.69,83.0,1816720.0,219.152
601888.SH,2022-12-16,0.0,219.01,219.08,218.7,449.0,9830940.0,219.15
601888.SH,2022-12-16,0.0,219.5,219.5,218.82,316.0,6921600.0,219.149
601888.SH,2022-12-16,0.0,219.8,219.85,219.51,153.0,3361700.0,219.151
601888.SH,2022-12-16,0.0,219.85,219.89,219.73,315.0,6923080.0,219.156
601888.SH,2022-12-16,0.0,220.21,220.21,219.84,354.0,7788730.0,219.164
601888.SH,2022-12-16,0.0,220.01,220.25,219.95,236.0,5193080.0,219.169
601888.SH,2022-12-16,0.0,219.99,220.05,219.96,156.0,3432260.0,219.172
601888.SH,2022-12-16,0.0,220.1,220.15,219.97,256.0,5632980.0,219.178
601888.SH,2022-12-16,0.0,220.11,220.15,220.09,147.0,3235750.0,219.181
601888.SH,2022-12-16,0.0,220.16,220.16,220.12,150.0,3306700.0,219.184
601888.SH,2022-12-16,0.0,220.02,220.18,220.02,201.0,4420070.0,219.189
601888.SH,2022-12-16,0.0,219.71,220.02,219.71,201.0,4420040.0,219.192
601888.SH,2022-12-16,0.0,219.88,219.88,219.73,103.0,2264420.0,219.194
601888.SH,2022-12-16,0.0,219.82,219.88,219.8,87.0,1912650.0,219.195
601888.SH,2022-12-16,0.0,219.5,219.83,219.5,180.0,3955020.0,219.198
601888.SH,2022-12-16,0.0,219.36,219.52,219.24,108.0,2369980.0,219.198
601888.SH,2022-12-16,0.0,219.35,219.4,219.33,103.0,2259500.0,219.199
601888.SH,2022-12-16,0.0,220.03,220.03,219.36,212.0,4660920.0,219.202
601888.SH,2022-12-16,0.0,220.0,220.09,219.92,274.0,6027590.0,219.207
601888.SH,2022-12-16,0.0,219.95,220.01,219.95,136.0,2991890.0,219.209
601888.SH,2022-12-16,0.0,219.99,220.01,219.99,131.0,2881920.0,219.212
601888.SH,2022-12-16,0.0,219.88,220.0,219.81,183.0,4024500.0,219.215
601888.SH,2022-12-16,0.0,219.59,219.85,219.5,134.0,2945080.0,219.217
601888.SH,2022-12-16,0.0,219.8,219.8,219.53,96.0,2109000.0,219.218
601888.SH,2022-12-16,0.0,219.83,219.85,219.72,116.0,2549940.0,219.219
601888.SH,2022-12-16,0.0,220.05,220.05,219.82,301.0,6621340.0,219.224
601888.SH,2022-12-16,0.0,220.09,220.16,220.0,381.0,8385480.0,219.232
601888.SH,2022-12-16,0.0,219.81,220.1,219.72,130.0,2858980.0,219.234
601888.SH,2022-12-16,0.0,219.77,220.11,219.77,109.0,2396460.0,219.235
601888.SH,2022-12-16,0.0,220.0,220.0,219.74,197.0,4332000.0,219.238
601888.SH,2022-12-16,0.0,219.79,220.0,219.78,510.0,11220100.0,219.247
601888.SH,2022-12-16,0.0,219.93,219.99,219.79,228.0,5013540.0,219.25
601888.SH,2022-12-16,0.0,219.91,219.91,219.82,235.0,5167520.0,219.254
601888.SH,2022-12-16,0.0,219.82,219.91,219.82,98.0,2154520.0,219.255
601888.SH,2022-12-16,0.0,219.47,219.81,219.45,293.0,6446140.0,219.258
601888.SH,2022-12-16,0.0,219.53,219.53,219.46,82.0,1799920.0,219.258
601888.SH,2022-12-16,0.0,219.57,219.63,219.51,86.0,1888060.0,219.259
601888.SH,2022-12-16,0.0,219.28,219.58,219.28,253.0,5553500.0,219.26
601888.SH,2022-12-16,0.0,219.22,219.4,219.22,77.0,1688360.0,219.26
601888.SH,2022-12-16,0.0,219.2,219.2,219.04,204.0,4470110.0,219.259
601888.SH,2022-12-16,0.0,219.3,219.55,219.01,382.0,8371790.0,219.259
601888.SH,2022-12-16,0.0,219.78,219.83,219.3,170.0,3724940.0,219.26
601888.SH,2022-12-16,0.0,219.69,219.75,219.6,153.0,3361490.0,219.261
601888.SH,2022-12-16,0.0,219.8,219.82,219.57,172.0,3779260.0,219.263
601888.SH,2022-12-16,0.0,219.78,219.82,219.75,129.0,2835330.0,219.264
601888.SH,2022-12-16,0.0,219.7,219.78,219.7,125.0,2747010.0,219.266
601888.SH,2022-12-16,0.0,219.55,219.7,219.55,95.0,2086720.0,219.267
601888.SH,2022-12-16,0.0,219.48,219.6,219.35,94.0,2063870.0,219.267
601888.SH,2022-12-16,0.0,219.2,219.32,219.18,132.0,2894190.0,219.267
601888.SH,2022-12-16,0.0,219.25,219.3,219.18,105.0,2301940.0,219.267
601888.SH,2022-12-16,0.0,219.32,219.35,219.3,81.0,1776530.0,219.267
601888.SH,2022-12-16,0.0,219.32,219.39,219.3,102.0,2237090.0,219.267
601888.SH,2022-12-16,0.0,219.49,219.49,219.3,97.0,2127460.0,219.267
601888.SH,2022-12-16,0.0,219.31,219.51,219.21,141.0,3092610.0,219.268
601888.SH,2022-12-16,0.0,219.69,219.69,219.31,121.0,2655340.0,219.268
601888.SH,2022-12-16,0.0,219.95,219.99,219.59,248.0,5452790.0,219.271
601888.SH,2022-12-16,0.0,220.0,220.0,219.95,438.0,9635600.0,219.277
601888.SH,2022-12-16,0.0,219.95,220.0,219.95,137.0,3013780.0,219.279
601888.SH,2022-12-16,0.0,219.88,220.05,219.88,272.0,5983780.0,219.283
601888.SH,2022-12-16,0.0,219.86,219.88,219.7,89.0,1956590.0,219.284
601888.SH,2022-12-16,0.0,219.96,220.02,219.71,149.0,3276770.0,219.286
601888.SH,2022-12-16,0.0,220.08,220.08,219.95,126.0,2772030.0,219.288
601888.SH,2022-12-16,0.0,220.0,220.16,220.0,259.0,5700950.0,219.292
601888.SH,2022-12-16,0.0,219.88,219.95,219.88,87.0,1913150.0,219.293
601888.SH,2022-12-16,0.0,219.78,219.88,219.78,65.0,1428890.0,219.294
601888.SH,2022-12-16,0.0,219.81,219.84,219.78,159.0,3495250.0,219.296
601888.SH,2022-12-16,0.0,219.71,219.83,219.71,93.0,2052710.0,219.296
601888.SH,2022-12-16,0.0,219.56,219.76,219.32,304.0,6678650.0,219.299
601888.SH,2022-12-16,0.0,219.75,219.78,219.62,130.0,2856060.0,219.3
601888.SH,2022-12-16,0.0,219.8,219.83,219.75,181.0,3977670.0,219.301
601888.SH,2022-12-16,0.0,219.66,219.81,219.65,211.0,4637010.0,219.303
601888.SH,2022-12-16,0.0,219.64,219.66,219.64,77.0,1691260.0,219.304
601888.SH,2022-12-16,0.0,219.64,219.65,219.64,74.0,1625350.0,219.304
601888.SH,2022-12-16,0.0,219.79,219.79,219.61,111.0,2438840.0,219.305
601888.SH,2022-12-16,0.0,219.8,219.84,219.78,234.0,5143190.0,219.307
601888.SH,2022-12-16,0.0,219.8,219.89,219.8,138.0,3033920.0,219.309
601888.SH,2022-12-16,0.0,219.85,219.9,219.78,154.0,3385350.0,219.31
601888.SH,2022-12-16,0.0,219.82,219.88,219.76,147.0,3231540.0,219.312
601888.SH,2022-12-16,0.0,219.82,219.82,219.77,62.0,1362760.0,219.312
601888.SH,2022-12-16,0.0,220.07,220.07,219.8,466.0,10254900.0,219.318
601888.SH,2022-12-16,0.0,219.87,220.11,219.87,213.0,4686880.0,219.321
601888.SH,2022-12-16,0.0,219.83,220.0,219.75,230.0,5058210.0,219.324
601888.SH,2022-12-16,0.0,219.93,220.0,219.83,219.0,4816830.0,219.326
601888.SH,2022-12-16,0.0,219.84,220.0,219.84,203.0,4463950.0,219.328
601888.SH,2022-12-16,0.0,219.74,219.8,219.74,63.0,1384500.0,219.329
601888.SH,2022-12-16,0.0,219.7,220.0,219.66,479.0,10529800.0,219.333
601888.SH,2022-12-16,0.0,219.76,219.98,219.67,96.0,2110140.0,219.334
601888.SH,2022-12-16,0.0,220.37,220.38,219.92,1356.0,29845200.0,219.353
601888.SH,2022-12-16,0.0,220.5,220.5,220.31,1169.0,25769200.0,219.375
601888.SH,2022-12-16,0.0,220.22,220.49,220.14,459.0,10113600.0,219.382
601888.SH,2022-12-16,0.0,220.12,220.14,220.02,199.0,4379660.0,219.385
601888.SH,2022-12-16,0.0,220.07,220.2,220.04,197.0,4336340.0,219.387
601888.SH,2022-12-16,0.0,220.0,220.18,219.89,487.0,10714200.0,219.392
601888.SH,2022-12-16,0.0,220.22,220.22,219.99,358.0,7879230.0,219.396
601888.SH,2022-12-16,0.0,220.26,220.33,220.22,372.0,8192560.0,219.402
601888.SH,2022-12-16,0.0,220.21,220.45,220.21,384.0,8460380.0,219.408
601888.SH,2022-12-16,0.0,220.32,220.41,220.21,316.0,6962840.0,219.413
601888.SH,2022-12-16,0.0,220.36,220.5,220.28,643.0,14173700.0,219.423
601888.SH,2022-12-16,0.0,220.53,220.53,220.39,380.0,8366930.0,219.43
601888.SH,2022-12-16,0.0,221.2,221.27,220.52,1705.0,37658000.0,219.469
601888.SH,2022-12-16,0.0,221.19,221.37,221.0,845.0,18691200.0,219.492
601888.SH,2022-12-16,0.0,221.6,221.8,221.22,910.0,20157500.0,219.52
601888.SH,2022-12-16,0.0,221.84,221.88,221.37,990.0,21938800.0,219.552
601888.SH,2022-12-16,0.0,221.76,222.0,221.56,1176.0,26101400.0,219.594
601888.SH,2022-12-16,0.0,221.73,221.79,221.55,725.0,16075100.0,219.616
601888.SH,2022-12-16,0.0,221.4,221.7,221.31,450.0,9967950.0,219.629
601888.SH,2022-12-16,0.0,221.22,221.41,221.2,403.0,8920770.0,219.639
601888.SH,2022-12-16,0.0,221.58,221.58,221.23,676.0,14969700.0,219.657
601888.SH,2022-12-16,0.0,221.37,221.53,221.29,491.0,10869900.0,219.669
601888.SH,2022-12-16,0.0,221.34,221.37,221.23,481.0,10643600.0,219.68
601888.SH,2022-12-16,0.0,221.4,221.5,221.37,617.0,13661800.0,219.696
601888.SH,2022-12-16,0.0,220.41,221.38,220.41,477.0,10545300.0,219.705
601888.SH,2022-12-16,0.0,220.85,221.01,220.51,784.0,17310700.0,219.717
601888.SH,2022-12-16,0.0,220.83,220.85,220.74,409.0,9030460.0,219.723
601888.SH,2022-12-16,0.0,220.73,220.8,220.72,453.0,10009500.0,219.729
601888.SH,2022-12-16,0.0,221.01,221.2,220.72,665.0,14676800.0,219.74
601888.SH,2022-12-16,0.0,220.98,221.2,220.86,512.0,11316900.0,219.749
601888.SH,2022-12-16,0.0,220.92,220.92,220.92,7.0,154662.0,219.749
601888.SH,2022-12-16,0.0,220.92,220.92,220.92,0.0,0.0,219.749
601888.SH,2022-12-16,0.0,221.7,221.7,221.7,3130.0,69395400.0,219.828
601888.SH,2022-12-19,0.0,220.06,220.06,220.06,654.0,14391900.0,220.06
601888.SH,2022-12-19,0.0,220.41,221.49,220.05,1717.0,37884500.0,220.468
601888.SH,2022-12-19,0.0,220.57,220.97,220.16,1009.0,22261300.0,220.516
601888.SH,2022-12-19,0.0,220.04,220.63,220.0,849.0,18714600.0,220.492
601888.SH,2022-12-19,0.0,218.71,219.59,218.51,1121.0,24558300.0,220.207
601888.SH,2022-12-19,0.0,219.33,219.54,218.72,627.0,13750500.0,220.097
601888.SH,2022-12-19,0.0,220.08,220.18,219.33,650.0,14280800.0,220.059
601888.SH,2022-12-19,0.0,222.05,222.87,220.02,1055.0,23375300.0,220.28
601888.SH,2022-12-19,0.0,220.94,222.0,220.94,898.0,19877000.0,220.392
601888.SH,2022-12-19,0.0,220.98,221.45,220.8,552.0,12198300.0,220.428
601888.SH,2022-12-19,0.0,220.0,221.44,220.0,599.0,13212900.0,220.437
601888.SH,2022-12-19,0.0,219.69,220.0,219.37,462.0,10150600.0,220.404
601888.SH,2022-12-19,0.0,219.98,220.01,219.7,421.0,9259410.0,220.386
601888.SH,2022-12-19,0.0,220.66,220.69,219.98,304.0,6699420.0,220.386
601888.SH,2022-12-19,0.0,220.32,220.67,220.21,255.0,5622250.0,220.388
601888.SH,2022-12-19,0.0,220.61,220.61,220.21,641.0,14117700.0,220.38
601888.SH,2022-12-19,0.0,221.49,221.49,220.6,315.0,6963380.0,220.398
601888.SH,2022-12-19,0.0,221.8,221.82,221.43,427.0,9467160.0,220.442
601888.SH,2022-12-19,0.0,220.5,221.7,220.5,384.0,8498690.0,220.468
601888.SH,2022-12-19,0.0,220.01,220.53,220.01,364.0,8018980.0,220.464
601888.SH,2022-12-19,0.0,219.48,220.01,219.48,849.0,18658400.0,220.422
601888.SH,2022-12-19,0.0,219.22,219.38,219.0,1066.0,23362000.0,220.334
601888.SH,2022-12-19,0.0,219.05,219.26,219.01,518.0,11355300.0,220.293
601888.SH,2022-12-19,0.0,218.86,219.05,218.78,811.0,17746900.0,220.225
601888.SH,2022-12-19,0.0,218.28,218.94,218.28,1042.0,22780900.0,220.135
601888.SH,2022-12-19,0.0,218.02,218.29,218.0,895.0,19518000.0,220.036
601888.SH,2022-12-19,0.0,218.9,218.9,218.01,1116.0,24366100.0,219.939
601888.SH,2022-12-19,0.0,218.7,218.95,218.6,345.0,7548010.0,219.919
601888.SH,2022-12-19,0.0,218.2,218.69,218.18,865.0,18892400.0,219.856
601888.SH,2022-12-19,0.0,218.59,218.68,218.43,404.0,8830580.0,219.832
601888.SH,2022-12-19,0.0,218.08,218.58,218.08,434.0,9470790.0,219.799
601888.SH,2022-12-19,0.0,217.74,218.05,217.71,1810.0,39447500.0,219.656
601888.SH,2022-12-19,0.0,218.38,218.58,217.67,869.0,18951700.0,219.598
601888.SH,2022-12-19,0.0,218.63,218.64,218.38,725.0,15841100.0,219.566
601888.SH,2022-12-19,0.0,218.73,219.49,218.7,326.0,7140920.0,219.56
601888.SH,2022-12-19,0.0,218.69,218.73,218.51,297.0,6492860.0,219.549
601888.SH,2022-12-19,0.0,218.7,218.7,218.4,509.0,11123200.0,219.529
601888.SH,2022-12-19,0.0,219.53,219.53,218.7,331.0,7249540.0,219.523
601888.SH,2022-12-19,0.0,219.81,219.82,219.5,659.0,14484600.0,219.529
601888.SH,2022-12-19,0.0,219.8,219.87,219.6,434.0,9537210.0,219.533
601888.SH,2022-12-19,0.0,219.6,219.8,219.57,385.0,8458530.0,219.535
601888.SH,2022-12-19,0.0,219.43,219.63,219.01,278.0,6098380.0,219.533
601888.SH,2022-12-19,0.0,218.94,219.6,218.94,172.0,3771080.0,219.532
601888.SH,2022-12-19,0.0,218.61,218.87,218.5,808.0,17633400.0,219.496
601888.SH,2022-12-19,0.0,219.35,219.35,218.54,557.0,12167700.0,219.476
601888.SH,2022-12-19,0.0,218.88,219.15,218.88,177.0,3875180.0,219.473
601888.SH,2022-12-19,0.0,218.61,218.93,218.61,134.0,2932900.0,219.47
601888.SH,2022-12-19,0.0,218.55,218.6,218.38,202.0,4412980.0,219.464
601888.SH,2022-12-19,0.0,218.75,218.75,218.41,177.0,3867980.0,219.458
601888.SH,2022-12-19,0.0,218.46,218.81,218.45,153.0,3345000.0,219.454
601888.SH,2022-12-19,0.0,218.65,218.8,218.47,174.0,3803390.0,219.449
601888.SH,2022-12-19,0.0,218.86,218.86,218.58,138.0,3017860.0,219.446
601888.SH,2022-12-19,0.0,218.83,218.92,218.69,235.0,5142570.0,219.441
601888.SH,2022-12-19,0.0,219.05,219.39,218.81,230.0,5037950.0,219.438
601888.SH,2022-12-19,0.0,218.68,219.23,218.68,153.0,3347520.0,219.435
601888.SH,2022-12-19,0.0,218.31,218.67,218.31,219.0,4785880.0,219.429
601888.SH,2022-12-19,0.0,218.02,218.35,218.0,331.0,7217400.0,219.415
601888.SH,2022-12-19,0.0,218.0,218.01,217.98,471.0,10267700.0,219.394
601888.SH,2022-12-19,0.0,217.78,218.02,217.78,442.0,9630410.0,219.374
601888.SH,2022-12-19,0.0,217.56,217.78,217.56,471.0,10252400.0,219.35
601888.SH,2022-12-19,0.0,217.22,217.5,217.0,1492.0,32412300.0,219.26
601888.SH,2022-12-19,0.0,218.04,218.04,217.33,569.0,12377200.0,219.234
601888.SH,2022-12-19,0.0,217.94,218.03,217.82,298.0,6493920.0,219.223
601888.SH,2022-12-19,0.0,218.06,218.42,217.9,228.0,4972420.0,219.216
601888.SH,2022-12-19,0.0,218.2,218.24,218.06,124.0,2704930.0,219.212
601888.SH,2022-12-19,0.0,218.27,218.27,218.05,205.0,4471710.0,219.206
601888.SH,2022-12-19,0.0,218.33,218.33,218.24,227.0,4954810.0,219.2
601888.SH,2022-12-19,0.0,218.33,218.44,218.32,175.0,3821410.0,219.196
601888.SH,2022-12-19,0.0,218.3,218.37,218.3,126.0,2750930.0,219.194
601888.SH,2022-12-19,0.0,218.3,218.34,218.3,293.0,6396400.0,219.187
601888.SH,2022-12-19,0.0,218.27,218.38,218.27,257.0,5610760.0,219.181
601888.SH,2022-12-19,0.0,218.46,218.46,218.2,313.0,6826660.0,219.173
601888.SH,2022-12-19,0.0,219.03,219.03,218.49,262.0,5731560.0,219.17
601888.SH,2022-12-19,0.0,218.6,219.07,218.6,293.0,6415740.0,219.169
601888.SH,2022-12-19,0.0,218.32,218.58,218.32,93.0,2031460.0,219.167
601888.SH,2022-12-19,0.0,218.34,218.39,218.28,201.0,4388530.0,219.163
601888.SH,2022-12-19,0.0,218.2,218.34,218.2,94.0,2051590.0,219.16
601888.SH,2022-12-19,0.0,217.88,218.2,217.87,244.0,5319690.0,219.153
601888.SH,2022-12-19,0.0,217.75,217.87,217.75,141.0,3071210.0,219.148
601888.SH,2022-12-19,0.0,217.43,217.72,217.43,143.0,3111510.0,219.143
601888.SH,2022-12-19,0.0,217.4,217.5,217.28,413.0,8971350.0,219.124
601888.SH,2022-12-19,0.0,217.88,217.9,217.37,373.0,8118280.0,219.111
601888.SH,2022-12-19,0.0,217.5,217.88,217.5,188.0,4091170.0,219.104
601888.SH,2022-12-19,0.0,217.61,217.8,217.4,340.0,7397400.0,219.091
601888.SH,2022-12-19,0.0,217.8,217.8,217.61,132.0,2875960.0,219.086
601888.SH,2022-12-19,0.0,217.5,217.83,217.5,272.0,5919050.0,219.077
601888.SH,2022-12-19,0.0,217.3,217.52,217.26,296.0,6436740.0,219.065
601888.SH,2022-12-19,0.0,216.84,217.26,216.83,1121.0,24318400.0,219.011
601888.SH,2022-12-19,0.0,217.16,217.27,216.8,1243.0,26986900.0,218.955
601888.SH,2022-12-19,0.0,217.8,217.8,217.26,153.0,3327300.0,218.95
601888.SH,2022-12-19,0.0,217.5,217.71,217.45,131.0,2850210.0,218.946
601888.SH,2022-12-19,0.0,217.88,217.88,217.5,237.0,5158650.0,218.939
601888.SH,2022-12-19,0.0,218.46,218.46,217.89,346.0,7546120.0,218.932
601888.SH,2022-12-19,0.0,218.05,218.48,218.0,237.0,5172280.0,218.929
601888.SH,2022-12-19,0.0,218.81,218.95,218.25,201.0,4391340.0,218.927
601888.SH,2022-12-19,0.0,218.85,218.96,218.8,422.0,9238990.0,218.927
601888.SH,2022-12-19,0.0,218.56,218.89,218.56,185.0,4045550.0,218.926
601888.SH,2022-12-19,0.0,219.1,219.1,218.56,451.0,9872580.0,218.926
601888.SH,2022-12-19,0.0,219.0,219.22,218.91,132.0,2891360.0,218.926
601888.SH,2022-12-19,0.0,219.34,219.34,218.92,286.0,6262970.0,218.927
601888.SH,2022-12-19,0.0,219.02,219.44,219.0,237.0,5197170.0,218.929
601888.SH,2022-12-19,0.0,219.36,219.4,218.98,168.0,3680740.0,218.93
601888.SH,2022-12-19,0.0,219.55,219.55,219.12,189.0,4146060.0,218.931
601888.SH,2022-12-19,0.0,219.13,219.8,219.13,353.0,7751940.0,218.936
601888.SH,2022-12-19,0.0,219.01,219.16,219.01,163.0,3571340.0,218.937
601888.SH,2022-12-19,0.0,218.72,219.0,218.6,149.0,3260230.0,218.936
601888.SH,2022-12-19,0.0,218.8,218.81,218.61,106.0,2318110.0,218.936
601888.SH,2022-12-19,0.0,218.7,218.8,218.68,163.0,3564760.0,218.935
601888.SH,2022-12-19,0.0,219.02,219.05,218.7,110.0,2407310.0,218.935
601888.SH,2022-12-19,0.0,219.52,219.52,219.05,189.0,4145260.0,218.936
601888.SH,2022-12-19,0.0,219.52,219.55,219.34,180.0,3949660.0,218.938
601888.SH,2022-12-19,0.0,219.85,219.85,219.55,186.0,4087940.0,218.942
601888.SH,2022-12-19,0.0,219.48,219.85,219.41,211.0,4635540.0,218.945
601888.SH,2022-12-19,0.0,219.21,219.39,219.21,128.0,2807310.0,218.946
601888.SH,2022-12-19,0.0,218.98,219.21,218.98,160.0,3505050.0,218.946
601888.SH,2022-12-19,0.0,219.16,219.21,218.94,207.0,4534160.0,218.947
601888.SH,2022-12-19,0.0,218.49,219.16,218.49,344.0,7523980.0,218.945
601888.SH,2022-12-19,0.0,219.0,219.05,218.49,110.0,2406530.0,218.945
601888.SH,2022-12-19,0.0,219.01,219.05,218.95,128.0,2803240.0,218.945
601888.SH,2022-12-19,0.0,219.05,219.39,219.02,164.0,3593120.0,218.945
601888.SH,2022-12-19,0.0,219.04,219.05,218.99,90.0,1974250.0,218.945
601888.SH,2022-12-19,0.0,219.65,219.65,218.96,631.0,13818900.0,218.948
601888.SH,2022-12-19,0.0,219.0,219.57,218.87,222.0,4865810.0,218.949
601888.SH,2022-12-19,0.0,219.09,219.49,219.01,162.0,3549660.0,218.949
601888.SH,2022-12-19,0.0,219.18,219.24,219.06,182.0,3988710.0,218.95
601888.SH,2022-12-19,0.0,219.07,219.49,219.07,301.0,6601310.0,218.952
601888.SH,2022-12-19,0.0,218.92,219.07,218.92,65.0,1423600.0,218.952
601888.SH,2022-12-19,0.0,218.97,218.97,218.92,90.0,1970510.0,218.952
601888.SH,2022-12-19,0.0,218.97,219.0,218.97,109.0,2386930.0,218.952
601888.SH,2022-12-19,0.0,218.82,218.98,218.82,100.0,2189160.0,218.952
601888.SH,2022-12-19,0.0,218.95,218.95,218.5,128.0,2799270.0,218.952
601888.SH,2022-12-19,0.0,219.01,219.22,218.9,265.0,5803910.0,218.952
601888.SH,2022-12-19,0.0,219.0,219.03,218.96,93.0,2036660.0,218.952
601888.SH,2022-12-19,0.0,218.9,219.0,218.63,132.0,2887770.0,218.952
601888.SH,2022-12-19,0.0,218.9,218.96,218.62,186.0,4070490.0,218.951
601888.SH,2022-12-19,0.0,219.0,219.03,218.9,425.0,9306700.0,218.951
601888.SH,2022-12-19,0.0,218.96,219.2,218.96,93.0,2037050.0,218.952
601888.SH,2022-12-19,0.0,218.77,219.0,218.75,147.0,3217770.0,218.951
601888.SH,2022-12-19,0.0,219.0,219.2,218.75,159.0,3481170.0,218.951
601888.SH,2022-12-19,0.0,218.9,219.08,218.9,69.0,1511120.0,218.952
601888.SH,2022-12-19,0.0,218.84,218.9,218.84,84.0,1838370.0,218.951
601888.SH,2022-12-19,0.0,218.61,218.84,218.61,164.0,3587100.0,218.951
601888.SH,2022-12-19,0.0,218.53,218.69,218.52,132.0,2885550.0,218.95
601888.SH,2022-12-19,0.0,218.76,218.82,218.52,168.0,3673930.0,218.949
601888.SH,2022-12-19,0.0,218.95,218.95,218.54,202.0,4418260.0,218.948
601888.SH,2022-12-19,0.0,218.73,218.96,218.73,73.0,1597260.0,218.948
601888.SH,2022-12-19,0.0,219.11,219.11,218.65,207.0,4530430.0,218.948
601888.SH,2022-12-19,0.0,219.01,219.11,219.01,99.0,2168620.0,218.948
601888.SH,2022-12-19,0.0,219.07,219.19,218.93,265.0,5803640.0,218.948
601888.SH,2022-12-19,0.0,219.0,219.08,218.99,108.0,2365570.0,218.948
601888.SH,2022-12-19,0.0,219.17,219.25,218.98,136.0,2980610.0,218.949
601888.SH,2022-12-19,0.0,219.0,219.22,218.94,96.0,2102660.0,218.949
601888.SH,2022-12-19,0.0,219.0,219.22,219.0,182.0,3987840.0,218.949
601888.SH,2022-12-19,0.0,218.92,219.01,218.91,173.0,3788390.0,218.95
601888.SH,2022-12-19,0.0,219.03,219.25,218.91,150.0,3281200.0,218.95
601888.SH,2022-12-19,0.0,218.94,219.17,218.93,150.0,3284850.0,218.95
601888.SH,2022-12-19,0.0,218.59,218.95,218.59,245.0,5365920.0,218.949
601888.SH,2022-12-19,0.0,218.49,218.59,218.49,122.0,2665820.0,218.948
601888.SH,2022-12-19,0.0,218.41,218.49,218.41,69.0,1507270.0,218.948
601888.SH,2022-12-19,0.0,218.37,218.41,218.37,137.0,2992030.0,218.947
601888.SH,2022-12-19,0.0,218.34,218.45,218.34,209.0,4564210.0,218.944
601888.SH,2022-12-19,0.0,218.05,218.33,218.01,171.0,3730750.0,218.942
601888.SH,2022-12-19,0.0,218.05,218.29,218.04,230.0,5016640.0,218.939
601888.SH,2022-12-19,0.0,218.06,218.2,218.0,407.0,8873940.0,218.932
601888.SH,2022-12-19,0.0,218.01,218.05,218.01,276.0,6018030.0,218.928
601888.SH,2022-12-19,0.0,217.88,218.05,217.88,218.0,4751740.0,218.925
601888.SH,2022-12-19,0.0,218.21,218.21,217.86,495.0,10787100.0,218.916
601888.SH,2022-12-19,0.0,218.44,218.46,218.03,271.0,5916290.0,218.913
601888.SH,2022-12-19,0.0,218.39,218.48,218.39,190.0,4150500.0,218.912
601888.SH,2022-12-19,0.0,218.24,218.38,218.23,161.0,3514260.0,218.91
601888.SH,2022-12-19,0.0,218.59,218.69,218.23,322.0,7032140.0,218.907
601888.SH,2022-12-19,0.0,218.7,218.7,218.56,188.0,4109560.0,218.906
601888.SH,2022-12-19,0.0,218.7,218.77,218.67,180.0,3936540.0,218.906
601888.SH,2022-12-19,0.0,218.7,218.8,218.69,202.0,4418450.0,218.905
601888.SH,2022-12-19,0.0,218.62,218.71,218.62,122.0,2668030.0,218.905
601888.SH,2022-12-19,0.0,218.18,218.64,218.18,180.0,3931780.0,218.903
601888.SH,2022-12-19,0.0,218.27,218.39,218.17,174.0,3797390.0,218.901
601888.SH,2022-12-19,0.0,218.28,218.36,218.27,169.0,3689030.0,218.9
601888.SH,2022-12-19,0.0,218.14,218.3,218.13,154.0,3360670.0,218.898
601888.SH,2022-12-19,0.0,218.42,218.42,218.07,357.0,7790940.0,218.894
601888.SH,2022-12-19,0.0,218.35,218.44,218.29,191.0,4170140.0,218.892
601888.SH,2022-12-19,0.0,218.42,218.8,218.3,270.0,5899460.0,218.891
601888.SH,2022-12-19,0.0,218.25,218.43,218.25,119.0,2598260.0,218.89
601888.SH,2022-12-19,0.0,217.99,218.19,217.99,229.0,4993370.0,218.887
601888.SH,2022-12-19,0.0,218.17,218.25,217.88,335.0,7301930.0,218.882
601888.SH,2022-12-19,0.0,218.01,218.3,218.0,178.0,3881640.0,218.879
601888.SH,2022-12-19,0.0,218.0,218.02,218.0,177.0,3858730.0,218.877
601888.SH,2022-12-19,0.0,217.86,218.0,217.86,143.0,3116420.0,218.875
601888.SH,2022-12-19,0.0,217.89,218.09,217.86,337.0,7344200.0,218.87
601888.SH,2022-12-19,0.0,217.87,218.3,217.85,356.0,7759000.0,218.865
601888.SH,2022-12-19,0.0,217.65,217.87,217.65,180.0,3919750.0,218.861
601888.SH,2022-12-19,0.0,217.58,217.63,217.49,318.0,6917930.0,218.855
601888.SH,2022-12-19,0.0,217.59,217.8,217.51,243.0,5287650.0,218.85
601888.SH,2022-12-19,0.0,217.79,217.79,217.57,454.0,9880340.0,218.842
601888.SH,2022-12-19,0.0,217.69,217.8,217.64,221.0,4812360.0,218.838
601888.SH,2022-12-19,0.0,217.65,217.77,217.59,418.0,9098500.0,218.831
601888.SH,2022-12-19,0.0,217.58,217.65,217.43,348.0,7570430.0,218.824
601888.SH,2022-12-19,0.0,218.0,218.2,217.57,455.0,9909360.0,218.817
601888.SH,2022-12-19,0.0,217.89,218.03,217.89,364.0,7934540.0,218.812
601888.SH,2022-12-19,0.0,218.0,218.0,217.65,376.0,8188590.0,218.806
601888.SH,2022-12-19,0.0,218.15,218.28,217.9,310.0,6750060.0,218.803
601888.SH,2022-12-19,0.0,217.99,218.15,217.9,326.0,7107650.0,218.799
601888.SH,2022-12-19,0.0,218.0,218.11,217.88,350.0,7628030.0,218.795
601888.SH,2022-12-19,0.0,217.89,218.0,217.88,141.0,3061840.0,218.793
601888.SH,2022-12-19,0.0,217.82,217.88,217.8,216.0,4705230.0,218.79
601888.SH,2022-12-19,0.0,217.69,217.82,217.69,153.0,3332040.0,218.788
601888.SH,2022-12-19,0.0,217.35,217.68,217.35,144.0,3132240.0,218.785
601888.SH,2022-12-19,0.0,217.29,217.37,217.28,446.0,9692490.0,218.776
601888.SH,2022-12-19,0.0,217.16,217.33,217.16,329.0,7147320.0,218.768
601888.SH,2022-12-19,0.0,217.08,217.16,217.08,417.0,9053250.0,218.759
601888.SH,2022-12-19,0.0,217.24,217.27,217.08,438.0,9512140.0,218.749
601888.SH,2022-12-19,0.0,217.66,217.7,217.24,502.0,10927300.0,218.74
601888.SH,2022-12-19,0.0,217.45,217.65,217.41,427.0,9286650.0,218.733
601888.SH,2022-12-19,0.0,217.23,217.47,217.22,342.0,7434570.0,218.726
601888.SH,2022-12-19,0.0,217.18,217.26,217.18,481.0,10448300.0,218.716
601888.SH,2022-12-19,0.0,217.08,217.22,216.97,1129.0,24498000.0,218.69
601888.SH,2022-12-19,0.0,217.18,217.18,217.01,310.0,6719970.0,218.683
601888.SH,2022-12-19,0.0,217.45,217.62,217.22,1289.0,28020400.0,218.661
601888.SH,2022-12-19,0.0,217.47,217.56,217.47,243.0,5285480.0,218.657
601888.SH,2022-12-19,0.0,217.51,217.57,217.47,275.0,5988010.0,218.653
601888.SH,2022-12-19,0.0,217.61,217.61,217.5,310.0,6746520.0,218.648
601888.SH,2022-12-19,0.0,217.3,217.61,217.3,422.0,9175460.0,218.642
601888.SH,2022-12-19,0.0,217.27,217.37,217.26,374.0,8125520.0,218.635
601888.SH,2022-12-19,0.0,217.37,217.41,217.26,284.0,6172240.0,218.63
601888.SH,2022-12-19,0.0,217.2,217.4,217.2,274.0,5956370.0,218.626
601888.SH,2022-12-19,0.0,217.06,217.2,217.06,223.0,4841760.0,218.621
601888.SH,2022-12-19,0.0,217.13,217.27,217.05,504.0,10943700.0,218.612
601888.SH,2022-12-19,0.0,217.38,217.41,217.12,555.0,12058400.0,218.602
601888.SH,2022-12-19,0.0,217.45,217.5,217.38,274.0,5952400.0,218.598
601888.SH,2022-12-19,0.0,217.5,217.55,217.38,490.0,10655700.0,218.591
601888.SH,2022-12-19,0.0,217.66,217.66,217.5,426.0,9265190.0,218.585
601888.SH,2022-12-19,0.0,217.7,217.77,217.65,231.0,5028830.0,218.583
601888.SH,2022-12-19,0.0,217.95,217.96,217.65,225.0,4900050.0,218.58
601888.SH,2022-12-19,0.0,218.08,218.08,217.95,299.0,6507260.0,218.578
601888.SH,2022-12-19,0.0,218.0,218.11,217.9,344.0,7500230.0,218.576
601888.SH,2022-12-19,0.0,217.89,217.97,217.88,229.0,4990630.0,218.574
601888.SH,2022-12-19,0.0,218.0,218.1,217.89,454.0,9891060.0,218.571
601888.SH,2022-12-19,0.0,218.06,218.1,217.99,268.0,5843800.0,218.569
601888.SH,2022-12-19,0.0,218.03,218.03,218.03,8.0,174447.0,218.569
601888.SH,2022-12-19,0.0,218.03,218.03,218.03,0.0,0.0,218.569
601888.SH,2022-12-19,0.0,218.0,218.0,218.0,606.0,13210800.0,218.565
601888.SH,2022-12-20,0.0,217.05,217.05,217.05,247.0,5350280.0,217.05
601888.SH,2022-12-20,0.0,217.53,218.4,217.0,672.0,14632700.0,217.561
601888.SH,2022-12-20,0.0,217.79,218.0,217.11,540.0,11749700.0,217.571
601888.SH,2022-12-20,0.0,217.63,218.26,217.1,531.0,11564100.0,217.626
601888.SH,2022-12-20,0.0,217.51,218.05,217.51,381.0,8300750.0,217.665
601888.SH,2022-12-20,0.0,216.5,217.72,216.5,841.0,18248100.0,217.52
601888.SH,2022-12-20,0.0,217.2,217.39,216.2,1179.0,25572300.0,217.354
601888.SH,2022-12-20,0.0,217.3,217.84,217.3,265.0,5766220.0,217.361
601888.SH,2022-12-20,0.0,217.04,217.6,217.02,283.0,6150600.0,217.359
601888.SH,2022-12-20,0.0,216.9,217.24,216.88,384.0,8333940.0,217.336
601888.SH,2022-12-20,0.0,217.3,217.93,216.9,412.0,8954370.0,217.336
601888.SH,2022-12-20,0.0,217.98,218.34,217.5,906.0,19756300.0,217.435
601888.SH,2022-12-20,0.0,217.62,217.98,217.58,735.0,16017600.0,217.484
601888.SH,2022-12-20,0.0,217.68,217.85,217.57,560.0,12187900.0,217.495
601888.SH,2022-12-20,0.0,218.17,218.17,217.24,845.0,18407000.0,217.528
601888.SH,2022-12-20,0.0,218.04,218.15,217.93,337.0,7349340.0,217.548
601888.SH,2022-12-20,0.0,218.11,218.25,218.0,673.0,14681500.0,217.589
601888.SH,2022-12-20,0.0,217.29,218.11,217.26,317.0,6900840.0,217.592
601888.SH,2022-12-20,0.0,217.1,217.65,217.1,354.0,7697260.0,217.587
601888.SH,2022-12-20,0.0,217.1,217.3,217.05,359.0,7797730.0,217.575
601888.SH,2022-12-20,0.0,216.24,217.16,216.24,869.0,18828900.0,217.508
601888.SH,2022-12-20,0.0,216.49,216.6,216.01,1119.0,24187600.0,217.395
601888.SH,2022-12-20,0.0,216.28,216.55,216.12,580.0,12546700.0,217.348
601888.SH,2022-12-20,0.0,216.23,216.45,216.23,544.0,11767400.0,217.308
601888.SH,2022-12-20,0.0,216.29,216.4,216.25,281.0,6078720.0,217.288
601888.SH,2022-12-20,0.0,215.57,216.4,215.57,1070.0,23122800.0,217.201
601888.SH,2022-12-20,0.0,215.08,215.5,215.08,1431.0,30803800.0,217.035
601888.SH,2022-12-20,0.0,215.14,215.14,215.0,1159.0,24924000.0,216.906
601888.SH,2022-12-20,0.0,215.55,215.8,215.11,563.0,12129800.0,216.861
601888.SH,2022-12-20,0.0,215.52,215.55,215.32,498.0,10727200.0,216.823
601888.SH,2022-12-20,0.0,215.6,215.7,215.53,521.0,11232600.0,216.79
601888.SH,2022-12-20,0.0,216.01,216.09,215.53,494.0,10660800.0,216.766
601888.SH,2022-12-20,0.0,216.01,216.1,215.7,317.0,6842070.0,216.751
601888.SH,2022-12-20,0.0,215.91,216.18,215.9,220.0,4751240.0,216.743
601888.SH,2022-12-20,0.0,215.5,215.94,215.5,234.0,5047660.0,216.731
601888.SH,2022-12-20,0.0,215.56,215.56,215.35,487.0,10492500.0,216.702
601888.SH,2022-12-20,0.0,215.68,215.69,215.56,126.0,2713970.0,216.695
601888.SH,2022-12-20,0.0,215.1,215.68,215.1,563.0,12126600.0,216.662
601888.SH,2022-12-20,0.0,214.9,215.15,214.9,1508.0,32428700.0,216.558
601888.SH,2022-12-20,0.0,214.5,214.99,214.5,402.0,8634450.0,216.528
601888.SH,2022-12-20,0.0,214.7,214.8,214.4,727.0,15600500.0,216.47
601888.SH,2022-12-20,0.0,214.43,214.72,214.35,548.0,11755200.0,216.428
601888.SH,2022-12-20,0.0,213.88,214.34,213.88,1006.0,21537200.0,216.337
601888.SH,2022-12-20,0.0,214.06,214.41,213.7,1128.0,24153500.0,216.243
601888.SH,2022-12-20,0.0,213.77,214.02,213.77,668.0,14289500.0,216.187
601888.SH,2022-12-20,0.0,213.87,213.99,213.6,1454.0,31083500.0,216.068
601888.SH,2022-12-20,0.0,213.0,213.94,213.0,1712.0,36546100.0,215.925
601888.SH,2022-12-20,0.0,213.81,213.81,213.11,1178.0,25149000.0,215.836
601888.SH,2022-12-20,0.0,214.13,214.16,213.74,849.0,18167300.0,215.788
601888.SH,2022-12-20,0.0,214.33,214.41,214.15,354.0,7587250.0,215.772
601888.SH,2022-12-20,0.0,214.01,214.24,213.9,427.0,9142390.0,215.751
601888.SH,2022-12-20,0.0,214.49,214.49,214.01,481.0,10299200.0,215.729
601888.SH,2022-12-20,0.0,214.71,214.72,214.49,334.0,7166040.0,215.717
601888.SH,2022-12-20,0.0,215.21,215.21,214.64,703.0,15107100.0,215.701
601888.SH,2022-12-20,0.0,214.91,215.6,214.91,823.0,17709000.0,215.689
601888.SH,2022-12-20,0.0,214.3,214.95,214.3,171.0,3671390.0,215.684
601888.SH,2022-12-20,0.0,214.01,214.32,214.01,235.0,5031360.0,215.674
601888.SH,2022-12-20,0.0,214.43,214.73,214.0,411.0,8813490.0,215.661
601888.SH,2022-12-20,0.0,214.0,214.43,214.0,236.0,5054740.0,215.651
601888.SH,2022-12-20,0.0,214.35,214.48,213.8,904.0,19389800.0,215.624
601888.SH,2022-12-20,0.0,214.0,215.09,214.0,768.0,16487700.0,215.604
601888.SH,2022-12-20,0.0,214.7,215.0,214.44,369.0,7916570.0,215.594
601888.SH,2022-12-20,0.0,214.54,214.75,214.53,147.0,3155510.0,215.59
601888.SH,2022-12-20,0.0,214.0,214.53,213.99,350.0,7496620.0,215.578
601888.SH,2022-12-20,0.0,213.97,214.1,213.96,239.0,5113560.0,215.568
601888.SH,2022-12-20,0.0,213.9,214.25,213.9,213.0,4566380.0,215.56
601888.SH,2022-12-20,0.0,213.69,213.86,213.5,589.0,12581100.0,215.532
601888.SH,2022-12-20,0.0,214.49,214.49,213.4,388.0,8302160.0,215.517
601888.SH,2022-12-20,0.0,214.2,214.49,214.08,326.0,6985030.0,215.507
601888.SH,2022-12-20,0.0,214.53,214.62,214.25,311.0,6668990.0,215.499
601888.SH,2022-12-20,0.0,214.43,214.7,214.43,113.0,2424570.0,215.497
601888.SH,2022-12-20,0.0,214.3,214.5,214.0,218.0,4668000.0,215.49
601888.SH,2022-12-20,0.0,213.91,214.3,213.9,165.0,3530680.0,215.484
601888.SH,2022-12-20,0.0,213.76,214.02,213.76,454.0,9709940.0,215.467
601888.SH,2022-12-20,0.0,214.32,214.32,213.8,188.0,4022710.0,215.46
601888.SH,2022-12-20,0.0,214.01,214.5,214.0,129.0,2764360.0,215.457
601888.SH,2022-12-20,0.0,213.69,214.22,213.69,134.0,2865930.0,215.452
601888.SH,2022-12-20,0.0,213.6,213.99,213.51,276.0,5900360.0,215.441
601888.SH,2022-12-20,0.0,213.62,213.86,213.57,243.0,5191350.0,215.431
601888.SH,2022-12-20,0.0,213.96,213.96,213.57,254.0,5426920.0,215.421
601888.SH,2022-12-20,0.0,213.99,213.99,213.7,209.0,4470820.0,215.414
601888.SH,2022-12-20,0.0,214.49,214.5,213.91,273.0,5850120.0,215.407
601888.SH,2022-12-20,0.0,213.9,214.28,213.9,193.0,4132680.0,215.401
601888.SH,2022-12-20,0.0,213.61,213.95,213.6,411.0,8783780.0,215.386
601888.SH,2022-12-20,0.0,213.8,213.9,213.61,194.0,4145970.0,215.379
601888.SH,2022-12-20,0.0,213.65,213.8,213.65,325.0,6944560.0,215.367
601888.SH,2022-12-20,0.0,213.9,214.0,213.51,264.0,5644750.0,215.358
601888.SH,2022-12-20,0.0,213.8,213.94,213.8,234.0,5004870.0,215.35
601888.SH,2022-12-20,0.0,213.95,214.1,213.84,287.0,6140810.0,215.342
601888.SH,2022-12-20,0.0,213.91,213.97,213.75,335.0,7165310.0,215.331
601888.SH,2022-12-20,0.0,213.47,213.9,213.47,253.0,5405900.0,215.322
601888.SH,2022-12-20,0.0,214.25,214.5,213.5,420.0,8985490.0,215.311
601888.SH,2022-12-20,0.0,214.49,214.68,214.2,241.0,5167490.0,215.307
601888.SH,2022-12-20,0.0,214.37,214.52,214.37,212.0,4546390.0,215.303
601888.SH,2022-12-20,0.0,214.28,214.39,214.28,200.0,4286520.0,215.299
601888.SH,2022-12-20,0.0,214.27,214.35,214.24,236.0,5057230.0,215.294
601888.SH,2022-12-20,0.0,214.21,214.28,214.21,164.0,3513640.0,215.29
601888.SH,2022-12-20,0.0,214.52,214.6,214.16,453.0,9708230.0,215.281
601888.SH,2022-12-20,0.0,215.25,215.43,214.6,534.0,11485800.0,215.279
601888.SH,2022-12-20,0.0,214.7,215.3,214.56,208.0,4467240.0,215.277
601888.SH,2022-12-20,0.0,214.97,215.0,214.74,153.0,3288290.0,215.276
601888.SH,2022-12-20,0.0,214.49,215.26,214.49,264.0,5676460.0,215.275
601888.SH,2022-12-20,0.0,214.5,215.0,214.5,173.0,3714650.0,215.273
601888.SH,2022-12-20,0.0,214.51,215.01,214.5,637.0,13686400.0,215.267
601888.SH,2022-12-20,0.0,215.0,215.11,214.45,303.0,6512940.0,215.266
601888.SH,2022-12-20,0.0,215.39,215.51,214.84,762.0,16403200.0,215.266
601888.SH,2022-12-20,0.0,215.6,215.63,215.35,443.0,9546790.0,215.268
601888.SH,2022-12-20,0.0,215.84,215.85,215.59,225.0,4853490.0,215.27
601888.SH,2022-12-20,0.0,216.01,216.26,215.85,544.0,11746300.0,215.277
601888.SH,2022-12-20,0.0,215.3,216.0,215.3,235.0,5073960.0,215.279
601888.SH,2022-12-20,0.0,215.77,215.99,215.56,318.0,6862370.0,215.282
601888.SH,2022-12-20,0.0,215.65,215.87,215.65,186.0,4013380.0,215.284
601888.SH,2022-12-20,0.0,215.4,215.82,215.39,533.0,11482900.0,215.285
601888.SH,2022-12-20,0.0,216.0,216.0,215.38,537.0,11577300.0,215.289
601888.SH,2022-12-20,0.0,216.07,216.2,215.62,572.0,12356200.0,215.296
601888.SH,2022-12-20,0.0,215.71,216.04,215.08,520.0,11216200.0,215.3
601888.SH,2022-12-20,0.0,215.53,215.63,215.05,204.0,4394450.0,215.301
601888.SH,2022-12-20,0.0,215.86,215.94,215.45,130.0,2802460.0,215.301
601888.SH,2022-12-20,0.0,216.15,216.15,215.73,290.0,6261440.0,215.304
601888.SH,2022-12-20,0.0,216.85,216.9,216.21,943.0,20408500.0,215.323
601888.SH,2022-12-20,0.0,216.55,217.2,216.55,721.0,15645100.0,215.343
601888.SH,2022-12-20,0.0,216.31,216.55,215.77,863.0,18650500.0,215.356
601888.SH,2022-12-20,0.0,215.83,216.08,215.8,228.0,4924690.0,215.359
601888.SH,2022-12-20,0.0,215.91,215.95,215.22,353.0,7614740.0,215.361
601888.SH,2022-12-20,0.0,215.37,215.94,215.27,216.0,4659430.0,215.362
601888.SH,2022-12-20,0.0,215.24,215.48,215.05,235.0,5058030.0,215.361
601888.SH,2022-12-20,0.0,215.29,215.6,215.29,208.0,4480790.0,215.362
601888.SH,2022-12-20,0.0,215.22,215.39,215.22,240.0,5166830.0,215.361
601888.SH,2022-12-20,0.0,214.55,215.24,214.55,467.0,10036200.0,215.358
601888.SH,2022-12-20,0.0,214.54,214.66,214.52,294.0,6308060.0,215.354
601888.SH,2022-12-20,0.0,214.57,214.6,214.48,311.0,6671980.0,215.35
601888.SH,2022-12-20,0.0,214.47,214.55,214.28,308.0,6604030.0,215.345
601888.SH,2022-12-20,0.0,214.1,214.44,214.1,179.0,3836060.0,215.342
601888.SH,2022-12-20,0.0,213.83,214.05,213.83,353.0,7553220.0,215.335
601888.SH,2022-12-20,0.0,213.74,213.88,213.68,359.0,7673460.0,215.326
601888.SH,2022-12-20,0.0,214.01,214.14,213.74,377.0,8068090.0,215.318
601888.SH,2022-12-20,0.0,214.13,214.2,214.0,327.0,6999870.0,215.311
601888.SH,2022-12-20,0.0,214.21,214.46,214.1,324.0,6939150.0,215.306
601888.SH,2022-12-20,0.0,214.18,214.25,214.16,268.0,5740550.0,215.301
601888.SH,2022-12-20,0.0,213.86,214.24,213.86,345.0,7387310.0,215.295
601888.SH,2022-12-20,0.0,213.65,213.84,213.65,237.0,5065250.0,215.289
601888.SH,2022-12-20,0.0,213.78,213.9,213.59,334.0,7136080.0,215.28
601888.SH,2022-12-20,0.0,213.39,213.91,213.39,418.0,8929320.0,215.27
601888.SH,2022-12-20,0.0,213.31,213.58,213.31,434.0,9259940.0,215.257
601888.SH,2022-12-20,0.0,213.55,213.62,213.28,451.0,9626810.0,215.245
601888.SH,2022-12-20,0.0,213.28,213.57,213.28,230.0,4909800.0,215.239
601888.SH,2022-12-20,0.0,213.26,213.33,213.14,471.0,10042800.0,215.225
601888.SH,2022-12-20,0.0,213.1,213.36,213.1,386.0,8227100.0,215.213
601888.SH,2022-12-20,0.0,213.05,213.09,212.95,1414.0,30120300.0,215.168
601888.SH,2022-12-20,0.0,213.13,213.13,212.98,542.0,11546400.0,215.152
601888.SH,2022-12-20,0.0,213.22,213.32,213.13,725.0,15442200.0,215.131
601888.SH,2022-12-20,0.0,213.15,213.4,213.14,262.0,5586650.0,215.124
601888.SH,2022-12-20,0.0,212.88,213.1,212.8,647.0,13777000.0,215.104
601888.SH,2022-12-20,0.0,212.85,212.85,212.6,506.0,10764800.0,215.087
601888.SH,2022-12-20,0.0,213.14,213.5,212.88,428.0,9117940.0,215.075
601888.SH,2022-12-20,0.0,212.64,213.09,212.5,638.0,13571000.0,215.054
601888.SH,2022-12-20,0.0,212.8,212.82,212.64,508.0,10805900.0,215.038
601888.SH,2022-12-20,0.0,212.61,212.87,212.59,489.0,10402500.0,215.023
601888.SH,2022-12-20,0.0,212.61,212.67,212.61,310.0,6591750.0,215.013
601888.SH,2022-12-20,0.0,212.53,212.6,212.52,313.0,6652810.0,215.002
601888.SH,2022-12-20,0.0,213.02,213.05,212.49,657.0,13975800.0,214.982
601888.SH,2022-12-20,0.0,213.38,213.39,213.02,392.0,8353820.0,214.973
601888.SH,2022-12-20,0.0,213.02,213.38,213.02,355.0,7570750.0,214.965
601888.SH,2022-12-20,0.0,212.96,214.0,212.8,624.0,13300500.0,214.95
601888.SH,2022-12-20,0.0,213.1,213.52,212.97,400.0,8534270.0,214.942
601888.SH,2022-12-20,0.0,212.91,213.4,212.9,467.0,9951650.0,214.93
601888.SH,2022-12-20,0.0,212.6,212.94,212.6,348.0,7402720.0,214.921
601888.SH,2022-12-20,0.0,212.51,212.56,212.3,732.0,15553700.0,214.898
601888.SH,2022-12-20,0.0,212.65,213.12,212.51,643.0,13682600.0,214.881
601888.SH,2022-12-20,0.0,213.03,213.06,212.63,585.0,12451600.0,214.866
601888.SH,2022-12-20,0.0,213.22,213.47,212.99,592.0,12617500.0,214.853
601888.SH,2022-12-20,0.0,213.0,213.21,212.89,281.0,5985230.0,214.846
601888.SH,2022-12-20,0.0,212.98,213.09,212.98,244.0,5197860.0,214.841
601888.SH,2022-12-20,0.0,213.04,213.22,212.96,317.0,6754680.0,214.834
601888.SH,2022-12-20,0.0,213.3,213.3,212.95,927.0,19747100.0,214.813
601888.SH,2022-12-20,0.0,213.95,213.95,213.3,344.0,7349030.0,214.809
601888.SH,2022-12-20,0.0,213.04,213.95,213.0,260.0,5554310.0,214.805
601888.SH,2022-12-20,0.0,213.05,213.2,213.05,162.0,3452150.0,214.801
601888.SH,2022-12-20,0.0,213.1,213.11,213.04,309.0,6583930.0,214.795
601888.SH,2022-12-20,0.0,213.12,213.49,213.07,202.0,4304710.0,214.791
601888.SH,2022-12-20,0.0,213.25,213.25,213.01,375.0,7991450.0,214.783
601888.SH,2022-12-20,0.0,213.63,213.63,213.23,275.0,5870730.0,214.779
601888.SH,2022-12-20,0.0,213.88,213.88,213.63,191.0,4083610.0,214.777
601888.SH,2022-12-20,0.0,213.88,213.98,213.86,256.0,5476270.0,214.774
601888.SH,2022-12-20,0.0,214.34,214.41,213.88,554.0,11858300.0,214.77
601888.SH,2022-12-20,0.0,214.5,214.66,214.17,608.0,13035300.0,214.767
601888.SH,2022-12-20,0.0,214.64,214.68,214.5,254.0,5450880.0,214.766
601888.SH,2022-12-20,0.0,214.79,214.95,214.68,307.0,6595670.0,214.767
601888.SH,2022-12-20,0.0,215.11,215.62,214.85,763.0,16412100.0,214.77
601888.SH,2022-12-20,0.0,214.31,215.26,214.31,346.0,7436390.0,214.77
601888.SH,2022-12-20,0.0,214.5,214.67,214.31,272.0,5832500.0,214.769
601888.SH,2022-12-20,0.0,214.38,214.55,214.38,173.0,3710460.0,214.769
601888.SH,2022-12-20,0.0,213.82,214.38,213.82,201.0,4301880.0,214.767
601888.SH,2022-12-20,0.0,213.78,214.0,213.78,307.0,6565360.0,214.764
601888.SH,2022-12-20,0.0,213.78,213.88,213.77,278.0,5943780.0,214.761
601888.SH,2022-12-20,0.0,213.81,213.85,213.7,279.0,5964340.0,214.758
601888.SH,2022-12-20,0.0,214.12,214.39,213.82,195.0,4175740.0,214.756
601888.SH,2022-12-20,0.0,214.1,214.1,214.04,231.0,4944880.0,214.754
601888.SH,2022-12-20,0.0,214.25,214.25,213.99,295.0,6314600.0,214.752
601888.SH,2022-12-20,0.0,214.19,214.5,214.19,277.0,5936240.0,214.751
601888.SH,2022-12-20,0.0,214.03,214.32,214.03,227.0,4861070.0,214.749
601888.SH,2022-12-20,0.0,213.99,214.04,213.82,228.0,4878570.0,214.747
601888.SH,2022-12-20,0.0,213.95,214.0,213.94,183.0,3915930.0,214.746
601888.SH,2022-12-20,0.0,214.44,214.44,213.95,164.0,3512780.0,214.745
601888.SH,2022-12-20,0.0,214.28,214.43,214.28,234.0,5015520.0,214.744
601888.SH,2022-12-20,0.0,214.23,214.43,214.23,339.0,7264940.0,214.742
601888.SH,2022-12-20,0.0,214.5,214.5,214.19,325.0,6963180.0,214.74
601888.SH,2022-12-20,0.0,214.01,214.21,213.99,176.0,3769070.0,214.739
601888.SH,2022-12-20,0.0,213.8,214.01,213.8,366.0,7830620.0,214.736
601888.SH,2022-12-20,0.0,213.64,213.77,213.5,346.0,7391100.0,214.732
601888.SH,2022-12-20,0.0,213.92,214.08,213.79,219.0,4684320.0,214.73
601888.SH,2022-12-20,0.0,214.0,214.0,213.5,613.0,13099200.0,214.723
601888.SH,2022-12-20,0.0,213.84,214.04,213.82,165.0,3529750.0,214.722
601888.SH,2022-12-20,0.0,213.97,214.02,213.8,321.0,6867550.0,214.719
601888.SH,2022-12-20,0.0,214.1,214.1,213.97,271.0,5807800.0,214.717
601888.SH,2022-12-20,0.0,213.99,214.1,213.96,205.0,4386940.0,214.715
601888.SH,2022-12-20,0.0,214.19,214.28,213.95,152.0,3253890.0,214.714
601888.SH,2022-12-20,0.0,213.99,214.19,213.9,211.0,4516150.0,214.713
601888.SH,2022-12-20,0.0,214.06,214.14,214.0,272.0,5822760.0,214.711
601888.SH,2022-12-20,0.0,213.88,214.08,213.88,182.0,3894650.0,214.71
601888.SH,2022-12-20,0.0,213.58,213.89,213.52,316.0,6750570.0,214.706
601888.SH,2022-12-20,0.0,213.82,213.89,213.68,185.0,3954420.0,214.704
601888.SH,2022-12-20,0.0,213.66,213.83,213.6,215.0,4595040.0,214.702
601888.SH,2022-12-20,0.0,213.64,213.7,213.56,249.0,5319630.0,214.699
601888.SH,2022-12-20,0.0,213.66,213.71,213.58,279.0,5964090.0,214.696
601888.SH,2022-12-20,0.0,213.7,213.8,213.66,360.0,7694080.0,214.692
601888.SH,2022-12-20,0.0,213.61,213.69,213.61,255.0,5448300.0,214.69
601888.SH,2022-12-20,0.0,213.54,213.63,213.53,209.0,4460540.0,214.687
601888.SH,2022-12-20,0.0,213.52,213.52,213.3,368.0,7856790.0,214.683
601888.SH,2022-12-20,0.0,213.57,213.61,213.49,288.0,6150640.0,214.679
601888.SH,2022-12-20,0.0,213.64,213.64,213.52,273.0,5820280.0,214.676
601888.SH,2022-12-20,0.0,213.65,213.67,213.61,631.0,13481000.0,214.67
601888.SH,2022-12-20,0.0,213.83,213.83,213.59,821.0,17540900.0,214.661
601888.SH,2022-12-20,0.0,213.98,213.99,213.61,388.0,8295270.0,214.658
601888.SH,2022-12-20,0.0,213.88,213.95,213.6,307.0,6563460.0,214.655
601888.SH,2022-12-20,0.0,213.66,213.88,213.66,272.0,5813830.0,214.653
601888.SH,2022-12-20,0.0,213.73,213.81,213.65,458.0,9777400.0,214.648
601888.SH,2022-12-20,0.0,213.75,213.88,213.75,272.0,5816750.0,214.646
601888.SH,2022-12-20,0.0,213.7,213.7,213.7,4.0,85491.0,214.646
601888.SH,2022-12-20,0.0,213.7,213.7,213.7,0.0,0.0,214.646
601888.SH,2022-12-20,0.0,213.2,213.2,213.2,1281.0,27311600.0,214.628
601888.SH,2022-12-21,0.0,215.4,215.4,215.4,310.0,6677400.0,215.4
601888.SH,2022-12-21,0.0,215.2,215.41,214.01,1643.0,35310900.0,214.994
601888.SH,2022-12-21,0.0,214.93,215.49,214.8,739.0,15907000.0,215.064
601888.SH,2022-12-21,0.0,215.77,215.8,214.79,930.0,20021500.0,215.103
601888.SH,2022-12-21,0.0,214.87,215.99,214.8,769.0,16556900.0,215.138
601888.SH,2022-12-21,0.0,215.38,215.4,214.8,1019.0,21912100.0,215.117
601888.SH,2022-12-21,0.0,214.52,215.3,214.51,590.0,12684100.0,215.104
601888.SH,2022-12-21,0.0,214.89,215.01,214.49,752.0,16146300.0,215.06
601888.SH,2022-12-21,0.0,213.8,214.89,213.77,764.0,16383400.0,214.998
601888.SH,2022-12-21,0.0,214.46,214.47,213.77,502.0,10741600.0,214.934
601888.SH,2022-12-21,0.0,214.0,214.7,213.92,716.0,15344800.0,214.883
601888.SH,2022-12-21,0.0,213.62,214.0,213.6,462.0,9878390.0,214.829
601888.SH,2022-12-21,0.0,213.76,213.76,213.26,574.0,12260500.0,214.757
601888.SH,2022-12-21,0.0,213.81,214.01,213.76,385.0,8238220.0,214.727
601888.SH,2022-12-21,0.0,214.4,214.5,213.99,627.0,13436200.0,214.702
601888.SH,2022-12-21,0.0,214.45,214.49,214.08,653.0,13999200.0,214.684
601888.SH,2022-12-21,0.0,214.96,215.0,214.6,867.0,18617800.0,214.688
601888.SH,2022-12-21,0.0,214.66,214.92,214.58,213.0,4573300.0,214.688
601888.SH,2022-12-21,0.0,214.95,214.98,214.45,320.0,6873540.0,214.691
601888.SH,2022-12-21,0.0,215.13,215.18,214.95,852.0,18320800.0,214.712
601888.SH,2022-12-21,0.0,215.32,215.32,215.09,710.0,15275200.0,214.733
601888.SH,2022-12-21,0.0,215.01,215.71,215.01,572.0,12323900.0,214.761
601888.SH,2022-12-21,0.0,214.7,214.99,214.68,331.0,7110080.0,214.762
601888.SH,2022-12-21,0.0,215.11,215.11,214.67,318.0,6834010.0,214.765
601888.SH,2022-12-21,0.0,215.71,215.72,215.1,509.0,10963400.0,214.786
601888.SH,2022-12-21,0.0,215.44,215.85,215.19,757.0,16329400.0,214.826
601888.SH,2022-12-21,0.0,215.69,215.69,215.44,441.0,9506270.0,214.845
601888.SH,2022-12-21,0.0,215.1,215.63,215.0,351.0,7561160.0,214.856
601888.SH,2022-12-21,0.0,215.39,215.4,215.05,266.0,5725850.0,214.862
601888.SH,2022-12-21,0.0,215.58,215.59,215.39,198.0,4275930.0,214.869
601888.SH,2022-12-21,0.0,215.91,215.91,215.59,447.0,9644360.0,214.892
601888.SH,2022-12-21,0.0,215.68,215.96,215.63,302.0,6518800.0,214.907
601888.SH,2022-12-21,0.0,215.05,215.68,215.0,297.0,6397700.0,214.915
601888.SH,2022-12-21,0.0,215.33,215.33,214.98,277.0,5958760.0,214.918
601888.SH,2022-12-21,0.0,215.31,215.34,215.29,201.0,4327570.0,214.922
601888.SH,2022-12-21,0.0,215.29,215.33,215.29,190.0,4090780.0,214.925
601888.SH,2022-12-21,0.0,215.29,215.3,215.26,142.0,3057040.0,214.928
601888.SH,2022-12-21,0.0,215.12,215.28,214.98,219.0,4709890.0,214.929
601888.SH,2022-12-21,0.0,215.14,215.24,215.03,149.0,3205410.0,214.931
601888.SH,2022-12-21,0.0,215.23,215.29,215.07,126.0,2711540.0,214.932
601888.SH,2022-12-21,0.0,215.6,215.6,215.2,241.0,5189540.0,214.937
601888.SH,2022-12-21,0.0,215.45,215.66,215.45,233.0,5021670.0,214.944
601888.SH,2022-12-21,0.0,215.43,215.45,215.43,133.0,2865320.0,214.947
601888.SH,2022-12-21,0.0,215.36,215.43,215.36,201.0,4329740.0,214.951
601888.SH,2022-12-21,0.0,215.4,215.43,215.33,239.0,5145750.0,214.956
601888.SH,2022-12-21,0.0,215.56,215.56,215.36,355.0,7648800.0,214.964
601888.SH,2022-12-21,0.0,215.9,215.9,215.57,496.0,10698800.0,214.98
601888.SH,2022-12-21,0.0,215.88,215.99,215.5,695.0,15003800.0,215.008
601888.SH,2022-12-21,0.0,215.79,215.89,215.79,172.0,3712120.0,215.014
601888.SH,2022-12-21,0.0,215.7,215.79,215.61,100.0,2157420.0,215.017
601888.SH,2022-12-21,0.0,215.63,215.7,215.63,97.0,2091900.0,215.019
601888.SH,2022-12-21,0.0,215.76,215.78,215.61,202.0,4357620.0,215.025
601888.SH,2022-12-21,0.0,215.7,215.76,215.7,112.0,2416000.0,215.029
601888.SH,2022-12-21,0.0,215.68,215.71,215.68,182.0,3925620.0,215.034
601888.SH,2022-12-21,0.0,215.92,215.92,215.68,449.0,9688110.0,215.047
601888.SH,2022-12-21,0.0,216.0,216.0,215.85,848.0,18320500.0,215.079
601888.SH,2022-12-21,0.0,216.36,216.4,216.01,445.0,9624180.0,215.1
601888.SH,2022-12-21,0.0,216.32,216.56,216.2,367.0,7943310.0,215.119
601888.SH,2022-12-21,0.0,216.98,217.0,216.28,915.0,19834500.0,215.175
601888.SH,2022-12-21,0.0,216.99,217.0,216.93,910.0,19746000.0,215.234
601888.SH,2022-12-21,0.0,216.51,216.99,216.51,305.0,6614920.0,215.252
601888.SH,2022-12-21,0.0,216.0,216.88,216.0,348.0,7536660.0,215.268
601888.SH,2022-12-21,0.0,215.71,216.0,215.7,180.0,3882950.0,215.271
601888.SH,2022-12-21,0.0,215.76,215.98,215.72,153.0,3301900.0,215.274
601888.SH,2022-12-21,0.0,215.39,215.72,215.39,259.0,5582820.0,215.277
601888.SH,2022-12-21,0.0,215.42,215.5,215.4,161.0,3468170.0,215.277
601888.SH,2022-12-21,0.0,215.45,215.48,215.42,96.0,2068270.0,215.278
601888.SH,2022-12-21,0.0,215.65,215.65,215.46,451.0,9719110.0,215.281
601888.SH,2022-12-21,0.0,215.74,215.74,215.55,113.0,2436550.0,215.283
601888.SH,2022-12-21,0.0,215.91,215.92,215.66,77.0,1661560.0,215.284
601888.SH,2022-12-21,0.0,215.21,215.87,215.06,460.0,9910540.0,215.286
601888.SH,2022-12-21,0.0,214.77,215.21,214.77,361.0,7761670.0,215.283
601888.SH,2022-12-21,0.0,214.85,215.11,214.81,327.0,7024270.0,215.279
601888.SH,2022-12-21,0.0,214.66,214.96,214.65,224.0,4810930.0,215.275
601888.SH,2022-12-21,0.0,215.74,215.74,214.66,102.0,2193950.0,215.275
601888.SH,2022-12-21,0.0,215.6,215.74,215.36,212.0,4572170.0,215.277
601888.SH,2022-12-21,0.0,215.55,215.55,215.4,103.0,2218920.0,215.278
601888.SH,2022-12-21,0.0,215.53,215.6,215.48,94.0,2025910.0,215.278
601888.SH,2022-12-21,0.0,215.49,215.5,215.48,43.0,926599.0,215.279
601888.SH,2022-12-21,0.0,215.22,215.49,215.0,92.0,1980270.0,215.279
601888.SH,2022-12-21,0.0,215.15,215.33,215.0,88.0,1893100.0,215.278
601888.SH,2022-12-21,0.0,215.9,215.9,215.02,318.0,6847840.0,215.28
601888.SH,2022-12-21,0.0,215.7,215.9,215.7,107.0,2309290.0,215.281
601888.SH,2022-12-21,0.0,215.4,215.65,215.4,79.0,1702600.0,215.282
601888.SH,2022-12-21,0.0,215.68,215.69,215.4,88.0,1891720.0,215.283
601888.SH,2022-12-21,0.0,215.65,215.68,215.53,88.0,1896900.0,215.283
601888.SH,2022-12-21,0.0,215.98,215.98,215.65,197.0,4252020.0,215.287
601888.SH,2022-12-21,0.0,215.95,215.98,215.8,310.0,6694290.0,215.293
601888.SH,2022-12-21,0.0,215.82,215.98,215.79,138.0,2978180.0,215.295
601888.SH,2022-12-21,0.0,215.7,215.85,215.67,222.0,4789390.0,215.298
601888.SH,2022-12-21,0.0,215.84,215.95,215.6,399.0,8604260.0,215.302
601888.SH,2022-12-21,0.0,215.99,216.01,215.85,298.0,6432650.0,215.307
601888.SH,2022-12-21,0.0,216.0,216.03,215.96,105.0,2267800.0,215.309
601888.SH,2022-12-21,0.0,215.9,216.01,215.67,200.0,4317960.0,215.313
601888.SH,2022-12-21,0.0,215.67,215.88,215.67,64.0,1380760.0,215.314
601888.SH,2022-12-21,0.0,215.7,215.73,215.67,104.0,2243270.0,215.315
601888.SH,2022-12-21,0.0,215.09,215.72,215.09,305.0,6578820.0,215.317
601888.SH,2022-12-21,0.0,215.56,215.56,215.02,144.0,3099540.0,215.316
601888.SH,2022-12-21,0.0,215.41,215.57,215.41,98.0,2111640.0,215.317
601888.SH,2022-12-21,0.0,215.6,215.65,215.55,72.0,1552230.0,215.317
601888.SH,2022-12-21,0.0,215.65,215.73,215.6,73.0,1574340.0,215.318
601888.SH,2022-12-21,0.0,215.89,215.89,215.65,116.0,2502630.0,215.319
601888.SH,2022-12-21,0.0,215.83,215.95,215.74,193.0,4165340.0,215.322
601888.SH,2022-12-21,0.0,215.41,215.83,215.41,112.0,2413420.0,215.323
601888.SH,2022-12-21,0.0,215.63,215.68,215.4,104.0,2241880.0,215.324
601888.SH,2022-12-21,0.0,215.83,215.83,215.62,142.0,3063090.0,215.325
601888.SH,2022-12-21,0.0,216.0,216.0,215.83,203.0,4383180.0,215.329
601888.SH,2022-12-21,0.0,215.99,216.0,215.97,106.0,2289230.0,215.331
601888.SH,2022-12-21,0.0,216.05,216.05,215.98,170.0,3672140.0,215.334
601888.SH,2022-12-21,0.0,215.9,216.05,215.8,399.0,8616870.0,215.341
601888.SH,2022-12-21,0.0,215.65,215.97,215.4,129.0,2782100.0,215.342
601888.SH,2022-12-21,0.0,215.95,216.0,215.45,125.0,2696600.0,215.343
601888.SH,2022-12-21,0.0,215.94,215.99,215.94,77.0,1662900.0,215.344
601888.SH,2022-12-21,0.0,215.78,215.94,215.78,90.0,1943030.0,215.346
601888.SH,2022-12-21,0.0,215.67,215.77,215.65,73.0,1574600.0,215.346
601888.SH,2022-12-21,0.0,215.76,215.76,215.65,77.0,1660860.0,215.347
601888.SH,2022-12-21,0.0,215.77,215.77,215.75,67.0,1445590.0,215.348
601888.SH,2022-12-21,0.0,215.5,215.77,215.5,76.0,1639640.0,215.348
601888.SH,2022-12-21,0.0,215.7,215.7,215.5,79.0,1703380.0,215.349
601888.SH,2022-12-21,0.0,215.41,215.63,215.41,82.0,1767520.0,215.349
601888.SH,2022-12-21,0.0,215.13,215.38,215.11,177.0,3808720.0,215.349
601888.SH,2022-12-21,0.0,215.15,215.4,215.02,524.0,11271200.0,215.345
601888.SH,2022-12-21,0.0,215.27,215.4,215.17,126.0,2712810.0,215.345
601888.SH,2022-12-21,0.0,215.78,215.78,215.28,171.0,3683240.0,215.346
601888.SH,2022-12-21,0.0,215.92,215.93,215.79,129.0,2784500.0,215.348
601888.SH,2022-12-21,0.0,215.78,215.91,215.78,150.0,3237540.0,215.349
601888.SH,2022-12-21,0.0,215.4,215.79,215.4,212.0,4571160.0,215.351
601888.SH,2022-12-21,0.0,215.09,215.48,214.99,436.0,9376410.0,215.348
601888.SH,2022-12-21,0.0,214.59,215.4,214.59,266.0,5714950.0,215.345
601888.SH,2022-12-21,0.0,214.62,214.97,214.58,159.0,3412580.0,215.342
601888.SH,2022-12-21,0.0,214.84,214.86,214.51,244.0,5236480.0,215.338
601888.SH,2022-12-21,0.0,214.57,214.84,214.55,190.0,4077500.0,215.334
601888.SH,2022-12-21,0.0,214.56,214.56,214.43,252.0,5405440.0,215.329
601888.SH,2022-12-21,0.0,215.13,215.3,214.58,370.0,7960020.0,215.327
601888.SH,2022-12-21,0.0,215.42,215.47,215.13,392.0,8439200.0,215.327
601888.SH,2022-12-21,0.0,215.04,215.5,215.0,365.0,7852350.0,215.325
601888.SH,2022-12-21,0.0,215.5,215.5,215.12,114.0,2455470.0,215.326
601888.SH,2022-12-21,0.0,215.54,215.8,215.48,145.0,3125150.0,215.327
601888.SH,2022-12-21,0.0,215.48,215.55,215.38,68.0,1467420.0,215.327
601888.SH,2022-12-21,0.0,215.3,215.5,215.17,143.0,3080230.0,215.327
601888.SH,2022-12-21,0.0,215.07,215.17,215.06,127.0,2731930.0,215.327
601888.SH,2022-12-21,0.0,215.16,215.23,215.07,112.0,2409770.0,215.326
601888.SH,2022-12-21,0.0,215.08,215.17,215.04,92.0,1978870.0,215.326
601888.SH,2022-12-21,0.0,214.94,215.1,214.83,118.0,2537150.0,215.325
601888.SH,2022-12-21,0.0,214.5,214.94,214.5,146.0,3134740.0,215.323
601888.SH,2022-12-21,0.0,214.52,214.72,214.44,126.0,2703080.0,215.32
601888.SH,2022-12-21,0.0,214.52,214.86,214.52,215.0,4612520.0,215.317
601888.SH,2022-12-21,0.0,214.5,214.8,214.5,154.0,3294480.0,215.314
601888.SH,2022-12-21,0.0,214.46,214.5,214.28,191.0,4104400.0,215.31
601888.SH,2022-12-21,0.0,214.47,214.5,214.4,154.0,3302550.0,215.307
601888.SH,2022-12-21,0.0,214.26,214.5,214.26,517.0,11080900.0,215.295
601888.SH,2022-12-21,0.0,214.38,214.51,214.16,204.0,4362630.0,215.291
601888.SH,2022-12-21,0.0,214.76,214.76,214.31,188.0,4031670.0,215.288
601888.SH,2022-12-21,0.0,214.75,214.8,214.41,214.0,4594640.0,215.285
601888.SH,2022-12-21,0.0,214.68,214.76,214.62,144.0,3082360.0,215.283
601888.SH,2022-12-21,0.0,214.5,214.86,214.5,274.0,5891830.0,215.279
601888.SH,2022-12-21,0.0,215.0,215.0,214.6,273.0,5865290.0,215.277
601888.SH,2022-12-21,0.0,214.81,215.28,214.81,302.0,6488320.0,215.276
601888.SH,2022-12-21,0.0,215.39,215.39,215.0,435.0,9363980.0,215.276
601888.SH,2022-12-21,0.0,215.33,215.38,215.33,274.0,5900850.0,215.276
601888.SH,2022-12-21,0.0,215.37,215.37,215.33,87.0,1864040.0,215.276
601888.SH,2022-12-21,0.0,215.34,215.37,215.34,85.0,1830540.0,215.277
601888.SH,2022-12-21,0.0,215.27,215.35,215.27,166.0,3583820.0,215.277
601888.SH,2022-12-21,0.0,215.34,215.36,215.27,120.0,2574580.0,215.277
601888.SH,2022-12-21,0.0,215.37,215.37,215.33,61.0,1313660.0,215.277
601888.SH,2022-12-21,0.0,215.25,215.33,215.25,125.0,2691490.0,215.277
601888.SH,2022-12-21,0.0,215.05,215.25,214.88,144.0,3096550.0,215.276
601888.SH,2022-12-21,0.0,215.14,215.2,215.05,74.0,1582350.0,215.276
601888.SH,2022-12-21,0.0,215.24,215.24,215.12,118.0,2539330.0,215.276
601888.SH,2022-12-21,0.0,215.37,215.37,215.24,186.0,4004910.0,215.276
601888.SH,2022-12-21,0.0,215.7,215.7,215.37,426.0,9177400.0,215.278
601888.SH,2022-12-21,0.0,215.5,215.74,215.5,126.0,2717490.0,215.279
601888.SH,2022-12-21,0.0,215.35,215.59,215.32,123.0,2649550.0,215.279
601888.SH,2022-12-21,0.0,215.27,215.36,215.26,87.0,1873330.0,215.279
601888.SH,2022-12-21,0.0,215.05,215.3,215.05,152.0,3270080.0,215.278
601888.SH,2022-12-21,0.0,214.94,215.05,214.94,95.0,2042160.0,215.278
601888.SH,2022-12-21,0.0,214.9,214.94,214.86,96.0,2062560.0,215.277
601888.SH,2022-12-21,0.0,214.6,214.83,214.58,109.0,2340230.0,215.276
601888.SH,2022-12-21,0.0,214.75,214.75,214.6,253.0,5431490.0,215.273
601888.SH,2022-12-21,0.0,214.7,214.75,214.7,109.0,2340430.0,215.272
601888.SH,2022-12-21,0.0,214.5,214.73,214.5,750.0,16060700.0,215.255
601888.SH,2022-12-21,0.0,215.0,215.0,214.44,238.0,5109140.0,215.252
601888.SH,2022-12-21,0.0,215.0,215.0,214.9,156.0,3353870.0,215.251
601888.SH,2022-12-21,0.0,214.89,215.0,214.89,193.0,4148780.0,215.25
601888.SH,2022-12-21,0.0,214.8,214.89,214.5,258.0,5539820.0,215.247
601888.SH,2022-12-21,0.0,214.98,215.0,214.66,267.0,5732940.0,215.245
601888.SH,2022-12-21,0.0,214.99,215.0,214.98,91.0,1956380.0,215.244
601888.SH,2022-12-21,0.0,214.98,214.99,214.98,110.0,2364800.0,215.244
601888.SH,2022-12-21,0.0,214.85,214.93,214.77,140.0,3007940.0,215.243
601888.SH,2022-12-21,0.0,214.9,214.92,214.85,142.0,3051690.0,215.242
601888.SH,2022-12-21,0.0,214.93,214.94,214.9,75.0,1611960.0,215.241
601888.SH,2022-12-21,0.0,214.91,214.94,214.86,133.0,2858400.0,215.24
601888.SH,2022-12-21,0.0,214.92,214.92,214.86,88.0,1890940.0,215.24
601888.SH,2022-12-21,0.0,214.92,214.92,214.91,102.0,2192780.0,215.239
601888.SH,2022-12-21,0.0,215.02,215.06,214.95,584.0,12555600.0,215.236
601888.SH,2022-12-21,0.0,215.31,215.32,215.03,247.0,5313910.0,215.236
601888.SH,2022-12-21,0.0,215.47,215.49,215.29,306.0,6592970.0,215.237
601888.SH,2022-12-21,0.0,215.7,215.7,215.49,250.0,5388380.0,215.238
601888.SH,2022-12-21,0.0,215.9,215.9,215.7,350.0,7552970.0,215.242
601888.SH,2022-12-21,0.0,215.99,216.0,215.89,354.0,7645310.0,215.246
601888.SH,2022-12-21,0.0,215.75,215.99,215.58,304.0,6562070.0,215.25
601888.SH,2022-12-21,0.0,215.91,215.92,215.7,148.0,3194420.0,215.251
601888.SH,2022-12-21,0.0,216.0,216.0,215.91,607.0,13110000.0,215.259
601888.SH,2022-12-21,0.0,215.93,216.0,215.9,436.0,9415880.0,215.265
601888.SH,2022-12-21,0.0,215.88,215.97,215.88,267.0,5765590.0,215.268
601888.SH,2022-12-21,0.0,215.8,215.8,215.73,187.0,4034690.0,215.27
601888.SH,2022-12-21,0.0,215.85,215.94,215.79,194.0,4188440.0,215.272
601888.SH,2022-12-21,0.0,215.67,215.89,215.67,353.0,7618560.0,215.275
601888.SH,2022-12-21,0.0,215.78,215.78,215.67,154.0,3319930.0,215.277
601888.SH,2022-12-21,0.0,215.81,215.87,215.78,133.0,2870200.0,215.278
601888.SH,2022-12-21,0.0,215.74,215.81,215.74,195.0,4210410.0,215.28
601888.SH,2022-12-21,0.0,215.63,215.74,215.37,361.0,7787720.0,215.281
601888.SH,2022-12-21,0.0,215.13,215.56,215.04,224.0,4823360.0,215.282
601888.SH,2022-12-21,0.0,215.56,215.56,215.16,166.0,3575610.0,215.282
601888.SH,2022-12-21,0.0,215.4,215.52,215.38,254.0,5472480.0,215.283
601888.SH,2022-12-21,0.0,215.5,215.6,215.39,172.0,3705440.0,215.283
601888.SH,2022-12-21,0.0,215.76,215.86,215.5,495.0,10678900.0,215.287
601888.SH,2022-12-21,0.0,215.21,215.71,215.2,426.0,9177090.0,215.288
601888.SH,2022-12-21,0.0,215.4,215.4,215.13,331.0,7124080.0,215.288
601888.SH,2022-12-21,0.0,215.35,215.45,215.25,128.0,2756560.0,215.288
601888.SH,2022-12-21,0.0,215.44,215.44,215.35,221.0,4760010.0,215.288
601888.SH,2022-12-21,0.0,215.16,215.4,215.02,561.0,12072200.0,215.288
601888.SH,2022-12-21,0.0,214.9,215.1,214.85,527.0,11328200.0,215.285
601888.SH,2022-12-21,0.0,215.15,215.4,214.85,318.0,6837050.0,215.283
601888.SH,2022-12-21,0.0,215.27,215.44,215.05,229.0,4930840.0,215.283
601888.SH,2022-12-21,0.0,215.34,215.34,215.29,119.0,2562000.0,215.283
601888.SH,2022-12-21,0.0,215.28,215.37,215.28,165.0,3552550.0,215.283
601888.SH,2022-12-21,0.0,215.33,215.33,215.22,218.0,4692900.0,215.283
601888.SH,2022-12-21,0.0,215.3,215.39,215.3,189.0,4070280.0,215.284
601888.SH,2022-12-21,0.0,215.08,215.27,215.08,189.0,4067570.0,215.283
601888.SH,2022-12-21,0.0,215.05,215.1,215.05,248.0,5334040.0,215.283
601888.SH,2022-12-21,0.0,214.98,215.05,214.98,392.0,8428620.0,215.281
601888.SH,2022-12-21,0.0,215.06,215.06,215.0,137.0,2945870.0,215.28
601888.SH,2022-12-21,0.0,215.08,215.08,215.05,186.0,4000200.0,215.28
601888.SH,2022-12-21,0.0,214.94,215.08,214.9,323.0,6953750.0,215.278
601888.SH,2022-12-21,0.0,214.97,214.97,214.94,330.0,7083260.0,215.277
601888.SH,2022-12-21,0.0,215.06,215.08,214.95,276.0,5924220.0,215.276
601888.SH,2022-12-21,0.0,215.03,215.08,215.0,260.0,5591290.0,215.275
601888.SH,2022-12-21,0.0,215.03,215.03,215.03,4.0,86026.0,215.275
601888.SH,2022-12-21,0.0,215.03,215.03,215.03,0.0,0.0,215.275
601888.SH,2022-12-21,0.0,215.09,215.09,215.09,1183.0,25445100.0,215.271
601888.SH,2022-12-22,0.0,217.43,217.43,217.43,426.0,9262520.0,217.43
601888.SH,2022-12-22,0.0,216.5,217.9,216.01,2320.0,50347900.0,217.081
601888.SH,2022-12-22,0.0,216.76,216.8,216.19,635.0,13751300.0,216.982
601888.SH,2022-12-22,0.0,215.62,216.3,215.55,993.0,21466300.0,216.799
601888.SH,2022-12-22,0.0,216.3,216.75,215.62,592.0,12801500.0,216.733
601888.SH,2022-12-22,0.0,215.65,216.39,215.55,673.0,14525700.0,216.626
601888.SH,2022-12-22,0.0,216.29,216.3,215.5,618.0,13338200.0,216.547
601888.SH,2022-12-22,0.0,216.45,216.45,216.09,390.0,8432270.0,216.532
601888.SH,2022-12-22,0.0,216.95,216.95,216.4,587.0,12725200.0,216.552
601888.SH,2022-12-22,0.0,216.73,216.97,216.33,534.0,11573200.0,216.564
601888.SH,2022-12-22,0.0,218.18,218.18,216.77,980.0,21335000.0,216.691
601888.SH,2022-12-22,0.0,217.67,218.99,217.67,2042.0,44656000.0,217.069
601888.SH,2022-12-22,0.0,218.3,218.55,217.77,1830.0,39907600.0,217.215
601888.SH,2022-12-22,0.0,218.49,218.49,217.81,1693.0,36948200.0,217.336
601888.SH,2022-12-22,0.0,217.93,218.45,217.78,452.0,9855930.0,217.358
601888.SH,2022-12-22,0.0,217.2,218.0,217.2,547.0,11900400.0,217.365
601888.SH,2022-12-22,0.0,217.8,218.0,217.3,483.0,10516200.0,217.376
601888.SH,2022-12-22,0.0,217.81,217.98,217.72,565.0,12307600.0,217.392
601888.SH,2022-12-22,0.0,218.25,218.42,217.8,497.0,10839000.0,217.413
601888.SH,2022-12-22,0.0,218.66,218.82,218.25,748.0,16343800.0,217.459
601888.SH,2022-12-22,0.0,218.88,218.88,218.6,1114.0,24373100.0,217.538
601888.SH,2022-12-22,0.0,219.89,219.95,219.0,2702.0,59287900.0,217.776
601888.SH,2022-12-22,0.0,220.3,220.88,219.95,1957.0,43100200.0,217.982
601888.SH,2022-12-22,0.0,219.7,220.5,219.13,1016.0,22369000.0,218.073
601888.SH,2022-12-22,0.0,219.7,219.85,219.55,413.0,9071620.0,218.099
601888.SH,2022-12-22,0.0,219.03,219.7,218.99,639.0,14004900.0,218.129
601888.SH,2022-12-22,0.0,219.8,219.88,219.57,699.0,15357600.0,218.171
601888.SH,2022-12-22,0.0,220.45,220.5,219.81,940.0,20691200.0,218.24
601888.SH,2022-12-22,0.0,221.35,221.38,220.29,2122.0,46844200.0,218.423
601888.SH,2022-12-22,0.0,221.56,221.59,221.11,1267.0,28061700.0,218.55
601888.SH,2022-12-22,0.0,221.02,221.54,221.02,1167.0,25838500.0,218.655
601888.SH,2022-12-22,0.0,221.56,221.56,221.02,614.0,13592400.0,218.707
601888.SH,2022-12-22,0.0,221.73,221.88,221.56,1001.0,22190300.0,218.797
601888.SH,2022-12-22,0.0,221.99,222.0,221.82,1450.0,32184300.0,218.929
601888.SH,2022-12-22,0.0,221.98,222.01,221.9,727.0,16136500.0,218.991
601888.SH,2022-12-22,0.0,221.55,222.06,221.49,734.0,16287100.0,219.05
601888.SH,2022-12-22,0.0,221.4,221.67,221.04,513.0,11351700.0,219.081
601888.SH,2022-12-22,0.0,221.61,222.09,221.2,1691.0,37507100.0,219.201
601888.SH,2022-12-22,0.0,221.3,221.87,221.15,515.0,11411400.0,219.233
601888.SH,2022-12-22,0.0,221.76,221.8,221.46,693.0,15362300.0,219.276
601888.SH,2022-12-22,0.0,221.48,221.89,221.1,408.0,9041100.0,219.299
601888.SH,2022-12-22,0.0,222.13,222.15,221.44,1561.0,34645800.0,219.399
601888.SH,2022-12-22,0.0,222.99,222.99,222.14,1442.0,32090100.0,219.505
601888.SH,2022-12-22,0.0,223.8,223.83,222.99,1946.0,43473000.0,219.674
601888.SH,2022-12-22,0.0,222.5,223.8,222.5,1864.0,41607300.0,219.817
601888.SH,2022-12-22,0.0,222.48,222.85,222.17,737.0,16389600.0,219.856
601888.SH,2022-12-22,0.0,221.5,222.5,221.3,971.0,21561000.0,219.9
601888.SH,2022-12-22,0.0,222.09,222.1,221.5,352.0,7810010.0,219.914
601888.SH,2022-12-22,0.0,222.3,222.48,222.11,411.0,9138480.0,219.935
601888.SH,2022-12-22,0.0,222.44,222.45,222.2,511.0,11364200.0,219.96
601888.SH,2022-12-22,0.0,222.47,222.49,222.43,467.0,10388500.0,219.983
601888.SH,2022-12-22,0.0,221.88,222.54,221.8,690.0,15335100.0,220.014
601888.SH,2022-12-22,0.0,222.3,222.3,221.66,823.0,18256100.0,220.043
601888.SH,2022-12-22,0.0,221.89,222.35,221.8,336.0,7460220.0,220.055
601888.SH,2022-12-22,0.0,221.94,222.0,221.62,430.0,9539360.0,220.07
601888.SH,2022-12-22,0.0,221.9,222.0,221.82,532.0,11806200.0,220.089
601888.SH,2022-12-22,0.0,222.02,222.05,221.9,550.0,12208200.0,220.108
601888.SH,2022-12-22,0.0,222.2,222.2,222.05,292.0,6485270.0,220.119
601888.SH,2022-12-22,0.0,222.77,222.85,222.2,423.0,9417610.0,220.138
601888.SH,2022-12-22,0.0,223.07,223.07,222.78,992.0,22111700.0,220.188
601888.SH,2022-12-22,0.0,223.0,223.2,222.85,743.0,16575800.0,220.226
601888.SH,2022-12-22,0.0,222.5,223.07,222.29,401.0,8935270.0,220.245
601888.SH,2022-12-22,0.0,221.89,222.65,221.89,425.0,9444700.0,220.26
601888.SH,2022-12-22,0.0,222.02,222.25,221.85,264.0,5861400.0,220.268
601888.SH,2022-12-22,0.0,222.1,222.26,222.05,298.0,6620680.0,220.278
601888.SH,2022-12-22,0.0,222.23,222.23,222.02,216.0,4798020.0,220.285
601888.SH,2022-12-22,0.0,222.34,222.49,222.23,527.0,11718600.0,220.303
601888.SH,2022-12-22,0.0,222.41,222.78,222.0,1168.0,25966800.0,220.343
601888.SH,2022-12-22,0.0,222.41,222.45,222.34,358.0,7962280.0,220.355
601888.SH,2022-12-22,0.0,222.37,222.45,222.1,229.0,5091060.0,220.363
601888.SH,2022-12-22,0.0,222.62,222.7,222.37,444.0,9880690.0,220.379
601888.SH,2022-12-22,0.0,222.96,223.0,222.46,930.0,20730800.0,220.417
601888.SH,2022-12-22,0.0,223.02,223.02,222.86,433.0,9654310.0,220.435
601888.SH,2022-12-22,0.0,222.9,223.07,222.9,614.0,13691400.0,220.46
601888.SH,2022-12-22,0.0,222.71,222.88,222.53,214.0,4766440.0,220.468
601888.SH,2022-12-22,0.0,222.71,222.85,222.71,215.0,4789930.0,220.476
601888.SH,2022-12-22,0.0,222.79,222.79,222.51,354.0,7883580.0,220.489
601888.SH,2022-12-22,0.0,222.84,222.85,222.77,259.0,5770550.0,220.498
601888.SH,2022-12-22,0.0,222.73,222.84,222.54,569.0,12675500.0,220.518
601888.SH,2022-12-22,0.0,223.2,223.27,222.7,732.0,16325100.0,220.546
601888.SH,2022-12-22,0.0,223.26,223.31,223.2,372.0,8306030.0,220.562
601888.SH,2022-12-22,0.0,223.56,223.56,223.24,812.0,18141400.0,220.597
601888.SH,2022-12-22,0.0,223.67,223.75,223.55,1164.0,26037100.0,220.651
601888.SH,2022-12-22,0.0,223.78,223.91,223.48,1792.0,40101900.0,220.732
601888.SH,2022-12-22,0.0,223.42,223.81,223.32,405.0,9057740.0,220.749
601888.SH,2022-12-22,0.0,222.98,223.35,222.98,289.0,6449670.0,220.76
601888.SH,2022-12-22,0.0,223.28,223.28,222.6,517.0,11533300.0,220.776
601888.SH,2022-12-22,0.0,223.21,223.24,223.19,361.0,8057670.0,220.788
601888.SH,2022-12-22,0.0,223.2,223.21,222.99,219.0,4886940.0,220.795
601888.SH,2022-12-22,0.0,223.22,223.24,223.21,175.0,3906230.0,220.801
601888.SH,2022-12-22,0.0,223.27,223.28,223.2,320.0,7142870.0,220.812
601888.SH,2022-12-22,0.0,222.93,223.26,222.82,346.0,7719460.0,220.823
601888.SH,2022-12-22,0.0,222.86,223.08,222.8,406.0,9052560.0,220.835
601888.SH,2022-12-22,0.0,222.5,222.9,222.5,206.0,4587070.0,220.841
601888.SH,2022-12-22,0.0,222.35,222.5,222.25,320.0,7116650.0,220.848
601888.SH,2022-12-22,0.0,222.5,222.5,222.31,267.0,5937650.0,220.853
601888.SH,2022-12-22,0.0,222.7,222.7,222.5,241.0,5364430.0,220.859
601888.SH,2022-12-22,0.0,223.01,223.05,222.7,311.0,6933660.0,220.868
601888.SH,2022-12-22,0.0,222.83,223.0,222.83,387.0,8628750.0,220.879
601888.SH,2022-12-22,0.0,222.62,222.82,222.56,265.0,5901630.0,220.885
601888.SH,2022-12-22,0.0,222.8,222.83,222.58,215.0,4795750.0,220.891
601888.SH,2022-12-22,0.0,222.9,222.91,222.83,246.0,5482130.0,220.897
601888.SH,2022-12-22,0.0,222.9,222.91,222.85,139.0,3098010.0,220.901
601888.SH,2022-12-22,0.0,223.28,223.28,222.92,538.0,12002100.0,220.916
601888.SH,2022-12-22,0.0,223.19,223.35,223.18,423.0,9443480.0,220.929
601888.SH,2022-12-22,0.0,223.03,223.19,223.02,260.0,5800190.0,220.936
601888.SH,2022-12-22,0.0,222.97,223.04,222.9,339.0,7555640.0,220.946
601888.SH,2022-12-22,0.0,223.01,223.02,222.93,248.0,5530270.0,220.952
601888.SH,2022-12-22,0.0,223.01,223.07,223.0,317.0,7069840.0,220.961
601888.SH,2022-12-22,0.0,223.32,223.32,223.05,177.0,3956420.0,220.966
601888.SH,2022-12-22,0.0,223.12,223.34,223.12,410.0,9151430.0,220.978
601888.SH,2022-12-22,0.0,223.09,223.15,223.0,250.0,5577100.0,220.985
601888.SH,2022-12-22,0.0,222.92,223.1,222.92,228.0,5084370.0,220.991
601888.SH,2022-12-22,0.0,222.94,223.0,222.94,189.0,4214120.0,220.995
601888.SH,2022-12-22,0.0,222.78,222.92,222.75,293.0,6529450.0,221.002
601888.SH,2022-12-22,0.0,222.8,222.8,222.68,176.0,3920570.0,221.006
601888.SH,2022-12-22,0.0,222.9,222.9,222.74,162.0,3609500.0,221.01
601888.SH,2022-12-22,0.0,222.79,222.88,222.79,181.0,4033200.0,221.014
601888.SH,2022-12-22,0.0,222.82,222.82,222.77,181.0,4032420.0,221.018
601888.SH,2022-12-22,0.0,223.02,223.02,222.79,340.0,7579670.0,221.026
601888.SH,2022-12-22,0.0,222.97,223.01,222.74,197.0,4391440.0,221.031
601888.SH,2022-12-22,0.0,223.04,223.09,222.95,474.0,10560400.0,221.043
601888.SH,2022-12-22,0.0,223.78,223.8,223.05,916.0,20455700.0,221.07
601888.SH,2022-12-22,0.0,223.74,223.78,223.58,673.0,15057000.0,221.092
601888.SH,2022-12-22,0.0,223.48,223.74,223.47,302.0,6753440.0,221.101
601888.SH,2022-12-22,0.0,222.96,223.43,222.96,577.0,12874700.0,221.115
601888.SH,2022-12-22,0.0,222.65,223.02,222.65,571.0,12722300.0,221.127
601888.SH,2022-12-22,0.0,222.72,222.73,222.62,280.0,6234200.0,221.132
601888.SH,2022-12-22,0.0,222.92,222.92,222.73,268.0,5970420.0,221.137
601888.SH,2022-12-22,0.0,222.96,222.97,222.89,214.0,4770820.0,221.142
601888.SH,2022-12-22,0.0,222.88,222.97,222.87,234.0,5216000.0,221.147
601888.SH,2022-12-22,0.0,222.96,222.97,222.87,365.0,8135630.0,221.154
601888.SH,2022-12-22,0.0,223.03,223.03,222.89,215.0,4794360.0,221.159
601888.SH,2022-12-22,0.0,223.32,223.32,223.1,303.0,6760550.0,221.166
601888.SH,2022-12-22,0.0,223.25,223.34,223.25,274.0,6117640.0,221.173
601888.SH,2022-12-22,0.0,223.39,223.4,223.2,289.0,6453240.0,221.18
601888.SH,2022-12-22,0.0,223.3,223.39,223.3,297.0,6633660.0,221.188
601888.SH,2022-12-22,0.0,222.99,223.29,222.99,242.0,5400380.0,221.193
601888.SH,2022-12-22,0.0,222.99,223.15,222.99,181.0,4037440.0,221.197
601888.SH,2022-12-22,0.0,222.8,223.0,222.8,210.0,4681610.0,221.201
601888.SH,2022-12-22,0.0,222.92,222.92,222.72,196.0,4366660.0,221.205
601888.SH,2022-12-22,0.0,222.73,222.8,222.72,233.0,5190360.0,221.209
601888.SH,2022-12-22,0.0,222.79,222.88,222.71,174.0,3876180.0,221.212
601888.SH,2022-12-22,0.0,222.74,222.8,222.74,178.0,3965060.0,221.215
601888.SH,2022-12-22,0.0,222.66,222.74,222.66,276.0,6146180.0,221.22
601888.SH,2022-12-22,0.0,222.33,222.65,222.33,311.0,6922250.0,221.225
601888.SH,2022-12-22,0.0,222.29,222.38,222.22,183.0,4067980.0,221.227
601888.SH,2022-12-22,0.0,222.39,222.4,222.3,287.0,6381560.0,221.231
601888.SH,2022-12-22,0.0,222.14,222.38,222.14,238.0,5289990.0,221.234
601888.SH,2022-12-22,0.0,222.05,222.2,222.05,388.0,8624820.0,221.237
601888.SH,2022-12-22,0.0,222.04,222.19,222.03,228.0,5063120.0,221.24
601888.SH,2022-12-22,0.0,221.9,222.03,221.9,473.0,10499700.0,221.244
601888.SH,2022-12-22,0.0,221.7,221.92,221.69,165.0,3659870.0,221.245
601888.SH,2022-12-22,0.0,221.96,221.96,221.69,293.0,6498790.0,221.246
601888.SH,2022-12-22,0.0,222.1,222.2,221.93,171.0,3797080.0,221.248
601888.SH,2022-12-22,0.0,222.12,222.14,222.08,174.0,3864530.0,221.25
601888.SH,2022-12-22,0.0,222.04,222.12,222.0,165.0,3664070.0,221.251
601888.SH,2022-12-22,0.0,222.01,222.07,221.99,213.0,4728870.0,221.253
601888.SH,2022-12-22,0.0,222.38,222.39,222.0,803.0,17835000.0,221.26
601888.SH,2022-12-22,0.0,222.65,222.65,222.38,221.0,4917690.0,221.263
601888.SH,2022-12-22,0.0,222.8,222.8,222.65,162.0,3608030.0,221.266
601888.SH,2022-12-22,0.0,222.54,222.83,222.54,297.0,6614370.0,221.271
601888.SH,2022-12-22,0.0,222.61,222.62,222.54,128.0,2849320.0,221.272
601888.SH,2022-12-22,0.0,222.59,222.61,222.58,139.0,3094120.0,221.274
601888.SH,2022-12-22,0.0,222.57,222.61,222.57,231.0,5141870.0,221.278
601888.SH,2022-12-22,0.0,222.57,222.7,222.5,466.0,10372700.0,221.284
601888.SH,2022-12-22,0.0,222.65,222.72,222.57,122.0,2716150.0,221.286
601888.SH,2022-12-22,0.0,222.42,222.63,222.42,274.0,6098280.0,221.29
601888.SH,2022-12-22,0.0,222.49,222.52,222.43,285.0,6341500.0,221.293
601888.SH,2022-12-22,0.0,222.49,222.53,222.46,151.0,3359750.0,221.295
601888.SH,2022-12-22,0.0,222.45,222.5,222.32,311.0,6918260.0,221.299
601888.SH,2022-12-22,0.0,222.45,222.5,222.44,162.0,3603910.0,221.301
601888.SH,2022-12-22,0.0,222.48,222.49,222.38,122.0,2713730.0,221.303
601888.SH,2022-12-22,0.0,222.48,222.49,222.45,125.0,2780850.0,221.304
601888.SH,2022-12-22,0.0,222.49,222.49,222.44,144.0,3203430.0,221.306
601888.SH,2022-12-22,0.0,222.48,222.49,222.4,130.0,2891830.0,221.308
601888.SH,2022-12-22,0.0,222.45,222.5,222.44,196.0,4360540.0,221.31
601888.SH,2022-12-22,0.0,222.44,222.45,222.44,102.0,2268920.0,221.311
601888.SH,2022-12-22,0.0,222.37,222.45,222.37,169.0,3758720.0,221.313
601888.SH,2022-12-22,0.0,222.15,222.37,222.15,214.0,4755830.0,221.315
601888.SH,2022-12-22,0.0,221.94,222.14,221.94,349.0,7748330.0,221.318
601888.SH,2022-12-22,0.0,221.67,221.95,221.66,256.0,5676720.0,221.319
601888.SH,2022-12-22,0.0,221.55,221.67,221.52,231.0,5118530.0,221.32
601888.SH,2022-12-22,0.0,221.83,221.89,221.55,432.0,9576750.0,221.321
601888.SH,2022-12-22,0.0,221.89,221.99,221.83,111.0,2463010.0,221.322
601888.SH,2022-12-22,0.0,221.88,221.98,221.85,227.0,5037680.0,221.323
601888.SH,2022-12-22,0.0,221.7,221.9,221.7,175.0,3881830.0,221.324
601888.SH,2022-12-22,0.0,221.5,221.63,221.5,251.0,5560600.0,221.325
601888.SH,2022-12-22,0.0,221.83,221.83,221.4,344.0,7621780.0,221.325
601888.SH,2022-12-22,0.0,222.03,222.38,221.82,620.0,13766900.0,221.33
601888.SH,2022-12-22,0.0,221.98,222.2,221.98,139.0,3086260.0,221.331
601888.SH,2022-12-22,0.0,221.95,222.2,221.95,268.0,5950350.0,221.333
601888.SH,2022-12-22,0.0,221.82,221.99,221.82,191.0,4238660.0,221.334
601888.SH,2022-12-22,0.0,221.75,221.87,221.75,234.0,5190280.0,221.335
601888.SH,2022-12-22,0.0,221.65,221.75,221.63,137.0,3036800.0,221.336
601888.SH,2022-12-22,0.0,221.53,221.65,221.5,257.0,5695490.0,221.336
601888.SH,2022-12-22,0.0,221.43,221.63,221.4,297.0,6577340.0,221.337
601888.SH,2022-12-22,0.0,221.75,221.78,221.5,357.0,7910410.0,221.338
601888.SH,2022-12-22,0.0,221.84,221.85,221.78,161.0,3571020.0,221.338
601888.SH,2022-12-22,0.0,221.82,221.84,221.78,166.0,3682220.0,221.339
601888.SH,2022-12-22,0.0,221.84,221.85,221.82,75.0,1663770.0,221.339
601888.SH,2022-12-22,0.0,221.64,221.85,221.64,363.0,8050710.0,221.341
601888.SH,2022-12-22,0.0,221.25,221.64,221.22,249.0,5513100.0,221.341
601888.SH,2022-12-22,0.0,221.04,221.22,220.9,537.0,11868800.0,221.34
601888.SH,2022-12-22,0.0,220.84,221.04,220.84,269.0,5943720.0,221.339
601888.SH,2022-12-22,0.0,221.0,221.01,220.84,283.0,6251500.0,221.337
601888.SH,2022-12-22,0.0,220.99,221.01,220.89,321.0,7093800.0,221.336
601888.SH,2022-12-22,0.0,220.88,220.99,220.86,324.0,7156980.0,221.335
601888.SH,2022-12-22,0.0,221.0,221.01,220.88,306.0,6761360.0,221.334
601888.SH,2022-12-22,0.0,220.9,221.0,220.86,931.0,20565300.0,221.33
601888.SH,2022-12-22,0.0,220.99,221.05,220.88,297.0,6563690.0,221.329
601888.SH,2022-12-22,0.0,221.0,221.0,220.99,222.0,4906060.0,221.328
601888.SH,2022-12-22,0.0,220.72,221.0,220.63,254.0,5611200.0,221.327
601888.SH,2022-12-22,0.0,220.35,220.75,220.35,406.0,8950370.0,221.324
601888.SH,2022-12-22,0.0,220.39,220.44,220.17,174.0,3834380.0,221.322
601888.SH,2022-12-22,0.0,220.15,220.4,220.13,299.0,6585230.0,221.319
601888.SH,2022-12-22,0.0,220.19,220.19,220.06,285.0,6273720.0,221.316
601888.SH,2022-12-22,0.0,220.47,220.47,220.13,572.0,12606700.0,221.311
601888.SH,2022-12-22,0.0,220.4,220.47,220.39,348.0,7671100.0,221.308
601888.SH,2022-12-22,0.0,220.08,220.39,220.06,379.0,8348080.0,221.305
601888.SH,2022-12-22,0.0,220.3,220.3,220.02,285.0,6274420.0,221.302
601888.SH,2022-12-22,0.0,220.4,220.4,220.3,212.0,4671900.0,221.3
601888.SH,2022-12-22,0.0,220.47,220.47,220.39,175.0,3857800.0,221.298
601888.SH,2022-12-22,0.0,220.45,220.47,220.4,433.0,9545760.0,221.295
601888.SH,2022-12-22,0.0,220.92,220.92,220.46,225.0,4963900.0,221.294
601888.SH,2022-12-22,0.0,220.62,220.99,220.57,333.0,7355150.0,221.292
601888.SH,2022-12-22,0.0,220.89,220.89,220.57,290.0,6399130.0,221.291
601888.SH,2022-12-22,0.0,221.07,221.07,220.75,431.0,9525700.0,221.289
601888.SH,2022-12-22,0.0,221.08,221.24,221.04,387.0,8558770.0,221.289
601888.SH,2022-12-22,0.0,221.01,221.1,220.93,294.0,6498030.0,221.288
601888.SH,2022-12-22,0.0,221.03,221.1,220.98,330.0,7294180.0,221.287
601888.SH,2022-12-22,0.0,221.14,221.14,221.03,436.0,9638730.0,221.287
601888.SH,2022-12-22,0.0,221.1,221.21,221.02,597.0,13199700.0,221.286
601888.SH,2022-12-22,0.0,221.2,221.2,221.06,421.0,9309430.0,221.285
601888.SH,2022-12-22,0.0,221.15,221.25,221.07,509.0,11257200.0,221.284
601888.SH,2022-12-22,0.0,220.95,221.2,220.92,786.0,17373200.0,221.283
601888.SH,2022-12-22,0.0,221.03,221.03,220.91,556.0,12283600.0,221.281
601888.SH,2022-12-22,0.0,221.05,221.06,221.0,465.0,10277500.0,221.28
601888.SH,2022-12-22,0.0,221.05,221.05,221.05,8.0,176838.0,221.28
601888.SH,2022-12-22,0.0,221.05,221.05,221.05,0.0,0.0,221.28
601888.SH,2022-12-22,0.0,221.04,221.04,221.04,624.0,13792900.0,221.279
601888.SH,2022-12-23,0.0,220.5,220.5,220.5,408.0,8996400.0,220.5
601888.SH,2022-12-23,0.0,220.01,220.66,219.36,1165.0,25636100.0,220.163
601888.SH,2022-12-23,0.0,219.6,220.0,219.01,700.0,15363800.0,219.952
601888.SH,2022-12-23,0.0,219.05,219.5,219.01,835.0,18308200.0,219.767
601888.SH,2022-12-23,0.0,219.0,219.02,218.38,936.0,20489900.0,219.569
601888.SH,2022-12-23,0.0,219.62,219.62,219.0,358.0,7854290.0,219.554
601888.SH,2022-12-23,0.0,220.99,221.0,219.79,476.0,10492300.0,219.639
601888.SH,2022-12-23,0.0,220.11,220.91,220.03,351.0,7738780.0,219.696
601888.SH,2022-12-23,0.0,221.2,221.2,220.55,361.0,7970070.0,219.766
601888.SH,2022-12-23,0.0,222.1,222.48,221.33,654.0,14509000.0,219.984
601888.SH,2022-12-23,0.0,221.51,222.24,221.26,819.0,18183300.0,220.22
601888.SH,2022-12-23,0.0,222.88,222.88,221.79,590.0,13118100.0,220.383
601888.SH,2022-12-23,0.0,223.8,223.8,222.75,1616.0,36076200.0,220.882
601888.SH,2022-12-23,0.0,223.6,223.86,223.11,1033.0,23080900.0,221.138
601888.SH,2022-12-23,0.0,223.8,224.22,223.48,1919.0,42972800.0,221.569
601888.SH,2022-12-23,0.0,223.73,223.88,223.28,914.0,20437600.0,221.71
601888.SH,2022-12-23,0.0,224.0,224.0,223.63,854.0,19111200.0,221.837
601888.SH,2022-12-23,0.0,223.11,224.01,223.1,704.0,15754000.0,221.93
601888.SH,2022-12-23,0.0,223.43,223.43,222.99,303.0,6762390.0,221.955
601888.SH,2022-12-23,0.0,222.66,223.42,222.66,545.0,12151500.0,221.991
601888.SH,2022-12-23,0.0,223.42,223.42,222.69,681.0,15188400.0,222.034
601888.SH,2022-12-23,0.0,223.72,223.72,223.0,791.0,17662700.0,222.093
601888.SH,2022-12-23,0.0,223.94,224.04,223.7,1227.0,27474700.0,222.216
601888.SH,2022-12-23,0.0,224.1,224.33,223.84,1171.0,26234100.0,222.325
601888.SH,2022-12-23,0.0,224.48,224.57,224.01,1117.0,25064200.0,222.437
601888.SH,2022-12-23,0.0,224.71,224.71,224.36,1122.0,25201400.0,222.548
601888.SH,2022-12-23,0.0,225.38,225.46,224.7,2900.0,65271500.0,222.844
601888.SH,2022-12-23,0.0,225.43,225.5,225.29,1514.0,34123300.0,222.992
601888.SH,2022-12-23,0.0,225.13,225.51,224.91,737.0,16598900.0,223.053
601888.SH,2022-12-23,0.0,225.4,225.49,225.0,1158.0,26075200.0,223.141
601888.SH,2022-12-23,0.0,225.5,225.56,225.21,1029.0,23199700.0,223.223
601888.SH,2022-12-23,0.0,226.05,226.05,225.5,2604.0,58779900.0,223.433
601888.SH,2022-12-23,0.0,226.17,226.78,225.99,1979.0,44792100.0,223.604
601888.SH,2022-12-23,0.0,226.38,226.38,226.0,1455.0,32904500.0,223.71
601888.SH,2022-12-23,0.0,225.77,226.4,225.77,1255.0,28388900.0,223.796
601888.SH,2022-12-23,0.0,225.99,226.03,225.78,613.0,13859600.0,223.833
601888.SH,2022-12-23,0.0,225.4,226.13,225.1,819.0,18495600.0,223.878
601888.SH,2022-12-23,0.0,225.46,225.85,225.19,1265.0,28539900.0,223.934
601888.SH,2022-12-23,0.0,225.44,225.8,225.32,233.0,5254370.0,223.943
601888.SH,2022-12-23,0.0,225.16,225.44,225.16,415.0,9350960.0,223.958
601888.SH,2022-12-23,0.0,224.92,225.16,224.92,294.0,6616530.0,223.966
601888.SH,2022-12-23,0.0,225.25,225.25,224.91,335.0,7539860.0,223.975
601888.SH,2022-12-23,0.0,225.49,225.52,225.23,498.0,11224100.0,223.992
601888.SH,2022-12-23,0.0,224.6,225.4,224.51,1008.0,22695400.0,224.02
601888.SH,2022-12-23,0.0,224.99,225.03,224.66,355.0,7981940.0,224.027
601888.SH,2022-12-23,0.0,225.0,225.0,224.72,297.0,6681590.0,224.034
601888.SH,2022-12-23,0.0,225.03,225.04,225.0,400.0,9000460.0,224.043
601888.SH,2022-12-23,0.0,225.09,225.12,225.03,138.0,3105950.0,224.046
601888.SH,2022-12-23,0.0,225.34,225.5,225.1,219.0,4934360.0,224.053
601888.SH,2022-12-23,0.0,225.21,225.5,225.2,224.0,5049660.0,224.06
601888.SH,2022-12-23,0.0,224.88,225.3,224.88,253.0,5695780.0,224.066
601888.SH,2022-12-23,0.0,224.78,225.0,224.78,187.0,4205120.0,224.069
601888.SH,2022-12-23,0.0,224.58,224.81,224.48,542.0,12173400.0,224.076
601888.SH,2022-12-23,0.0,225.0,225.0,224.58,628.0,14115700.0,224.086
601888.SH,2022-12-23,0.0,225.3,225.3,225.0,517.0,11637000.0,224.098
601888.SH,2022-12-23,0.0,225.48,225.68,225.03,714.0,16098600.0,224.119
601888.SH,2022-12-23,0.0,225.6,225.66,225.48,270.0,6091030.0,224.128
601888.SH,2022-12-23,0.0,225.7,225.79,225.58,430.0,9701040.0,224.141
601888.SH,2022-12-23,0.0,225.3,225.7,225.3,201.0,4535830.0,224.148
601888.SH,2022-12-23,0.0,225.68,225.7,225.6,277.0,6250310.0,224.156
601888.SH,2022-12-23,0.0,225.66,225.7,225.45,434.0,9788540.0,224.169
601888.SH,2022-12-23,0.0,225.58,225.7,225.4,374.0,8437900.0,224.18
601888.SH,2022-12-23,0.0,225.2,225.59,225.2,210.0,4734320.0,224.186
601888.SH,2022-12-23,0.0,224.75,225.29,224.75,375.0,8438190.0,224.192
601888.SH,2022-12-23,0.0,224.6,224.79,224.4,466.0,10472800.0,224.196
601888.SH,2022-12-23,0.0,224.31,224.59,224.3,202.0,4531620.0,224.197
601888.SH,2022-12-23,0.0,224.16,224.51,224.16,343.0,7693210.0,224.198
601888.SH,2022-12-23,0.0,224.08,224.18,224.05,309.0,6924860.0,224.197
601888.SH,2022-12-23,0.0,224.92,225.0,224.18,202.0,4537520.0,224.199
601888.SH,2022-12-23,0.0,225.15,225.77,224.98,442.0,9958930.0,224.209
601888.SH,2022-12-23,0.0,224.06,225.6,224.06,506.0,11382500.0,224.216
601888.SH,2022-12-23,0.0,223.53,224.05,223.34,1544.0,34539700.0,224.201
601888.SH,2022-12-23,0.0,223.87,223.9,223.45,463.0,10355800.0,224.196
601888.SH,2022-12-23,0.0,224.43,224.45,223.88,408.0,9141110.0,224.195
601888.SH,2022-12-23,0.0,224.45,224.75,224.22,222.0,4983300.0,224.196
601888.SH,2022-12-23,0.0,224.25,224.68,224.25,135.0,3029860.0,224.197
601888.SH,2022-12-23,0.0,224.29,224.35,224.0,109.0,2444070.0,224.197
601888.SH,2022-12-23,0.0,223.81,224.26,223.81,243.0,5441680.0,224.196
601888.SH,2022-12-23,0.0,223.69,223.81,223.68,226.0,5056620.0,224.194
601888.SH,2022-12-23,0.0,223.11,223.66,223.11,409.0,9137800.0,224.188
601888.SH,2022-12-23,0.0,222.37,223.0,222.37,626.0,13952800.0,224.172
601888.SH,2022-12-23,0.0,222.45,222.68,222.37,347.0,7720080.0,224.162
601888.SH,2022-12-23,0.0,222.48,222.68,222.45,450.0,10011700.0,224.149
601888.SH,2022-12-23,0.0,222.23,222.6,222.23,319.0,7090540.0,224.139
601888.SH,2022-12-23,0.0,222.0,222.23,222.0,491.0,10904200.0,224.121
601888.SH,2022-12-23,0.0,221.7,222.19,221.66,572.0,12689200.0,224.099
601888.SH,2022-12-23,0.0,222.05,222.05,221.71,165.0,3660530.0,224.092
601888.SH,2022-12-23,0.0,222.11,222.21,222.0,288.0,6396120.0,224.083
601888.SH,2022-12-23,0.0,221.99,222.03,221.86,306.0,6791540.0,224.071
601888.SH,2022-12-23,0.0,221.81,221.99,221.81,132.0,2928910.0,224.066
601888.SH,2022-12-23,0.0,221.9,222.2,221.8,264.0,5859180.0,224.057
601888.SH,2022-12-23,0.0,222.29,222.3,221.9,122.0,2710540.0,224.053
601888.SH,2022-12-23,0.0,222.51,222.68,222.29,182.0,4048950.0,224.048
601888.SH,2022-12-23,0.0,222.61,222.62,222.5,121.0,2692890.0,224.045
601888.SH,2022-12-23,0.0,223.53,223.53,222.61,230.0,5127860.0,224.041
601888.SH,2022-12-23,0.0,223.0,223.22,222.66,315.0,7024450.0,224.035
601888.SH,2022-12-23,0.0,222.63,223.0,222.58,121.0,2693960.0,224.033
601888.SH,2022-12-23,0.0,222.54,222.72,222.3,180.0,4006070.0,224.028
601888.SH,2022-12-23,0.0,223.0,223.0,222.31,189.0,4211140.0,224.024
601888.SH,2022-12-23,0.0,222.66,223.05,222.62,284.0,6333020.0,224.02
601888.SH,2022-12-23,0.0,223.05,223.21,222.62,143.0,3188040.0,224.017
601888.SH,2022-12-23,0.0,223.0,223.05,223.0,205.0,4571530.0,224.014
601888.SH,2022-12-23,0.0,223.11,223.11,223.05,63.0,1405370.0,224.013
601888.SH,2022-12-23,0.0,222.79,223.07,222.72,190.0,4236960.0,224.01
601888.SH,2022-12-23,0.0,223.0,223.09,222.81,368.0,8205880.0,224.003
601888.SH,2022-12-23,0.0,223.0,223.0,222.6,172.0,3833750.0,224.0
601888.SH,2022-12-23,0.0,223.01,223.05,222.56,216.0,4817240.0,223.997
601888.SH,2022-12-23,0.0,223.05,223.1,223.0,77.0,1717450.0,223.996
601888.SH,2022-12-23,0.0,223.05,223.05,223.0,128.0,2854620.0,223.994
601888.SH,2022-12-23,0.0,223.11,223.13,223.07,75.0,1673130.0,223.992
601888.SH,2022-12-23,0.0,223.3,223.3,223.11,178.0,3980240.0,223.99
601888.SH,2022-12-23,0.0,223.37,223.37,223.21,91.0,2032050.0,223.989
601888.SH,2022-12-23,0.0,223.82,223.83,223.37,99.0,2212790.0,223.989
601888.SH,2022-12-23,0.0,223.84,223.84,223.66,228.0,5102250.0,223.988
601888.SH,2022-12-23,0.0,223.84,223.9,223.84,152.0,3402540.0,223.988
601888.SH,2022-12-23,0.0,223.79,223.92,223.79,79.0,1768470.0,223.987
601888.SH,2022-12-23,0.0,223.75,223.84,223.67,108.0,2416480.0,223.987
601888.SH,2022-12-23,0.0,223.75,223.78,223.66,88.0,1968690.0,223.987
601888.SH,2022-12-23,0.0,223.49,223.66,223.38,92.0,2056480.0,223.986
601888.SH,2022-12-23,0.0,223.36,223.51,223.31,41.0,916013.0,223.986
601888.SH,2022-12-23,0.0,223.02,223.34,223.02,60.0,1332690.0,223.985
601888.SH,2022-12-23,0.0,223.13,223.25,222.66,374.0,8339960.0,223.979
601888.SH,2022-12-23,0.0,223.24,223.25,222.58,353.0,7869260.0,223.974
601888.SH,2022-12-23,0.0,222.82,223.49,222.82,143.0,3189710.0,223.972
601888.SH,2022-12-23,0.0,222.87,222.99,222.6,166.0,3700060.0,223.969
601888.SH,2022-12-23,0.0,223.39,223.4,222.6,174.0,3880090.0,223.966
601888.SH,2022-12-23,0.0,223.26,223.39,222.58,197.0,4392160.0,223.963
601888.SH,2022-12-23,0.0,223.0,223.11,223.0,241.0,5373740.0,223.959
601888.SH,2022-12-23,0.0,223.0,223.1,223.0,169.0,3768820.0,223.957
601888.SH,2022-12-23,0.0,222.79,223.0,222.52,179.0,3987890.0,223.954
601888.SH,2022-12-23,0.0,222.92,222.92,222.51,557.0,12413100.0,223.945
601888.SH,2022-12-23,0.0,222.96,222.96,222.89,351.0,7825020.0,223.939
601888.SH,2022-12-23,0.0,222.94,223.0,222.91,84.0,1872700.0,223.938
601888.SH,2022-12-23,0.0,223.05,223.09,222.88,177.0,3945890.0,223.935
601888.SH,2022-12-23,0.0,222.86,223.12,222.86,312.0,6956900.0,223.931
601888.SH,2022-12-23,0.0,222.78,222.89,222.66,86.0,1915600.0,223.929
601888.SH,2022-12-23,0.0,222.74,223.0,222.69,140.0,3119540.0,223.927
601888.SH,2022-12-23,0.0,222.64,223.0,222.61,212.0,4720930.0,223.923
601888.SH,2022-12-23,0.0,222.95,223.0,222.63,202.0,4503510.0,223.92
601888.SH,2022-12-23,0.0,223.0,223.1,222.68,216.0,4815800.0,223.917
601888.SH,2022-12-23,0.0,223.0,223.13,222.85,71.0,1583560.0,223.916
601888.SH,2022-12-23,0.0,223.27,223.27,222.81,59.0,1315680.0,223.915
601888.SH,2022-12-23,0.0,222.96,223.39,222.96,116.0,2589890.0,223.914
601888.SH,2022-12-23,0.0,223.02,223.04,222.88,42.0,936457.0,223.914
601888.SH,2022-12-23,0.0,223.36,223.37,222.98,116.0,2587370.0,223.912
601888.SH,2022-12-23,0.0,223.06,223.14,223.0,177.0,3949020.0,223.91
601888.SH,2022-12-23,0.0,223.18,223.39,223.0,90.0,2008250.0,223.909
601888.SH,2022-12-23,0.0,223.0,223.17,223.0,57.0,1271650.0,223.908
601888.SH,2022-12-23,0.0,222.75,223.0,222.7,66.0,1470930.0,223.907
601888.SH,2022-12-23,0.0,223.2,223.2,222.73,121.0,2697300.0,223.906
601888.SH,2022-12-23,0.0,223.26,223.26,222.74,126.0,2810000.0,223.904
601888.SH,2022-12-23,0.0,222.8,223.19,222.8,51.0,1137040.0,223.903
601888.SH,2022-12-23,0.0,222.6,222.8,222.6,83.0,1848260.0,223.902
601888.SH,2022-12-23,0.0,222.2,222.6,222.2,159.0,3536270.0,223.899
601888.SH,2022-12-23,0.0,222.37,222.5,222.2,169.0,3756540.0,223.895
601888.SH,2022-12-23,0.0,222.4,222.5,222.22,67.0,1489760.0,223.893
601888.SH,2022-12-23,0.0,222.28,222.49,222.27,105.0,2334600.0,223.891
601888.SH,2022-12-23,0.0,222.26,222.44,222.18,75.0,1667240.0,223.889
601888.SH,2022-12-23,0.0,222.21,222.44,222.21,57.0,1266960.0,223.888
601888.SH,2022-12-23,0.0,222.21,222.25,222.2,50.0,1111110.0,223.887
601888.SH,2022-12-23,0.0,222.66,222.66,222.18,137.0,3045550.0,223.883
601888.SH,2022-12-23,0.0,222.69,222.77,222.3,154.0,3427320.0,223.88
601888.SH,2022-12-23,0.0,222.94,222.99,222.4,101.0,2249320.0,223.879
601888.SH,2022-12-23,0.0,223.0,223.04,222.45,130.0,2897390.0,223.877
601888.SH,2022-12-23,0.0,222.99,223.05,222.73,80.0,1783220.0,223.876
601888.SH,2022-12-23,0.0,223.0,223.2,222.8,92.0,2052150.0,223.875
601888.SH,2022-12-23,0.0,222.92,223.0,222.81,68.0,1515720.0,223.874
601888.SH,2022-12-23,0.0,222.75,222.92,222.53,83.0,1848680.0,223.872
601888.SH,2022-12-23,0.0,222.6,222.92,222.51,71.0,1581370.0,223.871
601888.SH,2022-12-23,0.0,222.6,223.0,222.54,94.0,2093300.0,223.87
601888.SH,2022-12-23,0.0,222.61,222.95,222.6,60.0,1336100.0,223.869
601888.SH,2022-12-23,0.0,222.46,222.61,222.46,65.0,1446550.0,223.868
601888.SH,2022-12-23,0.0,222.41,222.5,222.33,66.0,1467910.0,223.866
601888.SH,2022-12-23,0.0,222.5,222.63,222.39,60.0,1335030.0,223.865
601888.SH,2022-12-23,0.0,222.9,222.9,222.37,77.0,1714460.0,223.864
601888.SH,2022-12-23,0.0,222.68,223.0,222.61,120.0,2674250.0,223.862
601888.SH,2022-12-23,0.0,222.98,223.0,222.68,71.0,1582640.0,223.861
601888.SH,2022-12-23,0.0,223.2,223.2,222.9,148.0,3301440.0,223.859
601888.SH,2022-12-23,0.0,223.0,223.2,222.71,63.0,1404470.0,223.859
601888.SH,2022-12-23,0.0,223.0,223.1,222.7,87.0,1939570.0,223.858
601888.SH,2022-12-23,0.0,223.0,223.16,222.74,215.0,4795560.0,223.855
601888.SH,2022-12-23,0.0,222.96,223.13,222.72,272.0,6064360.0,223.852
601888.SH,2022-12-23,0.0,222.99,223.0,222.7,106.0,2361780.0,223.85
601888.SH,2022-12-23,0.0,222.77,223.0,222.7,162.0,3609790.0,223.848
601888.SH,2022-12-23,0.0,222.55,222.71,222.4,239.0,5320260.0,223.844
601888.SH,2022-12-23,0.0,222.38,222.58,222.38,170.0,3780970.0,223.84
601888.SH,2022-12-23,0.0,222.41,222.67,222.28,227.0,5048590.0,223.836
601888.SH,2022-12-23,0.0,222.94,222.95,222.3,324.0,7210310.0,223.83
601888.SH,2022-12-23,0.0,222.22,222.78,222.18,152.0,3379400.0,223.827
601888.SH,2022-12-23,0.0,222.09,222.27,222.09,150.0,3332410.0,223.824
601888.SH,2022-12-23,0.0,222.11,222.12,222.01,339.0,7528770.0,223.816
601888.SH,2022-12-23,0.0,222.2,222.33,222.1,76.0,1689120.0,223.814
601888.SH,2022-12-23,0.0,222.2,222.33,222.04,134.0,2977610.0,223.811
601888.SH,2022-12-23,0.0,222.29,222.48,222.05,183.0,4066180.0,223.807
601888.SH,2022-12-23,0.0,222.1,222.48,222.04,165.0,3666080.0,223.804
601888.SH,2022-12-23,0.0,222.11,222.48,222.1,156.0,3465860.0,223.801
601888.SH,2022-12-23,0.0,222.27,222.32,222.1,102.0,2266160.0,223.798
601888.SH,2022-12-23,0.0,222.38,222.38,222.3,98.0,2179040.0,223.796
601888.SH,2022-12-23,0.0,222.53,222.75,222.41,208.0,4630250.0,223.793
601888.SH,2022-12-23,0.0,222.59,222.8,222.53,53.0,1179580.0,223.792
601888.SH,2022-12-23,0.0,222.57,222.77,222.56,39.0,868431.0,223.792
601888.SH,2022-12-23,0.0,222.5,222.57,222.46,60.0,1335040.0,223.791
601888.SH,2022-12-23,0.0,222.39,222.49,222.31,47.0,1045300.0,223.79
601888.SH,2022-12-23,0.0,222.57,222.58,222.31,80.0,1779300.0,223.788
601888.SH,2022-12-23,0.0,222.61,222.65,222.58,97.0,2159320.0,223.787
601888.SH,2022-12-23,0.0,222.6,222.65,222.6,120.0,2671430.0,223.785
601888.SH,2022-12-23,0.0,222.16,222.64,222.16,194.0,4315780.0,223.782
601888.SH,2022-12-23,0.0,222.21,222.21,222.1,76.0,1688440.0,223.78
601888.SH,2022-12-23,0.0,222.17,222.2,222.15,75.0,1666330.0,223.778
601888.SH,2022-12-23,0.0,222.11,222.25,222.1,252.0,5598400.0,223.773
601888.SH,2022-12-23,0.0,222.03,222.16,222.0,161.0,3575120.0,223.769
601888.SH,2022-12-23,0.0,222.24,222.5,222.02,225.0,4998000.0,223.765
601888.SH,2022-12-23,0.0,222.12,222.27,222.12,71.0,1587580.0,223.763
601888.SH,2022-12-23,0.0,221.78,222.09,221.78,402.0,8926290.0,223.754
601888.SH,2022-12-23,0.0,222.0,222.0,221.68,113.0,2505830.0,223.751
601888.SH,2022-12-23,0.0,222.02,222.09,221.78,197.0,4372990.0,223.746
601888.SH,2022-12-23,0.0,222.1,222.12,222.03,123.0,2731540.0,223.744
601888.SH,2022-12-23,0.0,222.49,222.5,222.1,193.0,4289860.0,223.74
601888.SH,2022-12-23,0.0,222.39,222.51,222.27,283.0,6295080.0,223.735
601888.SH,2022-12-23,0.0,222.45,222.45,222.27,122.0,2712800.0,223.733
601888.SH,2022-12-23,0.0,222.64,222.64,222.5,266.0,5920210.0,223.729
601888.SH,2022-12-23,0.0,222.73,222.73,222.64,106.0,2360520.0,223.728
601888.SH,2022-12-23,0.0,222.88,222.97,222.72,186.0,4144760.0,223.726
601888.SH,2022-12-23,0.0,222.34,222.88,222.34,208.0,4629640.0,223.723
601888.SH,2022-12-23,0.0,222.23,222.27,222.2,126.0,2799890.0,223.72
601888.SH,2022-12-23,0.0,222.2,222.27,222.2,243.0,5399820.0,223.716
601888.SH,2022-12-23,0.0,222.5,222.66,222.2,454.0,10082600.0,223.708
601888.SH,2022-12-23,0.0,222.42,222.42,222.33,80.0,1779130.0,223.706
601888.SH,2022-12-23,0.0,222.62,222.62,222.44,142.0,3159850.0,223.704
601888.SH,2022-12-23,0.0,222.62,222.62,222.5,227.0,5045890.0,223.701
601888.SH,2022-12-23,0.0,222.66,222.72,222.6,192.0,4275290.0,223.698
601888.SH,2022-12-23,0.0,222.6,222.66,222.4,196.0,4362280.0,223.696
601888.SH,2022-12-23,0.0,222.77,222.77,222.5,334.0,7438560.0,223.691
601888.SH,2022-12-23,0.0,222.8,222.83,222.7,231.0,5146160.0,223.689
601888.SH,2022-12-23,0.0,222.8,222.84,222.75,236.0,5258570.0,223.686
601888.SH,2022-12-23,0.0,222.81,222.83,222.79,181.0,4021710.0,223.684
601888.SH,2022-12-23,0.0,223.0,223.0,222.82,666.0,14846200.0,223.678
601888.SH,2022-12-23,0.0,223.28,223.32,223.11,314.0,7010390.0,223.677
601888.SH,2022-12-23,0.0,223.28,223.28,223.28,3.0,66984.0,223.677
601888.SH,2022-12-23,0.0,223.28,223.28,223.28,0.0,0.0,223.677
601888.SH,2022-12-23,0.0,223.33,223.33,223.33,659.0,14717400.0,223.674
601888.SH,2022-12-26,0.0,225.48,225.48,225.48,754.0,17001200.0,225.48
601888.SH,2022-12-26,0.0,226.12,226.58,225.56,2649.0,59863700.0,225.886
601888.SH,2022-12-26,0.0,224.83,226.12,224.83,2370.0,53444200.0,225.722
601888.SH,2022-12-26,0.0,224.8,224.8,223.6,890.0,19946100.0,225.522
601888.SH,2022-12-26,0.0,225.04,225.2,224.8,1041.0,23419900.0,225.448
601888.SH,2022-12-26,0.0,226.16,226.16,225.2,1599.0,36115000.0,225.519
601888.SH,2022-12-26,0.0,227.67,227.67,226.24,2863.0,64985200.0,225.869
601888.SH,2022-12-26,0.0,227.4,227.78,227.02,2521.0,57361600.0,226.155
601888.SH,2022-12-26,0.0,227.39,227.6,227.1,1590.0,36158300.0,226.277
601888.SH,2022-12-26,0.0,226.51,227.47,226.51,826.0,18764300.0,226.321
601888.SH,2022-12-26,0.0,227.06,227.06,226.51,700.0,15881100.0,226.342
601888.SH,2022-12-26,0.0,226.59,227.08,226.51,769.0,17440800.0,226.361
601888.SH,2022-12-26,0.0,227.0,227.32,226.61,705.0,16007900.0,226.387
601888.SH,2022-12-26,0.0,227.3,227.3,226.87,739.0,16771700.0,226.411
601888.SH,2022-12-26,0.0,226.62,227.3,226.62,571.0,12976300.0,226.431
601888.SH,2022-12-26,0.0,227.0,227.05,226.4,711.0,16122100.0,226.441
601888.SH,2022-12-26,0.0,226.71,227.07,226.38,836.0,18956000.0,226.454
601888.SH,2022-12-26,0.0,226.8,227.1,226.62,756.0,17152800.0,226.469
601888.SH,2022-12-26,0.0,226.41,227.0,226.41,526.0,11929300.0,226.476
601888.SH,2022-12-26,0.0,226.2,226.53,226.2,808.0,18291500.0,226.473
601888.SH,2022-12-26,0.0,225.74,226.34,225.74,627.0,14173800.0,226.462
601888.SH,2022-12-26,0.0,225.35,225.52,225.1,376.0,8469940.0,226.444
601888.SH,2022-12-26,0.0,226.16,226.23,225.09,520.0,11728600.0,226.426
601888.SH,2022-12-26,0.0,227.0,227.06,226.29,616.0,13974100.0,226.436
601888.SH,2022-12-26,0.0,226.52,227.0,226.5,683.0,15498700.0,226.448
601888.SH,2022-12-26,0.0,226.99,227.0,226.54,812.0,18425500.0,226.462
601888.SH,2022-12-26,0.0,227.21,227.28,227.0,756.0,17170700.0,226.479
601888.SH,2022-12-26,0.0,227.47,227.47,227.15,771.0,17524700.0,226.501
601888.SH,2022-12-26,0.0,227.4,227.45,227.39,1059.0,24092500.0,226.532
601888.SH,2022-12-26,0.0,227.35,227.4,227.23,598.0,13584500.0,226.548
601888.SH,2022-12-26,0.0,227.5,227.5,227.15,1583.0,35987100.0,226.586
601888.SH,2022-12-26,0.0,227.41,227.5,227.3,851.0,19357900.0,226.609
601888.SH,2022-12-26,0.0,227.3,227.38,227.01,440.0,10005600.0,226.617
601888.SH,2022-12-26,0.0,227.31,227.4,227.29,647.0,14709400.0,226.63
601888.SH,2022-12-26,0.0,227.55,227.62,227.4,1542.0,35074500.0,226.666
601888.SH,2022-12-26,0.0,227.49,227.59,227.42,763.0,17360700.0,226.684
601888.SH,2022-12-26,0.0,227.52,227.55,227.41,556.0,12647600.0,226.695
601888.SH,2022-12-26,0.0,227.71,227.71,227.46,1061.0,24155300.0,226.721
601888.SH,2022-12-26,0.0,228.1,228.18,227.75,2939.0,66996200.0,226.808
601888.SH,2022-12-26,0.0,228.6,228.6,228.19,1203.0,27477400.0,226.853
601888.SH,2022-12-26,0.0,228.93,228.97,228.62,1146.0,26222500.0,226.905
601888.SH,2022-12-26,0.0,228.6,229.0,228.6,1806.0,41344200.0,226.985
601888.SH,2022-12-26,0.0,229.1,229.18,228.6,1153.0,26399800.0,227.033
601888.SH,2022-12-26,0.0,229.1,229.4,229.1,1392.0,31912500.0,227.097
601888.SH,2022-12-26,0.0,228.9,229.1,228.85,871.0,19947200.0,227.131
601888.SH,2022-12-26,0.0,228.95,229.29,228.92,563.0,12897000.0,227.153
601888.SH,2022-12-26,0.0,229.2,229.2,228.8,678.0,15518800.0,227.178
601888.SH,2022-12-26,0.0,229.09,229.37,228.96,734.0,16821000.0,227.206
601888.SH,2022-12-26,0.0,229.3,229.3,229.0,556.0,12743300.0,227.228
601888.SH,2022-12-26,0.0,229.41,229.5,229.27,1023.0,23461400.0,227.269
601888.SH,2022-12-26,0.0,229.02,229.55,229.02,671.0,15389300.0,227.295
601888.SH,2022-12-26,0.0,228.79,229.21,228.65,758.0,17349200.0,227.317
601888.SH,2022-12-26,0.0,228.51,228.96,228.51,564.0,12902600.0,227.332
601888.SH,2022-12-26,0.0,228.17,228.5,228.14,650.0,14841700.0,227.344
601888.SH,2022-12-26,0.0,228.5,228.5,228.08,591.0,13488200.0,227.354
601888.SH,2022-12-26,0.0,228.56,228.56,228.25,351.0,8014010.0,227.36
601888.SH,2022-12-26,0.0,228.55,228.56,228.28,397.0,9065820.0,227.367
601888.SH,2022-12-26,0.0,228.46,228.71,228.44,344.0,7862450.0,227.374
601888.SH,2022-12-26,0.0,228.38,228.46,228.27,269.0,6143610.0,227.379
601888.SH,2022-12-26,0.0,228.6,228.78,228.25,599.0,13685400.0,227.39
601888.SH,2022-12-26,0.0,228.86,228.91,228.5,267.0,6109090.0,227.397
601888.SH,2022-12-26,0.0,228.71,229.0,228.6,334.0,7634540.0,227.405
601888.SH,2022-12-26,0.0,228.25,228.8,228.25,317.0,7250490.0,227.412
601888.SH,2022-12-26,0.0,227.79,228.28,227.79,654.0,14916000.0,227.418
601888.SH,2022-12-26,0.0,228.8,228.8,227.75,448.0,10231800.0,227.426
601888.SH,2022-12-26,0.0,228.04,228.66,228.01,351.0,8012310.0,227.431
601888.SH,2022-12-26,0.0,227.66,228.09,227.66,522.0,11897200.0,227.435
601888.SH,2022-12-26,0.0,227.61,227.63,227.24,600.0,13649100.0,227.435
601888.SH,2022-12-26,0.0,227.64,228.13,227.61,504.0,11483300.0,227.439
601888.SH,2022-12-26,0.0,227.59,228.2,227.59,363.0,8269100.0,227.441
601888.SH,2022-12-26,0.0,227.37,227.59,227.36,263.0,5982900.0,227.441
601888.SH,2022-12-26,0.0,226.97,227.37,226.97,492.0,11173300.0,227.438
601888.SH,2022-12-26,0.0,226.6,227.04,226.6,247.0,5603840.0,227.436
601888.SH,2022-12-26,0.0,226.34,226.65,226.33,357.0,8084340.0,227.43
601888.SH,2022-12-26,0.0,226.19,226.34,226.19,474.0,10725700.0,227.422
601888.SH,2022-12-26,0.0,226.51,226.58,226.07,411.0,9301550.0,227.415
601888.SH,2022-12-26,0.0,226.19,226.57,226.19,320.0,7242840.0,227.41
601888.SH,2022-12-26,0.0,225.85,226.15,225.85,420.0,9492940.0,227.401
601888.SH,2022-12-26,0.0,225.67,225.95,225.67,281.0,6344160.0,227.394
601888.SH,2022-12-26,0.0,225.33,225.67,225.32,677.0,15270400.0,227.375
601888.SH,2022-12-26,0.0,225.9,225.9,225.25,793.0,17886100.0,227.353
601888.SH,2022-12-26,0.0,225.26,225.9,225.25,769.0,17339200.0,227.332
601888.SH,2022-12-26,0.0,225.0,225.26,225.0,957.0,21551200.0,227.302
601888.SH,2022-12-26,0.0,224.56,225.0,224.56,882.0,19839100.0,227.272
601888.SH,2022-12-26,0.0,224.96,224.96,224.56,499.0,11213600.0,227.254
601888.SH,2022-12-26,0.0,224.99,225.2,224.9,467.0,10510600.0,227.239
601888.SH,2022-12-26,0.0,224.91,225.0,224.88,379.0,8532200.0,227.227
601888.SH,2022-12-26,0.0,224.6,224.91,224.55,740.0,16625400.0,227.201
601888.SH,2022-12-26,0.0,224.55,224.6,224.55,469.0,10532900.0,227.184
601888.SH,2022-12-26,0.0,224.5,224.58,224.5,491.0,11023600.0,227.166
601888.SH,2022-12-26,0.0,224.35,224.51,224.35,439.0,9853900.0,227.15
601888.SH,2022-12-26,0.0,224.45,224.45,224.4,695.0,15602700.0,227.124
601888.SH,2022-12-26,0.0,224.01,224.44,224.0,612.0,13718700.0,227.1
601888.SH,2022-12-26,0.0,223.97,224.1,223.97,1061.0,23767400.0,227.056
601888.SH,2022-12-26,0.0,223.69,223.9,223.69,431.0,9646710.0,227.038
601888.SH,2022-12-26,0.0,223.53,223.7,223.53,381.0,8520650.0,227.021
601888.SH,2022-12-26,0.0,223.49,223.51,223.41,888.0,19846900.0,226.98
601888.SH,2022-12-26,0.0,222.79,223.43,222.79,703.0,15688900.0,226.946
601888.SH,2022-12-26,0.0,222.0,222.7,221.99,1186.0,26351400.0,226.874
601888.SH,2022-12-26,0.0,221.91,222.0,221.65,959.0,21273700.0,226.814
601888.SH,2022-12-26,0.0,221.7,221.98,221.7,755.0,16745900.0,226.767
601888.SH,2022-12-26,0.0,221.55,221.7,221.5,960.0,21269200.0,226.705
601888.SH,2022-12-26,0.0,221.51,221.53,221.5,622.0,13778400.0,226.666
601888.SH,2022-12-26,0.0,221.16,221.51,221.11,432.0,9565640.0,226.639
601888.SH,2022-12-26,0.0,221.1,221.11,221.0,1113.0,24600500.0,226.564
601888.SH,2022-12-26,0.0,221.07,221.14,221.05,723.0,15983200.0,226.517
601888.SH,2022-12-26,0.0,221.02,221.09,221.02,760.0,16799500.0,226.468
601888.SH,2022-12-26,0.0,221.08,221.08,221.01,582.0,12864300.0,226.431
601888.SH,2022-12-26,0.0,221.3,221.3,221.05,545.0,12052200.0,226.398
601888.SH,2022-12-26,0.0,221.29,221.69,221.29,1057.0,23414900.0,226.339
601888.SH,2022-12-26,0.0,221.15,221.25,221.07,723.0,15989000.0,226.296
601888.SH,2022-12-26,0.0,221.12,221.19,221.12,502.0,11102100.0,226.267
601888.SH,2022-12-26,0.0,221.17,221.27,221.07,964.0,21313400.0,226.212
601888.SH,2022-12-26,0.0,221.15,221.26,221.15,384.0,8492760.0,226.19
601888.SH,2022-12-26,0.0,221.01,221.14,221.0,824.0,18213900.0,226.143
601888.SH,2022-12-26,0.0,220.77,221.0,220.61,909.0,20076700.0,226.091
601888.SH,2022-12-26,0.0,220.99,220.99,220.62,576.0,12717500.0,226.058
601888.SH,2022-12-26,0.0,221.83,221.84,220.99,327.0,7242000.0,226.042
601888.SH,2022-12-26,0.0,222.21,222.55,222.0,491.0,10918100.0,226.022
601888.SH,2022-12-26,0.0,222.64,222.64,222.2,374.0,8324560.0,226.009
601888.SH,2022-12-26,0.0,222.15,222.59,221.86,360.0,8002710.0,225.994
601888.SH,2022-12-26,0.0,222.3,222.5,222.14,571.0,12692200.0,225.972
601888.SH,2022-12-26,0.0,221.3,222.3,221.02,592.0,13115800.0,225.944
601888.SH,2022-12-26,0.0,221.0,221.12,221.0,475.0,10499500.0,225.92
601888.SH,2022-12-26,0.0,221.3,221.3,221.0,463.0,10235600.0,225.897
601888.SH,2022-12-26,0.0,220.85,221.11,220.85,502.0,11094000.0,225.871
601888.SH,2022-12-26,0.0,220.74,220.91,220.62,467.0,10309000.0,225.846
601888.SH,2022-12-26,0.0,220.38,220.74,220.38,1353.0,29844800.0,225.774
601888.SH,2022-12-26,0.0,220.55,220.92,220.37,577.0,12723000.0,225.743
601888.SH,2022-12-26,0.0,220.45,220.52,220.43,688.0,15168900.0,225.707
601888.SH,2022-12-26,0.0,220.65,220.92,220.45,339.0,7477980.0,225.689
601888.SH,2022-12-26,0.0,220.6,220.92,220.6,466.0,10282800.0,225.666
601888.SH,2022-12-26,0.0,220.51,220.61,220.51,241.0,5315370.0,225.654
601888.SH,2022-12-26,0.0,220.54,220.54,220.45,346.0,7628970.0,225.636
601888.SH,2022-12-26,0.0,220.51,220.51,220.5,320.0,7056170.0,225.62
601888.SH,2022-12-26,0.0,220.65,221.08,220.51,422.0,9319940.0,225.6
601888.SH,2022-12-26,0.0,221.0,221.0,220.65,416.0,9181750.0,225.58
601888.SH,2022-12-26,0.0,220.77,221.06,220.68,290.0,6391670.0,225.567
601888.SH,2022-12-26,0.0,220.65,220.75,220.65,348.0,7668490.0,225.55
601888.SH,2022-12-26,0.0,220.5,220.67,220.47,430.0,9482290.0,225.529
601888.SH,2022-12-26,0.0,220.2,220.45,220.2,584.0,12868600.0,225.5
601888.SH,2022-12-26,0.0,220.02,220.16,220.0,691.0,15194500.0,225.464
601888.SH,2022-12-26,0.0,220.0,220.02,220.0,891.0,19605400.0,225.418
601888.SH,2022-12-26,0.0,219.87,220.01,219.87,822.0,18092400.0,225.376
601888.SH,2022-12-26,0.0,220.01,220.06,219.8,539.0,11843900.0,225.348
601888.SH,2022-12-26,0.0,219.91,220.06,219.91,314.0,6906350.0,225.332
601888.SH,2022-12-26,0.0,219.8,219.92,219.8,594.0,13053200.0,225.302
601888.SH,2022-12-26,0.0,219.66,219.8,219.63,618.0,13571900.0,225.27
601888.SH,2022-12-26,0.0,219.26,219.65,219.22,470.0,10315200.0,225.245
601888.SH,2022-12-26,0.0,219.07,219.27,219.03,672.0,14727600.0,225.208
601888.SH,2022-12-26,0.0,219.07,219.11,219.0,660.0,14456900.0,225.171
601888.SH,2022-12-26,0.0,219.05,219.11,218.98,1493.0,32714100.0,225.089
601888.SH,2022-12-26,0.0,218.96,219.23,218.88,700.0,15320200.0,225.051
601888.SH,2022-12-26,0.0,218.75,218.91,218.75,728.0,15931300.0,225.011
601888.SH,2022-12-26,0.0,218.59,218.76,218.58,897.0,19614400.0,224.961
601888.SH,2022-12-26,0.0,218.0,218.57,218.0,1217.0,26560100.0,224.89
601888.SH,2022-12-26,0.0,217.35,218.02,217.05,1802.0,39202400.0,224.776
601888.SH,2022-12-26,0.0,217.9,217.9,217.2,1240.0,26969300.0,224.699
601888.SH,2022-12-26,0.0,218.14,218.47,217.8,1145.0,24982800.0,224.636
601888.SH,2022-12-26,0.0,217.45,218.16,217.45,1040.0,22660200.0,224.578
601888.SH,2022-12-26,0.0,217.36,217.5,217.32,1089.0,23669100.0,224.513
601888.SH,2022-12-26,0.0,217.66,218.01,217.36,825.0,17955700.0,224.467
601888.SH,2022-12-26,0.0,218.03,218.03,217.53,507.0,11035100.0,224.439
601888.SH,2022-12-26,0.0,218.04,218.1,217.75,397.0,8655010.0,224.418
601888.SH,2022-12-26,0.0,218.21,218.37,218.01,315.0,6872400.0,224.402
601888.SH,2022-12-26,0.0,219.0,219.0,218.4,416.0,9095490.0,224.383
601888.SH,2022-12-26,0.0,219.12,219.12,218.81,581.0,12724100.0,224.357
601888.SH,2022-12-26,0.0,218.94,219.3,218.88,427.0,9355410.0,224.339
601888.SH,2022-12-26,0.0,219.5,219.5,218.85,311.0,6815500.0,224.327
601888.SH,2022-12-26,0.0,219.9,220.16,219.64,710.0,15613800.0,224.302
601888.SH,2022-12-26,0.0,219.5,219.98,219.5,254.0,5581750.0,224.292
601888.SH,2022-12-26,0.0,219.7,219.8,219.0,517.0,11343300.0,224.273
601888.SH,2022-12-26,0.0,218.85,219.5,218.85,477.0,10450600.0,224.253
601888.SH,2022-12-26,0.0,219.0,219.17,218.56,274.0,5985840.0,224.241
601888.SH,2022-12-26,0.0,219.05,219.23,218.56,311.0,6809640.0,224.228
601888.SH,2022-12-26,0.0,218.95,219.23,218.88,377.0,8255830.0,224.213
601888.SH,2022-12-26,0.0,219.5,219.58,218.95,453.0,9941210.0,224.196
601888.SH,2022-12-26,0.0,219.53,219.8,219.47,297.0,6520490.0,224.185
601888.SH,2022-12-26,0.0,219.63,219.8,219.6,323.0,7097260.0,224.174
601888.SH,2022-12-26,0.0,219.53,219.98,219.53,273.0,5996620.0,224.165
601888.SH,2022-12-26,0.0,219.32,219.69,219.32,260.0,5707040.0,224.155
601888.SH,2022-12-26,0.0,219.66,219.66,219.26,270.0,5921680.0,224.145
601888.SH,2022-12-26,0.0,220.0,220.13,219.67,242.0,5322900.0,224.138
601888.SH,2022-12-26,0.0,220.1,220.2,219.89,335.0,7370110.0,224.127
601888.SH,2022-12-26,0.0,220.55,220.6,220.0,504.0,11107700.0,224.113
601888.SH,2022-12-26,0.0,220.72,220.85,220.49,156.0,3442200.0,224.108
601888.SH,2022-12-26,0.0,220.9,220.9,220.72,239.0,5277390.0,224.102
601888.SH,2022-12-26,0.0,220.95,221.0,220.9,419.0,9258240.0,224.092
601888.SH,2022-12-26,0.0,221.13,221.2,220.99,138.0,3050840.0,224.089
601888.SH,2022-12-26,0.0,221.8,221.96,221.21,537.0,11906000.0,224.08
601888.SH,2022-12-26,0.0,221.8,222.0,221.72,540.0,11983100.0,224.071
601888.SH,2022-12-26,0.0,221.22,221.87,221.22,231.0,5118740.0,224.067
601888.SH,2022-12-26,0.0,221.49,221.5,221.18,213.0,4714240.0,224.062
601888.SH,2022-12-26,0.0,221.5,221.72,221.24,207.0,4586950.0,224.058
601888.SH,2022-12-26,0.0,221.3,221.5,221.19,432.0,9559810.0,224.049
601888.SH,2022-12-26,0.0,220.95,221.5,220.95,354.0,7829090.0,224.042
601888.SH,2022-12-26,0.0,220.83,220.96,220.83,277.0,6119760.0,224.035
601888.SH,2022-12-26,0.0,220.55,220.86,220.55,163.0,3597350.0,224.031
601888.SH,2022-12-26,0.0,220.27,220.6,220.19,268.0,5903730.0,224.024
601888.SH,2022-12-26,0.0,219.98,220.4,219.98,218.0,4798640.0,224.018
601888.SH,2022-12-26,0.0,219.45,219.96,219.45,195.0,4283390.0,224.011
601888.SH,2022-12-26,0.0,219.31,219.5,218.98,681.0,14929200.0,223.988
601888.SH,2022-12-26,0.0,219.07,219.27,219.0,288.0,6310030.0,223.977
601888.SH,2022-12-26,0.0,219.16,219.25,219.07,242.0,5303550.0,223.969
601888.SH,2022-12-26,0.0,219.0,219.2,219.0,458.0,10033900.0,223.952
601888.SH,2022-12-26,0.0,218.75,219.0,218.75,278.0,6085310.0,223.942
601888.SH,2022-12-26,0.0,218.88,218.88,218.74,434.0,9495590.0,223.926
601888.SH,2022-12-26,0.0,219.22,219.22,218.88,389.0,8517230.0,223.912
601888.SH,2022-12-26,0.0,219.19,219.27,219.12,341.0,7474450.0,223.9
601888.SH,2022-12-26,0.0,219.09,219.23,219.0,327.0,7164430.0,223.889
601888.SH,2022-12-26,0.0,218.85,219.0,218.85,228.0,4992150.0,223.881
601888.SH,2022-12-26,0.0,218.8,218.86,218.74,335.0,7321530.0,223.869
601888.SH,2022-12-26,0.0,218.91,219.0,218.8,399.0,8731900.0,223.854
601888.SH,2022-12-26,0.0,218.95,219.0,218.91,191.0,4182090.0,223.848
601888.SH,2022-12-26,0.0,218.9,219.0,218.9,281.0,6152690.0,223.838
601888.SH,2022-12-26,0.0,218.58,218.85,218.58,553.0,12102700.0,223.818
601888.SH,2022-12-26,0.0,218.39,218.69,218.39,374.0,8172740.0,223.804
601888.SH,2022-12-26,0.0,218.3,218.4,218.3,657.0,14343200.0,223.779
601888.SH,2022-12-26,0.0,218.28,218.3,218.19,522.0,11393800.0,223.758
601888.SH,2022-12-26,0.0,218.1,218.24,218.1,468.0,10210600.0,223.74
601888.SH,2022-12-26,0.0,218.07,218.1,218.0,929.0,20255300.0,223.703
601888.SH,2022-12-26,0.0,218.44,218.46,218.1,575.0,12553600.0,223.682
601888.SH,2022-12-26,0.0,218.38,218.8,218.38,601.0,13134800.0,223.661
601888.SH,2022-12-26,0.0,218.1,218.31,218.05,304.0,6633280.0,223.649
601888.SH,2022-12-26,0.0,218.01,218.1,218.0,796.0,17354500.0,223.619
601888.SH,2022-12-26,0.0,218.05,218.13,218.01,347.0,7566450.0,223.605
601888.SH,2022-12-26,0.0,217.86,218.11,217.86,610.0,13298100.0,223.582
601888.SH,2022-12-26,0.0,217.71,217.87,217.71,434.0,9452350.0,223.565
601888.SH,2022-12-26,0.0,217.61,217.7,217.6,536.0,11665300.0,223.544
601888.SH,2022-12-26,0.0,217.61,217.76,217.6,1017.0,22133000.0,223.503
601888.SH,2022-12-26,0.0,217.73,217.83,217.6,493.0,10742600.0,223.484
601888.SH,2022-12-26,0.0,217.76,217.84,217.72,544.0,11846300.0,223.464
601888.SH,2022-12-26,0.0,217.86,217.9,217.77,490.0,10684300.0,223.445
601888.SH,2022-12-26,0.0,217.85,217.88,217.78,571.0,12442200.0,223.424
601888.SH,2022-12-26,0.0,217.79,217.88,217.79,485.0,10564400.0,223.406
601888.SH,2022-12-26,0.0,217.89,217.9,217.77,692.0,15072300.0,223.381
601888.SH,2022-12-26,0.0,218.0,218.19,217.8,1031.0,22464000.0,223.344
601888.SH,2022-12-26,0.0,218.11,218.13,217.88,528.0,11510800.0,223.326
601888.SH,2022-12-26,0.0,218.19,218.19,218.19,320.0,6981950.0,223.315
601888.SH,2022-12-26,0.0,218.19,218.19,218.19,0.0,0.0,223.315
601888.SH,2022-12-26,0.0,218.15,218.15,218.15,764.0,16666700.0,223.289
601888.SH,2022-12-27,0.0,220.5,220.5,220.5,2276.0,50185800.0,220.5
601888.SH,2022-12-27,0.0,219.5,220.16,219.08,5049.0,111020000.0,220.076
601888.SH,2022-12-27,0.0,218.23,219.39,218.19,2054.0,44907800.0,219.76
601888.SH,2022-12-27,0.0,216.08,218.23,216.0,1671.0,36322400.0,219.399
601888.SH,2022-12-27,0.0,215.2,216.06,215.0,2605.0,56122000.0,218.643
601888.SH,2022-12-27,0.0,215.97,215.97,214.96,1973.0,42495500.0,218.232
601888.SH,2022-12-27,0.0,217.01,217.01,215.97,1813.0,39233300.0,218.042
601888.SH,2022-12-27,0.0,216.44,217.22,216.44,1244.0,26985200.0,217.967
601888.SH,2022-12-27,0.0,215.83,216.37,215.3,1828.0,39423000.0,217.76
601888.SH,2022-12-27,0.0,216.74,216.74,215.69,1499.0,32362700.0,217.635
601888.SH,2022-12-27,0.0,217.02,217.47,217.0,813.0,17657100.0,217.619
601888.SH,2022-12-27,0.0,218.13,218.15,217.04,1322.0,28801300.0,217.632
601888.SH,2022-12-27,0.0,219.06,219.1,218.22,1467.0,32117700.0,217.707
601888.SH,2022-12-27,0.0,218.3,219.28,218.3,959.0,20997100.0,217.751
601888.SH,2022-12-27,0.0,218.8,219.01,218.11,868.0,18983300.0,217.781
601888.SH,2022-12-27,0.0,218.86,218.88,218.6,686.0,15008400.0,217.806
601888.SH,2022-12-27,0.0,218.38,219.0,218.32,982.0,21480000.0,217.837
601888.SH,2022-12-27,0.0,217.8,218.32,217.8,920.0,20069800.0,217.847
601888.SH,2022-12-27,0.0,217.4,217.82,217.4,700.0,15230300.0,217.841
601888.SH,2022-12-27,0.0,218.0,218.14,217.11,1222.0,26577200.0,217.827
601888.SH,2022-12-27,0.0,217.66,218.01,217.63,571.0,12443500.0,217.829
601888.SH,2022-12-27,0.0,218.27,218.51,217.91,1128.0,24610100.0,217.84
601888.SH,2022-12-27,0.0,218.7,218.71,218.27,659.0,14403600.0,217.854
601888.SH,2022-12-27,0.0,218.42,218.7,218.42,590.0,12898700.0,217.867
601888.SH,2022-12-27,0.0,218.25,218.42,218.23,305.0,6658310.0,217.871
601888.SH,2022-12-27,0.0,217.88,218.2,217.8,477.0,10399400.0,217.873
601888.SH,2022-12-27,0.0,218.2,218.21,217.89,693.0,15110300.0,217.876
601888.SH,2022-12-27,0.0,218.19,218.36,218.16,468.0,10214800.0,217.881
601888.SH,2022-12-27,0.0,218.16,218.29,218.05,477.0,10415500.0,217.886
601888.SH,2022-12-27,0.0,218.26,218.3,218.1,554.0,12088400.0,217.89
601888.SH,2022-12-27,0.0,218.15,218.27,218.14,260.0,5671150.0,217.892
601888.SH,2022-12-27,0.0,218.81,218.81,218.15,545.0,11907100.0,217.901
601888.SH,2022-12-27,0.0,218.53,218.99,218.53,494.0,10812200.0,217.913
601888.SH,2022-12-27,0.0,219.0,219.0,218.41,442.0,9668540.0,217.922
601888.SH,2022-12-27,0.0,219.3,219.4,218.98,623.0,13653700.0,217.941
601888.SH,2022-12-27,0.0,219.63,219.63,219.3,946.0,20764200.0,217.977
601888.SH,2022-12-27,0.0,219.17,219.73,218.96,851.0,18669800.0,218.006
601888.SH,2022-12-27,0.0,218.68,219.18,218.61,421.0,9213450.0,218.014
601888.SH,2022-12-27,0.0,218.63,218.68,218.4,275.0,6010650.0,218.018
601888.SH,2022-12-27,0.0,218.68,218.76,218.5,244.0,5334990.0,218.021
601888.SH,2022-12-27,0.0,218.24,218.77,218.07,447.0,9758580.0,218.024
601888.SH,2022-12-27,0.0,217.55,218.06,217.55,594.0,12947900.0,218.023
601888.SH,2022-12-27,0.0,217.31,217.55,217.26,193.0,4196060.0,218.021
601888.SH,2022-12-27,0.0,216.87,217.31,216.85,688.0,14935200.0,218.006
601888.SH,2022-12-27,0.0,216.7,216.87,216.66,452.0,9796290.0,217.994
601888.SH,2022-12-27,0.0,217.06,217.11,216.69,321.0,6963120.0,217.986
601888.SH,2022-12-27,0.0,217.28,217.45,217.06,325.0,7061980.0,217.981
601888.SH,2022-12-27,0.0,217.1,217.45,217.07,197.0,4279860.0,217.978
601888.SH,2022-12-27,0.0,217.5,217.55,217.07,227.0,4932820.0,217.975
601888.SH,2022-12-27,0.0,217.8,217.8,217.4,256.0,5568020.0,217.972
601888.SH,2022-12-27,0.0,217.57,217.8,217.5,248.0,5396090.0,217.97
601888.SH,2022-12-27,0.0,217.9,217.98,217.5,433.0,9426750.0,217.968
601888.SH,2022-12-27,0.0,218.1,218.17,217.6,388.0,8453240.0,217.967
601888.SH,2022-12-27,0.0,218.0,218.15,217.71,366.0,7978180.0,217.967
601888.SH,2022-12-27,0.0,217.77,218.0,217.77,114.0,2483700.0,217.967
601888.SH,2022-12-27,0.0,217.88,218.0,217.6,360.0,7837750.0,217.965
601888.SH,2022-12-27,0.0,218.01,218.01,217.71,351.0,7650480.0,217.965
601888.SH,2022-12-27,0.0,218.48,218.48,217.88,440.0,9601490.0,217.967
601888.SH,2022-12-27,0.0,218.74,218.76,218.48,387.0,8462620.0,217.973
601888.SH,2022-12-27,0.0,218.81,218.87,218.58,431.0,9425940.0,217.979
601888.SH,2022-12-27,0.0,218.99,219.0,218.59,449.0,9825980.0,217.987
601888.SH,2022-12-27,0.0,218.71,219.02,218.51,466.0,10197800.0,217.995
601888.SH,2022-12-27,0.0,218.13,218.71,218.13,265.0,5785600.0,217.996
601888.SH,2022-12-27,0.0,218.0,218.13,218.0,273.0,5953180.0,217.997
601888.SH,2022-12-27,0.0,217.77,218.03,217.71,293.0,6384390.0,217.996
601888.SH,2022-12-27,0.0,217.5,217.7,217.24,355.0,7719790.0,217.992
601888.SH,2022-12-27,0.0,218.0,218.0,217.51,285.0,6203310.0,217.991
601888.SH,2022-12-27,0.0,217.7,218.0,217.7,232.0,5052750.0,217.99
601888.SH,2022-12-27,0.0,217.99,218.03,217.63,244.0,5315530.0,217.989
601888.SH,2022-12-27,0.0,218.2,218.22,217.8,282.0,6148470.0,217.989
601888.SH,2022-12-27,0.0,218.48,218.56,218.15,354.0,7728660.0,217.991
601888.SH,2022-12-27,0.0,218.9,218.9,218.48,455.0,9954880.0,217.998
601888.SH,2022-12-27,0.0,218.69,218.9,218.63,226.0,4944400.0,218.001
601888.SH,2022-12-27,0.0,218.49,218.71,218.44,323.0,7061130.0,218.005
601888.SH,2022-12-27,0.0,218.89,218.89,218.41,495.0,10822500.0,218.011
601888.SH,2022-12-27,0.0,219.55,219.55,219.0,1551.0,33973600.0,218.039
601888.SH,2022-12-27,0.0,219.5,219.82,219.48,862.0,18924800.0,218.061
601888.SH,2022-12-27,0.0,219.56,219.6,219.4,597.0,13102900.0,218.076
601888.SH,2022-12-27,0.0,220.0,220.0,219.6,815.0,17920700.0,218.101
601888.SH,2022-12-27,0.0,220.03,220.03,219.99,765.0,16830500.0,218.125
601888.SH,2022-12-27,0.0,220.18,220.18,220.0,585.0,12875400.0,218.144
601888.SH,2022-12-27,0.0,220.0,220.17,219.99,356.0,7835510.0,218.156
601888.SH,2022-12-27,0.0,219.54,220.0,219.54,265.0,5825560.0,218.163
601888.SH,2022-12-27,0.0,219.53,219.54,219.5,315.0,6915090.0,218.17
601888.SH,2022-12-27,0.0,219.57,219.61,219.53,378.0,8300320.0,218.179
601888.SH,2022-12-27,0.0,219.86,219.86,219.56,319.0,7005530.0,218.186
601888.SH,2022-12-27,0.0,219.99,220.0,219.86,374.0,8226070.0,218.197
601888.SH,2022-12-27,0.0,220.13,220.18,219.99,404.0,8892910.0,218.209
601888.SH,2022-12-27,0.0,219.67,220.17,219.67,537.0,11812500.0,218.224
601888.SH,2022-12-27,0.0,219.9,219.95,219.66,307.0,6748330.0,218.232
601888.SH,2022-12-27,0.0,219.98,219.98,219.75,248.0,5451380.0,218.238
601888.SH,2022-12-27,0.0,220.0,220.07,219.75,482.0,10603800.0,218.251
601888.SH,2022-12-27,0.0,219.52,219.77,219.52,232.0,5096180.0,218.256
601888.SH,2022-12-27,0.0,218.97,219.54,218.97,336.0,7366900.0,218.261
601888.SH,2022-12-27,0.0,218.91,218.91,218.51,290.0,6341010.0,218.263
601888.SH,2022-12-27,0.0,219.34,219.35,219.0,225.0,4925020.0,218.266
601888.SH,2022-12-27,0.0,219.2,219.39,219.19,215.0,4713840.0,218.269
601888.SH,2022-12-27,0.0,219.0,219.29,218.95,192.0,4207300.0,218.272
601888.SH,2022-12-27,0.0,218.82,218.95,218.8,164.0,3589220.0,218.273
601888.SH,2022-12-27,0.0,218.82,218.88,218.8,125.0,2735320.0,218.274
601888.SH,2022-12-27,0.0,218.72,218.82,218.7,155.0,3390830.0,218.276
601888.SH,2022-12-27,0.0,218.63,218.72,218.63,155.0,3389870.0,218.277
601888.SH,2022-12-27,0.0,218.6,218.71,218.59,147.0,3213700.0,218.277
601888.SH,2022-12-27,0.0,218.59,218.6,218.58,135.0,2950980.0,218.278
601888.SH,2022-12-27,0.0,218.69,218.78,218.58,237.0,5181540.0,218.279
601888.SH,2022-12-27,0.0,218.8,218.9,218.69,141.0,3084920.0,218.28
601888.SH,2022-12-27,0.0,218.73,219.0,218.73,146.0,3195540.0,218.282
601888.SH,2022-12-27,0.0,218.8,218.81,218.71,184.0,4025310.0,218.283
601888.SH,2022-12-27,0.0,219.11,219.11,218.8,178.0,3896970.0,218.285
601888.SH,2022-12-27,0.0,219.21,219.23,218.96,207.0,4537130.0,218.287
601888.SH,2022-12-27,0.0,218.85,219.4,218.85,199.0,4361800.0,218.29
601888.SH,2022-12-27,0.0,218.85,218.96,218.85,127.0,2780260.0,218.291
601888.SH,2022-12-27,0.0,218.76,218.86,218.76,122.0,2669210.0,218.292
601888.SH,2022-12-27,0.0,218.78,218.87,218.74,208.0,4550580.0,218.294
601888.SH,2022-12-27,0.0,218.71,218.76,218.71,165.0,3609050.0,218.295
601888.SH,2022-12-27,0.0,218.72,218.74,218.7,182.0,3980590.0,218.296
601888.SH,2022-12-27,0.0,218.8,218.86,218.7,182.0,3981130.0,218.297
601888.SH,2022-12-27,0.0,218.79,218.86,218.78,161.0,3513450.0,218.298
601888.SH,2022-12-27,0.0,218.62,218.79,218.6,269.0,5891340.0,218.3
601888.SH,2022-12-27,0.0,218.53,218.54,218.44,555.0,12119000.0,218.301
601888.SH,2022-12-27,0.0,219.54,219.54,218.5,360.0,7890110.0,218.304
601888.SH,2022-12-27,0.0,219.98,219.98,219.53,1142.0,25105500.0,218.329
601888.SH,2022-12-27,0.0,219.92,219.99,219.92,537.0,11811600.0,218.341
601888.SH,2022-12-27,0.0,219.96,219.97,219.92,536.0,11789300.0,218.353
601888.SH,2022-12-27,0.0,219.86,219.97,219.86,304.0,6685490.0,218.359
601888.SH,2022-12-27,0.0,219.73,219.82,219.69,362.0,7954330.0,218.366
601888.SH,2022-12-27,0.0,219.73,219.73,219.66,313.0,6876250.0,218.372
601888.SH,2022-12-27,0.0,219.94,219.94,219.67,1061.0,23329300.0,218.393
601888.SH,2022-12-27,0.0,220.15,220.17,219.95,689.0,15160900.0,218.408
601888.SH,2022-12-27,0.0,220.17,220.17,220.13,275.0,6054060.0,218.415
601888.SH,2022-12-27,0.0,220.12,220.17,220.1,267.0,5878280.0,218.421
601888.SH,2022-12-27,0.0,220.09,220.14,220.05,264.0,5810600.0,218.427
601888.SH,2022-12-27,0.0,219.97,220.09,219.94,181.0,3982510.0,218.431
601888.SH,2022-12-27,0.0,219.75,219.97,219.74,242.0,5319850.0,218.435
601888.SH,2022-12-27,0.0,219.76,219.76,219.68,190.0,4174650.0,218.438
601888.SH,2022-12-27,0.0,220.0,220.0,219.74,276.0,6068360.0,218.443
601888.SH,2022-12-27,0.0,220.0,220.12,220.0,238.0,5237460.0,218.448
601888.SH,2022-12-27,0.0,219.89,220.09,219.89,176.0,3871090.0,218.452
601888.SH,2022-12-27,0.0,219.95,219.98,219.8,460.0,10117200.0,218.46
601888.SH,2022-12-27,0.0,220.3,220.3,219.9,900.0,19808200.0,218.479
601888.SH,2022-12-27,0.0,219.99,220.3,219.94,262.0,5766520.0,218.484
601888.SH,2022-12-27,0.0,220.08,220.19,220.0,204.0,4490480.0,218.489
601888.SH,2022-12-27,0.0,219.88,220.2,219.81,278.0,6115610.0,218.494
601888.SH,2022-12-27,0.0,219.82,219.88,219.66,413.0,9078040.0,218.501
601888.SH,2022-12-27,0.0,219.79,219.84,219.77,243.0,5341450.0,218.505
601888.SH,2022-12-27,0.0,219.66,219.76,219.66,173.0,3801260.0,218.507
601888.SH,2022-12-27,0.0,219.53,219.67,219.53,259.0,5687520.0,218.511
601888.SH,2022-12-27,0.0,218.8,219.5,218.8,446.0,9775050.0,218.514
601888.SH,2022-12-27,0.0,219.71,219.92,218.8,767.0,16807900.0,218.52
601888.SH,2022-12-27,0.0,218.75,219.71,218.75,262.0,5741990.0,218.522
601888.SH,2022-12-27,0.0,219.35,219.35,218.8,200.0,4378440.0,218.523
601888.SH,2022-12-27,0.0,219.22,219.41,219.0,154.0,3374280.0,218.524
601888.SH,2022-12-27,0.0,219.18,219.22,219.03,175.0,3833990.0,218.526
601888.SH,2022-12-27,0.0,219.02,219.24,219.02,125.0,2739060.0,218.526
601888.SH,2022-12-27,0.0,219.04,219.06,218.98,438.0,9592580.0,218.529
601888.SH,2022-12-27,0.0,219.0,219.04,218.98,220.0,4818330.0,218.53
601888.SH,2022-12-27,0.0,219.08,219.32,219.02,143.0,3133240.0,218.531
601888.SH,2022-12-27,0.0,219.99,219.99,219.08,238.0,5229700.0,218.535
601888.SH,2022-12-27,0.0,220.0,220.03,219.92,437.0,9613760.0,218.542
601888.SH,2022-12-27,0.0,219.91,220.02,219.9,280.0,6158280.0,218.547
601888.SH,2022-12-27,0.0,219.42,219.98,219.34,199.0,4369530.0,218.549
601888.SH,2022-12-27,0.0,219.4,219.42,219.37,146.0,3203390.0,218.551
601888.SH,2022-12-27,0.0,219.65,219.65,219.41,102.0,2238640.0,218.552
601888.SH,2022-12-27,0.0,219.98,220.0,219.78,185.0,4068180.0,218.555
601888.SH,2022-12-27,0.0,219.81,219.98,219.69,118.0,2593120.0,218.557
601888.SH,2022-12-27,0.0,219.89,219.92,219.72,158.0,3473970.0,218.559
601888.SH,2022-12-27,0.0,219.79,219.83,219.77,226.0,4967850.0,218.562
601888.SH,2022-12-27,0.0,219.95,219.98,219.78,148.0,3254490.0,218.565
601888.SH,2022-12-27,0.0,220.0,220.0,219.85,229.0,5037160.0,218.568
601888.SH,2022-12-27,0.0,220.0,220.05,219.99,300.0,6599740.0,218.573
601888.SH,2022-12-27,0.0,220.11,220.13,220.0,239.0,5259800.0,218.577
601888.SH,2022-12-27,0.0,220.03,220.14,220.0,163.0,3587510.0,218.58
601888.SH,2022-12-27,0.0,219.87,220.04,219.87,192.0,4223610.0,218.583
601888.SH,2022-12-27,0.0,219.5,219.92,219.1,439.0,9634910.0,218.588
601888.SH,2022-12-27,0.0,219.22,219.7,219.12,200.0,4388290.0,218.59
601888.SH,2022-12-27,0.0,219.64,219.65,219.2,232.0,5090170.0,218.592
601888.SH,2022-12-27,0.0,219.33,219.65,219.26,149.0,3269620.0,218.593
601888.SH,2022-12-27,0.0,219.22,219.33,219.22,134.0,2938620.0,218.594
601888.SH,2022-12-27,0.0,219.2,219.25,219.06,309.0,6772510.0,218.596
601888.SH,2022-12-27,0.0,219.03,219.25,219.01,270.0,5917900.0,218.598
601888.SH,2022-12-27,0.0,219.01,219.18,219.0,286.0,6265970.0,218.6
601888.SH,2022-12-27,0.0,219.0,219.02,219.0,153.0,3350900.0,218.6
601888.SH,2022-12-27,0.0,218.8,219.0,218.8,306.0,6697690.0,218.601
601888.SH,2022-12-27,0.0,218.65,218.82,218.63,279.0,6102030.0,218.602
601888.SH,2022-12-27,0.0,218.8,218.99,218.63,567.0,12425500.0,218.605
601888.SH,2022-12-27,0.0,219.03,219.44,218.87,251.0,5498160.0,218.606
601888.SH,2022-12-27,0.0,219.79,219.79,219.0,181.0,3967250.0,218.608
601888.SH,2022-12-27,0.0,219.2,219.58,219.04,106.0,2323480.0,218.608
601888.SH,2022-12-27,0.0,219.14,219.2,219.02,281.0,6157910.0,218.61
601888.SH,2022-12-27,0.0,219.11,219.18,219.1,137.0,3002340.0,218.611
601888.SH,2022-12-27,0.0,219.14,219.16,219.13,106.0,2322950.0,218.611
601888.SH,2022-12-27,0.0,219.15,219.17,219.14,82.0,1797080.0,218.612
601888.SH,2022-12-27,0.0,219.11,219.2,219.11,112.0,2454390.0,218.612
601888.SH,2022-12-27,0.0,218.88,219.11,218.88,219.0,4795910.0,218.613
601888.SH,2022-12-27,0.0,218.9,218.9,218.81,138.0,3020080.0,218.614
601888.SH,2022-12-27,0.0,218.6,218.8,218.6,479.0,10477800.0,218.614
601888.SH,2022-12-27,0.0,218.5,218.78,218.5,307.0,6710280.0,218.614
601888.SH,2022-12-27,0.0,218.54,218.54,218.48,215.0,4698050.0,218.614
601888.SH,2022-12-27,0.0,218.8,218.8,218.54,130.0,2842360.0,218.614
601888.SH,2022-12-27,0.0,218.5,218.66,218.49,282.0,6164180.0,218.614
601888.SH,2022-12-27,0.0,218.13,218.45,218.11,723.0,15772200.0,218.61
601888.SH,2022-12-27,0.0,217.58,218.1,217.36,1172.0,25512600.0,218.599
601888.SH,2022-12-27,0.0,217.62,217.62,217.47,625.0,13596400.0,218.592
601888.SH,2022-12-27,0.0,217.4,217.61,217.26,577.0,12544300.0,218.585
601888.SH,2022-12-27,0.0,217.01,217.35,217.0,653.0,14183800.0,218.576
601888.SH,2022-12-27,0.0,217.18,217.2,217.0,980.0,21272100.0,218.56
601888.SH,2022-12-27,0.0,217.77,217.77,217.2,452.0,9821170.0,218.555
601888.SH,2022-12-27,0.0,218.12,218.58,217.76,507.0,11057100.0,218.553
601888.SH,2022-12-27,0.0,217.72,217.77,217.48,248.0,5399670.0,218.55
601888.SH,2022-12-27,0.0,217.66,217.9,217.66,216.0,4695320.0,218.549
601888.SH,2022-12-27,0.0,217.7,217.75,217.66,422.0,9185950.0,218.545
601888.SH,2022-12-27,0.0,218.1,218.1,217.7,133.0,2898820.0,218.544
601888.SH,2022-12-27,0.0,218.15,218.15,218.1,154.0,3359220.0,218.544
601888.SH,2022-12-27,0.0,218.15,218.19,218.15,183.0,3992360.0,218.543
601888.SH,2022-12-27,0.0,218.2,218.2,218.13,137.0,2994450.0,218.542
601888.SH,2022-12-27,0.0,217.86,218.19,217.8,326.0,7107190.0,218.541
601888.SH,2022-12-27,0.0,217.76,217.86,217.76,203.0,4421850.0,218.539
601888.SH,2022-12-27,0.0,217.77,217.83,217.75,258.0,5618690.0,218.537
601888.SH,2022-12-27,0.0,217.78,217.8,217.7,333.0,7251130.0,218.535
601888.SH,2022-12-27,0.0,217.69,217.83,217.68,389.0,8469490.0,218.532
601888.SH,2022-12-27,0.0,217.5,217.7,217.5,256.0,5570620.0,218.529
601888.SH,2022-12-27,0.0,217.4,217.56,217.4,394.0,8569490.0,218.525
601888.SH,2022-12-27,0.0,217.43,217.46,217.2,461.0,10015800.0,218.52
601888.SH,2022-12-27,0.0,218.1,218.1,217.11,480.0,10442500.0,218.515
601888.SH,2022-12-27,0.0,218.22,218.23,217.94,349.0,7603950.0,218.514
601888.SH,2022-12-27,0.0,218.5,218.5,218.2,308.0,6723920.0,218.513
601888.SH,2022-12-27,0.0,218.6,218.9,218.0,1023.0,22370000.0,218.514
601888.SH,2022-12-27,0.0,218.02,218.04,218.0,245.0,5333420.0,218.513
601888.SH,2022-12-27,0.0,218.07,218.09,218.0,264.0,5757720.0,218.512
601888.SH,2022-12-27,0.0,218.01,218.07,218.0,396.0,8634310.0,218.51
601888.SH,2022-12-27,0.0,218.05,218.05,218.0,120.0,2616250.0,218.509
601888.SH,2022-12-27,0.0,218.22,218.24,218.01,143.0,3119140.0,218.509
601888.SH,2022-12-27,0.0,218.15,218.3,218.1,328.0,7157280.0,218.508
601888.SH,2022-12-27,0.0,218.19,218.2,218.14,321.0,7003120.0,218.507
601888.SH,2022-12-27,0.0,218.18,218.21,218.17,353.0,7710040.0,218.506
601888.SH,2022-12-27,0.0,218.18,218.18,218.15,321.0,7001730.0,218.505
601888.SH,2022-12-27,0.0,218.18,218.2,218.17,277.0,6043660.0,218.504
601888.SH,2022-12-27,0.0,218.19,218.22,218.16,473.0,10320500.0,218.503
601888.SH,2022-12-27,0.0,218.21,218.21,218.21,10.0,218203.0,218.503
601888.SH,2022-12-27,0.0,218.21,218.21,218.21,0.0,0.0,218.503
601888.SH,2022-12-27,0.0,218.21,218.21,218.21,438.0,9557600.0,218.502
601888.SH,2022-12-28,0.0,218.0,218.0,218.0,956.0,20840800.0,218.0
601888.SH,2022-12-28,0.0,219.98,220.16,216.9,3485.0,76363296.0,218.899
601888.SH,2022-12-28,0.0,218.61,220.01,218.61,1827.0,40101400.0,219.072
601888.SH,2022-12-28,0.0,219.42,219.85,219.01,2154.0,47285600.0,219.187
601888.SH,2022-12-28,0.0,219.02,219.4,218.2,793.0,17343000.0,219.146
601888.SH,2022-12-28,0.0,219.0,219.37,218.81,388.0,8503520.0,219.146
601888.SH,2022-12-28,0.0,219.0,219.69,218.63,985.0,21594800.0,219.155
601888.SH,2022-12-28,0.0,218.61,219.15,218.61,526.0,11518600.0,219.147
601888.SH,2022-12-28,0.0,219.09,219.19,218.64,953.0,20874900.0,219.132
601888.SH,2022-12-28,0.0,219.3,219.5,218.68,999.0,21895500.0,219.135
601888.SH,2022-12-28,0.0,218.76,219.3,218.59,684.0,14981300.0,219.13
601888.SH,2022-12-28,0.0,217.85,218.99,217.74,1093.0,23875000.0,219.079
601888.SH,2022-12-28,0.0,218.0,218.66,217.71,1198.0,26125900.0,219.004
601888.SH,2022-12-28,0.0,218.5,218.59,217.99,1068.0,23303200.0,218.953
601888.SH,2022-12-28,0.0,217.98,218.5,217.89,468.0,10211900.0,218.933
601888.SH,2022-12-28,0.0,218.2,218.25,217.9,383.0,8352540.0,218.915
601888.SH,2022-12-28,0.0,217.52,218.2,217.52,1018.0,22190200.0,218.865
601888.SH,2022-12-28,0.0,217.35,217.51,217.3,550.0,11958500.0,218.824
601888.SH,2022-12-28,0.0,217.38,217.5,217.12,643.0,13969000.0,218.774
601888.SH,2022-12-28,0.0,217.17,217.56,217.17,428.0,9298940.0,218.743
601888.SH,2022-12-28,0.0,217.5,217.52,217.13,808.0,17553100.0,218.686
601888.SH,2022-12-28,0.0,217.15,217.5,217.15,731.0,15884800.0,218.64
601888.SH,2022-12-28,0.0,217.9,217.98,217.0,1508.0,32780000.0,218.559
601888.SH,2022-12-28,0.0,217.21,217.9,217.2,483.0,10496000.0,218.534
601888.SH,2022-12-28,0.0,218.44,218.44,217.36,430.0,9367020.0,218.522
601888.SH,2022-12-28,0.0,218.29,218.4,217.9,667.0,14548000.0,218.511
601888.SH,2022-12-28,0.0,218.06,218.45,218.0,400.0,8733540.0,218.509
601888.SH,2022-12-28,0.0,218.3,218.4,218.15,220.0,4802470.0,218.507
601888.SH,2022-12-28,0.0,219.12,219.12,218.36,695.0,15202100.0,218.513
601888.SH,2022-12-28,0.0,219.31,219.31,219.0,505.0,11067400.0,218.525
601888.SH,2022-12-28,0.0,219.25,219.33,219.2,329.0,7203150.0,218.534
601888.SH,2022-12-28,0.0,219.2,219.31,219.2,480.0,10525600.0,218.547
601888.SH,2022-12-28,0.0,219.33,219.55,219.14,493.0,10813900.0,218.561
601888.SH,2022-12-28,0.0,218.62,219.37,218.6,310.0,6789780.0,218.566
601888.SH,2022-12-28,0.0,219.18,219.18,218.79,258.0,5649680.0,218.569
601888.SH,2022-12-28,0.0,218.9,219.2,218.63,535.0,11718500.0,218.578
601888.SH,2022-12-28,0.0,218.5,219.02,218.35,345.0,7549670.0,218.579
601888.SH,2022-12-28,0.0,218.0,218.35,217.99,407.0,8871740.0,218.573
601888.SH,2022-12-28,0.0,218.34,218.34,217.88,232.0,5058300.0,218.569
601888.SH,2022-12-28,0.0,218.27,218.34,218.15,90.0,1964310.0,218.568
601888.SH,2022-12-28,0.0,218.45,218.45,218.14,359.0,7834830.0,218.564
601888.SH,2022-12-28,0.0,218.48,218.79,218.47,112.0,2447390.0,218.564
601888.SH,2022-12-28,0.0,218.18,218.48,218.18,151.0,3296270.0,218.562
601888.SH,2022-12-28,0.0,218.15,218.25,218.15,261.0,5695260.0,218.559
601888.SH,2022-12-28,0.0,217.75,218.21,217.72,323.0,7041870.0,218.554
601888.SH,2022-12-28,0.0,217.99,218.16,217.75,213.0,4643120.0,218.55
601888.SH,2022-12-28,0.0,217.77,218.14,217.77,257.0,5595620.0,218.545
601888.SH,2022-12-28,0.0,217.78,217.89,217.77,246.0,5357960.0,218.539
601888.SH,2022-12-28,0.0,217.51,217.81,217.4,305.0,6641760.0,218.531
601888.SH,2022-12-28,0.0,217.76,217.82,217.5,219.0,4767880.0,218.525
601888.SH,2022-12-28,0.0,217.66,217.82,217.66,210.0,4572960.0,218.52
601888.SH,2022-12-28,0.0,218.0,218.19,217.66,230.0,5010720.0,218.516
601888.SH,2022-12-28,0.0,218.0,218.14,217.99,193.0,4203370.0,218.513
601888.SH,2022-12-28,0.0,218.78,218.82,218.09,380.0,8304880.0,218.513
601888.SH,2022-12-28,0.0,218.84,218.97,218.6,139.0,3041110.0,218.514
601888.SH,2022-12-28,0.0,218.81,218.84,218.73,163.0,3566660.0,218.516
601888.SH,2022-12-28,0.0,218.8,218.82,218.79,187.0,4091650.0,218.517
601888.SH,2022-12-28,0.0,218.8,218.81,218.79,207.0,4529170.0,218.519
601888.SH,2022-12-28,0.0,219.12,219.12,218.68,351.0,7681020.0,218.522
601888.SH,2022-12-28,0.0,219.0,219.22,218.92,585.0,12818400.0,218.532
601888.SH,2022-12-28,0.0,218.8,219.0,218.7,350.0,7660970.0,218.536
601888.SH,2022-12-28,0.0,218.86,218.86,218.7,209.0,4578600.0,218.537
601888.SH,2022-12-28,0.0,218.65,218.8,218.35,153.0,3346020.0,218.537
601888.SH,2022-12-28,0.0,218.79,218.79,218.42,174.0,3803880.0,218.538
601888.SH,2022-12-28,0.0,218.82,218.82,218.69,198.0,4331790.0,218.539
601888.SH,2022-12-28,0.0,218.62,218.83,218.43,175.0,3826580.0,218.54
601888.SH,2022-12-28,0.0,218.51,218.62,218.33,140.0,3058140.0,218.539
601888.SH,2022-12-28,0.0,218.4,218.52,218.33,182.0,3975620.0,218.539
601888.SH,2022-12-28,0.0,218.2,218.35,218.09,185.0,4036910.0,218.537
601888.SH,2022-12-28,0.0,217.92,218.23,217.9,476.0,10381600.0,218.532
601888.SH,2022-12-28,0.0,217.88,218.0,217.81,209.0,4554490.0,218.528
601888.SH,2022-12-28,0.0,218.08,218.08,217.86,260.0,5665260.0,218.524
601888.SH,2022-12-28,0.0,218.49,218.5,218.0,130.0,2836580.0,218.523
601888.SH,2022-12-28,0.0,218.32,218.5,218.28,105.0,2292880.0,218.523
601888.SH,2022-12-28,0.0,218.6,218.6,218.24,93.0,2030700.0,218.522
601888.SH,2022-12-28,0.0,218.23,218.59,218.21,142.0,3099420.0,218.521
601888.SH,2022-12-28,0.0,218.46,218.5,218.19,159.0,3471260.0,218.52
601888.SH,2022-12-28,0.0,218.37,218.46,218.19,221.0,4823320.0,218.519
601888.SH,2022-12-28,0.0,218.57,218.57,218.33,173.0,3779780.0,218.519
601888.SH,2022-12-28,0.0,218.5,218.6,218.5,132.0,2885100.0,218.519
601888.SH,2022-12-28,0.0,218.49,218.56,218.39,193.0,4216980.0,218.519
601888.SH,2022-12-28,0.0,218.3,218.48,218.2,112.0,2444950.0,218.518
601888.SH,2022-12-28,0.0,218.65,218.65,218.32,351.0,7664530.0,218.517
601888.SH,2022-12-28,0.0,218.8,218.85,218.7,150.0,3282170.0,218.518
601888.SH,2022-12-28,0.0,218.8,218.86,218.66,470.0,10284300.0,218.521
601888.SH,2022-12-28,0.0,218.7,218.78,218.61,185.0,4045940.0,218.522
601888.SH,2022-12-28,0.0,218.73,218.78,218.68,193.0,4221340.0,218.523
601888.SH,2022-12-28,0.0,218.95,218.95,218.8,267.0,5849550.0,218.525
601888.SH,2022-12-28,0.0,218.96,219.0,218.96,347.0,7598950.0,218.529
601888.SH,2022-12-28,0.0,218.86,218.9,218.68,163.0,3567040.0,218.53
601888.SH,2022-12-28,0.0,218.51,218.86,218.5,211.0,4613030.0,218.531
601888.SH,2022-12-28,0.0,218.4,218.56,218.29,172.0,3757350.0,218.53
601888.SH,2022-12-28,0.0,218.79,218.79,218.4,140.0,3059990.0,218.531
601888.SH,2022-12-28,0.0,218.8,218.8,218.6,162.0,3543270.0,218.531
601888.SH,2022-12-28,0.0,218.56,218.8,218.56,103.0,2252330.0,218.532
601888.SH,2022-12-28,0.0,218.78,218.79,218.57,207.0,4526350.0,218.532
601888.SH,2022-12-28,0.0,219.0,219.0,218.79,173.0,3786940.0,218.534
601888.SH,2022-12-28,0.0,218.96,219.0,218.9,151.0,3306470.0,218.535
601888.SH,2022-12-28,0.0,218.66,218.92,218.65,159.0,3478630.0,218.536
601888.SH,2022-12-28,0.0,218.8,218.9,218.66,86.0,1881450.0,218.537
601888.SH,2022-12-28,0.0,218.95,218.95,218.67,110.0,2407490.0,218.537
601888.SH,2022-12-28,0.0,219.16,219.3,218.98,831.0,18203900.0,218.547
601888.SH,2022-12-28,0.0,219.09,219.11,219.0,242.0,5302060.0,218.55
601888.SH,2022-12-28,0.0,219.17,219.17,219.03,96.0,2103280.0,218.551
601888.SH,2022-12-28,0.0,219.2,219.25,219.09,329.0,7205020.0,218.555
601888.SH,2022-12-28,0.0,219.05,219.24,219.0,287.0,6289490.0,218.558
601888.SH,2022-12-28,0.0,219.02,219.18,218.91,100.0,2190490.0,218.559
601888.SH,2022-12-28,0.0,219.0,219.1,219.0,237.0,5191270.0,218.562
601888.SH,2022-12-28,0.0,218.98,219.04,218.66,279.0,6106440.0,218.564
601888.SH,2022-12-28,0.0,218.77,218.98,218.61,95.0,2079500.0,218.564
601888.SH,2022-12-28,0.0,218.85,218.88,218.7,106.0,2319650.0,218.565
601888.SH,2022-12-28,0.0,218.9,218.9,218.82,146.0,3195540.0,218.566
601888.SH,2022-12-28,0.0,218.97,218.97,218.88,130.0,2845940.0,218.567
601888.SH,2022-12-28,0.0,219.0,219.0,218.9,253.0,5540360.0,218.569
601888.SH,2022-12-28,0.0,219.01,219.1,218.98,196.0,4281660.0,218.571
601888.SH,2022-12-28,0.0,218.93,219.06,218.88,204.0,4466960.0,218.573
601888.SH,2022-12-28,0.0,218.9,218.98,218.9,157.0,3437510.0,218.574
601888.SH,2022-12-28,0.0,218.88,218.94,218.8,176.0,3852360.0,218.575
601888.SH,2022-12-28,0.0,218.85,218.88,218.77,94.0,2056780.0,218.576
601888.SH,2022-12-28,0.0,218.99,218.99,218.8,112.0,2442870.0,218.576
601888.SH,2022-12-28,0.0,218.88,218.98,218.77,131.0,2875780.0,218.577
601888.SH,2022-12-28,0.0,218.84,219.0,218.8,366.0,8013330.0,218.58
601888.SH,2022-12-28,0.0,218.78,219.0,218.77,252.0,5516840.0,218.582
601888.SH,2022-12-28,0.0,218.8,218.89,218.78,107.0,2341230.0,218.582
601888.SH,2022-12-28,0.0,218.58,218.8,218.4,278.0,6078250.0,218.583
601888.SH,2022-12-28,0.0,218.21,218.76,218.21,148.0,3232050.0,218.582
601888.SH,2022-12-28,0.0,218.12,218.26,218.0,160.0,3489790.0,218.581
601888.SH,2022-12-28,0.0,218.0,218.59,218.0,194.0,4230780.0,218.579
601888.SH,2022-12-28,0.0,217.9,218.38,217.9,393.0,8568980.0,218.574
601888.SH,2022-12-28,0.0,218.02,218.04,217.71,222.0,4843450.0,218.571
601888.SH,2022-12-28,0.0,218.0,218.02,217.9,107.0,2332380.0,218.57
601888.SH,2022-12-28,0.0,218.29,218.29,217.81,148.0,3227370.0,218.568
601888.SH,2022-12-28,0.0,217.95,218.28,217.95,184.0,4012880.0,218.567
601888.SH,2022-12-28,0.0,218.1,218.21,217.98,116.0,2529530.0,218.566
601888.SH,2022-12-28,0.0,218.0,218.1,217.98,120.0,2616160.0,218.564
601888.SH,2022-12-28,0.0,218.0,218.0,217.96,103.0,2245260.0,218.563
601888.SH,2022-12-28,0.0,218.33,218.33,217.99,268.0,5843850.0,218.56
601888.SH,2022-12-28,0.0,218.56,218.56,218.28,155.0,3386200.0,218.56
601888.SH,2022-12-28,0.0,218.55,218.56,218.34,112.0,2447320.0,218.56
601888.SH,2022-12-28,0.0,218.35,218.55,218.33,120.0,2621520.0,218.56
601888.SH,2022-12-28,0.0,218.63,218.64,218.42,114.0,2491790.0,218.56
601888.SH,2022-12-28,0.0,218.82,218.87,218.63,122.0,2668140.0,218.56
601888.SH,2022-12-28,0.0,218.71,218.86,218.7,274.0,5993440.0,218.561
601888.SH,2022-12-28,0.0,218.87,218.95,218.71,188.0,4112960.0,218.562
601888.SH,2022-12-28,0.0,218.76,218.94,218.61,131.0,2866030.0,218.562
601888.SH,2022-12-28,0.0,218.85,218.89,218.76,140.0,3063770.0,218.563
601888.SH,2022-12-28,0.0,218.86,218.9,218.8,215.0,4705220.0,218.564
601888.SH,2022-12-28,0.0,218.89,218.93,218.87,113.0,2473570.0,218.565
601888.SH,2022-12-28,0.0,218.75,218.89,218.58,160.0,3500780.0,218.566
601888.SH,2022-12-28,0.0,218.51,218.69,218.43,154.0,3365240.0,218.566
601888.SH,2022-12-28,0.0,218.57,218.57,218.43,162.0,3539800.0,218.565
601888.SH,2022-12-28,0.0,218.79,218.79,218.57,72.0,1574310.0,218.566
601888.SH,2022-12-28,0.0,218.8,218.8,218.79,173.0,3791060.0,218.566
601888.SH,2022-12-28,0.0,218.78,218.8,218.77,93.0,2034740.0,218.567
601888.SH,2022-12-28,0.0,218.75,218.8,218.67,179.0,3909580.0,218.567
601888.SH,2022-12-28,0.0,218.7,218.75,218.68,140.0,3062170.0,218.568
601888.SH,2022-12-28,0.0,218.74,218.76,218.69,153.0,3346610.0,218.568
601888.SH,2022-12-28,0.0,218.99,219.18,218.74,801.0,17544900.0,218.574
601888.SH,2022-12-28,0.0,218.95,219.0,218.9,174.0,3810130.0,218.575
601888.SH,2022-12-28,0.0,218.92,218.95,218.85,91.0,1992130.0,218.576
601888.SH,2022-12-28,0.0,218.88,218.93,218.88,128.0,2802070.0,218.577
601888.SH,2022-12-28,0.0,218.79,218.9,218.79,101.0,2210570.0,218.577
601888.SH,2022-12-28,0.0,218.89,218.95,218.87,83.0,1816810.0,218.578
601888.SH,2022-12-28,0.0,218.94,218.97,218.89,82.0,1795130.0,218.578
601888.SH,2022-12-28,0.0,218.88,218.92,218.87,154.0,3371050.0,218.579
601888.SH,2022-12-28,0.0,218.81,218.88,218.79,100.0,2188370.0,218.579
601888.SH,2022-12-28,0.0,218.85,218.86,218.79,109.0,2385300.0,218.58
601888.SH,2022-12-28,0.0,218.73,218.86,218.73,147.0,3216360.0,218.581
601888.SH,2022-12-28,0.0,218.8,218.8,218.7,164.0,3587580.0,218.581
601888.SH,2022-12-28,0.0,218.8,218.89,218.43,724.0,15828900.0,218.582
601888.SH,2022-12-28,0.0,218.78,218.82,218.58,81.0,1771160.0,218.582
601888.SH,2022-12-28,0.0,218.88,218.89,218.57,144.0,3142650.0,218.582
601888.SH,2022-12-28,0.0,218.96,218.98,218.8,156.0,3415030.0,218.583
601888.SH,2022-12-28,0.0,218.96,218.98,218.9,250.0,5473800.0,218.585
601888.SH,2022-12-28,0.0,218.98,218.99,218.92,147.0,3218990.0,218.586
601888.SH,2022-12-28,0.0,218.98,218.99,218.96,131.0,2868660.0,218.587
601888.SH,2022-12-28,0.0,218.98,218.99,218.96,138.0,3021930.0,218.588
601888.SH,2022-12-28,0.0,218.99,219.0,218.96,196.0,4292120.0,218.589
601888.SH,2022-12-28,0.0,219.0,219.0,218.98,265.0,5803430.0,218.591
601888.SH,2022-12-28,0.0,218.91,219.0,218.88,238.0,5211460.0,218.592
601888.SH,2022-12-28,0.0,218.78,218.91,218.74,150.0,3287940.0,218.593
601888.SH,2022-12-28,0.0,218.81,218.86,218.74,164.0,3583450.0,218.593
601888.SH,2022-12-28,0.0,218.95,219.0,218.8,219.0,4794540.0,218.594
601888.SH,2022-12-28,0.0,218.99,219.0,218.95,162.0,3547350.0,218.595
601888.SH,2022-12-28,0.0,218.99,219.0,218.97,151.0,3306700.0,218.596
601888.SH,2022-12-28,0.0,218.98,219.0,218.95,199.0,4357720.0,218.598
601888.SH,2022-12-28,0.0,218.95,218.99,218.9,218.0,4773150.0,218.599
601888.SH,2022-12-28,0.0,218.9,218.96,218.87,145.0,3174230.0,218.6
601888.SH,2022-12-28,0.0,218.87,218.91,218.75,234.0,5121060.0,218.601
601888.SH,2022-12-28,0.0,218.88,218.9,218.87,146.0,3195750.0,218.601
601888.SH,2022-12-28,0.0,218.85,218.9,218.8,172.0,3764580.0,218.602
601888.SH,2022-12-28,0.0,218.9,218.9,218.8,143.0,3129980.0,218.603
601888.SH,2022-12-28,0.0,218.89,218.92,218.88,178.0,3896440.0,218.604
601888.SH,2022-12-28,0.0,218.99,218.99,218.91,178.0,3897560.0,218.605
601888.SH,2022-12-28,0.0,218.87,218.99,218.5,239.0,5228740.0,218.605
601888.SH,2022-12-28,0.0,218.86,218.87,218.8,166.0,3640340.0,218.606
601888.SH,2022-12-28,0.0,218.71,218.87,218.71,191.0,4179150.0,218.607
601888.SH,2022-12-28,0.0,218.66,218.71,218.66,148.0,3236470.0,218.607
601888.SH,2022-12-28,0.0,218.78,218.8,218.66,143.0,3127650.0,218.607
601888.SH,2022-12-28,0.0,218.9,218.9,218.82,169.0,3698640.0,218.608
601888.SH,2022-12-28,0.0,219.0,219.0,218.9,219.0,4795190.0,218.609
601888.SH,2022-12-28,0.0,219.0,219.0,218.98,235.0,5146350.0,218.61
601888.SH,2022-12-28,0.0,218.96,219.0,218.94,192.0,4204440.0,218.612
601888.SH,2022-12-28,0.0,218.94,218.98,218.86,209.0,4575370.0,218.613
601888.SH,2022-12-28,0.0,218.99,218.99,218.87,75.0,1642250.0,218.613
601888.SH,2022-12-28,0.0,219.14,219.14,218.99,293.0,6417970.0,218.615
601888.SH,2022-12-28,0.0,219.74,219.75,219.15,547.0,11997400.0,218.623
601888.SH,2022-12-28,0.0,219.55,219.9,219.41,768.0,16864100.0,218.634
601888.SH,2022-12-28,0.0,219.59,219.6,219.49,489.0,10736400.0,218.641
601888.SH,2022-12-28,0.0,219.43,219.48,219.0,877.0,19218200.0,218.647
601888.SH,2022-12-28,0.0,219.0,219.43,218.99,393.0,8608010.0,218.65
601888.SH,2022-12-28,0.0,218.85,219.0,218.5,846.0,18503400.0,218.651
601888.SH,2022-12-28,0.0,218.5,219.01,218.48,851.0,18598700.0,218.649
601888.SH,2022-12-28,0.0,218.5,218.98,218.49,631.0,13789500.0,218.648
601888.SH,2022-12-28,0.0,218.96,218.96,218.49,390.0,8523980.0,218.648
601888.SH,2022-12-28,0.0,218.68,218.94,218.63,240.0,5250950.0,218.648
601888.SH,2022-12-28,0.0,218.97,218.98,218.74,263.0,5756690.0,218.649
601888.SH,2022-12-28,0.0,218.93,218.97,218.74,144.0,3152160.0,218.65
601888.SH,2022-12-28,0.0,218.98,219.0,218.95,223.0,4883100.0,218.651
601888.SH,2022-12-28,0.0,219.0,219.0,218.95,124.0,2715360.0,218.651
601888.SH,2022-12-28,0.0,219.05,219.36,218.93,347.0,7604150.0,218.654
601888.SH,2022-12-28,0.0,219.3,219.3,218.99,183.0,4010410.0,218.655
601888.SH,2022-12-28,0.0,219.19,219.32,219.18,219.0,4801190.0,218.657
601888.SH,2022-12-28,0.0,219.12,219.2,219.0,150.0,3287110.0,218.658
601888.SH,2022-12-28,0.0,219.18,219.21,219.01,209.0,4579270.0,218.659
601888.SH,2022-12-28,0.0,219.08,219.18,219.08,145.0,3177750.0,218.66
601888.SH,2022-12-28,0.0,219.08,219.14,219.07,137.0,3005540.0,218.661
601888.SH,2022-12-28,0.0,218.97,219.07,218.97,319.0,6983270.0,218.663
601888.SH,2022-12-28,0.0,219.02,219.04,218.97,235.0,5146770.0,218.664
601888.SH,2022-12-28,0.0,218.95,219.01,218.89,343.0,7508620.0,218.665
601888.SH,2022-12-28,0.0,218.69,218.97,218.5,502.0,10976300.0,218.665
601888.SH,2022-12-28,0.0,218.74,218.88,218.19,530.0,11587900.0,218.665
601888.SH,2022-12-28,0.0,218.7,218.79,218.67,364.0,7961560.0,218.665
601888.SH,2022-12-28,0.0,218.69,218.85,218.3,601.0,13128200.0,218.663
601888.SH,2022-12-28,0.0,218.59,218.71,218.34,265.0,5792390.0,218.663
601888.SH,2022-12-28,0.0,218.69,218.79,218.59,194.0,4242150.0,218.663
601888.SH,2022-12-28,0.0,218.84,218.88,218.72,254.0,5557070.0,218.664
601888.SH,2022-12-28,0.0,218.83,218.88,218.81,228.0,4994530.0,218.664
601888.SH,2022-12-28,0.0,218.8,218.8,218.8,6.0,131303.0,218.664
601888.SH,2022-12-28,0.0,218.8,218.8,218.8,0.0,0.0,218.664
601888.SH,2022-12-28,0.0,218.8,218.8,218.8,878.0,19210400.0,218.666
601888.SH,2022-12-29,0.0,217.0,217.0,217.0,284.0,6158240.0,217.0
601888.SH,2022-12-29,0.0,216.51,217.24,216.06,1149.0,24880000.0,216.596
601888.SH,2022-12-29,0.0,217.51,218.0,216.51,721.0,15652400.0,216.792
601888.SH,2022-12-29,0.0,216.8,217.01,216.02,920.0,19917000.0,216.701
601888.SH,2022-12-29,0.0,217.43,217.5,216.8,812.0,17618500.0,216.759
601888.SH,2022-12-29,0.0,217.29,217.5,216.89,770.0,16728400.0,216.84
601888.SH,2022-12-29,0.0,217.53,217.73,217.33,563.0,12248600.0,216.918
601888.SH,2022-12-29,0.0,218.3,218.78,217.7,1130.0,24641100.0,217.122
601888.SH,2022-12-29,0.0,217.98,218.24,217.28,900.0,19614600.0,217.223
601888.SH,2022-12-29,0.0,218.09,218.29,218.0,604.0,13174100.0,217.292
601888.SH,2022-12-29,0.0,217.61,218.06,217.5,745.0,16233700.0,217.345
601888.SH,2022-12-29,0.0,217.9,218.04,217.77,412.0,8977060.0,217.37
601888.SH,2022-12-29,0.0,218.5,218.73,218.0,823.0,17976800.0,217.452
601888.SH,2022-12-29,0.0,217.8,218.5,217.77,542.0,11826300.0,217.493
601888.SH,2022-12-29,0.0,217.6,218.35,217.6,401.0,8735990.0,217.507
601888.SH,2022-12-29,0.0,217.45,217.59,217.28,588.0,12789700.0,217.507
601888.SH,2022-12-29,0.0,217.2,217.36,216.74,736.0,15971500.0,217.476
601888.SH,2022-12-29,0.0,217.01,217.2,216.85,487.0,10567100.0,217.457
601888.SH,2022-12-29,0.0,217.05,217.21,216.87,512.0,11111400.0,217.44
601888.SH,2022-12-29,0.0,217.33,217.35,217.0,460.0,9990020.0,217.431
601888.SH,2022-12-29,0.0,216.8,217.35,216.8,345.0,7487910.0,217.422
601888.SH,2022-12-29,0.0,216.9,216.9,216.7,980.0,21240500.0,217.377
601888.SH,2022-12-29,0.0,217.5,217.78,216.88,803.0,17446800.0,217.371
601888.SH,2022-12-29,0.0,218.08,218.3,217.3,664.0,14456600.0,217.383
601888.SH,2022-12-29,0.0,217.7,218.27,217.51,227.0,4946980.0,217.39
601888.SH,2022-12-29,0.0,217.9,218.06,217.71,325.0,7082740.0,217.401
601888.SH,2022-12-29,0.0,217.68,217.9,217.44,313.0,6812000.0,217.405
601888.SH,2022-12-29,0.0,217.76,217.76,217.41,173.0,3763370.0,217.406
601888.SH,2022-12-29,0.0,217.56,217.85,217.41,297.0,6463300.0,217.41
601888.SH,2022-12-29,0.0,217.45,217.53,217.12,533.0,11588000.0,217.41
601888.SH,2022-12-29,0.0,217.2,217.4,217.1,318.0,6910000.0,217.408
601888.SH,2022-12-29,0.0,217.9,217.9,217.2,342.0,7437630.0,217.409
601888.SH,2022-12-29,0.0,218.22,218.22,217.85,440.0,9595980.0,217.425
601888.SH,2022-12-29,0.0,218.34,218.34,217.83,412.0,8989320.0,217.441
601888.SH,2022-12-29,0.0,218.53,218.64,218.33,449.0,9809530.0,217.464
601888.SH,2022-12-29,0.0,218.79,218.8,218.49,690.0,15087500.0,217.503
601888.SH,2022-12-29,0.0,219.22,219.4,218.77,761.0,16658200.0,217.552
601888.SH,2022-12-29,0.0,219.12,219.46,218.96,536.0,11743600.0,217.594
601888.SH,2022-12-29,0.0,219.12,219.2,219.1,486.0,10650500.0,217.627
601888.SH,2022-12-29,0.0,218.74,219.01,218.63,317.0,6936790.0,217.644
601888.SH,2022-12-29,0.0,218.31,218.74,218.31,204.0,4457680.0,217.652
601888.SH,2022-12-29,0.0,218.22,218.31,218.0,566.0,12350100.0,217.665
601888.SH,2022-12-29,0.0,218.54,218.67,218.26,328.0,7167530.0,217.676
601888.SH,2022-12-29,0.0,219.01,219.2,218.4,294.0,6435100.0,217.691
601888.SH,2022-12-29,0.0,218.79,219.11,218.79,252.0,5516330.0,217.703
601888.SH,2022-12-29,0.0,218.51,218.67,218.45,399.0,8720630.0,217.717
601888.SH,2022-12-29,0.0,218.45,218.53,218.45,214.0,4675860.0,217.724
601888.SH,2022-12-29,0.0,218.86,218.87,218.2,521.0,11385700.0,217.74
601888.SH,2022-12-29,0.0,219.03,219.2,218.75,429.0,9391410.0,217.762
601888.SH,2022-12-29,0.0,219.0,219.03,219.0,373.0,8176170.0,217.78
601888.SH,2022-12-29,0.0,218.91,218.97,218.88,212.0,4641040.0,217.789
601888.SH,2022-12-29,0.0,218.98,219.0,218.9,324.0,7094260.0,217.803
601888.SH,2022-12-29,0.0,219.29,219.34,218.99,437.0,9580290.0,217.825
601888.SH,2022-12-29,0.0,218.9,219.35,218.9,263.0,5764290.0,217.838
601888.SH,2022-12-29,0.0,218.7,218.98,218.7,317.0,6939120.0,217.85
601888.SH,2022-12-29,0.0,218.53,218.58,218.5,222.0,4851690.0,217.855
601888.SH,2022-12-29,0.0,218.05,218.5,218.05,407.0,8882000.0,217.861
601888.SH,2022-12-29,0.0,218.0,218.25,217.9,684.0,14912000.0,217.864
601888.SH,2022-12-29,0.0,218.47,218.58,218.14,224.0,4890810.0,217.868
601888.SH,2022-12-29,0.0,218.2,218.44,218.2,172.0,3754890.0,217.87
601888.SH,2022-12-29,0.0,218.2,218.32,218.18,134.0,2924320.0,217.872
601888.SH,2022-12-29,0.0,218.0,218.22,217.81,598.0,13039800.0,217.876
601888.SH,2022-12-29,0.0,218.4,218.42,217.8,574.0,12520100.0,217.88
601888.SH,2022-12-29,0.0,218.06,218.88,218.06,435.0,9497680.0,217.886
601888.SH,2022-12-29,0.0,218.2,218.2,217.99,135.0,2943740.0,217.887
601888.SH,2022-12-29,0.0,218.01,218.25,218.01,187.0,4080460.0,217.889
601888.SH,2022-12-29,0.0,218.08,218.24,217.96,301.0,6562480.0,217.89
601888.SH,2022-12-29,0.0,218.1,218.19,217.92,190.0,4142410.0,217.891
601888.SH,2022-12-29,0.0,217.98,218.09,217.97,193.0,4207440.0,217.892
601888.SH,2022-12-29,0.0,218.15,218.15,217.96,194.0,4229180.0,217.892
601888.SH,2022-12-29,0.0,218.2,218.32,218.04,214.0,4669760.0,217.894
601888.SH,2022-12-29,0.0,218.09,218.3,218.04,285.0,6218850.0,217.897
601888.SH,2022-12-29,0.0,218.18,218.23,218.09,175.0,3818200.0,217.899
601888.SH,2022-12-29,0.0,218.12,218.2,218.08,283.0,6173980.0,217.901
601888.SH,2022-12-29,0.0,217.91,218.1,217.89,396.0,8631710.0,217.902
601888.SH,2022-12-29,0.0,217.81,217.9,217.7,405.0,8822600.0,217.901
601888.SH,2022-12-29,0.0,218.35,218.35,217.72,476.0,10380200.0,217.903
601888.SH,2022-12-29,0.0,218.07,218.36,217.95,275.0,5997670.0,217.905
601888.SH,2022-12-29,0.0,217.73,218.0,217.72,466.0,10151800.0,217.904
601888.SH,2022-12-29,0.0,218.14,218.14,217.8,420.0,9153880.0,217.905
601888.SH,2022-12-29,0.0,218.09,218.26,218.09,99.0,2159700.0,217.905
601888.SH,2022-12-29,0.0,217.97,218.16,217.91,255.0,5566720.0,217.906
601888.SH,2022-12-29,0.0,218.47,218.5,217.97,101.0,2203480.0,217.907
601888.SH,2022-12-29,0.0,218.13,218.28,218.12,160.0,3491960.0,217.908
601888.SH,2022-12-29,0.0,218.2,218.21,218.2,128.0,2792940.0,217.909
601888.SH,2022-12-29,0.0,218.39,218.41,218.21,132.0,2876280.0,217.911
601888.SH,2022-12-29,0.0,218.11,218.38,218.11,173.0,3780940.0,217.912
601888.SH,2022-12-29,0.0,218.1,218.12,217.98,272.0,5931870.0,217.914
601888.SH,2022-12-29,0.0,218.08,218.09,217.94,185.0,4032770.0,217.914
601888.SH,2022-12-29,0.0,217.99,218.0,217.94,375.0,8174470.0,217.915
601888.SH,2022-12-29,0.0,217.58,217.96,217.58,332.0,7231130.0,217.914
601888.SH,2022-12-29,0.0,217.54,217.61,217.5,376.0,8180240.0,217.91
601888.SH,2022-12-29,0.0,217.22,217.8,217.22,375.0,8155640.0,217.906
601888.SH,2022-12-29,0.0,217.2,217.4,217.16,496.0,10775400.0,217.898
601888.SH,2022-12-29,0.0,217.32,217.32,217.16,349.0,7580720.0,217.892
601888.SH,2022-12-29,0.0,217.12,217.32,217.12,639.0,13878800.0,217.881
601888.SH,2022-12-29,0.0,216.88,217.2,216.88,772.0,16752200.0,217.864
601888.SH,2022-12-29,0.0,217.25,217.32,216.9,371.0,8050870.0,217.857
601888.SH,2022-12-29,0.0,217.06,217.16,217.05,141.0,3061150.0,217.854
601888.SH,2022-12-29,0.0,216.81,217.05,216.8,639.0,13858400.0,217.84
601888.SH,2022-12-29,0.0,216.94,217.06,216.7,348.0,7547060.0,217.832
601888.SH,2022-12-29,0.0,216.51,216.89,216.51,840.0,18202600.0,217.811
601888.SH,2022-12-29,0.0,216.53,216.8,216.51,712.0,15417300.0,217.79
601888.SH,2022-12-29,0.0,216.2,216.52,216.2,642.0,13886600.0,217.769
601888.SH,2022-12-29,0.0,216.1,216.2,216.0,1034.0,22342900.0,217.731
601888.SH,2022-12-29,0.0,216.01,216.1,216.0,670.0,14474300.0,217.707
601888.SH,2022-12-29,0.0,216.6,216.6,216.0,279.0,6033030.0,217.698
601888.SH,2022-12-29,0.0,216.69,216.69,216.37,187.0,4047810.0,217.693
601888.SH,2022-12-29,0.0,216.4,216.69,216.4,219.0,4742240.0,217.688
601888.SH,2022-12-29,0.0,216.3,216.51,216.2,282.0,6099920.0,217.68
601888.SH,2022-12-29,0.0,216.3,216.34,216.21,196.0,4239300.0,217.674
601888.SH,2022-12-29,0.0,216.15,216.28,216.14,288.0,6226840.0,217.666
601888.SH,2022-12-29,0.0,215.93,216.11,215.9,947.0,20461100.0,217.634
601888.SH,2022-12-29,0.0,216.15,216.24,215.92,483.0,10433200.0,217.618
601888.SH,2022-12-29,0.0,216.11,216.14,216.0,146.0,3154740.0,217.614
601888.SH,2022-12-29,0.0,216.37,216.5,216.1,213.0,4605660.0,217.608
601888.SH,2022-12-29,0.0,216.42,216.43,216.35,107.0,2315330.0,217.605
601888.SH,2022-12-29,0.0,216.38,216.43,216.36,146.0,3159350.0,217.602
601888.SH,2022-12-29,0.0,216.1,216.38,216.1,209.0,4509140.0,217.596
601888.SH,2022-12-29,0.0,216.1,216.1,215.98,450.0,9730550.0,217.582
601888.SH,2022-12-29,0.0,216.26,216.36,216.08,177.0,3826090.0,217.577
601888.SH,2022-12-29,0.0,217.0,217.61,216.26,622.0,13477600.0,217.568
601888.SH,2022-12-29,0.0,216.52,217.16,216.51,146.0,3171420.0,217.566
601888.SH,2022-12-29,0.0,217.1,217.26,216.51,210.0,4554800.0,217.563
601888.SH,2022-12-29,0.0,216.97,217.16,216.97,97.0,2105640.0,217.562
601888.SH,2022-12-29,0.0,217.16,217.16,216.7,240.0,5206860.0,217.559
601888.SH,2022-12-29,0.0,217.15,217.21,217.11,120.0,2605990.0,217.559
601888.SH,2022-12-29,0.0,217.23,217.35,217.1,157.0,3409770.0,217.557
601888.SH,2022-12-29,0.0,217.3,217.34,217.22,190.0,4128270.0,217.556
601888.SH,2022-12-29,0.0,217.31,217.32,217.25,187.0,4063290.0,217.556
601888.SH,2022-12-29,0.0,217.6,217.6,217.23,352.0,7650830.0,217.554
601888.SH,2022-12-29,0.0,217.45,217.62,217.39,89.0,1935690.0,217.554
601888.SH,2022-12-29,0.0,217.28,217.58,217.24,66.0,1434930.0,217.554
601888.SH,2022-12-29,0.0,217.44,217.45,217.23,185.0,4026240.0,217.553
601888.SH,2022-12-29,0.0,217.4,217.58,217.34,82.0,1782710.0,217.553
601888.SH,2022-12-29,0.0,217.33,217.37,217.33,64.0,1391050.0,217.553
601888.SH,2022-12-29,0.0,217.17,217.3,217.17,125.0,2715440.0,217.552
601888.SH,2022-12-29,0.0,216.99,217.17,216.98,98.0,2127660.0,217.551
601888.SH,2022-12-29,0.0,216.81,216.96,216.8,138.0,2992470.0,217.549
601888.SH,2022-12-29,0.0,216.85,216.85,216.7,119.0,2579620.0,217.547
601888.SH,2022-12-29,0.0,217.22,217.25,216.76,252.0,5469450.0,217.545
601888.SH,2022-12-29,0.0,217.17,217.22,217.09,113.0,2454040.0,217.544
601888.SH,2022-12-29,0.0,216.99,217.17,216.98,101.0,2192340.0,217.543
601888.SH,2022-12-29,0.0,217.29,217.29,216.98,278.0,6035460.0,217.541
601888.SH,2022-12-29,0.0,217.36,217.45,217.31,159.0,3458260.0,217.541
601888.SH,2022-12-29,0.0,217.0,217.31,217.0,143.0,3106060.0,217.54
601888.SH,2022-12-29,0.0,216.84,216.97,216.84,164.0,3564300.0,217.538
601888.SH,2022-12-29,0.0,216.86,216.92,216.84,112.0,2429290.0,217.537
601888.SH,2022-12-29,0.0,216.86,216.86,216.81,215.0,4661910.0,217.534
601888.SH,2022-12-29,0.0,216.83,216.85,216.82,165.0,3577880.0,217.532
601888.SH,2022-12-29,0.0,217.03,217.25,216.8,255.0,5540750.0,217.529
601888.SH,2022-12-29,0.0,217.32,217.32,217.0,208.0,4507920.0,217.528
601888.SH,2022-12-29,0.0,217.53,217.65,217.31,274.0,5952700.0,217.528
601888.SH,2022-12-29,0.0,217.31,217.5,217.25,206.0,4471050.0,217.527
601888.SH,2022-12-29,0.0,217.0,217.08,216.9,385.0,8345860.0,217.524
601888.SH,2022-12-29,0.0,216.9,217.01,216.9,490.0,10641400.0,217.519
601888.SH,2022-12-29,0.0,216.78,216.93,216.77,201.0,4358420.0,217.517
601888.SH,2022-12-29,0.0,216.79,216.81,216.7,176.0,3815060.0,217.514
601888.SH,2022-12-29,0.0,216.51,216.72,216.51,187.0,4051030.0,217.512
601888.SH,2022-12-29,0.0,216.43,216.51,216.32,300.0,6492710.0,217.506
601888.SH,2022-12-29,0.0,216.63,216.63,216.43,254.0,5499640.0,217.502
601888.SH,2022-12-29,0.0,216.56,216.66,216.53,154.0,3335720.0,217.5
601888.SH,2022-12-29,0.0,216.76,216.84,216.53,197.0,4268960.0,217.497
601888.SH,2022-12-29,0.0,216.53,216.76,216.52,240.0,5199880.0,217.493
601888.SH,2022-12-29,0.0,216.45,216.55,216.3,538.0,11633200.0,217.482
601888.SH,2022-12-29,0.0,216.0,216.45,216.0,2707.0,58488400.0,217.421
601888.SH,2022-12-29,0.0,216.02,216.47,215.99,2690.0,58114200.0,217.364
601888.SH,2022-12-29,0.0,216.0,216.44,216.0,1290.0,27864800.0,217.338
601888.SH,2022-12-29,0.0,216.37,216.45,215.99,665.0,14365800.0,217.325
601888.SH,2022-12-29,0.0,216.22,216.46,216.22,213.0,4608410.0,217.322
601888.SH,2022-12-29,0.0,216.01,216.22,216.01,203.0,4387430.0,217.319
601888.SH,2022-12-29,0.0,216.06,216.12,216.0,196.0,4234680.0,217.315
601888.SH,2022-12-29,0.0,216.03,216.12,216.03,198.0,4278460.0,217.311
601888.SH,2022-12-29,0.0,216.04,216.08,216.03,286.0,6179180.0,217.306
601888.SH,2022-12-29,0.0,216.04,216.08,216.03,401.0,8664150.0,217.299
601888.SH,2022-12-29,0.0,216.02,216.07,216.0,486.0,10499100.0,217.29
601888.SH,2022-12-29,0.0,216.0,216.02,216.0,244.0,5270610.0,217.286
601888.SH,2022-12-29,0.0,215.94,216.0,215.94,292.0,6306610.0,217.28
601888.SH,2022-12-29,0.0,215.89,215.98,215.88,483.0,10428400.0,217.271
601888.SH,2022-12-29,0.0,216.01,216.02,215.85,459.0,9910380.0,217.262
601888.SH,2022-12-29,0.0,215.98,216.05,215.98,269.0,5810650.0,217.257
601888.SH,2022-12-29,0.0,215.86,216.03,215.8,393.0,8478010.0,217.25
601888.SH,2022-12-29,0.0,215.93,215.93,215.85,205.0,4425270.0,217.246
601888.SH,2022-12-29,0.0,215.98,216.05,215.87,262.0,5657810.0,217.241
601888.SH,2022-12-29,0.0,216.21,216.21,215.63,832.0,17964900.0,217.226
601888.SH,2022-12-29,0.0,216.33,216.35,216.0,819.0,17700000.0,217.213
601888.SH,2022-12-29,0.0,216.35,216.35,216.3,296.0,6403050.0,217.21
601888.SH,2022-12-29,0.0,216.31,216.39,216.31,132.0,2855620.0,217.208
601888.SH,2022-12-29,0.0,216.1,216.31,216.1,212.0,4583730.0,217.205
601888.SH,2022-12-29,0.0,216.16,216.24,216.15,312.0,6744900.0,217.201
601888.SH,2022-12-29,0.0,216.37,216.37,216.16,231.0,4994700.0,217.198
601888.SH,2022-12-29,0.0,216.24,216.37,216.17,306.0,6619860.0,217.195
601888.SH,2022-12-29,0.0,216.28,216.36,216.19,237.0,5125020.0,217.192
601888.SH,2022-12-29,0.0,216.3,216.5,216.29,244.0,5278830.0,217.189
601888.SH,2022-12-29,0.0,216.04,216.35,216.02,234.0,5058380.0,217.186
601888.SH,2022-12-29,0.0,216.01,216.1,216.0,306.0,6611440.0,217.181
601888.SH,2022-12-29,0.0,216.15,216.15,216.0,310.0,6697240.0,217.177
601888.SH,2022-12-29,0.0,216.38,216.68,216.18,388.0,8394480.0,217.173
601888.SH,2022-12-29,0.0,216.74,216.74,216.39,207.0,4485890.0,217.171
601888.SH,2022-12-29,0.0,216.45,216.75,216.45,389.0,8425250.0,217.168
601888.SH,2022-12-29,0.0,216.35,216.52,216.35,251.0,5429990.0,217.166
601888.SH,2022-12-29,0.0,216.62,216.65,216.38,331.0,7170430.0,217.163
601888.SH,2022-12-29,0.0,216.88,216.88,216.58,244.0,5288390.0,217.162
601888.SH,2022-12-29,0.0,216.67,216.84,216.67,176.0,3814440.0,217.161
601888.SH,2022-12-29,0.0,216.64,216.74,216.56,245.0,5308270.0,217.159
601888.SH,2022-12-29,0.0,216.54,216.64,216.38,426.0,9222170.0,217.156
601888.SH,2022-12-29,0.0,216.65,216.87,216.47,371.0,8035460.0,217.153
601888.SH,2022-12-29,0.0,216.57,216.86,216.55,252.0,5458870.0,217.151
601888.SH,2022-12-29,0.0,216.64,216.71,216.41,392.0,8486310.0,217.148
601888.SH,2022-12-29,0.0,216.6,216.71,216.52,220.0,4764600.0,217.146
601888.SH,2022-12-29,0.0,216.7,216.71,216.54,203.0,4397110.0,217.145
601888.SH,2022-12-29,0.0,217.0,217.05,216.63,550.0,11932200.0,217.144
601888.SH,2022-12-29,0.0,216.95,217.13,216.8,459.0,9958370.0,217.143
601888.SH,2022-12-29,0.0,216.91,216.98,216.83,339.0,7353120.0,217.142
601888.SH,2022-12-29,0.0,217.0,217.06,216.86,461.0,10002400.0,217.141
601888.SH,2022-12-29,0.0,216.88,217.0,216.82,434.0,9414950.0,217.14
601888.SH,2022-12-29,0.0,216.94,217.01,216.88,345.0,7485010.0,217.139
601888.SH,2022-12-29,0.0,216.76,216.94,216.75,412.0,8933560.0,217.137
601888.SH,2022-12-29,0.0,216.69,216.76,216.63,251.0,5439220.0,217.136
601888.SH,2022-12-29,0.0,216.64,216.69,216.64,219.0,4744640.0,217.135
601888.SH,2022-12-29,0.0,216.59,216.68,216.58,269.0,5827160.0,217.133
601888.SH,2022-12-29,0.0,216.46,216.64,216.4,341.0,7381990.0,217.131
601888.SH,2022-12-29,0.0,216.54,216.59,216.39,585.0,12663500.0,217.126
601888.SH,2022-12-29,0.0,216.55,216.64,216.54,357.0,7732200.0,217.124
601888.SH,2022-12-29,0.0,216.63,216.66,216.5,433.0,9378820.0,217.121
601888.SH,2022-12-29,0.0,216.58,216.7,216.56,325.0,7040790.0,217.119
601888.SH,2022-12-29,0.0,216.49,216.58,216.47,342.0,7404490.0,217.117
601888.SH,2022-12-29,0.0,216.25,216.51,216.25,351.0,7592680.0,217.114
601888.SH,2022-12-29,0.0,216.18,216.4,216.18,867.0,18745700.0,217.105
601888.SH,2022-12-29,0.0,216.04,216.23,216.03,666.0,14394900.0,217.098
601888.SH,2022-12-29,0.0,216.04,216.26,216.03,1359.0,29362200.0,217.082
601888.SH,2022-12-29,0.0,216.11,216.42,216.02,802.0,17340100.0,217.074
601888.SH,2022-12-29,0.0,216.18,216.35,216.06,302.0,6529320.0,217.071
601888.SH,2022-12-29,0.0,216.01,216.21,216.0,795.0,17174800.0,217.062
601888.SH,2022-12-29,0.0,215.55,216.0,215.54,1012.0,21843900.0,217.048
601888.SH,2022-12-29,0.0,215.8,215.81,215.56,643.0,13874900.0,217.038
601888.SH,2022-12-29,0.0,216.06,216.12,215.8,406.0,8764350.0,217.034
601888.SH,2022-12-29,0.0,216.13,216.21,216.05,371.0,8020900.0,217.03
601888.SH,2022-12-29,0.0,216.13,216.13,216.13,2.0,43226.0,217.03
601888.SH,2022-12-29,0.0,216.13,216.13,216.13,0.0,0.0,217.03
601888.SH,2022-12-29,0.0,216.15,216.15,216.15,1497.0,32357700.0,217.016
601888.SH,2022-12-30,217.88,217.88,217.88,217.88,294.0,6405670.0,217.88
601888.SH,2022-12-30,217.88,217.01,218.72,216.95,2129.0,46359100.0,217.793
601888.SH,2022-12-30,217.53,217.06,217.53,216.77,1647.0,35748000.0,217.492
601888.SH,2022-12-30,217.02,216.78,217.02,216.76,1103.0,23932400.0,217.382
601888.SH,2022-12-30,216.84,216.99,217.49,216.8,1420.0,30818300.0,217.306
601888.SH,2022-12-30,216.99,217.0,217.39,216.99,1596.0,34633900.0,217.248
601888.SH,2022-12-30,217.08,216.32,217.45,216.32,1032.0,22387700.0,217.213
601888.SH,2022-12-30,216.48,217.0,217.0,216.48,519.0,11255000.0,217.194
601888.SH,2022-12-30,217.31,217.27,217.5,216.98,673.0,14614800.0,217.192
601888.SH,2022-12-30,217.22,217.01,217.24,216.97,566.0,12285000.0,217.184
601888.SH,2022-12-30,217.15,217.27,217.49,217.14,424.0,9214570.0,217.189
601888.SH,2022-12-30,217.24,216.9,217.24,216.9,929.0,20161800.0,217.177
601888.SH,2022-12-30,216.94,216.28,216.94,216.21,827.0,17905500.0,217.135
601888.SH,2022-12-30,216.32,216.33,216.78,216.2,716.0,15494600.0,217.098
601888.SH,2022-12-30,216.3,215.99,216.33,215.68,1230.0,26569900.0,217.009
601888.SH,2022-12-30,215.99,216.01,216.03,215.82,357.0,7710190.0,216.986
601888.SH,2022-12-30,216.0,216.05,216.07,215.82,726.0,15678100.0,216.939
601888.SH,2022-12-30,216.07,216.79,216.88,216.07,514.0,11126900.0,216.925
601888.SH,2022-12-30,216.8,216.98,217.0,216.79,370.0,8025800.0,216.925
601888.SH,2022-12-30,217.0,216.9,217.0,216.7,356.0,7722270.0,216.925
601888.SH,2022-12-30,216.9,216.74,217.0,216.74,748.0,16229500.0,216.926
601888.SH,2022-12-30,216.82,216.86,216.96,216.59,177.0,3837310.0,216.925
601888.SH,2022-12-30,216.9,217.0,217.0,216.89,271.0,5878780.0,216.925
601888.SH,2022-12-30,217.0,217.0,217.1,216.99,648.0,14061600.0,216.928
601888.SH,2022-12-30,217.0,216.66,217.12,216.66,549.0,11903300.0,216.925
601888.SH,2022-12-30,216.66,216.74,216.91,216.65,266.0,5765460.0,216.922
601888.SH,2022-12-30,216.74,216.94,216.99,216.73,228.0,4945410.0,216.922
601888.SH,2022-12-30,216.97,216.25,216.98,216.25,351.0,7606020.0,216.918
601888.SH,2022-12-30,216.64,216.4,216.64,216.33,213.0,4613120.0,216.915
601888.SH,2022-12-30,216.4,216.5,216.62,216.4,204.0,4417610.0,216.911
601888.SH,2022-12-30,216.5,216.53,216.59,216.44,282.0,6105570.0,216.906
601888.SH,2022-12-30,216.57,216.97,216.97,216.57,297.0,6429970.0,216.905
601888.SH,2022-12-30,217.0,216.99,217.18,216.91,856.0,18575300.0,216.909
601888.SH,2022-12-30,216.96,216.99,217.17,216.96,434.0,9418160.0,216.911
601888.SH,2022-12-30,217.0,216.8,217.01,216.8,335.0,7268210.0,216.911
601888.SH,2022-12-30,216.9,216.97,217.07,216.9,408.0,8853250.0,216.913
601888.SH,2022-12-30,216.94,216.45,216.94,216.34,335.0,7255130.0,216.908
601888.SH,2022-12-30,216.39,216.16,216.44,216.0,384.0,8302990.0,216.897
601888.SH,2022-12-30,216.12,215.6,216.12,215.59,769.0,16595000.0,216.864
601888.SH,2022-12-30,215.59,216.04,216.04,215.58,457.0,9869480.0,216.844
601888.SH,2022-12-30,216.1,215.89,216.15,215.89,252.0,5443350.0,216.836
601888.SH,2022-12-30,215.89,216.21,216.21,215.89,236.0,5100180.0,216.83
601888.SH,2022-12-30,216.3,215.9,216.3,215.9,244.0,5270860.0,216.822
601888.SH,2022-12-30,215.91,215.7,215.91,215.11,772.0,16640200.0,216.786
601888.SH,2022-12-30,215.78,215.54,215.79,215.51,250.0,5390460.0,216.775
601888.SH,2022-12-30,215.51,215.4,215.55,215.4,245.0,5279360.0,216.764
601888.SH,2022-12-30,215.39,215.18,215.39,215.18,338.0,7276650.0,216.746
601888.SH,2022-12-30,215.18,214.72,215.18,214.66,1014.0,21799100.0,216.684
601888.SH,2022-12-30,214.66,214.66,214.71,214.3,655.0,14059300.0,216.639
601888.SH,2022-12-30,214.66,214.5,214.79,214.5,380.0,8157170.0,216.614
601888.SH,2022-12-30,214.5,214.15,214.5,214.15,287.0,6150640.0,216.592
601888.SH,2022-12-30,214.15,214.28,214.32,214.09,809.0,17329000.0,216.53
601888.SH,2022-12-30,214.23,214.2,214.35,214.2,616.0,13196300.0,216.485
601888.SH,2022-12-30,214.2,214.15,214.21,214.15,269.0,5761560.0,216.466
601888.SH,2022-12-30,214.15,213.82,214.15,213.8,1068.0,22857100.0,216.387
601888.SH,2022-12-30,213.81,213.11,213.81,213.11,948.0,20239500.0,216.306
601888.SH,2022-12-30,213.44,213.83,214.0,213.05,886.0,18914400.0,216.235
601888.SH,2022-12-30,213.83,213.97,213.97,213.83,348.0,7444410.0,216.212
601888.SH,2022-12-30,214.0,214.11,214.12,213.98,620.0,13269900.0,216.174
601888.SH,2022-12-30,214.12,214.14,214.16,214.12,335.0,7173510.0,216.155
601888.SH,2022-12-30,214.14,214.46,214.46,214.14,321.0,6877980.0,216.139
601888.SH,2022-12-30,214.33,214.72,214.97,214.33,550.0,11798800.0,216.115
601888.SH,2022-12-30,214.71,214.4,214.71,214.35,262.0,5618590.0,216.103
601888.SH,2022-12-30,214.38,214.05,214.39,214.05,118.0,2528200.0,216.097
601888.SH,2022-12-30,214.05,213.98,214.18,213.98,366.0,7835360.0,216.078
601888.SH,2022-12-30,213.98,213.49,213.98,213.49,446.0,9530230.0,216.05
601888.SH,2022-12-30,213.5,213.57,213.57,213.5,370.0,7900550.0,216.026
601888.SH,2022-12-30,213.57,213.83,213.93,213.57,420.0,8974260.0,216.0
601888.SH,2022-12-30,213.83,213.77,213.83,213.7,115.0,2458310.0,215.994
601888.SH,2022-12-30,213.78,214.04,214.04,213.78,420.0,8982630.0,215.971
601888.SH,2022-12-30,214.19,214.28,214.3,214.19,213.0,4563970.0,215.962
601888.SH,2022-12-30,214.28,214.04,214.28,214.0,358.0,7667560.0,215.946
601888.SH,2022-12-30,214.0,214.02,214.2,214.0,257.0,5501080.0,215.934
601888.SH,2022-12-30,214.02,213.78,214.09,213.78,136.0,2909150.0,215.928
601888.SH,2022-12-30,213.78,213.61,213.78,213.57,282.0,6025960.0,215.912
601888.SH,2022-12-30,213.6,213.56,213.6,213.53,370.0,7901580.0,215.891
601888.SH,2022-12-30,213.56,213.53,213.56,213.51,241.0,5145990.0,215.877
601888.SH,2022-12-30,213.52,213.68,213.68,213.52,298.0,6365770.0,215.861
601888.SH,2022-12-30,213.7,213.74,213.79,213.7,244.0,5215260.0,215.849
601888.SH,2022-12-30,213.74,213.97,213.97,213.73,303.0,6478750.0,215.834
601888.SH,2022-12-30,213.99,214.4,214.4,213.99,561.0,12018400.0,215.813
601888.SH,2022-12-30,214.5,214.78,214.78,214.41,551.0,11822700.0,215.797
601888.SH,2022-12-30,214.82,214.99,215.37,214.82,554.0,11917900.0,215.789
601888.SH,2022-12-30,214.99,214.83,215.3,214.83,583.0,12536400.0,215.779
601888.SH,2022-12-30,214.9,214.91,215.11,214.9,395.0,8490630.0,215.772
601888.SH,2022-12-30,214.92,214.68,214.92,214.68,226.0,4855660.0,215.767
601888.SH,2022-12-30,214.6,214.69,214.7,214.55,123.0,2640120.0,215.764
601888.SH,2022-12-30,214.69,215.05,215.05,214.69,245.0,5264250.0,215.759
601888.SH,2022-12-30,215.2,214.95,215.24,214.95,227.0,4882520.0,215.756
601888.SH,2022-12-30,214.95,214.82,214.95,214.78,240.0,5156800.0,215.751
601888.SH,2022-12-30,214.86,215.0,215.19,214.86,177.0,3806420.0,215.748
601888.SH,2022-12-30,215.0,215.28,215.29,215.0,313.0,6732710.0,215.744
601888.SH,2022-12-30,215.26,215.33,215.33,215.26,217.0,4672080.0,215.742
601888.SH,2022-12-30,215.33,215.17,215.35,215.16,398.0,8568390.0,215.738
601888.SH,2022-12-30,215.13,215.0,215.16,215.0,232.0,4989420.0,215.735
601888.SH,2022-12-30,215.0,215.1,215.15,214.9,304.0,6537040.0,215.73
601888.SH,2022-12-30,215.1,215.01,215.1,215.0,190.0,4085530.0,215.728
601888.SH,2022-12-30,215.01,215.09,215.09,215.0,156.0,3354780.0,215.725
601888.SH,2022-12-30,215.11,215.07,215.13,215.07,96.0,2064910.0,215.724
601888.SH,2022-12-30,215.08,215.05,215.09,215.04,93.0,2000090.0,215.723
601888.SH,2022-12-30,215.06,215.1,215.32,215.05,212.0,4560720.0,215.72
601888.SH,2022-12-30,215.31,215.45,215.48,215.31,166.0,3575660.0,215.719
601888.SH,2022-12-30,215.48,215.42,215.48,215.42,217.0,4675540.0,215.718
601888.SH,2022-12-30,215.41,215.36,215.42,215.33,152.0,3273880.0,215.717
601888.SH,2022-12-30,215.37,215.37,215.5,215.37,299.0,6442210.0,215.715
601888.SH,2022-12-30,215.4,215.51,215.52,215.32,315.0,6787560.0,215.714
601888.SH,2022-12-30,215.52,215.6,215.6,215.52,313.0,6746580.0,215.713
601888.SH,2022-12-30,215.62,215.59,215.64,215.55,267.0,5756820.0,215.712
601888.SH,2022-12-30,215.57,215.63,215.63,215.57,205.0,4419830.0,215.712
601888.SH,2022-12-30,215.6,215.92,215.92,215.6,260.0,5610920.0,215.712
601888.SH,2022-12-30,215.94,215.94,215.99,215.94,297.0,6414330.0,215.714
601888.SH,2022-12-30,215.94,215.83,215.94,215.83,298.0,6433860.0,215.715
601888.SH,2022-12-30,215.83,215.7,215.83,215.7,81.0,1747880.0,215.715
601888.SH,2022-12-30,215.7,215.55,215.7,215.52,216.0,4657570.0,215.715
601888.SH,2022-12-30,215.68,215.83,215.83,215.59,470.0,10139700.0,215.715
601888.SH,2022-12-30,215.83,215.79,216.0,215.55,299.0,6454500.0,215.716
601888.SH,2022-12-30,215.8,215.58,215.81,215.58,153.0,3301250.0,215.716
601888.SH,2022-12-30,215.58,215.1,215.58,215.1,182.0,3921020.0,215.715
601888.SH,2022-12-30,215.22,215.56,215.57,215.15,279.0,6010480.0,215.713
601888.SH,2022-12-30,215.56,215.51,215.79,215.51,272.0,5866480.0,215.713
601888.SH,2022-12-30,215.51,215.12,215.51,215.1,207.0,4457180.0,215.712
601888.SH,2022-12-30,215.18,216.05,216.1,215.18,526.0,11346800.0,215.712
601888.SH,2022-12-30,216.06,216.24,216.27,216.06,203.0,4388780.0,215.714
601888.SH,2022-12-30,216.23,216.0,216.23,215.82,236.0,5098140.0,215.715
601888.SH,2022-12-30,216.1,216.01,216.1,215.8,361.0,7795010.0,215.716
601888.SH,2022-12-30,216.01,215.97,216.01,215.94,92.0,1986980.0,215.717
601888.SH,2022-12-30,215.97,216.09,216.11,215.97,129.0,2786840.0,215.718
601888.SH,2022-12-30,216.09,216.2,216.2,216.09,245.0,5295930.0,215.72
601888.SH,2022-12-30,216.2,216.35,216.35,216.2,130.0,2811220.0,215.721
601888.SH,2022-12-30,216.3,216.2,216.34,216.2,216.0,4671540.0,215.723
601888.SH,2022-12-30,216.2,215.99,216.2,215.98,193.0,4170740.0,215.724
601888.SH,2022-12-30,216.0,216.36,216.36,215.98,479.0,10354200.0,215.728
601888.SH,2022-12-30,216.35,216.36,216.44,216.35,214.0,4630120.0,215.73
601888.SH,2022-12-30,216.4,216.93,216.97,216.4,522.0,11311600.0,215.739
601888.SH,2022-12-30,216.95,216.87,216.98,216.87,350.0,7591940.0,215.746
601888.SH,2022-12-30,216.89,216.7,216.89,216.6,172.0,3727080.0,215.749
601888.SH,2022-12-30,216.7,216.58,216.7,216.58,343.0,7434360.0,215.755
601888.SH,2022-12-30,216.58,216.3,216.58,216.3,118.0,2554140.0,215.757
601888.SH,2022-12-30,216.29,216.57,216.6,216.25,237.0,5129100.0,215.759
601888.SH,2022-12-30,216.57,216.53,216.58,216.5,117.0,2533680.0,215.761
601888.SH,2022-12-30,216.4,216.5,216.53,216.4,171.0,3702320.0,215.763
601888.SH,2022-12-30,216.44,216.65,216.65,216.44,184.0,3983960.0,215.765
601888.SH,2022-12-30,216.53,216.67,216.8,216.52,176.0,3812760.0,215.768
601888.SH,2022-12-30,216.66,216.64,216.67,216.64,125.0,2708190.0,215.77
601888.SH,2022-12-30,216.64,216.63,216.66,216.62,104.0,2253040.0,215.771
601888.SH,2022-12-30,216.62,216.69,216.69,216.52,196.0,4246720.0,215.774
601888.SH,2022-12-30,216.76,216.88,216.88,216.69,161.0,3490020.0,215.777
601888.SH,2022-12-30,216.88,216.85,216.91,216.82,367.0,7959690.0,215.784
601888.SH,2022-12-30,216.85,216.59,216.85,216.56,136.0,2947100.0,215.786
601888.SH,2022-12-30,216.57,216.71,216.8,216.52,116.0,2512860.0,215.787
601888.SH,2022-12-30,216.7,216.54,216.79,216.5,221.0,4787090.0,215.79
601888.SH,2022-12-30,216.54,216.8,216.85,216.54,184.0,3987570.0,215.793
601888.SH,2022-12-30,216.83,216.88,216.9,216.83,235.0,5095980.0,215.797
601888.SH,2022-12-30,216.88,216.73,216.91,216.73,260.0,5638590.0,215.802
601888.SH,2022-12-30,216.76,216.8,216.8,216.69,169.0,3663100.0,215.804
601888.SH,2022-12-30,216.73,216.83,216.87,216.73,541.0,11730200.0,215.813
601888.SH,2022-12-30,216.77,216.66,216.83,216.66,215.0,4660190.0,215.817
601888.SH,2022-12-30,216.69,216.59,216.77,216.18,240.0,5197730.0,215.82
601888.SH,2022-12-30,216.59,216.66,216.8,216.59,158.0,3423140.0,215.822
601888.SH,2022-12-30,216.6,216.4,216.74,216.36,191.0,4135620.0,215.824
601888.SH,2022-12-30,216.35,216.16,216.41,216.11,373.0,8063680.0,215.826
601888.SH,2022-12-30,216.31,216.8,216.8,216.31,784.0,16954000.0,215.831
601888.SH,2022-12-30,216.45,216.47,216.68,216.41,102.0,2208200.0,215.832
601888.SH,2022-12-30,216.47,216.19,216.48,216.11,202.0,4368830.0,215.834
601888.SH,2022-12-30,216.19,216.19,216.4,216.19,93.0,2011200.0,215.834
601888.SH,2022-12-30,216.21,216.29,216.46,216.19,242.0,5234050.0,215.836
601888.SH,2022-12-30,216.44,216.29,216.44,216.29,196.0,4241330.0,215.838
601888.SH,2022-12-30,216.27,216.29,216.4,216.2,263.0,5688320.0,215.84
601888.SH,2022-12-30,216.29,216.11,216.3,216.11,146.0,3157010.0,215.84
601888.SH,2022-12-30,216.11,216.32,216.32,216.11,174.0,3761610.0,215.841
601888.SH,2022-12-30,216.32,216.5,216.8,216.16,384.0,8312110.0,215.845
601888.SH,2022-12-30,216.5,216.56,216.8,216.5,237.0,5135490.0,215.848
601888.SH,2022-12-30,216.79,216.8,216.83,216.59,186.0,4030910.0,215.851
601888.SH,2022-12-30,216.7,216.8,216.84,216.69,217.0,4703370.0,215.853
601888.SH,2022-12-30,216.84,216.99,217.18,216.84,1283.0,27841400.0,215.875
601888.SH,2022-12-30,217.0,216.92,217.0,216.92,312.0,6769530.0,215.88
601888.SH,2022-12-30,216.92,216.95,216.98,216.9,275.0,5965460.0,215.885
601888.SH,2022-12-30,216.93,216.92,217.0,216.91,193.0,4187240.0,215.888
601888.SH,2022-12-30,216.99,217.0,217.03,216.9,672.0,14582000.0,215.898
601888.SH,2022-12-30,217.0,216.9,217.0,216.8,422.0,9155900.0,215.905
601888.SH,2022-12-30,216.9,216.77,216.9,216.71,182.0,3954010.0,215.907
601888.SH,2022-12-30,216.77,216.6,216.77,216.58,166.0,3596900.0,215.909
601888.SH,2022-12-30,216.58,216.6,216.66,216.58,219.0,4743410.0,215.911
601888.SH,2022-12-30,216.59,216.77,216.78,216.59,205.0,4442740.0,215.914
601888.SH,2022-12-30,216.8,216.74,216.99,216.6,177.0,3836660.0,215.916
601888.SH,2022-12-30,216.74,216.87,216.87,216.71,117.0,2536420.0,215.917
601888.SH,2022-12-30,216.73,216.98,216.98,216.73,293.0,6355370.0,215.921
601888.SH,2022-12-30,216.91,216.85,217.0,216.79,327.0,7094200.0,215.926
601888.SH,2022-12-30,216.85,216.96,216.96,216.81,304.0,6593940.0,215.93
601888.SH,2022-12-30,216.98,216.98,217.03,216.96,567.0,12303700.0,215.939
601888.SH,2022-12-30,217.0,216.93,217.0,216.93,158.0,3428230.0,215.941
601888.SH,2022-12-30,216.94,216.92,216.95,216.86,274.0,5943770.0,215.945
601888.SH,2022-12-30,216.92,216.98,217.0,216.8,878.0,19049200.0,215.957
601888.SH,2022-12-30,216.96,216.96,216.99,216.96,336.0,7290390.0,215.962
601888.SH,2022-12-30,216.95,216.97,216.97,216.95,219.0,4751540.0,215.965
601888.SH,2022-12-30,216.96,216.96,216.97,216.94,191.0,4144000.0,215.967
601888.SH,2022-12-30,216.95,216.98,217.0,216.95,317.0,6878560.0,215.972
601888.SH,2022-12-30,217.0,216.91,217.0,216.82,202.0,4382450.0,215.974
601888.SH,2022-12-30,217.0,216.99,217.0,216.95,198.0,4296400.0,215.977
601888.SH,2022-12-30,217.0,216.94,217.0,216.92,213.0,4621720.0,215.98
601888.SH,2022-12-30,216.93,216.8,216.95,216.8,177.0,3838620.0,215.982
601888.SH,2022-12-30,216.71,216.75,216.81,216.7,222.0,4812450.0,215.984
601888.SH,2022-12-30,216.75,216.7,216.75,216.7,116.0,2514040.0,215.985
601888.SH,2022-12-30,216.69,216.84,216.84,216.69,237.0,5131140.0,215.988
601888.SH,2022-12-30,216.96,216.96,217.0,216.85,262.0,5684300.0,215.991
601888.SH,2022-12-30,216.91,216.88,216.96,216.68,282.0,6115800.0,215.995
601888.SH,2022-12-30,216.88,216.8,216.88,216.7,174.0,3772610.0,215.996
601888.SH,2022-12-30,216.81,216.8,216.81,216.79,201.0,4357700.0,215.999
601888.SH,2022-12-30,216.8,216.95,216.95,216.8,231.0,5003330.0,216.001
601888.SH,2022-12-30,216.95,216.88,216.95,216.87,234.0,5075330.0,216.004
601888.SH,2022-12-30,216.88,216.99,217.1,216.88,507.0,11002000.0,216.01
601888.SH,2022-12-30,217.01,216.92,217.01,216.88,845.0,18335900.0,216.021
601888.SH,2022-12-30,216.95,216.95,217.0,216.86,210.0,4552410.0,216.024
601888.SH,2022-12-30,216.95,216.88,216.99,216.88,230.0,4989870.0,216.026
601888.SH,2022-12-30,216.86,216.97,216.98,216.81,196.0,4251060.0,216.028
601888.SH,2022-12-30,216.97,216.97,216.98,216.94,161.0,3497750.0,216.03
601888.SH,2022-12-30,217.0,217.0,217.01,216.95,587.0,12729400.0,216.037
601888.SH,2022-12-30,217.03,216.75,217.03,216.7,270.0,5857510.0,216.04
601888.SH,2022-12-30,216.8,216.53,216.8,216.5,226.0,4886760.0,216.042
601888.SH,2022-12-30,216.51,216.73,216.73,216.51,180.0,3903480.0,216.044
601888.SH,2022-12-30,216.73,216.55,216.73,216.55,245.0,5303350.0,216.045
601888.SH,2022-12-30,216.58,216.43,216.58,216.39,259.0,5606520.0,216.047
601888.SH,2022-12-30,216.45,216.53,216.57,216.41,184.0,3986040.0,216.048
601888.SH,2022-12-30,216.55,216.53,216.63,216.5,138.0,2991710.0,216.048
601888.SH,2022-12-30,216.54,216.62,216.63,216.53,282.0,6107140.0,216.05
601888.SH,2022-12-30,216.63,216.65,216.66,216.6,206.0,4462490.0,216.052
601888.SH,2022-12-30,216.65,216.99,217.0,216.65,339.0,7350820.0,216.055
601888.SH,2022-12-30,217.0,216.99,217.0,216.87,187.0,4054490.0,216.057
601888.SH,2022-12-30,216.92,216.95,217.0,216.85,266.0,5770670.0,216.06
601888.SH,2022-12-30,216.85,216.99,216.99,216.84,300.0,6507750.0,216.063
601888.SH,2022-12-30,216.98,216.87,217.0,216.81,362.0,7854500.0,216.067
601888.SH,2022-12-30,216.87,216.8,216.87,216.78,405.0,8779950.0,216.07
601888.SH,2022-12-30,216.83,216.78,216.83,216.74,229.0,4963680.0,216.072
601888.SH,2022-12-30,216.78,216.81,216.82,216.77,245.0,5311340.0,216.074
601888.SH,2022-12-30,216.82,216.78,216.82,216.77,330.0,7154470.0,216.077
601888.SH,2022-12-30,216.78,216.79,216.8,216.72,330.0,7149840.0,216.08
601888.SH,2022-12-30,216.79,216.87,216.88,216.78,354.0,7669550.0,216.083
601888.SH,2022-12-30,216.9,216.84,217.0,216.78,624.0,13540400.0,216.089
601888.SH,2022-12-30,216.81,216.81,216.81,216.81,1.0,21681.0,216.089
601888.SH,2022-12-30,216.81,216.81,216.81,216.81,0.0,0.0,216.089
601888.SH,2022-12-30,216.03,216.03,216.03,216.03,2250.0,48609100.0,216.087
601888.SH,2023-01-03,0.0,217.0,217.0,217.0,793.0,17208100.0,217.0
601888.SH,2023-01-03,0.0,217.44,217.83,216.18,2338.0,50734500.0,217.0
601888.SH,2023-01-03,0.0,218.14,218.5,217.16,1491.0,32473500.0,217.264
601888.SH,2023-01-03,0.0,218.38,218.39,218.0,2051.0,44745200.0,217.537
601888.SH,2023-01-03,0.0,218.23,218.49,218.22,1352.0,29517200.0,217.669
601888.SH,2023-01-03,0.0,217.14,218.0,217.01,870.0,18923500.0,217.654
601888.SH,2023-01-03,0.0,216.66,217.0,216.61,690.0,14955100.0,217.599
601888.SH,2023-01-03,0.0,214.56,216.46,214.0,1618.0,34820100.0,217.253
601888.SH,2023-01-03,0.0,214.6,215.14,214.6,1046.0,22477700.0,217.052
601888.SH,2023-01-03,0.0,213.87,214.6,213.46,1477.0,31607700.0,216.723
601888.SH,2023-01-03,0.0,214.62,214.63,213.63,949.0,20304900.0,216.544
601888.SH,2023-01-03,0.0,213.78,214.29,213.59,1501.0,32094500.0,216.292
601888.SH,2023-01-03,0.0,214.03,214.13,213.7,511.0,10916900.0,216.217
601888.SH,2023-01-03,0.0,214.42,214.58,213.75,648.0,13874300.0,216.138
601888.SH,2023-01-03,0.0,214.28,214.42,214.2,386.0,8273620.0,216.099
601888.SH,2023-01-03,0.0,214.01,214.29,213.99,456.0,9764820.0,216.05
601888.SH,2023-01-03,0.0,213.98,214.09,213.92,407.0,8709300.0,216.005
601888.SH,2023-01-03,0.0,213.77,214.0,213.77,573.0,12258200.0,215.943
601888.SH,2023-01-03,0.0,213.92,214.0,213.65,870.0,18597100.0,215.848
601888.SH,2023-01-03,0.0,213.05,213.9,213.05,1572.0,33555500.0,215.674
601888.SH,2023-01-03,0.0,213.35,213.85,213.08,681.0,14541500.0,215.608
601888.SH,2023-01-03,0.0,213.29,213.5,213.22,900.0,19201900.0,215.521
601888.SH,2023-01-03,0.0,213.58,213.58,213.28,494.0,10539900.0,215.476
601888.SH,2023-01-03,0.0,213.75,213.83,213.59,289.0,6176060.0,215.454
601888.SH,2023-01-03,0.0,214.2,214.25,213.8,273.0,5846830.0,215.437
601888.SH,2023-01-03,0.0,213.7,214.2,213.7,437.0,9344010.0,215.411
601888.SH,2023-01-03,0.0,213.43,213.62,213.28,483.0,10309200.0,215.373
601888.SH,2023-01-03,0.0,213.32,213.46,213.27,391.0,8343150.0,215.343
601888.SH,2023-01-03,0.0,213.15,213.36,213.0,1290.0,27495200.0,215.236
601888.SH,2023-01-03,0.0,213.89,214.0,213.14,390.0,8329290.0,215.212
601888.SH,2023-01-03,0.0,213.87,214.0,213.53,324.0,6925840.0,215.195
601888.SH,2023-01-03,0.0,214.26,214.26,213.6,205.0,4384500.0,215.185
601888.SH,2023-01-03,0.0,214.43,214.56,214.26,394.0,8447540.0,215.174
601888.SH,2023-01-03,0.0,214.18,214.5,214.17,236.0,5056200.0,215.167
601888.SH,2023-01-03,0.0,214.58,214.58,214.18,422.0,9045240.0,215.155
601888.SH,2023-01-03,0.0,214.58,214.75,214.33,938.0,20125700.0,215.136
601888.SH,2023-01-03,0.0,214.23,214.4,214.2,261.0,5594180.0,215.129
601888.SH,2023-01-03,0.0,214.55,214.55,213.99,896.0,19196800.0,215.103
601888.SH,2023-01-03,0.0,214.94,214.98,214.62,254.0,5455440.0,215.101
601888.SH,2023-01-03,0.0,214.68,215.04,214.68,600.0,12896800.0,215.098
601888.SH,2023-01-03,0.0,214.16,214.68,214.02,234.0,5019340.0,215.092
601888.SH,2023-01-03,0.0,214.24,214.36,214.09,105.0,2249410.0,215.09
601888.SH,2023-01-03,0.0,214.2,214.24,214.1,149.0,3191420.0,215.085
601888.SH,2023-01-03,0.0,214.15,214.23,214.13,142.0,3041410.0,215.081
601888.SH,2023-01-03,0.0,214.11,214.2,214.1,222.0,4757500.0,215.075
601888.SH,2023-01-03,0.0,213.8,214.11,213.8,384.0,8212840.0,215.062
601888.SH,2023-01-03,0.0,213.82,213.93,213.71,278.0,5942740.0,215.051
601888.SH,2023-01-03,0.0,213.51,213.8,213.51,237.0,5063930.0,215.042
601888.SH,2023-01-03,0.0,214.0,214.09,213.59,616.0,13166700.0,215.018
601888.SH,2023-01-03,0.0,213.15,214.0,213.0,1378.0,29376900.0,214.947
601888.SH,2023-01-03,0.0,213.55,213.56,213.16,301.0,6423310.0,214.934
601888.SH,2023-01-03,0.0,213.73,213.78,213.53,200.0,4272100.0,214.927
601888.SH,2023-01-03,0.0,213.9,213.9,213.69,147.0,3142960.0,214.922
601888.SH,2023-01-03,0.0,214.09,214.09,213.87,120.0,2567910.0,214.919
601888.SH,2023-01-03,0.0,214.06,214.12,214.01,203.0,4345920.0,214.914
601888.SH,2023-01-03,0.0,214.18,214.26,214.11,132.0,2827110.0,214.912
601888.SH,2023-01-03,0.0,213.95,214.17,213.89,212.0,4537160.0,214.907
601888.SH,2023-01-03,0.0,214.46,214.72,214.06,281.0,6023300.0,214.902
601888.SH,2023-01-03,0.0,214.88,214.88,214.46,208.0,4466480.0,214.901
601888.SH,2023-01-03,0.0,214.88,214.9,214.78,236.0,5070990.0,214.901
601888.SH,2023-01-03,0.0,215.16,215.22,214.9,307.0,6598020.0,214.902
601888.SH,2023-01-03,0.0,215.22,215.3,215.16,285.0,6134190.0,214.905
601888.SH,2023-01-03,0.0,215.5,215.8,215.1,565.0,12173400.0,214.913
601888.SH,2023-01-03,0.0,215.4,215.7,215.37,163.0,3512570.0,214.915
601888.SH,2023-01-03,0.0,215.43,215.5,215.38,165.0,3555120.0,214.918
601888.SH,2023-01-03,0.0,215.4,215.45,215.33,281.0,6054810.0,214.921
601888.SH,2023-01-03,0.0,215.25,215.35,215.2,345.0,7424380.0,214.924
601888.SH,2023-01-03,0.0,215.21,215.25,215.17,170.0,3658700.0,214.925
601888.SH,2023-01-03,0.0,215.2,215.25,215.18,176.0,3787480.0,214.926
601888.SH,2023-01-03,0.0,215.38,215.48,215.18,160.0,3445490.0,214.928
601888.SH,2023-01-03,0.0,215.2,215.41,215.18,143.0,3078970.0,214.929
601888.SH,2023-01-03,0.0,215.11,215.4,215.11,230.0,4951870.0,214.932
601888.SH,2023-01-03,0.0,215.1,215.16,215.0,141.0,3028690.0,214.932
601888.SH,2023-01-03,0.0,215.05,215.1,215.0,139.0,2989250.0,214.932
601888.SH,2023-01-03,0.0,215.09,215.09,214.99,141.0,3032150.0,214.933
601888.SH,2023-01-03,0.0,215.01,215.09,214.97,135.0,2902610.0,214.933
601888.SH,2023-01-03,0.0,214.56,215.01,214.55,312.0,6706270.0,214.932
601888.SH,2023-01-03,0.0,214.46,214.78,214.4,328.0,7040040.0,214.93
601888.SH,2023-01-03,0.0,214.66,214.77,214.34,316.0,6781030.0,214.927
601888.SH,2023-01-03,0.0,214.77,215.0,214.51,123.0,2641330.0,214.927
601888.SH,2023-01-03,0.0,214.79,215.0,214.5,145.0,3113710.0,214.926
601888.SH,2023-01-03,0.0,214.53,214.97,214.48,298.0,6397070.0,214.924
601888.SH,2023-01-03,0.0,214.53,214.53,214.36,157.0,3367180.0,214.923
601888.SH,2023-01-03,0.0,214.37,214.69,214.37,220.0,4719180.0,214.921
601888.SH,2023-01-03,0.0,214.0,214.41,213.96,340.0,7279110.0,214.914
601888.SH,2023-01-03,0.0,213.84,214.0,213.84,364.0,7787590.0,214.906
601888.SH,2023-01-03,0.0,213.9,214.1,213.84,217.0,4642470.0,214.901
601888.SH,2023-01-03,0.0,213.98,214.1,213.86,187.0,4001000.0,214.897
601888.SH,2023-01-03,0.0,213.73,214.09,213.7,644.0,13767300.0,214.883
601888.SH,2023-01-03,0.0,214.44,214.44,213.77,232.0,4962740.0,214.878
601888.SH,2023-01-03,0.0,214.24,214.34,213.8,200.0,4287970.0,214.874
601888.SH,2023-01-03,0.0,214.14,214.72,214.04,153.0,3280940.0,214.872
601888.SH,2023-01-03,0.0,214.03,214.45,213.86,352.0,7535020.0,214.866
601888.SH,2023-01-03,0.0,214.13,214.42,214.01,112.0,2399100.0,214.864
601888.SH,2023-01-03,0.0,214.07,214.4,214.04,112.0,2400010.0,214.863
601888.SH,2023-01-03,0.0,214.0,214.26,214.0,199.0,4259390.0,214.859
601888.SH,2023-01-03,0.0,214.0,214.2,213.99,114.0,2440030.0,214.857
601888.SH,2023-01-03,0.0,214.0,214.06,213.92,125.0,2674720.0,214.855
601888.SH,2023-01-03,0.0,213.95,214.3,213.95,263.0,5631010.0,214.851
601888.SH,2023-01-03,0.0,214.03,214.18,213.95,91.0,1948030.0,214.849
601888.SH,2023-01-03,0.0,213.8,214.06,213.8,645.0,13790800.0,214.836
601888.SH,2023-01-03,0.0,213.83,214.0,213.73,509.0,10885800.0,214.826
601888.SH,2023-01-03,0.0,214.0,214.0,213.82,117.0,2502470.0,214.824
601888.SH,2023-01-03,0.0,213.97,214.11,213.88,316.0,6761860.0,214.818
601888.SH,2023-01-03,0.0,213.85,214.0,213.82,168.0,3593460.0,214.815
601888.SH,2023-01-03,0.0,213.88,213.98,213.81,168.0,3592980.0,214.812
601888.SH,2023-01-03,0.0,213.43,213.88,213.43,908.0,19392100.0,214.791
601888.SH,2023-01-03,0.0,213.52,213.52,213.33,431.0,9199120.0,214.779
601888.SH,2023-01-03,0.0,213.36,213.61,213.36,269.0,5741860.0,214.772
601888.SH,2023-01-03,0.0,213.41,213.68,213.37,196.0,4184280.0,214.767
601888.SH,2023-01-03,0.0,213.68,213.68,213.41,184.0,3928070.0,214.762
601888.SH,2023-01-03,0.0,213.69,213.7,213.51,164.0,3502960.0,214.759
601888.SH,2023-01-03,0.0,213.95,213.97,213.57,168.0,3591180.0,214.755
601888.SH,2023-01-03,0.0,214.08,214.4,213.95,383.0,8201590.0,214.751
601888.SH,2023-01-03,0.0,214.04,214.57,214.03,343.0,7348900.0,214.748
601888.SH,2023-01-03,0.0,214.37,214.48,214.06,120.0,2571290.0,214.746
601888.SH,2023-01-03,0.0,214.55,214.68,214.2,236.0,5061250.0,214.745
601888.SH,2023-01-03,0.0,214.9,214.9,214.51,338.0,7252850.0,214.744
601888.SH,2023-01-03,0.0,214.98,215.1,214.76,221.0,4750080.0,214.745
601888.SH,2023-01-03,0.0,214.61,214.99,214.61,336.0,7219450.0,214.746
601888.SH,2023-01-03,0.0,215.02,215.06,214.59,115.0,2471560.0,214.746
601888.SH,2023-01-03,0.0,214.42,215.0,214.4,687.0,14749300.0,214.745
601888.SH,2023-01-03,0.0,214.68,214.93,214.4,351.0,7538580.0,214.744
601888.SH,2023-01-03,0.0,214.43,214.8,214.41,215.0,4614730.0,214.744
601888.SH,2023-01-03,0.0,214.69,214.69,214.37,374.0,8019910.0,214.742
601888.SH,2023-01-03,0.0,214.78,214.8,214.44,240.0,5152460.0,214.741
601888.SH,2023-01-03,0.0,214.55,214.68,214.5,295.0,6337070.0,214.742
601888.SH,2023-01-03,0.0,214.5,214.8,214.42,163.0,3496520.0,214.741
601888.SH,2023-01-03,0.0,214.4,214.5,214.4,171.0,3666710.0,214.74
601888.SH,2023-01-03,0.0,214.35,214.4,214.33,134.0,2872580.0,214.739
601888.SH,2023-01-03,0.0,214.38,214.4,214.32,88.0,1886380.0,214.739
601888.SH,2023-01-03,0.0,214.69,214.8,214.4,277.0,5941640.0,214.737
601888.SH,2023-01-03,0.0,214.82,214.82,214.55,111.0,2383580.0,214.737
601888.SH,2023-01-03,0.0,214.75,214.95,214.7,178.0,3822820.0,214.737
601888.SH,2023-01-03,0.0,214.7,214.8,214.69,137.0,2949610.0,214.737
601888.SH,2023-01-03,0.0,214.68,214.72,214.68,90.0,1924550.0,214.737
601888.SH,2023-01-03,0.0,214.54,214.7,214.5,193.0,4141940.0,214.737
601888.SH,2023-01-03,0.0,215.0,215.15,214.54,684.0,14700200.0,214.739
601888.SH,2023-01-03,0.0,214.89,214.95,214.8,177.0,3803740.0,214.74
601888.SH,2023-01-03,0.0,214.51,214.84,214.51,179.0,3842890.0,214.739
601888.SH,2023-01-03,0.0,214.48,214.57,214.48,122.0,2617200.0,214.739
601888.SH,2023-01-03,0.0,214.52,214.54,214.38,142.0,3045260.0,214.738
601888.SH,2023-01-03,0.0,214.3,214.55,214.3,236.0,5060470.0,214.737
601888.SH,2023-01-03,0.0,214.23,214.39,214.23,205.0,4391360.0,214.735
601888.SH,2023-01-03,0.0,214.3,214.3,214.23,147.0,3149340.0,214.734
601888.SH,2023-01-03,0.0,214.49,214.5,214.3,152.0,3259070.0,214.733
601888.SH,2023-01-03,0.0,214.5,214.5,214.48,176.0,3775080.0,214.732
601888.SH,2023-01-03,0.0,214.3,214.5,214.3,160.0,3431200.0,214.732
601888.SH,2023-01-03,0.0,214.0,214.44,214.0,325.0,6961480.0,214.729
601888.SH,2023-01-03,0.0,214.07,214.16,213.97,224.0,4801620.0,214.726
601888.SH,2023-01-03,0.0,213.81,214.1,213.81,280.0,5990050.0,214.722
601888.SH,2023-01-03,0.0,214.14,214.15,213.81,172.0,3680680.0,214.72
601888.SH,2023-01-03,0.0,214.32,214.43,214.14,213.0,4564590.0,214.719
601888.SH,2023-01-03,0.0,214.0,214.28,214.0,199.0,4261370.0,214.717
601888.SH,2023-01-03,0.0,214.05,214.05,213.88,175.0,3744550.0,214.715
601888.SH,2023-01-03,0.0,213.93,214.07,213.89,149.0,3188790.0,214.713
601888.SH,2023-01-03,0.0,213.67,213.93,213.66,423.0,9037140.0,214.707
601888.SH,2023-01-03,0.0,213.84,213.86,213.6,322.0,6882320.0,214.702
601888.SH,2023-01-03,0.0,213.6,213.71,213.58,295.0,6302080.0,214.697
601888.SH,2023-01-03,0.0,213.84,213.84,213.6,199.0,4259440.0,214.693
601888.SH,2023-01-03,0.0,213.67,213.85,213.6,314.0,6710960.0,214.688
601888.SH,2023-01-03,0.0,213.3,213.61,213.26,801.0,17095600.0,214.672
601888.SH,2023-01-03,0.0,213.16,213.28,213.08,536.0,11424500.0,214.66
601888.SH,2023-01-03,0.0,213.18,213.21,213.13,307.0,6544410.0,214.652
601888.SH,2023-01-03,0.0,213.49,213.5,213.2,182.0,3882180.0,214.649
601888.SH,2023-01-03,0.0,213.47,213.6,213.4,275.0,5871310.0,214.644
601888.SH,2023-01-03,0.0,213.5,213.56,213.43,291.0,6212310.0,214.639
601888.SH,2023-01-03,0.0,213.38,213.59,213.37,277.0,5912860.0,214.634
601888.SH,2023-01-03,0.0,213.1,213.38,213.1,733.0,15625600.0,214.617
601888.SH,2023-01-03,0.0,213.16,213.16,213.07,534.0,11378900.0,214.605
601888.SH,2023-01-03,0.0,213.08,213.18,213.06,320.0,6819420.0,214.598
601888.SH,2023-01-03,0.0,213.0,213.09,213.0,1377.0,29327300.0,214.566
601888.SH,2023-01-03,0.0,212.46,213.04,212.46,1291.0,27471900.0,214.532
601888.SH,2023-01-03,0.0,212.65,212.7,212.22,1007.0,21397900.0,214.503
601888.SH,2023-01-03,0.0,212.54,212.65,212.54,387.0,8226620.0,214.492
601888.SH,2023-01-03,0.0,212.63,212.64,212.53,286.0,6079760.0,214.485
601888.SH,2023-01-03,0.0,212.61,212.62,212.18,900.0,19119300.0,214.459
601888.SH,2023-01-03,0.0,212.49,212.62,212.47,244.0,5186110.0,214.453
601888.SH,2023-01-03,0.0,212.55,212.55,212.48,214.0,4547760.0,214.447
601888.SH,2023-01-03,0.0,212.61,212.61,212.53,168.0,3571100.0,214.443
601888.SH,2023-01-03,0.0,212.7,212.7,212.57,425.0,9036090.0,214.432
601888.SH,2023-01-03,0.0,213.06,213.2,212.7,354.0,7541160.0,214.425
601888.SH,2023-01-03,0.0,213.1,213.22,213.0,429.0,9148810.0,214.417
601888.SH,2023-01-03,0.0,213.33,213.33,213.11,259.0,5523800.0,214.413
601888.SH,2023-01-03,0.0,213.6,213.62,213.33,255.0,5442190.0,214.41
601888.SH,2023-01-03,0.0,213.5,213.58,213.43,242.0,5167220.0,214.407
601888.SH,2023-01-03,0.0,213.48,213.5,213.4,236.0,5037740.0,214.404
601888.SH,2023-01-03,0.0,213.47,213.5,213.46,139.0,2967540.0,214.402
601888.SH,2023-01-03,0.0,213.5,213.51,213.44,117.0,2497580.0,214.401
601888.SH,2023-01-03,0.0,213.41,213.5,213.4,183.0,3914070.0,214.399
601888.SH,2023-01-03,0.0,213.58,213.6,213.41,172.0,3672120.0,214.396
601888.SH,2023-01-03,0.0,213.96,214.0,213.6,375.0,8005630.0,214.393
601888.SH,2023-01-03,0.0,214.02,214.1,213.94,330.0,7062220.0,214.392
601888.SH,2023-01-03,0.0,214.03,214.31,214.03,286.0,6126010.0,214.391
601888.SH,2023-01-03,0.0,213.8,214.01,213.76,347.0,7422330.0,214.389
601888.SH,2023-01-03,0.0,213.92,213.93,213.8,166.0,3557720.0,214.388
601888.SH,2023-01-03,0.0,213.96,214.25,213.92,402.0,8605190.0,214.386
601888.SH,2023-01-03,0.0,214.03,214.03,213.91,362.0,7746060.0,214.384
601888.SH,2023-01-03,0.0,213.97,214.03,213.95,185.0,3959260.0,214.383
601888.SH,2023-01-03,0.0,214.23,214.28,214.0,213.0,4561370.0,214.382
601888.SH,2023-01-03,0.0,214.19,214.22,214.04,163.0,3490600.0,214.382
601888.SH,2023-01-03,0.0,214.4,214.45,214.16,351.0,7521600.0,214.382
601888.SH,2023-01-03,0.0,214.46,214.49,214.4,261.0,5597760.0,214.382
601888.SH,2023-01-03,0.0,214.4,214.5,214.38,401.0,8599810.0,214.382
601888.SH,2023-01-03,0.0,214.38,214.43,214.31,163.0,3494340.0,214.382
601888.SH,2023-01-03,0.0,214.34,214.44,214.22,318.0,6815080.0,214.382
601888.SH,2023-01-03,0.0,214.11,214.25,214.1,146.0,3127080.0,214.382
601888.SH,2023-01-03,0.0,214.1,214.24,214.1,213.0,4561790.0,214.381
601888.SH,2023-01-03,0.0,214.2,214.3,214.11,100.0,2141780.0,214.381
601888.SH,2023-01-03,0.0,214.34,214.34,214.21,124.0,2657540.0,214.381
601888.SH,2023-01-03,0.0,214.49,214.5,214.3,269.0,5768010.0,214.381
601888.SH,2023-01-03,0.0,214.33,214.5,214.3,293.0,6283360.0,214.381
601888.SH,2023-01-03,0.0,214.3,214.38,214.29,191.0,4093720.0,214.381
601888.SH,2023-01-03,0.0,214.29,214.5,214.28,307.0,6581560.0,214.381
601888.SH,2023-01-03,0.0,214.17,214.29,214.15,201.0,4305930.0,214.381
601888.SH,2023-01-03,0.0,214.19,214.25,214.1,455.0,9745480.0,214.379
601888.SH,2023-01-03,0.0,214.35,214.35,214.16,168.0,3599710.0,214.379
601888.SH,2023-01-03,0.0,214.37,214.5,214.34,225.0,4824500.0,214.379
601888.SH,2023-01-03,0.0,214.33,214.46,214.32,210.0,4502200.0,214.379
601888.SH,2023-01-03,0.0,214.33,214.4,214.32,90.0,1929160.0,214.379
601888.SH,2023-01-03,0.0,214.26,214.37,214.26,320.0,6858310.0,214.379
601888.SH,2023-01-03,0.0,214.06,214.3,214.06,178.0,3812980.0,214.379
601888.SH,2023-01-03,0.0,214.09,214.11,214.0,197.0,4216950.0,214.378
601888.SH,2023-01-03,0.0,214.08,214.1,214.05,162.0,3468050.0,214.377
601888.SH,2023-01-03,0.0,214.11,214.11,214.06,265.0,5673340.0,214.377
601888.SH,2023-01-03,0.0,214.22,214.28,214.11,452.0,9680170.0,214.375
601888.SH,2023-01-03,0.0,214.22,214.3,214.2,136.0,2913450.0,214.375
601888.SH,2023-01-03,0.0,214.18,214.3,214.18,177.0,3792040.0,214.375
601888.SH,2023-01-03,0.0,214.1,214.16,214.08,205.0,4389260.0,214.374
601888.SH,2023-01-03,0.0,214.06,214.1,214.0,267.0,5715410.0,214.373
601888.SH,2023-01-03,0.0,214.0,214.06,214.0,374.0,8004520.0,214.372
601888.SH,2023-01-03,0.0,213.92,214.04,213.9,342.0,7327540.0,214.37
601888.SH,2023-01-03,0.0,213.96,213.99,213.9,297.0,6354300.0,214.369
601888.SH,2023-01-03,0.0,214.0,214.05,213.93,386.0,8260380.0,214.367
601888.SH,2023-01-03,0.0,214.1,214.1,213.98,152.0,3245100.0,214.366
601888.SH,2023-01-03,0.0,214.14,214.16,214.09,217.0,4646680.0,214.366
601888.SH,2023-01-03,0.0,214.2,214.2,214.11,329.0,7050010.0,214.365
601888.SH,2023-01-03,0.0,214.21,214.22,214.18,244.0,5226650.0,214.365
601888.SH,2023-01-03,0.0,214.24,214.24,214.24,10.0,214226.0,214.365
601888.SH,2023-01-03,0.0,214.24,214.24,214.24,0.0,0.0,214.365
601888.SH,2023-01-03,0.0,214.1,214.1,214.1,690.0,14762400.0,214.362
