code,tdate,open,close,high,low,cjl,cje,cjjj
000858.SZ,2022-10-17,0.0,157.68,157.68,157.68,1596.0,25165700.0,157.68
000858.SZ,2022-10-17,0.0,157.67,158.0,157.1,3960.0,62378500.0,157.567
000858.SZ,2022-10-17,0.0,158.12,158.2,157.67,2404.0,37977400.0,157.691
000858.SZ,2022-10-17,0.0,158.11,158.5,157.98,2256.0,35653900.0,157.768
000858.SZ,2022-10-17,0.0,158.07,158.19,158.03,1333.0,21076900.0,157.808
000858.SZ,2022-10-17,0.0,158.1,158.19,157.78,2191.0,34620200.0,157.84
000858.SZ,2022-10-17,0.0,157.65,158.09,157.65,1586.0,25023900.0,157.834
000858.SZ,2022-10-17,0.0,158.0,158.01,157.63,1682.0,26533600.0,157.826
000858.SZ,2022-10-17,0.0,157.92,158.0,157.88,997.0,15747200.0,157.833
000858.SZ,2022-10-17,0.0,157.39,157.91,157.38,2652.0,41797600.0,157.804
000858.SZ,2022-10-17,0.0,156.93,157.34,156.85,3483.0,54707800.0,157.698
000858.SZ,2022-10-17,0.0,156.31,156.88,156.2,2816.0,44075700.0,157.575
000858.SZ,2022-10-17,0.0,156.02,156.25,156.0,3626.0,56600200.0,157.399
000858.SZ,2022-10-17,0.0,155.47,156.0,155.4,2829.0,44052400.0,157.257
000858.SZ,2022-10-17,0.0,155.75,155.9,155.38,3239.0,50415600.0,157.115
000858.SZ,2022-10-17,0.0,155.37,155.7,155.37,2831.0,44033600.0,157.002
000858.SZ,2022-10-17,0.0,155.63,155.7,155.29,3610.0,56134000.0,156.876
000858.SZ,2022-10-17,0.0,155.9,155.9,155.6,1257.0,19568500.0,156.841
000858.SZ,2022-10-17,0.0,156.31,156.31,155.92,809.0,12627500.0,156.828
000858.SZ,2022-10-17,0.0,156.45,156.46,156.26,1228.0,19203400.0,156.816
000858.SZ,2022-10-17,0.0,156.66,156.67,156.46,797.0,12477200.0,156.811
000858.SZ,2022-10-17,0.0,156.36,156.68,156.3,1602.0,25068900.0,156.801
000858.SZ,2022-10-17,0.0,156.64,156.65,156.43,523.0,8187110.0,156.798
000858.SZ,2022-10-17,0.0,156.63,156.67,156.63,721.0,11288900.0,156.796
000858.SZ,2022-10-17,0.0,156.43,156.66,156.43,696.0,10894900.0,156.792
000858.SZ,2022-10-17,0.0,156.85,156.85,156.37,1269.0,19856200.0,156.785
000858.SZ,2022-10-17,0.0,156.62,156.96,156.62,619.0,9703930.0,156.784
000858.SZ,2022-10-17,0.0,156.23,156.63,156.23,844.0,13198700.0,156.778
000858.SZ,2022-10-17,0.0,156.15,156.24,156.01,1425.0,22243700.0,156.76
000858.SZ,2022-10-17,0.0,156.11,156.15,156.11,436.0,6807780.0,156.755
000858.SZ,2022-10-17,0.0,155.9,156.12,155.9,1061.0,16555400.0,156.742
000858.SZ,2022-10-17,0.0,155.68,155.9,155.3,4234.0,65818100.0,156.652
000858.SZ,2022-10-17,0.0,155.63,155.81,155.46,1189.0,18507100.0,156.632
000858.SZ,2022-10-17,0.0,155.8,155.8,155.6,1190.0,18519200.0,156.613
000858.SZ,2022-10-17,0.0,156.0,156.0,155.8,678.0,10568600.0,156.605
000858.SZ,2022-10-17,0.0,156.26,156.26,155.94,709.0,11064100.0,156.599
000858.SZ,2022-10-17,0.0,156.36,156.48,156.2,1276.0,19937100.0,156.593
000858.SZ,2022-10-17,0.0,156.55,156.55,156.39,383.0,5999840.0,156.592
000858.SZ,2022-10-17,0.0,156.5,156.58,156.5,755.0,11817400.0,156.591
000858.SZ,2022-10-17,0.0,156.34,156.57,156.34,712.0,11142400.0,156.589
000858.SZ,2022-10-17,0.0,156.46,156.54,156.3,1049.0,16398000.0,156.585
000858.SZ,2022-10-17,0.0,156.39,156.57,156.39,615.0,9621240.0,156.584
000858.SZ,2022-10-17,0.0,156.57,156.58,156.47,281.0,4397790.0,156.584
000858.SZ,2022-10-17,0.0,156.86,156.86,156.6,650.0,10186400.0,156.585
000858.SZ,2022-10-17,0.0,156.98,156.99,156.88,377.0,5917200.0,156.587
000858.SZ,2022-10-17,0.0,157.04,157.18,156.99,1104.0,17343100.0,156.595
000858.SZ,2022-10-17,0.0,156.88,157.1,156.8,1045.0,16398700.0,156.599
000858.SZ,2022-10-17,0.0,156.67,156.82,156.67,417.0,6536240.0,156.6
000858.SZ,2022-10-17,0.0,156.65,156.66,156.62,294.0,4605420.0,156.6
000858.SZ,2022-10-17,0.0,156.72,156.72,156.65,188.0,2947330.0,156.601
000858.SZ,2022-10-17,0.0,156.68,156.75,156.68,571.0,8946270.0,156.602
000858.SZ,2022-10-17,0.0,156.47,156.71,156.47,574.0,8987440.0,156.601
000858.SZ,2022-10-17,0.0,156.24,156.47,156.24,413.0,6456460.0,156.6
000858.SZ,2022-10-17,0.0,156.41,156.41,156.24,505.0,7893080.0,156.598
000858.SZ,2022-10-17,0.0,156.77,156.77,156.45,395.0,6185410.0,156.598
000858.SZ,2022-10-17,0.0,156.62,156.73,156.6,478.0,7486780.0,156.598
000858.SZ,2022-10-17,0.0,156.5,156.61,156.41,679.0,10629400.0,156.597
000858.SZ,2022-10-17,0.0,156.49,156.5,156.19,627.0,9806120.0,156.596
000858.SZ,2022-10-17,0.0,156.25,156.5,156.22,373.0,5830500.0,156.595
000858.SZ,2022-10-17,0.0,156.38,156.42,156.2,500.0,7813330.0,156.592
000858.SZ,2022-10-17,0.0,156.5,156.5,156.38,306.0,4786280.0,156.592
000858.SZ,2022-10-17,0.0,156.71,156.71,156.55,388.0,6070440.0,156.591
000858.SZ,2022-10-17,0.0,156.58,156.69,156.45,310.0,4854580.0,156.591
000858.SZ,2022-10-17,0.0,156.67,156.67,156.4,391.0,6119130.0,156.591
000858.SZ,2022-10-17,0.0,156.75,156.75,156.6,423.0,6627020.0,156.591
000858.SZ,2022-10-17,0.0,156.9,156.9,156.75,351.0,5505550.0,156.592
000858.SZ,2022-10-17,0.0,156.75,156.92,156.7,450.0,7055380.0,156.593
000858.SZ,2022-10-17,0.0,156.7,156.78,156.69,211.0,3307000.0,156.594
000858.SZ,2022-10-17,0.0,156.53,156.71,156.4,592.0,9266810.0,156.593
000858.SZ,2022-10-17,0.0,156.6,156.71,156.5,417.0,6525800.0,156.593
000858.SZ,2022-10-17,0.0,156.74,156.74,156.59,272.0,4261370.0,156.594
000858.SZ,2022-10-17,0.0,156.82,156.82,156.73,351.0,5502430.0,156.594
000858.SZ,2022-10-17,0.0,156.94,156.94,156.82,298.0,4670080.0,156.595
000858.SZ,2022-10-17,0.0,156.98,156.99,156.93,308.0,4834660.0,156.597
000858.SZ,2022-10-17,0.0,157.02,157.1,156.95,375.0,5887290.0,156.599
000858.SZ,2022-10-17,0.0,157.05,157.1,157.05,290.0,4555320.0,156.6
000858.SZ,2022-10-17,0.0,157.01,157.1,157.0,388.0,6094590.0,156.602
000858.SZ,2022-10-17,0.0,157.02,157.1,157.0,268.0,4209040.0,156.604
000858.SZ,2022-10-17,0.0,156.99,157.09,156.98,249.0,3910090.0,156.605
000858.SZ,2022-10-17,0.0,156.93,156.99,156.93,299.0,4692900.0,156.606
000858.SZ,2022-10-17,0.0,156.86,156.94,156.78,297.0,4658630.0,156.607
000858.SZ,2022-10-17,0.0,157.06,157.06,156.86,291.0,4567960.0,156.608
000858.SZ,2022-10-17,0.0,156.99,157.07,156.99,374.0,5872230.0,156.61
000858.SZ,2022-10-17,0.0,156.94,157.0,156.94,366.0,5750230.0,156.612
000858.SZ,2022-10-17,0.0,156.93,156.99,156.9,258.0,4049170.0,156.613
000858.SZ,2022-10-17,0.0,157.01,157.03,156.9,303.0,4756310.0,156.614
000858.SZ,2022-10-17,0.0,157.17,157.17,157.03,253.0,3974570.0,156.615
000858.SZ,2022-10-17,0.0,156.81,157.2,156.81,954.0,14981900.0,156.62
000858.SZ,2022-10-17,0.0,156.73,156.74,156.7,431.0,6756070.0,156.621
000858.SZ,2022-10-17,0.0,156.68,156.77,156.68,373.0,5846220.0,156.621
000858.SZ,2022-10-17,0.0,156.42,156.66,156.33,532.0,8325580.0,156.62
000858.SZ,2022-10-17,0.0,156.57,156.58,156.38,184.0,2878360.0,156.62
000858.SZ,2022-10-17,0.0,156.6,156.6,156.58,216.0,3385450.0,156.62
000858.SZ,2022-10-17,0.0,156.96,156.96,156.6,292.0,4574490.0,156.62
000858.SZ,2022-10-17,0.0,156.82,157.0,156.8,311.0,4879080.0,156.621
000858.SZ,2022-10-17,0.0,156.79,156.94,156.68,198.0,3105540.0,156.621
000858.SZ,2022-10-17,0.0,156.78,156.8,156.7,166.0,2602260.0,156.622
000858.SZ,2022-10-17,0.0,156.8,156.88,156.59,521.0,8166180.0,156.622
000858.SZ,2022-10-17,0.0,156.7,156.83,156.7,383.0,6004000.0,156.623
000858.SZ,2022-10-17,0.0,156.88,156.93,156.72,117.0,1835480.0,156.623
000858.SZ,2022-10-17,0.0,157.0,157.06,156.92,529.0,8305060.0,156.625
000858.SZ,2022-10-17,0.0,156.98,157.05,156.98,330.0,5180950.0,156.627
000858.SZ,2022-10-17,0.0,156.91,157.0,156.89,232.0,3641720.0,156.628
000858.SZ,2022-10-17,0.0,156.89,156.97,156.88,170.0,2667830.0,156.628
000858.SZ,2022-10-17,0.0,156.86,156.9,156.8,120.0,1882390.0,156.628
000858.SZ,2022-10-17,0.0,156.9,156.9,156.86,139.0,2180830.0,156.629
000858.SZ,2022-10-17,0.0,156.75,156.96,156.73,271.0,4250180.0,156.629
000858.SZ,2022-10-17,0.0,156.79,156.8,156.69,88.0,1379440.0,156.63
000858.SZ,2022-10-17,0.0,156.69,156.8,156.69,136.0,2132060.0,156.63
000858.SZ,2022-10-17,0.0,156.79,156.81,156.69,474.0,7430770.0,156.63
000858.SZ,2022-10-17,0.0,156.69,156.8,156.68,350.0,5485780.0,156.631
000858.SZ,2022-10-17,0.0,156.76,156.79,156.68,164.0,2570270.0,156.631
000858.SZ,2022-10-17,0.0,156.98,156.98,156.76,154.0,2415150.0,156.631
000858.SZ,2022-10-17,0.0,157.0,157.19,156.99,642.0,10080700.0,156.634
000858.SZ,2022-10-17,0.0,157.15,157.17,157.0,118.0,1853930.0,156.634
000858.SZ,2022-10-17,0.0,156.99,157.0,156.94,490.0,7693200.0,156.636
000858.SZ,2022-10-17,0.0,157.0,157.0,156.99,353.0,5542060.0,156.638
000858.SZ,2022-10-17,0.0,157.14,157.14,157.0,424.0,6667050.0,156.64
000858.SZ,2022-10-17,0.0,157.14,157.15,157.13,184.0,2891480.0,156.64
000858.SZ,2022-10-17,0.0,156.99,157.15,156.99,238.0,3737790.0,156.641
000858.SZ,2022-10-17,0.0,156.98,156.99,156.79,547.0,8577570.0,156.642
000858.SZ,2022-10-17,0.0,156.98,157.0,156.89,882.0,13842800.0,156.645
000858.SZ,2022-10-17,0.0,156.7,156.9,156.7,330.0,5175140.0,156.646
000858.SZ,2022-10-17,0.0,156.69,156.74,156.68,128.0,2005670.0,156.646
000858.SZ,2022-10-17,0.0,156.67,156.7,156.66,251.0,3932750.0,156.646
000858.SZ,2022-10-17,0.0,156.46,156.64,156.46,442.0,6920280.0,156.645
000858.SZ,2022-10-17,0.0,156.41,156.46,156.39,313.0,4895760.0,156.645
000858.SZ,2022-10-17,0.0,156.4,156.43,156.35,523.0,8178600.0,156.643
000858.SZ,2022-10-17,0.0,156.46,156.5,156.37,178.0,2784000.0,156.643
000858.SZ,2022-10-17,0.0,156.69,156.69,156.45,399.0,6248680.0,156.643
000858.SZ,2022-10-17,0.0,156.9,156.9,156.69,348.0,5456090.0,156.643
000858.SZ,2022-10-17,0.0,156.75,156.9,156.72,687.0,10772900.0,156.644
000858.SZ,2022-10-17,0.0,156.79,156.79,156.75,172.0,2696400.0,156.644
000858.SZ,2022-10-17,0.0,156.92,156.97,156.79,659.0,10334200.0,156.645
000858.SZ,2022-10-17,0.0,156.87,156.97,156.87,234.0,3671370.0,156.646
000858.SZ,2022-10-17,0.0,156.82,156.89,156.81,377.0,5913120.0,156.647
000858.SZ,2022-10-17,0.0,156.77,156.82,156.77,254.0,3982360.0,156.647
000858.SZ,2022-10-17,0.0,156.75,156.8,156.75,371.0,5816510.0,156.648
000858.SZ,2022-10-17,0.0,156.8,156.87,156.75,593.0,9297370.0,156.648
000858.SZ,2022-10-17,0.0,157.04,157.04,156.87,155.0,2432840.0,156.649
000858.SZ,2022-10-17,0.0,157.19,157.19,157.0,178.0,2796780.0,156.65
000858.SZ,2022-10-17,0.0,156.94,157.19,156.88,586.0,9200050.0,156.651
000858.SZ,2022-10-17,0.0,157.12,157.12,156.91,322.0,5054970.0,156.652
000858.SZ,2022-10-17,0.0,157.15,157.15,157.11,258.0,4053540.0,156.654
000858.SZ,2022-10-17,0.0,157.15,157.19,157.1,386.0,6065320.0,156.655
000858.SZ,2022-10-17,0.0,157.12,157.18,157.11,242.0,3803100.0,156.656
000858.SZ,2022-10-17,0.0,157.16,157.16,157.13,287.0,4510210.0,156.658
000858.SZ,2022-10-17,0.0,157.17,157.18,157.16,318.0,4997790.0,156.659
000858.SZ,2022-10-17,0.0,157.2,157.2,157.17,436.0,6853200.0,156.661
000858.SZ,2022-10-17,0.0,157.18,157.2,157.18,353.0,5548740.0,156.663
000858.SZ,2022-10-17,0.0,157.19,157.2,157.17,257.0,4042600.0,156.664
000858.SZ,2022-10-17,0.0,157.17,157.2,157.17,416.0,6537590.0,156.666
000858.SZ,2022-10-17,0.0,157.13,157.2,157.13,471.0,7402590.0,156.668
000858.SZ,2022-10-17,0.0,156.99,157.11,156.99,399.0,6259120.0,156.67
000858.SZ,2022-10-17,0.0,156.88,156.98,156.88,244.0,3835380.0,156.67
000858.SZ,2022-10-17,0.0,156.92,156.92,156.88,154.0,2416130.0,156.671
000858.SZ,2022-10-17,0.0,156.92,156.92,156.9,290.0,4550290.0,156.671
000858.SZ,2022-10-17,0.0,157.02,157.02,156.91,234.0,3666600.0,156.672
000858.SZ,2022-10-17,0.0,157.08,157.09,157.02,278.0,4366420.0,156.673
000858.SZ,2022-10-17,0.0,157.12,157.12,157.05,167.0,2623480.0,156.673
000858.SZ,2022-10-17,0.0,157.17,157.17,157.12,186.0,2922650.0,156.674
000858.SZ,2022-10-17,0.0,156.99,157.15,156.99,586.0,9203420.0,156.676
000858.SZ,2022-10-17,0.0,157.01,157.01,156.99,245.0,3846440.0,156.677
000858.SZ,2022-10-17,0.0,157.1,157.1,157.0,187.0,2936300.0,156.677
000858.SZ,2022-10-17,0.0,157.2,157.24,157.1,300.0,4715410.0,156.679
000858.SZ,2022-10-17,0.0,157.28,157.28,157.19,224.0,3522070.0,156.68
000858.SZ,2022-10-17,0.0,157.15,157.28,157.07,361.0,5674730.0,156.682
000858.SZ,2022-10-17,0.0,157.03,157.07,157.01,295.0,4632130.0,156.682
000858.SZ,2022-10-17,0.0,157.04,157.04,157.01,100.0,1570240.0,156.683
000858.SZ,2022-10-17,0.0,157.22,157.23,157.04,191.0,3001020.0,156.683
000858.SZ,2022-10-17,0.0,157.3,157.3,157.15,258.0,4056620.0,156.685
000858.SZ,2022-10-17,0.0,157.28,157.29,157.23,202.0,3176710.0,156.686
000858.SZ,2022-10-17,0.0,157.3,157.33,157.24,268.0,4218050.0,156.687
000858.SZ,2022-10-17,0.0,157.42,157.42,157.33,265.0,4170130.0,156.689
000858.SZ,2022-10-17,0.0,157.56,157.6,157.42,686.0,10805000.0,156.693
000858.SZ,2022-10-17,0.0,157.69,157.69,157.56,307.0,4838860.0,156.696
000858.SZ,2022-10-17,0.0,157.8,157.81,157.69,487.0,7683450.0,156.7
000858.SZ,2022-10-17,0.0,157.57,157.74,157.55,544.0,8575630.0,156.705
000858.SZ,2022-10-17,0.0,157.66,157.66,157.57,266.0,4192200.0,156.707
000858.SZ,2022-10-17,0.0,157.57,157.7,157.56,518.0,8164960.0,156.711
000858.SZ,2022-10-17,0.0,157.64,157.66,157.55,419.0,6604110.0,156.714
000858.SZ,2022-10-17,0.0,157.28,157.61,157.25,469.0,7385340.0,156.717
000858.SZ,2022-10-17,0.0,157.33,157.33,157.25,277.0,4356580.0,156.718
000858.SZ,2022-10-17,0.0,157.11,157.37,157.11,399.0,6272410.0,156.72
000858.SZ,2022-10-17,0.0,157.15,157.15,157.1,223.0,3503640.0,156.72
000858.SZ,2022-10-17,0.0,157.3,157.31,157.14,224.0,3521630.0,156.721
000858.SZ,2022-10-17,0.0,157.13,157.3,157.13,549.0,8629520.0,156.723
000858.SZ,2022-10-17,0.0,157.03,157.13,157.03,482.0,7571730.0,156.725
000858.SZ,2022-10-17,0.0,157.08,157.08,157.01,329.0,5166660.0,156.726
000858.SZ,2022-10-17,0.0,157.19,157.2,157.09,286.0,4494280.0,156.727
000858.SZ,2022-10-17,0.0,157.45,157.48,157.15,341.0,5369640.0,156.728
000858.SZ,2022-10-17,0.0,157.22,157.43,157.14,839.0,13187500.0,156.732
000858.SZ,2022-10-17,0.0,157.2,157.25,157.16,291.0,4574820.0,156.733
000858.SZ,2022-10-17,0.0,157.36,157.36,157.2,148.0,2327750.0,156.734
000858.SZ,2022-10-17,0.0,157.38,157.39,157.36,207.0,3257470.0,156.735
000858.SZ,2022-10-17,0.0,157.49,157.49,157.36,219.0,3446840.0,156.736
000858.SZ,2022-10-17,0.0,157.46,157.5,157.42,211.0,3322340.0,156.737
000858.SZ,2022-10-17,0.0,157.61,157.61,157.46,426.0,6711180.0,156.74
000858.SZ,2022-10-17,0.0,157.6,157.65,157.55,420.0,6619370.0,156.743
000858.SZ,2022-10-17,0.0,157.72,157.72,157.62,369.0,5818470.0,156.745
000858.SZ,2022-10-17,0.0,157.65,157.74,157.63,387.0,6102370.0,156.748
000858.SZ,2022-10-17,0.0,157.5,157.67,157.46,473.0,7452060.0,156.751
000858.SZ,2022-10-17,0.0,157.53,157.55,157.49,241.0,3795990.0,156.753
000858.SZ,2022-10-17,0.0,157.66,157.66,157.5,268.0,4222160.0,156.754
000858.SZ,2022-10-17,0.0,157.75,157.75,157.66,245.0,3863620.0,156.756
000858.SZ,2022-10-17,0.0,157.66,157.78,157.66,559.0,8818260.0,156.761
000858.SZ,2022-10-17,0.0,157.75,157.78,157.68,385.0,6073720.0,156.764
000858.SZ,2022-10-17,0.0,157.78,157.79,157.76,412.0,6500660.0,156.767
000858.SZ,2022-10-17,0.0,157.57,157.79,157.55,484.0,7632340.0,156.77
000858.SZ,2022-10-17,0.0,157.58,157.67,157.54,260.0,4097510.0,156.772
000858.SZ,2022-10-17,0.0,157.53,157.7,157.53,262.0,4129560.0,156.774
000858.SZ,2022-10-17,0.0,157.68,157.68,157.52,316.0,4981180.0,156.776
000858.SZ,2022-10-17,0.0,157.58,157.66,157.5,711.0,11201600.0,156.78
000858.SZ,2022-10-17,0.0,157.5,157.5,157.37,328.0,5165660.0,156.782
000858.SZ,2022-10-17,0.0,157.4,157.51,157.36,410.0,6454540.0,156.784
000858.SZ,2022-10-17,0.0,157.43,157.46,157.4,302.0,4754080.0,156.785
000858.SZ,2022-10-17,0.0,157.51,157.51,157.43,220.0,3464300.0,156.786
000858.SZ,2022-10-17,0.0,157.49,157.53,157.48,492.0,7749450.0,156.789
000858.SZ,2022-10-17,0.0,157.42,157.48,157.41,384.0,6045710.0,156.791
000858.SZ,2022-10-17,0.0,157.4,157.45,157.4,461.0,7257040.0,156.793
000858.SZ,2022-10-17,0.0,157.38,157.42,157.38,408.0,6421650.0,156.795
000858.SZ,2022-10-17,0.0,157.5,157.5,157.38,289.0,4549990.0,156.796
000858.SZ,2022-10-17,0.0,157.52,157.54,157.48,317.0,4992780.0,156.798
000858.SZ,2022-10-17,0.0,157.59,157.6,157.52,321.0,5057610.0,156.8
000858.SZ,2022-10-17,0.0,157.6,157.62,157.58,611.0,9629660.0,156.803
000858.SZ,2022-10-17,0.0,157.53,157.64,157.5,377.0,5939280.0,156.806
000858.SZ,2022-10-17,0.0,157.6,157.65,157.53,699.0,11016900.0,156.81
000858.SZ,2022-10-17,0.0,157.62,157.65,157.56,584.0,9203700.0,156.813
000858.SZ,2022-10-17,0.0,157.6,157.64,157.58,512.0,8069650.0,156.816
000858.SZ,2022-10-17,0.0,157.6,157.7,157.58,719.0,11332800.0,156.82
000858.SZ,2022-10-17,0.0,157.58,157.61,157.54,1292.0,20358500.0,156.827
000858.SZ,2022-10-17,0.0,157.55,157.59,157.51,729.0,11485600.0,156.831
000858.SZ,2022-10-17,0.0,157.56,157.59,157.54,522.0,8224560.0,156.834
000858.SZ,2022-10-17,0.0,157.59,157.59,157.51,1098.0,17297300.0,156.839
000858.SZ,2022-10-17,0.0,157.56,157.58,157.55,828.0,13046100.0,156.843
000858.SZ,2022-10-17,0.0,157.57,157.58,157.56,761.0,11993300.0,156.847
000858.SZ,2022-10-17,0.0,157.61,157.62,157.57,639.0,10070000.0,156.85
000858.SZ,2022-10-17,0.0,157.64,157.65,157.61,909.0,14321600.0,156.855
000858.SZ,2022-10-17,0.0,157.65,157.65,157.65,161.0,2537430.0,156.856
000858.SZ,2022-10-17,0.0,157.65,157.65,157.65,0.0,0.0,156.856
000858.SZ,2022-10-17,0.0,157.65,157.65,157.65,1599.0,25208200.0,156.865
000858.SZ,2022-10-18,0.0,158.68,158.68,158.68,1066.0,16915300.0,158.68
000858.SZ,2022-10-18,0.0,159.9,159.93,158.63,3345.0,53290100.0,159.168
000858.SZ,2022-10-18,0.0,160.27,160.49,159.9,3301.0,52881700.0,159.609
000858.SZ,2022-10-18,0.0,160.86,160.98,160.3,3577.0,57466800.0,159.941
000858.SZ,2022-10-18,0.0,160.35,160.7,159.9,2844.0,45541300.0,159.979
000858.SZ,2022-10-18,0.0,160.02,160.39,160.02,1342.0,21493000.0,159.995
000858.SZ,2022-10-18,0.0,160.63,160.64,159.98,2745.0,43988100.0,160.032
000858.SZ,2022-10-18,0.0,160.15,160.65,160.14,2789.0,44740700.0,160.083
000858.SZ,2022-10-18,0.0,160.4,160.4,160.12,1688.0,27037400.0,160.091
000858.SZ,2022-10-18,0.0,160.09,160.47,160.07,1908.0,30578900.0,160.104
000858.SZ,2022-10-18,0.0,159.88,160.1,159.88,2482.0,39711600.0,160.095
000858.SZ,2022-10-18,0.0,159.25,159.96,159.25,1730.0,27635000.0,160.074
000858.SZ,2022-10-18,0.0,159.69,159.69,159.09,1637.0,26071600.0,160.03
000858.SZ,2022-10-18,0.0,159.89,159.89,159.69,943.0,15068200.0,160.023
000858.SZ,2022-10-18,0.0,159.96,159.99,159.89,820.0,13117000.0,160.022
000858.SZ,2022-10-18,0.0,159.98,160.03,159.96,1065.0,17039900.0,160.021
000858.SZ,2022-10-18,0.0,159.6,159.99,159.6,1310.0,20944300.0,160.016
000858.SZ,2022-10-18,0.0,159.31,159.6,159.28,665.0,10596600.0,160.003
000858.SZ,2022-10-18,0.0,159.96,159.96,159.33,1622.0,25903900.0,159.99
000858.SZ,2022-10-18,0.0,159.63,159.98,159.6,704.0,11249800.0,159.986
000858.SZ,2022-10-18,0.0,159.86,159.88,159.63,869.0,13886100.0,159.982
000858.SZ,2022-10-18,0.0,159.8,159.86,159.77,903.0,14431500.0,159.978
000858.SZ,2022-10-18,0.0,159.78,159.8,159.75,622.0,9938390.0,159.975
000858.SZ,2022-10-18,0.0,159.63,159.8,159.63,914.0,14598000.0,159.969
000858.SZ,2022-10-18,0.0,159.57,159.63,159.56,909.0,14507500.0,159.961
000858.SZ,2022-10-18,0.0,159.52,159.56,159.5,601.0,9588420.0,159.955
000858.SZ,2022-10-18,0.0,159.5,159.56,159.5,1128.0,17993600.0,159.944
000858.SZ,2022-10-18,0.0,159.8,159.8,159.49,794.0,12672100.0,159.938
000858.SZ,2022-10-18,0.0,159.88,159.88,159.79,439.0,7016380.0,159.937
000858.SZ,2022-10-18,0.0,160.0,160.0,159.7,1515.0,24233300.0,159.936
000858.SZ,2022-10-18,0.0,160.1,160.1,159.9,1033.0,16533200.0,159.937
000858.SZ,2022-10-18,0.0,160.29,160.31,160.09,1073.0,17198200.0,159.944
000858.SZ,2022-10-18,0.0,160.0,160.33,159.91,1616.0,25873700.0,159.95
000858.SZ,2022-10-18,0.0,160.07,160.09,159.98,795.0,12722900.0,159.952
000858.SZ,2022-10-18,0.0,160.01,160.09,160.01,1162.0,18597100.0,159.954
000858.SZ,2022-10-18,0.0,159.83,160.05,159.83,830.0,13275700.0,159.954
000858.SZ,2022-10-18,0.0,159.57,159.82,159.57,769.0,12278600.0,159.95
000858.SZ,2022-10-18,0.0,159.44,159.6,159.44,784.0,12504900.0,159.943
000858.SZ,2022-10-18,0.0,159.3,159.44,159.3,811.0,12924300.0,159.935
000858.SZ,2022-10-18,0.0,159.0,159.24,159.0,1501.0,23874200.0,159.911
000858.SZ,2022-10-18,0.0,159.06,159.11,159.01,943.0,15000200.0,159.898
000858.SZ,2022-10-18,0.0,158.7,159.0,158.68,2120.0,33672700.0,159.86
000858.SZ,2022-10-18,0.0,158.83,158.91,158.68,1137.0,18052900.0,159.839
000858.SZ,2022-10-18,0.0,159.18,159.18,158.85,676.0,10747900.0,159.83
000858.SZ,2022-10-18,0.0,159.31,159.31,159.24,689.0,10973700.0,159.824
000858.SZ,2022-10-18,0.0,158.99,159.36,158.99,774.0,12318400.0,159.816
000858.SZ,2022-10-18,0.0,158.93,159.0,158.88,668.0,10620700.0,159.807
000858.SZ,2022-10-18,0.0,159.0,159.0,158.93,508.0,8076390.0,159.8
000858.SZ,2022-10-18,0.0,159.17,159.17,159.0,546.0,8684510.0,159.794
000858.SZ,2022-10-18,0.0,159.31,159.33,159.2,373.0,5941220.0,159.791
000858.SZ,2022-10-18,0.0,159.48,159.48,159.33,523.0,8338820.0,159.788
000858.SZ,2022-10-18,0.0,159.6,159.63,159.48,645.0,10293900.0,159.786
000858.SZ,2022-10-18,0.0,159.49,159.65,159.49,466.0,7435540.0,159.784
000858.SZ,2022-10-18,0.0,159.5,159.5,159.47,413.0,6587040.0,159.782
000858.SZ,2022-10-18,0.0,159.49,159.5,159.41,444.0,7080730.0,159.78
000858.SZ,2022-10-18,0.0,159.34,159.47,159.34,412.0,6564650.0,159.778
000858.SZ,2022-10-18,0.0,159.58,159.58,159.27,608.0,9692230.0,159.774
000858.SZ,2022-10-18,0.0,159.78,159.8,159.53,826.0,13186900.0,159.773
000858.SZ,2022-10-18,0.0,159.82,159.82,159.72,580.0,9267960.0,159.773
000858.SZ,2022-10-18,0.0,159.6,159.89,159.6,762.0,12177700.0,159.774
000858.SZ,2022-10-18,0.0,159.68,159.8,159.6,407.0,6500660.0,159.773
000858.SZ,2022-10-18,0.0,159.26,159.74,159.2,560.0,8925490.0,159.77
000858.SZ,2022-10-18,0.0,159.2,159.4,159.1,390.0,6205130.0,159.767
000858.SZ,2022-10-18,0.0,159.15,159.3,159.11,158.0,2515240.0,159.766
000858.SZ,2022-10-18,0.0,159.11,159.19,159.11,315.0,5013490.0,159.763
000858.SZ,2022-10-18,0.0,159.21,159.21,159.0,801.0,12744200.0,159.756
000858.SZ,2022-10-18,0.0,159.25,159.25,159.2,148.0,2356490.0,159.755
000858.SZ,2022-10-18,0.0,159.06,159.27,159.06,568.0,9044010.0,159.751
000858.SZ,2022-10-18,0.0,159.0,159.06,159.0,268.0,4261530.0,159.748
000858.SZ,2022-10-18,0.0,159.05,159.05,159.01,154.0,2448860.0,159.746
000858.SZ,2022-10-18,0.0,159.18,159.2,159.05,154.0,2450330.0,159.745
000858.SZ,2022-10-18,0.0,159.03,159.2,158.95,776.0,12340400.0,159.738
000858.SZ,2022-10-18,0.0,159.03,159.05,159.01,179.0,2846600.0,159.736
000858.SZ,2022-10-18,0.0,158.96,159.03,158.94,761.0,12099200.0,159.729
000858.SZ,2022-10-18,0.0,158.99,158.99,158.95,276.0,4387360.0,159.726
000858.SZ,2022-10-18,0.0,158.96,158.99,158.9,703.0,11174500.0,159.719
000858.SZ,2022-10-18,0.0,158.7,158.93,158.7,992.0,15748500.0,159.707
000858.SZ,2022-10-18,0.0,158.65,158.71,158.62,901.0,14295700.0,159.695
000858.SZ,2022-10-18,0.0,158.7,158.7,158.64,320.0,5077400.0,159.691
000858.SZ,2022-10-18,0.0,158.88,158.88,158.69,328.0,5205920.0,159.687
000858.SZ,2022-10-18,0.0,158.73,159.0,158.71,263.0,4175810.0,159.684
000858.SZ,2022-10-18,0.0,158.76,158.79,158.72,306.0,4857960.0,159.68
000858.SZ,2022-10-18,0.0,159.07,159.07,158.76,408.0,6484340.0,159.676
000858.SZ,2022-10-18,0.0,159.21,159.21,159.0,196.0,3118900.0,159.675
000858.SZ,2022-10-18,0.0,159.1,159.21,159.06,298.0,4742930.0,159.673
000858.SZ,2022-10-18,0.0,159.09,159.13,159.09,256.0,4073100.0,159.671
000858.SZ,2022-10-18,0.0,159.0,159.09,158.89,311.0,4944440.0,159.669
000858.SZ,2022-10-18,0.0,158.8,158.99,158.79,252.0,4003490.0,159.666
000858.SZ,2022-10-18,0.0,158.87,158.87,158.78,181.0,2874220.0,159.664
000858.SZ,2022-10-18,0.0,158.89,158.9,158.87,161.0,2558030.0,159.663
000858.SZ,2022-10-18,0.0,158.89,159.0,158.88,453.0,7200380.0,159.659
000858.SZ,2022-10-18,0.0,158.84,158.93,158.76,529.0,8402360.0,159.654
000858.SZ,2022-10-18,0.0,158.81,158.94,158.8,259.0,4113440.0,159.651
000858.SZ,2022-10-18,0.0,158.79,158.81,158.79,386.0,6129690.0,159.647
000858.SZ,2022-10-18,0.0,159.0,159.01,158.78,945.0,15021300.0,159.64
000858.SZ,2022-10-18,0.0,158.8,159.0,158.79,254.0,4034860.0,159.637
000858.SZ,2022-10-18,0.0,158.9,159.0,158.78,715.0,11361000.0,159.631
000858.SZ,2022-10-18,0.0,159.0,159.0,158.88,445.0,7071350.0,159.627
000858.SZ,2022-10-18,0.0,159.0,159.03,158.99,289.0,4595230.0,159.625
000858.SZ,2022-10-18,0.0,159.05,159.05,158.98,229.0,3634650.0,159.624
000858.SZ,2022-10-18,0.0,159.06,159.1,159.05,274.0,4359410.0,159.622
000858.SZ,2022-10-18,0.0,159.05,159.07,159.05,165.0,2623750.0,159.621
000858.SZ,2022-10-18,0.0,159.05,159.07,159.03,195.0,3101480.0,159.62
000858.SZ,2022-10-18,0.0,159.08,159.09,159.06,186.0,2958820.0,159.618
000858.SZ,2022-10-18,0.0,159.1,159.1,159.09,118.0,1878270.0,159.618
000858.SZ,2022-10-18,0.0,159.2,159.2,159.09,329.0,5235140.0,159.616
000858.SZ,2022-10-18,0.0,159.22,159.22,159.15,215.0,3429490.0,159.615
000858.SZ,2022-10-18,0.0,159.22,159.27,159.21,397.0,6314460.0,159.613
000858.SZ,2022-10-18,0.0,159.2,159.22,159.11,212.0,3374560.0,159.612
000858.SZ,2022-10-18,0.0,159.2,159.2,159.1,213.0,3389910.0,159.611
000858.SZ,2022-10-18,0.0,159.14,159.2,159.11,166.0,2642190.0,159.61
000858.SZ,2022-10-18,0.0,159.09,159.16,159.07,282.0,4486790.0,159.609
000858.SZ,2022-10-18,0.0,159.01,159.08,159.0,213.0,3387720.0,159.607
000858.SZ,2022-10-18,0.0,159.12,159.12,159.0,103.0,1638360.0,159.607
000858.SZ,2022-10-18,0.0,159.15,159.16,159.09,190.0,3023300.0,159.606
000858.SZ,2022-10-18,0.0,159.2,159.2,159.1,245.0,3894950.0,159.604
000858.SZ,2022-10-18,0.0,159.06,159.25,159.0,298.0,4742130.0,159.603
000858.SZ,2022-10-18,0.0,159.19,159.2,159.04,169.0,2688780.0,159.602
000858.SZ,2022-10-18,0.0,159.18,159.19,159.01,179.0,2843260.0,159.601
000858.SZ,2022-10-18,0.0,159.26,159.26,159.1,454.0,7229830.0,159.599
000858.SZ,2022-10-18,0.0,159.28,159.29,159.21,440.0,7004710.0,159.597
000858.SZ,2022-10-18,0.0,159.46,159.68,159.27,1452.0,23156900.0,159.596
000858.SZ,2022-10-18,0.0,159.68,159.77,159.47,730.0,11655700.0,159.596
000858.SZ,2022-10-18,0.0,159.72,159.75,159.65,377.0,6020560.0,159.596
000858.SZ,2022-10-18,0.0,159.89,159.94,159.66,861.0,13758900.0,159.598
000858.SZ,2022-10-18,0.0,159.72,159.92,159.72,356.0,5689960.0,159.599
000858.SZ,2022-10-18,0.0,160.0,160.0,159.72,821.0,13129900.0,159.602
000858.SZ,2022-10-18,0.0,160.08,160.09,159.99,1032.0,16513100.0,159.606
000858.SZ,2022-10-18,0.0,159.97,160.08,159.97,314.0,5025240.0,159.608
000858.SZ,2022-10-18,0.0,159.83,159.99,159.83,190.0,3038090.0,159.608
000858.SZ,2022-10-18,0.0,159.76,159.86,159.74,194.0,3099960.0,159.609
000858.SZ,2022-10-18,0.0,159.63,159.75,159.62,392.0,6264920.0,159.609
000858.SZ,2022-10-18,0.0,159.55,159.63,159.55,361.0,5756280.0,159.609
000858.SZ,2022-10-18,0.0,159.68,159.7,159.5,217.0,3462320.0,159.609
000858.SZ,2022-10-18,0.0,159.71,159.75,159.68,149.0,2379720.0,159.609
000858.SZ,2022-10-18,0.0,159.68,159.72,159.63,120.0,1916200.0,159.609
000858.SZ,2022-10-18,0.0,159.49,159.68,159.49,157.0,2505060.0,159.609
000858.SZ,2022-10-18,0.0,159.34,159.49,159.34,259.0,4128900.0,159.608
000858.SZ,2022-10-18,0.0,159.37,159.4,159.35,188.0,2996190.0,159.608
000858.SZ,2022-10-18,0.0,159.39,159.41,159.37,214.0,3410930.0,159.607
000858.SZ,2022-10-18,0.0,159.36,159.4,159.36,198.0,3155600.0,159.607
000858.SZ,2022-10-18,0.0,159.09,159.38,159.08,523.0,8328520.0,159.605
000858.SZ,2022-10-18,0.0,159.0,159.08,159.0,396.0,6297800.0,159.603
000858.SZ,2022-10-18,0.0,159.07,159.1,159.02,255.0,4056340.0,159.602
000858.SZ,2022-10-18,0.0,159.01,159.07,159.0,543.0,8634480.0,159.598
000858.SZ,2022-10-18,0.0,159.03,159.06,159.0,196.0,3116820.0,159.597
000858.SZ,2022-10-18,0.0,158.92,159.05,158.9,594.0,9447390.0,159.594
000858.SZ,2022-10-18,0.0,158.88,158.91,158.88,275.0,4369520.0,159.592
000858.SZ,2022-10-18,0.0,158.96,158.96,158.88,219.0,3478050.0,159.59
000858.SZ,2022-10-18,0.0,159.0,159.0,158.8,917.0,14571800.0,159.584
000858.SZ,2022-10-18,0.0,158.8,158.98,158.77,656.0,10417600.0,159.579
000858.SZ,2022-10-18,0.0,158.7,158.86,158.7,905.0,14367200.0,159.572
000858.SZ,2022-10-18,0.0,158.7,158.74,158.65,566.0,8981390.0,159.568
000858.SZ,2022-10-18,0.0,158.67,158.7,158.67,373.0,5918980.0,159.565
000858.SZ,2022-10-18,0.0,158.63,158.69,158.63,558.0,8851170.0,159.56
000858.SZ,2022-10-18,0.0,158.6,158.67,158.6,706.0,11200900.0,159.554
000858.SZ,2022-10-18,0.0,158.84,159.0,158.57,1698.0,26966600.0,159.542
000858.SZ,2022-10-18,0.0,158.66,158.92,158.62,217.0,3444690.0,159.541
000858.SZ,2022-10-18,0.0,158.92,158.92,158.65,292.0,4635880.0,159.539
000858.SZ,2022-10-18,0.0,159.0,159.0,158.9,223.0,3544250.0,159.537
000858.SZ,2022-10-18,0.0,158.8,159.0,158.8,166.0,2638470.0,159.537
000858.SZ,2022-10-18,0.0,158.89,158.99,158.68,266.0,4223830.0,159.535
000858.SZ,2022-10-18,0.0,158.8,158.99,158.77,314.0,4988440.0,159.533
000858.SZ,2022-10-18,0.0,158.77,158.9,158.77,208.0,3302760.0,159.532
000858.SZ,2022-10-18,0.0,158.8,158.85,158.77,284.0,4509840.0,159.53
000858.SZ,2022-10-18,0.0,158.8,158.89,158.78,201.0,3191940.0,159.528
000858.SZ,2022-10-18,0.0,158.81,158.83,158.79,206.0,3271330.0,159.527
000858.SZ,2022-10-18,0.0,158.67,158.81,158.66,489.0,7761920.0,159.524
000858.SZ,2022-10-18,0.0,158.64,158.67,158.63,295.0,4680150.0,159.521
000858.SZ,2022-10-18,0.0,158.7,158.74,158.63,401.0,6362740.0,159.518
000858.SZ,2022-10-18,0.0,158.7,158.74,158.67,194.0,3078940.0,159.517
000858.SZ,2022-10-18,0.0,158.66,158.7,158.64,292.0,4632910.0,159.515
000858.SZ,2022-10-18,0.0,158.66,158.69,158.64,318.0,5045410.0,159.512
000858.SZ,2022-10-18,0.0,158.66,158.68,158.66,207.0,3284300.0,159.511
000858.SZ,2022-10-18,0.0,158.65,158.68,158.65,291.0,4617050.0,159.509
000858.SZ,2022-10-18,0.0,158.76,158.76,158.65,269.0,4268550.0,159.507
000858.SZ,2022-10-18,0.0,158.68,158.79,158.66,222.0,3523520.0,159.505
000858.SZ,2022-10-18,0.0,158.65,158.68,158.64,423.0,6711170.0,159.502
000858.SZ,2022-10-18,0.0,158.65,158.69,158.63,360.0,5711870.0,159.5
000858.SZ,2022-10-18,0.0,158.67,158.7,158.64,153.0,2427520.0,159.498
000858.SZ,2022-10-18,0.0,158.5,158.69,158.5,1305.0,20695700.0,159.488
000858.SZ,2022-10-18,0.0,158.2,158.51,158.18,719.0,11382200.0,159.481
000858.SZ,2022-10-18,0.0,158.18,158.19,158.12,740.0,11703700.0,159.473
000858.SZ,2022-10-18,0.0,158.19,158.21,158.17,363.0,5742710.0,159.469
000858.SZ,2022-10-18,0.0,158.13,158.21,158.13,485.0,7671010.0,159.464
000858.SZ,2022-10-18,0.0,158.1,158.14,158.1,426.0,6735910.0,159.459
000858.SZ,2022-10-18,0.0,158.2,158.2,158.1,363.0,5740310.0,159.455
000858.SZ,2022-10-18,0.0,158.18,158.23,158.18,299.0,4730310.0,159.452
000858.SZ,2022-10-18,0.0,158.1,158.16,158.1,274.0,4332610.0,159.449
000858.SZ,2022-10-18,0.0,158.08,158.12,158.08,517.0,8173940.0,159.443
000858.SZ,2022-10-18,0.0,158.04,158.08,158.02,393.0,6211300.0,159.439
000858.SZ,2022-10-18,0.0,158.09,158.16,158.02,400.0,6316070.0,159.434
000858.SZ,2022-10-18,0.0,158.12,158.2,158.09,238.0,3763790.0,159.432
000858.SZ,2022-10-18,0.0,158.3,158.35,158.13,203.0,3213050.0,159.43
000858.SZ,2022-10-18,0.0,158.28,158.3,158.26,222.0,3513900.0,159.428
000858.SZ,2022-10-18,0.0,158.22,158.29,158.22,255.0,4035660.0,159.425
000858.SZ,2022-10-18,0.0,158.25,158.25,158.2,660.0,10442100.0,159.419
000858.SZ,2022-10-18,0.0,158.51,158.58,158.2,300.0,4751990.0,159.417
000858.SZ,2022-10-18,0.0,158.6,158.7,158.56,218.0,3458260.0,159.415
000858.SZ,2022-10-18,0.0,158.52,158.6,158.5,239.0,3789000.0,159.414
000858.SZ,2022-10-18,0.0,158.48,158.55,158.48,241.0,3819930.0,159.412
000858.SZ,2022-10-18,0.0,158.38,158.5,158.3,180.0,2851270.0,159.41
000858.SZ,2022-10-18,0.0,158.38,158.4,158.36,205.0,3246760.0,159.409
000858.SZ,2022-10-18,0.0,158.39,158.4,158.31,316.0,5004670.0,159.406
000858.SZ,2022-10-18,0.0,158.38,158.4,158.36,129.0,2043190.0,159.405
000858.SZ,2022-10-18,0.0,158.39,158.4,158.38,109.0,1726420.0,159.404
000858.SZ,2022-10-18,0.0,158.45,158.48,158.38,155.0,2455450.0,159.403
000858.SZ,2022-10-18,0.0,158.49,158.5,158.43,96.0,1521290.0,159.402
000858.SZ,2022-10-18,0.0,158.5,158.5,158.48,252.0,3994060.0,159.4
000858.SZ,2022-10-18,0.0,158.8,158.8,158.48,244.0,3870540.0,159.399
000858.SZ,2022-10-18,0.0,158.68,158.8,158.65,218.0,3460120.0,159.398
000858.SZ,2022-10-18,0.0,158.35,158.7,158.35,537.0,8509630.0,159.394
000858.SZ,2022-10-18,0.0,158.66,158.66,158.29,357.0,5647970.0,159.391
000858.SZ,2022-10-18,0.0,158.99,159.0,158.58,1337.0,21240200.0,159.386
000858.SZ,2022-10-18,0.0,158.64,158.93,158.64,448.0,7113690.0,159.384
000858.SZ,2022-10-18,0.0,158.59,158.6,158.5,184.0,2917080.0,159.382
000858.SZ,2022-10-18,0.0,158.75,158.75,158.58,189.0,2999100.0,159.381
000858.SZ,2022-10-18,0.0,158.73,158.76,158.73,309.0,4905300.0,159.38
000858.SZ,2022-10-18,0.0,158.68,158.74,158.68,130.0,2063260.0,159.379
000858.SZ,2022-10-18,0.0,158.7,158.72,158.67,282.0,4475110.0,159.378
000858.SZ,2022-10-18,0.0,158.72,158.73,158.71,221.0,3507740.0,159.377
000858.SZ,2022-10-18,0.0,158.69,158.73,158.67,311.0,4935380.0,159.375
000858.SZ,2022-10-18,0.0,158.68,158.7,158.67,309.0,4903210.0,159.373
000858.SZ,2022-10-18,0.0,158.71,158.71,158.68,214.0,3396050.0,159.372
000858.SZ,2022-10-18,0.0,158.7,158.71,158.68,362.0,5744700.0,159.37
000858.SZ,2022-10-18,0.0,158.71,158.72,158.7,298.0,4729510.0,159.369
000858.SZ,2022-10-18,0.0,158.66,158.72,158.66,616.0,9775470.0,159.366
000858.SZ,2022-10-18,0.0,158.66,158.68,158.65,266.0,4220530.0,159.364
000858.SZ,2022-10-18,0.0,158.65,158.66,158.65,297.0,4711970.0,159.363
000858.SZ,2022-10-18,0.0,158.73,158.73,158.65,608.0,9648130.0,159.36
000858.SZ,2022-10-18,0.0,158.68,158.7,158.68,388.0,6157310.0,159.358
000858.SZ,2022-10-18,0.0,158.7,158.7,158.68,390.0,6188880.0,159.356
000858.SZ,2022-10-18,0.0,158.68,158.7,158.68,306.0,4855700.0,159.354
000858.SZ,2022-10-18,0.0,158.68,158.69,158.67,305.0,4846790.0,159.353
000858.SZ,2022-10-18,0.0,158.7,158.7,158.68,467.0,7410930.0,159.351
000858.SZ,2022-10-18,0.0,158.7,158.71,158.69,441.0,6998610.0,159.348
000858.SZ,2022-10-18,0.0,158.68,158.7,158.67,622.0,9869990.0,159.345
000858.SZ,2022-10-18,0.0,158.7,158.7,158.68,548.0,8688250.0,159.343
000858.SZ,2022-10-18,0.0,158.7,158.7,158.7,23.0,364994.0,159.343
000858.SZ,2022-10-18,0.0,158.7,158.7,158.7,0.0,0.0,159.343
000858.SZ,2022-10-18,0.0,158.7,158.7,158.7,1806.0,28659200.0,159.334
000858.SZ,2022-10-19,0.0,158.51,158.51,158.51,299.0,4739450.0,158.51
000858.SZ,2022-10-19,0.0,158.0,158.46,157.65,1671.0,26427200.0,158.188
000858.SZ,2022-10-19,0.0,157.64,157.96,157.31,1481.0,23339600.0,157.933
000858.SZ,2022-10-19,0.0,157.08,157.65,157.07,1271.0,20011700.0,157.803
000858.SZ,2022-10-19,0.0,157.25,157.26,156.7,2023.0,31752800.0,157.55
000858.SZ,2022-10-19,0.0,157.28,157.34,157.07,985.0,15482900.0,157.504
000858.SZ,2022-10-19,0.0,157.47,157.5,157.3,916.0,14414700.0,157.494
000858.SZ,2022-10-19,0.0,157.88,158.16,157.5,947.0,14944300.0,157.526
000858.SZ,2022-10-19,0.0,158.04,158.16,157.9,601.0,9497890.0,157.556
000858.SZ,2022-10-19,0.0,157.69,158.13,157.58,465.0,7340770.0,157.57
000858.SZ,2022-10-19,0.0,157.86,157.91,157.6,588.0,9279660.0,157.583
000858.SZ,2022-10-19,0.0,157.76,157.97,157.75,683.0,10780700.0,157.598
000858.SZ,2022-10-19,0.0,157.82,157.86,157.8,465.0,7339050.0,157.606
000858.SZ,2022-10-19,0.0,157.4,157.79,157.27,1225.0,19290600.0,157.595
000858.SZ,2022-10-19,0.0,157.39,157.4,157.37,553.0,8703010.0,157.586
000858.SZ,2022-10-19,0.0,157.27,157.4,157.27,617.0,9708250.0,157.576
000858.SZ,2022-10-19,0.0,157.26,157.27,157.24,504.0,7925780.0,157.566
000858.SZ,2022-10-19,0.0,157.07,157.25,157.07,668.0,10500500.0,157.55
000858.SZ,2022-10-19,0.0,156.6,157.05,156.58,2378.0,37299900.0,157.46
000858.SZ,2022-10-19,0.0,156.94,156.99,156.57,1443.0,22627000.0,157.411
000858.SZ,2022-10-19,0.0,156.9,156.95,156.88,662.0,10387500.0,157.395
000858.SZ,2022-10-19,0.0,157.21,157.21,156.7,1085.0,17020300.0,157.368
000858.SZ,2022-10-19,0.0,156.85,157.03,156.84,525.0,8238990.0,157.358
000858.SZ,2022-10-19,0.0,156.67,156.8,156.67,1065.0,16690200.0,157.328
000858.SZ,2022-10-19,0.0,155.85,156.69,155.52,4462.0,69684000.0,157.141
000858.SZ,2022-10-19,0.0,155.93,156.14,155.84,1404.0,21896200.0,157.084
000858.SZ,2022-10-19,0.0,156.11,156.16,155.9,1010.0,15759200.0,157.048
000858.SZ,2022-10-19,0.0,156.28,156.28,156.11,567.0,8857030.0,157.033
000858.SZ,2022-10-19,0.0,156.3,156.49,156.25,513.0,8020580.0,157.021
000858.SZ,2022-10-19,0.0,156.1,156.31,156.1,447.0,6982500.0,157.01
000858.SZ,2022-10-19,0.0,155.95,156.1,155.93,1260.0,19655600.0,156.971
000858.SZ,2022-10-19,0.0,155.74,155.98,155.74,1377.0,21458200.0,156.925
000858.SZ,2022-10-19,0.0,155.95,155.98,155.72,1436.0,22376800.0,156.881
000858.SZ,2022-10-19,0.0,155.9,155.95,155.89,874.0,13627400.0,156.858
000858.SZ,2022-10-19,0.0,155.75,155.9,155.69,1560.0,24299200.0,156.813
000858.SZ,2022-10-19,0.0,155.68,155.76,155.68,1081.0,16826400.0,156.783
000858.SZ,2022-10-19,0.0,155.66,155.7,155.6,1406.0,21875800.0,156.743
000858.SZ,2022-10-19,0.0,155.7,155.74,155.6,1076.0,16757900.0,156.716
000858.SZ,2022-10-19,0.0,155.65,155.74,155.63,1232.0,19178700.0,156.686
000858.SZ,2022-10-19,0.0,155.53,155.69,155.51,1764.0,27444300.0,156.642
000858.SZ,2022-10-19,0.0,155.63,155.68,155.55,985.0,15325200.0,156.619
000858.SZ,2022-10-19,0.0,155.26,155.65,155.26,3260.0,50685700.0,156.543
000858.SZ,2022-10-19,0.0,155.43,155.43,155.27,969.0,15044300.0,156.519
000858.SZ,2022-10-19,0.0,155.48,155.5,155.41,795.0,12357900.0,156.502
000858.SZ,2022-10-19,0.0,155.56,155.65,155.47,805.0,12519500.0,156.487
000858.SZ,2022-10-19,0.0,155.47,155.56,155.47,1200.0,18662200.0,156.465
000858.SZ,2022-10-19,0.0,155.07,155.49,155.03,2262.0,35114800.0,156.413
000858.SZ,2022-10-19,0.0,155.09,155.1,155.01,1103.0,17102000.0,156.386
000858.SZ,2022-10-19,0.0,155.07,155.1,155.06,1581.0,24516000.0,156.35
000858.SZ,2022-10-19,0.0,155.16,155.16,155.06,987.0,15302400.0,156.329
000858.SZ,2022-10-19,0.0,155.22,155.25,155.1,538.0,8351420.0,156.318
000858.SZ,2022-10-19,0.0,155.85,155.85,155.25,647.0,10066000.0,156.31
000858.SZ,2022-10-19,0.0,155.98,156.0,155.85,672.0,10480400.0,156.306
000858.SZ,2022-10-19,0.0,155.77,155.93,155.77,547.0,8523880.0,156.302
000858.SZ,2022-10-19,0.0,155.48,155.78,155.48,694.0,10803100.0,156.295
000858.SZ,2022-10-19,0.0,155.88,155.93,155.5,485.0,7549110.0,156.29
000858.SZ,2022-10-19,0.0,155.8,155.98,155.78,681.0,10610800.0,156.285
000858.SZ,2022-10-19,0.0,156.01,156.01,155.87,615.0,9592020.0,156.282
000858.SZ,2022-10-19,0.0,156.18,156.18,156.01,578.0,9022250.0,156.28
000858.SZ,2022-10-19,0.0,156.25,156.3,156.18,711.0,11108700.0,156.28
000858.SZ,2022-10-19,0.0,156.15,156.26,156.12,561.0,8762260.0,156.279
000858.SZ,2022-10-19,0.0,155.9,156.16,155.9,1073.0,16748600.0,156.276
000858.SZ,2022-10-19,0.0,155.82,155.9,155.5,2354.0,36638300.0,156.254
000858.SZ,2022-10-19,0.0,155.4,155.78,155.4,2076.0,32278500.0,156.231
000858.SZ,2022-10-19,0.0,155.73,155.73,155.6,304.0,4732440.0,156.229
000858.SZ,2022-10-19,0.0,155.71,155.84,155.71,633.0,9860090.0,156.225
000858.SZ,2022-10-19,0.0,155.73,155.77,155.71,285.0,4438500.0,156.223
000858.SZ,2022-10-19,0.0,155.71,155.73,155.7,321.0,4998390.0,156.221
000858.SZ,2022-10-19,0.0,155.68,155.71,155.66,420.0,6538800.0,156.218
000858.SZ,2022-10-19,0.0,155.65,155.68,155.65,538.0,8375130.0,156.214
000858.SZ,2022-10-19,0.0,155.5,155.67,155.5,893.0,13892700.0,156.206
000858.SZ,2022-10-19,0.0,155.64,155.67,155.48,854.0,13282900.0,156.198
000858.SZ,2022-10-19,0.0,155.84,155.84,155.63,404.0,6288540.0,156.195
000858.SZ,2022-10-19,0.0,155.84,155.85,155.75,243.0,3786680.0,156.194
000858.SZ,2022-10-19,0.0,155.79,155.86,155.79,448.0,6981080.0,156.192
000858.SZ,2022-10-19,0.0,155.65,155.8,155.64,266.0,4142340.0,156.191
000858.SZ,2022-10-19,0.0,155.62,155.65,155.6,574.0,8933170.0,156.186
000858.SZ,2022-10-19,0.0,155.61,155.62,155.6,362.0,5632670.0,156.184
000858.SZ,2022-10-19,0.0,155.45,155.61,155.45,599.0,9316270.0,156.179
000858.SZ,2022-10-19,0.0,155.44,155.45,155.41,394.0,6124050.0,156.175
000858.SZ,2022-10-19,0.0,155.5,155.5,155.44,409.0,6358230.0,156.171
000858.SZ,2022-10-19,0.0,155.57,155.59,155.49,346.0,5380850.0,156.168
000858.SZ,2022-10-19,0.0,155.73,155.8,155.56,377.0,5867260.0,156.166
000858.SZ,2022-10-19,0.0,155.84,155.88,155.78,225.0,3505630.0,156.165
000858.SZ,2022-10-19,0.0,155.73,155.86,155.72,506.0,7883980.0,156.162
000858.SZ,2022-10-19,0.0,155.83,155.83,155.71,277.0,4314940.0,156.161
000858.SZ,2022-10-19,0.0,155.9,155.9,155.83,268.0,4176660.0,156.16
000858.SZ,2022-10-19,0.0,156.0,156.0,155.9,352.0,5489790.0,156.159
000858.SZ,2022-10-19,0.0,156.2,156.2,156.0,426.0,6648630.0,156.159
000858.SZ,2022-10-19,0.0,156.19,156.2,156.18,514.0,8028190.0,156.159
000858.SZ,2022-10-19,0.0,156.47,156.48,156.19,730.0,11410400.0,156.16
000858.SZ,2022-10-19,0.0,156.46,156.48,156.39,538.0,8416120.0,156.162
000858.SZ,2022-10-19,0.0,156.2,156.46,156.2,319.0,4986720.0,156.163
000858.SZ,2022-10-19,0.0,156.0,156.2,156.0,445.0,6948000.0,156.162
000858.SZ,2022-10-19,0.0,155.88,156.01,155.88,277.0,4320260.0,156.162
000858.SZ,2022-10-19,0.0,155.8,155.89,155.8,253.0,3943240.0,156.161
000858.SZ,2022-10-19,0.0,155.78,155.82,155.74,185.0,2881760.0,156.16
000858.SZ,2022-10-19,0.0,155.79,155.79,155.74,294.0,4579970.0,156.159
000858.SZ,2022-10-19,0.0,155.73,155.8,155.73,276.0,4298900.0,156.157
000858.SZ,2022-10-19,0.0,155.57,155.73,155.55,460.0,7158970.0,156.155
000858.SZ,2022-10-19,0.0,155.57,155.58,155.55,344.0,5351440.0,156.152
000858.SZ,2022-10-19,0.0,155.57,155.57,155.55,271.0,4215750.0,156.15
000858.SZ,2022-10-19,0.0,155.5,155.59,155.5,705.0,10965200.0,156.145
000858.SZ,2022-10-19,0.0,155.53,155.58,155.49,546.0,8490590.0,156.141
000858.SZ,2022-10-19,0.0,155.51,155.53,155.49,460.0,7153070.0,156.138
000858.SZ,2022-10-19,0.0,155.53,155.53,155.5,220.0,3421220.0,156.137
000858.SZ,2022-10-19,0.0,155.63,155.68,155.53,237.0,3687850.0,156.135
000858.SZ,2022-10-19,0.0,155.78,155.79,155.65,151.0,2351250.0,156.134
000858.SZ,2022-10-19,0.0,155.81,155.84,155.74,240.0,3738760.0,156.133
000858.SZ,2022-10-19,0.0,155.82,155.82,155.8,173.0,2695540.0,156.133
000858.SZ,2022-10-19,0.0,155.85,155.86,155.8,300.0,4674720.0,156.132
000858.SZ,2022-10-19,0.0,155.82,155.85,155.82,155.0,2415590.0,156.131
000858.SZ,2022-10-19,0.0,155.55,155.84,155.55,458.0,7130140.0,156.129
000858.SZ,2022-10-19,0.0,155.53,155.55,155.5,697.0,10839500.0,156.124
000858.SZ,2022-10-19,0.0,155.62,155.63,155.53,148.0,2302640.0,156.123
000858.SZ,2022-10-19,0.0,155.66,155.86,155.62,138.0,2148010.0,156.123
000858.SZ,2022-10-19,0.0,155.8,155.8,155.66,313.0,4873490.0,156.121
000858.SZ,2022-10-19,0.0,155.84,155.85,155.8,111.0,1729670.0,156.121
000858.SZ,2022-10-19,0.0,155.83,155.84,155.83,95.0,1485430.0,156.121
000858.SZ,2022-10-19,0.0,155.66,155.83,155.66,180.0,2798390.0,156.12
000858.SZ,2022-10-19,0.0,155.53,155.67,155.5,625.0,9722920.0,156.116
000858.SZ,2022-10-19,0.0,155.4,155.48,155.4,1533.0,23831600.0,156.105
000858.SZ,2022-10-19,0.0,155.23,155.4,155.23,752.0,11680300.0,156.099
000858.SZ,2022-10-19,0.0,155.15,155.22,155.15,1464.0,22713300.0,156.085
000858.SZ,2022-10-19,0.0,155.02,155.13,155.02,1578.0,24472800.0,156.069
000858.SZ,2022-10-19,0.0,155.03,155.03,155.02,1514.0,23470000.0,156.053
000858.SZ,2022-10-19,0.0,155.03,155.03,155.02,879.0,13626700.0,156.044
000858.SZ,2022-10-19,0.0,155.2,155.24,155.03,1538.0,23858500.0,156.03
000858.SZ,2022-10-19,0.0,155.13,155.24,155.13,656.0,10176800.0,156.024
000858.SZ,2022-10-19,0.0,155.11,155.13,155.1,296.0,4591610.0,156.022
000858.SZ,2022-10-19,0.0,155.14,155.14,155.12,540.0,8376500.0,156.017
000858.SZ,2022-10-19,0.0,155.06,155.14,155.05,596.0,9243220.0,156.012
000858.SZ,2022-10-19,0.0,155.06,155.06,155.04,400.0,6200540.0,156.008
000858.SZ,2022-10-19,0.0,155.03,155.06,155.02,973.0,15084500.0,155.999
000858.SZ,2022-10-19,0.0,155.03,155.03,155.0,2452.0,38007300.0,155.976
000858.SZ,2022-10-19,0.0,154.7,155.01,154.51,4740.0,73431504.0,155.931
000858.SZ,2022-10-19,0.0,154.6,154.7,154.05,1862.0,28755900.0,155.907
000858.SZ,2022-10-19,0.0,154.57,154.6,154.56,492.0,7605150.0,155.901
000858.SZ,2022-10-19,0.0,154.67,154.67,154.57,495.0,7651960.0,155.896
000858.SZ,2022-10-19,0.0,154.79,154.79,154.67,421.0,6514700.0,155.891
000858.SZ,2022-10-19,0.0,154.86,154.91,154.79,673.0,10423900.0,155.886
000858.SZ,2022-10-19,0.0,154.81,154.88,154.8,425.0,6579480.0,155.882
000858.SZ,2022-10-19,0.0,154.83,154.83,154.81,306.0,4737460.0,155.879
000858.SZ,2022-10-19,0.0,154.69,154.83,154.67,594.0,9191710.0,155.873
000858.SZ,2022-10-19,0.0,154.61,154.69,154.61,361.0,5583080.0,155.869
000858.SZ,2022-10-19,0.0,154.53,154.6,154.52,502.0,7759230.0,155.864
000858.SZ,2022-10-19,0.0,154.53,154.54,154.5,974.0,15049700.0,155.853
000858.SZ,2022-10-19,0.0,154.59,154.6,154.53,602.0,9305800.0,155.847
000858.SZ,2022-10-19,0.0,154.67,154.67,154.61,487.0,7531010.0,155.842
000858.SZ,2022-10-19,0.0,154.67,154.68,154.67,537.0,8306080.0,155.836
000858.SZ,2022-10-19,0.0,154.56,154.68,154.56,595.0,9200650.0,155.831
000858.SZ,2022-10-19,0.0,154.4,154.56,154.39,1001.0,15462300.0,155.819
000858.SZ,2022-10-19,0.0,154.37,154.4,154.37,823.0,12705400.0,155.81
000858.SZ,2022-10-19,0.0,154.29,154.38,154.29,631.0,9738970.0,155.802
000858.SZ,2022-10-19,0.0,154.09,154.25,154.09,1405.0,21656400.0,155.784
000858.SZ,2022-10-19,0.0,154.08,154.09,154.02,1122.0,17285900.0,155.768
000858.SZ,2022-10-19,0.0,154.09,154.1,154.08,800.0,12324700.0,155.758
000858.SZ,2022-10-19,0.0,154.08,154.1,154.0,2074.0,31953800.0,155.731
000858.SZ,2022-10-19,0.0,154.13,154.13,154.07,607.0,9358060.0,155.723
000858.SZ,2022-10-19,0.0,154.14,154.17,154.14,799.0,12315900.0,155.713
000858.SZ,2022-10-19,0.0,154.11,154.15,154.11,505.0,7783260.0,155.707
000858.SZ,2022-10-19,0.0,154.03,154.11,154.01,670.0,10328000.0,155.699
000858.SZ,2022-10-19,0.0,154.08,154.08,154.03,479.0,7379300.0,155.693
000858.SZ,2022-10-19,0.0,154.11,154.11,154.08,583.0,8983400.0,155.686
000858.SZ,2022-10-19,0.0,154.31,154.31,154.11,641.0,9882140.0,155.678
000858.SZ,2022-10-19,0.0,154.5,154.5,154.32,410.0,6330680.0,155.675
000858.SZ,2022-10-19,0.0,154.58,154.59,154.51,714.0,11042400.0,155.669
000858.SZ,2022-10-19,0.0,154.64,154.64,154.59,445.0,6880450.0,155.665
000858.SZ,2022-10-19,0.0,154.65,154.69,154.6,872.0,13489800.0,155.659
000858.SZ,2022-10-19,0.0,154.52,154.66,154.44,978.0,15116400.0,155.651
000858.SZ,2022-10-19,0.0,154.41,154.6,154.4,518.0,7996010.0,155.646
000858.SZ,2022-10-19,0.0,154.34,154.43,154.33,425.0,6561180.0,155.642
000858.SZ,2022-10-19,0.0,154.18,154.34,154.17,581.0,8962530.0,155.637
000858.SZ,2022-10-19,0.0,154.21,154.22,154.16,426.0,6575770.0,155.632
000858.SZ,2022-10-19,0.0,154.31,154.31,154.2,409.0,6307890.0,155.628
000858.SZ,2022-10-19,0.0,154.62,154.62,154.34,416.0,6431160.0,155.625
000858.SZ,2022-10-19,0.0,154.78,154.78,154.62,337.0,5207380.0,155.622
000858.SZ,2022-10-19,0.0,154.67,154.78,154.66,693.0,10729500.0,155.618
000858.SZ,2022-10-19,0.0,154.63,154.68,154.62,432.0,6681160.0,155.615
000858.SZ,2022-10-19,0.0,154.58,154.64,154.54,542.0,8381230.0,155.611
000858.SZ,2022-10-19,0.0,154.4,154.58,154.36,556.0,8587400.0,155.607
000858.SZ,2022-10-19,0.0,154.41,154.45,154.35,390.0,6020460.0,155.604
000858.SZ,2022-10-19,0.0,154.35,154.42,154.3,568.0,8766370.0,155.599
000858.SZ,2022-10-19,0.0,154.34,154.37,154.33,300.0,4631860.0,155.596
000858.SZ,2022-10-19,0.0,154.42,154.48,154.35,242.0,3736330.0,155.594
000858.SZ,2022-10-19,0.0,154.44,154.6,154.44,392.0,6056960.0,155.591
000858.SZ,2022-10-19,0.0,154.6,154.6,154.44,395.0,6104670.0,155.588
000858.SZ,2022-10-19,0.0,154.63,154.65,154.59,200.0,3092200.0,155.587
000858.SZ,2022-10-19,0.0,154.62,154.63,154.59,363.0,5610360.0,155.584
000858.SZ,2022-10-19,0.0,154.67,154.67,154.59,329.0,5087530.0,155.582
000858.SZ,2022-10-19,0.0,154.88,154.88,154.66,388.0,6003340.0,155.58
000858.SZ,2022-10-19,0.0,154.8,154.89,154.8,501.0,7758990.0,155.577
000858.SZ,2022-10-19,0.0,154.83,154.83,154.78,290.0,4489430.0,155.576
000858.SZ,2022-10-19,0.0,154.84,154.84,154.8,363.0,5620040.0,155.574
000858.SZ,2022-10-19,0.0,154.81,154.84,154.8,257.0,3978610.0,155.573
000858.SZ,2022-10-19,0.0,155.01,155.02,154.8,552.0,8553340.0,155.57
000858.SZ,2022-10-19,0.0,155.07,155.07,155.02,328.0,5091520.0,155.569
000858.SZ,2022-10-19,0.0,155.13,155.13,155.07,597.0,9262230.0,155.567
000858.SZ,2022-10-19,0.0,155.21,155.21,155.1,937.0,14543300.0,155.565
000858.SZ,2022-10-19,0.0,154.98,155.21,154.97,627.0,9725410.0,155.562
000858.SZ,2022-10-19,0.0,155.08,155.2,154.98,311.0,4822840.0,155.561
000858.SZ,2022-10-19,0.0,155.0,155.1,155.0,331.0,5131670.0,155.56
000858.SZ,2022-10-19,0.0,155.02,155.08,155.02,243.0,3767660.0,155.559
000858.SZ,2022-10-19,0.0,155.03,155.06,155.02,256.0,3968930.0,155.559
000858.SZ,2022-10-19,0.0,154.78,155.03,154.78,621.0,9621170.0,155.556
000858.SZ,2022-10-19,0.0,154.77,154.79,154.74,269.0,4163280.0,155.555
000858.SZ,2022-10-19,0.0,154.75,154.78,154.75,314.0,4859500.0,155.553
000858.SZ,2022-10-19,0.0,154.74,154.75,154.74,218.0,3373460.0,155.552
000858.SZ,2022-10-19,0.0,154.8,154.8,154.74,301.0,4659970.0,155.55
000858.SZ,2022-10-19,0.0,154.8,154.82,154.79,395.0,6109760.0,155.548
000858.SZ,2022-10-19,0.0,154.8,154.82,154.79,259.0,4006410.0,155.547
000858.SZ,2022-10-19,0.0,154.71,154.8,154.68,546.0,8450930.0,155.544
000858.SZ,2022-10-19,0.0,154.74,154.75,154.71,384.0,5941060.0,155.542
000858.SZ,2022-10-19,0.0,154.68,154.74,154.59,1063.0,16431700.0,155.536
000858.SZ,2022-10-19,0.0,154.52,154.64,154.51,258.0,3987980.0,155.534
000858.SZ,2022-10-19,0.0,154.56,154.56,154.5,477.0,7370610.0,155.531
000858.SZ,2022-10-19,0.0,154.54,154.57,154.5,407.0,6289140.0,155.528
000858.SZ,2022-10-19,0.0,154.54,154.55,154.52,284.0,4388920.0,155.527
000858.SZ,2022-10-19,0.0,154.58,154.59,154.54,451.0,6970590.0,155.524
000858.SZ,2022-10-19,0.0,154.58,154.6,154.55,688.0,10632500.0,155.52
000858.SZ,2022-10-19,0.0,154.65,154.65,154.55,535.0,8271580.0,155.517
000858.SZ,2022-10-19,0.0,154.72,154.72,154.66,567.0,8771500.0,155.514
000858.SZ,2022-10-19,0.0,154.7,154.73,154.63,565.0,8739590.0,155.511
000858.SZ,2022-10-19,0.0,154.58,154.7,154.55,693.0,10714400.0,155.507
000858.SZ,2022-10-19,0.0,154.6,154.6,154.57,530.0,8192820.0,155.504
000858.SZ,2022-10-19,0.0,154.58,154.6,154.57,689.0,10647700.0,155.5
000858.SZ,2022-10-19,0.0,154.61,154.61,154.57,777.0,12011400.0,155.495
000858.SZ,2022-10-19,0.0,154.6,154.61,154.6,724.0,11193600.0,155.492
000858.SZ,2022-10-19,0.0,154.6,154.62,154.58,763.0,11795800.0,155.487
000858.SZ,2022-10-19,0.0,154.58,154.62,154.57,701.0,10836800.0,155.484
000858.SZ,2022-10-19,0.0,154.51,154.57,154.51,1059.0,16365500.0,155.478
000858.SZ,2022-10-19,0.0,154.52,154.52,154.5,872.0,13476100.0,155.472
000858.SZ,2022-10-19,0.0,154.51,154.52,154.5,605.0,9348100.0,155.469
000858.SZ,2022-10-19,0.0,154.51,154.52,154.5,695.0,10738200.0,155.465
000858.SZ,2022-10-19,0.0,154.5,154.51,154.5,785.0,12128600.0,155.461
000858.SZ,2022-10-19,0.0,154.56,154.58,154.5,1071.0,16555700.0,155.455
000858.SZ,2022-10-19,0.0,154.5,154.56,154.5,1044.0,16139100.0,155.449
000858.SZ,2022-10-19,0.0,154.52,154.52,154.5,938.0,14496300.0,155.444
000858.SZ,2022-10-19,0.0,154.52,154.52,154.52,14.0,216327.0,155.444
000858.SZ,2022-10-19,0.0,154.52,154.52,154.52,0.0,0.0,155.444
000858.SZ,2022-10-19,0.0,154.5,154.5,154.5,1723.0,26620400.0,155.435
000858.SZ,2022-10-20,0.0,152.5,152.5,152.5,1305.0,19901200.0,152.5
000858.SZ,2022-10-20,0.0,152.2,153.0,152.0,8763.0,133512000.0,152.374
000858.SZ,2022-10-20,0.0,152.5,152.75,152.22,3928.0,59865300.0,152.383
000858.SZ,2022-10-20,0.0,152.47,152.92,152.26,3145.0,48003300.0,152.429
000858.SZ,2022-10-20,0.0,153.16,153.24,152.47,1599.0,24454400.0,152.472
000858.SZ,2022-10-20,0.0,154.15,154.2,153.16,1598.0,24516700.0,152.547
000858.SZ,2022-10-20,0.0,153.95,154.41,153.95,1908.0,29427300.0,152.691
000858.SZ,2022-10-20,0.0,153.6,154.0,153.6,1444.0,22213400.0,152.761
000858.SZ,2022-10-20,0.0,153.58,153.79,153.56,2043.0,31393500.0,152.833
000858.SZ,2022-10-20,0.0,152.32,153.55,152.31,3378.0,51582100.0,152.817
000858.SZ,2022-10-20,0.0,153.03,153.03,152.37,2667.0,40656100.0,152.786
000858.SZ,2022-10-20,0.0,153.62,153.62,152.99,1093.0,16746000.0,152.801
000858.SZ,2022-10-20,0.0,153.77,153.98,153.35,1639.0,25193900.0,152.845
000858.SZ,2022-10-20,0.0,153.5,153.74,153.41,823.0,12634800.0,152.861
000858.SZ,2022-10-20,0.0,154.13,154.13,153.57,1162.0,17882200.0,152.894
000858.SZ,2022-10-20,0.0,154.48,154.48,154.16,722.0,11140200.0,152.921
000858.SZ,2022-10-20,0.0,154.95,154.96,154.58,2534.0,39228300.0,153.041
000858.SZ,2022-10-20,0.0,155.22,155.26,154.98,1683.0,26100400.0,153.124
000858.SZ,2022-10-20,0.0,155.38,155.49,155.2,2341.0,36372200.0,153.244
000858.SZ,2022-10-20,0.0,155.0,155.4,155.0,1261.0,19578700.0,153.301
000858.SZ,2022-10-20,0.0,155.3,155.3,154.98,1409.0,21854400.0,153.356
000858.SZ,2022-10-20,0.0,155.2,155.3,155.18,1347.0,20913700.0,153.409
000858.SZ,2022-10-20,0.0,154.56,155.2,154.56,1205.0,18681000.0,153.449
000858.SZ,2022-10-20,0.0,154.58,154.65,154.51,518.0,8006340.0,153.461
000858.SZ,2022-10-20,0.0,154.16,154.58,154.16,681.0,10515300.0,153.474
000858.SZ,2022-10-20,0.0,154.01,154.18,154.01,409.0,6301370.0,153.478
000858.SZ,2022-10-20,0.0,154.11,154.35,154.0,1065.0,16412000.0,153.491
000858.SZ,2022-10-20,0.0,154.0,154.12,154.0,585.0,9012880.0,153.498
000858.SZ,2022-10-20,0.0,153.57,154.0,153.57,633.0,9735020.0,153.501
000858.SZ,2022-10-20,0.0,153.78,153.78,153.51,1296.0,19910100.0,153.504
000858.SZ,2022-10-20,0.0,153.63,153.8,153.63,754.0,11590300.0,153.507
000858.SZ,2022-10-20,0.0,153.5,153.73,153.5,1327.0,20386200.0,153.51
000858.SZ,2022-10-20,0.0,153.55,153.57,153.46,552.0,8475360.0,153.51
000858.SZ,2022-10-20,0.0,153.55,153.55,153.52,558.0,8567520.0,153.51
000858.SZ,2022-10-20,0.0,153.33,153.55,153.33,747.0,11464100.0,153.51
000858.SZ,2022-10-20,0.0,153.25,153.33,153.23,476.0,7296490.0,153.508
000858.SZ,2022-10-20,0.0,153.34,153.35,153.25,477.0,7313070.0,153.507
000858.SZ,2022-10-20,0.0,153.28,153.42,153.24,862.0,13216500.0,153.504
000858.SZ,2022-10-20,0.0,153.32,153.32,153.25,354.0,5426620.0,153.503
000858.SZ,2022-10-20,0.0,153.44,153.5,153.32,459.0,7040170.0,153.502
000858.SZ,2022-10-20,0.0,153.53,153.54,153.44,647.0,9932120.0,153.502
000858.SZ,2022-10-20,0.0,153.67,153.67,153.53,682.0,10473200.0,153.503
000858.SZ,2022-10-20,0.0,153.42,153.72,153.41,1028.0,15787700.0,153.504
000858.SZ,2022-10-20,0.0,153.35,153.47,153.35,1185.0,18182400.0,153.503
000858.SZ,2022-10-20,0.0,153.1,153.32,153.01,799.0,12232200.0,153.498
000858.SZ,2022-10-20,0.0,153.08,153.08,153.05,666.0,10194600.0,153.493
000858.SZ,2022-10-20,0.0,153.12,153.13,153.08,501.0,7670480.0,153.49
000858.SZ,2022-10-20,0.0,153.29,153.3,153.12,351.0,5377190.0,153.489
000858.SZ,2022-10-20,0.0,153.46,153.46,153.29,1256.0,19258000.0,153.486
000858.SZ,2022-10-20,0.0,153.75,153.75,153.46,457.0,7024830.0,153.487
000858.SZ,2022-10-20,0.0,154.02,154.08,153.75,456.0,7018200.0,153.49
000858.SZ,2022-10-20,0.0,154.1,154.18,154.1,551.0,8493280.0,153.495
000858.SZ,2022-10-20,0.0,153.59,154.1,153.49,546.0,8395560.0,153.497
000858.SZ,2022-10-20,0.0,153.8,153.8,153.52,262.0,4024830.0,153.498
000858.SZ,2022-10-20,0.0,153.88,153.88,153.8,331.0,5091360.0,153.499
000858.SZ,2022-10-20,0.0,153.68,153.92,153.68,619.0,9524090.0,153.502
000858.SZ,2022-10-20,0.0,153.71,153.79,153.67,459.0,7054400.0,153.503
000858.SZ,2022-10-20,0.0,153.7,153.71,153.62,275.0,4226540.0,153.504
000858.SZ,2022-10-20,0.0,153.5,153.7,153.5,434.0,6667050.0,153.505
000858.SZ,2022-10-20,0.0,153.58,153.6,153.57,281.0,4314880.0,153.505
000858.SZ,2022-10-20,0.0,153.54,153.55,153.5,289.0,4436800.0,153.505
000858.SZ,2022-10-20,0.0,153.58,153.58,153.54,397.0,6096290.0,153.505
000858.SZ,2022-10-20,0.0,153.51,153.63,153.51,936.0,14375200.0,153.506
000858.SZ,2022-10-20,0.0,153.18,153.35,153.18,826.0,12661300.0,153.504
000858.SZ,2022-10-20,0.0,153.26,153.26,153.18,367.0,5623610.0,153.503
000858.SZ,2022-10-20,0.0,153.47,153.47,153.26,282.0,4324300.0,153.502
000858.SZ,2022-10-20,0.0,153.5,153.52,153.45,351.0,5387020.0,153.502
000858.SZ,2022-10-20,0.0,153.54,153.54,153.5,427.0,6555180.0,153.502
000858.SZ,2022-10-20,0.0,153.55,153.56,153.53,248.0,3807750.0,153.502
000858.SZ,2022-10-20,0.0,153.46,153.56,153.46,397.0,6094790.0,153.502
000858.SZ,2022-10-20,0.0,153.45,153.53,153.43,358.0,5493490.0,153.502
000858.SZ,2022-10-20,0.0,153.48,153.5,153.35,379.0,5815090.0,153.502
000858.SZ,2022-10-20,0.0,153.48,153.48,153.36,273.0,4187940.0,153.501
000858.SZ,2022-10-20,0.0,153.4,153.48,153.32,287.0,4402500.0,153.501
000858.SZ,2022-10-20,0.0,153.47,153.47,153.37,213.0,3267720.0,153.501
000858.SZ,2022-10-20,0.0,153.5,153.5,153.45,352.0,5402370.0,153.501
000858.SZ,2022-10-20,0.0,153.62,153.62,153.5,241.0,3700350.0,153.501
000858.SZ,2022-10-20,0.0,153.59,153.65,153.59,427.0,6559770.0,153.501
000858.SZ,2022-10-20,0.0,153.62,153.65,153.6,441.0,6774480.0,153.502
000858.SZ,2022-10-20,0.0,153.67,153.67,153.56,214.0,3288030.0,153.502
000858.SZ,2022-10-20,0.0,153.8,153.8,153.65,300.0,4610880.0,153.503
000858.SZ,2022-10-20,0.0,153.68,153.8,153.68,392.0,6027200.0,153.504
000858.SZ,2022-10-20,0.0,153.77,153.77,153.62,429.0,6592790.0,153.505
000858.SZ,2022-10-20,0.0,153.58,153.78,153.53,398.0,6116200.0,153.506
000858.SZ,2022-10-20,0.0,153.56,153.6,153.5,342.0,5251280.0,153.506
000858.SZ,2022-10-20,0.0,153.57,153.58,153.56,247.0,3793080.0,153.506
000858.SZ,2022-10-20,0.0,153.65,153.65,153.57,253.0,3886150.0,153.507
000858.SZ,2022-10-20,0.0,153.74,153.75,153.65,192.0,2951160.0,153.507
000858.SZ,2022-10-20,0.0,153.79,153.79,153.74,238.0,3659740.0,153.508
000858.SZ,2022-10-20,0.0,153.88,153.88,153.78,381.0,5863510.0,153.509
000858.SZ,2022-10-20,0.0,154.18,154.18,153.97,247.0,3805250.0,153.511
000858.SZ,2022-10-20,0.0,153.85,154.19,153.85,857.0,13198200.0,153.516
000858.SZ,2022-10-20,0.0,154.06,154.06,153.82,191.0,2943930.0,153.517
000858.SZ,2022-10-20,0.0,154.1,154.13,154.06,434.0,6688940.0,153.52
000858.SZ,2022-10-20,0.0,154.0,154.18,153.93,552.0,8504060.0,153.524
000858.SZ,2022-10-20,0.0,153.84,154.0,153.84,286.0,4403330.0,153.525
000858.SZ,2022-10-20,0.0,153.82,153.84,153.8,171.0,2630250.0,153.526
000858.SZ,2022-10-20,0.0,153.72,153.84,153.72,507.0,7797710.0,153.528
000858.SZ,2022-10-20,0.0,153.63,153.75,153.63,156.0,2397420.0,153.528
000858.SZ,2022-10-20,0.0,153.62,153.63,153.62,136.0,2089310.0,153.528
000858.SZ,2022-10-20,0.0,153.67,153.68,153.62,179.0,2756270.0,153.528
000858.SZ,2022-10-20,0.0,153.63,153.67,153.63,153.0,2350800.0,153.528
000858.SZ,2022-10-20,0.0,153.6,153.64,153.6,299.0,4592950.0,153.529
000858.SZ,2022-10-20,0.0,153.61,153.61,153.58,143.0,2196470.0,153.529
000858.SZ,2022-10-20,0.0,153.59,153.61,153.56,181.0,2773790.0,153.529
000858.SZ,2022-10-20,0.0,153.45,153.56,153.45,538.0,8258740.0,153.529
000858.SZ,2022-10-20,0.0,153.29,153.44,153.29,483.0,7407590.0,153.528
000858.SZ,2022-10-20,0.0,153.29,153.3,153.26,222.0,3402900.0,153.527
000858.SZ,2022-10-20,0.0,153.28,153.38,153.25,308.0,4721720.0,153.526
000858.SZ,2022-10-20,0.0,153.24,153.26,153.24,337.0,5164510.0,153.525
000858.SZ,2022-10-20,0.0,153.22,153.25,153.22,243.0,3723560.0,153.525
000858.SZ,2022-10-20,0.0,153.25,153.25,153.22,142.0,2175950.0,153.524
000858.SZ,2022-10-20,0.0,153.47,153.47,153.25,342.0,5244130.0,153.524
000858.SZ,2022-10-20,0.0,153.46,153.55,153.46,230.0,3530120.0,153.523
000858.SZ,2022-10-20,0.0,153.46,153.48,153.38,486.0,7457280.0,153.523
000858.SZ,2022-10-20,0.0,153.43,153.46,153.35,107.0,1641290.0,153.523
000858.SZ,2022-10-20,0.0,153.35,153.38,153.32,237.0,3634530.0,153.522
000858.SZ,2022-10-20,0.0,153.36,153.36,153.34,179.0,2744980.0,153.522
000858.SZ,2022-10-20,0.0,153.36,153.38,153.32,272.0,4172300.0,153.522
000858.SZ,2022-10-20,0.0,153.37,153.38,153.34,166.0,2549530.0,153.521
000858.SZ,2022-10-20,0.0,153.55,153.56,153.38,100.0,1534130.0,153.521
000858.SZ,2022-10-20,0.0,154.63,155.35,154.6,3923.0,60738900.0,153.575
000858.SZ,2022-10-20,0.0,154.91,155.11,154.82,1094.0,16963900.0,153.592
000858.SZ,2022-10-20,0.0,154.81,154.97,154.81,425.0,6583190.0,153.598
000858.SZ,2022-10-20,0.0,154.39,154.83,154.28,486.0,7504110.0,153.602
000858.SZ,2022-10-20,0.0,154.54,154.64,154.28,437.0,6749670.0,153.605
000858.SZ,2022-10-20,0.0,154.54,154.55,154.48,401.0,6196050.0,153.609
000858.SZ,2022-10-20,0.0,155.3,155.4,154.54,1070.0,16589700.0,153.624
000858.SZ,2022-10-20,0.0,155.69,155.7,155.42,2060.0,32033100.0,153.662
000858.SZ,2022-10-20,0.0,156.2,156.39,155.7,2949.0,46033200.0,153.73
000858.SZ,2022-10-20,0.0,155.77,156.27,155.68,1606.0,25064100.0,153.766
000858.SZ,2022-10-20,0.0,156.19,156.3,155.77,1557.0,24298300.0,153.798
000858.SZ,2022-10-20,0.0,156.35,156.37,156.19,1716.0,26816100.0,153.837
000858.SZ,2022-10-20,0.0,156.05,156.37,156.03,1320.0,20626400.0,153.866
000858.SZ,2022-10-20,0.0,156.27,156.45,156.03,1509.0,23579100.0,153.898
000858.SZ,2022-10-20,0.0,156.7,156.8,156.3,1824.0,28553900.0,153.94
000858.SZ,2022-10-20,0.0,156.25,156.77,156.25,1427.0,22340800.0,153.972
000858.SZ,2022-10-20,0.0,156.09,156.25,156.07,590.0,9212270.0,153.983
000858.SZ,2022-10-20,0.0,155.58,156.12,155.58,880.0,13729700.0,153.998
000858.SZ,2022-10-20,0.0,155.8,155.8,155.43,648.0,10077700.0,154.007
000858.SZ,2022-10-20,0.0,155.96,156.0,155.76,607.0,9465800.0,154.017
000858.SZ,2022-10-20,0.0,155.72,155.98,155.7,427.0,6654370.0,154.023
000858.SZ,2022-10-20,0.0,155.67,155.72,155.67,405.0,6305980.0,154.029
000858.SZ,2022-10-20,0.0,155.4,155.67,155.4,665.0,10342400.0,154.037
000858.SZ,2022-10-20,0.0,155.19,155.4,155.18,571.0,8863740.0,154.043
000858.SZ,2022-10-20,0.0,155.48,155.48,155.2,420.0,6523050.0,154.047
000858.SZ,2022-10-20,0.0,155.36,155.53,155.35,396.0,6155340.0,154.052
000858.SZ,2022-10-20,0.0,155.38,155.39,155.33,296.0,4598640.0,154.055
000858.SZ,2022-10-20,0.0,155.34,155.45,155.29,632.0,9819250.0,154.061
000858.SZ,2022-10-20,0.0,155.35,155.35,155.29,230.0,3572690.0,154.064
000858.SZ,2022-10-20,0.0,155.44,155.45,155.35,391.0,6076480.0,154.068
000858.SZ,2022-10-20,0.0,155.34,155.44,155.33,484.0,7519860.0,154.073
000858.SZ,2022-10-20,0.0,154.98,155.31,154.98,929.0,14414600.0,154.081
000858.SZ,2022-10-20,0.0,154.97,154.97,154.9,344.0,5330410.0,154.084
000858.SZ,2022-10-20,0.0,155.03,155.07,154.96,744.0,11532000.0,154.089
000858.SZ,2022-10-20,0.0,155.09,155.1,155.05,219.0,3396200.0,154.091
000858.SZ,2022-10-20,0.0,155.14,155.14,155.09,175.0,2714470.0,154.092
000858.SZ,2022-10-20,0.0,155.05,155.18,155.0,490.0,7599140.0,154.096
000858.SZ,2022-10-20,0.0,155.03,155.05,155.0,233.0,3611880.0,154.098
000858.SZ,2022-10-20,0.0,155.02,155.03,155.01,233.0,3611830.0,154.099
000858.SZ,2022-10-20,0.0,155.05,155.05,155.01,258.0,3999860.0,154.101
000858.SZ,2022-10-20,0.0,155.09,155.09,155.04,221.0,3426750.0,154.103
000858.SZ,2022-10-20,0.0,155.04,155.09,155.04,268.0,4156000.0,154.105
000858.SZ,2022-10-20,0.0,155.08,155.08,155.03,249.0,3860900.0,154.107
000858.SZ,2022-10-20,0.0,155.22,155.28,155.08,280.0,4345510.0,154.109
000858.SZ,2022-10-20,0.0,155.08,155.22,155.08,377.0,5849920.0,154.112
000858.SZ,2022-10-20,0.0,154.97,155.08,154.97,475.0,7363730.0,154.116
000858.SZ,2022-10-20,0.0,154.7,154.97,154.68,294.0,4551860.0,154.117
000858.SZ,2022-10-20,0.0,154.47,154.64,154.47,521.0,8052160.0,154.119
000858.SZ,2022-10-20,0.0,154.53,154.53,154.45,464.0,7168040.0,154.12
000858.SZ,2022-10-20,0.0,154.47,154.56,154.47,543.0,8390300.0,154.122
000858.SZ,2022-10-20,0.0,154.43,154.47,154.4,349.0,5389660.0,154.123
000858.SZ,2022-10-20,0.0,154.42,154.43,154.41,310.0,4787220.0,154.124
000858.SZ,2022-10-20,0.0,154.42,154.47,154.41,529.0,8168850.0,154.125
000858.SZ,2022-10-20,0.0,154.44,154.51,154.43,240.0,3707620.0,154.125
000858.SZ,2022-10-20,0.0,154.41,154.5,154.41,296.0,4571430.0,154.126
000858.SZ,2022-10-20,0.0,154.45,154.49,154.41,279.0,4309690.0,154.127
000858.SZ,2022-10-20,0.0,154.43,154.53,154.43,486.0,7508410.0,154.128
000858.SZ,2022-10-20,0.0,154.52,154.52,154.4,221.0,3413100.0,154.129
000858.SZ,2022-10-20,0.0,154.51,154.54,154.45,332.0,5129590.0,154.13
000858.SZ,2022-10-20,0.0,154.63,154.66,154.52,373.0,5765840.0,154.131
000858.SZ,2022-10-20,0.0,154.45,154.65,154.45,471.0,7278440.0,154.132
000858.SZ,2022-10-20,0.0,154.51,154.54,154.46,229.0,3538180.0,154.133
000858.SZ,2022-10-20,0.0,154.63,154.67,154.53,308.0,4761370.0,154.134
000858.SZ,2022-10-20,0.0,154.59,154.71,154.59,423.0,6541140.0,154.136
000858.SZ,2022-10-20,0.0,154.68,154.71,154.6,163.0,2521100.0,154.136
000858.SZ,2022-10-20,0.0,154.58,154.71,154.55,273.0,4221950.0,154.137
000858.SZ,2022-10-20,0.0,154.57,154.62,154.5,245.0,3786140.0,154.138
000858.SZ,2022-10-20,0.0,154.5,154.55,154.5,249.0,3847430.0,154.139
000858.SZ,2022-10-20,0.0,154.48,154.5,154.47,195.0,3012380.0,154.139
000858.SZ,2022-10-20,0.0,154.47,154.49,154.4,310.0,4787900.0,154.14
000858.SZ,2022-10-20,0.0,154.47,154.47,154.4,222.0,3428500.0,154.14
000858.SZ,2022-10-20,0.0,154.42,154.48,154.4,289.0,4462700.0,154.141
000858.SZ,2022-10-20,0.0,154.28,154.38,154.28,326.0,5031510.0,154.141
000858.SZ,2022-10-20,0.0,154.2,154.26,154.15,327.0,5042700.0,154.141
000858.SZ,2022-10-20,0.0,154.13,154.14,154.11,341.0,5256010.0,154.141
000858.SZ,2022-10-20,0.0,154.03,154.1,154.01,439.0,6762890.0,154.141
000858.SZ,2022-10-20,0.0,154.07,154.07,154.0,474.0,7300260.0,154.141
000858.SZ,2022-10-20,0.0,154.08,154.09,154.04,250.0,3851690.0,154.141
000858.SZ,2022-10-20,0.0,154.07,154.08,154.05,291.0,4483550.0,154.14
000858.SZ,2022-10-20,0.0,154.07,154.07,154.05,241.0,3712980.0,154.14
000858.SZ,2022-10-20,0.0,154.03,154.06,154.0,396.0,6099460.0,154.14
000858.SZ,2022-10-20,0.0,154.04,154.06,154.01,182.0,2803360.0,154.14
000858.SZ,2022-10-20,0.0,154.06,154.07,154.02,267.0,4112960.0,154.14
000858.SZ,2022-10-20,0.0,154.04,154.06,154.01,306.0,4713370.0,154.139
000858.SZ,2022-10-20,0.0,154.04,154.06,154.01,360.0,5545230.0,154.139
000858.SZ,2022-10-20,0.0,154.09,154.09,154.04,341.0,5253590.0,154.139
000858.SZ,2022-10-20,0.0,154.27,154.27,154.08,448.0,6905100.0,154.139
000858.SZ,2022-10-20,0.0,154.38,154.38,154.2,312.0,4812570.0,154.139
000858.SZ,2022-10-20,0.0,154.34,154.45,154.29,454.0,7007750.0,154.14
000858.SZ,2022-10-20,0.0,154.4,154.4,154.32,317.0,4892100.0,154.14
000858.SZ,2022-10-20,0.0,154.2,154.38,154.2,401.0,6186170.0,154.141
000858.SZ,2022-10-20,0.0,154.07,154.21,154.06,652.0,10048800.0,154.141
000858.SZ,2022-10-20,0.0,154.06,154.07,154.04,578.0,8904040.0,154.14
000858.SZ,2022-10-20,0.0,154.0,154.05,154.0,742.0,11428500.0,154.14
000858.SZ,2022-10-20,0.0,154.0,154.01,154.0,628.0,9671380.0,154.139
000858.SZ,2022-10-20,0.0,154.01,154.01,154.0,417.0,6416260.0,154.139
000858.SZ,2022-10-20,0.0,154.01,154.01,154.0,368.0,5667390.0,154.138
000858.SZ,2022-10-20,0.0,153.9,154.01,153.9,601.0,9260350.0,154.138
000858.SZ,2022-10-20,0.0,153.69,153.9,153.69,626.0,9628890.0,154.136
000858.SZ,2022-10-20,0.0,153.72,153.72,153.66,612.0,9406080.0,154.135
000858.SZ,2022-10-20,0.0,153.84,153.89,153.74,617.0,9485500.0,154.133
000858.SZ,2022-10-20,0.0,153.85,153.85,153.81,681.0,10475400.0,154.132
000858.SZ,2022-10-20,0.0,153.95,153.95,153.87,295.0,4539980.0,154.131
000858.SZ,2022-10-20,0.0,153.94,153.98,153.93,530.0,8159720.0,154.131
000858.SZ,2022-10-20,0.0,153.95,153.95,153.93,335.0,5157060.0,154.13
000858.SZ,2022-10-20,0.0,154.0,154.0,153.94,463.0,7130660.0,154.13
000858.SZ,2022-10-20,0.0,154.07,154.07,154.0,381.0,5868110.0,154.13
000858.SZ,2022-10-20,0.0,154.05,154.11,154.04,515.0,7935340.0,154.13
000858.SZ,2022-10-20,0.0,154.01,154.06,154.0,494.0,7608800.0,154.129
000858.SZ,2022-10-20,0.0,154.02,154.03,154.0,437.0,6730250.0,154.129
000858.SZ,2022-10-20,0.0,154.02,154.03,154.0,510.0,7854510.0,154.128
000858.SZ,2022-10-20,0.0,153.99,154.03,153.99,1015.0,15631800.0,154.128
000858.SZ,2022-10-20,0.0,153.99,154.0,153.97,980.0,15090900.0,154.127
000858.SZ,2022-10-20,0.0,154.01,154.02,153.99,687.0,10579700.0,154.126
000858.SZ,2022-10-20,0.0,154.1,154.1,154.01,794.0,12233200.0,154.126
000858.SZ,2022-10-20,0.0,154.08,154.1,154.07,1097.0,16901800.0,154.126
000858.SZ,2022-10-20,0.0,154.1,154.1,154.07,897.0,13816200.0,154.125
000858.SZ,2022-10-20,0.0,154.1,154.1,154.1,28.0,431458.0,154.125
000858.SZ,2022-10-20,0.0,154.1,154.1,154.1,0.0,0.0,154.125
000858.SZ,2022-10-20,0.0,154.15,154.15,154.15,896.0,13811800.0,154.126
000858.SZ,2022-10-21,0.0,154.0,154.0,154.0,622.0,9578800.0,154.0
000858.SZ,2022-10-21,0.0,153.77,154.13,153.58,1938.0,29828100.0,153.933
000858.SZ,2022-10-21,0.0,152.9,153.8,152.88,2159.0,33081200.0,153.609
000858.SZ,2022-10-21,0.0,153.49,153.49,152.85,1253.0,19178100.0,153.497
000858.SZ,2022-10-21,0.0,153.02,153.5,152.9,1881.0,28793800.0,153.397
000858.SZ,2022-10-21,0.0,152.98,153.06,152.98,1790.0,27384100.0,153.32
000858.SZ,2022-10-21,0.0,152.31,152.98,152.15,4151.0,63298700.0,153.07
000858.SZ,2022-10-21,0.0,152.58,152.7,152.31,1022.0,15574100.0,153.023
000858.SZ,2022-10-21,0.0,153.42,153.42,152.7,744.0,11381700.0,153.021
000858.SZ,2022-10-21,0.0,153.7,153.73,153.3,702.0,10776700.0,153.043
000858.SZ,2022-10-21,0.0,153.31,153.91,153.31,966.0,14848400.0,153.08
000858.SZ,2022-10-21,0.0,153.73,153.83,153.26,583.0,8953700.0,153.096
000858.SZ,2022-10-21,0.0,153.42,153.74,153.42,601.0,9231240.0,153.113
000858.SZ,2022-10-21,0.0,153.99,154.09,153.5,916.0,14090700.0,153.147
000858.SZ,2022-10-21,0.0,153.8,154.02,153.8,459.0,7064980.0,153.165
000858.SZ,2022-10-21,0.0,153.69,153.8,153.64,356.0,5472600.0,153.175
000858.SZ,2022-10-21,0.0,153.49,153.7,153.45,440.0,6758260.0,153.184
000858.SZ,2022-10-21,0.0,153.48,153.49,153.4,368.0,5646390.0,153.188
000858.SZ,2022-10-21,0.0,153.44,153.48,153.38,317.0,4863590.0,153.192
000858.SZ,2022-10-21,0.0,153.49,153.5,153.4,485.0,7443910.0,153.197
000858.SZ,2022-10-21,0.0,153.45,153.5,153.45,331.0,5085090.0,153.201
000858.SZ,2022-10-21,0.0,153.06,153.46,153.01,1253.0,19189200.0,153.199
000858.SZ,2022-10-21,0.0,153.1,153.12,153.04,768.0,11749500.0,153.195
000858.SZ,2022-10-21,0.0,153.1,153.2,153.08,454.0,6951720.0,153.193
000858.SZ,2022-10-21,0.0,153.02,153.09,153.0,694.0,10622300.0,153.19
000858.SZ,2022-10-21,0.0,153.35,153.42,153.04,779.0,11939700.0,153.192
000858.SZ,2022-10-21,0.0,153.41,153.46,153.34,504.0,7729510.0,153.195
000858.SZ,2022-10-21,0.0,153.27,153.39,153.24,272.0,4169790.0,153.196
000858.SZ,2022-10-21,0.0,153.1,153.28,153.1,249.0,3814870.0,153.196
000858.SZ,2022-10-21,0.0,153.13,153.14,153.08,242.0,3705030.0,153.196
000858.SZ,2022-10-21,0.0,153.05,153.13,153.05,519.0,7945420.0,153.194
000858.SZ,2022-10-21,0.0,152.96,153.05,152.95,870.0,13310900.0,153.188
000858.SZ,2022-10-21,0.0,152.89,152.95,152.88,588.0,8991010.0,153.182
000858.SZ,2022-10-21,0.0,153.0,153.0,152.89,361.0,5524480.0,153.179
000858.SZ,2022-10-21,0.0,153.15,153.15,152.97,652.0,9975900.0,153.177
000858.SZ,2022-10-21,0.0,153.15,153.18,153.1,406.0,6217820.0,153.177
000858.SZ,2022-10-21,0.0,153.01,153.11,153.0,377.0,5770000.0,153.175
000858.SZ,2022-10-21,0.0,152.89,153.01,152.89,576.0,8811530.0,153.171
000858.SZ,2022-10-21,0.0,152.8,152.9,152.78,774.0,11828800.0,153.163
000858.SZ,2022-10-21,0.0,152.66,152.79,152.66,678.0,10354200.0,153.154
000858.SZ,2022-10-21,0.0,152.4,152.64,152.39,2043.0,31149800.0,153.114
000858.SZ,2022-10-21,0.0,152.6,152.62,152.44,589.0,8986630.0,153.106
000858.SZ,2022-10-21,0.0,152.49,152.6,152.48,822.0,12539300.0,153.093
000858.SZ,2022-10-21,0.0,152.47,152.5,152.38,1253.0,19097400.0,153.071
000858.SZ,2022-10-21,0.0,152.47,152.49,152.46,682.0,10396100.0,153.06
000858.SZ,2022-10-21,0.0,152.58,152.58,152.47,555.0,8463870.0,153.052
000858.SZ,2022-10-21,0.0,152.82,152.85,152.58,555.0,8476260.0,153.048
000858.SZ,2022-10-21,0.0,152.87,152.9,152.76,641.0,9795300.0,153.044
000858.SZ,2022-10-21,0.0,152.8,152.81,152.75,434.0,6631220.0,153.041
000858.SZ,2022-10-21,0.0,152.94,152.95,152.8,499.0,7627090.0,153.039
000858.SZ,2022-10-21,0.0,152.93,152.95,152.9,507.0,7753330.0,153.038
000858.SZ,2022-10-21,0.0,152.75,152.93,152.71,408.0,6236880.0,153.036
000858.SZ,2022-10-21,0.0,152.8,152.8,152.75,274.0,4185900.0,153.034
000858.SZ,2022-10-21,0.0,152.59,152.8,152.51,869.0,13262700.0,153.026
000858.SZ,2022-10-21,0.0,152.79,152.8,152.55,480.0,7328340.0,153.022
000858.SZ,2022-10-21,0.0,152.79,152.8,152.66,312.0,4766450.0,153.02
000858.SZ,2022-10-21,0.0,152.7,152.8,152.7,559.0,8539620.0,153.017
000858.SZ,2022-10-21,0.0,152.65,152.7,152.61,623.0,9511070.0,153.012
000858.SZ,2022-10-21,0.0,152.69,152.69,152.63,415.0,6335100.0,153.009
000858.SZ,2022-10-21,0.0,152.51,152.7,152.5,892.0,13614000.0,153.002
000858.SZ,2022-10-21,0.0,152.56,152.6,152.5,1057.0,16120800.0,152.991
000858.SZ,2022-10-21,0.0,152.45,152.57,152.45,994.0,15159200.0,152.981
000858.SZ,2022-10-21,0.0,152.52,152.55,152.47,606.0,9240980.0,152.975
000858.SZ,2022-10-21,0.0,152.6,152.62,152.5,1076.0,16411900.0,152.965
000858.SZ,2022-10-21,0.0,152.79,152.79,152.64,747.0,11406900.0,152.961
000858.SZ,2022-10-21,0.0,152.9,152.9,152.79,822.0,12564000.0,152.96
000858.SZ,2022-10-21,0.0,152.73,152.9,152.72,812.0,12408200.0,152.957
000858.SZ,2022-10-21,0.0,152.71,152.76,152.71,434.0,6628060.0,152.955
000858.SZ,2022-10-21,0.0,152.71,152.73,152.69,336.0,5131040.0,152.954
000858.SZ,2022-10-21,0.0,152.71,152.73,152.69,431.0,6581780.0,152.952
000858.SZ,2022-10-21,0.0,152.71,152.73,152.7,502.0,7666240.0,152.95
000858.SZ,2022-10-21,0.0,152.64,152.72,152.61,825.0,12592600.0,152.945
000858.SZ,2022-10-21,0.0,152.56,152.62,152.5,724.0,11043500.0,152.94
000858.SZ,2022-10-21,0.0,152.53,152.56,152.53,359.0,5476110.0,152.937
000858.SZ,2022-10-21,0.0,152.59,152.59,152.55,225.0,3438120.0,152.936
000858.SZ,2022-10-21,0.0,152.6,152.61,152.58,399.0,6088390.0,152.933
000858.SZ,2022-10-21,0.0,152.56,152.6,152.56,530.0,8087060.0,152.93
000858.SZ,2022-10-21,0.0,152.58,152.58,152.57,300.0,4577060.0,152.928
000858.SZ,2022-10-21,0.0,152.58,152.59,152.57,368.0,5614900.0,152.926
000858.SZ,2022-10-21,0.0,152.61,152.62,152.58,364.0,5547900.0,152.924
000858.SZ,2022-10-21,0.0,152.55,152.65,152.55,1210.0,18467300.0,152.917
000858.SZ,2022-10-21,0.0,152.58,152.59,152.52,410.0,6253760.0,152.914
000858.SZ,2022-10-21,0.0,152.4,152.58,152.38,973.0,14826500.0,152.906
000858.SZ,2022-10-21,0.0,152.48,152.52,152.43,228.0,3476710.0,152.905
000858.SZ,2022-10-21,0.0,152.48,152.5,152.48,260.0,3964340.0,152.903
000858.SZ,2022-10-21,0.0,152.49,152.5,152.48,401.0,6114630.0,152.9
000858.SZ,2022-10-21,0.0,152.49,152.49,152.48,231.0,3522470.0,152.899
000858.SZ,2022-10-21,0.0,152.5,152.5,152.48,446.0,6800880.0,152.896
000858.SZ,2022-10-21,0.0,152.49,152.57,152.47,518.0,7898790.0,152.893
000858.SZ,2022-10-21,0.0,152.4,152.5,152.39,779.0,11875200.0,152.887
000858.SZ,2022-10-21,0.0,152.4,152.4,152.38,398.0,6065090.0,152.884
000858.SZ,2022-10-21,0.0,152.4,152.5,152.38,557.0,8488880.0,152.88
000858.SZ,2022-10-21,0.0,152.5,152.5,152.4,271.0,4131460.0,152.878
000858.SZ,2022-10-21,0.0,152.65,152.65,152.5,333.0,5081070.0,152.877
000858.SZ,2022-10-21,0.0,152.8,152.8,152.61,286.0,4366970.0,152.876
000858.SZ,2022-10-21,0.0,152.7,152.8,152.7,372.0,5680440.0,152.875
000858.SZ,2022-10-21,0.0,152.75,152.76,152.62,258.0,3942830.0,152.875
000858.SZ,2022-10-21,0.0,152.79,152.79,152.76,299.0,4568120.0,152.874
000858.SZ,2022-10-21,0.0,152.76,152.79,152.75,294.0,4491480.0,152.874
000858.SZ,2022-10-21,0.0,152.93,152.94,152.76,1176.0,17973300.0,152.873
000858.SZ,2022-10-21,0.0,152.95,153.1,152.88,856.0,13093700.0,152.874
000858.SZ,2022-10-21,0.0,153.1,153.1,152.95,539.0,8246520.0,152.875
000858.SZ,2022-10-21,0.0,153.14,153.14,153.0,580.0,8880930.0,152.877
000858.SZ,2022-10-21,0.0,152.95,153.15,152.95,454.0,6948860.0,152.878
000858.SZ,2022-10-21,0.0,153.0,153.01,152.9,597.0,9133480.0,152.879
000858.SZ,2022-10-21,0.0,153.12,153.14,153.0,553.0,8463610.0,152.881
000858.SZ,2022-10-21,0.0,152.97,153.12,152.89,807.0,12349800.0,152.882
000858.SZ,2022-10-21,0.0,153.0,153.0,152.91,461.0,7051510.0,152.883
000858.SZ,2022-10-21,0.0,152.88,152.95,152.87,478.0,7308650.0,152.883
000858.SZ,2022-10-21,0.0,152.89,152.9,152.88,207.0,3164880.0,152.883
000858.SZ,2022-10-21,0.0,152.9,152.9,152.88,84.0,1284290.0,152.883
000858.SZ,2022-10-21,0.0,152.88,152.9,152.88,198.0,3027110.0,152.883
000858.SZ,2022-10-21,0.0,152.88,152.89,152.86,150.0,2293100.0,152.883
000858.SZ,2022-10-21,0.0,152.76,152.89,152.76,343.0,5241410.0,152.883
000858.SZ,2022-10-21,0.0,152.66,152.72,152.66,204.0,3115190.0,152.882
000858.SZ,2022-10-21,0.0,152.68,152.69,152.63,281.0,4290240.0,152.881
000858.SZ,2022-10-21,0.0,152.71,152.76,152.68,149.0,2275290.0,152.881
000858.SZ,2022-10-21,0.0,152.72,152.72,152.7,198.0,3023580.0,152.88
000858.SZ,2022-10-21,0.0,152.75,152.77,152.72,174.0,2657630.0,152.88
000858.SZ,2022-10-21,0.0,152.77,152.77,152.74,73.0,1117540.0,152.88
000858.SZ,2022-10-21,0.0,152.83,152.83,152.78,210.0,3208690.0,152.88
000858.SZ,2022-10-21,0.0,152.8,152.87,152.8,1019.0,15574200.0,152.879
000858.SZ,2022-10-21,0.0,152.77,152.83,152.76,244.0,3728170.0,152.879
000858.SZ,2022-10-21,0.0,152.65,152.77,152.62,620.0,9463940.0,152.877
000858.SZ,2022-10-21,0.0,152.6,152.69,152.6,435.0,6639020.0,152.876
000858.SZ,2022-10-21,0.0,152.6,152.61,152.57,180.0,2749300.0,152.875
000858.SZ,2022-10-21,0.0,152.57,152.58,152.53,506.0,7719270.0,152.873
000858.SZ,2022-10-21,0.0,152.5,152.53,152.5,373.0,5684450.0,152.872
000858.SZ,2022-10-21,0.0,152.42,152.51,152.42,709.0,10812400.0,152.868
000858.SZ,2022-10-21,0.0,152.42,152.42,152.4,377.0,5745890.0,152.866
000858.SZ,2022-10-21,0.0,152.48,152.5,152.41,192.0,2927200.0,152.865
000858.SZ,2022-10-21,0.0,152.49,152.5,152.48,408.0,6221320.0,152.863
000858.SZ,2022-10-21,0.0,152.41,152.49,152.4,779.0,11874300.0,152.859
000858.SZ,2022-10-21,0.0,152.43,152.43,152.39,441.0,6721050.0,152.856
000858.SZ,2022-10-21,0.0,152.49,152.49,152.43,443.0,6756210.0,152.854
000858.SZ,2022-10-21,0.0,152.58,152.6,152.5,160.0,2436190.0,152.854
000858.SZ,2022-10-21,0.0,152.55,152.58,152.53,146.0,2227120.0,152.853
000858.SZ,2022-10-21,0.0,152.54,152.55,152.53,153.0,2333880.0,152.853
000858.SZ,2022-10-21,0.0,152.52,152.54,152.51,233.0,3553790.0,152.852
000858.SZ,2022-10-21,0.0,152.5,152.52,152.5,395.0,6019980.0,152.85
000858.SZ,2022-10-21,0.0,152.5,152.51,152.47,433.0,6603130.0,152.848
000858.SZ,2022-10-21,0.0,152.43,152.5,152.43,419.0,6388370.0,152.846
000858.SZ,2022-10-21,0.0,152.5,152.51,152.43,301.0,4589170.0,152.845
000858.SZ,2022-10-21,0.0,152.54,152.55,152.46,257.0,3919740.0,152.844
000858.SZ,2022-10-21,0.0,152.52,152.54,152.5,339.0,5170490.0,152.843
000858.SZ,2022-10-21,0.0,152.57,152.58,152.51,172.0,2623920.0,152.842
000858.SZ,2022-10-21,0.0,152.69,152.69,152.56,710.0,10831000.0,152.84
000858.SZ,2022-10-21,0.0,152.76,152.76,152.69,171.0,2611650.0,152.84
000858.SZ,2022-10-21,0.0,152.8,152.83,152.75,557.0,8510370.0,152.84
000858.SZ,2022-10-21,0.0,152.78,152.82,152.76,256.0,3907500.0,152.84
000858.SZ,2022-10-21,0.0,152.78,152.79,152.76,310.0,4736100.0,152.84
000858.SZ,2022-10-21,0.0,152.6,152.75,152.6,341.0,5210700.0,152.839
000858.SZ,2022-10-21,0.0,152.55,152.6,152.55,222.0,3387100.0,152.838
000858.SZ,2022-10-21,0.0,152.52,152.55,152.5,292.0,4453460.0,152.837
000858.SZ,2022-10-21,0.0,152.51,152.52,152.5,278.0,4239840.0,152.836
000858.SZ,2022-10-21,0.0,152.55,152.55,152.5,260.0,3965620.0,152.835
000858.SZ,2022-10-21,0.0,152.54,152.54,152.51,344.0,5246800.0,152.834
000858.SZ,2022-10-21,0.0,152.51,152.53,152.5,420.0,6405220.0,152.833
000858.SZ,2022-10-21,0.0,152.5,152.51,152.5,492.0,7503260.0,152.831
000858.SZ,2022-10-21,0.0,152.51,152.53,152.5,265.0,4041540.0,152.83
000858.SZ,2022-10-21,0.0,152.5,152.52,152.5,531.0,8097950.0,152.828
000858.SZ,2022-10-21,0.0,152.48,152.51,152.48,523.0,7975360.0,152.826
000858.SZ,2022-10-21,0.0,152.4,152.49,152.4,1085.0,16538400.0,152.821
000858.SZ,2022-10-21,0.0,152.35,152.39,152.35,858.0,13065100.0,152.817
000858.SZ,2022-10-21,0.0,152.22,152.32,152.21,1889.0,28767700.0,152.806
000858.SZ,2022-10-21,0.0,152.18,152.23,152.17,2834.0,43133200.0,152.789
000858.SZ,2022-10-21,0.0,152.17,152.18,152.15,1016.0,15466300.0,152.782
000858.SZ,2022-10-21,0.0,152.21,152.21,152.17,356.0,5417920.0,152.78
000858.SZ,2022-10-21,0.0,152.2,152.24,152.2,705.0,10731200.0,152.776
000858.SZ,2022-10-21,0.0,152.18,152.2,152.12,1372.0,20868900.0,152.768
000858.SZ,2022-10-21,0.0,152.15,152.18,152.15,582.0,8855410.0,152.764
000858.SZ,2022-10-21,0.0,152.15,152.17,152.15,680.0,10346200.0,152.76
000858.SZ,2022-10-21,0.0,152.12,152.17,152.1,1178.0,17920700.0,152.753
000858.SZ,2022-10-21,0.0,152.11,152.13,152.1,775.0,11788300.0,152.748
000858.SZ,2022-10-21,0.0,152.13,152.13,152.11,496.0,7544890.0,152.745
000858.SZ,2022-10-21,0.0,152.09,152.13,152.09,950.0,14445500.0,152.74
000858.SZ,2022-10-21,0.0,152.02,152.1,152.01,1658.0,25215200.0,152.729
000858.SZ,2022-10-21,0.0,152.03,152.04,152.01,810.0,12317200.0,152.724
000858.SZ,2022-10-21,0.0,152.12,152.12,152.03,478.0,7269760.0,152.721
000858.SZ,2022-10-21,0.0,152.2,152.21,152.12,466.0,7089790.0,152.719
000858.SZ,2022-10-21,0.0,152.28,152.36,152.2,493.0,7506430.0,152.717
000858.SZ,2022-10-21,0.0,152.17,152.26,152.17,521.0,7930140.0,152.714
000858.SZ,2022-10-21,0.0,152.11,152.17,152.11,386.0,5872330.0,152.712
000858.SZ,2022-10-21,0.0,152.06,152.11,152.04,797.0,12120800.0,152.708
000858.SZ,2022-10-21,0.0,152.04,152.06,152.04,578.0,8788290.0,152.704
000858.SZ,2022-10-21,0.0,152.02,152.04,152.01,1148.0,17452200.0,152.697
000858.SZ,2022-10-21,0.0,152.02,152.03,152.01,685.0,10413100.0,152.693
000858.SZ,2022-10-21,0.0,152.03,152.03,152.01,813.0,12359000.0,152.689
000858.SZ,2022-10-21,0.0,152.08,152.1,152.02,710.0,10795500.0,152.685
000858.SZ,2022-10-21,0.0,152.09,152.13,152.09,669.0,10176600.0,152.681
000858.SZ,2022-10-21,0.0,152.01,152.1,152.0,4297.0,65319100.0,152.657
000858.SZ,2022-10-21,0.0,152.0,152.01,152.0,3141.0,47743500.0,152.641
000858.SZ,2022-10-21,0.0,151.79,152.01,151.79,4373.0,66440700.0,152.617
000858.SZ,2022-10-21,0.0,151.52,151.79,151.52,1300.0,19716300.0,152.607
000858.SZ,2022-10-21,0.0,151.59,151.59,151.5,1593.0,24136600.0,152.594
000858.SZ,2022-10-21,0.0,151.68,151.68,151.58,609.0,9234000.0,152.59
000858.SZ,2022-10-21,0.0,151.79,151.79,151.66,692.0,10503100.0,152.585
000858.SZ,2022-10-21,0.0,151.87,151.87,151.78,889.0,13496700.0,152.58
000858.SZ,2022-10-21,0.0,151.72,151.87,151.72,907.0,13766700.0,152.575
000858.SZ,2022-10-21,0.0,151.58,151.73,151.58,1067.0,16179800.0,152.567
000858.SZ,2022-10-21,0.0,151.58,151.58,151.55,881.0,13352600.0,152.561
000858.SZ,2022-10-21,0.0,151.58,151.6,151.57,681.0,10322700.0,152.556
000858.SZ,2022-10-21,0.0,151.59,151.6,151.57,756.0,11460000.0,152.551
000858.SZ,2022-10-21,0.0,151.59,151.6,151.58,557.0,8443420.0,152.547
000858.SZ,2022-10-21,0.0,151.58,151.6,151.58,502.0,7609990.0,152.543
000858.SZ,2022-10-21,0.0,151.57,151.59,151.56,842.0,12770100.0,152.537
000858.SZ,2022-10-21,0.0,151.56,151.57,151.55,811.0,12295300.0,152.532
000858.SZ,2022-10-21,0.0,151.55,151.58,151.55,867.0,13144200.0,152.526
000858.SZ,2022-10-21,0.0,151.7,151.73,151.53,1003.0,15205200.0,152.519
000858.SZ,2022-10-21,0.0,151.85,151.85,151.7,483.0,7330120.0,152.517
000858.SZ,2022-10-21,0.0,151.86,151.87,151.82,436.0,6619550.0,152.515
000858.SZ,2022-10-21,0.0,151.89,151.9,151.87,462.0,7017230.0,152.513
000858.SZ,2022-10-21,0.0,152.13,152.16,151.88,950.0,14437800.0,152.509
000858.SZ,2022-10-21,0.0,151.97,152.13,151.96,588.0,8943920.0,152.507
000858.SZ,2022-10-21,0.0,151.96,151.98,151.86,688.0,10444500.0,152.505
000858.SZ,2022-10-21,0.0,151.95,151.97,151.92,382.0,5804580.0,152.503
000858.SZ,2022-10-21,0.0,151.85,151.96,151.85,552.0,8385360.0,152.501
000858.SZ,2022-10-21,0.0,152.15,152.16,151.85,1620.0,24609300.0,152.495
000858.SZ,2022-10-21,0.0,152.18,152.2,152.15,663.0,10089400.0,152.494
000858.SZ,2022-10-21,0.0,152.01,152.19,152.0,787.0,11969500.0,152.491
000858.SZ,2022-10-21,0.0,152.02,152.03,151.93,580.0,8817620.0,152.489
000858.SZ,2022-10-21,0.0,152.01,152.04,152.0,433.0,6582430.0,152.488
000858.SZ,2022-10-21,0.0,152.04,152.1,152.0,1192.0,18120900.0,152.484
000858.SZ,2022-10-21,0.0,152.01,152.04,152.0,964.0,14654700.0,152.481
000858.SZ,2022-10-21,0.0,152.18,152.18,152.01,627.0,9535720.0,152.48
000858.SZ,2022-10-21,0.0,152.16,152.18,152.14,421.0,6409210.0,152.479
000858.SZ,2022-10-21,0.0,152.18,152.18,152.14,584.0,8886240.0,152.478
000858.SZ,2022-10-21,0.0,152.19,152.2,152.17,572.0,8705380.0,152.477
000858.SZ,2022-10-21,0.0,152.24,152.24,152.18,630.0,9588790.0,152.476
000858.SZ,2022-10-21,0.0,152.4,152.4,152.23,787.0,11992900.0,152.475
000858.SZ,2022-10-21,0.0,152.38,152.4,152.38,751.0,11451400.0,152.474
000858.SZ,2022-10-21,0.0,152.39,152.4,152.39,563.0,8579730.0,152.474
000858.SZ,2022-10-21,0.0,152.37,152.4,152.36,457.0,6956950.0,152.474
000858.SZ,2022-10-21,0.0,152.18,152.38,152.18,486.0,7401810.0,152.473
000858.SZ,2022-10-21,0.0,152.2,152.22,152.18,535.0,8142750.0,152.472
000858.SZ,2022-10-21,0.0,152.23,152.24,152.2,651.0,9914120.0,152.471
000858.SZ,2022-10-21,0.0,152.19,152.24,152.18,805.0,12257500.0,152.47
000858.SZ,2022-10-21,0.0,152.17,152.19,152.16,817.0,12439100.0,152.469
000858.SZ,2022-10-21,0.0,152.17,152.17,152.17,13.0,197822.0,152.469
000858.SZ,2022-10-21,0.0,152.17,152.17,152.17,0.0,0.0,152.469
000858.SZ,2022-10-21,0.0,152.15,152.15,152.15,1550.0,23578400.0,152.466
000858.SZ,2022-10-24,0.0,150.01,150.01,150.01,2447.0,36707400.0,150.01
000858.SZ,2022-10-24,0.0,147.32,150.41,147.03,12032.0,179350000.0,149.221
000858.SZ,2022-10-24,0.0,146.05,147.32,146.0,8458.0,124108000.0,148.304
000858.SZ,2022-10-24,0.0,146.66,146.66,145.81,6884.0,100717000.0,147.842
000858.SZ,2022-10-24,0.0,147.35,147.36,146.76,4449.0,65405400.0,147.735
000858.SZ,2022-10-24,0.0,147.92,147.92,147.36,4996.0,73660400.0,147.699
000858.SZ,2022-10-24,0.0,148.38,148.56,148.0,3388.0,50252900.0,147.75
000858.SZ,2022-10-24,0.0,148.51,148.55,148.18,3005.0,44573400.0,147.788
000858.SZ,2022-10-24,0.0,148.67,148.67,148.5,2742.0,40739300.0,147.833
000858.SZ,2022-10-24,0.0,149.52,149.52,148.68,2067.0,30807000.0,147.884
000858.SZ,2022-10-24,0.0,148.77,149.5,148.77,2686.0,40084100.0,147.952
000858.SZ,2022-10-24,0.0,148.4,148.77,148.4,1862.0,27672500.0,147.974
000858.SZ,2022-10-24,0.0,148.23,148.44,148.2,1949.0,28904700.0,147.985
000858.SZ,2022-10-24,0.0,148.33,148.33,148.25,1248.0,18503700.0,147.992
000858.SZ,2022-10-24,0.0,147.68,148.33,147.68,2108.0,31221000.0,147.995
000858.SZ,2022-10-24,0.0,147.12,147.69,147.12,1618.0,23842600.0,147.978
000858.SZ,2022-10-24,0.0,146.97,147.1,146.9,2969.0,43643100.0,147.934
000858.SZ,2022-10-24,0.0,147.2,147.2,146.96,1491.0,21927400.0,147.914
000858.SZ,2022-10-24,0.0,147.28,147.28,147.2,2063.0,30382900.0,147.894
000858.SZ,2022-10-24,0.0,147.28,147.29,147.27,1386.0,20412400.0,147.882
000858.SZ,2022-10-24,0.0,146.76,147.29,146.76,2822.0,41484400.0,147.848
000858.SZ,2022-10-24,0.0,147.07,147.07,146.58,2373.0,34813000.0,147.812
000858.SZ,2022-10-24,0.0,147.26,147.26,147.07,1120.0,16476900.0,147.802
000858.SZ,2022-10-24,0.0,147.32,147.37,147.27,1233.0,18162400.0,147.794
000858.SZ,2022-10-24,0.0,146.87,147.39,146.87,1976.0,29078900.0,147.778
000858.SZ,2022-10-24,0.0,146.78,146.88,146.75,1581.0,23212500.0,147.76
000858.SZ,2022-10-24,0.0,146.78,146.83,146.75,1323.0,19414300.0,147.744
000858.SZ,2022-10-24,0.0,146.76,146.8,146.76,1916.0,28121900.0,147.722
000858.SZ,2022-10-24,0.0,146.59,146.76,146.57,2066.0,30295300.0,147.696
000858.SZ,2022-10-24,0.0,146.6,146.69,146.58,1375.0,20152600.0,147.679
000858.SZ,2022-10-24,0.0,146.61,146.69,146.6,1321.0,19370100.0,147.663
000858.SZ,2022-10-24,0.0,146.46,146.62,146.46,2429.0,35603700.0,147.634
000858.SZ,2022-10-24,0.0,146.15,146.4,146.15,1548.0,22644800.0,147.611
000858.SZ,2022-10-24,0.0,146.17,146.17,146.0,4489.0,65562800.0,147.539
000858.SZ,2022-10-24,0.0,146.04,146.14,146.01,2470.0,36077300.0,147.503
000858.SZ,2022-10-24,0.0,146.1,146.1,146.03,1605.0,23441800.0,147.48
000858.SZ,2022-10-24,0.0,146.18,146.19,146.1,1497.0,21873600.0,147.46
000858.SZ,2022-10-24,0.0,146.05,146.17,146.04,2129.0,31096200.0,147.432
000858.SZ,2022-10-24,0.0,146.2,146.2,146.01,1761.0,25721700.0,147.409
000858.SZ,2022-10-24,0.0,146.31,146.31,146.21,1494.0,21858600.0,147.394
000858.SZ,2022-10-24,0.0,146.02,146.32,146.01,2451.0,35831900.0,147.367
000858.SZ,2022-10-24,0.0,146.1,146.1,146.0,2049.0,29920300.0,147.343
000858.SZ,2022-10-24,0.0,146.09,146.1,146.07,1142.0,16682400.0,147.33
000858.SZ,2022-10-24,0.0,146.1,146.1,146.09,1440.0,21036700.0,147.314
000858.SZ,2022-10-24,0.0,146.04,146.11,146.0,1943.0,28374500.0,147.293
000858.SZ,2022-10-24,0.0,146.0,146.02,146.0,5329.0,77804304.0,147.237
000858.SZ,2022-10-24,0.0,145.91,145.99,145.9,1644.0,23992100.0,147.22
000858.SZ,2022-10-24,0.0,145.9,145.91,145.89,1654.0,24132400.0,147.203
000858.SZ,2022-10-24,0.0,145.96,145.98,145.88,1710.0,24951100.0,147.186
000858.SZ,2022-10-24,0.0,146.12,146.12,145.9,2109.0,30797400.0,147.166
000858.SZ,2022-10-24,0.0,146.3,146.36,146.05,1334.0,19497800.0,147.156
000858.SZ,2022-10-24,0.0,146.4,146.46,146.35,1551.0,22701800.0,147.148
000858.SZ,2022-10-24,0.0,146.54,146.54,146.43,963.0,14100000.0,147.143
000858.SZ,2022-10-24,0.0,146.32,146.54,146.32,1164.0,17047800.0,147.137
000858.SZ,2022-10-24,0.0,146.06,146.38,146.06,819.0,11974000.0,147.131
000858.SZ,2022-10-24,0.0,145.91,146.08,145.91,1815.0,26501200.0,147.116
000858.SZ,2022-10-24,0.0,145.91,145.92,145.9,1579.0,23039900.0,147.103
000858.SZ,2022-10-24,0.0,145.95,145.95,145.92,784.0,11440900.0,147.096
000858.SZ,2022-10-24,0.0,146.02,146.02,145.97,626.0,9142190.0,147.091
000858.SZ,2022-10-24,0.0,146.1,146.18,146.02,585.0,8545620.0,147.087
000858.SZ,2022-10-24,0.0,146.19,146.19,146.1,712.0,10406500.0,147.082
000858.SZ,2022-10-24,0.0,146.2,146.22,146.19,924.0,13508900.0,147.077
000858.SZ,2022-10-24,0.0,146.12,146.19,146.11,1030.0,15054300.0,147.07
000858.SZ,2022-10-24,0.0,146.17,146.18,146.13,790.0,11546700.0,147.065
000858.SZ,2022-10-24,0.0,146.29,146.3,146.17,716.0,10470300.0,147.061
000858.SZ,2022-10-24,0.0,146.22,146.31,146.22,971.0,14204500.0,147.056
000858.SZ,2022-10-24,0.0,146.33,146.33,146.22,1243.0,18183100.0,147.049
000858.SZ,2022-10-24,0.0,146.3,146.3,146.26,1192.0,17437100.0,147.043
000858.SZ,2022-10-24,0.0,146.09,146.31,146.04,1566.0,22892800.0,147.034
000858.SZ,2022-10-24,0.0,146.02,146.1,146.01,759.0,11083800.0,147.029
000858.SZ,2022-10-24,0.0,146.01,146.05,146.0,983.0,14354300.0,147.023
000858.SZ,2022-10-24,0.0,145.97,146.02,145.97,2385.0,34820800.0,147.007
000858.SZ,2022-10-24,0.0,145.96,145.98,145.93,979.0,14287900.0,147.0
000858.SZ,2022-10-24,0.0,145.92,145.96,145.9,984.0,14359000.0,146.993
000858.SZ,2022-10-24,0.0,145.94,145.95,145.92,757.0,11046100.0,146.988
000858.SZ,2022-10-24,0.0,145.92,145.94,145.9,1217.0,17757800.0,146.98
000858.SZ,2022-10-24,0.0,145.87,145.93,145.87,1747.0,25486700.0,146.968
000858.SZ,2022-10-24,0.0,145.87,145.89,145.87,900.0,13128700.0,146.962
000858.SZ,2022-10-24,0.0,145.82,145.9,145.81,1898.0,27682600.0,146.949
000858.SZ,2022-10-24,0.0,145.81,145.82,145.8,2452.0,35751900.0,146.932
000858.SZ,2022-10-24,0.0,145.8,145.83,145.8,1277.0,18619700.0,146.923
000858.SZ,2022-10-24,0.0,145.83,145.85,145.81,1390.0,20269900.0,146.914
000858.SZ,2022-10-24,0.0,145.76,145.83,145.68,2419.0,35262400.0,146.898
000858.SZ,2022-10-24,0.0,145.66,145.76,145.59,1340.0,19521400.0,146.889
000858.SZ,2022-10-24,0.0,145.3,145.67,145.27,2942.0,42802300.0,146.865
000858.SZ,2022-10-24,0.0,145.11,145.27,145.1,1465.0,21271000.0,146.851
000858.SZ,2022-10-24,0.0,145.25,145.25,145.1,1433.0,20800600.0,146.837
000858.SZ,2022-10-24,0.0,145.18,145.26,145.18,1185.0,17208500.0,146.827
000858.SZ,2022-10-24,0.0,145.24,145.24,145.18,890.0,12922600.0,146.819
000858.SZ,2022-10-24,0.0,145.25,145.26,145.23,804.0,11677600.0,146.812
000858.SZ,2022-10-24,0.0,145.23,145.28,145.23,877.0,12738600.0,146.804
000858.SZ,2022-10-24,0.0,145.14,145.23,145.14,1452.0,21081100.0,146.791
000858.SZ,2022-10-24,0.0,145.36,145.45,145.17,1322.0,19205800.0,146.78
000858.SZ,2022-10-24,0.0,145.52,145.56,145.39,687.0,9990890.0,146.775
000858.SZ,2022-10-24,0.0,145.56,145.6,145.5,1001.0,14569200.0,146.769
000858.SZ,2022-10-24,0.0,145.72,145.72,145.57,508.0,7396550.0,146.766
000858.SZ,2022-10-24,0.0,145.7,145.75,145.67,684.0,9962710.0,146.762
000858.SZ,2022-10-24,0.0,145.61,145.71,145.59,597.0,8699730.0,146.758
000858.SZ,2022-10-24,0.0,145.56,145.61,145.55,716.0,10426400.0,146.754
000858.SZ,2022-10-24,0.0,145.61,145.62,145.57,631.0,9186370.0,146.75
000858.SZ,2022-10-24,0.0,145.64,145.64,145.6,465.0,6771700.0,146.747
000858.SZ,2022-10-24,0.0,145.48,145.61,145.46,751.0,10929300.0,146.742
000858.SZ,2022-10-24,0.0,145.47,145.48,145.45,754.0,10967500.0,146.737
000858.SZ,2022-10-24,0.0,145.51,145.51,145.45,558.0,8124590.0,146.733
000858.SZ,2022-10-24,0.0,145.55,145.55,145.51,486.0,7072740.0,146.73
000858.SZ,2022-10-24,0.0,145.58,145.58,145.55,388.0,5647980.0,146.728
000858.SZ,2022-10-24,0.0,145.58,145.6,145.57,529.0,7701640.0,146.725
000858.SZ,2022-10-24,0.0,145.6,145.6,145.58,533.0,7760090.0,146.722
000858.SZ,2022-10-24,0.0,145.63,145.65,145.61,498.0,7257180.0,146.719
000858.SZ,2022-10-24,0.0,145.61,145.66,145.6,654.0,9523880.0,146.715
000858.SZ,2022-10-24,0.0,145.56,145.62,145.56,654.0,9521580.0,146.712
000858.SZ,2022-10-24,0.0,145.49,145.56,145.48,777.0,11306700.0,146.707
000858.SZ,2022-10-24,0.0,145.4,145.48,145.4,691.0,10049800.0,146.702
000858.SZ,2022-10-24,0.0,145.36,145.4,145.36,487.0,7080150.0,146.699
000858.SZ,2022-10-24,0.0,145.37,145.39,145.36,440.0,6396500.0,146.696
000858.SZ,2022-10-24,0.0,145.36,145.4,145.35,797.0,11585400.0,146.691
000858.SZ,2022-10-24,0.0,145.32,145.36,145.32,525.0,7630160.0,146.687
000858.SZ,2022-10-24,0.0,145.28,145.32,145.27,612.0,8892560.0,146.683
000858.SZ,2022-10-24,0.0,145.21,145.28,145.2,695.0,10092800.0,146.678
000858.SZ,2022-10-24,0.0,145.16,145.21,145.16,671.0,9744120.0,146.673
000858.SZ,2022-10-24,0.0,145.17,145.2,145.15,544.0,7896910.0,146.669
000858.SZ,2022-10-24,0.0,145.11,145.25,145.1,4127.0,59910900.0,146.639
000858.SZ,2022-10-24,0.0,145.06,145.11,145.05,1697.0,24619200.0,146.626
000858.SZ,2022-10-24,0.0,145.01,145.06,145.01,1269.0,18406700.0,146.616
000858.SZ,2022-10-24,0.0,145.02,145.02,145.01,1117.0,16198200.0,146.608
000858.SZ,2022-10-24,0.0,145.01,145.02,145.0,1598.0,23171900.0,146.596
000858.SZ,2022-10-24,0.0,145.0,145.01,145.0,2226.0,32277600.0,146.579
000858.SZ,2022-10-24,0.0,145.0,145.01,145.0,2733.0,39627100.0,146.559
000858.SZ,2022-10-24,0.0,145.01,145.01,145.0,1346.0,19517600.0,146.55
000858.SZ,2022-10-24,0.0,145.04,145.05,145.0,1055.0,15296900.0,146.542
000858.SZ,2022-10-24,0.0,144.66,145.01,144.66,4075.0,59070300.0,146.513
000858.SZ,2022-10-24,0.0,144.52,144.66,144.4,2768.0,40010300.0,146.489
000858.SZ,2022-10-24,0.0,144.22,144.5,144.21,975.0,14075600.0,146.48
000858.SZ,2022-10-24,0.0,144.0,144.2,144.0,2389.0,34406200.0,146.454
000858.SZ,2022-10-24,0.0,143.83,144.0,143.82,979.0,14094700.0,146.443
000858.SZ,2022-10-24,0.0,143.91,143.98,143.79,1923.0,27657600.0,146.422
000858.SZ,2022-10-24,0.0,143.91,144.0,143.91,1138.0,16381700.0,146.41
000858.SZ,2022-10-24,0.0,143.96,143.97,143.91,633.0,9111620.0,146.403
000858.SZ,2022-10-24,0.0,143.88,143.96,143.88,1264.0,18190500.0,146.39
000858.SZ,2022-10-24,0.0,143.89,143.95,143.87,1199.0,17255800.0,146.377
000858.SZ,2022-10-24,0.0,143.97,143.97,143.89,1137.0,16364100.0,146.365
000858.SZ,2022-10-24,0.0,144.02,144.02,143.96,953.0,13719400.0,146.356
000858.SZ,2022-10-24,0.0,144.22,144.22,144.02,780.0,11245100.0,146.348
000858.SZ,2022-10-24,0.0,144.3,144.3,144.23,694.0,10013600.0,146.342
000858.SZ,2022-10-24,0.0,144.37,144.37,144.31,522.0,7534630.0,146.338
000858.SZ,2022-10-24,0.0,144.34,144.38,144.34,838.0,12098200.0,146.331
000858.SZ,2022-10-24,0.0,144.31,144.34,144.3,899.0,12974500.0,146.324
000858.SZ,2022-10-24,0.0,144.27,144.31,144.27,594.0,8571090.0,146.319
000858.SZ,2022-10-24,0.0,144.21,144.26,144.2,532.0,7672880.0,146.314
000858.SZ,2022-10-24,0.0,144.13,144.2,144.05,909.0,13101500.0,146.306
000858.SZ,2022-10-24,0.0,144.16,144.17,144.12,1089.0,15696800.0,146.296
000858.SZ,2022-10-24,0.0,144.18,144.19,144.13,1119.0,16132200.0,146.287
000858.SZ,2022-10-24,0.0,144.53,144.54,144.19,1371.0,19786200.0,146.276
000858.SZ,2022-10-24,0.0,144.64,144.64,144.57,638.0,9226210.0,146.271
000858.SZ,2022-10-24,0.0,144.94,144.94,144.64,637.0,9219480.0,146.268
000858.SZ,2022-10-24,0.0,145.06,145.06,144.95,783.0,11353500.0,146.264
000858.SZ,2022-10-24,0.0,145.18,145.18,145.07,621.0,9011660.0,146.261
000858.SZ,2022-10-24,0.0,145.1,145.2,145.1,1034.0,15008800.0,146.256
000858.SZ,2022-10-24,0.0,145.08,145.13,145.08,939.0,13625200.0,146.252
000858.SZ,2022-10-24,0.0,145.05,145.09,145.03,629.0,9124740.0,146.249
000858.SZ,2022-10-24,0.0,144.9,145.05,144.9,783.0,11353200.0,146.245
000858.SZ,2022-10-24,0.0,144.52,144.9,144.52,398.0,5758830.0,146.243
000858.SZ,2022-10-24,0.0,144.09,144.48,144.08,911.0,13139400.0,146.235
000858.SZ,2022-10-24,0.0,144.01,144.02,144.0,1241.0,17875700.0,146.225
000858.SZ,2022-10-24,0.0,143.88,144.01,143.88,1619.0,23311600.0,146.21
000858.SZ,2022-10-24,0.0,143.83,143.88,143.83,1273.0,18308600.0,146.199
000858.SZ,2022-10-24,0.0,143.82,143.82,143.8,1298.0,18666400.0,146.187
000858.SZ,2022-10-24,0.0,143.83,143.83,143.81,990.0,14244200.0,146.178
000858.SZ,2022-10-24,0.0,143.85,143.85,143.83,616.0,8860310.0,146.172
000858.SZ,2022-10-24,0.0,143.92,143.92,143.85,828.0,11913400.0,146.165
000858.SZ,2022-10-24,0.0,143.96,143.99,143.91,889.0,12796100.0,146.158
000858.SZ,2022-10-24,0.0,143.95,143.96,143.94,455.0,6549840.0,146.154
000858.SZ,2022-10-24,0.0,143.91,143.94,143.9,696.0,10016200.0,146.148
000858.SZ,2022-10-24,0.0,143.86,143.9,143.86,779.0,11208800.0,146.141
000858.SZ,2022-10-24,0.0,143.81,143.86,143.81,838.0,12053500.0,146.134
000858.SZ,2022-10-24,0.0,143.81,143.81,143.8,1319.0,18967700.0,146.123
000858.SZ,2022-10-24,0.0,143.79,143.8,143.78,923.0,13272200.0,146.115
000858.SZ,2022-10-24,0.0,143.69,143.78,143.66,989.0,14216500.0,146.106
000858.SZ,2022-10-24,0.0,143.5,143.66,143.5,957.0,13739900.0,146.097
000858.SZ,2022-10-24,0.0,143.19,143.51,143.18,1636.0,23456400.0,146.081
000858.SZ,2022-10-24,0.0,143.19,143.26,143.11,1386.0,19853500.0,146.066
000858.SZ,2022-10-24,0.0,143.4,143.45,143.2,963.0,13792300.0,146.056
000858.SZ,2022-10-24,0.0,143.45,143.47,143.38,714.0,10243700.0,146.049
000858.SZ,2022-10-24,0.0,143.41,143.46,143.4,753.0,10800100.0,146.042
000858.SZ,2022-10-24,0.0,143.36,143.41,143.36,627.0,8990830.0,146.036
000858.SZ,2022-10-24,0.0,143.3,143.36,143.3,834.0,11954500.0,146.028
000858.SZ,2022-10-24,0.0,143.27,143.31,143.27,604.0,8654980.0,146.022
000858.SZ,2022-10-24,0.0,143.19,143.27,143.19,656.0,9395310.0,146.016
000858.SZ,2022-10-24,0.0,143.13,143.19,143.13,793.0,11353100.0,146.008
000858.SZ,2022-10-24,0.0,143.11,143.13,143.11,1005.0,14383600.0,145.997
000858.SZ,2022-10-24,0.0,143.03,143.11,143.02,949.0,13577500.0,145.987
000858.SZ,2022-10-24,0.0,143.01,143.03,143.0,2948.0,42157700.0,145.956
000858.SZ,2022-10-24,0.0,143.01,143.02,143.0,1265.0,18090300.0,145.943
000858.SZ,2022-10-24,0.0,142.9,143.01,142.9,1621.0,23175800.0,145.927
000858.SZ,2022-10-24,0.0,142.86,142.9,142.85,1010.0,14431900.0,145.916
000858.SZ,2022-10-24,0.0,142.8,142.86,142.79,1057.0,15096400.0,145.905
000858.SZ,2022-10-24,0.0,142.47,142.8,142.46,1075.0,15329900.0,145.892
000858.SZ,2022-10-24,0.0,142.55,142.57,142.25,2500.0,35612900.0,145.863
000858.SZ,2022-10-24,0.0,142.84,142.84,142.58,1159.0,16539400.0,145.85
000858.SZ,2022-10-24,0.0,143.06,143.06,142.87,1368.0,19555100.0,145.837
000858.SZ,2022-10-24,0.0,142.91,143.07,142.8,1773.0,25340000.0,145.82
000858.SZ,2022-10-24,0.0,143.1,143.1,142.8,1971.0,28170600.0,145.801
000858.SZ,2022-10-24,0.0,143.43,143.43,143.1,1150.0,16474000.0,145.791
000858.SZ,2022-10-24,0.0,143.66,143.66,143.44,858.0,12313900.0,145.784
000858.SZ,2022-10-24,0.0,143.81,143.81,143.66,698.0,10031300.0,145.78
000858.SZ,2022-10-24,0.0,143.66,143.95,143.66,1430.0,20561600.0,145.77
000858.SZ,2022-10-24,0.0,143.4,143.66,143.39,1138.0,16331100.0,145.762
000858.SZ,2022-10-24,0.0,143.66,143.66,143.41,949.0,13620400.0,145.755
000858.SZ,2022-10-24,0.0,143.71,143.76,143.66,856.0,12298300.0,145.749
000858.SZ,2022-10-24,0.0,143.68,143.76,143.67,1107.0,15908300.0,145.742
000858.SZ,2022-10-24,0.0,143.5,143.63,143.5,699.0,10035100.0,145.737
000858.SZ,2022-10-24,0.0,143.5,143.52,143.47,1137.0,16311100.0,145.728
000858.SZ,2022-10-24,0.0,143.5,143.55,143.46,1790.0,25686100.0,145.716
000858.SZ,2022-10-24,0.0,143.5,143.53,143.48,622.0,8925980.0,145.711
000858.SZ,2022-10-24,0.0,143.34,143.5,143.32,1543.0,22129700.0,145.7
000858.SZ,2022-10-24,0.0,143.07,143.33,143.07,884.0,12658500.0,145.693
000858.SZ,2022-10-24,0.0,142.9,143.07,142.9,1400.0,20019500.0,145.681
000858.SZ,2022-10-24,0.0,142.78,142.9,142.78,1301.0,18581500.0,145.669
000858.SZ,2022-10-24,0.0,142.68,142.77,142.67,905.0,12914500.0,145.661
000858.SZ,2022-10-24,0.0,142.61,142.69,142.59,1297.0,18498400.0,145.648
000858.SZ,2022-10-24,0.0,142.75,142.75,142.6,960.0,13693900.0,145.639
000858.SZ,2022-10-24,0.0,142.84,142.84,142.76,550.0,7853370.0,145.634
000858.SZ,2022-10-24,0.0,142.91,142.91,142.84,707.0,10100800.0,145.628
000858.SZ,2022-10-24,0.0,142.94,142.95,142.9,1220.0,17437600.0,145.618
000858.SZ,2022-10-24,0.0,142.96,142.97,142.94,1115.0,15938900.0,145.609
000858.SZ,2022-10-24,0.0,142.96,142.99,142.96,1157.0,16541500.0,145.599
000858.SZ,2022-10-24,0.0,142.92,142.98,142.9,1206.0,17237800.0,145.59
000858.SZ,2022-10-24,0.0,142.86,142.93,142.86,1103.0,15760400.0,145.58
000858.SZ,2022-10-24,0.0,142.71,142.86,142.71,1359.0,19405500.0,145.569
000858.SZ,2022-10-24,0.0,142.36,142.7,142.36,2520.0,35921000.0,145.546
000858.SZ,2022-10-24,0.0,142.31,142.47,142.31,1529.0,21766500.0,145.531
000858.SZ,2022-10-24,0.0,142.38,142.39,142.32,1286.0,18304900.0,145.519
000858.SZ,2022-10-24,0.0,142.6,142.6,142.4,882.0,12560000.0,145.511
000858.SZ,2022-10-24,0.0,142.7,142.7,142.55,1495.0,21319600.0,145.498
000858.SZ,2022-10-24,0.0,142.78,142.78,142.68,1226.0,17498600.0,145.488
000858.SZ,2022-10-24,0.0,142.81,142.82,142.75,1770.0,25273300.0,145.474
000858.SZ,2022-10-24,0.0,143.0,143.0,142.82,798.0,11404900.0,145.468
000858.SZ,2022-10-24,0.0,143.23,143.23,143.0,1070.0,15308100.0,145.46
000858.SZ,2022-10-24,0.0,143.25,143.25,143.25,8.0,114593.0,145.46
000858.SZ,2022-10-24,0.0,143.25,143.25,143.25,0.0,0.0,145.46
000858.SZ,2022-10-24,0.0,143.23,143.23,143.23,3214.0,46039000.0,145.439
000858.SZ,2022-10-25,0.0,140.75,140.75,140.75,2205.0,31034800.0,140.75
000858.SZ,2022-10-25,0.0,142.6,142.98,140.51,6086.0,86109400.0,141.296
000858.SZ,2022-10-25,0.0,141.41,142.55,141.29,3225.0,45834100.0,141.527
000858.SZ,2022-10-25,0.0,141.8,142.0,141.45,4165.0,59015300.0,141.574
000858.SZ,2022-10-25,0.0,141.52,142.15,141.5,3147.0,44606000.0,141.602
000858.SZ,2022-10-25,0.0,141.99,142.1,141.52,2354.0,33385800.0,141.627
000858.SZ,2022-10-25,0.0,141.9,142.3,141.66,2777.0,39396600.0,141.655
000858.SZ,2022-10-25,0.0,142.08,142.3,141.9,2260.0,32090200.0,141.686
000858.SZ,2022-10-25,0.0,141.37,142.18,141.37,2021.0,28653500.0,141.693
000858.SZ,2022-10-25,0.0,141.65,141.95,141.31,1830.0,25907700.0,141.685
000858.SZ,2022-10-25,0.0,140.93,141.69,140.93,1799.0,25400900.0,141.658
000858.SZ,2022-10-25,0.0,141.0,141.19,140.86,3620.0,51047700.0,141.592
000858.SZ,2022-10-25,0.0,141.57,141.65,140.99,2450.0,34619900.0,141.573
000858.SZ,2022-10-25,0.0,141.23,141.65,141.1,1161.0,16415000.0,141.567
000858.SZ,2022-10-25,0.0,141.51,141.66,141.37,1422.0,20124000.0,141.564
000858.SZ,2022-10-25,0.0,141.84,141.9,141.67,1494.0,21185800.0,141.573
000858.SZ,2022-10-25,0.0,142.32,142.38,141.88,2212.0,31446300.0,141.602
000858.SZ,2022-10-25,0.0,142.13,142.35,141.9,1460.0,20751200.0,141.619
000858.SZ,2022-10-25,0.0,142.89,142.89,142.09,2113.0,30087100.0,141.653
000858.SZ,2022-10-25,0.0,143.02,143.03,142.89,1899.0,27144200.0,141.702
000858.SZ,2022-10-25,0.0,143.21,143.23,143.02,1839.0,26324500.0,141.753
000858.SZ,2022-10-25,0.0,142.52,143.24,142.52,2262.0,32338800.0,141.805
000858.SZ,2022-10-25,0.0,142.81,142.93,142.47,1217.0,17364500.0,141.824
000858.SZ,2022-10-25,0.0,142.17,142.81,142.17,1198.0,17060300.0,141.836
000858.SZ,2022-10-25,0.0,142.37,142.38,142.12,1044.0,14846400.0,141.843
000858.SZ,2022-10-25,0.0,142.86,142.9,142.37,1041.0,14853900.0,141.858
000858.SZ,2022-10-25,0.0,142.8,142.88,142.7,1031.0,14722700.0,141.875
000858.SZ,2022-10-25,0.0,143.1,143.14,142.76,1202.0,17179600.0,141.895
000858.SZ,2022-10-25,0.0,142.81,143.14,142.77,1060.0,15151700.0,141.913
000858.SZ,2022-10-25,0.0,142.93,142.93,142.81,727.0,10386900.0,141.925
000858.SZ,2022-10-25,0.0,143.19,143.19,142.9,1047.0,14974200.0,141.943
000858.SZ,2022-10-25,0.0,143.04,143.18,143.04,1123.0,16072600.0,141.963
000858.SZ,2022-10-25,0.0,142.79,143.09,142.79,1295.0,18517500.0,141.983
000858.SZ,2022-10-25,0.0,142.68,142.91,142.68,818.0,11681300.0,141.994
000858.SZ,2022-10-25,0.0,142.5,142.69,142.42,568.0,8098250.0,141.998
000858.SZ,2022-10-25,0.0,142.1,142.5,142.1,647.0,9204880.0,142.001
000858.SZ,2022-10-25,0.0,141.91,142.16,141.88,1521.0,21593700.0,142.001
000858.SZ,2022-10-25,0.0,141.8,141.9,141.71,936.0,13267100.0,141.998
000858.SZ,2022-10-25,0.0,141.89,141.9,141.76,754.0,10692900.0,141.996
000858.SZ,2022-10-25,0.0,141.83,141.94,141.83,791.0,11225100.0,141.995
000858.SZ,2022-10-25,0.0,141.76,141.93,141.75,685.0,9715230.0,141.994
000858.SZ,2022-10-25,0.0,141.72,141.76,141.61,1174.0,16640200.0,141.989
000858.SZ,2022-10-25,0.0,141.69,141.8,141.66,806.0,11425800.0,141.986
000858.SZ,2022-10-25,0.0,141.52,141.69,141.52,646.0,9149310.0,141.983
000858.SZ,2022-10-25,0.0,141.16,141.51,141.16,1247.0,17628300.0,141.973
000858.SZ,2022-10-25,0.0,141.0,141.12,141.0,1218.0,17180000.0,141.959
000858.SZ,2022-10-25,0.0,141.22,141.34,141.02,1773.0,25022600.0,141.94
000858.SZ,2022-10-25,0.0,141.31,141.4,141.22,846.0,11954800.0,141.933
000858.SZ,2022-10-25,0.0,141.22,141.32,141.2,818.0,11552900.0,141.926
000858.SZ,2022-10-25,0.0,141.39,141.39,141.1,1337.0,18884000.0,141.915
000858.SZ,2022-10-25,0.0,141.05,141.39,141.05,611.0,8625190.0,141.91
000858.SZ,2022-10-25,0.0,141.1,141.11,141.02,873.0,12320500.0,141.901
000858.SZ,2022-10-25,0.0,141.13,141.13,141.05,694.0,9790700.0,141.894
000858.SZ,2022-10-25,0.0,141.2,141.2,141.1,575.0,8114520.0,141.889
000858.SZ,2022-10-25,0.0,141.38,141.38,141.2,453.0,6399760.0,141.886
000858.SZ,2022-10-25,0.0,141.88,141.88,141.46,506.0,7169580.0,141.884
000858.SZ,2022-10-25,0.0,142.54,142.54,141.89,1011.0,14355900.0,141.886
000858.SZ,2022-10-25,0.0,142.19,142.59,142.15,840.0,11962000.0,141.891
000858.SZ,2022-10-25,0.0,141.91,142.2,141.89,593.0,8418530.0,141.892
000858.SZ,2022-10-25,0.0,142.08,142.12,141.88,443.0,6284400.0,141.892
000858.SZ,2022-10-25,0.0,142.6,142.66,142.12,1010.0,14389800.0,141.899
000858.SZ,2022-10-25,0.0,142.78,142.78,142.36,1215.0,17330200.0,141.908
000858.SZ,2022-10-25,0.0,142.8,142.87,142.8,898.0,12825400.0,141.917
000858.SZ,2022-10-25,0.0,142.44,142.8,142.44,769.0,10969800.0,141.923
000858.SZ,2022-10-25,0.0,142.54,142.61,142.38,572.0,8153590.0,141.927
000858.SZ,2022-10-25,0.0,142.7,142.7,142.55,986.0,14061300.0,141.934
000858.SZ,2022-10-25,0.0,142.86,142.86,142.7,734.0,10480900.0,141.94
000858.SZ,2022-10-25,0.0,142.8,142.89,142.79,802.0,11457100.0,141.948
000858.SZ,2022-10-25,0.0,142.62,142.8,142.59,618.0,8820220.0,141.953
000858.SZ,2022-10-25,0.0,142.36,142.61,142.36,449.0,6399380.0,141.956
000858.SZ,2022-10-25,0.0,142.22,142.36,142.17,742.0,10554300.0,141.958
000858.SZ,2022-10-25,0.0,142.11,142.25,142.08,680.0,9665470.0,141.959
000858.SZ,2022-10-25,0.0,142.04,142.15,142.04,391.0,5556800.0,141.96
000858.SZ,2022-10-25,0.0,142.13,142.17,142.05,807.0,11469300.0,141.961
000858.SZ,2022-10-25,0.0,142.33,142.35,142.15,557.0,7921950.0,141.963
000858.SZ,2022-10-25,0.0,142.57,142.62,142.35,645.0,9195360.0,141.966
000858.SZ,2022-10-25,0.0,142.61,142.68,142.58,460.0,6561230.0,141.969
000858.SZ,2022-10-25,0.0,142.6,142.64,142.52,431.0,6145200.0,141.972
000858.SZ,2022-10-25,0.0,142.53,142.6,142.53,456.0,6501960.0,141.975
000858.SZ,2022-10-25,0.0,142.43,142.56,142.36,571.0,8134580.0,141.977
000858.SZ,2022-10-25,0.0,142.23,142.49,142.23,270.0,3845180.0,141.979
000858.SZ,2022-10-25,0.0,142.23,142.33,142.23,273.0,3884630.0,141.979
000858.SZ,2022-10-25,0.0,142.49,142.52,142.24,563.0,8016680.0,141.982
000858.SZ,2022-10-25,0.0,142.17,142.5,142.17,320.0,4554780.0,141.983
000858.SZ,2022-10-25,0.0,142.1,142.17,142.03,536.0,7616550.0,141.983
000858.SZ,2022-10-25,0.0,142.2,142.22,142.12,799.0,11359800.0,141.985
000858.SZ,2022-10-25,0.0,142.18,142.22,142.18,503.0,7152440.0,141.986
000858.SZ,2022-10-25,0.0,142.1,142.18,142.08,463.0,6580700.0,141.986
000858.SZ,2022-10-25,0.0,142.16,142.17,142.05,504.0,7163610.0,141.987
000858.SZ,2022-10-25,0.0,142.13,142.16,142.13,335.0,4762050.0,141.988
000858.SZ,2022-10-25,0.0,142.0,142.11,142.0,526.0,7471730.0,141.988
000858.SZ,2022-10-25,0.0,142.17,142.29,142.01,618.0,8784290.0,141.989
000858.SZ,2022-10-25,0.0,142.32,142.39,142.17,493.0,7020290.0,141.99
000858.SZ,2022-10-25,0.0,142.17,142.35,142.17,305.0,4340140.0,141.991
000858.SZ,2022-10-25,0.0,142.01,142.16,142.01,478.0,6790080.0,141.991
000858.SZ,2022-10-25,0.0,142.04,142.06,141.97,350.0,4971190.0,141.991
000858.SZ,2022-10-25,0.0,142.0,142.07,142.0,418.0,5937200.0,141.991
000858.SZ,2022-10-25,0.0,142.31,142.31,142.0,404.0,5739610.0,141.992
000858.SZ,2022-10-25,0.0,142.44,142.44,142.21,544.0,7742460.0,141.993
000858.SZ,2022-10-25,0.0,142.44,142.61,142.44,660.0,9405810.0,141.996
000858.SZ,2022-10-25,0.0,142.5,142.6,142.44,395.0,5629410.0,141.998
000858.SZ,2022-10-25,0.0,142.58,142.73,142.5,508.0,7246330.0,142.001
000858.SZ,2022-10-25,0.0,142.12,142.57,142.12,432.0,6145660.0,142.002
000858.SZ,2022-10-25,0.0,142.1,142.12,142.0,500.0,7103310.0,142.002
000858.SZ,2022-10-25,0.0,142.15,142.15,142.1,768.0,10916500.0,142.003
000858.SZ,2022-10-25,0.0,142.15,142.15,142.13,471.0,6694840.0,142.004
000858.SZ,2022-10-25,0.0,142.57,142.6,142.14,721.0,10257000.0,142.006
000858.SZ,2022-10-25,0.0,142.51,142.52,142.38,394.0,5613030.0,142.007
000858.SZ,2022-10-25,0.0,142.65,142.67,142.52,547.0,7801070.0,142.01
000858.SZ,2022-10-25,0.0,142.7,142.7,142.64,469.0,6690940.0,142.013
000858.SZ,2022-10-25,0.0,142.73,142.74,142.69,446.0,6369520.0,142.015
000858.SZ,2022-10-25,0.0,142.8,142.8,142.74,622.0,8880160.0,142.019
000858.SZ,2022-10-25,0.0,142.91,142.93,142.79,1042.0,14886200.0,142.027
000858.SZ,2022-10-25,0.0,143.1,143.1,142.9,1532.0,21897100.0,142.039
000858.SZ,2022-10-25,0.0,143.19,143.2,143.1,733.0,10493500.0,142.045
000858.SZ,2022-10-25,0.0,143.88,143.88,143.2,1531.0,21960800.0,142.063
000858.SZ,2022-10-25,0.0,144.45,144.5,143.88,2107.0,30352600.0,142.097
000858.SZ,2022-10-25,0.0,144.79,145.0,144.5,2220.0,32122400.0,142.142
000858.SZ,2022-10-25,0.0,144.4,144.85,144.4,2111.0,30548700.0,142.184
000858.SZ,2022-10-25,0.0,144.75,144.98,144.53,2346.0,33957300.0,142.23
000858.SZ,2022-10-25,0.0,145.0,145.04,144.75,2640.0,38263600.0,142.282
000858.SZ,2022-10-25,0.0,144.08,145.27,144.08,5013.0,72614000.0,142.375
000858.SZ,2022-10-25,0.0,144.2,144.35,144.02,933.0,13455300.0,142.387
000858.SZ,2022-10-25,0.0,143.72,144.18,143.72,1021.0,14698100.0,142.398
000858.SZ,2022-10-25,0.0,143.67,143.67,143.6,588.0,8446440.0,142.403
000858.SZ,2022-10-25,0.0,143.89,143.89,143.67,629.0,9045040.0,142.41
000858.SZ,2022-10-25,0.0,143.91,144.01,143.87,739.0,10635700.0,142.417
000858.SZ,2022-10-25,0.0,143.8,143.91,143.77,554.0,7968510.0,142.423
000858.SZ,2022-10-25,0.0,143.66,143.8,143.65,373.0,5360850.0,142.426
000858.SZ,2022-10-25,0.0,143.42,143.65,143.42,541.0,7765760.0,142.43
000858.SZ,2022-10-25,0.0,143.31,143.45,143.31,571.0,8187060.0,142.434
000858.SZ,2022-10-25,0.0,143.2,143.35,143.2,459.0,6576060.0,142.437
000858.SZ,2022-10-25,0.0,143.27,143.27,143.15,744.0,10653000.0,142.44
000858.SZ,2022-10-25,0.0,143.28,143.36,143.24,545.0,7810030.0,142.444
000858.SZ,2022-10-25,0.0,143.02,143.28,143.02,396.0,5668290.0,142.445
000858.SZ,2022-10-25,0.0,143.2,143.2,143.01,466.0,6668310.0,142.448
000858.SZ,2022-10-25,0.0,143.52,143.52,143.21,518.0,7435080.0,142.451
000858.SZ,2022-10-25,0.0,143.7,143.7,143.54,449.0,6449530.0,142.454
000858.SZ,2022-10-25,0.0,143.89,143.89,143.7,302.0,4341930.0,142.457
000858.SZ,2022-10-25,0.0,143.7,143.89,143.7,673.0,9676030.0,142.463
000858.SZ,2022-10-25,0.0,143.7,143.71,143.69,326.0,4684650.0,142.466
000858.SZ,2022-10-25,0.0,143.41,143.69,143.41,328.0,4708380.0,142.468
000858.SZ,2022-10-25,0.0,143.37,143.4,143.33,372.0,5332910.0,142.47
000858.SZ,2022-10-25,0.0,143.45,143.45,143.37,349.0,5005480.0,142.472
000858.SZ,2022-10-25,0.0,143.58,143.59,143.5,206.0,2956770.0,142.474
000858.SZ,2022-10-25,0.0,143.88,143.9,143.56,458.0,6582530.0,142.478
000858.SZ,2022-10-25,0.0,143.49,143.9,143.47,741.0,10643100.0,142.483
000858.SZ,2022-10-25,0.0,143.37,143.5,143.37,357.0,5120400.0,142.485
000858.SZ,2022-10-25,0.0,143.39,143.4,143.37,263.0,3771140.0,142.487
000858.SZ,2022-10-25,0.0,143.39,143.4,143.38,280.0,4014980.0,142.489
000858.SZ,2022-10-25,0.0,143.37,143.4,143.37,446.0,6394780.0,142.491
000858.SZ,2022-10-25,0.0,143.17,143.37,143.17,406.0,5817460.0,142.493
000858.SZ,2022-10-25,0.0,143.1,143.16,143.08,345.0,4937860.0,142.495
000858.SZ,2022-10-25,0.0,143.1,143.12,143.08,436.0,6239090.0,142.496
000858.SZ,2022-10-25,0.0,143.02,143.11,143.0,1266.0,18108200.0,142.501
000858.SZ,2022-10-25,0.0,143.26,143.26,143.01,434.0,6210990.0,142.502
000858.SZ,2022-10-25,0.0,143.45,143.46,143.26,256.0,3670230.0,142.504
000858.SZ,2022-10-25,0.0,143.39,143.46,143.38,366.0,5248780.0,142.506
000858.SZ,2022-10-25,0.0,143.4,143.43,143.37,359.0,5147630.0,142.508
000858.SZ,2022-10-25,0.0,143.27,143.38,143.27,365.0,5232280.0,142.51
000858.SZ,2022-10-25,0.0,143.04,143.28,143.04,521.0,7457100.0,142.512
000858.SZ,2022-10-25,0.0,143.01,143.04,142.96,534.0,7636310.0,142.514
000858.SZ,2022-10-25,0.0,142.91,143.01,142.91,478.0,6834230.0,142.515
000858.SZ,2022-10-25,0.0,143.13,143.19,142.91,962.0,13756900.0,142.518
000858.SZ,2022-10-25,0.0,142.92,143.11,142.9,488.0,6976170.0,142.519
000858.SZ,2022-10-25,0.0,142.93,142.93,142.91,409.0,5845350.0,142.52
000858.SZ,2022-10-25,0.0,142.82,142.96,142.82,736.0,10518100.0,142.522
000858.SZ,2022-10-25,0.0,142.66,142.82,142.66,403.0,5748290.0,142.523
000858.SZ,2022-10-25,0.0,142.55,142.66,142.55,483.0,6887320.0,142.523
000858.SZ,2022-10-25,0.0,142.56,142.57,142.53,341.0,4861030.0,142.523
000858.SZ,2022-10-25,0.0,142.7,142.71,142.55,697.0,9934870.0,142.523
000858.SZ,2022-10-25,0.0,142.78,142.78,142.67,555.0,7920620.0,142.524
000858.SZ,2022-10-25,0.0,142.59,142.77,142.59,454.0,6477850.0,142.524
000858.SZ,2022-10-25,0.0,142.7,142.7,142.57,382.0,5448720.0,142.525
000858.SZ,2022-10-25,0.0,142.83,142.83,142.7,895.0,12773800.0,142.526
000858.SZ,2022-10-25,0.0,142.79,142.86,142.77,426.0,6084110.0,142.526
000858.SZ,2022-10-25,0.0,142.75,142.79,142.72,849.0,12115800.0,142.528
000858.SZ,2022-10-25,0.0,142.77,142.78,142.7,439.0,6266720.0,142.528
000858.SZ,2022-10-25,0.0,142.67,142.78,142.67,748.0,10676000.0,142.529
000858.SZ,2022-10-25,0.0,142.62,142.65,142.58,592.0,8443040.0,142.529
000858.SZ,2022-10-25,0.0,142.61,142.64,142.6,788.0,11238000.0,142.53
000858.SZ,2022-10-25,0.0,142.53,142.6,142.53,587.0,8368880.0,142.53
000858.SZ,2022-10-25,0.0,142.71,142.71,142.53,958.0,13662000.0,142.53
000858.SZ,2022-10-25,0.0,142.89,142.91,142.7,637.0,9093270.0,142.531
000858.SZ,2022-10-25,0.0,142.9,142.91,142.88,565.0,8073560.0,142.532
000858.SZ,2022-10-25,0.0,142.79,142.9,142.79,372.0,5314820.0,142.533
000858.SZ,2022-10-25,0.0,142.71,142.78,142.71,406.0,5795020.0,142.534
000858.SZ,2022-10-25,0.0,142.61,142.71,142.6,311.0,4436010.0,142.534
000858.SZ,2022-10-25,0.0,142.56,142.61,142.56,465.0,6630480.0,142.534
000858.SZ,2022-10-25,0.0,142.52,142.58,142.51,508.0,7241320.0,142.534
000858.SZ,2022-10-25,0.0,142.51,142.53,142.5,752.0,10716500.0,142.534
000858.SZ,2022-10-25,0.0,142.51,142.55,142.5,708.0,10090200.0,142.534
000858.SZ,2022-10-25,0.0,142.46,142.52,142.45,358.0,5101070.0,142.534
000858.SZ,2022-10-25,0.0,142.3,142.45,142.28,568.0,8087460.0,142.533
000858.SZ,2022-10-25,0.0,142.21,142.3,142.2,371.0,5277000.0,142.533
000858.SZ,2022-10-25,0.0,142.24,142.24,142.17,450.0,6399140.0,142.532
000858.SZ,2022-10-25,0.0,142.26,142.3,142.23,598.0,8506860.0,142.531
000858.SZ,2022-10-25,0.0,142.39,142.5,142.26,503.0,7161300.0,142.53
000858.SZ,2022-10-25,0.0,142.34,142.39,142.33,317.0,4512420.0,142.53
000858.SZ,2022-10-25,0.0,142.36,142.36,142.33,488.0,6945880.0,142.53
000858.SZ,2022-10-25,0.0,142.37,142.37,142.35,373.0,5303230.0,142.529
000858.SZ,2022-10-25,0.0,142.35,142.37,142.34,405.0,5771960.0,142.529
000858.SZ,2022-10-25,0.0,142.26,142.35,142.25,433.0,6162530.0,142.528
000858.SZ,2022-10-25,0.0,142.15,142.26,142.15,615.0,8745980.0,142.527
000858.SZ,2022-10-25,0.0,142.03,142.12,142.03,527.0,7487410.0,142.526
000858.SZ,2022-10-25,0.0,142.03,142.06,142.0,827.0,11745900.0,142.524
000858.SZ,2022-10-25,0.0,142.01,142.02,142.0,1108.0,15734200.0,142.521
000858.SZ,2022-10-25,0.0,141.81,142.02,141.81,1148.0,16295400.0,142.517
000858.SZ,2022-10-25,0.0,142.01,142.02,141.85,814.0,11553300.0,142.514
000858.SZ,2022-10-25,0.0,142.01,142.02,141.98,514.0,7298790.0,142.513
000858.SZ,2022-10-25,0.0,142.11,142.11,142.01,415.0,5894010.0,142.512
000858.SZ,2022-10-25,0.0,142.23,142.25,142.11,450.0,6398260.0,142.511
000858.SZ,2022-10-25,0.0,142.29,142.29,142.25,401.0,5704900.0,142.511
000858.SZ,2022-10-25,0.0,142.4,142.4,142.28,593.0,8440460.0,142.51
000858.SZ,2022-10-25,0.0,142.4,142.44,142.4,600.0,8538320.0,142.51
000858.SZ,2022-10-25,0.0,142.38,142.44,142.38,387.0,5511170.0,142.51
000858.SZ,2022-10-25,0.0,142.26,142.38,142.26,380.0,5415200.0,142.509
000858.SZ,2022-10-25,0.0,142.18,142.27,142.18,315.0,4479690.0,142.509
000858.SZ,2022-10-25,0.0,142.1,142.25,142.09,739.0,10506200.0,142.507
000858.SZ,2022-10-25,0.0,142.11,142.13,142.09,354.0,5025290.0,142.507
000858.SZ,2022-10-25,0.0,142.16,142.16,142.1,838.0,11908600.0,142.505
000858.SZ,2022-10-25,0.0,142.2,142.21,142.15,422.0,6006240.0,142.504
000858.SZ,2022-10-25,0.0,142.09,142.2,142.09,657.0,9340340.0,142.503
000858.SZ,2022-10-25,0.0,141.89,142.06,141.88,1606.0,22807100.0,142.499
000858.SZ,2022-10-25,0.0,141.85,141.89,141.8,780.0,11065000.0,142.496
000858.SZ,2022-10-25,0.0,141.83,141.86,141.83,1143.0,16210400.0,142.492
000858.SZ,2022-10-25,0.0,141.73,141.84,141.73,854.0,12106400.0,142.489
000858.SZ,2022-10-25,0.0,141.68,141.7,141.58,1213.0,17187000.0,142.484
000858.SZ,2022-10-25,0.0,141.77,141.77,141.67,1277.0,18098000.0,142.479
000858.SZ,2022-10-25,0.0,141.78,141.8,141.76,713.0,10108700.0,142.477
000858.SZ,2022-10-25,0.0,141.81,141.81,141.77,985.0,13965100.0,142.473
000858.SZ,2022-10-25,0.0,141.98,141.98,141.79,797.0,11306800.0,142.471
000858.SZ,2022-10-25,0.0,142.04,142.19,141.98,868.0,12327800.0,142.469
000858.SZ,2022-10-25,0.0,142.05,142.1,142.0,631.0,8963870.0,142.468
000858.SZ,2022-10-25,0.0,142.07,142.08,142.05,822.0,11683900.0,142.466
000858.SZ,2022-10-25,0.0,142.08,142.1,142.07,805.0,11437800.0,142.465
000858.SZ,2022-10-25,0.0,142.12,142.12,142.08,610.0,8661360.0,142.463
000858.SZ,2022-10-25,0.0,142.18,142.18,142.12,574.0,8164980.0,142.463
000858.SZ,2022-10-25,0.0,142.19,142.19,142.19,21.0,298589.0,142.463
000858.SZ,2022-10-25,0.0,142.19,142.19,142.19,0.0,0.0,142.463
000858.SZ,2022-10-25,0.0,142.12,142.12,142.12,1980.0,28143700.0,142.459
000858.SZ,2022-10-26,0.0,142.9,142.9,142.9,802.0,11460600.0,142.9
000858.SZ,2022-10-26,0.0,143.96,143.99,143.0,2758.0,39579400.0,143.365
000858.SZ,2022-10-26,0.0,143.17,143.91,143.17,1783.0,25623600.0,143.48
000858.SZ,2022-10-26,0.0,143.16,143.26,143.01,1409.0,20161900.0,143.408
000858.SZ,2022-10-26,0.0,143.26,143.4,143.21,1731.0,24808400.0,143.39
000858.SZ,2022-10-26,0.0,142.98,143.27,142.98,1707.0,24419900.0,143.334
000858.SZ,2022-10-26,0.0,143.06,143.08,142.96,1413.0,20205100.0,143.293
000858.SZ,2022-10-26,0.0,142.98,143.09,142.98,1122.0,16047600.0,143.27
000858.SZ,2022-10-26,0.0,143.0,143.03,142.98,870.0,12440600.0,143.252
000858.SZ,2022-10-26,0.0,143.2,143.2,142.98,939.0,13434400.0,143.24
000858.SZ,2022-10-26,0.0,143.69,143.71,143.22,889.0,12763000.0,143.259
000858.SZ,2022-10-26,0.0,143.31,143.69,143.22,1397.0,20034300.0,143.272
000858.SZ,2022-10-26,0.0,143.03,143.32,143.03,1081.0,15481600.0,143.268
000858.SZ,2022-10-26,0.0,143.02,143.11,143.0,1264.0,18074200.0,143.252
000858.SZ,2022-10-26,0.0,142.45,143.07,142.45,1916.0,27381000.0,143.219
000858.SZ,2022-10-26,0.0,142.13,142.4,142.01,1223.0,17386300.0,143.161
000858.SZ,2022-10-26,0.0,142.01,142.11,142.0,1097.0,15583200.0,143.107
000858.SZ,2022-10-26,0.0,142.5,142.5,142.01,1343.0,19087400.0,143.053
000858.SZ,2022-10-26,0.0,142.5,142.67,142.37,1021.0,14536500.0,143.026
000858.SZ,2022-10-26,0.0,142.79,142.79,142.52,384.0,5477850.0,143.02
000858.SZ,2022-10-26,0.0,142.9,142.9,142.79,674.0,9626980.0,143.016
000858.SZ,2022-10-26,0.0,142.67,142.91,142.55,1165.0,16622200.0,143.004
000858.SZ,2022-10-26,0.0,142.58,142.68,142.55,689.0,9824420.0,142.994
000858.SZ,2022-10-26,0.0,142.58,142.66,142.56,644.0,9182530.0,142.985
000858.SZ,2022-10-26,0.0,142.55,142.59,142.51,599.0,8540070.0,142.977
000858.SZ,2022-10-26,0.0,142.55,142.57,142.51,771.0,10989700.0,142.966
000858.SZ,2022-10-26,0.0,142.4,142.55,142.3,1076.0,15323600.0,142.948
000858.SZ,2022-10-26,0.0,142.09,142.48,142.09,735.0,10460700.0,142.934
000858.SZ,2022-10-26,0.0,142.1,142.2,142.03,1008.0,14322000.0,142.909
000858.SZ,2022-10-26,0.0,142.2,142.21,142.05,667.0,9480640.0,142.894
000858.SZ,2022-10-26,0.0,142.48,142.49,142.23,687.0,9779400.0,142.883
000858.SZ,2022-10-26,0.0,142.82,142.87,142.48,886.0,12631800.0,142.877
000858.SZ,2022-10-26,0.0,143.2,143.2,142.86,902.0,12899000.0,142.88
000858.SZ,2022-10-26,0.0,143.5,143.5,143.0,1183.0,16954500.0,142.893
000858.SZ,2022-10-26,0.0,143.5,143.65,143.33,1959.0,28106700.0,142.921
000858.SZ,2022-10-26,0.0,143.31,143.49,143.25,964.0,13819600.0,142.932
000858.SZ,2022-10-26,0.0,143.34,143.49,143.32,1572.0,22546900.0,142.95
000858.SZ,2022-10-26,0.0,143.43,143.5,143.35,941.0,13495300.0,142.96
000858.SZ,2022-10-26,0.0,143.3,143.45,143.0,1366.0,19557100.0,142.968
000858.SZ,2022-10-26,0.0,143.1,143.39,143.1,850.0,12176800.0,142.973
000858.SZ,2022-10-26,0.0,143.28,143.39,143.07,1139.0,16311500.0,142.98
000858.SZ,2022-10-26,0.0,143.11,143.26,143.11,2068.0,29624400.0,142.991
000858.SZ,2022-10-26,0.0,143.0,143.11,143.0,1426.0,20394400.0,142.993
000858.SZ,2022-10-26,0.0,143.0,143.04,142.98,937.0,13398600.0,142.994
000858.SZ,2022-10-26,0.0,142.7,143.01,142.7,624.0,8920610.0,142.993
000858.SZ,2022-10-26,0.0,142.82,142.83,142.68,702.0,10018100.0,142.989
000858.SZ,2022-10-26,0.0,142.75,142.87,142.75,753.0,10753400.0,142.986
000858.SZ,2022-10-26,0.0,142.65,142.76,142.5,575.0,8199890.0,142.982
000858.SZ,2022-10-26,0.0,142.72,142.72,142.6,840.0,11978100.0,142.976
000858.SZ,2022-10-26,0.0,143.21,143.3,142.82,642.0,9188100.0,142.978
000858.SZ,2022-10-26,0.0,143.22,143.27,143.06,596.0,8531850.0,142.98
000858.SZ,2022-10-26,0.0,142.9,143.2,142.9,383.0,5479720.0,142.98
000858.SZ,2022-10-26,0.0,143.1,143.1,142.99,571.0,8165680.0,142.981
000858.SZ,2022-10-26,0.0,143.19,143.2,143.1,499.0,7145050.0,142.982
000858.SZ,2022-10-26,0.0,143.23,143.24,143.15,868.0,12428000.0,142.985
000858.SZ,2022-10-26,0.0,143.04,143.32,143.04,684.0,9795420.0,142.989
000858.SZ,2022-10-26,0.0,143.56,143.56,143.12,1612.0,23128100.0,143.001
000858.SZ,2022-10-26,0.0,143.5,143.59,143.5,1137.0,16322700.0,143.012
000858.SZ,2022-10-26,0.0,143.64,143.64,143.47,1302.0,18692900.0,143.023
000858.SZ,2022-10-26,0.0,143.5,143.68,143.49,963.0,13826500.0,143.031
000858.SZ,2022-10-26,0.0,143.79,143.8,143.5,1156.0,16609000.0,143.043
000858.SZ,2022-10-26,0.0,143.72,143.79,143.68,462.0,6639870.0,143.048
000858.SZ,2022-10-26,0.0,143.82,143.82,143.69,1075.0,15451800.0,143.059
000858.SZ,2022-10-26,0.0,143.87,143.9,143.79,1224.0,17609000.0,143.073
000858.SZ,2022-10-26,0.0,143.86,143.87,143.8,995.0,14310900.0,143.084
000858.SZ,2022-10-26,0.0,143.93,143.95,143.87,1081.0,15556100.0,143.097
000858.SZ,2022-10-26,0.0,143.69,143.92,143.69,719.0,10338300.0,143.104
000858.SZ,2022-10-26,0.0,143.92,143.93,143.67,1306.0,18789600.0,143.117
000858.SZ,2022-10-26,0.0,144.44,144.48,143.92,2451.0,35297800.0,143.148
000858.SZ,2022-10-26,0.0,144.58,144.6,144.47,1244.0,17979600.0,143.17
000858.SZ,2022-10-26,0.0,144.7,144.7,144.56,1228.0,17758300.0,143.193
000858.SZ,2022-10-26,0.0,144.48,144.73,144.48,1287.0,18607700.0,143.216
000858.SZ,2022-10-26,0.0,144.3,144.46,144.23,713.0,10292600.0,143.227
000858.SZ,2022-10-26,0.0,144.55,144.57,144.31,891.0,12876000.0,143.24
000858.SZ,2022-10-26,0.0,144.58,144.69,144.56,1679.0,24292000.0,143.269
000858.SZ,2022-10-26,0.0,144.53,144.57,144.42,1482.0,21420800.0,143.291
000858.SZ,2022-10-26,0.0,144.7,144.7,144.52,1312.0,18980800.0,143.312
000858.SZ,2022-10-26,0.0,145.0,145.0,144.7,2954.0,42820700.0,143.368
000858.SZ,2022-10-26,0.0,144.97,145.05,144.92,2333.0,33829300.0,143.41
000858.SZ,2022-10-26,0.0,145.0,145.0,144.92,977.0,14162600.0,143.427
000858.SZ,2022-10-26,0.0,145.01,145.04,144.99,1500.0,21747300.0,143.453
000858.SZ,2022-10-26,0.0,145.38,145.39,145.01,1595.0,23150000.0,143.481
000858.SZ,2022-10-26,0.0,145.45,145.52,145.39,1343.0,19540400.0,143.51
000858.SZ,2022-10-26,0.0,145.52,145.6,145.45,1412.0,20546700.0,143.539
000858.SZ,2022-10-26,0.0,145.67,145.68,145.53,1357.0,19758400.0,143.568
000858.SZ,2022-10-26,0.0,145.38,145.9,145.38,2590.0,37727600.0,143.622
000858.SZ,2022-10-26,0.0,145.0,145.35,145.0,1100.0,15961000.0,143.638
000858.SZ,2022-10-26,0.0,144.77,144.98,144.77,723.0,10474200.0,143.647
000858.SZ,2022-10-26,0.0,144.8,144.82,144.72,1074.0,15548600.0,143.659
000858.SZ,2022-10-26,0.0,144.8,144.8,144.77,589.0,8528110.0,143.665
000858.SZ,2022-10-26,0.0,144.79,144.88,144.77,933.0,13512300.0,143.676
000858.SZ,2022-10-26,0.0,144.54,144.76,144.54,775.0,11218300.0,143.683
000858.SZ,2022-10-26,0.0,144.43,144.54,144.4,657.0,9491050.0,143.688
000858.SZ,2022-10-26,0.0,144.53,144.53,144.42,487.0,7039280.0,143.691
000858.SZ,2022-10-26,0.0,144.63,144.64,144.54,350.0,5053910.0,143.694
000858.SZ,2022-10-26,0.0,144.82,144.82,144.64,222.0,3212300.0,143.696
000858.SZ,2022-10-26,0.0,145.0,145.0,144.82,497.0,7204980.0,143.702
000858.SZ,2022-10-26,0.0,145.15,145.16,145.0,588.0,8531540.0,143.71
000858.SZ,2022-10-26,0.0,144.98,145.15,144.98,686.0,9952890.0,143.719
000858.SZ,2022-10-26,0.0,144.91,145.04,144.9,263.0,3811960.0,143.721
000858.SZ,2022-10-26,0.0,144.75,144.91,144.75,276.0,3997810.0,143.724
000858.SZ,2022-10-26,0.0,144.68,144.77,144.68,368.0,5326300.0,143.728
000858.SZ,2022-10-26,0.0,144.59,144.68,144.58,407.0,5885910.0,143.731
000858.SZ,2022-10-26,0.0,144.53,144.59,144.5,417.0,6028310.0,143.734
000858.SZ,2022-10-26,0.0,144.55,144.55,144.51,348.0,5029620.0,143.737
000858.SZ,2022-10-26,0.0,144.59,144.59,144.53,280.0,4047290.0,143.739
000858.SZ,2022-10-26,0.0,144.54,144.61,144.53,541.0,7821520.0,143.743
000858.SZ,2022-10-26,0.0,144.53,144.62,144.53,328.0,4742460.0,143.745
000858.SZ,2022-10-26,0.0,144.5,144.54,144.5,372.0,5381940.0,143.748
000858.SZ,2022-10-26,0.0,144.75,144.75,144.5,227.0,3275700.0,143.749
000858.SZ,2022-10-26,0.0,144.78,144.83,144.73,224.0,3242620.0,143.751
000858.SZ,2022-10-26,0.0,144.76,144.81,144.65,433.0,6266790.0,143.755
000858.SZ,2022-10-26,0.0,144.75,144.8,144.66,307.0,4444010.0,143.758
000858.SZ,2022-10-26,0.0,144.7,144.75,144.65,183.0,2648140.0,143.759
000858.SZ,2022-10-26,0.0,144.74,144.76,144.7,290.0,4197280.0,143.762
000858.SZ,2022-10-26,0.0,144.91,144.91,144.74,361.0,5229230.0,143.765
000858.SZ,2022-10-26,0.0,144.97,145.0,144.91,733.0,10626600.0,143.773
000858.SZ,2022-10-26,0.0,144.97,144.99,144.97,283.0,4102940.0,143.776
000858.SZ,2022-10-26,0.0,144.96,144.99,144.9,347.0,5030230.0,143.779
000858.SZ,2022-10-26,0.0,144.96,144.97,144.93,202.0,2928200.0,143.781
000858.SZ,2022-10-26,0.0,144.83,144.96,144.83,331.0,4796090.0,143.785
000858.SZ,2022-10-26,0.0,144.9,144.95,144.83,699.0,10125300.0,143.791
000858.SZ,2022-10-26,0.0,144.83,144.91,144.65,459.0,6647200.0,143.795
000858.SZ,2022-10-26,0.0,144.74,144.8,144.66,173.0,2497990.0,143.796
000858.SZ,2022-10-26,0.0,144.67,144.75,144.67,219.0,3168930.0,143.798
000858.SZ,2022-10-26,0.0,144.61,144.68,144.6,315.0,4556140.0,143.8
000858.SZ,2022-10-26,0.0,144.48,144.61,144.48,395.0,5710010.0,143.803
000858.SZ,2022-10-26,0.0,144.29,144.48,144.29,362.0,5226500.0,143.805
000858.SZ,2022-10-26,0.0,144.16,144.29,144.16,528.0,7613970.0,143.806
000858.SZ,2022-10-26,0.0,144.22,144.23,144.13,491.0,7071600.0,143.808
000858.SZ,2022-10-26,0.0,144.35,144.35,144.23,487.0,7026200.0,143.81
000858.SZ,2022-10-26,0.0,144.39,144.42,144.34,260.0,3754310.0,143.811
000858.SZ,2022-10-26,0.0,144.4,144.4,144.36,378.0,5452010.0,143.813
000858.SZ,2022-10-26,0.0,144.43,144.47,144.4,196.0,2830710.0,143.814
000858.SZ,2022-10-26,0.0,144.3,144.44,144.3,398.0,5746250.0,143.816
000858.SZ,2022-10-26,0.0,144.16,144.3,144.16,391.0,5639480.0,143.817
000858.SZ,2022-10-26,0.0,144.0,144.15,144.0,990.0,14260300.0,143.819
000858.SZ,2022-10-26,0.0,143.93,144.01,143.93,714.0,10286500.0,143.82
000858.SZ,2022-10-26,0.0,143.8,143.94,143.8,703.0,10113500.0,143.82
000858.SZ,2022-10-26,0.0,143.67,143.76,143.67,677.0,9729300.0,143.819
000858.SZ,2022-10-26,0.0,143.64,143.68,143.63,757.0,10874200.0,143.818
000858.SZ,2022-10-26,0.0,144.0,144.01,143.65,665.0,9562960.0,143.818
000858.SZ,2022-10-26,0.0,143.97,144.0,143.97,531.0,7645710.0,143.819
000858.SZ,2022-10-26,0.0,143.87,143.97,143.76,667.0,9596740.0,143.819
000858.SZ,2022-10-26,0.0,143.95,143.98,143.86,422.0,6072600.0,143.82
000858.SZ,2022-10-26,0.0,143.99,144.0,143.95,536.0,7718040.0,143.82
000858.SZ,2022-10-26,0.0,143.9,143.99,143.89,332.0,4778810.0,143.821
000858.SZ,2022-10-26,0.0,143.82,143.9,143.8,334.0,4804990.0,143.821
000858.SZ,2022-10-26,0.0,143.74,143.82,143.72,353.0,5074810.0,143.821
000858.SZ,2022-10-26,0.0,143.75,143.78,143.73,285.0,4097020.0,143.82
000858.SZ,2022-10-26,0.0,143.78,143.79,143.76,289.0,4155000.0,143.82
000858.SZ,2022-10-26,0.0,143.97,144.0,143.79,462.0,6651620.0,143.821
000858.SZ,2022-10-26,0.0,144.01,144.01,143.97,501.0,7214220.0,143.821
000858.SZ,2022-10-26,0.0,144.1,144.11,144.04,288.0,4148820.0,143.822
000858.SZ,2022-10-26,0.0,144.07,144.22,144.07,594.0,8562780.0,143.823
000858.SZ,2022-10-26,0.0,143.96,144.08,143.96,382.0,5501680.0,143.824
000858.SZ,2022-10-26,0.0,143.76,143.95,143.76,405.0,5823140.0,143.824
000858.SZ,2022-10-26,0.0,143.68,143.76,143.68,622.0,8938730.0,143.823
000858.SZ,2022-10-26,0.0,143.56,143.67,143.56,534.0,7669790.0,143.823
000858.SZ,2022-10-26,0.0,143.5,143.56,143.5,627.0,8998630.0,143.821
000858.SZ,2022-10-26,0.0,143.55,143.55,143.5,587.0,8424570.0,143.82
000858.SZ,2022-10-26,0.0,143.88,143.88,143.56,372.0,5344290.0,143.819
000858.SZ,2022-10-26,0.0,144.0,144.0,143.66,347.0,4991570.0,143.82
000858.SZ,2022-10-26,0.0,143.98,144.0,143.96,259.0,3728900.0,143.82
000858.SZ,2022-10-26,0.0,143.91,143.97,143.91,348.0,5009140.0,143.82
000858.SZ,2022-10-26,0.0,143.91,143.94,143.9,382.0,5497910.0,143.82
000858.SZ,2022-10-26,0.0,144.02,144.02,143.9,535.0,7695310.0,143.821
000858.SZ,2022-10-26,0.0,143.9,144.02,143.9,476.0,6857990.0,143.821
000858.SZ,2022-10-26,0.0,143.8,143.9,143.8,417.0,5998220.0,143.821
000858.SZ,2022-10-26,0.0,143.62,143.8,143.53,675.0,9695320.0,143.821
000858.SZ,2022-10-26,0.0,143.5,143.62,143.5,757.0,10865200.0,143.819
000858.SZ,2022-10-26,0.0,143.54,143.54,143.5,234.0,3358280.0,143.818
000858.SZ,2022-10-26,0.0,143.68,143.68,143.53,323.0,4637930.0,143.818
000858.SZ,2022-10-26,0.0,143.6,143.68,143.6,452.0,6491900.0,143.817
000858.SZ,2022-10-26,0.0,143.48,143.61,143.48,950.0,13635700.0,143.815
000858.SZ,2022-10-26,0.0,143.35,143.48,143.35,444.0,6367270.0,143.814
000858.SZ,2022-10-26,0.0,143.22,143.35,143.2,985.0,14111400.0,143.81
000858.SZ,2022-10-26,0.0,143.33,143.33,143.22,554.0,7938060.0,143.808
000858.SZ,2022-10-26,0.0,143.21,143.34,143.21,532.0,7625290.0,143.806
000858.SZ,2022-10-26,0.0,143.12,143.25,143.1,574.0,8217620.0,143.804
000858.SZ,2022-10-26,0.0,143.08,143.1,143.01,876.0,12531000.0,143.799
000858.SZ,2022-10-26,0.0,143.0,143.07,143.0,1529.0,21865700.0,143.791
000858.SZ,2022-10-26,0.0,142.95,143.01,142.83,956.0,13663500.0,143.786
000858.SZ,2022-10-26,0.0,143.07,143.09,142.95,596.0,8521440.0,143.782
000858.SZ,2022-10-26,0.0,143.23,143.23,143.07,371.0,5308450.0,143.781
000858.SZ,2022-10-26,0.0,143.07,143.25,143.02,751.0,10752100.0,143.778
000858.SZ,2022-10-26,0.0,143.06,143.11,143.01,344.0,4921470.0,143.776
000858.SZ,2022-10-26,0.0,143.02,143.06,143.0,464.0,6635990.0,143.774
000858.SZ,2022-10-26,0.0,143.16,143.16,143.02,432.0,6180970.0,143.772
000858.SZ,2022-10-26,0.0,143.34,143.34,143.12,475.0,6805670.0,143.77
000858.SZ,2022-10-26,0.0,143.28,143.37,143.27,386.0,5531680.0,143.769
000858.SZ,2022-10-26,0.0,143.22,143.28,143.2,366.0,5243130.0,143.768
000858.SZ,2022-10-26,0.0,143.16,143.23,143.15,336.0,4811140.0,143.766
000858.SZ,2022-10-26,0.0,143.25,143.26,143.19,192.0,2743630.0,143.766
000858.SZ,2022-10-26,0.0,143.23,143.27,143.2,465.0,6660620.0,143.764
000858.SZ,2022-10-26,0.0,143.24,143.25,143.2,262.0,3758710.0,143.763
000858.SZ,2022-10-26,0.0,143.21,143.25,143.2,324.0,4633800.0,143.762
000858.SZ,2022-10-26,0.0,143.26,143.26,143.21,174.0,2492420.0,143.761
000858.SZ,2022-10-26,0.0,143.23,143.27,143.23,294.0,4211160.0,143.76
000858.SZ,2022-10-26,0.0,143.18,143.23,143.17,429.0,6149950.0,143.759
000858.SZ,2022-10-26,0.0,142.89,143.17,142.89,1130.0,16161300.0,143.754
000858.SZ,2022-10-26,0.0,142.99,143.03,142.89,485.0,6932820.0,143.751
000858.SZ,2022-10-26,0.0,143.01,143.1,143.0,622.0,8896880.0,143.748
000858.SZ,2022-10-26,0.0,143.0,143.09,142.98,761.0,10881700.0,143.745
000858.SZ,2022-10-26,0.0,143.19,143.22,143.01,268.0,3829630.0,143.744
000858.SZ,2022-10-26,0.0,143.11,143.19,143.03,264.0,3778700.0,143.743
000858.SZ,2022-10-26,0.0,143.0,143.08,143.0,421.0,6021430.0,143.741
000858.SZ,2022-10-26,0.0,142.94,143.01,142.94,435.0,6220050.0,143.739
000858.SZ,2022-10-26,0.0,142.97,143.0,142.9,353.0,5045470.0,143.737
000858.SZ,2022-10-26,0.0,143.0,143.0,142.94,357.0,5104040.0,143.735
000858.SZ,2022-10-26,0.0,143.4,143.4,142.95,588.0,8419090.0,143.733
000858.SZ,2022-10-26,0.0,143.13,143.19,143.1,363.0,5195960.0,143.732
000858.SZ,2022-10-26,0.0,142.98,143.13,142.98,846.0,12098200.0,143.728
000858.SZ,2022-10-26,0.0,142.98,143.0,142.97,379.0,5419030.0,143.726
000858.SZ,2022-10-26,0.0,142.94,142.97,142.93,643.0,9191700.0,143.723
000858.SZ,2022-10-26,0.0,143.0,143.0,142.93,717.0,10250400.0,143.72
000858.SZ,2022-10-26,0.0,143.04,143.05,143.0,218.0,3112480.0,143.719
000858.SZ,2022-10-26,0.0,143.07,143.07,143.04,398.0,5693320.0,143.717
000858.SZ,2022-10-26,0.0,143.03,143.06,143.0,438.0,6264580.0,143.715
000858.SZ,2022-10-26,0.0,143.02,143.03,143.0,448.0,6407020.0,143.714
000858.SZ,2022-10-26,0.0,143.0,143.03,142.99,594.0,8494820.0,143.711
000858.SZ,2022-10-26,0.0,143.09,143.1,143.0,590.0,8440320.0,143.709
000858.SZ,2022-10-26,0.0,143.19,143.2,143.1,481.0,6885730.0,143.707
000858.SZ,2022-10-26,0.0,143.2,143.28,143.14,554.0,7933480.0,143.705
000858.SZ,2022-10-26,0.0,143.29,143.29,143.2,442.0,6330810.0,143.704
000858.SZ,2022-10-26,0.0,143.34,143.34,143.29,367.0,5265340.0,143.703
000858.SZ,2022-10-26,0.0,143.4,143.56,143.32,840.0,12048900.0,143.702
000858.SZ,2022-10-26,0.0,143.6,143.6,143.4,635.0,9115520.0,143.701
000858.SZ,2022-10-26,0.0,143.59,143.62,143.45,639.0,9173570.0,143.701
000858.SZ,2022-10-26,0.0,143.58,143.6,143.5,629.0,9026140.0,143.7
000858.SZ,2022-10-26,0.0,143.57,143.59,143.55,654.0,9394540.0,143.7
000858.SZ,2022-10-26,0.0,143.54,143.57,143.5,681.0,9775670.0,143.699
000858.SZ,2022-10-26,0.0,143.56,143.57,143.51,955.0,13709400.0,143.699
000858.SZ,2022-10-26,0.0,143.55,143.57,143.55,1132.0,16251000.0,143.698
000858.SZ,2022-10-26,0.0,143.54,143.55,143.53,789.0,11325200.0,143.697
000858.SZ,2022-10-26,0.0,143.54,143.56,143.53,936.0,13433900.0,143.696
000858.SZ,2022-10-26,0.0,143.36,143.55,143.36,1176.0,16877000.0,143.695
000858.SZ,2022-10-26,0.0,143.39,143.46,143.3,738.0,10581800.0,143.694
000858.SZ,2022-10-26,0.0,143.39,143.39,143.39,15.0,215099.0,143.694
000858.SZ,2022-10-26,0.0,143.39,143.39,143.39,0.0,0.0,143.694
000858.SZ,2022-10-26,0.0,143.4,143.4,143.4,1591.0,22815700.0,143.691
000858.SZ,2022-10-27,0.0,144.98,144.98,144.98,1164.0,16875700.0,144.98
000858.SZ,2022-10-27,0.0,144.43,145.07,144.25,5216.0,75539800.0,144.846
000858.SZ,2022-10-27,0.0,144.03,144.3,143.54,1663.0,23918400.0,144.642
000858.SZ,2022-10-27,0.0,143.93,144.09,143.8,1035.0,14900800.0,144.562
000858.SZ,2022-10-27,0.0,143.85,143.88,143.64,1449.0,20833800.0,144.456
000858.SZ,2022-10-27,0.0,143.28,143.9,143.22,1679.0,24107500.0,144.334
000858.SZ,2022-10-27,0.0,143.4,143.4,142.88,1699.0,24319200.0,144.188
000858.SZ,2022-10-27,0.0,143.85,143.9,143.39,1330.0,19107900.0,144.139
000858.SZ,2022-10-27,0.0,144.02,144.25,143.84,2473.0,35614700.0,144.122
000858.SZ,2022-10-27,0.0,144.16,144.44,143.99,1499.0,21618200.0,144.129
000858.SZ,2022-10-27,0.0,144.24,144.25,144.0,1256.0,18100900.0,144.129
000858.SZ,2022-10-27,0.0,144.2,144.5,144.19,1673.0,24165300.0,144.151
000858.SZ,2022-10-27,0.0,144.44,144.5,144.2,1394.0,20130800.0,144.166
000858.SZ,2022-10-27,0.0,144.25,144.47,144.25,942.0,13599500.0,144.176
000858.SZ,2022-10-27,0.0,143.89,144.25,143.89,761.0,10962200.0,144.172
000858.SZ,2022-10-27,0.0,143.91,143.91,143.71,723.0,10400300.0,144.163
000858.SZ,2022-10-27,0.0,143.71,144.01,143.71,591.0,8504170.0,144.157
000858.SZ,2022-10-27,0.0,143.85,143.95,143.71,679.0,9762430.0,144.148
000858.SZ,2022-10-27,0.0,143.92,143.95,143.75,574.0,8254600.0,144.141
000858.SZ,2022-10-27,0.0,143.59,143.98,143.59,867.0,12467600.0,144.13
000858.SZ,2022-10-27,0.0,143.19,143.58,143.19,1053.0,15101400.0,144.105
000858.SZ,2022-10-27,0.0,143.02,143.2,143.02,972.0,13911700.0,144.074
000858.SZ,2022-10-27,0.0,142.96,143.06,142.96,2362.0,33779000.0,143.998
000858.SZ,2022-10-27,0.0,143.0,143.01,142.95,1218.0,17416300.0,143.962
000858.SZ,2022-10-27,0.0,143.01,143.01,142.93,1136.0,16242600.0,143.931
000858.SZ,2022-10-27,0.0,143.28,143.32,143.0,1129.0,16151400.0,143.904
000858.SZ,2022-10-27,0.0,143.06,143.22,143.05,542.0,7756550.0,143.892
000858.SZ,2022-10-27,0.0,143.5,143.55,143.06,921.0,13196200.0,143.878
000858.SZ,2022-10-27,0.0,143.77,143.88,143.47,728.0,10463900.0,143.875
000858.SZ,2022-10-27,0.0,144.1,144.2,143.75,1160.0,16699200.0,143.877
000858.SZ,2022-10-27,0.0,143.77,144.2,143.77,565.0,8137220.0,143.879
000858.SZ,2022-10-27,0.0,143.79,144.0,143.7,728.0,10470900.0,143.879
000858.SZ,2022-10-27,0.0,143.36,143.73,143.3,788.0,11312300.0,143.873
000858.SZ,2022-10-27,0.0,143.49,143.66,143.37,509.0,7303600.0,143.868
000858.SZ,2022-10-27,0.0,143.55,143.61,143.51,576.0,8270030.0,143.864
000858.SZ,2022-10-27,0.0,143.8,143.8,143.55,426.0,6112320.0,143.862
000858.SZ,2022-10-27,0.0,143.62,143.75,143.55,596.0,8560010.0,143.859
000858.SZ,2022-10-27,0.0,143.58,143.64,143.53,237.0,3403060.0,143.857
000858.SZ,2022-10-27,0.0,143.4,143.59,143.4,604.0,8667310.0,143.852
000858.SZ,2022-10-27,0.0,143.15,143.37,143.13,520.0,7447510.0,143.845
000858.SZ,2022-10-27,0.0,143.7,143.73,143.2,732.0,10499500.0,143.839
000858.SZ,2022-10-27,0.0,143.47,143.75,143.3,642.0,9213320.0,143.834
000858.SZ,2022-10-27,0.0,143.5,143.55,143.42,345.0,4949680.0,143.832
000858.SZ,2022-10-27,0.0,143.16,143.51,143.15,872.0,12498100.0,143.822
000858.SZ,2022-10-27,0.0,143.2,143.25,143.15,553.0,7918680.0,143.815
000858.SZ,2022-10-27,0.0,143.2,143.23,143.19,537.0,7690480.0,143.809
000858.SZ,2022-10-27,0.0,143.44,143.49,143.21,545.0,7811450.0,143.803
000858.SZ,2022-10-27,0.0,143.34,143.48,143.3,284.0,4070740.0,143.8
000858.SZ,2022-10-27,0.0,143.37,143.41,143.33,322.0,4616340.0,143.797
000858.SZ,2022-10-27,0.0,143.39,143.4,143.38,376.0,5391460.0,143.794
000858.SZ,2022-10-27,0.0,143.31,143.39,143.3,458.0,6565710.0,143.79
000858.SZ,2022-10-27,0.0,143.29,143.32,143.22,533.0,7636000.0,143.785
000858.SZ,2022-10-27,0.0,143.29,143.35,143.27,506.0,7251320.0,143.78
000858.SZ,2022-10-27,0.0,143.33,143.36,143.27,366.0,5245320.0,143.777
000858.SZ,2022-10-27,0.0,143.25,143.35,143.25,491.0,7036250.0,143.773
000858.SZ,2022-10-27,0.0,143.16,143.24,143.15,566.0,8100830.0,143.766
000858.SZ,2022-10-27,0.0,143.11,143.17,143.11,486.0,6956400.0,143.761
000858.SZ,2022-10-27,0.0,143.01,143.11,143.01,850.0,12160200.0,143.75
000858.SZ,2022-10-27,0.0,142.96,143.01,142.96,1397.0,19976600.0,143.731
000858.SZ,2022-10-27,0.0,142.96,142.98,142.95,649.0,9278270.0,143.722
000858.SZ,2022-10-27,0.0,142.9,142.95,142.9,880.0,12576500.0,143.71
000858.SZ,2022-10-27,0.0,142.88,142.91,142.85,778.0,11116600.0,143.699
000858.SZ,2022-10-27,0.0,142.9,142.98,142.87,724.0,10347700.0,143.69
000858.SZ,2022-10-27,0.0,142.91,142.94,142.89,684.0,9774690.0,143.681
000858.SZ,2022-10-27,0.0,142.88,142.92,142.88,808.0,11546000.0,143.67
000858.SZ,2022-10-27,0.0,142.87,142.88,142.83,775.0,11071800.0,143.66
000858.SZ,2022-10-27,0.0,142.69,142.87,142.68,1353.0,19319400.0,143.642
000858.SZ,2022-10-27,0.0,142.65,142.7,142.62,846.0,12068800.0,143.628
000858.SZ,2022-10-27,0.0,142.8,142.8,142.64,573.0,8176290.0,143.62
000858.SZ,2022-10-27,0.0,142.88,142.9,142.79,642.0,9169060.0,143.612
000858.SZ,2022-10-27,0.0,142.73,142.9,142.73,978.0,13965500.0,143.6
000858.SZ,2022-10-27,0.0,142.7,142.75,142.69,661.0,9433680.0,143.591
000858.SZ,2022-10-27,0.0,142.51,142.68,142.51,1145.0,16329400.0,143.575
000858.SZ,2022-10-27,0.0,142.42,142.52,142.42,1120.0,15959500.0,143.557
000858.SZ,2022-10-27,0.0,142.2,142.42,142.2,841.0,11968800.0,143.542
000858.SZ,2022-10-27,0.0,142.05,142.2,142.05,855.0,12153300.0,143.525
000858.SZ,2022-10-27,0.0,142.22,142.22,142.03,956.0,13586400.0,143.507
000858.SZ,2022-10-27,0.0,142.32,142.32,142.22,844.0,12006500.0,143.492
000858.SZ,2022-10-27,0.0,142.32,142.35,142.3,559.0,7955650.0,143.483
000858.SZ,2022-10-27,0.0,142.26,142.33,142.24,568.0,8080900.0,143.474
000858.SZ,2022-10-27,0.0,142.42,142.42,142.26,949.0,13501000.0,143.459
000858.SZ,2022-10-27,0.0,142.28,142.45,142.28,561.0,7986060.0,143.451
000858.SZ,2022-10-27,0.0,142.26,142.3,142.24,510.0,7255510.0,143.443
000858.SZ,2022-10-27,0.0,142.24,142.28,142.2,474.0,6741970.0,143.435
000858.SZ,2022-10-27,0.0,142.11,142.23,142.1,647.0,9198960.0,143.425
000858.SZ,2022-10-27,0.0,142.06,142.11,142.04,829.0,11778200.0,143.41
000858.SZ,2022-10-27,0.0,142.03,142.06,142.01,994.0,14118300.0,143.393
000858.SZ,2022-10-27,0.0,141.96,142.03,141.9,3182.0,45184200.0,143.338
000858.SZ,2022-10-27,0.0,141.77,141.95,141.69,1135.0,16096500.0,143.318
000858.SZ,2022-10-27,0.0,141.75,141.75,141.6,1129.0,15992600.0,143.295
000858.SZ,2022-10-27,0.0,141.8,141.82,141.73,787.0,11155600.0,143.281
000858.SZ,2022-10-27,0.0,141.88,141.88,141.8,518.0,7347020.0,143.272
000858.SZ,2022-10-27,0.0,141.92,141.98,141.87,512.0,7266710.0,143.264
000858.SZ,2022-10-27,0.0,141.8,141.92,141.8,623.0,8837090.0,143.254
000858.SZ,2022-10-27,0.0,141.7,141.81,141.66,767.0,10871900.0,143.241
000858.SZ,2022-10-27,0.0,141.72,141.8,141.66,1217.0,17247700.0,143.22
000858.SZ,2022-10-27,0.0,141.66,141.74,141.66,1019.0,14437900.0,143.202
000858.SZ,2022-10-27,0.0,141.67,141.73,141.66,548.0,7764180.0,143.193
000858.SZ,2022-10-27,0.0,141.57,141.68,141.55,1511.0,21398700.0,143.167
000858.SZ,2022-10-27,0.0,141.67,141.74,141.51,961.0,13607200.0,143.151
000858.SZ,2022-10-27,0.0,141.69,141.75,141.65,570.0,8076860.0,143.142
000858.SZ,2022-10-27,0.0,141.51,141.7,141.5,1379.0,19524200.0,143.119
000858.SZ,2022-10-27,0.0,141.49,141.52,141.45,1206.0,17064500.0,143.098
000858.SZ,2022-10-27,0.0,141.45,141.49,141.45,565.0,7993130.0,143.089
000858.SZ,2022-10-27,0.0,141.31,141.45,141.3,787.0,11127500.0,143.075
000858.SZ,2022-10-27,0.0,141.02,141.28,141.02,1181.0,16670200.0,143.052
000858.SZ,2022-10-27,0.0,140.6,141.04,140.6,3101.0,43695900.0,142.986
000858.SZ,2022-10-27,0.0,140.68,140.74,140.55,2061.0,28981700.0,142.939
000858.SZ,2022-10-27,0.0,140.82,141.0,140.81,1012.0,14261300.0,142.919
000858.SZ,2022-10-27,0.0,141.0,141.0,140.74,1073.0,15107900.0,142.898
000858.SZ,2022-10-27,0.0,140.83,140.97,140.82,628.0,8846020.0,142.886
000858.SZ,2022-10-27,0.0,140.87,140.92,140.81,993.0,13985700.0,142.867
000858.SZ,2022-10-27,0.0,140.77,140.86,140.74,1017.0,14318500.0,142.847
000858.SZ,2022-10-27,0.0,140.74,140.8,140.73,758.0,10668500.0,142.833
000858.SZ,2022-10-27,0.0,140.73,140.77,140.73,657.0,9246810.0,142.82
000858.SZ,2022-10-27,0.0,140.46,140.73,140.44,2645.0,37179400.0,142.767
000858.SZ,2022-10-27,0.0,140.72,140.72,140.41,991.0,13928700.0,142.747
000858.SZ,2022-10-27,0.0,140.98,140.98,140.68,769.0,10824900.0,142.734
000858.SZ,2022-10-27,0.0,140.79,140.98,140.79,812.0,11442800.0,142.722
000858.SZ,2022-10-27,0.0,140.61,140.79,140.58,1038.0,14597900.0,142.703
000858.SZ,2022-10-27,0.0,140.67,140.71,140.61,751.0,10559700.0,142.69
000858.SZ,2022-10-27,0.0,140.29,140.82,140.25,4175.0,58691000.0,142.617
000858.SZ,2022-10-27,0.0,140.22,140.32,140.17,2700.0,37867100.0,142.565
000858.SZ,2022-10-27,0.0,140.01,140.2,140.0,1945.0,27240600.0,142.527
000858.SZ,2022-10-27,0.0,139.68,140.01,139.6,4782.0,66934200.0,142.433
000858.SZ,2022-10-27,0.0,139.21,139.58,139.13,2225.0,30997900.0,142.38
000858.SZ,2022-10-27,0.0,139.35,139.35,139.12,2106.0,29327300.0,142.331
000858.SZ,2022-10-27,0.0,139.01,139.32,139.0,2486.0,34597500.0,142.273
000858.SZ,2022-10-27,0.0,138.81,139.01,138.61,4584.0,63675500.0,142.164
000858.SZ,2022-10-27,0.0,138.82,138.82,138.5,2819.0,39108800.0,142.097
000858.SZ,2022-10-27,0.0,138.71,138.82,138.7,2019.0,28016300.0,142.051
000858.SZ,2022-10-27,0.0,138.51,138.7,138.5,2262.0,31354700.0,141.999
000858.SZ,2022-10-27,0.0,138.19,138.52,138.17,3905.0,54019500.0,141.905
000858.SZ,2022-10-27,0.0,138.4,138.4,138.22,2769.0,38287600.0,141.84
000858.SZ,2022-10-27,0.0,139.02,139.02,138.42,1988.0,27565900.0,141.8
000858.SZ,2022-10-27,0.0,139.1,139.2,138.93,2830.0,39357600.0,141.752
000858.SZ,2022-10-27,0.0,139.14,139.15,139.0,1371.0,19070200.0,141.729
000858.SZ,2022-10-27,0.0,138.98,139.16,138.98,1178.0,16383100.0,141.71
000858.SZ,2022-10-27,0.0,138.67,139.05,138.67,1456.0,20223500.0,141.685
000858.SZ,2022-10-27,0.0,138.52,138.65,138.52,1962.0,27193000.0,141.648
000858.SZ,2022-10-27,0.0,138.19,138.58,138.1,3118.0,43122200.0,141.587
000858.SZ,2022-10-27,0.0,138.43,138.53,138.01,2851.0,39410600.0,141.531
000858.SZ,2022-10-27,0.0,138.23,138.45,138.23,1051.0,14534900.0,141.511
000858.SZ,2022-10-27,0.0,138.27,138.3,138.23,1732.0,23939000.0,141.479
000858.SZ,2022-10-27,0.0,138.68,138.68,138.26,1744.0,24147700.0,141.449
000858.SZ,2022-10-27,0.0,138.8,138.81,138.65,865.0,12000800.0,141.436
000858.SZ,2022-10-27,0.0,138.84,138.86,138.7,1339.0,18584700.0,141.416
000858.SZ,2022-10-27,0.0,138.8,138.9,138.74,949.0,13174800.0,141.402
000858.SZ,2022-10-27,0.0,138.67,138.79,138.67,829.0,11500200.0,141.39
000858.SZ,2022-10-27,0.0,138.3,138.7,138.3,1233.0,17075600.0,141.37
000858.SZ,2022-10-27,0.0,138.19,138.31,138.17,1422.0,19656600.0,141.346
000858.SZ,2022-10-27,0.0,138.02,138.2,138.0,3163.0,43677300.0,141.29
000858.SZ,2022-10-27,0.0,138.0,138.04,138.0,4756.0,65637700.0,141.209
000858.SZ,2022-10-27,0.0,137.81,138.05,137.8,3089.0,42611500.0,141.157
000858.SZ,2022-10-27,0.0,137.69,137.8,137.67,2273.0,31308000.0,141.117
000858.SZ,2022-10-27,0.0,137.77,137.77,137.58,3522.0,48479500.0,141.056
000858.SZ,2022-10-27,0.0,137.93,137.99,137.77,2225.0,30680500.0,141.021
000858.SZ,2022-10-27,0.0,138.02,138.03,137.95,1820.0,25115100.0,140.994
000858.SZ,2022-10-27,0.0,137.82,138.02,137.81,1983.0,27337800.0,140.964
000858.SZ,2022-10-27,0.0,138.4,138.49,137.81,2238.0,30921600.0,140.934
000858.SZ,2022-10-27,0.0,138.48,138.6,138.3,2410.0,33377000.0,140.906
000858.SZ,2022-10-27,0.0,138.68,138.68,138.49,1387.0,19220900.0,140.891
000858.SZ,2022-10-27,0.0,138.62,138.69,138.61,1205.0,16707900.0,140.878
000858.SZ,2022-10-27,0.0,138.45,138.61,138.38,1291.0,17878500.0,140.864
000858.SZ,2022-10-27,0.0,138.19,138.43,138.15,884.0,12227600.0,140.854
000858.SZ,2022-10-27,0.0,138.09,138.33,138.0,2895.0,40004900.0,140.818
000858.SZ,2022-10-27,0.0,138.2,138.2,138.0,2171.0,29980900.0,140.791
000858.SZ,2022-10-27,0.0,138.8,138.8,138.33,2117.0,29330000.0,140.77
000858.SZ,2022-10-27,0.0,139.02,139.02,138.81,2533.0,35197100.0,140.749
000858.SZ,2022-10-27,0.0,139.16,139.21,139.02,2044.0,28441600.0,140.735
000858.SZ,2022-10-27,0.0,139.1,139.21,139.08,1453.0,20217100.0,140.725
000858.SZ,2022-10-27,0.0,138.92,139.04,138.88,1797.0,24976500.0,140.711
000858.SZ,2022-10-27,0.0,138.95,138.95,138.85,1278.0,17751900.0,140.701
000858.SZ,2022-10-27,0.0,139.25,139.25,138.98,2106.0,29288600.0,140.687
000858.SZ,2022-10-27,0.0,139.22,139.47,139.21,2046.0,28507300.0,140.675
000858.SZ,2022-10-27,0.0,139.21,139.28,139.2,1201.0,16724400.0,140.668
000858.SZ,2022-10-27,0.0,139.0,139.21,139.0,1203.0,16737400.0,140.66
000858.SZ,2022-10-27,0.0,138.66,138.95,138.66,1075.0,14924600.0,140.652
000858.SZ,2022-10-27,0.0,138.4,138.66,138.31,1381.0,19125500.0,140.64
000858.SZ,2022-10-27,0.0,138.37,138.4,138.31,1379.0,19081500.0,140.627
000858.SZ,2022-10-27,0.0,138.2,138.35,138.19,1325.0,18318300.0,140.614
000858.SZ,2022-10-27,0.0,138.1,138.2,138.05,1698.0,23448900.0,140.596
000858.SZ,2022-10-27,0.0,138.02,138.05,138.0,1691.0,23339300.0,140.579
000858.SZ,2022-10-27,0.0,138.02,138.02,138.0,1584.0,21861600.0,140.562
000858.SZ,2022-10-27,0.0,137.82,138.02,137.78,2710.0,37369600.0,140.534
000858.SZ,2022-10-27,0.0,137.72,137.84,137.71,1924.0,26513100.0,140.513
000858.SZ,2022-10-27,0.0,137.71,137.79,137.7,1678.0,23112200.0,140.494
000858.SZ,2022-10-27,0.0,137.71,137.75,137.69,2320.0,31949200.0,140.469
000858.SZ,2022-10-27,0.0,137.66,137.71,137.66,1654.0,22773200.0,140.452
000858.SZ,2022-10-27,0.0,137.65,137.68,137.65,1937.0,26665600.0,140.431
000858.SZ,2022-10-27,0.0,137.62,137.65,137.6,2435.0,33512200.0,140.405
000858.SZ,2022-10-27,0.0,137.58,137.62,137.58,3185.0,43825700.0,140.371
000858.SZ,2022-10-27,0.0,137.55,137.6,137.53,2379.0,32729700.0,140.346
000858.SZ,2022-10-27,0.0,137.46,137.55,137.42,2865.0,39395900.0,140.316
000858.SZ,2022-10-27,0.0,137.29,137.49,137.27,2027.0,27848100.0,140.295
000858.SZ,2022-10-27,0.0,137.03,137.28,137.02,2622.0,35959200.0,140.265
000858.SZ,2022-10-27,0.0,137.24,137.24,137.0,3917.0,53690600.0,140.22
000858.SZ,2022-10-27,0.0,137.36,137.38,137.21,2249.0,30883900.0,140.197
000858.SZ,2022-10-27,0.0,137.21,137.36,137.17,2078.0,28519600.0,140.176
000858.SZ,2022-10-27,0.0,137.1,137.26,137.1,2019.0,27693900.0,140.154
000858.SZ,2022-10-27,0.0,137.09,137.12,137.01,3109.0,42610100.0,140.121
000858.SZ,2022-10-27,0.0,137.38,137.42,137.1,2753.0,37781600.0,140.094
000858.SZ,2022-10-27,0.0,137.49,137.49,137.39,1181.0,16233600.0,140.083
000858.SZ,2022-10-27,0.0,137.38,137.49,137.35,1618.0,22232700.0,140.069
000858.SZ,2022-10-27,0.0,137.21,137.38,137.21,1439.0,19760500.0,140.055
000858.SZ,2022-10-27,0.0,137.16,137.22,137.1,1568.0,21506700.0,140.04
000858.SZ,2022-10-27,0.0,137.05,137.14,137.03,2261.0,30993600.0,140.018
000858.SZ,2022-10-27,0.0,137.01,137.05,137.0,2730.0,37406600.0,139.991
000858.SZ,2022-10-27,0.0,137.01,137.1,137.01,2679.0,36710900.0,139.965
000858.SZ,2022-10-27,0.0,137.02,137.04,137.0,1818.0,24910000.0,139.947
000858.SZ,2022-10-27,0.0,137.02,137.02,137.0,2114.0,28965800.0,139.927
000858.SZ,2022-10-27,0.0,137.01,137.05,137.0,2526.0,34612000.0,139.904
000858.SZ,2022-10-27,0.0,136.81,137.03,136.8,6240.0,85463600.0,139.846
000858.SZ,2022-10-27,0.0,136.92,137.05,136.76,3164.0,43310600.0,139.817
000858.SZ,2022-10-27,0.0,136.93,136.94,136.91,1975.0,27041100.0,139.799
000858.SZ,2022-10-27,0.0,136.84,136.93,136.84,1597.0,21861900.0,139.785
000858.SZ,2022-10-27,0.0,136.76,136.85,136.76,1862.0,25471400.0,139.768
000858.SZ,2022-10-27,0.0,136.66,136.77,136.65,2064.0,28215600.0,139.749
000858.SZ,2022-10-27,0.0,136.73,136.75,136.58,3085.0,42157300.0,139.72
000858.SZ,2022-10-27,0.0,137.01,137.01,136.73,1791.0,24513800.0,139.705
000858.SZ,2022-10-27,0.0,137.13,137.18,137.01,1871.0,25653900.0,139.69
000858.SZ,2022-10-27,0.0,137.2,137.29,137.1,1553.0,21300700.0,139.679
000858.SZ,2022-10-27,0.0,137.23,137.35,137.18,3096.0,42490000.0,139.656
000858.SZ,2022-10-27,0.0,137.01,137.26,136.99,1931.0,26480500.0,139.642
000858.SZ,2022-10-27,0.0,136.92,137.0,136.91,1276.0,17474800.0,139.632
000858.SZ,2022-10-27,0.0,136.89,136.93,136.89,1727.0,23644400.0,139.619
000858.SZ,2022-10-27,0.0,136.8,136.87,136.7,2149.0,29399100.0,139.601
000858.SZ,2022-10-27,0.0,136.87,136.88,136.8,1271.0,17393700.0,139.591
000858.SZ,2022-10-27,0.0,136.93,136.93,136.88,1334.0,18262000.0,139.581
000858.SZ,2022-10-27,0.0,136.92,136.95,136.91,1707.0,23374100.0,139.568
000858.SZ,2022-10-27,0.0,136.91,136.94,136.9,1711.0,23427400.0,139.555
000858.SZ,2022-10-27,0.0,136.9,136.92,136.9,2253.0,30845200.0,139.538
000858.SZ,2022-10-27,0.0,136.9,136.91,136.88,1913.0,26188100.0,139.524
000858.SZ,2022-10-27,0.0,136.92,136.92,136.9,1626.0,22262400.0,139.512
000858.SZ,2022-10-27,0.0,137.0,137.0,136.93,1829.0,25054500.0,139.5
000858.SZ,2022-10-27,0.0,137.08,137.14,136.99,1394.0,19102600.0,139.49
000858.SZ,2022-10-27,0.0,137.1,137.12,137.09,1962.0,26899500.0,139.477
000858.SZ,2022-10-27,0.0,137.1,137.1,137.01,1852.0,25387800.0,139.465
000858.SZ,2022-10-27,0.0,137.11,137.11,137.11,39.0,534714.0,139.465
000858.SZ,2022-10-27,0.0,137.11,137.11,137.11,0.0,0.0,139.465
000858.SZ,2022-10-27,0.0,137.1,137.1,137.1,3267.0,44791400.0,139.444
000858.SZ,2022-10-28,0.0,137.56,137.56,137.56,3616.0,49736900.0,137.56
000858.SZ,2022-10-28,0.0,138.37,139.3,137.43,12917.0,178852000.0,138.262
000858.SZ,2022-10-28,0.0,137.67,138.21,137.67,3685.0,50816300.0,138.196
000858.SZ,2022-10-28,0.0,138.25,138.25,137.18,4744.0,65269700.0,138.08
000858.SZ,2022-10-28,0.0,137.87,138.34,137.77,2722.0,37562500.0,138.072
000858.SZ,2022-10-28,0.0,136.53,137.87,136.51,2681.0,36796300.0,137.999
000858.SZ,2022-10-28,0.0,137.0,137.18,136.42,4154.0,56835900.0,137.857
000858.SZ,2022-10-28,0.0,136.31,137.06,136.3,3728.0,50955300.0,137.743
000858.SZ,2022-10-28,0.0,137.01,137.01,136.17,4622.0,63085000.0,137.608
000858.SZ,2022-10-28,0.0,136.81,137.14,136.79,2725.0,37322400.0,137.569
000858.SZ,2022-10-28,0.0,137.32,137.56,136.81,3009.0,41285400.0,137.547
000858.SZ,2022-10-28,0.0,138.0,138.19,137.5,4008.0,55305200.0,137.579
000858.SZ,2022-10-28,0.0,138.19,138.2,138.0,3176.0,43860300.0,137.609
000858.SZ,2022-10-28,0.0,138.5,138.8,138.18,3650.0,50580700.0,137.668
000858.SZ,2022-10-28,0.0,138.81,139.1,138.57,7785.0,108091000.0,137.805
000858.SZ,2022-10-28,0.0,138.63,138.92,138.61,2807.0,38958700.0,137.844
000858.SZ,2022-10-28,0.0,138.88,139.4,138.65,6242.0,86810896.0,137.945
000858.SZ,2022-10-28,0.0,139.46,139.5,138.86,3894.0,54205500.0,138.006
000858.SZ,2022-10-28,0.0,139.2,139.66,139.2,3589.0,50073500.0,138.071
000858.SZ,2022-10-28,0.0,138.92,139.24,138.91,2321.0,32269000.0,138.097
000858.SZ,2022-10-28,0.0,138.92,139.0,138.91,1878.0,26098100.0,138.116
000858.SZ,2022-10-28,0.0,139.2,139.2,138.81,3333.0,46339200.0,138.149
000858.SZ,2022-10-28,0.0,139.42,139.56,139.3,3152.0,43961700.0,138.193
000858.SZ,2022-10-28,0.0,138.97,139.41,138.96,3029.0,42138700.0,138.222
000858.SZ,2022-10-28,0.0,139.09,139.2,138.97,3043.0,42315600.0,138.247
000858.SZ,2022-10-28,0.0,139.25,139.3,139.04,2084.0,29018100.0,138.267
000858.SZ,2022-10-28,0.0,139.23,139.3,139.08,2409.0,33541700.0,138.289
000858.SZ,2022-10-28,0.0,139.26,139.26,139.1,1485.0,20668900.0,138.302
000858.SZ,2022-10-28,0.0,138.96,139.25,138.96,932.0,12963700.0,138.309
000858.SZ,2022-10-28,0.0,138.93,139.0,138.85,1764.0,24505000.0,138.318
000858.SZ,2022-10-28,0.0,139.19,139.36,139.0,2635.0,36683400.0,138.339
000858.SZ,2022-10-28,0.0,139.96,139.97,139.06,5221.0,72873600.0,138.395
000858.SZ,2022-10-28,0.0,139.77,139.9,139.72,1898.0,26547900.0,138.418
000858.SZ,2022-10-28,0.0,139.64,139.77,139.63,1427.0,19935300.0,138.433
000858.SZ,2022-10-28,0.0,139.01,139.63,139.0,825.0,11494600.0,138.439
000858.SZ,2022-10-28,0.0,139.02,139.02,138.93,971.0,13495200.0,138.444
000858.SZ,2022-10-28,0.0,139.1,139.29,138.96,1865.0,25926800.0,138.452
000858.SZ,2022-10-28,0.0,138.7,139.06,138.7,960.0,13334600.0,138.456
000858.SZ,2022-10-28,0.0,139.02,139.02,138.72,1484.0,20602400.0,138.46
000858.SZ,2022-10-28,0.0,139.09,139.19,139.05,963.0,13395700.0,138.465
000858.SZ,2022-10-28,0.0,139.22,139.22,139.05,1683.0,23412100.0,138.473
000858.SZ,2022-10-28,0.0,139.48,139.5,139.22,1375.0,19174000.0,138.484
000858.SZ,2022-10-28,0.0,139.57,139.57,139.44,3017.0,42088700.0,138.507
000858.SZ,2022-10-28,0.0,139.58,139.8,139.55,1717.0,23979400.0,138.521
000858.SZ,2022-10-28,0.0,139.22,139.58,139.22,661.0,9214780.0,138.526
000858.SZ,2022-10-28,0.0,139.0,139.2,138.9,608.0,8455210.0,138.528
000858.SZ,2022-10-28,0.0,139.06,139.13,138.89,818.0,11382000.0,138.531
000858.SZ,2022-10-28,0.0,138.86,139.01,138.84,604.0,8384820.0,138.533
000858.SZ,2022-10-28,0.0,138.98,139.0,138.84,467.0,6486750.0,138.534
000858.SZ,2022-10-28,0.0,138.89,138.98,138.87,562.0,7806850.0,138.536
000858.SZ,2022-10-28,0.0,138.98,139.0,138.9,675.0,9377940.0,138.538
000858.SZ,2022-10-28,0.0,138.8,139.04,138.8,1281.0,17794300.0,138.541
000858.SZ,2022-10-28,0.0,138.83,138.83,138.81,415.0,5761260.0,138.542
000858.SZ,2022-10-28,0.0,138.82,138.9,138.8,762.0,10578200.0,138.543
000858.SZ,2022-10-28,0.0,138.74,138.83,138.74,575.0,7981130.0,138.544
000858.SZ,2022-10-28,0.0,138.6,138.75,138.6,583.0,8083350.0,138.545
000858.SZ,2022-10-28,0.0,138.26,138.6,138.26,814.0,11270900.0,138.544
000858.SZ,2022-10-28,0.0,138.1,138.21,138.06,1802.0,24889800.0,138.539
000858.SZ,2022-10-28,0.0,138.0,138.11,138.0,1007.0,13902700.0,138.536
000858.SZ,2022-10-28,0.0,137.91,138.03,137.88,1280.0,17660000.0,138.531
000858.SZ,2022-10-28,0.0,138.0,138.01,137.96,715.0,9872240.0,138.528
000858.SZ,2022-10-28,0.0,138.06,138.11,138.01,965.0,13321800.0,138.525
000858.SZ,2022-10-28,0.0,138.02,138.05,138.0,602.0,8309420.0,138.523
000858.SZ,2022-10-28,0.0,137.98,138.05,137.98,845.0,11662000.0,138.52
000858.SZ,2022-10-28,0.0,137.95,137.97,137.95,489.0,6746180.0,138.519
000858.SZ,2022-10-28,0.0,137.92,137.95,137.91,375.0,5172410.0,138.517
000858.SZ,2022-10-28,0.0,138.15,138.15,137.9,688.0,9489750.0,138.515
000858.SZ,2022-10-28,0.0,138.15,138.29,138.07,716.0,9893550.0,138.513
000858.SZ,2022-10-28,0.0,137.9,138.15,137.9,743.0,10254500.0,138.511
000858.SZ,2022-10-28,0.0,137.53,137.88,137.51,861.0,11856300.0,138.506
000858.SZ,2022-10-28,0.0,137.37,137.5,137.34,862.0,11843800.0,138.5
000858.SZ,2022-10-28,0.0,137.6,137.6,137.4,1039.0,14284800.0,138.494
000858.SZ,2022-10-28,0.0,138.05,138.13,137.63,678.0,9355490.0,138.491
000858.SZ,2022-10-28,0.0,137.96,138.1,137.89,572.0,7892370.0,138.49
000858.SZ,2022-10-28,0.0,138.01,138.02,137.97,612.0,8445800.0,138.488
000858.SZ,2022-10-28,0.0,137.94,138.0,137.9,478.0,6594400.0,138.486
000858.SZ,2022-10-28,0.0,137.78,137.93,137.78,427.0,5886680.0,138.484
000858.SZ,2022-10-28,0.0,137.8,137.81,137.66,537.0,7397440.0,138.482
000858.SZ,2022-10-28,0.0,137.8,137.84,137.8,473.0,6518960.0,138.48
000858.SZ,2022-10-28,0.0,137.77,137.83,137.77,360.0,4960760.0,138.479
000858.SZ,2022-10-28,0.0,137.69,137.77,137.69,331.0,4558390.0,138.477
000858.SZ,2022-10-28,0.0,137.79,137.81,137.65,706.0,9725800.0,138.474
000858.SZ,2022-10-28,0.0,137.85,137.86,137.8,298.0,4107390.0,138.473
000858.SZ,2022-10-28,0.0,138.01,138.01,137.84,674.0,9298010.0,138.471
000858.SZ,2022-10-28,0.0,138.3,138.43,138.02,722.0,9976600.0,138.469
000858.SZ,2022-10-28,0.0,138.3,138.37,138.2,452.0,6251640.0,138.469
000858.SZ,2022-10-28,0.0,138.15,138.29,138.1,387.0,5347910.0,138.468
000858.SZ,2022-10-28,0.0,138.29,138.3,138.15,428.0,5915960.0,138.468
000858.SZ,2022-10-28,0.0,138.03,138.29,138.03,250.0,3454430.0,138.467
000858.SZ,2022-10-28,0.0,137.97,138.01,137.95,368.0,5077420.0,138.466
000858.SZ,2022-10-28,0.0,137.9,137.96,137.89,207.0,2855010.0,138.465
000858.SZ,2022-10-28,0.0,137.74,137.82,137.74,493.0,6792880.0,138.463
000858.SZ,2022-10-28,0.0,137.88,137.88,137.71,456.0,6282170.0,138.462
000858.SZ,2022-10-28,0.0,137.88,137.9,137.85,418.0,5763060.0,138.46
000858.SZ,2022-10-28,0.0,138.09,138.2,137.88,624.0,8614040.0,138.458
000858.SZ,2022-10-28,0.0,138.01,138.2,138.0,416.0,5744630.0,138.457
000858.SZ,2022-10-28,0.0,137.92,138.04,137.9,314.0,4331780.0,138.457
000858.SZ,2022-10-28,0.0,137.75,137.91,137.75,564.0,7773120.0,138.454
000858.SZ,2022-10-28,0.0,137.92,137.92,137.72,345.0,4754550.0,138.453
000858.SZ,2022-10-28,0.0,138.02,138.02,137.84,525.0,7240430.0,138.451
000858.SZ,2022-10-28,0.0,138.36,138.36,138.03,537.0,7422680.0,138.451
000858.SZ,2022-10-28,0.0,138.45,138.5,138.36,693.0,9595640.0,138.451
000858.SZ,2022-10-28,0.0,138.4,138.45,138.31,670.0,9273980.0,138.451
000858.SZ,2022-10-28,0.0,138.35,138.47,138.04,643.0,8898560.0,138.45
000858.SZ,2022-10-28,0.0,138.39,138.39,138.2,316.0,4371680.0,138.45
000858.SZ,2022-10-28,0.0,138.19,138.38,138.19,332.0,4592470.0,138.45
000858.SZ,2022-10-28,0.0,138.15,138.2,138.05,250.0,3453390.0,138.449
000858.SZ,2022-10-28,0.0,138.09,138.15,138.09,215.0,2969690.0,138.449
000858.SZ,2022-10-28,0.0,138.02,138.1,138.01,194.0,2678300.0,138.448
000858.SZ,2022-10-28,0.0,138.03,138.1,138.01,287.0,3961870.0,138.448
000858.SZ,2022-10-28,0.0,138.2,138.2,138.03,163.0,2251040.0,138.447
000858.SZ,2022-10-28,0.0,138.02,138.2,138.02,302.0,4167670.0,138.447
000858.SZ,2022-10-28,0.0,137.94,138.01,137.94,273.0,3767220.0,138.446
000858.SZ,2022-10-28,0.0,138.15,138.16,137.91,482.0,6659310.0,138.445
000858.SZ,2022-10-28,0.0,138.04,138.15,138.02,315.0,4349810.0,138.444
000858.SZ,2022-10-28,0.0,138.02,138.05,137.99,289.0,3986120.0,138.444
000858.SZ,2022-10-28,0.0,138.17,138.18,138.02,204.0,2817810.0,138.443
000858.SZ,2022-10-28,0.0,138.22,138.25,138.16,539.0,7448930.0,138.443
000858.SZ,2022-10-28,0.0,138.2,138.25,138.12,231.0,3192280.0,138.442
000858.SZ,2022-10-28,0.0,138.31,138.36,138.21,436.0,6024820.0,138.442
000858.SZ,2022-10-28,0.0,138.23,138.31,138.13,185.0,2557280.0,138.442
000858.SZ,2022-10-28,0.0,137.78,138.21,137.77,1029.0,14202300.0,138.439
000858.SZ,2022-10-28,0.0,137.68,137.77,137.68,287.0,3952860.0,138.438
000858.SZ,2022-10-28,0.0,137.8,137.81,137.66,515.0,7091980.0,138.436
000858.SZ,2022-10-28,0.0,137.76,137.81,137.73,222.0,3058770.0,138.435
000858.SZ,2022-10-28,0.0,137.72,137.76,137.72,311.0,4283640.0,138.434
000858.SZ,2022-10-28,0.0,137.68,137.72,137.68,360.0,4957370.0,138.432
000858.SZ,2022-10-28,0.0,137.56,137.67,137.56,372.0,5119930.0,138.431
000858.SZ,2022-10-28,0.0,137.37,137.56,137.37,683.0,9389760.0,138.427
000858.SZ,2022-10-28,0.0,137.23,137.36,137.23,632.0,8676190.0,138.423
000858.SZ,2022-10-28,0.0,137.36,137.36,137.23,752.0,10316800.0,138.418
000858.SZ,2022-10-28,0.0,137.43,137.43,137.32,501.0,6882500.0,138.416
000858.SZ,2022-10-28,0.0,137.63,137.63,137.43,333.0,4579160.0,138.414
000858.SZ,2022-10-28,0.0,137.63,137.73,137.62,632.0,8698660.0,138.411
000858.SZ,2022-10-28,0.0,137.41,137.62,137.4,506.0,6959730.0,138.409
000858.SZ,2022-10-28,0.0,137.39,137.4,137.29,860.0,11811700.0,138.404
000858.SZ,2022-10-28,0.0,137.59,137.59,137.47,622.0,8551980.0,138.401
000858.SZ,2022-10-28,0.0,137.72,137.72,137.6,347.0,4775560.0,138.4
000858.SZ,2022-10-28,0.0,137.62,137.72,137.62,499.0,6868760.0,138.398
000858.SZ,2022-10-28,0.0,137.67,137.7,137.61,409.0,5629560.0,138.396
000858.SZ,2022-10-28,0.0,137.61,137.67,137.61,387.0,5326810.0,138.394
000858.SZ,2022-10-28,0.0,137.38,137.62,137.35,543.0,7466510.0,138.392
000858.SZ,2022-10-28,0.0,137.23,137.38,137.23,622.0,8539580.0,138.388
000858.SZ,2022-10-28,0.0,137.1,137.24,137.1,1027.0,14090300.0,138.381
000858.SZ,2022-10-28,0.0,137.06,137.18,137.04,598.0,8198570.0,138.377
000858.SZ,2022-10-28,0.0,137.2,137.2,137.04,1048.0,14360700.0,138.37
000858.SZ,2022-10-28,0.0,137.49,137.52,137.2,784.0,10765700.0,138.366
000858.SZ,2022-10-28,0.0,137.46,137.5,137.45,354.0,4866820.0,138.365
000858.SZ,2022-10-28,0.0,137.28,137.46,137.28,419.0,5756600.0,138.362
000858.SZ,2022-10-28,0.0,137.23,137.33,137.23,399.0,5477130.0,138.36
000858.SZ,2022-10-28,0.0,137.09,137.26,137.09,578.0,7930440.0,138.357
000858.SZ,2022-10-28,0.0,137.17,137.22,137.08,515.0,7062490.0,138.354
000858.SZ,2022-10-28,0.0,137.32,137.41,137.2,659.0,9048650.0,138.35
000858.SZ,2022-10-28,0.0,137.45,137.45,137.32,302.0,4148940.0,138.349
000858.SZ,2022-10-28,0.0,137.48,137.56,137.45,618.0,8496740.0,138.346
000858.SZ,2022-10-28,0.0,137.43,137.5,137.4,490.0,6734550.0,138.344
000858.SZ,2022-10-28,0.0,137.5,137.5,137.42,437.0,6006960.0,138.342
000858.SZ,2022-10-28,0.0,137.44,137.5,137.43,541.0,7437470.0,138.339
000858.SZ,2022-10-28,0.0,137.26,137.47,137.26,610.0,8381280.0,138.336
000858.SZ,2022-10-28,0.0,137.29,137.32,137.26,281.0,3857710.0,138.335
000858.SZ,2022-10-28,0.0,137.19,137.27,137.18,814.0,11170000.0,138.33
000858.SZ,2022-10-28,0.0,137.11,137.2,137.11,566.0,7763250.0,138.327
000858.SZ,2022-10-28,0.0,137.01,137.08,137.0,1356.0,18577900.0,138.318
000858.SZ,2022-10-28,0.0,136.87,136.99,136.87,1677.0,22974700.0,138.307
000858.SZ,2022-10-28,0.0,136.77,136.88,136.77,1387.0,18976200.0,138.297
000858.SZ,2022-10-28,0.0,136.75,136.82,136.7,855.0,11694600.0,138.291
000858.SZ,2022-10-28,0.0,137.15,137.15,136.82,1066.0,14597700.0,138.284
000858.SZ,2022-10-28,0.0,136.85,137.17,136.85,807.0,11062000.0,138.279
000858.SZ,2022-10-28,0.0,137.0,137.02,136.85,1486.0,20350000.0,138.27
000858.SZ,2022-10-28,0.0,137.0,137.05,136.98,1031.0,14126800.0,138.264
000858.SZ,2022-10-28,0.0,137.0,137.05,136.98,517.0,7082420.0,138.261
000858.SZ,2022-10-28,0.0,137.16,137.16,137.0,337.0,4611890.0,138.259
000858.SZ,2022-10-28,0.0,137.25,137.26,137.16,437.0,5995750.0,138.256
000858.SZ,2022-10-28,0.0,137.25,137.27,137.23,486.0,6670440.0,138.254
000858.SZ,2022-10-28,0.0,137.24,137.26,137.23,416.0,5709300.0,138.252
000858.SZ,2022-10-28,0.0,137.41,137.41,137.24,512.0,7028980.0,138.25
000858.SZ,2022-10-28,0.0,137.67,137.67,137.45,464.0,6374760.0,138.248
000858.SZ,2022-10-28,0.0,137.94,137.94,137.68,596.0,8211500.0,138.247
000858.SZ,2022-10-28,0.0,137.96,138.0,137.95,709.0,9783060.0,138.246
000858.SZ,2022-10-28,0.0,137.7,137.95,137.7,455.0,6272300.0,138.245
000858.SZ,2022-10-28,0.0,137.61,137.71,137.6,265.0,3648680.0,138.245
000858.SZ,2022-10-28,0.0,137.76,137.79,137.54,590.0,8114610.0,138.243
000858.SZ,2022-10-28,0.0,137.89,137.9,137.7,606.0,8354360.0,138.242
000858.SZ,2022-10-28,0.0,138.1,138.18,137.88,1375.0,18973400.0,138.24
000858.SZ,2022-10-28,0.0,137.88,138.1,137.88,597.0,8241060.0,138.239
000858.SZ,2022-10-28,0.0,137.83,137.9,137.83,417.0,5748850.0,138.239
000858.SZ,2022-10-28,0.0,137.77,137.82,137.75,1110.0,15293900.0,138.236
000858.SZ,2022-10-28,0.0,137.98,137.98,137.79,319.0,4398320.0,138.236
000858.SZ,2022-10-28,0.0,137.81,137.95,137.81,425.0,5859640.0,138.235
000858.SZ,2022-10-28,0.0,137.75,137.8,137.73,289.0,3981010.0,138.235
000858.SZ,2022-10-28,0.0,137.72,137.75,137.69,297.0,4090410.0,138.234
000858.SZ,2022-10-28,0.0,137.68,137.72,137.68,251.0,3456350.0,138.233
000858.SZ,2022-10-28,0.0,137.64,137.69,137.58,231.0,3179590.0,138.233
000858.SZ,2022-10-28,0.0,137.63,137.64,137.55,312.0,4293130.0,138.232
000858.SZ,2022-10-28,0.0,137.46,137.58,137.46,634.0,8712080.0,138.23
000858.SZ,2022-10-28,0.0,137.51,137.51,137.43,304.0,4178540.0,138.229
000858.SZ,2022-10-28,0.0,137.55,137.55,137.49,406.0,5583290.0,138.227
000858.SZ,2022-10-28,0.0,137.61,137.65,137.51,560.0,7703050.0,138.226
000858.SZ,2022-10-28,0.0,137.4,137.65,137.4,626.0,8608280.0,138.224
000858.SZ,2022-10-28,0.0,137.35,137.4,137.34,378.0,5192600.0,138.222
000858.SZ,2022-10-28,0.0,137.31,137.35,137.31,599.0,8226640.0,138.22
000858.SZ,2022-10-28,0.0,137.65,137.65,137.3,653.0,8972760.0,138.218
000858.SZ,2022-10-28,0.0,137.7,137.7,137.63,518.0,7131420.0,138.216
000858.SZ,2022-10-28,0.0,137.59,137.74,137.59,434.0,5973920.0,138.215
000858.SZ,2022-10-28,0.0,137.67,137.7,137.54,480.0,6605200.0,138.214
000858.SZ,2022-10-28,0.0,137.92,137.92,137.67,583.0,8032270.0,138.213
000858.SZ,2022-10-28,0.0,138.06,138.11,137.91,1142.0,15762100.0,138.212
000858.SZ,2022-10-28,0.0,137.8,138.07,137.78,492.0,6786060.0,138.211
000858.SZ,2022-10-28,0.0,137.84,137.86,137.78,486.0,6698350.0,138.211
000858.SZ,2022-10-28,0.0,137.8,137.85,137.77,311.0,4282530.0,138.21
000858.SZ,2022-10-28,0.0,137.79,137.83,137.78,375.0,5167960.0,138.209
000858.SZ,2022-10-28,0.0,137.63,137.79,137.63,395.0,5440130.0,138.209
000858.SZ,2022-10-28,0.0,137.45,137.61,137.45,588.0,8078750.0,138.207
000858.SZ,2022-10-28,0.0,137.47,137.5,137.41,494.0,6789860.0,138.205
000858.SZ,2022-10-28,0.0,137.4,137.49,137.39,682.0,9372670.0,138.203
000858.SZ,2022-10-28,0.0,137.35,137.39,137.31,682.0,9367670.0,138.2
000858.SZ,2022-10-28,0.0,137.4,137.4,137.21,1684.0,23123100.0,138.194
000858.SZ,2022-10-28,0.0,137.85,137.85,137.39,608.0,8367160.0,138.193
000858.SZ,2022-10-28,0.0,137.77,137.85,137.77,638.0,8792040.0,138.191
000858.SZ,2022-10-28,0.0,137.8,137.8,137.76,579.0,7976910.0,138.19
000858.SZ,2022-10-28,0.0,137.8,137.85,137.79,674.0,9288310.0,138.189
000858.SZ,2022-10-28,0.0,137.77,137.8,137.77,771.0,10626100.0,138.188
000858.SZ,2022-10-28,0.0,137.68,137.78,137.68,708.0,9748220.0,138.187
000858.SZ,2022-10-28,0.0,137.57,137.68,137.56,526.0,7239100.0,138.185
000858.SZ,2022-10-28,0.0,137.48,137.57,137.4,866.0,11912500.0,138.183
000858.SZ,2022-10-28,0.0,137.48,137.51,137.47,803.0,11040000.0,138.181
000858.SZ,2022-10-28,0.0,137.53,137.54,137.48,677.0,9310950.0,138.179
000858.SZ,2022-10-28,0.0,137.49,137.54,137.49,750.0,10312800.0,138.177
000858.SZ,2022-10-28,0.0,137.48,137.49,137.48,1059.0,14559300.0,138.174
000858.SZ,2022-10-28,0.0,137.45,137.48,137.45,713.0,9801560.0,138.172
000858.SZ,2022-10-28,0.0,137.4,137.46,137.4,1216.0,16708600.0,138.168
000858.SZ,2022-10-28,0.0,137.4,137.45,137.34,1147.0,15750200.0,138.164
000858.SZ,2022-10-28,0.0,137.59,137.59,137.39,1138.0,15642900.0,138.161
000858.SZ,2022-10-28,0.0,137.59,137.62,137.56,884.0,12163700.0,138.159
000858.SZ,2022-10-28,0.0,137.57,137.59,137.56,1035.0,14239300.0,138.157
000858.SZ,2022-10-28,0.0,137.58,137.59,137.56,1096.0,15082700.0,138.154
000858.SZ,2022-10-28,0.0,137.57,137.59,137.57,1102.0,15160900.0,138.152
000858.SZ,2022-10-28,0.0,137.59,137.6,137.57,1113.0,15313100.0,138.149
000858.SZ,2022-10-28,0.0,137.58,137.58,137.58,71.0,976882.0,138.149
000858.SZ,2022-10-28,0.0,137.58,137.58,137.58,0.0,0.0,138.149
000858.SZ,2022-10-28,0.0,137.5,137.5,137.5,2332.0,32070400.0,138.143
000858.SZ,2022-10-31,0.0,135.2,135.2,135.2,1464.0,19793300.0,135.2
000858.SZ,2022-10-31,0.0,135.56,135.77,134.91,5579.0,75447696.0,135.226
000858.SZ,2022-10-31,0.0,135.21,135.51,135.13,2347.0,31757500.0,135.247
000858.SZ,2022-10-31,0.0,133.41,134.99,133.33,7729.0,103832000.0,134.838
000858.SZ,2022-10-31,0.0,132.47,133.67,132.38,5552.0,73864800.0,134.395
000858.SZ,2022-10-31,0.0,132.55,132.8,132.33,5288.0,70092800.0,134.046
000858.SZ,2022-10-31,0.0,133.28,133.28,132.55,4111.0,54603100.0,133.889
000858.SZ,2022-10-31,0.0,132.82,133.28,132.6,5239.0,69608304.0,133.746
000858.SZ,2022-10-31,0.0,133.25,133.28,132.88,2817.0,37485000.0,133.698
000858.SZ,2022-10-31,0.0,133.93,133.93,133.24,3529.0,47116900.0,133.683
000858.SZ,2022-10-31,0.0,133.0,133.9,133.0,2865.0,38269100.0,133.676
000858.SZ,2022-10-31,0.0,133.59,133.59,132.93,2243.0,29875800.0,133.654
000858.SZ,2022-10-31,0.0,133.81,133.9,133.65,1655.0,22137900.0,133.659
000858.SZ,2022-10-31,0.0,134.88,134.9,133.62,3070.0,41181000.0,133.687
000858.SZ,2022-10-31,0.0,135.13,135.13,134.77,2505.0,33792700.0,133.741
000858.SZ,2022-10-31,0.0,135.4,135.6,135.18,2065.0,27956400.0,133.799
000858.SZ,2022-10-31,0.0,135.3,135.41,135.21,1880.0,25422000.0,133.844
000858.SZ,2022-10-31,0.0,135.85,135.88,135.4,1966.0,26647400.0,133.897
000858.SZ,2022-10-31,0.0,135.5,136.05,135.5,2600.0,35324800.0,133.977
000858.SZ,2022-10-31,0.0,135.2,135.48,135.16,1033.0,13973900.0,133.997
000858.SZ,2022-10-31,0.0,134.97,135.3,134.97,978.0,13215900.0,134.014
000858.SZ,2022-10-31,0.0,135.16,135.16,134.92,899.0,12136200.0,134.027
000858.SZ,2022-10-31,0.0,135.68,135.68,135.17,1139.0,15407900.0,134.048
000858.SZ,2022-10-31,0.0,135.7,135.84,135.6,1223.0,16596100.0,134.077
000858.SZ,2022-10-31,0.0,136.12,136.14,135.77,1156.0,15717300.0,134.107
000858.SZ,2022-10-31,0.0,136.37,136.38,136.15,809.0,11021600.0,134.131
000858.SZ,2022-10-31,0.0,135.75,136.4,135.59,2214.0,30116700.0,134.188
000858.SZ,2022-10-31,0.0,135.84,135.88,135.69,1088.0,14776000.0,134.211
000858.SZ,2022-10-31,0.0,135.31,135.88,135.31,998.0,13531600.0,134.23
000858.SZ,2022-10-31,0.0,135.46,135.46,135.3,833.0,11278400.0,134.242
000858.SZ,2022-10-31,0.0,135.69,135.7,135.45,610.0,8266070.0,134.252
000858.SZ,2022-10-31,0.0,135.81,135.84,135.51,846.0,11474600.0,134.267
000858.SZ,2022-10-31,0.0,135.93,135.99,135.81,455.0,6181790.0,134.277
000858.SZ,2022-10-31,0.0,135.71,135.99,135.71,873.0,11863500.0,134.294
000858.SZ,2022-10-31,0.0,135.75,135.88,135.71,775.0,10521000.0,134.308
000858.SZ,2022-10-31,0.0,135.33,135.78,135.33,685.0,9289630.0,134.319
000858.SZ,2022-10-31,0.0,135.08,135.33,135.06,654.0,8840140.0,134.326
000858.SZ,2022-10-31,0.0,134.96,135.07,134.96,1702.0,22977700.0,134.34
000858.SZ,2022-10-31,0.0,134.85,134.95,134.85,463.0,6245730.0,134.343
000858.SZ,2022-10-31,0.0,134.83,134.88,134.81,937.0,12627000.0,134.348
000858.SZ,2022-10-31,0.0,135.0,135.0,134.84,1362.0,18373400.0,134.358
000858.SZ,2022-10-31,0.0,134.93,134.98,134.92,632.0,8528630.0,134.362
000858.SZ,2022-10-31,0.0,134.03,134.94,134.03,1457.0,19592400.0,134.364
000858.SZ,2022-10-31,0.0,134.3,134.38,134.03,1295.0,17382900.0,134.362
000858.SZ,2022-10-31,0.0,134.29,134.37,134.2,1358.0,18233100.0,134.361
000858.SZ,2022-10-31,0.0,134.3,134.41,134.2,681.0,9144270.0,134.36
000858.SZ,2022-10-31,0.0,134.13,134.31,134.13,834.0,11195100.0,134.359
000858.SZ,2022-10-31,0.0,134.16,134.22,134.13,652.0,8747360.0,134.358
000858.SZ,2022-10-31,0.0,134.01,134.28,134.0,1167.0,15652000.0,134.355
000858.SZ,2022-10-31,0.0,133.95,134.0,133.88,1363.0,18259700.0,134.349
000858.SZ,2022-10-31,0.0,133.95,133.97,133.91,572.0,7661450.0,134.347
000858.SZ,2022-10-31,0.0,133.61,133.94,133.5,1356.0,18130800.0,134.338
000858.SZ,2022-10-31,0.0,133.93,133.97,133.61,780.0,10435700.0,134.333
000858.SZ,2022-10-31,0.0,133.94,133.99,133.94,551.0,7384450.0,134.331
000858.SZ,2022-10-31,0.0,133.95,133.99,133.9,396.0,5304850.0,134.33
000858.SZ,2022-10-31,0.0,134.23,134.23,133.94,1381.0,18513000.0,134.326
000858.SZ,2022-10-31,0.0,133.87,134.22,133.48,1631.0,21822900.0,134.318
000858.SZ,2022-10-31,0.0,134.16,134.19,133.86,813.0,10900600.0,134.316
000858.SZ,2022-10-31,0.0,134.24,134.24,134.16,475.0,6374230.0,134.316
000858.SZ,2022-10-31,0.0,134.0,134.3,133.86,1115.0,14959300.0,134.314
000858.SZ,2022-10-31,0.0,134.25,134.3,134.05,319.0,4280440.0,134.314
000858.SZ,2022-10-31,0.0,134.36,134.36,134.08,637.0,8550360.0,134.313
000858.SZ,2022-10-31,0.0,134.4,134.4,133.88,1174.0,15752100.0,134.312
000858.SZ,2022-10-31,0.0,135.07,135.07,134.37,1322.0,17799800.0,134.316
000858.SZ,2022-10-31,0.0,135.14,135.14,134.9,959.0,12947000.0,134.322
000858.SZ,2022-10-31,0.0,135.4,135.4,135.14,1258.0,17014400.0,134.332
000858.SZ,2022-10-31,0.0,135.54,135.58,135.39,770.0,10427000.0,134.34
000858.SZ,2022-10-31,0.0,135.26,135.58,135.23,1584.0,21456300.0,134.356
000858.SZ,2022-10-31,0.0,134.85,135.23,134.68,985.0,13299300.0,134.361
000858.SZ,2022-10-31,0.0,134.75,134.88,134.75,475.0,6403260.0,134.363
000858.SZ,2022-10-31,0.0,134.85,134.97,134.71,777.0,10465300.0,134.366
000858.SZ,2022-10-31,0.0,134.79,134.91,134.65,523.0,7049570.0,134.368
000858.SZ,2022-10-31,0.0,134.69,134.79,134.68,734.0,9887850.0,134.37
000858.SZ,2022-10-31,0.0,134.65,134.69,134.52,831.0,11188300.0,134.372
000858.SZ,2022-10-31,0.0,134.8,134.83,134.5,917.0,12344500.0,134.374
000858.SZ,2022-10-31,0.0,134.18,134.79,134.18,1090.0,14662700.0,134.376
000858.SZ,2022-10-31,0.0,134.45,134.54,134.21,580.0,7794260.0,134.376
000858.SZ,2022-10-31,0.0,134.63,134.64,134.45,626.0,8420480.0,134.376
000858.SZ,2022-10-31,0.0,134.54,134.63,134.52,313.0,4211560.0,134.377
000858.SZ,2022-10-31,0.0,134.75,134.76,134.54,517.0,6960630.0,134.378
000858.SZ,2022-10-31,0.0,134.91,134.91,134.71,351.0,4731770.0,134.379
000858.SZ,2022-10-31,0.0,134.72,134.91,134.64,563.0,7590020.0,134.381
000858.SZ,2022-10-31,0.0,134.81,134.81,134.7,271.0,3651610.0,134.382
000858.SZ,2022-10-31,0.0,134.75,134.9,134.72,594.0,8008240.0,134.384
000858.SZ,2022-10-31,0.0,134.61,134.75,134.6,696.0,9372220.0,134.386
000858.SZ,2022-10-31,0.0,134.68,134.68,134.59,376.0,5063900.0,134.387
000858.SZ,2022-10-31,0.0,134.39,134.67,134.39,435.0,5850300.0,134.387
000858.SZ,2022-10-31,0.0,134.43,134.43,134.35,258.0,3467180.0,134.387
000858.SZ,2022-10-31,0.0,134.37,134.43,134.35,418.0,5617010.0,134.387
000858.SZ,2022-10-31,0.0,134.37,134.38,134.36,223.0,2996310.0,134.387
000858.SZ,2022-10-31,0.0,134.35,134.37,134.33,452.0,6073160.0,134.387
000858.SZ,2022-10-31,0.0,134.36,134.39,134.33,672.0,9028400.0,134.387
000858.SZ,2022-10-31,0.0,134.39,134.4,134.36,1346.0,18089400.0,134.387
000858.SZ,2022-10-31,0.0,134.37,134.39,134.32,382.0,5133390.0,134.387
000858.SZ,2022-10-31,0.0,134.38,134.38,134.35,325.0,4367070.0,134.387
000858.SZ,2022-10-31,0.0,134.38,134.39,134.3,416.0,5588740.0,134.387
000858.SZ,2022-10-31,0.0,134.38,134.39,134.33,878.0,11798900.0,134.387
000858.SZ,2022-10-31,0.0,134.36,134.41,134.36,809.0,10868900.0,134.387
000858.SZ,2022-10-31,0.0,134.37,134.38,134.35,333.0,4479210.0,134.387
000858.SZ,2022-10-31,0.0,134.38,134.39,134.35,1012.0,13595200.0,134.386
000858.SZ,2022-10-31,0.0,134.44,134.44,134.39,443.0,5954020.0,134.386
000858.SZ,2022-10-31,0.0,134.8,134.8,134.46,430.0,5790630.0,134.387
000858.SZ,2022-10-31,0.0,135.0,135.0,134.81,818.0,11040600.0,134.391
000858.SZ,2022-10-31,0.0,135.04,135.04,134.98,1486.0,20053700.0,134.398
000858.SZ,2022-10-31,0.0,135.45,135.45,135.03,457.0,6181570.0,134.4
000858.SZ,2022-10-31,0.0,135.44,135.5,135.37,917.0,12419000.0,134.407
000858.SZ,2022-10-31,0.0,135.25,135.45,135.2,686.0,9287830.0,134.412
000858.SZ,2022-10-31,0.0,135.12,135.25,135.1,364.0,4919940.0,134.414
000858.SZ,2022-10-31,0.0,135.08,135.12,135.04,441.0,5957530.0,134.416
000858.SZ,2022-10-31,0.0,134.94,135.09,134.94,516.0,6974010.0,134.419
000858.SZ,2022-10-31,0.0,134.85,134.94,134.81,237.0,3196070.0,134.419
000858.SZ,2022-10-31,0.0,134.61,134.85,134.61,537.0,7235360.0,134.421
000858.SZ,2022-10-31,0.0,134.48,134.61,134.48,631.0,8488100.0,134.421
000858.SZ,2022-10-31,0.0,134.39,134.47,134.35,524.0,7042500.0,134.421
000858.SZ,2022-10-31,0.0,134.39,134.4,134.38,313.0,4206350.0,134.421
000858.SZ,2022-10-31,0.0,134.4,134.4,134.38,376.0,5053110.0,134.421
000858.SZ,2022-10-31,0.0,134.26,134.4,134.26,587.0,7883710.0,134.42
000858.SZ,2022-10-31,0.0,134.22,134.27,134.22,307.0,4121440.0,134.42
000858.SZ,2022-10-31,0.0,134.21,134.23,134.2,439.0,5891970.0,134.419
000858.SZ,2022-10-31,0.0,134.18,134.21,134.18,366.0,4911410.0,134.419
000858.SZ,2022-10-31,0.0,134.28,134.28,134.2,487.0,6536920.0,134.418
000858.SZ,2022-10-31,0.0,134.12,134.35,134.12,1655.0,22218300.0,134.416
000858.SZ,2022-10-31,0.0,134.02,134.1,134.0,472.0,6326050.0,134.415
000858.SZ,2022-10-31,0.0,134.12,134.12,134.0,619.0,8296020.0,134.413
000858.SZ,2022-10-31,0.0,133.88,134.15,133.88,968.0,12970000.0,134.411
000858.SZ,2022-10-31,0.0,133.81,133.89,133.8,472.0,6318140.0,134.409
000858.SZ,2022-10-31,0.0,133.97,134.05,133.78,1827.0,24473000.0,134.403
000858.SZ,2022-10-31,0.0,134.33,134.36,133.97,425.0,5702190.0,134.403
000858.SZ,2022-10-31,0.0,134.35,134.37,134.29,541.0,7265200.0,134.402
000858.SZ,2022-10-31,0.0,134.36,134.42,134.35,555.0,7457660.0,134.402
000858.SZ,2022-10-31,0.0,134.33,134.4,134.32,309.0,4152040.0,134.402
000858.SZ,2022-10-31,0.0,134.22,134.35,134.18,538.0,7224190.0,134.402
000858.SZ,2022-10-31,0.0,134.14,134.22,134.13,324.0,4347140.0,134.401
000858.SZ,2022-10-31,0.0,134.08,134.17,134.08,235.0,3152030.0,134.401
000858.SZ,2022-10-31,0.0,134.02,134.08,134.01,306.0,4101880.0,134.4
000858.SZ,2022-10-31,0.0,133.8,134.01,133.8,438.0,5864050.0,134.398
000858.SZ,2022-10-31,0.0,133.77,133.82,133.77,473.0,6328350.0,134.397
000858.SZ,2022-10-31,0.0,133.78,133.78,133.75,455.0,6088540.0,134.395
000858.SZ,2022-10-31,0.0,133.74,133.79,133.74,607.0,8117560.0,134.392
000858.SZ,2022-10-31,0.0,133.79,133.79,133.75,329.0,4400680.0,134.391
000858.SZ,2022-10-31,0.0,133.75,133.8,133.74,437.0,5846050.0,134.389
000858.SZ,2022-10-31,0.0,133.82,133.86,133.76,391.0,5232190.0,134.388
000858.SZ,2022-10-31,0.0,133.85,133.86,133.8,262.0,3506410.0,134.387
000858.SZ,2022-10-31,0.0,133.61,133.86,133.6,1180.0,15786900.0,134.382
000858.SZ,2022-10-31,0.0,133.43,133.61,133.43,880.0,11748200.0,134.377
000858.SZ,2022-10-31,0.0,133.34,133.4,133.23,1423.0,18971200.0,134.368
000858.SZ,2022-10-31,0.0,133.44,133.47,133.3,777.0,10366500.0,134.363
000858.SZ,2022-10-31,0.0,133.49,133.5,133.45,797.0,10639100.0,134.359
000858.SZ,2022-10-31,0.0,133.39,133.49,133.38,619.0,8260470.0,134.355
000858.SZ,2022-10-31,0.0,133.4,133.41,133.36,586.0,7816770.0,134.352
000858.SZ,2022-10-31,0.0,133.47,133.47,133.39,456.0,6083750.0,134.349
000858.SZ,2022-10-31,0.0,133.8,133.85,133.45,2812.0,37552000.0,134.335
000858.SZ,2022-10-31,0.0,133.99,134.0,133.79,312.0,4177080.0,134.335
000858.SZ,2022-10-31,0.0,134.12,134.16,134.01,469.0,6289790.0,134.334
000858.SZ,2022-10-31,0.0,134.15,134.15,133.97,468.0,6272480.0,134.333
000858.SZ,2022-10-31,0.0,134.66,134.66,134.18,497.0,6680090.0,134.333
000858.SZ,2022-10-31,0.0,134.85,134.98,134.66,918.0,12381100.0,134.336
000858.SZ,2022-10-31,0.0,134.39,134.84,134.39,468.0,6298150.0,134.337
000858.SZ,2022-10-31,0.0,134.18,134.36,134.16,463.0,6214100.0,134.337
000858.SZ,2022-10-31,0.0,134.2,134.2,134.16,387.0,5193120.0,134.336
000858.SZ,2022-10-31,0.0,134.14,134.23,134.13,403.0,5407800.0,134.336
000858.SZ,2022-10-31,0.0,133.95,134.11,133.91,312.0,4180920.0,134.335
000858.SZ,2022-10-31,0.0,133.88,133.92,133.88,306.0,4097500.0,134.335
000858.SZ,2022-10-31,0.0,133.83,133.89,133.81,323.0,4323340.0,134.334
000858.SZ,2022-10-31,0.0,133.92,133.93,133.81,463.0,6197420.0,134.332
000858.SZ,2022-10-31,0.0,133.9,133.99,133.9,423.0,5665630.0,134.331
000858.SZ,2022-10-31,0.0,133.81,133.89,133.81,483.0,6465180.0,134.33
000858.SZ,2022-10-31,0.0,133.62,133.82,133.62,275.0,3677790.0,134.329
000858.SZ,2022-10-31,0.0,133.77,133.8,133.6,314.0,4197100.0,134.328
000858.SZ,2022-10-31,0.0,133.77,133.8,133.76,291.0,3893090.0,134.327
000858.SZ,2022-10-31,0.0,133.66,133.78,133.66,377.0,5041750.0,134.326
000858.SZ,2022-10-31,0.0,133.62,133.7,133.6,418.0,5586570.0,134.324
000858.SZ,2022-10-31,0.0,133.64,133.64,133.6,480.0,6413820.0,134.322
000858.SZ,2022-10-31,0.0,133.7,133.7,133.63,337.0,4503950.0,134.321
000858.SZ,2022-10-31,0.0,133.62,133.77,133.62,519.0,6939390.0,134.319
000858.SZ,2022-10-31,0.0,133.64,133.76,133.62,312.0,4170830.0,134.318
000858.SZ,2022-10-31,0.0,133.7,133.76,133.63,979.0,13092800.0,134.314
000858.SZ,2022-10-31,0.0,133.6,133.72,133.6,635.0,8487740.0,134.312
000858.SZ,2022-10-31,0.0,133.61,133.62,133.6,466.0,6225970.0,134.31
000858.SZ,2022-10-31,0.0,133.75,133.76,133.59,499.0,6668910.0,134.308
000858.SZ,2022-10-31,0.0,133.77,133.8,133.77,276.0,3692470.0,134.308
000858.SZ,2022-10-31,0.0,133.79,133.79,133.66,405.0,5416390.0,134.306
000858.SZ,2022-10-31,0.0,134.21,134.23,133.85,656.0,8785400.0,134.305
000858.SZ,2022-10-31,0.0,134.22,134.3,134.21,371.0,4980100.0,134.305
000858.SZ,2022-10-31,0.0,133.8,134.22,133.8,311.0,4168790.0,134.304
000858.SZ,2022-10-31,0.0,133.79,133.8,133.7,919.0,12291600.0,134.302
000858.SZ,2022-10-31,0.0,133.7,133.79,133.7,344.0,4601240.0,134.3
000858.SZ,2022-10-31,0.0,133.6,133.69,133.6,366.0,4891720.0,134.299
000858.SZ,2022-10-31,0.0,133.52,133.62,133.52,361.0,4822400.0,134.298
000858.SZ,2022-10-31,0.0,133.52,133.55,133.51,359.0,4793710.0,134.296
000858.SZ,2022-10-31,0.0,133.53,133.54,133.5,819.0,10937200.0,134.293
000858.SZ,2022-10-31,0.0,133.47,133.54,133.45,459.0,6125380.0,134.291
000858.SZ,2022-10-31,0.0,133.38,133.46,133.38,624.0,8326040.0,134.288
000858.SZ,2022-10-31,0.0,133.15,133.39,133.15,815.0,10861800.0,134.283
000858.SZ,2022-10-31,0.0,133.14,133.19,133.1,729.0,9705800.0,134.279
000858.SZ,2022-10-31,0.0,133.1,133.15,133.1,773.0,10290300.0,134.274
000858.SZ,2022-10-31,0.0,133.33,133.33,133.09,627.0,8346560.0,134.27
000858.SZ,2022-10-31,0.0,133.51,133.52,133.28,318.0,4242020.0,134.269
000858.SZ,2022-10-31,0.0,133.34,133.52,133.34,572.0,7630760.0,134.266
000858.SZ,2022-10-31,0.0,133.4,133.4,133.32,477.0,6361000.0,134.264
000858.SZ,2022-10-31,0.0,133.39,133.4,133.35,316.0,4214930.0,134.262
000858.SZ,2022-10-31,0.0,133.33,133.39,133.32,406.0,5414240.0,134.26
000858.SZ,2022-10-31,0.0,133.4,133.43,133.3,721.0,9618920.0,134.257
000858.SZ,2022-10-31,0.0,133.42,133.42,133.35,619.0,8252270.0,134.254
000858.SZ,2022-10-31,0.0,133.41,133.42,133.4,382.0,5096280.0,134.253
000858.SZ,2022-10-31,0.0,133.56,133.57,133.41,709.0,9463560.0,134.25
000858.SZ,2022-10-31,0.0,133.54,133.57,133.53,277.0,3699630.0,134.249
000858.SZ,2022-10-31,0.0,133.56,133.57,133.52,402.0,5368480.0,134.247
000858.SZ,2022-10-31,0.0,133.65,133.66,133.55,946.0,12637800.0,134.244
000858.SZ,2022-10-31,0.0,133.5,133.66,133.5,608.0,8119340.0,134.242
000858.SZ,2022-10-31,0.0,133.4,133.48,133.4,675.0,9010200.0,134.239
000858.SZ,2022-10-31,0.0,133.39,133.43,133.39,752.0,10034300.0,134.236
000858.SZ,2022-10-31,0.0,133.38,133.4,133.34,917.0,12228400.0,134.232
000858.SZ,2022-10-31,0.0,133.5,133.56,133.36,679.0,9060390.0,134.229
000858.SZ,2022-10-31,0.0,133.42,133.5,133.4,466.0,6218230.0,134.227
000858.SZ,2022-10-31,0.0,133.37,133.41,133.36,697.0,9297720.0,134.224
000858.SZ,2022-10-31,0.0,133.31,133.37,133.3,546.0,7279660.0,134.222
000858.SZ,2022-10-31,0.0,133.2,133.31,133.2,961.0,12800600.0,134.217
000858.SZ,2022-10-31,0.0,133.4,133.43,133.21,1352.0,18022800.0,134.211
000858.SZ,2022-10-31,0.0,133.47,133.52,133.39,752.0,10035600.0,134.208
000858.SZ,2022-10-31,0.0,133.37,133.45,133.37,538.0,7177300.0,134.206
000858.SZ,2022-10-31,0.0,133.29,133.36,133.29,646.0,8612480.0,134.203
000858.SZ,2022-10-31,0.0,133.26,133.3,133.24,899.0,11981100.0,134.199
000858.SZ,2022-10-31,0.0,133.25,133.26,133.24,875.0,11658300.0,134.195
000858.SZ,2022-10-31,0.0,133.23,133.25,133.21,770.0,10255600.0,134.191
000858.SZ,2022-10-31,0.0,133.22,133.23,133.2,1215.0,16185800.0,134.186
000858.SZ,2022-10-31,0.0,133.46,133.46,133.23,1612.0,21486500.0,134.179
000858.SZ,2022-10-31,0.0,133.5,133.54,133.4,932.0,12435600.0,134.176
000858.SZ,2022-10-31,0.0,133.54,133.54,133.5,575.0,7677300.0,134.174
000858.SZ,2022-10-31,0.0,133.4,133.58,133.4,1307.0,17451300.0,134.17
000858.SZ,2022-10-31,0.0,133.58,133.58,133.38,894.0,11939600.0,134.167
000858.SZ,2022-10-31,0.0,133.49,133.58,133.49,854.0,11397000.0,134.165
000858.SZ,2022-10-31,0.0,133.39,133.49,133.36,1029.0,13727100.0,134.161
000858.SZ,2022-10-31,0.0,133.52,133.52,133.38,2266.0,30232700.0,134.153
000858.SZ,2022-10-31,0.0,133.42,133.52,133.4,1088.0,14525400.0,134.15
000858.SZ,2022-10-31,0.0,133.4,133.41,133.38,2178.0,29059000.0,134.143
000858.SZ,2022-10-31,0.0,133.4,133.45,133.36,1808.0,24118100.0,134.136
000858.SZ,2022-10-31,0.0,133.46,133.5,133.39,1221.0,16293700.0,134.133
000858.SZ,2022-10-31,0.0,133.5,133.5,133.5,73.0,974259.0,134.132
000858.SZ,2022-10-31,0.0,133.5,133.5,133.5,0.0,0.0,134.132
000858.SZ,2022-10-31,0.0,133.5,133.5,133.5,3302.0,44081700.0,134.123
000858.SZ,2022-11-01,0.0,135.55,135.55,135.55,1400.0,18977000.0,135.55
000858.SZ,2022-11-01,0.0,134.53,135.53,134.26,6052.0,81722000.0,135.136
000858.SZ,2022-11-01,0.0,134.42,134.51,134.16,4233.0,56905400.0,134.878
000858.SZ,2022-11-01,0.0,135.03,135.03,134.37,3484.0,46927200.0,134.832
000858.SZ,2022-11-01,0.0,134.55,135.22,134.44,2817.0,37991400.0,134.838
000858.SZ,2022-11-01,0.0,134.26,134.82,134.26,3897.0,52461500.0,134.799
000858.SZ,2022-11-01,0.0,133.55,134.23,133.41,4131.0,55249400.0,134.631
000858.SZ,2022-11-01,0.0,134.5,134.5,133.53,4813.0,64436900.0,134.514
000858.SZ,2022-11-01,0.0,134.11,134.5,134.11,2818.0,37853300.0,134.498
000858.SZ,2022-11-01,0.0,134.88,134.88,134.0,2718.0,36540800.0,134.494
000858.SZ,2022-11-01,0.0,134.88,134.88,134.7,2167.0,29216100.0,134.512
000858.SZ,2022-11-01,0.0,135.05,135.3,134.78,2986.0,40335700.0,134.553
000858.SZ,2022-11-01,0.0,135.35,135.38,135.15,3047.0,41223700.0,134.604
000858.SZ,2022-11-01,0.0,134.9,135.4,134.9,2815.0,38051000.0,134.638
000858.SZ,2022-11-01,0.0,135.15,135.2,134.75,1831.0,24732000.0,134.654
000858.SZ,2022-11-01,0.0,134.98,135.19,134.98,1930.0,26082800.0,134.672
000858.SZ,2022-11-01,0.0,135.32,135.35,134.99,2805.0,37932100.0,134.701
000858.SZ,2022-11-01,0.0,135.41,135.49,135.3,4253.0,57594800.0,134.754
000858.SZ,2022-11-01,0.0,136.03,136.04,135.39,4777.0,64863000.0,134.832
000858.SZ,2022-11-01,0.0,135.8,136.09,135.8,2697.0,36677700.0,134.88
000858.SZ,2022-11-01,0.0,135.67,135.83,135.5,2113.0,28671600.0,134.905
000858.SZ,2022-11-01,0.0,136.07,136.07,135.6,2266.0,30795700.0,134.937
000858.SZ,2022-11-01,0.0,135.82,136.07,135.63,2179.0,29613000.0,134.966
000858.SZ,2022-11-01,0.0,136.0,136.05,135.87,1937.0,26340800.0,134.993
000858.SZ,2022-11-01,0.0,136.12,136.2,135.9,3180.0,43262700.0,135.036
000858.SZ,2022-11-01,0.0,136.4,136.45,136.12,1636.0,22292400.0,135.062
000858.SZ,2022-11-01,0.0,136.84,136.88,136.44,3795.0,51860800.0,135.135
000858.SZ,2022-11-01,0.0,136.75,136.97,136.62,2732.0,37359000.0,135.186
000858.SZ,2022-11-01,0.0,136.94,137.03,136.9,3380.0,46302600.0,135.255
000858.SZ,2022-11-01,0.0,137.1,137.1,136.88,3471.0,47539800.0,135.319
000858.SZ,2022-11-01,0.0,137.34,137.34,137.02,2085.0,28602400.0,135.36
000858.SZ,2022-11-01,0.0,137.98,138.0,137.36,4849.0,66804000.0,135.477
000858.SZ,2022-11-01,0.0,138.35,138.51,138.01,3242.0,44849500.0,135.567
000858.SZ,2022-11-01,0.0,138.36,138.44,138.3,4915.0,68009600.0,135.695
000858.SZ,2022-11-01,0.0,138.64,138.66,138.36,3094.0,42837000.0,135.772
000858.SZ,2022-11-01,0.0,138.77,138.9,138.7,4653.0,64569200.0,135.893
000858.SZ,2022-11-01,0.0,138.09,138.76,138.09,3499.0,48421300.0,135.967
000858.SZ,2022-11-01,0.0,138.61,138.61,138.04,3406.0,47128500.0,136.034
000858.SZ,2022-11-01,0.0,138.4,138.64,138.2,2556.0,35393000.0,136.084
000858.SZ,2022-11-01,0.0,138.53,138.53,138.37,2047.0,28335100.0,136.122
000858.SZ,2022-11-01,0.0,138.69,138.7,138.53,1549.0,21476500.0,136.152
000858.SZ,2022-11-01,0.0,138.88,138.9,138.7,2495.0,34634200.0,136.203
000858.SZ,2022-11-01,0.0,139.2,139.2,138.89,3867.0,53753300.0,136.283
000858.SZ,2022-11-01,0.0,139.37,139.45,139.2,2480.0,34558500.0,136.339
000858.SZ,2022-11-01,0.0,139.42,139.42,139.18,2832.0,39450800.0,136.399
000858.SZ,2022-11-01,0.0,139.58,139.6,139.45,2154.0,30052700.0,136.446
000858.SZ,2022-11-01,0.0,139.38,139.65,139.38,4313.0,60183100.0,136.537
000858.SZ,2022-11-01,0.0,139.43,139.43,139.31,4456.0,62092300.0,136.62
000858.SZ,2022-11-01,0.0,139.8,139.8,139.42,3209.0,44795600.0,136.682
000858.SZ,2022-11-01,0.0,139.96,139.96,139.8,2220.0,31055500.0,136.728
000858.SZ,2022-11-01,0.0,140.33,140.34,139.97,6406.0,89736200.0,136.86
000858.SZ,2022-11-01,0.0,139.89,140.49,139.89,2617.0,36714300.0,136.914
000858.SZ,2022-11-01,0.0,139.61,139.85,139.59,1717.0,23995600.0,136.943
000858.SZ,2022-11-01,0.0,139.35,139.59,139.35,1493.0,20815300.0,136.965
000858.SZ,2022-11-01,0.0,138.84,139.31,138.84,2110.0,29349800.0,136.992
000858.SZ,2022-11-01,0.0,138.91,138.91,138.7,2209.0,30657700.0,137.015
000858.SZ,2022-11-01,0.0,139.22,139.22,138.9,1091.0,15170600.0,137.027
000858.SZ,2022-11-01,0.0,139.0,139.24,138.85,2247.0,31240400.0,137.053
000858.SZ,2022-11-01,0.0,138.68,139.0,138.68,989.0,13731900.0,137.063
000858.SZ,2022-11-01,0.0,138.51,138.68,138.45,1854.0,25683400.0,137.078
000858.SZ,2022-11-01,0.0,138.79,138.79,138.52,1107.0,15350000.0,137.088
000858.SZ,2022-11-01,0.0,138.77,139.04,138.77,2022.0,28086500.0,137.108
000858.SZ,2022-11-01,0.0,138.99,139.0,138.81,787.0,10930300.0,137.115
000858.SZ,2022-11-01,0.0,139.05,139.05,138.98,859.0,11940600.0,137.124
000858.SZ,2022-11-01,0.0,139.22,139.23,139.06,584.0,8127910.0,137.131
000858.SZ,2022-11-01,0.0,139.07,139.28,139.06,1492.0,20759200.0,137.147
000858.SZ,2022-11-01,0.0,139.1,139.11,139.03,686.0,9540370.0,137.154
000858.SZ,2022-11-01,0.0,139.5,139.5,139.12,1068.0,14880300.0,137.166
000858.SZ,2022-11-01,0.0,139.88,139.88,139.51,941.0,13143600.0,137.179
000858.SZ,2022-11-01,0.0,139.94,140.0,139.9,4163.0,58271700.0,137.239
000858.SZ,2022-11-01,0.0,140.06,140.06,139.87,2307.0,32286100.0,137.271
000858.SZ,2022-11-01,0.0,139.86,140.14,139.82,1567.0,21938900.0,137.293
000858.SZ,2022-11-01,0.0,139.89,139.93,139.82,1350.0,18885300.0,137.311
000858.SZ,2022-11-01,0.0,139.8,139.89,139.8,932.0,13034400.0,137.323
000858.SZ,2022-11-01,0.0,139.6,139.78,139.6,1247.0,17416700.0,137.337
000858.SZ,2022-11-01,0.0,139.5,139.59,139.5,907.0,12655300.0,137.347
000858.SZ,2022-11-01,0.0,139.37,139.49,139.35,916.0,12770400.0,137.357
000858.SZ,2022-11-01,0.0,139.47,139.5,139.4,1197.0,16691000.0,137.369
000858.SZ,2022-11-01,0.0,139.53,139.55,139.47,644.0,8984450.0,137.376
000858.SZ,2022-11-01,0.0,139.85,139.85,139.54,803.0,11217300.0,137.385
000858.SZ,2022-11-01,0.0,139.81,139.92,139.79,906.0,12672400.0,137.396
000858.SZ,2022-11-01,0.0,139.69,139.75,139.6,1008.0,14080000.0,137.407
000858.SZ,2022-11-01,0.0,139.6,139.66,139.58,857.0,11965500.0,137.416
000858.SZ,2022-11-01,0.0,140.14,140.14,139.62,3835.0,53673800.0,137.462
000858.SZ,2022-11-01,0.0,140.19,140.35,140.14,3050.0,42784500.0,137.502
000858.SZ,2022-11-01,0.0,139.95,140.28,139.9,1565.0,21927400.0,137.521
000858.SZ,2022-11-01,0.0,139.86,139.96,139.8,918.0,12844100.0,137.531
000858.SZ,2022-11-01,0.0,139.73,139.86,139.64,913.0,12759200.0,137.541
000858.SZ,2022-11-01,0.0,139.66,139.73,139.65,602.0,8409340.0,137.547
000858.SZ,2022-11-01,0.0,139.62,139.66,139.6,542.0,7568500.0,137.552
000858.SZ,2022-11-01,0.0,139.59,139.63,139.58,697.0,9730830.0,137.558
000858.SZ,2022-11-01,0.0,139.6,139.6,139.56,718.0,10021900.0,137.565
000858.SZ,2022-11-01,0.0,139.4,139.58,139.4,745.0,10395000.0,137.572
000858.SZ,2022-11-01,0.0,139.43,139.45,139.4,654.0,9118220.0,137.577
000858.SZ,2022-11-01,0.0,139.54,139.54,139.42,571.0,7971180.0,137.582
000858.SZ,2022-11-01,0.0,139.63,139.68,139.58,754.0,10528000.0,137.589
000858.SZ,2022-11-01,0.0,139.49,139.63,139.46,880.0,12280700.0,137.597
000858.SZ,2022-11-01,0.0,139.33,139.45,139.33,497.0,6927690.0,137.6
000858.SZ,2022-11-01,0.0,139.08,139.3,139.08,821.0,11429100.0,137.606
000858.SZ,2022-11-01,0.0,139.0,139.05,138.98,1095.0,15221500.0,137.613
000858.SZ,2022-11-01,0.0,139.29,139.29,139.01,1159.0,16128100.0,137.621
000858.SZ,2022-11-01,0.0,139.36,139.36,139.26,714.0,9947130.0,137.626
000858.SZ,2022-11-01,0.0,139.24,139.41,139.24,1074.0,14968600.0,137.634
000858.SZ,2022-11-01,0.0,139.3,139.33,139.24,530.0,7382830.0,137.638
000858.SZ,2022-11-01,0.0,139.31,139.31,139.28,446.0,6212790.0,137.642
000858.SZ,2022-11-01,0.0,138.88,139.31,138.88,1176.0,16362300.0,137.649
000858.SZ,2022-11-01,0.0,138.77,138.85,138.76,604.0,8383720.0,137.652
000858.SZ,2022-11-01,0.0,138.76,138.76,138.71,722.0,10017000.0,137.656
000858.SZ,2022-11-01,0.0,138.72,138.75,138.72,498.0,6908700.0,137.658
000858.SZ,2022-11-01,0.0,138.88,138.88,138.73,357.0,4955070.0,137.66
000858.SZ,2022-11-01,0.0,138.96,139.0,138.85,496.0,6891180.0,137.662
000858.SZ,2022-11-01,0.0,138.68,138.9,138.68,568.0,7883070.0,137.665
000858.SZ,2022-11-01,0.0,138.66,138.69,138.66,636.0,8819630.0,137.668
000858.SZ,2022-11-01,0.0,138.69,138.69,138.66,342.0,4742950.0,137.669
000858.SZ,2022-11-01,0.0,138.9,138.9,138.69,325.0,4509990.0,137.671
000858.SZ,2022-11-01,0.0,138.98,138.98,138.92,407.0,5653960.0,137.673
000858.SZ,2022-11-01,0.0,138.89,139.0,138.8,516.0,7170390.0,137.676
000858.SZ,2022-11-01,0.0,138.53,138.9,138.52,665.0,9221040.0,137.678
000858.SZ,2022-11-01,0.0,138.52,138.53,138.5,467.0,6468380.0,137.68
000858.SZ,2022-11-01,0.0,138.52,138.53,138.51,418.0,5789920.0,137.682
000858.SZ,2022-11-01,0.0,138.58,138.59,138.51,390.0,5402950.0,137.683
000858.SZ,2022-11-01,0.0,138.63,138.65,138.55,1693.0,23462500.0,137.689
000858.SZ,2022-11-01,0.0,138.84,138.84,138.59,427.0,5922520.0,137.691
000858.SZ,2022-11-01,0.0,139.12,139.12,138.93,601.0,8355980.0,137.694
000858.SZ,2022-11-01,0.0,139.23,139.28,139.05,697.0,9701880.0,137.699
000858.SZ,2022-11-01,0.0,139.01,139.23,139.01,895.0,12446400.0,137.704
000858.SZ,2022-11-01,0.0,139.12,139.16,139.02,538.0,7482940.0,137.707
000858.SZ,2022-11-01,0.0,139.23,139.23,139.06,531.0,7389120.0,137.71
000858.SZ,2022-11-01,0.0,139.32,139.32,139.2,674.0,9386590.0,137.714
000858.SZ,2022-11-01,0.0,139.41,139.41,139.31,614.0,8556660.0,137.718
000858.SZ,2022-11-01,0.0,139.47,139.48,139.4,691.0,9634950.0,137.723
000858.SZ,2022-11-01,0.0,139.68,139.71,139.48,1236.0,17254000.0,137.733
000858.SZ,2022-11-01,0.0,139.6,139.69,139.47,1098.0,15322200.0,137.741
000858.SZ,2022-11-01,0.0,139.69,139.7,139.6,664.0,9273670.0,137.746
000858.SZ,2022-11-01,0.0,139.71,139.75,139.68,842.0,11765400.0,137.752
000858.SZ,2022-11-01,0.0,139.81,139.81,139.72,1074.0,15011100.0,137.761
000858.SZ,2022-11-01,0.0,139.56,139.78,139.56,1436.0,20052600.0,137.772
000858.SZ,2022-11-01,0.0,139.4,139.54,139.4,640.0,8924760.0,137.776
000858.SZ,2022-11-01,0.0,139.74,139.74,139.4,974.0,13584200.0,137.782
000858.SZ,2022-11-01,0.0,139.92,139.92,139.74,1385.0,19368100.0,137.794
000858.SZ,2022-11-01,0.0,139.8,139.91,139.78,726.0,10152800.0,137.799
000858.SZ,2022-11-01,0.0,139.87,139.87,139.76,804.0,11240000.0,137.806
000858.SZ,2022-11-01,0.0,139.79,139.93,139.79,873.0,12209800.0,137.813
000858.SZ,2022-11-01,0.0,139.67,139.77,139.67,428.0,5980310.0,137.816
000858.SZ,2022-11-01,0.0,139.87,139.88,139.67,816.0,11411700.0,137.822
000858.SZ,2022-11-01,0.0,139.8,139.86,139.79,544.0,7606440.0,137.826
000858.SZ,2022-11-01,0.0,139.77,139.8,139.77,468.0,6541920.0,137.83
000858.SZ,2022-11-01,0.0,139.5,139.77,139.5,567.0,7920670.0,137.834
000858.SZ,2022-11-01,0.0,139.25,139.5,139.25,468.0,6524160.0,137.837
000858.SZ,2022-11-01,0.0,139.13,139.29,139.13,633.0,8812370.0,137.84
000858.SZ,2022-11-01,0.0,139.04,139.14,139.04,742.0,10319200.0,137.843
000858.SZ,2022-11-01,0.0,138.86,139.05,138.83,820.0,11398300.0,137.847
000858.SZ,2022-11-01,0.0,138.98,138.98,138.85,645.0,8957510.0,137.85
000858.SZ,2022-11-01,0.0,139.0,139.0,138.93,520.0,7226420.0,137.852
000858.SZ,2022-11-01,0.0,139.21,139.21,139.03,418.0,5809460.0,137.854
000858.SZ,2022-11-01,0.0,139.22,139.31,139.2,820.0,11416600.0,137.858
000858.SZ,2022-11-01,0.0,139.39,139.39,139.22,686.0,9556110.0,137.862
000858.SZ,2022-11-01,0.0,139.45,139.45,139.37,466.0,6492270.0,137.864
000858.SZ,2022-11-01,0.0,139.6,139.6,139.45,605.0,8442530.0,137.868
000858.SZ,2022-11-01,0.0,139.7,139.7,139.57,654.0,9131040.0,137.873
000858.SZ,2022-11-01,0.0,139.84,139.84,139.69,1027.0,14354800.0,137.88
000858.SZ,2022-11-01,0.0,139.87,139.93,139.84,1519.0,21248500.0,137.891
000858.SZ,2022-11-01,0.0,139.89,139.93,139.86,1098.0,15360700.0,137.899
000858.SZ,2022-11-01,0.0,139.86,139.92,139.86,1097.0,15347300.0,137.907
000858.SZ,2022-11-01,0.0,139.7,139.8,139.7,581.0,8120350.0,137.911
000858.SZ,2022-11-01,0.0,139.82,139.85,139.68,594.0,8304930.0,137.915
000858.SZ,2022-11-01,0.0,139.74,139.81,139.7,525.0,7338370.0,137.919
000858.SZ,2022-11-01,0.0,139.95,139.96,139.74,1480.0,20703600.0,137.929
000858.SZ,2022-11-01,0.0,139.9,139.95,139.9,1162.0,16263600.0,137.938
000858.SZ,2022-11-01,0.0,139.89,139.95,139.89,725.0,10144400.0,137.943
000858.SZ,2022-11-01,0.0,139.93,139.93,139.83,756.0,10575000.0,137.948
000858.SZ,2022-11-01,0.0,139.96,140.0,139.93,1780.0,24915600.0,137.961
000858.SZ,2022-11-01,0.0,140.1,140.19,139.95,3521.0,49317000.0,137.987
000858.SZ,2022-11-01,0.0,140.16,140.16,140.08,1157.0,16216700.0,137.996
000858.SZ,2022-11-01,0.0,140.08,140.14,140.08,682.0,9556310.0,138.001
000858.SZ,2022-11-01,0.0,140.1,140.1,140.05,926.0,12970200.0,138.008
000858.SZ,2022-11-01,0.0,140.18,140.2,140.07,1725.0,24176800.0,138.021
000858.SZ,2022-11-01,0.0,140.28,140.28,140.19,1001.0,14034200.0,138.028
000858.SZ,2022-11-01,0.0,140.15,140.29,140.14,747.0,10481300.0,138.034
000858.SZ,2022-11-01,0.0,140.18,140.24,140.01,849.0,11893900.0,138.04
000858.SZ,2022-11-01,0.0,140.1,140.18,140.09,360.0,5044870.0,138.043
000858.SZ,2022-11-01,0.0,140.01,140.09,140.0,527.0,7379360.0,138.046
000858.SZ,2022-11-01,0.0,140.0,140.02,140.0,884.0,12376200.0,138.052
000858.SZ,2022-11-01,0.0,140.01,140.02,140.0,642.0,8988350.0,138.056
000858.SZ,2022-11-01,0.0,139.99,140.01,139.98,363.0,5082100.0,138.059
000858.SZ,2022-11-01,0.0,140.0,140.0,139.91,554.0,7753670.0,138.062
000858.SZ,2022-11-01,0.0,140.06,140.06,140.0,519.0,7267460.0,138.066
000858.SZ,2022-11-01,0.0,140.22,140.22,140.04,1051.0,14728500.0,138.073
000858.SZ,2022-11-01,0.0,140.25,140.25,140.21,751.0,10530900.0,138.079
000858.SZ,2022-11-01,0.0,140.25,140.28,140.24,900.0,12622800.0,138.085
000858.SZ,2022-11-01,0.0,140.21,140.27,140.2,853.0,11963000.0,138.091
000858.SZ,2022-11-01,0.0,140.25,140.28,140.22,604.0,8474420.0,138.096
000858.SZ,2022-11-01,0.0,140.24,140.27,140.23,549.0,7699860.0,138.1
000858.SZ,2022-11-01,0.0,140.28,140.28,140.24,742.0,10407700.0,138.105
000858.SZ,2022-11-01,0.0,140.31,140.31,140.28,1306.0,18328900.0,138.115
000858.SZ,2022-11-01,0.0,140.36,140.38,140.32,865.0,12139500.0,138.121
000858.SZ,2022-11-01,0.0,140.48,140.48,140.38,1896.0,26624700.0,138.135
000858.SZ,2022-11-01,0.0,140.42,140.49,140.41,1209.0,16983700.0,138.145
000858.SZ,2022-11-01,0.0,140.37,140.44,140.37,630.0,8845090.0,138.149
000858.SZ,2022-11-01,0.0,140.38,140.4,140.35,791.0,11103300.0,138.155
000858.SZ,2022-11-01,0.0,140.45,140.45,140.39,1063.0,14925800.0,138.163
000858.SZ,2022-11-01,0.0,140.46,140.47,140.45,1020.0,14327400.0,138.17
000858.SZ,2022-11-01,0.0,140.48,140.48,140.47,881.0,12375800.0,138.177
000858.SZ,2022-11-01,0.0,140.5,140.53,140.48,2568.0,36079400.0,138.196
000858.SZ,2022-11-01,0.0,140.79,140.8,140.54,1956.0,27510600.0,138.211
000858.SZ,2022-11-01,0.0,141.0,141.0,140.8,3427.0,48305000.0,138.241
000858.SZ,2022-11-01,0.0,141.16,141.19,141.0,1425.0,20105300.0,138.253
000858.SZ,2022-11-01,0.0,141.0,141.2,141.0,2916.0,41141700.0,138.279
000858.SZ,2022-11-01,0.0,141.18,141.18,140.99,1734.0,24455100.0,138.294
000858.SZ,2022-11-01,0.0,141.3,141.32,141.18,1596.0,22541300.0,138.308
000858.SZ,2022-11-01,0.0,141.47,141.5,141.32,1493.0,21112600.0,138.322
000858.SZ,2022-11-01,0.0,141.33,141.5,141.3,2814.0,39795600.0,138.349
000858.SZ,2022-11-01,0.0,141.29,141.32,141.28,998.0,14101700.0,138.358
000858.SZ,2022-11-01,0.0,141.45,141.46,141.28,1206.0,17046100.0,138.368
000858.SZ,2022-11-01,0.0,141.59,141.63,141.44,2872.0,40650300.0,138.396
000858.SZ,2022-11-01,0.0,141.54,141.6,141.4,2046.0,28955500.0,138.415
000858.SZ,2022-11-01,0.0,141.89,141.9,141.57,2467.0,34960900.0,138.439
000858.SZ,2022-11-01,0.0,141.66,142.0,141.66,4116.0,58422100.0,138.481
000858.SZ,2022-11-01,0.0,141.53,141.66,141.51,1136.0,16082700.0,138.491
000858.SZ,2022-11-01,0.0,141.6,141.64,141.53,2615.0,37025000.0,138.514
000858.SZ,2022-11-01,0.0,141.64,141.64,141.6,1091.0,15449900.0,138.524
000858.SZ,2022-11-01,0.0,141.78,141.79,141.67,1167.0,16541200.0,138.534
000858.SZ,2022-11-01,0.0,141.98,141.98,141.79,982.0,13934600.0,138.544
000858.SZ,2022-11-01,0.0,141.97,141.99,141.97,1863.0,26450700.0,138.562
000858.SZ,2022-11-01,0.0,141.98,142.0,141.98,1689.0,23982000.0,138.578
000858.SZ,2022-11-01,0.0,142.09,142.1,141.98,3682.0,52284900.0,138.614
000858.SZ,2022-11-01,0.0,142.04,142.14,142.0,1589.0,22575800.0,138.629
000858.SZ,2022-11-01,0.0,142.13,142.15,142.01,1581.0,22462300.0,138.644
000858.SZ,2022-11-01,0.0,142.15,142.17,142.07,1736.0,24677800.0,138.661
000858.SZ,2022-11-01,0.0,142.37,142.39,142.16,1980.0,28163500.0,138.68
000858.SZ,2022-11-01,0.0,142.46,142.55,142.38,2728.0,38864700.0,138.708
000858.SZ,2022-11-01,0.0,142.47,142.48,142.41,2240.0,31906700.0,138.731
000858.SZ,2022-11-01,0.0,142.35,142.49,142.32,3458.0,49253700.0,138.765
000858.SZ,2022-11-01,0.0,142.45,142.45,142.35,2478.0,35280000.0,138.789
000858.SZ,2022-11-01,0.0,142.47,142.49,142.44,2058.0,29320600.0,138.809
000858.SZ,2022-11-01,0.0,142.5,142.5,142.46,2957.0,42136700.0,138.837
000858.SZ,2022-11-01,0.0,142.47,142.5,142.44,3158.0,44990500.0,138.867
000858.SZ,2022-11-01,0.0,142.5,142.51,142.46,2323.0,33100500.0,138.889
000858.SZ,2022-11-01,0.0,142.5,142.5,142.5,136.0,1937900.0,138.89
000858.SZ,2022-11-01,0.0,142.5,142.5,142.5,0.0,0.0,138.89
000858.SZ,2022-11-01,0.0,142.58,142.58,142.58,5210.0,74284200.0,138.939
000858.SZ,2022-11-02,0.0,142.0,142.0,142.0,2824.0,40100800.0,142.0
000858.SZ,2022-11-02,0.0,141.4,141.79,140.8,6903.0,97758896.0,141.729
000858.SZ,2022-11-02,0.0,141.62,141.62,140.85,6280.0,88632896.0,141.493
000858.SZ,2022-11-02,0.0,142.6,142.68,141.66,5619.0,79893800.0,141.67
000858.SZ,2022-11-02,0.0,142.0,142.85,142.0,5605.0,79882304.0,141.845
000858.SZ,2022-11-02,0.0,142.5,142.5,142.0,3842.0,54600500.0,141.878
000858.SZ,2022-11-02,0.0,142.55,142.95,142.51,3639.0,51956300.0,141.972
000858.SZ,2022-11-02,0.0,141.9,142.55,141.9,2155.0,30662000.0,141.991
000858.SZ,2022-11-02,0.0,141.38,141.8,141.38,2574.0,36440600.0,141.963
000858.SZ,2022-11-02,0.0,141.29,141.37,141.0,2662.0,37566700.0,141.91
000858.SZ,2022-11-02,0.0,141.88,141.88,141.2,2608.0,36887600.0,141.883
000858.SZ,2022-11-02,0.0,141.59,141.94,141.52,2361.0,33473400.0,141.878
000858.SZ,2022-11-02,0.0,142.03,142.03,141.59,1785.0,25322100.0,141.877
000858.SZ,2022-11-02,0.0,142.1,142.31,142.03,2297.0,32656700.0,141.89
000858.SZ,2022-11-02,0.0,142.43,142.46,142.01,1934.0,27505500.0,141.903
000858.SZ,2022-11-02,0.0,142.39,142.5,142.39,1785.0,25426600.0,141.921
000858.SZ,2022-11-02,0.0,142.37,142.43,142.3,1317.0,18751300.0,141.932
000858.SZ,2022-11-02,0.0,141.88,142.3,141.87,2334.0,33164800.0,141.937
000858.SZ,2022-11-02,0.0,141.68,141.92,141.68,1455.0,20636400.0,141.935
000858.SZ,2022-11-02,0.0,142.07,142.2,141.67,1331.0,18891500.0,141.935
000858.SZ,2022-11-02,0.0,142.01,142.09,141.96,1534.0,21784000.0,141.936
000858.SZ,2022-11-02,0.0,141.85,141.95,141.8,1061.0,15055700.0,141.936
000858.SZ,2022-11-02,0.0,141.38,141.9,141.38,2059.0,29169600.0,141.927
000858.SZ,2022-11-02,0.0,141.15,141.34,141.15,1519.0,21454100.0,141.912
000858.SZ,2022-11-02,0.0,141.15,141.18,141.03,2066.0,29153200.0,141.888
000858.SZ,2022-11-02,0.0,141.32,141.35,141.2,1390.0,19638600.0,141.876
000858.SZ,2022-11-02,0.0,141.41,141.41,141.26,1223.0,17284900.0,141.866
000858.SZ,2022-11-02,0.0,141.4,141.58,141.38,1861.0,26328100.0,141.857
000858.SZ,2022-11-02,0.0,141.48,141.55,141.4,634.0,8972660.0,141.853
000858.SZ,2022-11-02,0.0,141.38,141.48,141.38,793.0,11213800.0,141.849
000858.SZ,2022-11-02,0.0,141.11,141.38,141.11,1821.0,25713600.0,141.834
000858.SZ,2022-11-02,0.0,140.72,141.1,140.7,3974.0,56018500.0,141.791
000858.SZ,2022-11-02,0.0,140.74,140.74,140.58,2621.0,36876400.0,141.756
000858.SZ,2022-11-02,0.0,140.78,140.8,140.71,957.0,13470600.0,141.744
000858.SZ,2022-11-02,0.0,140.44,140.78,140.44,2461.0,34616100.0,141.714
000858.SZ,2022-11-02,0.0,140.1,140.44,140.08,1656.0,23227300.0,141.686
000858.SZ,2022-11-02,0.0,140.12,140.13,140.06,2372.0,33234400.0,141.645
000858.SZ,2022-11-02,0.0,140.4,140.4,140.12,921.0,12914900.0,141.631
000858.SZ,2022-11-02,0.0,140.74,140.74,140.4,576.0,8096120.0,141.625
000858.SZ,2022-11-02,0.0,140.89,140.89,140.75,690.0,9715880.0,141.619
000858.SZ,2022-11-02,0.0,140.6,140.89,140.6,1405.0,19768000.0,141.605
000858.SZ,2022-11-02,0.0,140.89,141.16,140.58,1247.0,17572900.0,141.596
000858.SZ,2022-11-02,0.0,140.88,141.07,140.88,668.0,9414490.0,141.592
000858.SZ,2022-11-02,0.0,140.85,140.88,140.61,945.0,13304600.0,141.584
000858.SZ,2022-11-02,0.0,140.85,140.88,140.73,600.0,8450390.0,141.579
000858.SZ,2022-11-02,0.0,140.82,140.88,140.76,526.0,7412970.0,141.575
000858.SZ,2022-11-02,0.0,140.91,140.91,140.83,800.0,11269700.0,141.57
000858.SZ,2022-11-02,0.0,141.0,141.0,140.82,916.0,12906600.0,141.563
000858.SZ,2022-11-02,0.0,141.27,141.27,140.99,720.0,10159300.0,141.56
000858.SZ,2022-11-02,0.0,141.34,141.43,141.28,951.0,13436400.0,141.558
000858.SZ,2022-11-02,0.0,141.28,141.3,141.24,1328.0,18768700.0,141.555
000858.SZ,2022-11-02,0.0,141.19,141.28,141.19,758.0,10701500.0,141.553
000858.SZ,2022-11-02,0.0,141.11,141.17,141.1,797.0,11247400.0,141.549
000858.SZ,2022-11-02,0.0,140.84,141.09,140.82,1004.0,14150500.0,141.543
000858.SZ,2022-11-02,0.0,141.07,141.08,140.73,961.0,13550200.0,141.538
000858.SZ,2022-11-02,0.0,141.2,141.2,141.09,421.0,5941490.0,141.537
000858.SZ,2022-11-02,0.0,141.31,141.32,141.2,482.0,6809750.0,141.535
000858.SZ,2022-11-02,0.0,141.25,141.31,141.22,703.0,9934020.0,141.534
000858.SZ,2022-11-02,0.0,141.45,141.47,141.24,788.0,11134100.0,141.532
000858.SZ,2022-11-02,0.0,141.7,141.7,141.48,421.0,5959550.0,141.532
000858.SZ,2022-11-02,0.0,141.94,141.94,141.72,740.0,10496600.0,141.534
000858.SZ,2022-11-02,0.0,141.48,141.95,141.48,1095.0,15520300.0,141.536
000858.SZ,2022-11-02,0.0,141.35,141.46,141.3,291.0,4113370.0,141.536
000858.SZ,2022-11-02,0.0,141.54,141.55,141.36,628.0,8883730.0,141.536
000858.SZ,2022-11-02,0.0,141.47,141.54,141.46,526.0,7442180.0,141.535
000858.SZ,2022-11-02,0.0,141.61,141.62,141.48,758.0,10725300.0,141.535
000858.SZ,2022-11-02,0.0,141.74,141.74,141.56,705.0,9984390.0,141.536
000858.SZ,2022-11-02,0.0,141.89,141.93,141.8,616.0,8740480.0,141.538
000858.SZ,2022-11-02,0.0,141.93,141.93,141.88,675.0,9574240.0,141.54
000858.SZ,2022-11-02,0.0,141.98,141.98,141.92,636.0,9028040.0,141.542
000858.SZ,2022-11-02,0.0,141.91,141.99,141.9,521.0,7395880.0,141.544
000858.SZ,2022-11-02,0.0,141.69,141.9,141.68,606.0,8591530.0,141.545
000858.SZ,2022-11-02,0.0,141.6,141.67,141.59,756.0,10707600.0,141.546
000858.SZ,2022-11-02,0.0,141.8,141.82,141.66,639.0,9058080.0,141.547
000858.SZ,2022-11-02,0.0,142.11,142.15,141.8,1434.0,20358600.0,141.552
000858.SZ,2022-11-02,0.0,142.2,142.21,142.15,616.0,8758140.0,141.555
000858.SZ,2022-11-02,0.0,142.21,142.26,142.19,749.0,10652800.0,141.559
000858.SZ,2022-11-02,0.0,142.2,142.25,142.18,850.0,12087400.0,141.564
000858.SZ,2022-11-02,0.0,142.16,142.21,142.16,648.0,9213810.0,141.567
000858.SZ,2022-11-02,0.0,141.91,142.15,141.91,357.0,5070320.0,141.568
000858.SZ,2022-11-02,0.0,141.9,141.91,141.82,975.0,13831300.0,141.571
000858.SZ,2022-11-02,0.0,141.86,141.95,141.74,607.0,8610690.0,141.572
000858.SZ,2022-11-02,0.0,141.96,141.96,141.81,676.0,9590310.0,141.574
000858.SZ,2022-11-02,0.0,142.08,142.09,141.95,550.0,7809930.0,141.575
000858.SZ,2022-11-02,0.0,142.1,142.17,142.06,693.0,9849600.0,141.579
000858.SZ,2022-11-02,0.0,141.9,142.11,141.9,608.0,8636830.0,141.581
000858.SZ,2022-11-02,0.0,141.74,141.91,141.74,410.0,5814440.0,141.582
000858.SZ,2022-11-02,0.0,141.68,141.74,141.68,478.0,6773370.0,141.582
000858.SZ,2022-11-02,0.0,142.02,142.02,141.67,894.0,12677700.0,141.584
000858.SZ,2022-11-02,0.0,142.1,142.18,142.0,943.0,13402000.0,141.587
000858.SZ,2022-11-02,0.0,142.03,142.1,142.0,705.0,10014100.0,141.59
000858.SZ,2022-11-02,0.0,142.01,142.03,142.01,774.0,10991900.0,141.592
000858.SZ,2022-11-02,0.0,141.89,142.01,141.87,685.0,9724380.0,141.594
000858.SZ,2022-11-02,0.0,142.17,142.2,141.88,988.0,14034800.0,141.598
000858.SZ,2022-11-02,0.0,142.14,142.18,142.14,606.0,8615410.0,141.6
000858.SZ,2022-11-02,0.0,142.23,142.24,142.13,1106.0,15723900.0,141.605
000858.SZ,2022-11-02,0.0,142.19,142.28,142.16,998.0,14195900.0,141.61
000858.SZ,2022-11-02,0.0,142.23,142.28,142.18,525.0,7467750.0,141.612
000858.SZ,2022-11-02,0.0,142.24,142.24,142.2,437.0,6214770.0,141.614
000858.SZ,2022-11-02,0.0,142.4,142.4,142.19,806.0,11469700.0,141.618
000858.SZ,2022-11-02,0.0,142.63,142.63,142.38,1277.0,18199800.0,141.626
000858.SZ,2022-11-02,0.0,142.59,142.66,142.52,1237.0,17641800.0,141.635
000858.SZ,2022-11-02,0.0,142.56,142.6,142.55,764.0,10893000.0,141.64
000858.SZ,2022-11-02,0.0,142.2,142.56,142.18,1054.0,15011000.0,141.646
000858.SZ,2022-11-02,0.0,142.0,142.2,141.98,383.0,5442740.0,141.647
000858.SZ,2022-11-02,0.0,142.0,142.0,141.87,473.0,6712530.0,141.648
000858.SZ,2022-11-02,0.0,141.99,142.19,141.99,727.0,10330200.0,141.65
000858.SZ,2022-11-02,0.0,141.98,142.1,141.98,613.0,8705650.0,141.652
000858.SZ,2022-11-02,0.0,142.06,142.06,141.97,703.0,9982850.0,141.653
000858.SZ,2022-11-02,0.0,142.13,142.14,142.08,224.0,3183580.0,141.654
000858.SZ,2022-11-02,0.0,142.09,142.13,142.09,296.0,4206250.0,141.655
000858.SZ,2022-11-02,0.0,142.05,142.13,142.05,757.0,10756000.0,141.657
000858.SZ,2022-11-02,0.0,142.61,142.66,142.05,1475.0,21021200.0,141.666
000858.SZ,2022-11-02,0.0,142.74,142.74,142.63,1054.0,15038500.0,141.673
000858.SZ,2022-11-02,0.0,142.8,142.81,142.7,918.0,13107800.0,141.68
000858.SZ,2022-11-02,0.0,142.74,142.8,142.71,850.0,12136600.0,141.686
000858.SZ,2022-11-02,0.0,142.91,142.91,142.74,1227.0,17526800.0,141.695
000858.SZ,2022-11-02,0.0,142.89,142.92,142.89,803.0,11475400.0,141.701
000858.SZ,2022-11-02,0.0,142.83,142.9,142.83,642.0,9172670.0,141.706
000858.SZ,2022-11-02,0.0,142.79,142.86,142.79,737.0,10525500.0,141.712
000858.SZ,2022-11-02,0.0,142.55,142.79,142.38,682.0,9718120.0,141.715
000858.SZ,2022-11-02,0.0,142.99,142.99,142.66,2705.0,38623300.0,141.733
000858.SZ,2022-11-02,0.0,143.49,143.49,143.09,2298.0,32902600.0,141.754
000858.SZ,2022-11-02,0.0,143.9,143.97,143.48,1896.0,27238900.0,141.777
000858.SZ,2022-11-02,0.0,144.15,144.17,143.96,2669.0,38444100.0,141.813
000858.SZ,2022-11-02,0.0,144.63,144.63,144.15,2567.0,37068600.0,141.853
000858.SZ,2022-11-02,0.0,144.99,145.0,144.61,5216.0,75555504.0,141.944
000858.SZ,2022-11-02,0.0,145.27,145.3,144.99,4201.0,60942900.0,142.018
000858.SZ,2022-11-02,0.0,145.5,145.5,145.33,3316.0,48212100.0,142.08
000858.SZ,2022-11-02,0.0,145.72,145.8,145.5,4646.0,67676800.0,142.17
000858.SZ,2022-11-02,0.0,145.21,145.83,145.15,3794.0,55184800.0,142.236
000858.SZ,2022-11-02,0.0,144.96,145.4,144.91,3848.0,55860500.0,142.295
000858.SZ,2022-11-02,0.0,145.1,145.1,144.95,1763.0,25567300.0,142.32
000858.SZ,2022-11-02,0.0,145.38,145.4,145.15,1857.0,26987400.0,142.348
000858.SZ,2022-11-02,0.0,145.28,145.43,145.25,2670.0,38814300.0,142.389
000858.SZ,2022-11-02,0.0,145.26,145.34,145.26,2143.0,31139000.0,142.42
000858.SZ,2022-11-02,0.0,145.17,145.35,145.16,2219.0,32240700.0,142.452
000858.SZ,2022-11-02,0.0,145.37,145.4,145.16,1823.0,26484600.0,142.477
000858.SZ,2022-11-02,0.0,145.58,145.58,145.38,1984.0,28861700.0,142.506
000858.SZ,2022-11-02,0.0,145.7,145.7,145.57,1902.0,27699000.0,142.534
000858.SZ,2022-11-02,0.0,146.25,146.25,145.7,3834.0,55954600.0,142.596
000858.SZ,2022-11-02,0.0,145.7,146.38,145.7,3962.0,57886000.0,142.66
000858.SZ,2022-11-02,0.0,145.71,145.71,145.62,2022.0,29460300.0,142.688
000858.SZ,2022-11-02,0.0,146.05,146.05,145.75,2967.0,43311300.0,142.732
000858.SZ,2022-11-02,0.0,146.0,146.1,145.8,2616.0,38198800.0,142.77
000858.SZ,2022-11-02,0.0,145.9,145.99,145.78,1880.0,27429100.0,142.796
000858.SZ,2022-11-02,0.0,145.42,145.95,145.3,3292.0,47927600.0,142.836
000858.SZ,2022-11-02,0.0,145.13,145.42,145.13,1529.0,22211700.0,142.853
000858.SZ,2022-11-02,0.0,144.88,145.11,144.84,1471.0,21331800.0,142.866
000858.SZ,2022-11-02,0.0,144.78,144.91,144.7,1417.0,20516900.0,142.878
000858.SZ,2022-11-02,0.0,144.58,144.77,144.56,1108.0,16027800.0,142.886
000858.SZ,2022-11-02,0.0,144.59,144.84,144.53,1824.0,26393500.0,142.9
000858.SZ,2022-11-02,0.0,144.73,144.73,144.56,915.0,13231800.0,142.907
000858.SZ,2022-11-02,0.0,144.87,144.87,144.74,876.0,12684900.0,142.914
000858.SZ,2022-11-02,0.0,144.32,144.92,144.32,3040.0,43982600.0,142.936
000858.SZ,2022-11-02,0.0,144.05,144.2,144.01,1910.0,27520200.0,142.945
000858.SZ,2022-11-02,0.0,144.5,144.5,144.08,940.0,13565200.0,142.95
000858.SZ,2022-11-02,0.0,144.27,144.48,144.27,755.0,10901700.0,142.955
000858.SZ,2022-11-02,0.0,144.64,144.64,144.27,2270.0,32804100.0,142.969
000858.SZ,2022-11-02,0.0,144.75,144.78,144.64,1392.0,20149300.0,142.979
000858.SZ,2022-11-02,0.0,144.78,144.78,144.74,717.0,10379600.0,142.984
000858.SZ,2022-11-02,0.0,144.38,144.78,144.31,1563.0,22584600.0,142.994
000858.SZ,2022-11-02,0.0,144.55,144.55,144.36,613.0,8862040.0,142.997
000858.SZ,2022-11-02,0.0,144.52,144.68,144.51,1004.0,14516000.0,143.004
000858.SZ,2022-11-02,0.0,144.96,144.96,144.52,1151.0,16657900.0,143.011
000858.SZ,2022-11-02,0.0,145.1,145.1,144.94,1060.0,15371000.0,143.02
000858.SZ,2022-11-02,0.0,145.11,145.18,145.06,1260.0,18286300.0,143.03
000858.SZ,2022-11-02,0.0,145.36,145.36,145.11,937.0,13599500.0,143.038
000858.SZ,2022-11-02,0.0,145.47,145.47,145.33,716.0,10410400.0,143.045
000858.SZ,2022-11-02,0.0,145.32,145.5,145.32,1224.0,17805400.0,143.056
000858.SZ,2022-11-02,0.0,145.13,145.3,145.12,608.0,8828100.0,143.061
000858.SZ,2022-11-02,0.0,144.8,145.13,144.8,1004.0,14560300.0,143.069
000858.SZ,2022-11-02,0.0,144.66,144.84,144.66,531.0,7687640.0,143.072
000858.SZ,2022-11-02,0.0,144.92,144.92,144.64,652.0,9446190.0,143.076
000858.SZ,2022-11-02,0.0,145.01,145.01,144.91,650.0,9423040.0,143.081
000858.SZ,2022-11-02,0.0,145.01,145.18,145.01,768.0,11144000.0,143.087
000858.SZ,2022-11-02,0.0,145.01,145.01,144.91,1018.0,14760500.0,143.094
000858.SZ,2022-11-02,0.0,144.98,145.02,144.91,837.0,12142200.0,143.1
000858.SZ,2022-11-02,0.0,145.0,145.0,144.93,624.0,9047390.0,143.105
000858.SZ,2022-11-02,0.0,145.03,145.03,145.0,571.0,8280130.0,143.109
000858.SZ,2022-11-02,0.0,145.01,145.03,145.0,539.0,7816340.0,143.113
000858.SZ,2022-11-02,0.0,144.91,145.02,144.91,773.0,11201600.0,143.118
000858.SZ,2022-11-02,0.0,144.7,144.89,144.65,898.0,12998500.0,143.124
000858.SZ,2022-11-02,0.0,144.85,144.95,144.7,1268.0,18363800.0,143.132
000858.SZ,2022-11-02,0.0,144.77,144.88,144.77,898.0,13004900.0,143.137
000858.SZ,2022-11-02,0.0,144.69,144.79,144.69,1381.0,19986900.0,143.145
000858.SZ,2022-11-02,0.0,144.73,144.76,144.68,944.0,13660800.0,143.151
000858.SZ,2022-11-02,0.0,144.72,144.76,144.69,658.0,9523750.0,143.155
000858.SZ,2022-11-02,0.0,144.64,144.71,144.64,830.0,12007700.0,143.159
000858.SZ,2022-11-02,0.0,144.5,144.65,144.5,811.0,11723500.0,143.163
000858.SZ,2022-11-02,0.0,144.38,144.48,144.35,643.0,9288650.0,143.166
000858.SZ,2022-11-02,0.0,144.27,144.36,144.25,702.0,10129900.0,143.169
000858.SZ,2022-11-02,0.0,144.18,144.27,144.18,781.0,11263900.0,143.172
000858.SZ,2022-11-02,0.0,144.1,144.17,144.1,1143.0,16473400.0,143.176
000858.SZ,2022-11-02,0.0,144.03,144.1,144.03,1200.0,17289400.0,143.18
000858.SZ,2022-11-02,0.0,143.91,144.03,143.9,1920.0,27641700.0,143.185
000858.SZ,2022-11-02,0.0,143.75,143.9,143.75,1094.0,15733500.0,143.188
000858.SZ,2022-11-02,0.0,143.88,143.91,143.72,1449.0,20832100.0,143.191
000858.SZ,2022-11-02,0.0,144.03,144.08,143.89,834.0,12008400.0,143.193
000858.SZ,2022-11-02,0.0,144.25,144.27,144.06,905.0,13047700.0,143.196
000858.SZ,2022-11-02,0.0,144.22,144.29,144.2,805.0,11611600.0,143.199
000858.SZ,2022-11-02,0.0,144.1,144.2,144.1,438.0,6313220.0,143.201
000858.SZ,2022-11-02,0.0,144.13,144.14,144.08,342.0,4928880.0,143.202
000858.SZ,2022-11-02,0.0,144.14,144.2,144.13,568.0,8188560.0,143.204
000858.SZ,2022-11-02,0.0,144.19,144.21,144.14,341.0,4915970.0,143.205
000858.SZ,2022-11-02,0.0,144.2,144.2,144.18,570.0,8218920.0,143.207
000858.SZ,2022-11-02,0.0,144.21,144.22,144.2,342.0,4932030.0,143.208
000858.SZ,2022-11-02,0.0,144.2,144.23,144.18,379.0,5465220.0,143.209
000858.SZ,2022-11-02,0.0,144.13,144.2,144.13,806.0,11619600.0,143.212
000858.SZ,2022-11-02,0.0,143.98,144.14,143.98,890.0,12819800.0,143.214
000858.SZ,2022-11-02,0.0,143.54,143.99,143.54,1217.0,17494800.0,143.217
000858.SZ,2022-11-02,0.0,143.41,143.54,143.41,1567.0,22482600.0,143.218
000858.SZ,2022-11-02,0.0,143.51,143.51,143.4,691.0,9912800.0,143.219
000858.SZ,2022-11-02,0.0,143.56,143.59,143.51,380.0,5455340.0,143.219
000858.SZ,2022-11-02,0.0,143.56,143.59,143.55,583.0,8370190.0,143.22
000858.SZ,2022-11-02,0.0,143.52,143.56,143.52,807.0,11583300.0,143.221
000858.SZ,2022-11-02,0.0,143.42,143.5,143.42,653.0,9367460.0,143.221
000858.SZ,2022-11-02,0.0,143.25,143.41,143.25,1121.0,16069400.0,143.222
000858.SZ,2022-11-02,0.0,143.1,143.25,143.1,1223.0,17511200.0,143.221
000858.SZ,2022-11-02,0.0,143.19,143.19,143.06,1306.0,18695400.0,143.221
000858.SZ,2022-11-02,0.0,143.39,143.39,143.19,979.0,14025000.0,143.221
000858.SZ,2022-11-02,0.0,143.47,143.47,143.4,643.0,9219350.0,143.221
000858.SZ,2022-11-02,0.0,143.51,143.51,143.48,682.0,9786480.0,143.222
000858.SZ,2022-11-02,0.0,143.55,143.56,143.52,424.0,6082380.0,143.222
000858.SZ,2022-11-02,0.0,143.78,143.79,143.55,613.0,8804540.0,143.223
000858.SZ,2022-11-02,0.0,144.0,144.01,143.77,1227.0,17663000.0,143.226
000858.SZ,2022-11-02,0.0,144.15,144.15,144.01,818.0,11784800.0,143.228
000858.SZ,2022-11-02,0.0,144.01,144.19,144.01,778.0,11212300.0,143.231
000858.SZ,2022-11-02,0.0,143.95,144.01,143.95,707.0,10179600.0,143.232
000858.SZ,2022-11-02,0.0,143.8,143.95,143.79,989.0,14225200.0,143.234
000858.SZ,2022-11-02,0.0,143.83,143.86,143.8,1084.0,15590000.0,143.236
000858.SZ,2022-11-02,0.0,143.85,143.85,143.82,733.0,10543600.0,143.238
000858.SZ,2022-11-02,0.0,143.83,143.85,143.82,1002.0,14412400.0,143.24
000858.SZ,2022-11-02,0.0,143.82,143.84,143.82,971.0,13966000.0,143.242
000858.SZ,2022-11-02,0.0,143.78,143.85,143.78,1719.0,24730100.0,143.245
000858.SZ,2022-11-02,0.0,143.77,143.82,143.77,877.0,12611700.0,143.246
000858.SZ,2022-11-02,0.0,143.68,143.77,143.61,922.0,13249600.0,143.248
000858.SZ,2022-11-02,0.0,143.61,143.67,143.61,1157.0,16618400.0,143.249
000858.SZ,2022-11-02,0.0,143.62,143.62,143.62,35.0,502626.0,143.249
000858.SZ,2022-11-02,0.0,143.62,143.62,143.62,0.0,0.0,143.249
000858.SZ,2022-11-02,0.0,143.62,143.62,143.62,1421.0,20408400.0,143.251
000858.SZ,2022-11-03,0.0,141.01,141.01,141.01,2071.0,29196100.0,141.01
000858.SZ,2022-11-03,0.0,141.12,141.5,140.52,9572.0,134968000.0,141.004
000858.SZ,2022-11-03,0.0,141.12,141.23,140.56,4047.0,56996900.0,140.96
000858.SZ,2022-11-03,0.0,141.27,141.36,140.97,3319.0,46805700.0,140.973
000858.SZ,2022-11-03,0.0,141.0,141.24,140.99,3880.0,54733800.0,140.989
000858.SZ,2022-11-03,0.0,140.65,141.01,140.65,2890.0,40710700.0,140.976
000858.SZ,2022-11-03,0.0,140.47,140.57,140.26,4193.0,58871800.0,140.896
000858.SZ,2022-11-03,0.0,140.79,140.79,140.47,2211.0,31083200.0,140.874
000858.SZ,2022-11-03,0.0,141.2,141.2,140.79,1969.0,27754000.0,140.879
000858.SZ,2022-11-03,0.0,140.81,141.2,140.8,2072.0,29197900.0,140.881
000858.SZ,2022-11-03,0.0,140.78,140.87,140.65,1891.0,26621700.0,140.876
000858.SZ,2022-11-03,0.0,140.42,140.65,140.36,2374.0,33353900.0,140.854
000858.SZ,2022-11-03,0.0,140.6,140.65,140.3,2936.0,41225000.0,140.824
000858.SZ,2022-11-03,0.0,140.9,140.9,140.7,1520.0,21397700.0,140.822
000858.SZ,2022-11-03,0.0,140.43,140.95,140.38,2413.0,33921300.0,140.81
000858.SZ,2022-11-03,0.0,140.5,140.5,140.4,2330.0,32716000.0,140.791
000858.SZ,2022-11-03,0.0,141.1,141.1,140.5,1263.0,17791300.0,140.793
000858.SZ,2022-11-03,0.0,140.99,141.1,140.81,1691.0,23837500.0,140.799
000858.SZ,2022-11-03,0.0,141.4,141.4,140.97,1252.0,17672100.0,140.807
000858.SZ,2022-11-03,0.0,141.41,141.45,141.37,2288.0,32354000.0,140.831
000858.SZ,2022-11-03,0.0,141.15,141.43,141.15,1156.0,16342300.0,140.842
000858.SZ,2022-11-03,0.0,141.33,141.34,141.08,949.0,13403200.0,140.849
000858.SZ,2022-11-03,0.0,141.13,141.35,141.11,881.0,12447500.0,140.855
000858.SZ,2022-11-03,0.0,140.8,141.11,140.8,1269.0,17887800.0,140.857
000858.SZ,2022-11-03,0.0,141.18,141.24,140.8,552.0,7787250.0,140.859
000858.SZ,2022-11-03,0.0,140.84,141.16,140.83,652.0,9188570.0,140.86
000858.SZ,2022-11-03,0.0,140.66,140.89,140.6,1101.0,15495800.0,140.858
000858.SZ,2022-11-03,0.0,140.66,140.68,140.6,1522.0,21404000.0,140.853
000858.SZ,2022-11-03,0.0,140.31,140.63,140.31,3355.0,47118900.0,140.832
000858.SZ,2022-11-03,0.0,140.03,140.32,140.02,3511.0,49227400.0,140.802
000858.SZ,2022-11-03,0.0,139.98,140.02,139.96,5878.0,82292800.0,140.74
000858.SZ,2022-11-03,0.0,140.32,140.39,140.0,1197.0,16778200.0,140.732
000858.SZ,2022-11-03,0.0,140.26,140.32,140.1,1261.0,17684800.0,140.724
000858.SZ,2022-11-03,0.0,140.46,140.59,140.39,580.0,8146200.0,140.722
000858.SZ,2022-11-03,0.0,140.63,140.63,140.47,698.0,9811610.0,140.721
000858.SZ,2022-11-03,0.0,140.63,140.63,140.57,579.0,8142030.0,140.72
000858.SZ,2022-11-03,0.0,140.59,140.65,140.53,1061.0,14918900.0,140.719
000858.SZ,2022-11-03,0.0,140.4,140.57,140.4,459.0,6448290.0,140.717
000858.SZ,2022-11-03,0.0,140.42,140.45,140.36,757.0,10629300.0,140.715
000858.SZ,2022-11-03,0.0,140.32,140.43,140.32,766.0,10754400.0,140.712
000858.SZ,2022-11-03,0.0,140.6,140.6,140.26,1282.0,17994700.0,140.707
000858.SZ,2022-11-03,0.0,140.68,140.68,140.56,412.0,5793270.0,140.706
000858.SZ,2022-11-03,0.0,140.41,140.68,140.4,723.0,10166900.0,140.705
000858.SZ,2022-11-03,0.0,140.34,140.41,140.31,558.0,7832800.0,140.703
000858.SZ,2022-11-03,0.0,140.49,140.49,140.35,580.0,8143200.0,140.701
000858.SZ,2022-11-03,0.0,140.6,140.6,140.5,426.0,5988020.0,140.7
000858.SZ,2022-11-03,0.0,140.73,140.8,140.6,514.0,7232640.0,140.7
000858.SZ,2022-11-03,0.0,140.64,141.0,140.6,1114.0,15676900.0,140.701
000858.SZ,2022-11-03,0.0,140.74,140.74,140.64,352.0,4953100.0,140.701
000858.SZ,2022-11-03,0.0,140.59,140.72,140.57,1505.0,21165700.0,140.7
000858.SZ,2022-11-03,0.0,140.57,140.59,140.57,447.0,6283980.0,140.699
000858.SZ,2022-11-03,0.0,140.49,140.57,140.49,525.0,7377280.0,140.698
000858.SZ,2022-11-03,0.0,140.4,140.48,140.4,407.0,5715720.0,140.697
000858.SZ,2022-11-03,0.0,140.11,140.41,140.11,1038.0,14564100.0,140.693
000858.SZ,2022-11-03,0.0,140.3,140.33,140.11,529.0,7417340.0,140.69
000858.SZ,2022-11-03,0.0,140.3,140.31,140.28,421.0,5906490.0,140.688
000858.SZ,2022-11-03,0.0,140.25,140.3,140.24,733.0,10281100.0,140.685
000858.SZ,2022-11-03,0.0,140.17,140.25,140.16,1015.0,14231300.0,140.68
000858.SZ,2022-11-03,0.0,140.21,140.22,140.17,534.0,7486200.0,140.678
000858.SZ,2022-11-03,0.0,140.28,140.28,140.22,723.0,10137000.0,140.674
000858.SZ,2022-11-03,0.0,140.1,140.28,140.1,1284.0,17999400.0,140.668
000858.SZ,2022-11-03,0.0,140.05,140.07,140.0,1719.0,24070400.0,140.657
000858.SZ,2022-11-03,0.0,140.12,140.23,140.05,1450.0,20318800.0,140.649
000858.SZ,2022-11-03,0.0,140.15,140.15,140.12,755.0,10580500.0,140.646
000858.SZ,2022-11-03,0.0,140.02,140.15,140.0,1839.0,25759700.0,140.636
000858.SZ,2022-11-03,0.0,140.01,140.03,140.0,1785.0,24991200.0,140.625
000858.SZ,2022-11-03,0.0,140.05,140.05,140.0,699.0,9790040.0,140.621
000858.SZ,2022-11-03,0.0,140.3,140.31,140.06,836.0,11716000.0,140.618
000858.SZ,2022-11-03,0.0,140.5,140.52,140.31,591.0,8300200.0,140.617
000858.SZ,2022-11-03,0.0,140.61,140.61,140.56,940.0,13214400.0,140.616
000858.SZ,2022-11-03,0.0,140.72,140.72,140.61,281.0,3953200.0,140.616
000858.SZ,2022-11-03,0.0,140.9,140.9,140.72,446.0,6280740.0,140.617
000858.SZ,2022-11-03,0.0,140.73,140.9,140.65,983.0,13840700.0,140.618
000858.SZ,2022-11-03,0.0,140.8,140.8,140.7,323.0,4546840.0,140.619
000858.SZ,2022-11-03,0.0,140.72,140.83,140.71,516.0,7265270.0,140.62
000858.SZ,2022-11-03,0.0,140.4,140.7,140.32,700.0,9830480.0,140.619
000858.SZ,2022-11-03,0.0,140.38,140.45,140.36,217.0,3046990.0,140.619
000858.SZ,2022-11-03,0.0,140.3,140.42,140.28,528.0,7411310.0,140.617
000858.SZ,2022-11-03,0.0,140.3,140.3,140.28,272.0,3815900.0,140.617
000858.SZ,2022-11-03,0.0,140.32,140.36,140.28,345.0,4840480.0,140.616
000858.SZ,2022-11-03,0.0,140.41,140.41,140.32,237.0,3326280.0,140.615
000858.SZ,2022-11-03,0.0,140.43,140.45,140.35,348.0,4885830.0,140.615
000858.SZ,2022-11-03,0.0,140.39,140.48,140.38,380.0,5335480.0,140.614
000858.SZ,2022-11-03,0.0,140.42,140.43,140.38,283.0,3973230.0,140.613
000858.SZ,2022-11-03,0.0,140.39,140.43,140.38,349.0,4900260.0,140.613
000858.SZ,2022-11-03,0.0,140.33,140.39,140.33,272.0,3817720.0,140.612
000858.SZ,2022-11-03,0.0,140.32,140.37,140.31,323.0,4532710.0,140.611
000858.SZ,2022-11-03,0.0,140.36,140.38,140.32,151.0,2119300.0,140.611
000858.SZ,2022-11-03,0.0,140.4,140.4,140.37,146.0,2049510.0,140.611
000858.SZ,2022-11-03,0.0,140.34,140.4,140.34,538.0,7551630.0,140.61
000858.SZ,2022-11-03,0.0,140.33,140.34,140.3,282.0,3956990.0,140.609
000858.SZ,2022-11-03,0.0,140.28,140.33,140.28,308.0,4321180.0,140.608
000858.SZ,2022-11-03,0.0,140.59,140.6,140.28,375.0,5266150.0,140.608
000858.SZ,2022-11-03,0.0,140.53,140.63,140.52,178.0,2501810.0,140.607
000858.SZ,2022-11-03,0.0,140.32,140.55,140.32,295.0,4143750.0,140.607
000858.SZ,2022-11-03,0.0,140.25,140.31,140.25,251.0,3521030.0,140.606
000858.SZ,2022-11-03,0.0,140.5,140.5,140.24,474.0,6651870.0,140.605
000858.SZ,2022-11-03,0.0,140.38,140.5,140.38,191.0,2682760.0,140.605
000858.SZ,2022-11-03,0.0,140.37,140.38,140.36,157.0,2203820.0,140.605
000858.SZ,2022-11-03,0.0,140.42,140.45,140.37,155.0,2176340.0,140.605
000858.SZ,2022-11-03,0.0,140.41,140.46,140.4,192.0,2696260.0,140.604
000858.SZ,2022-11-03,0.0,140.43,140.46,140.4,254.0,3567050.0,140.604
000858.SZ,2022-11-03,0.0,140.46,140.5,140.42,167.0,2345500.0,140.604
000858.SZ,2022-11-03,0.0,140.44,140.58,140.44,314.0,4411920.0,140.603
000858.SZ,2022-11-03,0.0,140.4,140.5,140.4,264.0,3707190.0,140.603
000858.SZ,2022-11-03,0.0,140.39,140.4,140.37,428.0,6008710.0,140.602
000858.SZ,2022-11-03,0.0,140.37,140.39,140.37,285.0,4000980.0,140.602
000858.SZ,2022-11-03,0.0,140.28,140.33,140.26,549.0,7702030.0,140.6
000858.SZ,2022-11-03,0.0,140.2,140.29,140.2,393.0,5511900.0,140.599
000858.SZ,2022-11-03,0.0,140.13,140.22,140.13,349.0,4892530.0,140.598
000858.SZ,2022-11-03,0.0,140.02,140.13,140.02,1117.0,15640900.0,140.593
000858.SZ,2022-11-03,0.0,140.0,140.04,140.0,1488.0,20833000.0,140.586
000858.SZ,2022-11-03,0.0,139.8,140.01,139.78,3962.0,55442700.0,140.567
000858.SZ,2022-11-03,0.0,139.93,139.93,139.8,915.0,12799900.0,140.561
000858.SZ,2022-11-03,0.0,139.91,139.94,139.88,386.0,5400830.0,140.559
000858.SZ,2022-11-03,0.0,139.91,139.93,139.89,453.0,6337610.0,140.557
000858.SZ,2022-11-03,0.0,139.83,139.93,139.83,623.0,8714780.0,140.554
000858.SZ,2022-11-03,0.0,139.89,139.93,139.86,249.0,3483190.0,140.553
000858.SZ,2022-11-03,0.0,139.82,139.9,139.82,382.0,5342270.0,140.551
000858.SZ,2022-11-03,0.0,139.8,139.82,139.79,921.0,12875700.0,140.546
000858.SZ,2022-11-03,0.0,139.8,139.82,139.77,865.0,12086900.0,140.541
000858.SZ,2022-11-03,0.0,139.96,140.08,139.8,1209.0,16916200.0,140.535
000858.SZ,2022-11-03,0.0,139.92,140.17,139.9,515.0,7208200.0,140.533
000858.SZ,2022-11-03,0.0,139.83,139.9,139.83,522.0,7300120.0,140.531
000858.SZ,2022-11-03,0.0,139.8,139.83,139.8,931.0,13016000.0,140.526
000858.SZ,2022-11-03,0.0,139.78,139.83,139.75,1099.0,15362700.0,140.52
000858.SZ,2022-11-03,0.0,139.75,139.78,139.71,681.0,9517820.0,140.516
000858.SZ,2022-11-03,0.0,139.83,139.89,139.74,659.0,9218610.0,140.513
000858.SZ,2022-11-03,0.0,139.97,140.0,139.83,353.0,4939360.0,140.511
000858.SZ,2022-11-03,0.0,140.03,140.03,139.99,504.0,7056350.0,140.51
000858.SZ,2022-11-03,0.0,140.01,140.03,140.0,157.0,2198180.0,140.509
000858.SZ,2022-11-03,0.0,140.07,140.07,140.01,294.0,4117190.0,140.508
000858.SZ,2022-11-03,0.0,140.2,140.2,140.07,197.0,2760240.0,140.508
000858.SZ,2022-11-03,0.0,140.2,140.28,140.2,335.0,4697130.0,140.507
000858.SZ,2022-11-03,0.0,140.21,140.21,140.18,318.0,4458370.0,140.506
000858.SZ,2022-11-03,0.0,140.18,140.21,140.18,275.0,3855360.0,140.506
000858.SZ,2022-11-03,0.0,140.18,140.18,140.13,234.0,3279510.0,140.505
000858.SZ,2022-11-03,0.0,140.14,140.18,140.13,273.0,3826050.0,140.504
000858.SZ,2022-11-03,0.0,140.15,140.15,140.13,283.0,3966020.0,140.504
000858.SZ,2022-11-03,0.0,140.4,140.4,140.14,276.0,3871940.0,140.503
000858.SZ,2022-11-03,0.0,140.51,140.65,140.42,1107.0,15549500.0,140.503
000858.SZ,2022-11-03,0.0,140.59,140.65,140.5,424.0,5959680.0,140.503
000858.SZ,2022-11-03,0.0,140.5,140.6,140.5,458.0,6436460.0,140.504
000858.SZ,2022-11-03,0.0,140.53,140.57,140.51,335.0,4707700.0,140.504
000858.SZ,2022-11-03,0.0,140.65,140.66,140.55,456.0,6411580.0,140.504
000858.SZ,2022-11-03,0.0,140.58,140.69,140.54,453.0,6368970.0,140.504
000858.SZ,2022-11-03,0.0,140.82,140.82,140.57,471.0,6625930.0,140.505
000858.SZ,2022-11-03,0.0,140.98,140.98,140.82,477.0,6721200.0,140.506
000858.SZ,2022-11-03,0.0,140.88,141.0,140.88,987.0,13913700.0,140.509
000858.SZ,2022-11-03,0.0,140.81,140.89,140.81,320.0,4507410.0,140.51
000858.SZ,2022-11-03,0.0,140.74,140.82,140.74,487.0,6855270.0,140.511
000858.SZ,2022-11-03,0.0,140.74,140.74,140.63,398.0,5597710.0,140.511
000858.SZ,2022-11-03,0.0,140.79,140.79,140.68,164.0,2308300.0,140.511
000858.SZ,2022-11-03,0.0,140.89,140.89,140.8,294.0,4140670.0,140.512
000858.SZ,2022-11-03,0.0,140.8,140.91,140.8,287.0,4042950.0,140.513
000858.SZ,2022-11-03,0.0,140.84,140.88,140.76,234.0,3294530.0,140.513
000858.SZ,2022-11-03,0.0,140.92,140.93,140.84,260.0,3663290.0,140.514
000858.SZ,2022-11-03,0.0,140.78,140.92,140.78,431.0,6070660.0,140.515
000858.SZ,2022-11-03,0.0,140.7,140.78,140.69,243.0,3419870.0,140.515
000858.SZ,2022-11-03,0.0,140.65,140.69,140.64,180.0,2533260.0,140.515
000858.SZ,2022-11-03,0.0,140.77,140.77,140.64,263.0,3699180.0,140.516
000858.SZ,2022-11-03,0.0,140.88,140.9,140.77,147.0,2070110.0,140.516
000858.SZ,2022-11-03,0.0,141.06,141.06,140.89,979.0,13801900.0,140.519
000858.SZ,2022-11-03,0.0,141.13,141.13,141.06,503.0,7097600.0,140.521
000858.SZ,2022-11-03,0.0,141.06,141.15,141.05,539.0,7605630.0,140.523
000858.SZ,2022-11-03,0.0,141.08,141.12,141.01,1044.0,14727200.0,140.526
000858.SZ,2022-11-03,0.0,141.07,141.1,141.06,355.0,5007900.0,140.528
000858.SZ,2022-11-03,0.0,140.91,141.05,140.9,1373.0,19359700.0,140.532
000858.SZ,2022-11-03,0.0,140.85,140.9,140.82,182.0,2563930.0,140.532
000858.SZ,2022-11-03,0.0,140.82,140.85,140.8,170.0,2386860.0,140.533
000858.SZ,2022-11-03,0.0,140.84,140.84,140.81,234.0,3294600.0,140.533
000858.SZ,2022-11-03,0.0,140.71,140.85,140.65,789.0,11108700.0,140.534
000858.SZ,2022-11-03,0.0,140.75,140.8,140.7,445.0,6261170.0,140.535
000858.SZ,2022-11-03,0.0,140.85,140.86,140.75,184.0,2591140.0,140.535
000858.SZ,2022-11-03,0.0,140.88,140.88,140.84,160.0,2253820.0,140.535
000858.SZ,2022-11-03,0.0,140.91,140.94,140.82,471.0,6635730.0,140.536
000858.SZ,2022-11-03,0.0,140.98,140.99,140.91,307.0,4327230.0,140.537
000858.SZ,2022-11-03,0.0,140.87,140.98,140.79,609.0,8573410.0,140.538
000858.SZ,2022-11-03,0.0,140.98,140.98,140.87,451.0,6356630.0,140.539
000858.SZ,2022-11-03,0.0,140.92,140.98,140.89,338.0,4757810.0,140.54
000858.SZ,2022-11-03,0.0,140.95,140.97,140.93,196.0,2755540.0,140.541
000858.SZ,2022-11-03,0.0,140.84,140.95,140.83,278.0,3909300.0,140.541
000858.SZ,2022-11-03,0.0,140.75,140.94,140.75,373.0,5248960.0,140.542
000858.SZ,2022-11-03,0.0,140.8,140.8,140.76,311.0,4378380.0,140.542
000858.SZ,2022-11-03,0.0,140.79,140.81,140.75,291.0,4096720.0,140.543
000858.SZ,2022-11-03,0.0,140.73,140.82,140.73,582.0,8192610.0,140.544
000858.SZ,2022-11-03,0.0,140.62,140.67,140.58,375.0,5273460.0,140.544
000858.SZ,2022-11-03,0.0,140.64,140.69,140.61,174.0,2447270.0,140.544
000858.SZ,2022-11-03,0.0,140.75,140.78,140.65,250.0,3516930.0,140.544
000858.SZ,2022-11-03,0.0,140.8,140.8,140.77,194.0,2731240.0,140.544
000858.SZ,2022-11-03,0.0,140.81,140.82,140.78,339.0,4773170.0,140.545
000858.SZ,2022-11-03,0.0,140.88,140.9,140.82,233.0,3275030.0,140.545
000858.SZ,2022-11-03,0.0,140.86,140.93,140.86,231.0,3254800.0,140.546
000858.SZ,2022-11-03,0.0,140.88,140.89,140.85,299.0,4206620.0,140.547
000858.SZ,2022-11-03,0.0,140.91,140.92,140.89,243.0,3424010.0,140.547
000858.SZ,2022-11-03,0.0,140.94,140.94,140.9,245.0,3452890.0,140.548
000858.SZ,2022-11-03,0.0,140.95,140.96,140.93,218.0,3072580.0,140.548
000858.SZ,2022-11-03,0.0,141.08,141.08,140.95,918.0,12944600.0,140.551
000858.SZ,2022-11-03,0.0,141.08,141.1,141.07,327.0,4615670.0,140.552
000858.SZ,2022-11-03,0.0,140.93,141.09,140.92,464.0,6541360.0,140.553
000858.SZ,2022-11-03,0.0,140.81,140.93,140.81,314.0,4424130.0,140.554
000858.SZ,2022-11-03,0.0,140.77,140.82,140.69,376.0,5298920.0,140.554
000858.SZ,2022-11-03,0.0,140.66,140.79,140.66,302.0,4249200.0,140.554
000858.SZ,2022-11-03,0.0,140.61,140.67,140.6,391.0,5498590.0,140.555
000858.SZ,2022-11-03,0.0,140.78,140.81,140.61,499.0,7018570.0,140.555
000858.SZ,2022-11-03,0.0,140.85,140.86,140.74,369.0,5201310.0,140.555
000858.SZ,2022-11-03,0.0,140.86,140.9,140.84,470.0,6620560.0,140.556
000858.SZ,2022-11-03,0.0,140.78,140.86,140.78,431.0,6069620.0,140.557
000858.SZ,2022-11-03,0.0,140.8,140.8,140.77,358.0,5040240.0,140.557
000858.SZ,2022-11-03,0.0,140.84,140.9,140.8,1189.0,16736300.0,140.559
000858.SZ,2022-11-03,0.0,141.1,141.1,140.84,725.0,10221100.0,140.561
000858.SZ,2022-11-03,0.0,141.1,141.15,141.07,641.0,9046070.0,140.563
000858.SZ,2022-11-03,0.0,141.0,141.11,140.97,519.0,7318710.0,140.564
000858.SZ,2022-11-03,0.0,141.01,141.06,141.0,353.0,4978340.0,140.565
000858.SZ,2022-11-03,0.0,141.0,141.02,141.0,488.0,6880850.0,140.566
000858.SZ,2022-11-03,0.0,140.97,141.01,140.93,622.0,8769400.0,140.568
000858.SZ,2022-11-03,0.0,140.9,140.97,140.89,908.0,12787600.0,140.569
000858.SZ,2022-11-03,0.0,140.87,140.9,140.86,330.0,4655940.0,140.57
000858.SZ,2022-11-03,0.0,140.84,140.89,140.84,356.0,5014470.0,140.57
000858.SZ,2022-11-03,0.0,140.85,140.86,140.84,310.0,4366390.0,140.571
000858.SZ,2022-11-03,0.0,140.87,140.87,140.85,335.0,4718620.0,140.572
000858.SZ,2022-11-03,0.0,140.95,140.97,140.86,437.0,6149860.0,140.572
000858.SZ,2022-11-03,0.0,140.94,140.96,140.9,326.0,4594360.0,140.573
000858.SZ,2022-11-03,0.0,140.92,140.94,140.9,370.0,5213930.0,140.574
000858.SZ,2022-11-03,0.0,141.01,141.01,140.91,1031.0,14535300.0,140.576
000858.SZ,2022-11-03,0.0,141.0,141.08,140.96,536.0,7559990.0,140.577
000858.SZ,2022-11-03,0.0,140.91,141.0,140.91,475.0,6695250.0,140.578
000858.SZ,2022-11-03,0.0,140.86,140.9,140.86,494.0,6959840.0,140.579
000858.SZ,2022-11-03,0.0,140.98,140.98,140.86,588.0,8284520.0,140.58
000858.SZ,2022-11-03,0.0,140.97,141.0,140.94,574.0,8091470.0,140.581
000858.SZ,2022-11-03,0.0,140.95,140.99,140.94,483.0,6813590.0,140.582
000858.SZ,2022-11-03,0.0,140.9,140.94,140.88,867.0,12209800.0,140.584
000858.SZ,2022-11-03,0.0,140.88,140.9,140.88,702.0,9890490.0,140.585
000858.SZ,2022-11-03,0.0,140.85,140.9,140.85,842.0,11861500.0,140.586
000858.SZ,2022-11-03,0.0,140.86,140.87,140.81,1366.0,19241000.0,140.588
000858.SZ,2022-11-03,0.0,140.84,140.86,140.83,982.0,13830900.0,140.589
000858.SZ,2022-11-03,0.0,140.87,140.88,140.84,823.0,11589800.0,140.591
000858.SZ,2022-11-03,0.0,140.91,140.91,140.85,969.0,13651700.0,140.592
000858.SZ,2022-11-03,0.0,140.9,140.9,140.9,37.0,521368.0,140.592
000858.SZ,2022-11-03,0.0,140.9,140.9,140.9,0.0,0.0,140.592
000858.SZ,2022-11-03,0.0,140.92,140.92,140.92,2008.0,28299000.0,140.595
000858.SZ,2022-11-04,0.0,140.5,140.5,140.5,789.0,11085400.0,140.5
000858.SZ,2022-11-04,0.0,141.66,141.73,140.35,2712.0,38236900.0,140.868
000858.SZ,2022-11-04,0.0,141.79,141.86,141.5,2204.0,31216500.0,141.162
000858.SZ,2022-11-04,0.0,142.19,142.33,141.7,4206.0,59750600.0,141.543
000858.SZ,2022-11-04,0.0,142.67,142.8,142.21,3468.0,49419500.0,141.794
000858.SZ,2022-11-04,0.0,142.64,142.9,142.64,4046.0,57750600.0,142.012
000858.SZ,2022-11-04,0.0,142.85,143.43,142.72,4118.0,58913300.0,142.213
000858.SZ,2022-11-04,0.0,143.16,143.28,142.9,2709.0,38790600.0,142.322
000858.SZ,2022-11-04,0.0,143.8,143.84,143.22,4033.0,57873200.0,142.49
000858.SZ,2022-11-04,0.0,144.16,144.2,143.79,3516.0,50612300.0,142.651
000858.SZ,2022-11-04,0.0,143.88,144.34,143.88,4010.0,57782200.0,142.813
000858.SZ,2022-11-04,0.0,144.22,144.28,143.88,4673.0,67366200.0,142.969
000858.SZ,2022-11-04,0.0,144.04,144.35,144.02,2401.0,34628100.0,143.039
000858.SZ,2022-11-04,0.0,143.75,144.06,143.69,2331.0,33532200.0,143.081
000858.SZ,2022-11-04,0.0,143.97,144.01,143.71,2236.0,32175000.0,143.119
000858.SZ,2022-11-04,0.0,144.4,144.45,143.98,3514.0,50662100.0,143.192
000858.SZ,2022-11-04,0.0,144.43,144.6,144.43,3681.0,53194700.0,143.281
000858.SZ,2022-11-04,0.0,144.55,144.58,144.4,2731.0,39460600.0,143.338
000858.SZ,2022-11-04,0.0,144.81,144.98,144.57,2553.0,36940300.0,143.396
000858.SZ,2022-11-04,0.0,145.06,145.09,144.88,4596.0,66639100.0,143.51
000858.SZ,2022-11-04,0.0,145.18,145.3,145.09,4621.0,67071300.0,143.619
000858.SZ,2022-11-04,0.0,145.09,145.23,145.03,4734.0,68712400.0,143.717
000858.SZ,2022-11-04,0.0,145.18,145.22,145.09,2933.0,42571300.0,143.771
000858.SZ,2022-11-04,0.0,145.35,145.38,145.18,2676.0,38879900.0,143.822
000858.SZ,2022-11-04,0.0,146.0,146.0,145.36,4991.0,72726800.0,143.934
000858.SZ,2022-11-04,0.0,146.61,146.66,145.99,6735.0,98487504.0,144.103
000858.SZ,2022-11-04,0.0,146.52,146.8,146.52,5683.0,83317696.0,144.25
000858.SZ,2022-11-04,0.0,146.11,146.61,146.11,3641.0,53343900.0,144.332
000858.SZ,2022-11-04,0.0,146.04,146.12,145.99,3612.0,52762100.0,144.392
000858.SZ,2022-11-04,0.0,146.3,146.3,146.06,1877.0,27441800.0,144.424
000858.SZ,2022-11-04,0.0,146.58,146.59,146.3,2553.0,37402300.0,144.472
000858.SZ,2022-11-04,0.0,146.3,146.6,146.3,3941.0,57743400.0,144.544
000858.SZ,2022-11-04,0.0,146.52,146.56,146.29,2914.0,42664200.0,144.592
000858.SZ,2022-11-04,0.0,146.39,146.52,146.31,2996.0,43884800.0,144.639
000858.SZ,2022-11-04,0.0,146.0,146.34,146.0,3974.0,58053700.0,144.686
000858.SZ,2022-11-04,0.0,146.13,146.2,145.92,2917.0,42606400.0,144.717
000858.SZ,2022-11-04,0.0,146.45,146.45,146.16,1647.0,24101800.0,144.738
000858.SZ,2022-11-04,0.0,146.53,146.6,146.48,3528.0,51701800.0,144.787
000858.SZ,2022-11-04,0.0,146.52,146.56,146.48,2921.0,42799000.0,144.825
000858.SZ,2022-11-04,0.0,146.47,146.52,146.47,1589.0,23278100.0,144.845
000858.SZ,2022-11-04,0.0,146.8,146.8,146.46,4740.0,69482800.0,144.904
000858.SZ,2022-11-04,0.0,146.93,146.99,146.8,4102.0,60250900.0,144.961
000858.SZ,2022-11-04,0.0,146.94,147.0,146.9,4317.0,63451600.0,145.02
000858.SZ,2022-11-04,0.0,146.91,146.95,146.88,2002.0,29411200.0,145.045
000858.SZ,2022-11-04,0.0,146.85,146.91,146.83,2162.0,31767000.0,145.072
000858.SZ,2022-11-04,0.0,146.55,146.83,146.55,864.0,12676100.0,145.081
000858.SZ,2022-11-04,0.0,146.71,146.75,146.57,1385.0,20303000.0,145.095
000858.SZ,2022-11-04,0.0,146.65,146.72,146.6,895.0,13126700.0,145.104
000858.SZ,2022-11-04,0.0,146.34,146.67,146.34,1015.0,14877100.0,145.113
000858.SZ,2022-11-04,0.0,146.17,146.32,146.17,1432.0,20936300.0,145.123
000858.SZ,2022-11-04,0.0,145.85,146.16,145.85,1041.0,15199400.0,145.129
000858.SZ,2022-11-04,0.0,145.7,145.85,145.7,1444.0,21052100.0,145.135
000858.SZ,2022-11-04,0.0,146.03,146.04,145.66,1855.0,27046700.0,145.142
000858.SZ,2022-11-04,0.0,146.29,146.29,146.05,838.0,12246300.0,145.147
000858.SZ,2022-11-04,0.0,146.49,146.49,146.3,687.0,10063000.0,145.153
000858.SZ,2022-11-04,0.0,146.25,146.53,146.25,1976.0,28933500.0,145.168
000858.SZ,2022-11-04,0.0,146.32,146.41,146.2,1406.0,20568300.0,145.177
000858.SZ,2022-11-04,0.0,146.32,146.35,146.3,498.0,7286290.0,145.181
000858.SZ,2022-11-04,0.0,146.35,146.36,146.31,728.0,10653700.0,145.186
000858.SZ,2022-11-04,0.0,146.16,146.38,146.13,718.0,10504200.0,145.191
000858.SZ,2022-11-04,0.0,146.15,146.18,146.14,616.0,9003280.0,145.194
000858.SZ,2022-11-04,0.0,146.4,146.4,146.16,916.0,13399900.0,145.2
000858.SZ,2022-11-04,0.0,146.22,146.44,146.12,982.0,14365500.0,145.206
000858.SZ,2022-11-04,0.0,146.12,146.23,146.1,1204.0,17605900.0,145.213
000858.SZ,2022-11-04,0.0,146.13,146.2,146.1,574.0,8388390.0,145.216
000858.SZ,2022-11-04,0.0,146.01,146.13,146.01,881.0,12870900.0,145.221
000858.SZ,2022-11-04,0.0,145.91,146.03,145.91,1181.0,17242600.0,145.226
000858.SZ,2022-11-04,0.0,145.95,146.0,145.78,1484.0,21651100.0,145.232
000858.SZ,2022-11-04,0.0,146.02,146.02,145.96,1005.0,14663900.0,145.236
000858.SZ,2022-11-04,0.0,146.09,146.09,146.03,427.0,6236540.0,145.238
000858.SZ,2022-11-04,0.0,146.21,146.22,146.1,634.0,9263450.0,145.241
000858.SZ,2022-11-04,0.0,146.43,146.44,146.23,491.0,7185930.0,145.244
000858.SZ,2022-11-04,0.0,146.5,146.5,146.42,788.0,11541400.0,145.249
000858.SZ,2022-11-04,0.0,146.56,146.56,146.47,1462.0,21421400.0,145.259
000858.SZ,2022-11-04,0.0,146.58,146.6,146.55,897.0,13148700.0,145.266
000858.SZ,2022-11-04,0.0,146.77,146.77,146.5,1838.0,26949200.0,145.28
000858.SZ,2022-11-04,0.0,146.85,146.85,146.73,1217.0,17867600.0,145.29
000858.SZ,2022-11-04,0.0,146.85,146.87,146.83,1355.0,19899900.0,145.301
000858.SZ,2022-11-04,0.0,146.8,146.87,146.8,1084.0,15917600.0,145.31
000858.SZ,2022-11-04,0.0,146.75,146.8,146.69,1078.0,15820000.0,145.318
000858.SZ,2022-11-04,0.0,146.6,146.77,146.6,639.0,9372140.0,145.323
000858.SZ,2022-11-04,0.0,146.53,146.61,146.52,562.0,8237870.0,145.326
000858.SZ,2022-11-04,0.0,146.53,146.56,146.51,872.0,12778400.0,145.332
000858.SZ,2022-11-04,0.0,146.61,146.63,146.52,704.0,10319900.0,145.337
000858.SZ,2022-11-04,0.0,146.8,146.8,146.6,1062.0,15584700.0,145.344
000858.SZ,2022-11-04,0.0,146.84,146.85,146.79,798.0,11717400.0,145.35
000858.SZ,2022-11-04,0.0,146.88,146.9,146.82,1214.0,17831100.0,145.36
000858.SZ,2022-11-04,0.0,146.9,146.95,146.87,866.0,12722600.0,145.367
000858.SZ,2022-11-04,0.0,146.92,146.95,146.9,885.0,13002700.0,145.374
000858.SZ,2022-11-04,0.0,146.9,146.95,146.89,1159.0,17028000.0,145.383
000858.SZ,2022-11-04,0.0,147.0,147.0,146.9,3884.0,57087800.0,145.413
000858.SZ,2022-11-04,0.0,147.31,147.33,147.0,4798.0,70572800.0,145.452
000858.SZ,2022-11-04,0.0,147.2,147.3,147.2,1608.0,23681600.0,145.466
000858.SZ,2022-11-04,0.0,147.04,147.25,147.0,655.0,9639650.0,145.472
000858.SZ,2022-11-04,0.0,147.0,147.06,146.98,985.0,14480800.0,145.479
000858.SZ,2022-11-04,0.0,146.99,147.06,146.99,1326.0,19495400.0,145.489
000858.SZ,2022-11-04,0.0,146.94,147.0,146.94,450.0,6613890.0,145.492
000858.SZ,2022-11-04,0.0,147.19,147.2,146.92,1278.0,18793400.0,145.501
000858.SZ,2022-11-04,0.0,147.34,147.38,147.2,1729.0,25461200.0,145.516
000858.SZ,2022-11-04,0.0,147.33,147.34,147.32,788.0,11609900.0,145.522
000858.SZ,2022-11-04,0.0,147.33,147.36,147.32,1091.0,16075800.0,145.532
000858.SZ,2022-11-04,0.0,147.22,147.33,147.22,448.0,6597620.0,145.535
000858.SZ,2022-11-04,0.0,147.07,147.22,147.06,560.0,8241820.0,145.539
000858.SZ,2022-11-04,0.0,147.25,147.25,147.05,1071.0,15762200.0,145.547
000858.SZ,2022-11-04,0.0,147.41,147.47,147.23,1845.0,27187600.0,145.563
000858.SZ,2022-11-04,0.0,147.43,147.43,147.38,790.0,11645200.0,145.569
000858.SZ,2022-11-04,0.0,147.42,147.44,147.4,900.0,13267600.0,145.577
000858.SZ,2022-11-04,0.0,147.3,147.43,147.26,562.0,8282220.0,145.581
000858.SZ,2022-11-04,0.0,147.26,147.35,147.26,475.0,6996860.0,145.585
000858.SZ,2022-11-04,0.0,147.21,147.27,147.2,462.0,6802680.0,145.588
000858.SZ,2022-11-04,0.0,147.38,147.38,147.19,1157.0,17039700.0,145.597
000858.SZ,2022-11-04,0.0,147.35,147.38,147.35,522.0,7692460.0,145.601
000858.SZ,2022-11-04,0.0,147.35,147.36,147.31,395.0,5820000.0,145.604
000858.SZ,2022-11-04,0.0,147.46,147.46,147.33,1313.0,19352900.0,145.614
000858.SZ,2022-11-04,0.0,147.8,147.8,147.45,3468.0,51190200.0,145.644
000858.SZ,2022-11-04,0.0,147.72,147.82,147.72,1293.0,19107600.0,145.656
000858.SZ,2022-11-04,0.0,147.73,147.73,147.7,909.0,13428400.0,145.664
000858.SZ,2022-11-04,0.0,147.75,147.79,147.72,914.0,13504600.0,145.672
000858.SZ,2022-11-04,0.0,147.72,147.78,147.72,753.0,11125400.0,145.679
000858.SZ,2022-11-04,0.0,147.9,147.92,147.77,1745.0,25804500.0,145.695
000858.SZ,2022-11-04,0.0,147.88,147.9,147.8,944.0,13959400.0,145.704
000858.SZ,2022-11-04,0.0,148.78,148.78,147.89,11079.0,164152992.0,145.814
000858.SZ,2022-11-04,0.0,149.98,149.98,148.78,6768.0,101019000.0,145.905
000858.SZ,2022-11-04,0.0,149.99,150.0,149.69,7713.0,115653000.0,146.024
000858.SZ,2022-11-04,0.0,149.89,150.0,149.88,5269.0,79020896.0,146.102
000858.SZ,2022-11-04,0.0,149.87,149.9,149.8,2496.0,37405500.0,146.136
000858.SZ,2022-11-04,0.0,150.29,150.29,149.89,4765.0,71481504.0,146.203
000858.SZ,2022-11-04,0.0,150.4,150.49,150.17,3331.0,50071200.0,146.253
000858.SZ,2022-11-04,0.0,150.66,150.66,150.36,2726.0,41025000.0,146.294
000858.SZ,2022-11-04,0.0,150.93,151.0,150.66,3560.0,53720300.0,146.351
000858.SZ,2022-11-04,0.0,151.38,151.5,150.93,3934.0,59478100.0,146.417
000858.SZ,2022-11-04,0.0,151.08,151.38,151.08,3432.0,51915300.0,146.474
000858.SZ,2022-11-04,0.0,150.84,151.08,150.83,2716.0,40998400.0,146.515
000858.SZ,2022-11-04,0.0,150.86,150.97,150.82,3067.0,46280500.0,146.56
000858.SZ,2022-11-04,0.0,150.53,150.89,150.53,1896.0,28590000.0,146.587
000858.SZ,2022-11-04,0.0,150.06,150.5,149.99,2780.0,41733300.0,146.619
000858.SZ,2022-11-04,0.0,150.48,150.48,150.06,2050.0,30800900.0,146.644
000858.SZ,2022-11-04,0.0,150.77,150.8,150.44,2668.0,40202000.0,146.679
000858.SZ,2022-11-04,0.0,150.72,150.8,150.65,2007.0,30253500.0,146.705
000858.SZ,2022-11-04,0.0,150.78,150.79,150.73,2192.0,33049700.0,146.734
000858.SZ,2022-11-04,0.0,151.0,151.02,150.75,4008.0,60502100.0,146.787
000858.SZ,2022-11-04,0.0,150.9,151.0,150.9,2796.0,42209200.0,146.824
000858.SZ,2022-11-04,0.0,150.76,150.9,150.76,3307.0,49875800.0,146.865
000858.SZ,2022-11-04,0.0,150.99,150.99,150.75,3207.0,48385500.0,146.904
000858.SZ,2022-11-04,0.0,151.28,151.3,150.99,4351.0,65755100.0,146.96
000858.SZ,2022-11-04,0.0,151.51,151.54,151.28,3735.0,56563700.0,147.011
000858.SZ,2022-11-04,0.0,151.98,151.98,151.55,2919.0,44292900.0,147.052
000858.SZ,2022-11-04,0.0,151.6,152.0,151.6,5358.0,81402000.0,147.128
000858.SZ,2022-11-04,0.0,151.08,151.6,151.08,1440.0,21812500.0,147.146
000858.SZ,2022-11-04,0.0,150.94,151.07,150.9,1629.0,24596500.0,147.165
000858.SZ,2022-11-04,0.0,151.06,151.06,150.88,1798.0,27144800.0,147.184
000858.SZ,2022-11-04,0.0,150.9,151.2,150.9,1607.0,24269900.0,147.202
000858.SZ,2022-11-04,0.0,150.94,151.0,150.9,1449.0,21873800.0,147.218
000858.SZ,2022-11-04,0.0,150.9,150.94,150.83,1223.0,18456300.0,147.231
000858.SZ,2022-11-04,0.0,150.59,150.86,150.59,1753.0,26426100.0,147.248
000858.SZ,2022-11-04,0.0,150.47,150.58,150.45,1355.0,20395400.0,147.261
000858.SZ,2022-11-04,0.0,150.2,150.42,150.18,1387.0,20843400.0,147.273
000858.SZ,2022-11-04,0.0,150.12,150.19,150.12,1468.0,22044300.0,147.284
000858.SZ,2022-11-04,0.0,150.44,150.44,150.11,1621.0,24350600.0,147.298
000858.SZ,2022-11-04,0.0,150.5,150.5,150.45,1562.0,23505100.0,147.312
000858.SZ,2022-11-04,0.0,150.61,150.61,150.5,983.0,14798500.0,147.32
000858.SZ,2022-11-04,0.0,150.65,150.69,150.59,968.0,14581800.0,147.329
000858.SZ,2022-11-04,0.0,150.78,150.79,150.65,780.0,11757200.0,147.337
000858.SZ,2022-11-04,0.0,150.76,150.79,150.76,951.0,14338700.0,147.346
000858.SZ,2022-11-04,0.0,150.79,150.79,150.75,759.0,11443300.0,147.353
000858.SZ,2022-11-04,0.0,150.74,150.81,150.74,1077.0,16237600.0,147.363
000858.SZ,2022-11-04,0.0,150.91,150.92,150.74,2157.0,32550900.0,147.384
000858.SZ,2022-11-04,0.0,151.08,151.11,150.92,1260.0,19029700.0,147.396
000858.SZ,2022-11-04,0.0,151.38,151.38,151.1,1456.0,22013000.0,147.411
000858.SZ,2022-11-04,0.0,151.8,151.8,151.39,2441.0,37004600.0,147.439
000858.SZ,2022-11-04,0.0,152.0,152.0,151.83,4228.0,64244800.0,147.489
000858.SZ,2022-11-04,0.0,151.76,152.0,151.76,3585.0,54481500.0,147.532
000858.SZ,2022-11-04,0.0,151.57,151.81,151.57,971.0,14726900.0,147.542
000858.SZ,2022-11-04,0.0,151.28,151.57,151.27,981.0,14853800.0,147.552
000858.SZ,2022-11-04,0.0,151.27,151.38,151.27,1178.0,17823600.0,147.564
000858.SZ,2022-11-04,0.0,151.25,151.29,151.23,1476.0,22326200.0,147.578
000858.SZ,2022-11-04,0.0,151.17,151.25,151.17,1072.0,16209500.0,147.588
000858.SZ,2022-11-04,0.0,151.05,151.17,151.05,833.0,12586800.0,147.595
000858.SZ,2022-11-04,0.0,151.21,151.21,151.03,1615.0,24411200.0,147.61
000858.SZ,2022-11-04,0.0,151.32,151.32,151.24,681.0,10301700.0,147.616
000858.SZ,2022-11-04,0.0,151.32,151.47,151.32,1056.0,15987800.0,147.627
000858.SZ,2022-11-04,0.0,151.28,151.36,151.28,1276.0,19305700.0,147.639
000858.SZ,2022-11-04,0.0,151.25,151.28,151.05,2288.0,34595400.0,147.659
000858.SZ,2022-11-04,0.0,151.18,151.25,151.18,1556.0,23526500.0,147.673
000858.SZ,2022-11-04,0.0,151.22,151.24,151.16,1799.0,27199200.0,147.689
000858.SZ,2022-11-04,0.0,151.2,151.22,151.2,1490.0,22530000.0,147.702
000858.SZ,2022-11-04,0.0,151.17,151.2,151.17,948.0,14332600.0,147.711
000858.SZ,2022-11-04,0.0,151.16,151.17,151.15,869.0,13136100.0,147.718
000858.SZ,2022-11-04,0.0,151.13,151.17,151.13,907.0,13709500.0,147.726
000858.SZ,2022-11-04,0.0,151.12,151.14,151.11,950.0,14357200.0,147.734
000858.SZ,2022-11-04,0.0,151.1,151.13,151.09,964.0,14567200.0,147.742
000858.SZ,2022-11-04,0.0,151.16,151.16,151.0,1565.0,23648300.0,147.755
000858.SZ,2022-11-04,0.0,151.07,151.18,151.03,900.0,13601200.0,147.763
000858.SZ,2022-11-04,0.0,151.0,151.08,150.88,1490.0,22492300.0,147.774
000858.SZ,2022-11-04,0.0,150.95,151.01,150.94,1228.0,18540100.0,147.784
000858.SZ,2022-11-04,0.0,150.9,150.93,150.9,1184.0,17872200.0,147.793
000858.SZ,2022-11-04,0.0,150.87,150.9,150.83,1317.0,19869800.0,147.803
000858.SZ,2022-11-04,0.0,150.98,150.98,150.86,1326.0,20008700.0,147.813
000858.SZ,2022-11-04,0.0,150.99,151.0,150.98,1179.0,17802100.0,147.822
000858.SZ,2022-11-04,0.0,151.01,151.03,150.98,1606.0,24256100.0,147.834
000858.SZ,2022-11-04,0.0,150.79,151.01,150.79,1534.0,23144100.0,147.845
000858.SZ,2022-11-04,0.0,150.81,150.87,150.78,1239.0,18685900.0,147.854
000858.SZ,2022-11-04,0.0,150.9,150.9,150.8,1064.0,16050900.0,147.862
000858.SZ,2022-11-04,0.0,150.98,150.99,150.89,1110.0,16756700.0,147.87
000858.SZ,2022-11-04,0.0,151.0,151.0,150.98,1113.0,16805400.0,147.878
000858.SZ,2022-11-04,0.0,150.98,151.01,150.98,1065.0,16081000.0,147.886
000858.SZ,2022-11-04,0.0,150.99,150.99,150.96,935.0,14108900.0,147.893
000858.SZ,2022-11-04,0.0,150.98,151.0,150.97,1140.0,17212500.0,147.901
000858.SZ,2022-11-04,0.0,150.98,151.0,150.98,1164.0,17575400.0,147.91
000858.SZ,2022-11-04,0.0,150.98,150.99,150.97,1071.0,16170100.0,147.918
000858.SZ,2022-11-04,0.0,150.97,150.98,150.97,1045.0,15780200.0,147.925
000858.SZ,2022-11-04,0.0,150.85,150.97,150.85,1507.0,22738600.0,147.936
000858.SZ,2022-11-04,0.0,150.8,150.86,150.79,1618.0,24403400.0,147.946
000858.SZ,2022-11-04,0.0,150.77,150.8,150.75,1291.0,19465700.0,147.955
000858.SZ,2022-11-04,0.0,150.72,150.77,150.72,1593.0,24012900.0,147.965
000858.SZ,2022-11-04,0.0,150.6,150.71,150.6,1314.0,19796400.0,147.973
000858.SZ,2022-11-04,0.0,150.6,150.6,150.57,1845.0,27784500.0,147.984
000858.SZ,2022-11-04,0.0,150.69,150.69,150.6,1624.0,24460700.0,147.994
000858.SZ,2022-11-04,0.0,150.95,150.99,150.73,1848.0,27881000.0,148.006
000858.SZ,2022-11-04,0.0,151.01,151.01,150.92,3867.0,58383300.0,148.032
000858.SZ,2022-11-04,0.0,151.0,151.02,151.0,1507.0,22757200.0,148.042
000858.SZ,2022-11-04,0.0,150.99,151.0,150.99,2133.0,32207800.0,148.056
000858.SZ,2022-11-04,0.0,150.95,150.99,150.95,1074.0,16214400.0,148.063
000858.SZ,2022-11-04,0.0,150.92,150.96,150.92,1121.0,16920200.0,148.07
000858.SZ,2022-11-04,0.0,150.94,150.94,150.92,1068.0,16118800.0,148.077
000858.SZ,2022-11-04,0.0,150.93,150.96,150.93,1478.0,22309500.0,148.086
000858.SZ,2022-11-04,0.0,150.92,150.94,150.91,1111.0,16767800.0,148.093
000858.SZ,2022-11-04,0.0,150.92,150.93,150.91,1516.0,22880100.0,148.103
000858.SZ,2022-11-04,0.0,150.95,150.96,150.92,1689.0,25496100.0,148.113
000858.SZ,2022-11-04,0.0,150.98,150.99,150.94,1695.0,25588400.0,148.124
000858.SZ,2022-11-04,0.0,150.96,150.99,150.96,2055.0,31024700.0,148.137
000858.SZ,2022-11-04,0.0,150.91,150.97,150.91,1939.0,29269200.0,148.148
000858.SZ,2022-11-04,0.0,150.78,150.91,150.78,1612.0,24313600.0,148.158
000858.SZ,2022-11-04,0.0,150.57,150.78,150.57,1268.0,19099200.0,148.164
000858.SZ,2022-11-04,0.0,150.38,150.57,150.38,1439.0,21650700.0,148.172
000858.SZ,2022-11-04,0.0,150.25,150.39,150.25,2431.0,36549600.0,148.183
000858.SZ,2022-11-04,0.0,150.01,150.25,150.01,2144.0,32181700.0,148.192
000858.SZ,2022-11-04,0.0,150.06,150.11,150.01,3630.0,54458900.0,148.206
000858.SZ,2022-11-04,0.0,150.1,150.1,150.1,28.0,420174.0,148.206
000858.SZ,2022-11-04,0.0,150.1,150.1,150.1,0.0,0.0,148.206
000858.SZ,2022-11-04,0.0,150.0,150.0,150.0,4176.0,62644600.0,148.221
000858.SZ,2022-11-07,0.0,149.0,149.0,149.0,4443.0,66200700.0,149.0
000858.SZ,2022-11-07,0.0,147.8,149.5,147.68,9472.0,140431008.0,148.496
000858.SZ,2022-11-07,0.0,148.3,148.3,147.82,5168.0,76507400.0,148.369
000858.SZ,2022-11-07,0.0,148.61,148.63,148.25,3443.0,51122600.0,148.387
000858.SZ,2022-11-07,0.0,148.53,148.63,148.3,4486.0,66574700.0,148.39
000858.SZ,2022-11-07,0.0,149.35,149.35,148.5,2408.0,35817400.0,148.419
000858.SZ,2022-11-07,0.0,149.86,149.88,149.35,3094.0,46297700.0,148.534
000858.SZ,2022-11-07,0.0,149.23,149.89,148.95,4517.0,67502600.0,148.645
000858.SZ,2022-11-07,0.0,149.75,149.94,149.25,1922.0,28738900.0,148.689
000858.SZ,2022-11-07,0.0,149.8,149.8,149.69,1880.0,28147100.0,148.736
000858.SZ,2022-11-07,0.0,149.57,149.79,149.55,1592.0,23840300.0,148.774
000858.SZ,2022-11-07,0.0,149.55,149.66,149.5,1483.0,22188300.0,148.802
000858.SZ,2022-11-07,0.0,149.47,149.55,149.45,1644.0,24577300.0,148.828
000858.SZ,2022-11-07,0.0,150.2,150.48,149.48,2120.0,31789700.0,148.877
000858.SZ,2022-11-07,0.0,150.4,150.4,149.96,2655.0,39872300.0,148.945
000858.SZ,2022-11-07,0.0,150.56,150.59,150.42,2628.0,39544400.0,149.021
000858.SZ,2022-11-07,0.0,150.05,150.63,150.05,2655.0,39937500.0,149.088
000858.SZ,2022-11-07,0.0,150.0,150.19,149.96,2575.0,38650900.0,149.133
000858.SZ,2022-11-07,0.0,149.99,150.04,149.98,1724.0,25862700.0,149.158
000858.SZ,2022-11-07,0.0,149.57,149.78,149.42,1993.0,29805200.0,149.171
000858.SZ,2022-11-07,0.0,149.47,149.58,149.44,1233.0,18431700.0,149.177
000858.SZ,2022-11-07,0.0,149.29,149.47,149.23,1576.0,23543800.0,149.182
000858.SZ,2022-11-07,0.0,148.97,149.23,148.97,1794.0,26749900.0,149.18
000858.SZ,2022-11-07,0.0,148.82,148.95,148.8,1972.0,29352700.0,149.171
000858.SZ,2022-11-07,0.0,149.1,149.1,148.82,2066.0,30785300.0,149.165
000858.SZ,2022-11-07,0.0,148.82,149.1,148.81,2261.0,33676900.0,149.158
000858.SZ,2022-11-07,0.0,148.91,148.91,148.68,2070.0,30793900.0,149.147
000858.SZ,2022-11-07,0.0,149.03,149.04,148.91,695.0,10353500.0,149.146
000858.SZ,2022-11-07,0.0,148.94,149.05,148.91,959.0,14285600.0,149.144
000858.SZ,2022-11-07,0.0,149.48,149.48,148.94,969.0,14446600.0,149.143
000858.SZ,2022-11-07,0.0,149.09,149.5,149.09,805.0,12018800.0,149.144
000858.SZ,2022-11-07,0.0,149.67,149.77,149.05,962.0,14374600.0,149.148
000858.SZ,2022-11-07,0.0,149.67,149.74,149.53,800.0,11973200.0,149.153
000858.SZ,2022-11-07,0.0,149.3,149.68,149.2,890.0,13301700.0,149.157
000858.SZ,2022-11-07,0.0,149.49,149.5,149.21,1174.0,17533100.0,149.159
000858.SZ,2022-11-07,0.0,149.21,149.42,149.21,1438.0,21465200.0,149.161
000858.SZ,2022-11-07,0.0,149.22,149.38,149.21,900.0,13431500.0,149.162
000858.SZ,2022-11-07,0.0,149.13,149.21,149.13,1115.0,16636400.0,149.163
000858.SZ,2022-11-07,0.0,149.22,149.3,149.13,1360.0,20292800.0,149.163
000858.SZ,2022-11-07,0.0,149.13,149.22,149.13,768.0,11455600.0,149.163
000858.SZ,2022-11-07,0.0,149.04,149.14,149.04,833.0,12419400.0,149.163
000858.SZ,2022-11-07,0.0,149.15,149.25,149.01,1703.0,25394700.0,149.162
000858.SZ,2022-11-07,0.0,148.98,149.13,148.98,1612.0,24024200.0,149.16
000858.SZ,2022-11-07,0.0,148.82,148.99,148.82,742.0,11048100.0,149.157
000858.SZ,2022-11-07,0.0,148.73,148.82,148.73,1056.0,15712000.0,149.153
000858.SZ,2022-11-07,0.0,148.73,148.76,148.71,1015.0,15096100.0,149.149
000858.SZ,2022-11-07,0.0,149.08,149.11,148.73,1252.0,18643200.0,149.146
000858.SZ,2022-11-07,0.0,149.3,149.35,149.07,958.0,14285100.0,149.145
000858.SZ,2022-11-07,0.0,149.35,149.41,149.29,742.0,11082600.0,149.147
000858.SZ,2022-11-07,0.0,149.26,149.46,149.26,728.0,10873900.0,149.149
000858.SZ,2022-11-07,0.0,149.42,149.42,149.23,745.0,11123100.0,149.15
000858.SZ,2022-11-07,0.0,149.35,149.43,149.3,382.0,5705480.0,149.151
000858.SZ,2022-11-07,0.0,149.32,149.37,149.32,570.0,8512780.0,149.152
000858.SZ,2022-11-07,0.0,149.31,149.33,149.3,314.0,4688150.0,149.152
000858.SZ,2022-11-07,0.0,149.04,149.3,149.01,632.0,9427020.0,149.152
000858.SZ,2022-11-07,0.0,149.44,149.44,149.08,532.0,7939900.0,149.153
000858.SZ,2022-11-07,0.0,149.37,149.47,149.37,295.0,4407710.0,149.153
000858.SZ,2022-11-07,0.0,149.26,149.37,149.25,319.0,4761810.0,149.154
000858.SZ,2022-11-07,0.0,149.24,149.27,149.21,383.0,5715900.0,149.154
000858.SZ,2022-11-07,0.0,149.56,149.6,149.22,773.0,11551800.0,149.156
000858.SZ,2022-11-07,0.0,149.63,149.66,149.56,409.0,6118940.0,149.158
000858.SZ,2022-11-07,0.0,149.88,149.88,149.67,473.0,7083590.0,149.161
000858.SZ,2022-11-07,0.0,149.9,149.99,149.9,1417.0,21250700.0,149.171
000858.SZ,2022-11-07,0.0,149.71,149.89,149.7,327.0,4898280.0,149.173
000858.SZ,2022-11-07,0.0,149.51,149.72,149.51,334.0,4997030.0,149.175
000858.SZ,2022-11-07,0.0,149.51,149.52,149.48,438.0,6548530.0,149.176
000858.SZ,2022-11-07,0.0,149.67,149.67,149.5,496.0,7417340.0,149.178
000858.SZ,2022-11-07,0.0,150.08,150.08,149.65,896.0,13432000.0,149.184
000858.SZ,2022-11-07,0.0,150.5,150.5,150.08,1150.0,17290400.0,149.196
000858.SZ,2022-11-07,0.0,150.4,150.48,150.0,1859.0,27930000.0,149.214
000858.SZ,2022-11-07,0.0,150.43,150.44,150.25,1501.0,22578700.0,149.23
000858.SZ,2022-11-07,0.0,150.5,150.54,150.4,1020.0,15347100.0,149.241
000858.SZ,2022-11-07,0.0,150.25,150.49,150.17,657.0,9874490.0,149.247
000858.SZ,2022-11-07,0.0,150.1,150.24,150.01,358.0,5375080.0,149.25
000858.SZ,2022-11-07,0.0,150.03,150.1,150.0,654.0,9814190.0,149.255
000858.SZ,2022-11-07,0.0,149.8,150.03,149.8,471.0,7065940.0,149.257
000858.SZ,2022-11-07,0.0,149.66,149.8,149.66,338.0,5059680.0,149.259
000858.SZ,2022-11-07,0.0,149.4,149.65,149.4,746.0,11154300.0,149.26
000858.SZ,2022-11-07,0.0,149.59,149.59,149.41,285.0,4261210.0,149.261
000858.SZ,2022-11-07,0.0,149.66,149.66,149.57,294.0,4398800.0,149.262
000858.SZ,2022-11-07,0.0,149.68,149.89,149.63,485.0,7261240.0,149.264
000858.SZ,2022-11-07,0.0,149.81,149.87,149.68,251.0,3759160.0,149.265
000858.SZ,2022-11-07,0.0,149.6,149.72,149.6,1143.0,17113800.0,149.269
000858.SZ,2022-11-07,0.0,149.63,149.63,149.59,263.0,3934660.0,149.27
000858.SZ,2022-11-07,0.0,149.66,149.68,149.59,351.0,5251360.0,149.271
000858.SZ,2022-11-07,0.0,149.79,149.79,149.66,291.0,4356090.0,149.272
000858.SZ,2022-11-07,0.0,149.96,149.96,149.8,243.0,3640530.0,149.273
000858.SZ,2022-11-07,0.0,150.02,150.02,149.95,508.0,7619430.0,149.276
000858.SZ,2022-11-07,0.0,150.05,150.08,150.0,288.0,4320820.0,149.278
000858.SZ,2022-11-07,0.0,150.01,150.05,150.0,239.0,3585780.0,149.28
000858.SZ,2022-11-07,0.0,150.01,150.04,150.0,398.0,5970420.0,149.282
000858.SZ,2022-11-07,0.0,150.19,150.19,149.99,781.0,11719100.0,149.287
000858.SZ,2022-11-07,0.0,150.4,150.41,150.2,538.0,8087520.0,149.291
000858.SZ,2022-11-07,0.0,150.58,150.58,150.4,1382.0,20796600.0,149.305
000858.SZ,2022-11-07,0.0,150.62,150.66,150.58,966.0,14548000.0,149.315
000858.SZ,2022-11-07,0.0,150.41,150.62,150.4,595.0,8961380.0,149.321
000858.SZ,2022-11-07,0.0,150.16,150.41,150.16,246.0,3697010.0,149.323
000858.SZ,2022-11-07,0.0,150.02,150.14,150.0,382.0,5732080.0,149.325
000858.SZ,2022-11-07,0.0,150.21,150.21,150.02,307.0,4608710.0,149.327
000858.SZ,2022-11-07,0.0,150.21,150.24,150.2,230.0,3455060.0,149.328
000858.SZ,2022-11-07,0.0,150.29,150.34,150.2,337.0,5062500.0,149.331
000858.SZ,2022-11-07,0.0,150.37,150.39,150.28,230.0,3457640.0,149.333
000858.SZ,2022-11-07,0.0,150.24,150.37,150.21,540.0,8116600.0,149.337
000858.SZ,2022-11-07,0.0,150.22,150.24,150.22,337.0,5062820.0,149.339
000858.SZ,2022-11-07,0.0,150.17,150.21,150.17,465.0,6983980.0,149.342
000858.SZ,2022-11-07,0.0,150.08,150.17,150.06,254.0,3812540.0,149.344
000858.SZ,2022-11-07,0.0,150.32,150.32,150.02,508.0,7627790.0,149.347
000858.SZ,2022-11-07,0.0,150.6,150.6,150.36,905.0,13622500.0,149.355
000858.SZ,2022-11-07,0.0,150.68,150.7,150.59,616.0,9279070.0,149.361
000858.SZ,2022-11-07,0.0,150.92,150.96,150.74,749.0,11299300.0,149.369
000858.SZ,2022-11-07,0.0,151.2,151.2,150.94,1598.0,24130700.0,149.389
000858.SZ,2022-11-07,0.0,151.14,151.31,151.11,1322.0,19993100.0,149.407
000858.SZ,2022-11-07,0.0,151.1,151.16,150.99,970.0,14656800.0,149.419
000858.SZ,2022-11-07,0.0,151.03,151.1,150.99,714.0,10785700.0,149.428
000858.SZ,2022-11-07,0.0,151.01,151.03,150.97,886.0,13380800.0,149.438
000858.SZ,2022-11-07,0.0,151.1,151.1,150.97,814.0,12293100.0,149.447
000858.SZ,2022-11-07,0.0,151.15,151.15,151.05,490.0,7404610.0,149.453
000858.SZ,2022-11-07,0.0,151.06,151.2,151.02,531.0,8025560.0,149.459
000858.SZ,2022-11-07,0.0,151.13,151.15,151.08,317.0,4790350.0,149.463
000858.SZ,2022-11-07,0.0,151.15,151.15,151.06,559.0,8446900.0,149.47
000858.SZ,2022-11-07,0.0,151.17,151.17,151.01,416.0,6285000.0,149.475
000858.SZ,2022-11-07,0.0,151.48,151.48,151.06,3789.0,57290100.0,149.52
000858.SZ,2022-11-07,0.0,151.67,151.68,151.47,2016.0,30549800.0,149.547
000858.SZ,2022-11-07,0.0,151.73,151.85,151.67,1118.0,16964500.0,149.564
000858.SZ,2022-11-07,0.0,152.28,152.29,151.72,2978.0,45245800.0,149.611
000858.SZ,2022-11-07,0.0,152.52,152.68,152.32,1705.0,26000200.0,149.644
000858.SZ,2022-11-07,0.0,152.0,152.6,152.0,1845.0,28113400.0,149.676
000858.SZ,2022-11-07,0.0,152.19,152.2,152.0,958.0,14566300.0,149.691
000858.SZ,2022-11-07,0.0,152.52,152.55,152.17,1377.0,20971400.0,149.714
000858.SZ,2022-11-07,0.0,152.7,152.7,152.51,1644.0,25090400.0,149.744
000858.SZ,2022-11-07,0.0,152.26,152.69,152.18,1821.0,27746900.0,149.774
000858.SZ,2022-11-07,0.0,152.09,152.34,152.09,3447.0,52474000.0,149.826
000858.SZ,2022-11-07,0.0,152.09,152.09,151.91,1586.0,24107900.0,149.847
000858.SZ,2022-11-07,0.0,151.91,152.15,151.91,986.0,14994900.0,149.86
000858.SZ,2022-11-07,0.0,151.87,151.96,151.87,537.0,8158080.0,149.867
000858.SZ,2022-11-07,0.0,152.05,152.05,151.78,849.0,12893800.0,149.877
000858.SZ,2022-11-07,0.0,152.05,152.15,152.0,894.0,13597500.0,149.889
000858.SZ,2022-11-07,0.0,151.58,152.0,151.58,698.0,10591300.0,149.896
000858.SZ,2022-11-07,0.0,151.6,151.6,151.56,404.0,6123670.0,149.9
000858.SZ,2022-11-07,0.0,152.05,152.05,151.56,674.0,10228800.0,149.908
000858.SZ,2022-11-07,0.0,152.02,152.05,152.0,612.0,9303290.0,149.915
000858.SZ,2022-11-07,0.0,152.03,152.03,151.65,1182.0,17963100.0,149.929
000858.SZ,2022-11-07,0.0,152.04,152.06,152.0,622.0,9456430.0,149.937
000858.SZ,2022-11-07,0.0,152.02,152.05,152.0,556.0,8458830.0,149.944
000858.SZ,2022-11-07,0.0,152.0,152.05,152.0,545.0,8285660.0,149.95
000858.SZ,2022-11-07,0.0,152.15,152.15,152.01,591.0,8988270.0,149.957
000858.SZ,2022-11-07,0.0,152.4,152.5,152.25,1532.0,23339600.0,149.978
000858.SZ,2022-11-07,0.0,152.41,152.51,152.41,1374.0,20950900.0,149.998
000858.SZ,2022-11-07,0.0,152.1,152.46,152.1,598.0,9111570.0,150.006
000858.SZ,2022-11-07,0.0,151.98,152.14,151.77,733.0,11134600.0,150.014
000858.SZ,2022-11-07,0.0,151.88,151.99,151.79,871.0,13229600.0,150.023
000858.SZ,2022-11-07,0.0,151.88,152.0,151.8,410.0,6229310.0,150.027
000858.SZ,2022-11-07,0.0,151.83,152.0,151.67,519.0,7881030.0,150.033
000858.SZ,2022-11-07,0.0,151.75,151.91,151.75,404.0,6133730.0,150.037
000858.SZ,2022-11-07,0.0,151.59,151.78,151.59,515.0,7810160.0,150.041
000858.SZ,2022-11-07,0.0,151.68,151.8,151.58,494.0,7491960.0,150.046
000858.SZ,2022-11-07,0.0,151.6,151.8,151.6,493.0,7476920.0,150.05
000858.SZ,2022-11-07,0.0,151.4,151.66,151.4,788.0,11936800.0,150.056
000858.SZ,2022-11-07,0.0,151.4,151.4,151.3,689.0,10426400.0,150.061
000858.SZ,2022-11-07,0.0,151.3,151.4,151.3,413.0,6250780.0,150.064
000858.SZ,2022-11-07,0.0,151.18,151.31,151.18,512.0,7743590.0,150.067
000858.SZ,2022-11-07,0.0,151.02,151.17,151.0,961.0,14518200.0,150.072
000858.SZ,2022-11-07,0.0,151.02,151.1,151.01,1016.0,15350400.0,150.078
000858.SZ,2022-11-07,0.0,151.0,151.05,151.0,708.0,10691700.0,150.081
000858.SZ,2022-11-07,0.0,150.97,151.02,150.96,641.0,9678270.0,150.084
000858.SZ,2022-11-07,0.0,151.48,151.48,150.95,1101.0,16639600.0,150.09
000858.SZ,2022-11-07,0.0,151.3,151.49,151.25,595.0,9007120.0,150.094
000858.SZ,2022-11-07,0.0,151.16,151.34,151.03,446.0,6743040.0,150.097
000858.SZ,2022-11-07,0.0,151.07,151.15,151.07,308.0,4653820.0,150.099
000858.SZ,2022-11-07,0.0,151.0,151.07,151.0,400.0,6040840.0,150.101
000858.SZ,2022-11-07,0.0,150.89,150.99,150.89,491.0,7411930.0,150.103
000858.SZ,2022-11-07,0.0,150.71,150.89,150.5,1125.0,16956500.0,150.106
000858.SZ,2022-11-07,0.0,150.61,150.74,150.6,1169.0,17603600.0,150.109
000858.SZ,2022-11-07,0.0,150.73,150.73,150.62,450.0,6780330.0,150.111
000858.SZ,2022-11-07,0.0,150.74,150.75,150.66,336.0,5064480.0,150.112
000858.SZ,2022-11-07,0.0,150.7,150.73,150.7,315.0,4747460.0,150.113
000858.SZ,2022-11-07,0.0,150.9,150.9,150.7,435.0,6562740.0,150.114
000858.SZ,2022-11-07,0.0,150.98,151.0,150.89,415.0,6264730.0,150.116
000858.SZ,2022-11-07,0.0,150.8,151.01,150.8,544.0,8206370.0,150.118
000858.SZ,2022-11-07,0.0,150.75,150.8,150.75,395.0,5955430.0,150.119
000858.SZ,2022-11-07,0.0,150.66,150.78,150.66,410.0,6179780.0,150.121
000858.SZ,2022-11-07,0.0,150.66,150.68,150.52,737.0,11101700.0,150.122
000858.SZ,2022-11-07,0.0,150.63,150.7,150.62,304.0,4579740.0,150.123
000858.SZ,2022-11-07,0.0,150.45,150.63,150.45,453.0,6816510.0,150.124
000858.SZ,2022-11-07,0.0,150.35,150.45,150.35,604.0,9084360.0,150.125
000858.SZ,2022-11-07,0.0,150.7,150.7,150.45,574.0,8646810.0,150.126
000858.SZ,2022-11-07,0.0,150.8,150.8,150.7,300.0,4522420.0,150.127
000858.SZ,2022-11-07,0.0,150.86,150.88,150.79,405.0,6108260.0,150.129
000858.SZ,2022-11-07,0.0,150.81,150.88,150.81,341.0,5143810.0,150.13
000858.SZ,2022-11-07,0.0,150.82,150.83,150.8,283.0,4268050.0,150.131
000858.SZ,2022-11-07,0.0,150.92,150.92,150.82,418.0,6305880.0,150.132
000858.SZ,2022-11-07,0.0,151.05,151.05,150.9,555.0,8380510.0,150.135
000858.SZ,2022-11-07,0.0,150.9,151.04,150.9,377.0,5691500.0,150.136
000858.SZ,2022-11-07,0.0,150.86,150.94,150.86,251.0,3787690.0,150.137
000858.SZ,2022-11-07,0.0,150.81,150.9,150.81,367.0,5536260.0,150.139
000858.SZ,2022-11-07,0.0,150.62,150.82,150.62,636.0,9589010.0,150.141
000858.SZ,2022-11-07,0.0,150.71,150.76,150.62,516.0,7776220.0,150.142
000858.SZ,2022-11-07,0.0,150.74,150.8,150.7,404.0,6089190.0,150.143
000858.SZ,2022-11-07,0.0,150.52,150.73,150.52,535.0,8059240.0,150.144
000858.SZ,2022-11-07,0.0,150.68,150.7,150.5,931.0,14018200.0,150.146
000858.SZ,2022-11-07,0.0,150.85,150.87,150.68,550.0,8291450.0,150.148
000858.SZ,2022-11-07,0.0,150.9,150.95,150.8,368.0,5553690.0,150.149
000858.SZ,2022-11-07,0.0,150.84,150.95,150.8,341.0,5144430.0,150.151
000858.SZ,2022-11-07,0.0,150.82,150.84,150.79,390.0,5881550.0,150.152
000858.SZ,2022-11-07,0.0,150.7,150.82,150.69,423.0,6376850.0,150.153
000858.SZ,2022-11-07,0.0,150.78,150.79,150.69,510.0,7686900.0,150.154
000858.SZ,2022-11-07,0.0,150.95,150.95,150.79,404.0,6091880.0,150.156
000858.SZ,2022-11-07,0.0,150.89,150.94,150.89,417.0,6298360.0,150.157
000858.SZ,2022-11-07,0.0,150.93,150.94,150.89,370.0,5583280.0,150.159
000858.SZ,2022-11-07,0.0,151.06,151.06,150.9,714.0,10779900.0,150.161
000858.SZ,2022-11-07,0.0,151.07,151.07,150.96,472.0,7128290.0,150.163
000858.SZ,2022-11-07,0.0,151.02,151.07,151.02,343.0,5180990.0,150.165
000858.SZ,2022-11-07,0.0,150.93,151.01,150.93,262.0,3955760.0,150.166
000858.SZ,2022-11-07,0.0,150.94,150.96,150.94,382.0,5766190.0,150.167
000858.SZ,2022-11-07,0.0,151.01,151.01,150.93,642.0,9691900.0,150.17
000858.SZ,2022-11-07,0.0,151.08,151.11,151.0,649.0,9802860.0,150.172
000858.SZ,2022-11-07,0.0,151.08,151.12,151.07,428.0,6466420.0,150.174
000858.SZ,2022-11-07,0.0,151.09,151.1,151.08,320.0,4834870.0,150.175
000858.SZ,2022-11-07,0.0,151.19,151.19,151.09,303.0,4579560.0,150.177
000858.SZ,2022-11-07,0.0,151.24,151.29,151.19,519.0,7847830.0,150.179
000858.SZ,2022-11-07,0.0,151.09,151.29,151.09,559.0,8450880.0,150.182
000858.SZ,2022-11-07,0.0,151.1,151.11,151.07,519.0,7841600.0,150.184
000858.SZ,2022-11-07,0.0,151.16,151.2,151.1,405.0,6121740.0,150.186
000858.SZ,2022-11-07,0.0,151.12,151.21,151.12,426.0,6440420.0,150.188
000858.SZ,2022-11-07,0.0,151.1,151.14,151.1,446.0,6739530.0,150.19
000858.SZ,2022-11-07,0.0,151.07,151.09,151.0,530.0,8011630.0,150.192
000858.SZ,2022-11-07,0.0,151.12,151.19,151.05,652.0,9853200.0,150.195
000858.SZ,2022-11-07,0.0,151.07,151.1,151.07,371.0,5604990.0,150.196
000858.SZ,2022-11-07,0.0,151.06,151.07,151.05,478.0,7220630.0,150.198
000858.SZ,2022-11-07,0.0,151.12,151.12,151.05,567.0,8566310.0,150.2
000858.SZ,2022-11-07,0.0,151.13,151.14,151.1,754.0,11394300.0,150.203
000858.SZ,2022-11-07,0.0,151.11,151.14,151.1,923.0,13948300.0,150.207
000858.SZ,2022-11-07,0.0,151.09,151.12,151.08,889.0,13433500.0,150.211
000858.SZ,2022-11-07,0.0,151.07,151.09,151.05,791.0,11949600.0,150.214
000858.SZ,2022-11-07,0.0,151.08,151.08,151.07,729.0,11013500.0,150.217
000858.SZ,2022-11-07,0.0,151.08,151.09,151.07,670.0,10122700.0,150.219
000858.SZ,2022-11-07,0.0,151.15,151.16,151.09,1075.0,16242400.0,150.224
000858.SZ,2022-11-07,0.0,151.15,151.15,151.12,981.0,14823800.0,150.227
000858.SZ,2022-11-07,0.0,151.13,151.13,151.13,23.0,347619.0,150.228
000858.SZ,2022-11-07,0.0,151.13,151.13,151.13,0.0,0.0,150.228
000858.SZ,2022-11-07,0.0,151.14,151.14,151.14,2201.0,33265900.0,150.236
000858.SZ,2022-11-08,0.0,151.01,151.01,151.01,518.0,7822320.0,151.01
000858.SZ,2022-11-08,0.0,150.59,151.0,150.03,2737.0,41233800.0,150.706
000858.SZ,2022-11-08,0.0,150.17,150.98,150.17,1596.0,24034800.0,150.669
000858.SZ,2022-11-08,0.0,150.31,150.39,150.1,1731.0,26010000.0,150.562
000858.SZ,2022-11-08,0.0,150.85,150.85,150.3,1161.0,17478900.0,150.56
000858.SZ,2022-11-08,0.0,150.39,150.94,150.39,992.0,14951000.0,150.578
000858.SZ,2022-11-08,0.0,150.69,150.9,150.37,1399.0,21071300.0,150.583
000858.SZ,2022-11-08,0.0,151.76,151.79,150.68,1918.0,28986200.0,150.67
000858.SZ,2022-11-08,0.0,151.9,152.0,151.68,3007.0,45678400.0,150.917
000858.SZ,2022-11-08,0.0,151.97,152.27,151.9,2518.0,38285100.0,151.079
000858.SZ,2022-11-08,0.0,151.34,151.97,151.11,1613.0,24448500.0,151.12
000858.SZ,2022-11-08,0.0,152.0,152.0,151.5,1442.0,21899700.0,151.172
000858.SZ,2022-11-08,0.0,151.8,152.0,151.68,1622.0,24625600.0,151.22
000858.SZ,2022-11-08,0.0,151.37,151.7,151.36,1010.0,15299400.0,151.231
000858.SZ,2022-11-08,0.0,151.19,151.38,151.18,660.0,9985750.0,151.233
000858.SZ,2022-11-08,0.0,150.8,151.18,150.8,1412.0,21323100.0,151.221
000858.SZ,2022-11-08,0.0,150.95,151.11,150.8,1401.0,21147200.0,151.206
000858.SZ,2022-11-08,0.0,150.4,150.95,150.4,1388.0,20912800.0,151.18
000858.SZ,2022-11-08,0.0,150.25,150.47,150.2,1371.0,20612200.0,151.141
000858.SZ,2022-11-08,0.0,150.05,150.2,150.0,2455.0,36844300.0,151.059
000858.SZ,2022-11-08,0.0,150.02,150.06,150.01,2118.0,31776500.0,150.995
000858.SZ,2022-11-08,0.0,149.72,150.02,149.7,2684.0,40241700.0,150.919
000858.SZ,2022-11-08,0.0,149.9,150.11,149.6,2464.0,36926200.0,150.852
000858.SZ,2022-11-08,0.0,150.0,150.01,149.9,875.0,13115400.0,150.833
000858.SZ,2022-11-08,0.0,149.92,150.1,149.92,894.0,13416600.0,150.815
000858.SZ,2022-11-08,0.0,149.81,149.93,149.81,981.0,14702800.0,150.793
000858.SZ,2022-11-08,0.0,149.98,150.01,149.68,1320.0,19777300.0,150.763
000858.SZ,2022-11-08,0.0,149.9,150.01,149.9,942.0,14127400.0,150.747
000858.SZ,2022-11-08,0.0,149.95,149.95,149.85,839.0,12577600.0,150.731
000858.SZ,2022-11-08,0.0,149.8,149.96,149.75,1077.0,16135400.0,150.71
000858.SZ,2022-11-08,0.0,149.77,149.82,149.75,875.0,13106700.0,150.693
000858.SZ,2022-11-08,0.0,149.96,149.99,149.76,835.0,12511500.0,150.678
000858.SZ,2022-11-08,0.0,149.83,150.0,149.81,483.0,7240800.0,150.67
000858.SZ,2022-11-08,0.0,149.83,149.87,149.79,538.0,8059980.0,150.661
000858.SZ,2022-11-08,0.0,149.8,149.85,149.78,549.0,8224620.0,150.651
000858.SZ,2022-11-08,0.0,149.76,149.85,149.76,598.0,8957870.0,150.641
000858.SZ,2022-11-08,0.0,149.33,149.76,149.33,2282.0,34138700.0,150.596
000858.SZ,2022-11-08,0.0,148.98,149.34,148.8,2470.0,36807100.0,150.524
000858.SZ,2022-11-08,0.0,148.65,148.88,148.36,3694.0,54884500.0,150.401
000858.SZ,2022-11-08,0.0,148.62,148.65,148.6,1640.0,24368500.0,150.352
000858.SZ,2022-11-08,0.0,148.56,148.63,148.55,1355.0,20133100.0,150.313
000858.SZ,2022-11-08,0.0,148.37,148.55,148.35,1585.0,23525800.0,150.266
000858.SZ,2022-11-08,0.0,148.74,148.8,148.34,1945.0,28899500.0,150.215
000858.SZ,2022-11-08,0.0,148.64,148.83,148.6,1654.0,24594100.0,150.177
000858.SZ,2022-11-08,0.0,148.55,148.65,148.53,1873.0,27832200.0,150.134
000858.SZ,2022-11-08,0.0,148.44,148.47,148.39,1182.0,17542700.0,150.105
000858.SZ,2022-11-08,0.0,148.47,148.5,148.43,1085.0,16107600.0,150.08
000858.SZ,2022-11-08,0.0,148.41,148.53,148.37,1907.0,28312300.0,150.037
000858.SZ,2022-11-08,0.0,148.36,148.42,148.36,1080.0,16024300.0,150.013
000858.SZ,2022-11-08,0.0,148.04,148.36,148.01,1946.0,28834300.0,149.966
000858.SZ,2022-11-08,0.0,147.81,148.03,147.8,4206.0,62231200.0,149.86
000858.SZ,2022-11-08,0.0,148.0,148.0,147.69,2699.0,39893800.0,149.793
000858.SZ,2022-11-08,0.0,148.22,148.28,148.07,921.0,13649700.0,149.776
000858.SZ,2022-11-08,0.0,148.13,148.24,148.13,911.0,13500900.0,149.759
000858.SZ,2022-11-08,0.0,148.58,148.58,148.18,1081.0,16041900.0,149.741
000858.SZ,2022-11-08,0.0,148.65,148.65,148.57,956.0,14206800.0,149.729
000858.SZ,2022-11-08,0.0,148.33,148.58,148.33,670.0,9947200.0,149.719
000858.SZ,2022-11-08,0.0,148.15,148.32,148.15,671.0,9944500.0,149.708
000858.SZ,2022-11-08,0.0,147.93,148.16,147.93,1776.0,26295300.0,149.675
000858.SZ,2022-11-08,0.0,147.96,148.01,147.93,1055.0,15610600.0,149.655
000858.SZ,2022-11-08,0.0,147.93,147.98,147.92,765.0,11317900.0,149.641
000858.SZ,2022-11-08,0.0,147.9,147.94,147.9,1046.0,15471600.0,149.621
000858.SZ,2022-11-08,0.0,147.96,147.97,147.84,1295.0,19147200.0,149.597
000858.SZ,2022-11-08,0.0,148.24,148.24,147.96,1059.0,15684500.0,149.581
000858.SZ,2022-11-08,0.0,148.2,148.24,148.2,503.0,7454870.0,149.573
000858.SZ,2022-11-08,0.0,148.12,148.22,148.1,595.0,8815200.0,149.564
000858.SZ,2022-11-08,0.0,147.95,148.14,147.95,893.0,13217800.0,149.55
000858.SZ,2022-11-08,0.0,147.99,148.04,147.95,517.0,7650650.0,149.542
000858.SZ,2022-11-08,0.0,148.19,148.26,147.98,909.0,13465100.0,149.529
000858.SZ,2022-11-08,0.0,148.26,148.26,148.1,473.0,7008640.0,149.522
000858.SZ,2022-11-08,0.0,148.35,148.36,148.25,632.0,9372910.0,149.515
000858.SZ,2022-11-08,0.0,148.4,148.43,148.31,897.0,13307500.0,149.504
000858.SZ,2022-11-08,0.0,148.5,148.55,148.43,1151.0,17090700.0,149.493
000858.SZ,2022-11-08,0.0,148.34,148.49,148.33,835.0,12395100.0,149.484
000858.SZ,2022-11-08,0.0,148.39,148.4,148.32,393.0,5830450.0,149.48
000858.SZ,2022-11-08,0.0,148.11,148.4,148.0,1323.0,19612200.0,149.464
000858.SZ,2022-11-08,0.0,147.99,148.11,147.99,1162.0,17191200.0,149.448
000858.SZ,2022-11-08,0.0,148.05,148.06,148.0,614.0,9087770.0,149.44
000858.SZ,2022-11-08,0.0,148.17,148.2,148.06,408.0,6043660.0,149.435
000858.SZ,2022-11-08,0.0,148.23,148.23,148.17,383.0,5676110.0,149.43
000858.SZ,2022-11-08,0.0,148.05,148.23,148.04,690.0,10220900.0,149.422
000858.SZ,2022-11-08,0.0,148.02,148.05,148.0,541.0,8007580.0,149.415
000858.SZ,2022-11-08,0.0,148.03,148.03,148.01,726.0,10746200.0,149.405
000858.SZ,2022-11-08,0.0,148.02,148.03,148.01,491.0,7267810.0,149.399
000858.SZ,2022-11-08,0.0,148.01,148.04,148.01,903.0,13367200.0,149.388
000858.SZ,2022-11-08,0.0,148.02,148.03,148.0,758.0,11219200.0,149.378
000858.SZ,2022-11-08,0.0,148.03,148.04,148.02,300.0,4440890.0,149.375
000858.SZ,2022-11-08,0.0,148.02,148.04,148.02,354.0,5240410.0,149.37
000858.SZ,2022-11-08,0.0,148.01,148.03,148.01,477.0,7065640.0,149.365
000858.SZ,2022-11-08,0.0,148.01,148.02,148.0,554.0,8199730.0,149.358
000858.SZ,2022-11-08,0.0,147.98,148.02,147.98,799.0,11830500.0,149.348
000858.SZ,2022-11-08,0.0,147.99,147.99,147.96,457.0,6762420.0,149.343
000858.SZ,2022-11-08,0.0,147.97,148.0,147.97,413.0,6111860.0,149.338
000858.SZ,2022-11-08,0.0,147.95,147.97,147.94,475.0,7027820.0,149.332
000858.SZ,2022-11-08,0.0,147.92,147.95,147.89,890.0,13163200.0,149.321
000858.SZ,2022-11-08,0.0,148.27,148.57,147.93,1191.0,17648400.0,149.309
000858.SZ,2022-11-08,0.0,148.39,148.45,148.22,450.0,6673690.0,149.305
000858.SZ,2022-11-08,0.0,148.22,148.41,148.22,890.0,13200200.0,149.298
000858.SZ,2022-11-08,0.0,148.0,148.29,147.99,330.0,4885360.0,149.295
000858.SZ,2022-11-08,0.0,148.01,148.02,148.0,321.0,4751020.0,149.291
000858.SZ,2022-11-08,0.0,147.91,148.01,147.9,492.0,7279740.0,149.286
000858.SZ,2022-11-08,0.0,147.89,147.91,147.89,433.0,6403990.0,149.281
000858.SZ,2022-11-08,0.0,147.88,147.9,147.86,527.0,7793010.0,149.274
000858.SZ,2022-11-08,0.0,147.87,147.9,147.86,456.0,6743210.0,149.269
000858.SZ,2022-11-08,0.0,147.91,148.2,147.88,646.0,9562580.0,149.262
000858.SZ,2022-11-08,0.0,147.93,147.93,147.9,331.0,4896190.0,149.259
000858.SZ,2022-11-08,0.0,147.95,147.95,147.93,386.0,5710390.0,149.255
000858.SZ,2022-11-08,0.0,147.97,147.97,147.94,454.0,6716560.0,149.25
000858.SZ,2022-11-08,0.0,148.0,148.0,147.96,415.0,6141380.0,149.245
000858.SZ,2022-11-08,0.0,148.0,148.01,147.99,259.0,3833150.0,149.243
000858.SZ,2022-11-08,0.0,147.98,148.01,147.96,623.0,9219240.0,149.236
000858.SZ,2022-11-08,0.0,147.89,147.96,147.87,582.0,8607880.0,149.23
000858.SZ,2022-11-08,0.0,147.9,147.98,147.86,569.0,8414420.0,149.224
000858.SZ,2022-11-08,0.0,147.87,147.9,147.87,283.0,4184960.0,149.221
000858.SZ,2022-11-08,0.0,147.87,147.89,147.87,291.0,4303370.0,149.218
000858.SZ,2022-11-08,0.0,147.86,147.89,147.85,490.0,7245620.0,149.213
000858.SZ,2022-11-08,0.0,147.85,147.87,147.83,433.0,6401920.0,149.208
000858.SZ,2022-11-08,0.0,147.74,147.83,147.73,1506.0,22256800.0,149.191
000858.SZ,2022-11-08,0.0,147.74,147.74,147.7,1020.0,15063600.0,149.179
000858.SZ,2022-11-08,0.0,147.75,147.75,147.72,421.0,6219730.0,149.175
000858.SZ,2022-11-08,0.0,148.01,148.06,147.76,517.0,7646650.0,149.169
000858.SZ,2022-11-08,0.0,147.89,148.25,147.89,1218.0,18030700.0,149.159
000858.SZ,2022-11-08,0.0,147.68,147.9,147.68,1214.0,17939500.0,149.146
000858.SZ,2022-11-08,0.0,147.62,147.69,147.61,771.0,11383500.0,149.137
000858.SZ,2022-11-08,0.0,147.62,147.63,147.6,399.0,5890090.0,149.133
000858.SZ,2022-11-08,0.0,147.64,147.64,147.61,380.0,5609890.0,149.128
000858.SZ,2022-11-08,0.0,147.67,147.68,147.64,573.0,8460990.0,149.122
000858.SZ,2022-11-08,0.0,147.71,147.71,147.66,248.0,3662560.0,149.12
000858.SZ,2022-11-08,0.0,147.9,147.9,147.66,479.0,7074970.0,149.115
000858.SZ,2022-11-08,0.0,147.75,147.86,147.75,361.0,5335330.0,149.111
000858.SZ,2022-11-08,0.0,147.7,147.79,147.7,330.0,4875290.0,149.108
000858.SZ,2022-11-08,0.0,147.7,147.73,147.68,366.0,5406110.0,149.104
000858.SZ,2022-11-08,0.0,147.62,147.71,147.62,393.0,5802380.0,149.1
000858.SZ,2022-11-08,0.0,147.5,147.64,147.5,1428.0,21074600.0,149.084
000858.SZ,2022-11-08,0.0,147.4,147.51,147.4,1499.0,22108000.0,149.067
000858.SZ,2022-11-08,0.0,147.01,147.4,147.01,2137.0,31446000.0,149.038
000858.SZ,2022-11-08,0.0,147.1,147.1,146.88,4698.0,69053600.0,148.972
000858.SZ,2022-11-08,0.0,147.11,147.22,147.0,946.0,13915400.0,148.96
000858.SZ,2022-11-08,0.0,146.97,147.1,146.97,925.0,13597700.0,148.947
000858.SZ,2022-11-08,0.0,146.8,146.98,146.8,1758.0,25823900.0,148.923
000858.SZ,2022-11-08,0.0,146.8,146.84,146.77,949.0,13931200.0,148.91
000858.SZ,2022-11-08,0.0,147.45,147.45,146.81,1300.0,19110400.0,148.894
000858.SZ,2022-11-08,0.0,147.1,147.45,147.06,627.0,9234850.0,148.887
000858.SZ,2022-11-08,0.0,147.11,147.11,147.08,371.0,5457620.0,148.883
000858.SZ,2022-11-08,0.0,147.11,147.22,147.06,600.0,8827330.0,148.876
000858.SZ,2022-11-08,0.0,146.9,147.15,146.9,865.0,12715900.0,148.865
000858.SZ,2022-11-08,0.0,146.89,146.96,146.86,666.0,9782950.0,148.857
000858.SZ,2022-11-08,0.0,146.9,146.93,146.87,704.0,10341600.0,148.848
000858.SZ,2022-11-08,0.0,146.91,146.92,146.87,681.0,10005400.0,148.84
000858.SZ,2022-11-08,0.0,146.88,146.91,146.8,1566.0,22995300.0,148.82
000858.SZ,2022-11-08,0.0,146.96,146.96,146.86,684.0,10048600.0,148.812
000858.SZ,2022-11-08,0.0,146.77,146.96,146.68,1722.0,25276100.0,148.79
000858.SZ,2022-11-08,0.0,147.17,147.26,146.79,1771.0,26031900.0,148.77
000858.SZ,2022-11-08,0.0,147.22,147.3,147.15,583.0,8582610.0,148.765
000858.SZ,2022-11-08,0.0,146.96,147.23,146.96,508.0,7473350.0,148.759
000858.SZ,2022-11-08,0.0,146.96,147.0,146.89,519.0,7627120.0,148.754
000858.SZ,2022-11-08,0.0,146.87,146.96,146.87,494.0,7256260.0,148.748
000858.SZ,2022-11-08,0.0,146.79,146.89,146.79,810.0,11892500.0,148.739
000858.SZ,2022-11-08,0.0,146.74,146.8,146.7,983.0,14424000.0,148.727
000858.SZ,2022-11-08,0.0,146.71,146.75,146.7,839.0,12309400.0,148.717
000858.SZ,2022-11-08,0.0,146.72,146.72,146.69,753.0,11046700.0,148.708
000858.SZ,2022-11-08,0.0,146.7,146.73,146.69,604.0,8861280.0,148.701
000858.SZ,2022-11-08,0.0,146.6,146.69,146.58,1582.0,23198200.0,148.681
000858.SZ,2022-11-08,0.0,146.55,146.58,146.55,756.0,11080100.0,148.672
000858.SZ,2022-11-08,0.0,146.76,146.76,146.55,1292.0,18942700.0,148.656
000858.SZ,2022-11-08,0.0,146.88,146.89,146.75,650.0,9545550.0,148.65
000858.SZ,2022-11-08,0.0,146.8,146.89,146.8,641.0,9412470.0,148.643
000858.SZ,2022-11-08,0.0,146.71,146.75,146.68,767.0,11252300.0,148.634
000858.SZ,2022-11-08,0.0,146.64,146.71,146.63,686.0,10061800.0,148.627
000858.SZ,2022-11-08,0.0,146.66,146.66,146.63,496.0,7273850.0,148.621
000858.SZ,2022-11-08,0.0,146.62,146.66,146.62,393.0,5765790.0,148.617
000858.SZ,2022-11-08,0.0,146.54,146.61,146.53,1166.0,17090800.0,148.603
000858.SZ,2022-11-08,0.0,146.76,146.76,146.53,759.0,11129800.0,148.595
000858.SZ,2022-11-08,0.0,146.74,146.77,146.71,542.0,7953790.0,148.589
000858.SZ,2022-11-08,0.0,146.68,146.74,146.65,449.0,6586470.0,148.584
000858.SZ,2022-11-08,0.0,146.55,146.68,146.55,781.0,11448100.0,148.576
000858.SZ,2022-11-08,0.0,146.59,146.6,146.55,688.0,10084900.0,148.568
000858.SZ,2022-11-08,0.0,146.61,146.66,146.56,579.0,8487730.0,148.562
000858.SZ,2022-11-08,0.0,146.61,146.63,146.61,492.0,7213450.0,148.556
000858.SZ,2022-11-08,0.0,146.62,146.62,146.62,495.0,7257490.0,148.551
000858.SZ,2022-11-08,0.0,146.63,146.64,146.6,460.0,6744580.0,148.546
000858.SZ,2022-11-08,0.0,146.5,146.64,146.5,2325.0,34074300.0,148.521
000858.SZ,2022-11-08,0.0,146.39,146.51,146.36,1863.0,27285100.0,148.5
000858.SZ,2022-11-08,0.0,146.61,146.69,146.43,861.0,12627300.0,148.492
000858.SZ,2022-11-08,0.0,146.89,146.89,146.57,1110.0,16282700.0,148.481
000858.SZ,2022-11-08,0.0,146.86,146.98,146.8,1162.0,17076100.0,148.471
000858.SZ,2022-11-08,0.0,146.54,146.8,146.54,770.0,11288500.0,148.464
000858.SZ,2022-11-08,0.0,146.39,146.54,146.3,1716.0,25120700.0,148.446
000858.SZ,2022-11-08,0.0,146.4,146.4,146.32,802.0,11740500.0,148.437
000858.SZ,2022-11-08,0.0,146.5,146.5,146.38,593.0,8684290.0,148.431
000858.SZ,2022-11-08,0.0,146.58,146.58,146.5,396.0,5804110.0,148.427
000858.SZ,2022-11-08,0.0,146.42,146.58,146.42,915.0,13406200.0,148.418
000858.SZ,2022-11-08,0.0,146.32,146.45,146.3,1055.0,15440500.0,148.407
000858.SZ,2022-11-08,0.0,146.32,146.36,146.31,652.0,9540340.0,148.4
000858.SZ,2022-11-08,0.0,146.29,146.33,146.28,993.0,14526300.0,148.389
000858.SZ,2022-11-08,0.0,146.3,146.32,146.27,992.0,14517400.0,148.379
000858.SZ,2022-11-08,0.0,146.16,146.3,146.16,1270.0,18566100.0,148.365
000858.SZ,2022-11-08,0.0,146.12,146.16,146.11,836.0,12217000.0,148.356
000858.SZ,2022-11-08,0.0,146.32,146.32,146.12,892.0,13040000.0,148.347
000858.SZ,2022-11-08,0.0,146.32,146.33,146.3,500.0,7315690.0,148.342
000858.SZ,2022-11-08,0.0,146.3,146.32,146.29,670.0,9806170.0,148.335
000858.SZ,2022-11-08,0.0,146.49,146.49,146.31,554.0,8110480.0,148.33
000858.SZ,2022-11-08,0.0,146.58,146.58,146.47,483.0,7077520.0,148.325
000858.SZ,2022-11-08,0.0,146.96,146.98,146.58,886.0,13007100.0,148.319
000858.SZ,2022-11-08,0.0,146.94,147.01,146.93,848.0,12464200.0,148.313
000858.SZ,2022-11-08,0.0,146.58,146.91,146.58,692.0,10156400.0,148.308
000858.SZ,2022-11-08,0.0,146.59,146.59,146.56,474.0,6947800.0,148.304
000858.SZ,2022-11-08,0.0,146.59,146.59,146.57,520.0,7621310.0,148.3
000858.SZ,2022-11-08,0.0,146.61,146.61,146.58,554.0,8127060.0,148.295
000858.SZ,2022-11-08,0.0,146.62,146.63,146.6,431.0,6318980.0,148.292
000858.SZ,2022-11-08,0.0,146.46,146.63,146.46,1021.0,14958100.0,148.283
000858.SZ,2022-11-08,0.0,146.25,146.41,146.2,1049.0,15350100.0,148.273
000858.SZ,2022-11-08,0.0,146.43,146.5,146.27,1283.0,18779900.0,148.262
000858.SZ,2022-11-08,0.0,146.56,146.6,146.44,597.0,8746980.0,148.257
000858.SZ,2022-11-08,0.0,146.64,146.64,146.5,1054.0,15445400.0,148.248
000858.SZ,2022-11-08,0.0,146.85,146.99,146.62,586.0,8608790.0,148.245
000858.SZ,2022-11-08,0.0,146.66,146.93,146.66,552.0,8106140.0,148.241
000858.SZ,2022-11-08,0.0,146.69,146.71,146.58,618.0,9061240.0,148.237
000858.SZ,2022-11-08,0.0,146.8,146.83,146.67,446.0,6543410.0,148.233
000858.SZ,2022-11-08,0.0,146.71,146.83,146.71,493.0,7237540.0,148.23
000858.SZ,2022-11-08,0.0,146.73,146.75,146.7,489.0,7174470.0,148.227
000858.SZ,2022-11-08,0.0,146.72,146.72,146.7,670.0,9829890.0,148.222
000858.SZ,2022-11-08,0.0,146.74,146.76,146.71,783.0,11488700.0,148.217
000858.SZ,2022-11-08,0.0,146.83,146.83,146.74,741.0,10873600.0,148.212
000858.SZ,2022-11-08,0.0,146.88,146.89,146.86,908.0,13336900.0,148.206
000858.SZ,2022-11-08,0.0,146.97,146.97,146.86,1257.0,18460300.0,148.199
000858.SZ,2022-11-08,0.0,147.05,147.05,146.93,1438.0,21135300.0,148.191
000858.SZ,2022-11-08,0.0,147.39,147.39,147.08,754.0,11103100.0,148.188
000858.SZ,2022-11-08,0.0,147.45,147.48,147.41,1791.0,26410800.0,148.182
000858.SZ,2022-11-08,0.0,147.5,147.5,147.44,1157.0,17062800.0,148.178
000858.SZ,2022-11-08,0.0,147.56,147.57,147.49,722.0,10651100.0,148.176
000858.SZ,2022-11-08,0.0,147.39,147.51,147.3,1551.0,22867900.0,148.171
000858.SZ,2022-11-08,0.0,147.49,147.5,147.38,1248.0,18396600.0,148.167
000858.SZ,2022-11-08,0.0,147.4,147.49,147.4,769.0,11341500.0,148.165
000858.SZ,2022-11-08,0.0,147.35,147.4,147.35,1188.0,17508900.0,148.161
000858.SZ,2022-11-08,0.0,147.41,147.43,147.33,724.0,10664700.0,148.158
000858.SZ,2022-11-08,0.0,147.41,147.42,147.39,1436.0,21171000.0,148.154
000858.SZ,2022-11-08,0.0,147.43,147.43,147.4,1050.0,15484200.0,148.15
000858.SZ,2022-11-08,0.0,147.43,147.43,147.43,14.0,206410.0,148.15
000858.SZ,2022-11-08,0.0,147.43,147.43,147.43,0.0,0.0,148.15
000858.SZ,2022-11-08,0.0,147.49,147.49,147.49,1413.0,20840300.0,148.146
000858.SZ,2022-11-09,0.0,147.2,147.2,147.2,495.0,7286400.0,147.2
000858.SZ,2022-11-09,0.0,147.97,148.36,146.73,3004.0,44288200.0,147.417
000858.SZ,2022-11-09,0.0,148.48,148.56,147.69,2761.0,40945400.0,147.811
000858.SZ,2022-11-09,0.0,149.02,149.04,148.48,3519.0,52380400.0,148.185
000858.SZ,2022-11-09,0.0,148.42,149.05,148.37,2149.0,31971600.0,148.29
000858.SZ,2022-11-09,0.0,147.83,148.47,147.83,1220.0,18093200.0,148.292
000858.SZ,2022-11-09,0.0,148.25,148.32,147.78,1497.0,22174000.0,148.272
000858.SZ,2022-11-09,0.0,147.9,148.18,147.84,860.0,12726300.0,148.256
000858.SZ,2022-11-09,0.0,147.81,148.03,147.81,1115.0,16492500.0,148.233
000858.SZ,2022-11-09,0.0,147.04,147.88,147.04,1583.0,23370800.0,148.181
000858.SZ,2022-11-09,0.0,146.78,147.05,146.78,2061.0,30270000.0,148.05
000858.SZ,2022-11-09,0.0,146.69,146.83,146.5,1393.0,20432100.0,147.96
000858.SZ,2022-11-09,0.0,146.38,146.7,146.34,2010.0,29456800.0,147.842
000858.SZ,2022-11-09,0.0,147.0,147.0,146.31,1109.0,16257100.0,147.786
000858.SZ,2022-11-09,0.0,146.98,147.02,146.77,1013.0,14883000.0,147.752
000858.SZ,2022-11-09,0.0,146.86,147.01,146.86,980.0,14403100.0,147.723
000858.SZ,2022-11-09,0.0,146.5,146.8,146.5,1030.0,15105900.0,147.684
000858.SZ,2022-11-09,0.0,146.47,146.51,146.45,1035.0,15160900.0,147.64
000858.SZ,2022-11-09,0.0,146.38,146.5,146.36,1102.0,16137800.0,147.596
000858.SZ,2022-11-09,0.0,146.36,146.55,146.31,976.0,14288600.0,147.558
000858.SZ,2022-11-09,0.0,146.15,146.39,146.15,1549.0,22658900.0,147.498
000858.SZ,2022-11-09,0.0,146.04,146.08,146.0,2399.0,35035500.0,147.397
000858.SZ,2022-11-09,0.0,145.81,146.04,145.8,1991.0,29062900.0,147.32
000858.SZ,2022-11-09,0.0,145.62,145.81,145.61,1178.0,17165000.0,147.271
000858.SZ,2022-11-09,0.0,145.49,145.62,145.2,1971.0,28676800.0,147.183
000858.SZ,2022-11-09,0.0,145.8,145.8,145.48,1953.0,28437000.0,147.11
000858.SZ,2022-11-09,0.0,145.8,145.81,145.7,1151.0,16775600.0,147.073
000858.SZ,2022-11-09,0.0,145.61,145.76,145.61,801.0,11668100.0,147.048
000858.SZ,2022-11-09,0.0,145.65,145.67,145.61,959.0,13962400.0,147.017
000858.SZ,2022-11-09,0.0,145.8,145.8,145.6,822.0,11975300.0,146.993
000858.SZ,2022-11-09,0.0,145.9,145.97,145.77,963.0,14053100.0,146.97
000858.SZ,2022-11-09,0.0,146.37,146.37,145.9,923.0,13483500.0,146.953
000858.SZ,2022-11-09,0.0,146.17,146.37,145.91,907.0,13256800.0,146.938
000858.SZ,2022-11-09,0.0,146.03,146.17,146.03,402.0,5874320.0,146.931
000858.SZ,2022-11-09,0.0,146.05,146.12,146.0,399.0,5827650.0,146.924
000858.SZ,2022-11-09,0.0,145.94,146.08,145.94,493.0,7198560.0,146.915
000858.SZ,2022-11-09,0.0,145.88,145.94,145.87,765.0,11161600.0,146.9
000858.SZ,2022-11-09,0.0,145.82,145.88,145.81,642.0,9363300.0,146.887
000858.SZ,2022-11-09,0.0,145.56,145.86,145.55,1281.0,18668400.0,146.858
000858.SZ,2022-11-09,0.0,145.53,145.6,145.46,1178.0,17141100.0,146.829
000858.SZ,2022-11-09,0.0,145.61,145.66,145.53,380.0,5532180.0,146.82
000858.SZ,2022-11-09,0.0,145.82,145.86,145.61,620.0,9032700.0,146.807
000858.SZ,2022-11-09,0.0,145.74,145.87,145.73,517.0,7538440.0,146.798
000858.SZ,2022-11-09,0.0,145.71,145.75,145.67,448.0,6527690.0,146.789
000858.SZ,2022-11-09,0.0,145.61,145.7,145.6,685.0,9977510.0,146.775
000858.SZ,2022-11-09,0.0,145.63,145.75,145.6,547.0,7966540.0,146.764
000858.SZ,2022-11-09,0.0,145.71,145.75,145.61,537.0,7822160.0,146.754
000858.SZ,2022-11-09,0.0,145.95,145.95,145.7,737.0,10748800.0,146.743
000858.SZ,2022-11-09,0.0,146.05,146.05,145.98,835.0,12183300.0,146.732
000858.SZ,2022-11-09,0.0,146.01,146.06,145.9,896.0,13084100.0,146.721
000858.SZ,2022-11-09,0.0,146.07,146.07,146.0,409.0,5965640.0,146.716
000858.SZ,2022-11-09,0.0,146.11,146.12,146.03,514.0,7508140.0,146.711
000858.SZ,2022-11-09,0.0,146.14,146.14,146.1,405.0,5917260.0,146.707
000858.SZ,2022-11-09,0.0,146.39,146.5,146.01,634.0,9262510.0,146.702
000858.SZ,2022-11-09,0.0,146.6,146.6,146.4,918.0,13453800.0,146.7
000858.SZ,2022-11-09,0.0,146.62,146.64,146.6,647.0,9485610.0,146.699
000858.SZ,2022-11-09,0.0,146.6,146.65,146.58,591.0,8665650.0,146.698
000858.SZ,2022-11-09,0.0,146.4,146.61,146.31,421.0,6165050.0,146.696
000858.SZ,2022-11-09,0.0,146.28,146.43,146.28,624.0,9134660.0,146.693
000858.SZ,2022-11-09,0.0,146.51,146.53,146.29,191.0,2796570.0,146.693
000858.SZ,2022-11-09,0.0,146.52,146.6,146.42,744.0,10898000.0,146.69
000858.SZ,2022-11-09,0.0,146.67,146.69,146.52,560.0,8211220.0,146.69
000858.SZ,2022-11-09,0.0,146.55,146.75,146.5,730.0,10707500.0,146.69
000858.SZ,2022-11-09,0.0,146.54,146.65,146.5,336.0,4924160.0,146.689
000858.SZ,2022-11-09,0.0,146.6,146.61,146.49,532.0,7796560.0,146.688
000858.SZ,2022-11-09,0.0,146.58,146.64,146.55,410.0,6010060.0,146.687
000858.SZ,2022-11-09,0.0,146.03,146.58,146.03,763.0,11165800.0,146.683
000858.SZ,2022-11-09,0.0,146.11,146.19,146.05,175.0,2556940.0,146.682
000858.SZ,2022-11-09,0.0,146.17,146.17,146.05,415.0,6064210.0,146.679
000858.SZ,2022-11-09,0.0,146.07,146.16,146.06,203.0,2965870.0,146.677
000858.SZ,2022-11-09,0.0,146.01,146.07,146.0,480.0,7009000.0,146.673
000858.SZ,2022-11-09,0.0,146.01,146.03,146.0,711.0,10381300.0,146.666
000858.SZ,2022-11-09,0.0,146.02,146.03,146.0,282.0,4117530.0,146.663
000858.SZ,2022-11-09,0.0,146.04,146.04,146.01,215.0,3139510.0,146.661
000858.SZ,2022-11-09,0.0,146.0,146.04,146.0,429.0,6264190.0,146.658
000858.SZ,2022-11-09,0.0,145.93,146.01,145.93,394.0,5756420.0,146.654
000858.SZ,2022-11-09,0.0,145.92,145.93,145.91,195.0,2840620.0,146.652
000858.SZ,2022-11-09,0.0,145.96,146.01,145.91,620.0,9048350.0,146.646
000858.SZ,2022-11-09,0.0,145.94,146.0,145.92,196.0,2860630.0,146.644
000858.SZ,2022-11-09,0.0,145.78,145.9,145.7,899.0,13109000.0,146.634
000858.SZ,2022-11-09,0.0,145.89,145.89,145.78,159.0,2318440.0,146.632
000858.SZ,2022-11-09,0.0,145.88,145.94,145.82,241.0,3515380.0,146.63
000858.SZ,2022-11-09,0.0,145.86,145.91,145.85,249.0,3632280.0,146.627
000858.SZ,2022-11-09,0.0,145.83,145.87,145.83,242.0,3529830.0,146.625
000858.SZ,2022-11-09,0.0,145.82,145.86,145.81,200.0,2916670.0,146.623
000858.SZ,2022-11-09,0.0,145.73,145.85,145.73,528.0,7697870.0,146.617
000858.SZ,2022-11-09,0.0,145.75,145.78,145.72,321.0,4678620.0,146.613
000858.SZ,2022-11-09,0.0,145.72,145.75,145.71,322.0,4692640.0,146.61
000858.SZ,2022-11-09,0.0,145.7,145.72,145.67,518.0,7547060.0,146.604
000858.SZ,2022-11-09,0.0,145.69,145.7,145.67,236.0,3438010.0,146.601
000858.SZ,2022-11-09,0.0,145.7,145.7,145.66,314.0,4574420.0,146.597
000858.SZ,2022-11-09,0.0,145.7,145.7,145.69,289.0,4210580.0,146.594
000858.SZ,2022-11-09,0.0,145.91,145.91,145.7,392.0,5714850.0,146.59
000858.SZ,2022-11-09,0.0,145.88,145.92,145.77,214.0,3121290.0,146.588
000858.SZ,2022-11-09,0.0,146.07,146.49,145.86,608.0,8876150.0,146.583
000858.SZ,2022-11-09,0.0,146.0,146.12,145.95,342.0,4995450.0,146.581
000858.SZ,2022-11-09,0.0,145.91,145.97,145.9,270.0,3939780.0,146.579
000858.SZ,2022-11-09,0.0,145.85,145.91,145.81,480.0,7002030.0,146.574
000858.SZ,2022-11-09,0.0,145.83,145.91,145.81,225.0,3281790.0,146.572
000858.SZ,2022-11-09,0.0,145.7,145.88,145.7,395.0,5759160.0,146.569
000858.SZ,2022-11-09,0.0,145.73,145.74,145.7,171.0,2491700.0,146.567
000858.SZ,2022-11-09,0.0,145.72,145.73,145.7,235.0,3424260.0,146.564
000858.SZ,2022-11-09,0.0,145.73,145.74,145.72,261.0,3803500.0,146.562
000858.SZ,2022-11-09,0.0,145.68,145.74,145.68,364.0,5303650.0,146.558
000858.SZ,2022-11-09,0.0,145.67,145.7,145.66,307.0,4471620.0,146.555
000858.SZ,2022-11-09,0.0,145.69,145.69,145.66,556.0,8104280.0,146.549
000858.SZ,2022-11-09,0.0,145.62,145.68,145.62,204.0,2971740.0,146.547
000858.SZ,2022-11-09,0.0,145.59,145.67,145.59,624.0,9084160.0,146.54
000858.SZ,2022-11-09,0.0,145.63,145.66,145.59,151.0,2198680.0,146.538
000858.SZ,2022-11-09,0.0,145.63,145.64,145.6,373.0,5430880.0,146.534
000858.SZ,2022-11-09,0.0,145.64,145.64,145.62,162.0,2359230.0,146.532
000858.SZ,2022-11-09,0.0,145.64,145.64,145.62,230.0,3349500.0,146.53
000858.SZ,2022-11-09,0.0,145.67,145.67,145.64,166.0,2418720.0,146.528
000858.SZ,2022-11-09,0.0,145.69,145.69,145.66,261.0,3802260.0,146.525
000858.SZ,2022-11-09,0.0,145.76,145.78,145.69,180.0,2623080.0,146.524
000858.SZ,2022-11-09,0.0,145.8,145.81,145.76,150.0,2186950.0,146.522
000858.SZ,2022-11-09,0.0,145.65,145.82,145.64,570.0,8306440.0,146.517
000858.SZ,2022-11-09,0.0,145.65,145.67,145.65,133.0,1937240.0,146.516
000858.SZ,2022-11-09,0.0,145.56,145.66,145.54,566.0,8240420.0,146.51
000858.SZ,2022-11-09,0.0,145.51,145.55,145.5,387.0,5631480.0,146.505
000858.SZ,2022-11-09,0.0,145.52,145.53,145.5,367.0,5340220.0,146.501
000858.SZ,2022-11-09,0.0,145.5,145.55,145.5,1170.0,17024400.0,146.488
000858.SZ,2022-11-09,0.0,145.46,145.51,145.44,831.0,12090200.0,146.479
000858.SZ,2022-11-09,0.0,145.53,145.53,145.45,295.0,4291490.0,146.475
000858.SZ,2022-11-09,0.0,145.6,145.61,145.54,544.0,7919990.0,146.47
000858.SZ,2022-11-09,0.0,145.81,145.82,145.62,322.0,4693120.0,146.468
000858.SZ,2022-11-09,0.0,145.64,145.76,145.62,190.0,2767530.0,146.466
000858.SZ,2022-11-09,0.0,145.7,145.7,145.64,151.0,2199470.0,146.465
000858.SZ,2022-11-09,0.0,145.65,145.71,145.65,179.0,2607610.0,146.463
000858.SZ,2022-11-09,0.0,145.58,145.65,145.58,257.0,3742410.0,146.461
000858.SZ,2022-11-09,0.0,145.47,145.59,145.46,587.0,8540590.0,146.454
000858.SZ,2022-11-09,0.0,145.44,145.47,145.44,322.0,4683580.0,146.451
000858.SZ,2022-11-09,0.0,145.4,145.44,145.4,385.0,5598320.0,146.447
000858.SZ,2022-11-09,0.0,145.38,145.4,145.38,401.0,5830200.0,146.442
000858.SZ,2022-11-09,0.0,145.34,145.38,145.34,537.0,7805710.0,146.436
000858.SZ,2022-11-09,0.0,145.35,145.36,145.35,257.0,3731420.0,146.433
000858.SZ,2022-11-09,0.0,145.37,145.37,145.35,384.0,5581690.0,146.429
000858.SZ,2022-11-09,0.0,145.39,145.39,145.3,802.0,11657800.0,146.419
000858.SZ,2022-11-09,0.0,145.37,145.39,145.35,169.0,2456810.0,146.418
000858.SZ,2022-11-09,0.0,145.36,145.37,145.35,209.0,3038020.0,146.415
000858.SZ,2022-11-09,0.0,145.33,145.38,145.32,481.0,6991220.0,146.41
000858.SZ,2022-11-09,0.0,145.3,145.33,145.3,993.0,14433100.0,146.399
000858.SZ,2022-11-09,0.0,145.2,145.3,145.19,1749.0,25398000.0,146.378
000858.SZ,2022-11-09,0.0,145.14,145.2,145.11,573.0,8318010.0,146.371
000858.SZ,2022-11-09,0.0,145.25,145.25,145.1,603.0,8747490.0,146.363
000858.SZ,2022-11-09,0.0,145.39,145.39,145.28,398.0,5788720.0,146.359
000858.SZ,2022-11-09,0.0,145.39,145.4,145.38,302.0,4390920.0,146.356
000858.SZ,2022-11-09,0.0,145.38,145.4,145.35,357.0,5190280.0,146.353
000858.SZ,2022-11-09,0.0,145.36,145.39,145.34,286.0,4159550.0,146.35
000858.SZ,2022-11-09,0.0,145.77,145.77,145.37,637.0,9272510.0,146.345
000858.SZ,2022-11-09,0.0,145.7,145.77,145.65,216.0,3147520.0,146.344
000858.SZ,2022-11-09,0.0,145.72,145.74,145.7,195.0,2841610.0,146.342
000858.SZ,2022-11-09,0.0,145.98,145.98,145.72,419.0,6111040.0,146.34
000858.SZ,2022-11-09,0.0,145.93,145.98,145.93,264.0,3853230.0,146.339
000858.SZ,2022-11-09,0.0,145.94,145.95,145.9,433.0,6318640.0,146.338
000858.SZ,2022-11-09,0.0,145.74,145.93,145.73,304.0,4432990.0,146.336
000858.SZ,2022-11-09,0.0,145.65,145.74,145.65,235.0,3423890.0,146.335
000858.SZ,2022-11-09,0.0,145.64,145.69,145.63,181.0,2636400.0,146.334
000858.SZ,2022-11-09,0.0,145.64,145.67,145.63,119.0,1733230.0,146.333
000858.SZ,2022-11-09,0.0,145.39,145.61,145.39,377.0,5485710.0,146.33
000858.SZ,2022-11-09,0.0,145.58,145.64,145.41,192.0,2793670.0,146.328
000858.SZ,2022-11-09,0.0,145.52,145.63,145.5,202.0,2940790.0,146.327
000858.SZ,2022-11-09,0.0,145.53,145.59,145.52,261.0,3798530.0,146.325
000858.SZ,2022-11-09,0.0,145.41,145.52,145.4,243.0,3534460.0,146.323
000858.SZ,2022-11-09,0.0,145.4,145.45,145.39,307.0,4464140.0,146.32
000858.SZ,2022-11-09,0.0,145.39,145.45,145.39,184.0,2675610.0,146.319
000858.SZ,2022-11-09,0.0,145.41,145.43,145.38,290.0,4216750.0,146.316
000858.SZ,2022-11-09,0.0,145.42,145.47,145.4,258.0,3757850.0,146.314
000858.SZ,2022-11-09,0.0,145.46,145.46,145.43,322.0,4683110.0,146.311
000858.SZ,2022-11-09,0.0,145.38,145.46,145.38,715.0,10397200.0,146.305
000858.SZ,2022-11-09,0.0,145.3,145.4,145.3,432.0,6278870.0,146.302
000858.SZ,2022-11-09,0.0,145.23,145.31,145.23,1169.0,16990900.0,146.291
000858.SZ,2022-11-09,0.0,145.26,145.28,145.2,530.0,7697930.0,146.286
000858.SZ,2022-11-09,0.0,145.29,145.3,145.26,331.0,4808960.0,146.283
000858.SZ,2022-11-09,0.0,145.27,145.31,145.27,416.0,6050860.0,146.279
000858.SZ,2022-11-09,0.0,145.25,145.29,145.25,441.0,6406140.0,146.275
000858.SZ,2022-11-09,0.0,145.22,145.27,145.22,339.0,4923620.0,146.272
000858.SZ,2022-11-09,0.0,145.22,145.24,145.22,343.0,4981130.0,146.269
000858.SZ,2022-11-09,0.0,145.23,145.24,145.22,373.0,5421080.0,146.265
000858.SZ,2022-11-09,0.0,145.24,145.24,145.21,233.0,3383800.0,146.263
000858.SZ,2022-11-09,0.0,145.23,145.25,145.22,318.0,4618470.0,146.26
000858.SZ,2022-11-09,0.0,145.22,145.25,145.22,338.0,4908640.0,146.257
000858.SZ,2022-11-09,0.0,145.24,145.25,145.23,269.0,3906860.0,146.255
000858.SZ,2022-11-09,0.0,145.23,145.25,145.17,2359.0,34253100.0,146.233
000858.SZ,2022-11-09,0.0,145.19,145.2,145.16,549.0,7970230.0,146.228
000858.SZ,2022-11-09,0.0,145.4,145.4,145.19,329.0,4779820.0,146.225
000858.SZ,2022-11-09,0.0,145.46,145.63,145.41,416.0,6053370.0,146.223
000858.SZ,2022-11-09,0.0,145.53,145.58,145.48,487.0,7085090.0,146.22
000858.SZ,2022-11-09,0.0,145.62,145.62,145.53,177.0,2576800.0,146.219
000858.SZ,2022-11-09,0.0,145.53,145.62,145.51,313.0,4555460.0,146.217
000858.SZ,2022-11-09,0.0,145.47,145.52,145.47,221.0,3215590.0,146.216
000858.SZ,2022-11-09,0.0,145.44,145.5,145.43,261.0,3797010.0,146.214
000858.SZ,2022-11-09,0.0,145.32,145.43,145.3,221.0,3212260.0,146.212
000858.SZ,2022-11-09,0.0,145.19,145.31,145.19,1046.0,15188900.0,146.204
000858.SZ,2022-11-09,0.0,145.35,145.36,145.18,878.0,12750300.0,146.196
000858.SZ,2022-11-09,0.0,145.33,145.36,145.32,183.0,2659800.0,146.195
000858.SZ,2022-11-09,0.0,145.27,145.35,145.21,463.0,6720710.0,146.192
000858.SZ,2022-11-09,0.0,145.25,145.29,145.25,259.0,3762490.0,146.19
000858.SZ,2022-11-09,0.0,145.1,145.26,145.1,1486.0,21571300.0,146.177
000858.SZ,2022-11-09,0.0,145.2,145.22,145.11,186.0,2699760.0,146.176
000858.SZ,2022-11-09,0.0,145.27,145.27,145.17,220.0,3194720.0,146.174
000858.SZ,2022-11-09,0.0,145.18,145.24,145.18,440.0,6389000.0,146.171
000858.SZ,2022-11-09,0.0,145.17,145.2,145.15,288.0,4180990.0,146.168
000858.SZ,2022-11-09,0.0,145.16,145.18,145.12,919.0,13339400.0,146.161
000858.SZ,2022-11-09,0.0,145.13,145.16,145.12,454.0,6589390.0,146.157
000858.SZ,2022-11-09,0.0,145.12,145.16,145.12,484.0,7026160.0,146.153
000858.SZ,2022-11-09,0.0,145.24,145.24,145.13,455.0,6605240.0,146.15
000858.SZ,2022-11-09,0.0,145.4,145.45,145.19,586.0,8516640.0,146.146
000858.SZ,2022-11-09,0.0,145.31,145.45,145.31,504.0,7327000.0,146.143
000858.SZ,2022-11-09,0.0,145.23,145.34,145.21,446.0,6478260.0,146.14
000858.SZ,2022-11-09,0.0,145.17,145.21,145.16,708.0,10278800.0,146.134
000858.SZ,2022-11-09,0.0,145.14,145.22,145.12,1345.0,19525000.0,146.124
000858.SZ,2022-11-09,0.0,145.15,145.18,145.14,643.0,9332870.0,146.12
000858.SZ,2022-11-09,0.0,145.15,145.2,145.12,868.0,12599400.0,146.113
000858.SZ,2022-11-09,0.0,145.12,145.16,145.12,819.0,11886800.0,146.107
000858.SZ,2022-11-09,0.0,145.12,145.15,145.12,649.0,9418460.0,146.102
000858.SZ,2022-11-09,0.0,145.12,145.13,145.11,930.0,13495800.0,146.095
000858.SZ,2022-11-09,0.0,145.11,145.12,145.1,1061.0,15395600.0,146.088
000858.SZ,2022-11-09,0.0,145.09,145.11,145.08,1053.0,15277600.0,146.08
000858.SZ,2022-11-09,0.0,145.1,145.11,145.08,539.0,7820570.0,146.076
000858.SZ,2022-11-09,0.0,145.1,145.11,145.1,676.0,9810640.0,146.071
000858.SZ,2022-11-09,0.0,145.1,145.11,145.09,771.0,11191200.0,146.066
000858.SZ,2022-11-09,0.0,145.13,145.13,145.09,685.0,9939630.0,146.061
000858.SZ,2022-11-09,0.0,145.32,145.37,145.12,705.0,10239300.0,146.057
000858.SZ,2022-11-09,0.0,145.12,145.3,145.11,496.0,7199760.0,146.054
000858.SZ,2022-11-09,0.0,145.16,145.18,145.12,502.0,7286180.0,146.05
000858.SZ,2022-11-09,0.0,145.21,145.28,145.15,551.0,8001170.0,146.047
000858.SZ,2022-11-09,0.0,145.24,145.27,145.22,424.0,6157950.0,146.045
000858.SZ,2022-11-09,0.0,145.2,145.23,145.2,618.0,8967030.0,146.041
000858.SZ,2022-11-09,0.0,145.17,145.21,145.15,715.0,10373300.0,146.037
000858.SZ,2022-11-09,0.0,145.15,145.16,145.11,839.0,12176800.0,146.031
000858.SZ,2022-11-09,0.0,145.25,145.26,145.15,826.0,11994000.0,146.027
000858.SZ,2022-11-09,0.0,145.26,145.27,145.24,435.0,6318550.0,146.024
000858.SZ,2022-11-09,0.0,145.29,145.3,145.26,680.0,9878970.0,146.021
000858.SZ,2022-11-09,0.0,145.33,145.33,145.28,835.0,12132600.0,146.017
000858.SZ,2022-11-09,0.0,145.35,145.37,145.33,579.0,8415830.0,146.014
000858.SZ,2022-11-09,0.0,145.32,145.36,145.3,997.0,14487100.0,146.01
000858.SZ,2022-11-09,0.0,145.31,145.32,145.3,937.0,13615600.0,146.005
000858.SZ,2022-11-09,0.0,145.31,145.31,145.31,38.0,552195.0,146.005
000858.SZ,2022-11-09,0.0,145.31,145.31,145.31,0.0,0.0,146.005
000858.SZ,2022-11-09,0.0,145.4,145.4,145.4,2622.0,38123900.0,145.994
000858.SZ,2022-11-10,0.0,144.49,144.49,144.49,1014.0,14651300.0,144.49
000858.SZ,2022-11-10,0.0,143.96,144.4,143.8,6029.0,86922096.0,144.219
000858.SZ,2022-11-10,0.0,143.8,143.95,143.71,2737.0,39366700.0,144.111
000858.SZ,2022-11-10,0.0,144.05,144.38,143.85,2733.0,39363100.0,144.093
000858.SZ,2022-11-10,0.0,144.2,144.22,144.02,1495.0,21551700.0,144.1
000858.SZ,2022-11-10,0.0,144.2,144.2,144.08,1173.0,16905400.0,144.101
000858.SZ,2022-11-10,0.0,144.96,145.11,144.21,2257.0,32683600.0,144.193
000858.SZ,2022-11-10,0.0,144.9,144.97,144.52,1577.0,22809800.0,144.233
000858.SZ,2022-11-10,0.0,144.92,145.07,144.65,1268.0,18371200.0,144.274
000858.SZ,2022-11-10,0.0,144.73,145.01,144.67,1559.0,22586700.0,144.317
000858.SZ,2022-11-10,0.0,144.4,144.68,144.26,1704.0,24623600.0,144.331
000858.SZ,2022-11-10,0.0,144.4,144.48,144.3,705.0,10172700.0,144.332
000858.SZ,2022-11-10,0.0,144.55,144.7,144.42,1157.0,16724000.0,144.342
000858.SZ,2022-11-10,0.0,144.57,144.66,144.53,805.0,11637900.0,144.349
000858.SZ,2022-11-10,0.0,144.7,144.7,144.5,791.0,11436700.0,144.356
000858.SZ,2022-11-10,0.0,144.7,144.78,144.69,556.0,8045650.0,144.363
000858.SZ,2022-11-10,0.0,144.67,144.78,144.62,549.0,7942940.0,144.369
000858.SZ,2022-11-10,0.0,144.5,144.63,144.5,893.0,12910900.0,144.375
000858.SZ,2022-11-10,0.0,144.28,144.49,144.26,948.0,13685900.0,144.375
000858.SZ,2022-11-10,0.0,144.2,144.27,144.2,523.0,7543790.0,144.373
000858.SZ,2022-11-10,0.0,144.45,144.49,144.2,707.0,10203300.0,144.372
000858.SZ,2022-11-10,0.0,144.31,144.45,144.31,606.0,8749760.0,144.372
000858.SZ,2022-11-10,0.0,144.33,144.35,144.25,838.0,12092300.0,144.37
000858.SZ,2022-11-10,0.0,144.58,144.7,144.44,1749.0,25305000.0,144.386
000858.SZ,2022-11-10,0.0,144.67,144.67,144.39,813.0,11746500.0,144.39
000858.SZ,2022-11-10,0.0,144.98,145.15,144.72,1360.0,19719500.0,144.413
000858.SZ,2022-11-10,0.0,145.0,145.07,144.81,1053.0,15264200.0,144.428
000858.SZ,2022-11-10,0.0,144.18,144.95,144.12,1831.0,26457200.0,144.431
000858.SZ,2022-11-10,0.0,144.5,144.6,144.33,366.0,5287570.0,144.431
000858.SZ,2022-11-10,0.0,144.5,144.66,144.49,472.0,6822690.0,144.433
000858.SZ,2022-11-10,0.0,144.65,145.0,144.51,1116.0,16143900.0,144.439
000858.SZ,2022-11-10,0.0,144.55,144.81,144.5,701.0,10136900.0,144.442
000858.SZ,2022-11-10,0.0,144.8,144.8,144.44,833.0,12039600.0,144.443
000858.SZ,2022-11-10,0.0,144.56,144.87,144.53,904.0,13076700.0,144.448
000858.SZ,2022-11-10,0.0,144.5,144.57,144.5,510.0,7370740.0,144.449
000858.SZ,2022-11-10,0.0,144.48,144.57,144.48,427.0,6170800.0,144.449
000858.SZ,2022-11-10,0.0,144.28,144.51,144.24,778.0,11235200.0,144.449
000858.SZ,2022-11-10,0.0,144.4,144.4,144.24,369.0,5326600.0,144.448
000858.SZ,2022-11-10,0.0,144.22,144.47,144.22,766.0,11054900.0,144.446
000858.SZ,2022-11-10,0.0,144.26,144.35,144.22,210.0,3029750.0,144.445
000858.SZ,2022-11-10,0.0,144.35,144.36,144.28,396.0,5715120.0,144.444
000858.SZ,2022-11-10,0.0,144.32,144.35,144.28,469.0,6768290.0,144.443
000858.SZ,2022-11-10,0.0,144.6,144.6,144.33,359.0,5186780.0,144.443
000858.SZ,2022-11-10,0.0,144.5,144.6,144.38,441.0,6372310.0,144.443
000858.SZ,2022-11-10,0.0,144.44,144.49,144.39,429.0,6196810.0,144.444
000858.SZ,2022-11-10,0.0,144.4,144.45,144.38,372.0,5371730.0,144.443
000858.SZ,2022-11-10,0.0,144.73,144.8,144.42,628.0,9077510.0,144.444
000858.SZ,2022-11-10,0.0,144.9,144.9,144.81,506.0,7329220.0,144.448
000858.SZ,2022-11-10,0.0,144.56,144.95,144.47,1116.0,16152800.0,144.455
000858.SZ,2022-11-10,0.0,144.7,144.8,144.56,393.0,5686290.0,144.456
000858.SZ,2022-11-10,0.0,144.83,144.83,144.65,277.0,4009000.0,144.458
000858.SZ,2022-11-10,0.0,144.73,144.83,144.66,283.0,4095840.0,144.459
000858.SZ,2022-11-10,0.0,144.5,144.73,144.5,593.0,8574360.0,144.461
000858.SZ,2022-11-10,0.0,144.78,144.8,144.51,459.0,6638010.0,144.462
000858.SZ,2022-11-10,0.0,144.7,144.98,144.7,629.0,9111270.0,144.467
000858.SZ,2022-11-10,0.0,144.88,145.0,144.65,545.0,7897370.0,144.471
000858.SZ,2022-11-10,0.0,144.96,145.0,144.76,1279.0,18538900.0,144.481
000858.SZ,2022-11-10,0.0,144.92,145.0,144.71,1064.0,15409700.0,144.488
000858.SZ,2022-11-10,0.0,145.39,145.4,144.92,740.0,10744500.0,144.497
000858.SZ,2022-11-10,0.0,145.28,145.49,145.02,1427.0,20727400.0,144.515
000858.SZ,2022-11-10,0.0,145.75,145.8,145.3,1427.0,20773800.0,144.54
000858.SZ,2022-11-10,0.0,145.9,145.97,145.7,2376.0,34642000.0,144.588
000858.SZ,2022-11-10,0.0,146.28,146.37,145.85,3022.0,44151400.0,144.657
000858.SZ,2022-11-10,0.0,146.0,146.3,145.75,1868.0,27283200.0,144.695
000858.SZ,2022-11-10,0.0,145.92,146.01,145.75,1231.0,17960000.0,144.717
000858.SZ,2022-11-10,0.0,145.87,146.06,145.87,1510.0,22045400.0,144.744
000858.SZ,2022-11-10,0.0,145.6,145.85,145.27,1492.0,21707500.0,144.759
000858.SZ,2022-11-10,0.0,145.89,146.0,145.59,875.0,12758600.0,144.772
000858.SZ,2022-11-10,0.0,145.7,145.9,145.7,674.0,9828250.0,144.782
000858.SZ,2022-11-10,0.0,146.0,146.02,145.71,849.0,12390600.0,144.795
000858.SZ,2022-11-10,0.0,145.86,146.02,145.78,677.0,9877330.0,144.805
000858.SZ,2022-11-10,0.0,145.83,146.0,145.83,847.0,12360700.0,144.817
000858.SZ,2022-11-10,0.0,145.75,146.0,145.75,720.0,10500100.0,144.827
000858.SZ,2022-11-10,0.0,145.83,145.83,145.73,814.0,11867300.0,144.837
000858.SZ,2022-11-10,0.0,145.76,145.93,145.76,446.0,6504130.0,144.843
000858.SZ,2022-11-10,0.0,146.03,146.03,145.8,897.0,13091100.0,144.855
000858.SZ,2022-11-10,0.0,145.98,146.1,145.88,958.0,13986100.0,144.869
000858.SZ,2022-11-10,0.0,145.91,146.1,145.91,1492.0,21786900.0,144.89
000858.SZ,2022-11-10,0.0,145.88,145.91,145.8,514.0,7496540.0,144.896
000858.SZ,2022-11-10,0.0,145.97,145.97,145.88,259.0,3779500.0,144.899
000858.SZ,2022-11-10,0.0,146.34,146.34,145.98,1548.0,22622400.0,144.922
000858.SZ,2022-11-10,0.0,146.1,146.45,145.9,1874.0,27402700.0,144.95
000858.SZ,2022-11-10,0.0,146.17,146.17,146.05,748.0,10929800.0,144.961
000858.SZ,2022-11-10,0.0,146.12,146.2,146.0,954.0,13939400.0,144.973
000858.SZ,2022-11-10,0.0,146.11,146.17,146.02,760.0,11104700.0,144.983
000858.SZ,2022-11-10,0.0,146.18,146.18,146.1,804.0,11749600.0,144.993
000858.SZ,2022-11-10,0.0,146.39,146.41,146.16,965.0,14114600.0,145.007
000858.SZ,2022-11-10,0.0,146.51,146.51,146.36,2200.0,32220300.0,145.042
000858.SZ,2022-11-10,0.0,146.2,146.56,146.0,2768.0,40535000.0,145.083
000858.SZ,2022-11-10,0.0,146.35,146.46,146.25,815.0,11929100.0,145.094
000858.SZ,2022-11-10,0.0,146.45,146.48,146.27,982.0,14374100.0,145.107
000858.SZ,2022-11-10,0.0,146.26,146.47,146.24,1106.0,16188800.0,145.121
000858.SZ,2022-11-10,0.0,146.2,146.29,145.98,1974.0,28845100.0,145.141
000858.SZ,2022-11-10,0.0,146.01,146.14,146.01,443.0,6469400.0,145.145
000858.SZ,2022-11-10,0.0,146.06,146.06,146.0,470.0,6863550.0,145.149
000858.SZ,2022-11-10,0.0,146.4,146.45,146.07,637.0,9319450.0,145.156
000858.SZ,2022-11-10,0.0,146.54,146.54,146.4,1446.0,21179600.0,145.175
000858.SZ,2022-11-10,0.0,146.2,146.54,146.17,655.0,9589240.0,145.182
000858.SZ,2022-11-10,0.0,146.1,146.29,146.06,648.0,9469340.0,145.188
000858.SZ,2022-11-10,0.0,146.41,146.5,146.13,829.0,12135900.0,145.198
000858.SZ,2022-11-10,0.0,146.31,146.41,146.21,289.0,4229370.0,145.201
000858.SZ,2022-11-10,0.0,146.29,146.4,146.21,295.0,4315790.0,145.204
000858.SZ,2022-11-10,0.0,146.29,146.32,146.26,275.0,4022760.0,145.207
000858.SZ,2022-11-10,0.0,146.31,146.32,146.29,315.0,4605300.0,145.21
000858.SZ,2022-11-10,0.0,146.35,146.35,146.3,447.0,6540780.0,145.215
000858.SZ,2022-11-10,0.0,146.26,146.35,146.26,326.0,4769790.0,145.218
000858.SZ,2022-11-10,0.0,146.09,146.24,146.09,401.0,5864030.0,145.222
000858.SZ,2022-11-10,0.0,146.03,146.06,146.01,443.0,6469430.0,145.225
000858.SZ,2022-11-10,0.0,146.04,146.1,146.03,324.0,4732010.0,145.228
000858.SZ,2022-11-10,0.0,146.07,146.1,146.04,209.0,3052810.0,145.229
000858.SZ,2022-11-10,0.0,146.02,146.09,146.02,212.0,3096280.0,145.231
000858.SZ,2022-11-10,0.0,145.8,146.02,145.8,870.0,12694200.0,145.236
000858.SZ,2022-11-10,0.0,145.85,145.87,145.8,246.0,3587360.0,145.238
000858.SZ,2022-11-10,0.0,145.83,145.91,145.82,346.0,5043670.0,145.24
000858.SZ,2022-11-10,0.0,145.83,145.85,145.82,319.0,4652080.0,145.241
000858.SZ,2022-11-10,0.0,145.7,145.84,145.67,470.0,6850240.0,145.243
000858.SZ,2022-11-10,0.0,145.48,145.67,145.48,437.0,6364210.0,145.245
000858.SZ,2022-11-10,0.0,145.38,145.44,145.24,580.0,8428770.0,145.245
000858.SZ,2022-11-10,0.0,145.56,145.56,145.36,212.0,3085310.0,145.245
000858.SZ,2022-11-10,0.0,145.6,145.66,145.56,319.0,4644880.0,145.247
000858.SZ,2022-11-10,0.0,145.26,145.64,145.26,485.0,7053910.0,145.247
000858.SZ,2022-11-10,0.0,145.46,145.52,145.26,536.0,7791060.0,145.248
000858.SZ,2022-11-10,0.0,145.35,145.46,145.35,287.0,4172850.0,145.248
000858.SZ,2022-11-10,0.0,145.45,145.57,145.32,427.0,6208490.0,145.249
000858.SZ,2022-11-10,0.0,145.61,145.61,145.45,296.0,4307080.0,145.249
000858.SZ,2022-11-10,0.0,145.66,145.72,145.6,444.0,6467310.0,145.251
000858.SZ,2022-11-10,0.0,145.5,145.66,145.34,449.0,6531080.0,145.252
000858.SZ,2022-11-10,0.0,145.69,145.69,145.52,175.0,2548540.0,145.252
000858.SZ,2022-11-10,0.0,145.53,145.68,145.53,712.0,10365200.0,145.254
000858.SZ,2022-11-10,0.0,145.68,145.69,145.53,388.0,5649640.0,145.256
000858.SZ,2022-11-10,0.0,145.66,145.68,145.65,278.0,4049550.0,145.257
000858.SZ,2022-11-10,0.0,145.73,145.74,145.7,402.0,5857640.0,145.258
000858.SZ,2022-11-10,0.0,145.66,145.75,145.66,866.0,12617300.0,145.261
000858.SZ,2022-11-10,0.0,145.31,145.58,145.31,424.0,6164610.0,145.262
000858.SZ,2022-11-10,0.0,145.3,145.32,145.3,318.0,4620700.0,145.262
000858.SZ,2022-11-10,0.0,145.13,145.3,145.13,612.0,8887010.0,145.262
000858.SZ,2022-11-10,0.0,145.07,145.13,145.06,441.0,6400450.0,145.261
000858.SZ,2022-11-10,0.0,144.72,145.02,144.72,1369.0,19840400.0,145.258
000858.SZ,2022-11-10,0.0,144.92,144.92,144.71,465.0,6731770.0,145.256
000858.SZ,2022-11-10,0.0,145.0,145.08,144.95,304.0,4407570.0,145.255
000858.SZ,2022-11-10,0.0,144.93,144.99,144.92,374.0,5421510.0,145.254
000858.SZ,2022-11-10,0.0,144.94,144.94,144.85,303.0,4390300.0,145.253
000858.SZ,2022-11-10,0.0,144.99,145.0,144.93,182.0,2638360.0,145.253
000858.SZ,2022-11-10,0.0,145.0,145.0,144.97,358.0,5192850.0,145.252
000858.SZ,2022-11-10,0.0,144.97,145.0,144.96,182.0,2638750.0,145.252
000858.SZ,2022-11-10,0.0,144.9,145.0,144.89,221.0,3201160.0,145.251
000858.SZ,2022-11-10,0.0,144.91,144.97,144.9,346.0,5016270.0,145.25
000858.SZ,2022-11-10,0.0,144.89,144.91,144.88,239.0,3463020.0,145.25
000858.SZ,2022-11-10,0.0,144.83,144.9,144.83,258.0,3737300.0,145.249
000858.SZ,2022-11-10,0.0,144.8,144.84,144.8,311.0,4503680.0,145.248
000858.SZ,2022-11-10,0.0,144.77,144.82,144.76,698.0,10107100.0,145.245
000858.SZ,2022-11-10,0.0,144.73,144.78,144.7,416.0,6020490.0,145.243
000858.SZ,2022-11-10,0.0,144.95,144.95,144.72,438.0,6340300.0,145.242
000858.SZ,2022-11-10,0.0,144.9,144.94,144.82,352.0,5100450.0,145.241
000858.SZ,2022-11-10,0.0,144.93,144.93,144.89,144.0,2086720.0,145.241
000858.SZ,2022-11-10,0.0,144.92,144.99,144.92,354.0,5131550.0,145.24
000858.SZ,2022-11-10,0.0,144.94,144.94,144.91,149.0,2159340.0,145.239
000858.SZ,2022-11-10,0.0,144.93,144.94,144.92,127.0,1840530.0,145.239
000858.SZ,2022-11-10,0.0,144.93,144.95,144.93,174.0,2521900.0,145.239
000858.SZ,2022-11-10,0.0,144.9,144.93,144.9,238.0,3449020.0,145.238
000858.SZ,2022-11-10,0.0,144.83,144.9,144.82,207.0,2998930.0,145.238
000858.SZ,2022-11-10,0.0,144.76,144.84,144.76,347.0,5022980.0,145.236
000858.SZ,2022-11-10,0.0,144.69,144.75,144.69,454.0,6571500.0,145.235
000858.SZ,2022-11-10,0.0,144.56,144.69,144.56,833.0,12046800.0,145.231
000858.SZ,2022-11-10,0.0,144.51,144.59,144.5,873.0,12614400.0,145.226
000858.SZ,2022-11-10,0.0,144.5,144.53,144.5,1128.0,16300200.0,145.22
000858.SZ,2022-11-10,0.0,144.49,144.53,144.47,507.0,7325920.0,145.217
000858.SZ,2022-11-10,0.0,144.6,144.6,144.49,389.0,5622510.0,145.215
000858.SZ,2022-11-10,0.0,144.49,144.7,144.49,706.0,10206300.0,145.211
000858.SZ,2022-11-10,0.0,144.39,144.5,144.39,799.0,11540300.0,145.207
000858.SZ,2022-11-10,0.0,144.39,144.42,144.36,766.0,11060600.0,145.202
000858.SZ,2022-11-10,0.0,144.48,144.49,144.3,1105.0,15954700.0,145.196
000858.SZ,2022-11-10,0.0,144.79,144.82,144.4,627.0,9067610.0,145.193
000858.SZ,2022-11-10,0.0,144.62,144.79,144.62,241.0,3487710.0,145.192
000858.SZ,2022-11-10,0.0,144.48,144.7,144.47,576.0,8328180.0,145.189
000858.SZ,2022-11-10,0.0,144.59,144.7,144.48,260.0,3758540.0,145.188
000858.SZ,2022-11-10,0.0,144.73,144.73,144.59,352.0,5092460.0,145.187
000858.SZ,2022-11-10,0.0,144.91,144.98,144.73,274.0,3969230.0,145.186
000858.SZ,2022-11-10,0.0,144.96,144.98,144.91,258.0,3739910.0,145.186
000858.SZ,2022-11-10,0.0,144.98,145.0,144.95,402.0,5828290.0,145.185
000858.SZ,2022-11-10,0.0,145.03,145.05,144.98,222.0,3219130.0,145.185
000858.SZ,2022-11-10,0.0,144.99,145.05,144.99,312.0,4524440.0,145.185
000858.SZ,2022-11-10,0.0,144.96,145.0,144.96,249.0,3609980.0,145.184
000858.SZ,2022-11-10,0.0,145.04,145.05,144.96,458.0,6642120.0,145.184
000858.SZ,2022-11-10,0.0,145.49,145.49,145.08,453.0,6584180.0,145.184
000858.SZ,2022-11-10,0.0,145.7,145.7,145.53,688.0,10018500.0,145.186
000858.SZ,2022-11-10,0.0,145.45,145.8,145.45,893.0,13007000.0,145.189
000858.SZ,2022-11-10,0.0,145.46,145.51,145.4,534.0,7760430.0,145.19
000858.SZ,2022-11-10,0.0,145.62,145.62,145.39,674.0,9805960.0,145.192
000858.SZ,2022-11-10,0.0,145.85,145.85,145.64,572.0,8336300.0,145.194
000858.SZ,2022-11-10,0.0,146.0,146.0,145.84,1234.0,18006200.0,145.2
000858.SZ,2022-11-10,0.0,145.93,146.09,145.76,1125.0,16420100.0,145.206
000858.SZ,2022-11-10,0.0,146.24,146.25,146.03,1738.0,25406700.0,145.218
000858.SZ,2022-11-10,0.0,146.1,146.25,146.01,953.0,13928600.0,145.224
000858.SZ,2022-11-10,0.0,146.02,146.25,146.0,1169.0,17084300.0,145.231
000858.SZ,2022-11-10,0.0,145.9,146.0,145.82,667.0,9734000.0,145.234
000858.SZ,2022-11-10,0.0,145.91,145.94,145.85,573.0,8360100.0,145.236
000858.SZ,2022-11-10,0.0,146.0,146.0,145.91,566.0,8262710.0,145.239
000858.SZ,2022-11-10,0.0,145.85,146.02,145.85,513.0,7487570.0,145.242
000858.SZ,2022-11-10,0.0,145.78,145.86,145.78,352.0,5132740.0,145.243
000858.SZ,2022-11-10,0.0,145.86,145.86,145.63,560.0,8161570.0,145.245
000858.SZ,2022-11-10,0.0,145.67,145.87,145.67,405.0,5904580.0,145.246
000858.SZ,2022-11-10,0.0,145.62,145.68,145.6,336.0,4893040.0,145.247
000858.SZ,2022-11-10,0.0,145.49,145.61,145.49,547.0,7961050.0,145.248
000858.SZ,2022-11-10,0.0,145.62,145.8,145.48,455.0,6625340.0,145.249
000858.SZ,2022-11-10,0.0,145.54,145.62,145.54,471.0,6856460.0,145.25
000858.SZ,2022-11-10,0.0,145.86,145.87,145.54,370.0,5393090.0,145.251
000858.SZ,2022-11-10,0.0,145.5,145.86,145.5,725.0,10559600.0,145.253
000858.SZ,2022-11-10,0.0,145.55,145.61,145.5,453.0,6593690.0,145.254
000858.SZ,2022-11-10,0.0,145.78,145.81,145.61,349.0,5086690.0,145.255
000858.SZ,2022-11-10,0.0,145.69,145.79,145.63,313.0,4560200.0,145.256
000858.SZ,2022-11-10,0.0,145.6,145.79,145.58,523.0,7617740.0,145.257
000858.SZ,2022-11-10,0.0,145.56,145.59,145.54,358.0,5211440.0,145.258
000858.SZ,2022-11-10,0.0,145.58,145.65,145.55,368.0,5357550.0,145.259
000858.SZ,2022-11-10,0.0,145.63,145.65,145.56,281.0,4091680.0,145.259
000858.SZ,2022-11-10,0.0,145.64,145.66,145.6,457.0,6654940.0,145.261
000858.SZ,2022-11-10,0.0,145.77,145.77,145.62,519.0,7562290.0,145.262
000858.SZ,2022-11-10,0.0,145.79,145.79,145.7,245.0,3571110.0,145.263
000858.SZ,2022-11-10,0.0,145.76,145.79,145.72,371.0,5407530.0,145.264
000858.SZ,2022-11-10,0.0,145.75,145.79,145.7,334.0,4868310.0,145.265
000858.SZ,2022-11-10,0.0,145.95,145.95,145.75,533.0,7773060.0,145.267
000858.SZ,2022-11-10,0.0,145.83,145.98,145.82,669.0,9760200.0,145.269
000858.SZ,2022-11-10,0.0,145.87,145.9,145.81,466.0,6796790.0,145.271
000858.SZ,2022-11-10,0.0,145.76,145.88,145.72,622.0,9068220.0,145.273
000858.SZ,2022-11-10,0.0,145.67,145.83,145.63,686.0,9994260.0,145.275
000858.SZ,2022-11-10,0.0,145.65,145.82,145.62,688.0,10022900.0,145.276
000858.SZ,2022-11-10,0.0,145.71,145.74,145.61,1047.0,15250700.0,145.279
000858.SZ,2022-11-10,0.0,145.59,145.71,145.56,643.0,9365140.0,145.28
000858.SZ,2022-11-10,0.0,145.56,145.61,145.5,731.0,10640400.0,145.282
000858.SZ,2022-11-10,0.0,145.6,145.66,145.5,818.0,11910100.0,145.283
000858.SZ,2022-11-10,0.0,145.73,145.8,145.59,1038.0,15131400.0,145.286
000858.SZ,2022-11-10,0.0,145.63,145.72,145.59,1121.0,16330100.0,145.289
000858.SZ,2022-11-10,0.0,145.55,145.58,145.51,1222.0,17780600.0,145.29
000858.SZ,2022-11-10,0.0,145.59,145.6,145.54,560.0,8151910.0,145.291
000858.SZ,2022-11-10,0.0,145.57,145.59,145.55,799.0,11634900.0,145.293
000858.SZ,2022-11-10,0.0,145.57,145.58,145.53,659.0,9594410.0,145.294
000858.SZ,2022-11-10,0.0,145.62,145.65,145.56,757.0,11021400.0,145.295
000858.SZ,2022-11-10,0.0,145.76,145.78,145.65,778.0,11335900.0,145.297
000858.SZ,2022-11-10,0.0,145.76,145.76,145.76,6.0,87455.0,145.297
000858.SZ,2022-11-10,0.0,145.76,145.76,145.76,0.0,0.0,145.297
000858.SZ,2022-11-10,0.0,145.76,145.76,145.76,1680.0,24487700.0,145.301
000858.SZ,2022-11-11,0.0,151.49,151.49,151.49,7241.0,109694000.0,151.49
000858.SZ,2022-11-11,0.0,150.17,151.5,150.1,17788.0,268934016.0,151.276
000858.SZ,2022-11-11,0.0,150.24,150.5,149.94,12191.0,183128992.0,150.928
000858.SZ,2022-11-11,0.0,150.28,150.5,150.2,7112.0,106917000.0,150.833
000858.SZ,2022-11-11,0.0,149.91,150.28,149.91,6631.0,99539000.0,150.74
000858.SZ,2022-11-11,0.0,149.0,149.9,148.83,5018.0,74958400.0,150.618
000858.SZ,2022-11-11,0.0,149.79,149.79,148.76,8069.0,120388000.0,150.438
000858.SZ,2022-11-11,0.0,149.69,149.75,149.57,3605.0,53948900.0,150.396
000858.SZ,2022-11-11,0.0,149.91,150.1,149.69,4645.0,69643200.0,150.366
000858.SZ,2022-11-11,0.0,149.1,149.77,149.03,3108.0,46434600.0,150.326
000858.SZ,2022-11-11,0.0,148.66,149.03,148.65,2922.0,43492900.0,150.271
000858.SZ,2022-11-11,0.0,148.7,149.01,148.61,3818.0,56818800.0,150.204
000858.SZ,2022-11-11,0.0,149.0,149.23,148.45,4455.0,66379500.0,150.142
000858.SZ,2022-11-11,0.0,148.71,148.92,148.71,3251.0,48379100.0,150.094
000858.SZ,2022-11-11,0.0,149.75,149.75,148.67,2335.0,34789700.0,150.066
000858.SZ,2022-11-11,0.0,149.66,149.99,149.59,4924.0,73802200.0,150.056
000858.SZ,2022-11-11,0.0,149.0,149.59,148.99,1135.0,16930500.0,150.046
000858.SZ,2022-11-11,0.0,148.99,148.99,148.69,1427.0,21228200.0,150.028
000858.SZ,2022-11-11,0.0,149.0,149.05,148.82,1642.0,24458300.0,150.01
000858.SZ,2022-11-11,0.0,148.81,149.01,148.81,1095.0,16305700.0,149.998
000858.SZ,2022-11-11,0.0,148.66,148.81,148.66,1079.0,16048500.0,149.985
000858.SZ,2022-11-11,0.0,148.62,148.7,148.21,2829.0,41986900.0,149.944
000858.SZ,2022-11-11,0.0,148.28,148.65,148.28,1295.0,19224500.0,149.926
000858.SZ,2022-11-11,0.0,148.68,148.76,148.23,1531.0,22743000.0,149.906
000858.SZ,2022-11-11,0.0,148.43,148.68,148.43,771.0,11454400.0,149.897
000858.SZ,2022-11-11,0.0,148.18,148.47,148.13,987.0,14634600.0,149.882
000858.SZ,2022-11-11,0.0,148.01,148.16,148.0,2035.0,30125200.0,149.849
000858.SZ,2022-11-11,0.0,147.67,148.0,147.66,2755.0,40741500.0,149.802
000858.SZ,2022-11-11,0.0,147.8,147.87,147.65,1543.0,22800200.0,149.775
000858.SZ,2022-11-11,0.0,147.9,148.0,147.73,1557.0,23009100.0,149.75
000858.SZ,2022-11-11,0.0,148.0,148.05,147.91,1158.0,17140900.0,149.733
000858.SZ,2022-11-11,0.0,148.5,148.5,148.05,2022.0,29986000.0,149.709
000858.SZ,2022-11-11,0.0,148.59,148.8,148.55,1645.0,24459400.0,149.695
000858.SZ,2022-11-11,0.0,148.25,148.6,148.25,1062.0,15761300.0,149.684
000858.SZ,2022-11-11,0.0,148.18,148.32,148.14,748.0,11088300.0,149.676
000858.SZ,2022-11-11,0.0,148.23,148.23,148.14,917.0,13588900.0,149.665
000858.SZ,2022-11-11,0.0,148.6,148.75,148.23,1149.0,17068600.0,149.655
000858.SZ,2022-11-11,0.0,148.61,148.77,148.55,1027.0,15265000.0,149.647
000858.SZ,2022-11-11,0.0,148.5,148.73,148.48,732.0,10875300.0,149.641
000858.SZ,2022-11-11,0.0,148.6,148.71,148.38,925.0,13742800.0,149.633
000858.SZ,2022-11-11,0.0,148.02,148.65,148.02,758.0,11243200.0,149.625
000858.SZ,2022-11-11,0.0,148.49,148.53,148.02,755.0,11194200.0,149.618
000858.SZ,2022-11-11,0.0,148.81,148.83,148.4,1057.0,15719600.0,149.611
000858.SZ,2022-11-11,0.0,149.03,149.03,148.79,1775.0,26428200.0,149.601
000858.SZ,2022-11-11,0.0,149.0,149.47,149.0,1690.0,25231900.0,149.597
000858.SZ,2022-11-11,0.0,148.77,149.0,148.77,661.0,9841640.0,149.594
000858.SZ,2022-11-11,0.0,148.48,148.77,148.3,386.0,5731500.0,149.591
000858.SZ,2022-11-11,0.0,148.88,148.99,148.31,958.0,14240900.0,149.584
000858.SZ,2022-11-11,0.0,148.78,148.98,148.78,490.0,7294520.0,149.582
000858.SZ,2022-11-11,0.0,148.79,149.0,148.6,1351.0,20113400.0,149.575
000858.SZ,2022-11-11,0.0,148.52,148.78,148.52,290.0,4310340.0,149.573
000858.SZ,2022-11-11,0.0,148.89,149.0,148.32,1233.0,18339400.0,149.566
000858.SZ,2022-11-11,0.0,148.4,148.94,148.35,930.0,13835800.0,149.561
000858.SZ,2022-11-11,0.0,149.0,149.0,148.35,2106.0,31350000.0,149.55
000858.SZ,2022-11-11,0.0,148.55,148.89,148.49,593.0,8811430.0,149.547
000858.SZ,2022-11-11,0.0,148.62,148.92,148.5,410.0,6096430.0,149.544
000858.SZ,2022-11-11,0.0,148.38,148.66,148.38,354.0,5257030.0,149.542
000858.SZ,2022-11-11,0.0,148.11,148.38,148.08,510.0,7559760.0,149.537
000858.SZ,2022-11-11,0.0,148.31,148.35,148.09,586.0,8683450.0,149.532
000858.SZ,2022-11-11,0.0,148.4,148.49,148.31,383.0,5683360.0,149.529
000858.SZ,2022-11-11,0.0,148.29,148.5,148.29,388.0,5757560.0,149.526
000858.SZ,2022-11-11,0.0,148.3,148.32,148.13,643.0,9526720.0,149.52
000858.SZ,2022-11-11,0.0,148.19,148.27,148.17,329.0,4876720.0,149.517
000858.SZ,2022-11-11,0.0,148.21,148.23,148.1,722.0,10699300.0,149.511
000858.SZ,2022-11-11,0.0,148.22,148.28,148.22,234.0,3469080.0,149.509
000858.SZ,2022-11-11,0.0,148.24,148.35,148.22,545.0,8080300.0,149.504
000858.SZ,2022-11-11,0.0,148.44,148.6,148.23,496.0,7364920.0,149.501
000858.SZ,2022-11-11,0.0,148.34,148.49,148.34,369.0,5475840.0,149.498
000858.SZ,2022-11-11,0.0,148.38,148.38,148.2,549.0,8139390.0,149.494
000858.SZ,2022-11-11,0.0,148.45,148.61,148.38,369.0,5480380.0,149.492
000858.SZ,2022-11-11,0.0,148.73,148.74,148.5,549.0,8159950.0,149.489
000858.SZ,2022-11-11,0.0,148.52,148.73,148.25,474.0,7039690.0,149.486
000858.SZ,2022-11-11,0.0,148.59,148.66,148.3,475.0,7054910.0,149.483
000858.SZ,2022-11-11,0.0,148.55,148.63,148.54,306.0,4546870.0,149.481
000858.SZ,2022-11-11,0.0,148.31,148.58,148.31,385.0,5717580.0,149.478
000858.SZ,2022-11-11,0.0,148.31,148.43,148.31,332.0,4924990.0,149.476
000858.SZ,2022-11-11,0.0,148.11,148.35,148.11,608.0,9013610.0,149.471
000858.SZ,2022-11-11,0.0,148.02,148.11,148.02,641.0,9491130.0,149.465
000858.SZ,2022-11-11,0.0,148.2,148.2,148.02,640.0,9476400.0,149.46
000858.SZ,2022-11-11,0.0,148.31,148.31,148.18,145.0,2149510.0,149.458
000858.SZ,2022-11-11,0.0,148.35,148.43,148.3,490.0,7270050.0,149.455
000858.SZ,2022-11-11,0.0,148.31,148.41,148.3,642.0,9525170.0,149.451
000858.SZ,2022-11-11,0.0,148.31,148.38,148.3,497.0,7372430.0,149.447
000858.SZ,2022-11-11,0.0,148.31,148.43,148.31,930.0,13800100.0,149.441
000858.SZ,2022-11-11,0.0,148.17,148.39,148.17,912.0,13524700.0,149.434
000858.SZ,2022-11-11,0.0,148.25,148.25,148.02,443.0,6562420.0,149.431
000858.SZ,2022-11-11,0.0,148.03,148.23,148.02,423.0,6264690.0,149.427
000858.SZ,2022-11-11,0.0,147.88,148.03,147.88,1776.0,26281800.0,149.412
000858.SZ,2022-11-11,0.0,147.91,147.91,147.88,754.0,11149700.0,149.405
000858.SZ,2022-11-11,0.0,147.96,148.01,147.87,837.0,12380900.0,149.397
000858.SZ,2022-11-11,0.0,148.0,148.09,147.88,404.0,5976830.0,149.394
000858.SZ,2022-11-11,0.0,147.72,148.06,147.72,1512.0,22355200.0,149.38
000858.SZ,2022-11-11,0.0,147.05,147.65,147.0,1985.0,29254000.0,149.356
000858.SZ,2022-11-11,0.0,147.11,147.16,147.0,1533.0,22544700.0,149.335
000858.SZ,2022-11-11,0.0,147.46,147.46,147.2,515.0,7579930.0,149.329
000858.SZ,2022-11-11,0.0,147.24,147.44,147.18,757.0,11147000.0,149.32
000858.SZ,2022-11-11,0.0,147.33,147.35,147.2,271.0,3993240.0,149.316
000858.SZ,2022-11-11,0.0,147.2,147.33,147.2,610.0,8982170.0,149.309
000858.SZ,2022-11-11,0.0,147.06,147.19,147.06,673.0,9906580.0,149.301
000858.SZ,2022-11-11,0.0,147.12,147.12,147.06,627.0,9223550.0,149.293
000858.SZ,2022-11-11,0.0,147.17,147.17,147.08,407.0,5987760.0,149.287
000858.SZ,2022-11-11,0.0,147.14,147.2,147.11,398.0,5856800.0,149.283
000858.SZ,2022-11-11,0.0,146.98,147.16,146.97,1889.0,27774700.0,149.258
000858.SZ,2022-11-11,0.0,146.68,147.0,146.68,751.0,11027700.0,149.248
000858.SZ,2022-11-11,0.0,146.58,146.7,146.55,1279.0,18751300.0,149.229
000858.SZ,2022-11-11,0.0,146.61,146.62,146.54,704.0,10318000.0,149.219
000858.SZ,2022-11-11,0.0,146.99,147.0,146.62,770.0,11297700.0,149.208
000858.SZ,2022-11-11,0.0,146.99,147.02,146.91,357.0,5247020.0,149.204
000858.SZ,2022-11-11,0.0,147.0,147.08,146.99,374.0,5498040.0,149.199
000858.SZ,2022-11-11,0.0,147.15,147.16,147.0,310.0,4559120.0,149.196
000858.SZ,2022-11-11,0.0,147.39,147.4,147.15,235.0,3461100.0,149.193
000858.SZ,2022-11-11,0.0,147.28,147.38,147.28,546.0,8045040.0,149.187
000858.SZ,2022-11-11,0.0,147.4,147.4,147.27,302.0,4449970.0,149.184
000858.SZ,2022-11-11,0.0,147.44,147.44,147.38,272.0,4009790.0,149.182
000858.SZ,2022-11-11,0.0,147.6,147.6,147.45,385.0,5681110.0,149.178
000858.SZ,2022-11-11,0.0,148.19,148.19,147.71,518.0,7666720.0,149.175
000858.SZ,2022-11-11,0.0,148.15,148.17,147.91,1060.0,15695200.0,149.168
000858.SZ,2022-11-11,0.0,147.99,148.12,147.91,557.0,8247740.0,149.165
000858.SZ,2022-11-11,0.0,147.92,147.99,147.9,425.0,6287320.0,149.162
000858.SZ,2022-11-11,0.0,147.98,148.0,147.92,467.0,6908560.0,149.159
000858.SZ,2022-11-11,0.0,147.95,148.0,147.88,786.0,11630100.0,149.154
000858.SZ,2022-11-11,0.0,148.5,148.5,147.7,2405.0,35645900.0,149.142
000858.SZ,2022-11-11,0.0,148.14,148.5,148.1,395.0,5862470.0,149.14
000858.SZ,2022-11-11,0.0,148.31,148.31,148.14,449.0,6654510.0,149.138
000858.SZ,2022-11-11,0.0,148.2,148.34,148.12,341.0,5055140.0,149.136
000858.SZ,2022-11-11,0.0,148.11,148.22,148.1,415.0,6147650.0,149.134
000858.SZ,2022-11-11,0.0,148.0,148.2,148.0,658.0,9746570.0,149.131
000858.SZ,2022-11-11,0.0,147.84,148.03,147.84,427.0,6318050.0,149.128
000858.SZ,2022-11-11,0.0,147.7,147.84,147.68,334.0,4935360.0,149.126
000858.SZ,2022-11-11,0.0,147.66,147.7,147.6,514.0,7588600.0,149.122
000858.SZ,2022-11-11,0.0,147.78,147.83,147.66,430.0,6351980.0,149.119
000858.SZ,2022-11-11,0.0,147.72,147.85,147.7,353.0,5214630.0,149.116
000858.SZ,2022-11-11,0.0,147.6,147.7,147.56,527.0,7781960.0,149.112
000858.SZ,2022-11-11,0.0,147.62,147.62,147.56,278.0,4103110.0,149.11
000858.SZ,2022-11-11,0.0,147.98,147.98,147.6,545.0,8051840.0,149.106
000858.SZ,2022-11-11,0.0,147.99,148.0,147.9,550.0,8139030.0,149.103
000858.SZ,2022-11-11,0.0,147.88,148.0,147.88,634.0,9380300.0,149.099
000858.SZ,2022-11-11,0.0,148.06,148.06,147.84,691.0,10225900.0,149.095
000858.SZ,2022-11-11,0.0,148.0,148.13,148.0,794.0,11755600.0,149.091
000858.SZ,2022-11-11,0.0,148.09,148.09,147.9,304.0,4498740.0,149.089
000858.SZ,2022-11-11,0.0,148.05,148.09,148.01,185.0,2738570.0,149.088
000858.SZ,2022-11-11,0.0,147.9,148.1,147.9,640.0,9473460.0,149.085
000858.SZ,2022-11-11,0.0,148.0,148.0,147.9,240.0,3551000.0,149.083
000858.SZ,2022-11-11,0.0,148.1,148.1,147.92,245.0,3627280.0,149.082
000858.SZ,2022-11-11,0.0,148.08,148.12,148.05,439.0,6501000.0,149.08
000858.SZ,2022-11-11,0.0,148.26,148.26,148.06,399.0,5911800.0,149.078
000858.SZ,2022-11-11,0.0,148.4,148.4,148.25,549.0,8144330.0,149.076
000858.SZ,2022-11-11,0.0,148.7,148.7,148.48,1364.0,20254600.0,149.072
000858.SZ,2022-11-11,0.0,148.55,148.7,148.55,710.0,10554700.0,149.071
000858.SZ,2022-11-11,0.0,148.4,148.59,148.4,375.0,5569350.0,149.07
000858.SZ,2022-11-11,0.0,148.95,148.95,148.4,1446.0,21498800.0,149.067
000858.SZ,2022-11-11,0.0,149.2,149.2,148.9,2980.0,44406400.0,149.066
000858.SZ,2022-11-11,0.0,149.62,149.64,149.14,2540.0,37959600.0,149.071
000858.SZ,2022-11-11,0.0,149.11,149.64,149.11,912.0,13634000.0,149.073
000858.SZ,2022-11-11,0.0,149.14,149.14,148.93,1223.0,18230300.0,149.073
000858.SZ,2022-11-11,0.0,149.3,149.38,149.03,1547.0,23094000.0,149.074
000858.SZ,2022-11-11,0.0,150.25,150.25,149.41,7992.0,119822000.0,149.105
000858.SZ,2022-11-11,0.0,150.81,150.82,150.3,5587.0,84125200.0,149.141
000858.SZ,2022-11-11,0.0,151.0,151.0,150.7,8883.0,134026000.0,149.207
000858.SZ,2022-11-11,0.0,150.1,150.99,150.1,2421.0,36477500.0,149.222
000858.SZ,2022-11-11,0.0,149.93,150.24,149.93,1352.0,20299600.0,149.227
000858.SZ,2022-11-11,0.0,149.7,150.0,149.7,1413.0,21172000.0,149.231
000858.SZ,2022-11-11,0.0,149.82,149.96,149.7,1718.0,25738600.0,149.235
000858.SZ,2022-11-11,0.0,149.64,149.87,149.64,1090.0,16319500.0,149.237
000858.SZ,2022-11-11,0.0,149.46,149.64,149.46,902.0,13490400.0,149.238
000858.SZ,2022-11-11,0.0,149.23,149.46,149.22,964.0,14395700.0,149.239
000858.SZ,2022-11-11,0.0,149.27,149.27,149.18,971.0,14490100.0,149.239
000858.SZ,2022-11-11,0.0,149.5,149.55,149.21,786.0,11752000.0,149.239
000858.SZ,2022-11-11,0.0,149.5,149.53,149.4,539.0,8057220.0,149.24
000858.SZ,2022-11-11,0.0,149.4,149.65,149.4,882.0,13189700.0,149.241
000858.SZ,2022-11-11,0.0,149.53,149.58,149.4,651.0,9735240.0,149.242
000858.SZ,2022-11-11,0.0,149.96,150.0,149.58,1743.0,26128800.0,149.246
000858.SZ,2022-11-11,0.0,150.0,150.0,149.88,1501.0,22516400.0,149.251
000858.SZ,2022-11-11,0.0,150.33,150.34,149.97,1565.0,23498500.0,149.256
000858.SZ,2022-11-11,0.0,150.52,150.72,150.37,4500.0,67776496.0,149.28
000858.SZ,2022-11-11,0.0,150.09,150.54,150.04,1929.0,29015300.0,149.288
000858.SZ,2022-11-11,0.0,150.2,150.2,149.95,1673.0,25099000.0,149.293
000858.SZ,2022-11-11,0.0,150.18,150.3,150.08,1382.0,20752700.0,149.297
000858.SZ,2022-11-11,0.0,150.31,150.35,150.15,1325.0,19913400.0,149.302
000858.SZ,2022-11-11,0.0,150.83,150.83,150.3,3165.0,47663700.0,149.318
000858.SZ,2022-11-11,0.0,150.93,150.98,150.85,4437.0,66956300.0,149.344
000858.SZ,2022-11-11,0.0,150.87,150.92,150.85,1605.0,24218300.0,149.353
000858.SZ,2022-11-11,0.0,150.99,151.0,150.82,5663.0,85486096.0,149.385
000858.SZ,2022-11-11,0.0,151.0,151.0,150.93,4950.0,74743296.0,149.413
000858.SZ,2022-11-11,0.0,150.93,150.99,150.91,2407.0,36339000.0,149.426
000858.SZ,2022-11-11,0.0,150.83,150.9,150.81,1770.0,26701400.0,149.435
000858.SZ,2022-11-11,0.0,151.0,151.06,150.81,4683.0,70698304.0,149.459
000858.SZ,2022-11-11,0.0,151.07,151.09,151.0,2055.0,31040800.0,149.47
000858.SZ,2022-11-11,0.0,150.9,151.13,150.9,2375.0,35877300.0,149.483
000858.SZ,2022-11-11,0.0,150.99,151.02,150.9,1187.0,17919600.0,149.489
000858.SZ,2022-11-11,0.0,150.9,151.0,150.85,2500.0,37739200.0,149.501
000858.SZ,2022-11-11,0.0,150.9,151.0,150.82,1952.0,29456600.0,149.51
000858.SZ,2022-11-11,0.0,150.9,151.01,150.82,2594.0,39161400.0,149.523
000858.SZ,2022-11-11,0.0,150.7,150.91,150.65,1266.0,19084100.0,149.528
000858.SZ,2022-11-11,0.0,150.4,150.64,150.29,1805.0,27150400.0,149.533
000858.SZ,2022-11-11,0.0,150.32,150.37,150.21,1696.0,25490100.0,149.537
000858.SZ,2022-11-11,0.0,150.5,150.64,150.25,1952.0,29357100.0,149.542
000858.SZ,2022-11-11,0.0,150.35,150.71,150.35,751.0,11309100.0,149.545
000858.SZ,2022-11-11,0.0,150.2,150.34,150.18,823.0,12368700.0,149.547
000858.SZ,2022-11-11,0.0,150.19,150.27,150.07,1280.0,19219500.0,149.549
000858.SZ,2022-11-11,0.0,150.48,150.48,150.17,1199.0,18020700.0,149.552
000858.SZ,2022-11-11,0.0,150.46,150.49,150.35,838.0,12611600.0,149.554
000858.SZ,2022-11-11,0.0,150.69,150.69,150.44,1341.0,20186200.0,149.558
000858.SZ,2022-11-11,0.0,150.9,150.95,150.69,1336.0,20147900.0,149.564
000858.SZ,2022-11-11,0.0,150.6,150.9,150.6,1158.0,17455800.0,149.568
000858.SZ,2022-11-11,0.0,150.48,150.64,150.47,1235.0,18588200.0,149.572
000858.SZ,2022-11-11,0.0,150.2,150.5,150.2,988.0,14857100.0,149.574
000858.SZ,2022-11-11,0.0,150.15,150.21,150.1,884.0,13273800.0,149.576
000858.SZ,2022-11-11,0.0,150.44,150.45,150.09,1037.0,15588000.0,149.578
000858.SZ,2022-11-11,0.0,150.33,150.43,150.28,971.0,14598300.0,149.58
000858.SZ,2022-11-11,0.0,150.16,150.33,150.08,653.0,9809060.0,149.581
000858.SZ,2022-11-11,0.0,149.95,150.11,149.95,1911.0,28670200.0,149.584
000858.SZ,2022-11-11,0.0,150.16,150.16,149.93,2237.0,33554500.0,149.587
000858.SZ,2022-11-11,0.0,150.2,150.34,150.2,1486.0,22331800.0,149.59
000858.SZ,2022-11-11,0.0,150.3,150.3,150.16,1188.0,17847400.0,149.592
000858.SZ,2022-11-11,0.0,150.27,150.31,150.27,794.0,11932700.0,149.594
000858.SZ,2022-11-11,0.0,150.13,150.24,150.13,837.0,12572100.0,149.595
000858.SZ,2022-11-11,0.0,149.99,150.12,149.99,1151.0,17272700.0,149.597
000858.SZ,2022-11-11,0.0,149.88,149.99,149.86,1205.0,18065500.0,149.598
000858.SZ,2022-11-11,0.0,149.88,149.9,149.86,1220.0,18286000.0,149.599
000858.SZ,2022-11-11,0.0,149.94,149.96,149.88,1430.0,21439800.0,149.6
000858.SZ,2022-11-11,0.0,150.08,150.09,149.97,1481.0,22219000.0,149.602
000858.SZ,2022-11-11,0.0,150.09,150.1,150.08,904.0,13568600.0,149.604
000858.SZ,2022-11-11,0.0,150.1,150.11,150.08,1687.0,25319000.0,149.606
000858.SZ,2022-11-11,0.0,150.11,150.11,150.08,1343.0,20159900.0,149.608
000858.SZ,2022-11-11,0.0,150.08,150.11,150.07,906.0,13596900.0,149.609
000858.SZ,2022-11-11,0.0,150.11,150.11,150.09,1654.0,24826400.0,149.611
000858.SZ,2022-11-11,0.0,150.15,150.15,150.09,1471.0,22080700.0,149.614
000858.SZ,2022-11-11,0.0,150.26,150.3,150.15,1525.0,22910700.0,149.616
000858.SZ,2022-11-11,0.0,150.24,150.28,150.23,898.0,13496900.0,149.618
000858.SZ,2022-11-11,0.0,150.16,150.23,150.16,944.0,14175400.0,149.619
000858.SZ,2022-11-11,0.0,150.09,150.15,150.08,1438.0,21585800.0,149.621
000858.SZ,2022-11-11,0.0,150.02,150.09,150.0,1814.0,27217700.0,149.624
000858.SZ,2022-11-11,0.0,150.2,150.25,150.01,3556.0,53380100.0,149.628
000858.SZ,2022-11-11,0.0,150.14,150.22,150.12,1819.0,27317500.0,149.631
000858.SZ,2022-11-11,0.0,150.11,150.16,150.11,1361.0,20432000.0,149.633
000858.SZ,2022-11-11,0.0,150.07,150.12,150.05,1080.0,16209200.0,149.634
000858.SZ,2022-11-11,0.0,150.03,150.07,150.03,1808.0,27127700.0,149.636
000858.SZ,2022-11-11,0.0,150.02,150.02,150.02,29.0,435074.0,149.636
000858.SZ,2022-11-11,0.0,150.02,150.02,150.02,0.0,0.0,149.636
000858.SZ,2022-11-11,0.0,150.02,150.02,150.02,2154.0,32319900.0,149.639
000858.SZ,2022-11-14,0.0,151.0,151.0,151.0,2567.0,38761700.0,151.0
000858.SZ,2022-11-14,0.0,153.02,153.52,150.1,12437.0,188962000.0,151.777
000858.SZ,2022-11-14,0.0,152.4,153.0,152.35,7686.0,117341000.0,152.079
000858.SZ,2022-11-14,0.0,153.3,153.42,152.48,7493.0,114701000.0,152.327
000858.SZ,2022-11-14,0.0,154.38,154.48,153.29,8348.0,128222000.0,152.6
000858.SZ,2022-11-14,0.0,154.99,155.0,154.3,8565.0,132627000.0,153.009
000858.SZ,2022-11-14,0.0,155.01,155.41,155.0,8242.0,127886000.0,153.33
000858.SZ,2022-11-14,0.0,154.6,155.16,154.38,5608.0,86768096.0,153.458
000858.SZ,2022-11-14,0.0,154.3,154.63,154.3,5525.0,85397400.0,153.55
000858.SZ,2022-11-14,0.0,153.08,154.28,153.08,2667.0,40989500.0,153.554
000858.SZ,2022-11-14,0.0,154.0,154.0,152.98,4371.0,67003700.0,153.539
000858.SZ,2022-11-14,0.0,153.62,154.1,153.62,2671.0,41127000.0,153.554
000858.SZ,2022-11-14,0.0,152.99,153.61,152.99,2415.0,37013900.0,153.545
000858.SZ,2022-11-14,0.0,152.78,152.99,152.69,2241.0,34245400.0,153.525
000858.SZ,2022-11-14,0.0,153.08,153.08,152.7,2424.0,37058700.0,153.506
000858.SZ,2022-11-14,0.0,153.5,153.5,152.85,3051.0,46703900.0,153.491
000858.SZ,2022-11-14,0.0,153.79,153.99,153.59,2492.0,38322700.0,153.499
000858.SZ,2022-11-14,0.0,153.3,153.88,153.19,1865.0,28631800.0,153.5
000858.SZ,2022-11-14,0.0,153.58,153.6,153.15,1978.0,30330600.0,153.496
000858.SZ,2022-11-14,0.0,152.87,153.49,152.87,1577.0,24151800.0,153.491
000858.SZ,2022-11-14,0.0,153.23,153.42,152.83,2308.0,35328000.0,153.481
000858.SZ,2022-11-14,0.0,152.68,153.32,152.65,2407.0,36789100.0,153.465
000858.SZ,2022-11-14,0.0,152.45,152.68,152.39,2903.0,44276700.0,153.438
000858.SZ,2022-11-14,0.0,152.58,152.72,152.5,1461.0,22293500.0,153.426
000858.SZ,2022-11-14,0.0,152.54,152.8,152.52,1527.0,23309200.0,153.415
000858.SZ,2022-11-14,0.0,152.32,152.54,152.32,1830.0,27899500.0,153.398
000858.SZ,2022-11-14,0.0,152.65,152.65,152.28,1878.0,28636200.0,153.383
000858.SZ,2022-11-14,0.0,152.43,152.68,152.36,1552.0,23669000.0,153.37
000858.SZ,2022-11-14,0.0,152.82,152.85,152.36,1567.0,23915400.0,153.36
000858.SZ,2022-11-14,0.0,152.6,152.8,152.5,972.0,14839000.0,153.354
000858.SZ,2022-11-14,0.0,152.88,153.0,152.72,1490.0,22768100.0,153.347
000858.SZ,2022-11-14,0.0,152.75,153.0,152.75,1726.0,26395800.0,153.341
000858.SZ,2022-11-14,0.0,152.61,152.97,152.61,807.0,12324100.0,153.336
000858.SZ,2022-11-14,0.0,152.58,152.61,152.55,921.0,14053000.0,153.331
000858.SZ,2022-11-14,0.0,152.0,152.59,152.0,2581.0,39274500.0,153.306
000858.SZ,2022-11-14,0.0,151.94,151.95,151.81,1781.0,27049000.0,153.285
000858.SZ,2022-11-14,0.0,151.86,152.06,151.86,1276.0,19389600.0,153.271
000858.SZ,2022-11-14,0.0,151.8,151.9,151.8,1199.0,18205500.0,153.257
000858.SZ,2022-11-14,0.0,151.51,151.8,151.51,1285.0,19490900.0,153.241
000858.SZ,2022-11-14,0.0,151.4,151.55,151.29,2144.0,32465300.0,153.211
000858.SZ,2022-11-14,0.0,151.34,151.34,151.27,1735.0,26251500.0,153.185
000858.SZ,2022-11-14,0.0,151.66,151.71,151.29,1287.0,19493700.0,153.169
000858.SZ,2022-11-14,0.0,151.66,151.75,151.55,1637.0,24831300.0,153.15
000858.SZ,2022-11-14,0.0,151.65,151.68,151.55,600.0,9098450.0,153.143
000858.SZ,2022-11-14,0.0,151.4,151.69,151.39,1144.0,17330600.0,153.129
000858.SZ,2022-11-14,0.0,151.35,151.45,151.3,1036.0,15678800.0,153.116
000858.SZ,2022-11-14,0.0,151.26,151.38,151.26,1395.0,21109400.0,153.098
000858.SZ,2022-11-14,0.0,151.49,151.49,151.2,1879.0,28430100.0,153.073
000858.SZ,2022-11-14,0.0,151.95,151.97,151.57,949.0,14401800.0,153.065
000858.SZ,2022-11-14,0.0,152.0,152.01,151.9,989.0,15031200.0,153.057
000858.SZ,2022-11-14,0.0,151.83,152.09,151.83,789.0,11992400.0,153.051
000858.SZ,2022-11-14,0.0,151.62,151.81,151.59,437.0,6627080.0,153.047
000858.SZ,2022-11-14,0.0,152.0,152.0,151.62,677.0,10278900.0,153.041
000858.SZ,2022-11-14,0.0,151.81,152.01,151.77,466.0,7076130.0,153.037
000858.SZ,2022-11-14,0.0,151.8,151.97,151.76,1207.0,18334700.0,153.027
000858.SZ,2022-11-14,0.0,151.79,152.0,151.79,714.0,10844800.0,153.022
000858.SZ,2022-11-14,0.0,151.78,151.8,151.75,434.0,6587900.0,153.018
000858.SZ,2022-11-14,0.0,151.53,151.75,151.53,644.0,9765500.0,153.012
000858.SZ,2022-11-14,0.0,151.48,151.53,151.45,585.0,8861640.0,153.006
000858.SZ,2022-11-14,0.0,151.41,151.55,151.4,513.0,7770480.0,153.001
000858.SZ,2022-11-14,0.0,151.48,151.48,151.35,623.0,9431870.0,152.994
000858.SZ,2022-11-14,0.0,151.89,151.98,151.46,711.0,10781000.0,152.987
000858.SZ,2022-11-14,0.0,151.89,152.0,151.89,699.0,10622200.0,152.983
000858.SZ,2022-11-14,0.0,151.96,151.96,151.6,732.0,11106900.0,152.976
000858.SZ,2022-11-14,0.0,151.97,152.0,151.8,375.0,5696040.0,152.974
000858.SZ,2022-11-14,0.0,151.9,151.97,151.84,294.0,4466140.0,152.972
000858.SZ,2022-11-14,0.0,151.66,151.95,151.66,429.0,6513460.0,152.968
000858.SZ,2022-11-14,0.0,151.7,151.7,151.6,330.0,5003720.0,152.965
000858.SZ,2022-11-14,0.0,151.94,151.99,151.7,591.0,8976160.0,152.961
000858.SZ,2022-11-14,0.0,152.12,152.12,151.94,666.0,10123600.0,152.957
000858.SZ,2022-11-14,0.0,151.99,152.14,151.89,619.0,9409600.0,152.953
000858.SZ,2022-11-14,0.0,151.82,151.99,151.81,383.0,5816640.0,152.951
000858.SZ,2022-11-14,0.0,151.71,151.9,151.71,268.0,4068890.0,152.949
000858.SZ,2022-11-14,0.0,151.53,151.64,151.51,596.0,9035080.0,152.943
000858.SZ,2022-11-14,0.0,151.59,151.64,151.51,319.0,4835020.0,152.94
000858.SZ,2022-11-14,0.0,151.75,151.85,151.58,294.0,4460880.0,152.938
000858.SZ,2022-11-14,0.0,151.75,151.85,151.69,453.0,6874410.0,152.935
000858.SZ,2022-11-14,0.0,151.86,151.92,151.7,349.0,5299100.0,152.932
000858.SZ,2022-11-14,0.0,151.62,151.85,151.52,479.0,7266250.0,152.928
000858.SZ,2022-11-14,0.0,151.32,151.62,151.24,2500.0,37816800.0,152.902
000858.SZ,2022-11-14,0.0,151.3,151.49,151.29,442.0,6689460.0,152.898
000858.SZ,2022-11-14,0.0,151.45,151.45,151.29,320.0,4844160.0,152.895
000858.SZ,2022-11-14,0.0,151.6,151.6,151.42,384.0,5816520.0,152.891
000858.SZ,2022-11-14,0.0,151.5,151.5,151.4,878.0,13316000.0,152.885
000858.SZ,2022-11-14,0.0,152.02,152.02,151.39,1002.0,15210900.0,152.878
000858.SZ,2022-11-14,0.0,151.9,152.0,151.9,198.0,3009060.0,152.877
000858.SZ,2022-11-14,0.0,152.08,152.1,151.9,465.0,7068210.0,152.874
000858.SZ,2022-11-14,0.0,152.15,152.27,152.09,581.0,8839940.0,152.872
000858.SZ,2022-11-14,0.0,152.35,152.35,152.14,614.0,9346410.0,152.869
000858.SZ,2022-11-14,0.0,152.15,152.35,152.1,658.0,10014100.0,152.867
000858.SZ,2022-11-14,0.0,152.25,152.31,152.15,457.0,6957090.0,152.865
000858.SZ,2022-11-14,0.0,152.33,152.33,152.17,851.0,12954600.0,152.862
000858.SZ,2022-11-14,0.0,152.6,152.6,152.35,1122.0,17104900.0,152.859
000858.SZ,2022-11-14,0.0,152.5,152.64,152.5,984.0,15013800.0,152.857
000858.SZ,2022-11-14,0.0,152.49,152.62,152.48,559.0,8521500.0,152.856
000858.SZ,2022-11-14,0.0,152.0,152.5,151.98,628.0,9554430.0,152.853
000858.SZ,2022-11-14,0.0,152.1,152.1,151.98,514.0,7813950.0,152.851
000858.SZ,2022-11-14,0.0,151.99,152.13,151.98,271.0,4119800.0,152.85
000858.SZ,2022-11-14,0.0,151.8,151.99,151.78,422.0,6408910.0,152.847
000858.SZ,2022-11-14,0.0,151.96,152.0,151.75,503.0,7644220.0,152.844
000858.SZ,2022-11-14,0.0,152.17,152.17,151.97,469.0,7130820.0,152.842
000858.SZ,2022-11-14,0.0,152.0,152.09,151.99,283.0,4302190.0,152.841
000858.SZ,2022-11-14,0.0,152.39,152.48,152.02,411.0,6260280.0,152.84
000858.SZ,2022-11-14,0.0,152.38,152.5,152.38,421.0,6417430.0,152.839
000858.SZ,2022-11-14,0.0,152.47,152.49,152.3,416.0,6339940.0,152.837
000858.SZ,2022-11-14,0.0,152.47,152.5,152.29,827.0,12606500.0,152.836
000858.SZ,2022-11-14,0.0,152.67,152.73,152.5,1424.0,21725800.0,152.834
000858.SZ,2022-11-14,0.0,152.54,152.66,152.5,507.0,7734560.0,152.833
000858.SZ,2022-11-14,0.0,152.49,152.65,152.49,783.0,11946700.0,152.832
000858.SZ,2022-11-14,0.0,152.59,152.68,152.29,746.0,11381200.0,152.83
000858.SZ,2022-11-14,0.0,152.52,152.65,152.4,603.0,9196880.0,152.829
000858.SZ,2022-11-14,0.0,152.49,152.6,152.38,383.0,5840360.0,152.829
000858.SZ,2022-11-14,0.0,152.51,152.6,152.4,665.0,10142600.0,152.827
000858.SZ,2022-11-14,0.0,152.45,152.55,152.41,634.0,9666520.0,152.826
000858.SZ,2022-11-14,0.0,152.76,152.76,152.45,1395.0,21292200.0,152.825
000858.SZ,2022-11-14,0.0,152.82,152.83,152.73,714.0,10906900.0,152.825
000858.SZ,2022-11-14,0.0,152.9,153.01,152.83,2037.0,31157800.0,152.826
000858.SZ,2022-11-14,0.0,152.85,153.05,152.85,880.0,13461400.0,152.827
000858.SZ,2022-11-14,0.0,152.5,152.93,152.5,737.0,11252200.0,152.826
000858.SZ,2022-11-14,0.0,152.65,152.8,152.45,220.0,3362850.0,152.826
000858.SZ,2022-11-14,0.0,152.68,152.8,152.62,240.0,3665350.0,152.826
000858.SZ,2022-11-14,0.0,152.68,152.9,152.68,1941.0,29647900.0,152.825
000858.SZ,2022-11-14,0.0,152.56,152.84,152.56,657.0,10026500.0,152.824
000858.SZ,2022-11-14,0.0,152.29,152.56,152.29,602.0,9175280.0,152.823
000858.SZ,2022-11-14,0.0,151.95,152.25,151.95,636.0,9671540.0,152.821
000858.SZ,2022-11-14,0.0,152.03,152.11,152.0,720.0,10946400.0,152.818
000858.SZ,2022-11-14,0.0,151.89,152.18,151.89,462.0,7025300.0,152.816
000858.SZ,2022-11-14,0.0,151.9,152.0,151.88,397.0,6030680.0,152.814
000858.SZ,2022-11-14,0.0,151.84,152.01,151.84,358.0,5438060.0,152.812
000858.SZ,2022-11-14,0.0,151.66,151.87,151.66,675.0,10243100.0,152.808
000858.SZ,2022-11-14,0.0,151.62,151.65,151.61,526.0,7976050.0,152.805
000858.SZ,2022-11-14,0.0,151.4,151.61,151.4,873.0,13227900.0,152.799
000858.SZ,2022-11-14,0.0,151.51,151.51,151.36,548.0,8298280.0,152.796
000858.SZ,2022-11-14,0.0,151.81,151.91,151.49,585.0,8878880.0,152.792
000858.SZ,2022-11-14,0.0,151.68,151.85,151.66,433.0,6571890.0,152.79
000858.SZ,2022-11-14,0.0,151.75,151.75,151.63,362.0,5490100.0,152.788
000858.SZ,2022-11-14,0.0,151.7,151.84,151.67,501.0,7600560.0,152.785
000858.SZ,2022-11-14,0.0,151.8,151.8,151.65,451.0,6841770.0,152.783
000858.SZ,2022-11-14,0.0,151.7,151.91,151.66,776.0,11785400.0,152.779
000858.SZ,2022-11-14,0.0,151.58,151.68,151.54,769.0,11658800.0,152.775
000858.SZ,2022-11-14,0.0,151.45,151.55,151.45,706.0,10696300.0,152.77
000858.SZ,2022-11-14,0.0,151.36,151.47,151.36,645.0,9765540.0,152.766
000858.SZ,2022-11-14,0.0,151.25,151.35,151.25,806.0,12195600.0,152.76
000858.SZ,2022-11-14,0.0,150.94,151.27,150.94,2125.0,32096400.0,152.742
000858.SZ,2022-11-14,0.0,150.85,150.88,150.68,1453.0,21904600.0,152.728
000858.SZ,2022-11-14,0.0,151.41,151.41,150.96,412.0,6228810.0,152.724
000858.SZ,2022-11-14,0.0,151.12,151.5,151.12,616.0,9316840.0,152.72
000858.SZ,2022-11-14,0.0,151.03,151.16,151.01,491.0,7418070.0,152.716
000858.SZ,2022-11-14,0.0,151.0,151.05,151.0,647.0,9770910.0,152.711
000858.SZ,2022-11-14,0.0,150.92,151.01,150.92,557.0,8409910.0,152.706
000858.SZ,2022-11-14,0.0,150.99,151.0,150.9,805.0,12150600.0,152.699
000858.SZ,2022-11-14,0.0,151.35,151.36,151.02,528.0,7978760.0,152.695
000858.SZ,2022-11-14,0.0,151.2,151.36,151.14,971.0,14690300.0,152.689
000858.SZ,2022-11-14,0.0,151.14,151.34,151.14,603.0,9117830.0,152.685
000858.SZ,2022-11-14,0.0,151.3,151.3,151.1,483.0,7300760.0,152.681
000858.SZ,2022-11-14,0.0,151.13,151.34,151.13,487.0,7365030.0,152.678
000858.SZ,2022-11-14,0.0,151.03,151.13,151.01,440.0,6647400.0,152.674
000858.SZ,2022-11-14,0.0,150.9,151.08,150.89,857.0,12939900.0,152.668
000858.SZ,2022-11-14,0.0,150.9,151.0,150.89,392.0,5916370.0,152.664
000858.SZ,2022-11-14,0.0,150.7,150.91,150.59,1314.0,19805200.0,152.652
000858.SZ,2022-11-14,0.0,150.43,150.7,150.43,1059.0,15940900.0,152.642
000858.SZ,2022-11-14,0.0,150.35,150.48,150.35,970.0,14589600.0,152.632
000858.SZ,2022-11-14,0.0,150.6,150.77,150.36,1688.0,25410200.0,152.615
000858.SZ,2022-11-14,0.0,150.61,150.63,150.6,617.0,9292590.0,152.61
000858.SZ,2022-11-14,0.0,150.5,150.62,150.48,608.0,9153210.0,152.604
000858.SZ,2022-11-14,0.0,150.82,150.82,150.41,815.0,12278500.0,152.597
000858.SZ,2022-11-14,0.0,150.98,150.99,150.59,826.0,12457300.0,152.59
000858.SZ,2022-11-14,0.0,150.8,150.99,150.77,394.0,5943160.0,152.587
000858.SZ,2022-11-14,0.0,150.71,150.77,150.69,502.0,7566560.0,152.583
000858.SZ,2022-11-14,0.0,150.49,150.71,150.49,527.0,7934710.0,152.578
000858.SZ,2022-11-14,0.0,150.48,150.49,150.45,486.0,7312980.0,152.573
000858.SZ,2022-11-14,0.0,150.55,150.69,150.46,625.0,9409970.0,152.568
000858.SZ,2022-11-14,0.0,150.47,150.59,150.47,658.0,9903420.0,152.561
000858.SZ,2022-11-14,0.0,150.22,150.45,150.22,1289.0,19377400.0,152.549
000858.SZ,2022-11-14,0.0,150.11,150.22,150.11,1648.0,24748300.0,152.531
000858.SZ,2022-11-14,0.0,150.02,150.1,150.01,1980.0,29714200.0,152.51
000858.SZ,2022-11-14,0.0,150.01,150.06,149.95,3495.0,52426600.0,152.472
000858.SZ,2022-11-14,0.0,150.3,150.38,150.03,1024.0,15372600.0,152.462
000858.SZ,2022-11-14,0.0,150.22,150.22,150.09,799.0,11998700.0,152.454
000858.SZ,2022-11-14,0.0,150.16,150.2,150.09,583.0,8753850.0,152.448
000858.SZ,2022-11-14,0.0,150.01,150.16,150.01,679.0,10189500.0,152.441
000858.SZ,2022-11-14,0.0,150.01,150.02,149.98,1177.0,17653200.0,152.429
000858.SZ,2022-11-14,0.0,149.99,150.01,149.97,757.0,11354200.0,152.421
000858.SZ,2022-11-14,0.0,150.37,150.37,149.98,1247.0,18726800.0,152.409
000858.SZ,2022-11-14,0.0,150.48,150.49,150.3,948.0,14259500.0,152.401
000858.SZ,2022-11-14,0.0,150.2,150.45,150.19,700.0,10525200.0,152.395
000858.SZ,2022-11-14,0.0,150.1,150.17,150.09,682.0,10238000.0,152.389
000858.SZ,2022-11-14,0.0,150.2,150.4,150.08,787.0,11826500.0,152.382
000858.SZ,2022-11-14,0.0,150.18,150.3,150.1,1019.0,15305400.0,152.373
000858.SZ,2022-11-14,0.0,150.51,150.57,150.18,1052.0,15825500.0,152.364
000858.SZ,2022-11-14,0.0,150.6,150.6,150.46,661.0,9950770.0,152.359
000858.SZ,2022-11-14,0.0,150.99,151.01,150.66,1238.0,18679300.0,152.352
000858.SZ,2022-11-14,0.0,150.81,151.01,150.79,1131.0,17067800.0,152.345
000858.SZ,2022-11-14,0.0,150.59,150.81,150.59,471.0,7098170.0,152.342
000858.SZ,2022-11-14,0.0,150.54,150.6,150.53,441.0,6639850.0,152.339
000858.SZ,2022-11-14,0.0,150.5,150.55,150.5,506.0,7616820.0,152.335
000858.SZ,2022-11-14,0.0,150.4,150.6,150.4,634.0,9540820.0,152.33
000858.SZ,2022-11-14,0.0,150.24,150.4,150.21,287.0,4314430.0,152.328
000858.SZ,2022-11-14,0.0,150.4,150.52,150.23,693.0,10428500.0,152.323
000858.SZ,2022-11-14,0.0,150.4,150.5,150.38,844.0,12695400.0,152.316
000858.SZ,2022-11-14,0.0,150.35,150.4,150.3,341.0,5126710.0,152.314
000858.SZ,2022-11-14,0.0,150.31,150.4,150.31,446.0,6706380.0,152.31
000858.SZ,2022-11-14,0.0,150.24,150.34,150.24,505.0,7589390.0,152.306
000858.SZ,2022-11-14,0.0,150.15,150.25,150.15,483.0,7254770.0,152.302
000858.SZ,2022-11-14,0.0,150.14,150.2,150.14,708.0,10631800.0,152.296
000858.SZ,2022-11-14,0.0,150.08,150.14,150.08,571.0,8571000.0,152.291
000858.SZ,2022-11-14,0.0,150.25,150.26,150.09,853.0,12808800.0,152.284
000858.SZ,2022-11-14,0.0,150.2,150.31,150.2,426.0,6400320.0,152.281
000858.SZ,2022-11-14,0.0,150.18,150.2,150.15,472.0,7088040.0,152.277
000858.SZ,2022-11-14,0.0,150.14,150.17,150.14,661.0,9925990.0,152.271
000858.SZ,2022-11-14,0.0,150.14,150.16,150.13,445.0,6681330.0,152.267
000858.SZ,2022-11-14,0.0,150.1,150.15,150.1,651.0,9773250.0,152.262
000858.SZ,2022-11-14,0.0,150.13,150.21,150.09,567.0,8512420.0,152.257
000858.SZ,2022-11-14,0.0,150.2,150.27,150.15,499.0,7491570.0,152.253
000858.SZ,2022-11-14,0.0,150.14,150.22,150.09,547.0,8216880.0,152.249
000858.SZ,2022-11-14,0.0,150.22,150.28,150.14,553.0,8301590.0,152.244
000858.SZ,2022-11-14,0.0,150.11,150.18,150.11,524.0,7868440.0,152.24
000858.SZ,2022-11-14,0.0,150.1,150.14,150.1,556.0,8346040.0,152.236
000858.SZ,2022-11-14,0.0,150.09,150.12,150.07,899.0,13493200.0,152.228
000858.SZ,2022-11-14,0.0,150.07,150.1,150.06,576.0,8636890.0,152.223
000858.SZ,2022-11-14,0.0,150.0,150.07,150.0,2590.0,38845800.0,152.202
000858.SZ,2022-11-14,0.0,149.99,150.0,149.96,671.0,10063900.0,152.196
000858.SZ,2022-11-14,0.0,149.97,149.99,149.96,824.0,12357400.0,152.189
000858.SZ,2022-11-14,0.0,149.95,149.97,149.92,756.0,11336300.0,152.183
000858.SZ,2022-11-14,0.0,149.91,149.96,149.9,1207.0,18096800.0,152.173
000858.SZ,2022-11-14,0.0,149.92,149.95,149.9,1225.0,18365600.0,152.162
000858.SZ,2022-11-14,0.0,150.02,150.06,149.92,1550.0,23244900.0,152.15
000858.SZ,2022-11-14,0.0,150.01,150.04,150.01,794.0,11912300.0,152.144
000858.SZ,2022-11-14,0.0,150.0,150.02,150.0,696.0,10440400.0,152.138
000858.SZ,2022-11-14,0.0,149.95,150.0,149.92,743.0,11142000.0,152.132
000858.SZ,2022-11-14,0.0,149.95,149.97,149.91,682.0,10227300.0,152.127
000858.SZ,2022-11-14,0.0,150.07,150.07,150.0,1172.0,17589500.0,152.118
000858.SZ,2022-11-14,0.0,150.11,150.11,150.05,991.0,14874300.0,152.11
000858.SZ,2022-11-14,0.0,150.14,150.15,150.1,809.0,12144800.0,152.104
000858.SZ,2022-11-14,0.0,150.13,150.15,150.13,677.0,10164200.0,152.1
000858.SZ,2022-11-14,0.0,150.13,150.15,150.13,1064.0,15975200.0,152.092
000858.SZ,2022-11-14,0.0,150.22,150.22,150.13,1289.0,19354900.0,152.083
000858.SZ,2022-11-14,0.0,150.26,150.29,150.22,809.0,12150400.0,152.078
000858.SZ,2022-11-14,0.0,150.25,150.25,150.25,29.0,435730.0,152.078
000858.SZ,2022-11-14,0.0,150.25,150.25,150.25,0.0,0.0,152.078
000858.SZ,2022-11-14,0.0,150.3,150.3,150.3,2623.0,39429300.0,152.061
000858.SZ,2022-11-15,0.0,150.3,150.3,150.3,864.0,12985900.0,150.3
000858.SZ,2022-11-15,0.0,149.91,150.18,149.8,2292.0,34396200.0,150.133
000858.SZ,2022-11-15,0.0,149.81,149.89,149.39,2220.0,33225200.0,149.929
000858.SZ,2022-11-15,0.0,149.35,149.77,149.3,1772.0,26489700.0,149.82
000858.SZ,2022-11-15,0.0,148.83,149.4,148.81,2316.0,34547600.0,149.661
000858.SZ,2022-11-15,0.0,148.45,148.79,148.44,2319.0,34457200.0,149.45
000858.SZ,2022-11-15,0.0,149.03,149.22,148.42,3348.0,49806900.0,149.298
000858.SZ,2022-11-15,0.0,149.67,149.67,148.99,1479.0,22082300.0,149.299
000858.SZ,2022-11-15,0.0,149.82,149.82,149.39,1570.0,23482800.0,149.323
000858.SZ,2022-11-15,0.0,149.66,150.38,149.66,2357.0,35378100.0,149.412
000858.SZ,2022-11-15,0.0,149.5,149.7,149.5,1651.0,24693500.0,149.423
000858.SZ,2022-11-15,0.0,149.7,149.76,149.49,1412.0,21124800.0,149.434
000858.SZ,2022-11-15,0.0,149.29,149.67,149.29,1442.0,21560800.0,149.439
000858.SZ,2022-11-15,0.0,149.45,149.72,149.27,1110.0,16592700.0,149.441
000858.SZ,2022-11-15,0.0,149.94,149.98,149.5,868.0,12993400.0,149.449
000858.SZ,2022-11-15,0.0,149.72,149.86,149.66,503.0,7533970.0,149.455
000858.SZ,2022-11-15,0.0,149.56,149.72,149.5,1212.0,18133000.0,149.462
000858.SZ,2022-11-15,0.0,149.56,149.57,149.5,541.0,8089680.0,149.463
000858.SZ,2022-11-15,0.0,149.59,149.59,149.49,1090.0,16300700.0,149.466
000858.SZ,2022-11-15,0.0,149.55,149.61,149.52,939.0,14044000.0,149.469
000858.SZ,2022-11-15,0.0,149.73,149.74,149.55,681.0,10188100.0,149.472
000858.SZ,2022-11-15,0.0,149.83,149.83,149.53,961.0,14377600.0,149.476
000858.SZ,2022-11-15,0.0,149.62,149.86,149.61,784.0,11734600.0,149.481
000858.SZ,2022-11-15,0.0,150.13,150.22,149.62,1152.0,17261100.0,149.492
000858.SZ,2022-11-15,0.0,149.98,150.13,149.94,815.0,12224700.0,149.504
000858.SZ,2022-11-15,0.0,149.99,149.99,149.96,663.0,9943140.0,149.513
000858.SZ,2022-11-15,0.0,150.32,150.36,149.98,946.0,14207100.0,149.529
000858.SZ,2022-11-15,0.0,150.38,150.5,150.3,1792.0,26944400.0,149.568
000858.SZ,2022-11-15,0.0,150.31,150.37,150.3,1079.0,16220600.0,149.588
000858.SZ,2022-11-15,0.0,150.08,150.31,150.03,856.0,12853600.0,149.6
000858.SZ,2022-11-15,0.0,149.9,150.08,149.9,941.0,14116300.0,149.609
000858.SZ,2022-11-15,0.0,149.67,149.98,149.52,1529.0,22887800.0,149.612
000858.SZ,2022-11-15,0.0,149.64,149.68,149.57,890.0,13317700.0,149.613
000858.SZ,2022-11-15,0.0,150.02,150.02,149.6,1293.0,19364500.0,149.617
000858.SZ,2022-11-15,0.0,149.99,150.02,149.93,415.0,6224870.0,149.62
000858.SZ,2022-11-15,0.0,150.25,150.25,149.99,679.0,10187900.0,149.626
000858.SZ,2022-11-15,0.0,150.48,150.48,150.16,793.0,11916700.0,149.637
000858.SZ,2022-11-15,0.0,150.33,150.56,150.25,1877.0,28236200.0,149.667
000858.SZ,2022-11-15,0.0,150.2,150.33,150.16,827.0,12427300.0,149.677
000858.SZ,2022-11-15,0.0,150.31,150.31,150.09,750.0,11265800.0,149.685
000858.SZ,2022-11-15,0.0,150.03,150.23,150.0,1030.0,15460900.0,149.693
000858.SZ,2022-11-15,0.0,150.05,150.2,150.03,1102.0,16535100.0,149.701
000858.SZ,2022-11-15,0.0,150.2,150.27,149.96,1606.0,24092700.0,149.711
000858.SZ,2022-11-15,0.0,150.02,150.02,149.95,411.0,6165010.0,149.713
000858.SZ,2022-11-15,0.0,150.1,150.1,150.01,474.0,7114320.0,149.717
000858.SZ,2022-11-15,0.0,150.18,150.2,150.0,1390.0,20860100.0,149.725
000858.SZ,2022-11-15,0.0,150.3,150.3,150.17,755.0,11343700.0,149.732
000858.SZ,2022-11-15,0.0,150.17,150.3,150.04,1074.0,16128700.0,149.74
000858.SZ,2022-11-15,0.0,150.12,150.29,150.0,858.0,12878700.0,149.745
000858.SZ,2022-11-15,0.0,150.46,150.47,150.16,1092.0,16414000.0,149.756
000858.SZ,2022-11-15,0.0,150.4,150.47,150.2,1257.0,18895400.0,149.767
000858.SZ,2022-11-15,0.0,150.38,150.46,150.3,860.0,12930900.0,149.775
000858.SZ,2022-11-15,0.0,150.33,150.46,150.31,598.0,8990860.0,149.781
000858.SZ,2022-11-15,0.0,150.5,150.5,150.33,847.0,12738800.0,149.789
000858.SZ,2022-11-15,0.0,151.07,151.14,150.55,2940.0,44338000.0,149.834
000858.SZ,2022-11-15,0.0,151.01,151.19,151.0,1231.0,18596300.0,149.856
000858.SZ,2022-11-15,0.0,151.6,151.66,151.08,1668.0,25247400.0,149.892
000858.SZ,2022-11-15,0.0,151.52,152.01,151.46,4171.0,63301800.0,149.997
000858.SZ,2022-11-15,0.0,151.25,151.52,151.23,1185.0,17940900.0,150.019
000858.SZ,2022-11-15,0.0,151.64,151.77,151.25,1106.0,16759500.0,150.041
000858.SZ,2022-11-15,0.0,151.42,151.62,151.38,905.0,13709100.0,150.057
000858.SZ,2022-11-15,0.0,151.25,151.42,151.25,589.0,8912700.0,150.067
000858.SZ,2022-11-15,0.0,150.96,151.3,150.96,710.0,10729100.0,150.076
000858.SZ,2022-11-15,0.0,151.14,151.15,150.8,1256.0,18961500.0,150.09
000858.SZ,2022-11-15,0.0,151.18,151.25,151.15,1143.0,17281400.0,150.106
000858.SZ,2022-11-15,0.0,151.31,151.36,151.18,808.0,12222400.0,150.117
000858.SZ,2022-11-15,0.0,151.67,151.68,151.33,1263.0,19148100.0,150.14
000858.SZ,2022-11-15,0.0,151.8,151.87,151.59,1339.0,20320900.0,150.165
000858.SZ,2022-11-15,0.0,151.76,151.99,151.67,3824.0,58085400.0,150.24
000858.SZ,2022-11-15,0.0,151.76,151.76,151.67,814.0,12348600.0,150.253
000858.SZ,2022-11-15,0.0,152.19,152.22,151.71,1732.0,26331900.0,150.287
000858.SZ,2022-11-15,0.0,152.66,152.8,152.18,3013.0,45935300.0,150.357
000858.SZ,2022-11-15,0.0,152.88,152.9,152.66,2413.0,36867000.0,150.417
000858.SZ,2022-11-15,0.0,152.38,152.88,152.38,1098.0,16767700.0,150.443
000858.SZ,2022-11-15,0.0,152.42,152.42,152.23,1947.0,29666200.0,150.48
000858.SZ,2022-11-15,0.0,152.77,152.77,152.42,1270.0,19388600.0,150.508
000858.SZ,2022-11-15,0.0,152.71,152.92,152.71,1231.0,18814200.0,150.536
000858.SZ,2022-11-15,0.0,152.84,152.94,152.68,1526.0,23317000.0,150.569
000858.SZ,2022-11-15,0.0,153.29,153.5,152.89,5335.0,81686200.0,150.694
000858.SZ,2022-11-15,0.0,152.93,153.28,152.91,1703.0,26078700.0,150.731
000858.SZ,2022-11-15,0.0,153.05,153.09,152.91,1125.0,17215400.0,150.755
000858.SZ,2022-11-15,0.0,152.89,153.05,152.89,1305.0,19958900.0,150.78
000858.SZ,2022-11-15,0.0,153.02,153.02,152.69,1807.0,27612300.0,150.812
000858.SZ,2022-11-15,0.0,153.5,153.51,152.94,2916.0,44725100.0,150.876
000858.SZ,2022-11-15,0.0,153.67,153.7,153.43,1913.0,29379900.0,150.919
000858.SZ,2022-11-15,0.0,153.72,153.78,153.67,1365.0,20982500.0,150.951
000858.SZ,2022-11-15,0.0,153.4,153.76,153.4,2167.0,33294500.0,150.998
000858.SZ,2022-11-15,0.0,153.01,153.4,153.01,711.0,10898300.0,151.011
000858.SZ,2022-11-15,0.0,153.3,153.39,153.05,1321.0,20242500.0,151.034
000858.SZ,2022-11-15,0.0,153.12,153.35,153.12,1090.0,16706000.0,151.054
000858.SZ,2022-11-15,0.0,153.03,153.15,153.02,1251.0,19148400.0,151.073
000858.SZ,2022-11-15,0.0,153.19,153.27,153.08,967.0,14814000.0,151.089
000858.SZ,2022-11-15,0.0,152.8,153.18,152.8,928.0,14194000.0,151.103
000858.SZ,2022-11-15,0.0,153.1,153.2,152.79,1535.0,23479900.0,151.125
000858.SZ,2022-11-15,0.0,153.2,153.25,153.08,909.0,13926400.0,151.139
000858.SZ,2022-11-15,0.0,152.85,153.24,152.85,841.0,12873400.0,151.151
000858.SZ,2022-11-15,0.0,153.0,153.1,152.85,597.0,9133950.0,151.159
000858.SZ,2022-11-15,0.0,153.18,153.2,153.0,810.0,12404200.0,151.171
000858.SZ,2022-11-15,0.0,153.04,153.13,153.02,532.0,8145040.0,151.179
000858.SZ,2022-11-15,0.0,152.93,153.1,152.9,345.0,5278500.0,151.183
000858.SZ,2022-11-15,0.0,152.96,153.0,152.94,343.0,5247210.0,151.188
000858.SZ,2022-11-15,0.0,152.72,152.9,152.71,542.0,8282800.0,151.194
000858.SZ,2022-11-15,0.0,152.56,152.71,152.56,395.0,6027980.0,151.199
000858.SZ,2022-11-15,0.0,152.45,152.55,152.45,593.0,9043480.0,151.204
000858.SZ,2022-11-15,0.0,152.54,152.55,152.44,724.0,11041500.0,151.211
000858.SZ,2022-11-15,0.0,152.57,152.58,152.54,647.0,9870390.0,151.217
000858.SZ,2022-11-15,0.0,152.45,152.56,152.45,383.0,5840710.0,151.221
000858.SZ,2022-11-15,0.0,152.55,152.55,152.45,560.0,8540210.0,151.226
000858.SZ,2022-11-15,0.0,152.8,152.8,152.54,617.0,9419480.0,151.232
000858.SZ,2022-11-15,0.0,152.79,152.8,152.76,256.0,3911210.0,151.235
000858.SZ,2022-11-15,0.0,152.64,152.79,152.63,243.0,3711160.0,151.238
000858.SZ,2022-11-15,0.0,152.56,152.64,152.52,360.0,5494750.0,151.241
000858.SZ,2022-11-15,0.0,152.74,152.79,152.67,238.0,3634790.0,151.244
000858.SZ,2022-11-15,0.0,152.61,152.74,152.6,259.0,3954850.0,151.246
000858.SZ,2022-11-15,0.0,152.58,152.62,152.57,277.0,4226950.0,151.249
000858.SZ,2022-11-15,0.0,152.58,152.6,152.56,291.0,4439980.0,151.252
000858.SZ,2022-11-15,0.0,152.85,152.88,152.55,646.0,9862900.0,151.258
000858.SZ,2022-11-15,0.0,153.0,153.0,152.85,1331.0,20358700.0,151.274
000858.SZ,2022-11-15,0.0,152.97,153.0,152.97,263.0,4023650.0,151.277
000858.SZ,2022-11-15,0.0,152.56,152.95,152.56,308.0,4705900.0,151.28
000858.SZ,2022-11-15,0.0,152.52,152.56,152.51,299.0,4561160.0,151.283
000858.SZ,2022-11-15,0.0,153.05,153.05,152.65,1341.0,20488900.0,151.297
000858.SZ,2022-11-15,0.0,153.37,153.37,153.08,1053.0,16129200.0,151.311
000858.SZ,2022-11-15,0.0,153.47,153.49,153.36,1213.0,18614300.0,151.328
000858.SZ,2022-11-15,0.0,153.56,153.58,153.47,1544.0,23711700.0,151.351
000858.SZ,2022-11-15,0.0,154.0,154.0,153.55,6709.0,103223000.0,151.459
000858.SZ,2022-11-15,0.0,153.74,154.13,153.74,2075.0,31959200.0,151.492
000858.SZ,2022-11-15,0.0,153.62,153.7,153.55,978.0,15022200.0,151.505
000858.SZ,2022-11-15,0.0,154.08,154.1,153.74,1626.0,25035800.0,151.53
000858.SZ,2022-11-15,0.0,154.19,154.26,154.07,2182.0,33631200.0,151.565
000858.SZ,2022-11-15,0.0,154.9,154.9,154.2,4152.0,64208200.0,151.641
000858.SZ,2022-11-15,0.0,154.99,155.0,154.9,7610.0,117945000.0,151.786
000858.SZ,2022-11-15,0.0,154.51,155.0,154.51,3405.0,52757600.0,151.846
000858.SZ,2022-11-15,0.0,154.73,154.85,154.5,1623.0,25104000.0,151.872
000858.SZ,2022-11-15,0.0,154.77,154.84,154.71,1137.0,17596400.0,151.89
000858.SZ,2022-11-15,0.0,154.65,154.79,154.65,789.0,12206900.0,151.902
000858.SZ,2022-11-15,0.0,154.59,154.62,154.58,1272.0,19665200.0,151.921
000858.SZ,2022-11-15,0.0,154.8,154.95,154.56,3402.0,52667200.0,151.974
000858.SZ,2022-11-15,0.0,154.17,154.8,154.17,1554.0,24021100.0,151.995
000858.SZ,2022-11-15,0.0,154.24,154.35,154.18,1029.0,15871800.0,152.007
000858.SZ,2022-11-15,0.0,154.4,154.4,154.3,517.0,7978690.0,152.014
000858.SZ,2022-11-15,0.0,154.36,154.4,154.35,1029.0,15885300.0,152.026
000858.SZ,2022-11-15,0.0,154.5,154.5,154.35,1317.0,20333400.0,152.042
000858.SZ,2022-11-15,0.0,154.41,154.61,154.39,962.0,14861700.0,152.055
000858.SZ,2022-11-15,0.0,154.39,154.5,154.39,894.0,13808100.0,152.066
000858.SZ,2022-11-15,0.0,154.11,154.35,154.05,1294.0,19958100.0,152.08
000858.SZ,2022-11-15,0.0,154.1,154.15,154.0,1339.0,20628000.0,152.093
000858.SZ,2022-11-15,0.0,154.03,154.06,154.0,899.0,13845200.0,152.102
000858.SZ,2022-11-15,0.0,153.66,154.01,153.57,1454.0,22374500.0,152.115
000858.SZ,2022-11-15,0.0,153.88,153.88,153.66,584.0,8978380.0,152.12
000858.SZ,2022-11-15,0.0,153.99,153.99,153.82,549.0,8452790.0,152.125
000858.SZ,2022-11-15,0.0,154.39,154.39,153.99,710.0,10943900.0,152.132
000858.SZ,2022-11-15,0.0,154.45,154.46,154.39,762.0,11767500.0,152.141
000858.SZ,2022-11-15,0.0,154.42,154.46,154.4,1416.0,21871000.0,152.157
000858.SZ,2022-11-15,0.0,154.05,154.39,154.05,1310.0,20205400.0,152.17
000858.SZ,2022-11-15,0.0,153.96,154.05,153.93,1332.0,20510500.0,152.182
000858.SZ,2022-11-15,0.0,154.11,154.14,153.93,1407.0,21672000.0,152.195
000858.SZ,2022-11-15,0.0,154.11,154.12,154.09,694.0,10694900.0,152.201
000858.SZ,2022-11-15,0.0,154.07,154.12,154.06,635.0,9784020.0,152.207
000858.SZ,2022-11-15,0.0,154.08,154.08,154.03,797.0,12278300.0,152.214
000858.SZ,2022-11-15,0.0,154.1,154.11,154.05,905.0,13940300.0,152.222
000858.SZ,2022-11-15,0.0,154.12,154.13,154.1,636.0,9802310.0,152.228
000858.SZ,2022-11-15,0.0,154.11,154.13,154.09,893.0,13762600.0,152.236
000858.SZ,2022-11-15,0.0,154.12,154.29,154.12,915.0,14112100.0,152.244
000858.SZ,2022-11-15,0.0,154.07,154.21,154.05,1132.0,17452100.0,152.254
000858.SZ,2022-11-15,0.0,154.01,154.1,154.0,845.0,13017700.0,152.261
000858.SZ,2022-11-15,0.0,153.99,154.02,153.98,1144.0,17618100.0,152.271
000858.SZ,2022-11-15,0.0,153.96,153.99,153.93,914.0,14073300.0,152.278
000858.SZ,2022-11-15,0.0,153.88,153.96,153.88,631.0,9712010.0,152.282
000858.SZ,2022-11-15,0.0,153.86,153.93,153.86,726.0,11172600.0,152.288
000858.SZ,2022-11-15,0.0,153.99,154.0,153.88,697.0,10731400.0,152.293
000858.SZ,2022-11-15,0.0,154.11,154.11,153.98,782.0,12045700.0,152.299
000858.SZ,2022-11-15,0.0,154.22,154.24,154.1,768.0,11839700.0,152.306
000858.SZ,2022-11-15,0.0,154.37,154.37,154.24,947.0,14611600.0,152.314
000858.SZ,2022-11-15,0.0,154.38,154.4,154.35,1165.0,17985300.0,152.325
000858.SZ,2022-11-15,0.0,154.28,154.4,154.26,644.0,9938700.0,152.331
000858.SZ,2022-11-15,0.0,154.27,154.36,154.26,977.0,15074100.0,152.34
000858.SZ,2022-11-15,0.0,154.06,154.33,154.06,944.0,14557800.0,152.347
000858.SZ,2022-11-15,0.0,154.1,154.11,154.02,477.0,7349210.0,152.351
000858.SZ,2022-11-15,0.0,154.24,154.24,154.09,512.0,7892280.0,152.355
000858.SZ,2022-11-15,0.0,154.26,154.26,154.2,468.0,7218430.0,152.359
000858.SZ,2022-11-15,0.0,154.03,154.26,154.02,1108.0,17081400.0,152.368
000858.SZ,2022-11-15,0.0,154.12,154.12,154.03,523.0,8058500.0,152.372
000858.SZ,2022-11-15,0.0,154.2,154.2,154.11,495.0,7632230.0,152.376
000858.SZ,2022-11-15,0.0,154.26,154.26,154.19,593.0,9145750.0,152.38
000858.SZ,2022-11-15,0.0,154.26,154.26,154.2,416.0,6416820.0,152.384
000858.SZ,2022-11-15,0.0,154.23,154.26,154.22,510.0,7865970.0,152.388
000858.SZ,2022-11-15,0.0,154.16,154.22,154.16,460.0,7092880.0,152.392
000858.SZ,2022-11-15,0.0,154.14,154.18,154.14,692.0,10667700.0,152.397
000858.SZ,2022-11-15,0.0,154.15,154.17,154.15,473.0,7291840.0,152.4
000858.SZ,2022-11-15,0.0,154.14,154.17,154.14,522.0,8046980.0,152.404
000858.SZ,2022-11-15,0.0,154.14,154.16,154.14,335.0,5164120.0,152.407
000858.SZ,2022-11-15,0.0,154.12,154.14,154.11,466.0,7182490.0,152.41
000858.SZ,2022-11-15,0.0,154.18,154.19,154.1,797.0,12290600.0,152.416
000858.SZ,2022-11-15,0.0,154.21,154.22,154.18,591.0,9113010.0,152.421
000858.SZ,2022-11-15,0.0,154.27,154.28,154.21,636.0,9809960.0,152.426
000858.SZ,2022-11-15,0.0,154.35,154.36,154.26,814.0,12558500.0,152.432
000858.SZ,2022-11-15,0.0,154.49,154.5,154.37,1059.0,16357200.0,152.441
000858.SZ,2022-11-15,0.0,154.35,154.49,154.32,802.0,12383900.0,152.448
000858.SZ,2022-11-15,0.0,154.4,154.4,154.34,649.0,10019400.0,152.453
000858.SZ,2022-11-15,0.0,154.45,154.46,154.39,550.0,8492470.0,152.458
000858.SZ,2022-11-15,0.0,154.38,154.44,154.38,600.0,9265060.0,152.463
000858.SZ,2022-11-15,0.0,154.36,154.39,154.35,440.0,6792050.0,152.466
000858.SZ,2022-11-15,0.0,154.35,154.37,154.35,424.0,6544870.0,152.469
000858.SZ,2022-11-15,0.0,154.34,154.38,154.34,612.0,9448050.0,152.474
000858.SZ,2022-11-15,0.0,154.38,154.38,154.35,423.0,6529730.0,152.478
000858.SZ,2022-11-15,0.0,154.36,154.37,154.35,420.0,6483320.0,152.481
000858.SZ,2022-11-15,0.0,154.37,154.38,154.35,527.0,8135010.0,152.485
000858.SZ,2022-11-15,0.0,154.38,154.38,154.36,627.0,9679060.0,152.49
000858.SZ,2022-11-15,0.0,154.39,154.4,154.36,932.0,14388700.0,152.497
000858.SZ,2022-11-15,0.0,154.39,154.4,154.38,701.0,10823100.0,152.502
000858.SZ,2022-11-15,0.0,154.37,154.4,154.37,511.0,7889300.0,152.506
000858.SZ,2022-11-15,0.0,154.0,154.38,154.0,1299.0,20027800.0,152.515
000858.SZ,2022-11-15,0.0,153.99,154.0,153.97,637.0,9809180.0,152.519
000858.SZ,2022-11-15,0.0,154.07,154.07,153.98,1157.0,17818400.0,152.526
000858.SZ,2022-11-15,0.0,154.14,154.15,154.08,736.0,11345400.0,152.531
000858.SZ,2022-11-15,0.0,154.19,154.28,154.14,667.0,10285800.0,152.535
000858.SZ,2022-11-15,0.0,154.15,154.19,154.12,580.0,8941460.0,152.539
000858.SZ,2022-11-15,0.0,154.13,154.16,154.12,509.0,7845730.0,152.542
000858.SZ,2022-11-15,0.0,154.13,154.15,154.13,661.0,10188200.0,152.546
000858.SZ,2022-11-15,0.0,154.08,154.13,154.07,493.0,7597630.0,152.55
000858.SZ,2022-11-15,0.0,154.07,154.09,154.04,755.0,11631600.0,152.554
000858.SZ,2022-11-15,0.0,154.12,154.12,154.07,784.0,12088000.0,152.559
000858.SZ,2022-11-15,0.0,154.35,154.35,154.12,1414.0,21802500.0,152.568
000858.SZ,2022-11-15,0.0,154.29,154.35,154.27,829.0,12792100.0,152.574
000858.SZ,2022-11-15,0.0,154.34,154.34,154.29,1342.0,20708900.0,152.583
000858.SZ,2022-11-15,0.0,154.3,154.33,154.3,1364.0,21048600.0,152.592
000858.SZ,2022-11-15,0.0,154.27,154.34,154.27,1270.0,19597100.0,152.6
000858.SZ,2022-11-15,0.0,154.25,154.29,154.24,1211.0,18681500.0,152.608
000858.SZ,2022-11-15,0.0,154.25,154.28,154.23,1147.0,17691300.0,152.615
000858.SZ,2022-11-15,0.0,154.23,154.25,154.2,1326.0,20451000.0,152.623
000858.SZ,2022-11-15,0.0,154.2,154.23,154.2,1369.0,21111900.0,152.631
000858.SZ,2022-11-15,0.0,154.19,154.2,154.15,1281.0,19750600.0,152.639
000858.SZ,2022-11-15,0.0,154.18,154.18,154.15,1299.0,20026100.0,152.646
000858.SZ,2022-11-15,0.0,154.1,154.17,154.1,1615.0,24892600.0,152.655
000858.SZ,2022-11-15,0.0,154.07,154.11,154.06,1278.0,19684100.0,152.662
000858.SZ,2022-11-15,0.0,154.13,154.15,154.06,1581.0,24357000.0,152.67
000858.SZ,2022-11-15,0.0,154.11,154.14,154.11,1706.0,26292700.0,152.679
000858.SZ,2022-11-15,0.0,154.11,154.11,154.11,31.0,477762.0,152.68
000858.SZ,2022-11-15,0.0,154.11,154.11,154.11,0.0,0.0,152.68
000858.SZ,2022-11-15,0.0,154.15,154.15,154.15,3189.0,49153200.0,152.697
000858.SZ,2022-11-16,0.0,154.15,154.15,154.15,1350.0,20810200.0,154.15
000858.SZ,2022-11-16,0.0,153.99,154.5,153.55,5174.0,79712200.0,154.08
000858.SZ,2022-11-16,0.0,153.4,153.76,153.08,2285.0,35030500.0,153.88
000858.SZ,2022-11-16,0.0,153.53,153.79,153.48,2131.0,32738000.0,153.83
000858.SZ,2022-11-16,0.0,153.35,153.51,153.31,1878.0,28807200.0,153.766
000858.SZ,2022-11-16,0.0,153.7,153.7,153.35,1473.0,22607400.0,153.736
000858.SZ,2022-11-16,0.0,154.01,154.01,153.7,1439.0,22139900.0,153.747
000858.SZ,2022-11-16,0.0,153.59,154.06,153.59,1703.0,26190400.0,153.751
000858.SZ,2022-11-16,0.0,153.89,153.97,153.56,1166.0,17933700.0,153.755
000858.SZ,2022-11-16,0.0,153.98,154.0,153.86,1195.0,18398900.0,153.768
000858.SZ,2022-11-16,0.0,153.96,153.98,153.9,729.0,11222700.0,153.774
000858.SZ,2022-11-16,0.0,154.38,154.44,153.96,1444.0,22260000.0,153.8
000858.SZ,2022-11-16,0.0,154.17,154.44,154.08,1665.0,25695800.0,153.837
000858.SZ,2022-11-16,0.0,154.0,154.16,154.0,863.0,13296400.0,153.846
000858.SZ,2022-11-16,0.0,153.97,154.0,153.95,967.0,14889700.0,153.851
000858.SZ,2022-11-16,0.0,154.03,154.05,153.94,526.0,8099090.0,153.853
000858.SZ,2022-11-16,0.0,154.07,154.15,154.06,601.0,9260100.0,153.858
000858.SZ,2022-11-16,0.0,153.67,154.06,153.67,1293.0,19897600.0,153.86
000858.SZ,2022-11-16,0.0,153.69,154.0,153.6,619.0,9512190.0,153.855
000858.SZ,2022-11-16,0.0,153.73,153.75,153.67,501.0,7700250.0,153.853
000858.SZ,2022-11-16,0.0,153.54,153.73,153.54,898.0,13796000.0,153.846
000858.SZ,2022-11-16,0.0,153.66,153.67,153.5,1380.0,21190300.0,153.833
000858.SZ,2022-11-16,0.0,153.82,153.82,153.65,851.0,13078500.0,153.829
000858.SZ,2022-11-16,0.0,154.28,154.28,153.76,1003.0,15456000.0,153.837
000858.SZ,2022-11-16,0.0,154.5,154.55,154.28,1205.0,18605100.0,153.857
000858.SZ,2022-11-16,0.0,154.65,154.84,154.51,1769.0,27363300.0,153.897
000858.SZ,2022-11-16,0.0,154.79,154.8,154.56,1255.0,19414500.0,153.924
000858.SZ,2022-11-16,0.0,155.36,155.36,154.8,2475.0,38373600.0,153.994
000858.SZ,2022-11-16,0.0,155.89,156.01,155.35,5860.0,91295600.0,154.225
000858.SZ,2022-11-16,0.0,155.43,155.8,155.38,2294.0,35675800.0,154.288
000858.SZ,2022-11-16,0.0,155.88,156.05,155.54,3364.0,52462100.0,154.397
000858.SZ,2022-11-16,0.0,155.67,155.97,155.4,1978.0,30796100.0,154.445
000858.SZ,2022-11-16,0.0,155.52,155.87,155.52,1533.0,23864000.0,154.479
000858.SZ,2022-11-16,0.0,155.67,155.67,155.53,1279.0,19899200.0,154.504
000858.SZ,2022-11-16,0.0,155.99,155.99,155.55,2004.0,31229300.0,154.55
000858.SZ,2022-11-16,0.0,156.0,156.04,155.99,2326.0,36289100.0,154.607
000858.SZ,2022-11-16,0.0,156.06,156.07,155.98,1784.0,27837200.0,154.647
000858.SZ,2022-11-16,0.0,156.3,156.34,156.07,1607.0,25099000.0,154.686
000858.SZ,2022-11-16,0.0,155.88,156.36,155.88,3085.0,48166000.0,154.753
000858.SZ,2022-11-16,0.0,155.65,155.85,155.64,698.0,10867900.0,154.762
000858.SZ,2022-11-16,0.0,155.65,155.68,155.52,1576.0,24520800.0,154.781
000858.SZ,2022-11-16,0.0,155.61,155.66,155.52,1977.0,30764600.0,154.804
000858.SZ,2022-11-16,0.0,155.73,155.78,155.56,959.0,14921400.0,154.816
000858.SZ,2022-11-16,0.0,155.65,155.75,155.6,1038.0,16164200.0,154.828
000858.SZ,2022-11-16,0.0,155.32,155.64,155.32,1705.0,26516600.0,154.843
000858.SZ,2022-11-16,0.0,155.36,155.37,155.2,918.0,14255900.0,154.848
000858.SZ,2022-11-16,0.0,155.89,156.0,155.37,1821.0,28374500.0,154.871
000858.SZ,2022-11-16,0.0,155.6,155.89,155.52,512.0,7975000.0,154.877
000858.SZ,2022-11-16,0.0,155.76,156.01,155.52,1641.0,25578600.0,154.898
000858.SZ,2022-11-16,0.0,155.88,155.88,155.75,514.0,8006930.0,154.903
000858.SZ,2022-11-16,0.0,155.85,155.86,155.79,470.0,7324040.0,154.909
000858.SZ,2022-11-16,0.0,156.03,156.03,155.66,2516.0,39233200.0,154.939
000858.SZ,2022-11-16,0.0,156.2,156.2,156.0,825.0,12877800.0,154.951
000858.SZ,2022-11-16,0.0,156.32,156.32,156.19,1507.0,23545500.0,154.973
000858.SZ,2022-11-16,0.0,156.13,156.33,156.13,1103.0,17238800.0,154.99
000858.SZ,2022-11-16,0.0,156.03,156.15,156.02,886.0,13831400.0,155.001
000858.SZ,2022-11-16,0.0,156.0,156.2,156.0,963.0,15030600.0,155.013
000858.SZ,2022-11-16,0.0,156.07,156.18,155.91,1147.0,17895600.0,155.026
000858.SZ,2022-11-16,0.0,156.16,156.19,156.11,337.0,5262340.0,155.03
000858.SZ,2022-11-16,0.0,156.49,156.5,156.16,2396.0,37461400.0,155.064
000858.SZ,2022-11-16,0.0,156.19,156.49,156.12,1093.0,17087500.0,155.079
000858.SZ,2022-11-16,0.0,156.04,156.19,156.01,412.0,6430690.0,155.083
000858.SZ,2022-11-16,0.0,156.04,156.06,156.03,390.0,6085720.0,155.087
000858.SZ,2022-11-16,0.0,156.07,156.09,156.03,624.0,9739660.0,155.094
000858.SZ,2022-11-16,0.0,156.05,156.08,156.05,294.0,4588360.0,155.097
000858.SZ,2022-11-16,0.0,156.0,156.06,156.0,546.0,8519080.0,155.102
000858.SZ,2022-11-16,0.0,155.7,156.0,155.7,589.0,9178110.0,155.106
000858.SZ,2022-11-16,0.0,155.72,155.73,155.7,599.0,9326130.0,155.11
000858.SZ,2022-11-16,0.0,155.9,155.9,155.71,550.0,8568900.0,155.114
000858.SZ,2022-11-16,0.0,156.0,156.0,155.88,327.0,5100400.0,155.117
000858.SZ,2022-11-16,0.0,155.69,155.96,155.69,520.0,8103150.0,155.121
000858.SZ,2022-11-16,0.0,155.63,155.7,155.63,709.0,11036700.0,155.124
000858.SZ,2022-11-16,0.0,155.5,155.6,155.5,523.0,8136710.0,155.127
000858.SZ,2022-11-16,0.0,155.39,155.51,155.39,898.0,13960900.0,155.13
000858.SZ,2022-11-16,0.0,155.45,155.45,155.36,567.0,8810610.0,155.131
000858.SZ,2022-11-16,0.0,155.49,155.49,155.45,550.0,8550970.0,155.133
000858.SZ,2022-11-16,0.0,155.5,155.51,155.49,329.0,5115880.0,155.134
000858.SZ,2022-11-16,0.0,155.54,155.55,155.5,283.0,4401110.0,155.135
000858.SZ,2022-11-16,0.0,155.49,155.58,155.49,368.0,5723400.0,155.137
000858.SZ,2022-11-16,0.0,155.32,155.48,155.32,525.0,8157840.0,155.138
000858.SZ,2022-11-16,0.0,155.2,155.3,155.2,591.0,9175110.0,155.139
000858.SZ,2022-11-16,0.0,155.24,155.26,155.19,540.0,8384400.0,155.139
000858.SZ,2022-11-16,0.0,154.86,155.23,154.86,1844.0,28588700.0,155.138
000858.SZ,2022-11-16,0.0,154.72,154.86,154.71,672.0,10402800.0,155.135
000858.SZ,2022-11-16,0.0,155.11,155.11,154.7,958.0,14840300.0,155.133
000858.SZ,2022-11-16,0.0,155.17,155.28,155.1,385.0,5974230.0,155.133
000858.SZ,2022-11-16,0.0,155.2,155.3,155.16,640.0,9933790.0,155.134
000858.SZ,2022-11-16,0.0,155.28,155.28,155.16,382.0,5929680.0,155.134
000858.SZ,2022-11-16,0.0,155.33,155.34,155.3,228.0,3541300.0,155.135
000858.SZ,2022-11-16,0.0,155.35,155.36,155.33,213.0,3308840.0,155.135
000858.SZ,2022-11-16,0.0,155.1,155.37,155.1,263.0,4083890.0,155.135
000858.SZ,2022-11-16,0.0,154.88,155.08,154.86,455.0,7049990.0,155.135
000858.SZ,2022-11-16,0.0,155.22,155.22,154.84,460.0,7130900.0,155.134
000858.SZ,2022-11-16,0.0,155.17,155.21,155.17,252.0,3910990.0,155.134
000858.SZ,2022-11-16,0.0,155.02,155.2,155.02,278.0,4311610.0,155.134
000858.SZ,2022-11-16,0.0,155.09,155.21,155.0,431.0,6685850.0,155.134
000858.SZ,2022-11-16,0.0,155.24,155.25,155.2,282.0,4377260.0,155.134
000858.SZ,2022-11-16,0.0,155.49,155.49,155.25,297.0,4613630.0,155.135
000858.SZ,2022-11-16,0.0,155.62,155.62,155.4,479.0,7448810.0,155.136
000858.SZ,2022-11-16,0.0,155.7,155.85,155.65,279.0,4346010.0,155.138
000858.SZ,2022-11-16,0.0,155.63,155.75,155.6,202.0,3143920.0,155.139
000858.SZ,2022-11-16,0.0,155.55,155.62,155.55,234.0,3640840.0,155.14
000858.SZ,2022-11-16,0.0,155.68,155.75,155.58,296.0,4606970.0,155.141
000858.SZ,2022-11-16,0.0,155.79,155.83,155.75,229.0,3568090.0,155.142
000858.SZ,2022-11-16,0.0,155.65,155.81,155.65,202.0,3145320.0,155.143
000858.SZ,2022-11-16,0.0,155.64,155.68,155.62,315.0,4902850.0,155.145
000858.SZ,2022-11-16,0.0,155.7,155.78,155.65,183.0,2849430.0,155.146
000858.SZ,2022-11-16,0.0,155.5,155.67,155.5,368.0,5726000.0,155.147
000858.SZ,2022-11-16,0.0,155.28,155.45,155.21,264.0,4100840.0,155.148
000858.SZ,2022-11-16,0.0,155.12,155.29,155.11,186.0,2886470.0,155.148
000858.SZ,2022-11-16,0.0,155.03,155.12,155.02,263.0,4078720.0,155.148
000858.SZ,2022-11-16,0.0,155.12,155.16,155.1,286.0,4437200.0,155.148
000858.SZ,2022-11-16,0.0,155.15,155.16,155.12,227.0,3521680.0,155.147
000858.SZ,2022-11-16,0.0,155.17,155.18,155.14,163.0,2529150.0,155.148
000858.SZ,2022-11-16,0.0,155.14,155.18,155.14,377.0,5849220.0,155.148
000858.SZ,2022-11-16,0.0,155.04,155.14,155.04,205.0,3179080.0,155.147
000858.SZ,2022-11-16,0.0,155.04,155.04,155.01,456.0,7069260.0,155.147
000858.SZ,2022-11-16,0.0,155.07,155.07,155.04,260.0,4031260.0,155.147
000858.SZ,2022-11-16,0.0,155.03,155.08,155.01,559.0,8666380.0,155.146
000858.SZ,2022-11-16,0.0,155.08,155.09,155.01,307.0,4760200.0,155.146
000858.SZ,2022-11-16,0.0,155.2,155.2,155.09,154.0,2389240.0,155.146
000858.SZ,2022-11-16,0.0,154.81,155.15,154.79,2083.0,32288300.0,155.144
000858.SZ,2022-11-16,0.0,154.62,154.78,154.55,597.0,9233720.0,155.142
000858.SZ,2022-11-16,0.0,154.54,154.55,154.52,454.0,7016060.0,155.139
000858.SZ,2022-11-16,0.0,154.7,154.7,154.51,494.0,7637310.0,155.137
000858.SZ,2022-11-16,0.0,154.71,154.77,154.68,565.0,8740690.0,155.135
000858.SZ,2022-11-16,0.0,154.61,154.78,154.6,981.0,15174200.0,155.132
000858.SZ,2022-11-16,0.0,154.61,154.62,154.6,452.0,6988560.0,155.13
000858.SZ,2022-11-16,0.0,154.8,154.8,154.6,819.0,12664400.0,155.127
000858.SZ,2022-11-16,0.0,154.65,154.94,154.5,1031.0,15946100.0,155.123
000858.SZ,2022-11-16,0.0,154.65,154.67,154.5,1112.0,17180200.0,155.118
000858.SZ,2022-11-16,0.0,154.69,154.7,154.66,637.0,9849870.0,155.115
000858.SZ,2022-11-16,0.0,154.71,154.71,154.68,570.0,8817340.0,155.114
000858.SZ,2022-11-16,0.0,154.75,154.75,154.7,309.0,4780870.0,155.113
000858.SZ,2022-11-16,0.0,154.8,154.82,154.76,313.0,4845110.0,155.112
000858.SZ,2022-11-16,0.0,154.49,154.81,154.49,591.0,9139130.0,155.11
000858.SZ,2022-11-16,0.0,154.33,154.5,154.33,698.0,10780300.0,155.106
000858.SZ,2022-11-16,0.0,154.26,154.33,154.26,1046.0,16133800.0,155.099
000858.SZ,2022-11-16,0.0,154.62,154.67,154.26,670.0,10348200.0,155.096
000858.SZ,2022-11-16,0.0,154.63,154.64,154.56,242.0,3741700.0,155.095
000858.SZ,2022-11-16,0.0,154.7,154.71,154.62,374.0,5784330.0,155.094
000858.SZ,2022-11-16,0.0,154.73,154.75,154.7,198.0,3063760.0,155.093
000858.SZ,2022-11-16,0.0,154.68,154.73,154.68,222.0,3434550.0,155.093
000858.SZ,2022-11-16,0.0,154.75,154.77,154.7,550.0,8510290.0,155.091
000858.SZ,2022-11-16,0.0,154.74,154.75,154.74,251.0,3884060.0,155.091
000858.SZ,2022-11-16,0.0,154.59,154.76,154.59,423.0,6543390.0,155.089
000858.SZ,2022-11-16,0.0,154.49,154.6,154.49,606.0,9364020.0,155.087
000858.SZ,2022-11-16,0.0,154.5,154.52,154.48,284.0,4387680.0,155.086
000858.SZ,2022-11-16,0.0,154.52,154.58,154.48,490.0,7570700.0,155.083
000858.SZ,2022-11-16,0.0,154.53,154.55,154.52,174.0,2689080.0,155.083
000858.SZ,2022-11-16,0.0,154.63,154.63,154.54,362.0,5596350.0,155.081
000858.SZ,2022-11-16,0.0,154.39,154.63,154.39,795.0,12280600.0,155.078
000858.SZ,2022-11-16,0.0,154.32,154.39,154.32,616.0,9511520.0,155.075
000858.SZ,2022-11-16,0.0,154.3,154.33,154.3,564.0,8697180.0,155.072
000858.SZ,2022-11-16,0.0,154.16,154.3,154.16,667.0,10294200.0,155.068
000858.SZ,2022-11-16,0.0,154.12,154.16,154.12,702.0,10821000.0,155.063
000858.SZ,2022-11-16,0.0,154.04,154.11,154.04,482.0,7426940.0,155.06
000858.SZ,2022-11-16,0.0,154.01,154.05,154.0,1144.0,17619200.0,155.051
000858.SZ,2022-11-16,0.0,154.05,154.05,153.96,2022.0,31133700.0,155.037
000858.SZ,2022-11-16,0.0,154.12,154.12,154.01,488.0,7519660.0,155.033
000858.SZ,2022-11-16,0.0,154.01,154.13,154.0,545.0,8395350.0,155.03
000858.SZ,2022-11-16,0.0,153.99,154.02,153.99,504.0,7761740.0,155.026
000858.SZ,2022-11-16,0.0,153.81,153.99,153.81,591.0,9095100.0,155.021
000858.SZ,2022-11-16,0.0,154.0,154.0,153.8,1038.0,15979800.0,155.013
000858.SZ,2022-11-16,0.0,154.02,154.02,153.99,483.0,7438620.0,155.01
000858.SZ,2022-11-16,0.0,154.0,154.08,154.0,635.0,9779960.0,155.006
000858.SZ,2022-11-16,0.0,154.0,154.0,153.98,326.0,5020200.0,155.004
000858.SZ,2022-11-16,0.0,154.4,154.4,154.06,835.0,12875800.0,154.999
000858.SZ,2022-11-16,0.0,154.5,154.5,154.41,209.0,3228530.0,154.998
000858.SZ,2022-11-16,0.0,154.5,154.55,154.5,377.0,5825470.0,154.997
000858.SZ,2022-11-16,0.0,154.48,154.51,154.48,178.0,2750020.0,154.997
000858.SZ,2022-11-16,0.0,154.36,154.5,154.36,501.0,7738260.0,154.995
000858.SZ,2022-11-16,0.0,154.27,154.37,154.27,201.0,3101970.0,154.994
000858.SZ,2022-11-16,0.0,154.2,154.29,154.2,165.0,2545010.0,154.993
000858.SZ,2022-11-16,0.0,154.3,154.3,154.21,355.0,5475280.0,154.991
000858.SZ,2022-11-16,0.0,154.38,154.38,154.3,195.0,3009580.0,154.99
000858.SZ,2022-11-16,0.0,154.3,154.4,154.27,532.0,8209670.0,154.988
000858.SZ,2022-11-16,0.0,154.28,154.3,154.28,361.0,5570050.0,154.986
000858.SZ,2022-11-16,0.0,154.26,154.28,154.23,294.0,4535370.0,154.985
000858.SZ,2022-11-16,0.0,154.28,154.28,154.26,254.0,3918450.0,154.984
000858.SZ,2022-11-16,0.0,154.44,154.44,154.24,432.0,6665870.0,154.982
000858.SZ,2022-11-16,0.0,154.34,154.45,154.34,259.0,3999000.0,154.981
000858.SZ,2022-11-16,0.0,154.37,154.4,154.32,368.0,5676040.0,154.979
000858.SZ,2022-11-16,0.0,154.65,154.65,154.4,437.0,6751440.0,154.978
000858.SZ,2022-11-16,0.0,154.7,154.71,154.65,313.0,4841430.0,154.977
000858.SZ,2022-11-16,0.0,154.8,154.8,154.74,230.0,3559630.0,154.977
000858.SZ,2022-11-16,0.0,154.66,154.8,154.66,466.0,7210490.0,154.976
000858.SZ,2022-11-16,0.0,154.6,154.66,154.59,270.0,4174920.0,154.976
000858.SZ,2022-11-16,0.0,154.54,154.64,154.54,199.0,3076350.0,154.975
000858.SZ,2022-11-16,0.0,154.45,154.55,154.45,267.0,4125590.0,154.974
000858.SZ,2022-11-16,0.0,154.35,154.41,154.35,375.0,5788690.0,154.973
000858.SZ,2022-11-16,0.0,154.3,154.35,154.3,262.0,4043040.0,154.972
000858.SZ,2022-11-16,0.0,154.15,154.32,154.15,442.0,6817420.0,154.97
000858.SZ,2022-11-16,0.0,154.06,154.13,153.98,1453.0,22381300.0,154.961
000858.SZ,2022-11-16,0.0,154.15,154.15,153.97,815.0,12553800.0,154.957
000858.SZ,2022-11-16,0.0,154.13,154.2,154.13,250.0,3854060.0,154.955
000858.SZ,2022-11-16,0.0,154.06,154.1,154.06,343.0,5285250.0,154.953
000858.SZ,2022-11-16,0.0,154.13,154.14,154.05,347.0,5346940.0,154.952
000858.SZ,2022-11-16,0.0,154.14,154.15,154.12,209.0,3221420.0,154.95
000858.SZ,2022-11-16,0.0,154.38,154.44,154.14,1041.0,16050600.0,154.946
000858.SZ,2022-11-16,0.0,154.3,154.38,154.14,332.0,5122160.0,154.944
000858.SZ,2022-11-16,0.0,154.15,154.33,154.15,401.0,6184730.0,154.942
000858.SZ,2022-11-16,0.0,154.13,154.15,154.13,266.0,4100150.0,154.941
000858.SZ,2022-11-16,0.0,154.12,154.15,154.11,308.0,4747100.0,154.94
000858.SZ,2022-11-16,0.0,154.13,154.15,154.12,351.0,5410130.0,154.938
000858.SZ,2022-11-16,0.0,154.0,154.12,154.0,587.0,9044010.0,154.935
000858.SZ,2022-11-16,0.0,153.98,154.09,153.98,791.0,12181900.0,154.93
000858.SZ,2022-11-16,0.0,153.92,154.0,153.91,1089.0,16761400.0,154.924
000858.SZ,2022-11-16,0.0,153.97,154.0,153.79,1362.0,20954900.0,154.915
000858.SZ,2022-11-16,0.0,153.98,154.0,153.95,379.0,5836240.0,154.913
000858.SZ,2022-11-16,0.0,153.96,153.98,153.95,254.0,3909150.0,154.911
000858.SZ,2022-11-16,0.0,154.1,154.15,153.96,683.0,10518400.0,154.908
000858.SZ,2022-11-16,0.0,154.26,154.26,154.1,483.0,7446910.0,154.906
000858.SZ,2022-11-16,0.0,154.27,154.3,154.26,290.0,4474180.0,154.905
000858.SZ,2022-11-16,0.0,154.16,154.28,154.16,276.0,4256640.0,154.904
000858.SZ,2022-11-16,0.0,154.1,154.16,154.1,181.0,2789840.0,154.903
000858.SZ,2022-11-16,0.0,154.04,154.11,154.02,212.0,3266380.0,154.902
000858.SZ,2022-11-16,0.0,154.07,154.09,154.04,279.0,4298530.0,154.9
000858.SZ,2022-11-16,0.0,154.07,154.09,154.06,271.0,4175280.0,154.899
000858.SZ,2022-11-16,0.0,154.0,154.08,154.0,601.0,9257350.0,154.896
000858.SZ,2022-11-16,0.0,153.96,154.0,153.95,435.0,6697650.0,154.894
000858.SZ,2022-11-16,0.0,154.02,154.05,153.96,612.0,9424900.0,154.89
000858.SZ,2022-11-16,0.0,154.03,154.05,153.99,513.0,7900540.0,154.888
000858.SZ,2022-11-16,0.0,153.99,154.03,153.98,447.0,6883650.0,154.885
000858.SZ,2022-11-16,0.0,154.0,154.02,153.98,617.0,9497850.0,154.882
000858.SZ,2022-11-16,0.0,154.02,154.02,154.0,809.0,12466200.0,154.878
000858.SZ,2022-11-16,0.0,154.09,154.11,154.03,298.0,4596260.0,154.877
000858.SZ,2022-11-16,0.0,154.24,154.24,154.12,513.0,7901070.0,154.875
000858.SZ,2022-11-16,0.0,154.19,154.25,154.11,501.0,7725130.0,154.873
000858.SZ,2022-11-16,0.0,154.12,154.19,154.1,494.0,7613610.0,154.871
000858.SZ,2022-11-16,0.0,154.19,154.2,154.12,404.0,6231380.0,154.869
000858.SZ,2022-11-16,0.0,154.18,154.19,154.16,440.0,6783920.0,154.867
000858.SZ,2022-11-16,0.0,154.24,154.24,154.16,695.0,10716100.0,154.865
000858.SZ,2022-11-16,0.0,154.27,154.28,154.21,693.0,10690500.0,154.862
000858.SZ,2022-11-16,0.0,154.3,154.3,154.27,596.0,9195270.0,154.86
000858.SZ,2022-11-16,0.0,154.29,154.3,154.28,907.0,13993800.0,154.858
000858.SZ,2022-11-16,0.0,154.24,154.29,154.24,880.0,13575600.0,154.855
000858.SZ,2022-11-16,0.0,154.24,154.25,154.19,688.0,10611000.0,154.852
000858.SZ,2022-11-16,0.0,154.24,154.24,154.24,40.0,616956.0,154.852
000858.SZ,2022-11-16,0.0,154.24,154.24,154.24,0.0,0.0,154.852
000858.SZ,2022-11-16,0.0,154.21,154.21,154.21,1359.0,20959500.0,154.847
000858.SZ,2022-11-17,0.0,153.5,153.5,153.5,712.0,10929200.0,153.5
000858.SZ,2022-11-17,0.0,154.34,154.6,153.01,2693.0,41386000.0,153.642
000858.SZ,2022-11-17,0.0,154.5,154.58,153.68,1677.0,25851900.0,153.812
000858.SZ,2022-11-17,0.0,154.22,154.41,154.22,1149.0,17732000.0,153.907
000858.SZ,2022-11-17,0.0,154.71,154.96,154.22,2047.0,31639300.0,154.069
000858.SZ,2022-11-17,0.0,154.65,154.72,154.61,968.0,14971100.0,154.131
000858.SZ,2022-11-17,0.0,155.25,155.3,154.65,2591.0,40154300.0,154.319
000858.SZ,2022-11-17,0.0,154.82,155.39,154.82,1649.0,25578500.0,154.417
000858.SZ,2022-11-17,0.0,154.98,154.99,154.81,999.0,15477700.0,154.452
000858.SZ,2022-11-17,0.0,154.93,155.13,154.93,1203.0,18648500.0,154.495
000858.SZ,2022-11-17,0.0,154.85,154.93,154.69,919.0,14226000.0,154.512
000858.SZ,2022-11-17,0.0,154.81,154.9,154.7,1252.0,19381900.0,154.533
000858.SZ,2022-11-17,0.0,155.31,155.33,154.81,2243.0,34804300.0,154.604
000858.SZ,2022-11-17,0.0,155.13,155.3,155.13,859.0,13336100.0,154.63
000858.SZ,2022-11-17,0.0,155.31,155.31,154.96,1985.0,30803200.0,154.678
000858.SZ,2022-11-17,0.0,155.65,155.7,155.26,2358.0,36670200.0,154.757
000858.SZ,2022-11-17,0.0,155.41,155.79,155.41,1481.0,23050800.0,154.806
000858.SZ,2022-11-17,0.0,155.25,155.39,155.25,943.0,14649700.0,154.825
000858.SZ,2022-11-17,0.0,154.98,155.3,154.98,806.0,12495600.0,154.83
000858.SZ,2022-11-17,0.0,154.64,154.96,154.64,967.0,14967600.0,154.829
000858.SZ,2022-11-17,0.0,154.19,154.66,154.19,1134.0,17508600.0,154.813
000858.SZ,2022-11-17,0.0,154.4,154.4,154.05,1279.0,19711900.0,154.785
000858.SZ,2022-11-17,0.0,154.18,154.5,154.15,1378.0,21257900.0,154.764
000858.SZ,2022-11-17,0.0,154.05,154.3,154.05,1090.0,16806300.0,154.745
000858.SZ,2022-11-17,0.0,154.09,154.16,154.08,591.0,9107880.0,154.735
000858.SZ,2022-11-17,0.0,153.8,154.09,153.8,1402.0,21585600.0,154.705
000858.SZ,2022-11-17,0.0,153.9,153.96,153.66,1170.0,17986000.0,154.674
000858.SZ,2022-11-17,0.0,154.1,154.1,154.0,718.0,11059900.0,154.662
000858.SZ,2022-11-17,0.0,154.17,154.17,154.06,533.0,8213660.0,154.655
000858.SZ,2022-11-17,0.0,154.12,154.15,154.1,450.0,6935400.0,154.649
000858.SZ,2022-11-17,0.0,153.9,154.12,153.88,646.0,9948910.0,154.638
000858.SZ,2022-11-17,0.0,154.12,154.12,153.72,1347.0,20724000.0,154.613
000858.SZ,2022-11-17,0.0,153.8,154.12,153.72,1023.0,15741800.0,154.595
000858.SZ,2022-11-17,0.0,153.85,154.0,153.7,1495.0,22991700.0,154.567
000858.SZ,2022-11-17,0.0,154.12,154.15,153.84,724.0,11145900.0,154.557
000858.SZ,2022-11-17,0.0,153.98,154.14,153.97,519.0,7996920.0,154.552
000858.SZ,2022-11-17,0.0,153.74,153.97,153.7,1006.0,15466200.0,154.534
000858.SZ,2022-11-17,0.0,153.91,153.97,153.75,648.0,9967390.0,154.524
000858.SZ,2022-11-17,0.0,153.78,153.91,153.78,508.0,7813880.0,154.516
000858.SZ,2022-11-17,0.0,153.87,153.87,153.65,1297.0,19941000.0,154.496
000858.SZ,2022-11-17,0.0,153.84,153.88,153.84,459.0,7061940.0,154.49
000858.SZ,2022-11-17,0.0,153.71,153.83,153.71,350.0,5382480.0,154.485
000858.SZ,2022-11-17,0.0,153.68,153.71,153.66,781.0,12005100.0,154.473
000858.SZ,2022-11-17,0.0,153.45,153.69,153.45,1642.0,25214300.0,154.443
000858.SZ,2022-11-17,0.0,153.05,153.35,153.02,2034.0,31148100.0,154.394
000858.SZ,2022-11-17,0.0,153.0,153.04,153.0,2171.0,33213800.0,154.34
000858.SZ,2022-11-17,0.0,152.81,153.01,152.81,1774.0,27141700.0,154.298
000858.SZ,2022-11-17,0.0,153.0,153.0,152.64,1534.0,23428700.0,154.258
000858.SZ,2022-11-17,0.0,153.14,153.15,152.81,641.0,9809240.0,154.244
000858.SZ,2022-11-17,0.0,152.88,153.2,152.85,962.0,14727300.0,154.226
000858.SZ,2022-11-17,0.0,152.98,153.05,152.85,765.0,11696300.0,154.21
000858.SZ,2022-11-17,0.0,152.76,153.0,152.76,1148.0,17553900.0,154.186
000858.SZ,2022-11-17,0.0,152.66,152.78,152.66,969.0,14795500.0,154.163
000858.SZ,2022-11-17,0.0,152.47,152.65,152.46,1617.0,24670000.0,154.124
000858.SZ,2022-11-17,0.0,151.86,152.3,151.81,3668.0,55774200.0,154.014
000858.SZ,2022-11-17,0.0,152.0,152.02,151.79,1767.0,26846100.0,153.962
000858.SZ,2022-11-17,0.0,152.01,152.03,151.97,1529.0,23238000.0,153.92
000858.SZ,2022-11-17,0.0,151.99,152.02,151.93,1410.0,21431300.0,153.883
000858.SZ,2022-11-17,0.0,151.81,151.97,151.81,1264.0,19201700.0,153.85
000858.SZ,2022-11-17,0.0,151.92,151.92,151.61,3198.0,48520700.0,153.763
000858.SZ,2022-11-17,0.0,152.0,152.0,151.8,991.0,15054100.0,153.739
000858.SZ,2022-11-17,0.0,151.9,152.04,151.86,1411.0,21437100.0,153.708
000858.SZ,2022-11-17,0.0,152.0,152.18,151.98,1565.0,23794400.0,153.676
000858.SZ,2022-11-17,0.0,152.25,152.25,152.0,779.0,11849900.0,153.661
000858.SZ,2022-11-17,0.0,151.89,152.24,151.89,1205.0,18324400.0,153.638
000858.SZ,2022-11-17,0.0,151.96,151.99,151.9,411.0,6245440.0,153.63
000858.SZ,2022-11-17,0.0,151.96,152.0,151.96,547.0,8313480.0,153.62
000858.SZ,2022-11-17,0.0,151.94,151.99,151.94,545.0,8282500.0,153.609
000858.SZ,2022-11-17,0.0,151.8,151.95,151.79,901.0,13682100.0,153.591
000858.SZ,2022-11-17,0.0,151.89,151.9,151.76,529.0,8031900.0,153.58
000858.SZ,2022-11-17,0.0,151.98,151.98,151.9,578.0,8781100.0,153.569
000858.SZ,2022-11-17,0.0,152.0,152.0,151.98,1084.0,16474700.0,153.55
000858.SZ,2022-11-17,0.0,152.36,152.36,152.0,1249.0,18993400.0,153.529
000858.SZ,2022-11-17,0.0,152.38,152.47,152.35,534.0,8137380.0,153.523
000858.SZ,2022-11-17,0.0,152.02,152.37,151.99,473.0,7192900.0,153.515
000858.SZ,2022-11-17,0.0,152.03,152.04,151.99,279.0,4241240.0,153.51
000858.SZ,2022-11-17,0.0,151.9,152.05,151.85,697.0,10590900.0,153.499
000858.SZ,2022-11-17,0.0,152.08,152.08,151.9,278.0,4225250.0,153.494
000858.SZ,2022-11-17,0.0,152.17,152.17,152.0,298.0,4531580.0,153.489
000858.SZ,2022-11-17,0.0,152.21,152.21,152.15,184.0,2800300.0,153.487
000858.SZ,2022-11-17,0.0,152.35,152.36,152.21,330.0,5025940.0,153.483
000858.SZ,2022-11-17,0.0,151.97,152.36,151.96,546.0,8304010.0,153.474
000858.SZ,2022-11-17,0.0,151.99,152.0,151.98,346.0,5258750.0,153.469
000858.SZ,2022-11-17,0.0,152.2,152.2,151.98,354.0,5382440.0,153.464
000858.SZ,2022-11-17,0.0,152.2,152.22,152.15,345.0,5250360.0,153.459
000858.SZ,2022-11-17,0.0,152.2,152.2,152.0,696.0,10583600.0,153.449
000858.SZ,2022-11-17,0.0,152.01,152.2,152.01,253.0,3846830.0,153.445
000858.SZ,2022-11-17,0.0,152.1,152.1,152.01,216.0,3284020.0,153.442
000858.SZ,2022-11-17,0.0,152.15,152.15,152.05,144.0,2190270.0,153.44
000858.SZ,2022-11-17,0.0,152.38,152.38,152.2,229.0,3486880.0,153.437
000858.SZ,2022-11-17,0.0,152.61,152.61,152.38,400.0,6101660.0,153.433
000858.SZ,2022-11-17,0.0,152.29,152.62,152.27,529.0,8062660.0,153.428
000858.SZ,2022-11-17,0.0,152.34,152.34,152.27,258.0,3929500.0,153.425
000858.SZ,2022-11-17,0.0,152.2,152.37,152.2,361.0,5498540.0,153.421
000858.SZ,2022-11-17,0.0,152.3,152.35,152.2,184.0,2801610.0,153.419
000858.SZ,2022-11-17,0.0,152.32,152.35,152.29,221.0,3366150.0,153.416
000858.SZ,2022-11-17,0.0,152.3,152.35,152.29,186.0,2832720.0,153.414
000858.SZ,2022-11-17,0.0,152.12,152.3,152.12,196.0,2983430.0,153.412
000858.SZ,2022-11-17,0.0,152.04,152.13,152.03,276.0,4197360.0,153.408
000858.SZ,2022-11-17,0.0,152.02,152.02,152.0,522.0,7934640.0,153.4
000858.SZ,2022-11-17,0.0,152.03,152.03,152.0,213.0,3237770.0,153.398
000858.SZ,2022-11-17,0.0,152.07,152.27,152.0,317.0,4820150.0,153.393
000858.SZ,2022-11-17,0.0,151.89,152.03,151.89,806.0,12243100.0,153.382
000858.SZ,2022-11-17,0.0,151.88,151.99,151.87,255.0,3873200.0,153.378
000858.SZ,2022-11-17,0.0,151.89,151.98,151.88,350.0,5316430.0,153.373
000858.SZ,2022-11-17,0.0,151.8,151.89,151.8,697.0,10582500.0,153.363
000858.SZ,2022-11-17,0.0,151.79,151.82,151.79,390.0,5927050.0,153.357
000858.SZ,2022-11-17,0.0,151.7,151.79,151.7,720.0,10924400.0,153.345
000858.SZ,2022-11-17,0.0,151.68,151.7,151.65,683.0,10359000.0,153.334
000858.SZ,2022-11-17,0.0,151.6,151.68,151.58,804.0,12189400.0,153.321
000858.SZ,2022-11-17,0.0,151.51,151.59,151.5,806.0,12213900.0,153.307
000858.SZ,2022-11-17,0.0,151.51,151.52,151.5,611.0,9250490.0,153.297
000858.SZ,2022-11-17,0.0,151.51,151.52,151.51,328.0,4969700.0,153.291
000858.SZ,2022-11-17,0.0,151.52,151.52,151.5,616.0,9333410.0,153.281
000858.SZ,2022-11-17,0.0,151.69,151.69,151.54,250.0,3789950.0,153.277
000858.SZ,2022-11-17,0.0,151.7,151.76,151.63,199.0,3025070.0,153.274
000858.SZ,2022-11-17,0.0,151.3,151.7,151.3,1159.0,17556500.0,153.255
000858.SZ,2022-11-17,0.0,151.25,151.3,151.22,458.0,6928270.0,153.247
000858.SZ,2022-11-17,0.0,151.24,151.26,151.12,1025.0,15497400.0,153.228
000858.SZ,2022-11-17,0.0,151.25,151.27,151.24,324.0,4893450.0,153.222
000858.SZ,2022-11-17,0.0,151.56,151.59,151.26,395.0,5980630.0,153.215
000858.SZ,2022-11-17,0.0,151.63,151.71,151.54,669.0,10140800.0,153.205
000858.SZ,2022-11-17,0.0,151.45,151.69,151.45,371.0,5622190.0,153.2
000858.SZ,2022-11-17,0.0,151.4,151.42,151.13,690.0,10433600.0,153.188
000858.SZ,2022-11-17,0.0,151.56,151.71,151.29,323.0,4893320.0,153.183
000858.SZ,2022-11-17,0.0,151.58,151.65,151.46,257.0,3895000.0,153.179
000858.SZ,2022-11-17,0.0,151.6,151.63,151.51,248.0,3758820.0,153.176
000858.SZ,2022-11-17,0.0,151.6,151.6,151.52,266.0,4031700.0,153.172
000858.SZ,2022-11-17,0.0,151.52,151.65,151.52,259.0,3925170.0,153.168
000858.SZ,2022-11-17,0.0,151.54,151.6,151.54,180.0,2728520.0,153.166
000858.SZ,2022-11-17,0.0,151.6,151.6,151.53,149.0,2258050.0,153.163
000858.SZ,2022-11-17,0.0,151.6,151.7,151.59,221.0,3350950.0,153.161
000858.SZ,2022-11-17,0.0,151.79,151.84,151.56,196.0,2973490.0,153.158
000858.SZ,2022-11-17,0.0,151.71,151.79,151.68,421.0,6389290.0,153.153
000858.SZ,2022-11-17,0.0,151.71,151.78,151.69,233.0,3535300.0,153.15
000858.SZ,2022-11-17,0.0,151.5,151.71,151.5,740.0,11215800.0,153.14
000858.SZ,2022-11-17,0.0,151.75,151.75,151.49,952.0,14430400.0,153.127
000858.SZ,2022-11-17,0.0,151.86,151.86,151.6,400.0,6067500.0,153.122
000858.SZ,2022-11-17,0.0,151.89,151.89,151.82,230.0,3492910.0,153.12
000858.SZ,2022-11-17,0.0,151.88,151.9,151.88,291.0,4419770.0,153.117
000858.SZ,2022-11-17,0.0,152.0,152.0,151.86,398.0,6046560.0,153.113
000858.SZ,2022-11-17,0.0,152.08,152.13,151.99,320.0,4864840.0,153.11
000858.SZ,2022-11-17,0.0,152.08,152.12,152.0,380.0,5779140.0,153.107
000858.SZ,2022-11-17,0.0,152.17,152.2,152.08,251.0,3818240.0,153.104
000858.SZ,2022-11-17,0.0,152.18,152.25,152.15,297.0,4519960.0,153.102
000858.SZ,2022-11-17,0.0,151.87,152.19,151.86,527.0,8012960.0,153.098
000858.SZ,2022-11-17,0.0,151.8,151.87,151.7,292.0,4431790.0,153.094
000858.SZ,2022-11-17,0.0,151.72,151.81,151.71,323.0,4901820.0,153.091
000858.SZ,2022-11-17,0.0,151.72,151.75,151.7,274.0,4156960.0,153.088
000858.SZ,2022-11-17,0.0,151.7,151.72,151.7,317.0,4811610.0,153.084
000858.SZ,2022-11-17,0.0,151.7,151.72,151.65,213.0,3231020.0,153.082
000858.SZ,2022-11-17,0.0,151.71,151.78,151.68,269.0,4080670.0,153.079
000858.SZ,2022-11-17,0.0,151.69,151.79,151.69,326.0,4945560.0,153.075
000858.SZ,2022-11-17,0.0,151.8,151.9,151.7,315.0,4782350.0,153.072
000858.SZ,2022-11-17,0.0,151.73,151.84,151.72,393.0,5964650.0,153.067
000858.SZ,2022-11-17,0.0,151.72,151.77,151.7,243.0,3686740.0,153.065
000858.SZ,2022-11-17,0.0,151.67,151.72,151.67,251.0,3807570.0,153.062
000858.SZ,2022-11-17,0.0,151.6,151.68,151.6,376.0,5701480.0,153.058
000858.SZ,2022-11-17,0.0,151.76,151.78,151.61,397.0,6022580.0,153.053
000858.SZ,2022-11-17,0.0,151.66,151.77,151.66,405.0,6144950.0,153.049
000858.SZ,2022-11-17,0.0,151.72,151.82,151.7,290.0,4400410.0,153.046
000858.SZ,2022-11-17,0.0,151.84,151.84,151.71,300.0,4551710.0,153.043
000858.SZ,2022-11-17,0.0,151.72,151.84,151.72,204.0,3095530.0,153.041
000858.SZ,2022-11-17,0.0,151.75,151.84,151.72,184.0,2792300.0,153.039
000858.SZ,2022-11-17,0.0,151.6,151.85,151.6,598.0,9068570.0,153.032
000858.SZ,2022-11-17,0.0,151.53,151.6,151.52,239.0,3622300.0,153.03
000858.SZ,2022-11-17,0.0,151.52,151.56,151.52,350.0,5303410.0,153.025
000858.SZ,2022-11-17,0.0,151.31,151.53,151.31,1002.0,15177000.0,153.013
000858.SZ,2022-11-17,0.0,151.36,151.44,151.3,348.0,5266980.0,153.009
000858.SZ,2022-11-17,0.0,151.33,151.35,151.32,498.0,7536410.0,153.002
000858.SZ,2022-11-17,0.0,151.33,151.35,151.32,344.0,5205890.0,152.998
000858.SZ,2022-11-17,0.0,151.2,151.34,151.2,799.0,12086300.0,152.987
000858.SZ,2022-11-17,0.0,151.15,151.21,151.15,628.0,9494690.0,152.978
000858.SZ,2022-11-17,0.0,151.16,151.17,151.14,556.0,8404300.0,152.971
000858.SZ,2022-11-17,0.0,151.14,151.18,151.13,942.0,14237200.0,152.957
000858.SZ,2022-11-17,0.0,151.05,151.14,151.0,1787.0,26995200.0,152.932
000858.SZ,2022-11-17,0.0,151.08,151.09,151.02,438.0,6616100.0,152.926
000858.SZ,2022-11-17,0.0,151.14,151.18,151.03,422.0,6375660.0,152.92
000858.SZ,2022-11-17,0.0,151.19,151.24,151.13,399.0,6031350.0,152.915
000858.SZ,2022-11-17,0.0,151.18,151.26,151.18,228.0,3447470.0,152.912
000858.SZ,2022-11-17,0.0,151.17,151.22,151.17,232.0,3507770.0,152.909
000858.SZ,2022-11-17,0.0,151.11,151.17,151.1,378.0,5712940.0,152.904
000858.SZ,2022-11-17,0.0,151.3,151.3,151.1,537.0,8118920.0,152.897
000858.SZ,2022-11-17,0.0,151.28,151.3,151.22,222.0,3358140.0,152.895
000858.SZ,2022-11-17,0.0,151.35,151.69,151.28,625.0,9467820.0,152.888
000858.SZ,2022-11-17,0.0,151.52,151.64,151.34,303.0,4588370.0,152.885
000858.SZ,2022-11-17,0.0,151.63,151.81,151.5,361.0,5474430.0,152.882
000858.SZ,2022-11-17,0.0,151.62,151.78,151.54,338.0,5126020.0,152.879
000858.SZ,2022-11-17,0.0,151.45,151.65,151.45,400.0,6061890.0,152.875
000858.SZ,2022-11-17,0.0,151.46,151.58,151.42,289.0,4377400.0,152.872
000858.SZ,2022-11-17,0.0,151.48,151.53,151.44,209.0,3166000.0,152.87
000858.SZ,2022-11-17,0.0,151.31,151.51,151.31,571.0,8646430.0,152.864
000858.SZ,2022-11-17,0.0,151.3,151.32,151.3,247.0,3737470.0,152.861
000858.SZ,2022-11-17,0.0,151.48,151.48,151.31,245.0,3708280.0,152.858
000858.SZ,2022-11-17,0.0,151.52,151.52,151.43,253.0,3832640.0,152.856
000858.SZ,2022-11-17,0.0,151.72,151.72,151.52,277.0,4200170.0,152.854
000858.SZ,2022-11-17,0.0,151.71,151.82,151.68,509.0,7724070.0,152.85
000858.SZ,2022-11-17,0.0,151.68,151.72,151.67,331.0,5021220.0,152.847
000858.SZ,2022-11-17,0.0,151.63,151.68,151.63,347.0,5262480.0,152.844
000858.SZ,2022-11-17,0.0,151.4,151.63,151.4,424.0,6424330.0,152.84
000858.SZ,2022-11-17,0.0,151.5,151.5,151.37,494.0,7479520.0,152.835
000858.SZ,2022-11-17,0.0,151.53,151.54,151.46,352.0,5333740.0,152.832
000858.SZ,2022-11-17,0.0,151.55,151.55,151.52,341.0,5167330.0,152.829
000858.SZ,2022-11-17,0.0,151.54,151.56,151.54,301.0,4561650.0,152.826
000858.SZ,2022-11-17,0.0,151.39,151.51,151.39,537.0,8133150.0,152.821
000858.SZ,2022-11-17,0.0,151.42,151.43,151.4,363.0,5496430.0,152.817
000858.SZ,2022-11-17,0.0,151.41,151.42,151.39,294.0,4451350.0,152.815
000858.SZ,2022-11-17,0.0,151.43,151.49,151.4,398.0,6026160.0,152.811
000858.SZ,2022-11-17,0.0,151.47,151.47,151.41,246.0,3725240.0,152.808
000858.SZ,2022-11-17,0.0,151.5,151.5,151.46,364.0,5513670.0,152.805
000858.SZ,2022-11-17,0.0,151.55,151.55,151.5,309.0,4682010.0,152.802
000858.SZ,2022-11-17,0.0,151.55,151.58,151.53,527.0,7986410.0,152.798
000858.SZ,2022-11-17,0.0,151.74,151.74,151.59,307.0,4655650.0,152.795
000858.SZ,2022-11-17,0.0,151.94,151.95,151.74,432.0,6559520.0,152.793
000858.SZ,2022-11-17,0.0,152.0,152.0,151.94,959.0,14575500.0,152.787
000858.SZ,2022-11-17,0.0,152.02,152.08,151.98,466.0,7083420.0,152.785
000858.SZ,2022-11-17,0.0,152.15,152.15,152.02,436.0,6631480.0,152.783
000858.SZ,2022-11-17,0.0,152.29,152.29,152.15,596.0,9071680.0,152.781
000858.SZ,2022-11-17,0.0,152.13,152.36,152.07,1455.0,22154100.0,152.776
000858.SZ,2022-11-17,0.0,152.2,152.23,152.12,820.0,12477300.0,152.772
000858.SZ,2022-11-17,0.0,152.03,152.13,152.03,461.0,7012540.0,152.77
000858.SZ,2022-11-17,0.0,152.0,152.05,151.98,860.0,13072800.0,152.766
000858.SZ,2022-11-17,0.0,151.94,152.0,151.9,497.0,7553480.0,152.764
000858.SZ,2022-11-17,0.0,152.09,152.09,151.95,585.0,8891810.0,152.761
000858.SZ,2022-11-17,0.0,152.08,152.1,152.07,545.0,8288930.0,152.758
000858.SZ,2022-11-17,0.0,152.01,152.08,152.0,661.0,10049100.0,152.755
000858.SZ,2022-11-17,0.0,152.08,152.08,152.0,452.0,6872500.0,152.753
000858.SZ,2022-11-17,0.0,152.28,152.28,152.07,614.0,9342880.0,152.751
000858.SZ,2022-11-17,0.0,152.38,152.39,152.35,787.0,11991200.0,152.749
000858.SZ,2022-11-17,0.0,152.36,152.38,152.31,379.0,5773640.0,152.748
000858.SZ,2022-11-17,0.0,152.41,152.41,152.33,435.0,6621340.0,152.747
000858.SZ,2022-11-17,0.0,152.44,152.44,152.41,501.0,7636390.0,152.746
000858.SZ,2022-11-17,0.0,152.5,152.5,152.44,728.0,11100400.0,152.745
000858.SZ,2022-11-17,0.0,152.6,152.61,152.53,684.0,10436700.0,152.744
000858.SZ,2022-11-17,0.0,152.49,152.63,152.48,1293.0,19724800.0,152.742
000858.SZ,2022-11-17,0.0,152.5,152.51,152.48,966.0,14724200.0,152.741
000858.SZ,2022-11-17,0.0,152.56,152.57,152.5,571.0,8709350.0,152.74
000858.SZ,2022-11-17,0.0,152.53,152.57,152.51,907.0,13832100.0,152.739
000858.SZ,2022-11-17,0.0,152.54,152.54,152.54,25.0,381335.0,152.739
000858.SZ,2022-11-17,0.0,152.54,152.54,152.54,0.0,0.0,152.739
000858.SZ,2022-11-17,0.0,152.6,152.6,152.6,1640.0,25026400.0,152.738
000858.SZ,2022-11-18,0.0,153.0,153.0,153.0,686.0,10495800.0,153.0
000858.SZ,2022-11-18,0.0,153.62,153.67,152.71,2614.0,40091400.0,153.294
000858.SZ,2022-11-18,0.0,153.28,153.7,153.09,1657.0,25428500.0,153.35
000858.SZ,2022-11-18,0.0,153.59,153.79,153.3,1964.0,30162600.0,153.414
000858.SZ,2022-11-18,0.0,153.71,153.84,153.57,2044.0,31407800.0,153.47
000858.SZ,2022-11-18,0.0,153.8,153.82,153.75,1753.0,26958100.0,153.521
000858.SZ,2022-11-18,0.0,154.21,154.5,153.77,3030.0,46684300.0,153.643
000858.SZ,2022-11-18,0.0,153.8,154.22,153.8,1271.0,19581500.0,153.679
000858.SZ,2022-11-18,0.0,153.99,154.01,153.8,1373.0,21133000.0,153.699
000858.SZ,2022-11-18,0.0,153.65,153.93,153.65,741.0,11395300.0,153.702
000858.SZ,2022-11-18,0.0,153.6,153.74,153.6,1419.0,21805300.0,153.7
000858.SZ,2022-11-18,0.0,152.81,153.5,152.8,1986.0,30373700.0,153.628
000858.SZ,2022-11-18,0.0,152.9,152.9,152.79,912.0,13932200.0,153.594
000858.SZ,2022-11-18,0.0,153.0,153.1,152.81,1833.0,28030500.0,153.541
000858.SZ,2022-11-18,0.0,153.26,153.26,153.0,488.0,7471700.0,153.532
000858.SZ,2022-11-18,0.0,153.2,153.26,153.18,859.0,13166800.0,153.523
000858.SZ,2022-11-18,0.0,153.8,153.82,153.27,1125.0,17290400.0,153.53
000858.SZ,2022-11-18,0.0,153.6,153.8,153.6,635.0,9763020.0,153.536
000858.SZ,2022-11-18,0.0,154.22,154.22,153.6,2103.0,32390000.0,153.571
000858.SZ,2022-11-18,0.0,154.13,154.29,154.13,667.0,10287000.0,153.586
000858.SZ,2022-11-18,0.0,154.12,154.25,154.03,1403.0,21622800.0,153.611
000858.SZ,2022-11-18,0.0,153.86,154.2,153.86,1065.0,16413400.0,153.628
000858.SZ,2022-11-18,0.0,154.03,154.03,153.74,602.0,9263360.0,153.632
000858.SZ,2022-11-18,0.0,153.88,154.01,153.8,351.0,5403080.0,153.636
000858.SZ,2022-11-18,0.0,154.18,154.2,153.88,857.0,13205300.0,153.647
000858.SZ,2022-11-18,0.0,154.0,154.18,154.0,486.0,7490950.0,153.654
000858.SZ,2022-11-18,0.0,153.9,154.0,153.87,426.0,6556260.0,153.657
000858.SZ,2022-11-18,0.0,154.09,154.15,153.89,814.0,12541100.0,153.666
000858.SZ,2022-11-18,0.0,154.01,154.09,153.97,521.0,8025390.0,153.672
000858.SZ,2022-11-18,0.0,153.9,154.0,153.9,365.0,5619530.0,153.675
000858.SZ,2022-11-18,0.0,153.63,153.9,153.57,492.0,7564850.0,153.676
000858.SZ,2022-11-18,0.0,153.79,153.8,153.55,766.0,11763900.0,153.676
000858.SZ,2022-11-18,0.0,153.66,153.89,153.66,585.0,8994490.0,153.677
000858.SZ,2022-11-18,0.0,153.38,153.67,153.38,475.0,7292890.0,153.675
000858.SZ,2022-11-18,0.0,153.18,153.39,153.18,693.0,10621500.0,153.668
000858.SZ,2022-11-18,0.0,153.08,153.18,153.08,723.0,11070900.0,153.658
000858.SZ,2022-11-18,0.0,153.6,153.6,153.1,421.0,6460170.0,153.654
000858.SZ,2022-11-18,0.0,153.82,153.92,153.65,344.0,5290440.0,153.655
000858.SZ,2022-11-18,0.0,153.8,153.85,153.69,924.0,14208700.0,153.658
000858.SZ,2022-11-18,0.0,154.1,154.25,153.96,1772.0,27311200.0,153.677
000858.SZ,2022-11-18,0.0,153.88,154.02,153.75,388.0,5966970.0,153.678
000858.SZ,2022-11-18,0.0,153.99,153.99,153.78,433.0,6665190.0,153.681
000858.SZ,2022-11-18,0.0,153.83,153.99,153.83,459.0,7066760.0,153.683
000858.SZ,2022-11-18,0.0,153.93,153.93,153.83,311.0,4786660.0,153.685
000858.SZ,2022-11-18,0.0,153.86,153.93,153.7,395.0,6077360.0,153.687
000858.SZ,2022-11-18,0.0,153.92,153.94,153.86,412.0,6340900.0,153.688
000858.SZ,2022-11-18,0.0,153.87,153.95,153.85,559.0,8601980.0,153.691
000858.SZ,2022-11-18,0.0,153.83,153.88,153.81,229.0,3523440.0,153.692
000858.SZ,2022-11-18,0.0,154.17,154.19,153.83,971.0,14959300.0,153.699
000858.SZ,2022-11-18,0.0,154.1,154.17,154.07,381.0,5871580.0,153.703
000858.SZ,2022-11-18,0.0,154.01,154.12,154.0,582.0,8963570.0,153.707
000858.SZ,2022-11-18,0.0,154.12,154.12,153.99,527.0,8118620.0,153.711
000858.SZ,2022-11-18,0.0,154.6,154.63,154.13,4441.0,68578600.0,153.771
000858.SZ,2022-11-18,0.0,154.47,154.58,154.4,998.0,15422100.0,153.784
000858.SZ,2022-11-18,0.0,154.62,154.69,154.45,1207.0,18664500.0,153.802
000858.SZ,2022-11-18,0.0,154.5,154.65,154.5,521.0,8054640.0,153.809
000858.SZ,2022-11-18,0.0,154.3,154.5,154.23,649.0,10009800.0,153.815
000858.SZ,2022-11-18,0.0,154.13,154.3,154.03,320.0,4936090.0,153.818
000858.SZ,2022-11-18,0.0,154.1,154.18,154.05,472.0,7271940.0,153.82
000858.SZ,2022-11-18,0.0,154.13,154.13,154.04,525.0,8088890.0,153.822
000858.SZ,2022-11-18,0.0,154.13,154.15,154.04,581.0,8953700.0,153.825
000858.SZ,2022-11-18,0.0,154.16,154.18,154.13,347.0,5349150.0,153.827
000858.SZ,2022-11-18,0.0,154.26,154.28,154.19,480.0,7403090.0,153.83
000858.SZ,2022-11-18,0.0,154.28,154.3,154.25,319.0,4921200.0,153.832
000858.SZ,2022-11-18,0.0,154.29,154.3,154.27,281.0,4335340.0,153.835
000858.SZ,2022-11-18,0.0,154.32,154.33,154.23,622.0,9597160.0,153.839
000858.SZ,2022-11-18,0.0,154.2,154.32,154.11,356.0,5492090.0,153.842
000858.SZ,2022-11-18,0.0,154.16,154.2,154.07,348.0,5364390.0,153.844
000858.SZ,2022-11-18,0.0,154.14,154.17,154.11,301.0,4633140.0,153.845
000858.SZ,2022-11-18,0.0,154.17,154.18,154.1,262.0,4038770.0,153.846
000858.SZ,2022-11-18,0.0,153.9,154.14,153.86,757.0,11665000.0,153.848
000858.SZ,2022-11-18,0.0,153.9,153.95,153.87,344.0,5294340.0,153.849
000858.SZ,2022-11-18,0.0,153.84,153.89,153.84,328.0,5047090.0,153.849
000858.SZ,2022-11-18,0.0,153.8,153.87,153.75,337.0,5183520.0,153.848
000858.SZ,2022-11-18,0.0,153.8,153.81,153.72,510.0,7842120.0,153.848
000858.SZ,2022-11-18,0.0,153.56,153.8,153.56,326.0,5009960.0,153.847
000858.SZ,2022-11-18,0.0,153.79,153.79,153.56,324.0,4978940.0,153.846
000858.SZ,2022-11-18,0.0,153.86,153.86,153.73,269.0,4137620.0,153.846
000858.SZ,2022-11-18,0.0,153.68,153.89,153.59,503.0,7733450.0,153.845
000858.SZ,2022-11-18,0.0,153.37,153.75,153.37,823.0,12637000.0,153.842
000858.SZ,2022-11-18,0.0,153.26,153.34,153.23,912.0,13977700.0,153.834
000858.SZ,2022-11-18,0.0,153.37,153.37,153.25,470.0,7203830.0,153.83
000858.SZ,2022-11-18,0.0,153.5,153.6,153.37,334.0,5128450.0,153.829
000858.SZ,2022-11-18,0.0,153.26,153.35,153.26,757.0,11605900.0,153.823
000858.SZ,2022-11-18,0.0,153.25,153.33,153.24,460.0,7049960.0,153.819
000858.SZ,2022-11-18,0.0,153.12,153.22,153.02,833.0,12752800.0,153.811
000858.SZ,2022-11-18,0.0,153.07,153.12,153.02,350.0,5357100.0,153.807
000858.SZ,2022-11-18,0.0,153.18,153.21,153.07,614.0,9403950.0,153.801
000858.SZ,2022-11-18,0.0,153.18,153.18,153.15,436.0,6678170.0,153.797
000858.SZ,2022-11-18,0.0,153.25,153.31,153.18,403.0,6174180.0,153.794
000858.SZ,2022-11-18,0.0,153.43,153.43,153.31,250.0,3840420.0,153.793
000858.SZ,2022-11-18,0.0,153.25,153.48,153.22,916.0,14042100.0,153.787
000858.SZ,2022-11-18,0.0,153.4,153.4,153.23,285.0,4370720.0,153.786
000858.SZ,2022-11-18,0.0,153.35,153.44,153.31,323.0,4953830.0,153.784
000858.SZ,2022-11-18,0.0,153.54,153.55,153.5,444.0,6815200.0,153.782
000858.SZ,2022-11-18,0.0,153.43,153.54,153.39,311.0,4772790.0,153.781
000858.SZ,2022-11-18,0.0,153.4,153.42,153.39,349.0,5353750.0,153.779
000858.SZ,2022-11-18,0.0,153.41,153.43,153.39,300.0,4602290.0,153.778
000858.SZ,2022-11-18,0.0,153.75,153.75,153.42,273.0,4193600.0,153.777
000858.SZ,2022-11-18,0.0,153.84,153.85,153.75,223.0,3429980.0,153.777
000858.SZ,2022-11-18,0.0,153.95,153.96,153.84,226.0,3472040.0,153.777
000858.SZ,2022-11-18,0.0,153.88,153.99,153.88,422.0,6496230.0,153.778
000858.SZ,2022-11-18,0.0,153.7,153.85,153.53,233.0,3579820.0,153.778
000858.SZ,2022-11-18,0.0,153.8,153.82,153.56,280.0,4305690.0,153.778
000858.SZ,2022-11-18,0.0,153.78,153.8,153.74,134.0,2064280.0,153.778
000858.SZ,2022-11-18,0.0,153.79,153.8,153.77,72.0,1107290.0,153.778
000858.SZ,2022-11-18,0.0,153.81,153.82,153.79,219.0,3368250.0,153.778
000858.SZ,2022-11-18,0.0,153.81,153.82,153.8,253.0,3891700.0,153.778
000858.SZ,2022-11-18,0.0,153.91,153.92,153.79,213.0,3276560.0,153.778
000858.SZ,2022-11-18,0.0,153.95,153.96,153.85,182.0,2801740.0,153.778
000858.SZ,2022-11-18,0.0,153.81,153.95,153.8,223.0,3432100.0,153.779
000858.SZ,2022-11-18,0.0,153.88,153.9,153.8,241.0,3707620.0,153.779
000858.SZ,2022-11-18,0.0,153.87,153.9,153.87,177.0,2723780.0,153.779
000858.SZ,2022-11-18,0.0,154.19,154.2,153.87,1135.0,17485000.0,153.782
000858.SZ,2022-11-18,0.0,154.19,154.28,154.17,488.0,7525500.0,153.785
000858.SZ,2022-11-18,0.0,154.07,154.17,153.92,182.0,2803990.0,153.786
000858.SZ,2022-11-18,0.0,154.07,154.1,154.03,262.0,4036800.0,153.787
000858.SZ,2022-11-18,0.0,154.05,154.1,154.05,165.0,2542220.0,153.787
000858.SZ,2022-11-18,0.0,153.99,154.04,153.99,172.0,2648900.0,153.788
000858.SZ,2022-11-18,0.0,154.0,154.02,153.95,358.0,5512800.0,153.789
000858.SZ,2022-11-18,0.0,153.96,154.01,153.89,252.0,3879540.0,153.789
000858.SZ,2022-11-18,0.0,154.32,154.35,153.97,1170.0,18031000.0,153.794
000858.SZ,2022-11-18,0.0,154.65,154.66,154.27,3085.0,47668700.0,153.819
000858.SZ,2022-11-18,0.0,154.42,154.65,154.42,560.0,8652230.0,153.823
000858.SZ,2022-11-18,0.0,154.3,154.42,154.3,273.0,4213200.0,153.825
000858.SZ,2022-11-18,0.0,154.04,154.3,153.97,374.0,5762260.0,153.826
000858.SZ,2022-11-18,0.0,153.98,154.19,153.98,478.0,7369100.0,153.828
000858.SZ,2022-11-18,0.0,154.04,154.09,153.98,217.0,3342170.0,153.828
000858.SZ,2022-11-18,0.0,154.0,154.09,153.98,253.0,3896450.0,153.829
000858.SZ,2022-11-18,0.0,153.9,154.01,153.9,217.0,3340870.0,153.829
000858.SZ,2022-11-18,0.0,153.88,153.91,153.86,290.0,4462810.0,153.829
000858.SZ,2022-11-18,0.0,153.86,153.88,153.86,139.0,2138810.0,153.829
000858.SZ,2022-11-18,0.0,153.89,153.89,153.86,120.0,1846400.0,153.83
000858.SZ,2022-11-18,0.0,154.0,154.07,153.89,367.0,5651230.0,153.83
000858.SZ,2022-11-18,0.0,153.98,154.05,153.98,261.0,4019950.0,153.831
000858.SZ,2022-11-18,0.0,154.23,154.23,154.0,373.0,5747420.0,153.832
000858.SZ,2022-11-18,0.0,154.56,154.56,154.22,1020.0,15752800.0,153.839
000858.SZ,2022-11-18,0.0,154.81,154.9,154.55,2478.0,38334500.0,153.862
000858.SZ,2022-11-18,0.0,155.1,155.3,154.87,6042.0,93680600.0,153.933
000858.SZ,2022-11-18,0.0,154.72,155.1,154.72,718.0,11123600.0,153.941
000858.SZ,2022-11-18,0.0,155.05,155.07,154.72,1582.0,24505200.0,153.955
000858.SZ,2022-11-18,0.0,155.0,155.1,155.0,1304.0,20217400.0,153.969
000858.SZ,2022-11-18,0.0,155.09,155.11,155.03,1403.0,21760000.0,153.984
000858.SZ,2022-11-18,0.0,154.86,155.11,154.86,1235.0,19145300.0,153.997
000858.SZ,2022-11-18,0.0,154.75,154.87,154.75,820.0,12696300.0,154.003
000858.SZ,2022-11-18,0.0,154.72,154.82,154.72,529.0,8187700.0,154.007
000858.SZ,2022-11-18,0.0,154.81,154.81,154.6,614.0,9497170.0,154.011
000858.SZ,2022-11-18,0.0,155.0,155.0,154.8,800.0,12398000.0,154.018
000858.SZ,2022-11-18,0.0,154.72,154.99,154.6,945.0,14628500.0,154.025
000858.SZ,2022-11-18,0.0,154.98,154.98,154.71,441.0,6829060.0,154.028
000858.SZ,2022-11-18,0.0,154.95,154.99,154.94,661.0,10243400.0,154.033
000858.SZ,2022-11-18,0.0,154.8,154.93,154.72,428.0,6626170.0,154.037
000858.SZ,2022-11-18,0.0,154.92,154.94,154.77,443.0,6860180.0,154.04
000858.SZ,2022-11-18,0.0,154.81,154.93,154.81,543.0,8409000.0,154.044
000858.SZ,2022-11-18,0.0,154.71,154.81,154.71,498.0,7706720.0,154.047
000858.SZ,2022-11-18,0.0,154.63,154.71,154.63,488.0,7549070.0,154.05
000858.SZ,2022-11-18,0.0,154.57,154.65,154.57,249.0,3849940.0,154.051
000858.SZ,2022-11-18,0.0,154.41,154.57,154.38,292.0,4510800.0,154.052
000858.SZ,2022-11-18,0.0,154.5,154.5,154.41,340.0,5252290.0,154.053
000858.SZ,2022-11-18,0.0,154.5,154.51,154.49,461.0,7122320.0,154.055
000858.SZ,2022-11-18,0.0,154.4,154.59,154.4,449.0,6937600.0,154.057
000858.SZ,2022-11-18,0.0,154.37,154.4,154.37,248.0,3828820.0,154.058
000858.SZ,2022-11-18,0.0,154.23,154.36,154.2,584.0,9009650.0,154.059
000858.SZ,2022-11-18,0.0,154.16,154.32,154.16,360.0,5553350.0,154.059
000858.SZ,2022-11-18,0.0,154.36,154.36,154.28,256.0,3950290.0,154.06
000858.SZ,2022-11-18,0.0,154.4,154.4,154.35,206.0,3179880.0,154.06
000858.SZ,2022-11-18,0.0,154.25,154.4,154.21,326.0,5030710.0,154.061
000858.SZ,2022-11-18,0.0,154.2,154.25,154.2,296.0,4565120.0,154.062
000858.SZ,2022-11-18,0.0,154.18,154.2,154.1,319.0,4917610.0,154.062
000858.SZ,2022-11-18,0.0,154.28,154.28,154.18,191.0,2945370.0,154.062
000858.SZ,2022-11-18,0.0,154.5,154.57,154.3,400.0,6178180.0,154.063
000858.SZ,2022-11-18,0.0,154.35,154.5,154.33,201.0,3103120.0,154.064
000858.SZ,2022-11-18,0.0,154.3,154.34,154.3,201.0,3102040.0,154.064
000858.SZ,2022-11-18,0.0,154.33,154.35,154.3,233.0,3595800.0,154.065
000858.SZ,2022-11-18,0.0,154.39,154.44,154.33,396.0,6112380.0,154.066
000858.SZ,2022-11-18,0.0,154.46,154.47,154.4,175.0,2702860.0,154.066
000858.SZ,2022-11-18,0.0,154.5,154.5,154.46,266.0,4109180.0,154.067
000858.SZ,2022-11-18,0.0,154.51,154.59,154.5,317.0,4900790.0,154.069
000858.SZ,2022-11-18,0.0,154.43,154.48,154.3,304.0,4692810.0,154.07
000858.SZ,2022-11-18,0.0,154.24,154.47,154.2,451.0,6958760.0,154.07
000858.SZ,2022-11-18,0.0,154.27,154.28,154.24,145.0,2236720.0,154.071
000858.SZ,2022-11-18,0.0,154.29,154.3,154.27,194.0,2993270.0,154.071
000858.SZ,2022-11-18,0.0,154.35,154.39,154.29,157.0,2423180.0,154.071
000858.SZ,2022-11-18,0.0,154.27,154.4,154.24,307.0,4735960.0,154.072
000858.SZ,2022-11-18,0.0,154.22,154.28,154.22,201.0,3100300.0,154.072
000858.SZ,2022-11-18,0.0,154.15,154.21,154.14,264.0,4070010.0,154.072
000858.SZ,2022-11-18,0.0,154.14,154.15,154.11,228.0,3514090.0,154.072
000858.SZ,2022-11-18,0.0,154.07,154.14,154.07,330.0,5085530.0,154.073
000858.SZ,2022-11-18,0.0,153.88,154.07,153.88,907.0,13966900.0,154.072
000858.SZ,2022-11-18,0.0,153.78,153.85,153.76,498.0,7658810.0,154.071
000858.SZ,2022-11-18,0.0,154.0,154.0,153.78,214.0,3293280.0,154.07
000858.SZ,2022-11-18,0.0,153.95,154.0,153.95,265.0,4080530.0,154.07
000858.SZ,2022-11-18,0.0,153.92,153.95,153.9,160.0,2462780.0,154.07
000858.SZ,2022-11-18,0.0,153.85,153.93,153.8,412.0,6339530.0,154.069
000858.SZ,2022-11-18,0.0,153.98,153.98,153.83,190.0,2924890.0,154.069
000858.SZ,2022-11-18,0.0,154.0,154.0,153.98,299.0,4604280.0,154.069
000858.SZ,2022-11-18,0.0,153.8,154.0,153.8,530.0,8159200.0,154.069
000858.SZ,2022-11-18,0.0,153.94,153.94,153.79,451.0,6938170.0,154.068
000858.SZ,2022-11-18,0.0,153.82,153.89,153.76,438.0,6735880.0,154.067
000858.SZ,2022-11-18,0.0,153.79,153.85,153.78,219.0,3368330.0,154.066
000858.SZ,2022-11-18,0.0,153.7,153.8,153.7,394.0,6058160.0,154.065
000858.SZ,2022-11-18,0.0,153.79,153.8,153.73,186.0,2859860.0,154.065
000858.SZ,2022-11-18,0.0,153.82,153.82,153.77,356.0,5475120.0,154.064
000858.SZ,2022-11-18,0.0,153.99,153.99,153.82,221.0,3400580.0,154.064
000858.SZ,2022-11-18,0.0,153.99,153.99,153.96,317.0,4880900.0,154.064
000858.SZ,2022-11-18,0.0,153.99,154.0,153.98,191.0,2941300.0,154.063
000858.SZ,2022-11-18,0.0,153.89,153.98,153.89,208.0,3202020.0,154.063
000858.SZ,2022-11-18,0.0,153.99,154.0,153.89,331.0,5095610.0,154.063
000858.SZ,2022-11-18,0.0,153.98,154.0,153.95,103.0,1585950.0,154.063
000858.SZ,2022-11-18,0.0,153.9,153.99,153.82,235.0,3623240.0,154.063
000858.SZ,2022-11-18,0.0,153.79,153.9,153.79,291.0,4469780.0,154.062
000858.SZ,2022-11-18,0.0,153.55,153.77,153.51,890.0,13671500.0,154.059
000858.SZ,2022-11-18,0.0,153.58,153.61,153.51,444.0,6817310.0,154.057
000858.SZ,2022-11-18,0.0,153.73,153.73,153.6,214.0,3288780.0,154.057
000858.SZ,2022-11-18,0.0,153.67,153.74,153.67,246.0,3781340.0,154.056
000858.SZ,2022-11-18,0.0,153.59,153.65,153.58,456.0,7004160.0,154.055
000858.SZ,2022-11-18,0.0,153.71,153.71,153.58,360.0,5531610.0,154.053
000858.SZ,2022-11-18,0.0,153.65,153.73,153.65,413.0,6346520.0,154.052
000858.SZ,2022-11-18,0.0,153.59,153.67,153.58,366.0,5621940.0,154.051
000858.SZ,2022-11-18,0.0,153.65,153.65,153.59,277.0,4254830.0,154.05
000858.SZ,2022-11-18,0.0,153.63,153.63,153.6,292.0,4485460.0,154.049
000858.SZ,2022-11-18,0.0,153.7,153.7,153.6,442.0,6790840.0,154.048
000858.SZ,2022-11-18,0.0,153.68,153.73,153.68,537.0,8253450.0,154.046
000858.SZ,2022-11-18,0.0,153.61,153.69,153.61,371.0,5700380.0,154.045
000858.SZ,2022-11-18,0.0,153.6,153.63,153.6,606.0,9308450.0,154.043
000858.SZ,2022-11-18,0.0,153.56,153.6,153.56,620.0,9521470.0,154.041
000858.SZ,2022-11-18,0.0,153.55,153.58,153.52,389.0,5972790.0,154.04
000858.SZ,2022-11-18,0.0,153.53,153.56,153.53,297.0,4560490.0,154.039
000858.SZ,2022-11-18,0.0,153.57,153.59,153.54,568.0,8728550.0,154.037
000858.SZ,2022-11-18,0.0,153.54,153.57,153.53,607.0,9320160.0,154.035
000858.SZ,2022-11-18,0.0,153.53,153.56,153.52,540.0,8291010.0,154.033
000858.SZ,2022-11-18,0.0,153.55,153.55,153.51,802.0,12312800.0,154.03
000858.SZ,2022-11-18,0.0,153.59,153.59,153.55,523.0,8032020.0,154.028
000858.SZ,2022-11-18,0.0,153.63,153.65,153.59,713.0,10952400.0,154.026
000858.SZ,2022-11-18,0.0,153.61,153.65,153.61,849.0,13041900.0,154.023
000858.SZ,2022-11-18,0.0,153.62,153.63,153.57,751.0,11536000.0,154.021
000858.SZ,2022-11-18,0.0,153.6,153.63,153.6,786.0,12073800.0,154.019
000858.SZ,2022-11-18,0.0,153.58,153.63,153.58,866.0,13296300.0,154.017
000858.SZ,2022-11-18,0.0,153.6,153.6,153.6,44.0,675808.0,154.016
000858.SZ,2022-11-18,0.0,153.6,153.6,153.6,0.0,0.0,154.016
000858.SZ,2022-11-18,0.0,153.61,153.61,153.61,2080.0,31953000.0,154.011
000858.SZ,2022-11-21,0.0,150.5,150.5,150.5,2882.0,43374100.0,150.5
000858.SZ,2022-11-21,0.0,148.88,150.97,148.75,9668.0,144866000.0,149.992
000858.SZ,2022-11-21,0.0,148.63,149.0,148.02,7512.0,111610000.0,149.462
000858.SZ,2022-11-21,0.0,148.8,149.0,148.0,6183.0,91714600.0,149.196
000858.SZ,2022-11-21,0.0,149.11,149.18,148.51,3734.0,55571400.0,149.15
000858.SZ,2022-11-21,0.0,150.0,150.0,149.13,2489.0,37157900.0,149.16
000858.SZ,2022-11-21,0.0,149.66,150.32,149.5,2884.0,43222900.0,149.218
000858.SZ,2022-11-21,0.0,149.96,149.99,149.67,2435.0,36499100.0,149.261
000858.SZ,2022-11-21,0.0,149.63,149.97,149.63,1703.0,25505400.0,149.283
000858.SZ,2022-11-21,0.0,149.45,149.6,149.45,1347.0,20140300.0,149.291
000858.SZ,2022-11-21,0.0,149.92,149.92,149.26,2439.0,36464200.0,149.304
000858.SZ,2022-11-21,0.0,149.8,149.95,149.7,1523.0,22820600.0,149.322
000858.SZ,2022-11-21,0.0,149.96,149.97,149.8,1193.0,17884300.0,149.337
000858.SZ,2022-11-21,0.0,150.38,150.38,149.96,1578.0,23699000.0,149.365
000858.SZ,2022-11-21,0.0,150.46,150.49,150.33,1524.0,22924500.0,149.398
000858.SZ,2022-11-21,0.0,150.25,150.46,150.23,991.0,14895600.0,149.416
000858.SZ,2022-11-21,0.0,150.03,150.26,150.0,1668.0,25038100.0,149.439
000858.SZ,2022-11-21,0.0,150.36,150.4,150.03,1218.0,18295400.0,149.456
000858.SZ,2022-11-21,0.0,150.05,150.42,150.05,1737.0,26110800.0,149.484
000858.SZ,2022-11-21,0.0,150.04,150.25,149.8,1598.0,23970700.0,149.499
000858.SZ,2022-11-21,0.0,150.09,150.11,150.02,1151.0,17274100.0,149.51
000858.SZ,2022-11-21,0.0,149.79,150.11,149.79,1689.0,25330200.0,149.523
000858.SZ,2022-11-21,0.0,149.56,149.86,149.5,2317.0,34654700.0,149.525
000858.SZ,2022-11-21,0.0,150.01,150.01,149.32,2528.0,37835000.0,149.531
000858.SZ,2022-11-21,0.0,150.06,150.1,150.0,915.0,13728100.0,149.538
000858.SZ,2022-11-21,0.0,150.02,150.14,150.02,727.0,10906300.0,149.544
000858.SZ,2022-11-21,0.0,149.53,150.03,149.53,384.0,5752220.0,149.545
000858.SZ,2022-11-21,0.0,149.49,149.55,149.48,962.0,14382700.0,149.545
000858.SZ,2022-11-21,0.0,149.18,149.45,149.18,780.0,11647500.0,149.542
000858.SZ,2022-11-21,0.0,149.0,149.18,149.0,1872.0,27903800.0,149.529
000858.SZ,2022-11-21,0.0,148.82,149.0,148.82,2100.0,31267600.0,149.511
000858.SZ,2022-11-21,0.0,148.9,149.1,148.82,2364.0,35214800.0,149.492
000858.SZ,2022-11-21,0.0,148.43,148.95,148.43,3849.0,57224500.0,149.452
000858.SZ,2022-11-21,0.0,148.5,148.67,148.37,1804.0,26779600.0,149.429
000858.SZ,2022-11-21,0.0,148.69,148.69,148.5,1866.0,27722400.0,149.41
000858.SZ,2022-11-21,0.0,148.67,148.67,148.6,1080.0,16052900.0,149.399
000858.SZ,2022-11-21,0.0,148.58,148.9,148.5,1643.0,24409200.0,149.383
000858.SZ,2022-11-21,0.0,148.7,149.0,148.65,870.0,12944300.0,149.377
000858.SZ,2022-11-21,0.0,149.04,149.04,148.73,916.0,13637800.0,149.372
000858.SZ,2022-11-21,0.0,149.1,149.1,148.86,890.0,13256500.0,149.368
000858.SZ,2022-11-21,0.0,149.13,149.22,149.09,615.0,9181620.0,149.366
000858.SZ,2022-11-21,0.0,149.22,149.22,149.09,779.0,11613500.0,149.364
000858.SZ,2022-11-21,0.0,149.35,149.35,149.21,854.0,12743300.0,149.363
000858.SZ,2022-11-21,0.0,149.3,149.49,149.23,665.0,9935450.0,149.363
000858.SZ,2022-11-21,0.0,149.46,149.5,149.4,606.0,9057960.0,149.364
000858.SZ,2022-11-21,0.0,149.32,149.47,149.19,623.0,9306950.0,149.364
000858.SZ,2022-11-21,0.0,149.75,149.91,149.3,1088.0,16274300.0,149.367
000858.SZ,2022-11-21,0.0,149.76,149.84,149.73,569.0,8521680.0,149.369
000858.SZ,2022-11-21,0.0,149.39,149.76,149.21,690.0,10318000.0,149.371
000858.SZ,2022-11-21,0.0,149.17,149.4,149.17,597.0,8911150.0,149.37
000858.SZ,2022-11-21,0.0,149.17,149.19,149.16,622.0,9278440.0,149.369
000858.SZ,2022-11-21,0.0,149.21,149.21,149.17,671.0,10010400.0,149.367
000858.SZ,2022-11-21,0.0,149.31,149.32,149.21,399.0,5955510.0,149.367
000858.SZ,2022-11-21,0.0,149.4,149.41,149.31,759.0,11336200.0,149.367
000858.SZ,2022-11-21,0.0,149.25,149.4,149.24,699.0,10434900.0,149.366
000858.SZ,2022-11-21,0.0,149.33,149.4,149.26,377.0,5629510.0,149.366
000858.SZ,2022-11-21,0.0,149.3,149.34,149.3,467.0,6972720.0,149.366
000858.SZ,2022-11-21,0.0,149.32,149.33,149.3,501.0,7480600.0,149.365
000858.SZ,2022-11-21,0.0,149.47,149.5,149.29,632.0,9438610.0,149.365
000858.SZ,2022-11-21,0.0,149.75,149.76,149.46,2296.0,34395400.0,149.375
000858.SZ,2022-11-21,0.0,149.6,149.72,149.6,381.0,5703320.0,149.376
000858.SZ,2022-11-21,0.0,149.4,149.58,149.36,502.0,7503380.0,149.377
000858.SZ,2022-11-21,0.0,149.57,149.64,149.45,532.0,7953120.0,149.378
000858.SZ,2022-11-21,0.0,149.59,149.62,149.51,361.0,5399760.0,149.378
000858.SZ,2022-11-21,0.0,149.41,149.55,149.39,493.0,7368310.0,149.379
000858.SZ,2022-11-21,0.0,149.46,149.46,149.4,474.0,7083090.0,149.379
000858.SZ,2022-11-21,0.0,149.2,149.46,149.2,970.0,14482600.0,149.378
000858.SZ,2022-11-21,0.0,149.11,149.21,149.11,463.0,6906470.0,149.377
000858.SZ,2022-11-21,0.0,149.05,149.12,149.05,763.0,11376100.0,149.375
000858.SZ,2022-11-21,0.0,149.11,149.11,149.04,328.0,4889670.0,149.374
000858.SZ,2022-11-21,0.0,149.11,149.13,149.11,407.0,6067070.0,149.373
000858.SZ,2022-11-21,0.0,149.1,149.11,149.06,522.0,7784170.0,149.372
000858.SZ,2022-11-21,0.0,148.91,149.11,148.89,1713.0,25523800.0,149.366
000858.SZ,2022-11-21,0.0,148.91,148.92,148.9,364.0,5420200.0,149.365
000858.SZ,2022-11-21,0.0,148.95,148.98,148.9,675.0,10050500.0,149.362
000858.SZ,2022-11-21,0.0,148.71,148.96,148.7,1140.0,16968400.0,149.356
000858.SZ,2022-11-21,0.0,148.61,148.7,148.59,905.0,13452000.0,149.351
000858.SZ,2022-11-21,0.0,148.63,148.63,148.57,656.0,9748640.0,149.346
000858.SZ,2022-11-21,0.0,148.82,148.82,148.61,573.0,8519660.0,149.343
000858.SZ,2022-11-21,0.0,148.76,148.82,148.72,467.0,6946630.0,149.341
000858.SZ,2022-11-21,0.0,148.6,148.74,148.6,1223.0,18179500.0,149.333
000858.SZ,2022-11-21,0.0,148.66,148.68,148.6,733.0,10894800.0,149.329
000858.SZ,2022-11-21,0.0,148.71,148.71,148.65,684.0,10168800.0,149.325
000858.SZ,2022-11-21,0.0,148.73,148.74,148.7,500.0,7435770.0,149.322
000858.SZ,2022-11-21,0.0,148.7,148.75,148.7,693.0,10305700.0,149.319
000858.SZ,2022-11-21,0.0,148.63,148.71,148.6,711.0,10569600.0,149.315
000858.SZ,2022-11-21,0.0,148.63,148.63,148.6,684.0,10164800.0,149.311
000858.SZ,2022-11-21,0.0,148.62,148.63,148.61,360.0,5350100.0,149.309
000858.SZ,2022-11-21,0.0,148.88,148.88,148.6,720.0,10704000.0,149.305
000858.SZ,2022-11-21,0.0,148.86,148.88,148.81,386.0,5745460.0,149.303
000858.SZ,2022-11-21,0.0,148.63,148.84,148.63,427.0,6349400.0,149.301
000858.SZ,2022-11-21,0.0,148.62,148.72,148.61,974.0,14478200.0,149.296
000858.SZ,2022-11-21,0.0,148.75,148.85,148.62,409.0,6074770.0,149.294
000858.SZ,2022-11-21,0.0,148.7,148.82,148.7,290.0,4313240.0,149.293
000858.SZ,2022-11-21,0.0,148.61,148.7,148.6,665.0,9884160.0,149.289
000858.SZ,2022-11-21,0.0,148.57,148.63,148.56,602.0,8945020.0,149.286
000858.SZ,2022-11-21,0.0,148.57,148.59,148.56,360.0,5348670.0,149.284
000858.SZ,2022-11-21,0.0,148.57,148.58,148.56,410.0,6096970.0,149.281
000858.SZ,2022-11-21,0.0,148.47,148.59,148.46,1771.0,26293100.0,149.271
000858.SZ,2022-11-21,0.0,148.64,148.65,148.46,637.0,9468280.0,149.267
000858.SZ,2022-11-21,0.0,148.65,148.65,148.61,367.0,5454760.0,149.265
000858.SZ,2022-11-21,0.0,148.63,148.65,148.6,410.0,6093450.0,149.263
000858.SZ,2022-11-21,0.0,148.8,148.92,148.62,512.0,7616890.0,149.261
000858.SZ,2022-11-21,0.0,148.73,148.82,148.7,369.0,5488400.0,149.26
000858.SZ,2022-11-21,0.0,148.75,148.75,148.7,354.0,5264880.0,149.258
000858.SZ,2022-11-21,0.0,148.68,148.76,148.67,462.0,6871110.0,149.256
000858.SZ,2022-11-21,0.0,148.61,148.67,148.6,335.0,4978830.0,149.255
000858.SZ,2022-11-21,0.0,148.53,148.58,148.5,656.0,9744000.0,149.251
000858.SZ,2022-11-21,0.0,148.53,148.53,148.52,332.0,4930940.0,149.249
000858.SZ,2022-11-21,0.0,148.58,148.58,148.51,524.0,7783410.0,149.246
000858.SZ,2022-11-21,0.0,148.55,148.58,148.54,354.0,5258980.0,149.244
000858.SZ,2022-11-21,0.0,148.91,148.91,148.55,682.0,10143300.0,149.242
000858.SZ,2022-11-21,0.0,148.98,148.98,148.92,387.0,5767450.0,149.241
000858.SZ,2022-11-21,0.0,148.97,149.0,148.9,308.0,4587900.0,149.24
000858.SZ,2022-11-21,0.0,148.84,148.97,148.75,571.0,8501980.0,149.239
000858.SZ,2022-11-21,0.0,148.82,148.85,148.81,264.0,3929260.0,149.238
000858.SZ,2022-11-21,0.0,148.78,148.85,148.78,243.0,3615980.0,149.237
000858.SZ,2022-11-21,0.0,148.71,148.76,148.68,296.0,4401960.0,149.236
000858.SZ,2022-11-21,0.0,148.72,148.73,148.7,230.0,3420470.0,149.235
000858.SZ,2022-11-21,0.0,148.63,148.74,148.62,571.0,8490800.0,149.233
000858.SZ,2022-11-21,0.0,148.67,148.7,148.62,257.0,3820270.0,149.232
000858.SZ,2022-11-21,0.0,148.97,149.06,148.66,1038.0,15442900.0,149.228
000858.SZ,2022-11-21,0.0,149.02,149.04,148.9,379.0,5648470.0,149.228
000858.SZ,2022-11-21,0.0,149.12,149.16,148.9,258.0,3842790.0,149.227
000858.SZ,2022-11-21,0.0,148.78,149.09,148.78,369.0,5495860.0,149.227
000858.SZ,2022-11-21,0.0,148.8,148.8,148.69,414.0,6157560.0,149.225
000858.SZ,2022-11-21,0.0,148.9,148.9,148.73,274.0,4077940.0,149.224
000858.SZ,2022-11-21,0.0,148.89,149.03,148.88,325.0,4840390.0,149.224
000858.SZ,2022-11-21,0.0,148.84,148.95,148.84,361.0,5374710.0,149.223
000858.SZ,2022-11-21,0.0,148.69,148.84,148.69,435.0,6471060.0,149.221
000858.SZ,2022-11-21,0.0,148.68,148.76,148.68,302.0,4490640.0,149.22
000858.SZ,2022-11-21,0.0,148.67,148.74,148.66,613.0,9113990.0,149.218
000858.SZ,2022-11-21,0.0,148.6,148.75,148.6,583.0,8666510.0,149.216
000858.SZ,2022-11-21,0.0,148.46,148.65,148.45,2558.0,37974100.0,149.202
000858.SZ,2022-11-21,0.0,148.48,148.5,148.45,472.0,7008350.0,149.2
000858.SZ,2022-11-21,0.0,148.34,148.49,148.28,699.0,10375200.0,149.196
000858.SZ,2022-11-21,0.0,148.78,148.78,148.3,547.0,8118010.0,149.193
000858.SZ,2022-11-21,0.0,148.98,149.22,148.79,819.0,12201400.0,149.192
000858.SZ,2022-11-21,0.0,148.92,149.0,148.91,364.0,5422120.0,149.191
000858.SZ,2022-11-21,0.0,148.9,148.9,148.83,253.0,3766570.0,149.191
000858.SZ,2022-11-21,0.0,148.89,148.9,148.8,331.0,4927240.0,149.19
000858.SZ,2022-11-21,0.0,149.0,149.18,148.9,741.0,11042600.0,149.189
000858.SZ,2022-11-21,0.0,149.08,149.11,148.94,372.0,5544460.0,149.189
000858.SZ,2022-11-21,0.0,149.03,149.1,148.95,269.0,4008810.0,149.188
000858.SZ,2022-11-21,0.0,148.88,148.96,148.88,439.0,6537990.0,149.188
000858.SZ,2022-11-21,0.0,148.7,148.88,148.63,587.0,8732430.0,149.186
000858.SZ,2022-11-21,0.0,149.0,149.0,148.68,1192.0,17751300.0,149.184
000858.SZ,2022-11-21,0.0,148.99,149.09,148.93,728.0,10848900.0,149.183
000858.SZ,2022-11-21,0.0,148.87,148.93,148.77,425.0,6326040.0,149.182
000858.SZ,2022-11-21,0.0,148.84,148.9,148.75,1003.0,14930700.0,149.18
000858.SZ,2022-11-21,0.0,148.93,148.98,148.84,360.0,5361020.0,149.179
000858.SZ,2022-11-21,0.0,148.72,148.93,148.65,654.0,9732640.0,149.178
000858.SZ,2022-11-21,0.0,148.89,149.0,148.65,1026.0,15275600.0,149.176
000858.SZ,2022-11-21,0.0,148.75,148.81,148.65,428.0,6366070.0,149.175
000858.SZ,2022-11-21,0.0,148.63,148.75,148.62,467.0,6942910.0,149.173
000858.SZ,2022-11-21,0.0,148.65,148.7,148.62,241.0,3582520.0,149.172
000858.SZ,2022-11-21,0.0,148.56,148.69,148.51,854.0,12691600.0,149.169
000858.SZ,2022-11-21,0.0,148.6,148.6,148.52,209.0,3098010.0,149.169
000858.SZ,2022-11-21,0.0,148.67,148.68,148.6,203.0,3017250.0,149.168
000858.SZ,2022-11-21,0.0,148.65,148.65,148.62,277.0,4117110.0,149.167
000858.SZ,2022-11-21,0.0,148.88,148.88,148.66,625.0,9297790.0,149.165
000858.SZ,2022-11-21,0.0,148.8,148.89,148.8,556.0,8276210.0,149.164
000858.SZ,2022-11-21,0.0,149.04,149.18,148.76,923.0,13747800.0,149.163
000858.SZ,2022-11-21,0.0,149.1,149.17,149.03,1106.0,16511300.0,149.164
000858.SZ,2022-11-21,0.0,149.04,149.24,149.0,499.0,7437490.0,149.164
000858.SZ,2022-11-21,0.0,149.01,149.14,148.99,484.0,7213490.0,149.163
000858.SZ,2022-11-21,0.0,148.89,149.0,148.88,291.0,4335420.0,149.163
000858.SZ,2022-11-21,0.0,148.82,148.89,148.81,239.0,3557510.0,149.162
000858.SZ,2022-11-21,0.0,148.78,148.82,148.77,370.0,5505160.0,149.162
000858.SZ,2022-11-21,0.0,148.78,148.79,148.77,383.0,5698160.0,149.161
000858.SZ,2022-11-21,0.0,148.85,148.91,148.77,393.0,5848250.0,149.16
000858.SZ,2022-11-21,0.0,149.0,149.05,148.85,629.0,9367810.0,149.159
000858.SZ,2022-11-21,0.0,149.35,149.35,148.98,657.0,9804180.0,149.159
000858.SZ,2022-11-21,0.0,149.29,149.38,149.2,475.0,7091020.0,149.159
000858.SZ,2022-11-21,0.0,149.02,149.28,149.02,523.0,7802050.0,149.159
000858.SZ,2022-11-21,0.0,148.98,149.12,148.91,459.0,6838750.0,149.159
000858.SZ,2022-11-21,0.0,148.98,149.01,148.94,570.0,8491630.0,149.158
000858.SZ,2022-11-21,0.0,148.92,148.99,148.92,673.0,10027400.0,149.157
000858.SZ,2022-11-21,0.0,148.93,149.01,148.91,600.0,8938950.0,149.157
000858.SZ,2022-11-21,0.0,149.03,149.09,148.94,1287.0,19177700.0,149.156
000858.SZ,2022-11-21,0.0,149.29,149.3,148.99,1206.0,17985000.0,149.156
000858.SZ,2022-11-21,0.0,149.13,149.29,149.1,628.0,9369790.0,149.156
000858.SZ,2022-11-21,0.0,149.09,149.2,149.09,600.0,8949040.0,149.156
000858.SZ,2022-11-21,0.0,149.14,149.17,149.07,582.0,8678420.0,149.156
000858.SZ,2022-11-21,0.0,149.13,149.2,149.12,694.0,10351900.0,149.156
000858.SZ,2022-11-21,0.0,149.01,149.13,149.01,288.0,4293610.0,149.156
000858.SZ,2022-11-21,0.0,148.89,149.01,148.89,805.0,11989100.0,149.155
000858.SZ,2022-11-21,0.0,148.82,148.88,148.79,948.0,14108700.0,149.153
000858.SZ,2022-11-21,0.0,148.81,148.84,148.8,311.0,4628210.0,149.152
000858.SZ,2022-11-21,0.0,148.81,148.83,148.8,479.0,7127940.0,149.152
000858.SZ,2022-11-21,0.0,148.79,148.8,148.78,703.0,10460400.0,149.15
000858.SZ,2022-11-21,0.0,148.77,148.79,148.77,495.0,7364780.0,149.149
000858.SZ,2022-11-21,0.0,149.09,149.09,148.78,1286.0,19145600.0,149.147
000858.SZ,2022-11-21,0.0,149.06,149.12,149.0,994.0,14812000.0,149.146
000858.SZ,2022-11-21,0.0,148.97,149.0,148.97,567.0,8447960.0,149.146
000858.SZ,2022-11-21,0.0,148.9,148.98,148.9,308.0,4587680.0,149.145
000858.SZ,2022-11-21,0.0,148.81,148.91,148.81,410.0,6103640.0,149.145
000858.SZ,2022-11-21,0.0,148.83,148.84,148.8,459.0,6830960.0,149.144
000858.SZ,2022-11-21,0.0,148.81,148.83,148.8,879.0,13080800.0,149.142
000858.SZ,2022-11-21,0.0,148.71,148.81,148.7,731.0,10873900.0,149.141
000858.SZ,2022-11-21,0.0,148.65,148.72,148.65,721.0,10719200.0,149.139
000858.SZ,2022-11-21,0.0,148.7,148.7,148.62,998.0,14835300.0,149.136
000858.SZ,2022-11-21,0.0,148.73,148.73,148.71,625.0,9294360.0,149.135
000858.SZ,2022-11-21,0.0,148.69,148.76,148.69,487.0,7242540.0,149.134
000858.SZ,2022-11-21,0.0,148.7,148.71,148.68,512.0,7613290.0,149.133
000858.SZ,2022-11-21,0.0,148.58,148.68,148.58,1663.0,24713600.0,149.128
000858.SZ,2022-11-21,0.0,148.52,148.58,148.52,806.0,11973200.0,149.126
000858.SZ,2022-11-21,0.0,148.41,148.55,148.41,2592.0,38482300.0,149.117
000858.SZ,2022-11-21,0.0,148.36,148.5,148.34,1740.0,25825000.0,149.11
000858.SZ,2022-11-21,0.0,148.4,148.4,148.36,708.0,10507400.0,149.108
000858.SZ,2022-11-21,0.0,148.38,148.41,148.37,712.0,10569000.0,149.105
000858.SZ,2022-11-21,0.0,148.42,148.42,148.38,613.0,9096970.0,149.103
000858.SZ,2022-11-21,0.0,148.63,148.63,148.43,475.0,7057960.0,149.102
000858.SZ,2022-11-21,0.0,148.8,148.8,148.63,593.0,8816190.0,149.1
000858.SZ,2022-11-21,0.0,148.66,148.77,148.66,855.0,12717300.0,149.099
000858.SZ,2022-11-21,0.0,148.53,148.66,148.51,635.0,9437990.0,149.097
000858.SZ,2022-11-21,0.0,148.5,148.53,148.5,524.0,7781910.0,149.096
000858.SZ,2022-11-21,0.0,148.47,148.52,148.45,1334.0,19806400.0,149.091
000858.SZ,2022-11-21,0.0,148.4,148.47,148.37,994.0,14750700.0,149.088
000858.SZ,2022-11-21,0.0,148.49,148.5,148.37,1304.0,19352700.0,149.084
000858.SZ,2022-11-21,0.0,148.46,148.5,148.41,825.0,12247700.0,149.081
000858.SZ,2022-11-21,0.0,148.41,148.46,148.38,680.0,10091700.0,149.079
000858.SZ,2022-11-21,0.0,148.62,148.65,148.41,863.0,12816600.0,149.076
000858.SZ,2022-11-21,0.0,148.61,148.65,148.58,737.0,10952600.0,149.075
000858.SZ,2022-11-21,0.0,148.56,148.62,148.56,467.0,6939410.0,149.074
000858.SZ,2022-11-21,0.0,148.59,148.59,148.55,636.0,9449120.0,149.072
000858.SZ,2022-11-21,0.0,148.71,148.82,148.58,592.0,8801790.0,149.071
000858.SZ,2022-11-21,0.0,148.72,148.77,148.71,505.0,7511550.0,149.07
000858.SZ,2022-11-21,0.0,148.75,148.76,148.66,2092.0,31085600.0,149.066
000858.SZ,2022-11-21,0.0,148.65,148.75,148.57,820.0,12184500.0,149.064
000858.SZ,2022-11-21,0.0,148.82,148.82,148.64,974.0,14492100.0,149.062
000858.SZ,2022-11-21,0.0,148.9,148.98,148.8,555.0,8263980.0,149.062
000858.SZ,2022-11-21,0.0,148.85,149.0,148.83,801.0,11930400.0,149.062
000858.SZ,2022-11-21,0.0,148.76,148.9,148.76,892.0,13274700.0,149.061
000858.SZ,2022-11-21,0.0,148.89,148.89,148.79,721.0,10731500.0,149.06
000858.SZ,2022-11-21,0.0,148.91,148.92,148.88,556.0,8276350.0,149.059
000858.SZ,2022-11-21,0.0,148.92,148.94,148.9,806.0,12002900.0,149.059
000858.SZ,2022-11-21,0.0,148.95,148.96,148.92,626.0,9323230.0,149.059
000858.SZ,2022-11-21,0.0,148.95,148.95,148.95,26.0,387270.0,149.059
000858.SZ,2022-11-21,0.0,148.95,148.95,148.95,0.0,0.0,149.059
000858.SZ,2022-11-21,0.0,148.93,148.93,148.93,1642.0,24456400.0,149.058
000858.SZ,2022-11-22,0.0,148.92,148.92,148.92,446.0,6641830.0,148.92
000858.SZ,2022-11-22,0.0,150.4,151.12,148.81,4729.0,71015400.0,150.057
000858.SZ,2022-11-22,0.0,150.05,150.67,150.03,3398.0,51110200.0,150.198
000858.SZ,2022-11-22,0.0,149.87,150.12,149.68,1722.0,25817200.0,150.152
000858.SZ,2022-11-22,0.0,149.77,149.87,149.6,1236.0,18513500.0,150.113
000858.SZ,2022-11-22,0.0,149.65,149.8,149.55,882.0,13202300.0,150.083
000858.SZ,2022-11-22,0.0,149.42,149.55,149.12,1493.0,22290100.0,149.998
000858.SZ,2022-11-22,0.0,149.49,149.69,149.26,603.0,9016980.0,149.979
000858.SZ,2022-11-22,0.0,149.53,149.8,149.3,969.0,14490600.0,149.952
000858.SZ,2022-11-22,0.0,149.98,149.98,149.62,1184.0,17726900.0,149.936
000858.SZ,2022-11-22,0.0,149.77,150.25,149.75,1560.0,23402700.0,149.943
000858.SZ,2022-11-22,0.0,150.0,150.08,149.8,1606.0,24090100.0,149.948
000858.SZ,2022-11-22,0.0,149.87,150.18,149.79,780.0,11693700.0,149.947
000858.SZ,2022-11-22,0.0,150.25,150.25,149.86,1568.0,23527700.0,149.954
000858.SZ,2022-11-22,0.0,150.42,150.42,150.0,1746.0,26220200.0,149.97
000858.SZ,2022-11-22,0.0,150.56,150.56,150.36,1747.0,26285200.0,150.003
000858.SZ,2022-11-22,0.0,150.52,150.77,150.52,1547.0,23307400.0,150.041
000858.SZ,2022-11-22,0.0,150.2,150.39,150.12,1183.0,17784100.0,150.053
000858.SZ,2022-11-22,0.0,150.3,150.39,150.2,689.0,10356300.0,150.059
000858.SZ,2022-11-22,0.0,149.93,150.3,149.93,1385.0,20786400.0,150.06
000858.SZ,2022-11-22,0.0,149.68,150.07,149.67,769.0,11527700.0,150.056
000858.SZ,2022-11-22,0.0,149.92,150.0,149.59,772.0,11563400.0,150.05
000858.SZ,2022-11-22,0.0,149.69,149.92,149.68,483.0,7233680.0,150.045
000858.SZ,2022-11-22,0.0,149.74,149.76,149.63,491.0,7349600.0,150.04
000858.SZ,2022-11-22,0.0,149.99,149.99,149.73,636.0,9533460.0,150.037
000858.SZ,2022-11-22,0.0,149.7,149.9,149.58,485.0,7260320.0,150.032
000858.SZ,2022-11-22,0.0,149.58,149.65,149.54,634.0,9483340.0,150.024
000858.SZ,2022-11-22,0.0,149.51,149.58,149.51,384.0,5743160.0,150.019
000858.SZ,2022-11-22,0.0,149.69,149.72,149.5,420.0,6282960.0,150.014
000858.SZ,2022-11-22,0.0,149.64,149.72,149.55,424.0,6344310.0,150.009
000858.SZ,2022-11-22,0.0,149.78,149.78,149.63,382.0,5717850.0,150.006
000858.SZ,2022-11-22,0.0,149.79,150.2,149.73,1111.0,16664400.0,150.006
000858.SZ,2022-11-22,0.0,149.93,150.0,149.75,333.0,4990550.0,150.004
000858.SZ,2022-11-22,0.0,149.85,149.98,149.69,593.0,8881830.0,150.001
000858.SZ,2022-11-22,0.0,149.65,149.78,149.65,348.0,5210710.0,149.998
000858.SZ,2022-11-22,0.0,149.4,149.65,149.35,844.0,12618800.0,149.988
000858.SZ,2022-11-22,0.0,149.35,149.39,149.35,518.0,7737000.0,149.98
000858.SZ,2022-11-22,0.0,149.22,149.4,149.22,423.0,6315900.0,149.973
000858.SZ,2022-11-22,0.0,149.35,149.45,149.19,661.0,9858230.0,149.961
000858.SZ,2022-11-22,0.0,149.2,149.35,149.2,483.0,7210280.0,149.954
000858.SZ,2022-11-22,0.0,149.41,149.41,149.34,618.0,9231810.0,149.945
000858.SZ,2022-11-22,0.0,149.43,149.45,149.41,381.0,5692950.0,149.94
000858.SZ,2022-11-22,0.0,149.52,149.52,149.43,345.0,5156200.0,149.936
000858.SZ,2022-11-22,0.0,149.65,149.66,149.56,246.0,3680510.0,149.934
000858.SZ,2022-11-22,0.0,149.62,149.66,149.58,322.0,4818720.0,149.932
000858.SZ,2022-11-22,0.0,149.6,149.63,149.53,186.0,2782460.0,149.931
000858.SZ,2022-11-22,0.0,149.76,149.76,149.5,596.0,8915260.0,149.926
000858.SZ,2022-11-22,0.0,149.7,149.76,149.68,148.0,2215860.0,149.926
000858.SZ,2022-11-22,0.0,149.57,149.7,149.56,339.0,5072300.0,149.923
000858.SZ,2022-11-22,0.0,149.49,149.56,149.48,324.0,4843830.0,149.92
000858.SZ,2022-11-22,0.0,149.56,149.56,149.47,279.0,4171450.0,149.918
000858.SZ,2022-11-22,0.0,149.78,149.95,149.57,541.0,8111740.0,149.917
000858.SZ,2022-11-22,0.0,149.78,149.81,149.78,166.0,2486710.0,149.916
000858.SZ,2022-11-22,0.0,149.89,149.9,149.78,293.0,4390520.0,149.916
000858.SZ,2022-11-22,0.0,149.81,149.91,149.75,536.0,8030000.0,149.915
000858.SZ,2022-11-22,0.0,149.76,149.89,149.76,129.0,1932800.0,149.914
000858.SZ,2022-11-22,0.0,149.63,149.76,149.56,165.0,2469480.0,149.913
000858.SZ,2022-11-22,0.0,149.8,149.8,149.66,283.0,4236910.0,149.912
000858.SZ,2022-11-22,0.0,149.7,149.8,149.7,244.0,3653670.0,149.911
000858.SZ,2022-11-22,0.0,149.63,149.66,149.58,211.0,3156900.0,149.91
000858.SZ,2022-11-22,0.0,149.61,149.64,149.6,270.0,4039840.0,149.909
000858.SZ,2022-11-22,0.0,149.89,149.89,149.61,387.0,5795820.0,149.907
000858.SZ,2022-11-22,0.0,149.89,149.91,149.88,171.0,2563250.0,149.907
000858.SZ,2022-11-22,0.0,149.87,149.91,149.82,442.0,6624640.0,149.907
000858.SZ,2022-11-22,0.0,149.77,149.88,149.65,260.0,3895670.0,149.907
000858.SZ,2022-11-22,0.0,149.6,149.79,149.5,844.0,12627600.0,149.902
000858.SZ,2022-11-22,0.0,149.5,149.6,149.42,505.0,7549430.0,149.898
000858.SZ,2022-11-22,0.0,149.41,149.48,149.37,458.0,6843860.0,149.894
000858.SZ,2022-11-22,0.0,149.4,149.5,149.38,314.0,4693020.0,149.891
000858.SZ,2022-11-22,0.0,149.3,149.46,149.29,579.0,8646140.0,149.885
000858.SZ,2022-11-22,0.0,149.39,149.39,149.26,330.0,4926650.0,149.881
000858.SZ,2022-11-22,0.0,149.33,149.4,149.33,150.0,2240570.0,149.88
000858.SZ,2022-11-22,0.0,149.43,149.43,149.29,441.0,6585820.0,149.875
000858.SZ,2022-11-22,0.0,149.39,149.5,149.35,288.0,4304300.0,149.873
000858.SZ,2022-11-22,0.0,149.4,149.43,149.28,182.0,2717880.0,149.871
000858.SZ,2022-11-22,0.0,149.2,149.4,149.2,299.0,4462460.0,149.868
000858.SZ,2022-11-22,0.0,149.27,149.35,149.21,215.0,3209730.0,149.865
000858.SZ,2022-11-22,0.0,149.34,149.36,149.22,186.0,2777270.0,149.863
000858.SZ,2022-11-22,0.0,149.3,149.34,149.23,272.0,4060840.0,149.861
000858.SZ,2022-11-22,0.0,149.32,149.32,149.24,181.0,2701880.0,149.859
000858.SZ,2022-11-22,0.0,149.44,149.44,149.3,324.0,4838930.0,149.856
000858.SZ,2022-11-22,0.0,149.45,149.45,149.38,149.0,2226590.0,149.854
000858.SZ,2022-11-22,0.0,149.77,149.77,149.5,474.0,7091330.0,149.852
000858.SZ,2022-11-22,0.0,149.66,149.78,149.6,219.0,3277730.0,149.852
000858.SZ,2022-11-22,0.0,149.6,149.66,149.55,203.0,3037190.0,149.851
000858.SZ,2022-11-22,0.0,149.63,149.63,149.52,163.0,2438040.0,149.85
000858.SZ,2022-11-22,0.0,149.6,149.66,149.55,231.0,3456360.0,149.849
000858.SZ,2022-11-22,0.0,149.79,149.79,149.7,615.0,9207930.0,149.848
000858.SZ,2022-11-22,0.0,149.8,149.81,149.7,408.0,6110690.0,149.847
000858.SZ,2022-11-22,0.0,149.72,149.81,149.7,578.0,8655190.0,149.846
000858.SZ,2022-11-22,0.0,149.77,149.8,149.64,314.0,4701140.0,149.845
000858.SZ,2022-11-22,0.0,150.11,150.2,149.79,1985.0,29780300.0,149.851
000858.SZ,2022-11-22,0.0,150.06,150.15,150.02,443.0,6649850.0,149.853
000858.SZ,2022-11-22,0.0,149.98,150.07,149.98,262.0,3930700.0,149.854
000858.SZ,2022-11-22,0.0,149.98,150.02,149.97,400.0,5999050.0,149.855
000858.SZ,2022-11-22,0.0,149.95,149.99,149.95,168.0,2520270.0,149.855
000858.SZ,2022-11-22,0.0,150.01,150.02,149.94,417.0,6256460.0,149.856
000858.SZ,2022-11-22,0.0,150.15,150.15,150.01,426.0,6393470.0,149.858
000858.SZ,2022-11-22,0.0,150.25,150.3,150.15,616.0,9254640.0,149.861
000858.SZ,2022-11-22,0.0,150.49,150.51,150.24,1403.0,21107700.0,149.874
000858.SZ,2022-11-22,0.0,150.36,150.48,150.36,324.0,4873500.0,149.877
000858.SZ,2022-11-22,0.0,150.36,150.4,150.36,582.0,8752000.0,149.881
000858.SZ,2022-11-22,0.0,150.3,150.36,150.28,326.0,4900880.0,149.884
000858.SZ,2022-11-22,0.0,150.18,150.28,150.18,272.0,4086670.0,149.885
000858.SZ,2022-11-22,0.0,150.35,150.35,150.17,756.0,11359100.0,149.889
000858.SZ,2022-11-22,0.0,150.44,150.44,150.35,497.0,7474520.0,149.893
000858.SZ,2022-11-22,0.0,150.32,150.44,150.32,267.0,4015430.0,149.895
000858.SZ,2022-11-22,0.0,150.19,150.34,150.18,202.0,3035140.0,149.896
000858.SZ,2022-11-22,0.0,150.11,150.19,150.1,163.0,2447300.0,149.897
000858.SZ,2022-11-22,0.0,150.24,150.27,150.1,468.0,7027990.0,149.898
000858.SZ,2022-11-22,0.0,150.44,150.44,150.24,657.0,9877760.0,149.903
000858.SZ,2022-11-22,0.0,150.9,150.97,150.5,2476.0,37321300.0,149.931
000858.SZ,2022-11-22,0.0,150.96,150.96,150.8,1143.0,17246100.0,149.946
000858.SZ,2022-11-22,0.0,150.81,150.95,150.81,397.0,5990250.0,149.951
000858.SZ,2022-11-22,0.0,151.38,151.46,150.8,5654.0,85407504.0,150.031
000858.SZ,2022-11-22,0.0,151.16,151.38,151.13,856.0,12949900.0,150.044
000858.SZ,2022-11-22,0.0,151.15,151.2,151.15,572.0,8647580.0,150.052
000858.SZ,2022-11-22,0.0,150.94,151.16,150.94,498.0,7519830.0,150.058
000858.SZ,2022-11-22,0.0,151.37,151.37,150.95,1358.0,20533600.0,150.077
000858.SZ,2022-11-22,0.0,151.53,151.55,151.37,2211.0,33488900.0,150.114
000858.SZ,2022-11-22,0.0,151.95,151.98,151.5,2349.0,35646100.0,150.158
000858.SZ,2022-11-22,0.0,152.59,152.9,151.92,8213.0,125112000.0,150.346
000858.SZ,2022-11-22,0.0,151.73,152.25,151.72,2235.0,33987000.0,150.386
000858.SZ,2022-11-22,0.0,151.71,151.81,151.61,882.0,13380100.0,150.398
000858.SZ,2022-11-22,0.0,151.46,151.7,151.46,912.0,13821100.0,150.409
000858.SZ,2022-11-22,0.0,151.25,151.46,151.12,808.0,12223700.0,150.416
000858.SZ,2022-11-22,0.0,150.98,151.27,150.98,878.0,13266800.0,150.422
000858.SZ,2022-11-22,0.0,151.37,151.38,151.0,747.0,11291900.0,150.427
000858.SZ,2022-11-22,0.0,151.38,151.39,151.33,507.0,7673660.0,150.432
000858.SZ,2022-11-22,0.0,151.34,151.4,151.2,780.0,11802300.0,150.438
000858.SZ,2022-11-22,0.0,151.0,151.34,151.0,439.0,6635540.0,150.441
000858.SZ,2022-11-22,0.0,151.08,151.08,150.98,437.0,6598990.0,150.444
000858.SZ,2022-11-22,0.0,151.3,151.3,151.08,269.0,4066740.0,150.446
000858.SZ,2022-11-22,0.0,151.28,151.34,151.21,287.0,4342280.0,150.448
000858.SZ,2022-11-22,0.0,151.27,151.29,151.25,357.0,5400160.0,150.451
000858.SZ,2022-11-22,0.0,151.22,151.3,151.22,200.0,3025640.0,150.452
000858.SZ,2022-11-22,0.0,151.22,151.25,151.2,280.0,4234440.0,150.455
000858.SZ,2022-11-22,0.0,151.6,151.6,151.24,929.0,14066400.0,150.463
000858.SZ,2022-11-22,0.0,151.61,151.65,151.55,405.0,6140670.0,150.467
000858.SZ,2022-11-22,0.0,151.57,151.64,151.55,395.0,5988100.0,150.472
000858.SZ,2022-11-22,0.0,151.34,151.57,151.34,331.0,5013890.0,150.475
000858.SZ,2022-11-22,0.0,151.15,151.34,151.15,499.0,7547500.0,150.478
000858.SZ,2022-11-22,0.0,151.18,151.2,151.14,155.0,2343210.0,150.479
000858.SZ,2022-11-22,0.0,151.09,151.16,151.09,219.0,3310140.0,150.481
000858.SZ,2022-11-22,0.0,151.09,151.12,151.08,218.0,3293890.0,150.482
000858.SZ,2022-11-22,0.0,150.96,151.09,150.96,410.0,6192230.0,150.484
000858.SZ,2022-11-22,0.0,150.87,150.96,150.85,285.0,4300310.0,150.485
000858.SZ,2022-11-22,0.0,150.71,150.88,150.71,307.0,4629920.0,150.486
000858.SZ,2022-11-22,0.0,150.83,150.85,150.7,331.0,4990720.0,150.487
000858.SZ,2022-11-22,0.0,150.84,150.85,150.81,168.0,2539100.0,150.487
000858.SZ,2022-11-22,0.0,150.7,150.82,150.7,232.0,3497520.0,150.488
000858.SZ,2022-11-22,0.0,150.65,150.7,150.65,311.0,4685540.0,150.488
000858.SZ,2022-11-22,0.0,150.7,150.8,150.65,347.0,5230480.0,150.489
000858.SZ,2022-11-22,0.0,150.79,150.8,150.71,134.0,2020590.0,150.49
000858.SZ,2022-11-22,0.0,150.82,150.82,150.77,161.0,2427690.0,150.49
000858.SZ,2022-11-22,0.0,150.97,151.0,150.82,362.0,5464180.0,150.492
000858.SZ,2022-11-22,0.0,150.82,150.99,150.82,286.0,4316860.0,150.493
000858.SZ,2022-11-22,0.0,150.78,150.82,150.78,156.0,2352450.0,150.493
000858.SZ,2022-11-22,0.0,150.76,150.85,150.76,292.0,4403340.0,150.494
000858.SZ,2022-11-22,0.0,150.78,150.84,150.78,136.0,2051180.0,150.494
000858.SZ,2022-11-22,0.0,150.58,150.77,150.58,246.0,3706000.0,150.495
000858.SZ,2022-11-22,0.0,150.53,150.58,150.53,232.0,3492930.0,150.495
000858.SZ,2022-11-22,0.0,150.45,150.53,150.45,342.0,5147350.0,150.495
000858.SZ,2022-11-22,0.0,150.48,150.48,150.38,489.0,7347700.0,150.494
000858.SZ,2022-11-22,0.0,150.45,150.58,150.45,281.0,4229320.0,150.494
000858.SZ,2022-11-22,0.0,150.38,150.45,150.38,244.0,3669690.0,150.494
000858.SZ,2022-11-22,0.0,150.37,150.41,150.35,321.0,4826780.0,150.494
000858.SZ,2022-11-22,0.0,150.27,150.36,150.27,258.0,3878070.0,150.494
000858.SZ,2022-11-22,0.0,150.3,150.3,150.18,631.0,9477650.0,150.492
000858.SZ,2022-11-22,0.0,150.34,150.34,150.25,221.0,3321630.0,150.492
000858.SZ,2022-11-22,0.0,150.43,150.5,150.39,294.0,4426030.0,150.491
000858.SZ,2022-11-22,0.0,150.39,150.5,150.32,345.0,5186010.0,150.491
000858.SZ,2022-11-22,0.0,150.34,150.43,150.32,141.0,2119860.0,150.491
000858.SZ,2022-11-22,0.0,150.28,150.33,150.26,389.0,5846760.0,150.49
000858.SZ,2022-11-22,0.0,150.29,150.32,150.24,712.0,10700700.0,150.489
000858.SZ,2022-11-22,0.0,150.34,150.34,150.16,340.0,5107730.0,150.488
000858.SZ,2022-11-22,0.0,150.3,150.35,150.28,151.0,2270010.0,150.488
000858.SZ,2022-11-22,0.0,150.2,150.28,150.19,95.0,1427260.0,150.488
000858.SZ,2022-11-22,0.0,150.22,150.24,150.18,197.0,2959130.0,150.488
000858.SZ,2022-11-22,0.0,150.2,150.23,150.2,169.0,2538780.0,150.487
000858.SZ,2022-11-22,0.0,150.15,150.21,150.15,239.0,3589220.0,150.487
000858.SZ,2022-11-22,0.0,150.3,150.32,150.15,435.0,6536040.0,150.486
000858.SZ,2022-11-22,0.0,150.46,150.57,150.29,390.0,5866530.0,150.486
000858.SZ,2022-11-22,0.0,150.48,150.48,150.4,204.0,3068870.0,150.485
000858.SZ,2022-11-22,0.0,150.4,150.6,150.4,332.0,4998040.0,150.486
000858.SZ,2022-11-22,0.0,150.31,150.46,150.3,298.0,4481600.0,150.485
000858.SZ,2022-11-22,0.0,150.18,150.38,150.18,496.0,7452150.0,150.484
000858.SZ,2022-11-22,0.0,150.01,150.27,150.01,815.0,12234200.0,150.482
000858.SZ,2022-11-22,0.0,150.02,150.09,150.01,697.0,10457200.0,150.479
000858.SZ,2022-11-22,0.0,150.0,150.08,150.0,536.0,8040780.0,150.477
000858.SZ,2022-11-22,0.0,149.91,150.02,149.9,981.0,14714400.0,150.473
000858.SZ,2022-11-22,0.0,149.84,149.9,149.84,280.0,4196820.0,150.472
000858.SZ,2022-11-22,0.0,149.78,149.84,149.78,341.0,5108250.0,150.47
000858.SZ,2022-11-22,0.0,149.99,149.99,149.8,421.0,6310130.0,150.468
000858.SZ,2022-11-22,0.0,150.02,150.06,149.98,486.0,7284260.0,150.466
000858.SZ,2022-11-22,0.0,150.0,150.06,149.99,281.0,4215260.0,150.465
000858.SZ,2022-11-22,0.0,150.03,150.14,150.0,311.0,4669580.0,150.465
000858.SZ,2022-11-22,0.0,150.06,150.13,150.03,221.0,3316080.0,150.464
000858.SZ,2022-11-22,0.0,150.0,150.05,150.0,308.0,4620250.0,150.463
000858.SZ,2022-11-22,0.0,150.01,150.02,149.99,241.0,3615070.0,150.462
000858.SZ,2022-11-22,0.0,150.0,150.01,149.99,135.0,2025030.0,150.461
000858.SZ,2022-11-22,0.0,150.14,150.2,149.99,309.0,4642470.0,150.46
000858.SZ,2022-11-22,0.0,150.0,150.2,149.99,335.0,5028670.0,150.459
000858.SZ,2022-11-22,0.0,150.15,150.18,150.0,212.0,3181600.0,150.459
000858.SZ,2022-11-22,0.0,150.05,150.19,150.04,176.0,2642370.0,150.458
000858.SZ,2022-11-22,0.0,150.06,150.15,150.04,173.0,2596120.0,150.458
000858.SZ,2022-11-22,0.0,150.07,150.1,150.02,168.0,2521140.0,150.457
000858.SZ,2022-11-22,0.0,150.08,150.15,150.06,147.0,2206160.0,150.457
000858.SZ,2022-11-22,0.0,150.0,150.09,150.0,396.0,5941020.0,150.456
000858.SZ,2022-11-22,0.0,149.84,150.05,149.84,407.0,6101060.0,150.454
000858.SZ,2022-11-22,0.0,149.99,150.0,149.92,422.0,6331170.0,150.452
000858.SZ,2022-11-22,0.0,149.97,150.0,149.93,555.0,8321390.0,150.45
000858.SZ,2022-11-22,0.0,149.94,149.98,149.91,270.0,4048730.0,150.449
000858.SZ,2022-11-22,0.0,149.87,149.93,149.87,279.0,4182000.0,150.448
000858.SZ,2022-11-22,0.0,149.86,149.89,149.84,212.0,3177040.0,150.447
000858.SZ,2022-11-22,0.0,150.0,150.0,149.84,567.0,8501530.0,150.445
000858.SZ,2022-11-22,0.0,149.95,150.0,149.95,218.0,3269710.0,150.444
000858.SZ,2022-11-22,0.0,149.88,149.95,149.88,197.0,2952920.0,150.443
000858.SZ,2022-11-22,0.0,149.86,149.88,149.83,244.0,3656560.0,150.442
000858.SZ,2022-11-22,0.0,149.99,150.0,149.85,668.0,10016500.0,150.44
000858.SZ,2022-11-22,0.0,149.95,150.0,149.95,126.0,1889760.0,150.439
000858.SZ,2022-11-22,0.0,149.96,149.98,149.92,440.0,6597720.0,150.438
000858.SZ,2022-11-22,0.0,150.07,150.09,149.95,575.0,8626970.0,150.436
000858.SZ,2022-11-22,0.0,149.96,150.01,149.96,270.0,4047380.0,150.435
000858.SZ,2022-11-22,0.0,149.97,149.98,149.96,235.0,3524190.0,150.434
000858.SZ,2022-11-22,0.0,149.98,149.98,149.95,260.0,3899220.0,150.433
000858.SZ,2022-11-22,0.0,150.0,150.08,149.97,838.0,12572700.0,150.431
000858.SZ,2022-11-22,0.0,150.04,150.04,149.99,374.0,5610050.0,150.429
000858.SZ,2022-11-22,0.0,150.0,150.04,149.99,407.0,6105270.0,150.428
000858.SZ,2022-11-22,0.0,150.0,150.08,150.0,739.0,11086300.0,150.426
000858.SZ,2022-11-22,0.0,150.01,150.09,150.01,568.0,8522180.0,150.424
000858.SZ,2022-11-22,0.0,150.05,150.1,150.01,674.0,10112700.0,150.422
000858.SZ,2022-11-22,0.0,150.01,150.06,150.0,734.0,11011200.0,150.42
000858.SZ,2022-11-22,0.0,150.04,150.07,150.01,603.0,9047480.0,150.419
000858.SZ,2022-11-22,0.0,150.02,150.06,150.0,1311.0,19666900.0,150.415
000858.SZ,2022-11-22,0.0,150.05,150.06,150.03,586.0,8792640.0,150.413
000858.SZ,2022-11-22,0.0,150.05,150.08,150.0,1033.0,15496200.0,150.411
000858.SZ,2022-11-22,0.0,150.09,150.1,150.05,543.0,8148770.0,150.409
000858.SZ,2022-11-22,0.0,150.1,150.1,150.1,16.0,240158.0,150.409
000858.SZ,2022-11-22,0.0,150.1,150.1,150.1,0.0,0.0,150.409
000858.SZ,2022-11-22,0.0,150.23,150.23,150.23,1018.0,15293400.0,150.408
000858.SZ,2022-11-23,0.0,150.23,150.23,150.23,740.0,11117000.0,150.23
000858.SZ,2022-11-23,0.0,148.91,150.5,148.9,3749.0,56029200.0,149.579
000858.SZ,2022-11-23,0.0,149.71,149.71,149.08,1867.0,27905200.0,149.548
000858.SZ,2022-11-23,0.0,149.7,149.78,149.52,1021.0,15277600.0,149.56
000858.SZ,2022-11-23,0.0,149.88,149.99,149.25,1394.0,20860700.0,149.573
000858.SZ,2022-11-23,0.0,150.38,150.5,149.74,1315.0,19729400.0,149.633
000858.SZ,2022-11-23,0.0,149.7,150.32,149.7,959.0,14384500.0,149.665
000858.SZ,2022-11-23,0.0,149.7,150.0,149.51,592.0,8864450.0,149.668
000858.SZ,2022-11-23,0.0,149.9,150.25,149.74,855.0,12821500.0,149.688
000858.SZ,2022-11-23,0.0,149.91,149.98,149.87,607.0,9099780.0,149.699
000858.SZ,2022-11-23,0.0,149.55,149.91,149.47,1255.0,18778200.0,149.692
000858.SZ,2022-11-23,0.0,149.68,149.69,149.42,843.0,12606800.0,149.684
000858.SZ,2022-11-23,0.0,149.8,149.8,149.47,1077.0,16114300.0,149.681
000858.SZ,2022-11-23,0.0,149.71,149.8,149.7,305.0,4567880.0,149.683
000858.SZ,2022-11-23,0.0,149.51,149.71,149.51,456.0,6824540.0,149.682
000858.SZ,2022-11-23,0.0,149.8,149.8,149.5,875.0,13088900.0,149.678
000858.SZ,2022-11-23,0.0,150.0,150.09,149.8,772.0,11576800.0,149.689
000858.SZ,2022-11-23,0.0,150.24,150.31,150.01,655.0,9837530.0,149.706
000858.SZ,2022-11-23,0.0,150.0,150.04,149.9,786.0,11789500.0,149.718
000858.SZ,2022-11-23,0.0,149.72,149.95,149.7,658.0,9859020.0,149.721
000858.SZ,2022-11-23,0.0,149.61,149.73,149.6,508.0,7601720.0,149.719
000858.SZ,2022-11-23,0.0,149.43,149.6,149.43,568.0,8492830.0,149.714
000858.SZ,2022-11-23,0.0,149.42,149.51,149.4,679.0,10148000.0,149.706
000858.SZ,2022-11-23,0.0,149.58,149.67,149.41,704.0,10523900.0,149.699
000858.SZ,2022-11-23,0.0,149.61,149.69,149.58,563.0,8427330.0,149.699
000858.SZ,2022-11-23,0.0,150.01,150.2,149.85,590.0,8846040.0,149.708
000858.SZ,2022-11-23,0.0,150.15,150.2,149.95,637.0,9557500.0,149.716
000858.SZ,2022-11-23,0.0,150.4,150.81,150.18,1336.0,20113700.0,149.758
000858.SZ,2022-11-23,0.0,150.87,150.89,150.16,947.0,14255600.0,149.788
000858.SZ,2022-11-23,0.0,150.19,150.95,150.19,938.0,14124600.0,149.814
000858.SZ,2022-11-23,0.0,150.33,150.4,150.19,402.0,6042950.0,149.821
000858.SZ,2022-11-23,0.0,150.28,150.35,150.23,431.0,6477510.0,149.828
000858.SZ,2022-11-23,0.0,150.7,150.7,150.28,549.0,8258880.0,149.839
000858.SZ,2022-11-23,0.0,150.65,150.78,150.54,866.0,13048900.0,149.863
000858.SZ,2022-11-23,0.0,150.41,150.65,150.41,1001.0,15072200.0,149.886
000858.SZ,2022-11-23,0.0,150.49,150.83,150.41,806.0,12146300.0,149.905
000858.SZ,2022-11-23,0.0,150.19,150.5,150.18,634.0,9526900.0,149.912
000858.SZ,2022-11-23,0.0,150.56,150.56,150.22,1451.0,21819100.0,149.932
000858.SZ,2022-11-23,0.0,150.57,150.65,150.3,484.0,7282960.0,149.939
000858.SZ,2022-11-23,0.0,150.78,150.8,150.48,419.0,6307250.0,149.948
000858.SZ,2022-11-23,0.0,151.19,151.19,150.78,1447.0,21845500.0,149.987
000858.SZ,2022-11-23,0.0,150.81,151.22,150.75,636.0,9598420.0,150.004
000858.SZ,2022-11-23,0.0,151.12,151.18,150.85,631.0,9530500.0,150.021
000858.SZ,2022-11-23,0.0,150.98,151.05,150.76,441.0,6656490.0,150.032
000858.SZ,2022-11-23,0.0,151.25,151.25,150.91,1201.0,18149900.0,150.065
000858.SZ,2022-11-23,0.0,151.17,151.25,151.13,851.0,12867500.0,150.089
000858.SZ,2022-11-23,0.0,151.06,151.2,151.05,701.0,10596000.0,150.107
000858.SZ,2022-11-23,0.0,151.2,151.2,151.09,701.0,10593800.0,150.124
000858.SZ,2022-11-23,0.0,151.49,151.5,151.11,1299.0,19657500.0,150.16
000858.SZ,2022-11-23,0.0,151.34,151.5,151.23,1066.0,16139900.0,150.19
000858.SZ,2022-11-23,0.0,151.22,151.35,151.15,1154.0,17452400.0,150.217
000858.SZ,2022-11-23,0.0,151.09,151.23,151.09,461.0,6967760.0,150.226
000858.SZ,2022-11-23,0.0,150.9,151.0,150.9,645.0,9737120.0,150.236
000858.SZ,2022-11-23,0.0,151.0,151.0,150.9,462.0,6974930.0,150.244
000858.SZ,2022-11-23,0.0,151.0,151.0,150.95,543.0,8198730.0,150.252
000858.SZ,2022-11-23,0.0,150.86,150.99,150.86,308.0,4648320.0,150.256
000858.SZ,2022-11-23,0.0,150.93,150.93,150.83,586.0,8841130.0,150.264
000858.SZ,2022-11-23,0.0,150.99,151.0,150.9,516.0,7790560.0,150.271
000858.SZ,2022-11-23,0.0,150.96,150.99,150.9,420.0,6340100.0,150.277
000858.SZ,2022-11-23,0.0,151.01,151.05,150.95,624.0,9424100.0,150.286
000858.SZ,2022-11-23,0.0,151.09,151.2,151.02,491.0,7419790.0,150.294
000858.SZ,2022-11-23,0.0,150.91,151.09,150.91,294.0,4439760.0,150.298
000858.SZ,2022-11-23,0.0,150.55,150.91,150.55,306.0,4612030.0,150.301
000858.SZ,2022-11-23,0.0,150.42,150.51,150.39,675.0,10154800.0,150.303
000858.SZ,2022-11-23,0.0,150.45,150.46,150.42,526.0,7912920.0,150.304
000858.SZ,2022-11-23,0.0,150.4,150.5,150.32,638.0,9593320.0,150.305
000858.SZ,2022-11-23,0.0,150.24,150.38,150.2,496.0,7451880.0,150.304
000858.SZ,2022-11-23,0.0,150.36,150.38,150.25,507.0,7621040.0,150.304
000858.SZ,2022-11-23,0.0,150.14,150.46,150.14,450.0,6762170.0,150.304
000858.SZ,2022-11-23,0.0,150.18,150.19,150.05,559.0,8391950.0,150.302
000858.SZ,2022-11-23,0.0,150.36,150.36,150.17,845.0,12693500.0,150.301
000858.SZ,2022-11-23,0.0,150.2,150.38,150.19,454.0,6821270.0,150.301
000858.SZ,2022-11-23,0.0,150.35,150.35,150.15,342.0,5138590.0,150.3
000858.SZ,2022-11-23,0.0,150.32,150.36,150.29,281.0,4224030.0,150.3
000858.SZ,2022-11-23,0.0,150.24,150.3,150.23,175.0,2629330.0,150.3
000858.SZ,2022-11-23,0.0,150.15,150.24,150.15,367.0,5512910.0,150.3
000858.SZ,2022-11-23,0.0,150.24,150.24,150.15,395.0,5933070.0,150.299
000858.SZ,2022-11-23,0.0,150.24,150.25,150.23,325.0,4882780.0,150.299
000858.SZ,2022-11-23,0.0,150.25,150.29,150.2,173.0,2599160.0,150.298
000858.SZ,2022-11-23,0.0,150.32,150.32,150.24,349.0,5245060.0,150.298
000858.SZ,2022-11-23,0.0,150.23,150.33,150.22,231.0,3470960.0,150.298
000858.SZ,2022-11-23,0.0,150.25,150.29,150.21,227.0,3410400.0,150.298
000858.SZ,2022-11-23,0.0,150.36,150.38,150.21,500.0,7513950.0,150.298
000858.SZ,2022-11-23,0.0,150.27,150.37,150.27,275.0,4134220.0,150.298
000858.SZ,2022-11-23,0.0,150.18,150.27,150.18,239.0,3590900.0,150.298
000858.SZ,2022-11-23,0.0,150.19,150.2,150.18,244.0,3664410.0,150.297
000858.SZ,2022-11-23,0.0,150.22,150.22,150.18,222.0,3334300.0,150.297
000858.SZ,2022-11-23,0.0,150.49,150.5,150.21,694.0,10437900.0,150.298
000858.SZ,2022-11-23,0.0,150.43,150.5,150.42,187.0,2813980.0,150.299
000858.SZ,2022-11-23,0.0,150.67,150.67,150.43,316.0,4757090.0,150.3
000858.SZ,2022-11-23,0.0,150.56,150.73,150.49,611.0,9200600.0,150.303
000858.SZ,2022-11-23,0.0,150.55,150.6,150.4,254.0,3823170.0,150.304
000858.SZ,2022-11-23,0.0,150.35,150.56,150.31,220.0,3309050.0,150.304
000858.SZ,2022-11-23,0.0,150.38,150.4,150.35,148.0,2225510.0,150.304
000858.SZ,2022-11-23,0.0,150.3,150.38,150.3,192.0,2886320.0,150.304
000858.SZ,2022-11-23,0.0,150.24,150.3,150.23,135.0,2028600.0,150.304
000858.SZ,2022-11-23,0.0,150.2,150.27,150.19,386.0,5797970.0,150.304
000858.SZ,2022-11-23,0.0,150.21,150.23,150.2,159.0,2388420.0,150.303
000858.SZ,2022-11-23,0.0,150.13,150.21,150.13,262.0,3934560.0,150.303
000858.SZ,2022-11-23,0.0,150.0,150.13,149.95,1121.0,16815400.0,150.298
000858.SZ,2022-11-23,0.0,149.88,150.0,149.85,539.0,8079070.0,150.294
000858.SZ,2022-11-23,0.0,150.02,150.02,149.87,541.0,8111640.0,150.291
000858.SZ,2022-11-23,0.0,150.14,150.17,150.04,251.0,3767410.0,150.291
000858.SZ,2022-11-23,0.0,150.13,150.22,150.09,331.0,4970870.0,150.29
000858.SZ,2022-11-23,0.0,150.13,150.18,150.1,185.0,2777950.0,150.29
000858.SZ,2022-11-23,0.0,150.1,150.1,150.0,168.0,2520840.0,150.289
000858.SZ,2022-11-23,0.0,149.97,150.08,149.96,272.0,4080100.0,150.288
000858.SZ,2022-11-23,0.0,150.02,150.02,149.96,184.0,2759740.0,150.287
000858.SZ,2022-11-23,0.0,150.0,150.03,149.95,187.0,2804800.0,150.286
000858.SZ,2022-11-23,0.0,149.91,149.96,149.91,147.0,2204150.0,150.286
000858.SZ,2022-11-23,0.0,149.8,149.91,149.79,535.0,8016280.0,150.282
000858.SZ,2022-11-23,0.0,149.8,149.91,149.69,784.0,11737300.0,150.276
000858.SZ,2022-11-23,0.0,149.87,149.87,149.81,170.0,2547200.0,150.275
000858.SZ,2022-11-23,0.0,149.71,149.85,149.71,246.0,3684780.0,150.273
000858.SZ,2022-11-23,0.0,149.63,149.71,149.61,398.0,5955680.0,150.27
000858.SZ,2022-11-23,0.0,149.75,149.75,149.62,183.0,2739620.0,150.268
000858.SZ,2022-11-23,0.0,149.63,149.75,149.63,309.0,4625930.0,150.266
000858.SZ,2022-11-23,0.0,149.63,149.71,149.59,549.0,8215850.0,150.261
000858.SZ,2022-11-23,0.0,149.53,149.62,149.52,300.0,4486830.0,150.258
000858.SZ,2022-11-23,0.0,149.55,149.56,149.52,305.0,4560770.0,150.255
000858.SZ,2022-11-23,0.0,149.39,149.55,149.31,1227.0,18342000.0,150.242
000858.SZ,2022-11-23,0.0,149.3,149.32,149.22,1217.0,18170500.0,150.227
000858.SZ,2022-11-23,0.0,149.42,149.45,149.27,427.0,6369570.0,150.222
000858.SZ,2022-11-23,0.0,149.67,149.7,149.44,325.0,4853060.0,150.219
000858.SZ,2022-11-23,0.0,149.98,150.0,149.7,590.0,8843840.0,150.216
000858.SZ,2022-11-23,0.0,149.68,149.99,149.65,353.0,5287490.0,150.214
000858.SZ,2022-11-23,0.0,149.73,149.8,149.7,151.0,2261160.0,150.213
000858.SZ,2022-11-23,0.0,149.64,149.75,149.51,298.0,4464850.0,150.211
000858.SZ,2022-11-23,0.0,149.56,149.69,149.56,132.0,1974920.0,150.21
000858.SZ,2022-11-23,0.0,149.5,149.64,149.48,427.0,6384960.0,150.206
000858.SZ,2022-11-23,0.0,149.39,149.49,149.38,286.0,4274100.0,150.203
000858.SZ,2022-11-23,0.0,149.32,149.38,149.31,227.0,3390110.0,150.201
000858.SZ,2022-11-23,0.0,149.32,149.33,149.3,390.0,5823040.0,150.196
000858.SZ,2022-11-23,0.0,149.32,149.32,149.3,296.0,4419450.0,150.193
000858.SZ,2022-11-23,0.0,149.36,149.36,149.3,232.0,3463950.0,150.19
000858.SZ,2022-11-23,0.0,149.47,149.51,149.36,403.0,6020840.0,150.186
000858.SZ,2022-11-23,0.0,149.5,149.64,149.47,358.0,5353530.0,150.184
000858.SZ,2022-11-23,0.0,149.5,149.69,149.49,370.0,5533850.0,150.181
000858.SZ,2022-11-23,0.0,149.48,149.55,149.44,284.0,4245980.0,150.178
000858.SZ,2022-11-23,0.0,149.25,149.51,149.24,724.0,10814400.0,150.171
000858.SZ,2022-11-23,0.0,149.31,149.31,149.24,121.0,1806100.0,150.17
000858.SZ,2022-11-23,0.0,149.36,149.37,149.28,326.0,4868080.0,150.166
000858.SZ,2022-11-23,0.0,149.35,149.39,149.33,265.0,3958020.0,150.164
000858.SZ,2022-11-23,0.0,149.33,149.36,149.31,130.0,1941340.0,150.162
000858.SZ,2022-11-23,0.0,149.45,149.45,149.33,147.0,2195540.0,150.161
000858.SZ,2022-11-23,0.0,149.73,149.74,149.41,453.0,6779080.0,150.158
000858.SZ,2022-11-23,0.0,149.51,149.74,149.45,332.0,4965470.0,150.156
000858.SZ,2022-11-23,0.0,149.52,149.54,149.35,442.0,6603450.0,150.152
000858.SZ,2022-11-23,0.0,149.59,149.6,149.44,119.0,1779590.0,150.151
000858.SZ,2022-11-23,0.0,149.63,149.69,149.58,163.0,2439120.0,150.15
000858.SZ,2022-11-23,0.0,149.67,149.67,149.63,260.0,3891170.0,150.148
000858.SZ,2022-11-23,0.0,149.86,149.88,149.67,315.0,4718200.0,150.147
000858.SZ,2022-11-23,0.0,149.83,149.88,149.69,239.0,3581160.0,150.146
000858.SZ,2022-11-23,0.0,149.72,149.84,149.72,251.0,3759970.0,150.145
000858.SZ,2022-11-23,0.0,149.61,149.72,149.61,244.0,3651760.0,150.143
000858.SZ,2022-11-23,0.0,149.43,149.62,149.41,360.0,5383630.0,150.141
000858.SZ,2022-11-23,0.0,149.47,149.5,149.47,241.0,3602730.0,150.139
000858.SZ,2022-11-23,0.0,149.55,149.57,149.48,221.0,3304150.0,150.137
000858.SZ,2022-11-23,0.0,149.56,149.6,149.55,230.0,3439940.0,150.136
000858.SZ,2022-11-23,0.0,149.64,149.64,149.53,334.0,4995100.0,150.134
000858.SZ,2022-11-23,0.0,149.54,149.64,149.54,255.0,3814120.0,150.132
000858.SZ,2022-11-23,0.0,149.62,149.62,149.48,535.0,7999750.0,150.128
000858.SZ,2022-11-23,0.0,149.91,149.93,149.63,355.0,5318500.0,150.127
000858.SZ,2022-11-23,0.0,150.06,150.08,149.98,600.0,9000340.0,150.126
000858.SZ,2022-11-23,0.0,150.1,150.15,150.01,220.0,3302160.0,150.126
000858.SZ,2022-11-23,0.0,150.24,150.24,150.09,422.0,6336840.0,150.126
000858.SZ,2022-11-23,0.0,150.18,150.25,150.18,286.0,4296570.0,150.126
000858.SZ,2022-11-23,0.0,150.08,150.18,150.08,176.0,2642730.0,150.127
000858.SZ,2022-11-23,0.0,150.1,150.1,150.07,233.0,3497050.0,150.126
000858.SZ,2022-11-23,0.0,149.93,150.09,149.93,372.0,5579700.0,150.126
000858.SZ,2022-11-23,0.0,149.8,149.93,149.8,218.0,3267580.0,150.125
000858.SZ,2022-11-23,0.0,149.73,149.81,149.72,142.0,2126490.0,150.125
000858.SZ,2022-11-23,0.0,149.51,149.74,149.51,259.0,3876390.0,150.123
000858.SZ,2022-11-23,0.0,149.69,149.69,149.53,119.0,1780800.0,150.123
000858.SZ,2022-11-23,0.0,149.56,149.7,149.56,529.0,7918410.0,150.12
000858.SZ,2022-11-23,0.0,149.63,149.68,149.55,207.0,3097320.0,150.119
000858.SZ,2022-11-23,0.0,149.59,149.64,149.58,202.0,3022090.0,150.118
000858.SZ,2022-11-23,0.0,149.57,149.6,149.55,245.0,3664780.0,150.116
000858.SZ,2022-11-23,0.0,149.56,149.58,149.56,164.0,2452840.0,150.116
000858.SZ,2022-11-23,0.0,149.53,149.56,149.53,273.0,4082730.0,150.114
000858.SZ,2022-11-23,0.0,149.53,149.54,149.5,292.0,4365780.0,150.112
000858.SZ,2022-11-23,0.0,149.52,149.55,149.51,143.0,2138310.0,150.111
000858.SZ,2022-11-23,0.0,149.37,149.53,149.37,652.0,9744550.0,150.106
000858.SZ,2022-11-23,0.0,149.37,149.4,149.36,302.0,4511120.0,150.104
000858.SZ,2022-11-23,0.0,149.43,149.43,149.37,232.0,3465000.0,150.102
000858.SZ,2022-11-23,0.0,149.4,149.42,149.39,166.0,2480180.0,150.101
000858.SZ,2022-11-23,0.0,149.4,149.42,149.39,369.0,5512800.0,150.098
000858.SZ,2022-11-23,0.0,149.45,149.45,149.39,205.0,3063190.0,150.097
000858.SZ,2022-11-23,0.0,149.49,149.5,149.44,307.0,4588970.0,150.095
000858.SZ,2022-11-23,0.0,149.52,149.52,149.48,184.0,2750810.0,150.094
000858.SZ,2022-11-23,0.0,149.51,149.53,149.48,292.0,4365270.0,150.092
000858.SZ,2022-11-23,0.0,149.47,149.54,149.42,641.0,9582260.0,150.088
000858.SZ,2022-11-23,0.0,149.43,149.49,149.41,153.0,2286240.0,150.087
000858.SZ,2022-11-23,0.0,149.41,149.43,149.4,204.0,3047950.0,150.085
000858.SZ,2022-11-23,0.0,149.36,149.6,149.36,762.0,11389300.0,150.08
000858.SZ,2022-11-23,0.0,149.6,149.65,149.36,1043.0,15600300.0,150.075
000858.SZ,2022-11-23,0.0,149.5,149.61,149.42,286.0,4277890.0,150.073
000858.SZ,2022-11-23,0.0,149.47,149.5,149.43,102.0,1524520.0,150.073
000858.SZ,2022-11-23,0.0,149.47,149.52,149.4,145.0,2167300.0,150.072
000858.SZ,2022-11-23,0.0,149.46,149.51,149.4,208.0,3108260.0,150.071
000858.SZ,2022-11-23,0.0,149.39,149.46,149.39,807.0,12055300.0,150.065
000858.SZ,2022-11-23,0.0,149.42,149.44,149.31,699.0,10439900.0,150.06
000858.SZ,2022-11-23,0.0,149.46,149.54,149.38,172.0,2570060.0,150.059
000858.SZ,2022-11-23,0.0,149.49,149.5,149.42,184.0,2750050.0,150.058
000858.SZ,2022-11-23,0.0,149.5,149.51,149.42,134.0,2003180.0,150.057
000858.SZ,2022-11-23,0.0,149.5,149.55,149.45,188.0,2810980.0,150.056
000858.SZ,2022-11-23,0.0,149.46,149.55,149.46,122.0,1823870.0,150.055
000858.SZ,2022-11-23,0.0,149.48,149.53,149.46,220.0,3288880.0,150.054
000858.SZ,2022-11-23,0.0,149.5,149.53,149.47,358.0,5351760.0,150.052
000858.SZ,2022-11-23,0.0,149.53,149.55,149.5,209.0,3125070.0,150.051
000858.SZ,2022-11-23,0.0,149.56,149.59,149.53,180.0,2691730.0,150.05
000858.SZ,2022-11-23,0.0,149.58,149.59,149.55,251.0,3754270.0,150.049
000858.SZ,2022-11-23,0.0,149.55,149.6,149.54,163.0,2438100.0,150.048
000858.SZ,2022-11-23,0.0,149.69,149.71,149.54,626.0,9369870.0,150.046
000858.SZ,2022-11-23,0.0,149.6,149.68,149.57,77.0,1152020.0,150.046
000858.SZ,2022-11-23,0.0,149.76,149.76,149.55,513.0,7676600.0,150.044
000858.SZ,2022-11-23,0.0,149.79,149.88,149.75,244.0,3654700.0,150.043
000858.SZ,2022-11-23,0.0,149.74,149.8,149.74,168.0,2516280.0,150.043
000858.SZ,2022-11-23,0.0,149.77,149.78,149.74,97.0,1452670.0,150.042
000858.SZ,2022-11-23,0.0,149.78,149.78,149.74,179.0,2680790.0,150.042
000858.SZ,2022-11-23,0.0,149.87,149.87,149.74,246.0,3685240.0,150.041
000858.SZ,2022-11-23,0.0,149.87,149.96,149.87,265.0,3972300.0,150.041
000858.SZ,2022-11-23,0.0,149.83,149.9,149.8,308.0,4615510.0,150.04
000858.SZ,2022-11-23,0.0,149.8,149.84,149.77,234.0,3505390.0,150.04
000858.SZ,2022-11-23,0.0,149.71,149.8,149.7,332.0,4971010.0,150.039
000858.SZ,2022-11-23,0.0,149.77,149.77,149.7,214.0,3204150.0,150.038
000858.SZ,2022-11-23,0.0,149.79,149.83,149.77,331.0,4958420.0,150.037
000858.SZ,2022-11-23,0.0,149.71,149.8,149.7,250.0,3743290.0,150.037
000858.SZ,2022-11-23,0.0,149.71,149.75,149.69,329.0,4925670.0,150.036
000858.SZ,2022-11-23,0.0,149.69,149.72,149.68,501.0,7499750.0,150.034
000858.SZ,2022-11-23,0.0,149.56,149.69,149.56,690.0,10323000.0,150.031
000858.SZ,2022-11-23,0.0,149.49,149.51,149.48,667.0,9971710.0,150.028
000858.SZ,2022-11-23,0.0,149.56,149.56,149.48,552.0,8252960.0,150.026
000858.SZ,2022-11-23,0.0,149.63,149.63,149.53,322.0,4816410.0,150.024
000858.SZ,2022-11-23,0.0,149.67,149.68,149.58,474.0,7093090.0,150.023
000858.SZ,2022-11-23,0.0,149.78,149.78,149.67,580.0,8682630.0,150.021
000858.SZ,2022-11-23,0.0,149.75,149.8,149.73,686.0,10273500.0,150.019
000858.SZ,2022-11-23,0.0,149.9,149.96,149.74,1378.0,20649200.0,150.017
000858.SZ,2022-11-23,0.0,149.9,149.9,149.9,10.0,149900.0,150.017
000858.SZ,2022-11-23,0.0,149.9,149.9,149.9,0.0,0.0,150.017
000858.SZ,2022-11-23,0.0,149.77,149.77,149.77,1252.0,18751200.0,150.014
000858.SZ,2022-11-24,0.0,151.0,151.0,151.0,755.0,11400500.0,151.0
000858.SZ,2022-11-24,0.0,151.24,151.49,150.13,3962.0,59823500.0,150.994
000858.SZ,2022-11-24,0.0,151.31,151.31,150.61,1219.0,18413500.0,151.007
000858.SZ,2022-11-24,0.0,150.25,151.22,150.25,1524.0,23012600.0,151.005
000858.SZ,2022-11-24,0.0,150.7,150.7,150.13,1292.0,19441400.0,150.927
000858.SZ,2022-11-24,0.0,150.42,150.7,150.32,842.0,12667900.0,150.885
000858.SZ,2022-11-24,0.0,150.58,150.71,150.4,757.0,11397900.0,150.862
000858.SZ,2022-11-24,0.0,150.15,150.5,149.83,1341.0,20127900.0,150.774
000858.SZ,2022-11-24,0.0,149.94,150.15,149.78,1090.0,16350000.0,150.708
000858.SZ,2022-11-24,0.0,150.27,150.47,150.09,910.0,13673000.0,150.678
000858.SZ,2022-11-24,0.0,150.0,150.27,149.9,765.0,11476600.0,150.643
000858.SZ,2022-11-24,0.0,149.92,150.08,149.84,1069.0,16030300.0,150.596
000858.SZ,2022-11-24,0.0,149.8,149.97,149.6,1176.0,17615800.0,150.539
000858.SZ,2022-11-24,0.0,150.17,150.2,149.78,866.0,12985800.0,150.51
000858.SZ,2022-11-24,0.0,150.0,150.19,149.9,468.0,7023690.0,150.499
000858.SZ,2022-11-24,0.0,150.1,150.18,150.0,417.0,6257760.0,150.489
000858.SZ,2022-11-24,0.0,149.91,150.0,149.85,703.0,10539100.0,150.468
000858.SZ,2022-11-24,0.0,150.06,150.15,149.9,598.0,8970670.0,150.455
000858.SZ,2022-11-24,0.0,150.01,150.26,150.0,581.0,8718770.0,150.443
000858.SZ,2022-11-24,0.0,149.43,150.01,149.43,1046.0,15665600.0,150.41
000858.SZ,2022-11-24,0.0,149.56,149.61,149.35,684.0,10225000.0,150.382
000858.SZ,2022-11-24,0.0,149.69,149.7,149.58,392.0,5866840.0,150.369
000858.SZ,2022-11-24,0.0,149.58,149.74,149.58,501.0,7498870.0,150.354
000858.SZ,2022-11-24,0.0,149.5,149.61,149.44,607.0,9075740.0,150.333
000858.SZ,2022-11-24,0.0,149.89,149.89,149.44,858.0,12835500.0,150.307
000858.SZ,2022-11-24,0.0,149.78,149.89,149.77,379.0,5677380.0,150.299
000858.SZ,2022-11-24,0.0,149.95,149.99,149.78,421.0,6309670.0,150.292
000858.SZ,2022-11-24,0.0,149.6,149.95,149.58,534.0,7995000.0,150.28
000858.SZ,2022-11-24,0.0,149.6,149.62,149.56,281.0,4203150.0,150.272
000858.SZ,2022-11-24,0.0,149.62,149.62,149.55,379.0,5661240.0,150.262
000858.SZ,2022-11-24,0.0,149.6,149.7,149.6,183.0,2738180.0,150.258
000858.SZ,2022-11-24,0.0,149.16,149.58,149.07,1419.0,21195300.0,150.213
000858.SZ,2022-11-24,0.0,149.06,149.1,149.0,1540.0,22951100.0,150.152
000858.SZ,2022-11-24,0.0,149.05,149.05,148.99,968.0,14424700.0,150.115
000858.SZ,2022-11-24,0.0,148.75,149.0,148.72,1049.0,15618500.0,150.075
000858.SZ,2022-11-24,0.0,148.77,148.79,148.58,931.0,13844400.0,150.035
000858.SZ,2022-11-24,0.0,148.81,148.87,148.79,613.0,9123040.0,150.013
000858.SZ,2022-11-24,0.0,148.99,149.0,148.8,568.0,8459090.0,149.995
000858.SZ,2022-11-24,0.0,148.97,149.0,148.88,533.0,7938580.0,149.978
000858.SZ,2022-11-24,0.0,149.14,149.26,148.95,526.0,7840190.0,149.964
000858.SZ,2022-11-24,0.0,149.01,149.3,149.01,343.0,5117010.0,149.957
000858.SZ,2022-11-24,0.0,148.97,149.02,148.88,659.0,9814710.0,149.938
000858.SZ,2022-11-24,0.0,148.95,148.96,148.9,300.0,4467750.0,149.929
000858.SZ,2022-11-24,0.0,148.85,148.94,148.84,702.0,10448700.0,149.91
000858.SZ,2022-11-24,0.0,148.83,148.86,148.81,539.0,8021900.0,149.894
000858.SZ,2022-11-24,0.0,148.85,148.88,148.82,495.0,7367730.0,149.88
000858.SZ,2022-11-24,0.0,148.88,148.89,148.84,483.0,7189850.0,149.867
000858.SZ,2022-11-24,0.0,148.83,148.94,148.83,652.0,9707010.0,149.851
000858.SZ,2022-11-24,0.0,148.54,148.77,148.5,2382.0,35401700.0,149.779
000858.SZ,2022-11-24,0.0,148.7,148.7,148.52,608.0,9032860.0,149.761
000858.SZ,2022-11-24,0.0,148.95,148.95,148.64,445.0,6622230.0,149.752
000858.SZ,2022-11-24,0.0,148.9,148.98,148.87,286.0,4258840.0,149.746
000858.SZ,2022-11-24,0.0,148.93,148.94,148.87,329.0,4898680.0,149.739
000858.SZ,2022-11-24,0.0,148.79,148.93,148.79,442.0,6579180.0,149.73
000858.SZ,2022-11-24,0.0,148.8,148.8,148.78,340.0,5058660.0,149.723
000858.SZ,2022-11-24,0.0,148.77,148.8,148.75,231.0,3436630.0,149.718
000858.SZ,2022-11-24,0.0,148.7,148.78,148.7,321.0,4774080.0,149.711
000858.SZ,2022-11-24,0.0,148.65,148.7,148.65,482.0,7165590.0,149.7
000858.SZ,2022-11-24,0.0,148.56,148.65,148.52,789.0,11723700.0,149.68
000858.SZ,2022-11-24,0.0,148.55,148.58,148.52,358.0,5317530.0,149.671
000858.SZ,2022-11-24,0.0,148.62,148.62,148.55,275.0,4085710.0,149.665
000858.SZ,2022-11-24,0.0,148.32,148.62,148.3,2756.0,40919500.0,149.598
000858.SZ,2022-11-24,0.0,148.34,148.39,148.32,553.0,8203280.0,149.584
000858.SZ,2022-11-24,0.0,148.23,148.37,148.18,1233.0,18281800.0,149.552
000858.SZ,2022-11-24,0.0,148.31,148.31,148.23,365.0,5411280.0,149.543
000858.SZ,2022-11-24,0.0,148.3,148.38,148.29,459.0,6808440.0,149.532
000858.SZ,2022-11-24,0.0,148.07,148.3,148.04,1765.0,26151400.0,149.487
000858.SZ,2022-11-24,0.0,148.02,148.05,148.0,1990.0,29455400.0,149.434
000858.SZ,2022-11-24,0.0,147.9,148.0,147.85,3569.0,52812800.0,149.345
000858.SZ,2022-11-24,0.0,148.12,148.12,147.9,920.0,13608600.0,149.324
000858.SZ,2022-11-24,0.0,148.19,148.19,148.12,288.0,4266940.0,149.319
000858.SZ,2022-11-24,0.0,148.38,148.38,148.21,269.0,3985190.0,149.314
000858.SZ,2022-11-24,0.0,148.4,148.42,148.36,355.0,5268410.0,149.309
000858.SZ,2022-11-24,0.0,148.38,148.4,148.36,339.0,5030020.0,149.304
000858.SZ,2022-11-24,0.0,148.54,148.54,148.38,372.0,5522810.0,149.299
000858.SZ,2022-11-24,0.0,148.39,148.5,148.38,473.0,7020400.0,149.292
000858.SZ,2022-11-24,0.0,148.53,148.53,148.39,351.0,5209690.0,149.287
000858.SZ,2022-11-24,0.0,148.68,148.68,148.53,258.0,3834010.0,149.284
000858.SZ,2022-11-24,0.0,148.4,148.68,148.4,488.0,7250740.0,149.279
000858.SZ,2022-11-24,0.0,148.51,148.55,148.48,289.0,4291490.0,149.275
000858.SZ,2022-11-24,0.0,148.56,148.6,148.48,202.0,3000620.0,149.273
000858.SZ,2022-11-24,0.0,148.59,148.59,148.53,191.0,2837770.0,149.271
000858.SZ,2022-11-24,0.0,148.48,148.67,148.48,685.0,10176600.0,149.263
000858.SZ,2022-11-24,0.0,148.38,148.55,148.38,392.0,5816000.0,149.258
000858.SZ,2022-11-24,0.0,148.3,148.4,148.2,889.0,13190000.0,149.246
000858.SZ,2022-11-24,0.0,148.68,148.68,148.3,340.0,5044510.0,149.242
000858.SZ,2022-11-24,0.0,148.52,148.7,148.3,807.0,11977800.0,149.232
000858.SZ,2022-11-24,0.0,148.47,148.57,148.38,492.0,7293900.0,149.225
000858.SZ,2022-11-24,0.0,148.47,148.47,148.4,209.0,3102590.0,149.222
000858.SZ,2022-11-24,0.0,148.43,148.47,148.42,216.0,3206480.0,149.22
000858.SZ,2022-11-24,0.0,148.17,148.47,148.17,437.0,6480300.0,149.214
000858.SZ,2022-11-24,0.0,148.47,148.47,148.15,489.0,7251260.0,149.207
000858.SZ,2022-11-24,0.0,148.31,148.45,148.27,197.0,2921980.0,149.205
000858.SZ,2022-11-24,0.0,148.32,148.43,148.28,208.0,3086120.0,149.202
000858.SZ,2022-11-24,0.0,148.38,148.43,148.32,73.0,1083200.0,149.201
000858.SZ,2022-11-24,0.0,148.36,148.41,148.31,182.0,2700130.0,149.199
000858.SZ,2022-11-24,0.0,148.33,148.38,148.33,205.0,3041110.0,149.197
000858.SZ,2022-11-24,0.0,148.08,148.35,148.08,488.0,7230950.0,149.19
000858.SZ,2022-11-24,0.0,148.01,148.08,148.01,431.0,6379970.0,149.182
000858.SZ,2022-11-24,0.0,148.02,148.08,148.0,705.0,10435200.0,149.171
000858.SZ,2022-11-24,0.0,148.03,148.03,148.01,208.0,3078860.0,149.168
000858.SZ,2022-11-24,0.0,148.02,148.05,148.01,400.0,5921000.0,149.161
000858.SZ,2022-11-24,0.0,147.92,148.02,147.91,1361.0,20141100.0,149.139
000858.SZ,2022-11-24,0.0,147.74,147.92,147.65,2397.0,35427500.0,149.097
000858.SZ,2022-11-24,0.0,147.73,147.75,147.69,553.0,8168340.0,149.087
000858.SZ,2022-11-24,0.0,147.83,147.99,147.75,669.0,9892870.0,149.077
000858.SZ,2022-11-24,0.0,147.7,147.83,147.68,1220.0,18024900.0,149.056
000858.SZ,2022-11-24,0.0,147.67,147.69,147.66,900.0,13291100.0,149.04
000858.SZ,2022-11-24,0.0,147.8,147.8,147.67,560.0,8272830.0,149.031
000858.SZ,2022-11-24,0.0,147.69,147.77,147.69,622.0,9189730.0,149.021
000858.SZ,2022-11-24,0.0,147.69,147.7,147.65,789.0,11652500.0,149.008
000858.SZ,2022-11-24,0.0,147.86,147.86,147.66,318.0,4698910.0,149.003
000858.SZ,2022-11-24,0.0,147.83,147.96,147.83,461.0,6818350.0,148.997
000858.SZ,2022-11-24,0.0,147.89,147.89,147.84,135.0,1996240.0,148.995
000858.SZ,2022-11-24,0.0,148.1,148.1,147.84,297.0,4393710.0,148.991
000858.SZ,2022-11-24,0.0,148.25,148.26,148.03,275.0,4073170.0,148.988
000858.SZ,2022-11-24,0.0,147.94,148.2,147.88,428.0,6334890.0,148.983
000858.SZ,2022-11-24,0.0,148.13,148.13,147.9,221.0,3272180.0,148.98
000858.SZ,2022-11-24,0.0,148.25,148.25,148.04,262.0,3880060.0,148.978
000858.SZ,2022-11-24,0.0,148.11,148.17,148.0,215.0,3183770.0,148.975
000858.SZ,2022-11-24,0.0,148.0,148.17,147.99,347.0,5137200.0,148.972
000858.SZ,2022-11-24,0.0,148.41,148.48,148.0,785.0,11634100.0,148.964
000858.SZ,2022-11-24,0.0,148.18,148.48,148.09,348.0,5160180.0,148.962
000858.SZ,2022-11-24,0.0,148.19,148.35,148.0,752.0,11135800.0,148.954
000858.SZ,2022-11-24,0.0,147.99,148.19,147.99,355.0,5256270.0,148.95
000858.SZ,2022-11-24,0.0,148.14,148.35,148.0,296.0,4384770.0,148.947
000858.SZ,2022-11-24,0.0,148.15,148.15,148.04,225.0,3332660.0,148.945
000858.SZ,2022-11-24,0.0,148.1,148.2,148.08,246.0,3643620.0,148.943
000858.SZ,2022-11-24,0.0,148.05,148.17,148.02,453.0,6707770.0,148.938
000858.SZ,2022-11-24,0.0,148.05,148.06,148.0,418.0,6187280.0,148.934
000858.SZ,2022-11-24,0.0,147.88,148.0,147.88,449.0,6643010.0,148.929
000858.SZ,2022-11-24,0.0,147.88,148.0,147.85,373.0,5517120.0,148.925
000858.SZ,2022-11-24,0.0,147.89,147.91,147.87,354.0,5235060.0,148.921
000858.SZ,2022-11-24,0.0,147.9,148.0,147.87,563.0,8329050.0,148.914
000858.SZ,2022-11-24,0.0,147.9,148.0,147.88,546.0,8076970.0,148.908
000858.SZ,2022-11-24,0.0,147.93,148.0,147.89,493.0,7292350.0,148.903
000858.SZ,2022-11-24,0.0,147.87,147.94,147.85,429.0,6344300.0,148.898
000858.SZ,2022-11-24,0.0,147.84,147.88,147.81,217.0,3208150.0,148.896
000858.SZ,2022-11-24,0.0,147.81,147.83,147.8,349.0,5158480.0,148.892
000858.SZ,2022-11-24,0.0,147.8,147.82,147.79,371.0,5483500.0,148.887
000858.SZ,2022-11-24,0.0,147.81,147.81,147.78,257.0,3798270.0,148.884
000858.SZ,2022-11-24,0.0,147.86,147.86,147.81,296.0,4375540.0,148.881
000858.SZ,2022-11-24,0.0,147.9,147.9,147.84,238.0,3519400.0,148.878
000858.SZ,2022-11-24,0.0,147.89,147.96,147.89,205.0,3032510.0,148.876
000858.SZ,2022-11-24,0.0,147.91,147.93,147.88,129.0,1907900.0,148.875
000858.SZ,2022-11-24,0.0,147.88,147.92,147.85,289.0,4273710.0,148.872
000858.SZ,2022-11-24,0.0,148.02,148.17,147.84,607.0,8983180.0,148.866
000858.SZ,2022-11-24,0.0,147.82,148.03,147.82,276.0,4082380.0,148.863
000858.SZ,2022-11-24,0.0,147.83,147.88,147.82,201.0,2971530.0,148.861
000858.SZ,2022-11-24,0.0,147.86,147.86,147.8,324.0,4789290.0,148.857
000858.SZ,2022-11-24,0.0,147.86,147.86,147.8,357.0,5277310.0,148.853
000858.SZ,2022-11-24,0.0,147.8,147.93,147.8,534.0,7895860.0,148.848
000858.SZ,2022-11-24,0.0,147.9,147.9,147.8,317.0,4687410.0,148.845
000858.SZ,2022-11-24,0.0,147.92,147.95,147.9,348.0,5147060.0,148.841
000858.SZ,2022-11-24,0.0,148.06,148.2,147.9,627.0,9281480.0,148.836
000858.SZ,2022-11-24,0.0,147.92,148.06,147.88,239.0,3536080.0,148.834
000858.SZ,2022-11-24,0.0,148.01,148.01,147.87,222.0,3283850.0,148.832
000858.SZ,2022-11-24,0.0,148.18,148.19,147.98,353.0,5227290.0,148.829
000858.SZ,2022-11-24,0.0,148.12,148.21,148.11,350.0,5186440.0,148.827
000858.SZ,2022-11-24,0.0,148.06,148.12,148.06,163.0,2414130.0,148.826
000858.SZ,2022-11-24,0.0,148.07,148.1,148.06,101.0,1495550.0,148.825
000858.SZ,2022-11-24,0.0,147.9,148.09,147.9,408.0,6037000.0,148.821
000858.SZ,2022-11-24,0.0,147.99,148.01,147.89,313.0,4630690.0,148.818
000858.SZ,2022-11-24,0.0,147.9,148.0,147.9,262.0,3876160.0,148.816
000858.SZ,2022-11-24,0.0,147.81,147.9,147.81,508.0,7511260.0,148.811
000858.SZ,2022-11-24,0.0,147.74,147.83,147.71,1027.0,15176800.0,148.801
000858.SZ,2022-11-24,0.0,147.74,147.74,147.68,692.0,10221400.0,148.793
000858.SZ,2022-11-24,0.0,147.72,147.74,147.71,345.0,5096260.0,148.79
000858.SZ,2022-11-24,0.0,147.72,147.73,147.71,418.0,6174450.0,148.785
000858.SZ,2022-11-24,0.0,147.75,147.75,147.7,336.0,4963530.0,148.782
000858.SZ,2022-11-24,0.0,147.77,147.77,147.75,388.0,5732550.0,148.778
000858.SZ,2022-11-24,0.0,147.87,147.92,147.77,420.0,6208820.0,148.774
000858.SZ,2022-11-24,0.0,147.92,147.96,147.84,200.0,2957830.0,148.772
000858.SZ,2022-11-24,0.0,147.96,147.96,147.89,270.0,3993160.0,148.77
000858.SZ,2022-11-24,0.0,148.02,148.02,147.94,305.0,4512730.0,148.768
000858.SZ,2022-11-24,0.0,147.96,148.03,147.95,225.0,3330000.0,148.766
000858.SZ,2022-11-24,0.0,147.9,147.96,147.9,217.0,3209920.0,148.764
000858.SZ,2022-11-24,0.0,147.92,147.95,147.9,236.0,3490750.0,148.762
000858.SZ,2022-11-24,0.0,147.95,147.95,147.92,190.0,2810570.0,148.761
000858.SZ,2022-11-24,0.0,147.91,147.95,147.9,363.0,5370010.0,148.758
000858.SZ,2022-11-24,0.0,147.91,147.94,147.9,122.0,1804550.0,148.757
000858.SZ,2022-11-24,0.0,147.86,147.93,147.8,443.0,6550190.0,148.753
000858.SZ,2022-11-24,0.0,147.85,147.9,147.8,277.0,4095440.0,148.751
000858.SZ,2022-11-24,0.0,147.85,147.9,147.85,395.0,5840920.0,148.748
000858.SZ,2022-11-24,0.0,147.81,147.85,147.8,386.0,5705680.0,148.744
000858.SZ,2022-11-24,0.0,147.8,147.85,147.8,262.0,3872870.0,148.742
000858.SZ,2022-11-24,0.0,147.85,147.85,147.8,293.0,4330800.0,148.739
000858.SZ,2022-11-24,0.0,147.81,147.86,147.8,300.0,4434880.0,148.737
000858.SZ,2022-11-24,0.0,147.83,147.83,147.8,331.0,4892520.0,148.734
000858.SZ,2022-11-24,0.0,147.8,147.84,147.8,218.0,3222480.0,148.732
000858.SZ,2022-11-24,0.0,147.69,147.81,147.67,1583.0,23383000.0,148.718
000858.SZ,2022-11-24,0.0,147.72,147.75,147.67,558.0,8241430.0,148.712
000858.SZ,2022-11-24,0.0,147.77,147.81,147.73,568.0,8393450.0,148.708
000858.SZ,2022-11-24,0.0,147.75,147.78,147.74,432.0,6383300.0,148.704
000858.SZ,2022-11-24,0.0,147.74,147.76,147.74,329.0,4860810.0,148.701
000858.SZ,2022-11-24,0.0,147.7,147.76,147.7,634.0,9365540.0,148.696
000858.SZ,2022-11-24,0.0,147.6,147.7,147.6,1833.0,27064000.0,148.679
000858.SZ,2022-11-24,0.0,147.6,147.61,147.58,946.0,13963200.0,148.67
000858.SZ,2022-11-24,0.0,147.53,147.6,147.5,2117.0,31234100.0,148.65
000858.SZ,2022-11-24,0.0,147.52,147.54,147.51,1039.0,15326300.0,148.64
000858.SZ,2022-11-24,0.0,147.5,147.51,147.49,1879.0,27716200.0,148.622
000858.SZ,2022-11-24,0.0,147.48,147.55,147.48,934.0,13776100.0,148.613
000858.SZ,2022-11-24,0.0,147.46,147.49,147.44,858.0,12652700.0,148.605
000858.SZ,2022-11-24,0.0,147.42,147.46,147.4,888.0,13091400.0,148.597
000858.SZ,2022-11-24,0.0,147.38,147.42,147.37,707.0,10421200.0,148.59
000858.SZ,2022-11-24,0.0,147.39,147.39,147.36,539.0,7943770.0,148.585
000858.SZ,2022-11-24,0.0,147.35,147.39,147.34,634.0,9342640.0,148.578
000858.SZ,2022-11-24,0.0,147.35,147.35,147.32,562.0,8280520.0,148.573
000858.SZ,2022-11-24,0.0,147.31,147.34,147.3,850.0,12521900.0,148.564
000858.SZ,2022-11-24,0.0,147.19,147.31,147.19,975.0,14357900.0,148.554
000858.SZ,2022-11-24,0.0,147.04,147.14,147.0,2280.0,33526400.0,148.528
000858.SZ,2022-11-24,0.0,147.02,147.11,147.0,1907.0,28038100.0,148.506
000858.SZ,2022-11-24,0.0,147.12,147.12,147.03,1379.0,20280400.0,148.491
000858.SZ,2022-11-24,0.0,147.24,147.24,147.12,491.0,7227430.0,148.486
000858.SZ,2022-11-24,0.0,147.33,147.33,147.25,453.0,6671720.0,148.482
000858.SZ,2022-11-24,0.0,147.34,147.34,147.31,446.0,6570840.0,148.478
000858.SZ,2022-11-24,0.0,147.33,147.35,147.31,612.0,9016440.0,148.473
000858.SZ,2022-11-24,0.0,147.29,147.36,147.29,781.0,11506000.0,148.467
000858.SZ,2022-11-24,0.0,147.14,147.34,147.14,814.0,11985100.0,148.459
000858.SZ,2022-11-24,0.0,147.05,147.14,147.03,681.0,10016900.0,148.452
000858.SZ,2022-11-24,0.0,147.03,147.05,147.02,1045.0,15364800.0,148.442
000858.SZ,2022-11-24,0.0,147.12,147.12,147.03,1104.0,16237200.0,148.431
000858.SZ,2022-11-24,0.0,147.11,147.15,147.11,648.0,9533220.0,148.425
000858.SZ,2022-11-24,0.0,147.11,147.11,147.1,727.0,10694600.0,148.418
000858.SZ,2022-11-24,0.0,147.11,147.11,147.08,934.0,13739600.0,148.409
000858.SZ,2022-11-24,0.0,147.06,147.11,147.06,547.0,8045380.0,148.404
000858.SZ,2022-11-24,0.0,147.08,147.1,147.06,888.0,13056200.0,148.396
000858.SZ,2022-11-24,0.0,147.09,147.1,147.08,701.0,10311100.0,148.39
000858.SZ,2022-11-24,0.0,147.2,147.27,147.1,693.0,10200300.0,148.384
000858.SZ,2022-11-24,0.0,147.43,147.43,147.19,510.0,7516760.0,148.38
000858.SZ,2022-11-24,0.0,147.42,147.43,147.41,404.0,5955590.0,148.377
000858.SZ,2022-11-24,0.0,147.55,147.56,147.43,621.0,9163420.0,148.374
000858.SZ,2022-11-24,0.0,147.7,147.7,147.55,413.0,6091510.0,148.371
000858.SZ,2022-11-24,0.0,147.82,147.94,147.69,615.0,9097640.0,148.369
000858.SZ,2022-11-24,0.0,147.78,147.82,147.74,697.0,10294300.0,148.366
000858.SZ,2022-11-24,0.0,147.77,147.78,147.75,697.0,10295300.0,148.364
000858.SZ,2022-11-24,0.0,147.79,147.8,147.77,627.0,9270250.0,148.361
000858.SZ,2022-11-24,0.0,147.79,147.82,147.77,805.0,11893100.0,148.358
000858.SZ,2022-11-24,0.0,147.81,147.81,147.81,18.0,266050.0,148.358
000858.SZ,2022-11-24,0.0,147.81,147.81,147.81,0.0,0.0,148.358
000858.SZ,2022-11-24,0.0,147.81,147.81,147.81,1076.0,15904400.0,148.354
000858.SZ,2022-11-25,0.0,147.93,147.93,147.93,675.0,9985280.0,147.93
000858.SZ,2022-11-25,0.0,147.6,148.18,147.51,2027.0,29978900.0,147.931
000858.SZ,2022-11-25,0.0,146.66,147.68,146.55,1401.0,20611200.0,147.653
000858.SZ,2022-11-25,0.0,147.33,147.37,146.66,836.0,12300100.0,147.564
000858.SZ,2022-11-25,0.0,147.0,147.57,147.0,565.0,8317820.0,147.529
000858.SZ,2022-11-25,0.0,146.7,147.05,146.7,922.0,13547700.0,147.444
000858.SZ,2022-11-25,0.0,146.61,146.88,146.6,1710.0,25097600.0,147.302
000858.SZ,2022-11-25,0.0,146.57,146.65,146.55,1444.0,21166500.0,147.194
000858.SZ,2022-11-25,0.0,146.5,146.56,146.4,1623.0,23777200.0,147.094
000858.SZ,2022-11-25,0.0,146.76,146.87,146.5,608.0,8918540.0,147.073
000858.SZ,2022-11-25,0.0,146.65,146.88,146.6,1414.0,20749500.0,147.038
000858.SZ,2022-11-25,0.0,147.22,147.22,146.61,712.0,10465600.0,147.035
000858.SZ,2022-11-25,0.0,147.5,147.56,147.24,873.0,12869900.0,147.058
000858.SZ,2022-11-25,0.0,147.42,147.55,147.4,907.0,13374500.0,147.081
000858.SZ,2022-11-25,0.0,147.36,147.52,147.36,432.0,6369520.0,147.091
000858.SZ,2022-11-25,0.0,146.97,147.3,146.97,415.0,6104470.0,147.091
000858.SZ,2022-11-25,0.0,147.3,147.4,146.95,453.0,6668240.0,147.094
000858.SZ,2022-11-25,0.0,147.54,147.6,147.38,489.0,7213880.0,147.106
000858.SZ,2022-11-25,0.0,147.92,147.95,147.6,427.0,6311350.0,147.122
000858.SZ,2022-11-25,0.0,147.67,147.82,147.61,691.0,10211400.0,147.147
000858.SZ,2022-11-25,0.0,147.68,147.74,147.51,350.0,5174210.0,147.156
000858.SZ,2022-11-25,0.0,147.5,147.96,147.5,959.0,14161100.0,147.184
000858.SZ,2022-11-25,0.0,147.55,147.78,147.52,474.0,6996860.0,147.194
000858.SZ,2022-11-25,0.0,147.52,147.56,147.48,282.0,4154320.0,147.199
000858.SZ,2022-11-25,0.0,147.33,147.5,147.3,279.0,4112420.0,147.202
000858.SZ,2022-11-25,0.0,147.38,147.44,147.32,164.0,2416970.0,147.203
000858.SZ,2022-11-25,0.0,147.21,147.38,147.21,179.0,2636950.0,147.204
000858.SZ,2022-11-25,0.0,147.17,147.26,147.17,375.0,5520180.0,147.204
000858.SZ,2022-11-25,0.0,147.45,147.54,147.18,828.0,12198100.0,147.208
000858.SZ,2022-11-25,0.0,147.5,147.54,147.42,373.0,5500230.0,147.212
000858.SZ,2022-11-25,0.0,147.42,147.51,147.42,328.0,4836930.0,147.216
000858.SZ,2022-11-25,0.0,147.75,147.96,147.41,981.0,14481000.0,147.234
000858.SZ,2022-11-25,0.0,147.75,147.83,147.75,388.0,5734290.0,147.243
000858.SZ,2022-11-25,0.0,147.67,147.8,147.6,275.0,4062180.0,147.248
000858.SZ,2022-11-25,0.0,147.9,147.98,147.7,1024.0,15147100.0,147.272
000858.SZ,2022-11-25,0.0,147.94,147.95,147.85,350.0,5176750.0,147.281
000858.SZ,2022-11-25,0.0,147.82,147.93,147.82,371.0,5486870.0,147.289
000858.SZ,2022-11-25,0.0,147.6,147.8,147.5,304.0,4486640.0,147.293
000858.SZ,2022-11-25,0.0,147.79,147.88,147.62,302.0,4463060.0,147.298
000858.SZ,2022-11-25,0.0,147.44,147.76,147.4,450.0,6639310.0,147.302
000858.SZ,2022-11-25,0.0,147.42,147.52,147.42,334.0,4924280.0,147.304
000858.SZ,2022-11-25,0.0,147.33,147.51,147.33,522.0,7694660.0,147.306
000858.SZ,2022-11-25,0.0,147.45,147.45,147.33,174.0,2564290.0,147.306
000858.SZ,2022-11-25,0.0,147.35,147.63,147.35,272.0,4010420.0,147.307
000858.SZ,2022-11-25,0.0,146.9,147.36,146.9,1024.0,15061400.0,147.3
000858.SZ,2022-11-25,0.0,147.18,147.27,146.87,421.0,6190130.0,147.296
000858.SZ,2022-11-25,0.0,147.15,147.33,147.09,314.0,4621660.0,147.295
000858.SZ,2022-11-25,0.0,147.11,147.15,147.05,310.0,4560060.0,147.293
000858.SZ,2022-11-25,0.0,147.02,147.14,147.02,301.0,4427250.0,147.291
000858.SZ,2022-11-25,0.0,146.92,147.02,146.91,413.0,6070900.0,147.287
000858.SZ,2022-11-25,0.0,146.86,146.96,146.86,343.0,5038490.0,147.283
000858.SZ,2022-11-25,0.0,146.89,146.98,146.86,384.0,5641490.0,147.279
000858.SZ,2022-11-25,0.0,146.86,146.89,146.84,468.0,6870500.0,147.273
000858.SZ,2022-11-25,0.0,146.95,146.99,146.86,207.0,3040710.0,147.271
000858.SZ,2022-11-25,0.0,146.94,146.99,146.91,226.0,3320880.0,147.268
000858.SZ,2022-11-25,0.0,147.32,147.32,146.9,694.0,10202700.0,147.263
000858.SZ,2022-11-25,0.0,147.12,147.29,147.01,321.0,4723010.0,147.262
000858.SZ,2022-11-25,0.0,147.03,147.2,147.03,192.0,2824090.0,147.261
000858.SZ,2022-11-25,0.0,146.9,147.05,146.9,539.0,7922410.0,147.257
000858.SZ,2022-11-25,0.0,146.91,146.93,146.88,246.0,3613790.0,147.254
000858.SZ,2022-11-25,0.0,147.0,147.02,146.89,394.0,5789760.0,147.251
000858.SZ,2022-11-25,0.0,147.27,147.3,147.01,206.0,3031580.0,147.25
000858.SZ,2022-11-25,0.0,147.38,147.4,147.29,201.0,2961380.0,147.251
000858.SZ,2022-11-25,0.0,147.69,147.7,147.4,291.0,4294030.0,147.253
000858.SZ,2022-11-25,0.0,147.72,147.72,147.58,489.0,7220060.0,147.259
000858.SZ,2022-11-25,0.0,147.6,147.72,147.55,423.0,6246490.0,147.263
000858.SZ,2022-11-25,0.0,147.48,147.6,147.48,310.0,4573450.0,147.265
000858.SZ,2022-11-25,0.0,147.78,147.87,147.5,704.0,10395900.0,147.274
000858.SZ,2022-11-25,0.0,147.54,147.8,147.51,334.0,4930990.0,147.277
000858.SZ,2022-11-25,0.0,147.7,147.7,147.53,241.0,3557750.0,147.279
000858.SZ,2022-11-25,0.0,147.57,147.7,147.57,238.0,3513590.0,147.281
000858.SZ,2022-11-25,0.0,147.69,147.71,147.58,569.0,8401830.0,147.287
000858.SZ,2022-11-25,0.0,147.65,147.69,147.57,176.0,2597890.0,147.288
000858.SZ,2022-11-25,0.0,147.6,147.67,147.6,257.0,3793820.0,147.29
000858.SZ,2022-11-25,0.0,147.55,147.6,147.53,198.0,2921840.0,147.292
000858.SZ,2022-11-25,0.0,147.5,147.55,147.5,182.0,2684930.0,147.293
000858.SZ,2022-11-25,0.0,147.41,147.51,147.41,204.0,3007850.0,147.293
000858.SZ,2022-11-25,0.0,147.5,147.62,147.43,258.0,3806040.0,147.295
000858.SZ,2022-11-25,0.0,147.4,147.54,147.38,275.0,4054480.0,147.296
000858.SZ,2022-11-25,0.0,147.3,147.39,147.3,263.0,3874640.0,147.296
000858.SZ,2022-11-25,0.0,147.26,147.3,147.26,189.0,2783660.0,147.296
000858.SZ,2022-11-25,0.0,147.07,147.26,147.06,165.0,2428240.0,147.295
000858.SZ,2022-11-25,0.0,147.2,147.2,147.09,280.0,4119080.0,147.294
000858.SZ,2022-11-25,0.0,147.22,147.34,147.15,206.0,3032840.0,147.294
000858.SZ,2022-11-25,0.0,147.05,147.22,147.05,178.0,2619000.0,147.293
000858.SZ,2022-11-25,0.0,147.08,147.08,147.05,195.0,2867590.0,147.292
000858.SZ,2022-11-25,0.0,147.04,147.08,147.04,539.0,7926400.0,147.289
000858.SZ,2022-11-25,0.0,147.0,147.04,147.0,286.0,4204580.0,147.287
000858.SZ,2022-11-25,0.0,147.01,147.02,147.0,244.0,3586930.0,147.286
000858.SZ,2022-11-25,0.0,147.26,147.3,147.01,169.0,2486090.0,147.285
000858.SZ,2022-11-25,0.0,147.21,147.27,147.19,130.0,1913910.0,147.285
000858.SZ,2022-11-25,0.0,147.45,147.52,147.26,277.0,4083240.0,147.286
000858.SZ,2022-11-25,0.0,147.59,147.59,147.43,316.0,4663360.0,147.287
000858.SZ,2022-11-25,0.0,147.48,147.62,147.45,127.0,1870370.0,147.288
000858.SZ,2022-11-25,0.0,147.38,147.49,147.34,159.0,2344080.0,147.288
000858.SZ,2022-11-25,0.0,147.2,147.36,147.2,281.0,4137360.0,147.288
000858.SZ,2022-11-25,0.0,147.22,147.33,147.2,254.0,3740690.0,147.288
000858.SZ,2022-11-25,0.0,147.29,147.29,147.2,107.0,1575500.0,147.288
000858.SZ,2022-11-25,0.0,147.27,147.28,147.18,93.0,1369280.0,147.288
000858.SZ,2022-11-25,0.0,147.17,147.27,147.17,113.0,1663610.0,147.287
000858.SZ,2022-11-25,0.0,147.16,147.2,147.15,108.0,1589570.0,147.287
000858.SZ,2022-11-25,0.0,147.12,147.2,147.1,193.0,2839890.0,147.287
000858.SZ,2022-11-25,0.0,147.12,147.2,147.12,145.0,2133740.0,147.286
000858.SZ,2022-11-25,0.0,147.17,147.19,147.08,254.0,3736570.0,147.285
000858.SZ,2022-11-25,0.0,147.16,147.18,147.06,260.0,3826000.0,147.285
000858.SZ,2022-11-25,0.0,147.06,147.16,147.02,189.0,2779680.0,147.284
000858.SZ,2022-11-25,0.0,147.18,147.19,147.04,345.0,5074160.0,147.282
000858.SZ,2022-11-25,0.0,147.14,147.19,147.05,254.0,3729810.0,147.281
000858.SZ,2022-11-25,0.0,147.07,147.18,147.07,78.0,1147350.0,147.281
000858.SZ,2022-11-25,0.0,147.03,147.08,147.03,141.0,2073450.0,147.28
000858.SZ,2022-11-25,0.0,147.05,147.05,147.01,204.0,2999490.0,147.279
000858.SZ,2022-11-25,0.0,147.18,147.2,147.02,428.0,6292560.0,147.278
000858.SZ,2022-11-25,0.0,147.16,147.18,147.03,97.0,1427200.0,147.277
000858.SZ,2022-11-25,0.0,147.07,147.16,147.05,159.0,2339040.0,147.277
000858.SZ,2022-11-25,0.0,147.03,147.07,147.02,130.0,1911480.0,147.276
000858.SZ,2022-11-25,0.0,147.07,147.07,147.04,78.0,1147040.0,147.276
000858.SZ,2022-11-25,0.0,147.06,147.07,147.03,124.0,1829280.0,147.275
000858.SZ,2022-11-25,0.0,147.08,147.14,147.04,173.0,2538870.0,147.275
000858.SZ,2022-11-25,0.0,147.1,147.14,147.06,119.0,1750450.0,147.274
000858.SZ,2022-11-25,0.0,147.14,147.14,147.06,161.0,2368580.0,147.274
000858.SZ,2022-11-25,0.0,147.24,147.24,147.1,136.0,2001360.0,147.273
000858.SZ,2022-11-25,0.0,147.39,147.48,147.28,522.0,7691290.0,147.274
000858.SZ,2022-11-25,0.0,147.44,147.44,147.29,275.0,4051940.0,147.274
000858.SZ,2022-11-25,0.0,147.26,147.4,147.25,152.0,2239260.0,147.275
000858.SZ,2022-11-25,0.0,147.29,147.3,147.24,317.0,4668040.0,147.274
000858.SZ,2022-11-25,0.0,147.58,147.58,147.24,437.0,6447870.0,147.276
000858.SZ,2022-11-25,0.0,147.9,147.93,147.59,1270.0,18777600.0,147.289
000858.SZ,2022-11-25,0.0,148.17,148.17,147.83,2172.0,32146600.0,147.318
000858.SZ,2022-11-25,0.0,148.1,148.28,148.1,1742.0,25816000.0,147.345
000858.SZ,2022-11-25,0.0,147.89,148.1,147.81,394.0,5827560.0,147.349
000858.SZ,2022-11-25,0.0,148.19,148.19,147.9,594.0,8793200.0,147.356
000858.SZ,2022-11-25,0.0,148.36,148.46,148.2,1704.0,25276000.0,147.384
000858.SZ,2022-11-25,0.0,148.1,148.39,148.0,330.0,4891460.0,147.389
000858.SZ,2022-11-25,0.0,148.0,148.09,147.93,265.0,3922170.0,147.391
000858.SZ,2022-11-25,0.0,148.06,148.09,148.01,278.0,4115390.0,147.394
000858.SZ,2022-11-25,0.0,147.98,148.07,147.98,604.0,8939800.0,147.4
000858.SZ,2022-11-25,0.0,148.1,148.22,148.05,841.0,12463100.0,147.411
000858.SZ,2022-11-25,0.0,148.13,148.2,148.09,222.0,3289100.0,147.414
000858.SZ,2022-11-25,0.0,148.05,148.15,148.03,298.0,4412940.0,147.417
000858.SZ,2022-11-25,0.0,148.4,148.4,148.02,700.0,10372300.0,147.426
000858.SZ,2022-11-25,0.0,148.38,148.44,148.27,939.0,13934600.0,147.44
000858.SZ,2022-11-25,0.0,148.25,148.38,148.2,307.0,4551950.0,147.444
000858.SZ,2022-11-25,0.0,148.06,148.21,148.06,281.0,4163830.0,147.447
000858.SZ,2022-11-25,0.0,148.09,148.15,148.06,135.0,1999050.0,147.449
000858.SZ,2022-11-25,0.0,148.09,148.1,148.07,179.0,2650740.0,147.45
000858.SZ,2022-11-25,0.0,148.01,148.09,148.01,199.0,2945790.0,147.452
000858.SZ,2022-11-25,0.0,147.97,148.0,147.92,317.0,4691300.0,147.455
000858.SZ,2022-11-25,0.0,148.2,148.2,147.97,302.0,4471640.0,147.458
000858.SZ,2022-11-25,0.0,148.15,148.19,148.1,177.0,2622280.0,147.459
000858.SZ,2022-11-25,0.0,148.16,148.16,148.1,278.0,4120240.0,147.462
000858.SZ,2022-11-25,0.0,148.15,148.19,148.15,184.0,2726390.0,147.464
000858.SZ,2022-11-25,0.0,148.42,148.42,148.16,888.0,13171300.0,147.476
000858.SZ,2022-11-25,0.0,148.36,148.44,148.34,544.0,8073690.0,147.483
000858.SZ,2022-11-25,0.0,148.29,148.34,148.25,384.0,5694750.0,147.488
000858.SZ,2022-11-25,0.0,148.86,148.87,148.35,3758.0,55834900.0,147.545
000858.SZ,2022-11-25,0.0,148.9,148.93,148.85,1583.0,23569300.0,147.574
000858.SZ,2022-11-25,0.0,148.58,148.9,148.58,427.0,6353460.0,147.581
000858.SZ,2022-11-25,0.0,148.46,148.58,148.35,247.0,3666710.0,147.584
000858.SZ,2022-11-25,0.0,148.6,148.6,148.46,453.0,6728910.0,147.59
000858.SZ,2022-11-25,0.0,148.48,148.63,148.44,378.0,5613560.0,147.594
000858.SZ,2022-11-25,0.0,148.4,148.5,148.4,375.0,5568040.0,147.599
000858.SZ,2022-11-25,0.0,148.4,148.48,148.38,290.0,4304950.0,147.602
000858.SZ,2022-11-25,0.0,148.3,148.44,148.3,241.0,3575840.0,147.605
000858.SZ,2022-11-25,0.0,148.22,148.32,148.2,199.0,2949890.0,147.606
000858.SZ,2022-11-25,0.0,148.12,148.22,148.1,231.0,3421600.0,147.608
000858.SZ,2022-11-25,0.0,148.1,148.12,148.1,161.0,2384540.0,147.609
000858.SZ,2022-11-25,0.0,148.09,148.1,148.09,406.0,6012570.0,147.611
000858.SZ,2022-11-25,0.0,148.07,148.13,148.07,754.0,11166200.0,147.616
000858.SZ,2022-11-25,0.0,147.88,148.1,147.88,308.0,4558540.0,147.618
000858.SZ,2022-11-25,0.0,148.02,148.03,147.85,240.0,3551760.0,147.619
000858.SZ,2022-11-25,0.0,148.0,148.04,148.0,172.0,2545940.0,147.619
000858.SZ,2022-11-25,0.0,147.93,148.0,147.91,137.0,2026880.0,147.62
000858.SZ,2022-11-25,0.0,147.89,147.94,147.89,241.0,3564690.0,147.621
000858.SZ,2022-11-25,0.0,147.91,147.93,147.89,144.0,2129900.0,147.621
000858.SZ,2022-11-25,0.0,147.88,147.92,147.88,359.0,5309730.0,147.623
000858.SZ,2022-11-25,0.0,147.82,147.88,147.8,268.0,3961700.0,147.623
000858.SZ,2022-11-25,0.0,147.85,147.87,147.8,295.0,4361220.0,147.624
000858.SZ,2022-11-25,0.0,147.81,147.87,147.81,211.0,3119380.0,147.625
000858.SZ,2022-11-25,0.0,147.84,147.84,147.81,143.0,2113940.0,147.625
000858.SZ,2022-11-25,0.0,147.76,147.85,147.75,391.0,5779030.0,147.626
000858.SZ,2022-11-25,0.0,147.61,147.72,147.6,357.0,5271350.0,147.626
000858.SZ,2022-11-25,0.0,147.8,147.82,147.6,311.0,4593080.0,147.626
000858.SZ,2022-11-25,0.0,147.66,147.84,147.66,324.0,4787660.0,147.627
000858.SZ,2022-11-25,0.0,147.64,147.73,147.64,341.0,5035980.0,147.627
000858.SZ,2022-11-25,0.0,147.61,147.66,147.6,340.0,5018900.0,147.627
000858.SZ,2022-11-25,0.0,147.5,147.61,147.48,610.0,8998500.0,147.626
000858.SZ,2022-11-25,0.0,147.3,147.51,147.3,544.0,8025160.0,147.625
000858.SZ,2022-11-25,0.0,147.17,147.32,147.17,754.0,11103200.0,147.621
000858.SZ,2022-11-25,0.0,147.22,147.22,147.14,407.0,5990130.0,147.619
000858.SZ,2022-11-25,0.0,147.28,147.29,147.22,432.0,6361500.0,147.617
000858.SZ,2022-11-25,0.0,147.25,147.3,147.18,423.0,6228020.0,147.616
000858.SZ,2022-11-25,0.0,147.2,147.28,147.18,438.0,6447960.0,147.614
000858.SZ,2022-11-25,0.0,147.47,147.5,147.17,560.0,8240790.0,147.611
000858.SZ,2022-11-25,0.0,147.33,147.47,147.26,314.0,4625890.0,147.61
000858.SZ,2022-11-25,0.0,147.25,147.29,147.25,274.0,4035100.0,147.609
000858.SZ,2022-11-25,0.0,147.26,147.28,147.22,386.0,5690570.0,147.608
000858.SZ,2022-11-25,0.0,147.19,147.28,147.16,553.0,8142480.0,147.605
000858.SZ,2022-11-25,0.0,147.17,147.19,147.15,332.0,4886120.0,147.603
000858.SZ,2022-11-25,0.0,147.36,147.43,147.17,303.0,4462840.0,147.602
000858.SZ,2022-11-25,0.0,147.25,147.36,147.18,317.0,4667410.0,147.601
000858.SZ,2022-11-25,0.0,147.21,147.31,147.19,258.0,3801680.0,147.6
000858.SZ,2022-11-25,0.0,147.19,147.29,147.19,340.0,5005660.0,147.598
000858.SZ,2022-11-25,0.0,147.19,147.27,147.18,387.0,5703760.0,147.597
000858.SZ,2022-11-25,0.0,147.31,147.31,147.24,249.0,3670160.0,147.596
000858.SZ,2022-11-25,0.0,147.41,147.42,147.29,289.0,4260600.0,147.595
000858.SZ,2022-11-25,0.0,147.5,147.5,147.36,353.0,5207430.0,147.594
000858.SZ,2022-11-25,0.0,147.31,147.58,147.31,389.0,5735080.0,147.594
000858.SZ,2022-11-25,0.0,147.31,147.4,147.3,359.0,5283010.0,147.593
000858.SZ,2022-11-25,0.0,147.4,147.4,147.3,264.0,3890110.0,147.592
000858.SZ,2022-11-25,0.0,147.45,147.58,147.29,362.0,5337260.0,147.591
000858.SZ,2022-11-25,0.0,147.4,147.5,147.33,324.0,4775730.0,147.591
000858.SZ,2022-11-25,0.0,147.8,147.8,147.33,356.0,5257720.0,147.59
000858.SZ,2022-11-25,0.0,147.51,147.8,147.47,422.0,6233170.0,147.591
000858.SZ,2022-11-25,0.0,147.55,147.55,147.41,181.0,2669480.0,147.591
000858.SZ,2022-11-25,0.0,147.62,147.66,147.41,294.0,4336410.0,147.59
000858.SZ,2022-11-25,0.0,147.59,147.62,147.41,274.0,4040500.0,147.59
000858.SZ,2022-11-25,0.0,147.45,147.59,147.38,258.0,3804160.0,147.59
000858.SZ,2022-11-25,0.0,147.44,147.5,147.36,316.0,4658610.0,147.589
000858.SZ,2022-11-25,0.0,147.41,147.57,147.38,287.0,4224720.0,147.589
000858.SZ,2022-11-25,0.0,147.48,147.57,147.37,361.0,5322800.0,147.588
000858.SZ,2022-11-25,0.0,147.5,147.56,147.39,324.0,4775260.0,147.588
000858.SZ,2022-11-25,0.0,147.36,147.53,147.36,702.0,10348200.0,147.587
000858.SZ,2022-11-25,0.0,147.33,147.5,147.33,433.0,6373680.0,147.586
000858.SZ,2022-11-25,0.0,147.41,147.55,147.32,864.0,12732800.0,147.584
000858.SZ,2022-11-25,0.0,147.4,147.56,147.37,637.0,9394950.0,147.583
000858.SZ,2022-11-25,0.0,147.4,147.46,147.37,499.0,7354460.0,147.582
000858.SZ,2022-11-25,0.0,147.42,147.55,147.38,468.0,6906510.0,147.582
000858.SZ,2022-11-25,0.0,147.41,147.5,147.38,451.0,6653910.0,147.581
000858.SZ,2022-11-25,0.0,147.45,147.5,147.41,400.0,5897300.0,147.58
000858.SZ,2022-11-25,0.0,147.41,147.47,147.41,431.0,6360450.0,147.58
000858.SZ,2022-11-25,0.0,147.39,147.42,147.37,762.0,11233500.0,147.578
000858.SZ,2022-11-25,0.0,147.38,147.38,147.33,696.0,10250200.0,147.577
000858.SZ,2022-11-25,0.0,147.35,147.36,147.34,408.0,6010860.0,147.576
000858.SZ,2022-11-25,0.0,147.38,147.38,147.34,714.0,10520100.0,147.574
000858.SZ,2022-11-25,0.0,147.37,147.38,147.36,524.0,7722190.0,147.573
000858.SZ,2022-11-25,0.0,147.38,147.38,147.36,590.0,8694970.0,147.572
000858.SZ,2022-11-25,0.0,147.46,147.46,147.38,686.0,10104400.0,147.571
000858.SZ,2022-11-25,0.0,147.38,147.44,147.38,853.0,12568600.0,147.569
000858.SZ,2022-11-25,0.0,147.43,147.43,147.43,3.0,44222.0,147.569
000858.SZ,2022-11-25,0.0,147.43,147.43,147.43,0.0,0.0,147.569
000858.SZ,2022-11-25,0.0,147.38,147.38,147.38,1374.0,20250000.0,147.567
000858.SZ,2022-11-28,0.0,144.83,144.83,144.83,2788.0,40378600.0,144.83
000858.SZ,2022-11-28,0.0,143.7,144.88,143.53,6902.0,99640496.0,144.499
000858.SZ,2022-11-28,0.0,143.73,144.5,143.73,3448.0,49659100.0,144.374
000858.SZ,2022-11-28,0.0,143.5,143.68,143.24,4038.0,57944800.0,144.168
000858.SZ,2022-11-28,0.0,144.02,144.02,143.47,2780.0,39932300.0,144.092
000858.SZ,2022-11-28,0.0,143.59,144.09,143.59,2644.0,38044200.0,144.068
000858.SZ,2022-11-28,0.0,143.41,143.51,143.0,5115.0,73250600.0,143.907
000858.SZ,2022-11-28,0.0,143.15,143.4,143.11,2080.0,29787600.0,143.858
000858.SZ,2022-11-28,0.0,143.27,143.34,143.07,1898.0,27178200.0,143.818
000858.SZ,2022-11-28,0.0,143.26,143.3,143.21,1326.0,18995200.0,143.795
000858.SZ,2022-11-28,0.0,143.18,143.3,143.15,1381.0,19778900.0,143.772
000858.SZ,2022-11-28,0.0,143.15,143.21,143.12,1444.0,20671500.0,143.747
000858.SZ,2022-11-28,0.0,142.85,143.14,142.85,4869.0,69633104.0,143.659
000858.SZ,2022-11-28,0.0,142.86,142.91,142.68,2132.0,30445800.0,143.616
000858.SZ,2022-11-28,0.0,142.71,142.88,142.69,1563.0,22311500.0,143.585
000858.SZ,2022-11-28,0.0,142.71,142.74,142.66,1576.0,22489100.0,143.555
000858.SZ,2022-11-28,0.0,142.36,142.7,142.31,2690.0,38350000.0,143.499
000858.SZ,2022-11-28,0.0,142.14,142.36,142.1,1426.0,20284400.0,143.464
000858.SZ,2022-11-28,0.0,142.47,142.47,142.05,2536.0,36071700.0,143.403
000858.SZ,2022-11-28,0.0,142.67,142.82,142.5,1713.0,24429400.0,143.38
000858.SZ,2022-11-28,0.0,142.4,142.69,142.31,1631.0,23252100.0,143.356
000858.SZ,2022-11-28,0.0,142.57,142.57,142.25,1956.0,27839400.0,143.321
000858.SZ,2022-11-28,0.0,142.71,142.73,142.51,995.0,14193900.0,143.31
000858.SZ,2022-11-28,0.0,142.84,142.9,142.73,827.0,11812000.0,143.303
000858.SZ,2022-11-28,0.0,142.82,142.87,142.77,726.0,10367700.0,143.297
000858.SZ,2022-11-28,0.0,142.87,142.92,142.83,792.0,11316500.0,143.292
000858.SZ,2022-11-28,0.0,142.9,142.95,142.81,1063.0,15187200.0,143.285
000858.SZ,2022-11-28,0.0,142.68,142.87,142.68,903.0,12893800.0,143.278
000858.SZ,2022-11-28,0.0,142.61,142.7,142.61,624.0,8901420.0,143.272
000858.SZ,2022-11-28,0.0,142.35,142.65,142.32,1487.0,21195900.0,143.255
000858.SZ,2022-11-28,0.0,142.71,142.71,142.31,766.0,10911600.0,143.246
000858.SZ,2022-11-28,0.0,143.15,143.21,142.71,1512.0,21633700.0,143.242
000858.SZ,2022-11-28,0.0,142.76,143.11,142.76,812.0,11612400.0,143.239
000858.SZ,2022-11-28,0.0,142.92,142.92,142.53,752.0,10727400.0,143.233
000858.SZ,2022-11-28,0.0,142.76,142.93,142.5,1341.0,19135300.0,143.223
000858.SZ,2022-11-28,0.0,142.76,142.77,142.65,570.0,8133840.0,143.218
000858.SZ,2022-11-28,0.0,142.65,142.77,142.61,606.0,8644930.0,143.214
000858.SZ,2022-11-28,0.0,142.59,142.69,142.57,613.0,8741750.0,143.208
000858.SZ,2022-11-28,0.0,142.3,142.55,142.22,2507.0,35701200.0,143.182
000858.SZ,2022-11-28,0.0,142.2,142.3,142.19,1346.0,19143000.0,143.165
000858.SZ,2022-11-28,0.0,142.22,142.26,142.19,790.0,11234500.0,143.155
000858.SZ,2022-11-28,0.0,142.29,142.4,142.25,754.0,10722900.0,143.146
000858.SZ,2022-11-28,0.0,142.22,142.25,142.2,1418.0,20165200.0,143.13
000858.SZ,2022-11-28,0.0,142.29,142.3,142.21,787.0,11195600.0,143.121
000858.SZ,2022-11-28,0.0,142.19,142.35,142.15,1487.0,21152100.0,143.105
000858.SZ,2022-11-28,0.0,142.18,142.2,142.1,1470.0,20893900.0,143.088
000858.SZ,2022-11-28,0.0,142.15,142.17,142.12,1118.0,15892700.0,143.075
000858.SZ,2022-11-28,0.0,142.15,142.17,142.15,630.0,8955840.0,143.069
000858.SZ,2022-11-28,0.0,142.35,142.36,142.16,1540.0,21897400.0,143.053
000858.SZ,2022-11-28,0.0,142.36,142.38,142.35,585.0,8328100.0,143.048
000858.SZ,2022-11-28,0.0,142.23,142.26,142.21,554.0,7881770.0,143.043
000858.SZ,2022-11-28,0.0,142.28,142.35,142.23,449.0,6388380.0,143.039
000858.SZ,2022-11-28,0.0,142.33,142.33,142.26,257.0,3657320.0,143.037
000858.SZ,2022-11-28,0.0,142.37,142.37,142.34,290.0,4128310.0,143.035
000858.SZ,2022-11-28,0.0,142.61,142.61,142.38,436.0,6215320.0,143.033
000858.SZ,2022-11-28,0.0,142.87,142.87,142.61,309.0,4412210.0,143.032
000858.SZ,2022-11-28,0.0,142.76,142.87,142.66,649.0,9269900.0,143.03
000858.SZ,2022-11-28,0.0,142.81,142.81,142.75,395.0,5639940.0,143.029
000858.SZ,2022-11-28,0.0,142.76,142.8,142.6,547.0,7807460.0,143.028
000858.SZ,2022-11-28,0.0,142.78,142.84,142.7,407.0,5809980.0,143.026
000858.SZ,2022-11-28,0.0,142.92,142.95,142.85,320.0,4575110.0,143.026
000858.SZ,2022-11-28,0.0,143.14,143.2,142.92,726.0,10385700.0,143.026
000858.SZ,2022-11-28,0.0,143.39,143.39,143.14,594.0,8505410.0,143.027
000858.SZ,2022-11-28,0.0,143.69,143.69,143.35,736.0,10556900.0,143.03
000858.SZ,2022-11-28,0.0,143.58,143.69,143.52,609.0,8745610.0,143.034
000858.SZ,2022-11-28,0.0,143.8,143.86,143.58,834.0,11985300.0,143.04
000858.SZ,2022-11-28,0.0,143.65,143.87,143.65,885.0,12725100.0,143.047
000858.SZ,2022-11-28,0.0,143.9,143.9,143.63,904.0,12997200.0,143.054
000858.SZ,2022-11-28,0.0,143.92,143.95,143.87,529.0,7613320.0,143.058
000858.SZ,2022-11-28,0.0,143.97,143.97,143.9,387.0,5570400.0,143.062
000858.SZ,2022-11-28,0.0,143.95,143.98,143.95,467.0,6723370.0,143.066
000858.SZ,2022-11-28,0.0,144.41,144.43,143.93,1502.0,21646800.0,143.082
000858.SZ,2022-11-28,0.0,143.9,144.41,143.9,705.0,10165700.0,143.09
000858.SZ,2022-11-28,0.0,144.14,144.14,143.87,700.0,10079800.0,143.096
000858.SZ,2022-11-28,0.0,143.98,144.08,143.95,280.0,4031880.0,143.099
000858.SZ,2022-11-28,0.0,144.32,144.32,143.95,650.0,9361270.0,143.105
000858.SZ,2022-11-28,0.0,144.2,144.35,144.11,715.0,10312900.0,143.113
000858.SZ,2022-11-28,0.0,144.2,144.21,144.09,359.0,5175820.0,143.116
000858.SZ,2022-11-28,0.0,144.21,144.24,144.0,434.0,6255590.0,143.121
000858.SZ,2022-11-28,0.0,144.01,144.2,144.01,405.0,5835900.0,143.124
000858.SZ,2022-11-28,0.0,144.26,144.26,143.99,937.0,13504400.0,143.133
000858.SZ,2022-11-28,0.0,144.2,144.36,144.19,348.0,5027210.0,143.137
000858.SZ,2022-11-28,0.0,144.24,144.3,144.2,407.0,5870760.0,143.141
000858.SZ,2022-11-28,0.0,144.43,144.44,144.21,671.0,9690540.0,143.149
000858.SZ,2022-11-28,0.0,144.24,144.4,144.23,399.0,5759940.0,143.154
000858.SZ,2022-11-28,0.0,144.24,144.35,144.2,355.0,5120450.0,143.157
000858.SZ,2022-11-28,0.0,144.8,144.8,144.2,1408.0,20353700.0,143.175
000858.SZ,2022-11-28,0.0,145.16,145.16,144.81,1973.0,28589500.0,143.206
000858.SZ,2022-11-28,0.0,145.55,145.55,145.17,1107.0,16089900.0,143.227
000858.SZ,2022-11-28,0.0,145.3,145.66,145.3,1325.0,19279200.0,143.254
000858.SZ,2022-11-28,0.0,145.13,145.25,145.02,1132.0,16436900.0,143.273
000858.SZ,2022-11-28,0.0,145.22,145.33,145.1,1013.0,14713300.0,143.291
000858.SZ,2022-11-28,0.0,145.54,145.56,145.21,1449.0,21063700.0,143.316
000858.SZ,2022-11-28,0.0,145.91,145.99,145.58,1367.0,19931000.0,143.345
000858.SZ,2022-11-28,0.0,145.52,145.95,145.52,559.0,8145200.0,143.356
000858.SZ,2022-11-28,0.0,145.63,145.63,145.45,596.0,8672870.0,143.367
000858.SZ,2022-11-28,0.0,145.9,145.98,145.8,744.0,10857100.0,143.383
000858.SZ,2022-11-28,0.0,145.89,145.95,145.81,561.0,8184470.0,143.395
000858.SZ,2022-11-28,0.0,145.8,145.92,145.8,862.0,12575500.0,143.413
000858.SZ,2022-11-28,0.0,145.84,145.89,145.76,446.0,6503760.0,143.422
000858.SZ,2022-11-28,0.0,145.78,145.95,145.78,453.0,6608830.0,143.431
000858.SZ,2022-11-28,0.0,146.02,146.4,145.76,1886.0,27538000.0,143.47
000858.SZ,2022-11-28,0.0,146.43,146.5,146.0,2484.0,36356700.0,143.527
000858.SZ,2022-11-28,0.0,146.83,146.85,146.11,2555.0,37451000.0,143.588
000858.SZ,2022-11-28,0.0,146.8,146.88,146.67,1611.0,23646700.0,143.627
000858.SZ,2022-11-28,0.0,146.87,146.87,146.76,1641.0,24092300.0,143.667
000858.SZ,2022-11-28,0.0,146.49,146.93,146.45,745.0,10934200.0,143.684
000858.SZ,2022-11-28,0.0,146.11,146.5,146.1,658.0,9625940.0,143.697
000858.SZ,2022-11-28,0.0,146.01,146.25,146.01,691.0,10095100.0,143.709
000858.SZ,2022-11-28,0.0,145.71,146.02,145.66,442.0,6444610.0,143.716
000858.SZ,2022-11-28,0.0,146.18,146.19,145.71,568.0,8288130.0,143.726
000858.SZ,2022-11-28,0.0,146.5,146.5,146.04,627.0,9167890.0,143.737
000858.SZ,2022-11-28,0.0,146.28,146.5,146.28,205.0,3001510.0,143.741
000858.SZ,2022-11-28,0.0,146.42,146.6,146.16,802.0,11745700.0,143.757
000858.SZ,2022-11-28,0.0,146.15,146.5,146.1,637.0,9327170.0,143.769
000858.SZ,2022-11-28,0.0,146.19,146.24,146.13,211.0,3081630.0,143.773
000858.SZ,2022-11-28,0.0,145.96,146.17,145.96,247.0,3609840.0,143.777
000858.SZ,2022-11-28,0.0,146.5,146.5,145.9,933.0,13665700.0,143.795
000858.SZ,2022-11-28,0.0,146.22,146.48,146.12,270.0,3945520.0,143.8
000858.SZ,2022-11-28,0.0,146.16,146.35,146.16,160.0,2340040.0,143.803
000858.SZ,2022-11-28,0.0,146.0,146.16,145.8,355.0,5180590.0,143.808
000858.SZ,2022-11-28,0.0,145.32,145.99,145.22,757.0,11023300.0,143.818
000858.SZ,2022-11-28,0.0,145.81,145.86,145.27,171.0,2490720.0,143.82
000858.SZ,2022-11-28,0.0,145.61,145.84,145.6,171.0,2491390.0,143.822
000858.SZ,2022-11-28,0.0,145.7,145.71,145.61,155.0,2257850.0,143.824
000858.SZ,2022-11-28,0.0,145.62,145.71,145.61,175.0,2548470.0,143.826
000858.SZ,2022-11-28,0.0,145.65,145.65,145.35,384.0,5590100.0,143.831
000858.SZ,2022-11-28,0.0,145.75,145.75,145.61,191.0,2782460.0,143.834
000858.SZ,2022-11-28,0.0,145.7,145.78,145.69,111.0,1617480.0,143.835
000858.SZ,2022-11-28,0.0,145.8,145.8,145.7,92.0,1340900.0,143.836
000858.SZ,2022-11-28,0.0,145.78,145.79,145.74,126.0,1836680.0,143.838
000858.SZ,2022-11-28,0.0,145.76,145.81,145.75,159.0,2317860.0,143.84
000858.SZ,2022-11-28,0.0,145.74,145.76,145.74,178.0,2594380.0,143.843
000858.SZ,2022-11-28,0.0,145.66,145.76,145.66,136.0,1981400.0,143.844
000858.SZ,2022-11-28,0.0,145.6,145.67,145.6,247.0,3597650.0,143.848
000858.SZ,2022-11-28,0.0,145.42,145.6,145.42,200.0,2910310.0,143.85
000858.SZ,2022-11-28,0.0,145.37,145.47,145.3,358.0,5204950.0,143.854
000858.SZ,2022-11-28,0.0,145.6,145.6,145.37,206.0,2997330.0,143.856
000858.SZ,2022-11-28,0.0,145.51,145.65,145.5,209.0,3042490.0,143.859
000858.SZ,2022-11-28,0.0,145.51,145.56,145.5,115.0,1673460.0,143.86
000858.SZ,2022-11-28,0.0,145.67,145.67,145.54,127.0,1849120.0,143.862
000858.SZ,2022-11-28,0.0,146.2,146.2,145.66,585.0,8544590.0,143.87
000858.SZ,2022-11-28,0.0,146.27,146.32,146.15,393.0,5748150.0,143.876
000858.SZ,2022-11-28,0.0,146.28,146.3,146.19,217.0,3174190.0,143.88
000858.SZ,2022-11-28,0.0,146.3,146.44,146.27,359.0,5252970.0,143.886
000858.SZ,2022-11-28,0.0,146.15,146.3,146.13,208.0,3041220.0,143.889
000858.SZ,2022-11-28,0.0,146.12,146.13,146.03,197.0,2877880.0,143.892
000858.SZ,2022-11-28,0.0,146.39,146.5,146.11,514.0,7516530.0,143.901
000858.SZ,2022-11-28,0.0,146.4,146.43,146.35,289.0,4231430.0,143.906
000858.SZ,2022-11-28,0.0,146.28,146.42,146.28,276.0,4037760.0,143.911
000858.SZ,2022-11-28,0.0,146.08,146.28,146.08,100.0,1461750.0,143.912
000858.SZ,2022-11-28,0.0,145.85,146.08,145.85,156.0,2277040.0,143.914
000858.SZ,2022-11-28,0.0,145.73,145.85,145.7,260.0,3789580.0,143.918
000858.SZ,2022-11-28,0.0,145.83,145.84,145.72,379.0,5524560.0,143.922
000858.SZ,2022-11-28,0.0,145.92,146.01,145.84,318.0,4641390.0,143.927
000858.SZ,2022-11-28,0.0,145.95,146.0,145.9,182.0,2656460.0,143.929
000858.SZ,2022-11-28,0.0,145.91,145.96,145.9,194.0,2830680.0,143.932
000858.SZ,2022-11-28,0.0,145.83,145.91,145.83,227.0,3311470.0,143.935
000858.SZ,2022-11-28,0.0,145.8,145.83,145.8,192.0,2799510.0,143.937
000858.SZ,2022-11-28,0.0,145.68,145.8,145.68,131.0,1908850.0,143.939
000858.SZ,2022-11-28,0.0,145.65,145.69,145.63,182.0,2650800.0,143.941
000858.SZ,2022-11-28,0.0,145.66,145.66,145.63,179.0,2607060.0,143.943
000858.SZ,2022-11-28,0.0,145.7,145.7,145.64,234.0,3408310.0,143.946
000858.SZ,2022-11-28,0.0,145.8,145.81,145.7,117.0,1705550.0,143.947
000858.SZ,2022-11-28,0.0,145.78,145.83,145.77,227.0,3309660.0,143.95
000858.SZ,2022-11-28,0.0,145.79,145.79,145.77,138.0,2011760.0,143.951
000858.SZ,2022-11-28,0.0,145.69,145.8,145.69,143.0,2084190.0,143.953
000858.SZ,2022-11-28,0.0,145.66,145.69,145.66,140.0,2039450.0,143.955
000858.SZ,2022-11-28,0.0,145.79,145.8,145.67,240.0,3497500.0,143.958
000858.SZ,2022-11-28,0.0,145.79,145.8,145.79,132.0,1924510.0,143.959
000858.SZ,2022-11-28,0.0,145.66,145.79,145.66,199.0,2899750.0,143.962
000858.SZ,2022-11-28,0.0,145.67,145.67,145.65,117.0,1704260.0,143.963
000858.SZ,2022-11-28,0.0,145.73,145.73,145.69,91.0,1325940.0,143.964
000858.SZ,2022-11-28,0.0,145.66,145.77,145.66,160.0,2331500.0,143.966
000858.SZ,2022-11-28,0.0,145.51,145.65,145.51,154.0,2242670.0,143.967
000858.SZ,2022-11-28,0.0,145.51,145.57,145.5,156.0,2270170.0,143.969
000858.SZ,2022-11-28,0.0,145.49,145.57,145.49,261.0,3797660.0,143.972
000858.SZ,2022-11-28,0.0,145.58,145.6,145.48,294.0,4278670.0,143.975
000858.SZ,2022-11-28,0.0,145.58,145.62,145.58,124.0,1800180.0,143.976
000858.SZ,2022-11-28,0.0,145.61,145.62,145.6,85.0,1237670.0,143.977
000858.SZ,2022-11-28,0.0,145.63,145.63,145.6,179.0,2606410.0,143.979
000858.SZ,2022-11-28,0.0,145.79,145.8,145.63,398.0,5800740.0,143.983
000858.SZ,2022-11-28,0.0,145.81,145.84,145.79,152.0,2221710.0,143.985
000858.SZ,2022-11-28,0.0,145.81,145.81,145.8,106.0,1545640.0,143.987
000858.SZ,2022-11-28,0.0,145.95,145.95,145.84,307.0,4478160.0,143.99
000858.SZ,2022-11-28,0.0,145.97,145.99,145.95,183.0,2671260.0,143.993
000858.SZ,2022-11-28,0.0,145.87,145.97,145.87,155.0,2262060.0,143.995
000858.SZ,2022-11-28,0.0,145.85,145.86,145.84,101.0,1473080.0,143.996
000858.SZ,2022-11-28,0.0,145.77,145.84,145.77,146.0,2128780.0,143.998
000858.SZ,2022-11-28,0.0,146.0,146.0,145.77,501.0,7307040.0,144.004
000858.SZ,2022-11-28,0.0,145.96,145.97,145.79,138.0,2013560.0,144.005
000858.SZ,2022-11-28,0.0,145.94,146.01,145.91,357.0,5211910.0,144.01
000858.SZ,2022-11-28,0.0,145.94,145.99,145.94,110.0,1605670.0,144.011
000858.SZ,2022-11-28,0.0,146.03,146.03,145.9,252.0,3678080.0,144.014
000858.SZ,2022-11-28,0.0,146.0,146.05,146.0,141.0,2059140.0,144.016
000858.SZ,2022-11-28,0.0,146.2,146.2,146.0,318.0,4645450.0,144.02
000858.SZ,2022-11-28,0.0,146.33,146.33,146.18,330.0,4829660.0,144.025
000858.SZ,2022-11-28,0.0,146.48,146.5,146.38,678.0,9928230.0,144.035
000858.SZ,2022-11-28,0.0,146.3,146.49,146.3,351.0,5138760.0,144.041
000858.SZ,2022-11-28,0.0,146.47,146.49,146.31,534.0,7820150.0,144.049
000858.SZ,2022-11-28,0.0,146.52,146.57,146.45,744.0,10900200.0,144.06
000858.SZ,2022-11-28,0.0,146.47,146.52,146.47,159.0,2329380.0,144.063
000858.SZ,2022-11-28,0.0,146.39,146.47,146.39,97.0,1420450.0,144.064
000858.SZ,2022-11-28,0.0,146.4,146.42,146.35,268.0,3923280.0,144.068
000858.SZ,2022-11-28,0.0,146.77,146.81,146.39,910.0,13342900.0,144.083
000858.SZ,2022-11-28,0.0,146.85,146.89,146.77,832.0,12217000.0,144.097
000858.SZ,2022-11-28,0.0,147.2,147.26,146.83,1907.0,28035600.0,144.131
000858.SZ,2022-11-28,0.0,146.92,147.27,146.92,857.0,12608300.0,144.147
000858.SZ,2022-11-28,0.0,147.18,147.2,146.92,639.0,9399670.0,144.158
000858.SZ,2022-11-28,0.0,147.36,147.38,147.24,887.0,13065700.0,144.175
000858.SZ,2022-11-28,0.0,147.37,147.38,147.32,669.0,9858150.0,144.188
000858.SZ,2022-11-28,0.0,147.65,147.66,147.37,1266.0,18671300.0,144.213
000858.SZ,2022-11-28,0.0,147.78,147.88,147.64,1940.0,28655900.0,144.253
000858.SZ,2022-11-28,0.0,147.99,147.99,147.71,1401.0,20718100.0,144.283
000858.SZ,2022-11-28,0.0,147.91,147.99,147.9,700.0,10357200.0,144.298
000858.SZ,2022-11-28,0.0,147.87,147.91,147.85,577.0,8532820.0,144.31
000858.SZ,2022-11-28,0.0,147.94,147.94,147.78,1208.0,17861500.0,144.335
000858.SZ,2022-11-28,0.0,147.99,148.0,147.94,2596.0,38416900.0,144.389
000858.SZ,2022-11-28,0.0,147.9,148.01,147.9,689.0,10197000.0,144.403
000858.SZ,2022-11-28,0.0,147.74,147.9,147.71,295.0,4360490.0,144.409
000858.SZ,2022-11-28,0.0,147.82,147.89,147.7,923.0,13638900.0,144.426
000858.SZ,2022-11-28,0.0,147.88,147.92,147.82,572.0,8458560.0,144.437
000858.SZ,2022-11-28,0.0,147.89,147.9,147.87,325.0,4806300.0,144.443
000858.SZ,2022-11-28,0.0,147.92,147.92,147.9,315.0,4659180.0,144.45
000858.SZ,2022-11-28,0.0,147.83,147.91,147.82,427.0,6314620.0,144.458
000858.SZ,2022-11-28,0.0,147.67,147.82,147.64,389.0,5746150.0,144.465
000858.SZ,2022-11-28,0.0,147.8,147.86,147.72,919.0,13577200.0,144.482
000858.SZ,2022-11-28,0.0,147.77,147.81,147.75,615.0,9088040.0,144.493
000858.SZ,2022-11-28,0.0,147.74,147.79,147.74,402.0,5940400.0,144.5
000858.SZ,2022-11-28,0.0,147.64,147.74,147.64,289.0,4271980.0,144.505
000858.SZ,2022-11-28,0.0,147.59,147.64,147.51,456.0,6729620.0,144.513
000858.SZ,2022-11-28,0.0,147.64,147.66,147.53,690.0,10185900.0,144.525
000858.SZ,2022-11-28,0.0,147.54,147.65,147.54,589.0,8693140.0,144.534
000858.SZ,2022-11-28,0.0,147.64,147.64,147.54,1290.0,19038300.0,144.556
000858.SZ,2022-11-28,0.0,147.61,147.64,147.6,668.0,9860850.0,144.567
000858.SZ,2022-11-28,0.0,147.58,147.64,147.55,846.0,12485900.0,144.581
000858.SZ,2022-11-28,0.0,147.6,147.6,147.58,795.0,11738500.0,144.593
000858.SZ,2022-11-28,0.0,147.64,147.64,147.6,657.0,9694830.0,144.604
000858.SZ,2022-11-28,0.0,147.64,147.64,147.64,63.0,930094.0,144.605
000858.SZ,2022-11-28,0.0,147.64,147.64,147.64,0.0,0.0,144.605
000858.SZ,2022-11-28,0.0,147.65,147.65,147.65,2372.0,35022600.0,144.643
000858.SZ,2022-11-29,0.0,149.92,149.92,149.92,3597.0,53926200.0,149.92
000858.SZ,2022-11-29,0.0,151.5,151.6,149.9,13139.0,197838000.0,150.433
000858.SZ,2022-11-29,0.0,151.58,151.88,151.34,8833.0,133865000.0,150.819
000858.SZ,2022-11-29,0.0,151.36,151.67,151.2,5736.0,86944200.0,150.959
000858.SZ,2022-11-29,0.0,150.62,151.08,150.62,3531.0,53245000.0,150.942
000858.SZ,2022-11-29,0.0,151.16,151.26,150.74,3326.0,50217000.0,150.946
000858.SZ,2022-11-29,0.0,150.65,151.15,150.62,2448.0,36915500.0,150.937
000858.SZ,2022-11-29,0.0,150.62,150.68,150.6,3008.0,45308500.0,150.915
000858.SZ,2022-11-29,0.0,150.6,150.65,150.5,1691.0,25466100.0,150.904
000858.SZ,2022-11-29,0.0,150.41,150.6,150.41,1569.0,23617800.0,150.891
000858.SZ,2022-11-29,0.0,150.21,150.39,150.21,1358.0,20418000.0,150.875
000858.SZ,2022-11-29,0.0,150.35,150.35,150.05,2360.0,35437900.0,150.84
000858.SZ,2022-11-29,0.0,150.63,150.64,150.41,1871.0,28167700.0,150.83
000858.SZ,2022-11-29,0.0,150.33,150.62,150.33,1047.0,15754300.0,150.823
000858.SZ,2022-11-29,0.0,150.31,150.38,150.29,1106.0,16626500.0,150.813
000858.SZ,2022-11-29,0.0,150.36,150.39,150.31,886.0,13319800.0,150.805
000858.SZ,2022-11-29,0.0,151.1,151.1,150.35,3360.0,50671100.0,150.805
000858.SZ,2022-11-29,0.0,150.9,151.1,150.89,1870.0,28234300.0,150.81
000858.SZ,2022-11-29,0.0,151.04,151.06,150.95,2619.0,39549500.0,150.818
000858.SZ,2022-11-29,0.0,150.86,151.04,150.68,1253.0,18913000.0,150.821
000858.SZ,2022-11-29,0.0,150.84,150.93,150.84,763.0,11511800.0,150.821
000858.SZ,2022-11-29,0.0,150.51,150.87,150.51,1136.0,17118900.0,150.819
000858.SZ,2022-11-29,0.0,150.47,150.51,150.31,1150.0,17293300.0,150.812
000858.SZ,2022-11-29,0.0,150.89,150.89,150.57,972.0,14650300.0,150.811
000858.SZ,2022-11-29,0.0,150.99,151.0,150.8,1776.0,26802600.0,150.813
000858.SZ,2022-11-29,0.0,150.89,150.99,150.89,2889.0,43610000.0,150.819
000858.SZ,2022-11-29,0.0,151.29,151.29,150.84,3471.0,52437000.0,150.83
000858.SZ,2022-11-29,0.0,151.7,151.7,151.34,7350.0,111409000.0,150.896
000858.SZ,2022-11-29,0.0,151.58,151.7,151.57,3307.0,50149100.0,150.924
000858.SZ,2022-11-29,0.0,151.69,151.77,151.53,7024.0,106524000.0,150.979
000858.SZ,2022-11-29,0.0,151.64,151.73,151.64,2190.0,33214200.0,150.995
000858.SZ,2022-11-29,0.0,151.42,151.65,151.42,2580.0,39119800.0,151.011
000858.SZ,2022-11-29,0.0,150.95,151.48,150.95,1217.0,18398200.0,151.013
000858.SZ,2022-11-29,0.0,151.07,151.12,150.95,1904.0,28759000.0,151.014
000858.SZ,2022-11-29,0.0,151.19,151.2,151.09,1400.0,21157200.0,151.016
000858.SZ,2022-11-29,0.0,151.15,151.2,151.15,903.0,13650900.0,151.017
000858.SZ,2022-11-29,0.0,151.3,151.33,151.14,1382.0,20898500.0,151.02
000858.SZ,2022-11-29,0.0,151.32,151.33,151.29,1589.0,24048400.0,151.024
000858.SZ,2022-11-29,0.0,151.36,151.37,151.31,577.0,8732560.0,151.025
000858.SZ,2022-11-29,0.0,151.41,151.41,151.33,1119.0,16937000.0,151.029
000858.SZ,2022-11-29,0.0,151.67,151.67,151.44,1677.0,25422400.0,151.037
000858.SZ,2022-11-29,0.0,151.69,151.72,151.67,1959.0,29718400.0,151.049
000858.SZ,2022-11-29,0.0,151.8,151.8,151.69,3387.0,51396800.0,151.069
000858.SZ,2022-11-29,0.0,151.88,151.88,151.79,1787.0,27133300.0,151.081
000858.SZ,2022-11-29,0.0,152.0,152.0,151.87,6861.0,104261000.0,151.129
000858.SZ,2022-11-29,0.0,152.27,152.28,152.0,2644.0,40212700.0,151.149
000858.SZ,2022-11-29,0.0,152.53,152.54,152.29,3903.0,59493600.0,151.187
000858.SZ,2022-11-29,0.0,152.45,152.55,152.4,3997.0,60940900.0,151.225
000858.SZ,2022-11-29,0.0,152.64,152.65,152.45,3633.0,55418100.0,151.259
000858.SZ,2022-11-29,0.0,152.6,152.68,152.6,2026.0,30920000.0,151.279
000858.SZ,2022-11-29,0.0,152.65,152.66,152.62,1913.0,29202100.0,151.297
000858.SZ,2022-11-29,0.0,152.63,152.66,152.62,1350.0,20606700.0,151.31
000858.SZ,2022-11-29,0.0,152.41,152.62,152.41,1211.0,18473700.0,151.32
000858.SZ,2022-11-29,0.0,152.47,152.52,152.45,1485.0,22648200.0,151.332
000858.SZ,2022-11-29,0.0,152.33,152.47,152.3,1318.0,20084500.0,151.341
000858.SZ,2022-11-29,0.0,152.18,152.32,152.17,716.0,10903400.0,151.346
000858.SZ,2022-11-29,0.0,152.0,152.11,152.0,893.0,13579100.0,151.35
000858.SZ,2022-11-29,0.0,152.4,152.4,152.08,1722.0,26212800.0,151.36
000858.SZ,2022-11-29,0.0,152.49,152.5,152.4,1224.0,18663500.0,151.369
000858.SZ,2022-11-29,0.0,152.48,152.52,152.47,991.0,15111600.0,151.376
000858.SZ,2022-11-29,0.0,152.49,152.55,152.48,713.0,10873900.0,151.381
000858.SZ,2022-11-29,0.0,152.72,152.72,152.5,3220.0,49152900.0,151.407
000858.SZ,2022-11-29,0.0,152.68,152.75,152.6,696.0,10627300.0,151.413
000858.SZ,2022-11-29,0.0,152.6,152.68,152.48,1160.0,17699900.0,151.421
000858.SZ,2022-11-29,0.0,152.58,152.61,152.57,950.0,14496000.0,151.428
000858.SZ,2022-11-29,0.0,152.61,152.62,152.58,778.0,11872200.0,151.434
000858.SZ,2022-11-29,0.0,152.76,152.8,152.61,1886.0,28802400.0,151.448
000858.SZ,2022-11-29,0.0,152.81,152.85,152.78,1230.0,18794900.0,151.459
000858.SZ,2022-11-29,0.0,152.85,152.88,152.79,1427.0,21810800.0,151.47
000858.SZ,2022-11-29,0.0,152.98,153.0,152.88,4805.0,73506096.0,151.513
000858.SZ,2022-11-29,0.0,152.98,153.02,152.97,1969.0,30124600.0,151.53
000858.SZ,2022-11-29,0.0,152.92,153.03,152.88,653.0,9988520.0,151.535
000858.SZ,2022-11-29,0.0,153.0,153.0,152.93,770.0,11778100.0,151.541
000858.SZ,2022-11-29,0.0,153.1,153.12,152.99,1743.0,26677800.0,151.556
000858.SZ,2022-11-29,0.0,153.1,153.13,153.1,797.0,12202500.0,151.563
000858.SZ,2022-11-29,0.0,153.31,153.32,153.11,1349.0,20668800.0,151.576
000858.SZ,2022-11-29,0.0,153.5,153.5,153.31,1512.0,23199900.0,151.592
000858.SZ,2022-11-29,0.0,153.46,153.53,153.46,1667.0,25588300.0,151.609
000858.SZ,2022-11-29,0.0,153.49,153.5,153.44,1373.0,21072800.0,151.623
000858.SZ,2022-11-29,0.0,153.18,153.47,153.18,1318.0,20207700.0,151.635
000858.SZ,2022-11-29,0.0,152.91,153.27,152.9,1011.0,15474100.0,151.643
000858.SZ,2022-11-29,0.0,153.27,153.3,152.91,1823.0,27923600.0,151.658
000858.SZ,2022-11-29,0.0,153.02,153.27,153.02,1262.0,19332700.0,151.668
000858.SZ,2022-11-29,0.0,152.91,153.0,152.91,1650.0,25240300.0,151.68
000858.SZ,2022-11-29,0.0,152.91,152.96,152.9,1004.0,15355200.0,151.686
000858.SZ,2022-11-29,0.0,152.75,152.91,152.75,690.0,10547200.0,151.691
000858.SZ,2022-11-29,0.0,152.56,152.75,152.56,807.0,12317900.0,151.694
000858.SZ,2022-11-29,0.0,152.83,152.84,152.58,1257.0,19194800.0,151.701
000858.SZ,2022-11-29,0.0,152.75,152.9,152.72,781.0,11933600.0,151.705
000858.SZ,2022-11-29,0.0,153.0,153.0,152.75,714.0,10919800.0,151.71
000858.SZ,2022-11-29,0.0,153.06,153.12,152.98,778.0,11910800.0,151.715
000858.SZ,2022-11-29,0.0,153.06,153.19,152.97,951.0,14555000.0,151.722
000858.SZ,2022-11-29,0.0,153.0,153.05,152.98,636.0,9730550.0,151.726
000858.SZ,2022-11-29,0.0,152.99,152.99,152.89,708.0,10831200.0,151.73
000858.SZ,2022-11-29,0.0,153.09,153.1,153.0,864.0,13223300.0,151.736
000858.SZ,2022-11-29,0.0,152.8,153.09,152.8,664.0,10156500.0,151.74
000858.SZ,2022-11-29,0.0,152.87,152.88,152.68,508.0,7760820.0,151.743
000858.SZ,2022-11-29,0.0,152.96,153.0,152.88,717.0,10968200.0,151.747
000858.SZ,2022-11-29,0.0,152.99,152.99,152.75,505.0,7719170.0,151.75
000858.SZ,2022-11-29,0.0,152.86,153.0,152.84,788.0,12052300.0,151.754
000858.SZ,2022-11-29,0.0,152.94,152.99,152.86,531.0,8121220.0,151.758
000858.SZ,2022-11-29,0.0,152.84,152.95,152.81,408.0,6237430.0,151.76
000858.SZ,2022-11-29,0.0,152.9,152.9,152.82,494.0,7551220.0,151.763
000858.SZ,2022-11-29,0.0,152.9,152.94,152.88,392.0,5993960.0,151.765
000858.SZ,2022-11-29,0.0,152.96,152.97,152.9,432.0,6606890.0,151.767
000858.SZ,2022-11-29,0.0,152.94,152.97,152.92,1070.0,16367400.0,151.773
000858.SZ,2022-11-29,0.0,152.9,152.95,152.88,607.0,9282250.0,151.777
000858.SZ,2022-11-29,0.0,152.9,152.91,152.9,1101.0,16836900.0,151.783
000858.SZ,2022-11-29,0.0,152.67,152.9,152.66,600.0,9165960.0,151.786
000858.SZ,2022-11-29,0.0,152.62,152.67,152.61,417.0,6364910.0,151.787
000858.SZ,2022-11-29,0.0,152.6,152.66,152.51,712.0,10857500.0,151.79
000858.SZ,2022-11-29,0.0,152.9,152.9,152.6,790.0,12065300.0,151.794
000858.SZ,2022-11-29,0.0,152.91,152.95,152.88,489.0,7477350.0,151.796
000858.SZ,2022-11-29,0.0,152.91,152.92,152.82,588.0,8991110.0,151.799
000858.SZ,2022-11-29,0.0,152.89,152.9,152.83,514.0,7859020.0,151.802
000858.SZ,2022-11-29,0.0,153.0,153.05,152.83,2674.0,40907300.0,151.817
000858.SZ,2022-11-29,0.0,153.08,153.2,153.02,1745.0,26721800.0,151.827
000858.SZ,2022-11-29,0.0,153.13,153.28,152.96,1503.0,23021900.0,151.837
000858.SZ,2022-11-29,0.0,152.98,153.28,152.98,792.0,12126500.0,151.841
000858.SZ,2022-11-29,0.0,153.2,153.2,153.0,796.0,12185700.0,151.846
000858.SZ,2022-11-29,0.0,153.14,153.27,153.07,1356.0,20772500.0,151.854
000858.SZ,2022-11-29,0.0,153.6,153.6,153.2,8544.0,131050000.0,151.912
000858.SZ,2022-11-29,0.0,154.0,154.0,153.6,8454.0,130082000.0,151.981
000858.SZ,2022-11-29,0.0,154.15,154.25,153.86,6234.0,96033296.0,152.034
000858.SZ,2022-11-29,0.0,154.35,154.46,154.19,2482.0,38296400.0,152.057
000858.SZ,2022-11-29,0.0,154.38,154.5,154.26,3624.0,55956500.0,152.091
000858.SZ,2022-11-29,0.0,154.13,154.41,154.12,1662.0,25638600.0,152.105
000858.SZ,2022-11-29,0.0,154.3,154.3,154.2,2221.0,34255200.0,152.124
000858.SZ,2022-11-29,0.0,154.63,154.63,154.21,2804.0,43315100.0,152.15
000858.SZ,2022-11-29,0.0,154.76,154.84,154.66,1995.0,30869700.0,152.17
000858.SZ,2022-11-29,0.0,154.95,154.98,154.8,2337.0,36197600.0,152.194
000858.SZ,2022-11-29,0.0,154.7,154.92,154.66,1615.0,24995000.0,152.21
000858.SZ,2022-11-29,0.0,154.97,154.98,154.71,3568.0,55248300.0,152.245
000858.SZ,2022-11-29,0.0,154.56,154.97,154.55,1981.0,30665500.0,152.264
000858.SZ,2022-11-29,0.0,154.18,154.55,154.18,974.0,15032700.0,152.272
000858.SZ,2022-11-29,0.0,154.5,154.5,154.16,1479.0,22806400.0,152.283
000858.SZ,2022-11-29,0.0,154.4,154.51,154.38,1262.0,19483900.0,152.293
000858.SZ,2022-11-29,0.0,154.97,154.97,154.19,2281.0,35280200.0,152.313
000858.SZ,2022-11-29,0.0,154.76,154.98,154.71,1586.0,24567900.0,152.327
000858.SZ,2022-11-29,0.0,154.95,154.95,154.71,2344.0,36302200.0,152.349
000858.SZ,2022-11-29,0.0,154.72,155.05,154.61,9828.0,152316000.0,152.439
000858.SZ,2022-11-29,0.0,154.66,154.67,154.45,1742.0,26927000.0,152.452
000858.SZ,2022-11-29,0.0,154.45,154.66,154.4,1484.0,22934700.0,152.463
000858.SZ,2022-11-29,0.0,154.57,154.59,154.4,1294.0,19989100.0,152.471
000858.SZ,2022-11-29,0.0,154.6,154.72,154.47,1422.0,21983100.0,152.482
000858.SZ,2022-11-29,0.0,154.82,154.93,154.63,1222.0,18916500.0,152.491
000858.SZ,2022-11-29,0.0,154.55,154.84,154.55,603.0,9328800.0,152.496
000858.SZ,2022-11-29,0.0,154.25,154.55,154.25,740.0,11428000.0,152.501
000858.SZ,2022-11-29,0.0,154.26,154.26,154.17,1240.0,19125200.0,152.508
000858.SZ,2022-11-29,0.0,154.3,154.44,154.26,743.0,11458700.0,152.512
000858.SZ,2022-11-29,0.0,154.02,154.31,154.02,640.0,9873240.0,152.516
000858.SZ,2022-11-29,0.0,154.09,154.1,154.01,1507.0,23211700.0,152.523
000858.SZ,2022-11-29,0.0,153.9,154.1,153.88,1002.0,15433500.0,152.528
000858.SZ,2022-11-29,0.0,153.76,153.88,153.76,1134.0,17438900.0,152.533
000858.SZ,2022-11-29,0.0,153.69,153.73,153.61,1274.0,19580700.0,152.538
000858.SZ,2022-11-29,0.0,153.78,153.78,153.66,943.0,14489300.0,152.542
000858.SZ,2022-11-29,0.0,153.96,153.96,153.78,909.0,13984500.0,152.546
000858.SZ,2022-11-29,0.0,154.07,154.07,153.97,1245.0,19173500.0,152.551
000858.SZ,2022-11-29,0.0,153.96,154.08,153.95,586.0,9024040.0,152.554
000858.SZ,2022-11-29,0.0,153.93,153.98,153.93,311.0,4787900.0,152.556
000858.SZ,2022-11-29,0.0,153.9,153.95,153.89,712.0,10958600.0,152.559
000858.SZ,2022-11-29,0.0,154.0,154.0,153.89,1188.0,18295200.0,152.564
000858.SZ,2022-11-29,0.0,154.01,154.06,153.99,409.0,6296870.0,152.566
000858.SZ,2022-11-29,0.0,154.03,154.05,153.96,1049.0,16153800.0,152.571
000858.SZ,2022-11-29,0.0,154.0,154.05,154.0,453.0,6976800.0,152.573
000858.SZ,2022-11-29,0.0,153.99,154.0,153.95,715.0,11006700.0,152.576
000858.SZ,2022-11-29,0.0,154.0,154.0,153.97,736.0,11334200.0,152.58
000858.SZ,2022-11-29,0.0,153.99,154.04,153.99,753.0,11596400.0,152.583
000858.SZ,2022-11-29,0.0,154.0,154.05,153.99,786.0,12105600.0,152.587
000858.SZ,2022-11-29,0.0,154.02,154.16,154.0,916.0,14118700.0,152.591
000858.SZ,2022-11-29,0.0,154.3,154.3,154.04,1001.0,15442400.0,152.596
000858.SZ,2022-11-29,0.0,154.0,154.2,154.0,444.0,6841220.0,152.598
000858.SZ,2022-11-29,0.0,154.0,154.04,153.99,592.0,9117140.0,152.601
000858.SZ,2022-11-29,0.0,153.99,154.01,153.99,469.0,7216650.0,152.603
000858.SZ,2022-11-29,0.0,153.98,154.0,153.98,366.0,5636060.0,152.604
000858.SZ,2022-11-29,0.0,153.99,154.0,153.97,339.0,5220140.0,152.606
000858.SZ,2022-11-29,0.0,154.13,154.15,153.99,919.0,14154800.0,152.61
000858.SZ,2022-11-29,0.0,154.16,154.27,154.13,508.0,7832850.0,152.612
000858.SZ,2022-11-29,0.0,154.35,154.38,154.17,772.0,11911900.0,152.616
000858.SZ,2022-11-29,0.0,154.38,154.45,154.29,600.0,9261980.0,152.62
000858.SZ,2022-11-29,0.0,154.38,154.38,154.29,644.0,9939520.0,152.623
000858.SZ,2022-11-29,0.0,154.3,154.38,154.28,570.0,8796650.0,152.626
000858.SZ,2022-11-29,0.0,154.28,154.38,154.26,788.0,12159900.0,152.63
000858.SZ,2022-11-29,0.0,154.2,154.29,154.18,541.0,8344020.0,152.633
000858.SZ,2022-11-29,0.0,154.29,154.29,154.18,962.0,14840900.0,152.638
000858.SZ,2022-11-29,0.0,154.37,154.39,154.31,675.0,10418800.0,152.641
000858.SZ,2022-11-29,0.0,154.42,154.42,154.35,986.0,15218400.0,152.647
000858.SZ,2022-11-29,0.0,154.45,154.45,154.4,678.0,10470100.0,152.65
000858.SZ,2022-11-29,0.0,154.49,154.49,154.43,703.0,10859800.0,152.654
000858.SZ,2022-11-29,0.0,154.5,154.5,154.49,1369.0,21150800.0,152.662
000858.SZ,2022-11-29,0.0,154.53,154.53,154.49,736.0,11371100.0,152.666
000858.SZ,2022-11-29,0.0,154.51,154.53,154.5,451.0,6968630.0,152.669
000858.SZ,2022-11-29,0.0,154.5,154.53,154.49,736.0,11372500.0,152.673
000858.SZ,2022-11-29,0.0,154.58,154.59,154.5,902.0,13941000.0,152.678
000858.SZ,2022-11-29,0.0,154.59,154.6,154.58,802.0,12398300.0,152.682
000858.SZ,2022-11-29,0.0,154.58,154.6,154.57,480.0,7420210.0,152.685
000858.SZ,2022-11-29,0.0,154.88,154.88,154.58,1751.0,27092900.0,152.696
000858.SZ,2022-11-29,0.0,155.0,155.0,154.85,3404.0,52746500.0,152.719
000858.SZ,2022-11-29,0.0,154.95,154.99,154.83,1131.0,17521900.0,152.726
000858.SZ,2022-11-29,0.0,154.98,155.0,154.89,2353.0,36460900.0,152.741
000858.SZ,2022-11-29,0.0,154.96,155.0,154.9,1224.0,18967800.0,152.749
000858.SZ,2022-11-29,0.0,155.0,155.0,154.94,1820.0,28207000.0,152.761
000858.SZ,2022-11-29,0.0,154.99,155.0,154.97,2379.0,36873200.0,152.776
000858.SZ,2022-11-29,0.0,154.96,154.99,154.94,1042.0,16147600.0,152.783
000858.SZ,2022-11-29,0.0,154.87,154.95,154.85,738.0,11432800.0,152.787
000858.SZ,2022-11-29,0.0,154.77,154.85,154.66,727.0,11253500.0,152.791
000858.SZ,2022-11-29,0.0,154.84,154.84,154.76,648.0,10031400.0,152.795
000858.SZ,2022-11-29,0.0,154.88,154.88,154.86,789.0,12219400.0,152.8
000858.SZ,2022-11-29,0.0,154.92,154.92,154.87,672.0,10409000.0,152.804
000858.SZ,2022-11-29,0.0,154.95,154.96,154.9,862.0,13355600.0,152.809
000858.SZ,2022-11-29,0.0,154.92,154.95,154.91,852.0,13199800.0,152.814
000858.SZ,2022-11-29,0.0,154.94,154.95,154.92,1190.0,18436200.0,152.821
000858.SZ,2022-11-29,0.0,154.98,154.99,154.93,1888.0,29260700.0,152.833
000858.SZ,2022-11-29,0.0,155.0,155.0,154.97,1845.0,28595400.0,152.844
000858.SZ,2022-11-29,0.0,154.99,155.0,154.99,1391.0,21559600.0,152.852
000858.SZ,2022-11-29,0.0,155.1,155.1,154.99,11704.0,181424992.0,152.92
000858.SZ,2022-11-29,0.0,155.08,155.09,155.0,2916.0,45206500.0,152.936
000858.SZ,2022-11-29,0.0,155.06,155.1,155.06,1175.0,18221600.0,152.943
000858.SZ,2022-11-29,0.0,155.05,155.09,155.04,1160.0,17987500.0,152.95
000858.SZ,2022-11-29,0.0,154.99,155.04,154.99,813.0,12602700.0,152.954
000858.SZ,2022-11-29,0.0,154.97,154.99,154.96,677.0,10491800.0,152.958
000858.SZ,2022-11-29,0.0,154.96,154.97,154.92,1052.0,16300800.0,152.963
000858.SZ,2022-11-29,0.0,155.04,155.05,154.97,2022.0,31344100.0,152.974
000858.SZ,2022-11-29,0.0,155.08,155.08,155.02,1736.0,26917800.0,152.983
000858.SZ,2022-11-29,0.0,155.14,155.15,155.05,2618.0,40607400.0,152.998
000858.SZ,2022-11-29,0.0,155.1,155.15,155.09,1944.0,30165200.0,153.009
000858.SZ,2022-11-29,0.0,155.1,155.1,155.08,1464.0,22705100.0,153.017
000858.SZ,2022-11-29,0.0,155.07,155.12,155.0,1877.0,29104000.0,153.026
000858.SZ,2022-11-29,0.0,154.99,155.07,154.98,1586.0,24587200.0,153.034
000858.SZ,2022-11-29,0.0,154.99,155.0,154.99,1480.0,22938500.0,153.042
000858.SZ,2022-11-29,0.0,154.91,154.99,154.9,1124.0,17417400.0,153.047
000858.SZ,2022-11-29,0.0,154.81,154.93,154.8,836.0,12946900.0,153.051
000858.SZ,2022-11-29,0.0,154.8,154.81,154.76,1155.0,17879200.0,153.056
000858.SZ,2022-11-29,0.0,154.87,154.87,154.75,1221.0,18900600.0,153.061
000858.SZ,2022-11-29,0.0,154.98,155.0,154.87,2528.0,39170000.0,153.073
000858.SZ,2022-11-29,0.0,154.94,154.99,154.94,2002.0,31026600.0,153.083
000858.SZ,2022-11-29,0.0,154.9,154.95,154.9,1210.0,18747800.0,153.088
000858.SZ,2022-11-29,0.0,154.98,154.98,154.87,1629.0,25230400.0,153.096
000858.SZ,2022-11-29,0.0,154.96,154.96,154.96,23.0,356410.0,153.096
000858.SZ,2022-11-29,0.0,154.96,154.96,154.96,0.0,0.0,153.096
000858.SZ,2022-11-29,0.0,155.05,155.05,155.05,4533.0,70284200.0,153.117
000858.SZ,2022-11-30,0.0,154.8,154.8,154.8,1524.0,23591500.0,154.8
000858.SZ,2022-11-30,0.0,155.04,155.05,154.0,4868.0,75265696.0,154.655
000858.SZ,2022-11-30,0.0,155.79,155.86,155.05,2673.0,41535700.0,154.88
000858.SZ,2022-11-30,0.0,154.56,155.62,154.56,2758.0,42812500.0,154.956
000858.SZ,2022-11-30,0.0,154.71,154.76,154.6,2236.0,34594900.0,154.918
000858.SZ,2022-11-30,0.0,154.72,154.73,154.3,2628.0,40596600.0,154.848
000858.SZ,2022-11-30,0.0,155.05,155.32,154.79,2016.0,31278100.0,154.881
000858.SZ,2022-11-30,0.0,155.17,155.19,155.02,1684.0,26119600.0,154.903
000858.SZ,2022-11-30,0.0,155.31,155.32,155.25,1431.0,22222100.0,154.928
000858.SZ,2022-11-30,0.0,155.37,155.6,155.31,2016.0,31341900.0,154.974
000858.SZ,2022-11-30,0.0,155.99,156.0,155.3,3311.0,51543000.0,155.061
000858.SZ,2022-11-30,0.0,156.75,156.78,156.03,5161.0,80718400.0,155.276
000858.SZ,2022-11-30,0.0,157.83,157.88,156.65,6416.0,100691000.0,155.554
000858.SZ,2022-11-30,0.0,158.05,158.16,157.93,6961.0,109980000.0,155.925
000858.SZ,2022-11-30,0.0,157.67,158.18,157.3,3133.0,49422500.0,156.042
000858.SZ,2022-11-30,0.0,157.45,157.55,157.1,3679.0,57879600.0,156.132
000858.SZ,2022-11-30,0.0,157.86,157.86,157.1,2410.0,37987600.0,156.198
000858.SZ,2022-11-30,0.0,157.7,157.73,157.4,3043.0,47974200.0,156.274
000858.SZ,2022-11-30,0.0,158.21,158.26,157.63,4869.0,76944400.0,156.411
000858.SZ,2022-11-30,0.0,159.0,159.1,158.23,6937.0,110113000.0,156.641
000858.SZ,2022-11-30,0.0,159.66,159.67,159.05,5155.0,82167600.0,156.831
000858.SZ,2022-11-30,0.0,159.89,159.97,159.47,7855.0,125483000.0,157.109
000858.SZ,2022-11-30,0.0,159.32,159.93,159.24,4360.0,69587600.0,157.234
000858.SZ,2022-11-30,0.0,159.1,159.5,159.1,2852.0,45446800.0,157.301
000858.SZ,2022-11-30,0.0,158.8,159.1,158.8,2472.0,39298400.0,157.345
000858.SZ,2022-11-30,0.0,158.49,158.85,158.49,2572.0,40822300.0,157.382
000858.SZ,2022-11-30,0.0,159.35,159.35,158.5,3394.0,53920300.0,157.434
000858.SZ,2022-11-30,0.0,158.4,159.35,158.34,1750.0,27793500.0,157.458
000858.SZ,2022-11-30,0.0,158.0,158.36,158.0,1709.0,27035500.0,157.47
000858.SZ,2022-11-30,0.0,157.45,158.0,157.45,1357.0,21404300.0,157.474
000858.SZ,2022-11-30,0.0,157.1,157.41,157.1,1784.0,28063700.0,157.471
000858.SZ,2022-11-30,0.0,157.23,157.29,156.95,3384.0,53167200.0,157.459
000858.SZ,2022-11-30,0.0,156.69,157.2,156.69,2252.0,35349100.0,157.449
000858.SZ,2022-11-30,0.0,157.15,157.2,156.7,2060.0,32314800.0,157.439
000858.SZ,2022-11-30,0.0,157.12,157.15,156.84,2346.0,36838100.0,157.43
000858.SZ,2022-11-30,0.0,157.06,157.15,157.06,962.0,15114300.0,157.428
000858.SZ,2022-11-30,0.0,157.0,157.09,156.99,958.0,15043500.0,157.424
000858.SZ,2022-11-30,0.0,157.1,157.1,156.99,900.0,14131100.0,157.421
000858.SZ,2022-11-30,0.0,157.11,157.13,157.05,915.0,14375200.0,157.419
000858.SZ,2022-11-30,0.0,157.1,157.12,157.1,734.0,11531900.0,157.417
000858.SZ,2022-11-30,0.0,156.82,157.1,156.8,1465.0,22990900.0,157.411
000858.SZ,2022-11-30,0.0,156.63,156.8,156.63,1133.0,17758000.0,157.405
000858.SZ,2022-11-30,0.0,156.45,156.64,156.45,1318.0,20629300.0,157.395
000858.SZ,2022-11-30,0.0,156.55,156.58,156.45,1445.0,22614100.0,157.385
000858.SZ,2022-11-30,0.0,156.52,156.55,156.51,847.0,13258000.0,157.379
000858.SZ,2022-11-30,0.0,156.79,156.79,156.52,1295.0,20283000.0,157.371
000858.SZ,2022-11-30,0.0,156.94,156.95,156.73,914.0,14336800.0,157.368
000858.SZ,2022-11-30,0.0,156.83,156.95,156.81,724.0,11358100.0,157.365
000858.SZ,2022-11-30,0.0,156.85,156.85,156.78,707.0,11086100.0,157.362
000858.SZ,2022-11-30,0.0,156.78,156.85,156.78,585.0,9173340.0,157.359
000858.SZ,2022-11-30,0.0,156.73,156.79,156.72,627.0,9828140.0,157.356
000858.SZ,2022-11-30,0.0,157.13,157.13,156.73,1990.0,31218300.0,157.349
000858.SZ,2022-11-30,0.0,157.34,157.34,157.01,1993.0,31318900.0,157.346
000858.SZ,2022-11-30,0.0,157.45,157.45,157.27,988.0,15543700.0,157.346
000858.SZ,2022-11-30,0.0,157.6,157.6,157.4,720.0,11338600.0,157.347
000858.SZ,2022-11-30,0.0,157.72,157.84,157.58,954.0,15048000.0,157.349
000858.SZ,2022-11-30,0.0,157.49,157.72,157.49,914.0,14401700.0,157.351
000858.SZ,2022-11-30,0.0,157.39,157.5,157.3,516.0,8121180.0,157.351
000858.SZ,2022-11-30,0.0,157.48,157.49,157.31,520.0,8184620.0,157.351
000858.SZ,2022-11-30,0.0,157.47,157.54,157.43,770.0,12126700.0,157.352
000858.SZ,2022-11-30,0.0,157.4,157.49,157.39,547.0,8611680.0,157.352
000858.SZ,2022-11-30,0.0,157.25,157.4,157.25,630.0,9911920.0,157.352
000858.SZ,2022-11-30,0.0,157.25,157.28,157.22,701.0,11023100.0,157.352
000858.SZ,2022-11-30,0.0,157.2,157.33,157.05,1229.0,19317400.0,157.35
000858.SZ,2022-11-30,0.0,157.17,157.38,157.16,506.0,7955360.0,157.35
000858.SZ,2022-11-30,0.0,156.97,157.16,156.97,556.0,8732090.0,157.349
000858.SZ,2022-11-30,0.0,157.0,157.09,156.96,1017.0,15966900.0,157.346
000858.SZ,2022-11-30,0.0,156.98,156.98,156.95,581.0,9119660.0,157.345
000858.SZ,2022-11-30,0.0,156.88,156.98,156.88,491.0,7705170.0,157.343
000858.SZ,2022-11-30,0.0,156.68,156.88,156.67,651.0,10204900.0,157.341
000858.SZ,2022-11-30,0.0,156.32,156.68,156.3,894.0,13988400.0,157.335
000858.SZ,2022-11-30,0.0,156.39,156.39,156.25,991.0,15488600.0,157.328
000858.SZ,2022-11-30,0.0,156.5,156.5,156.39,577.0,9027220.0,157.325
000858.SZ,2022-11-30,0.0,156.69,156.75,156.5,613.0,9603780.0,157.322
000858.SZ,2022-11-30,0.0,156.5,156.69,156.45,689.0,10786100.0,157.319
000858.SZ,2022-11-30,0.0,156.88,156.88,156.43,601.0,9413790.0,157.316
000858.SZ,2022-11-30,0.0,156.98,156.99,156.79,371.0,5821090.0,157.315
000858.SZ,2022-11-30,0.0,157.0,157.08,156.98,950.0,14915700.0,157.313
000858.SZ,2022-11-30,0.0,156.98,157.0,156.9,518.0,8131600.0,157.312
000858.SZ,2022-11-30,0.0,156.99,157.0,156.97,450.0,7064720.0,157.311
000858.SZ,2022-11-30,0.0,156.97,157.0,156.97,406.0,6373900.0,157.31
000858.SZ,2022-11-30,0.0,157.0,157.04,156.91,612.0,9608410.0,157.309
000858.SZ,2022-11-30,0.0,156.93,157.0,156.93,1233.0,19354500.0,157.307
000858.SZ,2022-11-30,0.0,156.97,157.0,156.8,340.0,5337070.0,157.306
000858.SZ,2022-11-30,0.0,156.98,157.0,156.93,568.0,8919600.0,157.305
000858.SZ,2022-11-30,0.0,157.0,157.0,156.98,339.0,5324770.0,157.304
000858.SZ,2022-11-30,0.0,156.99,157.0,156.82,535.0,8397960.0,157.303
000858.SZ,2022-11-30,0.0,156.99,157.0,156.98,466.0,7315660.0,157.302
000858.SZ,2022-11-30,0.0,156.96,157.0,156.85,248.0,3892920.0,157.301
000858.SZ,2022-11-30,0.0,156.99,157.0,156.93,279.0,4379650.0,157.301
000858.SZ,2022-11-30,0.0,156.85,157.0,156.85,443.0,6951280.0,157.3
000858.SZ,2022-11-30,0.0,157.35,157.39,156.83,2094.0,32882200.0,157.296
000858.SZ,2022-11-30,0.0,157.58,157.6,157.4,820.0,12914700.0,157.297
000858.SZ,2022-11-30,0.0,157.55,157.6,157.25,621.0,9781750.0,157.298
000858.SZ,2022-11-30,0.0,157.49,157.6,157.37,329.0,5182200.0,157.299
000858.SZ,2022-11-30,0.0,157.35,157.49,157.31,229.0,3604730.0,157.299
000858.SZ,2022-11-30,0.0,157.1,157.38,157.09,430.0,6761130.0,157.299
000858.SZ,2022-11-30,0.0,157.0,157.09,156.9,312.0,4899150.0,157.298
000858.SZ,2022-11-30,0.0,156.9,157.0,156.85,282.0,4424920.0,157.297
000858.SZ,2022-11-30,0.0,156.9,156.99,156.87,348.0,5459790.0,157.296
000858.SZ,2022-11-30,0.0,156.89,156.9,156.88,829.0,13006800.0,157.294
000858.SZ,2022-11-30,0.0,156.99,156.99,156.9,484.0,7596100.0,157.293
000858.SZ,2022-11-30,0.0,157.01,157.01,156.94,471.0,7394320.0,157.293
000858.SZ,2022-11-30,0.0,157.04,157.04,157.0,187.0,2929450.0,157.292
000858.SZ,2022-11-30,0.0,157.1,157.12,157.02,196.0,3078220.0,157.292
000858.SZ,2022-11-30,0.0,157.25,157.28,157.09,182.0,2860960.0,157.292
000858.SZ,2022-11-30,0.0,157.1,157.26,157.09,666.0,10469800.0,157.292
000858.SZ,2022-11-30,0.0,157.1,157.2,157.09,300.0,4714000.0,157.291
000858.SZ,2022-11-30,0.0,157.17,157.2,157.11,215.0,3378940.0,157.291
000858.SZ,2022-11-30,0.0,157.08,157.13,157.06,263.0,4131250.0,157.291
000858.SZ,2022-11-30,0.0,157.05,157.08,157.05,210.0,3298230.0,157.29
000858.SZ,2022-11-30,0.0,157.0,157.07,157.0,245.0,3846860.0,157.29
000858.SZ,2022-11-30,0.0,157.07,157.13,157.0,391.0,6140260.0,157.289
000858.SZ,2022-11-30,0.0,157.1,157.2,157.0,259.0,4069520.0,157.289
000858.SZ,2022-11-30,0.0,157.07,157.11,157.0,297.0,4664360.0,157.289
000858.SZ,2022-11-30,0.0,157.1,157.2,157.01,287.0,4505660.0,157.288
000858.SZ,2022-11-30,0.0,157.15,157.15,157.01,388.0,6093680.0,157.288
000858.SZ,2022-11-30,0.0,157.09,157.15,157.02,307.0,4822040.0,157.288
000858.SZ,2022-11-30,0.0,157.02,157.13,157.02,433.0,6801680.0,157.287
000858.SZ,2022-11-30,0.0,156.91,157.12,156.91,688.0,10805400.0,157.286
000858.SZ,2022-11-30,0.0,157.02,157.07,156.79,843.0,13229500.0,157.284
000858.SZ,2022-11-30,0.0,156.8,156.82,156.5,1506.0,23609000.0,157.28
000858.SZ,2022-11-30,0.0,156.7,156.8,156.65,558.0,8744620.0,157.278
000858.SZ,2022-11-30,0.0,156.73,156.8,156.71,478.0,7492790.0,157.277
000858.SZ,2022-11-30,0.0,156.8,156.86,156.75,282.0,4421530.0,157.276
000858.SZ,2022-11-30,0.0,156.67,156.85,156.66,337.0,5282780.0,157.275
000858.SZ,2022-11-30,0.0,156.49,156.67,156.49,425.0,6654980.0,157.274
000858.SZ,2022-11-30,0.0,156.05,156.49,156.01,844.0,13184400.0,157.269
000858.SZ,2022-11-30,0.0,156.12,156.13,156.01,933.0,14559700.0,157.262
000858.SZ,2022-11-30,0.0,156.22,156.23,156.12,417.0,6510650.0,157.26
000858.SZ,2022-11-30,0.0,156.23,156.26,156.21,241.0,3765050.0,157.258
000858.SZ,2022-11-30,0.0,156.25,156.26,156.23,311.0,4859270.0,157.256
000858.SZ,2022-11-30,0.0,156.5,156.5,156.25,406.0,6347380.0,157.254
000858.SZ,2022-11-30,0.0,156.6,156.6,156.47,225.0,3522580.0,157.253
000858.SZ,2022-11-30,0.0,156.8,156.8,156.59,286.0,4481550.0,157.253
000858.SZ,2022-11-30,0.0,156.59,156.84,156.59,1096.0,17173200.0,157.249
000858.SZ,2022-11-30,0.0,156.88,156.93,156.59,516.0,8085660.0,157.248
000858.SZ,2022-11-30,0.0,156.66,156.88,156.66,384.0,6021170.0,157.247
000858.SZ,2022-11-30,0.0,156.59,156.64,156.55,404.0,6326770.0,157.245
000858.SZ,2022-11-30,0.0,156.7,156.78,156.61,560.0,8767160.0,157.243
000858.SZ,2022-11-30,0.0,156.67,156.7,156.66,339.0,5305360.0,157.242
000858.SZ,2022-11-30,0.0,156.61,156.69,156.55,445.0,6976680.0,157.241
000858.SZ,2022-11-30,0.0,156.64,156.68,156.58,579.0,9069000.0,157.239
000858.SZ,2022-11-30,0.0,156.7,156.7,156.64,348.0,5452160.0,157.238
000858.SZ,2022-11-30,0.0,156.66,156.7,156.64,239.0,3744420.0,157.237
000858.SZ,2022-11-30,0.0,156.66,156.69,156.63,527.0,8256160.0,157.236
000858.SZ,2022-11-30,0.0,156.73,156.73,156.6,609.0,9544040.0,157.234
000858.SZ,2022-11-30,0.0,156.76,156.78,156.71,449.0,7038370.0,157.233
000858.SZ,2022-11-30,0.0,156.77,156.88,156.76,785.0,12308200.0,157.231
000858.SZ,2022-11-30,0.0,156.89,156.89,156.76,418.0,6556020.0,157.23
000858.SZ,2022-11-30,0.0,156.86,156.92,156.82,411.0,6448220.0,157.229
000858.SZ,2022-11-30,0.0,156.9,156.92,156.8,326.0,5114150.0,157.228
000858.SZ,2022-11-30,0.0,157.18,157.2,156.91,1325.0,20809300.0,157.227
000858.SZ,2022-11-30,0.0,157.08,157.2,157.0,369.0,5797560.0,157.227
000858.SZ,2022-11-30,0.0,157.13,157.18,157.01,501.0,7866330.0,157.226
000858.SZ,2022-11-30,0.0,157.1,157.17,157.03,210.0,3298960.0,157.226
000858.SZ,2022-11-30,0.0,157.0,157.09,157.0,352.0,5527670.0,157.226
000858.SZ,2022-11-30,0.0,156.92,157.03,156.91,761.0,11947500.0,157.225
000858.SZ,2022-11-30,0.0,156.91,156.99,156.9,287.0,4503960.0,157.225
000858.SZ,2022-11-30,0.0,156.9,156.94,156.86,263.0,4126000.0,157.224
000858.SZ,2022-11-30,0.0,157.0,157.0,156.86,420.0,6592760.0,157.224
000858.SZ,2022-11-30,0.0,157.2,157.2,156.99,1090.0,17121000.0,157.223
000858.SZ,2022-11-30,0.0,157.17,157.19,157.17,417.0,6561760.0,157.223
000858.SZ,2022-11-30,0.0,157.03,157.17,157.02,258.0,4053360.0,157.222
000858.SZ,2022-11-30,0.0,157.08,157.09,157.02,274.0,4303360.0,157.222
000858.SZ,2022-11-30,0.0,157.03,157.11,157.03,307.0,4822550.0,157.222
000858.SZ,2022-11-30,0.0,157.05,157.17,157.05,699.0,10983600.0,157.222
000858.SZ,2022-11-30,0.0,156.99,157.08,156.99,363.0,5700470.0,157.221
000858.SZ,2022-11-30,0.0,156.86,156.99,156.86,261.0,4095580.0,157.221
000858.SZ,2022-11-30,0.0,156.8,156.87,156.8,266.0,4171560.0,157.22
000858.SZ,2022-11-30,0.0,156.73,156.77,156.71,322.0,5046230.0,157.22
000858.SZ,2022-11-30,0.0,156.71,156.74,156.7,279.0,4372470.0,157.219
000858.SZ,2022-11-30,0.0,156.65,156.71,156.61,517.0,8106090.0,157.218
000858.SZ,2022-11-30,0.0,156.56,156.65,156.56,344.0,5386960.0,157.216
000858.SZ,2022-11-30,0.0,156.35,156.51,156.35,585.0,9151170.0,157.214
000858.SZ,2022-11-30,0.0,156.27,156.36,156.27,614.0,9597330.0,157.211
000858.SZ,2022-11-30,0.0,156.19,156.28,156.09,864.0,13495500.0,157.207
000858.SZ,2022-11-30,0.0,156.22,156.25,156.15,573.0,8949530.0,157.204
000858.SZ,2022-11-30,0.0,156.27,156.29,156.18,916.0,14309400.0,157.2
000858.SZ,2022-11-30,0.0,156.32,156.4,156.27,541.0,8457060.0,157.197
000858.SZ,2022-11-30,0.0,156.35,156.49,156.32,474.0,7415340.0,157.195
000858.SZ,2022-11-30,0.0,156.51,156.57,156.35,365.0,5710950.0,157.194
000858.SZ,2022-11-30,0.0,156.5,156.55,156.48,868.0,13585700.0,157.191
000858.SZ,2022-11-30,0.0,156.48,156.53,156.42,459.0,7179040.0,157.189
000858.SZ,2022-11-30,0.0,156.35,156.48,156.35,356.0,5568160.0,157.188
000858.SZ,2022-11-30,0.0,156.31,156.35,156.29,635.0,9928320.0,157.185
000858.SZ,2022-11-30,0.0,156.3,156.32,156.28,605.0,9455920.0,157.183
000858.SZ,2022-11-30,0.0,156.48,156.5,156.28,1089.0,17031300.0,157.179
000858.SZ,2022-11-30,0.0,156.5,156.53,156.47,395.0,6181780.0,157.177
000858.SZ,2022-11-30,0.0,156.69,156.69,156.5,584.0,9144250.0,157.176
000858.SZ,2022-11-30,0.0,156.57,156.68,156.56,785.0,12293900.0,157.174
000858.SZ,2022-11-30,0.0,156.57,156.63,156.57,323.0,5057960.0,157.173
000858.SZ,2022-11-30,0.0,156.38,156.57,156.38,423.0,6617790.0,157.171
000858.SZ,2022-11-30,0.0,156.43,156.45,156.32,474.0,7412710.0,157.169
000858.SZ,2022-11-30,0.0,156.4,156.44,156.33,232.0,3628010.0,157.169
000858.SZ,2022-11-30,0.0,156.3,156.35,156.28,559.0,8738730.0,157.166
000858.SZ,2022-11-30,0.0,156.18,156.29,156.18,484.0,7561160.0,157.164
000858.SZ,2022-11-30,0.0,156.28,156.29,156.16,803.0,12537000.0,157.16
000858.SZ,2022-11-30,0.0,156.21,156.3,156.21,326.0,5094020.0,157.159
000858.SZ,2022-11-30,0.0,156.3,156.3,156.2,331.0,5171860.0,157.158
000858.SZ,2022-11-30,0.0,156.35,156.35,156.24,694.0,10847200.0,157.155
000858.SZ,2022-11-30,0.0,156.36,156.39,156.34,494.0,7724380.0,157.153
000858.SZ,2022-11-30,0.0,156.49,156.5,156.36,1296.0,20272800.0,157.149
000858.SZ,2022-11-30,0.0,156.5,156.52,156.42,614.0,9608480.0,157.147
000858.SZ,2022-11-30,0.0,156.46,156.51,156.45,394.0,6164570.0,157.146
000858.SZ,2022-11-30,0.0,156.26,156.45,156.26,578.0,9037800.0,157.144
000858.SZ,2022-11-30,0.0,156.22,156.26,156.22,219.0,3414990.0,157.143
000858.SZ,2022-11-30,0.0,156.2,156.23,156.2,282.0,4405240.0,157.142
000858.SZ,2022-11-30,0.0,156.16,156.22,156.16,361.0,5645250.0,157.14
000858.SZ,2022-11-30,0.0,156.21,156.22,156.15,461.0,7200320.0,157.138
000858.SZ,2022-11-30,0.0,156.17,156.21,156.15,328.0,5122560.0,157.136
000858.SZ,2022-11-30,0.0,156.15,156.17,156.14,491.0,7667090.0,157.134
000858.SZ,2022-11-30,0.0,156.05,156.16,156.05,633.0,9882660.0,157.131
000858.SZ,2022-11-30,0.0,155.98,156.09,155.98,1354.0,21123900.0,157.125
000858.SZ,2022-11-30,0.0,156.09,156.16,155.97,1415.0,22084200.0,157.118
000858.SZ,2022-11-30,0.0,156.16,156.2,156.08,678.0,10580300.0,157.115
000858.SZ,2022-11-30,0.0,156.14,156.16,156.11,234.0,3653910.0,157.114
000858.SZ,2022-11-30,0.0,156.1,156.13,156.1,369.0,5760470.0,157.112
000858.SZ,2022-11-30,0.0,156.07,156.11,156.07,1101.0,17191600.0,157.107
000858.SZ,2022-11-30,0.0,156.01,156.12,156.01,674.0,10517200.0,157.104
000858.SZ,2022-11-30,0.0,156.06,156.1,156.03,1315.0,20516200.0,157.098
000858.SZ,2022-11-30,0.0,156.12,156.12,156.0,1220.0,19024000.0,157.092
000858.SZ,2022-11-30,0.0,156.06,156.1,156.06,888.0,13859400.0,157.088
000858.SZ,2022-11-30,0.0,156.13,156.14,156.05,869.0,13564700.0,157.084
000858.SZ,2022-11-30,0.0,156.15,156.16,156.14,356.0,5558950.0,157.083
000858.SZ,2022-11-30,0.0,156.16,156.16,156.15,508.0,7932540.0,157.081
000858.SZ,2022-11-30,0.0,156.38,156.4,156.16,1161.0,18138800.0,157.076
000858.SZ,2022-11-30,0.0,156.5,156.5,156.35,1046.0,16365700.0,157.074
000858.SZ,2022-11-30,0.0,156.28,156.5,156.28,755.0,11813300.0,157.072
000858.SZ,2022-11-30,0.0,156.41,156.41,156.26,647.0,10116500.0,157.07
000858.SZ,2022-11-30,0.0,156.37,156.45,156.36,768.0,12010900.0,157.067
000858.SZ,2022-11-30,0.0,156.45,156.5,156.37,1157.0,18101500.0,157.064
000858.SZ,2022-11-30,0.0,156.46,156.49,156.45,797.0,12470100.0,157.062
000858.SZ,2022-11-30,0.0,156.45,156.46,156.44,839.0,13126300.0,157.06
000858.SZ,2022-11-30,0.0,156.5,156.5,156.43,1529.0,23932700.0,157.057
000858.SZ,2022-11-30,0.0,156.59,156.59,156.49,1051.0,16451100.0,157.054
000858.SZ,2022-11-30,0.0,156.77,156.82,156.63,1762.0,27607700.0,157.052
000858.SZ,2022-11-30,0.0,156.9,156.96,156.77,1644.0,25785600.0,157.05
000858.SZ,2022-11-30,0.0,156.86,156.86,156.86,3.0,47062.0,157.05
000858.SZ,2022-11-30,0.0,156.86,156.86,156.86,0.0,0.0,157.05
000858.SZ,2022-11-30,0.0,156.86,156.86,156.86,8483.0,133064000.0,157.044
000858.SZ,2022-12-01,0.0,165.0,165.0,165.0,7745.0,127800000.0,165.0
000858.SZ,2022-12-01,0.0,169.45,169.68,164.5,40601.0,678017980.0,166.677
000858.SZ,2022-12-01,0.0,169.0,169.99,168.85,32598.0,552171010.0,167.768
000858.SZ,2022-12-01,0.0,167.86,169.2,167.86,16386.0,276200000.0,167.901
000858.SZ,2022-12-01,0.0,166.5,167.85,166.25,10295.0,171644000.0,167.789
000858.SZ,2022-12-01,0.0,166.51,166.9,166.41,10858.0,180955008.0,167.686
000858.SZ,2022-12-01,0.0,166.17,166.59,166.17,9605.0,159843008.0,167.59
000858.SZ,2022-12-01,0.0,165.97,166.24,165.54,10748.0,178280000.0,167.458
000858.SZ,2022-12-01,0.0,165.53,165.9,165.53,8321.0,137943008.0,167.363
000858.SZ,2022-12-01,0.0,165.7,165.88,165.28,6562.0,108588000.0,167.283
000858.SZ,2022-12-01,0.0,165.38,165.97,165.11,4961.0,82115600.0,167.228
000858.SZ,2022-12-01,0.0,165.6,165.62,165.11,4786.0,79152304.0,167.174
000858.SZ,2022-12-01,0.0,166.5,166.5,165.46,6096.0,101123000.0,167.127
000858.SZ,2022-12-01,0.0,167.47,167.61,166.61,7340.0,122763000.0,167.132
000858.SZ,2022-12-01,0.0,167.29,167.34,166.88,6632.0,110836000.0,167.132
000858.SZ,2022-12-01,0.0,167.04,167.33,167.04,4741.0,79273296.0,167.134
000858.SZ,2022-12-01,0.0,167.06,167.26,167.06,4892.0,81797296.0,167.136
000858.SZ,2022-12-01,0.0,166.89,167.09,166.73,5342.0,89188000.0,167.131
000858.SZ,2022-12-01,0.0,166.86,166.95,166.74,4087.0,68209504.0,167.127
000858.SZ,2022-12-01,0.0,166.19,166.79,166.19,3026.0,50390300.0,167.118
000858.SZ,2022-12-01,0.0,166.88,166.99,166.2,2913.0,48527400.0,167.11
000858.SZ,2022-12-01,0.0,166.6,166.99,166.55,4017.0,66978900.0,167.103
000858.SZ,2022-12-01,0.0,166.41,166.61,166.41,2645.0,44047300.0,167.096
000858.SZ,2022-12-01,0.0,166.23,166.39,166.23,1557.0,25898000.0,167.091
000858.SZ,2022-12-01,0.0,166.14,166.23,166.08,2516.0,41798900.0,167.08
000858.SZ,2022-12-01,0.0,166.8,166.8,166.09,3661.0,60921900.0,167.069
000858.SZ,2022-12-01,0.0,167.0,167.0,166.95,3432.0,57312100.0,167.068
000858.SZ,2022-12-01,0.0,166.81,167.22,166.81,4759.0,79518896.0,167.068
000858.SZ,2022-12-01,0.0,166.6,166.98,166.6,1699.0,28336400.0,167.066
000858.SZ,2022-12-01,0.0,166.41,166.6,166.41,1522.0,25334000.0,167.062
000858.SZ,2022-12-01,0.0,166.33,166.41,166.33,1970.0,32779900.0,167.056
000858.SZ,2022-12-01,0.0,166.52,166.66,166.33,3545.0,59001100.0,167.048
000858.SZ,2022-12-01,0.0,165.93,166.48,165.93,2280.0,37894200.0,167.04
000858.SZ,2022-12-01,0.0,166.3,166.3,165.66,2717.0,45070500.0,167.027
000858.SZ,2022-12-01,0.0,166.99,167.22,166.47,4908.0,81936704.0,167.025
000858.SZ,2022-12-01,0.0,166.5,166.97,166.5,1552.0,25885700.0,167.024
000858.SZ,2022-12-01,0.0,166.16,166.58,166.04,1414.0,23513100.0,167.02
000858.SZ,2022-12-01,0.0,166.1,166.38,166.02,1185.0,19696300.0,167.016
000858.SZ,2022-12-01,0.0,166.05,166.09,165.93,1502.0,24934500.0,167.01
000858.SZ,2022-12-01,0.0,166.21,166.24,166.08,1681.0,27931500.0,167.005
000858.SZ,2022-12-01,0.0,166.02,166.2,166.02,886.0,14720200.0,167.002
000858.SZ,2022-12-01,0.0,165.85,166.02,165.78,1442.0,23927800.0,166.996
000858.SZ,2022-12-01,0.0,165.99,166.0,165.79,1284.0,21308000.0,166.991
000858.SZ,2022-12-01,0.0,165.85,166.0,165.82,1020.0,16923300.0,166.986
000858.SZ,2022-12-01,0.0,165.71,165.88,165.7,1354.0,22448500.0,166.98
000858.SZ,2022-12-01,0.0,165.42,165.71,165.42,977.0,16177200.0,166.975
000858.SZ,2022-12-01,0.0,165.16,165.48,165.16,1577.0,26063800.0,166.965
000858.SZ,2022-12-01,0.0,165.01,165.14,165.0,2126.0,35084900.0,166.95
000858.SZ,2022-12-01,0.0,165.1,165.1,165.01,1906.0,31450700.0,166.936
000858.SZ,2022-12-01,0.0,165.24,165.28,165.08,1332.0,22000400.0,166.927
000858.SZ,2022-12-01,0.0,165.09,165.3,165.06,933.0,15406800.0,166.921
000858.SZ,2022-12-01,0.0,165.0,165.08,164.93,2962.0,48879300.0,166.901
000858.SZ,2022-12-01,0.0,164.91,165.07,164.91,1651.0,27241700.0,166.889
000858.SZ,2022-12-01,0.0,164.81,164.97,164.81,787.0,12975600.0,166.883
000858.SZ,2022-12-01,0.0,164.4,164.82,164.4,2010.0,33085300.0,166.867
000858.SZ,2022-12-01,0.0,164.85,164.85,164.3,2265.0,37265200.0,166.848
000858.SZ,2022-12-01,0.0,164.97,164.99,164.87,1580.0,26060900.0,166.838
000858.SZ,2022-12-01,0.0,164.95,164.97,164.9,445.0,7339990.0,166.835
000858.SZ,2022-12-01,0.0,164.7,164.93,164.68,1627.0,26807900.0,166.823
000858.SZ,2022-12-01,0.0,164.75,164.78,164.64,795.0,13100000.0,166.817
000858.SZ,2022-12-01,0.0,164.75,164.81,164.72,938.0,15447600.0,166.81
000858.SZ,2022-12-01,0.0,165.18,165.18,164.72,3144.0,51869400.0,166.79
000858.SZ,2022-12-01,0.0,165.35,165.36,165.15,1674.0,27671000.0,166.782
000858.SZ,2022-12-01,0.0,165.35,165.55,165.31,1217.0,20136100.0,166.776
000858.SZ,2022-12-01,0.0,165.18,165.4,165.18,662.0,10942100.0,166.773
000858.SZ,2022-12-01,0.0,164.88,165.18,164.88,580.0,9571760.0,166.769
000858.SZ,2022-12-01,0.0,164.68,164.88,164.68,530.0,8730900.0,166.766
000858.SZ,2022-12-01,0.0,164.83,164.9,164.64,1388.0,22866600.0,166.756
000858.SZ,2022-12-01,0.0,164.77,164.82,164.77,564.0,9294340.0,166.753
000858.SZ,2022-12-01,0.0,164.75,164.79,164.73,541.0,8913490.0,166.749
000858.SZ,2022-12-01,0.0,164.68,164.77,164.65,529.0,8713980.0,166.745
000858.SZ,2022-12-01,0.0,164.74,164.77,164.69,461.0,7594440.0,166.742
000858.SZ,2022-12-01,0.0,164.71,164.75,164.7,385.0,6342020.0,166.74
000858.SZ,2022-12-01,0.0,164.69,164.71,164.69,456.0,7510590.0,166.737
000858.SZ,2022-12-01,0.0,164.7,164.73,164.69,733.0,12073300.0,166.732
000858.SZ,2022-12-01,0.0,164.71,164.71,164.69,570.0,9388010.0,166.728
000858.SZ,2022-12-01,0.0,164.72,164.73,164.7,449.0,7395570.0,166.725
000858.SZ,2022-12-01,0.0,165.14,165.14,164.72,2655.0,43794500.0,166.709
000858.SZ,2022-12-01,0.0,164.79,165.14,164.79,784.0,12926100.0,166.705
000858.SZ,2022-12-01,0.0,164.83,165.0,164.75,1066.0,17576600.0,166.698
000858.SZ,2022-12-01,0.0,164.82,165.01,164.82,832.0,13720600.0,166.693
000858.SZ,2022-12-01,0.0,164.99,165.05,164.8,470.0,7751850.0,166.691
000858.SZ,2022-12-01,0.0,164.98,165.0,164.94,395.0,6516990.0,166.689
000858.SZ,2022-12-01,0.0,164.99,165.0,164.92,359.0,5922690.0,166.687
000858.SZ,2022-12-01,0.0,164.93,165.0,164.93,479.0,7902770.0,166.684
000858.SZ,2022-12-01,0.0,164.85,165.0,164.85,519.0,8559570.0,166.681
000858.SZ,2022-12-01,0.0,164.77,164.89,164.77,583.0,9609800.0,166.677
000858.SZ,2022-12-01,0.0,164.72,164.78,164.71,336.0,5535430.0,166.675
000858.SZ,2022-12-01,0.0,164.7,164.71,164.69,577.0,9503290.0,166.672
000858.SZ,2022-12-01,0.0,164.67,164.71,164.66,402.0,6620360.0,166.669
000858.SZ,2022-12-01,0.0,164.63,164.66,164.61,310.0,5097760.0,166.667
000858.SZ,2022-12-01,0.0,164.63,164.65,164.61,551.0,9076790.0,166.663
000858.SZ,2022-12-01,0.0,164.78,164.8,164.62,594.0,9777760.0,166.66
000858.SZ,2022-12-01,0.0,164.89,164.89,164.81,384.0,6324090.0,166.658
000858.SZ,2022-12-01,0.0,165.07,165.08,164.88,952.0,15715200.0,166.653
000858.SZ,2022-12-01,0.0,164.95,165.1,164.95,613.0,10116200.0,166.649
000858.SZ,2022-12-01,0.0,164.89,164.96,164.87,526.0,8675680.0,166.646
000858.SZ,2022-12-01,0.0,164.98,164.98,164.87,412.0,6795240.0,166.644
000858.SZ,2022-12-01,0.0,164.99,165.1,164.95,457.0,7540700.0,166.642
000858.SZ,2022-12-01,0.0,164.99,165.06,164.99,367.0,6053680.0,166.64
000858.SZ,2022-12-01,0.0,165.03,165.03,164.99,366.0,6036810.0,166.638
000858.SZ,2022-12-01,0.0,165.02,165.09,165.01,458.0,7559060.0,166.636
000858.SZ,2022-12-01,0.0,165.0,165.01,164.92,591.0,9755240.0,166.633
000858.SZ,2022-12-01,0.0,164.86,164.98,164.81,543.0,8956640.0,166.63
000858.SZ,2022-12-01,0.0,164.76,164.84,164.76,258.0,4251920.0,166.628
000858.SZ,2022-12-01,0.0,164.73,164.76,164.73,230.0,3789090.0,166.627
000858.SZ,2022-12-01,0.0,164.4,164.73,164.4,1196.0,19679900.0,166.619
000858.SZ,2022-12-01,0.0,164.3,164.4,164.28,949.0,15596100.0,166.612
000858.SZ,2022-12-01,0.0,164.29,164.46,164.22,677.0,11124700.0,166.608
000858.SZ,2022-12-01,0.0,164.18,164.46,164.13,679.0,11151800.0,166.603
000858.SZ,2022-12-01,0.0,164.03,164.12,164.02,617.0,10123200.0,166.598
000858.SZ,2022-12-01,0.0,164.02,164.05,163.89,2106.0,34539900.0,166.581
000858.SZ,2022-12-01,0.0,163.98,164.0,163.94,917.0,15037700.0,166.574
000858.SZ,2022-12-01,0.0,164.32,164.4,164.0,721.0,11837900.0,166.568
000858.SZ,2022-12-01,0.0,164.31,164.49,164.15,962.0,15806500.0,166.562
000858.SZ,2022-12-01,0.0,164.0,164.31,164.0,908.0,14902100.0,166.555
000858.SZ,2022-12-01,0.0,164.0,164.05,163.95,804.0,13186000.0,166.549
000858.SZ,2022-12-01,0.0,164.17,164.17,164.02,472.0,7744900.0,166.545
000858.SZ,2022-12-01,0.0,164.28,164.28,164.15,321.0,5271580.0,166.543
000858.SZ,2022-12-01,0.0,164.14,164.28,164.12,541.0,8883180.0,166.539
000858.SZ,2022-12-01,0.0,163.99,164.12,163.94,701.0,11498800.0,166.534
000858.SZ,2022-12-01,0.0,164.71,164.71,163.86,3102.0,50886300.0,166.511
000858.SZ,2022-12-01,0.0,164.74,164.76,164.64,726.0,11957800.0,166.507
000858.SZ,2022-12-01,0.0,164.7,164.84,164.58,793.0,13062800.0,166.502
000858.SZ,2022-12-01,0.0,164.85,164.89,164.65,672.0,11071400.0,166.499
000858.SZ,2022-12-01,0.0,164.8,164.84,164.73,731.0,12045500.0,166.495
000858.SZ,2022-12-01,0.0,164.8,165.0,164.8,1450.0,23912100.0,166.488
000858.SZ,2022-12-01,0.0,164.7,164.79,164.66,668.0,11004900.0,166.485
000858.SZ,2022-12-01,0.0,164.96,165.0,164.69,1737.0,28646500.0,166.477
000858.SZ,2022-12-01,0.0,165.26,165.33,164.96,2221.0,36668400.0,166.468
000858.SZ,2022-12-01,0.0,165.23,165.31,165.15,770.0,12725400.0,166.465
000858.SZ,2022-12-01,0.0,165.1,165.23,165.06,628.0,10368800.0,166.463
000858.SZ,2022-12-01,0.0,165.0,165.09,164.9,1800.0,29702000.0,166.455
000858.SZ,2022-12-01,0.0,164.91,165.0,164.88,928.0,15306700.0,166.451
000858.SZ,2022-12-01,0.0,164.84,164.91,164.82,331.0,5457100.0,166.45
000858.SZ,2022-12-01,0.0,164.84,164.86,164.83,315.0,5192470.0,166.448
000858.SZ,2022-12-01,0.0,164.94,164.98,164.82,711.0,11723700.0,166.445
000858.SZ,2022-12-01,0.0,164.99,165.0,164.96,530.0,8744680.0,166.443
000858.SZ,2022-12-01,0.0,165.0,165.0,164.99,493.0,8134330.0,166.441
000858.SZ,2022-12-01,0.0,164.99,165.0,164.99,468.0,7721840.0,166.439
000858.SZ,2022-12-01,0.0,164.93,165.01,164.92,952.0,15707000.0,166.435
000858.SZ,2022-12-01,0.0,164.86,164.9,164.85,248.0,4088830.0,166.434
000858.SZ,2022-12-01,0.0,164.9,164.9,164.86,398.0,6562130.0,166.432
000858.SZ,2022-12-01,0.0,164.89,164.9,164.88,431.0,7106530.0,166.43
000858.SZ,2022-12-01,0.0,164.88,164.9,164.86,388.0,6402830.0,166.429
000858.SZ,2022-12-01,0.0,164.85,164.88,164.85,403.0,6643720.0,166.427
000858.SZ,2022-12-01,0.0,164.8,164.85,164.79,447.0,7367600.0,166.425
000858.SZ,2022-12-01,0.0,164.72,164.79,164.69,621.0,10225900.0,166.422
000858.SZ,2022-12-01,0.0,164.77,164.77,164.73,403.0,6639620.0,166.42
000858.SZ,2022-12-01,0.0,164.85,164.86,164.78,789.0,13005000.0,166.416
000858.SZ,2022-12-01,0.0,164.99,165.0,164.85,838.0,13823200.0,166.413
000858.SZ,2022-12-01,0.0,165.31,165.34,164.97,2523.0,41658800.0,166.404
000858.SZ,2022-12-01,0.0,165.47,165.48,165.35,1048.0,17338100.0,166.401
000858.SZ,2022-12-01,0.0,165.39,165.5,165.37,679.0,11235000.0,166.399
000858.SZ,2022-12-01,0.0,165.33,165.37,165.33,591.0,9772370.0,166.397
000858.SZ,2022-12-01,0.0,165.42,165.42,165.3,813.0,13442100.0,166.395
000858.SZ,2022-12-01,0.0,165.44,165.45,165.42,418.0,6915090.0,166.394
000858.SZ,2022-12-01,0.0,165.45,165.45,165.43,492.0,8139560.0,166.393
000858.SZ,2022-12-01,0.0,165.41,165.44,165.41,345.0,5707220.0,166.392
000858.SZ,2022-12-01,0.0,165.35,165.41,165.34,613.0,10138200.0,166.39
000858.SZ,2022-12-01,0.0,165.26,165.35,165.26,408.0,6745520.0,166.389
000858.SZ,2022-12-01,0.0,165.09,165.27,165.08,342.0,5648910.0,166.388
000858.SZ,2022-12-01,0.0,165.06,165.11,165.06,467.0,7709170.0,166.386
000858.SZ,2022-12-01,0.0,165.05,165.08,165.05,456.0,7526660.0,166.384
000858.SZ,2022-12-01,0.0,165.31,165.32,165.04,880.0,14535600.0,166.381
000858.SZ,2022-12-01,0.0,165.39,165.41,165.3,397.0,6565440.0,166.38
000858.SZ,2022-12-01,0.0,165.37,165.48,165.3,988.0,16341100.0,166.378
000858.SZ,2022-12-01,0.0,165.33,165.37,165.33,447.0,7391020.0,166.376
000858.SZ,2022-12-01,0.0,165.32,165.34,165.3,480.0,7935200.0,166.375
000858.SZ,2022-12-01,0.0,165.2,165.31,165.2,327.0,5404700.0,166.374
000858.SZ,2022-12-01,0.0,165.11,165.21,165.11,342.0,5648350.0,166.373
000858.SZ,2022-12-01,0.0,165.11,165.13,165.07,705.0,11639500.0,166.371
000858.SZ,2022-12-01,0.0,165.12,165.19,165.1,524.0,8652980.0,166.369
000858.SZ,2022-12-01,0.0,165.13,165.16,165.11,287.0,4739150.0,166.368
000858.SZ,2022-12-01,0.0,165.16,165.17,165.12,340.0,5610710.0,166.367
000858.SZ,2022-12-01,0.0,165.13,165.17,165.12,485.0,8013250.0,166.365
000858.SZ,2022-12-01,0.0,165.11,165.16,165.1,897.0,14812500.0,166.362
000858.SZ,2022-12-01,0.0,165.07,165.12,165.07,586.0,9674750.0,166.36
000858.SZ,2022-12-01,0.0,165.1,165.1,165.06,775.0,12794400.0,166.358
000858.SZ,2022-12-01,0.0,165.06,165.17,165.0,1125.0,18567600.0,166.354
000858.SZ,2022-12-01,0.0,165.01,165.08,165.0,464.0,7656830.0,166.352
000858.SZ,2022-12-01,0.0,164.84,165.01,164.82,934.0,15405600.0,166.348
000858.SZ,2022-12-01,0.0,165.0,165.0,164.82,656.0,10818600.0,166.346
000858.SZ,2022-12-01,0.0,164.99,165.02,164.97,1031.0,17011100.0,166.342
000858.SZ,2022-12-01,0.0,164.96,164.99,164.94,1014.0,16727200.0,166.339
000858.SZ,2022-12-01,0.0,164.95,164.99,164.85,706.0,11643600.0,166.336
000858.SZ,2022-12-01,0.0,164.92,164.98,164.92,1617.0,26676000.0,166.33
000858.SZ,2022-12-01,0.0,165.0,165.0,164.93,734.0,12109000.0,166.328
000858.SZ,2022-12-01,0.0,165.0,165.05,164.96,827.0,13646300.0,166.325
000858.SZ,2022-12-01,0.0,165.0,165.01,164.99,774.0,12771000.0,166.322
000858.SZ,2022-12-01,0.0,165.0,165.01,164.99,619.0,10213400.0,166.32
000858.SZ,2022-12-01,0.0,164.98,165.0,164.98,1167.0,19256500.0,166.316
000858.SZ,2022-12-01,0.0,164.97,164.99,164.95,350.0,5773990.0,166.315
000858.SZ,2022-12-01,0.0,164.98,164.99,164.96,580.0,9568070.0,166.313
000858.SZ,2022-12-01,0.0,165.0,165.01,164.98,1035.0,17077300.0,166.309
000858.SZ,2022-12-01,0.0,165.16,165.16,165.0,1084.0,17895200.0,166.306
000858.SZ,2022-12-01,0.0,165.28,165.28,165.16,1025.0,16928400.0,166.303
000858.SZ,2022-12-01,0.0,165.36,165.37,165.28,1331.0,22005000.0,166.3
000858.SZ,2022-12-01,0.0,165.36,165.4,165.36,772.0,12765300.0,166.298
000858.SZ,2022-12-01,0.0,165.31,165.37,165.3,983.0,16252000.0,166.295
000858.SZ,2022-12-01,0.0,165.25,165.32,165.25,730.0,12065900.0,166.293
000858.SZ,2022-12-01,0.0,165.25,165.26,165.21,542.0,8955870.0,166.292
000858.SZ,2022-12-01,0.0,165.31,165.31,165.25,865.0,14302100.0,166.29
000858.SZ,2022-12-01,0.0,165.28,165.31,165.27,782.0,12920000.0,166.288
000858.SZ,2022-12-01,0.0,165.26,165.29,165.26,712.0,11768400.0,166.286
000858.SZ,2022-12-01,0.0,165.24,165.28,165.24,834.0,13782700.0,166.284
000858.SZ,2022-12-01,0.0,165.27,165.27,165.22,564.0,9324240.0,166.282
000858.SZ,2022-12-01,0.0,165.37,165.37,165.26,1474.0,24367500.0,166.279
000858.SZ,2022-12-01,0.0,165.37,165.4,165.37,742.0,12271600.0,166.277
000858.SZ,2022-12-01,0.0,165.42,165.44,165.38,916.0,15151300.0,166.275
000858.SZ,2022-12-01,0.0,165.44,165.46,165.42,957.0,15833000.0,166.273
000858.SZ,2022-12-01,0.0,165.38,165.44,165.38,999.0,16525200.0,166.271
000858.SZ,2022-12-01,0.0,165.1,165.38,165.05,1319.0,21793800.0,166.268
000858.SZ,2022-12-01,0.0,165.03,165.11,164.98,1201.0,19818600.0,166.264
000858.SZ,2022-12-01,0.0,165.05,165.14,165.0,1485.0,24510900.0,166.259
000858.SZ,2022-12-01,0.0,164.95,165.04,164.95,891.0,14700800.0,166.257
000858.SZ,2022-12-01,0.0,164.8,164.94,164.8,884.0,14574600.0,166.254
000858.SZ,2022-12-01,0.0,164.67,164.81,164.67,682.0,11241600.0,166.251
000858.SZ,2022-12-01,0.0,164.61,164.68,164.6,986.0,16231200.0,166.247
000858.SZ,2022-12-01,0.0,164.55,164.62,164.55,1023.0,16838000.0,166.243
000858.SZ,2022-12-01,0.0,164.68,164.69,164.51,1445.0,23780600.0,166.237
000858.SZ,2022-12-01,0.0,164.76,164.81,164.68,1058.0,17436200.0,166.234
000858.SZ,2022-12-01,0.0,164.6,164.75,164.6,867.0,14271800.0,166.23
000858.SZ,2022-12-01,0.0,164.52,164.6,164.52,845.0,13904100.0,166.227
000858.SZ,2022-12-01,0.0,164.54,164.54,164.5,1708.0,28103100.0,166.22
000858.SZ,2022-12-01,0.0,164.56,164.56,164.53,1132.0,18626500.0,166.215
000858.SZ,2022-12-01,0.0,164.62,164.62,164.57,1371.0,22565000.0,166.21
000858.SZ,2022-12-01,0.0,164.6,164.62,164.6,1192.0,19621800.0,166.205
000858.SZ,2022-12-01,0.0,164.59,164.61,164.57,1235.0,20326500.0,166.201
000858.SZ,2022-12-01,0.0,164.58,164.59,164.57,1121.0,18449200.0,166.196
000858.SZ,2022-12-01,0.0,164.62,164.63,164.59,1570.0,25844300.0,166.19
000858.SZ,2022-12-01,0.0,164.62,164.64,164.62,1401.0,23069100.0,166.185
000858.SZ,2022-12-01,0.0,164.63,164.63,164.61,1373.0,22602600.0,166.18
000858.SZ,2022-12-01,0.0,164.62,164.63,164.61,1798.0,29594700.0,166.174
000858.SZ,2022-12-01,0.0,164.6,164.62,164.6,1983.0,32642500.0,166.167
000858.SZ,2022-12-01,0.0,164.59,164.62,164.59,2140.0,35224900.0,166.159
000858.SZ,2022-12-01,0.0,164.58,164.6,164.58,2061.0,33923000.0,166.151
000858.SZ,2022-12-01,0.0,164.58,164.6,164.57,2143.0,35270300.0,166.144
000858.SZ,2022-12-01,0.0,164.59,164.59,164.59,75.0,1234400.0,166.143
000858.SZ,2022-12-01,0.0,164.59,164.59,164.59,0.0,0.0,166.143
000858.SZ,2022-12-01,0.0,164.59,164.59,164.59,3825.0,62962100.0,166.13
000858.SZ,2022-12-02,0.0,164.8,164.8,164.8,761.0,12541300.0,164.8
000858.SZ,2022-12-02,0.0,165.03,166.2,164.66,6148.0,101682000.0,165.336
000858.SZ,2022-12-02,0.0,164.86,165.29,164.86,3132.0,51719100.0,165.272
000858.SZ,2022-12-02,0.0,165.06,165.07,164.77,2645.0,43621800.0,165.199
000858.SZ,2022-12-02,0.0,164.95,165.46,164.95,3225.0,53256500.0,165.186
000858.SZ,2022-12-02,0.0,164.81,165.0,164.6,1987.0,32761000.0,165.152
000858.SZ,2022-12-02,0.0,165.39,165.42,164.81,1896.0,31302500.0,165.147
000858.SZ,2022-12-02,0.0,165.18,165.46,165.18,2078.0,34358500.0,165.166
000858.SZ,2022-12-02,0.0,165.9,165.9,165.19,2893.0,47875600.0,165.205
000858.SZ,2022-12-02,0.0,166.48,166.5,165.91,2817.0,46800900.0,165.3
000858.SZ,2022-12-02,0.0,166.8,166.85,166.5,5164.0,86072496.0,165.517
000858.SZ,2022-12-02,0.0,166.0,166.88,165.95,3143.0,52306200.0,165.597
000858.SZ,2022-12-02,0.0,165.51,166.08,165.36,2253.0,37357700.0,165.608
000858.SZ,2022-12-02,0.0,165.54,165.71,165.49,2004.0,33183600.0,165.607
000858.SZ,2022-12-02,0.0,165.03,165.7,165.03,1464.0,24224000.0,165.602
000858.SZ,2022-12-02,0.0,165.39,165.5,165.08,1061.0,17533100.0,165.593
000858.SZ,2022-12-02,0.0,165.5,165.88,165.36,1307.0,21635300.0,165.591
000858.SZ,2022-12-02,0.0,165.32,165.39,165.23,972.0,16072600.0,165.586
000858.SZ,2022-12-02,0.0,165.8,165.81,165.32,731.0,12112800.0,165.587
000858.SZ,2022-12-02,0.0,165.97,165.98,165.75,869.0,14413100.0,165.592
000858.SZ,2022-12-02,0.0,165.5,165.97,165.46,719.0,11914400.0,165.594
000858.SZ,2022-12-02,0.0,165.32,165.47,165.32,795.0,13148200.0,165.59
000858.SZ,2022-12-02,0.0,165.81,165.9,165.35,1259.0,20858800.0,165.593
000858.SZ,2022-12-02,0.0,165.61,165.85,165.6,379.0,6280200.0,165.593
000858.SZ,2022-12-02,0.0,166.18,166.23,165.69,2655.0,44080500.0,165.615
000858.SZ,2022-12-02,0.0,166.1,166.18,165.94,1007.0,16721200.0,165.624
000858.SZ,2022-12-02,0.0,166.54,166.61,166.1,2738.0,45579100.0,165.665
000858.SZ,2022-12-02,0.0,166.3,166.61,166.3,1505.0,25055000.0,165.686
000858.SZ,2022-12-02,0.0,166.41,166.44,166.14,1166.0,19394300.0,165.699
000858.SZ,2022-12-02,0.0,166.25,166.41,166.25,665.0,11061100.0,165.706
000858.SZ,2022-12-02,0.0,166.18,166.25,166.13,890.0,14789700.0,165.713
000858.SZ,2022-12-02,0.0,166.62,166.62,166.17,1908.0,31749300.0,165.735
000858.SZ,2022-12-02,0.0,166.34,166.63,166.34,2574.0,42854200.0,165.765
000858.SZ,2022-12-02,0.0,166.22,166.35,166.22,1088.0,18094500.0,165.774
000858.SZ,2022-12-02,0.0,166.26,166.26,165.87,2213.0,36746500.0,165.783
000858.SZ,2022-12-02,0.0,166.1,166.3,166.1,773.0,12849400.0,165.788
000858.SZ,2022-12-02,0.0,165.83,166.1,165.8,880.0,14598100.0,165.789
000858.SZ,2022-12-02,0.0,165.95,166.06,165.81,594.0,9857360.0,165.791
000858.SZ,2022-12-02,0.0,166.03,166.06,165.93,550.0,9129120.0,165.792
000858.SZ,2022-12-02,0.0,166.2,166.2,166.01,762.0,12656800.0,165.795
000858.SZ,2022-12-02,0.0,166.0,166.19,165.83,1068.0,17732400.0,165.799
000858.SZ,2022-12-02,0.0,166.01,166.08,165.86,971.0,16117000.0,165.801
000858.SZ,2022-12-02,0.0,165.98,166.08,165.91,773.0,12834300.0,165.804
000858.SZ,2022-12-02,0.0,165.95,166.05,165.95,690.0,11453700.0,165.805
000858.SZ,2022-12-02,0.0,165.83,165.96,165.81,551.0,9140280.0,165.806
000858.SZ,2022-12-02,0.0,165.87,165.87,165.83,582.0,9653300.0,165.806
000858.SZ,2022-12-02,0.0,165.86,165.98,165.84,477.0,7912180.0,165.807
000858.SZ,2022-12-02,0.0,165.55,165.85,165.55,894.0,14815000.0,165.806
000858.SZ,2022-12-02,0.0,165.47,165.59,165.47,843.0,13954800.0,165.803
000858.SZ,2022-12-02,0.0,165.5,165.6,165.47,559.0,9252380.0,165.801
000858.SZ,2022-12-02,0.0,165.38,165.54,165.35,636.0,10523400.0,165.798
000858.SZ,2022-12-02,0.0,165.31,165.38,165.31,548.0,9060950.0,165.795
000858.SZ,2022-12-02,0.0,165.3,165.31,165.25,818.0,13520300.0,165.79
000858.SZ,2022-12-02,0.0,165.27,165.3,165.27,503.0,8313990.0,165.787
000858.SZ,2022-12-02,0.0,165.0,165.27,165.0,1175.0,19401200.0,165.777
000858.SZ,2022-12-02,0.0,164.95,165.08,164.91,1394.0,22999800.0,165.764
000858.SZ,2022-12-02,0.0,165.07,165.15,164.95,1223.0,20183400.0,165.754
000858.SZ,2022-12-02,0.0,165.0,165.05,164.97,832.0,13728300.0,165.747
000858.SZ,2022-12-02,0.0,165.0,165.1,164.98,978.0,16138900.0,165.738
000858.SZ,2022-12-02,0.0,165.03,165.03,164.99,637.0,10510700.0,165.733
000858.SZ,2022-12-02,0.0,165.03,165.05,164.98,841.0,13877000.0,165.726
000858.SZ,2022-12-02,0.0,165.22,165.3,165.01,1458.0,24068600.0,165.716
000858.SZ,2022-12-02,0.0,165.19,165.3,165.15,755.0,12471000.0,165.711
000858.SZ,2022-12-02,0.0,165.0,165.16,164.98,504.0,8318560.0,165.708
000858.SZ,2022-12-02,0.0,165.1,165.1,164.94,769.0,12686800.0,165.702
000858.SZ,2022-12-02,0.0,165.07,165.16,164.95,465.0,7676050.0,165.698
000858.SZ,2022-12-02,0.0,165.17,165.28,164.96,937.0,15465500.0,165.692
000858.SZ,2022-12-02,0.0,165.06,165.09,165.0,325.0,5364070.0,165.69
000858.SZ,2022-12-02,0.0,165.07,165.07,164.99,682.0,11254700.0,165.685
000858.SZ,2022-12-02,0.0,165.26,165.3,165.01,692.0,11431000.0,165.681
000858.SZ,2022-12-02,0.0,165.11,165.28,165.05,483.0,7976120.0,165.679
000858.SZ,2022-12-02,0.0,164.97,165.25,164.97,655.0,10813800.0,165.675
000858.SZ,2022-12-02,0.0,164.97,165.06,164.96,460.0,7588860.0,165.671
000858.SZ,2022-12-02,0.0,164.97,164.99,164.97,266.0,4388310.0,165.669
000858.SZ,2022-12-02,0.0,165.0,165.0,164.95,626.0,10327300.0,165.665
000858.SZ,2022-12-02,0.0,164.93,165.0,164.91,353.0,5823890.0,165.663
000858.SZ,2022-12-02,0.0,164.68,164.93,164.68,849.0,13992700.0,165.655
000858.SZ,2022-12-02,0.0,164.47,164.66,164.45,1420.0,23370100.0,165.64
000858.SZ,2022-12-02,0.0,164.39,164.47,164.38,891.0,14650200.0,165.629
000858.SZ,2022-12-02,0.0,164.45,164.45,164.37,1276.0,20977400.0,165.614
000858.SZ,2022-12-02,0.0,164.2,164.45,164.2,1012.0,16632500.0,165.602
000858.SZ,2022-12-02,0.0,164.31,164.31,164.18,1258.0,20670900.0,165.586
000858.SZ,2022-12-02,0.0,164.49,164.51,164.3,962.0,15818700.0,165.575
000858.SZ,2022-12-02,0.0,164.68,164.68,164.55,456.0,7505260.0,165.571
000858.SZ,2022-12-02,0.0,164.7,164.8,164.67,464.0,7641920.0,165.567
000858.SZ,2022-12-02,0.0,164.65,164.8,164.65,326.0,5369180.0,165.565
000858.SZ,2022-12-02,0.0,164.57,164.66,164.57,549.0,9036740.0,165.56
000858.SZ,2022-12-02,0.0,164.5,164.57,164.5,429.0,7058390.0,165.556
000858.SZ,2022-12-02,0.0,164.39,164.49,164.36,790.0,12989700.0,165.548
000858.SZ,2022-12-02,0.0,164.32,164.36,164.28,763.0,12536700.0,165.539
000858.SZ,2022-12-02,0.0,164.28,164.35,164.28,401.0,6588680.0,165.534
000858.SZ,2022-12-02,0.0,164.22,164.28,164.22,533.0,8759060.0,165.528
000858.SZ,2022-12-02,0.0,164.41,164.5,164.24,889.0,14611600.0,165.519
000858.SZ,2022-12-02,0.0,164.52,164.61,164.38,524.0,8621420.0,165.514
000858.SZ,2022-12-02,0.0,164.56,164.6,164.4,452.0,7435980.0,165.51
000858.SZ,2022-12-02,0.0,164.45,164.59,164.45,333.0,5479100.0,165.507
000858.SZ,2022-12-02,0.0,164.4,164.45,164.4,480.0,7892820.0,165.503
000858.SZ,2022-12-02,0.0,164.25,164.4,164.23,424.0,6967310.0,165.498
000858.SZ,2022-12-02,0.0,164.21,164.34,164.2,1414.0,23226600.0,165.483
000858.SZ,2022-12-02,0.0,164.14,164.31,164.1,974.0,15995500.0,165.473
000858.SZ,2022-12-02,0.0,164.01,164.14,164.01,801.0,13141400.0,165.463
000858.SZ,2022-12-02,0.0,164.0,164.02,164.0,1001.0,16416700.0,165.45
000858.SZ,2022-12-02,0.0,164.04,164.11,164.0,675.0,11072400.0,165.442
000858.SZ,2022-12-02,0.0,163.86,164.05,163.86,545.0,8936990.0,165.436
000858.SZ,2022-12-02,0.0,163.68,163.86,163.66,1008.0,16504500.0,165.421
000858.SZ,2022-12-02,0.0,163.84,163.99,163.68,1155.0,18920500.0,165.406
000858.SZ,2022-12-02,0.0,163.75,163.9,163.7,509.0,8338760.0,165.399
000858.SZ,2022-12-02,0.0,163.92,164.0,163.77,1006.0,16483300.0,165.387
000858.SZ,2022-12-02,0.0,163.69,163.92,163.69,453.0,7421450.0,165.381
000858.SZ,2022-12-02,0.0,163.62,163.69,163.52,988.0,16165500.0,165.367
000858.SZ,2022-12-02,0.0,163.7,163.75,163.62,1056.0,17283300.0,165.353
000858.SZ,2022-12-02,0.0,163.8,163.95,163.75,649.0,10631900.0,165.345
000858.SZ,2022-12-02,0.0,163.7,163.79,163.7,603.0,9872720.0,165.337
000858.SZ,2022-12-02,0.0,163.71,163.8,163.66,982.0,16079300.0,165.325
000858.SZ,2022-12-02,0.0,163.76,163.9,163.68,337.0,5519200.0,165.321
000858.SZ,2022-12-02,0.0,163.63,163.77,163.63,879.0,14391500.0,165.31
000858.SZ,2022-12-02,0.0,163.66,163.76,163.63,922.0,15087800.0,165.298
000858.SZ,2022-12-02,0.0,163.51,163.7,163.5,763.0,12482500.0,165.288
000858.SZ,2022-12-02,0.0,163.27,163.55,163.27,1164.0,19021400.0,165.271
000858.SZ,2022-12-02,0.0,163.55,163.66,163.3,1128.0,18444500.0,165.256
000858.SZ,2022-12-02,0.0,163.63,163.65,163.45,844.0,13802300.0,165.245
000858.SZ,2022-12-02,0.0,163.93,163.95,163.6,1413.0,23128200.0,165.229
000858.SZ,2022-12-02,0.0,163.5,163.86,163.5,582.0,9523570.0,165.222
000858.SZ,2022-12-02,0.0,163.1,163.5,163.06,711.0,11609000.0,165.212
000858.SZ,2022-12-02,0.0,163.2,163.38,163.0,2047.0,33395200.0,165.181
000858.SZ,2022-12-02,0.0,163.12,163.29,163.07,674.0,10996100.0,165.172
000858.SZ,2022-12-02,0.0,163.25,163.28,163.07,1039.0,16955500.0,165.157
000858.SZ,2022-12-02,0.0,163.03,163.3,163.03,519.0,8467170.0,165.149
000858.SZ,2022-12-02,0.0,162.78,163.03,162.78,1556.0,25357900.0,165.125
000858.SZ,2022-12-02,0.0,163.0,163.01,162.76,1465.0,23858300.0,165.102
000858.SZ,2022-12-02,0.0,162.88,162.99,162.86,853.0,13896300.0,165.089
000858.SZ,2022-12-02,0.0,162.8,162.93,162.8,977.0,15911600.0,165.074
000858.SZ,2022-12-02,0.0,162.78,162.9,162.78,941.0,15321200.0,165.06
000858.SZ,2022-12-02,0.0,162.68,162.8,162.68,889.0,14468500.0,165.046
000858.SZ,2022-12-02,0.0,162.53,162.68,162.5,1132.0,18403500.0,165.027
000858.SZ,2022-12-02,0.0,162.27,162.56,162.27,1654.0,26864800.0,164.998
000858.SZ,2022-12-02,0.0,162.44,162.46,162.26,1268.0,20588300.0,164.976
000858.SZ,2022-12-02,0.0,162.47,162.57,162.35,1454.0,23611900.0,164.952
000858.SZ,2022-12-02,0.0,162.62,162.62,162.48,887.0,14409800.0,164.938
000858.SZ,2022-12-02,0.0,162.6,162.85,162.6,842.0,13700700.0,164.926
000858.SZ,2022-12-02,0.0,162.51,162.6,162.51,524.0,8518170.0,164.918
000858.SZ,2022-12-02,0.0,162.72,162.75,162.49,610.0,9918020.0,164.909
000858.SZ,2022-12-02,0.0,162.85,162.85,162.73,505.0,8219930.0,164.902
000858.SZ,2022-12-02,0.0,163.23,163.26,162.85,972.0,15848400.0,164.891
000858.SZ,2022-12-02,0.0,162.9,163.13,162.9,371.0,6049060.0,164.886
000858.SZ,2022-12-02,0.0,163.03,163.05,162.8,444.0,7235130.0,164.881
000858.SZ,2022-12-02,0.0,163.29,163.38,163.0,727.0,11856300.0,164.873
000858.SZ,2022-12-02,0.0,163.35,163.35,163.23,591.0,9657040.0,164.867
000858.SZ,2022-12-02,0.0,163.63,163.63,163.35,587.0,9592860.0,164.862
000858.SZ,2022-12-02,0.0,163.34,163.64,163.34,1103.0,18040700.0,164.853
000858.SZ,2022-12-02,0.0,163.53,163.6,163.35,667.0,10904600.0,164.847
000858.SZ,2022-12-02,0.0,163.41,163.59,163.4,684.0,11182500.0,164.842
000858.SZ,2022-12-02,0.0,163.67,163.7,163.45,844.0,13809100.0,164.835
000858.SZ,2022-12-02,0.0,164.0,164.0,163.65,959.0,15705400.0,164.829
000858.SZ,2022-12-02,0.0,163.85,164.0,163.7,1324.0,21705600.0,164.822
000858.SZ,2022-12-02,0.0,163.72,163.87,163.65,462.0,7563620.0,164.819
000858.SZ,2022-12-02,0.0,163.65,163.71,163.61,465.0,7609970.0,164.816
000858.SZ,2022-12-02,0.0,163.5,163.57,163.25,813.0,13286500.0,164.809
000858.SZ,2022-12-02,0.0,163.21,163.33,163.2,619.0,10106700.0,164.803
000858.SZ,2022-12-02,0.0,163.3,163.35,163.19,658.0,10742000.0,164.797
000858.SZ,2022-12-02,0.0,163.25,163.31,163.24,537.0,8768230.0,164.792
000858.SZ,2022-12-02,0.0,163.24,163.26,163.22,624.0,10186400.0,164.787
000858.SZ,2022-12-02,0.0,163.1,163.24,163.1,464.0,7572180.0,164.782
000858.SZ,2022-12-02,0.0,163.02,163.1,163.02,665.0,10842100.0,164.776
000858.SZ,2022-12-02,0.0,163.03,163.1,163.0,587.0,9570450.0,164.77
000858.SZ,2022-12-02,0.0,162.72,163.02,162.7,613.0,9982900.0,164.763
000858.SZ,2022-12-02,0.0,162.61,162.83,162.61,738.0,12006100.0,164.754
000858.SZ,2022-12-02,0.0,162.86,162.86,162.7,680.0,11066500.0,164.746
000858.SZ,2022-12-02,0.0,163.1,163.1,162.85,830.0,13528600.0,164.738
000858.SZ,2022-12-02,0.0,163.1,163.12,163.07,356.0,5805830.0,164.734
000858.SZ,2022-12-02,0.0,163.49,163.64,163.14,1115.0,18212900.0,164.725
000858.SZ,2022-12-02,0.0,163.52,163.52,163.49,359.0,5869640.0,164.723
000858.SZ,2022-12-02,0.0,163.5,163.65,163.49,437.0,7145430.0,164.72
000858.SZ,2022-12-02,0.0,163.44,163.52,163.44,247.0,4037890.0,164.718
000858.SZ,2022-12-02,0.0,163.3,163.43,163.3,661.0,10798400.0,164.713
000858.SZ,2022-12-02,0.0,163.34,163.4,163.3,389.0,6354140.0,164.71
000858.SZ,2022-12-02,0.0,163.4,163.4,163.32,371.0,6060830.0,164.707
000858.SZ,2022-12-02,0.0,163.36,163.4,163.34,284.0,4639410.0,164.705
000858.SZ,2022-12-02,0.0,163.3,163.34,163.3,300.0,4899530.0,164.703
000858.SZ,2022-12-02,0.0,163.15,163.3,163.1,287.0,4684200.0,164.701
000858.SZ,2022-12-02,0.0,163.14,163.15,163.04,339.0,5529060.0,164.697
000858.SZ,2022-12-02,0.0,163.05,163.12,163.04,228.0,3718140.0,164.695
000858.SZ,2022-12-02,0.0,163.12,163.14,163.05,389.0,6344780.0,164.692
000858.SZ,2022-12-02,0.0,163.06,163.12,163.02,369.0,6016890.0,164.689
000858.SZ,2022-12-02,0.0,163.01,163.08,163.0,913.0,14883800.0,164.68
000858.SZ,2022-12-02,0.0,163.14,163.2,163.01,532.0,8678630.0,164.676
000858.SZ,2022-12-02,0.0,163.37,163.4,163.15,324.0,5290370.0,164.673
000858.SZ,2022-12-02,0.0,163.51,163.51,163.4,510.0,8336720.0,164.67
000858.SZ,2022-12-02,0.0,163.75,163.75,163.5,614.0,10043700.0,164.666
000858.SZ,2022-12-02,0.0,163.71,163.76,163.67,1285.0,21052800.0,164.66
000858.SZ,2022-12-02,0.0,163.64,163.74,163.64,917.0,15011100.0,164.656
000858.SZ,2022-12-02,0.0,163.41,163.67,163.41,405.0,6623680.0,164.653
000858.SZ,2022-12-02,0.0,163.4,163.45,163.38,359.0,5866120.0,164.651
000858.SZ,2022-12-02,0.0,163.4,163.46,163.39,271.0,4428430.0,164.649
000858.SZ,2022-12-02,0.0,163.37,163.42,163.37,353.0,5768110.0,164.647
000858.SZ,2022-12-02,0.0,163.32,163.38,163.32,342.0,5586500.0,164.644
000858.SZ,2022-12-02,0.0,163.28,163.32,163.25,273.0,4457700.0,164.642
000858.SZ,2022-12-02,0.0,163.23,163.29,163.22,350.0,5714190.0,164.64
000858.SZ,2022-12-02,0.0,163.13,163.23,163.13,356.0,5809640.0,164.637
000858.SZ,2022-12-02,0.0,163.22,163.22,163.12,587.0,9576530.0,164.632
000858.SZ,2022-12-02,0.0,163.19,163.23,163.17,337.0,5499540.0,164.63
000858.SZ,2022-12-02,0.0,163.19,163.21,163.18,328.0,5352650.0,164.627
000858.SZ,2022-12-02,0.0,163.17,163.19,163.17,314.0,5123880.0,164.625
000858.SZ,2022-12-02,0.0,163.12,163.16,163.12,216.0,3523880.0,164.623
000858.SZ,2022-12-02,0.0,163.22,163.24,163.12,461.0,7521460.0,164.62
000858.SZ,2022-12-02,0.0,163.25,163.26,163.22,328.0,5354170.0,164.617
000858.SZ,2022-12-02,0.0,163.3,163.32,163.25,338.0,5518820.0,164.615
000858.SZ,2022-12-02,0.0,163.3,163.37,163.3,522.0,8519620.0,164.611
000858.SZ,2022-12-02,0.0,163.36,163.39,163.36,300.0,4901170.0,164.609
000858.SZ,2022-12-02,0.0,163.3,163.38,163.29,327.0,5340550.0,164.607
000858.SZ,2022-12-02,0.0,163.21,163.29,163.21,265.0,4326180.0,164.605
000858.SZ,2022-12-02,0.0,163.16,163.21,163.13,492.0,8029360.0,164.602
000858.SZ,2022-12-02,0.0,163.18,163.19,163.15,340.0,5554630.0,164.599
000858.SZ,2022-12-02,0.0,163.17,163.18,163.15,500.0,8158490.0,164.595
000858.SZ,2022-12-02,0.0,163.12,163.17,163.11,334.0,5447340.0,164.593
000858.SZ,2022-12-02,0.0,163.09,163.12,163.09,407.0,6638250.0,164.59
000858.SZ,2022-12-02,0.0,163.18,163.2,163.07,553.0,9021580.0,164.586
000858.SZ,2022-12-02,0.0,163.22,163.22,163.17,473.0,7718590.0,164.582
000858.SZ,2022-12-02,0.0,163.3,163.3,163.18,450.0,7338970.0,164.579
000858.SZ,2022-12-02,0.0,163.18,163.3,163.18,391.0,6389950.0,164.577
000858.SZ,2022-12-02,0.0,163.07,163.18,163.06,561.0,9148310.0,164.572
000858.SZ,2022-12-02,0.0,163.16,163.17,163.06,417.0,6802530.0,164.569
000858.SZ,2022-12-02,0.0,163.21,163.24,163.15,498.0,8126860.0,164.566
000858.SZ,2022-12-02,0.0,163.19,163.24,163.18,533.0,8695330.0,164.562
000858.SZ,2022-12-02,0.0,163.11,163.19,163.1,479.0,7814920.0,164.559
000858.SZ,2022-12-02,0.0,163.16,163.2,163.1,660.0,10759900.0,164.554
000858.SZ,2022-12-02,0.0,163.22,163.22,163.16,821.0,13398600.0,164.549
000858.SZ,2022-12-02,0.0,163.26,163.27,163.22,550.0,8978560.0,164.545
000858.SZ,2022-12-02,0.0,163.17,163.27,163.15,785.0,12819300.0,164.54
000858.SZ,2022-12-02,0.0,163.24,163.24,163.16,689.0,11239100.0,164.535
000858.SZ,2022-12-02,0.0,163.23,163.24,163.19,1152.0,18803000.0,164.528
000858.SZ,2022-12-02,0.0,163.21,163.24,163.18,1024.0,16712900.0,164.521
000858.SZ,2022-12-02,0.0,163.19,163.21,163.18,513.0,8371560.0,164.518
000858.SZ,2022-12-02,0.0,163.11,163.2,163.11,686.0,11199900.0,164.513
000858.SZ,2022-12-02,0.0,163.11,163.13,163.1,706.0,11516100.0,164.509
000858.SZ,2022-12-02,0.0,163.12,163.15,163.11,771.0,12579500.0,164.503
000858.SZ,2022-12-02,0.0,163.11,163.12,163.1,886.0,14448000.0,164.498
000858.SZ,2022-12-02,0.0,163.09,163.11,163.08,853.0,13908400.0,164.492
000858.SZ,2022-12-02,0.0,163.08,163.08,163.08,86.0,1402560.0,164.491
000858.SZ,2022-12-02,0.0,163.08,163.08,163.08,0.0,0.0,164.491
000858.SZ,2022-12-02,0.0,163.06,163.06,163.06,1612.0,26285300.0,164.48
000858.SZ,2022-12-05,0.0,168.88,168.88,168.88,3722.0,62857100.0,168.88
000858.SZ,2022-12-05,0.0,169.33,169.98,168.2,18460.0,312495008.0,169.215
000858.SZ,2022-12-05,0.0,168.91,169.32,168.91,10384.0,175580000.0,169.174
000858.SZ,2022-12-05,0.0,167.32,168.53,167.27,4925.0,82564896.0,168.973
000858.SZ,2022-12-05,0.0,167.54,167.58,167.3,3590.0,60090700.0,168.835
000858.SZ,2022-12-05,0.0,168.04,168.39,167.52,4791.0,80409800.0,168.731
000858.SZ,2022-12-05,0.0,167.88,168.37,167.77,3098.0,52095200.0,168.695
000858.SZ,2022-12-05,0.0,167.0,168.21,166.82,5208.0,87285696.0,168.591
000858.SZ,2022-12-05,0.0,167.33,167.61,166.6,4196.0,70110096.0,168.483
000858.SZ,2022-12-05,0.0,166.67,167.5,166.58,2863.0,47809400.0,168.413
000858.SZ,2022-12-05,0.0,166.45,166.67,166.33,2952.0,49156800.0,168.326
000858.SZ,2022-12-05,0.0,165.96,166.4,165.68,3876.0,64332100.0,168.192
000858.SZ,2022-12-05,0.0,166.04,166.18,165.9,2458.0,40805000.0,168.116
000858.SZ,2022-12-05,0.0,166.45,166.47,166.0,2432.0,40406600.0,168.05
000858.SZ,2022-12-05,0.0,166.36,166.86,166.24,2504.0,41716100.0,168.002
000858.SZ,2022-12-05,0.0,166.33,166.36,166.25,1196.0,19890200.0,167.976
000858.SZ,2022-12-05,0.0,166.23,166.3,166.22,1095.0,18203900.0,167.951
000858.SZ,2022-12-05,0.0,166.27,166.49,166.23,1945.0,32348200.0,167.911
000858.SZ,2022-12-05,0.0,167.04,167.27,166.28,1919.0,32017300.0,167.886
000858.SZ,2022-12-05,0.0,167.04,167.25,167.0,1710.0,28577800.0,167.871
000858.SZ,2022-12-05,0.0,167.26,167.31,167.0,1562.0,26114100.0,167.858
000858.SZ,2022-12-05,0.0,167.25,167.54,167.24,2484.0,41576100.0,167.844
000858.SZ,2022-12-05,0.0,166.88,167.27,166.71,1432.0,23918800.0,167.831
000858.SZ,2022-12-05,0.0,167.03,167.03,166.75,1122.0,18725200.0,167.819
000858.SZ,2022-12-05,0.0,167.47,167.54,166.99,2554.0,42752400.0,167.807
000858.SZ,2022-12-05,0.0,167.27,167.5,166.97,1817.0,30408100.0,167.799
000858.SZ,2022-12-05,0.0,167.04,167.38,166.94,1502.0,25106200.0,167.789
000858.SZ,2022-12-05,0.0,167.19,167.3,167.0,966.0,16146400.0,167.782
000858.SZ,2022-12-05,0.0,167.0,167.21,166.9,1165.0,19459600.0,167.773
000858.SZ,2022-12-05,0.0,167.1,167.15,166.91,1270.0,21207300.0,167.763
000858.SZ,2022-12-05,0.0,166.82,167.1,166.8,1037.0,17312500.0,167.755
000858.SZ,2022-12-05,0.0,166.41,167.0,166.4,1496.0,24922700.0,167.738
000858.SZ,2022-12-05,0.0,166.48,166.79,166.38,1468.0,24453000.0,167.721
000858.SZ,2022-12-05,0.0,166.31,166.44,166.15,1763.0,29307500.0,167.696
000858.SZ,2022-12-05,0.0,166.71,166.75,166.3,1112.0,18517000.0,167.684
000858.SZ,2022-12-05,0.0,167.16,167.16,166.76,1290.0,21540900.0,167.675
000858.SZ,2022-12-05,0.0,167.18,167.37,167.13,2038.0,34094000.0,167.668
000858.SZ,2022-12-05,0.0,167.47,167.5,167.14,2201.0,36836500.0,167.662
000858.SZ,2022-12-05,0.0,167.63,167.63,167.44,1530.0,25632900.0,167.66
000858.SZ,2022-12-05,0.0,167.74,167.99,167.68,2169.0,36411600.0,167.664
000858.SZ,2022-12-05,0.0,168.0,168.0,167.8,3614.0,60704600.0,167.673
000858.SZ,2022-12-05,0.0,168.19,168.21,168.03,2782.0,46766300.0,167.683
000858.SZ,2022-12-05,0.0,168.23,168.23,168.12,1539.0,25886500.0,167.69
000858.SZ,2022-12-05,0.0,168.38,168.38,168.2,1893.0,31847600.0,167.698
000858.SZ,2022-12-05,0.0,168.72,168.72,168.36,2402.0,40484700.0,167.715
000858.SZ,2022-12-05,0.0,168.75,168.8,168.44,2133.0,35986800.0,167.731
000858.SZ,2022-12-05,0.0,168.84,168.87,168.7,2552.0,43074800.0,167.751
000858.SZ,2022-12-05,0.0,169.1,169.1,168.8,5746.0,97093800.0,167.802
000858.SZ,2022-12-05,0.0,168.6,169.2,168.6,2345.0,39645900.0,167.823
000858.SZ,2022-12-05,0.0,168.33,168.59,168.31,853.0,14367700.0,167.827
000858.SZ,2022-12-05,0.0,168.09,168.28,168.06,1043.0,17545400.0,167.83
000858.SZ,2022-12-05,0.0,168.18,168.18,168.03,978.0,16438200.0,167.832
000858.SZ,2022-12-05,0.0,168.56,168.57,168.2,1063.0,17904300.0,167.836
000858.SZ,2022-12-05,0.0,168.78,168.81,168.52,1080.0,18221600.0,167.843
000858.SZ,2022-12-05,0.0,168.85,168.9,168.76,1526.0,25767300.0,167.853
000858.SZ,2022-12-05,0.0,168.66,168.84,168.63,736.0,12419100.0,167.857
000858.SZ,2022-12-05,0.0,168.46,168.68,168.46,676.0,11392300.0,167.861
000858.SZ,2022-12-05,0.0,168.27,168.42,168.27,798.0,13433600.0,167.863
000858.SZ,2022-12-05,0.0,168.19,168.27,168.09,719.0,12093800.0,167.865
000858.SZ,2022-12-05,0.0,168.18,168.2,168.16,500.0,8410800.0,167.866
000858.SZ,2022-12-05,0.0,168.12,168.21,168.12,725.0,12192900.0,167.867
000858.SZ,2022-12-05,0.0,167.78,168.12,167.69,1446.0,24281400.0,167.868
000858.SZ,2022-12-05,0.0,167.9,167.98,167.7,655.0,10992900.0,167.868
000858.SZ,2022-12-05,0.0,168.0,168.05,167.9,763.0,12813900.0,167.868
000858.SZ,2022-12-05,0.0,168.16,168.16,167.78,1242.0,20860200.0,167.869
000858.SZ,2022-12-05,0.0,168.25,168.33,168.1,962.0,16185400.0,167.871
000858.SZ,2022-12-05,0.0,168.08,168.28,168.04,1786.0,30048300.0,167.875
000858.SZ,2022-12-05,0.0,168.28,168.28,168.08,612.0,10290800.0,167.876
000858.SZ,2022-12-05,0.0,168.2,168.35,168.19,582.0,9792840.0,167.878
000858.SZ,2022-12-05,0.0,168.0,168.14,167.69,933.0,15670400.0,167.878
000858.SZ,2022-12-05,0.0,168.33,168.33,167.99,655.0,11016800.0,167.88
000858.SZ,2022-12-05,0.0,168.53,168.53,168.31,806.0,13573400.0,167.882
000858.SZ,2022-12-05,0.0,168.68,168.68,168.51,965.0,16272400.0,167.887
000858.SZ,2022-12-05,0.0,168.79,168.81,168.7,1246.0,21027800.0,167.893
000858.SZ,2022-12-05,0.0,168.65,168.77,168.65,734.0,12383600.0,167.897
000858.SZ,2022-12-05,0.0,168.6,168.64,168.56,683.0,11515600.0,167.9
000858.SZ,2022-12-05,0.0,168.8,168.84,168.68,1145.0,19322600.0,167.906
000858.SZ,2022-12-05,0.0,168.53,168.8,168.51,564.0,9510300.0,167.908
000858.SZ,2022-12-05,0.0,168.14,168.5,168.14,488.0,8215760.0,167.91
000858.SZ,2022-12-05,0.0,168.15,168.2,168.04,663.0,11144200.0,167.91
000858.SZ,2022-12-05,0.0,168.12,168.15,168.06,302.0,5077420.0,167.911
000858.SZ,2022-12-05,0.0,168.06,168.13,168.06,323.0,5429380.0,167.911
000858.SZ,2022-12-05,0.0,168.09,168.18,168.02,590.0,9915990.0,167.911
000858.SZ,2022-12-05,0.0,168.08,168.2,168.05,457.0,7674870.0,167.912
000858.SZ,2022-12-05,0.0,168.4,168.4,168.07,424.0,7132950.0,167.913
000858.SZ,2022-12-05,0.0,168.48,168.48,168.35,577.0,9715900.0,167.914
000858.SZ,2022-12-05,0.0,168.58,168.7,168.4,867.0,14611500.0,167.917
000858.SZ,2022-12-05,0.0,168.74,168.77,168.6,768.0,12955400.0,167.921
000858.SZ,2022-12-05,0.0,168.75,168.79,168.7,942.0,15896300.0,167.925
000858.SZ,2022-12-05,0.0,168.7,168.76,168.7,657.0,11086800.0,167.929
000858.SZ,2022-12-05,0.0,168.3,168.67,168.3,583.0,9828380.0,167.931
000858.SZ,2022-12-05,0.0,168.08,168.42,168.08,749.0,12602300.0,167.932
000858.SZ,2022-12-05,0.0,168.04,168.23,168.0,896.0,15070700.0,167.933
000858.SZ,2022-12-05,0.0,168.18,168.22,168.05,444.0,7466030.0,167.934
000858.SZ,2022-12-05,0.0,167.88,168.27,167.88,871.0,14634000.0,167.934
000858.SZ,2022-12-05,0.0,167.81,167.99,167.8,511.0,8579940.0,167.934
000858.SZ,2022-12-05,0.0,168.0,168.0,167.89,496.0,8330600.0,167.934
000858.SZ,2022-12-05,0.0,168.03,168.03,167.97,542.0,9105060.0,167.934
000858.SZ,2022-12-05,0.0,168.3,168.32,168.04,728.0,12248100.0,167.935
000858.SZ,2022-12-05,0.0,168.3,168.44,168.24,1322.0,22253600.0,167.938
000858.SZ,2022-12-05,0.0,168.29,168.3,168.01,833.0,14019600.0,167.94
000858.SZ,2022-12-05,0.0,168.05,168.25,168.0,473.0,7945470.0,167.94
000858.SZ,2022-12-05,0.0,168.3,168.3,168.08,624.0,10503100.0,167.941
000858.SZ,2022-12-05,0.0,168.28,168.3,168.22,626.0,10531800.0,167.942
000858.SZ,2022-12-05,0.0,168.27,168.3,168.01,553.0,9304680.0,167.943
000858.SZ,2022-12-05,0.0,168.04,168.31,168.0,637.0,10715000.0,167.944
000858.SZ,2022-12-05,0.0,168.24,168.28,168.09,278.0,4675940.0,167.944
000858.SZ,2022-12-05,0.0,168.19,168.25,168.1,285.0,4792880.0,167.945
000858.SZ,2022-12-05,0.0,168.27,168.33,168.18,846.0,14234400.0,167.946
000858.SZ,2022-12-05,0.0,168.25,168.28,168.1,260.0,4373360.0,167.946
000858.SZ,2022-12-05,0.0,168.16,168.28,168.1,344.0,5785560.0,167.947
000858.SZ,2022-12-05,0.0,168.08,168.3,168.08,460.0,7736230.0,167.947
000858.SZ,2022-12-05,0.0,168.0,168.3,168.0,1389.0,23358500.0,167.949
000858.SZ,2022-12-05,0.0,168.01,168.3,167.89,771.0,12957600.0,167.95
000858.SZ,2022-12-05,0.0,168.01,168.1,168.01,188.0,3158940.0,167.95
000858.SZ,2022-12-05,0.0,168.05,168.05,168.01,193.0,3243070.0,167.95
000858.SZ,2022-12-05,0.0,168.19,168.19,168.05,305.0,5126930.0,167.95
000858.SZ,2022-12-05,0.0,167.81,168.2,167.7,964.0,16190500.0,167.95
000858.SZ,2022-12-05,0.0,167.95,168.09,167.8,372.0,6247180.0,167.95
000858.SZ,2022-12-05,0.0,168.0,168.06,167.96,341.0,5728700.0,167.95
000858.SZ,2022-12-05,0.0,167.9,168.08,167.88,588.0,9876160.0,167.95
000858.SZ,2022-12-05,0.0,167.82,167.9,167.5,1969.0,33038300.0,167.948
000858.SZ,2022-12-05,0.0,167.75,167.77,167.52,720.0,12074000.0,167.948
000858.SZ,2022-12-05,0.0,167.7,167.8,167.6,839.0,14073700.0,167.947
000858.SZ,2022-12-05,0.0,167.85,168.0,167.7,673.0,11298500.0,167.946
000858.SZ,2022-12-05,0.0,168.1,168.1,167.88,581.0,9760930.0,167.947
000858.SZ,2022-12-05,0.0,168.33,168.39,168.08,721.0,12130400.0,167.948
000858.SZ,2022-12-05,0.0,168.16,168.38,168.01,1059.0,17811500.0,167.949
000858.SZ,2022-12-05,0.0,168.05,168.27,168.03,628.0,10560200.0,167.95
000858.SZ,2022-12-05,0.0,167.85,168.05,167.85,755.0,12681700.0,167.95
000858.SZ,2022-12-05,0.0,167.58,167.91,167.52,629.0,10546200.0,167.949
000858.SZ,2022-12-05,0.0,167.51,167.66,167.46,920.0,15413700.0,167.947
000858.SZ,2022-12-05,0.0,167.66,167.67,167.46,543.0,9097130.0,167.946
000858.SZ,2022-12-05,0.0,167.86,167.91,167.67,415.0,6964490.0,167.946
000858.SZ,2022-12-05,0.0,167.77,168.0,167.77,529.0,8881090.0,167.945
000858.SZ,2022-12-05,0.0,167.9,167.9,167.78,408.0,6846630.0,167.945
000858.SZ,2022-12-05,0.0,167.98,167.98,167.87,498.0,8363280.0,167.945
000858.SZ,2022-12-05,0.0,168.16,168.18,168.0,863.0,14505000.0,167.946
000858.SZ,2022-12-05,0.0,168.26,168.26,168.16,515.0,8662220.0,167.946
000858.SZ,2022-12-05,0.0,168.16,168.27,168.14,540.0,9083690.0,167.947
000858.SZ,2022-12-05,0.0,168.2,168.2,168.17,552.0,9283790.0,167.948
000858.SZ,2022-12-05,0.0,168.16,168.21,168.13,628.0,10561700.0,167.948
000858.SZ,2022-12-05,0.0,168.16,168.19,168.15,709.0,11922600.0,167.949
000858.SZ,2022-12-05,0.0,168.05,168.18,168.02,874.0,14689300.0,167.95
000858.SZ,2022-12-05,0.0,168.0,168.07,168.0,293.0,4923480.0,167.95
000858.SZ,2022-12-05,0.0,167.89,168.01,167.88,509.0,8547300.0,167.95
000858.SZ,2022-12-05,0.0,167.85,167.94,167.8,307.0,5154020.0,167.95
000858.SZ,2022-12-05,0.0,167.74,167.87,167.74,609.0,10219300.0,167.949
000858.SZ,2022-12-05,0.0,167.78,167.79,167.73,402.0,6743810.0,167.949
000858.SZ,2022-12-05,0.0,168.05,168.06,167.77,443.0,7440430.0,167.949
000858.SZ,2022-12-05,0.0,168.09,168.16,168.05,513.0,8623620.0,167.949
000858.SZ,2022-12-05,0.0,168.01,168.1,167.9,587.0,9864240.0,167.949
000858.SZ,2022-12-05,0.0,168.18,168.23,168.12,1146.0,19273900.0,167.951
000858.SZ,2022-12-05,0.0,167.89,168.19,167.8,904.0,15190400.0,167.951
000858.SZ,2022-12-05,0.0,168.13,168.13,167.95,348.0,5848330.0,167.951
000858.SZ,2022-12-05,0.0,168.2,168.2,168.04,789.0,13268500.0,167.952
000858.SZ,2022-12-05,0.0,168.29,168.3,168.19,834.0,14031900.0,167.953
000858.SZ,2022-12-05,0.0,168.24,168.31,168.15,854.0,14369400.0,167.954
000858.SZ,2022-12-05,0.0,168.28,168.29,168.19,763.0,12837300.0,167.955
000858.SZ,2022-12-05,0.0,168.26,168.3,168.26,365.0,6142270.0,167.956
000858.SZ,2022-12-05,0.0,168.28,168.32,168.27,738.0,12420400.0,167.957
000858.SZ,2022-12-05,0.0,168.43,168.43,168.29,708.0,11918400.0,167.958
000858.SZ,2022-12-05,0.0,168.67,168.68,168.44,1955.0,32946000.0,167.964
000858.SZ,2022-12-05,0.0,168.62,168.68,168.62,1019.0,17185400.0,167.967
000858.SZ,2022-12-05,0.0,168.56,168.62,168.56,651.0,10975600.0,167.969
000858.SZ,2022-12-05,0.0,168.54,168.56,168.54,682.0,11495300.0,167.97
000858.SZ,2022-12-05,0.0,168.55,168.58,168.54,662.0,11158600.0,167.972
000858.SZ,2022-12-05,0.0,168.47,168.56,168.44,570.0,9605620.0,167.973
000858.SZ,2022-12-05,0.0,168.38,168.47,168.38,902.0,15195600.0,167.975
000858.SZ,2022-12-05,0.0,168.37,168.38,168.33,430.0,7239770.0,167.976
000858.SZ,2022-12-05,0.0,168.49,168.59,168.36,1109.0,18680100.0,167.978
000858.SZ,2022-12-05,0.0,168.55,168.55,168.49,443.0,7465780.0,167.979
000858.SZ,2022-12-05,0.0,168.58,168.59,168.55,654.0,11024800.0,167.981
000858.SZ,2022-12-05,0.0,168.54,168.58,168.52,663.0,11174900.0,167.983
000858.SZ,2022-12-05,0.0,168.51,168.55,168.5,488.0,8224340.0,167.984
000858.SZ,2022-12-05,0.0,168.55,168.55,168.51,557.0,9387300.0,167.985
000858.SZ,2022-12-05,0.0,168.59,168.6,168.54,707.0,11918100.0,167.987
000858.SZ,2022-12-05,0.0,168.65,168.66,168.59,795.0,13405700.0,167.989
000858.SZ,2022-12-05,0.0,168.68,168.69,168.65,752.0,12683500.0,167.991
000858.SZ,2022-12-05,0.0,168.71,168.72,168.66,1158.0,19539600.0,167.995
000858.SZ,2022-12-05,0.0,168.7,168.73,168.7,706.0,11910900.0,167.997
000858.SZ,2022-12-05,0.0,168.66,168.72,168.63,899.0,15160500.0,168.0
000858.SZ,2022-12-05,0.0,168.61,168.63,168.61,579.0,9762930.0,168.001
000858.SZ,2022-12-05,0.0,168.48,168.62,168.48,928.0,15645300.0,168.004
000858.SZ,2022-12-05,0.0,168.38,168.49,168.38,736.0,12395800.0,168.005
000858.SZ,2022-12-05,0.0,168.36,168.38,168.34,739.0,12441800.0,168.006
000858.SZ,2022-12-05,0.0,168.35,168.43,168.33,820.0,13807400.0,168.007
000858.SZ,2022-12-05,0.0,168.36,168.39,168.31,1138.0,19159700.0,168.009
000858.SZ,2022-12-05,0.0,168.28,168.36,168.28,932.0,15688800.0,168.01
000858.SZ,2022-12-05,0.0,168.2,168.29,168.19,953.0,16032200.0,168.011
000858.SZ,2022-12-05,0.0,168.18,168.21,168.16,681.0,11447300.0,168.012
000858.SZ,2022-12-05,0.0,168.3,168.3,168.16,763.0,12835800.0,168.012
000858.SZ,2022-12-05,0.0,168.43,168.43,168.29,601.0,10118000.0,168.013
000858.SZ,2022-12-05,0.0,168.54,168.54,168.41,768.0,12939400.0,168.015
000858.SZ,2022-12-05,0.0,168.48,168.6,168.45,1227.0,20676200.0,168.017
000858.SZ,2022-12-05,0.0,168.41,168.5,168.41,586.0,9872070.0,168.018
000858.SZ,2022-12-05,0.0,168.46,168.47,168.34,955.0,16079500.0,168.02
000858.SZ,2022-12-05,0.0,168.3,168.46,168.3,822.0,13843600.0,168.021
000858.SZ,2022-12-05,0.0,168.35,168.35,168.29,684.0,11507300.0,168.022
000858.SZ,2022-12-05,0.0,168.42,168.45,168.34,874.0,14725200.0,168.023
000858.SZ,2022-12-05,0.0,168.46,168.49,168.42,847.0,14269400.0,168.024
000858.SZ,2022-12-05,0.0,168.45,168.48,168.43,686.0,11556200.0,168.026
000858.SZ,2022-12-05,0.0,168.37,168.45,168.37,919.0,15477500.0,168.027
000858.SZ,2022-12-05,0.0,168.4,168.4,168.38,571.0,9614840.0,168.028
000858.SZ,2022-12-05,0.0,168.37,168.4,168.37,646.0,10877900.0,168.029
000858.SZ,2022-12-05,0.0,168.39,168.4,168.34,1026.0,17276200.0,168.03
000858.SZ,2022-12-05,0.0,168.49,168.49,168.39,1029.0,17334400.0,168.032
000858.SZ,2022-12-05,0.0,168.49,168.49,168.46,1175.0,19796600.0,168.034
000858.SZ,2022-12-05,0.0,168.5,168.5,168.47,843.0,14203200.0,168.035
000858.SZ,2022-12-05,0.0,168.51,168.52,168.48,888.0,14954700.0,168.037
000858.SZ,2022-12-05,0.0,168.47,168.52,168.46,684.0,11532800.0,168.038
000858.SZ,2022-12-05,0.0,168.19,168.47,168.19,1227.0,20658200.0,168.039
000858.SZ,2022-12-05,0.0,168.18,168.2,168.11,896.0,15068500.0,168.04
000858.SZ,2022-12-05,0.0,168.14,168.17,168.1,940.0,15804400.0,168.04
000858.SZ,2022-12-05,0.0,168.19,168.19,168.14,808.0,13587500.0,168.041
000858.SZ,2022-12-05,0.0,168.19,168.2,168.04,1075.0,18070400.0,168.041
000858.SZ,2022-12-05,0.0,168.07,168.15,168.0,1412.0,23732000.0,168.041
000858.SZ,2022-12-05,0.0,168.05,168.08,168.04,716.0,12033000.0,168.041
000858.SZ,2022-12-05,0.0,168.0,168.05,167.97,1309.0,21992400.0,168.041
000858.SZ,2022-12-05,0.0,167.99,168.01,167.98,1079.0,18126200.0,168.041
000858.SZ,2022-12-05,0.0,168.02,168.02,167.99,1095.0,18396500.0,168.041
000858.SZ,2022-12-05,0.0,168.04,168.06,168.01,968.0,16265200.0,168.041
000858.SZ,2022-12-05,0.0,168.02,168.04,168.01,837.0,14063700.0,168.04
000858.SZ,2022-12-05,0.0,168.04,168.04,168.02,947.0,15912300.0,168.04
000858.SZ,2022-12-05,0.0,168.05,168.05,168.03,1115.0,18736900.0,168.04
000858.SZ,2022-12-05,0.0,168.09,168.09,168.05,994.0,16706500.0,168.041
000858.SZ,2022-12-05,0.0,168.15,168.16,168.09,1569.0,26380200.0,168.041
000858.SZ,2022-12-05,0.0,168.12,168.16,168.09,1495.0,25133100.0,168.041
000858.SZ,2022-12-05,0.0,168.2,168.2,168.11,1602.0,26941100.0,168.042
000858.SZ,2022-12-05,0.0,168.11,168.23,168.09,1925.0,32367900.0,168.043
000858.SZ,2022-12-05,0.0,168.17,168.18,168.14,1019.0,17128800.0,168.043
000858.SZ,2022-12-05,0.0,168.24,168.25,168.17,1087.0,18289800.0,168.044
000858.SZ,2022-12-05,0.0,168.27,168.28,168.24,1194.0,20083900.0,168.045
000858.SZ,2022-12-05,0.0,168.37,168.39,168.28,1600.0,26938000.0,168.046
000858.SZ,2022-12-05,0.0,168.39,168.4,168.37,2266.0,38149000.0,168.049
000858.SZ,2022-12-05,0.0,168.43,168.43,168.38,1556.0,26206400.0,168.051
000858.SZ,2022-12-05,0.0,168.49,168.5,168.43,2077.0,34986600.0,168.054
000858.SZ,2022-12-05,0.0,168.47,168.49,168.46,2101.0,35398900.0,168.057
000858.SZ,2022-12-05,0.0,168.47,168.47,168.47,57.0,960317.0,168.057
000858.SZ,2022-12-05,0.0,168.47,168.47,168.47,0.0,0.0,168.057
000858.SZ,2022-12-05,0.0,168.51,168.51,168.51,3097.0,52187500.0,168.062
000858.SZ,2022-12-06,0.0,167.97,167.97,167.97,946.0,15890000.0,167.97
000858.SZ,2022-12-06,0.0,168.35,168.35,167.1,5892.0,98866704.0,167.832
000858.SZ,2022-12-06,0.0,168.11,168.32,168.06,2587.0,43512000.0,167.932
000858.SZ,2022-12-06,0.0,168.92,168.98,168.09,3342.0,56336800.0,168.099
000858.SZ,2022-12-06,0.0,168.97,169.0,168.74,2962.0,50029700.0,168.254
000858.SZ,2022-12-06,0.0,169.17,169.18,168.98,2417.0,40851300.0,168.356
000858.SZ,2022-12-06,0.0,169.48,169.5,169.17,2604.0,44076400.0,168.47
000858.SZ,2022-12-06,0.0,169.7,169.77,169.47,2603.0,44132100.0,168.589
000858.SZ,2022-12-06,0.0,169.94,169.99,169.7,3672.0,62378500.0,168.764
000858.SZ,2022-12-06,0.0,170.89,170.9,169.95,5479.0,93238800.0,169.001
000858.SZ,2022-12-06,0.0,170.91,171.0,170.88,5289.0,90412200.0,169.273
000858.SZ,2022-12-06,0.0,170.8,170.94,170.75,5139.0,87800600.0,169.462
000858.SZ,2022-12-06,0.0,171.8,171.85,170.8,7079.0,121190000.0,169.708
000858.SZ,2022-12-06,0.0,172.4,172.48,171.85,7362.0,126737000.0,170.02
000858.SZ,2022-12-06,0.0,172.04,172.5,172.04,7892.0,136014000.0,170.301
000858.SZ,2022-12-06,0.0,171.84,172.04,171.84,3923.0,67459296.0,170.394
000858.SZ,2022-12-06,0.0,172.4,172.4,171.81,3476.0,59809800.0,170.474
000858.SZ,2022-12-06,0.0,172.62,172.63,172.31,4853.0,83701104.0,170.599
000858.SZ,2022-12-06,0.0,172.91,172.91,172.63,3607.0,62329400.0,170.697
000858.SZ,2022-12-06,0.0,173.16,173.19,172.91,6601.0,114207000.0,170.872
000858.SZ,2022-12-06,0.0,172.5,173.17,172.5,4398.0,75995800.0,170.963
000858.SZ,2022-12-06,0.0,173.09,173.09,172.5,5029.0,86931296.0,171.061
000858.SZ,2022-12-06,0.0,173.78,173.8,173.08,5702.0,98896400.0,171.193
000858.SZ,2022-12-06,0.0,174.0,174.17,173.82,7099.0,123507000.0,171.373
000858.SZ,2022-12-06,0.0,173.99,174.02,173.9,5193.0,90351400.0,171.49
000858.SZ,2022-12-06,0.0,174.3,174.5,173.99,7433.0,129496000.0,171.655
000858.SZ,2022-12-06,0.0,173.52,174.3,173.24,4070.0,70739800.0,171.724
000858.SZ,2022-12-06,0.0,174.04,174.17,173.65,3341.0,58134800.0,171.783
000858.SZ,2022-12-06,0.0,173.69,174.09,173.69,2929.0,50950300.0,171.831
000858.SZ,2022-12-06,0.0,173.85,174.0,173.6,1775.0,30847800.0,171.857
000858.SZ,2022-12-06,0.0,173.88,173.88,173.7,1798.0,31244300.0,171.882
000858.SZ,2022-12-06,0.0,173.88,173.88,173.88,0.0,0.0,171.882
000858.SZ,2022-12-06,0.0,173.88,173.88,173.88,0.0,0.0,171.882
000858.SZ,2022-12-06,0.0,173.83,173.9,173.83,1188.0,20656900.0,171.899
000858.SZ,2022-12-06,0.0,173.8,173.9,173.68,875.0,15209700.0,171.911
000858.SZ,2022-12-06,0.0,173.72,173.72,173.37,1744.0,30277300.0,171.932
000858.SZ,2022-12-06,0.0,174.35,174.35,173.73,4138.0,72024496.0,171.993
000858.SZ,2022-12-06,0.0,174.89,174.96,174.4,4313.0,75307904.0,172.068
000858.SZ,2022-12-06,0.0,174.74,175.0,174.74,4414.0,77200000.0,172.15
000858.SZ,2022-12-06,0.0,174.89,174.89,174.75,3327.0,58157900.0,172.206
000858.SZ,2022-12-06,0.0,175.1,175.1,174.9,7397.0,129447000.0,172.332
000858.SZ,2022-12-06,0.0,175.25,175.27,175.08,2705.0,47380300.0,172.378
000858.SZ,2022-12-06,0.0,175.54,175.56,175.28,2959.0,51913700.0,172.432
000858.SZ,2022-12-06,0.0,175.68,175.75,175.58,4070.0,71477504.0,172.506
000858.SZ,2022-12-06,0.0,176.0,176.03,175.68,5576.0,98082800.0,172.612
000858.SZ,2022-12-06,0.0,175.87,176.21,175.87,3937.0,69328000.0,172.687
000858.SZ,2022-12-06,0.0,176.18,176.2,175.84,3112.0,54782800.0,172.743
000858.SZ,2022-12-06,0.0,176.48,176.5,176.2,2799.0,49349900.0,172.796
000858.SZ,2022-12-06,0.0,176.57,176.66,176.5,5026.0,88751696.0,172.894
000858.SZ,2022-12-06,0.0,176.75,176.8,176.6,3919.0,69232096.0,172.968
000858.SZ,2022-12-06,0.0,177.0,177.0,176.73,3169.0,56059700.0,173.03
000858.SZ,2022-12-06,0.0,176.76,177.17,176.76,5706.0,100990000.0,173.14
000858.SZ,2022-12-06,0.0,177.0,177.0,176.7,3017.0,53375000.0,173.194
000858.SZ,2022-12-06,0.0,177.35,177.37,177.0,2488.0,44068900.0,173.24
000858.SZ,2022-12-06,0.0,177.1,177.5,177.1,5123.0,90847296.0,173.336
000858.SZ,2022-12-06,0.0,176.79,177.0,176.71,2490.0,44037200.0,173.376
000858.SZ,2022-12-06,0.0,177.06,177.09,176.76,2080.0,36808600.0,173.409
000858.SZ,2022-12-06,0.0,177.22,177.25,177.06,2458.0,43546200.0,173.451
000858.SZ,2022-12-06,0.0,177.32,177.35,177.22,2219.0,39339200.0,173.488
000858.SZ,2022-12-06,0.0,177.56,177.57,177.3,3788.0,67216496.0,173.553
000858.SZ,2022-12-06,0.0,178.0,178.0,177.67,4877.0,86754704.0,173.643
000858.SZ,2022-12-06,0.0,177.38,178.0,177.34,3978.0,70731696.0,173.712
000858.SZ,2022-12-06,0.0,177.43,177.46,177.3,3466.0,61480600.0,173.764
000858.SZ,2022-12-06,0.0,177.81,177.85,177.48,2576.0,45765500.0,173.805
000858.SZ,2022-12-06,0.0,177.68,177.95,177.65,3359.0,59734800.0,173.86
000858.SZ,2022-12-06,0.0,177.92,177.97,177.5,3812.0,67771600.0,173.919
000858.SZ,2022-12-06,0.0,177.98,177.99,177.9,3175.0,56504200.0,173.969
000858.SZ,2022-12-06,0.0,177.95,178.22,177.95,7251.0,129112000.0,174.082
000858.SZ,2022-12-06,0.0,177.3,178.0,177.26,2581.0,45837400.0,174.116
000858.SZ,2022-12-06,0.0,176.6,177.18,176.6,2148.0,38009000.0,174.139
000858.SZ,2022-12-06,0.0,176.85,176.88,176.62,2769.0,48947100.0,174.166
000858.SZ,2022-12-06,0.0,176.5,176.86,176.5,3415.0,60369900.0,174.198
000858.SZ,2022-12-06,0.0,176.14,176.38,176.11,2976.0,52435500.0,174.219
000858.SZ,2022-12-06,0.0,176.64,176.64,176.17,3467.0,61121700.0,174.245
000858.SZ,2022-12-06,0.0,177.0,177.0,176.64,2032.0,35933000.0,174.264
000858.SZ,2022-12-06,0.0,176.93,177.02,176.93,1606.0,28424100.0,174.279
000858.SZ,2022-12-06,0.0,176.59,176.98,176.41,1379.0,24370400.0,174.291
000858.SZ,2022-12-06,0.0,176.3,176.45,176.3,1112.0,19615300.0,174.299
000858.SZ,2022-12-06,0.0,176.41,176.45,176.25,1572.0,27719700.0,174.31
000858.SZ,2022-12-06,0.0,176.06,176.44,176.06,1904.0,33544000.0,174.322
000858.SZ,2022-12-06,0.0,175.91,176.06,175.88,2917.0,51342700.0,174.339
000858.SZ,2022-12-06,0.0,176.49,176.52,175.84,3278.0,57737300.0,174.359
000858.SZ,2022-12-06,0.0,176.0,176.8,176.0,2088.0,36780500.0,174.372
000858.SZ,2022-12-06,0.0,175.75,176.03,175.75,1242.0,21845000.0,174.378
000858.SZ,2022-12-06,0.0,176.0,176.09,175.7,1902.0,33437600.0,174.387
000858.SZ,2022-12-06,0.0,176.26,176.26,176.0,1189.0,20929900.0,174.394
000858.SZ,2022-12-06,0.0,176.31,176.39,176.18,837.0,14755300.0,174.399
000858.SZ,2022-12-06,0.0,175.97,176.22,175.95,895.0,15767000.0,174.404
000858.SZ,2022-12-06,0.0,175.96,175.98,175.88,1086.0,19095200.0,174.409
000858.SZ,2022-12-06,0.0,175.65,175.98,175.65,1023.0,17984300.0,174.414
000858.SZ,2022-12-06,0.0,175.12,175.64,175.1,1327.0,23270300.0,174.418
000858.SZ,2022-12-06,0.0,175.57,175.57,175.06,1895.0,33211000.0,174.423
000858.SZ,2022-12-06,0.0,175.24,175.6,175.18,1644.0,28826200.0,174.428
000858.SZ,2022-12-06,0.0,175.15,175.23,175.15,1025.0,17962500.0,174.431
000858.SZ,2022-12-06,0.0,175.01,175.18,175.01,1349.0,23616100.0,174.433
000858.SZ,2022-12-06,0.0,175.17,175.18,175.02,896.0,15678900.0,174.435
000858.SZ,2022-12-06,0.0,175.57,175.57,175.19,677.0,11873500.0,174.437
000858.SZ,2022-12-06,0.0,175.8,175.8,175.6,721.0,12663200.0,174.44
000858.SZ,2022-12-06,0.0,175.94,175.95,175.65,789.0,13868700.0,174.443
000858.SZ,2022-12-06,0.0,175.75,175.95,175.75,584.0,10267900.0,174.446
000858.SZ,2022-12-06,0.0,175.72,175.8,175.7,546.0,9594710.0,174.448
000858.SZ,2022-12-06,0.0,175.8,175.8,175.68,697.0,12248400.0,174.451
000858.SZ,2022-12-06,0.0,175.9,175.9,175.79,556.0,9777600.0,174.453
000858.SZ,2022-12-06,0.0,175.85,175.94,175.82,397.0,6982370.0,174.455
000858.SZ,2022-12-06,0.0,175.73,175.86,175.72,662.0,11637800.0,174.458
000858.SZ,2022-12-06,0.0,175.72,175.77,175.72,700.0,12302200.0,174.46
000858.SZ,2022-12-06,0.0,175.9,175.9,175.72,461.0,8104550.0,174.462
000858.SZ,2022-12-06,0.0,176.0,176.0,175.91,527.0,9274350.0,174.465
000858.SZ,2022-12-06,0.0,175.87,176.0,175.87,814.0,14323000.0,174.469
000858.SZ,2022-12-06,0.0,176.0,176.0,175.85,514.0,9042000.0,174.471
000858.SZ,2022-12-06,0.0,175.86,176.0,175.85,1025.0,18027800.0,174.475
000858.SZ,2022-12-06,0.0,175.78,175.89,175.75,598.0,10513500.0,174.478
000858.SZ,2022-12-06,0.0,175.58,175.77,175.58,728.0,12788800.0,174.481
000858.SZ,2022-12-06,0.0,175.45,175.59,175.45,729.0,12793700.0,174.483
000858.SZ,2022-12-06,0.0,175.61,175.61,175.44,475.0,8330150.0,174.484
000858.SZ,2022-12-06,0.0,175.89,175.89,175.64,556.0,9773820.0,174.487
000858.SZ,2022-12-06,0.0,175.8,175.89,175.8,825.0,14515300.0,174.49
000858.SZ,2022-12-06,0.0,175.85,175.99,175.79,846.0,14872700.0,174.494
000858.SZ,2022-12-06,0.0,175.85,175.97,175.83,610.0,10721700.0,174.496
000858.SZ,2022-12-06,0.0,175.9,175.99,175.84,395.0,6947850.0,174.498
000858.SZ,2022-12-06,0.0,175.68,175.98,175.67,424.0,7454080.0,174.5
000858.SZ,2022-12-06,0.0,175.06,175.6,175.05,1669.0,29269000.0,174.504
000858.SZ,2022-12-06,0.0,174.87,175.05,174.87,1708.0,29886000.0,174.506
000858.SZ,2022-12-06,0.0,174.73,174.87,174.73,899.0,15714000.0,174.507
000858.SZ,2022-12-06,0.0,174.88,174.88,174.72,1111.0,19413900.0,174.508
000858.SZ,2022-12-06,0.0,175.1,175.1,174.87,715.0,12512800.0,174.509
000858.SZ,2022-12-06,0.0,174.85,175.1,174.85,1536.0,26878500.0,174.511
000858.SZ,2022-12-06,0.0,174.76,174.85,174.7,849.0,14838300.0,174.512
000858.SZ,2022-12-06,0.0,174.76,174.78,174.69,641.0,11197000.0,174.512
000858.SZ,2022-12-06,0.0,174.92,174.92,174.76,568.0,9930220.0,174.513
000858.SZ,2022-12-06,0.0,175.03,175.08,174.93,868.0,15191900.0,174.514
000858.SZ,2022-12-06,0.0,175.29,175.29,174.98,673.0,11781000.0,174.515
000858.SZ,2022-12-06,0.0,175.39,175.5,175.3,798.0,13999000.0,174.517
000858.SZ,2022-12-06,0.0,175.14,175.39,175.14,958.0,16788200.0,174.519
000858.SZ,2022-12-06,0.0,175.41,175.41,175.13,752.0,13176700.0,174.521
000858.SZ,2022-12-06,0.0,175.32,175.4,175.27,882.0,15468900.0,174.523
000858.SZ,2022-12-06,0.0,175.38,175.41,175.32,696.0,12205400.0,174.525
000858.SZ,2022-12-06,0.0,175.55,175.58,175.4,674.0,11830100.0,174.526
000858.SZ,2022-12-06,0.0,175.62,175.67,175.58,1199.0,21059400.0,174.53
000858.SZ,2022-12-06,0.0,175.56,175.6,175.55,436.0,7655070.0,174.532
000858.SZ,2022-12-06,0.0,175.6,175.61,175.55,394.0,6917790.0,174.533
000858.SZ,2022-12-06,0.0,175.66,175.66,175.59,444.0,7797620.0,174.534
000858.SZ,2022-12-06,0.0,175.73,175.73,175.65,833.0,14634400.0,174.537
000858.SZ,2022-12-06,0.0,175.7,175.75,175.7,792.0,13916900.0,174.54
000858.SZ,2022-12-06,0.0,175.63,175.71,175.61,475.0,8344060.0,174.541
000858.SZ,2022-12-06,0.0,175.55,175.61,175.55,320.0,5618090.0,174.542
000858.SZ,2022-12-06,0.0,175.37,175.53,175.3,658.0,11546100.0,174.544
000858.SZ,2022-12-06,0.0,175.47,175.47,175.31,918.0,16112500.0,174.546
000858.SZ,2022-12-06,0.0,175.49,175.5,175.45,410.0,7194790.0,174.547
000858.SZ,2022-12-06,0.0,175.43,175.5,175.42,681.0,11948300.0,174.549
000858.SZ,2022-12-06,0.0,175.41,175.44,175.4,469.0,8227410.0,174.55
000858.SZ,2022-12-06,0.0,175.35,175.41,175.26,588.0,10310600.0,174.552
000858.SZ,2022-12-06,0.0,175.16,175.35,175.13,417.0,7306020.0,174.552
000858.SZ,2022-12-06,0.0,175.08,175.15,175.06,379.0,6636760.0,174.553
000858.SZ,2022-12-06,0.0,175.14,175.15,175.07,497.0,8701960.0,174.554
000858.SZ,2022-12-06,0.0,175.14,175.15,175.11,440.0,7705670.0,174.554
000858.SZ,2022-12-06,0.0,175.16,175.17,175.13,501.0,8775060.0,174.555
000858.SZ,2022-12-06,0.0,175.61,175.75,175.24,1587.0,27864500.0,174.56
000858.SZ,2022-12-06,0.0,175.58,175.65,175.52,417.0,7320740.0,174.561
000858.SZ,2022-12-06,0.0,175.57,175.59,175.54,310.0,5442660.0,174.562
000858.SZ,2022-12-06,0.0,175.56,175.58,175.56,333.0,5846480.0,174.563
000858.SZ,2022-12-06,0.0,175.64,175.64,175.56,581.0,10196200.0,174.564
000858.SZ,2022-12-06,0.0,175.8,175.8,175.65,436.0,7661820.0,174.566
000858.SZ,2022-12-06,0.0,175.95,175.95,175.81,915.0,16093000.0,174.569
000858.SZ,2022-12-06,0.0,175.9,175.94,175.8,526.0,9252340.0,174.571
000858.SZ,2022-12-06,0.0,175.99,176.0,175.85,881.0,15500500.0,174.574
000858.SZ,2022-12-06,0.0,176.01,176.01,175.98,1801.0,31703800.0,174.581
000858.SZ,2022-12-06,0.0,176.05,176.05,176.01,535.0,9417400.0,174.584
000858.SZ,2022-12-06,0.0,176.13,176.14,176.05,835.0,14707500.0,174.587
000858.SZ,2022-12-06,0.0,176.35,176.36,176.13,808.0,14237100.0,174.591
000858.SZ,2022-12-06,0.0,176.32,176.37,176.3,770.0,13585700.0,174.594
000858.SZ,2022-12-06,0.0,176.19,176.32,176.19,498.0,8778350.0,174.597
000858.SZ,2022-12-06,0.0,176.1,176.19,176.09,708.0,12472900.0,174.6
000858.SZ,2022-12-06,0.0,176.01,176.11,176.01,336.0,5916060.0,174.601
000858.SZ,2022-12-06,0.0,176.08,176.08,176.0,569.0,10016500.0,174.603
000858.SZ,2022-12-06,0.0,176.35,176.35,176.08,605.0,10662100.0,174.606
000858.SZ,2022-12-06,0.0,176.4,176.4,176.35,566.0,9983070.0,174.609
000858.SZ,2022-12-06,0.0,176.51,176.54,176.4,1187.0,20950000.0,174.615
000858.SZ,2022-12-06,0.0,176.46,176.5,176.46,666.0,11754400.0,174.618
000858.SZ,2022-12-06,0.0,176.47,176.49,176.45,436.0,7694330.0,174.62
000858.SZ,2022-12-06,0.0,176.51,176.54,176.48,667.0,11773000.0,174.624
000858.SZ,2022-12-06,0.0,176.46,176.51,176.46,621.0,10960900.0,174.627
000858.SZ,2022-12-06,0.0,176.22,176.45,176.22,527.0,9293370.0,174.629
000858.SZ,2022-12-06,0.0,176.01,176.24,176.01,518.0,9121150.0,174.631
000858.SZ,2022-12-06,0.0,175.91,176.01,175.91,769.0,13532400.0,174.634
000858.SZ,2022-12-06,0.0,175.88,175.92,175.86,464.0,8161670.0,174.635
000858.SZ,2022-12-06,0.0,176.08,176.09,175.87,920.0,16188900.0,174.639
000858.SZ,2022-12-06,0.0,175.95,176.03,175.89,570.0,10031500.0,174.641
000858.SZ,2022-12-06,0.0,175.89,175.94,175.87,537.0,9445950.0,174.642
000858.SZ,2022-12-06,0.0,175.84,175.89,175.84,466.0,8195350.0,174.644
000858.SZ,2022-12-06,0.0,175.78,175.84,175.77,542.0,9528760.0,174.646
000858.SZ,2022-12-06,0.0,175.6,175.79,175.6,864.0,15184700.0,174.648
000858.SZ,2022-12-06,0.0,175.58,175.73,175.58,543.0,9536040.0,174.65
000858.SZ,2022-12-06,0.0,175.45,175.64,175.45,725.0,12727600.0,174.651
000858.SZ,2022-12-06,0.0,175.44,175.53,175.4,720.0,12633300.0,174.653
000858.SZ,2022-12-06,0.0,175.2,175.44,175.18,824.0,14444900.0,174.654
000858.SZ,2022-12-06,0.0,175.32,175.4,175.19,686.0,12027100.0,174.655
000858.SZ,2022-12-06,0.0,175.39,175.39,175.32,868.0,15220800.0,174.657
000858.SZ,2022-12-06,0.0,175.43,175.46,175.33,788.0,13822600.0,174.658
000858.SZ,2022-12-06,0.0,175.45,175.46,175.41,451.0,7912080.0,174.659
000858.SZ,2022-12-06,0.0,175.36,175.45,175.36,710.0,12455000.0,174.661
000858.SZ,2022-12-06,0.0,175.46,175.46,175.36,873.0,15312600.0,174.662
000858.SZ,2022-12-06,0.0,175.5,175.5,175.45,698.0,12248900.0,174.664
000858.SZ,2022-12-06,0.0,175.51,175.52,175.49,1093.0,19179600.0,174.666
000858.SZ,2022-12-06,0.0,175.56,175.57,175.5,647.0,11359200.0,174.668
000858.SZ,2022-12-06,0.0,175.6,175.63,175.5,1136.0,19937600.0,174.67
000858.SZ,2022-12-06,0.0,175.38,175.55,175.38,898.0,15754500.0,174.672
000858.SZ,2022-12-06,0.0,175.35,175.39,175.33,578.0,10135600.0,174.673
000858.SZ,2022-12-06,0.0,175.43,175.43,175.33,750.0,13152200.0,174.674
000858.SZ,2022-12-06,0.0,175.49,175.5,175.36,449.0,7877410.0,174.675
000858.SZ,2022-12-06,0.0,175.5,175.51,175.49,708.0,12425300.0,174.677
000858.SZ,2022-12-06,0.0,175.45,175.51,175.44,868.0,15231500.0,174.678
000858.SZ,2022-12-06,0.0,175.47,175.5,175.45,549.0,9633950.0,174.68
000858.SZ,2022-12-06,0.0,175.56,175.56,175.49,620.0,10881900.0,174.681
000858.SZ,2022-12-06,0.0,175.57,175.57,175.54,888.0,15589800.0,174.683
000858.SZ,2022-12-06,0.0,175.44,175.57,175.38,1438.0,25235700.0,174.686
000858.SZ,2022-12-06,0.0,175.35,175.43,175.33,1090.0,19113200.0,174.688
000858.SZ,2022-12-06,0.0,175.26,175.35,175.23,885.0,15513300.0,174.689
000858.SZ,2022-12-06,0.0,175.16,175.22,175.1,1347.0,23596500.0,174.691
000858.SZ,2022-12-06,0.0,175.09,175.11,175.01,1984.0,34732900.0,174.692
000858.SZ,2022-12-06,0.0,175.05,175.09,175.02,789.0,13812700.0,174.693
000858.SZ,2022-12-06,0.0,175.02,175.05,175.01,1330.0,23278100.0,174.694
000858.SZ,2022-12-06,0.0,175.02,175.09,175.01,1178.0,20620000.0,174.695
000858.SZ,2022-12-06,0.0,175.01,175.03,175.0,2891.0,50593600.0,174.697
000858.SZ,2022-12-06,0.0,174.72,175.0,174.72,1506.0,26341400.0,174.698
000858.SZ,2022-12-06,0.0,174.67,174.7,174.6,1801.0,31457600.0,174.698
000858.SZ,2022-12-06,0.0,174.74,174.78,174.68,948.0,16567900.0,174.698
000858.SZ,2022-12-06,0.0,174.58,174.75,174.58,1546.0,26997800.0,174.698
000858.SZ,2022-12-06,0.0,174.61,174.65,174.6,1247.0,21772100.0,174.698
000858.SZ,2022-12-06,0.0,174.5,174.6,174.5,1455.0,25393300.0,174.697
000858.SZ,2022-12-06,0.0,174.61,174.61,174.5,2015.0,35161700.0,174.696
000858.SZ,2022-12-06,0.0,174.64,174.68,174.52,1142.0,19942400.0,174.696
000858.SZ,2022-12-06,0.0,174.63,174.65,174.62,1391.0,24291900.0,174.696
000858.SZ,2022-12-06,0.0,174.67,174.69,174.63,1398.0,24417400.0,174.696
000858.SZ,2022-12-06,0.0,174.68,174.7,174.63,1555.0,27160100.0,174.696
000858.SZ,2022-12-06,0.0,175.0,175.0,174.68,944.0,16507500.0,174.696
000858.SZ,2022-12-06,0.0,175.26,175.26,174.99,1358.0,23779300.0,174.697
000858.SZ,2022-12-06,0.0,175.41,175.41,175.3,1213.0,21271000.0,174.699
000858.SZ,2022-12-06,0.0,175.39,175.39,175.39,62.0,1087470.0,174.699
000858.SZ,2022-12-06,0.0,175.39,175.39,175.39,0.0,0.0,174.699
000858.SZ,2022-12-06,0.0,175.4,175.4,175.4,3060.0,53671000.0,174.704
000858.SZ,2022-12-07,0.0,175.41,175.41,175.41,2502.0,43887600.0,175.41
000858.SZ,2022-12-07,0.0,175.42,176.18,175.2,10818.0,189771008.0,175.419
000858.SZ,2022-12-07,0.0,174.5,175.3,174.37,4783.0,83705696.0,175.31
000858.SZ,2022-12-07,0.0,174.42,174.99,174.42,5482.0,95759600.0,175.164
000858.SZ,2022-12-07,0.0,173.93,174.5,173.85,4681.0,81600896.0,175.024
000858.SZ,2022-12-07,0.0,174.2,174.21,173.65,3707.0,64487900.0,174.901
000858.SZ,2022-12-07,0.0,174.13,174.25,174.12,2618.0,45593500.0,174.844
000858.SZ,2022-12-07,0.0,173.9,174.07,173.84,2528.0,43949800.0,174.779
000858.SZ,2022-12-07,0.0,174.05,174.16,173.9,2700.0,46972100.0,174.725
000858.SZ,2022-12-07,0.0,174.23,174.23,174.04,1327.0,23108600.0,174.706
000858.SZ,2022-12-07,0.0,174.25,174.25,174.18,1826.0,31811000.0,174.685
000858.SZ,2022-12-07,0.0,175.01,175.06,174.29,2010.0,35135700.0,174.691
000858.SZ,2022-12-07,0.0,175.97,175.97,175.16,1581.0,27756800.0,174.72
000858.SZ,2022-12-07,0.0,175.18,176.09,175.18,3081.0,54148100.0,174.784
000858.SZ,2022-12-07,0.0,175.41,175.42,175.2,1599.0,28044500.0,174.803
000858.SZ,2022-12-07,0.0,175.53,175.53,175.36,1248.0,21900200.0,174.819
000858.SZ,2022-12-07,0.0,175.11,175.56,175.08,1615.0,28324300.0,174.836
000858.SZ,2022-12-07,0.0,174.2,175.08,174.2,2319.0,40521500.0,174.832
000858.SZ,2022-12-07,0.0,174.42,174.42,174.18,1326.0,23107800.0,174.819
000858.SZ,2022-12-07,0.0,174.24,174.45,174.24,1590.0,27725500.0,174.807
000858.SZ,2022-12-07,0.0,174.01,174.23,174.0,1396.0,24306000.0,174.791
000858.SZ,2022-12-07,0.0,174.23,174.23,174.01,1852.0,32236900.0,174.769
000858.SZ,2022-12-07,0.0,173.89,174.07,173.89,2824.0,49132200.0,174.736
000858.SZ,2022-12-07,0.0,173.66,173.83,173.66,2150.0,37353900.0,174.704
000858.SZ,2022-12-07,0.0,173.33,173.65,173.33,2248.0,39008200.0,174.666
000858.SZ,2022-12-07,0.0,173.05,173.4,173.03,2205.0,38184400.0,174.62
000858.SZ,2022-12-07,0.0,173.29,173.34,173.01,3776.0,65357400.0,174.544
000858.SZ,2022-12-07,0.0,173.05,173.29,173.01,2063.0,35717000.0,174.506
000858.SZ,2022-12-07,0.0,173.26,173.3,173.01,2007.0,34742900.0,174.471
000858.SZ,2022-12-07,0.0,173.59,173.59,173.3,953.0,16531700.0,174.459
000858.SZ,2022-12-07,0.0,173.53,173.66,173.53,1471.0,25537300.0,174.444
000858.SZ,2022-12-07,0.0,173.11,173.51,173.11,1503.0,26052800.0,174.424
000858.SZ,2022-12-07,0.0,173.5,173.52,173.11,1336.0,23147400.0,174.406
000858.SZ,2022-12-07,0.0,173.96,173.96,173.43,978.0,16974700.0,174.397
000858.SZ,2022-12-07,0.0,174.16,174.18,174.0,997.0,17356100.0,174.393
000858.SZ,2022-12-07,0.0,173.89,174.22,173.89,705.0,12277500.0,174.391
000858.SZ,2022-12-07,0.0,173.6,173.9,173.6,625.0,10857300.0,174.386
000858.SZ,2022-12-07,0.0,173.88,173.88,173.6,592.0,10282200.0,174.382
000858.SZ,2022-12-07,0.0,173.95,173.95,173.88,537.0,9337930.0,174.379
000858.SZ,2022-12-07,0.0,173.69,173.92,173.69,605.0,10517000.0,174.375
000858.SZ,2022-12-07,0.0,173.9,173.9,173.6,1557.0,27040000.0,174.363
000858.SZ,2022-12-07,0.0,174.27,174.29,173.9,627.0,10917500.0,174.361
000858.SZ,2022-12-07,0.0,174.31,174.31,174.26,589.0,10265100.0,174.361
000858.SZ,2022-12-07,0.0,174.03,174.31,174.03,853.0,14864700.0,174.36
000858.SZ,2022-12-07,0.0,174.32,174.35,174.19,660.0,11499600.0,174.359
000858.SZ,2022-12-07,0.0,174.46,174.46,174.32,609.0,10621100.0,174.359
000858.SZ,2022-12-07,0.0,174.54,174.55,174.35,1021.0,17814700.0,174.361
000858.SZ,2022-12-07,0.0,174.88,174.88,174.55,715.0,12493800.0,174.363
000858.SZ,2022-12-07,0.0,174.92,174.95,174.87,897.0,15689400.0,174.368
000858.SZ,2022-12-07,0.0,174.61,174.93,174.61,1042.0,18216200.0,174.373
000858.SZ,2022-12-07,0.0,174.91,174.91,174.6,723.0,12630100.0,174.376
000858.SZ,2022-12-07,0.0,175.15,175.15,174.9,1342.0,23485900.0,174.384
000858.SZ,2022-12-07,0.0,175.24,175.24,175.11,916.0,16045900.0,174.391
000858.SZ,2022-12-07,0.0,175.63,175.64,175.28,919.0,16128300.0,174.401
000858.SZ,2022-12-07,0.0,175.75,176.01,175.67,3854.0,67804400.0,174.456
000858.SZ,2022-12-07,0.0,175.11,175.48,175.11,983.0,17237100.0,174.465
000858.SZ,2022-12-07,0.0,175.13,175.16,175.11,937.0,16410400.0,174.47
000858.SZ,2022-12-07,0.0,174.6,175.11,174.57,1106.0,19339400.0,174.474
000858.SZ,2022-12-07,0.0,175.06,175.1,174.6,570.0,9964580.0,174.476
000858.SZ,2022-12-07,0.0,175.21,175.21,174.89,827.0,14472800.0,174.48
000858.SZ,2022-12-07,0.0,175.1,175.35,175.08,671.0,11756800.0,174.484
000858.SZ,2022-12-07,0.0,174.69,175.1,174.69,552.0,9653730.0,174.486
000858.SZ,2022-12-07,0.0,175.0,175.0,174.7,447.0,7814090.0,174.488
000858.SZ,2022-12-07,0.0,174.95,175.01,174.94,664.0,11621300.0,174.491
000858.SZ,2022-12-07,0.0,174.66,174.95,174.66,1212.0,21188600.0,174.494
000858.SZ,2022-12-07,0.0,175.0,175.0,174.51,1013.0,17687400.0,174.495
000858.SZ,2022-12-07,0.0,174.71,174.77,174.54,685.0,11966000.0,174.496
000858.SZ,2022-12-07,0.0,174.64,174.71,174.64,801.0,13991200.0,174.498
000858.SZ,2022-12-07,0.0,174.6,174.73,174.59,884.0,15438800.0,174.499
000858.SZ,2022-12-07,0.0,174.7,174.71,174.55,565.0,9865450.0,174.499
000858.SZ,2022-12-07,0.0,175.04,175.09,174.71,748.0,13090700.0,174.503
000858.SZ,2022-12-07,0.0,174.72,174.96,174.7,571.0,9980360.0,174.504
000858.SZ,2022-12-07,0.0,174.65,175.0,174.64,812.0,14191500.0,174.506
000858.SZ,2022-12-07,0.0,174.52,174.69,174.51,704.0,12290800.0,174.506
000858.SZ,2022-12-07,0.0,174.6,174.71,174.5,981.0,17118600.0,174.506
000858.SZ,2022-12-07,0.0,174.83,174.93,174.59,418.0,7305320.0,174.507
000858.SZ,2022-12-07,0.0,174.49,174.94,174.49,796.0,13899400.0,174.508
000858.SZ,2022-12-07,0.0,174.79,174.87,174.47,451.0,7872700.0,174.508
000858.SZ,2022-12-07,0.0,174.57,174.84,174.53,490.0,8556060.0,174.509
000858.SZ,2022-12-07,0.0,174.57,174.9,174.56,604.0,10552500.0,174.51
000858.SZ,2022-12-07,0.0,175.04,175.04,174.7,666.0,11647900.0,174.512
000858.SZ,2022-12-07,0.0,174.8,175.04,174.78,592.0,10360700.0,174.513
000858.SZ,2022-12-07,0.0,174.8,175.0,174.79,371.0,6487920.0,174.514
000858.SZ,2022-12-07,0.0,175.31,175.5,174.78,1164.0,20401400.0,174.522
000858.SZ,2022-12-07,0.0,175.54,175.54,175.34,1368.0,24028200.0,174.533
000858.SZ,2022-12-07,0.0,175.52,175.54,175.48,753.0,13215900.0,174.539
000858.SZ,2022-12-07,0.0,175.51,175.59,175.47,829.0,14549900.0,174.545
000858.SZ,2022-12-07,0.0,175.59,175.61,175.51,706.0,12394500.0,174.551
000858.SZ,2022-12-07,0.0,175.94,175.95,175.6,843.0,14824400.0,174.559
000858.SZ,2022-12-07,0.0,175.95,175.95,175.87,1321.0,23239000.0,174.572
000858.SZ,2022-12-07,0.0,176.05,176.08,175.86,2487.0,43766300.0,174.598
000858.SZ,2022-12-07,0.0,175.41,176.07,175.41,767.0,13481600.0,174.605
000858.SZ,2022-12-07,0.0,175.52,175.6,175.4,526.0,9231380.0,174.608
000858.SZ,2022-12-07,0.0,175.26,175.57,175.21,408.0,7157140.0,174.611
000858.SZ,2022-12-07,0.0,174.9,175.28,174.9,553.0,9680680.0,174.612
000858.SZ,2022-12-07,0.0,174.91,175.01,174.9,357.0,6245670.0,174.613
000858.SZ,2022-12-07,0.0,174.98,175.04,174.88,366.0,6404100.0,174.614
000858.SZ,2022-12-07,0.0,174.84,175.16,174.84,447.0,7822580.0,174.616
000858.SZ,2022-12-07,0.0,175.0,175.01,174.8,319.0,5579870.0,174.616
000858.SZ,2022-12-07,0.0,175.16,175.19,174.99,235.0,4114130.0,174.617
000858.SZ,2022-12-07,0.0,174.88,175.23,174.88,340.0,5952440.0,174.618
000858.SZ,2022-12-07,0.0,174.84,175.18,174.79,724.0,12661300.0,174.619
000858.SZ,2022-12-07,0.0,174.92,174.96,174.73,303.0,5296340.0,174.62
000858.SZ,2022-12-07,0.0,174.82,175.0,174.77,465.0,8131770.0,174.621
000858.SZ,2022-12-07,0.0,175.01,175.15,174.84,557.0,9742370.0,174.622
000858.SZ,2022-12-07,0.0,174.96,175.1,174.85,315.0,5510580.0,174.622
000858.SZ,2022-12-07,0.0,174.93,175.0,174.87,369.0,6463420.0,174.623
000858.SZ,2022-12-07,0.0,175.0,175.15,174.88,311.0,5440740.0,174.624
000858.SZ,2022-12-07,0.0,174.96,175.17,174.94,295.0,5163440.0,174.625
000858.SZ,2022-12-07,0.0,174.86,175.02,174.86,571.0,9981870.0,174.626
000858.SZ,2022-12-07,0.0,174.67,175.02,174.66,985.0,17215900.0,174.627
000858.SZ,2022-12-07,0.0,175.02,175.02,174.66,826.0,14438200.0,174.628
000858.SZ,2022-12-07,0.0,174.74,175.02,174.73,618.0,10800800.0,174.629
000858.SZ,2022-12-07,0.0,175.15,175.15,174.73,506.0,8844790.0,174.63
000858.SZ,2022-12-07,0.0,174.8,175.0,174.79,356.0,6225930.0,174.631
000858.SZ,2022-12-07,0.0,174.83,175.05,174.8,374.0,6541300.0,174.631
000858.SZ,2022-12-07,0.0,174.83,175.0,174.82,549.0,9603950.0,174.632
000858.SZ,2022-12-07,0.0,175.0,175.13,174.8,653.0,11420700.0,174.634
000858.SZ,2022-12-07,0.0,174.95,175.09,174.87,300.0,5251860.0,174.634
000858.SZ,2022-12-07,0.0,175.03,175.18,174.95,553.0,9683870.0,174.636
000858.SZ,2022-12-07,0.0,175.03,175.2,175.03,383.0,6705910.0,174.637
000858.SZ,2022-12-07,0.0,175.78,175.78,175.0,2646.0,46394100.0,174.649
000858.SZ,2022-12-07,0.0,175.79,176.0,175.45,2420.0,42572700.0,174.669
000858.SZ,2022-12-07,0.0,175.03,175.7,175.03,599.0,10511400.0,174.672
000858.SZ,2022-12-07,0.0,175.7,175.96,175.35,885.0,15552400.0,174.678
000858.SZ,2022-12-07,0.0,175.89,176.0,175.65,1110.0,19524200.0,174.686
000858.SZ,2022-12-07,0.0,175.87,175.99,175.75,690.0,12136200.0,174.692
000858.SZ,2022-12-07,0.0,175.88,175.99,175.79,541.0,9516940.0,174.696
000858.SZ,2022-12-07,0.0,176.12,176.12,175.85,1640.0,28864200.0,174.709
000858.SZ,2022-12-07,0.0,176.49,176.5,176.14,2004.0,35340300.0,174.729
000858.SZ,2022-12-07,0.0,175.97,176.49,175.97,799.0,14089400.0,174.737
000858.SZ,2022-12-07,0.0,176.45,176.45,175.92,765.0,13472300.0,174.743
000858.SZ,2022-12-07,0.0,176.3,176.48,176.28,953.0,16813800.0,174.753
000858.SZ,2022-12-07,0.0,176.35,176.38,176.27,1088.0,19181300.0,174.763
000858.SZ,2022-12-07,0.0,176.95,176.95,176.4,1661.0,29335800.0,174.781
000858.SZ,2022-12-07,0.0,177.2,177.2,176.89,3369.0,59632600.0,174.825
000858.SZ,2022-12-07,0.0,177.3,177.44,177.16,2491.0,44155400.0,174.86
000858.SZ,2022-12-07,0.0,177.05,177.28,177.05,1140.0,20202400.0,174.875
000858.SZ,2022-12-07,0.0,177.41,177.41,176.99,2268.0,40167300.0,174.904
000858.SZ,2022-12-07,0.0,177.56,177.6,177.45,1965.0,34882800.0,174.932
000858.SZ,2022-12-07,0.0,177.26,177.55,177.25,1726.0,30631400.0,174.957
000858.SZ,2022-12-07,0.0,177.2,177.33,177.11,1394.0,24707700.0,174.974
000858.SZ,2022-12-07,0.0,176.58,177.25,176.58,1187.0,21008700.0,174.987
000858.SZ,2022-12-07,0.0,177.0,177.07,176.57,1013.0,17904900.0,174.997
000858.SZ,2022-12-07,0.0,176.61,176.99,176.61,661.0,11680600.0,175.003
000858.SZ,2022-12-07,0.0,176.92,176.95,176.55,1102.0,19461600.0,175.012
000858.SZ,2022-12-07,0.0,176.91,177.03,176.9,1070.0,18936300.0,175.024
000858.SZ,2022-12-07,0.0,177.19,177.19,176.8,1274.0,22554800.0,175.037
000858.SZ,2022-12-07,0.0,177.18,177.3,177.18,1209.0,21429500.0,175.051
000858.SZ,2022-12-07,0.0,177.17,177.2,176.99,896.0,15870700.0,175.061
000858.SZ,2022-12-07,0.0,177.11,177.22,177.02,873.0,15462200.0,175.07
000858.SZ,2022-12-07,0.0,177.32,177.32,177.04,1161.0,20584500.0,175.083
000858.SZ,2022-12-07,0.0,177.49,177.5,177.29,1606.0,28496200.0,175.102
000858.SZ,2022-12-07,0.0,177.74,177.76,177.49,2065.0,36670100.0,175.128
000858.SZ,2022-12-07,0.0,177.57,177.8,177.57,1770.0,31454300.0,175.151
000858.SZ,2022-12-07,0.0,177.49,177.58,177.47,1548.0,27480400.0,175.17
000858.SZ,2022-12-07,0.0,177.48,177.48,177.24,1056.0,18731600.0,175.181
000858.SZ,2022-12-07,0.0,177.53,177.57,177.38,1471.0,26113900.0,175.198
000858.SZ,2022-12-07,0.0,177.25,177.55,177.25,2056.0,36484100.0,175.221
000858.SZ,2022-12-07,0.0,177.09,177.2,176.81,1862.0,32962400.0,175.237
000858.SZ,2022-12-07,0.0,177.1,177.3,177.1,1955.0,34643700.0,175.256
000858.SZ,2022-12-07,0.0,176.7,177.22,176.7,1873.0,33157100.0,175.272
000858.SZ,2022-12-07,0.0,176.2,176.62,176.2,1491.0,26292600.0,175.279
000858.SZ,2022-12-07,0.0,175.8,176.28,175.8,1858.0,32710000.0,175.286
000858.SZ,2022-12-07,0.0,175.8,175.88,175.0,2069.0,36321600.0,175.288
000858.SZ,2022-12-07,0.0,175.65,176.04,175.65,1147.0,20172000.0,175.291
000858.SZ,2022-12-07,0.0,175.56,175.8,175.56,1336.0,23462500.0,175.293
000858.SZ,2022-12-07,0.0,175.04,175.55,175.04,1566.0,27453900.0,175.294
000858.SZ,2022-12-07,0.0,175.1,175.2,175.05,1246.0,21818400.0,175.293
000858.SZ,2022-12-07,0.0,174.7,175.12,174.7,1969.0,34450300.0,175.29
000858.SZ,2022-12-07,0.0,174.9,175.0,174.67,1177.0,20567600.0,175.287
000858.SZ,2022-12-07,0.0,174.86,175.07,174.85,1134.0,19834800.0,175.285
000858.SZ,2022-12-07,0.0,174.74,174.85,174.74,1184.0,20698600.0,175.282
000858.SZ,2022-12-07,0.0,174.46,174.7,174.4,2473.0,43160000.0,175.274
000858.SZ,2022-12-07,0.0,174.6,174.69,174.46,1472.0,25690100.0,175.27
000858.SZ,2022-12-07,0.0,174.85,174.85,174.59,669.0,11686600.0,175.268
000858.SZ,2022-12-07,0.0,174.93,174.98,174.84,711.0,12434400.0,175.267
000858.SZ,2022-12-07,0.0,174.61,174.97,174.61,1009.0,17637800.0,175.265
000858.SZ,2022-12-07,0.0,174.69,174.71,174.6,567.0,9902330.0,175.263
000858.SZ,2022-12-07,0.0,174.72,174.77,174.7,517.0,9032870.0,175.262
000858.SZ,2022-12-07,0.0,174.44,174.72,174.44,1556.0,27165500.0,175.257
000858.SZ,2022-12-07,0.0,174.35,174.43,174.35,931.0,16236100.0,175.254
000858.SZ,2022-12-07,0.0,174.17,174.35,174.16,1189.0,20722100.0,175.249
000858.SZ,2022-12-07,0.0,174.07,174.18,174.07,2554.0,44460600.0,175.237
000858.SZ,2022-12-07,0.0,174.0,174.06,173.99,1344.0,23387500.0,175.23
000858.SZ,2022-12-07,0.0,173.96,174.0,173.95,1176.0,20459500.0,175.224
000858.SZ,2022-12-07,0.0,173.81,173.97,173.81,1747.0,30379700.0,175.214
000858.SZ,2022-12-07,0.0,173.69,173.81,173.65,1639.0,28476800.0,175.205
000858.SZ,2022-12-07,0.0,173.9,173.94,173.65,1260.0,21892500.0,175.197
000858.SZ,2022-12-07,0.0,173.86,173.93,173.83,1139.0,19803800.0,175.191
000858.SZ,2022-12-07,0.0,173.92,173.92,173.86,979.0,17023600.0,175.186
000858.SZ,2022-12-07,0.0,173.93,173.94,173.9,922.0,16034800.0,175.181
000858.SZ,2022-12-07,0.0,173.79,173.98,173.79,1313.0,22831700.0,175.175
000858.SZ,2022-12-07,0.0,173.71,173.84,173.71,2117.0,36787100.0,175.163
000858.SZ,2022-12-07,0.0,173.7,173.71,173.67,921.0,15990700.0,175.158
000858.SZ,2022-12-07,0.0,173.65,173.71,173.65,847.0,14710900.0,175.153
000858.SZ,2022-12-07,0.0,173.36,173.51,173.3,3053.0,52961800.0,175.133
000858.SZ,2022-12-07,0.0,173.18,173.31,173.12,2023.0,35038400.0,175.118
000858.SZ,2022-12-07,0.0,173.17,173.22,173.14,1858.0,32175400.0,175.104
000858.SZ,2022-12-07,0.0,173.09,173.18,173.08,2361.0,40877500.0,175.086
000858.SZ,2022-12-07,0.0,173.26,173.26,173.07,1530.0,26487600.0,175.075
000858.SZ,2022-12-07,0.0,173.46,173.46,173.3,1197.0,20754000.0,175.067
000858.SZ,2022-12-07,0.0,173.57,173.58,173.46,1506.0,26123700.0,175.059
000858.SZ,2022-12-07,0.0,173.6,173.62,173.54,1551.0,26922300.0,175.05
000858.SZ,2022-12-07,0.0,173.47,173.54,173.47,1623.0,28159200.0,175.041
000858.SZ,2022-12-07,0.0,173.52,173.52,173.47,1052.0,18254200.0,175.035
000858.SZ,2022-12-07,0.0,173.49,173.53,173.47,1194.0,20714000.0,175.028
000858.SZ,2022-12-07,0.0,173.47,173.5,173.47,1076.0,18666700.0,175.022
000858.SZ,2022-12-07,0.0,173.48,173.52,173.46,1972.0,34212300.0,175.011
000858.SZ,2022-12-07,0.0,173.45,173.48,173.43,1321.0,22914000.0,175.004
000858.SZ,2022-12-07,0.0,173.36,173.44,173.36,1394.0,24173400.0,174.996
000858.SZ,2022-12-07,0.0,173.5,173.55,173.33,1881.0,32615400.0,174.985
000858.SZ,2022-12-07,0.0,173.68,173.7,173.47,1857.0,32219200.0,174.976
000858.SZ,2022-12-07,0.0,173.76,173.76,173.69,584.0,10145400.0,174.973
000858.SZ,2022-12-07,0.0,173.75,173.76,173.72,784.0,13621700.0,174.97
000858.SZ,2022-12-07,0.0,173.76,173.79,173.74,1011.0,17567900.0,174.966
000858.SZ,2022-12-07,0.0,173.7,173.75,173.7,1293.0,22464100.0,174.96
000858.SZ,2022-12-07,0.0,173.48,173.69,173.48,976.0,16939400.0,174.956
000858.SZ,2022-12-07,0.0,173.5,173.51,173.44,1154.0,20018800.0,174.95
000858.SZ,2022-12-07,0.0,173.56,173.57,173.5,686.0,11904500.0,174.946
000858.SZ,2022-12-07,0.0,173.65,173.74,173.57,821.0,14254400.0,174.943
000858.SZ,2022-12-07,0.0,174.03,174.03,173.65,1026.0,17834300.0,174.939
000858.SZ,2022-12-07,0.0,174.06,174.15,174.02,1049.0,18258600.0,174.936
000858.SZ,2022-12-07,0.0,173.84,174.07,173.84,1535.0,26710500.0,174.931
000858.SZ,2022-12-07,0.0,173.7,173.84,173.68,819.0,14230100.0,174.927
000858.SZ,2022-12-07,0.0,173.67,173.72,173.65,846.0,14695000.0,174.924
000858.SZ,2022-12-07,0.0,173.57,173.68,173.56,1184.0,20555900.0,174.919
000858.SZ,2022-12-07,0.0,173.58,173.59,173.56,959.0,16644800.0,174.914
000858.SZ,2022-12-07,0.0,173.57,173.61,173.57,1022.0,17741000.0,174.91
000858.SZ,2022-12-07,0.0,173.51,173.59,173.5,1101.0,19114000.0,174.905
000858.SZ,2022-12-07,0.0,173.51,173.51,173.5,1079.0,18729400.0,174.9
000858.SZ,2022-12-07,0.0,173.61,173.63,173.5,1007.0,17480200.0,174.895
000858.SZ,2022-12-07,0.0,173.69,173.73,173.6,728.0,12634500.0,174.892
000858.SZ,2022-12-07,0.0,173.97,174.0,173.69,614.0,10672700.0,174.89
000858.SZ,2022-12-07,0.0,173.63,173.99,173.62,859.0,14931800.0,174.887
000858.SZ,2022-12-07,0.0,173.65,173.69,173.59,1059.0,18394500.0,174.883
000858.SZ,2022-12-07,0.0,173.62,173.67,173.6,1296.0,22502300.0,174.878
000858.SZ,2022-12-07,0.0,173.67,173.67,173.62,1350.0,23447400.0,174.872
000858.SZ,2022-12-07,0.0,173.67,173.67,173.67,11.0,191042.0,174.872
000858.SZ,2022-12-07,0.0,173.67,173.67,173.67,0.0,0.0,174.872
000858.SZ,2022-12-07,0.0,173.68,173.68,173.68,2484.0,43138500.0,174.863
000858.SZ,2022-12-08,0.0,173.0,173.0,173.0,1341.0,23197100.0,173.0
000858.SZ,2022-12-08,0.0,173.9,174.33,172.7,4733.0,82076400.0,173.32
000858.SZ,2022-12-08,0.0,174.24,174.35,173.88,1256.0,21875400.0,173.459
000858.SZ,2022-12-08,0.0,173.77,174.22,173.6,1808.0,31441900.0,173.553
000858.SZ,2022-12-08,0.0,172.91,173.72,172.91,1849.0,32038900.0,173.507
000858.SZ,2022-12-08,0.0,172.54,172.91,172.54,2671.0,46161600.0,173.374
000858.SZ,2022-12-08,0.0,172.21,172.42,172.01,2910.0,50108500.0,173.166
000858.SZ,2022-12-08,0.0,173.0,173.35,172.26,1662.0,28716200.0,173.131
000858.SZ,2022-12-08,0.0,173.23,173.4,173.0,1093.0,18932700.0,173.136
000858.SZ,2022-12-08,0.0,174.17,174.17,173.3,1895.0,32962700.0,173.208
000858.SZ,2022-12-08,0.0,173.88,174.11,173.88,1388.0,24156800.0,173.26
000858.SZ,2022-12-08,0.0,173.45,173.88,173.45,1046.0,18169200.0,173.279
000858.SZ,2022-12-08,0.0,173.05,173.44,173.05,860.0,14908300.0,173.282
000858.SZ,2022-12-08,0.0,172.85,173.04,172.65,1258.0,21742700.0,173.26
000858.SZ,2022-12-08,0.0,172.44,172.85,172.44,2086.0,36015700.0,173.215
000858.SZ,2022-12-08,0.0,172.84,173.0,172.46,850.0,14684200.0,173.201
000858.SZ,2022-12-08,0.0,172.5,172.85,172.5,1345.0,23219700.0,173.176
000858.SZ,2022-12-08,0.0,172.74,173.0,172.63,841.0,14532100.0,173.165
000858.SZ,2022-12-08,0.0,173.19,173.39,172.74,1160.0,20071300.0,173.16
000858.SZ,2022-12-08,0.0,173.4,173.4,173.01,637.0,11036000.0,173.162
000858.SZ,2022-12-08,0.0,173.45,173.5,173.32,679.0,11775200.0,173.167
000858.SZ,2022-12-08,0.0,173.97,174.0,173.41,2253.0,39182300.0,173.214
000858.SZ,2022-12-08,0.0,173.29,173.97,173.16,1060.0,18385200.0,173.223
000858.SZ,2022-12-08,0.0,173.2,173.32,173.01,612.0,10601900.0,173.223
000858.SZ,2022-12-08,0.0,173.2,173.26,173.07,404.0,6993470.0,173.222
000858.SZ,2022-12-08,0.0,173.23,173.3,173.15,366.0,6340030.0,173.222
000858.SZ,2022-12-08,0.0,173.66,173.66,173.25,399.0,6916530.0,173.223
000858.SZ,2022-12-08,0.0,173.43,173.64,173.4,468.0,8120110.0,173.227
000858.SZ,2022-12-08,0.0,173.81,173.81,173.47,466.0,8089500.0,173.231
000858.SZ,2022-12-08,0.0,173.98,173.98,173.81,614.0,10675800.0,173.241
000858.SZ,2022-12-08,0.0,173.98,173.99,173.9,1002.0,17431600.0,173.259
000858.SZ,2022-12-08,0.0,173.79,173.99,173.79,911.0,15845000.0,173.273
000858.SZ,2022-12-08,0.0,173.64,173.81,173.6,598.0,10387800.0,173.279
000858.SZ,2022-12-08,0.0,173.63,173.65,173.5,995.0,17269900.0,173.286
000858.SZ,2022-12-08,0.0,173.53,173.9,173.53,1037.0,18016900.0,173.297
000858.SZ,2022-12-08,0.0,173.58,173.82,173.58,829.0,14398700.0,173.304
000858.SZ,2022-12-08,0.0,173.5,173.69,173.5,695.0,12061600.0,173.307
000858.SZ,2022-12-08,0.0,173.26,173.5,173.26,792.0,13731900.0,173.309
000858.SZ,2022-12-08,0.0,173.18,173.35,173.18,551.0,9547920.0,173.308
000858.SZ,2022-12-08,0.0,173.2,173.45,173.17,479.0,8296950.0,173.307
000858.SZ,2022-12-08,0.0,173.17,173.35,173.17,572.0,9910720.0,173.307
000858.SZ,2022-12-08,0.0,173.06,173.21,173.06,513.0,8881040.0,173.305
000858.SZ,2022-12-08,0.0,173.02,173.06,173.01,972.0,16817300.0,173.299
000858.SZ,2022-12-08,0.0,173.06,173.09,173.02,512.0,8859790.0,173.297
000858.SZ,2022-12-08,0.0,173.1,173.1,173.03,337.0,5832220.0,173.295
000858.SZ,2022-12-08,0.0,173.07,173.1,173.05,289.0,5001860.0,173.294
000858.SZ,2022-12-08,0.0,173.05,173.08,173.05,609.0,10530100.0,173.291
000858.SZ,2022-12-08,0.0,173.32,173.34,173.02,475.0,8215860.0,173.289
000858.SZ,2022-12-08,0.0,173.45,173.45,173.32,214.0,3710620.0,173.29
000858.SZ,2022-12-08,0.0,173.45,173.46,173.4,217.0,3767020.0,173.29
000858.SZ,2022-12-08,0.0,173.65,173.65,173.45,297.0,5154510.0,173.292
000858.SZ,2022-12-08,0.0,173.4,173.58,173.4,296.0,5130420.0,173.293
000858.SZ,2022-12-08,0.0,173.36,173.4,173.35,184.0,3190120.0,173.293
000858.SZ,2022-12-08,0.0,173.11,173.34,173.07,260.0,4503490.0,173.293
000858.SZ,2022-12-08,0.0,173.02,173.1,173.02,240.0,4153390.0,173.292
000858.SZ,2022-12-08,0.0,173.07,173.07,173.03,397.0,6873190.0,173.29
000858.SZ,2022-12-08,0.0,173.13,173.13,173.05,246.0,4257710.0,173.289
000858.SZ,2022-12-08,0.0,173.1,173.15,173.08,199.0,3445160.0,173.288
000858.SZ,2022-12-08,0.0,173.03,173.1,173.02,501.0,8672670.0,173.286
000858.SZ,2022-12-08,0.0,173.04,173.04,173.02,369.0,6384800.0,173.284
000858.SZ,2022-12-08,0.0,173.04,173.05,173.01,271.0,4689040.0,173.283
000858.SZ,2022-12-08,0.0,173.11,173.13,173.03,257.0,4447780.0,173.282
000858.SZ,2022-12-08,0.0,173.36,173.36,173.1,297.0,5144210.0,173.282
000858.SZ,2022-12-08,0.0,173.22,173.35,173.21,217.0,3763530.0,173.282
000858.SZ,2022-12-08,0.0,173.25,173.33,173.21,275.0,4764030.0,173.281
000858.SZ,2022-12-08,0.0,173.2,173.25,173.19,228.0,3940500.0,173.281
000858.SZ,2022-12-08,0.0,173.15,173.19,173.09,196.0,3393760.0,173.281
000858.SZ,2022-12-08,0.0,173.11,173.14,173.09,173.0,2994720.0,173.28
000858.SZ,2022-12-08,0.0,173.22,173.22,173.12,287.0,4964860.0,173.28
000858.SZ,2022-12-08,0.0,173.23,173.28,173.22,321.0,5560960.0,173.279
000858.SZ,2022-12-08,0.0,173.29,173.3,173.22,410.0,7103810.0,173.279
000858.SZ,2022-12-08,0.0,173.4,173.41,173.29,231.0,4004630.0,173.28
000858.SZ,2022-12-08,0.0,173.77,173.77,173.43,371.0,6444270.0,173.282
000858.SZ,2022-12-08,0.0,173.9,173.9,173.79,394.0,6849000.0,173.285
000858.SZ,2022-12-08,0.0,174.0,174.01,173.92,1033.0,17963900.0,173.297
000858.SZ,2022-12-08,0.0,173.98,174.0,173.95,758.0,13178600.0,173.306
000858.SZ,2022-12-08,0.0,174.08,174.18,173.92,1196.0,20803600.0,173.319
000858.SZ,2022-12-08,0.0,174.28,174.3,174.1,866.0,15089000.0,173.332
000858.SZ,2022-12-08,0.0,174.83,174.89,174.29,2250.0,39303500.0,173.378
000858.SZ,2022-12-08,0.0,174.37,174.81,174.37,732.0,12778700.0,173.391
000858.SZ,2022-12-08,0.0,174.68,174.68,174.36,856.0,14936400.0,173.405
000858.SZ,2022-12-08,0.0,174.59,174.67,174.59,816.0,14250000.0,173.42
000858.SZ,2022-12-08,0.0,174.56,174.62,174.56,753.0,13146900.0,173.433
000858.SZ,2022-12-08,0.0,174.8,174.8,174.53,1091.0,19043700.0,173.451
000858.SZ,2022-12-08,0.0,174.57,174.81,174.57,595.0,10395100.0,173.462
000858.SZ,2022-12-08,0.0,174.83,174.83,174.55,1121.0,19581400.0,173.481
000858.SZ,2022-12-08,0.0,175.3,175.55,174.84,3286.0,57556300.0,173.555
000858.SZ,2022-12-08,0.0,175.23,175.4,175.1,802.0,14060700.0,173.573
000858.SZ,2022-12-08,0.0,174.72,175.13,174.72,357.0,6248120.0,173.58
000858.SZ,2022-12-08,0.0,174.75,174.75,174.68,521.0,9093690.0,173.588
000858.SZ,2022-12-08,0.0,174.61,174.77,174.61,297.0,5179620.0,173.592
000858.SZ,2022-12-08,0.0,174.98,175.0,174.6,1081.0,18901900.0,173.609
000858.SZ,2022-12-08,0.0,174.85,174.9,174.8,794.0,13884700.0,173.622
000858.SZ,2022-12-08,0.0,174.87,174.89,174.83,412.0,7207980.0,173.629
000858.SZ,2022-12-08,0.0,175.06,175.09,174.86,598.0,10461800.0,173.639
000858.SZ,2022-12-08,0.0,175.16,175.2,175.06,725.0,12698500.0,173.652
000858.SZ,2022-12-08,0.0,175.1,175.16,175.06,519.0,9088650.0,173.662
000858.SZ,2022-12-08,0.0,175.17,175.17,175.05,743.0,13010400.0,173.675
000858.SZ,2022-12-08,0.0,175.0,175.17,175.0,462.0,8093740.0,173.683
000858.SZ,2022-12-08,0.0,174.98,175.01,174.91,262.0,4584790.0,173.687
000858.SZ,2022-12-08,0.0,174.75,174.97,174.75,381.0,6661310.0,173.692
000858.SZ,2022-12-08,0.0,174.66,174.78,174.66,190.0,3319640.0,173.695
000858.SZ,2022-12-08,0.0,174.6,174.66,174.57,328.0,5726920.0,173.698
000858.SZ,2022-12-08,0.0,174.4,174.61,174.4,267.0,4659930.0,173.701
000858.SZ,2022-12-08,0.0,174.23,174.38,174.22,351.0,6117450.0,173.703
000858.SZ,2022-12-08,0.0,174.35,174.35,174.2,441.0,7684370.0,173.706
000858.SZ,2022-12-08,0.0,174.67,174.75,174.35,399.0,6963950.0,173.71
000858.SZ,2022-12-08,0.0,174.7,174.7,174.61,349.0,6096710.0,173.714
000858.SZ,2022-12-08,0.0,174.75,174.76,174.7,234.0,4087690.0,173.717
000858.SZ,2022-12-08,0.0,174.87,174.87,174.71,201.0,3514060.0,173.719
000858.SZ,2022-12-08,0.0,175.1,175.1,174.75,755.0,13209800.0,173.73
000858.SZ,2022-12-08,0.0,175.29,175.46,175.12,1578.0,27664400.0,173.759
000858.SZ,2022-12-08,0.0,175.21,175.39,175.16,736.0,12899500.0,173.771
000858.SZ,2022-12-08,0.0,175.25,175.26,175.2,400.0,7009150.0,173.778
000858.SZ,2022-12-08,0.0,175.08,175.25,175.02,427.0,7480520.0,173.784
000858.SZ,2022-12-08,0.0,175.1,175.15,175.03,484.0,8475570.0,173.792
000858.SZ,2022-12-08,0.0,174.81,175.11,174.81,677.0,11840900.0,173.801
000858.SZ,2022-12-08,0.0,174.94,174.94,174.7,235.0,4107220.0,173.803
000858.SZ,2022-12-08,0.0,174.89,174.94,174.85,116.0,2028560.0,173.805
000858.SZ,2022-12-08,0.0,174.69,174.89,174.69,371.0,6485020.0,173.809
000858.SZ,2022-12-08,0.0,174.67,174.7,174.67,269.0,4699070.0,173.811
000858.SZ,2022-12-08,0.0,174.87,174.99,174.69,877.0,15327200.0,173.82
000858.SZ,2022-12-08,0.0,174.99,175.0,174.82,574.0,10043700.0,173.827
000858.SZ,2022-12-08,0.0,175.18,175.2,174.9,569.0,9959400.0,173.835
000858.SZ,2022-12-08,0.0,175.1,175.18,175.09,449.0,7863950.0,173.841
000858.SZ,2022-12-08,0.0,175.08,175.14,175.08,372.0,6513890.0,173.846
000858.SZ,2022-12-08,0.0,174.87,175.08,174.87,383.0,6700610.0,173.85
000858.SZ,2022-12-08,0.0,174.7,174.86,174.69,463.0,8090240.0,173.855
000858.SZ,2022-12-08,0.0,174.67,174.7,174.66,897.0,15667800.0,173.862
000858.SZ,2022-12-08,0.0,174.61,174.67,174.61,291.0,5081830.0,173.865
000858.SZ,2022-12-08,0.0,174.56,174.63,174.56,340.0,5936460.0,173.867
000858.SZ,2022-12-08,0.0,174.48,174.56,174.48,360.0,6282360.0,173.87
000858.SZ,2022-12-08,0.0,174.41,174.49,174.41,312.0,5442580.0,173.872
000858.SZ,2022-12-08,0.0,174.38,174.41,174.36,566.0,9873780.0,173.874
000858.SZ,2022-12-08,0.0,174.46,174.46,174.3,458.0,7986840.0,173.877
000858.SZ,2022-12-08,0.0,174.48,174.5,174.47,266.0,4641220.0,173.878
000858.SZ,2022-12-08,0.0,174.48,174.5,174.45,319.0,5565960.0,173.88
000858.SZ,2022-12-08,0.0,174.42,174.49,174.42,282.0,4919720.0,173.882
000858.SZ,2022-12-08,0.0,174.32,174.43,174.32,233.0,4063170.0,173.883
000858.SZ,2022-12-08,0.0,174.26,174.32,174.26,253.0,4409710.0,173.884
000858.SZ,2022-12-08,0.0,174.65,174.65,174.23,1175.0,20490700.0,173.89
000858.SZ,2022-12-08,0.0,174.68,174.69,174.65,251.0,4384380.0,173.892
000858.SZ,2022-12-08,0.0,174.42,174.66,174.42,180.0,3141370.0,173.893
000858.SZ,2022-12-08,0.0,174.35,174.42,174.32,200.0,3487890.0,173.894
000858.SZ,2022-12-08,0.0,174.18,174.35,174.18,401.0,6988060.0,173.896
000858.SZ,2022-12-08,0.0,174.2,174.2,174.11,1045.0,18194700.0,173.898
000858.SZ,2022-12-08,0.0,174.0,174.2,174.0,1106.0,19252500.0,173.9
000858.SZ,2022-12-08,0.0,173.85,174.0,173.85,377.0,6557160.0,173.9
000858.SZ,2022-12-08,0.0,174.08,174.2,173.82,670.0,11651800.0,173.9
000858.SZ,2022-12-08,0.0,174.11,174.15,174.08,170.0,2959860.0,173.9
000858.SZ,2022-12-08,0.0,174.29,174.3,174.12,394.0,6863700.0,173.901
000858.SZ,2022-12-08,0.0,174.43,174.43,174.29,292.0,5090970.0,173.902
000858.SZ,2022-12-08,0.0,174.35,174.45,174.35,305.0,5318750.0,173.904
000858.SZ,2022-12-08,0.0,174.45,174.48,174.35,331.0,5772920.0,173.905
000858.SZ,2022-12-08,0.0,174.49,174.5,174.45,294.0,5129640.0,173.907
000858.SZ,2022-12-08,0.0,174.52,174.58,174.48,633.0,11045700.0,173.91
000858.SZ,2022-12-08,0.0,174.6,174.6,174.52,273.0,4765780.0,173.912
000858.SZ,2022-12-08,0.0,174.65,174.65,174.58,447.0,7805240.0,173.915
000858.SZ,2022-12-08,0.0,174.54,174.66,174.54,410.0,7158880.0,173.918
000858.SZ,2022-12-08,0.0,174.4,174.54,174.38,260.0,4536300.0,173.919
000858.SZ,2022-12-08,0.0,174.23,174.36,174.23,171.0,2980330.0,173.92
000858.SZ,2022-12-08,0.0,174.22,174.25,174.22,262.0,4565000.0,173.92
000858.SZ,2022-12-08,0.0,174.52,174.54,174.21,615.0,10724600.0,173.923
000858.SZ,2022-12-08,0.0,174.35,174.52,174.35,278.0,4850440.0,173.924
000858.SZ,2022-12-08,0.0,174.26,174.35,174.26,145.0,2527300.0,173.925
000858.SZ,2022-12-08,0.0,174.25,174.28,174.25,185.0,3223890.0,173.925
000858.SZ,2022-12-08,0.0,174.19,174.23,174.17,303.0,5277960.0,173.926
000858.SZ,2022-12-08,0.0,174.17,174.26,174.15,422.0,7350040.0,173.927
000858.SZ,2022-12-08,0.0,174.18,174.18,174.17,216.0,3762120.0,173.927
000858.SZ,2022-12-08,0.0,174.27,174.28,174.17,222.0,3867880.0,173.928
000858.SZ,2022-12-08,0.0,174.25,174.28,174.23,185.0,3223770.0,173.929
000858.SZ,2022-12-08,0.0,174.23,174.26,174.21,282.0,4911180.0,173.929
000858.SZ,2022-12-08,0.0,174.33,174.33,174.22,276.0,4809810.0,173.93
000858.SZ,2022-12-08,0.0,174.39,174.4,174.33,188.0,3277960.0,173.931
000858.SZ,2022-12-08,0.0,174.36,174.39,174.36,178.0,3103950.0,173.932
000858.SZ,2022-12-08,0.0,174.34,174.37,174.33,202.0,3521860.0,173.932
000858.SZ,2022-12-08,0.0,174.49,174.52,174.34,352.0,6140050.0,173.934
000858.SZ,2022-12-08,0.0,174.54,174.56,174.47,277.0,4834200.0,173.935
000858.SZ,2022-12-08,0.0,174.95,174.97,174.54,1029.0,17986400.0,173.943
000858.SZ,2022-12-08,0.0,174.79,174.94,174.79,230.0,4021650.0,173.945
000858.SZ,2022-12-08,0.0,174.64,174.69,174.64,168.0,2934350.0,173.946
000858.SZ,2022-12-08,0.0,174.57,174.65,174.57,444.0,7753420.0,173.949
000858.SZ,2022-12-08,0.0,174.31,174.59,174.28,495.0,8631830.0,173.95
000858.SZ,2022-12-08,0.0,174.3,174.3,174.23,333.0,5802700.0,173.951
000858.SZ,2022-12-08,0.0,174.26,174.37,174.25,525.0,9147880.0,173.953
000858.SZ,2022-12-08,0.0,174.22,174.26,174.21,233.0,4059740.0,173.953
000858.SZ,2022-12-08,0.0,174.02,174.22,174.0,1116.0,19431500.0,173.955
000858.SZ,2022-12-08,0.0,174.03,174.12,173.98,897.0,15610300.0,173.955
000858.SZ,2022-12-08,0.0,174.14,174.14,174.05,232.0,4039240.0,173.956
000858.SZ,2022-12-08,0.0,174.17,174.2,174.13,250.0,4353900.0,173.956
000858.SZ,2022-12-08,0.0,174.18,174.2,174.17,258.0,4493840.0,173.956
000858.SZ,2022-12-08,0.0,174.2,174.2,174.18,229.0,3988970.0,173.957
000858.SZ,2022-12-08,0.0,174.35,174.37,174.2,336.0,5855600.0,173.958
000858.SZ,2022-12-08,0.0,174.37,174.4,174.33,247.0,4298340.0,173.959
000858.SZ,2022-12-08,0.0,174.35,174.38,174.33,328.0,5727100.0,173.96
000858.SZ,2022-12-08,0.0,174.35,174.37,174.32,287.0,5003540.0,173.961
000858.SZ,2022-12-08,0.0,174.27,174.34,174.26,289.0,5037440.0,173.961
000858.SZ,2022-12-08,0.0,174.63,174.64,174.26,1384.0,24131000.0,173.966
000858.SZ,2022-12-08,0.0,174.6,174.65,174.6,553.0,9657020.0,173.969
000858.SZ,2022-12-08,0.0,174.52,174.59,174.52,121.0,2112180.0,173.97
000858.SZ,2022-12-08,0.0,174.35,174.52,174.35,387.0,6750530.0,173.971
000858.SZ,2022-12-08,0.0,174.29,174.35,174.25,335.0,5839650.0,173.972
000858.SZ,2022-12-08,0.0,174.41,174.46,174.22,663.0,11561200.0,173.975
000858.SZ,2022-12-08,0.0,174.29,174.4,174.2,983.0,17130100.0,173.977
000858.SZ,2022-12-08,0.0,174.43,174.43,174.21,967.0,16858300.0,173.98
000858.SZ,2022-12-08,0.0,174.39,174.42,174.39,473.0,8249220.0,173.981
000858.SZ,2022-12-08,0.0,174.44,174.44,174.38,1117.0,19480400.0,173.985
000858.SZ,2022-12-08,0.0,174.42,174.44,174.41,409.0,7133740.0,173.986
000858.SZ,2022-12-08,0.0,174.38,174.41,174.38,532.0,9277790.0,173.988
000858.SZ,2022-12-08,0.0,174.3,174.38,174.3,465.0,8106350.0,173.989
000858.SZ,2022-12-08,0.0,174.53,174.53,174.3,1576.0,27484300.0,173.994
000858.SZ,2022-12-08,0.0,174.48,174.53,174.47,536.0,9352960.0,173.996
000858.SZ,2022-12-08,0.0,174.45,174.48,174.43,451.0,7868050.0,173.997
000858.SZ,2022-12-08,0.0,174.33,174.46,174.27,692.0,12065200.0,173.999
000858.SZ,2022-12-08,0.0,174.25,174.33,174.24,886.0,15439700.0,174.001
000858.SZ,2022-12-08,0.0,174.4,174.4,174.24,762.0,13281900.0,174.003
000858.SZ,2022-12-08,0.0,174.43,174.43,174.39,420.0,7325250.0,174.004
000858.SZ,2022-12-08,0.0,174.42,174.43,174.42,652.0,11372400.0,174.006
000858.SZ,2022-12-08,0.0,174.41,174.42,174.41,682.0,11895000.0,174.008
000858.SZ,2022-12-08,0.0,174.4,174.42,174.38,1508.0,26301400.0,174.012
000858.SZ,2022-12-08,0.0,174.48,174.49,174.42,744.0,12979500.0,174.015
000858.SZ,2022-12-08,0.0,174.63,174.65,174.48,1397.0,24382900.0,174.02
000858.SZ,2022-12-08,0.0,174.56,174.65,174.54,924.0,16132500.0,174.024
000858.SZ,2022-12-08,0.0,174.77,174.77,174.57,1469.0,25651800.0,174.03
000858.SZ,2022-12-08,0.0,174.85,174.85,174.8,710.0,12412100.0,174.034
000858.SZ,2022-12-08,0.0,174.89,174.89,174.85,819.0,14321200.0,174.038
000858.SZ,2022-12-08,0.0,174.88,174.9,174.87,852.0,14900500.0,174.043
000858.SZ,2022-12-08,0.0,174.8,174.89,174.79,882.0,15420800.0,174.048
000858.SZ,2022-12-08,0.0,174.77,174.8,174.77,828.0,14469500.0,174.052
000858.SZ,2022-12-08,0.0,174.78,174.79,174.77,619.0,10819100.0,174.056
000858.SZ,2022-12-08,0.0,174.75,174.78,174.75,933.0,16308800.0,174.06
000858.SZ,2022-12-08,0.0,174.78,174.78,174.75,970.0,16952900.0,174.065
000858.SZ,2022-12-08,0.0,174.78,174.79,174.77,801.0,14000300.0,174.068
000858.SZ,2022-12-08,0.0,174.79,174.8,174.79,895.0,15643800.0,174.073
000858.SZ,2022-12-08,0.0,174.76,174.79,174.74,1033.0,18052300.0,174.077
000858.SZ,2022-12-08,0.0,174.72,174.77,174.72,898.0,15691100.0,174.081
000858.SZ,2022-12-08,0.0,174.71,174.78,174.71,864.0,15099300.0,174.085
000858.SZ,2022-12-08,0.0,174.75,174.77,174.71,919.0,16060700.0,174.089
000858.SZ,2022-12-08,0.0,174.76,174.76,174.76,38.0,664081.0,174.089
000858.SZ,2022-12-08,0.0,174.76,174.76,174.76,0.0,0.0,174.089
000858.SZ,2022-12-08,0.0,174.76,174.76,174.76,1500.0,26214000.0,174.096
000858.SZ,2022-12-09,0.0,174.63,174.63,174.63,1160.0,20257100.0,174.63
000858.SZ,2022-12-09,0.0,175.44,175.5,174.12,3934.0,68750896.0,174.729
000858.SZ,2022-12-09,0.0,175.68,176.22,175.5,3964.0,69705200.0,175.209
000858.SZ,2022-12-09,0.0,175.39,175.71,175.3,1903.0,33414600.0,175.275
000858.SZ,2022-12-09,0.0,175.93,175.99,175.21,2276.0,39955000.0,175.322
000858.SZ,2022-12-09,0.0,175.01,175.98,175.0,3348.0,58722300.0,175.337
000858.SZ,2022-12-09,0.0,174.66,174.9,174.51,1325.0,23147000.0,175.289
000858.SZ,2022-12-09,0.0,175.19,175.31,174.75,1922.0,33633900.0,175.265
000858.SZ,2022-12-09,0.0,175.15,175.25,175.15,1363.0,23878600.0,175.26
000858.SZ,2022-12-09,0.0,175.23,175.26,175.15,822.0,14398500.0,175.257
000858.SZ,2022-12-09,0.0,175.88,175.89,175.23,1285.0,22575700.0,175.281
000858.SZ,2022-12-09,0.0,175.7,175.94,175.7,886.0,15580500.0,175.302
000858.SZ,2022-12-09,0.0,175.93,175.93,175.65,1392.0,24464300.0,175.328
000858.SZ,2022-12-09,0.0,176.12,176.12,175.9,2930.0,51564400.0,175.396
000858.SZ,2022-12-09,0.0,175.99,176.22,175.99,1349.0,23759400.0,175.429
000858.SZ,2022-12-09,0.0,175.49,175.97,175.42,1180.0,20733200.0,175.44
000858.SZ,2022-12-09,0.0,175.12,175.49,175.09,1491.0,26120600.0,175.429
000858.SZ,2022-12-09,0.0,175.46,175.6,175.19,813.0,14265100.0,175.43
000858.SZ,2022-12-09,0.0,175.59,175.59,175.47,492.0,8637860.0,175.432
000858.SZ,2022-12-09,0.0,175.3,175.58,175.24,767.0,13454400.0,175.431
000858.SZ,2022-12-09,0.0,175.19,175.29,175.19,1286.0,22540400.0,175.426
000858.SZ,2022-12-09,0.0,175.11,175.2,175.09,925.0,16199800.0,175.418
000858.SZ,2022-12-09,0.0,174.97,175.1,174.93,1055.0,18465700.0,175.408
000858.SZ,2022-12-09,0.0,174.97,174.97,174.83,1260.0,22036600.0,175.391
000858.SZ,2022-12-09,0.0,175.27,175.27,174.92,765.0,13391500.0,175.385
000858.SZ,2022-12-09,0.0,175.52,175.52,175.24,820.0,14378000.0,175.384
000858.SZ,2022-12-09,0.0,175.66,175.66,175.51,491.0,8620500.0,175.386
000858.SZ,2022-12-09,0.0,175.99,176.0,175.68,1120.0,19702600.0,175.4
000858.SZ,2022-12-09,0.0,175.64,175.99,175.63,908.0,15963700.0,175.409
000858.SZ,2022-12-09,0.0,175.61,175.65,175.6,1002.0,17606200.0,175.415
000858.SZ,2022-12-09,0.0,175.92,175.92,175.6,620.0,10897400.0,175.42
000858.SZ,2022-12-09,0.0,175.83,175.93,175.83,832.0,14633200.0,175.429
000858.SZ,2022-12-09,0.0,176.2,176.22,175.8,3388.0,59664000.0,175.474
000858.SZ,2022-12-09,0.0,176.04,176.21,176.04,1043.0,18372100.0,175.488
000858.SZ,2022-12-09,0.0,175.99,176.02,175.98,600.0,10560300.0,175.494
000858.SZ,2022-12-09,0.0,175.9,176.0,175.9,615.0,10822200.0,175.5
000858.SZ,2022-12-09,0.0,175.69,175.9,175.69,661.0,11624300.0,175.504
000858.SZ,2022-12-09,0.0,175.7,175.7,175.68,467.0,8204780.0,175.506
000858.SZ,2022-12-09,0.0,175.46,175.7,175.41,870.0,15278000.0,175.508
000858.SZ,2022-12-09,0.0,175.5,175.7,175.41,786.0,13794900.0,175.508
000858.SZ,2022-12-09,0.0,175.68,175.69,175.49,675.0,11852100.0,175.509
000858.SZ,2022-12-09,0.0,175.54,175.68,175.53,766.0,13452700.0,175.51
000858.SZ,2022-12-09,0.0,175.15,175.55,175.1,1015.0,17795300.0,175.507
000858.SZ,2022-12-09,0.0,175.17,175.18,175.14,896.0,15694600.0,175.501
000858.SZ,2022-12-09,0.0,175.1,175.17,175.1,884.0,15481300.0,175.496
000858.SZ,2022-12-09,0.0,175.22,175.51,175.1,1192.0,20884000.0,175.49
000858.SZ,2022-12-09,0.0,175.17,175.25,175.11,692.0,12121100.0,175.487
000858.SZ,2022-12-09,0.0,174.68,175.18,174.62,2616.0,45767500.0,175.464
000858.SZ,2022-12-09,0.0,175.26,175.29,174.76,871.0,15241200.0,175.458
000858.SZ,2022-12-09,0.0,175.19,175.22,175.07,409.0,7163610.0,175.456
000858.SZ,2022-12-09,0.0,175.47,175.5,175.15,668.0,11708700.0,175.454
000858.SZ,2022-12-09,0.0,175.18,175.45,175.18,286.0,5012780.0,175.453
000858.SZ,2022-12-09,0.0,175.06,175.18,174.95,631.0,11046400.0,175.45
000858.SZ,2022-12-09,0.0,175.1,175.18,175.06,413.0,7232080.0,175.447
000858.SZ,2022-12-09,0.0,175.32,175.32,175.11,326.0,5711990.0,175.446
000858.SZ,2022-12-09,0.0,175.48,175.5,175.3,526.0,9226990.0,175.446
000858.SZ,2022-12-09,0.0,175.55,175.55,175.2,1044.0,18316800.0,175.446
000858.SZ,2022-12-09,0.0,175.54,175.74,175.44,670.0,11767400.0,175.448
000858.SZ,2022-12-09,0.0,175.6,175.72,175.52,370.0,6497200.0,175.449
000858.SZ,2022-12-09,0.0,175.5,175.64,175.5,270.0,4740720.0,175.449
000858.SZ,2022-12-09,0.0,175.18,175.55,175.18,250.0,4385520.0,175.449
000858.SZ,2022-12-09,0.0,175.3,175.43,175.19,373.0,6537370.0,175.448
000858.SZ,2022-12-09,0.0,175.49,175.5,175.24,442.0,7753340.0,175.448
000858.SZ,2022-12-09,0.0,175.6,175.62,175.43,302.0,5303550.0,175.448
000858.SZ,2022-12-09,0.0,175.68,175.69,175.63,409.0,7184390.0,175.45
000858.SZ,2022-12-09,0.0,175.35,175.69,175.0,1238.0,21687500.0,175.445
000858.SZ,2022-12-09,0.0,175.2,175.49,175.04,351.0,6152300.0,175.444
000858.SZ,2022-12-09,0.0,175.19,175.21,175.09,938.0,16430000.0,175.441
000858.SZ,2022-12-09,0.0,175.34,175.34,175.2,369.0,6467130.0,175.44
000858.SZ,2022-12-09,0.0,175.18,175.34,175.14,572.0,10025800.0,175.438
000858.SZ,2022-12-09,0.0,175.34,175.34,175.15,503.0,8816590.0,175.437
000858.SZ,2022-12-09,0.0,175.34,175.35,175.33,406.0,7118890.0,175.437
000858.SZ,2022-12-09,0.0,175.59,175.6,175.34,620.0,10874200.0,175.437
000858.SZ,2022-12-09,0.0,175.58,175.6,175.56,360.0,6326430.0,175.438
000858.SZ,2022-12-09,0.0,175.57,175.59,175.57,266.0,4670390.0,175.438
000858.SZ,2022-12-09,0.0,175.6,175.6,175.58,430.0,7550080.0,175.439
000858.SZ,2022-12-09,0.0,175.44,175.66,175.44,755.0,13260400.0,175.441
000858.SZ,2022-12-09,0.0,175.4,175.5,175.3,431.0,7561070.0,175.441
000858.SZ,2022-12-09,0.0,175.38,175.41,175.32,252.0,4420050.0,175.441
000858.SZ,2022-12-09,0.0,175.35,175.38,175.32,295.0,5172130.0,175.44
000858.SZ,2022-12-09,0.0,175.32,175.35,175.3,199.0,3489150.0,175.44
000858.SZ,2022-12-09,0.0,175.3,175.32,175.29,349.0,6118240.0,175.44
000858.SZ,2022-12-09,0.0,175.34,175.36,175.29,204.0,3576690.0,175.439
000858.SZ,2022-12-09,0.0,175.33,175.34,175.33,193.0,3383940.0,175.439
000858.SZ,2022-12-09,0.0,175.19,175.34,175.19,402.0,7045840.0,175.438
000858.SZ,2022-12-09,0.0,175.1,175.2,175.1,417.0,7303880.0,175.437
000858.SZ,2022-12-09,0.0,175.32,175.32,175.09,332.0,5816350.0,175.436
000858.SZ,2022-12-09,0.0,175.32,175.33,175.31,325.0,5697890.0,175.435
000858.SZ,2022-12-09,0.0,175.28,175.32,175.23,269.0,4715590.0,175.435
000858.SZ,2022-12-09,0.0,175.41,175.41,175.23,380.0,6661890.0,175.434
000858.SZ,2022-12-09,0.0,175.4,175.44,175.4,161.0,2824140.0,175.434
000858.SZ,2022-12-09,0.0,175.44,175.44,175.39,274.0,4806140.0,175.434
000858.SZ,2022-12-09,0.0,175.52,175.52,175.44,361.0,6334560.0,175.434
000858.SZ,2022-12-09,0.0,175.6,175.64,175.53,399.0,7005630.0,175.435
000858.SZ,2022-12-09,0.0,175.69,175.69,175.64,818.0,14370200.0,175.437
000858.SZ,2022-12-09,0.0,175.95,175.99,175.69,1632.0,28691600.0,175.445
000858.SZ,2022-12-09,0.0,175.83,175.97,175.8,490.0,8619960.0,175.448
000858.SZ,2022-12-09,0.0,175.85,175.85,175.8,420.0,7385040.0,175.45
000858.SZ,2022-12-09,0.0,175.91,175.93,175.82,450.0,7915970.0,175.452
000858.SZ,2022-12-09,0.0,176.5,176.5,175.91,5498.0,96839600.0,175.493
000858.SZ,2022-12-09,0.0,176.16,176.55,176.03,1297.0,22882600.0,175.506
000858.SZ,2022-12-09,0.0,176.33,176.33,176.11,769.0,13555800.0,175.512
000858.SZ,2022-12-09,0.0,176.4,176.51,176.31,1617.0,28531500.0,175.528
000858.SZ,2022-12-09,0.0,176.49,176.49,176.4,1105.0,19499100.0,175.538
000858.SZ,2022-12-09,0.0,177.19,177.19,176.49,4056.0,71741000.0,175.592
000858.SZ,2022-12-09,0.0,176.88,177.25,176.88,4463.0,79032600.0,175.655
000858.SZ,2022-12-09,0.0,177.2,177.22,176.95,1733.0,30691000.0,175.678
000858.SZ,2022-12-09,0.0,177.99,178.0,177.24,5094.0,90556704.0,175.773
000858.SZ,2022-12-09,0.0,178.05,178.12,177.92,4475.0,79670200.0,175.86
000858.SZ,2022-12-09,0.0,177.86,178.04,177.86,2941.0,52342500.0,175.912
000858.SZ,2022-12-09,0.0,178.06,178.13,177.89,3123.0,55597800.0,175.965
000858.SZ,2022-12-09,0.0,177.83,178.09,177.81,1863.0,33150100.0,175.995
000858.SZ,2022-12-09,0.0,177.97,177.97,177.8,1378.0,24504100.0,176.015
000858.SZ,2022-12-09,0.0,178.08,178.14,177.97,2541.0,45247100.0,176.055
000858.SZ,2022-12-09,0.0,178.59,178.59,178.14,3633.0,64770400.0,176.117
000858.SZ,2022-12-09,0.0,178.68,178.9,178.63,3683.0,65847100.0,176.189
000858.SZ,2022-12-09,0.0,178.83,178.84,178.63,2363.0,42237200.0,176.232
000858.SZ,2022-12-09,0.0,179.37,179.44,178.86,5002.0,89557104.0,176.33
000858.SZ,2022-12-09,0.0,179.71,179.8,179.43,4289.0,77041000.0,176.425
000858.SZ,2022-12-09,0.0,179.37,179.8,179.37,3006.0,53994800.0,176.489
000858.SZ,2022-12-09,0.0,179.37,179.37,179.01,2123.0,38043200.0,176.526
000858.SZ,2022-12-09,0.0,179.39,179.48,178.89,6695.0,120024000.0,176.642
000858.SZ,2022-12-09,0.0,179.97,179.97,179.31,4372.0,78556200.0,176.723
000858.SZ,2022-12-09,0.0,180.82,180.93,179.97,10297.0,185584000.0,176.93
000858.SZ,2022-12-09,0.0,181.02,181.53,180.86,6035.0,109312000.0,177.071
000858.SZ,2022-12-09,0.0,180.0,181.01,180.0,4142.0,74699104.0,177.144
000858.SZ,2022-12-09,0.0,180.34,180.73,179.96,2820.0,50817200.0,177.19
000858.SZ,2022-12-09,0.0,179.75,180.33,179.75,2040.0,36720600.0,177.22
000858.SZ,2022-12-09,0.0,179.76,179.86,179.7,1520.0,27328000.0,177.241
000858.SZ,2022-12-09,0.0,179.65,179.78,179.58,2504.0,45006000.0,177.273
000858.SZ,2022-12-09,0.0,179.93,179.99,179.61,2943.0,52907000.0,177.311
000858.SZ,2022-12-09,0.0,179.9,179.93,179.68,2480.0,44592100.0,177.342
000858.SZ,2022-12-09,0.0,180.62,180.62,179.9,2862.0,51591900.0,177.384
000858.SZ,2022-12-09,0.0,181.0,181.0,180.57,3440.0,62229200.0,177.442
000858.SZ,2022-12-09,0.0,180.98,181.0,180.85,4162.0,75323000.0,177.513
000858.SZ,2022-12-09,0.0,180.99,181.19,180.95,2600.0,47086900.0,177.557
000858.SZ,2022-12-09,0.0,180.99,181.09,180.99,2148.0,38885300.0,177.592
000858.SZ,2022-12-09,0.0,180.87,181.0,180.86,1562.0,28260600.0,177.616
000858.SZ,2022-12-09,0.0,181.15,181.15,180.87,4044.0,73215800.0,177.679
000858.SZ,2022-12-09,0.0,181.24,181.24,181.11,2403.0,43543500.0,177.717
000858.SZ,2022-12-09,0.0,181.5,181.5,181.12,3807.0,69032896.0,177.778
000858.SZ,2022-12-09,0.0,181.5,181.5,181.37,2374.0,43084800.0,177.816
000858.SZ,2022-12-09,0.0,181.5,181.6,181.4,3258.0,59141900.0,177.869
000858.SZ,2022-12-09,0.0,182.01,182.01,181.5,8316.0,151276000.0,178.009
000858.SZ,2022-12-09,0.0,181.88,182.2,181.8,3799.0,69140096.0,178.071
000858.SZ,2022-12-09,0.0,181.83,181.97,181.8,1993.0,36245900.0,178.102
000858.SZ,2022-12-09,0.0,181.65,181.8,181.57,1162.0,21113200.0,178.119
000858.SZ,2022-12-09,0.0,180.87,181.62,180.87,1674.0,30335600.0,178.14
000858.SZ,2022-12-09,0.0,180.99,181.0,180.69,2146.0,38800300.0,178.162
000858.SZ,2022-12-09,0.0,180.99,181.05,180.96,1841.0,33319400.0,178.183
000858.SZ,2022-12-09,0.0,180.99,181.02,180.99,2246.0,40653800.0,178.208
000858.SZ,2022-12-09,0.0,181.01,181.02,180.99,1617.0,29273000.0,178.226
000858.SZ,2022-12-09,0.0,181.44,181.44,181.02,1053.0,19085200.0,178.238
000858.SZ,2022-12-09,0.0,181.6,181.6,181.45,1275.0,23134800.0,178.254
000858.SZ,2022-12-09,0.0,181.7,181.79,181.6,1837.0,33380600.0,178.278
000858.SZ,2022-12-09,0.0,181.88,181.88,181.59,1725.0,31368400.0,178.301
000858.SZ,2022-12-09,0.0,181.88,181.89,181.82,1690.0,30736800.0,178.324
000858.SZ,2022-12-09,0.0,182.0,182.0,181.87,2470.0,44944400.0,178.358
000858.SZ,2022-12-09,0.0,182.05,182.05,181.99,4593.0,83597296.0,178.42
000858.SZ,2022-12-09,0.0,181.9,182.05,181.9,2202.0,40072000.0,178.449
000858.SZ,2022-12-09,0.0,181.96,181.98,181.87,1340.0,24381400.0,178.466
000858.SZ,2022-12-09,0.0,182.43,182.44,181.97,6298.0,114707000.0,178.548
000858.SZ,2022-12-09,0.0,182.48,182.5,182.38,3072.0,56045700.0,178.59
000858.SZ,2022-12-09,0.0,182.55,182.55,182.47,2836.0,51754800.0,178.629
000858.SZ,2022-12-09,0.0,182.68,182.68,182.54,2551.0,46584900.0,178.664
000858.SZ,2022-12-09,0.0,182.58,182.72,182.45,2150.0,39266700.0,178.693
000858.SZ,2022-12-09,0.0,182.48,182.6,182.45,2186.0,39894400.0,178.721
000858.SZ,2022-12-09,0.0,182.63,182.63,182.45,1788.0,32635300.0,178.744
000858.SZ,2022-12-09,0.0,182.72,182.72,182.63,2135.0,39003200.0,178.773
000858.SZ,2022-12-09,0.0,182.62,182.75,182.6,1614.0,29486500.0,178.794
000858.SZ,2022-12-09,0.0,182.14,182.63,182.14,2106.0,38424200.0,178.819
000858.SZ,2022-12-09,0.0,182.04,182.26,182.04,1666.0,30340800.0,178.837
000858.SZ,2022-12-09,0.0,182.08,182.1,182.0,1658.0,30185200.0,178.855
000858.SZ,2022-12-09,0.0,182.23,182.23,182.08,1265.0,23047500.0,178.869
000858.SZ,2022-12-09,0.0,182.35,182.42,182.2,1120.0,20420500.0,178.881
000858.SZ,2022-12-09,0.0,182.5,182.55,182.35,1985.0,36225900.0,178.904
000858.SZ,2022-12-09,0.0,182.4,182.5,182.4,1795.0,32754100.0,178.925
000858.SZ,2022-12-09,0.0,182.56,182.59,182.4,1880.0,34305100.0,178.946
000858.SZ,2022-12-09,0.0,182.5,182.58,182.5,1395.0,25463500.0,178.962
000858.SZ,2022-12-09,0.0,182.46,182.53,182.46,844.0,15402100.0,178.972
000858.SZ,2022-12-09,0.0,182.3,182.46,182.3,1069.0,19498900.0,178.983
000858.SZ,2022-12-09,0.0,182.16,182.4,182.16,1854.0,33797700.0,179.003
000858.SZ,2022-12-09,0.0,181.5,182.15,181.5,1094.0,19895200.0,179.012
000858.SZ,2022-12-09,0.0,181.57,181.57,181.45,1760.0,31942600.0,179.026
000858.SZ,2022-12-09,0.0,181.9,181.9,181.58,977.0,17757000.0,179.034
000858.SZ,2022-12-09,0.0,182.0,182.0,181.94,858.0,15613600.0,179.042
000858.SZ,2022-12-09,0.0,182.05,182.05,181.99,1437.0,26155500.0,179.055
000858.SZ,2022-12-09,0.0,182.41,182.41,182.07,1393.0,25394600.0,179.069
000858.SZ,2022-12-09,0.0,182.49,182.49,182.39,2565.0,46792500.0,179.095
000858.SZ,2022-12-09,0.0,182.37,182.49,182.37,1036.0,18902100.0,179.106
000858.SZ,2022-12-09,0.0,182.34,182.38,182.33,659.0,12017300.0,179.113
000858.SZ,2022-12-09,0.0,182.33,182.37,182.32,1114.0,20312000.0,179.123
000858.SZ,2022-12-09,0.0,182.3,182.33,182.29,749.0,13655100.0,179.131
000858.SZ,2022-12-09,0.0,182.46,182.46,182.33,1206.0,21997900.0,179.142
000858.SZ,2022-12-09,0.0,182.6,182.6,182.46,3988.0,72785904.0,179.182
000858.SZ,2022-12-09,0.0,182.56,182.6,182.56,1020.0,18624300.0,179.193
000858.SZ,2022-12-09,0.0,182.59,182.6,182.56,789.0,14406400.0,179.201
000858.SZ,2022-12-09,0.0,182.6,182.6,182.59,970.0,17712000.0,179.21
000858.SZ,2022-12-09,0.0,182.68,182.68,182.6,1686.0,30799700.0,179.227
000858.SZ,2022-12-09,0.0,182.71,182.72,182.68,1887.0,34475500.0,179.246
000858.SZ,2022-12-09,0.0,182.97,182.98,182.75,3082.0,56353200.0,179.279
000858.SZ,2022-12-09,0.0,182.89,183.0,182.89,3808.0,69682304.0,179.319
000858.SZ,2022-12-09,0.0,182.68,182.89,182.68,1113.0,20342700.0,179.33
000858.SZ,2022-12-09,0.0,182.84,182.95,182.7,1414.0,25851900.0,179.344
000858.SZ,2022-12-09,0.0,182.96,182.97,182.84,825.0,15091100.0,179.352
000858.SZ,2022-12-09,0.0,183.02,183.05,182.97,5194.0,95044000.0,179.405
000858.SZ,2022-12-09,0.0,182.82,183.02,182.82,1543.0,28238000.0,179.42
000858.SZ,2022-12-09,0.0,182.8,182.82,182.8,898.0,16416200.0,179.429
000858.SZ,2022-12-09,0.0,182.75,182.8,182.75,1039.0,18991200.0,179.438
000858.SZ,2022-12-09,0.0,182.76,182.85,182.71,1332.0,24345000.0,179.451
000858.SZ,2022-12-09,0.0,182.91,182.94,182.76,1236.0,22599000.0,179.462
000858.SZ,2022-12-09,0.0,182.99,183.0,182.93,1366.0,24995700.0,179.475
000858.SZ,2022-12-09,0.0,183.02,183.02,182.99,1954.0,35759100.0,179.494
000858.SZ,2022-12-09,0.0,183.12,183.15,183.03,2327.0,42600600.0,179.517
000858.SZ,2022-12-09,0.0,183.3,183.3,183.14,1692.0,31001100.0,179.533
000858.SZ,2022-12-09,0.0,183.35,183.47,183.32,2279.0,41797800.0,179.557
000858.SZ,2022-12-09,0.0,183.33,183.37,183.32,1536.0,28161000.0,179.572
000858.SZ,2022-12-09,0.0,183.27,183.31,183.25,1339.0,24542000.0,179.586
000858.SZ,2022-12-09,0.0,183.16,183.27,183.16,1451.0,26585900.0,179.6
000858.SZ,2022-12-09,0.0,183.14,183.17,183.13,1039.0,19029200.0,179.609
000858.SZ,2022-12-09,0.0,183.16,183.17,183.13,1375.0,25187000.0,179.622
000858.SZ,2022-12-09,0.0,183.21,183.21,183.17,1223.0,22404800.0,179.634
000858.SZ,2022-12-09,0.0,183.17,183.22,183.17,1641.0,30062600.0,179.649
000858.SZ,2022-12-09,0.0,183.05,183.17,183.03,1537.0,28140500.0,179.662
000858.SZ,2022-12-09,0.0,183.16,183.16,183.06,1236.0,22632200.0,179.673
000858.SZ,2022-12-09,0.0,183.21,183.21,183.17,1625.0,29769000.0,179.688
000858.SZ,2022-12-09,0.0,183.23,183.23,183.2,1498.0,27446100.0,179.702
000858.SZ,2022-12-09,0.0,183.21,183.25,183.21,1774.0,32506500.0,179.718
000858.SZ,2022-12-09,0.0,182.97,183.23,182.97,2779.0,50897700.0,179.742
000858.SZ,2022-12-09,0.0,182.9,183.0,182.9,1323.0,24206300.0,179.753
000858.SZ,2022-12-09,0.0,182.89,182.92,182.81,1733.0,31691700.0,179.767
000858.SZ,2022-12-09,0.0,183.0,183.0,182.89,2232.0,40832900.0,179.784
000858.SZ,2022-12-09,0.0,183.1,183.1,183.01,1440.0,26360800.0,179.796
000858.SZ,2022-12-09,0.0,183.01,183.12,183.01,2060.0,37711600.0,179.813
000858.SZ,2022-12-09,0.0,182.99,183.01,182.9,2032.0,37181300.0,179.829
000858.SZ,2022-12-09,0.0,183.03,183.06,183.02,3280.0,60031100.0,179.855
000858.SZ,2022-12-09,0.0,183.07,183.07,183.0,2446.0,44766400.0,179.874
000858.SZ,2022-12-09,0.0,183.08,183.08,183.0,1923.0,35203100.0,179.888
000858.SZ,2022-12-09,0.0,183.07,183.07,183.07,105.0,1922380.0,179.889
000858.SZ,2022-12-09,0.0,183.07,183.07,183.07,0.0,0.0,179.889
000858.SZ,2022-12-09,0.0,183.27,183.27,183.27,6882.0,126126000.0,179.945
000858.SZ,2022-12-12,0.0,182.0,182.0,182.0,1916.0,34871200.0,182.0
000858.SZ,2022-12-12,0.0,181.0,182.27,180.88,5869.0,106567000.0,181.679
000858.SZ,2022-12-12,0.0,180.48,180.88,180.11,6583.0,118827000.0,181.141
000858.SZ,2022-12-12,0.0,180.48,180.48,179.68,6405.0,115357000.0,180.822
000858.SZ,2022-12-12,0.0,181.22,181.22,180.52,3727.0,67432704.0,180.838
000858.SZ,2022-12-12,0.0,181.49,181.7,181.3,3464.0,62878200.0,180.923
000858.SZ,2022-12-12,0.0,181.06,181.3,180.75,4290.0,77655104.0,180.935
000858.SZ,2022-12-12,0.0,180.6,181.07,180.5,2137.0,38627100.0,180.923
000858.SZ,2022-12-12,0.0,181.05,181.09,180.58,2340.0,42329500.0,180.921
000858.SZ,2022-12-12,0.0,180.92,181.05,180.86,1653.0,29903300.0,180.922
000858.SZ,2022-12-12,0.0,182.17,182.19,180.93,2481.0,45096600.0,180.973
000858.SZ,2022-12-12,0.0,182.26,182.5,182.17,2270.0,41356000.0,181.037
000858.SZ,2022-12-12,0.0,181.13,182.26,181.13,2497.0,45352700.0,181.069
000858.SZ,2022-12-12,0.0,181.05,181.15,180.96,2449.0,44328400.0,181.065
000858.SZ,2022-12-12,0.0,181.74,181.82,181.1,1555.0,28226900.0,181.079
000858.SZ,2022-12-12,0.0,181.08,181.82,181.08,2277.0,41322900.0,181.096
000858.SZ,2022-12-12,0.0,181.12,181.61,181.1,1924.0,34886100.0,181.103
000858.SZ,2022-12-12,0.0,181.45,181.45,181.09,2153.0,39015000.0,181.107
000858.SZ,2022-12-12,0.0,181.25,181.45,180.91,3658.0,66252600.0,181.109
000858.SZ,2022-12-12,0.0,181.45,181.7,181.11,2378.0,43133600.0,181.12
000858.SZ,2022-12-12,0.0,181.3,181.7,181.24,2513.0,45560100.0,181.126
000858.SZ,2022-12-12,0.0,181.47,181.53,181.27,1707.0,30956300.0,181.131
000858.SZ,2022-12-12,0.0,181.36,181.59,181.36,1312.0,23802000.0,181.138
000858.SZ,2022-12-12,0.0,181.62,181.71,181.45,1252.0,22727400.0,181.146
000858.SZ,2022-12-12,0.0,182.15,182.15,181.68,2153.0,39174800.0,181.17
000858.SZ,2022-12-12,0.0,182.56,182.64,182.11,2227.0,40617600.0,181.208
000858.SZ,2022-12-12,0.0,182.5,182.8,182.28,3178.0,58024400.0,181.265
000858.SZ,2022-12-12,0.0,182.5,182.54,182.35,2100.0,38325700.0,181.298
000858.SZ,2022-12-12,0.0,183.09,183.38,182.58,4748.0,86946496.0,181.401
000858.SZ,2022-12-12,0.0,182.61,183.03,182.61,2640.0,48285400.0,181.448
000858.SZ,2022-12-12,0.0,182.16,182.65,182.16,1317.0,24013700.0,181.462
000858.SZ,2022-12-12,0.0,181.93,182.11,181.88,2611.0,47520900.0,181.477
000858.SZ,2022-12-12,0.0,181.55,181.84,181.5,2688.0,48823200.0,181.481
000858.SZ,2022-12-12,0.0,181.73,181.86,181.58,2196.0,39894500.0,181.486
000858.SZ,2022-12-12,0.0,181.5,181.69,181.5,2590.0,47026600.0,181.488
000858.SZ,2022-12-12,0.0,181.69,181.93,181.49,2329.0,42311800.0,181.493
000858.SZ,2022-12-12,0.0,181.26,181.71,181.26,2817.0,51138200.0,181.493
000858.SZ,2022-12-12,0.0,181.29,181.3,181.2,1583.0,28694000.0,181.49
000858.SZ,2022-12-12,0.0,181.49,181.57,181.31,1502.0,27253800.0,181.489
000858.SZ,2022-12-12,0.0,181.36,181.54,181.36,1843.0,33425600.0,181.488
000858.SZ,2022-12-12,0.0,181.28,181.37,181.26,1749.0,31713700.0,181.485
000858.SZ,2022-12-12,0.0,181.16,181.28,181.16,1420.0,25731100.0,181.482
000858.SZ,2022-12-12,0.0,181.04,181.16,181.02,1898.0,34371300.0,181.474
000858.SZ,2022-12-12,0.0,181.03,181.06,180.96,2139.0,38711800.0,181.465
000858.SZ,2022-12-12,0.0,180.89,181.08,180.89,1544.0,27944500.0,181.459
000858.SZ,2022-12-12,0.0,180.7,180.89,180.7,1770.0,32003000.0,181.449
000858.SZ,2022-12-12,0.0,180.61,180.68,180.6,1885.0,34050200.0,181.436
000858.SZ,2022-12-12,0.0,180.75,180.75,180.6,1509.0,27266200.0,181.427
000858.SZ,2022-12-12,0.0,180.77,180.91,180.75,1068.0,19302300.0,181.422
000858.SZ,2022-12-12,0.0,180.82,180.86,180.79,875.0,15820500.0,181.417
000858.SZ,2022-12-12,0.0,180.8,180.83,180.8,916.0,16559800.0,181.413
000858.SZ,2022-12-12,0.0,180.77,180.81,180.76,957.0,17305500.0,181.408
000858.SZ,2022-12-12,0.0,180.57,180.78,180.57,1413.0,25525800.0,181.399
000858.SZ,2022-12-12,0.0,180.47,180.56,180.45,1492.0,26931400.0,181.389
000858.SZ,2022-12-12,0.0,180.27,180.47,180.26,1339.0,24147500.0,181.378
000858.SZ,2022-12-12,0.0,180.01,180.28,180.01,2449.0,44115500.0,181.355
000858.SZ,2022-12-12,0.0,179.22,180.0,179.01,9575.0,172046000.0,181.242
000858.SZ,2022-12-12,0.0,179.98,179.98,179.22,1979.0,35582200.0,181.221
000858.SZ,2022-12-12,0.0,179.8,180.01,179.8,1922.0,34581200.0,181.204
000858.SZ,2022-12-12,0.0,180.01,180.31,179.67,1401.0,25221500.0,181.193
000858.SZ,2022-12-12,0.0,179.9,180.07,179.9,1424.0,25628200.0,181.181
000858.SZ,2022-12-12,0.0,180.0,180.01,179.9,696.0,12527200.0,181.175
000858.SZ,2022-12-12,0.0,179.95,180.0,179.95,1459.0,26257900.0,181.164
000858.SZ,2022-12-12,0.0,179.94,180.04,179.93,1256.0,22609600.0,181.154
000858.SZ,2022-12-12,0.0,180.02,180.02,179.93,1202.0,21631200.0,181.145
000858.SZ,2022-12-12,0.0,180.3,180.31,180.01,691.0,12439500.0,181.14
000858.SZ,2022-12-12,0.0,180.54,180.62,180.3,643.0,11606100.0,181.137
000858.SZ,2022-12-12,0.0,180.71,180.88,180.6,770.0,13921800.0,181.135
000858.SZ,2022-12-12,0.0,180.93,180.98,180.74,575.0,10405000.0,181.134
000858.SZ,2022-12-12,0.0,180.97,181.0,180.9,674.0,12189700.0,181.133
000858.SZ,2022-12-12,0.0,180.98,180.99,180.96,577.0,10449800.0,181.133
000858.SZ,2022-12-12,0.0,181.0,181.02,180.98,619.0,11205000.0,181.132
000858.SZ,2022-12-12,0.0,180.98,181.02,180.97,772.0,13963800.0,181.132
000858.SZ,2022-12-12,0.0,180.98,180.99,180.97,429.0,7769740.0,181.131
000858.SZ,2022-12-12,0.0,180.98,180.99,180.97,517.0,9364450.0,181.131
000858.SZ,2022-12-12,0.0,180.97,181.0,180.97,655.0,11853800.0,181.13
000858.SZ,2022-12-12,0.0,181.3,181.31,180.98,826.0,14954800.0,181.13
000858.SZ,2022-12-12,0.0,181.39,181.4,181.3,626.0,11354100.0,181.131
000858.SZ,2022-12-12,0.0,181.17,181.46,181.01,950.0,17226000.0,181.132
000858.SZ,2022-12-12,0.0,181.1,181.17,181.01,355.0,6425960.0,181.132
000858.SZ,2022-12-12,0.0,180.95,181.12,180.94,917.0,16605300.0,181.131
000858.SZ,2022-12-12,0.0,180.74,180.94,180.74,395.0,7141140.0,181.131
000858.SZ,2022-12-12,0.0,180.52,180.7,180.52,477.0,8613900.0,181.129
000858.SZ,2022-12-12,0.0,180.57,180.69,180.5,452.0,8153190.0,181.127
000858.SZ,2022-12-12,0.0,180.69,180.8,180.56,356.0,6438060.0,181.126
000858.SZ,2022-12-12,0.0,180.78,180.98,180.68,339.0,6131510.0,181.126
000858.SZ,2022-12-12,0.0,180.8,180.94,180.78,384.0,6944660.0,181.125
000858.SZ,2022-12-12,0.0,180.68,180.88,180.44,471.0,8506410.0,181.124
000858.SZ,2022-12-12,0.0,180.37,180.6,180.37,459.0,8286800.0,181.122
000858.SZ,2022-12-12,0.0,180.28,180.45,180.28,323.0,5818390.0,181.12
000858.SZ,2022-12-12,0.0,180.37,180.39,180.26,488.0,8801740.0,181.118
000858.SZ,2022-12-12,0.0,180.4,180.53,180.39,488.0,8803200.0,181.116
000858.SZ,2022-12-12,0.0,180.4,180.43,180.35,360.0,6494470.0,181.115
000858.SZ,2022-12-12,0.0,180.17,180.39,180.11,820.0,14779900.0,181.11
000858.SZ,2022-12-12,0.0,180.35,180.35,180.16,174.0,3135930.0,181.109
000858.SZ,2022-12-12,0.0,180.37,180.38,180.31,822.0,14828700.0,181.106
000858.SZ,2022-12-12,0.0,180.41,180.42,180.36,265.0,4778830.0,181.104
000858.SZ,2022-12-12,0.0,180.39,180.43,180.37,352.0,6353180.0,181.103
000858.SZ,2022-12-12,0.0,179.98,180.39,179.98,1451.0,26131600.0,181.094
000858.SZ,2022-12-12,0.0,180.0,180.02,179.98,1043.0,18769100.0,181.088
000858.SZ,2022-12-12,0.0,179.96,179.99,179.95,405.0,7281400.0,181.085
000858.SZ,2022-12-12,0.0,179.96,180.0,179.95,579.0,10426900.0,181.081
000858.SZ,2022-12-12,0.0,179.8,179.97,179.79,1211.0,21785500.0,181.073
000858.SZ,2022-12-12,0.0,179.68,179.79,179.68,583.0,10477700.0,181.069
000858.SZ,2022-12-12,0.0,179.59,179.65,179.58,778.0,13972600.0,181.062
000858.SZ,2022-12-12,0.0,179.57,179.61,179.56,870.0,15616600.0,181.055
000858.SZ,2022-12-12,0.0,179.5,179.56,179.5,1016.0,18232800.0,181.046
000858.SZ,2022-12-12,0.0,179.4,179.53,179.4,1003.0,18005700.0,181.038
000858.SZ,2022-12-12,0.0,179.3,179.43,179.3,722.0,12950800.0,181.031
000858.SZ,2022-12-12,0.0,179.31,179.31,179.28,903.0,16194300.0,181.022
000858.SZ,2022-12-12,0.0,179.35,179.42,179.3,923.0,16556900.0,181.014
000858.SZ,2022-12-12,0.0,179.38,179.42,179.38,1601.0,28711000.0,181.0
000858.SZ,2022-12-12,0.0,179.03,179.34,179.03,2823.0,50584000.0,180.972
000858.SZ,2022-12-12,0.0,179.04,179.05,179.02,1195.0,21394000.0,180.96
000858.SZ,2022-12-12,0.0,179.03,179.05,179.02,1524.0,27288600.0,180.944
000858.SZ,2022-12-12,0.0,179.03,179.04,179.02,1326.0,23735400.0,180.931
000858.SZ,2022-12-12,0.0,179.07,179.07,179.02,1194.0,21368400.0,180.919
000858.SZ,2022-12-12,0.0,178.4,179.03,178.33,5947.0,106366000.0,180.856
000858.SZ,2022-12-12,0.0,178.6,178.64,178.34,1846.0,32933800.0,180.834
000858.SZ,2022-12-12,0.0,178.4,178.66,178.36,1425.0,25435300.0,180.818
000858.SZ,2022-12-12,0.0,178.66,178.88,178.4,1114.0,19898900.0,180.805
000858.SZ,2022-12-12,0.0,179.27,179.27,178.55,2298.0,41092700.0,180.783
000858.SZ,2022-12-12,0.0,178.96,179.39,178.87,704.0,12608800.0,180.777
000858.SZ,2022-12-12,0.0,179.49,179.5,178.8,831.0,14874900.0,180.77
000858.SZ,2022-12-12,0.0,178.81,179.31,178.81,741.0,13271500.0,180.764
000858.SZ,2022-12-12,0.0,178.88,178.9,178.8,789.0,14111200.0,180.757
000858.SZ,2022-12-12,0.0,179.29,179.39,178.92,820.0,14699400.0,180.75
000858.SZ,2022-12-12,0.0,179.23,179.44,179.23,550.0,9867470.0,180.746
000858.SZ,2022-12-12,0.0,179.31,179.44,179.2,566.0,10153300.0,180.743
000858.SZ,2022-12-12,0.0,179.04,179.31,178.92,917.0,16407700.0,180.735
000858.SZ,2022-12-12,0.0,179.32,179.35,179.04,534.0,9567700.0,180.731
000858.SZ,2022-12-12,0.0,179.46,179.5,179.26,478.0,8573060.0,180.728
000858.SZ,2022-12-12,0.0,179.0,179.53,179.0,1265.0,22676900.0,180.72
000858.SZ,2022-12-12,0.0,179.2,179.36,179.05,349.0,6250990.0,180.717
000858.SZ,2022-12-12,0.0,179.16,179.24,179.16,505.0,9041240.0,180.714
000858.SZ,2022-12-12,0.0,179.12,179.21,179.07,394.0,7058300.0,180.711
000858.SZ,2022-12-12,0.0,178.84,179.12,178.84,1320.0,23613500.0,180.7
000858.SZ,2022-12-12,0.0,178.8,178.84,178.75,970.0,17334200.0,180.691
000858.SZ,2022-12-12,0.0,178.87,178.89,178.81,627.0,11214500.0,180.686
000858.SZ,2022-12-12,0.0,179.18,179.22,178.9,1037.0,18565000.0,180.678
000858.SZ,2022-12-12,0.0,179.11,179.28,179.11,419.0,7510210.0,180.675
000858.SZ,2022-12-12,0.0,179.04,179.2,179.02,444.0,7951920.0,180.672
000858.SZ,2022-12-12,0.0,179.1,179.1,179.0,895.0,16022600.0,180.665
000858.SZ,2022-12-12,0.0,179.04,179.11,179.04,423.0,7574630.0,180.662
000858.SZ,2022-12-12,0.0,179.15,179.18,179.0,454.0,8124260.0,180.659
000858.SZ,2022-12-12,0.0,178.98,179.15,178.98,708.0,12681900.0,180.654
000858.SZ,2022-12-12,0.0,178.97,179.0,178.95,320.0,5727180.0,180.651
000858.SZ,2022-12-12,0.0,179.0,179.0,178.96,579.0,10358900.0,180.647
000858.SZ,2022-12-12,0.0,179.04,179.11,178.97,406.0,7261060.0,180.644
000858.SZ,2022-12-12,0.0,179.16,179.16,179.04,323.0,5784500.0,180.642
000858.SZ,2022-12-12,0.0,179.41,179.44,179.18,588.0,10534800.0,180.638
000858.SZ,2022-12-12,0.0,179.26,179.48,179.14,545.0,9768350.0,180.635
000858.SZ,2022-12-12,0.0,179.41,179.45,179.16,347.0,6220980.0,180.633
000858.SZ,2022-12-12,0.0,179.59,179.59,179.35,582.0,10451000.0,180.63
000858.SZ,2022-12-12,0.0,179.68,179.68,179.58,561.0,10077200.0,180.627
000858.SZ,2022-12-12,0.0,179.87,179.88,179.67,526.0,9455010.0,180.625
000858.SZ,2022-12-12,0.0,179.75,180.0,179.71,1034.0,18601500.0,180.622
000858.SZ,2022-12-12,0.0,179.77,179.8,179.71,368.0,6614760.0,180.621
000858.SZ,2022-12-12,0.0,179.85,179.85,179.78,369.0,6634730.0,180.619
000858.SZ,2022-12-12,0.0,179.76,179.85,179.71,467.0,8395520.0,180.618
000858.SZ,2022-12-12,0.0,179.81,179.85,179.76,436.0,7839570.0,180.616
000858.SZ,2022-12-12,0.0,179.96,179.96,179.75,622.0,11184500.0,180.614
000858.SZ,2022-12-12,0.0,180.0,180.0,179.95,443.0,7973530.0,180.613
000858.SZ,2022-12-12,0.0,180.1,180.1,179.9,1336.0,24046200.0,180.609
000858.SZ,2022-12-12,0.0,180.18,180.26,180.12,639.0,11515100.0,180.608
000858.SZ,2022-12-12,0.0,180.01,180.19,180.0,534.0,9615300.0,180.607
000858.SZ,2022-12-12,0.0,180.07,180.12,180.0,405.0,7291500.0,180.606
000858.SZ,2022-12-12,0.0,180.01,180.08,179.99,409.0,7361900.0,180.605
000858.SZ,2022-12-12,0.0,179.94,180.06,179.92,319.0,5742310.0,180.604
000858.SZ,2022-12-12,0.0,179.95,179.96,179.91,267.0,4804380.0,180.603
000858.SZ,2022-12-12,0.0,180.0,180.0,179.91,490.0,8818090.0,180.602
000858.SZ,2022-12-12,0.0,179.89,179.99,179.88,323.0,5811860.0,180.601
000858.SZ,2022-12-12,0.0,179.88,179.88,179.85,523.0,9406610.0,180.599
000858.SZ,2022-12-12,0.0,179.45,179.8,179.45,938.0,16860800.0,180.596
000858.SZ,2022-12-12,0.0,179.2,179.38,179.2,456.0,8173530.0,180.593
000858.SZ,2022-12-12,0.0,179.22,179.22,179.16,423.0,7579880.0,180.591
000858.SZ,2022-12-12,0.0,179.26,179.36,179.23,393.0,7045120.0,180.588
000858.SZ,2022-12-12,0.0,179.2,179.24,179.19,387.0,6935620.0,180.586
000858.SZ,2022-12-12,0.0,179.27,179.31,179.19,345.0,6183420.0,180.584
000858.SZ,2022-12-12,0.0,179.26,179.53,179.22,382.0,6849120.0,180.582
000858.SZ,2022-12-12,0.0,179.16,179.26,179.15,538.0,9641360.0,180.579
000858.SZ,2022-12-12,0.0,178.97,179.17,178.97,1028.0,18413500.0,180.572
000858.SZ,2022-12-12,0.0,179.06,179.11,178.91,892.0,15955500.0,180.566
000858.SZ,2022-12-12,0.0,179.11,179.11,179.07,422.0,7557940.0,180.564
000858.SZ,2022-12-12,0.0,179.12,179.14,179.08,458.0,8203070.0,180.561
000858.SZ,2022-12-12,0.0,179.03,179.12,179.03,524.0,9384210.0,180.558
000858.SZ,2022-12-12,0.0,178.95,179.01,178.9,648.0,11603400.0,180.554
000858.SZ,2022-12-12,0.0,179.05,179.06,178.93,549.0,9825520.0,180.55
000858.SZ,2022-12-12,0.0,178.98,179.12,178.98,355.0,6355690.0,180.548
000858.SZ,2022-12-12,0.0,178.99,179.05,178.99,829.0,14839000.0,180.543
000858.SZ,2022-12-12,0.0,178.96,179.0,178.93,432.0,7731610.0,180.54
000858.SZ,2022-12-12,0.0,178.95,179.02,178.95,706.0,12636300.0,180.535
000858.SZ,2022-12-12,0.0,178.97,179.0,178.95,362.0,6478860.0,180.533
000858.SZ,2022-12-12,0.0,178.98,179.0,178.96,661.0,11830300.0,180.529
000858.SZ,2022-12-12,0.0,178.92,178.98,178.91,973.0,17411100.0,180.523
000858.SZ,2022-12-12,0.0,178.89,178.98,178.89,1016.0,18185200.0,180.516
000858.SZ,2022-12-12,0.0,178.81,178.89,178.81,702.0,12555300.0,180.511
000858.SZ,2022-12-12,0.0,178.72,178.81,178.7,1210.0,21627100.0,180.503
000858.SZ,2022-12-12,0.0,178.78,178.8,178.71,604.0,10798400.0,180.499
000858.SZ,2022-12-12,0.0,178.76,178.78,178.71,718.0,12834200.0,180.494
000858.SZ,2022-12-12,0.0,178.75,178.79,178.72,548.0,9795550.0,180.49
000858.SZ,2022-12-12,0.0,178.77,178.78,178.72,458.0,8186640.0,180.487
000858.SZ,2022-12-12,0.0,178.73,178.77,178.71,733.0,13101100.0,180.482
000858.SZ,2022-12-12,0.0,178.71,178.76,178.7,606.0,10830100.0,180.478
000858.SZ,2022-12-12,0.0,178.7,178.72,178.7,570.0,10186200.0,180.474
000858.SZ,2022-12-12,0.0,178.62,178.69,178.62,581.0,10380400.0,180.469
000858.SZ,2022-12-12,0.0,178.6,178.66,178.6,724.0,12931800.0,180.464
000858.SZ,2022-12-12,0.0,178.59,178.61,178.58,665.0,11876300.0,180.459
000858.SZ,2022-12-12,0.0,178.61,178.61,178.59,496.0,8858350.0,180.456
000858.SZ,2022-12-12,0.0,178.59,178.61,178.58,575.0,10269200.0,180.452
000858.SZ,2022-12-12,0.0,178.6,178.6,178.58,616.0,11001200.0,180.447
000858.SZ,2022-12-12,0.0,178.61,178.62,178.59,554.0,9894560.0,180.443
000858.SZ,2022-12-12,0.0,178.6,178.62,178.59,496.0,8858600.0,180.44
000858.SZ,2022-12-12,0.0,178.6,178.62,178.59,753.0,13449000.0,180.434
000858.SZ,2022-12-12,0.0,178.6,178.6,178.59,640.0,11430000.0,180.43
000858.SZ,2022-12-12,0.0,178.6,178.61,178.59,492.0,8787110.0,180.426
000858.SZ,2022-12-12,0.0,178.68,178.68,178.6,719.0,12842200.0,180.422
000858.SZ,2022-12-12,0.0,178.61,178.67,178.58,1169.0,20878700.0,180.413
000858.SZ,2022-12-12,0.0,178.6,178.62,178.57,937.0,16733400.0,180.407
000858.SZ,2022-12-12,0.0,178.41,178.58,178.4,2367.0,42251300.0,180.39
000858.SZ,2022-12-12,0.0,178.33,178.41,178.3,1294.0,23075800.0,180.38
000858.SZ,2022-12-12,0.0,178.32,178.33,178.22,1623.0,28939300.0,180.368
000858.SZ,2022-12-12,0.0,178.53,178.54,178.32,1121.0,20003800.0,180.359
000858.SZ,2022-12-12,0.0,178.44,178.51,178.42,727.0,12974200.0,180.354
000858.SZ,2022-12-12,0.0,178.43,178.49,178.43,601.0,10724300.0,180.35
000858.SZ,2022-12-12,0.0,178.5,178.5,178.41,1027.0,18326400.0,180.343
000858.SZ,2022-12-12,0.0,178.5,178.51,178.43,798.0,14242700.0,180.337
000858.SZ,2022-12-12,0.0,178.33,178.52,178.32,1957.0,34914800.0,180.324
000858.SZ,2022-12-12,0.0,178.06,178.32,178.06,2030.0,36174500.0,180.309
000858.SZ,2022-12-12,0.0,178.12,178.24,178.06,1773.0,31583400.0,180.295
000858.SZ,2022-12-12,0.0,178.1,178.16,178.1,1253.0,22318600.0,180.285
000858.SZ,2022-12-12,0.0,178.08,178.14,178.05,1791.0,31894800.0,180.271
000858.SZ,2022-12-12,0.0,178.11,178.13,178.06,1671.0,29759800.0,180.258
000858.SZ,2022-12-12,0.0,178.0,178.11,177.91,6576.0,117062000.0,180.208
000858.SZ,2022-12-12,0.0,178.04,178.07,177.99,1354.0,24103300.0,180.197
000858.SZ,2022-12-12,0.0,178.04,178.06,178.01,1764.0,31409600.0,180.184
000858.SZ,2022-12-12,0.0,178.05,178.06,178.0,1749.0,31138500.0,180.172
000858.SZ,2022-12-12,0.0,178.31,178.31,178.08,951.0,16945900.0,180.165
000858.SZ,2022-12-12,0.0,178.33,178.33,178.33,17.0,303159.0,180.165
000858.SZ,2022-12-12,0.0,178.33,178.33,178.33,0.0,0.0,180.165
000858.SZ,2022-12-12,0.0,178.35,178.35,178.35,2361.0,42115900.0,180.151
000858.SZ,2022-12-13,0.0,178.0,178.0,178.0,1742.0,31007600.0,178.0
000858.SZ,2022-12-13,0.0,177.68,177.9,177.22,3284.0,58339600.0,177.77
000858.SZ,2022-12-13,0.0,177.56,177.8,177.55,1925.0,34192300.0,177.729
000858.SZ,2022-12-13,0.0,176.57,177.51,176.57,2630.0,46538100.0,177.516
000858.SZ,2022-12-13,0.0,176.3,176.54,176.02,4285.0,75515904.0,177.123
000858.SZ,2022-12-13,0.0,177.41,177.41,176.3,3512.0,62128200.0,177.078
000858.SZ,2022-12-13,0.0,177.46,177.55,177.36,2404.0,42659900.0,177.125
000858.SZ,2022-12-13,0.0,178.0,178.33,177.42,1826.0,32478400.0,177.186
000858.SZ,2022-12-13,0.0,177.8,177.99,177.5,894.0,15895900.0,177.21
000858.SZ,2022-12-13,0.0,177.36,177.8,176.87,1623.0,28765100.0,177.213
000858.SZ,2022-12-13,0.0,177.69,177.77,177.18,1100.0,19520100.0,177.225
000858.SZ,2022-12-13,0.0,177.58,177.94,177.57,892.0,15858600.0,177.243
000858.SZ,2022-12-13,0.0,177.88,177.96,177.59,991.0,17623100.0,177.264
000858.SZ,2022-12-13,0.0,178.64,178.64,177.9,2146.0,38246600.0,177.334
000858.SZ,2022-12-13,0.0,178.4,178.8,178.2,1791.0,31966700.0,177.401
000858.SZ,2022-12-13,0.0,178.05,178.52,178.05,1157.0,20624100.0,177.432
000858.SZ,2022-12-13,0.0,177.68,178.14,177.68,857.0,15255000.0,177.446
000858.SZ,2022-12-13,0.0,177.48,177.63,177.1,1186.0,21027900.0,177.441
000858.SZ,2022-12-13,0.0,177.27,177.47,177.21,756.0,13403200.0,177.438
000858.SZ,2022-12-13,0.0,177.7,177.7,177.24,653.0,11586700.0,177.438
000858.SZ,2022-12-13,0.0,177.52,177.75,177.48,622.0,11045700.0,177.441
000858.SZ,2022-12-13,0.0,177.0,177.35,176.85,1366.0,24193700.0,177.429
000858.SZ,2022-12-13,0.0,176.85,177.0,176.67,1714.0,30315400.0,177.404
000858.SZ,2022-12-13,0.0,177.0,177.13,176.85,1100.0,19460500.0,177.391
000858.SZ,2022-12-13,0.0,176.95,177.23,176.8,1962.0,34716200.0,177.37
000858.SZ,2022-12-13,0.0,177.47,177.47,177.0,895.0,15856000.0,177.366
000858.SZ,2022-12-13,0.0,177.57,177.86,177.47,1731.0,30742700.0,177.375
000858.SZ,2022-12-13,0.0,178.3,178.3,177.74,2222.0,39528100.0,177.399
000858.SZ,2022-12-13,0.0,178.0,178.35,178.0,2447.0,43616500.0,177.441
000858.SZ,2022-12-13,0.0,178.09,178.29,178.0,988.0,17594500.0,177.454
000858.SZ,2022-12-13,0.0,177.89,178.13,177.88,720.0,12815700.0,177.461
000858.SZ,2022-12-13,0.0,178.19,178.2,177.88,1191.0,21205600.0,177.474
000858.SZ,2022-12-13,0.0,177.88,178.35,177.84,787.0,14006000.0,177.482
000858.SZ,2022-12-13,0.0,178.1,178.2,177.75,911.0,16202900.0,177.488
000858.SZ,2022-12-13,0.0,178.04,178.3,177.98,1096.0,19512600.0,177.499
000858.SZ,2022-12-13,0.0,178.65,178.65,178.02,1211.0,21602400.0,177.518
000858.SZ,2022-12-13,0.0,178.61,178.86,178.61,1582.0,28279400.0,177.551
000858.SZ,2022-12-13,0.0,178.5,178.76,178.4,1219.0,21763600.0,177.572
000858.SZ,2022-12-13,0.0,178.52,178.54,178.49,611.0,10905900.0,177.581
000858.SZ,2022-12-13,0.0,178.79,178.79,178.5,611.0,10913500.0,177.592
000858.SZ,2022-12-13,0.0,178.55,178.9,178.55,1250.0,22346600.0,177.615
000858.SZ,2022-12-13,0.0,178.6,178.8,178.55,1262.0,22548900.0,177.637
000858.SZ,2022-12-13,0.0,178.88,178.88,178.67,986.0,17630800.0,177.655
000858.SZ,2022-12-13,0.0,178.59,178.93,178.56,760.0,13588100.0,177.668
000858.SZ,2022-12-13,0.0,178.58,178.58,178.47,1036.0,18495900.0,177.682
000858.SZ,2022-12-13,0.0,178.88,178.88,178.55,494.0,8827230.0,177.689
000858.SZ,2022-12-13,0.0,178.69,178.86,178.68,481.0,8599200.0,177.697
000858.SZ,2022-12-13,0.0,178.4,178.7,178.4,882.0,15745600.0,177.708
000858.SZ,2022-12-13,0.0,177.93,178.35,177.93,899.0,16015600.0,177.713
000858.SZ,2022-12-13,0.0,178.0,178.08,177.94,611.0,10875800.0,177.716
000858.SZ,2022-12-13,0.0,178.29,178.36,178.0,558.0,9935620.0,177.719
000858.SZ,2022-12-13,0.0,178.8,178.86,178.42,775.0,13847800.0,177.73
000858.SZ,2022-12-13,0.0,178.84,178.88,178.8,1010.0,18060800.0,177.745
000858.SZ,2022-12-13,0.0,178.8,178.84,178.8,593.0,10602500.0,177.754
000858.SZ,2022-12-13,0.0,178.76,178.88,178.76,874.0,15630000.0,177.767
000858.SZ,2022-12-13,0.0,178.97,178.97,178.76,680.0,12163600.0,177.777
000858.SZ,2022-12-13,0.0,179.01,179.5,178.97,2123.0,38033700.0,177.815
000858.SZ,2022-12-13,0.0,179.53,179.54,179.01,842.0,15103100.0,177.832
000858.SZ,2022-12-13,0.0,179.28,179.55,179.21,1305.0,23411200.0,177.858
000858.SZ,2022-12-13,0.0,179.1,179.43,179.1,1337.0,23967900.0,177.882
000858.SZ,2022-12-13,0.0,178.88,179.12,178.87,535.0,9574530.0,177.889
000858.SZ,2022-12-13,0.0,178.39,178.86,178.39,729.0,13023400.0,177.896
000858.SZ,2022-12-13,0.0,178.8,178.88,178.39,573.0,10235200.0,177.901
000858.SZ,2022-12-13,0.0,178.81,178.85,178.66,614.0,10976700.0,177.908
000858.SZ,2022-12-13,0.0,178.82,178.82,178.74,327.0,5846970.0,177.911
000858.SZ,2022-12-13,0.0,178.8,178.88,178.8,533.0,9532650.0,177.917
000858.SZ,2022-12-13,0.0,178.82,178.85,178.8,359.0,6419820.0,177.921
000858.SZ,2022-12-13,0.0,178.74,178.82,178.66,382.0,6828420.0,177.925
000858.SZ,2022-12-13,0.0,179.0,179.06,178.6,1708.0,30529900.0,177.941
000858.SZ,2022-12-13,0.0,178.75,179.07,178.75,986.0,17637000.0,177.952
000858.SZ,2022-12-13,0.0,178.98,178.99,178.68,296.0,5292410.0,177.955
000858.SZ,2022-12-13,0.0,178.92,179.0,178.73,279.0,4992280.0,177.958
000858.SZ,2022-12-13,0.0,178.98,178.99,178.89,300.0,5367980.0,177.961
000858.SZ,2022-12-13,0.0,179.38,179.38,178.99,453.0,8117250.0,177.968
000858.SZ,2022-12-13,0.0,179.28,179.43,179.2,633.0,11351700.0,177.978
000858.SZ,2022-12-13,0.0,179.28,179.3,179.18,367.0,6579200.0,177.983
000858.SZ,2022-12-13,0.0,179.28,179.28,179.18,414.0,7420210.0,177.989
000858.SZ,2022-12-13,0.0,179.34,179.34,179.22,502.0,8999760.0,177.996
000858.SZ,2022-12-13,0.0,179.77,179.8,179.33,1443.0,25906300.0,178.02
000858.SZ,2022-12-13,0.0,179.81,179.88,179.76,1088.0,19563500.0,178.042
000858.SZ,2022-12-13,0.0,179.98,179.98,179.8,1256.0,22594100.0,178.067
000858.SZ,2022-12-13,0.0,179.59,180.0,179.59,1401.0,25206500.0,178.094
000858.SZ,2022-12-13,0.0,179.93,179.93,179.6,762.0,13701200.0,178.108
000858.SZ,2022-12-13,0.0,179.79,179.96,179.62,937.0,16853300.0,178.125
000858.SZ,2022-12-13,0.0,179.5,179.8,179.49,787.0,14136500.0,178.137
000858.SZ,2022-12-13,0.0,179.45,179.64,179.45,545.0,9785900.0,178.145
000858.SZ,2022-12-13,0.0,179.05,179.45,179.04,682.0,12217400.0,178.152
000858.SZ,2022-12-13,0.0,179.23,179.28,179.08,238.0,4263840.0,178.154
000858.SZ,2022-12-13,0.0,179.0,179.33,179.0,835.0,14953000.0,178.162
000858.SZ,2022-12-13,0.0,179.16,179.29,179.0,413.0,7397910.0,178.166
000858.SZ,2022-12-13,0.0,179.1,179.5,179.01,475.0,8512120.0,178.171
000858.SZ,2022-12-13,0.0,179.1,179.27,179.02,379.0,6789150.0,178.174
000858.SZ,2022-12-13,0.0,179.24,179.24,179.02,395.0,7074090.0,178.178
000858.SZ,2022-12-13,0.0,178.82,179.0,178.79,532.0,9516580.0,178.182
000858.SZ,2022-12-13,0.0,178.6,178.8,178.6,478.0,8541360.0,178.184
000858.SZ,2022-12-13,0.0,178.81,178.96,178.57,328.0,5861480.0,178.186
000858.SZ,2022-12-13,0.0,178.88,178.96,178.85,251.0,4490140.0,178.187
000858.SZ,2022-12-13,0.0,178.87,178.88,178.78,266.0,4757430.0,178.189
000858.SZ,2022-12-13,0.0,178.85,178.87,178.77,230.0,4112780.0,178.191
000858.SZ,2022-12-13,0.0,178.82,178.88,178.82,158.0,2825900.0,178.192
000858.SZ,2022-12-13,0.0,178.95,178.95,178.82,144.0,2576010.0,178.193
000858.SZ,2022-12-13,0.0,179.0,179.01,178.94,387.0,6925990.0,178.195
000858.SZ,2022-12-13,0.0,179.24,179.25,179.0,231.0,4137470.0,178.198
000858.SZ,2022-12-13,0.0,179.37,179.4,179.25,557.0,9992680.0,178.204
000858.SZ,2022-12-13,0.0,178.95,179.28,178.88,670.0,11996800.0,178.209
000858.SZ,2022-12-13,0.0,178.95,178.98,178.8,469.0,8390820.0,178.212
000858.SZ,2022-12-13,0.0,178.9,178.99,178.81,449.0,8034600.0,178.216
000858.SZ,2022-12-13,0.0,178.9,178.91,178.71,435.0,7779090.0,178.218
000858.SZ,2022-12-13,0.0,179.29,179.3,178.9,519.0,9296740.0,178.222
000858.SZ,2022-12-13,0.0,179.03,179.5,179.01,637.0,11419000.0,178.229
000858.SZ,2022-12-13,0.0,179.29,179.3,179.02,335.0,6002970.0,178.232
000858.SZ,2022-12-13,0.0,178.86,179.3,178.86,694.0,12426900.0,178.237
000858.SZ,2022-12-13,0.0,178.73,178.95,178.61,489.0,8741120.0,178.239
000858.SZ,2022-12-13,0.0,178.59,178.81,178.59,481.0,8596100.0,178.241
000858.SZ,2022-12-13,0.0,178.47,178.66,178.47,432.0,7713930.0,178.243
000858.SZ,2022-12-13,0.0,178.33,178.48,178.28,596.0,10631100.0,178.243
000858.SZ,2022-12-13,0.0,178.0,178.29,178.0,1078.0,19200700.0,178.242
000858.SZ,2022-12-13,0.0,178.0,178.04,177.96,674.0,11997300.0,178.241
000858.SZ,2022-12-13,0.0,177.91,178.0,177.89,771.0,13720500.0,178.239
000858.SZ,2022-12-13,0.0,177.94,177.95,177.89,320.0,5693440.0,178.238
000858.SZ,2022-12-13,0.0,177.98,177.98,177.93,310.0,5515220.0,178.237
000858.SZ,2022-12-13,0.0,178.33,178.35,177.99,1365.0,24311200.0,178.235
000858.SZ,2022-12-13,0.0,178.5,178.59,178.34,928.0,16560900.0,178.237
000858.SZ,2022-12-13,0.0,178.61,178.61,178.46,423.0,7552450.0,178.238
000858.SZ,2022-12-13,0.0,178.7,178.8,178.61,466.0,8327940.0,178.24
000858.SZ,2022-12-13,0.0,178.24,178.62,178.16,419.0,7477000.0,178.241
000858.SZ,2022-12-13,0.0,178.36,178.36,178.22,590.0,10520200.0,178.241
000858.SZ,2022-12-13,0.0,178.33,178.36,178.26,307.0,5475230.0,178.241
000858.SZ,2022-12-13,0.0,178.08,178.31,178.08,436.0,7770790.0,178.241
000858.SZ,2022-12-13,0.0,177.97,178.08,177.95,490.0,8722870.0,178.24
000858.SZ,2022-12-13,0.0,177.98,178.0,177.95,333.0,5926610.0,178.24
000858.SZ,2022-12-13,0.0,177.99,177.99,177.97,314.0,5588670.0,178.239
000858.SZ,2022-12-13,0.0,177.99,178.0,177.98,346.0,6158220.0,178.238
000858.SZ,2022-12-13,0.0,178.33,178.33,177.98,310.0,5521710.0,178.238
000858.SZ,2022-12-13,0.0,178.55,178.55,178.33,175.0,3121760.0,178.238
000858.SZ,2022-12-13,0.0,178.48,178.6,178.48,319.0,5695480.0,178.239
000858.SZ,2022-12-13,0.0,178.19,178.49,178.19,613.0,10935500.0,178.24
000858.SZ,2022-12-13,0.0,178.32,178.4,178.19,283.0,5045530.0,178.24
000858.SZ,2022-12-13,0.0,178.48,178.48,178.3,464.0,8277810.0,178.24
000858.SZ,2022-12-13,0.0,178.52,178.55,178.45,309.0,5515570.0,178.241
000858.SZ,2022-12-13,0.0,178.4,178.49,178.36,360.0,6423140.0,178.242
000858.SZ,2022-12-13,0.0,178.35,178.42,178.34,607.0,10828100.0,178.242
000858.SZ,2022-12-13,0.0,178.75,178.75,178.38,470.0,8392210.0,178.244
000858.SZ,2022-12-13,0.0,178.93,178.93,178.75,433.0,7744800.0,178.246
000858.SZ,2022-12-13,0.0,178.88,178.93,178.78,322.0,5759160.0,178.247
000858.SZ,2022-12-13,0.0,178.76,178.88,178.74,378.0,6759460.0,178.249
000858.SZ,2022-12-13,0.0,178.6,178.7,178.6,271.0,4841380.0,178.25
000858.SZ,2022-12-13,0.0,178.7,178.7,178.6,210.0,3751570.0,178.251
000858.SZ,2022-12-13,0.0,178.79,178.8,178.7,201.0,3592800.0,178.251
000858.SZ,2022-12-13,0.0,178.85,178.87,178.73,277.0,4953130.0,178.253
000858.SZ,2022-12-13,0.0,178.89,178.91,178.83,351.0,6278580.0,178.254
000858.SZ,2022-12-13,0.0,179.19,179.2,178.89,733.0,13118500.0,178.259
000858.SZ,2022-12-13,0.0,179.1,179.19,179.0,523.0,9366980.0,178.262
000858.SZ,2022-12-13,0.0,179.13,179.18,179.05,299.0,5355710.0,178.264
000858.SZ,2022-12-13,0.0,179.4,179.4,179.17,521.0,9339160.0,178.268
000858.SZ,2022-12-13,0.0,179.32,179.49,179.3,454.0,8144790.0,178.272
000858.SZ,2022-12-13,0.0,179.62,179.62,179.4,685.0,12301600.0,178.279
000858.SZ,2022-12-13,0.0,179.59,179.81,179.57,810.0,14556500.0,178.288
000858.SZ,2022-12-13,0.0,179.48,179.6,179.47,475.0,8528480.0,178.292
000858.SZ,2022-12-13,0.0,179.49,179.57,179.49,422.0,7575250.0,178.296
000858.SZ,2022-12-13,0.0,179.45,179.54,179.45,473.0,8490140.0,178.3
000858.SZ,2022-12-13,0.0,179.4,179.48,179.35,413.0,7409790.0,178.304
000858.SZ,2022-12-13,0.0,179.38,179.49,179.37,681.0,12219100.0,178.31
000858.SZ,2022-12-13,0.0,179.49,179.5,179.43,283.0,5079020.0,178.312
000858.SZ,2022-12-13,0.0,179.51,179.53,179.48,440.0,7897680.0,178.316
000858.SZ,2022-12-13,0.0,179.59,179.63,179.51,558.0,10019900.0,178.321
000858.SZ,2022-12-13,0.0,179.57,179.64,179.54,354.0,6357380.0,178.325
000858.SZ,2022-12-13,0.0,179.85,179.85,179.51,1062.0,19082100.0,178.335
000858.SZ,2022-12-13,0.0,179.79,179.83,179.7,384.0,6902820.0,178.339
000858.SZ,2022-12-13,0.0,179.79,179.8,179.7,825.0,14833400.0,178.348
000858.SZ,2022-12-13,0.0,180.16,180.16,179.8,4814.0,86645504.0,178.404
000858.SZ,2022-12-13,0.0,179.88,180.17,179.85,896.0,16129800.0,178.414
000858.SZ,2022-12-13,0.0,180.0,180.06,179.89,823.0,14813200.0,178.423
000858.SZ,2022-12-13,0.0,180.01,180.08,179.98,705.0,12691900.0,178.431
000858.SZ,2022-12-13,0.0,180.06,180.08,180.0,956.0,17211200.0,178.441
000858.SZ,2022-12-13,0.0,180.19,180.19,180.08,976.0,17580900.0,178.452
000858.SZ,2022-12-13,0.0,180.2,180.2,180.17,818.0,14738600.0,178.462
000858.SZ,2022-12-13,0.0,180.25,180.27,180.2,627.0,11300000.0,178.469
000858.SZ,2022-12-13,0.0,180.16,180.25,180.16,593.0,10686700.0,178.476
000858.SZ,2022-12-13,0.0,180.04,180.18,180.04,435.0,7834460.0,178.481
000858.SZ,2022-12-13,0.0,180.08,180.08,179.99,825.0,14850800.0,178.49
000858.SZ,2022-12-13,0.0,180.5,180.78,180.08,2557.0,46120100.0,178.521
000858.SZ,2022-12-13,0.0,180.58,180.6,180.5,879.0,15872700.0,178.533
000858.SZ,2022-12-13,0.0,180.35,180.59,180.3,871.0,15711700.0,178.543
000858.SZ,2022-12-13,0.0,180.4,180.4,180.3,591.0,10660600.0,178.551
000858.SZ,2022-12-13,0.0,180.49,180.5,180.43,744.0,13428000.0,178.56
000858.SZ,2022-12-13,0.0,180.14,180.46,180.0,806.0,14529300.0,178.569
000858.SZ,2022-12-13,0.0,180.06,180.18,180.06,388.0,6987840.0,178.572
000858.SZ,2022-12-13,0.0,180.05,180.05,180.0,575.0,10350900.0,178.578
000858.SZ,2022-12-13,0.0,180.09,180.1,180.04,239.0,4303620.0,178.58
000858.SZ,2022-12-13,0.0,180.3,180.3,180.1,349.0,6289030.0,178.584
000858.SZ,2022-12-13,0.0,180.24,180.31,180.23,489.0,8815310.0,178.589
000858.SZ,2022-12-13,0.0,180.18,180.24,180.16,424.0,7640080.0,178.593
000858.SZ,2022-12-13,0.0,180.16,180.18,180.14,382.0,6881680.0,178.597
000858.SZ,2022-12-13,0.0,180.16,180.16,180.13,275.0,4949370.0,178.599
000858.SZ,2022-12-13,0.0,180.16,180.2,180.16,456.0,8216130.0,178.604
000858.SZ,2022-12-13,0.0,180.15,180.19,180.13,333.0,6003800.0,178.607
000858.SZ,2022-12-13,0.0,180.15,180.15,180.12,642.0,11565200.0,178.613
000858.SZ,2022-12-13,0.0,180.12,180.15,180.08,566.0,10194900.0,178.619
000858.SZ,2022-12-13,0.0,180.78,180.78,180.1,2198.0,39669800.0,178.644
000858.SZ,2022-12-13,0.0,180.75,180.9,180.75,1489.0,26925600.0,178.663
000858.SZ,2022-12-13,0.0,180.73,180.78,180.5,1201.0,21705500.0,178.678
000858.SZ,2022-12-13,0.0,180.78,180.79,180.73,808.0,14606200.0,178.688
000858.SZ,2022-12-13,0.0,180.64,180.78,180.61,443.0,8004490.0,178.694
000858.SZ,2022-12-13,0.0,180.41,180.63,180.29,667.0,12037500.0,178.701
000858.SZ,2022-12-13,0.0,180.25,180.32,180.24,637.0,11484900.0,178.707
000858.SZ,2022-12-13,0.0,180.17,180.28,180.11,492.0,8868360.0,178.711
000858.SZ,2022-12-13,0.0,180.05,180.21,180.05,854.0,15380600.0,178.718
000858.SZ,2022-12-13,0.0,179.88,179.95,179.88,465.0,8366000.0,178.722
000858.SZ,2022-12-13,0.0,179.81,179.88,179.81,494.0,8884860.0,178.725
000858.SZ,2022-12-13,0.0,179.85,179.88,179.83,429.0,7715590.0,178.728
000858.SZ,2022-12-13,0.0,179.7,179.85,179.7,668.0,12010000.0,178.732
000858.SZ,2022-12-13,0.0,179.7,179.74,179.66,434.0,7798620.0,178.734
000858.SZ,2022-12-13,0.0,179.73,179.73,179.68,763.0,13710700.0,178.739
000858.SZ,2022-12-13,0.0,179.84,179.84,179.71,379.0,6814260.0,178.741
000858.SZ,2022-12-13,0.0,179.85,179.91,179.85,539.0,9694900.0,178.744
000858.SZ,2022-12-13,0.0,179.88,179.89,179.84,396.0,7122810.0,178.747
000858.SZ,2022-12-13,0.0,179.8,179.88,179.8,495.0,8902370.0,178.75
000858.SZ,2022-12-13,0.0,179.72,179.81,179.72,496.0,8915460.0,178.753
000858.SZ,2022-12-13,0.0,179.71,179.72,179.7,352.0,6326060.0,178.755
000858.SZ,2022-12-13,0.0,180.02,180.03,179.7,1597.0,28734300.0,178.766
000858.SZ,2022-12-13,0.0,179.82,180.02,179.71,1661.0,29893100.0,178.776
000858.SZ,2022-12-13,0.0,180.0,180.01,180.0,1569.0,28242200.0,178.787
000858.SZ,2022-12-13,0.0,180.01,180.01,179.96,1024.0,18431800.0,178.794
000858.SZ,2022-12-13,0.0,180.0,180.03,180.0,957.0,17227500.0,178.8
000858.SZ,2022-12-13,0.0,179.82,180.0,179.82,494.0,8888210.0,178.803
000858.SZ,2022-12-13,0.0,179.76,179.91,179.72,686.0,12334500.0,178.807
000858.SZ,2022-12-13,0.0,179.76,179.81,179.76,376.0,6760180.0,178.809
000858.SZ,2022-12-13,0.0,179.6,179.77,179.6,692.0,12435200.0,178.812
000858.SZ,2022-12-13,0.0,179.51,179.61,179.5,533.0,9570280.0,178.815
000858.SZ,2022-12-13,0.0,179.4,179.52,179.4,702.0,12600000.0,178.817
000858.SZ,2022-12-13,0.0,179.48,179.48,179.24,1110.0,19902600.0,178.82
000858.SZ,2022-12-13,0.0,179.5,179.51,179.46,533.0,9566380.0,178.822
000858.SZ,2022-12-13,0.0,179.49,179.51,179.48,756.0,13569900.0,178.825
000858.SZ,2022-12-13,0.0,179.43,179.5,179.4,574.0,10300600.0,178.827
000858.SZ,2022-12-13,0.0,179.37,179.43,179.3,573.0,10277700.0,178.829
000858.SZ,2022-12-13,0.0,179.36,179.39,179.33,575.0,10313000.0,178.83
000858.SZ,2022-12-13,0.0,179.4,179.4,179.36,720.0,12915300.0,178.832
000858.SZ,2022-12-13,0.0,179.4,179.4,179.4,67.0,1201970.0,178.832
000858.SZ,2022-12-13,0.0,179.4,179.4,179.4,0.0,0.0,178.832
000858.SZ,2022-12-13,0.0,179.47,179.47,179.47,1721.0,30886800.0,178.838
000858.SZ,2022-12-14,0.0,179.45,179.45,179.45,974.0,17479100.0,179.45
000858.SZ,2022-12-14,0.0,178.92,179.47,178.36,3020.0,54056000.0,179.115
000858.SZ,2022-12-14,0.0,179.85,179.85,178.98,1960.0,35148100.0,179.184
000858.SZ,2022-12-14,0.0,180.1,180.45,179.9,2008.0,36163500.0,179.414
000858.SZ,2022-12-14,0.0,180.0,180.22,180.0,1918.0,34542700.0,179.547
000858.SZ,2022-12-14,0.0,179.74,180.0,179.4,2352.0,42263300.0,179.574
000858.SZ,2022-12-14,0.0,179.39,179.7,179.05,1905.0,34171100.0,179.548
000858.SZ,2022-12-14,0.0,180.1,180.2,179.39,1688.0,30372600.0,179.589
000858.SZ,2022-12-14,0.0,179.4,180.1,179.4,1816.0,32635600.0,179.605
000858.SZ,2022-12-14,0.0,179.47,179.56,179.41,926.0,16618700.0,179.598
000858.SZ,2022-12-14,0.0,179.38,179.53,179.38,1027.0,18428500.0,179.59
000858.SZ,2022-12-14,0.0,179.09,179.2,178.99,1273.0,22791300.0,179.556
000858.SZ,2022-12-14,0.0,179.25,179.25,179.1,634.0,11363700.0,179.545
000858.SZ,2022-12-14,0.0,178.56,179.26,178.56,1862.0,33316600.0,179.497
000858.SZ,2022-12-14,0.0,178.81,178.81,178.42,1655.0,29545000.0,179.433
000858.SZ,2022-12-14,0.0,178.89,179.37,178.67,912.0,16318400.0,179.416
000858.SZ,2022-12-14,0.0,179.23,179.23,178.83,844.0,15102700.0,179.401
000858.SZ,2022-12-14,0.0,179.23,179.23,179.15,849.0,15214400.0,179.395
000858.SZ,2022-12-14,0.0,179.6,179.63,179.18,1726.0,30982600.0,179.401
000858.SZ,2022-12-14,0.0,180.06,180.06,179.52,1334.0,23996800.0,179.422
000858.SZ,2022-12-14,0.0,180.42,180.42,180.06,1783.0,32143000.0,179.469
000858.SZ,2022-12-14,0.0,180.01,180.58,180.01,1928.0,34784500.0,179.522
000858.SZ,2022-12-14,0.0,180.82,180.88,179.98,2112.0,38082900.0,179.57
000858.SZ,2022-12-14,0.0,181.1,181.2,180.85,1948.0,35266500.0,179.643
000858.SZ,2022-12-14,0.0,181.46,181.46,181.11,1714.0,31061900.0,179.711
000858.SZ,2022-12-14,0.0,181.39,181.73,181.39,2303.0,41814600.0,179.811
000858.SZ,2022-12-14,0.0,181.7,181.77,181.32,1604.0,29106500.0,179.871
000858.SZ,2022-12-14,0.0,181.6,181.88,181.58,1500.0,27255500.0,179.932
000858.SZ,2022-12-14,0.0,181.89,181.93,181.6,1566.0,28449300.0,179.991
000858.SZ,2022-12-14,0.0,182.17,182.32,181.92,3335.0,60728300.0,180.13
000858.SZ,2022-12-14,0.0,182.52,182.56,182.18,3208.0,58493100.0,180.261
000858.SZ,2022-12-14,0.0,182.81,183.0,182.6,3642.0,66585100.0,180.424
000858.SZ,2022-12-14,0.0,182.74,183.0,182.6,4089.0,74755504.0,180.584
000858.SZ,2022-12-14,0.0,183.28,183.38,182.6,4191.0,76730600.0,180.745
000858.SZ,2022-12-14,0.0,182.61,183.36,182.61,3107.0,56913500.0,180.854
000858.SZ,2022-12-14,0.0,182.83,182.97,182.66,1041.0,19036100.0,180.884
000858.SZ,2022-12-14,0.0,182.96,183.15,182.8,3487.0,63807500.0,180.985
000858.SZ,2022-12-14,0.0,182.61,182.96,182.5,1423.0,25991700.0,181.017
000858.SZ,2022-12-14,0.0,182.46,182.68,182.46,1158.0,21146400.0,181.04
000858.SZ,2022-12-14,0.0,182.79,182.85,182.46,1239.0,22611600.0,181.065
000858.SZ,2022-12-14,0.0,182.74,182.8,182.71,784.0,14329700.0,181.082
000858.SZ,2022-12-14,0.0,182.66,182.7,182.66,1470.0,26856800.0,181.112
000858.SZ,2022-12-14,0.0,182.5,182.67,182.46,849.0,15496300.0,181.127
000858.SZ,2022-12-14,0.0,182.0,182.4,181.98,1788.0,32561000.0,181.148
000858.SZ,2022-12-14,0.0,181.8,182.0,181.8,1223.0,22246600.0,181.159
000858.SZ,2022-12-14,0.0,181.89,181.89,181.7,804.0,14613900.0,181.165
000858.SZ,2022-12-14,0.0,182.02,182.02,181.88,655.0,11917100.0,181.171
000858.SZ,2022-12-14,0.0,182.01,182.22,182.0,1185.0,21574400.0,181.183
000858.SZ,2022-12-14,0.0,181.62,181.99,181.62,467.0,8491650.0,181.187
000858.SZ,2022-12-14,0.0,181.49,181.6,181.31,946.0,17162700.0,181.189
000858.SZ,2022-12-14,0.0,181.8,181.8,181.49,723.0,13131300.0,181.193
000858.SZ,2022-12-14,0.0,181.97,181.97,181.77,471.0,8565310.0,181.197
000858.SZ,2022-12-14,0.0,181.98,181.99,181.97,510.0,9280660.0,181.201
000858.SZ,2022-12-14,0.0,181.94,181.99,181.91,263.0,4785260.0,181.203
000858.SZ,2022-12-14,0.0,181.94,181.94,181.91,253.0,4602740.0,181.205
000858.SZ,2022-12-14,0.0,182.4,182.4,181.94,1031.0,18782500.0,181.216
000858.SZ,2022-12-14,0.0,182.4,182.5,182.39,786.0,14342000.0,181.226
000858.SZ,2022-12-14,0.0,182.14,182.36,182.14,541.0,9860430.0,181.232
000858.SZ,2022-12-14,0.0,182.51,182.53,182.16,651.0,11875600.0,181.241
000858.SZ,2022-12-14,0.0,182.66,182.68,182.51,885.0,16159000.0,181.254
000858.SZ,2022-12-14,0.0,182.6,182.66,182.5,1080.0,19710100.0,181.269
000858.SZ,2022-12-14,0.0,182.32,182.62,182.28,740.0,13517100.0,181.279
000858.SZ,2022-12-14,0.0,182.09,182.28,182.07,443.0,8069840.0,181.283
000858.SZ,2022-12-14,0.0,181.59,182.08,181.59,1002.0,18217600.0,181.289
000858.SZ,2022-12-14,0.0,181.99,181.99,181.8,297.0,5401260.0,181.291
000858.SZ,2022-12-14,0.0,182.0,182.0,181.62,1049.0,19078600.0,181.297
000858.SZ,2022-12-14,0.0,182.0,182.02,181.77,941.0,17123800.0,181.303
000858.SZ,2022-12-14,0.0,182.01,182.02,181.97,834.0,15178700.0,181.309
000858.SZ,2022-12-14,0.0,181.94,182.01,181.76,812.0,14775300.0,181.315
000858.SZ,2022-12-14,0.0,181.82,181.87,181.82,393.0,7146460.0,181.317
000858.SZ,2022-12-14,0.0,182.05,182.05,181.83,430.0,7828400.0,181.319
000858.SZ,2022-12-14,0.0,182.05,182.1,181.99,520.0,9466210.0,181.323
000858.SZ,2022-12-14,0.0,182.0,182.08,181.97,597.0,10866000.0,181.327
000858.SZ,2022-12-14,0.0,181.93,182.0,181.91,377.0,6859930.0,181.33
000858.SZ,2022-12-14,0.0,181.99,182.0,181.92,311.0,5658810.0,181.331
000858.SZ,2022-12-14,0.0,181.94,182.0,181.91,504.0,9171540.0,181.335
000858.SZ,2022-12-14,0.0,181.96,181.99,181.9,376.0,6841100.0,181.337
000858.SZ,2022-12-14,0.0,182.03,182.03,181.99,308.0,5608750.0,181.339
000858.SZ,2022-12-14,0.0,182.11,182.11,182.03,366.0,6663440.0,181.341
000858.SZ,2022-12-14,0.0,182.15,182.16,182.11,445.0,8105430.0,181.345
000858.SZ,2022-12-14,0.0,182.09,182.15,182.09,399.0,7266740.0,181.348
000858.SZ,2022-12-14,0.0,182.05,182.13,182.05,351.0,6390780.0,181.35
000858.SZ,2022-12-14,0.0,182.0,182.04,182.0,377.0,6861920.0,181.352
000858.SZ,2022-12-14,0.0,181.97,182.0,181.97,450.0,8189880.0,181.355
000858.SZ,2022-12-14,0.0,182.06,182.08,181.97,792.0,14417100.0,181.36
000858.SZ,2022-12-14,0.0,182.04,182.08,182.04,191.0,3477200.0,181.361
000858.SZ,2022-12-14,0.0,182.15,182.15,182.04,372.0,6773340.0,181.364
000858.SZ,2022-12-14,0.0,182.14,182.16,182.12,412.0,7504660.0,181.367
000858.SZ,2022-12-14,0.0,182.14,182.16,182.1,355.0,6465140.0,181.369
000858.SZ,2022-12-14,0.0,182.08,182.14,182.07,386.0,7029560.0,181.372
000858.SZ,2022-12-14,0.0,182.03,182.08,182.0,312.0,5679770.0,181.374
000858.SZ,2022-12-14,0.0,181.99,182.03,181.98,435.0,7916880.0,181.376
000858.SZ,2022-12-14,0.0,181.79,181.98,181.78,451.0,8199760.0,181.378
000858.SZ,2022-12-14,0.0,182.18,182.18,181.79,617.0,11229800.0,181.382
000858.SZ,2022-12-14,0.0,182.07,182.14,182.05,411.0,7483710.0,181.384
000858.SZ,2022-12-14,0.0,182.08,182.09,182.03,329.0,5990400.0,181.386
000858.SZ,2022-12-14,0.0,182.48,182.5,182.1,1985.0,36182900.0,181.402
000858.SZ,2022-12-14,0.0,182.75,182.75,182.48,1709.0,31219000.0,181.421
000858.SZ,2022-12-14,0.0,182.93,182.93,182.75,1408.0,25750700.0,181.438
000858.SZ,2022-12-14,0.0,182.96,183.0,182.9,2460.0,45007700.0,181.47
000858.SZ,2022-12-14,0.0,182.85,182.97,182.8,771.0,14099500.0,181.479
000858.SZ,2022-12-14,0.0,183.09,183.1,182.85,3566.0,65265200.0,181.523
000858.SZ,2022-12-14,0.0,183.0,183.1,182.85,1280.0,23424600.0,181.538
000858.SZ,2022-12-14,0.0,182.97,183.01,182.96,1227.0,22453600.0,181.553
000858.SZ,2022-12-14,0.0,182.96,183.05,182.95,1130.0,20677800.0,181.565
000858.SZ,2022-12-14,0.0,182.86,183.0,182.85,638.0,11672000.0,181.572
000858.SZ,2022-12-14,0.0,182.6,182.85,182.56,709.0,12949200.0,181.578
000858.SZ,2022-12-14,0.0,182.78,182.82,182.6,541.0,9885980.0,181.583
000858.SZ,2022-12-14,0.0,182.6,182.75,182.51,474.0,8657210.0,181.587
000858.SZ,2022-12-14,0.0,182.61,182.65,182.6,283.0,5167960.0,181.589
000858.SZ,2022-12-14,0.0,182.92,182.93,182.59,1631.0,29796700.0,181.603
000858.SZ,2022-12-14,0.0,183.04,183.1,182.95,1874.0,34299800.0,181.623
000858.SZ,2022-12-14,0.0,183.03,183.09,183.03,1305.0,23892200.0,181.637
000858.SZ,2022-12-14,0.0,183.06,183.09,183.01,592.0,10837700.0,181.643
000858.SZ,2022-12-14,0.0,183.09,183.1,183.06,1156.0,21165800.0,181.655
000858.SZ,2022-12-14,0.0,182.98,183.1,182.98,454.0,8310860.0,181.66
000858.SZ,2022-12-14,0.0,182.9,182.99,182.81,248.0,4535950.0,181.662
000858.SZ,2022-12-14,0.0,182.86,183.04,182.84,953.0,17434000.0,181.671
000858.SZ,2022-12-14,0.0,182.91,182.93,182.85,505.0,9240930.0,181.676
000858.SZ,2022-12-14,0.0,183.0,183.0,182.9,356.0,6514410.0,181.679
000858.SZ,2022-12-14,0.0,182.99,183.0,182.93,348.0,6367060.0,181.682
000858.SZ,2022-12-14,0.0,183.99,184.0,183.0,9905.0,181734000.0,181.801
000858.SZ,2022-12-14,0.0,184.86,184.9,184.08,3804.0,70146496.0,181.866
000858.SZ,2022-12-14,0.0,184.94,185.0,184.79,4100.0,75831104.0,181.947
000858.SZ,2022-12-14,0.0,184.86,184.96,184.86,2066.0,38206800.0,181.985
000858.SZ,2022-12-14,0.0,185.15,185.15,184.9,5080.0,93971800.0,182.079
000858.SZ,2022-12-14,0.0,184.55,185.2,184.53,3360.0,62159900.0,182.137
000858.SZ,2022-12-14,0.0,185.01,185.12,184.54,2276.0,42084800.0,182.174
000858.SZ,2022-12-14,0.0,185.2,185.2,185.0,2387.0,44191300.0,182.215
000858.SZ,2022-12-14,0.0,185.19,185.22,185.15,2923.0,54131900.0,182.264
000858.SZ,2022-12-14,0.0,185.0,185.26,184.99,2719.0,50326900.0,182.308
000858.SZ,2022-12-14,0.0,185.0,185.01,184.5,2073.0,38346400.0,182.339
000858.SZ,2022-12-14,0.0,184.99,185.0,184.98,1707.0,31575000.0,182.364
000858.SZ,2022-12-14,0.0,185.0,185.04,184.99,2352.0,43525200.0,182.398
000858.SZ,2022-12-14,0.0,185.0,185.02,184.99,1258.0,23271100.0,182.415
000858.SZ,2022-12-14,0.0,184.98,185.01,184.98,1123.0,20782600.0,182.431
000858.SZ,2022-12-14,0.0,184.81,184.99,184.67,801.0,14809300.0,182.441
000858.SZ,2022-12-14,0.0,184.6,184.88,184.5,1033.0,19082100.0,182.454
000858.SZ,2022-12-14,0.0,184.97,184.97,184.5,826.0,15262900.0,182.464
000858.SZ,2022-12-14,0.0,185.11,185.12,185.0,2938.0,54363700.0,182.504
000858.SZ,2022-12-14,0.0,185.25,185.27,185.13,2010.0,37229800.0,182.532
000858.SZ,2022-12-14,0.0,185.2,185.25,185.19,1740.0,32231400.0,182.556
000858.SZ,2022-12-14,0.0,185.19,185.21,185.13,1239.0,22936700.0,182.572
000858.SZ,2022-12-14,0.0,184.99,185.2,184.99,1202.0,22246600.0,182.588
000858.SZ,2022-12-14,0.0,185.0,185.02,184.9,1237.0,22892300.0,182.603
000858.SZ,2022-12-14,0.0,184.95,185.06,184.93,1018.0,18825000.0,182.615
000858.SZ,2022-12-14,0.0,184.77,185.03,184.77,1085.0,20062900.0,182.627
000858.SZ,2022-12-14,0.0,185.0,185.03,184.61,2117.0,39135800.0,182.65
000858.SZ,2022-12-14,0.0,185.02,185.04,184.76,1867.0,34550600.0,182.672
000858.SZ,2022-12-14,0.0,184.8,185.05,184.7,1693.0,31307000.0,182.69
000858.SZ,2022-12-14,0.0,184.88,185.02,184.8,1793.0,33164100.0,182.71
000858.SZ,2022-12-14,0.0,185.03,185.03,184.9,1400.0,25897500.0,182.725
000858.SZ,2022-12-14,0.0,185.11,185.14,185.0,1137.0,21042500.0,182.737
000858.SZ,2022-12-14,0.0,185.15,185.2,185.12,1395.0,25831000.0,182.753
000858.SZ,2022-12-14,0.0,185.19,185.21,185.12,1945.0,36018200.0,182.775
000858.SZ,2022-12-14,0.0,184.8,185.19,184.74,1207.0,22326500.0,182.788
000858.SZ,2022-12-14,0.0,184.78,184.85,184.78,771.0,14250200.0,182.795
000858.SZ,2022-12-14,0.0,184.52,184.77,184.52,878.0,16216000.0,182.802
000858.SZ,2022-12-14,0.0,184.02,184.52,184.02,1241.0,22868000.0,182.811
000858.SZ,2022-12-14,0.0,183.98,184.09,183.9,1699.0,31265800.0,182.82
000858.SZ,2022-12-14,0.0,183.85,183.97,183.85,863.0,15871100.0,182.824
000858.SZ,2022-12-14,0.0,183.78,183.85,183.7,806.0,14812900.0,182.828
000858.SZ,2022-12-14,0.0,183.85,183.85,183.78,582.0,10698200.0,182.83
000858.SZ,2022-12-14,0.0,184.29,184.3,183.86,627.0,11537600.0,182.834
000858.SZ,2022-12-14,0.0,184.21,184.35,184.2,822.0,15146500.0,182.839
000858.SZ,2022-12-14,0.0,183.98,184.35,183.88,693.0,12760500.0,182.843
000858.SZ,2022-12-14,0.0,183.99,184.02,183.97,1201.0,22097500.0,182.849
000858.SZ,2022-12-14,0.0,184.09,184.21,183.99,1206.0,22192100.0,182.855
000858.SZ,2022-12-14,0.0,184.0,184.2,183.99,1222.0,22505300.0,182.862
000858.SZ,2022-12-14,0.0,184.0,184.02,183.99,604.0,11113600.0,182.865
000858.SZ,2022-12-14,0.0,184.01,184.02,183.99,379.0,6973610.0,182.867
000858.SZ,2022-12-14,0.0,184.0,184.0,183.95,528.0,9714880.0,182.87
000858.SZ,2022-12-14,0.0,184.0,184.0,183.98,439.0,8076920.0,182.872
000858.SZ,2022-12-14,0.0,184.19,184.19,184.0,557.0,10245000.0,182.875
000858.SZ,2022-12-14,0.0,184.16,184.25,184.05,626.0,11538700.0,182.878
000858.SZ,2022-12-14,0.0,184.21,184.24,184.17,306.0,5636530.0,182.88
000858.SZ,2022-12-14,0.0,184.78,184.78,184.22,1551.0,28628400.0,182.891
000858.SZ,2022-12-14,0.0,184.39,184.75,184.29,492.0,9076650.0,182.895
000858.SZ,2022-12-14,0.0,184.54,184.62,184.4,558.0,10295000.0,182.898
000858.SZ,2022-12-14,0.0,184.38,184.62,184.38,456.0,8411940.0,182.901
000858.SZ,2022-12-14,0.0,184.01,184.38,184.01,473.0,8711430.0,182.904
000858.SZ,2022-12-14,0.0,183.88,184.01,183.88,750.0,13796700.0,182.907
000858.SZ,2022-12-14,0.0,183.75,183.88,183.75,1109.0,20383200.0,182.911
000858.SZ,2022-12-14,0.0,184.0,184.0,183.75,607.0,11163500.0,182.914
000858.SZ,2022-12-14,0.0,184.06,184.06,183.99,356.0,6550950.0,182.916
000858.SZ,2022-12-14,0.0,184.38,184.38,184.04,960.0,17683400.0,182.921
000858.SZ,2022-12-14,0.0,184.35,184.5,184.23,892.0,16445900.0,182.926
000858.SZ,2022-12-14,0.0,184.46,184.48,184.34,448.0,8261740.0,182.929
000858.SZ,2022-12-14,0.0,184.5,184.54,184.38,879.0,16216200.0,182.935
000858.SZ,2022-12-14,0.0,184.36,184.5,184.35,392.0,7230510.0,182.937
000858.SZ,2022-12-14,0.0,184.46,184.5,184.36,737.0,13593300.0,182.942
000858.SZ,2022-12-14,0.0,184.55,184.56,184.43,634.0,11697100.0,182.946
000858.SZ,2022-12-14,0.0,184.59,184.6,184.55,430.0,7937030.0,182.949
000858.SZ,2022-12-14,0.0,184.59,184.62,184.58,593.0,10946500.0,182.953
000858.SZ,2022-12-14,0.0,184.6,184.62,184.55,821.0,15153900.0,182.958
000858.SZ,2022-12-14,0.0,184.61,184.65,184.6,732.0,13515000.0,182.963
000858.SZ,2022-12-14,0.0,184.63,184.66,184.61,892.0,16470100.0,182.969
000858.SZ,2022-12-14,0.0,184.65,184.66,184.63,561.0,10359100.0,182.973
000858.SZ,2022-12-14,0.0,184.64,184.65,184.63,434.0,8013220.0,182.976
000858.SZ,2022-12-14,0.0,184.63,184.66,184.62,885.0,16340700.0,182.982
000858.SZ,2022-12-14,0.0,184.58,184.66,184.58,526.0,9710800.0,182.985
000858.SZ,2022-12-14,0.0,184.43,184.57,184.4,464.0,8560480.0,182.988
000858.SZ,2022-12-14,0.0,184.07,184.4,184.05,745.0,13724200.0,182.992
000858.SZ,2022-12-14,0.0,184.0,184.1,184.0,572.0,10527000.0,182.994
000858.SZ,2022-12-14,0.0,183.95,184.01,183.95,512.0,9420100.0,182.996
000858.SZ,2022-12-14,0.0,184.04,184.04,183.93,757.0,13927000.0,182.999
000858.SZ,2022-12-14,0.0,184.13,184.13,184.04,365.0,6719080.0,183.001
000858.SZ,2022-12-14,0.0,184.34,184.36,184.2,477.0,8782060.0,183.003
000858.SZ,2022-12-14,0.0,184.36,184.4,184.34,466.0,8590690.0,183.005
000858.SZ,2022-12-14,0.0,184.08,184.36,184.08,870.0,16021700.0,183.01
000858.SZ,2022-12-14,0.0,183.97,184.04,183.97,584.0,10745200.0,183.012
000858.SZ,2022-12-14,0.0,183.9,183.98,183.9,804.0,14787800.0,183.015
000858.SZ,2022-12-14,0.0,183.77,183.89,183.77,653.0,12004300.0,183.017
000858.SZ,2022-12-14,0.0,183.75,183.79,183.7,1030.0,18927300.0,183.02
000858.SZ,2022-12-14,0.0,183.6,183.78,183.6,1032.0,18957100.0,183.023
000858.SZ,2022-12-14,0.0,183.6,183.7,183.56,960.0,17625000.0,183.025
000858.SZ,2022-12-14,0.0,183.63,183.65,183.6,564.0,10356000.0,183.026
000858.SZ,2022-12-14,0.0,183.7,183.7,183.66,539.0,9900520.0,183.027
000858.SZ,2022-12-14,0.0,183.7,183.71,183.69,859.0,15779900.0,183.03
000858.SZ,2022-12-14,0.0,183.61,183.7,183.61,762.0,13994400.0,183.031
000858.SZ,2022-12-14,0.0,183.65,183.67,183.6,1038.0,19060800.0,183.034
000858.SZ,2022-12-14,0.0,183.72,183.72,183.65,851.0,15631800.0,183.036
000858.SZ,2022-12-14,0.0,183.96,183.96,183.72,744.0,13680100.0,183.038
000858.SZ,2022-12-14,0.0,184.05,184.21,183.97,1319.0,24274800.0,183.043
000858.SZ,2022-12-14,0.0,183.98,184.06,183.98,1052.0,19358200.0,183.047
000858.SZ,2022-12-14,0.0,183.9,184.0,183.9,756.0,13907000.0,183.049
000858.SZ,2022-12-14,0.0,184.02,184.02,183.92,1082.0,19906000.0,183.053
000858.SZ,2022-12-14,0.0,184.01,184.04,184.0,723.0,13303900.0,183.056
000858.SZ,2022-12-14,0.0,184.01,184.1,184.0,1287.0,23684700.0,183.06
000858.SZ,2022-12-14,0.0,184.02,184.04,184.0,648.0,11924300.0,183.063
000858.SZ,2022-12-14,0.0,184.04,184.07,184.0,1055.0,19414400.0,183.066
000858.SZ,2022-12-14,0.0,184.15,184.15,184.05,1198.0,22054000.0,183.071
000858.SZ,2022-12-14,0.0,184.15,184.2,184.12,798.0,14696800.0,183.074
000858.SZ,2022-12-14,0.0,184.21,184.21,184.15,1497.0,27572600.0,183.08
000858.SZ,2022-12-14,0.0,184.22,184.29,184.2,2392.0,44064800.0,183.09
000858.SZ,2022-12-14,0.0,184.08,184.21,184.08,1824.0,33587400.0,183.097
000858.SZ,2022-12-14,0.0,184.04,184.13,183.99,1994.0,36698600.0,183.103
000858.SZ,2022-12-14,0.0,184.03,184.09,184.02,1420.0,26134400.0,183.108
000858.SZ,2022-12-14,0.0,184.03,184.03,184.03,66.0,1214640.0,183.108
000858.SZ,2022-12-14,0.0,184.03,184.03,184.03,0.0,0.0,183.108
000858.SZ,2022-12-14,0.0,184.08,184.08,184.08,2784.0,51256300.0,183.118
000858.SZ,2022-12-15,0.0,184.2,184.2,184.2,1243.0,22892600.0,184.2
000858.SZ,2022-12-15,0.0,185.67,185.79,184.12,5856.0,108293000.0,184.793
000858.SZ,2022-12-15,0.0,184.51,185.8,184.51,4686.0,86668096.0,184.856
000858.SZ,2022-12-15,0.0,184.35,184.97,184.09,4874.0,89920200.0,184.75
000858.SZ,2022-12-15,0.0,183.45,184.3,183.28,3648.0,67144096.0,184.626
000858.SZ,2022-12-15,0.0,183.68,183.8,183.2,2007.0,36849900.0,184.534
000858.SZ,2022-12-15,0.0,182.99,183.61,182.92,2675.0,49036500.0,184.403
000858.SZ,2022-12-15,0.0,182.84,182.98,182.6,2817.0,51507200.0,184.245
000858.SZ,2022-12-15,0.0,183.0,183.0,182.82,2126.0,38884700.0,184.151
000858.SZ,2022-12-15,0.0,182.64,183.18,182.64,4104.0,75079104.0,184.003
000858.SZ,2022-12-15,0.0,182.15,182.6,182.15,2735.0,49863900.0,183.878
000858.SZ,2022-12-15,0.0,183.0,183.0,182.1,4298.0,78381104.0,183.72
000858.SZ,2022-12-15,0.0,182.74,183.14,182.71,2178.0,39825900.0,183.676
000858.SZ,2022-12-15,0.0,182.45,182.7,182.4,1325.0,24183400.0,183.642
000858.SZ,2022-12-15,0.0,182.68,182.9,182.45,1269.0,23182500.0,183.615
000858.SZ,2022-12-15,0.0,182.87,182.88,182.8,1281.0,23422500.0,183.594
000858.SZ,2022-12-15,0.0,182.66,183.0,182.5,1717.0,31371500.0,183.563
000858.SZ,2022-12-15,0.0,182.23,182.69,182.23,2264.0,41316000.0,183.516
000858.SZ,2022-12-15,0.0,182.08,182.21,182.08,1843.0,33566400.0,183.468
000858.SZ,2022-12-15,0.0,181.48,182.07,181.42,3678.0,66871100.0,183.36
000858.SZ,2022-12-15,0.0,181.2,181.5,181.18,2008.0,36421100.0,183.292
000858.SZ,2022-12-15,0.0,180.85,181.18,180.77,3760.0,68039400.0,183.152
000858.SZ,2022-12-15,0.0,181.0,181.0,180.85,1945.0,35183700.0,183.083
000858.SZ,2022-12-15,0.0,181.56,181.7,181.2,1544.0,28021300.0,183.046
000858.SZ,2022-12-15,0.0,181.33,181.59,181.31,1297.0,23534300.0,183.015
000858.SZ,2022-12-15,0.0,181.01,181.33,181.0,1351.0,24472400.0,182.978
000858.SZ,2022-12-15,0.0,181.36,181.36,181.01,1457.0,26389000.0,182.939
000858.SZ,2022-12-15,0.0,181.3,181.41,181.3,799.0,14490200.0,182.921
000858.SZ,2022-12-15,0.0,181.2,181.36,181.2,954.0,17292400.0,182.899
000858.SZ,2022-12-15,0.0,181.16,181.2,181.1,1122.0,20327100.0,182.873
000858.SZ,2022-12-15,0.0,181.52,181.7,181.16,1252.0,22711800.0,182.848
000858.SZ,2022-12-15,0.0,181.98,181.98,181.4,818.0,14855800.0,182.834
000858.SZ,2022-12-15,0.0,182.3,182.3,181.98,1285.0,23405300.0,182.823
000858.SZ,2022-12-15,0.0,182.27,182.5,182.21,1015.0,18511200.0,182.817
000858.SZ,2022-12-15,0.0,182.2,182.3,182.15,733.0,13356500.0,182.811
000858.SZ,2022-12-15,0.0,181.69,182.19,181.6,735.0,13365000.0,182.802
000858.SZ,2022-12-15,0.0,182.45,182.45,181.69,541.0,9854060.0,182.798
000858.SZ,2022-12-15,0.0,182.05,182.53,182.0,807.0,14713200.0,182.793
000858.SZ,2022-12-15,0.0,182.5,182.5,182.0,667.0,12159200.0,182.788
000858.SZ,2022-12-15,0.0,182.43,182.52,182.34,483.0,8813320.0,182.786
000858.SZ,2022-12-15,0.0,182.38,182.43,182.3,434.0,7914950.0,182.784
000858.SZ,2022-12-15,0.0,182.39,182.39,182.31,390.0,7112020.0,182.782
000858.SZ,2022-12-15,0.0,182.72,182.86,182.38,723.0,13203500.0,182.78
000858.SZ,2022-12-15,0.0,182.78,182.78,182.7,690.0,12609000.0,182.78
000858.SZ,2022-12-15,0.0,183.1,183.1,182.8,938.0,17165200.0,182.782
000858.SZ,2022-12-15,0.0,183.31,183.44,183.14,999.0,18313300.0,182.788
000858.SZ,2022-12-15,0.0,183.52,183.52,183.32,708.0,12988200.0,182.794
000858.SZ,2022-12-15,0.0,183.72,183.72,183.49,931.0,17089500.0,182.802
000858.SZ,2022-12-15,0.0,183.56,183.8,183.55,1022.0,18775700.0,182.813
000858.SZ,2022-12-15,0.0,183.38,183.58,183.38,1033.0,18954400.0,182.821
000858.SZ,2022-12-15,0.0,183.42,183.42,183.33,728.0,13348900.0,182.825
000858.SZ,2022-12-15,0.0,183.0,183.43,182.97,856.0,15684800.0,182.829
000858.SZ,2022-12-15,0.0,182.82,183.07,182.8,510.0,9330170.0,182.829
000858.SZ,2022-12-15,0.0,183.05,183.05,182.82,531.0,9721960.0,182.83
000858.SZ,2022-12-15,0.0,183.01,183.13,183.0,783.0,14336000.0,182.832
000858.SZ,2022-12-15,0.0,182.84,183.01,182.84,425.0,7768460.0,182.833
000858.SZ,2022-12-15,0.0,182.76,182.84,182.76,508.0,9286510.0,182.833
000858.SZ,2022-12-15,0.0,182.74,182.79,182.7,474.0,8662460.0,182.832
000858.SZ,2022-12-15,0.0,182.79,182.79,182.68,373.0,6814780.0,182.832
000858.SZ,2022-12-15,0.0,183.0,183.0,182.79,576.0,10536600.0,182.832
000858.SZ,2022-12-15,0.0,183.32,183.34,183.0,293.0,5366470.0,182.833
000858.SZ,2022-12-15,0.0,183.3,183.34,183.25,487.0,8935470.0,182.836
000858.SZ,2022-12-15,0.0,183.11,183.33,183.11,645.0,11812300.0,182.839
000858.SZ,2022-12-15,0.0,183.04,183.2,183.0,475.0,8697220.0,182.84
000858.SZ,2022-12-15,0.0,183.33,183.33,182.97,3235.0,59239000.0,182.849
000858.SZ,2022-12-15,0.0,183.5,183.56,183.37,747.0,13704300.0,182.853
000858.SZ,2022-12-15,0.0,183.17,183.52,183.12,290.0,5316050.0,182.855
000858.SZ,2022-12-15,0.0,183.1,183.22,183.0,568.0,10400900.0,182.856
000858.SZ,2022-12-15,0.0,183.03,183.11,183.0,516.0,9444230.0,182.857
000858.SZ,2022-12-15,0.0,182.9,183.02,182.9,746.0,13651700.0,182.858
000858.SZ,2022-12-15,0.0,182.95,182.95,182.89,303.0,5542740.0,182.858
000858.SZ,2022-12-15,0.0,183.16,183.18,182.92,635.0,11622500.0,182.859
000858.SZ,2022-12-15,0.0,183.15,183.16,183.1,306.0,5604240.0,182.86
000858.SZ,2022-12-15,0.0,183.05,183.13,183.04,338.0,6188710.0,182.861
000858.SZ,2022-12-15,0.0,183.06,183.1,183.0,489.0,8949930.0,182.862
000858.SZ,2022-12-15,0.0,183.05,183.06,183.01,199.0,3642680.0,182.862
000858.SZ,2022-12-15,0.0,183.12,183.13,183.0,612.0,11201700.0,182.863
000858.SZ,2022-12-15,0.0,183.2,183.21,183.05,461.0,8442430.0,182.864
000858.SZ,2022-12-15,0.0,183.34,183.42,183.19,448.0,8213030.0,182.866
000858.SZ,2022-12-15,0.0,183.51,183.51,183.35,726.0,13316400.0,182.87
000858.SZ,2022-12-15,0.0,183.33,183.57,183.05,655.0,12014000.0,182.873
000858.SZ,2022-12-15,0.0,183.2,183.3,183.15,214.0,3921390.0,182.874
000858.SZ,2022-12-15,0.0,183.5,183.5,183.31,354.0,6492510.0,182.876
000858.SZ,2022-12-15,0.0,183.52,183.69,183.51,483.0,8867720.0,182.879
000858.SZ,2022-12-15,0.0,183.98,183.98,183.53,650.0,11943400.0,182.884
000858.SZ,2022-12-15,0.0,183.98,184.0,183.96,805.0,14811000.0,182.892
000858.SZ,2022-12-15,0.0,183.86,183.99,183.86,270.0,4965270.0,182.894
000858.SZ,2022-12-15,0.0,183.82,183.88,183.76,401.0,7372840.0,182.898
000858.SZ,2022-12-15,0.0,183.68,183.79,183.65,414.0,7606600.0,182.901
000858.SZ,2022-12-15,0.0,183.6,183.68,183.6,201.0,3691190.0,182.902
000858.SZ,2022-12-15,0.0,183.38,183.63,183.34,463.0,8495250.0,182.905
000858.SZ,2022-12-15,0.0,183.21,183.38,183.12,430.0,7877080.0,182.906
000858.SZ,2022-12-15,0.0,183.16,183.2,183.13,274.0,5018450.0,182.906
000858.SZ,2022-12-15,0.0,183.49,183.49,183.16,344.0,6302980.0,182.907
000858.SZ,2022-12-15,0.0,183.23,183.49,183.22,332.0,6087700.0,182.909
000858.SZ,2022-12-15,0.0,183.2,183.23,183.16,216.0,3956930.0,182.909
000858.SZ,2022-12-15,0.0,183.28,183.3,183.0,450.0,8242360.0,182.91
000858.SZ,2022-12-15,0.0,183.26,183.3,183.24,126.0,2309150.0,182.911
000858.SZ,2022-12-15,0.0,183.21,183.26,183.2,231.0,4232910.0,182.911
000858.SZ,2022-12-15,0.0,183.35,183.35,183.23,456.0,8356330.0,182.913
000858.SZ,2022-12-15,0.0,183.76,183.76,183.36,221.0,4055770.0,182.914
000858.SZ,2022-12-15,0.0,183.87,183.89,183.7,564.0,10368700.0,182.918
000858.SZ,2022-12-15,0.0,183.47,183.87,183.45,238.0,4370200.0,182.92
000858.SZ,2022-12-15,0.0,183.45,183.47,183.36,437.0,8015240.0,182.922
000858.SZ,2022-12-15,0.0,183.37,183.45,183.36,272.0,4989120.0,182.923
000858.SZ,2022-12-15,0.0,183.45,183.45,183.33,560.0,10268500.0,182.925
000858.SZ,2022-12-15,0.0,183.56,183.59,183.43,210.0,3854160.0,182.926
000858.SZ,2022-12-15,0.0,183.66,183.7,183.53,249.0,4572080.0,182.927
000858.SZ,2022-12-15,0.0,183.89,183.9,183.67,485.0,8916680.0,182.931
000858.SZ,2022-12-15,0.0,183.76,183.9,183.76,337.0,6196150.0,182.934
000858.SZ,2022-12-15,0.0,183.76,183.8,183.68,342.0,6285180.0,182.936
000858.SZ,2022-12-15,0.0,183.76,183.85,183.76,309.0,5679020.0,182.939
000858.SZ,2022-12-15,0.0,183.86,183.89,183.75,592.0,10883900.0,182.943
000858.SZ,2022-12-15,0.0,183.89,183.91,183.83,375.0,6895770.0,182.946
000858.SZ,2022-12-15,0.0,183.87,183.89,183.8,404.0,7427290.0,182.949
000858.SZ,2022-12-15,0.0,184.48,184.48,183.87,1798.0,33109900.0,182.966
000858.SZ,2022-12-15,0.0,184.18,184.5,184.18,785.0,14479600.0,182.976
000858.SZ,2022-12-15,0.0,183.95,184.18,183.88,502.0,9237010.0,182.98
000858.SZ,2022-12-15,0.0,183.97,183.99,183.94,622.0,11442100.0,182.985
000858.SZ,2022-12-15,0.0,183.96,183.99,183.89,332.0,6106990.0,182.987
000858.SZ,2022-12-15,0.0,183.97,183.97,183.91,197.0,3623800.0,182.989
000858.SZ,2022-12-15,0.0,183.56,183.96,183.4,1840.0,33812100.0,183.0
000858.SZ,2022-12-15,0.0,183.42,183.55,183.38,416.0,7631370.0,183.002
000858.SZ,2022-12-15,0.0,183.46,183.46,183.4,202.0,3705280.0,183.002
000858.SZ,2022-12-15,0.0,183.82,183.85,183.45,344.0,6320310.0,183.004
000858.SZ,2022-12-15,0.0,183.45,183.82,183.45,525.0,9641820.0,183.007
000858.SZ,2022-12-15,0.0,183.64,183.72,183.49,379.0,6960200.0,183.009
000858.SZ,2022-12-15,0.0,183.6,183.64,183.51,361.0,6628140.0,183.01
000858.SZ,2022-12-15,0.0,183.54,183.66,183.52,345.0,6334770.0,183.012
000858.SZ,2022-12-15,0.0,183.48,183.58,183.48,405.0,7431840.0,183.014
000858.SZ,2022-12-15,0.0,183.18,183.48,183.18,416.0,7626010.0,183.015
000858.SZ,2022-12-15,0.0,183.16,183.25,183.16,502.0,9196250.0,183.015
000858.SZ,2022-12-15,0.0,182.87,183.16,182.87,953.0,17438700.0,183.015
000858.SZ,2022-12-15,0.0,182.76,182.88,182.7,497.0,9084980.0,183.014
000858.SZ,2022-12-15,0.0,182.51,182.74,182.51,663.0,12110100.0,183.012
000858.SZ,2022-12-15,0.0,182.43,182.52,182.4,754.0,13757200.0,183.009
000858.SZ,2022-12-15,0.0,182.51,182.56,182.43,487.0,8889170.0,183.008
000858.SZ,2022-12-15,0.0,182.6,182.6,182.5,277.0,5056840.0,183.007
000858.SZ,2022-12-15,0.0,182.61,182.77,182.59,495.0,9041720.0,183.005
000858.SZ,2022-12-15,0.0,182.52,182.66,182.5,554.0,10113300.0,183.004
000858.SZ,2022-12-15,0.0,182.48,182.52,182.48,393.0,7172260.0,183.002
000858.SZ,2022-12-15,0.0,182.46,182.49,182.46,490.0,8941630.0,183.0
000858.SZ,2022-12-15,0.0,182.78,182.78,182.48,744.0,13580300.0,182.998
000858.SZ,2022-12-15,0.0,183.06,183.2,182.71,537.0,9830450.0,182.998
000858.SZ,2022-12-15,0.0,182.9,183.06,182.56,508.0,9292560.0,182.998
000858.SZ,2022-12-15,0.0,182.86,182.9,182.86,633.0,11576700.0,182.997
000858.SZ,2022-12-15,0.0,182.8,182.87,182.76,386.0,7056370.0,182.997
000858.SZ,2022-12-15,0.0,182.82,182.9,182.76,478.0,8739270.0,182.996
000858.SZ,2022-12-15,0.0,182.92,182.92,182.81,445.0,8136820.0,182.996
000858.SZ,2022-12-15,0.0,183.0,183.0,182.9,288.0,5268500.0,182.995
000858.SZ,2022-12-15,0.0,183.0,183.0,182.96,264.0,4830730.0,182.995
000858.SZ,2022-12-15,0.0,182.86,182.98,182.82,376.0,6878610.0,182.995
000858.SZ,2022-12-15,0.0,182.66,182.82,182.66,552.0,10089700.0,182.994
000858.SZ,2022-12-15,0.0,182.71,182.79,182.64,383.0,6998070.0,182.994
000858.SZ,2022-12-15,0.0,182.77,182.81,182.69,263.0,4807170.0,182.993
000858.SZ,2022-12-15,0.0,182.81,182.81,182.73,345.0,6305750.0,182.993
000858.SZ,2022-12-15,0.0,183.26,183.29,182.76,733.0,13411800.0,182.993
000858.SZ,2022-12-15,0.0,183.2,183.29,183.18,272.0,4983730.0,182.993
000858.SZ,2022-12-15,0.0,183.09,183.2,183.02,312.0,5714070.0,182.993
000858.SZ,2022-12-15,0.0,183.42,183.42,183.09,557.0,10210500.0,182.995
000858.SZ,2022-12-15,0.0,183.18,183.31,183.18,297.0,5442380.0,182.995
000858.SZ,2022-12-15,0.0,183.18,183.18,183.06,412.0,7544300.0,182.995
000858.SZ,2022-12-15,0.0,183.11,183.18,183.09,254.0,4651140.0,182.996
000858.SZ,2022-12-15,0.0,183.09,183.11,183.04,242.0,4430690.0,182.996
000858.SZ,2022-12-15,0.0,183.38,183.38,183.05,681.0,12472800.0,182.997
000858.SZ,2022-12-15,0.0,183.14,183.45,183.14,302.0,5537250.0,182.997
000858.SZ,2022-12-15,0.0,183.19,183.22,183.12,191.0,3498520.0,182.998
000858.SZ,2022-12-15,0.0,183.0,183.2,183.0,518.0,9482460.0,182.998
000858.SZ,2022-12-15,0.0,182.83,182.96,182.79,456.0,8336950.0,182.997
000858.SZ,2022-12-15,0.0,182.93,182.94,182.8,664.0,12140900.0,182.997
000858.SZ,2022-12-15,0.0,182.95,182.96,182.84,555.0,10151400.0,182.996
000858.SZ,2022-12-15,0.0,182.99,183.0,182.9,360.0,6586650.0,182.996
000858.SZ,2022-12-15,0.0,182.8,182.98,182.78,554.0,10131500.0,182.996
000858.SZ,2022-12-15,0.0,182.7,182.82,182.7,653.0,11934900.0,182.995
000858.SZ,2022-12-15,0.0,182.84,182.84,182.71,489.0,8937810.0,182.994
000858.SZ,2022-12-15,0.0,182.79,182.84,182.72,536.0,9798430.0,182.993
000858.SZ,2022-12-15,0.0,182.75,182.79,182.75,293.0,5355230.0,182.993
000858.SZ,2022-12-15,0.0,182.62,182.76,182.61,437.0,7983810.0,182.992
000858.SZ,2022-12-15,0.0,182.69,182.69,182.6,413.0,7542960.0,182.991
000858.SZ,2022-12-15,0.0,182.64,182.69,182.63,347.0,6337930.0,182.99
000858.SZ,2022-12-15,0.0,182.62,182.7,182.62,481.0,8785310.0,182.989
000858.SZ,2022-12-15,0.0,182.56,182.65,182.53,532.0,9713820.0,182.988
000858.SZ,2022-12-15,0.0,182.54,182.65,182.53,388.0,7084000.0,182.987
000858.SZ,2022-12-15,0.0,182.56,182.59,182.51,496.0,9055270.0,182.986
000858.SZ,2022-12-15,0.0,182.45,182.54,182.45,623.0,11369900.0,182.984
000858.SZ,2022-12-15,0.0,182.42,182.55,182.4,803.0,14651700.0,182.981
000858.SZ,2022-12-15,0.0,182.55,182.55,182.45,380.0,6934190.0,182.98
000858.SZ,2022-12-15,0.0,182.59,182.59,182.51,417.0,7611920.0,182.979
000858.SZ,2022-12-15,0.0,182.65,182.65,182.6,309.0,5643250.0,182.978
000858.SZ,2022-12-15,0.0,182.64,182.65,182.64,384.0,7013530.0,182.977
000858.SZ,2022-12-15,0.0,182.64,182.64,182.62,278.0,5077160.0,182.976
000858.SZ,2022-12-15,0.0,182.6,182.64,182.6,375.0,6848500.0,182.976
000858.SZ,2022-12-15,0.0,182.63,182.64,182.6,401.0,7323460.0,182.975
000858.SZ,2022-12-15,0.0,182.76,182.76,182.63,763.0,13936700.0,182.973
000858.SZ,2022-12-15,0.0,182.74,182.76,182.73,295.0,5390830.0,182.973
000858.SZ,2022-12-15,0.0,182.56,182.74,182.56,486.0,8876980.0,182.972
000858.SZ,2022-12-15,0.0,182.44,182.57,182.42,520.0,9489840.0,182.97
000858.SZ,2022-12-15,0.0,182.47,182.48,182.41,488.0,8904480.0,182.969
000858.SZ,2022-12-15,0.0,182.51,182.51,182.47,407.0,7427400.0,182.968
000858.SZ,2022-12-15,0.0,182.61,182.61,182.51,295.0,5385320.0,182.967
000858.SZ,2022-12-15,0.0,182.6,182.6,182.59,371.0,6774250.0,182.966
000858.SZ,2022-12-15,0.0,182.48,182.6,182.48,418.0,7629760.0,182.965
000858.SZ,2022-12-15,0.0,182.45,182.47,182.45,394.0,7188870.0,182.964
000858.SZ,2022-12-15,0.0,182.6,182.6,182.43,548.0,10010100.0,182.962
000858.SZ,2022-12-15,0.0,182.67,182.7,182.59,378.0,6904170.0,182.961
000858.SZ,2022-12-15,0.0,182.63,182.69,182.6,659.0,12035600.0,182.96
000858.SZ,2022-12-15,0.0,182.56,182.63,182.56,726.0,13257000.0,182.958
000858.SZ,2022-12-15,0.0,182.48,182.57,182.48,899.0,16408800.0,182.956
000858.SZ,2022-12-15,0.0,182.47,182.5,182.47,990.0,18065500.0,182.953
000858.SZ,2022-12-15,0.0,182.47,182.5,182.45,656.0,11969800.0,182.951
000858.SZ,2022-12-15,0.0,182.43,182.47,182.43,513.0,9359470.0,182.95
000858.SZ,2022-12-15,0.0,182.21,182.42,182.21,1026.0,18710800.0,182.946
000858.SZ,2022-12-15,0.0,182.18,182.22,182.18,682.0,12426000.0,182.943
000858.SZ,2022-12-15,0.0,182.12,182.2,182.12,481.0,8762580.0,182.941
000858.SZ,2022-12-15,0.0,182.0,182.14,182.0,1234.0,22463900.0,182.935
000858.SZ,2022-12-15,0.0,181.82,182.0,181.82,1081.0,19669300.0,182.929
000858.SZ,2022-12-15,0.0,181.78,181.84,181.76,894.0,16253000.0,182.923
000858.SZ,2022-12-15,0.0,181.87,181.88,181.72,1407.0,25585100.0,182.914
000858.SZ,2022-12-15,0.0,181.88,181.88,181.86,751.0,13658500.0,182.91
000858.SZ,2022-12-15,0.0,181.75,181.94,181.75,1572.0,28583700.0,182.9
000858.SZ,2022-12-15,0.0,181.68,181.8,181.67,949.0,17245400.0,182.894
000858.SZ,2022-12-15,0.0,181.61,181.67,181.61,1085.0,19708300.0,182.886
000858.SZ,2022-12-15,0.0,181.56,181.62,181.56,1907.0,34630100.0,182.873
000858.SZ,2022-12-15,0.0,181.62,181.62,181.55,1737.0,31541700.0,182.86
000858.SZ,2022-12-15,0.0,181.61,181.62,181.58,1092.0,19831000.0,182.853
000858.SZ,2022-12-15,0.0,181.69,181.7,181.62,1475.0,26795400.0,182.844
000858.SZ,2022-12-15,0.0,181.71,181.72,181.69,1004.0,18243300.0,182.837
000858.SZ,2022-12-15,0.0,181.7,181.73,181.64,1545.0,28074200.0,182.828
000858.SZ,2022-12-15,0.0,181.87,181.87,181.7,810.0,14720400.0,182.823
000858.SZ,2022-12-15,0.0,181.93,181.94,181.88,903.0,16427000.0,182.819
000858.SZ,2022-12-15,0.0,181.74,181.94,181.74,1051.0,19110700.0,182.814
000858.SZ,2022-12-15,0.0,181.71,181.74,181.7,796.0,14465500.0,182.809
000858.SZ,2022-12-15,0.0,181.7,181.71,181.69,969.0,17606500.0,182.804
000858.SZ,2022-12-15,0.0,181.76,181.77,181.7,822.0,14932300.0,182.799
000858.SZ,2022-12-15,0.0,181.79,181.79,181.74,1220.0,22174700.0,182.792
000858.SZ,2022-12-15,0.0,181.71,181.8,181.69,1583.0,28764800.0,182.784
000858.SZ,2022-12-15,0.0,181.8,181.8,181.71,671.0,12196700.0,182.781
000858.SZ,2022-12-15,0.0,181.89,181.9,181.78,622.0,11311600.0,182.778
000858.SZ,2022-12-15,0.0,181.86,181.86,181.86,34.0,618318.0,182.778
000858.SZ,2022-12-15,0.0,181.86,181.86,181.86,0.0,0.0,182.778
000858.SZ,2022-12-15,0.0,181.96,181.96,181.96,1291.0,23491000.0,182.772
000858.SZ,2022-12-16,0.0,180.22,180.22,180.22,1100.0,19824400.0,180.22
000858.SZ,2022-12-16,0.0,180.9,181.2,179.68,4504.0,81251600.0,180.364
000858.SZ,2022-12-16,0.0,181.33,181.5,180.9,1331.0,24088400.0,180.482
000858.SZ,2022-12-16,0.0,181.5,181.65,181.21,1131.0,20519500.0,180.615
000858.SZ,2022-12-16,0.0,181.7,181.8,181.4,1227.0,22279100.0,180.741
000858.SZ,2022-12-16,0.0,182.38,182.49,181.7,2286.0,41647300.0,181.026
000858.SZ,2022-12-16,0.0,182.25,182.43,182.23,1990.0,36279300.0,181.214
000858.SZ,2022-12-16,0.0,181.86,182.25,181.78,1351.0,24593900.0,181.289
000858.SZ,2022-12-16,0.0,182.25,182.26,181.73,1071.0,19490500.0,181.336
000858.SZ,2022-12-16,0.0,182.72,182.72,182.25,2272.0,41446800.0,181.471
000858.SZ,2022-12-16,0.0,182.79,183.08,182.71,2445.0,44715500.0,181.638
000858.SZ,2022-12-16,0.0,182.2,182.9,182.05,2045.0,37340000.0,181.724
000858.SZ,2022-12-16,0.0,181.99,182.1,181.81,870.0,15834100.0,181.734
000858.SZ,2022-12-16,0.0,181.03,182.0,181.0,1366.0,24782500.0,181.717
000858.SZ,2022-12-16,0.0,180.97,181.32,180.93,1216.0,22015800.0,181.686
000858.SZ,2022-12-16,0.0,180.32,180.93,180.32,1090.0,19679400.0,181.641
000858.SZ,2022-12-16,0.0,181.18,181.18,180.35,1115.0,20142900.0,181.605
000858.SZ,2022-12-16,0.0,180.89,181.15,180.83,1021.0,18477500.0,181.583
000858.SZ,2022-12-16,0.0,181.27,181.38,180.87,1265.0,22903100.0,181.561
000858.SZ,2022-12-16,0.0,180.86,181.27,180.82,738.0,13359000.0,181.548
000858.SZ,2022-12-16,0.0,180.55,180.88,180.5,1112.0,20086100.0,181.517
000858.SZ,2022-12-16,0.0,180.75,180.9,180.28,2107.0,38035000.0,181.457
000858.SZ,2022-12-16,0.0,180.67,180.8,180.53,780.0,14091900.0,181.44
000858.SZ,2022-12-16,0.0,180.57,180.67,180.56,940.0,16977300.0,181.418
000858.SZ,2022-12-16,0.0,180.87,180.89,180.51,1416.0,25579500.0,181.389
000858.SZ,2022-12-16,0.0,180.73,180.88,180.71,677.0,12238300.0,181.378
000858.SZ,2022-12-16,0.0,180.68,180.76,180.65,717.0,12957200.0,181.366
000858.SZ,2022-12-16,0.0,180.06,180.68,180.06,2002.0,36098000.0,181.315
000858.SZ,2022-12-16,0.0,180.01,180.06,180.0,3286.0,59151600.0,181.218
000858.SZ,2022-12-16,0.0,179.93,180.01,179.88,2824.0,50825800.0,181.143
000858.SZ,2022-12-16,0.0,180.2,180.47,179.93,1152.0,20754900.0,181.12
000858.SZ,2022-12-16,0.0,180.37,180.37,180.12,1068.0,19251500.0,181.101
000858.SZ,2022-12-16,0.0,180.28,180.4,180.28,976.0,17597100.0,181.085
000858.SZ,2022-12-16,0.0,180.09,180.36,180.08,499.0,8990030.0,181.076
000858.SZ,2022-12-16,0.0,180.59,180.59,180.07,1257.0,22650400.0,181.056
000858.SZ,2022-12-16,0.0,180.34,180.67,180.34,396.0,7146620.0,181.051
000858.SZ,2022-12-16,0.0,180.29,180.37,180.28,508.0,9160670.0,181.044
000858.SZ,2022-12-16,0.0,180.34,180.5,180.29,591.0,10657900.0,181.036
000858.SZ,2022-12-16,0.0,180.38,180.49,180.34,380.0,6853970.0,181.032
000858.SZ,2022-12-16,0.0,180.09,180.35,180.09,544.0,9804190.0,181.024
000858.SZ,2022-12-16,0.0,180.01,180.19,180.0,791.0,14242700.0,181.01
000858.SZ,2022-12-16,0.0,180.39,180.48,180.1,946.0,17054100.0,180.997
000858.SZ,2022-12-16,0.0,180.42,180.47,180.39,465.0,8389790.0,180.993
000858.SZ,2022-12-16,0.0,180.38,180.44,180.38,608.0,10967700.0,180.986
000858.SZ,2022-12-16,0.0,180.07,180.4,180.07,535.0,9644320.0,180.98
000858.SZ,2022-12-16,0.0,180.07,180.12,180.03,540.0,9723400.0,180.971
000858.SZ,2022-12-16,0.0,180.01,180.08,180.0,1001.0,18022500.0,180.956
000858.SZ,2022-12-16,0.0,179.88,180.02,179.88,2102.0,37831700.0,180.923
000858.SZ,2022-12-16,0.0,180.02,180.02,179.88,1411.0,25389300.0,180.9
000858.SZ,2022-12-16,0.0,179.92,180.03,179.91,826.0,14867300.0,180.889
000858.SZ,2022-12-16,0.0,179.98,180.0,179.95,698.0,12562700.0,180.879
000858.SZ,2022-12-16,0.0,179.92,180.02,179.9,1141.0,20531200.0,180.863
000858.SZ,2022-12-16,0.0,180.03,180.17,179.9,1012.0,18217700.0,180.85
000858.SZ,2022-12-16,0.0,179.97,180.11,179.93,884.0,15913200.0,180.839
000858.SZ,2022-12-16,0.0,179.69,179.95,179.69,2353.0,42307700.0,180.804
000858.SZ,2022-12-16,0.0,179.28,179.69,179.28,2107.0,37831500.0,180.767
000858.SZ,2022-12-16,0.0,179.01,179.26,179.0,3136.0,56152000.0,180.696
000858.SZ,2022-12-16,0.0,179.01,179.02,179.0,2712.0,48546900.0,180.637
000858.SZ,2022-12-16,0.0,178.7,179.0,178.7,2698.0,48250200.0,180.577
000858.SZ,2022-12-16,0.0,179.19,179.19,178.66,3020.0,54026400.0,180.516
000858.SZ,2022-12-16,0.0,179.22,179.22,179.0,1366.0,24463200.0,180.493
000858.SZ,2022-12-16,0.0,179.5,179.77,179.24,1759.0,31564000.0,180.472
000858.SZ,2022-12-16,0.0,179.75,179.95,179.5,938.0,16858700.0,180.464
000858.SZ,2022-12-16,0.0,179.9,179.97,179.59,1478.0,26591400.0,180.455
000858.SZ,2022-12-16,0.0,180.43,180.43,179.95,1188.0,21415800.0,180.452
000858.SZ,2022-12-16,0.0,180.9,180.96,180.4,1350.0,24395100.0,180.456
000858.SZ,2022-12-16,0.0,180.69,180.93,180.48,627.0,11331400.0,180.458
000858.SZ,2022-12-16,0.0,181.18,181.25,180.6,1355.0,24523600.0,180.465
000858.SZ,2022-12-16,0.0,181.0,181.22,180.86,882.0,15975400.0,180.471
000858.SZ,2022-12-16,0.0,180.87,181.22,180.8,512.0,9272460.0,180.475
000858.SZ,2022-12-16,0.0,181.38,181.5,180.8,1094.0,19828100.0,180.484
000858.SZ,2022-12-16,0.0,181.66,181.73,181.38,685.0,12440300.0,180.492
000858.SZ,2022-12-16,0.0,181.58,181.72,181.55,527.0,9575080.0,180.498
000858.SZ,2022-12-16,0.0,181.04,181.72,181.04,789.0,14313200.0,180.505
000858.SZ,2022-12-16,0.0,181.35,181.4,181.04,510.0,9244180.0,180.509
000858.SZ,2022-12-16,0.0,181.44,181.44,181.35,286.0,5187920.0,180.512
000858.SZ,2022-12-16,0.0,181.05,181.5,181.02,493.0,8935630.0,180.515
000858.SZ,2022-12-16,0.0,181.1,181.22,180.5,659.0,11924500.0,180.518
000858.SZ,2022-12-16,0.0,181.0,181.19,181.0,448.0,8112560.0,180.521
000858.SZ,2022-12-16,0.0,180.86,181.0,180.8,350.0,6331450.0,180.522
000858.SZ,2022-12-16,0.0,181.3,181.51,180.97,590.0,10697000.0,180.527
000858.SZ,2022-12-16,0.0,181.39,181.45,181.3,343.0,6221180.0,180.53
000858.SZ,2022-12-16,0.0,181.5,181.5,181.36,586.0,10633300.0,180.535
000858.SZ,2022-12-16,0.0,181.5,181.5,181.47,428.0,7767910.0,180.539
000858.SZ,2022-12-16,0.0,181.44,181.6,181.44,588.0,10672300.0,180.544
000858.SZ,2022-12-16,0.0,181.42,181.5,181.4,290.0,5262910.0,180.547
000858.SZ,2022-12-16,0.0,181.44,181.48,181.36,319.0,5787260.0,180.55
000858.SZ,2022-12-16,0.0,181.38,181.43,181.36,198.0,3591590.0,180.551
000858.SZ,2022-12-16,0.0,181.78,181.78,181.37,930.0,16889900.0,180.561
000858.SZ,2022-12-16,0.0,182.49,182.52,181.78,2512.0,45746900.0,180.597
000858.SZ,2022-12-16,0.0,182.43,182.49,182.32,810.0,14777400.0,180.611
000858.SZ,2022-12-16,0.0,182.6,182.68,182.36,1265.0,23095000.0,180.633
000858.SZ,2022-12-16,0.0,182.12,182.58,182.11,411.0,7492740.0,180.639
000858.SZ,2022-12-16,0.0,181.9,182.3,181.9,808.0,14722300.0,180.651
000858.SZ,2022-12-16,0.0,182.0,182.2,181.92,715.0,13018200.0,180.66
000858.SZ,2022-12-16,0.0,181.98,182.05,181.92,263.0,4786300.0,180.663
000858.SZ,2022-12-16,0.0,181.9,182.05,181.9,407.0,7405310.0,180.668
000858.SZ,2022-12-16,0.0,181.58,181.9,181.57,165.0,2997110.0,180.669
000858.SZ,2022-12-16,0.0,181.68,181.68,181.59,132.0,2397690.0,180.67
000858.SZ,2022-12-16,0.0,181.77,181.88,181.68,168.0,3053850.0,180.672
000858.SZ,2022-12-16,0.0,181.75,181.88,181.69,267.0,4853150.0,180.674
000858.SZ,2022-12-16,0.0,181.73,181.79,181.69,163.0,2962330.0,180.676
000858.SZ,2022-12-16,0.0,182.0,182.01,181.75,325.0,5905200.0,180.68
000858.SZ,2022-12-16,0.0,181.97,182.02,181.97,307.0,5594950.0,180.683
000858.SZ,2022-12-16,0.0,181.99,182.01,181.9,262.0,4768020.0,180.686
000858.SZ,2022-12-16,0.0,181.98,182.0,181.88,640.0,11643900.0,180.693
000858.SZ,2022-12-16,0.0,181.92,182.0,181.9,344.0,6258800.0,180.697
000858.SZ,2022-12-16,0.0,181.8,181.92,181.8,144.0,2619300.0,180.698
000858.SZ,2022-12-16,0.0,181.92,182.0,181.72,381.0,6930160.0,180.702
000858.SZ,2022-12-16,0.0,181.78,181.93,181.76,344.0,6255690.0,180.706
000858.SZ,2022-12-16,0.0,181.58,181.76,181.58,222.0,4033600.0,180.707
000858.SZ,2022-12-16,0.0,181.37,181.6,181.37,315.0,5717880.0,180.71
000858.SZ,2022-12-16,0.0,181.29,181.43,181.29,186.0,3373920.0,180.711
000858.SZ,2022-12-16,0.0,181.35,181.42,181.28,215.0,3899030.0,180.712
000858.SZ,2022-12-16,0.0,181.34,181.4,181.32,184.0,3336940.0,180.713
000858.SZ,2022-12-16,0.0,181.38,181.5,181.33,342.0,6203070.0,180.715
000858.SZ,2022-12-16,0.0,181.38,181.5,181.32,222.0,4027160.0,180.716
000858.SZ,2022-12-16,0.0,181.1,181.42,181.1,199.0,3608930.0,180.717
000858.SZ,2022-12-16,0.0,181.1,181.11,181.05,265.0,4798710.0,180.718
000858.SZ,2022-12-16,0.0,181.1,181.18,181.09,173.0,3133260.0,180.719
000858.SZ,2022-12-16,0.0,181.08,181.13,181.05,182.0,3295840.0,180.719
000858.SZ,2022-12-16,0.0,181.06,181.09,180.88,1010.0,18278400.0,180.721
000858.SZ,2022-12-16,0.0,181.3,181.3,180.96,667.0,12079100.0,180.723
000858.SZ,2022-12-16,0.0,181.31,181.49,181.31,372.0,6749340.0,180.726
000858.SZ,2022-12-16,0.0,181.38,181.49,181.31,184.0,3337760.0,180.727
000858.SZ,2022-12-16,0.0,181.76,181.76,181.41,398.0,7223430.0,180.729
000858.SZ,2022-12-16,0.0,181.59,181.84,181.54,363.0,6595650.0,180.732
000858.SZ,2022-12-16,0.0,181.51,181.6,181.5,322.0,5845620.0,180.734
000858.SZ,2022-12-16,0.0,181.6,181.61,181.47,268.0,4865650.0,180.736
000858.SZ,2022-12-16,0.0,181.68,181.68,181.59,252.0,4578760.0,180.738
000858.SZ,2022-12-16,0.0,181.7,181.76,181.5,294.0,5340580.0,180.74
000858.SZ,2022-12-16,0.0,181.7,181.7,181.47,305.0,5538040.0,180.742
000858.SZ,2022-12-16,0.0,181.78,181.9,181.52,435.0,7907740.0,180.746
000858.SZ,2022-12-16,0.0,181.55,181.79,181.55,244.0,4433800.0,180.748
000858.SZ,2022-12-16,0.0,181.62,181.7,181.5,221.0,4013330.0,180.749
000858.SZ,2022-12-16,0.0,181.35,181.65,181.35,313.0,5682110.0,180.751
000858.SZ,2022-12-16,0.0,181.35,181.4,181.3,438.0,7942480.0,180.753
000858.SZ,2022-12-16,0.0,181.21,181.34,181.18,268.0,4858150.0,180.754
000858.SZ,2022-12-16,0.0,181.49,181.63,181.23,700.0,12696800.0,180.758
000858.SZ,2022-12-16,0.0,181.71,181.71,181.45,434.0,7879050.0,180.761
000858.SZ,2022-12-16,0.0,181.85,181.88,181.71,443.0,8054280.0,180.764
000858.SZ,2022-12-16,0.0,181.99,181.99,181.82,514.0,9352060.0,180.769
000858.SZ,2022-12-16,0.0,181.82,181.99,181.82,371.0,6748450.0,180.772
000858.SZ,2022-12-16,0.0,181.73,181.91,181.73,365.0,6635740.0,180.775
000858.SZ,2022-12-16,0.0,181.9,181.9,181.71,429.0,7796620.0,180.778
000858.SZ,2022-12-16,0.0,181.76,181.9,181.74,260.0,4727090.0,180.781
000858.SZ,2022-12-16,0.0,181.89,181.9,181.73,372.0,6759400.0,180.784
000858.SZ,2022-12-16,0.0,181.89,181.9,181.8,324.0,5892340.0,180.786
000858.SZ,2022-12-16,0.0,181.75,181.89,181.74,345.0,6278330.0,180.789
000858.SZ,2022-12-16,0.0,181.71,181.9,181.66,634.0,11523500.0,180.794
000858.SZ,2022-12-16,0.0,181.9,181.9,181.65,422.0,7670340.0,180.797
000858.SZ,2022-12-16,0.0,181.5,181.9,181.46,764.0,13879100.0,180.802
000858.SZ,2022-12-16,0.0,181.72,181.9,181.41,622.0,11299700.0,180.806
000858.SZ,2022-12-16,0.0,181.67,181.77,181.59,748.0,13589400.0,180.811
000858.SZ,2022-12-16,0.0,181.9,181.9,181.62,401.0,7288840.0,180.814
000858.SZ,2022-12-16,0.0,181.56,181.9,181.52,468.0,8505800.0,180.817
000858.SZ,2022-12-16,0.0,181.87,181.91,181.6,422.0,7670880.0,180.82
000858.SZ,2022-12-16,0.0,181.7,181.9,181.7,435.0,7909420.0,180.823
000858.SZ,2022-12-16,0.0,181.79,181.85,181.61,320.0,5815340.0,180.826
000858.SZ,2022-12-16,0.0,181.94,181.94,181.79,480.0,8730830.0,180.829
000858.SZ,2022-12-16,0.0,182.0,182.0,181.81,1186.0,21581100.0,180.839
000858.SZ,2022-12-16,0.0,182.0,182.05,181.93,940.0,17114400.0,180.847
000858.SZ,2022-12-16,0.0,182.15,182.2,182.0,716.0,13038300.0,180.854
000858.SZ,2022-12-16,0.0,182.18,182.3,182.15,580.0,10570200.0,180.859
000858.SZ,2022-12-16,0.0,182.11,182.18,182.11,281.0,5117950.0,180.862
000858.SZ,2022-12-16,0.0,181.94,182.11,181.93,307.0,5588300.0,180.865
000858.SZ,2022-12-16,0.0,181.96,181.97,181.91,321.0,5840570.0,180.867
000858.SZ,2022-12-16,0.0,181.89,181.96,181.86,336.0,6112060.0,180.87
000858.SZ,2022-12-16,0.0,181.89,181.99,181.89,254.0,4621550.0,180.872
000858.SZ,2022-12-16,0.0,181.98,181.98,181.88,318.0,5786180.0,180.874
000858.SZ,2022-12-16,0.0,181.98,181.99,181.95,322.0,5859440.0,180.877
000858.SZ,2022-12-16,0.0,181.98,181.99,181.96,561.0,10208800.0,180.881
000858.SZ,2022-12-16,0.0,182.08,182.08,181.95,992.0,18053200.0,180.889
000858.SZ,2022-12-16,0.0,182.16,182.3,182.14,520.0,9466480.0,180.894
000858.SZ,2022-12-16,0.0,182.02,182.1,182.01,213.0,3878230.0,180.895
000858.SZ,2022-12-16,0.0,182.14,182.25,182.0,424.0,7722920.0,180.899
000858.SZ,2022-12-16,0.0,182.11,182.26,182.11,564.0,10277300.0,180.904
000858.SZ,2022-12-16,0.0,182.26,182.3,182.05,709.0,12920200.0,180.911
000858.SZ,2022-12-16,0.0,182.06,182.35,182.01,922.0,16802200.0,180.919
000858.SZ,2022-12-16,0.0,182.0,182.06,181.94,483.0,8792520.0,180.923
000858.SZ,2022-12-16,0.0,182.01,182.05,181.95,460.0,8374840.0,180.926
000858.SZ,2022-12-16,0.0,182.1,182.19,181.95,231.0,4205700.0,180.928
000858.SZ,2022-12-16,0.0,182.04,182.1,182.04,192.0,3495780.0,180.93
000858.SZ,2022-12-16,0.0,182.02,182.09,182.02,332.0,6044750.0,180.932
000858.SZ,2022-12-16,0.0,181.98,182.03,181.98,269.0,4896010.0,180.934
000858.SZ,2022-12-16,0.0,181.94,182.02,181.91,445.0,8097370.0,180.937
000858.SZ,2022-12-16,0.0,182.03,182.03,181.88,630.0,11463300.0,180.942
000858.SZ,2022-12-16,0.0,181.78,182.07,181.78,256.0,4657200.0,180.943
000858.SZ,2022-12-16,0.0,181.8,182.0,181.76,648.0,11787300.0,180.948
000858.SZ,2022-12-16,0.0,181.97,182.0,181.78,618.0,11246000.0,180.952
000858.SZ,2022-12-16,0.0,181.98,182.0,181.9,373.0,6786790.0,180.954
000858.SZ,2022-12-16,0.0,181.99,181.99,181.88,314.0,5713610.0,180.956
000858.SZ,2022-12-16,0.0,181.98,181.99,181.88,426.0,7751920.0,180.959
000858.SZ,2022-12-16,0.0,181.8,181.99,181.8,854.0,15538400.0,180.965
000858.SZ,2022-12-16,0.0,181.88,181.99,181.8,572.0,10407600.0,180.968
000858.SZ,2022-12-16,0.0,181.83,181.99,181.83,517.0,9407380.0,180.972
000858.SZ,2022-12-16,0.0,181.98,182.0,181.84,843.0,15340100.0,180.977
000858.SZ,2022-12-16,0.0,181.91,181.99,181.89,576.0,10480600.0,180.981
000858.SZ,2022-12-16,0.0,181.94,182.01,181.9,778.0,14157200.0,180.986
000858.SZ,2022-12-16,0.0,181.98,181.99,181.91,308.0,5604870.0,180.988
000858.SZ,2022-12-16,0.0,181.98,182.01,181.9,549.0,9990210.0,180.991
000858.SZ,2022-12-16,0.0,182.0,182.0,181.95,304.0,5532310.0,180.993
000858.SZ,2022-12-16,0.0,181.92,182.0,181.9,431.0,7842380.0,180.996
000858.SZ,2022-12-16,0.0,181.98,182.0,181.9,359.0,6532790.0,180.998
000858.SZ,2022-12-16,0.0,181.85,181.99,181.85,564.0,10262700.0,181.001
000858.SZ,2022-12-16,0.0,181.81,181.98,181.81,883.0,16064100.0,181.007
000858.SZ,2022-12-16,0.0,181.98,181.98,181.81,439.0,7985580.0,181.009
000858.SZ,2022-12-16,0.0,181.98,181.98,181.83,473.0,8609180.0,181.012
000858.SZ,2022-12-16,0.0,181.98,181.98,181.8,782.0,14229400.0,181.017
000858.SZ,2022-12-16,0.0,181.96,181.99,181.82,263.0,4784600.0,181.018
000858.SZ,2022-12-16,0.0,181.89,181.97,181.86,333.0,6058030.0,181.02
000858.SZ,2022-12-16,0.0,181.85,181.89,181.84,434.0,7892710.0,181.022
000858.SZ,2022-12-16,0.0,181.87,181.88,181.84,273.0,4967650.0,181.024
000858.SZ,2022-12-16,0.0,181.88,181.89,181.83,310.0,5637720.0,181.025
000858.SZ,2022-12-16,0.0,181.96,181.96,181.88,342.0,6220950.0,181.027
000858.SZ,2022-12-16,0.0,181.97,181.99,181.89,1001.0,18215000.0,181.033
000858.SZ,2022-12-16,0.0,181.91,182.0,181.88,872.0,15868200.0,181.038
000858.SZ,2022-12-16,0.0,181.97,182.05,181.96,2048.0,37281600.0,181.05
000858.SZ,2022-12-16,0.0,182.0,182.05,181.89,449.0,8170220.0,181.052
000858.SZ,2022-12-16,0.0,181.98,181.99,181.91,1234.0,22456200.0,181.059
000858.SZ,2022-12-16,0.0,181.98,182.0,181.92,722.0,13139400.0,181.063
000858.SZ,2022-12-16,0.0,181.93,182.01,181.93,491.0,8934630.0,181.066
000858.SZ,2022-12-16,0.0,181.95,181.98,181.92,485.0,8824740.0,181.068
000858.SZ,2022-12-16,0.0,181.98,181.98,181.93,614.0,11172000.0,181.071
000858.SZ,2022-12-16,0.0,181.98,182.0,181.96,1120.0,20383000.0,181.077
000858.SZ,2022-12-16,0.0,181.99,182.0,181.98,358.0,6515240.0,181.079
000858.SZ,2022-12-16,0.0,181.99,182.0,181.98,589.0,10719400.0,181.082
000858.SZ,2022-12-16,0.0,182.0,182.0,181.98,623.0,11338100.0,181.086
000858.SZ,2022-12-16,0.0,182.0,182.02,182.0,971.0,17673000.0,181.091
000858.SZ,2022-12-16,0.0,182.01,182.02,181.99,654.0,11901500.0,181.094
000858.SZ,2022-12-16,0.0,181.98,182.0,181.97,718.0,13068500.0,181.098
000858.SZ,2022-12-16,0.0,182.02,182.04,181.98,1033.0,18801700.0,181.103
000858.SZ,2022-12-16,0.0,182.04,182.04,182.0,660.0,12010200.0,181.107
000858.SZ,2022-12-16,0.0,182.06,182.07,182.03,682.0,12413600.0,181.11
000858.SZ,2022-12-16,0.0,182.11,182.11,182.03,1204.0,21921100.0,181.117
000858.SZ,2022-12-16,0.0,182.18,182.18,182.1,552.0,10059000.0,181.12
000858.SZ,2022-12-16,0.0,182.18,182.19,182.16,826.0,15051600.0,181.125
000858.SZ,2022-12-16,0.0,182.15,182.2,182.12,1146.0,20874800.0,181.131
000858.SZ,2022-12-16,0.0,182.16,182.16,182.16,33.0,601122.0,181.131
000858.SZ,2022-12-16,0.0,182.16,182.16,182.16,0.0,0.0,181.131
000858.SZ,2022-12-16,0.0,182.52,182.52,182.52,4826.0,88075200.0,181.167
000858.SZ,2022-12-19,0.0,183.5,183.5,183.5,768.0,14092800.0,183.5
000858.SZ,2022-12-19,0.0,183.97,184.71,183.14,4350.0,79971600.0,183.791
000858.SZ,2022-12-19,0.0,183.68,184.14,183.68,2167.0,39845100.0,183.815
000858.SZ,2022-12-19,0.0,183.17,184.0,183.13,2515.0,46195400.0,183.781
000858.SZ,2022-12-19,0.0,183.19,183.8,183.0,1541.0,28246400.0,183.715
000858.SZ,2022-12-19,0.0,182.8,183.0,182.8,1380.0,25240500.0,183.627
000858.SZ,2022-12-19,0.0,183.61,183.61,182.81,2090.0,38296600.0,183.573
000858.SZ,2022-12-19,0.0,183.26,183.66,183.26,1755.0,32180000.0,183.551
000858.SZ,2022-12-19,0.0,182.73,183.26,182.72,1130.0,20673000.0,183.512
000858.SZ,2022-12-19,0.0,182.9,183.0,182.77,1302.0,23807700.0,183.467
000858.SZ,2022-12-19,0.0,182.5,183.01,182.33,1384.0,25296600.0,183.421
000858.SZ,2022-12-19,0.0,181.91,182.45,181.9,1179.0,21485000.0,183.356
000858.SZ,2022-12-19,0.0,181.8,181.95,181.58,1273.0,23143100.0,183.269
000858.SZ,2022-12-19,0.0,182.1,182.13,181.77,1358.0,24704300.0,183.193
000858.SZ,2022-12-19,0.0,182.0,182.17,182.0,2293.0,41744800.0,183.094
000858.SZ,2022-12-19,0.0,182.44,182.44,181.79,1386.0,25213400.0,183.036
000858.SZ,2022-12-19,0.0,182.92,183.0,182.44,1100.0,20104200.0,183.025
000858.SZ,2022-12-19,0.0,182.83,183.0,182.68,1397.0,25551500.0,183.02
000858.SZ,2022-12-19,0.0,182.97,183.27,182.8,1284.0,23508900.0,183.021
000858.SZ,2022-12-19,0.0,182.7,182.97,182.7,992.0,18142800.0,183.017
000858.SZ,2022-12-19,0.0,182.08,182.75,182.08,890.0,16254800.0,183.007
000858.SZ,2022-12-19,0.0,182.0,182.22,182.0,791.0,14399400.0,182.985
000858.SZ,2022-12-19,0.0,181.66,182.0,181.66,751.0,13652500.0,182.959
000858.SZ,2022-12-19,0.0,181.97,181.97,181.65,1049.0,19065500.0,182.924
000858.SZ,2022-12-19,0.0,181.0,181.97,181.0,2039.0,36989300.0,182.843
000858.SZ,2022-12-19,0.0,181.05,181.31,180.99,1163.0,21060000.0,182.791
000858.SZ,2022-12-19,0.0,181.4,181.58,180.9,1605.0,29074800.0,182.727
000858.SZ,2022-12-19,0.0,181.06,181.4,181.0,1164.0,21081800.0,182.682
000858.SZ,2022-12-19,0.0,180.83,181.1,180.83,1644.0,29753500.0,182.618
000858.SZ,2022-12-19,0.0,180.86,180.9,180.82,1089.0,19695200.0,182.575
000858.SZ,2022-12-19,0.0,180.69,180.9,180.65,1289.0,23302900.0,182.525
000858.SZ,2022-12-19,0.0,180.65,180.74,180.55,1736.0,31379100.0,182.459
000858.SZ,2022-12-19,0.0,181.0,181.0,180.65,884.0,15986500.0,182.43
000858.SZ,2022-12-19,0.0,181.65,181.66,181.01,663.0,12018000.0,182.415
000858.SZ,2022-12-19,0.0,181.38,181.67,181.38,756.0,13722600.0,182.401
000858.SZ,2022-12-19,0.0,181.64,181.7,181.38,684.0,12414300.0,182.389
000858.SZ,2022-12-19,0.0,182.0,182.0,181.67,505.0,9183140.0,182.384
000858.SZ,2022-12-19,0.0,182.04,182.04,181.97,595.0,10829100.0,182.379
000858.SZ,2022-12-19,0.0,182.97,182.97,182.23,1250.0,22839800.0,182.387
000858.SZ,2022-12-19,0.0,182.51,182.97,182.5,871.0,15920400.0,182.393
000858.SZ,2022-12-19,0.0,182.58,182.63,182.38,577.0,10520200.0,182.394
000858.SZ,2022-12-19,0.0,182.74,182.81,182.61,435.0,7948820.0,182.397
000858.SZ,2022-12-19,0.0,182.8,182.81,182.74,777.0,14201400.0,182.402
000858.SZ,2022-12-19,0.0,182.82,182.9,182.68,830.0,15172800.0,182.408
000858.SZ,2022-12-19,0.0,182.72,182.82,182.63,784.0,14330700.0,182.412
000858.SZ,2022-12-19,0.0,182.4,182.75,182.4,516.0,9422700.0,182.414
000858.SZ,2022-12-19,0.0,181.99,182.4,181.99,359.0,6531160.0,182.412
000858.SZ,2022-12-19,0.0,181.88,181.9,181.8,413.0,7510570.0,182.408
000858.SZ,2022-12-19,0.0,182.0,182.2,181.82,597.0,10860800.0,182.404
000858.SZ,2022-12-19,0.0,181.68,182.24,181.63,517.0,9401780.0,182.399
000858.SZ,2022-12-19,0.0,181.58,181.7,181.58,342.0,6212560.0,182.395
000858.SZ,2022-12-19,0.0,181.31,181.68,181.25,456.0,8273100.0,182.387
000858.SZ,2022-12-19,0.0,181.48,181.5,181.33,477.0,8654660.0,182.38
000858.SZ,2022-12-19,0.0,181.4,181.82,181.37,804.0,14590300.0,182.368
000858.SZ,2022-12-19,0.0,181.46,181.5,181.36,971.0,17614700.0,182.353
000858.SZ,2022-12-19,0.0,181.19,181.5,181.19,722.0,13091700.0,182.342
000858.SZ,2022-12-19,0.0,181.32,181.32,181.1,616.0,11159700.0,182.33
000858.SZ,2022-12-19,0.0,181.2,181.41,181.12,571.0,10344600.0,182.32
000858.SZ,2022-12-19,0.0,181.27,181.3,181.2,312.0,5655120.0,182.315
000858.SZ,2022-12-19,0.0,181.34,181.38,181.28,264.0,4786410.0,182.311
000858.SZ,2022-12-19,0.0,181.39,181.39,181.32,283.0,5132240.0,182.307
000858.SZ,2022-12-19,0.0,181.25,181.38,181.2,540.0,9789240.0,182.298
000858.SZ,2022-12-19,0.0,181.5,181.5,181.26,176.0,3192580.0,182.296
000858.SZ,2022-12-19,0.0,181.62,181.82,181.5,558.0,10139200.0,182.291
000858.SZ,2022-12-19,0.0,181.44,181.61,181.38,267.0,4846140.0,182.288
000858.SZ,2022-12-19,0.0,181.46,181.5,181.44,141.0,2558470.0,182.286
000858.SZ,2022-12-19,0.0,181.37,181.62,181.37,392.0,7114330.0,182.282
000858.SZ,2022-12-19,0.0,181.34,181.37,181.3,267.0,4841480.0,182.278
000858.SZ,2022-12-19,0.0,181.58,181.62,181.34,674.0,12233300.0,182.27
000858.SZ,2022-12-19,0.0,181.39,181.6,181.39,461.0,8369580.0,182.266
000858.SZ,2022-12-19,0.0,181.3,181.45,181.3,223.0,4044860.0,182.263
000858.SZ,2022-12-19,0.0,181.21,181.39,181.21,264.0,4785520.0,182.259
000858.SZ,2022-12-19,0.0,181.22,181.3,181.21,323.0,5853980.0,182.254
000858.SZ,2022-12-19,0.0,181.3,181.39,181.22,271.0,4912710.0,182.25
000858.SZ,2022-12-19,0.0,181.21,181.3,181.21,232.0,4205030.0,182.247
000858.SZ,2022-12-19,0.0,181.3,181.3,181.19,516.0,9350830.0,182.24
000858.SZ,2022-12-19,0.0,180.82,181.29,180.81,1975.0,35760800.0,182.208
000858.SZ,2022-12-19,0.0,180.85,180.88,180.8,872.0,15768100.0,182.192
000858.SZ,2022-12-19,0.0,180.18,180.85,180.01,2546.0,45950000.0,182.135
000858.SZ,2022-12-19,0.0,180.03,180.2,180.0,2278.0,41017700.0,182.075
000858.SZ,2022-12-19,0.0,180.01,180.11,180.0,1544.0,27798400.0,182.035
000858.SZ,2022-12-19,0.0,180.2,180.3,180.02,683.0,12304100.0,182.019
000858.SZ,2022-12-19,0.0,180.32,180.45,180.29,495.0,8926360.0,182.009
000858.SZ,2022-12-19,0.0,180.27,180.48,180.22,452.0,8150890.0,182.0
000858.SZ,2022-12-19,0.0,180.1,180.28,180.1,725.0,13064600.0,181.984
000858.SZ,2022-12-19,0.0,180.02,180.13,180.01,713.0,12838300.0,181.968
000858.SZ,2022-12-19,0.0,180.0,180.08,180.0,1043.0,18776500.0,181.944
000858.SZ,2022-12-19,0.0,179.63,180.07,179.58,2314.0,41622200.0,181.888
000858.SZ,2022-12-19,0.0,179.99,180.12,179.63,1007.0,18113900.0,181.865
000858.SZ,2022-12-19,0.0,179.97,179.97,179.8,679.0,12214500.0,181.85
000858.SZ,2022-12-19,0.0,179.88,179.98,179.84,727.0,13078100.0,181.834
000858.SZ,2022-12-19,0.0,180.33,180.39,179.8,965.0,17372700.0,181.815
000858.SZ,2022-12-19,0.0,180.5,180.56,180.33,558.0,10070900.0,181.806
000858.SZ,2022-12-19,0.0,180.7,180.8,180.48,446.0,8056940.0,181.801
000858.SZ,2022-12-19,0.0,180.55,180.8,180.48,470.0,8487340.0,181.794
000858.SZ,2022-12-19,0.0,180.7,180.8,180.51,604.0,10912400.0,181.787
000858.SZ,2022-12-19,0.0,180.53,180.7,180.5,438.0,7911860.0,181.782
000858.SZ,2022-12-19,0.0,180.7,180.73,180.5,459.0,8289470.0,181.776
000858.SZ,2022-12-19,0.0,180.78,180.81,180.68,258.0,4663550.0,181.773
000858.SZ,2022-12-19,0.0,180.95,180.95,180.79,272.0,4918820.0,181.77
000858.SZ,2022-12-19,0.0,181.2,181.25,180.92,1053.0,19060000.0,181.762
000858.SZ,2022-12-19,0.0,180.87,181.2,180.66,1042.0,18844400.0,181.752
000858.SZ,2022-12-19,0.0,180.92,181.0,180.85,819.0,14814200.0,181.744
000858.SZ,2022-12-19,0.0,180.97,181.27,180.97,1044.0,18908000.0,181.737
000858.SZ,2022-12-19,0.0,181.07,181.21,180.99,450.0,8146180.0,181.734
000858.SZ,2022-12-19,0.0,180.8,181.04,180.8,645.0,11669700.0,181.729
000858.SZ,2022-12-19,0.0,180.6,180.99,180.6,413.0,7466880.0,181.725
000858.SZ,2022-12-19,0.0,180.79,180.8,180.51,348.0,6285520.0,181.721
000858.SZ,2022-12-19,0.0,180.78,180.8,180.6,323.0,5838560.0,181.718
000858.SZ,2022-12-19,0.0,181.2,181.21,180.72,713.0,12904300.0,181.713
000858.SZ,2022-12-19,0.0,181.16,181.25,180.78,553.0,10012500.0,181.709
000858.SZ,2022-12-19,0.0,181.85,181.85,181.2,841.0,15264500.0,181.708
000858.SZ,2022-12-19,0.0,181.46,182.0,181.22,836.0,15199700.0,181.708
000858.SZ,2022-12-19,0.0,180.97,181.4,180.64,349.0,6319120.0,181.706
000858.SZ,2022-12-19,0.0,180.97,181.15,180.64,311.0,5627820.0,181.704
000858.SZ,2022-12-19,0.0,180.77,181.0,180.77,236.0,4270440.0,181.702
000858.SZ,2022-12-19,0.0,180.77,180.77,180.31,1507.0,27171500.0,181.682
000858.SZ,2022-12-19,0.0,180.77,180.96,180.72,253.0,4582950.0,181.68
000858.SZ,2022-12-19,0.0,180.8,180.95,180.61,287.0,5181770.0,181.678
000858.SZ,2022-12-19,0.0,180.77,181.1,180.77,350.0,6333360.0,181.675
000858.SZ,2022-12-19,0.0,180.77,181.11,180.76,213.0,3854330.0,181.674
000858.SZ,2022-12-19,0.0,181.43,181.58,180.68,1214.0,21965900.0,181.666
000858.SZ,2022-12-19,0.0,181.59,181.61,181.05,539.0,9767710.0,181.663
000858.SZ,2022-12-19,0.0,181.52,181.59,181.44,264.0,4791970.0,181.663
000858.SZ,2022-12-19,0.0,181.47,181.52,181.46,208.0,3774750.0,181.663
000858.SZ,2022-12-19,0.0,181.28,181.48,181.28,475.0,8614100.0,181.661
000858.SZ,2022-12-19,0.0,181.2,181.29,181.2,317.0,5745350.0,181.66
000858.SZ,2022-12-19,0.0,181.28,181.3,181.19,272.0,4929040.0,181.659
000858.SZ,2022-12-19,0.0,181.15,181.28,181.11,255.0,4620260.0,181.658
000858.SZ,2022-12-19,0.0,181.0,181.19,181.0,307.0,5558390.0,181.656
000858.SZ,2022-12-19,0.0,180.93,181.0,180.89,378.0,6839300.0,181.654
000858.SZ,2022-12-19,0.0,181.26,181.3,180.94,583.0,10558800.0,181.651
000858.SZ,2022-12-19,0.0,181.17,181.25,181.0,198.0,3586370.0,181.65
000858.SZ,2022-12-19,0.0,181.01,181.17,181.01,210.0,3803660.0,181.649
000858.SZ,2022-12-19,0.0,181.09,181.14,181.01,285.0,5160570.0,181.647
000858.SZ,2022-12-19,0.0,181.0,181.15,181.0,315.0,5703180.0,181.646
000858.SZ,2022-12-19,0.0,180.9,181.0,180.9,502.0,9084510.0,181.643
000858.SZ,2022-12-19,0.0,180.8,180.93,180.8,331.0,5987050.0,181.641
000858.SZ,2022-12-19,0.0,181.17,181.17,180.86,900.0,16283000.0,181.635
000858.SZ,2022-12-19,0.0,181.0,181.17,180.95,737.0,13340300.0,181.631
000858.SZ,2022-12-19,0.0,180.93,180.99,180.93,229.0,4144100.0,181.629
000858.SZ,2022-12-19,0.0,180.89,180.93,180.88,258.0,4667430.0,181.628
000858.SZ,2022-12-19,0.0,180.7,180.89,180.7,285.0,5152720.0,181.626
000858.SZ,2022-12-19,0.0,180.74,180.79,180.69,404.0,7301070.0,181.623
000858.SZ,2022-12-19,0.0,180.73,180.75,180.72,408.0,7374020.0,181.619
000858.SZ,2022-12-19,0.0,180.79,180.83,180.73,171.0,3090820.0,181.618
000858.SZ,2022-12-19,0.0,180.8,180.82,180.73,530.0,9580610.0,181.614
000858.SZ,2022-12-19,0.0,180.84,180.9,180.83,373.0,6745750.0,181.612
000858.SZ,2022-12-19,0.0,180.66,180.84,180.66,881.0,15921500.0,181.605
000858.SZ,2022-12-19,0.0,180.88,180.88,180.66,1021.0,18460300.0,181.598
000858.SZ,2022-12-19,0.0,181.02,181.11,180.87,543.0,9827670.0,181.596
000858.SZ,2022-12-19,0.0,180.82,181.02,180.79,337.0,6095120.0,181.594
000858.SZ,2022-12-19,0.0,180.99,181.01,180.82,474.0,8576720.0,181.591
000858.SZ,2022-12-19,0.0,180.96,181.0,180.95,232.0,4206010.0,181.59
000858.SZ,2022-12-19,0.0,180.9,180.95,180.87,324.0,5868280.0,181.588
000858.SZ,2022-12-19,0.0,180.86,180.95,180.86,262.0,4739270.0,181.586
000858.SZ,2022-12-19,0.0,180.47,180.89,180.45,491.0,8867830.0,181.583
000858.SZ,2022-12-19,0.0,180.53,180.53,180.45,467.0,8428220.0,181.578
000858.SZ,2022-12-19,0.0,180.52,180.52,180.5,218.0,3935200.0,181.576
000858.SZ,2022-12-19,0.0,180.68,180.74,180.54,152.0,2745690.0,181.575
000858.SZ,2022-12-19,0.0,180.5,180.83,180.49,576.0,10403700.0,181.571
000858.SZ,2022-12-19,0.0,180.39,180.56,180.34,566.0,10213000.0,181.566
000858.SZ,2022-12-19,0.0,180.23,180.46,180.22,621.0,11199300.0,181.559
000858.SZ,2022-12-19,0.0,180.31,180.47,180.24,626.0,11287100.0,181.553
000858.SZ,2022-12-19,0.0,180.32,180.46,180.31,480.0,8657030.0,181.549
000858.SZ,2022-12-19,0.0,180.34,180.4,180.32,417.0,7520090.0,181.545
000858.SZ,2022-12-19,0.0,180.31,180.38,180.31,310.0,5590510.0,181.542
000858.SZ,2022-12-19,0.0,180.55,180.75,180.32,631.0,11387500.0,181.536
000858.SZ,2022-12-19,0.0,180.5,180.62,180.5,221.0,3990410.0,181.535
000858.SZ,2022-12-19,0.0,180.53,180.53,180.47,701.0,12653700.0,181.529
000858.SZ,2022-12-19,0.0,180.7,180.75,180.53,561.0,10133300.0,181.525
000858.SZ,2022-12-19,0.0,180.58,180.7,180.56,243.0,4389110.0,181.523
000858.SZ,2022-12-19,0.0,180.54,180.59,180.51,367.0,6626450.0,181.521
000858.SZ,2022-12-19,0.0,180.42,180.55,180.42,583.0,10523300.0,181.516
000858.SZ,2022-12-19,0.0,180.24,180.41,180.24,748.0,13487500.0,181.509
000858.SZ,2022-12-19,0.0,180.07,180.24,180.07,1154.0,20791000.0,181.497
000858.SZ,2022-12-19,0.0,179.82,180.17,179.82,2311.0,41591400.0,181.471
000858.SZ,2022-12-19,0.0,179.66,179.81,179.66,1944.0,34947100.0,181.446
000858.SZ,2022-12-19,0.0,179.63,179.7,179.62,1298.0,23320000.0,181.429
000858.SZ,2022-12-19,0.0,179.5,179.62,179.5,3006.0,53982300.0,181.39
000858.SZ,2022-12-19,0.0,179.51,179.51,179.3,3751.0,67301600.0,181.338
000858.SZ,2022-12-19,0.0,179.83,179.9,179.5,967.0,17385200.0,181.327
000858.SZ,2022-12-19,0.0,179.83,179.85,179.82,552.0,9926870.0,181.322
000858.SZ,2022-12-19,0.0,179.6,179.82,179.5,891.0,16011100.0,181.312
000858.SZ,2022-12-19,0.0,180.18,180.18,179.58,1280.0,23010800.0,181.298
000858.SZ,2022-12-19,0.0,180.0,180.36,180.0,913.0,16448700.0,181.291
000858.SZ,2022-12-19,0.0,179.98,180.0,179.8,463.0,8329790.0,181.287
000858.SZ,2022-12-19,0.0,179.88,179.98,179.88,411.0,7393650.0,181.283
000858.SZ,2022-12-19,0.0,179.88,179.91,179.78,483.0,8687730.0,181.279
000858.SZ,2022-12-19,0.0,180.0,180.0,179.85,795.0,14304000.0,181.271
000858.SZ,2022-12-19,0.0,179.82,179.91,179.81,483.0,8687580.0,181.267
000858.SZ,2022-12-19,0.0,179.56,179.82,179.5,877.0,15751700.0,181.257
000858.SZ,2022-12-19,0.0,179.11,179.7,179.0,2753.0,49348800.0,181.222
000858.SZ,2022-12-19,0.0,179.73,179.73,179.08,1130.0,20276300.0,181.209
000858.SZ,2022-12-19,0.0,179.72,179.85,179.58,477.0,8573380.0,181.204
000858.SZ,2022-12-19,0.0,179.61,179.67,179.57,705.0,12662400.0,181.197
000858.SZ,2022-12-19,0.0,179.5,179.63,179.5,678.0,12173100.0,181.19
000858.SZ,2022-12-19,0.0,179.87,179.87,179.49,1358.0,24399200.0,181.177
000858.SZ,2022-12-19,0.0,179.88,179.99,179.73,765.0,13755400.0,181.17
000858.SZ,2022-12-19,0.0,180.18,180.18,179.88,838.0,15080500.0,181.164
000858.SZ,2022-12-19,0.0,179.97,180.08,179.9,649.0,11682300.0,181.159
000858.SZ,2022-12-19,0.0,179.91,179.91,179.87,460.0,8275050.0,181.156
000858.SZ,2022-12-19,0.0,180.01,180.06,179.91,706.0,12707000.0,181.151
000858.SZ,2022-12-19,0.0,179.96,180.03,179.95,597.0,10746500.0,181.146
000858.SZ,2022-12-19,0.0,179.94,179.96,179.9,399.0,7179420.0,181.143
000858.SZ,2022-12-19,0.0,179.91,179.96,179.9,536.0,9644400.0,181.139
000858.SZ,2022-12-19,0.0,179.68,179.88,179.65,541.0,9726570.0,181.135
000858.SZ,2022-12-19,0.0,179.51,179.66,179.49,708.0,12709400.0,181.128
000858.SZ,2022-12-19,0.0,179.39,179.52,179.39,579.0,10391900.0,181.122
000858.SZ,2022-12-19,0.0,179.4,179.41,179.33,719.0,12889200.0,181.115
000858.SZ,2022-12-19,0.0,179.78,179.78,179.39,876.0,15728000.0,181.106
000858.SZ,2022-12-19,0.0,179.81,180.0,179.81,827.0,14880900.0,181.101
000858.SZ,2022-12-19,0.0,179.67,179.76,179.49,712.0,12788400.0,181.094
000858.SZ,2022-12-19,0.0,179.53,179.71,179.53,505.0,9068890.0,181.09
000858.SZ,2022-12-19,0.0,179.69,179.7,179.5,1852.0,33257700.0,181.074
000858.SZ,2022-12-19,0.0,179.54,179.7,179.54,677.0,12159300.0,181.068
000858.SZ,2022-12-19,0.0,179.47,179.54,179.46,1053.0,18901100.0,181.058
000858.SZ,2022-12-19,0.0,179.64,179.67,179.45,1590.0,28548000.0,181.044
000858.SZ,2022-12-19,0.0,179.55,179.64,179.52,482.0,8656320.0,181.04
000858.SZ,2022-12-19,0.0,179.55,179.55,179.5,762.0,13679500.0,181.034
000858.SZ,2022-12-19,0.0,179.52,179.56,179.51,819.0,14704100.0,181.027
000858.SZ,2022-12-19,0.0,179.53,179.6,179.51,706.0,12675700.0,181.021
000858.SZ,2022-12-19,0.0,179.5,179.53,179.47,1114.0,19997000.0,181.011
000858.SZ,2022-12-19,0.0,179.31,179.5,179.26,1448.0,25970800.0,180.998
000858.SZ,2022-12-19,0.0,179.16,179.26,179.14,1115.0,19981100.0,180.987
000858.SZ,2022-12-19,0.0,179.18,179.26,179.12,1176.0,21065500.0,180.975
000858.SZ,2022-12-19,0.0,179.46,179.5,179.16,1647.0,29539700.0,180.961
000858.SZ,2022-12-19,0.0,179.46,179.46,179.28,782.0,14024300.0,180.954
000858.SZ,2022-12-19,0.0,179.39,179.42,179.38,930.0,16677000.0,180.946
000858.SZ,2022-12-19,0.0,179.75,179.76,179.39,1114.0,19994000.0,180.937
000858.SZ,2022-12-19,0.0,179.89,179.9,179.8,564.0,10144200.0,180.934
000858.SZ,2022-12-19,0.0,179.9,179.91,179.81,808.0,14538500.0,180.929
000858.SZ,2022-12-19,0.0,179.99,179.99,179.91,629.0,11319400.0,180.926
000858.SZ,2022-12-19,0.0,180.0,180.0,179.97,853.0,15349400.0,180.922
000858.SZ,2022-12-19,0.0,179.97,180.0,179.95,723.0,13013400.0,180.918
000858.SZ,2022-12-19,0.0,179.96,179.99,179.95,441.0,7942360.0,180.916
000858.SZ,2022-12-19,0.0,180.2,180.29,179.97,1077.0,19405900.0,180.912
000858.SZ,2022-12-19,0.0,180.1,180.18,180.08,753.0,13566400.0,180.909
000858.SZ,2022-12-19,0.0,180.02,180.02,180.02,24.0,432138.0,180.909
000858.SZ,2022-12-19,0.0,180.02,180.02,180.02,0.0,0.0,180.909
000858.SZ,2022-12-19,0.0,179.95,179.95,179.95,1847.0,33236000.0,180.9
000858.SZ,2022-12-20,0.0,179.94,179.94,179.94,652.0,11732100.0,179.94
000858.SZ,2022-12-20,0.0,180.2,180.5,178.51,3239.0,58221400.0,179.783
000858.SZ,2022-12-20,0.0,179.37,180.03,178.62,1650.0,29594300.0,179.671
000858.SZ,2022-12-20,0.0,179.0,179.32,178.75,1044.0,18686900.0,179.564
000858.SZ,2022-12-20,0.0,178.2,179.0,178.2,1168.0,20874400.0,179.437
000858.SZ,2022-12-20,0.0,178.0,178.4,177.66,2616.0,46592100.0,179.109
000858.SZ,2022-12-20,0.0,177.8,178.09,177.56,2151.0,38244100.0,178.889
000858.SZ,2022-12-20,0.0,177.97,178.33,177.86,1450.0,25824400.0,178.803
000858.SZ,2022-12-20,0.0,178.2,178.22,178.0,882.0,15709700.0,178.762
000858.SZ,2022-12-20,0.0,178.15,178.24,178.15,1089.0,19400500.0,178.723
000858.SZ,2022-12-20,0.0,178.15,178.51,178.13,2044.0,36440800.0,178.673
000858.SZ,2022-12-20,0.0,178.02,178.18,178.02,1923.0,34247400.0,178.617
000858.SZ,2022-12-20,0.0,177.87,178.02,177.8,1794.0,31922000.0,178.559
000858.SZ,2022-12-20,0.0,177.69,177.82,177.69,1879.0,33393400.0,178.496
000858.SZ,2022-12-20,0.0,177.9,177.9,177.48,3959.0,70314896.0,178.368
000858.SZ,2022-12-20,0.0,178.49,178.5,177.7,1466.0,26101400.0,178.352
000858.SZ,2022-12-20,0.0,178.8,179.0,178.78,700.0,12522000.0,178.364
000858.SZ,2022-12-20,0.0,178.14,178.83,178.08,725.0,12931200.0,178.364
000858.SZ,2022-12-20,0.0,178.22,178.68,178.2,878.0,15663700.0,178.365
000858.SZ,2022-12-20,0.0,177.82,178.21,177.81,770.0,13708900.0,178.357
000858.SZ,2022-12-20,0.0,177.47,177.76,177.47,1229.0,21820600.0,178.328
000858.SZ,2022-12-20,0.0,177.49,177.62,177.4,2055.0,36480900.0,178.279
000858.SZ,2022-12-20,0.0,177.1,177.49,177.08,1362.0,24146800.0,178.243
000858.SZ,2022-12-20,0.0,177.2,177.2,177.06,1943.0,34424100.0,178.189
000858.SZ,2022-12-20,0.0,177.32,177.39,177.19,996.0,17656400.0,178.166
000858.SZ,2022-12-20,0.0,177.01,177.32,177.0,2582.0,45719400.0,178.099
000858.SZ,2022-12-20,0.0,176.92,177.02,176.9,2261.0,40016600.0,178.042
000858.SZ,2022-12-20,0.0,176.8,176.92,176.8,1340.0,23703500.0,178.009
000858.SZ,2022-12-20,0.0,177.05,177.05,176.72,2278.0,40296200.0,177.956
000858.SZ,2022-12-20,0.0,177.7,177.7,177.1,829.0,14695400.0,177.944
000858.SZ,2022-12-20,0.0,177.3,177.69,177.3,648.0,11499800.0,177.938
000858.SZ,2022-12-20,0.0,177.42,177.48,177.05,931.0,16507000.0,177.926
000858.SZ,2022-12-20,0.0,177.48,177.48,177.1,953.0,16901100.0,177.914
000858.SZ,2022-12-20,0.0,177.2,177.65,177.2,565.0,10031600.0,177.91
000858.SZ,2022-12-20,0.0,177.2,177.5,177.07,505.0,8940030.0,177.903
000858.SZ,2022-12-20,0.0,177.25,177.34,177.2,447.0,7923450.0,177.898
000858.SZ,2022-12-20,0.0,177.01,177.23,177.01,1049.0,18579300.0,177.882
000858.SZ,2022-12-20,0.0,176.75,177.01,176.75,918.0,16237800.0,177.866
000858.SZ,2022-12-20,0.0,176.48,176.75,176.46,1257.0,22195200.0,177.837
000858.SZ,2022-12-20,0.0,176.21,176.41,176.07,1921.0,33864800.0,177.786
000858.SZ,2022-12-20,0.0,176.2,176.21,176.06,2433.0,42853300.0,177.719
000858.SZ,2022-12-20,0.0,176.02,176.2,176.01,1492.0,26271700.0,177.68
000858.SZ,2022-12-20,0.0,175.94,176.03,175.89,2617.0,46058400.0,177.612
000858.SZ,2022-12-20,0.0,175.95,176.22,175.84,3519.0,61936500.0,177.529
000858.SZ,2022-12-20,0.0,175.5,176.0,175.5,1310.0,23018200.0,177.495
000858.SZ,2022-12-20,0.0,175.8,175.8,175.28,2700.0,47370100.0,177.418
000858.SZ,2022-12-20,0.0,175.72,175.99,175.72,1157.0,20348800.0,177.394
000858.SZ,2022-12-20,0.0,175.79,175.84,175.53,990.0,17393400.0,177.371
000858.SZ,2022-12-20,0.0,175.6,175.8,175.56,727.0,12774400.0,177.355
000858.SZ,2022-12-20,0.0,175.18,175.6,175.18,1375.0,24125100.0,177.321
000858.SZ,2022-12-20,0.0,175.42,175.42,175.12,1876.0,32877400.0,177.271
000858.SZ,2022-12-20,0.0,175.26,175.38,175.26,1194.0,20931500.0,177.242
000858.SZ,2022-12-20,0.0,175.21,175.3,175.21,1569.0,27494700.0,177.203
000858.SZ,2022-12-20,0.0,175.38,175.39,175.18,2195.0,38476600.0,177.152
000858.SZ,2022-12-20,0.0,175.26,175.29,175.2,1643.0,28793100.0,177.115
000858.SZ,2022-12-20,0.0,175.15,175.22,175.1,1483.0,25969400.0,177.082
000858.SZ,2022-12-20,0.0,174.82,175.15,174.82,3764.0,65871100.0,176.995
000858.SZ,2022-12-20,0.0,174.72,174.82,174.55,2737.0,47831000.0,176.928
000858.SZ,2022-12-20,0.0,174.6,174.72,174.6,1975.0,34502900.0,176.881
000858.SZ,2022-12-20,0.0,174.13,174.6,174.13,2721.0,47471900.0,176.814
000858.SZ,2022-12-20,0.0,174.58,174.59,174.12,4889.0,85270800.0,176.7
000858.SZ,2022-12-20,0.0,174.92,175.03,174.5,2155.0,37667700.0,176.66
000858.SZ,2022-12-20,0.0,174.58,174.92,174.58,1133.0,19796900.0,176.64
000858.SZ,2022-12-20,0.0,174.2,174.5,174.2,1054.0,18374600.0,176.617
000858.SZ,2022-12-20,0.0,174.21,174.21,174.14,2063.0,35933200.0,176.571
000858.SZ,2022-12-20,0.0,174.33,174.52,174.14,1367.0,23825100.0,176.543
000858.SZ,2022-12-20,0.0,174.36,174.36,174.25,901.0,15703500.0,176.525
000858.SZ,2022-12-20,0.0,174.8,174.8,174.44,863.0,15069200.0,176.51
000858.SZ,2022-12-20,0.0,175.0,175.0,174.9,1494.0,26134400.0,176.489
000858.SZ,2022-12-20,0.0,175.1,175.11,175.0,810.0,14179100.0,176.479
000858.SZ,2022-12-20,0.0,174.75,175.12,174.75,1258.0,22016900.0,176.463
000858.SZ,2022-12-20,0.0,174.45,174.74,174.45,675.0,11781200.0,176.452
000858.SZ,2022-12-20,0.0,174.49,174.49,174.34,822.0,14336100.0,176.437
000858.SZ,2022-12-20,0.0,174.51,174.64,174.48,726.0,12672100.0,176.426
000858.SZ,2022-12-20,0.0,174.45,174.51,174.45,823.0,14358700.0,176.412
000858.SZ,2022-12-20,0.0,174.36,174.48,174.34,559.0,9750440.0,176.403
000858.SZ,2022-12-20,0.0,174.2,174.31,174.2,955.0,16642500.0,176.386
000858.SZ,2022-12-20,0.0,174.25,174.29,174.16,906.0,15784300.0,176.37
000858.SZ,2022-12-20,0.0,174.05,174.23,174.02,1707.0,29726000.0,176.339
000858.SZ,2022-12-20,0.0,173.97,174.02,173.88,2885.0,50196600.0,176.285
000858.SZ,2022-12-20,0.0,173.69,173.88,173.68,2501.0,43461500.0,176.236
000858.SZ,2022-12-20,0.0,173.2,173.7,173.0,5140.0,89156896.0,176.129
000858.SZ,2022-12-20,0.0,172.81,173.24,172.8,4790.0,82914896.0,176.024
000858.SZ,2022-12-20,0.0,172.82,172.89,172.0,5095.0,88008304.0,175.907
000858.SZ,2022-12-20,0.0,173.67,173.69,172.8,1476.0,25584300.0,175.88
000858.SZ,2022-12-20,0.0,173.49,173.7,173.2,1369.0,23750600.0,175.858
000858.SZ,2022-12-20,0.0,173.44,173.57,173.4,1440.0,24979200.0,175.835
000858.SZ,2022-12-20,0.0,173.66,173.79,173.38,816.0,14164800.0,175.823
000858.SZ,2022-12-20,0.0,173.61,173.77,173.51,1009.0,17518100.0,175.808
000858.SZ,2022-12-20,0.0,173.19,173.62,173.19,826.0,14330100.0,175.795
000858.SZ,2022-12-20,0.0,172.71,173.15,172.6,2288.0,39553600.0,175.751
000858.SZ,2022-12-20,0.0,173.5,173.51,172.66,3110.0,53846400.0,175.699
000858.SZ,2022-12-20,0.0,173.7,173.96,173.51,1323.0,22991900.0,175.683
000858.SZ,2022-12-20,0.0,173.66,173.66,173.49,1548.0,26864300.0,175.662
000858.SZ,2022-12-20,0.0,173.59,173.71,173.53,1659.0,28808300.0,175.641
000858.SZ,2022-12-20,0.0,173.4,173.59,173.4,1063.0,18447000.0,175.627
000858.SZ,2022-12-20,0.0,173.4,173.6,173.33,1401.0,24305500.0,175.609
000858.SZ,2022-12-20,0.0,173.35,173.42,173.35,1051.0,18224000.0,175.594
000858.SZ,2022-12-20,0.0,173.38,173.54,173.34,1579.0,27386000.0,175.574
000858.SZ,2022-12-20,0.0,173.15,173.37,173.15,964.0,16700000.0,175.56
000858.SZ,2022-12-20,0.0,173.0,173.14,172.99,1059.0,18325200.0,175.544
000858.SZ,2022-12-20,0.0,172.6,172.97,172.6,1197.0,20683200.0,175.525
000858.SZ,2022-12-20,0.0,172.36,172.58,172.36,1396.0,24077600.0,175.5
000858.SZ,2022-12-20,0.0,172.26,172.7,172.26,3571.0,61586300.0,175.437
000858.SZ,2022-12-20,0.0,172.18,172.47,172.18,1573.0,27101900.0,175.409
000858.SZ,2022-12-20,0.0,172.16,172.3,172.1,3031.0,52171800.0,175.353
000858.SZ,2022-12-20,0.0,172.77,173.0,172.12,2365.0,40772600.0,175.314
000858.SZ,2022-12-20,0.0,172.75,172.79,172.58,1328.0,22934100.0,175.295
000858.SZ,2022-12-20,0.0,172.9,172.9,172.7,1224.0,21147900.0,175.278
000858.SZ,2022-12-20,0.0,172.85,173.14,172.84,2010.0,34766500.0,175.253
000858.SZ,2022-12-20,0.0,172.69,172.88,172.66,1241.0,21445100.0,175.237
000858.SZ,2022-12-20,0.0,172.5,172.69,172.5,927.0,16001400.0,175.224
000858.SZ,2022-12-20,0.0,172.34,172.48,172.2,1312.0,22606400.0,175.203
000858.SZ,2022-12-20,0.0,172.5,172.97,172.48,1029.0,17764500.0,175.189
000858.SZ,2022-12-20,0.0,172.24,172.5,172.24,1598.0,27541000.0,175.166
000858.SZ,2022-12-20,0.0,172.22,172.33,172.19,1513.0,26060700.0,175.143
000858.SZ,2022-12-20,0.0,172.29,172.33,172.22,1189.0,20482100.0,175.125
000858.SZ,2022-12-20,0.0,172.5,172.61,172.29,672.0,11586200.0,175.116
000858.SZ,2022-12-20,0.0,172.69,172.78,172.5,1175.0,20280000.0,175.1
000858.SZ,2022-12-20,0.0,172.85,173.0,172.5,863.0,14911400.0,175.09
000858.SZ,2022-12-20,0.0,173.03,173.2,172.98,717.0,12402100.0,175.083
000858.SZ,2022-12-20,0.0,172.39,173.2,172.39,2756.0,47660500.0,175.053
000858.SZ,2022-12-20,0.0,172.33,172.65,172.32,1931.0,33298900.0,175.029
000858.SZ,2022-12-20,0.0,172.05,172.3,172.0,4394.0,75602800.0,174.965
000858.SZ,2022-12-20,0.0,171.74,172.03,171.71,2038.0,35033700.0,174.935
000858.SZ,2022-12-20,0.0,171.8,171.8,171.65,1958.0,33618500.0,174.905
000858.SZ,2022-12-20,0.0,171.84,172.03,171.81,1405.0,24152200.0,174.885
000858.SZ,2022-12-20,0.0,171.77,171.87,171.61,1968.0,33793000.0,174.856
000858.SZ,2022-12-20,0.0,171.57,171.77,171.56,2196.0,37690300.0,174.824
000858.SZ,2022-12-20,0.0,171.45,171.58,171.44,2021.0,34659100.0,174.793
000858.SZ,2022-12-20,0.0,171.33,171.52,171.33,1669.0,28606200.0,174.767
000858.SZ,2022-12-20,0.0,171.24,171.37,171.24,2212.0,37898700.0,174.733
000858.SZ,2022-12-20,0.0,171.22,171.28,171.18,1633.0,27966400.0,174.707
000858.SZ,2022-12-20,0.0,171.4,171.48,171.2,1746.0,29901300.0,174.68
000858.SZ,2022-12-20,0.0,171.59,171.6,171.39,1205.0,20666500.0,174.663
000858.SZ,2022-12-20,0.0,171.89,171.91,171.57,918.0,15766100.0,174.652
000858.SZ,2022-12-20,0.0,171.8,171.91,171.77,1357.0,23318600.0,174.635
000858.SZ,2022-12-20,0.0,171.8,171.81,171.59,2299.0,39462300.0,174.605
000858.SZ,2022-12-20,0.0,171.52,171.64,171.36,1900.0,32589800.0,174.58
000858.SZ,2022-12-20,0.0,171.35,171.52,171.35,2127.0,36450200.0,174.551
000858.SZ,2022-12-20,0.0,171.66,171.89,171.21,1913.0,32789500.0,174.526
000858.SZ,2022-12-20,0.0,171.45,171.67,171.38,1018.0,17461900.0,174.513
000858.SZ,2022-12-20,0.0,171.1,171.5,171.1,1089.0,18648200.0,174.498
000858.SZ,2022-12-20,0.0,170.93,171.15,170.89,2434.0,41626000.0,174.463
000858.SZ,2022-12-20,0.0,170.87,170.92,170.82,1737.0,29682500.0,174.437
000858.SZ,2022-12-20,0.0,170.79,170.84,170.73,1256.0,21452500.0,174.419
000858.SZ,2022-12-20,0.0,171.16,171.16,170.7,1602.0,27372100.0,174.395
000858.SZ,2022-12-20,0.0,171.01,171.29,171.0,676.0,11575500.0,174.387
000858.SZ,2022-12-20,0.0,170.88,171.06,170.88,787.0,13452600.0,174.376
000858.SZ,2022-12-20,0.0,170.7,170.89,170.69,1128.0,19265200.0,174.359
000858.SZ,2022-12-20,0.0,170.63,170.7,170.62,1157.0,19744500.0,174.342
000858.SZ,2022-12-20,0.0,170.73,171.0,170.6,2294.0,39169800.0,174.31
000858.SZ,2022-12-20,0.0,170.61,170.72,170.56,2049.0,34966300.0,174.28
000858.SZ,2022-12-20,0.0,170.32,170.58,170.27,1755.0,29908100.0,174.254
000858.SZ,2022-12-20,0.0,170.35,170.4,170.25,2690.0,45822000.0,174.213
000858.SZ,2022-12-20,0.0,170.07,170.34,170.07,1689.0,28748100.0,174.187
000858.SZ,2022-12-20,0.0,170.08,170.17,170.04,1953.0,33223800.0,174.156
000858.SZ,2022-12-20,0.0,170.01,170.1,170.0,1983.0,33721100.0,174.125
000858.SZ,2022-12-20,0.0,170.06,170.06,170.0,3425.0,58224800.0,174.073
000858.SZ,2022-12-20,0.0,169.99,170.03,169.88,2850.0,48443100.0,174.03
000858.SZ,2022-12-20,0.0,170.23,170.24,169.91,1650.0,28061000.0,174.005
000858.SZ,2022-12-20,0.0,170.8,170.8,170.29,1496.0,25509000.0,173.986
000858.SZ,2022-12-20,0.0,171.1,171.1,170.89,911.0,15577200.0,173.976
000858.SZ,2022-12-20,0.0,171.21,171.21,171.06,724.0,12392000.0,173.969
000858.SZ,2022-12-20,0.0,171.15,171.3,171.06,1342.0,22978700.0,173.956
000858.SZ,2022-12-20,0.0,171.14,171.16,171.13,895.0,15317800.0,173.947
000858.SZ,2022-12-20,0.0,171.45,171.5,171.15,945.0,16194000.0,173.938
000858.SZ,2022-12-20,0.0,171.28,171.48,171.19,1137.0,19480600.0,173.927
000858.SZ,2022-12-20,0.0,171.53,171.76,171.28,1231.0,21117600.0,173.917
000858.SZ,2022-12-20,0.0,171.63,171.71,171.58,749.0,12855300.0,173.911
000858.SZ,2022-12-20,0.0,171.8,171.85,171.7,828.0,14232200.0,173.904
000858.SZ,2022-12-20,0.0,171.68,171.8,171.68,877.0,15063700.0,173.898
000858.SZ,2022-12-20,0.0,171.66,171.76,171.66,602.0,10335900.0,173.893
000858.SZ,2022-12-20,0.0,172.1,172.1,171.66,1323.0,22739300.0,173.884
000858.SZ,2022-12-20,0.0,172.1,172.13,172.07,779.0,13407000.0,173.879
000858.SZ,2022-12-20,0.0,172.46,172.49,172.09,1002.0,17267700.0,173.874
000858.SZ,2022-12-20,0.0,172.11,172.47,172.11,960.0,16542200.0,173.868
000858.SZ,2022-12-20,0.0,171.96,172.1,171.96,603.0,10373800.0,173.864
000858.SZ,2022-12-20,0.0,171.79,171.95,171.76,539.0,9263180.0,173.861
000858.SZ,2022-12-20,0.0,171.95,171.96,171.8,966.0,16606500.0,173.854
000858.SZ,2022-12-20,0.0,171.96,171.98,171.92,505.0,8683900.0,173.851
000858.SZ,2022-12-20,0.0,172.35,172.35,171.97,680.0,11708200.0,173.847
000858.SZ,2022-12-20,0.0,172.58,172.58,172.35,701.0,12088000.0,173.844
000858.SZ,2022-12-20,0.0,172.99,172.99,172.58,810.0,13999600.0,173.841
000858.SZ,2022-12-20,0.0,173.16,173.18,172.99,1031.0,17841300.0,173.838
000858.SZ,2022-12-20,0.0,173.42,173.49,173.19,922.0,15984700.0,173.836
000858.SZ,2022-12-20,0.0,173.29,173.39,173.2,931.0,16132800.0,173.835
000858.SZ,2022-12-20,0.0,173.52,173.53,173.29,1036.0,17970100.0,173.834
000858.SZ,2022-12-20,0.0,173.73,173.73,173.53,991.0,17207400.0,173.833
000858.SZ,2022-12-20,0.0,173.6,173.85,173.6,3166.0,54964200.0,173.831
000858.SZ,2022-12-20,0.0,173.33,173.65,173.33,543.0,9423900.0,173.83
000858.SZ,2022-12-20,0.0,173.04,173.26,172.96,786.0,13601300.0,173.828
000858.SZ,2022-12-20,0.0,173.11,173.18,173.05,436.0,7547080.0,173.827
000858.SZ,2022-12-20,0.0,172.88,173.12,172.88,620.0,10729700.0,173.825
000858.SZ,2022-12-20,0.0,172.88,172.88,172.81,476.0,8228580.0,173.824
000858.SZ,2022-12-20,0.0,172.88,173.02,172.88,557.0,9635230.0,173.822
000858.SZ,2022-12-20,0.0,172.98,173.0,172.9,530.0,9167700.0,173.821
000858.SZ,2022-12-20,0.0,173.0,173.01,172.95,565.0,9773020.0,173.819
000858.SZ,2022-12-20,0.0,173.21,173.21,172.98,797.0,13791800.0,173.817
000858.SZ,2022-12-20,0.0,173.36,173.57,173.21,729.0,12645700.0,173.816
000858.SZ,2022-12-20,0.0,173.07,173.44,173.07,1017.0,17625800.0,173.815
000858.SZ,2022-12-20,0.0,173.04,173.1,173.0,569.0,9838780.0,173.813
000858.SZ,2022-12-20,0.0,172.94,173.0,172.93,639.0,11051300.0,173.812
000858.SZ,2022-12-20,0.0,172.87,173.05,172.82,963.0,16656300.0,173.809
000858.SZ,2022-12-20,0.0,172.88,172.92,172.82,427.0,7381800.0,173.808
000858.SZ,2022-12-20,0.0,173.0,173.01,172.86,824.0,14249400.0,173.805
000858.SZ,2022-12-20,0.0,173.07,173.07,172.99,1223.0,21156500.0,173.802
000858.SZ,2022-12-20,0.0,173.03,173.3,173.03,690.0,11947500.0,173.801
000858.SZ,2022-12-20,0.0,173.02,173.04,173.0,553.0,9568240.0,173.799
000858.SZ,2022-12-20,0.0,172.67,172.97,172.66,689.0,11906200.0,173.797
000858.SZ,2022-12-20,0.0,172.5,172.66,172.45,470.0,8110230.0,173.795
000858.SZ,2022-12-20,0.0,172.64,172.64,172.47,866.0,14941600.0,173.792
000858.SZ,2022-12-20,0.0,172.98,173.01,172.68,565.0,9764970.0,173.79
000858.SZ,2022-12-20,0.0,173.04,173.04,173.0,418.0,7231630.0,173.789
000858.SZ,2022-12-20,0.0,173.22,173.22,173.03,705.0,12207000.0,173.788
000858.SZ,2022-12-20,0.0,173.15,173.23,173.13,447.0,7742040.0,173.787
000858.SZ,2022-12-20,0.0,173.1,173.15,173.04,607.0,10507900.0,173.786
000858.SZ,2022-12-20,0.0,172.68,173.04,172.68,519.0,8971470.0,173.784
000858.SZ,2022-12-20,0.0,172.82,172.85,172.68,641.0,11076400.0,173.782
000858.SZ,2022-12-20,0.0,172.69,172.82,172.69,631.0,10906100.0,173.78
000858.SZ,2022-12-20,0.0,172.48,172.69,172.45,830.0,14312200.0,173.777
000858.SZ,2022-12-20,0.0,172.49,172.7,172.05,1615.0,27847200.0,173.77
000858.SZ,2022-12-20,0.0,172.46,172.67,172.46,549.0,9474450.0,173.768
000858.SZ,2022-12-20,0.0,172.44,172.5,172.41,612.0,10554800.0,173.766
000858.SZ,2022-12-20,0.0,172.54,172.66,172.48,862.0,14877200.0,173.762
000858.SZ,2022-12-20,0.0,172.25,172.54,172.17,1204.0,20745600.0,173.757
000858.SZ,2022-12-20,0.0,172.26,172.41,172.11,1533.0,26413800.0,173.75
000858.SZ,2022-12-20,0.0,172.59,172.6,172.28,1051.0,18122500.0,173.746
000858.SZ,2022-12-20,0.0,172.56,172.58,172.5,1008.0,17392800.0,173.742
000858.SZ,2022-12-20,0.0,172.5,172.6,172.5,1143.0,19724200.0,173.738
000858.SZ,2022-12-20,0.0,172.5,172.55,172.49,927.0,15986400.0,173.735
000858.SZ,2022-12-20,0.0,172.63,172.67,172.5,1079.0,18622900.0,173.731
000858.SZ,2022-12-20,0.0,172.67,172.67,172.64,810.0,13985100.0,173.729
000858.SZ,2022-12-20,0.0,172.7,172.72,172.65,1061.0,18324900.0,173.725
000858.SZ,2022-12-20,0.0,172.73,172.8,172.7,944.0,16305600.0,173.722
000858.SZ,2022-12-20,0.0,172.66,172.73,172.66,1285.0,22193100.0,173.719
000858.SZ,2022-12-20,0.0,172.5,172.66,172.29,3304.0,56973400.0,173.706
000858.SZ,2022-12-20,0.0,172.5,172.71,172.5,1368.0,23613000.0,173.702
000858.SZ,2022-12-20,0.0,172.5,172.5,172.5,20.0,344987.0,173.701
000858.SZ,2022-12-20,0.0,172.5,172.5,172.5,0.0,0.0,173.701
000858.SZ,2022-12-20,0.0,172.51,172.51,172.51,2094.0,36131000.0,173.694
000858.SZ,2022-12-21,0.0,175.0,175.0,175.0,1670.0,29225000.0,175.0
000858.SZ,2022-12-21,0.0,174.09,175.5,173.55,11029.0,192647008.0,174.716
000858.SZ,2022-12-21,0.0,174.58,175.09,174.21,5251.0,91724304.0,174.708
000858.SZ,2022-12-21,0.0,174.8,174.8,174.55,2722.0,47555500.0,174.708
000858.SZ,2022-12-21,0.0,174.12,175.09,174.12,3549.0,62023900.0,174.716
000858.SZ,2022-12-21,0.0,174.76,174.8,174.0,1922.0,33522200.0,174.694
000858.SZ,2022-12-21,0.0,175.1,175.37,174.74,3540.0,61968700.0,174.736
000858.SZ,2022-12-21,0.0,175.02,175.12,174.9,2635.0,46125200.0,174.762
000858.SZ,2022-12-21,0.0,174.5,174.89,174.3,2041.0,35634300.0,174.752
000858.SZ,2022-12-21,0.0,174.88,174.88,174.55,1069.0,18677300.0,174.751
000858.SZ,2022-12-21,0.0,174.89,175.02,174.86,1601.0,28010700.0,174.76
000858.SZ,2022-12-21,0.0,174.48,174.82,174.08,1504.0,26240900.0,174.748
000858.SZ,2022-12-21,0.0,174.26,174.61,174.08,1786.0,31134300.0,174.73
000858.SZ,2022-12-21,0.0,173.85,174.35,173.85,1607.0,27972200.0,174.704
000858.SZ,2022-12-21,0.0,174.21,174.21,173.79,1500.0,26098800.0,174.679
000858.SZ,2022-12-21,0.0,174.62,174.62,174.2,759.0,13238100.0,174.675
000858.SZ,2022-12-21,0.0,175.04,175.05,174.68,2739.0,47921400.0,174.692
000858.SZ,2022-12-21,0.0,174.75,175.28,174.62,2198.0,38467700.0,174.707
000858.SZ,2022-12-21,0.0,174.9,174.99,174.71,769.0,13443500.0,174.709
000858.SZ,2022-12-21,0.0,175.21,175.22,174.99,1987.0,34811600.0,174.726
000858.SZ,2022-12-21,0.0,175.41,175.45,175.2,2133.0,37396800.0,174.75
000858.SZ,2022-12-21,0.0,175.13,175.67,175.12,2061.0,36155100.0,174.776
000858.SZ,2022-12-21,0.0,174.9,175.12,174.72,929.0,16245400.0,174.778
000858.SZ,2022-12-21,0.0,175.02,175.02,174.84,635.0,11108800.0,174.779
000858.SZ,2022-12-21,0.0,175.21,175.36,175.0,1131.0,19827500.0,174.788
000858.SZ,2022-12-21,0.0,175.01,175.22,174.93,886.0,15508500.0,174.792
000858.SZ,2022-12-21,0.0,174.78,175.11,174.78,883.0,15449200.0,174.794
000858.SZ,2022-12-21,0.0,174.39,174.7,174.26,1196.0,20861700.0,174.787
000858.SZ,2022-12-21,0.0,174.27,174.48,174.13,808.0,14086600.0,174.782
000858.SZ,2022-12-21,0.0,174.09,174.13,174.02,714.0,12430000.0,174.774
000858.SZ,2022-12-21,0.0,174.36,174.36,174.12,681.0,11863700.0,174.768
000858.SZ,2022-12-21,0.0,174.25,174.57,174.0,1829.0,31849200.0,174.749
000858.SZ,2022-12-21,0.0,173.91,174.13,173.88,588.0,10223400.0,174.742
000858.SZ,2022-12-21,0.0,174.0,174.19,173.93,496.0,8632170.0,174.737
000858.SZ,2022-12-21,0.0,174.01,174.1,173.87,1021.0,17762000.0,174.726
000858.SZ,2022-12-21,0.0,174.18,174.32,174.0,418.0,7281270.0,174.722
000858.SZ,2022-12-21,0.0,174.18,174.2,174.02,595.0,10360400.0,174.717
000858.SZ,2022-12-21,0.0,174.0,174.11,173.7,1151.0,20010700.0,174.702
000858.SZ,2022-12-21,0.0,173.95,174.0,173.86,532.0,9253110.0,174.697
000858.SZ,2022-12-21,0.0,174.03,174.08,173.99,526.0,9154060.0,174.692
000858.SZ,2022-12-21,0.0,174.43,174.43,174.0,556.0,9687030.0,174.688
000858.SZ,2022-12-21,0.0,174.35,174.6,174.32,577.0,10068100.0,174.687
000858.SZ,2022-12-21,0.0,174.56,174.59,174.3,394.0,6873830.0,174.685
000858.SZ,2022-12-21,0.0,174.66,174.68,174.5,315.0,5500010.0,174.685
000858.SZ,2022-12-21,0.0,174.86,174.86,174.7,405.0,7077470.0,174.685
000858.SZ,2022-12-21,0.0,175.0,175.0,174.85,913.0,15974600.0,174.689
000858.SZ,2022-12-21,0.0,174.98,175.05,174.85,706.0,12351200.0,174.691
000858.SZ,2022-12-21,0.0,174.99,175.01,174.89,597.0,10446400.0,174.694
000858.SZ,2022-12-21,0.0,175.0,175.06,174.98,729.0,12757900.0,174.696
000858.SZ,2022-12-21,0.0,174.92,175.0,174.8,303.0,5299220.0,174.697
000858.SZ,2022-12-21,0.0,174.93,174.96,174.85,342.0,5980300.0,174.698
000858.SZ,2022-12-21,0.0,175.11,175.12,174.93,997.0,17452800.0,174.703
000858.SZ,2022-12-21,0.0,174.95,175.12,174.95,913.0,15980700.0,174.706
000858.SZ,2022-12-21,0.0,175.0,175.0,174.94,399.0,6981420.0,174.708
000858.SZ,2022-12-21,0.0,175.04,175.15,174.99,760.0,13304300.0,174.711
000858.SZ,2022-12-21,0.0,175.1,175.15,175.05,512.0,8966340.0,174.714
000858.SZ,2022-12-21,0.0,175.09,175.15,175.04,855.0,14972100.0,174.718
000858.SZ,2022-12-21,0.0,175.07,175.1,175.04,409.0,7160550.0,174.719
000858.SZ,2022-12-21,0.0,175.48,175.48,175.07,1318.0,23102500.0,174.728
000858.SZ,2022-12-21,0.0,175.5,175.5,175.47,1579.0,27703900.0,174.742
000858.SZ,2022-12-21,0.0,175.24,175.45,175.22,276.0,4837820.0,174.744
000858.SZ,2022-12-21,0.0,174.84,175.4,174.71,706.0,12355800.0,174.746
000858.SZ,2022-12-21,0.0,175.13,175.13,174.8,220.0,3849020.0,174.746
000858.SZ,2022-12-21,0.0,174.8,175.13,174.8,447.0,7820640.0,174.748
000858.SZ,2022-12-21,0.0,174.91,175.0,174.8,302.0,5280090.0,174.748
000858.SZ,2022-12-21,0.0,175.0,175.0,174.88,280.0,4897510.0,174.748
000858.SZ,2022-12-21,0.0,174.7,174.98,174.7,430.0,7518580.0,174.749
000858.SZ,2022-12-21,0.0,174.85,174.87,174.7,219.0,3828160.0,174.749
000858.SZ,2022-12-21,0.0,174.63,174.87,174.63,254.0,4438570.0,174.749
000858.SZ,2022-12-21,0.0,174.7,174.7,174.56,253.0,4425440.0,174.749
000858.SZ,2022-12-21,0.0,174.56,174.7,174.52,241.0,4207780.0,174.748
000858.SZ,2022-12-21,0.0,174.7,174.8,174.52,450.0,7861160.0,174.748
000858.SZ,2022-12-21,0.0,174.72,174.8,174.65,202.0,3529520.0,174.748
000858.SZ,2022-12-21,0.0,174.65,174.72,174.65,423.0,7389640.0,174.748
000858.SZ,2022-12-21,0.0,175.0,175.0,174.66,868.0,15182900.0,174.749
000858.SZ,2022-12-21,0.0,175.11,175.11,174.88,726.0,12703800.0,174.751
000858.SZ,2022-12-21,0.0,175.3,175.3,175.01,493.0,8636160.0,174.753
000858.SZ,2022-12-21,0.0,175.36,175.43,175.3,927.0,16256100.0,174.76
000858.SZ,2022-12-21,0.0,175.31,175.4,175.18,466.0,8169020.0,174.762
000858.SZ,2022-12-21,0.0,175.22,175.29,175.17,414.0,7254340.0,174.764
000858.SZ,2022-12-21,0.0,175.14,175.26,175.13,251.0,4397220.0,174.765
000858.SZ,2022-12-21,0.0,175.28,175.28,175.02,479.0,8389560.0,174.767
000858.SZ,2022-12-21,0.0,175.36,175.41,175.26,732.0,12837400.0,174.772
000858.SZ,2022-12-21,0.0,175.35,175.37,175.33,516.0,9048240.0,174.775
000858.SZ,2022-12-21,0.0,175.35,175.37,175.34,428.0,7505050.0,174.778
000858.SZ,2022-12-21,0.0,175.3,175.36,175.3,266.0,4664020.0,174.779
000858.SZ,2022-12-21,0.0,175.01,175.28,175.0,219.0,3833540.0,174.78
000858.SZ,2022-12-21,0.0,175.32,175.32,175.0,246.0,4304880.0,174.781
000858.SZ,2022-12-21,0.0,175.26,175.3,175.17,315.0,5520100.0,174.783
000858.SZ,2022-12-21,0.0,175.38,175.39,175.25,545.0,9555940.0,174.786
000858.SZ,2022-12-21,0.0,175.41,175.42,175.38,573.0,10050600.0,174.789
000858.SZ,2022-12-21,0.0,175.53,175.58,175.39,1142.0,20041200.0,174.797
000858.SZ,2022-12-21,0.0,175.51,175.58,175.51,597.0,10479600.0,174.802
000858.SZ,2022-12-21,0.0,175.15,175.55,175.15,303.0,5312510.0,174.804
000858.SZ,2022-12-21,0.0,175.24,175.24,175.1,297.0,5202540.0,174.805
000858.SZ,2022-12-21,0.0,175.12,175.24,175.12,231.0,4047010.0,174.806
000858.SZ,2022-12-21,0.0,175.01,175.15,175.0,265.0,4640350.0,174.806
000858.SZ,2022-12-21,0.0,174.97,175.19,174.97,385.0,6744510.0,174.807
000858.SZ,2022-12-21,0.0,174.95,175.0,174.89,181.0,3166290.0,174.807
000858.SZ,2022-12-21,0.0,174.81,174.94,174.81,210.0,3672170.0,174.808
000858.SZ,2022-12-21,0.0,174.83,174.88,174.81,267.0,4668120.0,174.808
000858.SZ,2022-12-21,0.0,174.84,174.86,174.83,237.0,4143690.0,174.808
000858.SZ,2022-12-21,0.0,174.74,174.87,174.74,381.0,6653930.0,174.808
000858.SZ,2022-12-21,0.0,174.6,174.79,174.6,409.0,7150020.0,174.807
000858.SZ,2022-12-21,0.0,174.5,174.6,174.5,719.0,12549600.0,174.805
000858.SZ,2022-12-21,0.0,174.63,174.74,174.51,330.0,5761340.0,174.805
000858.SZ,2022-12-21,0.0,174.65,174.65,174.54,180.0,3142290.0,174.804
000858.SZ,2022-12-21,0.0,174.56,174.6,174.52,340.0,5935120.0,174.803
000858.SZ,2022-12-21,0.0,174.53,174.58,174.51,306.0,5341090.0,174.803
000858.SZ,2022-12-21,0.0,174.51,174.54,174.5,331.0,5776270.0,174.802
000858.SZ,2022-12-21,0.0,174.45,174.54,174.42,317.0,5530460.0,174.801
000858.SZ,2022-12-21,0.0,174.54,174.6,174.43,672.0,11724100.0,174.799
000858.SZ,2022-12-21,0.0,174.48,174.55,174.46,281.0,4903390.0,174.798
000858.SZ,2022-12-21,0.0,174.4,174.49,174.4,372.0,6489480.0,174.797
000858.SZ,2022-12-21,0.0,174.51,174.6,174.45,305.0,5322520.0,174.796
000858.SZ,2022-12-21,0.0,174.49,174.58,174.49,175.0,3053930.0,174.795
000858.SZ,2022-12-21,0.0,174.4,174.47,174.37,326.0,5685840.0,174.794
000858.SZ,2022-12-21,0.0,174.28,174.4,174.28,342.0,5962710.0,174.793
000858.SZ,2022-12-21,0.0,174.18,174.31,174.18,333.0,5802140.0,174.791
000858.SZ,2022-12-21,0.0,174.17,174.24,174.13,1013.0,17634600.0,174.784
000858.SZ,2022-12-21,0.0,174.12,174.22,174.12,344.0,5991480.0,174.782
000858.SZ,2022-12-21,0.0,174.24,174.3,174.02,968.0,16859000.0,174.777
000858.SZ,2022-12-21,0.0,174.25,174.27,174.19,228.0,3972620.0,174.776
000858.SZ,2022-12-21,0.0,174.88,174.88,174.23,1017.0,17757500.0,174.774
000858.SZ,2022-12-21,0.0,174.87,175.17,174.86,1969.0,34478900.0,174.78
000858.SZ,2022-12-21,0.0,174.55,174.88,174.5,158.0,2758480.0,174.78
000858.SZ,2022-12-21,0.0,174.32,174.67,174.26,316.0,5515240.0,174.779
000858.SZ,2022-12-21,0.0,174.27,174.41,174.26,164.0,2858400.0,174.778
000858.SZ,2022-12-21,0.0,174.25,174.28,174.2,226.0,3937870.0,174.777
000858.SZ,2022-12-21,0.0,174.27,174.29,174.18,233.0,4059320.0,174.776
000858.SZ,2022-12-21,0.0,174.54,174.59,174.15,523.0,9123010.0,174.774
000858.SZ,2022-12-21,0.0,174.38,174.74,174.38,268.0,4680040.0,174.774
000858.SZ,2022-12-21,0.0,174.52,174.52,174.28,183.0,3192020.0,174.773
000858.SZ,2022-12-21,0.0,174.7,174.74,174.53,609.0,10632600.0,174.772
000858.SZ,2022-12-21,0.0,174.9,175.0,174.69,375.0,6556460.0,174.772
000858.SZ,2022-12-21,0.0,174.88,174.94,174.83,318.0,5561200.0,174.773
000858.SZ,2022-12-21,0.0,175.05,175.05,174.8,758.0,13261400.0,174.774
000858.SZ,2022-12-21,0.0,175.04,175.2,175.02,600.0,10508900.0,174.776
000858.SZ,2022-12-21,0.0,174.95,175.09,174.83,133.0,2327650.0,174.776
000858.SZ,2022-12-21,0.0,174.64,174.83,174.64,188.0,3285810.0,174.776
000858.SZ,2022-12-21,0.0,174.75,174.86,174.59,193.0,3371630.0,174.776
000858.SZ,2022-12-21,0.0,174.76,174.86,174.6,198.0,3459860.0,174.776
000858.SZ,2022-12-21,0.0,174.69,174.76,174.63,149.0,2603000.0,174.776
000858.SZ,2022-12-21,0.0,174.59,174.7,174.59,140.0,2444970.0,174.776
000858.SZ,2022-12-21,0.0,174.4,174.6,174.38,152.0,2651960.0,174.775
000858.SZ,2022-12-21,0.0,174.46,174.52,174.42,220.0,3838120.0,174.775
000858.SZ,2022-12-21,0.0,174.41,174.47,174.41,327.0,5703840.0,174.774
000858.SZ,2022-12-21,0.0,174.43,174.43,174.4,155.0,2703450.0,174.773
000858.SZ,2022-12-21,0.0,174.6,174.62,174.4,312.0,5443350.0,174.772
000858.SZ,2022-12-21,0.0,174.42,174.57,174.41,165.0,2878790.0,174.772
000858.SZ,2022-12-21,0.0,174.3,174.45,174.3,189.0,3295630.0,174.771
000858.SZ,2022-12-21,0.0,174.3,174.43,174.28,380.0,6624680.0,174.77
000858.SZ,2022-12-21,0.0,174.25,174.35,174.25,212.0,3695060.0,174.769
000858.SZ,2022-12-21,0.0,174.41,174.41,174.3,310.0,5404010.0,174.768
000858.SZ,2022-12-21,0.0,174.2,174.38,174.2,247.0,4305690.0,174.767
000858.SZ,2022-12-21,0.0,174.2,174.25,174.2,195.0,3397150.0,174.766
000858.SZ,2022-12-21,0.0,174.57,174.57,174.21,1159.0,20202900.0,174.762
000858.SZ,2022-12-21,0.0,174.51,174.58,174.31,266.0,4642120.0,174.761
000858.SZ,2022-12-21,0.0,174.69,174.69,174.5,272.0,4748650.0,174.761
000858.SZ,2022-12-21,0.0,174.82,174.82,174.66,285.0,4979760.0,174.761
000858.SZ,2022-12-21,0.0,174.92,174.94,174.82,367.0,6418240.0,174.761
000858.SZ,2022-12-21,0.0,174.82,174.92,174.79,276.0,4826570.0,174.762
000858.SZ,2022-12-21,0.0,174.49,174.78,174.49,119.0,2078080.0,174.761
000858.SZ,2022-12-21,0.0,174.49,174.6,174.45,152.0,2652450.0,174.761
000858.SZ,2022-12-21,0.0,174.4,174.54,174.4,172.0,3000540.0,174.761
000858.SZ,2022-12-21,0.0,174.31,174.42,174.31,132.0,2301710.0,174.76
000858.SZ,2022-12-21,0.0,174.32,174.39,174.3,204.0,3556140.0,174.76
000858.SZ,2022-12-21,0.0,174.41,174.41,174.3,171.0,2981220.0,174.759
000858.SZ,2022-12-21,0.0,174.53,174.6,174.45,198.0,3455310.0,174.759
000858.SZ,2022-12-21,0.0,174.61,174.69,174.55,523.0,9131940.0,174.758
000858.SZ,2022-12-21,0.0,174.72,174.72,174.6,225.0,3929740.0,174.758
000858.SZ,2022-12-21,0.0,174.7,174.75,174.62,206.0,3598140.0,174.758
000858.SZ,2022-12-21,0.0,174.5,174.74,174.5,145.0,2532480.0,174.758
000858.SZ,2022-12-21,0.0,174.35,174.57,174.34,109.0,1901020.0,174.757
000858.SZ,2022-12-21,0.0,174.37,174.44,174.32,153.0,2668040.0,174.757
000858.SZ,2022-12-21,0.0,174.35,174.4,174.33,231.0,4027640.0,174.756
000858.SZ,2022-12-21,0.0,174.3,174.38,174.3,296.0,5159910.0,174.755
000858.SZ,2022-12-21,0.0,174.26,174.31,174.25,183.0,3189400.0,174.754
000858.SZ,2022-12-21,0.0,174.3,174.39,174.29,332.0,5787660.0,174.753
000858.SZ,2022-12-21,0.0,174.28,174.35,174.28,162.0,2823600.0,174.753
000858.SZ,2022-12-21,0.0,174.27,174.29,174.25,242.0,4217350.0,174.752
000858.SZ,2022-12-21,0.0,174.45,174.5,174.29,402.0,7011310.0,174.751
000858.SZ,2022-12-21,0.0,174.31,174.49,174.31,137.0,2389210.0,174.75
000858.SZ,2022-12-21,0.0,174.33,174.39,174.31,167.0,2911380.0,174.75
000858.SZ,2022-12-21,0.0,174.38,174.38,174.27,396.0,6905600.0,174.749
000858.SZ,2022-12-21,0.0,174.5,174.5,174.3,327.0,5701950.0,174.748
000858.SZ,2022-12-21,0.0,174.41,174.49,174.4,202.0,3523460.0,174.747
000858.SZ,2022-12-21,0.0,174.37,174.43,174.35,116.0,2022850.0,174.747
000858.SZ,2022-12-21,0.0,174.19,174.35,174.19,464.0,8084940.0,174.745
000858.SZ,2022-12-21,0.0,174.17,174.2,174.14,170.0,2960910.0,174.744
000858.SZ,2022-12-21,0.0,174.09,174.17,174.09,207.0,3604280.0,174.743
000858.SZ,2022-12-21,0.0,174.32,174.37,174.09,464.0,8084440.0,174.742
000858.SZ,2022-12-21,0.0,174.47,174.47,174.22,334.0,5824230.0,174.741
000858.SZ,2022-12-21,0.0,174.46,174.47,174.29,164.0,2859880.0,174.74
000858.SZ,2022-12-21,0.0,174.57,174.62,174.54,372.0,6493570.0,174.74
000858.SZ,2022-12-21,0.0,174.72,174.72,174.45,303.0,5282950.0,174.74
000858.SZ,2022-12-21,0.0,174.78,174.78,174.61,425.0,7426290.0,174.74
000858.SZ,2022-12-21,0.0,174.75,174.79,174.73,238.0,4159270.0,174.74
000858.SZ,2022-12-21,0.0,174.73,174.77,174.68,264.0,4612880.0,174.74
000858.SZ,2022-12-21,0.0,174.85,174.88,174.73,503.0,8793260.0,174.74
000858.SZ,2022-12-21,0.0,174.79,174.82,174.77,216.0,3775800.0,174.74
000858.SZ,2022-12-21,0.0,174.68,174.8,174.68,377.0,6586890.0,174.74
000858.SZ,2022-12-21,0.0,174.78,174.79,174.69,169.0,2953550.0,174.74
000858.SZ,2022-12-21,0.0,174.76,174.79,174.76,149.0,2604170.0,174.74
000858.SZ,2022-12-21,0.0,174.69,174.76,174.69,143.0,2498390.0,174.74
000858.SZ,2022-12-21,0.0,174.61,174.7,174.61,215.0,3755520.0,174.74
000858.SZ,2022-12-21,0.0,174.49,174.62,174.36,207.0,3612400.0,174.739
000858.SZ,2022-12-21,0.0,174.39,174.48,174.35,261.0,4552290.0,174.739
000858.SZ,2022-12-21,0.0,174.33,174.45,174.32,338.0,5894060.0,174.738
000858.SZ,2022-12-21,0.0,174.39,174.44,174.31,326.0,5683730.0,174.737
000858.SZ,2022-12-21,0.0,174.41,174.44,174.31,320.0,5580440.0,174.736
000858.SZ,2022-12-21,0.0,174.41,174.49,174.38,445.0,7757980.0,174.735
000858.SZ,2022-12-21,0.0,174.25,174.4,174.21,449.0,7831820.0,174.734
000858.SZ,2022-12-21,0.0,174.35,174.41,174.22,578.0,10077500.0,174.732
000858.SZ,2022-12-21,0.0,174.27,174.35,174.25,643.0,11205900.0,174.73
000858.SZ,2022-12-21,0.0,174.32,174.33,174.25,368.0,6413840.0,174.729
000858.SZ,2022-12-21,0.0,174.38,174.41,174.32,430.0,7498120.0,174.728
000858.SZ,2022-12-21,0.0,174.37,174.4,174.35,338.0,5893860.0,174.727
000858.SZ,2022-12-21,0.0,174.37,174.41,174.35,524.0,9137940.0,174.726
000858.SZ,2022-12-21,0.0,174.31,174.44,174.3,484.0,8438600.0,174.725
000858.SZ,2022-12-21,0.0,174.35,174.35,174.31,379.0,6606670.0,174.724
000858.SZ,2022-12-21,0.0,174.32,174.36,174.3,662.0,11539800.0,174.722
000858.SZ,2022-12-21,0.0,174.34,174.35,174.3,422.0,7356660.0,174.72
000858.SZ,2022-12-21,0.0,174.31,174.38,174.3,474.0,8262740.0,174.719
000858.SZ,2022-12-21,0.0,174.28,174.36,174.28,570.0,9934820.0,174.717
000858.SZ,2022-12-21,0.0,174.32,174.38,174.26,576.0,10039600.0,174.716
000858.SZ,2022-12-21,0.0,174.44,174.5,174.32,772.0,13456400.0,174.714
000858.SZ,2022-12-21,0.0,174.45,174.5,174.4,402.0,7013270.0,174.713
000858.SZ,2022-12-21,0.0,174.26,174.49,174.24,734.0,12800200.0,174.712
000858.SZ,2022-12-21,0.0,174.15,174.32,174.15,550.0,9581900.0,174.71
000858.SZ,2022-12-21,0.0,174.12,174.16,174.11,579.0,10082800.0,174.708
000858.SZ,2022-12-21,0.0,174.38,174.38,174.12,668.0,11637400.0,174.706
000858.SZ,2022-12-21,0.0,174.32,174.38,174.31,538.0,9378940.0,174.704
000858.SZ,2022-12-21,0.0,174.41,174.44,174.32,913.0,15921100.0,174.702
000858.SZ,2022-12-21,0.0,174.37,174.43,174.33,685.0,11943500.0,174.701
000858.SZ,2022-12-21,0.0,174.36,174.39,174.33,562.0,9798270.0,174.699
000858.SZ,2022-12-21,0.0,174.4,174.4,174.36,827.0,14421100.0,174.698
000858.SZ,2022-12-21,0.0,174.3,174.41,174.3,623.0,10862300.0,174.696
000858.SZ,2022-12-21,0.0,174.3,174.3,174.3,13.0,226597.0,174.696
000858.SZ,2022-12-21,0.0,174.3,174.3,174.3,0.0,0.0,174.696
000858.SZ,2022-12-21,0.0,174.49,174.49,174.49,1483.0,25876900.0,174.694
000858.SZ,2022-12-22,0.0,176.03,176.03,176.03,897.0,15789900.0,176.03
000858.SZ,2022-12-22,0.0,174.83,176.49,174.67,6094.0,107073000.0,175.745
000858.SZ,2022-12-22,0.0,175.5,176.36,175.16,4936.0,86681104.0,175.689
000858.SZ,2022-12-22,0.0,175.65,175.92,175.49,1689.0,29666000.0,175.683
000858.SZ,2022-12-22,0.0,176.05,176.26,175.67,2423.0,42642700.0,175.73
000858.SZ,2022-12-22,0.0,176.02,176.07,175.8,1785.0,31408300.0,175.752
000858.SZ,2022-12-22,0.0,176.02,176.02,175.63,1649.0,29003100.0,175.767
000858.SZ,2022-12-22,0.0,176.35,176.88,176.01,2973.0,52453600.0,175.855
000858.SZ,2022-12-22,0.0,177.4,177.5,176.41,3057.0,54071300.0,175.978
000858.SZ,2022-12-22,0.0,177.5,177.77,177.4,3444.0,61142300.0,176.163
000858.SZ,2022-12-22,0.0,177.35,177.5,177.09,2106.0,37349900.0,176.243
000858.SZ,2022-12-22,0.0,177.79,177.99,177.3,3488.0,62012400.0,176.399
000858.SZ,2022-12-22,0.0,178.39,178.47,177.56,3791.0,67501696.0,176.566
000858.SZ,2022-12-22,0.0,179.2,179.27,178.31,5272.0,94304200.0,176.845
000858.SZ,2022-12-22,0.0,179.22,179.5,178.99,3846.0,68924200.0,177.037
000858.SZ,2022-12-22,0.0,179.42,179.93,179.22,5583.0,100293000.0,177.311
000858.SZ,2022-12-22,0.0,179.29,179.45,179.17,4045.0,72531400.0,177.451
000858.SZ,2022-12-22,0.0,179.66,179.98,179.35,3832.0,68875504.0,177.595
000858.SZ,2022-12-22,0.0,179.75,179.8,179.57,2803.0,50378800.0,177.689
000858.SZ,2022-12-22,0.0,179.98,180.6,179.81,6440.0,116010000.0,177.913
000858.SZ,2022-12-22,0.0,179.58,179.8,179.41,2166.0,38902900.0,177.963
000858.SZ,2022-12-22,0.0,179.75,179.75,179.19,2336.0,41916200.0,178.009
000858.SZ,2022-12-22,0.0,180.2,180.2,179.65,4537.0,81658400.0,178.122
000858.SZ,2022-12-22,0.0,179.55,180.24,179.41,1700.0,30589200.0,178.161
000858.SZ,2022-12-22,0.0,179.72,179.73,179.46,976.0,17529100.0,178.178
000858.SZ,2022-12-22,0.0,179.3,179.65,179.18,1531.0,27461900.0,178.2
000858.SZ,2022-12-22,0.0,179.56,179.62,179.3,1769.0,31791800.0,178.231
000858.SZ,2022-12-22,0.0,179.75,179.79,179.57,831.0,14930900.0,178.245
000858.SZ,2022-12-22,0.0,179.73,179.79,179.69,652.0,11718900.0,178.256
000858.SZ,2022-12-22,0.0,180.32,180.32,179.74,2107.0,37951200.0,178.302
000858.SZ,2022-12-22,0.0,180.25,180.32,180.2,1761.0,31751000.0,178.34
000858.SZ,2022-12-22,0.0,180.1,180.25,179.81,948.0,17072100.0,178.359
000858.SZ,2022-12-22,0.0,180.27,180.29,180.02,1633.0,29431000.0,178.391
000858.SZ,2022-12-22,0.0,180.18,180.27,180.07,1133.0,20413100.0,178.413
000858.SZ,2022-12-22,0.0,180.16,180.24,180.14,898.0,16179900.0,178.429
000858.SZ,2022-12-22,0.0,180.43,180.5,180.14,3177.0,57322000.0,178.493
000858.SZ,2022-12-22,0.0,180.58,180.58,180.32,2314.0,41773100.0,178.54
000858.SZ,2022-12-22,0.0,181.12,181.12,180.55,4296.0,77708096.0,178.636
000858.SZ,2022-12-22,0.0,181.21,181.3,181.1,2721.0,49310100.0,178.701
000858.SZ,2022-12-22,0.0,181.19,181.38,181.18,1884.0,34154100.0,178.745
000858.SZ,2022-12-22,0.0,180.8,181.2,180.66,1067.0,19292500.0,178.765
000858.SZ,2022-12-22,0.0,181.21,181.24,180.9,1500.0,27179700.0,178.798
000858.SZ,2022-12-22,0.0,181.37,181.4,181.21,1002.0,18165600.0,178.82
000858.SZ,2022-12-22,0.0,181.25,181.55,181.19,2613.0,47401000.0,178.879
000858.SZ,2022-12-22,0.0,180.93,181.27,180.88,1119.0,20255900.0,178.899
000858.SZ,2022-12-22,0.0,180.85,181.0,180.79,791.0,14306500.0,178.913
000858.SZ,2022-12-22,0.0,181.08,181.18,180.88,1334.0,24148000.0,178.936
000858.SZ,2022-12-22,0.0,180.5,181.0,180.5,1429.0,25814600.0,178.957
000858.SZ,2022-12-22,0.0,180.98,180.98,180.5,779.0,14076000.0,178.969
000858.SZ,2022-12-22,0.0,180.88,181.02,180.81,854.0,15453200.0,178.983
000858.SZ,2022-12-22,0.0,180.8,180.98,180.76,1051.0,19006000.0,178.998
000858.SZ,2022-12-22,0.0,180.66,180.99,180.65,1223.0,22118000.0,179.017
000858.SZ,2022-12-22,0.0,180.52,180.68,180.51,966.0,17442800.0,179.029
000858.SZ,2022-12-22,0.0,180.18,180.56,180.14,4481.0,80852704.0,179.077
000858.SZ,2022-12-22,0.0,180.01,180.15,180.01,1619.0,29153400.0,179.089
000858.SZ,2022-12-22,0.0,180.03,180.08,179.91,1288.0,23184600.0,179.098
000858.SZ,2022-12-22,0.0,180.48,180.5,180.03,664.0,11967200.0,179.104
000858.SZ,2022-12-22,0.0,180.64,180.68,180.5,967.0,17463000.0,179.114
000858.SZ,2022-12-22,0.0,180.57,180.8,180.57,1074.0,19409700.0,179.127
000858.SZ,2022-12-22,0.0,180.74,180.74,180.53,746.0,13475800.0,179.135
000858.SZ,2022-12-22,0.0,180.57,180.7,180.56,396.0,7153300.0,179.14
000858.SZ,2022-12-22,0.0,179.83,180.6,179.75,1443.0,25986000.0,179.15
000858.SZ,2022-12-22,0.0,179.9,180.05,179.85,631.0,11353800.0,179.153
000858.SZ,2022-12-22,0.0,179.7,179.95,179.7,708.0,12733000.0,179.157
000858.SZ,2022-12-22,0.0,179.77,179.78,179.68,620.0,11142300.0,179.159
000858.SZ,2022-12-22,0.0,180.0,180.01,179.75,580.0,10432800.0,179.162
000858.SZ,2022-12-22,0.0,179.7,180.02,179.7,623.0,11204500.0,179.165
000858.SZ,2022-12-22,0.0,179.68,179.83,179.68,981.0,17641300.0,179.169
000858.SZ,2022-12-22,0.0,179.76,179.76,179.7,523.0,9399370.0,179.171
000858.SZ,2022-12-22,0.0,179.92,179.94,179.72,814.0,14639000.0,179.175
000858.SZ,2022-12-22,0.0,179.99,180.0,179.91,403.0,7252080.0,179.177
000858.SZ,2022-12-22,0.0,179.99,180.08,179.97,735.0,13231100.0,179.181
000858.SZ,2022-12-22,0.0,179.99,180.0,179.96,371.0,6677480.0,179.184
000858.SZ,2022-12-22,0.0,179.8,180.03,179.76,747.0,13442400.0,179.187
000858.SZ,2022-12-22,0.0,179.71,179.76,179.65,662.0,11900500.0,179.19
000858.SZ,2022-12-22,0.0,179.78,179.8,179.68,354.0,6363650.0,179.191
000858.SZ,2022-12-22,0.0,179.9,179.9,179.78,272.0,4890670.0,179.192
000858.SZ,2022-12-22,0.0,179.72,179.9,179.7,484.0,8701360.0,179.194
000858.SZ,2022-12-22,0.0,179.6,179.71,179.6,545.0,9790250.0,179.196
000858.SZ,2022-12-22,0.0,179.9,180.0,179.7,532.0,9571120.0,179.198
000858.SZ,2022-12-22,0.0,180.0,180.06,179.89,563.0,10133400.0,179.201
000858.SZ,2022-12-22,0.0,179.98,180.06,179.91,521.0,9377050.0,179.204
000858.SZ,2022-12-22,0.0,179.9,180.06,179.9,518.0,9324440.0,179.207
000858.SZ,2022-12-22,0.0,179.8,179.87,179.7,427.0,7677710.0,179.208
000858.SZ,2022-12-22,0.0,180.0,180.0,179.8,423.0,7610790.0,179.21
000858.SZ,2022-12-22,0.0,180.03,180.05,179.87,425.0,7650570.0,179.213
000858.SZ,2022-12-22,0.0,179.99,180.02,179.98,311.0,5597840.0,179.214
000858.SZ,2022-12-22,0.0,180.05,180.06,179.99,608.0,10945400.0,179.218
000858.SZ,2022-12-22,0.0,180.39,180.39,180.08,529.0,9532800.0,179.221
000858.SZ,2022-12-22,0.0,180.07,180.44,180.07,543.0,9791460.0,179.225
000858.SZ,2022-12-22,0.0,180.27,180.37,180.06,427.0,7695040.0,179.228
000858.SZ,2022-12-22,0.0,179.91,180.34,179.91,751.0,13524700.0,179.232
000858.SZ,2022-12-22,0.0,179.93,179.98,179.88,575.0,10346600.0,179.234
000858.SZ,2022-12-22,0.0,179.67,179.89,179.67,572.0,10283700.0,179.236
000858.SZ,2022-12-22,0.0,179.63,179.7,179.6,412.0,7401090.0,179.238
000858.SZ,2022-12-22,0.0,179.6,179.62,179.57,576.0,10344900.0,179.239
000858.SZ,2022-12-22,0.0,179.82,179.83,179.61,508.0,9128040.0,179.24
000858.SZ,2022-12-22,0.0,179.83,180.1,179.83,571.0,10276400.0,179.243
000858.SZ,2022-12-22,0.0,179.93,179.96,179.8,349.0,6278170.0,179.244
000858.SZ,2022-12-22,0.0,179.88,179.97,179.86,289.0,5199110.0,179.246
000858.SZ,2022-12-22,0.0,179.87,179.89,179.85,312.0,5611830.0,179.247
000858.SZ,2022-12-22,0.0,179.92,179.94,179.87,406.0,7304120.0,179.248
000858.SZ,2022-12-22,0.0,179.74,179.99,179.74,1077.0,19377100.0,179.253
000858.SZ,2022-12-22,0.0,179.75,179.75,179.74,311.0,5589970.0,179.254
000858.SZ,2022-12-22,0.0,179.72,179.77,179.72,296.0,5320870.0,179.255
000858.SZ,2022-12-22,0.0,179.6,179.71,179.6,497.0,8928570.0,179.256
000858.SZ,2022-12-22,0.0,179.66,179.67,179.65,280.0,5030460.0,179.257
000858.SZ,2022-12-22,0.0,179.6,179.69,179.6,354.0,6360220.0,179.258
000858.SZ,2022-12-22,0.0,179.67,179.69,179.61,362.0,6503270.0,179.259
000858.SZ,2022-12-22,0.0,179.8,179.85,179.67,414.0,7441960.0,179.26
000858.SZ,2022-12-22,0.0,179.7,179.87,179.68,421.0,7568390.0,179.261
000858.SZ,2022-12-22,0.0,179.64,179.73,179.64,325.0,5840100.0,179.262
000858.SZ,2022-12-22,0.0,179.74,179.75,179.69,293.0,5265830.0,179.263
000858.SZ,2022-12-22,0.0,179.82,179.91,179.76,370.0,6653580.0,179.264
000858.SZ,2022-12-22,0.0,179.69,179.8,179.65,417.0,7494340.0,179.265
000858.SZ,2022-12-22,0.0,179.57,179.69,179.56,486.0,8730010.0,179.266
000858.SZ,2022-12-22,0.0,179.62,179.68,179.56,508.0,9123990.0,179.267
000858.SZ,2022-12-22,0.0,179.58,179.65,179.58,431.0,7741760.0,179.268
000858.SZ,2022-12-22,0.0,179.74,179.74,179.59,331.0,5945880.0,179.269
000858.SZ,2022-12-22,0.0,179.9,179.94,179.7,358.0,6438650.0,179.27
000858.SZ,2022-12-22,0.0,179.77,179.97,179.71,240.0,4315910.0,179.271
000858.SZ,2022-12-22,0.0,179.37,179.7,179.27,1600.0,28728200.0,179.274
000858.SZ,2022-12-22,0.0,179.32,179.51,179.27,569.0,10208300.0,179.274
000858.SZ,2022-12-22,0.0,179.49,179.58,179.32,246.0,4414900.0,179.274
000858.SZ,2022-12-22,0.0,179.3,179.5,179.3,575.0,10313200.0,179.275
000858.SZ,2022-12-22,0.0,179.26,179.31,179.25,434.0,7780740.0,179.275
000858.SZ,2022-12-22,0.0,179.04,179.26,179.04,714.0,12788000.0,179.274
000858.SZ,2022-12-22,0.0,179.13,179.14,179.0,1260.0,22558200.0,179.272
000858.SZ,2022-12-22,0.0,179.18,179.18,179.1,312.0,5588930.0,179.272
000858.SZ,2022-12-22,0.0,179.4,179.4,179.2,401.0,7196260.0,179.272
000858.SZ,2022-12-22,0.0,179.45,179.45,179.29,321.0,5758490.0,179.272
000858.SZ,2022-12-22,0.0,179.66,179.69,179.48,508.0,9124200.0,179.273
000858.SZ,2022-12-22,0.0,179.84,179.84,179.66,283.0,5085900.0,179.274
000858.SZ,2022-12-22,0.0,179.5,179.85,179.45,373.0,6700660.0,179.275
000858.SZ,2022-12-22,0.0,179.4,179.5,179.39,414.0,7428070.0,179.275
000858.SZ,2022-12-22,0.0,179.31,179.46,179.3,430.0,7712880.0,179.275
000858.SZ,2022-12-22,0.0,179.34,179.37,179.29,349.0,6257960.0,179.275
000858.SZ,2022-12-22,0.0,179.26,179.34,179.18,654.0,11724500.0,179.275
000858.SZ,2022-12-22,0.0,179.36,179.5,179.24,602.0,10798900.0,179.275
000858.SZ,2022-12-22,0.0,179.4,179.5,179.39,344.0,6172230.0,179.276
000858.SZ,2022-12-22,0.0,179.43,179.49,179.32,374.0,6709860.0,179.276
000858.SZ,2022-12-22,0.0,179.34,179.43,179.28,527.0,9451130.0,179.276
000858.SZ,2022-12-22,0.0,179.49,179.5,179.3,521.0,9347910.0,179.277
000858.SZ,2022-12-22,0.0,179.5,179.71,179.5,590.0,10594700.0,179.278
000858.SZ,2022-12-22,0.0,179.55,179.61,179.49,221.0,3967710.0,179.278
000858.SZ,2022-12-22,0.0,179.5,179.58,179.5,236.0,4236950.0,179.278
000858.SZ,2022-12-22,0.0,179.24,179.5,179.24,400.0,7175760.0,179.278
000858.SZ,2022-12-22,0.0,179.26,179.3,179.25,266.0,4768560.0,179.278
000858.SZ,2022-12-22,0.0,179.25,179.27,179.24,333.0,5969120.0,179.278
000858.SZ,2022-12-22,0.0,179.21,179.25,179.2,316.0,5663330.0,179.278
000858.SZ,2022-12-22,0.0,179.33,179.33,179.22,447.0,8013210.0,179.278
000858.SZ,2022-12-22,0.0,179.47,179.47,179.31,268.0,4807650.0,179.278
000858.SZ,2022-12-22,0.0,179.45,179.5,179.39,500.0,8972070.0,179.279
000858.SZ,2022-12-22,0.0,179.49,179.53,179.43,336.0,6031190.0,179.279
000858.SZ,2022-12-22,0.0,179.48,179.52,179.48,316.0,5672080.0,179.28
000858.SZ,2022-12-22,0.0,179.49,179.51,179.48,304.0,5456670.0,179.28
000858.SZ,2022-12-22,0.0,179.5,179.51,179.49,271.0,4863650.0,179.28
000858.SZ,2022-12-22,0.0,179.64,179.65,179.46,495.0,8885990.0,179.281
000858.SZ,2022-12-22,0.0,179.88,179.94,179.64,512.0,9206600.0,179.282
000858.SZ,2022-12-22,0.0,180.0,180.0,179.94,640.0,11519200.0,179.285
000858.SZ,2022-12-22,0.0,179.97,180.0,179.96,395.0,7109480.0,179.286
000858.SZ,2022-12-22,0.0,179.7,179.97,179.7,346.0,6223150.0,179.287
000858.SZ,2022-12-22,0.0,179.98,179.98,179.7,408.0,7339220.0,179.289
000858.SZ,2022-12-22,0.0,179.95,179.95,179.9,291.0,5236110.0,179.29
000858.SZ,2022-12-22,0.0,179.88,179.95,179.88,397.0,7142590.0,179.291
000858.SZ,2022-12-22,0.0,180.0,180.07,179.9,1713.0,30839500.0,179.297
000858.SZ,2022-12-22,0.0,179.88,180.0,179.86,835.0,15027100.0,179.3
000858.SZ,2022-12-22,0.0,179.55,179.88,179.52,281.0,5050000.0,179.301
000858.SZ,2022-12-22,0.0,179.4,179.56,179.4,355.0,6371490.0,179.301
000858.SZ,2022-12-22,0.0,179.65,179.65,179.4,644.0,11558500.0,179.302
000858.SZ,2022-12-22,0.0,179.53,179.63,179.53,347.0,6231860.0,179.302
000858.SZ,2022-12-22,0.0,179.57,179.6,179.5,251.0,4507110.0,179.303
000858.SZ,2022-12-22,0.0,179.66,179.66,179.56,362.0,6501460.0,179.303
000858.SZ,2022-12-22,0.0,179.8,179.8,179.63,320.0,5750520.0,179.304
000858.SZ,2022-12-22,0.0,179.72,179.83,179.69,297.0,5338600.0,179.305
000858.SZ,2022-12-22,0.0,179.7,179.71,179.69,267.0,4797830.0,179.305
000858.SZ,2022-12-22,0.0,179.81,179.86,179.67,573.0,10299200.0,179.307
000858.SZ,2022-12-22,0.0,179.79,179.85,179.78,244.0,4387280.0,179.307
000858.SZ,2022-12-22,0.0,179.78,179.8,179.76,204.0,3667610.0,179.308
000858.SZ,2022-12-22,0.0,179.73,179.8,179.73,426.0,7658190.0,179.309
000858.SZ,2022-12-22,0.0,179.79,179.8,179.76,313.0,5627100.0,179.309
000858.SZ,2022-12-22,0.0,179.52,179.79,179.52,653.0,11732500.0,179.311
000858.SZ,2022-12-22,0.0,179.47,179.53,179.47,444.0,7969840.0,179.311
000858.SZ,2022-12-22,0.0,179.6,179.67,179.39,795.0,14270300.0,179.312
000858.SZ,2022-12-22,0.0,179.55,179.62,179.55,775.0,13918100.0,179.313
000858.SZ,2022-12-22,0.0,179.5,179.6,179.5,493.0,8848100.0,179.314
000858.SZ,2022-12-22,0.0,179.12,179.47,179.0,1555.0,27859800.0,179.312
000858.SZ,2022-12-22,0.0,179.3,179.36,179.0,1572.0,28162800.0,179.311
000858.SZ,2022-12-22,0.0,179.49,179.49,179.15,625.0,11206700.0,179.311
000858.SZ,2022-12-22,0.0,179.39,179.51,179.24,546.0,9795890.0,179.311
000858.SZ,2022-12-22,0.0,179.34,179.34,179.31,491.0,8805800.0,179.311
000858.SZ,2022-12-22,0.0,179.33,179.38,179.3,553.0,9916630.0,179.311
000858.SZ,2022-12-22,0.0,179.25,179.33,179.25,387.0,6938710.0,179.311
000858.SZ,2022-12-22,0.0,179.46,179.5,179.18,891.0,15976200.0,179.311
000858.SZ,2022-12-22,0.0,179.25,179.47,179.25,331.0,5935920.0,179.311
000858.SZ,2022-12-22,0.0,179.24,179.31,179.2,455.0,8155620.0,179.311
000858.SZ,2022-12-22,0.0,179.25,179.25,179.22,784.0,14052500.0,179.311
000858.SZ,2022-12-22,0.0,179.45,179.46,179.25,494.0,8861950.0,179.311
000858.SZ,2022-12-22,0.0,179.4,179.46,179.4,426.0,7643950.0,179.311
000858.SZ,2022-12-22,0.0,179.3,179.4,179.27,540.0,9684060.0,179.312
000858.SZ,2022-12-22,0.0,179.36,179.39,179.26,513.0,9197970.0,179.312
000858.SZ,2022-12-22,0.0,179.3,179.35,179.28,545.0,9772020.0,179.312
000858.SZ,2022-12-22,0.0,179.25,179.29,179.2,519.0,9302360.0,179.311
000858.SZ,2022-12-22,0.0,179.21,179.25,179.19,665.0,11917500.0,179.311
000858.SZ,2022-12-22,0.0,179.18,179.22,179.17,450.0,8063970.0,179.311
000858.SZ,2022-12-22,0.0,179.07,179.17,179.07,485.0,8687130.0,179.31
000858.SZ,2022-12-22,0.0,179.0,179.09,179.0,1119.0,20032300.0,179.309
000858.SZ,2022-12-22,0.0,178.94,178.98,178.91,927.0,16587800.0,179.307
000858.SZ,2022-12-22,0.0,178.93,179.03,178.93,899.0,16089900.0,179.306
000858.SZ,2022-12-22,0.0,178.94,178.94,178.9,786.0,14063200.0,179.304
000858.SZ,2022-12-22,0.0,178.98,179.2,178.97,1140.0,20407500.0,179.303
000858.SZ,2022-12-22,0.0,178.94,178.98,178.92,656.0,11739600.0,179.302
000858.SZ,2022-12-22,0.0,178.97,178.97,178.88,586.0,10485100.0,179.301
000858.SZ,2022-12-22,0.0,178.91,179.0,178.91,976.0,17466000.0,179.299
000858.SZ,2022-12-22,0.0,178.74,178.88,178.58,873.0,15607000.0,179.297
000858.SZ,2022-12-22,0.0,178.63,178.75,178.55,1027.0,18341300.0,179.294
000858.SZ,2022-12-22,0.0,178.51,178.68,178.51,1084.0,19353800.0,179.29
000858.SZ,2022-12-22,0.0,178.37,178.51,178.37,1434.0,25587700.0,179.285
000858.SZ,2022-12-22,0.0,178.33,178.41,178.31,701.0,12502000.0,179.282
000858.SZ,2022-12-22,0.0,178.35,178.4,178.3,996.0,17761300.0,179.278
000858.SZ,2022-12-22,0.0,178.35,178.35,178.25,936.0,16689100.0,179.274
000858.SZ,2022-12-22,0.0,178.46,178.5,178.3,617.0,11006400.0,179.271
000858.SZ,2022-12-22,0.0,178.93,178.93,178.5,567.0,10128400.0,179.27
000858.SZ,2022-12-22,0.0,179.09,179.09,178.93,802.0,14359200.0,179.269
000858.SZ,2022-12-22,0.0,179.1,179.1,179.05,622.0,11139600.0,179.268
000858.SZ,2022-12-22,0.0,179.14,179.14,179.09,786.0,14077800.0,179.268
000858.SZ,2022-12-22,0.0,179.2,179.26,179.15,1284.0,23015700.0,179.267
000858.SZ,2022-12-22,0.0,179.31,179.31,179.08,1021.0,18298700.0,179.267
000858.SZ,2022-12-22,0.0,179.48,179.49,179.29,866.0,15539600.0,179.268
000858.SZ,2022-12-22,0.0,179.35,179.49,179.26,1108.0,19877900.0,179.268
000858.SZ,2022-12-22,0.0,179.36,179.38,179.3,712.0,12773400.0,179.268
000858.SZ,2022-12-22,0.0,179.44,179.44,179.35,1055.0,18924800.0,179.269
000858.SZ,2022-12-22,0.0,179.4,179.48,179.38,1184.0,21244100.0,179.27
000858.SZ,2022-12-22,0.0,179.35,179.38,179.35,963.0,17273400.0,179.27
000858.SZ,2022-12-22,0.0,179.37,179.39,179.33,980.0,17577100.0,179.271
000858.SZ,2022-12-22,0.0,179.39,179.4,179.37,1765.0,31657600.0,179.271
000858.SZ,2022-12-22,0.0,179.4,179.4,179.37,1541.0,27643900.0,179.272
000858.SZ,2022-12-22,0.0,179.43,179.45,179.39,1142.0,20488200.0,179.273
000858.SZ,2022-12-22,0.0,179.43,179.43,179.43,27.0,484466.0,179.273
000858.SZ,2022-12-22,0.0,179.43,179.43,179.43,0.0,0.0,179.273
000858.SZ,2022-12-22,0.0,179.5,179.5,179.5,2822.0,50647500.0,179.275
000858.SZ,2022-12-23,0.0,177.0,177.0,177.0,725.0,12832500.0,177.0
000858.SZ,2022-12-23,0.0,178.25,178.25,176.4,5285.0,93552800.0,177.014
000858.SZ,2022-12-23,0.0,177.71,178.18,177.5,1805.0,32086300.0,177.187
000858.SZ,2022-12-23,0.0,176.9,177.71,176.81,2496.0,44199100.0,177.169
000858.SZ,2022-12-23,0.0,177.0,177.06,176.8,1684.0,29789700.0,177.131
000858.SZ,2022-12-23,0.0,177.66,177.85,177.06,1606.0,28535500.0,177.196
000858.SZ,2022-12-23,0.0,178.9,178.91,177.65,1580.0,28159900.0,177.304
000858.SZ,2022-12-23,0.0,178.69,178.89,178.69,1270.0,22706000.0,177.418
000858.SZ,2022-12-23,0.0,179.65,179.68,178.68,2403.0,43084400.0,177.657
000858.SZ,2022-12-23,0.0,179.9,180.0,179.65,1831.0,32927700.0,177.85
000858.SZ,2022-12-23,0.0,179.7,180.0,179.53,2595.0,46667500.0,178.071
000858.SZ,2022-12-23,0.0,179.51,179.98,179.39,2159.0,38798300.0,178.21
000858.SZ,2022-12-23,0.0,179.51,180.0,179.51,1822.0,32760500.0,178.317
000858.SZ,2022-12-23,0.0,179.67,179.91,179.2,1968.0,35343200.0,178.402
000858.SZ,2022-12-23,0.0,179.98,180.05,179.5,2092.0,37621600.0,178.5
000858.SZ,2022-12-23,0.0,180.48,180.49,179.98,2485.0,44816700.0,178.636
000858.SZ,2022-12-23,0.0,180.0,180.55,180.0,1691.0,30511900.0,178.722
000858.SZ,2022-12-23,0.0,179.58,180.0,179.58,890.0,16010800.0,178.751
000858.SZ,2022-12-23,0.0,179.28,179.66,179.28,1139.0,20436700.0,178.771
000858.SZ,2022-12-23,0.0,179.2,179.27,179.09,1020.0,18278800.0,178.783
000858.SZ,2022-12-23,0.0,179.26,179.27,179.17,708.0,12688700.0,178.79
000858.SZ,2022-12-23,0.0,179.75,179.75,179.27,531.0,9532320.0,178.8
000858.SZ,2022-12-23,0.0,180.1,180.3,179.65,1011.0,18214300.0,178.834
000858.SZ,2022-12-23,0.0,180.01,180.2,179.9,533.0,9601630.0,178.851
000858.SZ,2022-12-23,0.0,180.15,180.17,180.01,650.0,11708300.0,178.871
000858.SZ,2022-12-23,0.0,180.2,180.24,180.14,669.0,12054900.0,178.891
000858.SZ,2022-12-23,0.0,180.5,180.5,180.18,1596.0,28781600.0,178.944
000858.SZ,2022-12-23,0.0,180.98,180.98,180.51,1201.0,21705100.0,178.991
000858.SZ,2022-12-23,0.0,181.3,181.35,180.99,2566.0,46466400.0,179.103
000858.SZ,2022-12-23,0.0,181.3,181.49,181.3,1727.0,31326700.0,179.182
000858.SZ,2022-12-23,0.0,181.08,181.3,181.04,1279.0,23177400.0,179.233
000858.SZ,2022-12-23,0.0,181.97,182.0,181.3,2640.0,47954200.0,179.352
000858.SZ,2022-12-23,0.0,181.94,181.99,181.81,2145.0,39031400.0,179.452
000858.SZ,2022-12-23,0.0,182.1,182.1,181.9,2869.0,52215700.0,179.577
000858.SZ,2022-12-23,0.0,182.65,182.68,182.1,2585.0,47169800.0,179.699
000858.SZ,2022-12-23,0.0,182.16,182.75,182.16,1508.0,27518800.0,179.766
000858.SZ,2022-12-23,0.0,182.15,182.16,182.05,853.0,15534900.0,179.798
000858.SZ,2022-12-23,0.0,182.48,182.5,182.15,1231.0,22442800.0,179.846
000858.SZ,2022-12-23,0.0,182.33,182.49,182.25,1277.0,23286700.0,179.894
000858.SZ,2022-12-23,0.0,182.2,182.48,182.18,1571.0,28639800.0,179.95
000858.SZ,2022-12-23,0.0,181.96,182.2,181.96,1541.0,28059400.0,179.998
000858.SZ,2022-12-23,0.0,181.94,182.0,181.82,1386.0,25211500.0,180.035
000858.SZ,2022-12-23,0.0,181.96,182.01,181.94,573.0,10428100.0,180.051
000858.SZ,2022-12-23,0.0,181.7,182.0,181.7,775.0,14098900.0,180.071
000858.SZ,2022-12-23,0.0,181.6,181.66,181.51,1064.0,19317700.0,180.093
000858.SZ,2022-12-23,0.0,181.98,182.0,181.52,625.0,11357500.0,180.106
000858.SZ,2022-12-23,0.0,181.77,181.98,181.77,798.0,14517800.0,180.126
000858.SZ,2022-12-23,0.0,181.2,181.76,181.2,458.0,8308790.0,180.134
000858.SZ,2022-12-23,0.0,180.91,181.18,180.91,1407.0,25469200.0,180.15
000858.SZ,2022-12-23,0.0,181.33,181.33,180.98,814.0,14743500.0,180.16
000858.SZ,2022-12-23,0.0,181.55,181.6,181.21,524.0,9509540.0,180.169
000858.SZ,2022-12-23,0.0,181.67,181.74,181.53,692.0,12568800.0,180.182
000858.SZ,2022-12-23,0.0,181.7,181.73,181.57,674.0,12244900.0,180.195
000858.SZ,2022-12-23,0.0,181.74,181.75,181.67,496.0,9012260.0,180.204
000858.SZ,2022-12-23,0.0,182.0,182.0,181.75,822.0,14955400.0,180.222
000858.SZ,2022-12-23,0.0,182.17,182.17,181.99,803.0,14625900.0,180.24
000858.SZ,2022-12-23,0.0,182.07,182.2,182.06,1024.0,18655200.0,180.264
000858.SZ,2022-12-23,0.0,182.2,182.24,182.06,935.0,17034200.0,180.285
000858.SZ,2022-12-23,0.0,182.47,182.47,182.24,1106.0,20168100.0,180.312
000858.SZ,2022-12-23,0.0,182.48,182.5,182.41,1931.0,35235900.0,180.361
000858.SZ,2022-12-23,0.0,182.6,182.6,182.48,1669.0,30469000.0,180.402
000858.SZ,2022-12-23,0.0,182.75,182.75,182.56,1260.0,23014100.0,180.434
000858.SZ,2022-12-23,0.0,182.42,182.85,182.4,2520.0,46029900.0,180.495
000858.SZ,2022-12-23,0.0,182.28,182.4,182.24,770.0,14038800.0,180.511
000858.SZ,2022-12-23,0.0,182.33,182.41,182.27,964.0,17578300.0,180.529
000858.SZ,2022-12-23,0.0,182.41,182.42,182.35,1006.0,18347900.0,180.549
000858.SZ,2022-12-23,0.0,181.94,182.41,181.94,813.0,14813400.0,180.563
000858.SZ,2022-12-23,0.0,181.85,181.9,181.8,475.0,8637400.0,180.57
000858.SZ,2022-12-23,0.0,181.95,181.95,181.83,512.0,9309100.0,180.577
000858.SZ,2022-12-23,0.0,182.19,182.19,181.96,689.0,12545200.0,180.587
000858.SZ,2022-12-23,0.0,182.26,182.27,182.19,590.0,10752800.0,180.597
000858.SZ,2022-12-23,0.0,182.49,182.49,182.28,597.0,10886700.0,180.608
000858.SZ,2022-12-23,0.0,182.8,182.8,182.46,1345.0,24568900.0,180.636
000858.SZ,2022-12-23,0.0,182.94,182.96,182.81,1629.0,29791900.0,180.672
000858.SZ,2022-12-23,0.0,182.98,183.0,182.92,3442.0,62984500.0,180.748
000858.SZ,2022-12-23,0.0,182.96,183.0,182.81,3494.0,63929200.0,180.82
000858.SZ,2022-12-23,0.0,182.95,182.98,182.93,1078.0,19722500.0,180.841
000858.SZ,2022-12-23,0.0,182.51,182.99,182.51,1372.0,25079900.0,180.866
000858.SZ,2022-12-23,0.0,182.57,182.75,182.52,863.0,15757200.0,180.879
000858.SZ,2022-12-23,0.0,182.02,182.57,182.02,887.0,16165400.0,180.89
000858.SZ,2022-12-23,0.0,182.03,182.04,182.01,1463.0,26632800.0,180.905
000858.SZ,2022-12-23,0.0,181.62,182.04,181.62,1579.0,28720300.0,180.918
000858.SZ,2022-12-23,0.0,181.71,181.76,181.58,857.0,15568600.0,180.924
000858.SZ,2022-12-23,0.0,181.06,181.76,181.06,1669.0,30279000.0,180.931
000858.SZ,2022-12-23,0.0,181.06,181.07,181.0,1210.0,21905900.0,180.932
000858.SZ,2022-12-23,0.0,181.12,181.12,181.07,646.0,11699700.0,180.933
000858.SZ,2022-12-23,0.0,181.1,181.23,181.1,1214.0,21991100.0,180.935
000858.SZ,2022-12-23,0.0,181.21,181.23,181.11,475.0,8606780.0,180.936
000858.SZ,2022-12-23,0.0,181.0,181.22,181.0,1361.0,24644800.0,180.938
000858.SZ,2022-12-23,0.0,180.95,181.0,180.95,997.0,18045100.0,180.938
000858.SZ,2022-12-23,0.0,180.57,180.94,180.57,507.0,9163100.0,180.937
000858.SZ,2022-12-23,0.0,180.87,180.87,180.57,769.0,13892400.0,180.936
000858.SZ,2022-12-23,0.0,180.95,180.97,180.85,618.0,11178300.0,180.935
000858.SZ,2022-12-23,0.0,181.15,181.15,180.96,360.0,6516850.0,180.936
000858.SZ,2022-12-23,0.0,181.38,181.5,181.15,278.0,5038940.0,180.936
000858.SZ,2022-12-23,0.0,181.48,181.54,181.47,379.0,6878540.0,180.938
000858.SZ,2022-12-23,0.0,181.39,181.47,181.36,400.0,7255720.0,180.939
000858.SZ,2022-12-23,0.0,181.44,181.49,181.39,257.0,4662570.0,180.94
000858.SZ,2022-12-23,0.0,181.61,181.61,181.47,216.0,3922540.0,180.941
000858.SZ,2022-12-23,0.0,181.76,181.76,181.61,291.0,5286920.0,180.943
000858.SZ,2022-12-23,0.0,181.88,181.9,181.77,385.0,7000140.0,180.946
000858.SZ,2022-12-23,0.0,181.82,181.95,181.8,556.0,10113100.0,180.95
000858.SZ,2022-12-23,0.0,181.6,181.84,181.58,344.0,6252330.0,180.952
000858.SZ,2022-12-23,0.0,181.57,181.62,181.55,269.0,4884130.0,180.953
000858.SZ,2022-12-23,0.0,181.49,181.55,181.49,347.0,6298790.0,180.955
000858.SZ,2022-12-23,0.0,181.37,181.5,181.37,403.0,7312110.0,180.956
000858.SZ,2022-12-23,0.0,181.19,181.38,181.18,380.0,6888780.0,180.957
000858.SZ,2022-12-23,0.0,181.35,181.35,181.16,546.0,9894330.0,180.958
000858.SZ,2022-12-23,0.0,181.59,181.59,181.35,538.0,9760530.0,180.96
000858.SZ,2022-12-23,0.0,181.68,181.69,181.6,399.0,7247390.0,180.962
000858.SZ,2022-12-23,0.0,182.03,182.03,181.69,733.0,13334300.0,180.967
000858.SZ,2022-12-23,0.0,182.49,182.49,182.1,940.0,17136400.0,180.977
000858.SZ,2022-12-23,0.0,182.36,182.53,182.36,856.0,15621500.0,180.986
000858.SZ,2022-12-23,0.0,182.1,182.34,182.03,211.0,3843410.0,180.988
000858.SZ,2022-12-23,0.0,182.06,182.1,182.05,201.0,3659540.0,180.99
000858.SZ,2022-12-23,0.0,182.18,182.19,182.05,335.0,6101230.0,180.993
000858.SZ,2022-12-23,0.0,182.25,182.26,182.19,301.0,5485200.0,180.996
000858.SZ,2022-12-23,0.0,182.27,182.27,182.23,360.0,6566740.0,180.999
000858.SZ,2022-12-23,0.0,181.8,182.28,181.75,338.0,6154720.0,181.002
000858.SZ,2022-12-23,0.0,181.68,181.84,181.68,157.0,2853420.0,181.002
000858.SZ,2022-12-23,0.0,181.38,181.71,181.36,217.0,3939620.0,181.003
000858.SZ,2022-12-23,0.0,180.67,181.38,180.6,1155.0,20911400.0,181.004
000858.SZ,2022-12-23,0.0,180.53,180.78,180.53,791.0,14290500.0,181.002
000858.SZ,2022-12-23,0.0,180.52,180.54,180.49,871.0,15722800.0,180.999
000858.SZ,2022-12-23,0.0,180.51,180.52,180.5,378.0,6823320.0,180.997
000858.SZ,2022-12-23,0.0,180.55,180.57,180.5,242.0,4368540.0,180.997
000858.SZ,2022-12-23,0.0,180.64,180.7,180.57,395.0,7133490.0,180.995
000858.SZ,2022-12-23,0.0,180.37,180.64,180.37,1094.0,19749500.0,180.992
000858.SZ,2022-12-23,0.0,180.11,180.35,180.1,526.0,9478990.0,180.989
000858.SZ,2022-12-23,0.0,180.03,180.07,180.0,704.0,12674700.0,180.984
000858.SZ,2022-12-23,0.0,180.16,180.16,180.04,466.0,8392210.0,180.981
000858.SZ,2022-12-23,0.0,180.12,180.15,180.07,766.0,13796800.0,180.977
000858.SZ,2022-12-23,0.0,180.08,180.12,180.07,309.0,5564550.0,180.975
000858.SZ,2022-12-23,0.0,180.09,180.11,180.08,271.0,4880460.0,180.973
000858.SZ,2022-12-23,0.0,179.68,180.12,179.68,1877.0,33782400.0,180.96
000858.SZ,2022-12-23,0.0,179.52,179.66,179.52,699.0,12553100.0,180.954
000858.SZ,2022-12-23,0.0,179.55,179.55,179.5,893.0,16036500.0,180.945
000858.SZ,2022-12-23,0.0,179.63,179.63,179.55,422.0,7578780.0,180.941
000858.SZ,2022-12-23,0.0,179.77,179.77,179.63,386.0,6936010.0,180.938
000858.SZ,2022-12-23,0.0,179.81,179.98,179.77,608.0,10932700.0,180.933
000858.SZ,2022-12-23,0.0,179.78,179.83,179.78,571.0,10266600.0,180.929
000858.SZ,2022-12-23,0.0,179.52,179.77,179.5,820.0,14727200.0,180.922
000858.SZ,2022-12-23,0.0,179.44,179.52,179.44,680.0,12205600.0,180.915
000858.SZ,2022-12-23,0.0,179.21,179.4,179.21,570.0,10218600.0,180.909
000858.SZ,2022-12-23,0.0,179.27,179.34,179.21,609.0,10917400.0,180.903
000858.SZ,2022-12-23,0.0,179.32,179.47,179.3,432.0,7748440.0,180.898
000858.SZ,2022-12-23,0.0,179.5,179.52,179.3,536.0,9615470.0,180.893
000858.SZ,2022-12-23,0.0,179.5,179.5,179.43,289.0,5186480.0,180.89
000858.SZ,2022-12-23,0.0,179.52,179.52,179.4,1054.0,18917200.0,180.881
000858.SZ,2022-12-23,0.0,179.5,179.55,179.48,565.0,10142200.0,180.876
000858.SZ,2022-12-23,0.0,179.43,179.5,179.43,596.0,10697100.0,180.871
000858.SZ,2022-12-23,0.0,179.35,179.5,179.34,455.0,8164010.0,180.866
000858.SZ,2022-12-23,0.0,179.34,179.38,179.2,704.0,12622900.0,180.859
000858.SZ,2022-12-23,0.0,179.47,179.48,179.35,364.0,6530370.0,180.856
000858.SZ,2022-12-23,0.0,179.4,179.48,179.4,262.0,4701010.0,180.854
000858.SZ,2022-12-23,0.0,179.35,179.48,179.35,492.0,8827010.0,180.849
000858.SZ,2022-12-23,0.0,179.46,179.46,179.37,292.0,5238590.0,180.846
000858.SZ,2022-12-23,0.0,179.52,179.55,179.45,416.0,7466230.0,180.843
000858.SZ,2022-12-23,0.0,179.6,179.61,179.5,336.0,6033290.0,180.84
000858.SZ,2022-12-23,0.0,179.41,179.61,179.4,588.0,10555200.0,180.835
000858.SZ,2022-12-23,0.0,179.48,179.48,179.39,274.0,4916000.0,180.833
000858.SZ,2022-12-23,0.0,179.55,179.55,179.42,292.0,5240740.0,180.83
000858.SZ,2022-12-23,0.0,179.62,179.62,179.5,296.0,5314760.0,180.828
000858.SZ,2022-12-23,0.0,179.8,179.85,179.55,417.0,7493330.0,180.825
000858.SZ,2022-12-23,0.0,179.75,179.85,179.58,499.0,8967800.0,180.822
000858.SZ,2022-12-23,0.0,179.84,180.0,179.84,827.0,14880300.0,180.817
000858.SZ,2022-12-23,0.0,179.9,180.0,179.84,425.0,7646320.0,180.815
000858.SZ,2022-12-23,0.0,179.41,179.9,179.41,932.0,16743300.0,180.808
000858.SZ,2022-12-23,0.0,179.34,179.41,179.34,531.0,9524570.0,180.804
000858.SZ,2022-12-23,0.0,179.43,179.51,179.35,255.0,4574080.0,180.801
000858.SZ,2022-12-23,0.0,179.52,179.7,179.44,305.0,5476870.0,180.799
000858.SZ,2022-12-23,0.0,179.53,179.57,179.5,295.0,5295960.0,180.797
000858.SZ,2022-12-23,0.0,179.58,179.59,179.53,197.0,3537360.0,180.795
000858.SZ,2022-12-23,0.0,179.55,179.59,179.54,215.0,3860590.0,180.794
000858.SZ,2022-12-23,0.0,179.6,179.63,179.55,347.0,6233230.0,180.791
000858.SZ,2022-12-23,0.0,179.65,179.66,179.62,227.0,4077890.0,180.79
000858.SZ,2022-12-23,0.0,179.68,179.73,179.65,306.0,5498950.0,180.788
000858.SZ,2022-12-23,0.0,179.78,179.8,179.68,212.0,3810560.0,180.786
000858.SZ,2022-12-23,0.0,179.73,179.78,179.63,290.0,5210920.0,180.784
000858.SZ,2022-12-23,0.0,179.72,179.87,179.7,377.0,6778200.0,180.782
000858.SZ,2022-12-23,0.0,179.83,179.88,179.73,311.0,5592810.0,180.78
000858.SZ,2022-12-23,0.0,179.88,179.97,179.81,353.0,6349520.0,180.778
000858.SZ,2022-12-23,0.0,179.5,179.88,179.5,925.0,16615000.0,180.772
000858.SZ,2022-12-23,0.0,179.42,179.52,179.41,629.0,11289400.0,180.767
000858.SZ,2022-12-23,0.0,179.41,179.43,179.41,436.0,7822450.0,180.764
000858.SZ,2022-12-23,0.0,179.41,179.43,179.41,246.0,4413560.0,180.762
000858.SZ,2022-12-23,0.0,179.5,179.72,179.42,404.0,7250600.0,180.759
000858.SZ,2022-12-23,0.0,179.64,179.8,179.5,292.0,5246220.0,180.757
000858.SZ,2022-12-23,0.0,179.7,179.88,179.6,496.0,8912500.0,180.754
000858.SZ,2022-12-23,0.0,179.59,179.67,179.59,409.0,7348400.0,180.751
000858.SZ,2022-12-23,0.0,179.58,179.6,179.57,186.0,3340260.0,180.75
000858.SZ,2022-12-23,0.0,179.59,179.6,179.57,292.0,5243970.0,180.748
000858.SZ,2022-12-23,0.0,179.4,179.59,179.4,628.0,11270900.0,180.744
000858.SZ,2022-12-23,0.0,179.5,179.51,179.4,397.0,7123500.0,180.741
000858.SZ,2022-12-23,0.0,179.49,179.52,179.44,254.0,4558940.0,180.739
000858.SZ,2022-12-23,0.0,179.48,179.49,179.43,345.0,6191140.0,180.736
000858.SZ,2022-12-23,0.0,179.48,179.48,179.42,268.0,4809300.0,180.734
000858.SZ,2022-12-23,0.0,179.5,179.52,179.45,431.0,7735900.0,180.731
000858.SZ,2022-12-23,0.0,179.52,179.52,179.46,399.0,7161620.0,180.728
000858.SZ,2022-12-23,0.0,179.47,179.51,179.46,335.0,6012650.0,180.726
000858.SZ,2022-12-23,0.0,179.48,179.5,179.45,524.0,9404670.0,180.722
000858.SZ,2022-12-23,0.0,179.47,179.48,179.45,337.0,6048290.0,180.72
000858.SZ,2022-12-23,0.0,179.4,179.46,179.4,761.0,13654200.0,180.714
000858.SZ,2022-12-23,0.0,179.46,179.46,179.41,509.0,9133260.0,180.711
000858.SZ,2022-12-23,0.0,179.46,179.48,179.46,240.0,4307270.0,180.709
000858.SZ,2022-12-23,0.0,179.48,179.5,179.43,291.0,5222560.0,180.707
000858.SZ,2022-12-23,0.0,179.61,179.61,179.46,558.0,10017200.0,180.703
000858.SZ,2022-12-23,0.0,179.6,179.78,179.51,522.0,9375040.0,180.7
000858.SZ,2022-12-23,0.0,179.89,179.95,179.61,391.0,7029240.0,180.698
000858.SZ,2022-12-23,0.0,179.45,179.89,179.45,880.0,15802900.0,180.693
000858.SZ,2022-12-23,0.0,179.49,179.49,179.4,413.0,7410380.0,180.69
000858.SZ,2022-12-23,0.0,179.58,179.7,179.48,336.0,6033170.0,180.688
000858.SZ,2022-12-23,0.0,179.62,179.78,179.6,301.0,5408660.0,180.686
000858.SZ,2022-12-23,0.0,179.5,179.66,179.5,509.0,9139600.0,180.683
000858.SZ,2022-12-23,0.0,179.53,179.53,179.45,678.0,12170500.0,180.678
000858.SZ,2022-12-23,0.0,179.46,179.54,179.46,481.0,8633970.0,180.675
000858.SZ,2022-12-23,0.0,179.51,179.52,179.46,294.0,5276930.0,180.673
000858.SZ,2022-12-23,0.0,179.78,179.78,179.51,359.0,6447490.0,180.671
000858.SZ,2022-12-23,0.0,179.79,179.8,179.75,303.0,5447180.0,180.67
000858.SZ,2022-12-23,0.0,179.8,179.81,179.75,161.0,2894530.0,180.669
000858.SZ,2022-12-23,0.0,180.0,180.0,179.8,790.0,14214200.0,180.666
000858.SZ,2022-12-23,0.0,179.79,180.0,179.76,393.0,7069540.0,180.664
000858.SZ,2022-12-23,0.0,179.95,179.98,179.79,210.0,3777280.0,180.663
000858.SZ,2022-12-23,0.0,179.9,179.97,179.9,377.0,6784020.0,180.662
000858.SZ,2022-12-23,0.0,179.96,179.96,179.9,469.0,8446710.0,180.66
000858.SZ,2022-12-23,0.0,180.0,180.01,179.99,668.0,12023600.0,180.658
000858.SZ,2022-12-23,0.0,180.0,180.16,179.99,608.0,10945600.0,180.656
000858.SZ,2022-12-23,0.0,180.04,180.08,179.99,497.0,8947530.0,180.654
000858.SZ,2022-12-23,0.0,179.96,180.04,179.96,681.0,12257400.0,180.652
000858.SZ,2022-12-23,0.0,179.92,179.97,179.9,419.0,7539340.0,180.65
000858.SZ,2022-12-23,0.0,179.99,180.0,179.93,595.0,10708600.0,180.648
000858.SZ,2022-12-23,0.0,180.05,180.05,179.98,868.0,15624800.0,180.645
000858.SZ,2022-12-23,0.0,180.1,180.1,180.02,792.0,14264300.0,180.643
000858.SZ,2022-12-23,0.0,180.35,180.35,180.1,702.0,12648500.0,180.641
000858.SZ,2022-12-23,0.0,180.29,180.36,180.29,1321.0,23825800.0,180.639
000858.SZ,2022-12-23,0.0,180.5,180.52,180.4,1245.0,22464100.0,180.638
000858.SZ,2022-12-23,0.0,180.33,180.52,180.31,1576.0,28448700.0,180.636
000858.SZ,2022-12-23,0.0,180.29,180.35,180.25,1009.0,18186000.0,180.635
000858.SZ,2022-12-23,0.0,180.29,180.29,180.29,15.0,270436.0,180.635
000858.SZ,2022-12-23,0.0,180.29,180.29,180.29,0.0,0.0,180.635
000858.SZ,2022-12-23,0.0,180.29,180.29,180.29,1016.0,18309000.0,180.633
000858.SZ,2022-12-26,0.0,180.29,180.29,180.29,607.0,10943600.0,180.29
000858.SZ,2022-12-26,0.0,180.79,181.19,180.25,2167.0,39101300.0,180.407
000858.SZ,2022-12-26,0.0,180.27,180.72,180.0,1331.0,24019600.0,180.425
000858.SZ,2022-12-26,0.0,178.95,180.0,178.86,1825.0,32728300.0,180.089
000858.SZ,2022-12-26,0.0,178.8,179.55,178.8,2028.0,36331200.0,179.849
000858.SZ,2022-12-26,0.0,179.4,179.4,178.6,1571.0,28122200.0,179.711
000858.SZ,2022-12-26,0.0,179.48,179.55,179.4,1472.0,26426900.0,179.686
000858.SZ,2022-12-26,0.0,180.14,180.25,179.48,807.0,14523500.0,179.706
000858.SZ,2022-12-26,0.0,179.58,180.13,179.58,885.0,15915600.0,179.715
000858.SZ,2022-12-26,0.0,179.58,179.61,179.51,579.0,10397500.0,179.709
000858.SZ,2022-12-26,0.0,179.11,179.62,179.11,769.0,13797900.0,179.693
000858.SZ,2022-12-26,0.0,179.02,179.16,179.0,1026.0,18368300.0,179.648
000858.SZ,2022-12-26,0.0,179.44,179.63,179.01,1384.0,24846900.0,179.638
000858.SZ,2022-12-26,0.0,179.28,179.41,179.2,580.0,10400700.0,179.627
000858.SZ,2022-12-26,0.0,179.0,179.25,179.0,714.0,12784800.0,179.605
000858.SZ,2022-12-26,0.0,178.83,179.01,178.83,972.0,17393900.0,179.571
000858.SZ,2022-12-26,0.0,178.22,178.81,178.15,1390.0,24820800.0,179.501
000858.SZ,2022-12-26,0.0,178.07,178.19,177.9,3761.0,66963700.0,179.272
000858.SZ,2022-12-26,0.0,178.9,179.0,178.12,926.0,16541500.0,179.248
000858.SZ,2022-12-26,0.0,178.55,178.9,178.55,1553.0,27756900.0,179.218
000858.SZ,2022-12-26,0.0,179.15,179.16,178.5,777.0,13892500.0,179.206
000858.SZ,2022-12-26,0.0,179.02,179.15,179.0,624.0,11172600.0,179.202
000858.SZ,2022-12-26,0.0,179.48,179.51,179.0,632.0,11328300.0,179.203
000858.SZ,2022-12-26,0.0,179.46,179.52,179.46,444.0,7966160.0,179.207
000858.SZ,2022-12-26,0.0,179.14,179.48,179.09,420.0,7533280.0,179.209
000858.SZ,2022-12-26,0.0,179.68,179.7,179.37,409.0,7344570.0,179.214
000858.SZ,2022-12-26,0.0,179.7,179.7,179.65,352.0,6324290.0,179.219
000858.SZ,2022-12-26,0.0,180.04,180.1,179.7,694.0,12485600.0,179.235
000858.SZ,2022-12-26,0.0,180.26,180.29,180.1,662.0,11929300.0,179.255
000858.SZ,2022-12-26,0.0,180.15,180.27,180.15,679.0,12238700.0,179.276
000858.SZ,2022-12-26,0.0,180.75,180.75,180.13,810.0,14610900.0,179.302
000858.SZ,2022-12-26,0.0,180.89,181.1,180.86,1577.0,28545200.0,179.38
000858.SZ,2022-12-26,0.0,181.01,181.06,180.89,730.0,13211200.0,179.413
000858.SZ,2022-12-26,0.0,181.1,181.1,181.0,963.0,17434100.0,179.456
000858.SZ,2022-12-26,0.0,180.71,181.09,180.71,630.0,11399800.0,179.482
000858.SZ,2022-12-26,0.0,180.49,180.89,180.37,423.0,7644540.0,179.496
000858.SZ,2022-12-26,0.0,180.19,180.49,180.19,371.0,6689540.0,179.504
000858.SZ,2022-12-26,0.0,180.5,180.66,180.2,606.0,10933300.0,179.519
000858.SZ,2022-12-26,0.0,180.7,180.7,180.5,459.0,8291160.0,179.532
000858.SZ,2022-12-26,0.0,180.77,180.88,180.7,537.0,9707570.0,179.549
000858.SZ,2022-12-26,0.0,180.5,180.8,180.5,537.0,9703920.0,179.565
000858.SZ,2022-12-26,0.0,180.27,180.55,180.27,420.0,7575440.0,179.573
000858.SZ,2022-12-26,0.0,180.18,180.31,180.0,497.0,8954810.0,179.58
000858.SZ,2022-12-26,0.0,180.28,180.28,180.0,772.0,13909500.0,179.591
000858.SZ,2022-12-26,0.0,180.6,180.71,180.33,749.0,13522600.0,179.608
000858.SZ,2022-12-26,0.0,180.21,180.66,180.15,375.0,6767170.0,179.616
000858.SZ,2022-12-26,0.0,180.03,180.21,180.03,601.0,10826800.0,179.623
000858.SZ,2022-12-26,0.0,179.97,180.07,179.97,1089.0,19603700.0,179.633
000858.SZ,2022-12-26,0.0,179.85,180.06,179.85,1476.0,26568400.0,179.645
000858.SZ,2022-12-26,0.0,179.63,179.84,179.6,1203.0,21620400.0,179.647
000858.SZ,2022-12-26,0.0,179.64,179.85,179.63,789.0,14178000.0,179.648
000858.SZ,2022-12-26,0.0,179.79,179.8,179.64,462.0,8301000.0,179.648
000858.SZ,2022-12-26,0.0,179.65,179.81,179.65,561.0,10082800.0,179.649
000858.SZ,2022-12-26,0.0,179.85,179.9,179.63,951.0,17084400.0,179.651
000858.SZ,2022-12-26,0.0,180.0,180.0,179.9,959.0,17258000.0,179.656
000858.SZ,2022-12-26,0.0,179.99,180.05,179.99,241.0,4338350.0,179.658
000858.SZ,2022-12-26,0.0,179.9,180.0,179.86,554.0,9969720.0,179.661
000858.SZ,2022-12-26,0.0,179.74,179.88,179.74,539.0,9692680.0,179.663
000858.SZ,2022-12-26,0.0,179.96,179.96,179.72,691.0,12425700.0,179.665
000858.SZ,2022-12-26,0.0,180.1,180.15,179.98,969.0,17446700.0,179.672
000858.SZ,2022-12-26,0.0,179.98,180.1,179.97,165.0,2969960.0,179.673
000858.SZ,2022-12-26,0.0,179.99,180.01,179.97,591.0,10637300.0,179.677
000858.SZ,2022-12-26,0.0,179.96,179.99,179.93,404.0,7270420.0,179.679
000858.SZ,2022-12-26,0.0,180.09,180.09,179.94,530.0,9540410.0,179.682
000858.SZ,2022-12-26,0.0,180.1,180.15,180.09,642.0,11563400.0,179.687
000858.SZ,2022-12-26,0.0,180.16,180.16,180.12,238.0,4287140.0,179.689
000858.SZ,2022-12-26,0.0,180.18,180.2,180.15,225.0,4053760.0,179.691
000858.SZ,2022-12-26,0.0,180.2,180.25,180.18,396.0,7136080.0,179.694
000858.SZ,2022-12-26,0.0,181.0,181.01,180.15,5377.0,97253200.0,179.796
000858.SZ,2022-12-26,0.0,181.19,181.19,181.0,1349.0,24433900.0,179.824
000858.SZ,2022-12-26,0.0,181.01,181.2,181.01,959.0,17367200.0,179.843
000858.SZ,2022-12-26,0.0,181.01,181.01,181.0,1329.0,24059400.0,179.867
000858.SZ,2022-12-26,0.0,181.1,181.14,181.07,496.0,8982450.0,179.876
000858.SZ,2022-12-26,0.0,180.8,181.1,180.8,1778.0,32181300.0,179.906
000858.SZ,2022-12-26,0.0,180.96,180.96,180.6,380.0,6870430.0,179.911
000858.SZ,2022-12-26,0.0,180.8,180.99,180.73,559.0,10109000.0,179.918
000858.SZ,2022-12-26,0.0,180.78,180.78,180.73,216.0,3904280.0,179.921
000858.SZ,2022-12-26,0.0,180.79,180.95,180.77,493.0,8915000.0,179.927
000858.SZ,2022-12-26,0.0,180.66,180.9,180.64,498.0,9002460.0,179.933
000858.SZ,2022-12-26,0.0,180.77,180.8,180.66,516.0,9326220.0,179.939
000858.SZ,2022-12-26,0.0,180.75,180.76,180.75,447.0,8079740.0,179.944
000858.SZ,2022-12-26,0.0,180.6,180.75,180.55,446.0,8058320.0,179.949
000858.SZ,2022-12-26,0.0,180.35,180.58,180.2,909.0,16399300.0,179.954
000858.SZ,2022-12-26,0.0,180.26,180.3,180.21,403.0,7264820.0,179.956
000858.SZ,2022-12-26,0.0,180.5,180.5,180.26,462.0,8332500.0,179.959
000858.SZ,2022-12-26,0.0,180.7,180.7,180.47,423.0,7637760.0,179.962
000858.SZ,2022-12-26,0.0,180.69,180.69,180.4,487.0,8793470.0,179.966
000858.SZ,2022-12-26,0.0,180.53,180.62,180.51,433.0,7818880.0,179.97
000858.SZ,2022-12-26,0.0,180.94,181.01,180.53,2279.0,41239000.0,179.999
000858.SZ,2022-12-26,0.0,180.88,180.97,180.61,491.0,8874740.0,180.003
000858.SZ,2022-12-26,0.0,180.92,180.93,180.71,332.0,6005180.0,180.007
000858.SZ,2022-12-26,0.0,180.64,180.91,180.61,503.0,9090270.0,180.012
000858.SZ,2022-12-26,0.0,180.26,180.6,180.26,451.0,8135910.0,180.014
000858.SZ,2022-12-26,0.0,180.22,180.27,180.2,502.0,9047760.0,180.015
000858.SZ,2022-12-26,0.0,180.14,180.19,180.1,689.0,12413000.0,180.017
000858.SZ,2022-12-26,0.0,180.03,180.11,180.0,868.0,15629100.0,180.017
000858.SZ,2022-12-26,0.0,180.04,180.05,180.01,460.0,8281440.0,180.017
000858.SZ,2022-12-26,0.0,180.12,180.75,180.04,1889.0,34101800.0,180.029
000858.SZ,2022-12-26,0.0,180.35,180.35,180.2,1436.0,25947900.0,180.04
000858.SZ,2022-12-26,0.0,180.21,180.34,180.16,647.0,11665100.0,180.042
000858.SZ,2022-12-26,0.0,180.1,180.2,180.07,528.0,9511010.0,180.043
000858.SZ,2022-12-26,0.0,180.12,180.17,180.1,612.0,11025100.0,180.043
000858.SZ,2022-12-26,0.0,180.01,180.12,180.01,737.0,13269700.0,180.043
000858.SZ,2022-12-26,0.0,179.93,180.04,179.92,640.0,11527800.0,180.043
000858.SZ,2022-12-26,0.0,179.84,179.93,179.84,846.0,15218700.0,180.042
000858.SZ,2022-12-26,0.0,179.82,179.88,179.8,816.0,14674300.0,180.04
000858.SZ,2022-12-26,0.0,179.73,179.86,179.7,681.0,12242000.0,180.038
000858.SZ,2022-12-26,0.0,179.9,179.9,179.75,647.0,11631800.0,180.036
000858.SZ,2022-12-26,0.0,179.74,179.99,179.74,518.0,9313560.0,180.034
000858.SZ,2022-12-26,0.0,179.78,179.8,179.7,763.0,13718300.0,180.032
000858.SZ,2022-12-26,0.0,179.65,179.76,179.65,636.0,11429300.0,180.03
000858.SZ,2022-12-26,0.0,179.5,179.65,179.48,619.0,11113500.0,180.027
000858.SZ,2022-12-26,0.0,179.62,179.62,179.45,566.0,10162500.0,180.024
000858.SZ,2022-12-26,0.0,179.66,180.0,179.6,300.0,5391950.0,180.023
000858.SZ,2022-12-26,0.0,179.8,179.8,179.6,371.0,6665800.0,180.022
000858.SZ,2022-12-26,0.0,179.67,179.83,179.62,380.0,6829100.0,180.02
000858.SZ,2022-12-26,0.0,179.82,179.9,179.81,301.0,5412830.0,180.02
000858.SZ,2022-12-26,0.0,179.84,179.84,179.81,167.0,3002960.0,180.02
000858.SZ,2022-12-26,0.0,179.66,179.84,179.66,510.0,9167840.0,180.018
000858.SZ,2022-12-26,0.0,179.63,179.68,179.6,320.0,5747670.0,180.017
000858.SZ,2022-12-26,0.0,179.69,179.84,179.41,674.0,12099700.0,180.013
000858.SZ,2022-12-26,0.0,180.0,180.0,179.78,1071.0,19263900.0,180.012
000858.SZ,2022-12-26,0.0,179.65,180.0,179.65,410.0,7368240.0,180.011
000858.SZ,2022-12-26,0.0,179.6,179.67,179.6,469.0,8424440.0,180.009
000858.SZ,2022-12-26,0.0,179.56,179.63,179.56,199.0,3574160.0,180.008
000858.SZ,2022-12-26,0.0,179.3,179.5,179.3,460.0,8252110.0,180.005
000858.SZ,2022-12-26,0.0,179.22,179.37,179.2,540.0,9680620.0,180.001
000858.SZ,2022-12-26,0.0,179.33,179.4,179.21,444.0,7959360.0,179.998
000858.SZ,2022-12-26,0.0,179.22,179.34,179.21,435.0,7797450.0,179.995
000858.SZ,2022-12-26,0.0,179.37,179.37,179.22,360.0,6455060.0,179.992
000858.SZ,2022-12-26,0.0,179.49,179.5,179.39,271.0,4863200.0,179.991
000858.SZ,2022-12-26,0.0,179.55,179.57,179.49,343.0,6157350.0,179.989
000858.SZ,2022-12-26,0.0,179.4,179.55,179.39,485.0,8704930.0,179.987
000858.SZ,2022-12-26,0.0,179.42,179.54,179.4,385.0,6909320.0,179.985
000858.SZ,2022-12-26,0.0,179.42,179.44,179.4,248.0,4449860.0,179.983
000858.SZ,2022-12-26,0.0,179.22,179.43,179.22,387.0,6939130.0,179.981
000858.SZ,2022-12-26,0.0,179.28,179.3,179.2,396.0,7097290.0,179.978
000858.SZ,2022-12-26,0.0,179.32,179.32,179.22,398.0,7135350.0,179.975
000858.SZ,2022-12-26,0.0,179.1,179.29,179.07,816.0,14621100.0,179.969
000858.SZ,2022-12-26,0.0,179.11,179.13,179.07,1165.0,20860100.0,179.959
000858.SZ,2022-12-26,0.0,179.44,179.45,179.09,956.0,17124100.0,179.952
000858.SZ,2022-12-26,0.0,179.61,179.62,179.44,343.0,6157880.0,179.95
000858.SZ,2022-12-26,0.0,179.85,179.87,179.58,308.0,5535200.0,179.95
000858.SZ,2022-12-26,0.0,179.82,179.84,179.6,173.0,3108570.0,179.949
000858.SZ,2022-12-26,0.0,179.89,179.89,179.66,259.0,4656260.0,179.949
000858.SZ,2022-12-26,0.0,179.85,179.96,179.85,384.0,6908240.0,179.949
000858.SZ,2022-12-26,0.0,180.0,180.0,179.84,511.0,9195680.0,179.949
000858.SZ,2022-12-26,0.0,179.98,180.14,179.96,449.0,8084090.0,179.949
000858.SZ,2022-12-26,0.0,180.0,180.0,179.8,495.0,8903630.0,179.949
000858.SZ,2022-12-26,0.0,179.91,180.0,179.86,267.0,4803000.0,179.949
000858.SZ,2022-12-26,0.0,179.91,179.99,179.87,253.0,4552140.0,179.949
000858.SZ,2022-12-26,0.0,179.91,179.92,179.85,312.0,5612480.0,179.948
000858.SZ,2022-12-26,0.0,179.99,179.99,179.94,359.0,6461250.0,179.948
000858.SZ,2022-12-26,0.0,179.96,179.98,179.93,218.0,3922390.0,179.948
000858.SZ,2022-12-26,0.0,179.98,180.0,179.92,437.0,7864740.0,179.949
000858.SZ,2022-12-26,0.0,179.97,180.01,179.97,316.0,5687720.0,179.949
000858.SZ,2022-12-26,0.0,179.99,180.02,179.97,298.0,5364110.0,179.949
000858.SZ,2022-12-26,0.0,180.06,180.06,179.93,403.0,7254800.0,179.949
000858.SZ,2022-12-26,0.0,180.09,180.1,180.03,242.0,4357820.0,179.949
000858.SZ,2022-12-26,0.0,180.03,180.11,180.03,566.0,10191900.0,179.95
000858.SZ,2022-12-26,0.0,180.04,180.07,180.03,324.0,5833300.0,179.95
000858.SZ,2022-12-26,0.0,180.08,180.08,180.03,342.0,6157740.0,179.95
000858.SZ,2022-12-26,0.0,180.03,180.06,180.03,418.0,7525420.0,179.951
000858.SZ,2022-12-26,0.0,180.03,180.05,180.0,609.0,10963800.0,179.951
000858.SZ,2022-12-26,0.0,179.8,180.0,179.8,620.0,11154800.0,179.951
000858.SZ,2022-12-26,0.0,179.45,179.93,179.45,336.0,6037400.0,179.95
000858.SZ,2022-12-26,0.0,179.4,179.43,179.2,447.0,8013000.0,179.948
000858.SZ,2022-12-26,0.0,179.51,179.69,179.2,514.0,9220080.0,179.945
000858.SZ,2022-12-26,0.0,179.78,179.78,179.39,442.0,7934460.0,179.943
000858.SZ,2022-12-26,0.0,179.98,179.98,179.38,505.0,9074620.0,179.942
000858.SZ,2022-12-26,0.0,179.89,179.91,179.45,720.0,12942300.0,179.941
000858.SZ,2022-12-26,0.0,179.5,179.92,179.39,523.0,9394600.0,179.94
000858.SZ,2022-12-26,0.0,179.39,179.5,179.39,433.0,7769520.0,179.938
000858.SZ,2022-12-26,0.0,179.3,179.41,179.28,588.0,10545800.0,179.935
000858.SZ,2022-12-26,0.0,179.46,179.83,179.3,674.0,12096700.0,179.933
000858.SZ,2022-12-26,0.0,179.91,179.92,179.46,896.0,16108800.0,179.932
000858.SZ,2022-12-26,0.0,179.87,179.91,179.56,449.0,8070390.0,179.931
000858.SZ,2022-12-26,0.0,179.51,179.87,179.49,339.0,6087660.0,179.93
000858.SZ,2022-12-26,0.0,179.41,179.49,179.4,243.0,4360440.0,179.929
000858.SZ,2022-12-26,0.0,179.35,179.41,179.35,376.0,6744460.0,179.927
000858.SZ,2022-12-26,0.0,179.29,179.37,179.28,494.0,8857860.0,179.925
000858.SZ,2022-12-26,0.0,179.33,179.33,179.25,321.0,5755040.0,179.923
000858.SZ,2022-12-26,0.0,179.31,179.44,179.29,408.0,7317640.0,179.921
000858.SZ,2022-12-26,0.0,179.15,179.31,179.15,687.0,12311600.0,179.917
000858.SZ,2022-12-26,0.0,179.01,179.13,179.01,609.0,10903700.0,179.913
000858.SZ,2022-12-26,0.0,179.04,179.04,179.01,356.0,6373180.0,179.911
000858.SZ,2022-12-26,0.0,179.04,179.06,179.02,352.0,6302080.0,179.908
000858.SZ,2022-12-26,0.0,179.08,179.08,179.03,366.0,6553190.0,179.906
000858.SZ,2022-12-26,0.0,179.08,179.09,179.07,287.0,5139460.0,179.904
000858.SZ,2022-12-26,0.0,179.09,179.1,179.06,478.0,8560090.0,179.901
000858.SZ,2022-12-26,0.0,179.16,179.16,179.08,541.0,9690280.0,179.898
000858.SZ,2022-12-26,0.0,179.16,179.22,179.16,413.0,7400780.0,179.895
000858.SZ,2022-12-26,0.0,178.74,179.11,178.73,1686.0,30174000.0,179.883
000858.SZ,2022-12-26,0.0,178.49,178.73,178.44,1134.0,20250000.0,179.872
000858.SZ,2022-12-26,0.0,178.52,178.53,178.38,705.0,12581400.0,179.864
000858.SZ,2022-12-26,0.0,178.37,178.54,178.37,1044.0,18628900.0,179.853
000858.SZ,2022-12-26,0.0,178.14,178.35,178.12,1064.0,18964800.0,179.841
000858.SZ,2022-12-26,0.0,178.08,178.15,178.0,2256.0,40166100.0,179.811
000858.SZ,2022-12-26,0.0,178.12,178.12,178.05,854.0,15208900.0,179.8
000858.SZ,2022-12-26,0.0,178.09,178.13,178.09,722.0,12859900.0,179.791
000858.SZ,2022-12-26,0.0,178.04,178.1,178.01,1252.0,22291300.0,179.776
000858.SZ,2022-12-26,0.0,178.03,178.06,178.02,1273.0,22662100.0,179.76
000858.SZ,2022-12-26,0.0,178.03,178.06,178.01,1535.0,27322900.0,179.741
000858.SZ,2022-12-26,0.0,178.03,178.06,178.01,827.0,14722700.0,179.731
000858.SZ,2022-12-26,0.0,178.1,178.12,178.02,667.0,11877400.0,179.723
000858.SZ,2022-12-26,0.0,178.14,178.14,178.09,693.0,12343300.0,179.716
000858.SZ,2022-12-26,0.0,178.3,178.3,178.14,602.0,10727300.0,179.709
000858.SZ,2022-12-26,0.0,178.2,178.3,178.2,604.0,10765200.0,179.703
000858.SZ,2022-12-26,0.0,178.22,178.34,178.2,475.0,8466050.0,179.699
000858.SZ,2022-12-26,0.0,178.18,178.24,178.18,481.0,8571920.0,179.694
000858.SZ,2022-12-26,0.0,178.08,178.2,178.08,966.0,17206400.0,179.683
000858.SZ,2022-12-26,0.0,178.0,178.09,178.0,2113.0,37622900.0,179.66
000858.SZ,2022-12-26,0.0,178.0,178.1,178.0,1793.0,31908800.0,179.64
000858.SZ,2022-12-26,0.0,178.01,178.04,177.98,895.0,15930600.0,179.631
000858.SZ,2022-12-26,0.0,178.0,178.01,177.95,950.0,16908200.0,179.62
000858.SZ,2022-12-26,0.0,177.94,178.0,177.9,1813.0,32260800.0,179.601
000858.SZ,2022-12-26,0.0,177.77,178.0,177.73,2106.0,37460700.0,179.578
000858.SZ,2022-12-26,0.0,177.67,177.77,177.56,2228.0,39579800.0,179.551
000858.SZ,2022-12-26,0.0,177.8,177.81,177.67,633.0,11250000.0,179.543
000858.SZ,2022-12-26,0.0,177.95,177.95,177.82,827.0,14711900.0,179.535
000858.SZ,2022-12-26,0.0,177.7,177.98,177.7,1140.0,20277600.0,179.523
000858.SZ,2022-12-26,0.0,177.97,178.1,177.66,1535.0,27301600.0,179.508
000858.SZ,2022-12-26,0.0,177.68,178.0,177.68,1090.0,19379500.0,179.496
000858.SZ,2022-12-26,0.0,177.86,177.88,177.74,713.0,12676300.0,179.489
000858.SZ,2022-12-26,0.0,177.71,177.87,177.7,1251.0,22240500.0,179.476
000858.SZ,2022-12-26,0.0,177.78,177.86,177.71,1014.0,18024000.0,179.466
000858.SZ,2022-12-26,0.0,178.05,178.1,177.79,798.0,14198200.0,179.458
000858.SZ,2022-12-26,0.0,178.22,178.23,178.05,570.0,10163400.0,179.454
000858.SZ,2022-12-26,0.0,178.15,178.23,178.15,671.0,11956900.0,179.449
000858.SZ,2022-12-26,0.0,178.04,178.16,178.01,477.0,8487620.0,179.445
000858.SZ,2022-12-26,0.0,178.06,178.15,178.02,1030.0,18341600.0,179.437
000858.SZ,2022-12-26,0.0,178.1,178.14,178.04,521.0,9278080.0,179.433
000858.SZ,2022-12-26,0.0,178.09,178.15,178.08,626.0,11149700.0,179.428
000858.SZ,2022-12-26,0.0,178.02,178.09,178.0,1155.0,20562600.0,179.419
000858.SZ,2022-12-26,0.0,178.14,178.14,178.0,513.0,9133990.0,179.415
000858.SZ,2022-12-26,0.0,178.18,178.22,178.12,722.0,12862700.0,179.41
000858.SZ,2022-12-26,0.0,178.48,178.49,178.2,777.0,13853900.0,179.405
000858.SZ,2022-12-26,0.0,178.6,178.6,178.38,988.0,17630800.0,179.399
000858.SZ,2022-12-26,0.0,178.61,178.61,178.61,22.0,392997.0,179.399
000858.SZ,2022-12-26,0.0,178.61,178.61,178.61,0.0,0.0,179.399
000858.SZ,2022-12-26,0.0,178.6,178.6,178.6,1635.0,29201100.0,179.392
000858.SZ,2022-12-27,0.0,180.0,180.0,180.0,724.0,13032000.0,180.0
000858.SZ,2022-12-27,0.0,180.42,180.92,179.8,3696.0,66670500.0,180.322
000858.SZ,2022-12-27,0.0,179.91,180.4,179.6,2060.0,37072100.0,180.208
000858.SZ,2022-12-27,0.0,179.68,180.0,179.67,2434.0,43758700.0,180.091
000858.SZ,2022-12-27,0.0,179.68,180.4,179.67,2551.0,45913100.0,180.067
000858.SZ,2022-12-27,0.0,179.58,179.94,179.5,1594.0,28635000.0,180.015
000858.SZ,2022-12-27,0.0,179.17,179.62,179.15,2235.0,40127300.0,179.946
000858.SZ,2022-12-27,0.0,179.36,179.4,179.18,1156.0,20725800.0,179.904
000858.SZ,2022-12-27,0.0,179.8,179.8,179.36,1280.0,22962400.0,179.871
000858.SZ,2022-12-27,0.0,180.02,180.02,179.83,1343.0,24166000.0,179.876
000858.SZ,2022-12-27,0.0,180.3,180.49,180.09,2439.0,43999400.0,179.936
000858.SZ,2022-12-27,0.0,181.0,181.0,180.34,3631.0,65644400.0,180.059
000858.SZ,2022-12-27,0.0,181.49,181.5,180.99,2452.0,44440400.0,180.161
000858.SZ,2022-12-27,0.0,181.8,181.88,181.5,2783.0,50555300.0,180.298
000858.SZ,2022-12-27,0.0,182.19,182.22,181.83,4550.0,82817296.0,180.522
000858.SZ,2022-12-27,0.0,182.0,182.26,181.86,3004.0,54703800.0,180.647
000858.SZ,2022-12-27,0.0,181.99,182.5,181.99,4072.0,74198400.0,180.798
000858.SZ,2022-12-27,0.0,181.89,182.1,181.89,2079.0,37834400.0,180.854
000858.SZ,2022-12-27,0.0,181.71,181.9,181.7,1309.0,23799000.0,180.881
000858.SZ,2022-12-27,0.0,181.65,181.71,181.64,1080.0,19620800.0,180.9
000858.SZ,2022-12-27,0.0,181.88,181.88,181.65,1020.0,18548600.0,180.918
000858.SZ,2022-12-27,0.0,181.9,181.96,181.87,1059.0,19266600.0,180.94
000858.SZ,2022-12-27,0.0,181.7,181.95,181.7,1060.0,19271600.0,180.959
000858.SZ,2022-12-27,0.0,181.4,181.68,181.4,839.0,15233600.0,180.969
000858.SZ,2022-12-27,0.0,181.4,181.45,181.4,956.0,17342100.0,180.977
000858.SZ,2022-12-27,0.0,181.4,181.4,181.0,972.0,17612500.0,180.98
000858.SZ,2022-12-27,0.0,181.6,181.63,181.31,1254.0,22759300.0,180.992
000858.SZ,2022-12-27,0.0,181.82,181.82,181.5,1287.0,23373000.0,181.006
000858.SZ,2022-12-27,0.0,181.66,181.81,181.65,740.0,13446800.0,181.016
000858.SZ,2022-12-27,0.0,181.76,181.77,181.66,542.0,9849660.0,181.023
000858.SZ,2022-12-27,0.0,181.79,181.8,181.76,642.0,11669700.0,181.031
000858.SZ,2022-12-27,0.0,182.0,182.0,181.8,1035.0,18828800.0,181.047
000858.SZ,2022-12-27,0.0,181.68,182.0,181.66,872.0,15859200.0,181.059
000858.SZ,2022-12-27,0.0,181.51,181.7,181.5,517.0,9388670.0,181.064
000858.SZ,2022-12-27,0.0,181.6,181.66,181.5,344.0,6246320.0,181.067
000858.SZ,2022-12-27,0.0,181.3,181.5,181.28,494.0,8961530.0,181.07
000858.SZ,2022-12-27,0.0,181.28,181.28,181.21,422.0,7649410.0,181.071
000858.SZ,2022-12-27,0.0,181.11,181.35,181.01,780.0,14130500.0,181.072
000858.SZ,2022-12-27,0.0,181.58,181.58,181.25,426.0,7717940.0,181.074
000858.SZ,2022-12-27,0.0,181.53,181.66,181.5,582.0,10567100.0,181.079
000858.SZ,2022-12-27,0.0,181.37,181.58,181.36,474.0,8610860.0,181.082
000858.SZ,2022-12-27,0.0,181.07,181.37,181.02,342.0,6195500.0,181.082
000858.SZ,2022-12-27,0.0,180.62,181.02,180.6,1090.0,19719500.0,181.079
000858.SZ,2022-12-27,0.0,180.7,180.71,180.37,893.0,16120800.0,181.071
000858.SZ,2022-12-27,0.0,180.93,180.98,180.71,366.0,6619000.0,181.07
000858.SZ,2022-12-27,0.0,180.8,180.93,180.8,442.0,7994310.0,181.069
000858.SZ,2022-12-27,0.0,180.92,180.92,180.71,564.0,10194900.0,181.066
000858.SZ,2022-12-27,0.0,181.2,181.2,180.82,498.0,9012100.0,181.065
000858.SZ,2022-12-27,0.0,181.35,181.35,181.2,382.0,6924930.0,181.067
000858.SZ,2022-12-27,0.0,180.97,181.34,180.95,391.0,7084050.0,181.067
000858.SZ,2022-12-27,0.0,180.8,180.93,180.78,351.0,6348720.0,181.066
000858.SZ,2022-12-27,0.0,180.65,180.8,180.65,420.0,7591340.0,181.064
000858.SZ,2022-12-27,0.0,180.54,180.66,180.53,502.0,9066800.0,181.061
000858.SZ,2022-12-27,0.0,180.59,180.63,180.52,620.0,11193700.0,181.056
000858.SZ,2022-12-27,0.0,180.68,180.68,180.56,531.0,9589540.0,181.053
000858.SZ,2022-12-27,0.0,180.55,180.77,180.5,611.0,11035500.0,181.049
000858.SZ,2022-12-27,0.0,180.9,180.9,180.53,564.0,10188100.0,181.046
000858.SZ,2022-12-27,0.0,181.47,181.47,180.95,710.0,12864500.0,181.047
000858.SZ,2022-12-27,0.0,181.52,181.6,181.5,861.0,15630900.0,181.053
000858.SZ,2022-12-27,0.0,181.28,181.53,181.18,405.0,7348600.0,181.055
000858.SZ,2022-12-27,0.0,181.0,181.28,180.91,182.0,3295820.0,181.055
000858.SZ,2022-12-27,0.0,180.98,181.19,180.91,404.0,7316450.0,181.056
000858.SZ,2022-12-27,0.0,180.73,181.0,180.73,192.0,3473320.0,181.055
000858.SZ,2022-12-27,0.0,180.97,181.03,180.73,396.0,7162550.0,181.054
000858.SZ,2022-12-27,0.0,180.91,181.0,180.89,321.0,5808090.0,181.054
000858.SZ,2022-12-27,0.0,180.99,181.02,180.91,444.0,8035880.0,181.053
000858.SZ,2022-12-27,0.0,181.18,181.18,180.99,276.0,4997950.0,181.053
000858.SZ,2022-12-27,0.0,180.96,181.17,180.94,468.0,8471750.0,181.053
000858.SZ,2022-12-27,0.0,180.92,180.93,180.87,375.0,6784090.0,181.053
000858.SZ,2022-12-27,0.0,180.88,180.92,180.85,456.0,8248730.0,181.052
000858.SZ,2022-12-27,0.0,180.9,180.9,180.87,289.0,5227800.0,181.051
000858.SZ,2022-12-27,0.0,181.03,181.12,180.9,404.0,7313240.0,181.051
000858.SZ,2022-12-27,0.0,181.04,181.04,180.91,242.0,4380420.0,181.051
000858.SZ,2022-12-27,0.0,181.01,181.06,181.0,254.0,4598130.0,181.051
000858.SZ,2022-12-27,0.0,181.09,181.09,181.01,220.0,3982740.0,181.051
000858.SZ,2022-12-27,0.0,181.33,181.33,181.07,536.0,9712140.0,181.052
000858.SZ,2022-12-27,0.0,181.42,181.42,181.35,336.0,6094770.0,181.053
000858.SZ,2022-12-27,0.0,181.4,181.46,181.35,393.0,7129190.0,181.055
000858.SZ,2022-12-27,0.0,181.33,181.4,181.28,313.0,5675730.0,181.056
000858.SZ,2022-12-27,0.0,181.37,181.37,181.3,385.0,6972320.0,181.057
000858.SZ,2022-12-27,0.0,181.5,181.5,181.37,529.0,9598520.0,181.06
000858.SZ,2022-12-27,0.0,181.51,181.51,181.48,690.0,12523300.0,181.063
000858.SZ,2022-12-27,0.0,181.64,181.65,181.51,528.0,9587400.0,181.067
000858.SZ,2022-12-27,0.0,181.71,181.71,181.6,562.0,10209000.0,181.071
000858.SZ,2022-12-27,0.0,181.84,181.88,181.71,770.0,13999200.0,181.078
000858.SZ,2022-12-27,0.0,181.83,181.88,181.83,603.0,10966600.0,181.083
000858.SZ,2022-12-27,0.0,181.82,181.88,181.82,603.0,10965900.0,181.089
000858.SZ,2022-12-27,0.0,181.82,181.84,181.8,558.0,10145500.0,181.094
000858.SZ,2022-12-27,0.0,181.83,181.84,181.82,525.0,9546110.0,181.098
000858.SZ,2022-12-27,0.0,181.86,181.87,181.83,490.0,8910720.0,181.102
000858.SZ,2022-12-27,0.0,181.85,181.87,181.83,533.0,9692510.0,181.107
000858.SZ,2022-12-27,0.0,181.75,181.85,181.75,561.0,10199800.0,181.112
000858.SZ,2022-12-27,0.0,181.57,181.77,181.56,407.0,7395560.0,181.114
000858.SZ,2022-12-27,0.0,181.31,181.56,181.31,259.0,4699070.0,181.115
000858.SZ,2022-12-27,0.0,181.45,181.48,181.23,343.0,6219820.0,181.116
000858.SZ,2022-12-27,0.0,181.64,181.65,181.45,344.0,6246360.0,181.118
000858.SZ,2022-12-27,0.0,181.53,181.64,181.5,151.0,2741450.0,181.119
000858.SZ,2022-12-27,0.0,181.52,181.6,181.52,165.0,2995500.0,181.119
000858.SZ,2022-12-27,0.0,181.64,181.64,181.53,186.0,3377310.0,181.12
000858.SZ,2022-12-27,0.0,181.63,181.64,181.61,123.0,2233970.0,181.121
000858.SZ,2022-12-27,0.0,181.62,181.63,181.59,119.0,2161180.0,181.122
000858.SZ,2022-12-27,0.0,181.55,181.63,181.5,281.0,5102400.0,181.123
000858.SZ,2022-12-27,0.0,181.36,181.57,181.34,142.0,2576700.0,181.124
000858.SZ,2022-12-27,0.0,181.36,181.47,181.35,149.0,2702860.0,181.124
000858.SZ,2022-12-27,0.0,181.37,181.44,181.35,142.0,2579210.0,181.125
000858.SZ,2022-12-27,0.0,181.45,181.46,181.4,120.0,2175130.0,181.125
000858.SZ,2022-12-27,0.0,181.49,181.49,181.45,124.0,2255900.0,181.125
000858.SZ,2022-12-27,0.0,181.57,181.6,181.49,228.0,4139570.0,181.127
000858.SZ,2022-12-27,0.0,181.6,181.63,181.57,274.0,4975830.0,181.128
000858.SZ,2022-12-27,0.0,181.79,181.79,181.62,314.0,5704830.0,181.13
000858.SZ,2022-12-27,0.0,181.86,181.87,181.74,366.0,6655260.0,181.133
000858.SZ,2022-12-27,0.0,181.93,181.93,181.85,714.0,12988300.0,181.139
000858.SZ,2022-12-27,0.0,181.97,181.98,181.95,1333.0,24258100.0,181.151
000858.SZ,2022-12-27,0.0,181.99,182.0,181.96,2335.0,42496600.0,181.171
000858.SZ,2022-12-27,0.0,181.95,182.0,181.95,312.0,5677760.0,181.174
000858.SZ,2022-12-27,0.0,182.0,182.01,181.96,847.0,15418400.0,181.181
000858.SZ,2022-12-27,0.0,182.0,182.04,181.99,431.0,7844910.0,181.185
000858.SZ,2022-12-27,0.0,181.99,182.0,181.99,419.0,7625680.0,181.188
000858.SZ,2022-12-27,0.0,182.01,182.01,181.98,533.0,9705780.0,181.193
000858.SZ,2022-12-27,0.0,181.99,182.05,181.99,625.0,11371500.0,181.198
000858.SZ,2022-12-27,0.0,182.05,182.06,181.98,542.0,9871720.0,181.202
000858.SZ,2022-12-27,0.0,182.16,182.18,182.05,1972.0,35906500.0,181.22
000858.SZ,2022-12-27,0.0,182.19,182.2,182.16,571.0,10402300.0,181.225
000858.SZ,2022-12-27,0.0,182.11,182.2,182.08,1136.0,20695400.0,181.235
000858.SZ,2022-12-27,0.0,182.05,182.13,182.03,450.0,8194330.0,181.239
000858.SZ,2022-12-27,0.0,182.03,182.05,181.95,519.0,9447180.0,181.243
000858.SZ,2022-12-27,0.0,181.95,182.03,181.95,671.0,12211000.0,181.248
000858.SZ,2022-12-27,0.0,181.95,182.0,181.95,458.0,8334400.0,181.251
000858.SZ,2022-12-27,0.0,181.98,182.02,181.93,720.0,13102500.0,181.256
000858.SZ,2022-12-27,0.0,181.92,182.0,181.92,342.0,6223900.0,181.258
000858.SZ,2022-12-27,0.0,181.97,181.99,181.96,320.0,5823230.0,181.26
000858.SZ,2022-12-27,0.0,181.94,181.98,181.94,397.0,7223580.0,181.263
000858.SZ,2022-12-27,0.0,181.69,181.95,181.69,369.0,6708810.0,181.265
000858.SZ,2022-12-27,0.0,181.49,181.7,181.49,553.0,10042700.0,181.267
000858.SZ,2022-12-27,0.0,181.3,181.34,181.25,565.0,10244300.0,181.267
000858.SZ,2022-12-27,0.0,181.7,181.75,181.29,872.0,15814000.0,181.267
000858.SZ,2022-12-27,0.0,181.4,181.7,181.4,637.0,11569200.0,181.27
000858.SZ,2022-12-27,0.0,181.09,181.51,181.09,1220.0,22120600.0,181.27
000858.SZ,2022-12-27,0.0,181.02,181.09,181.02,537.0,9723740.0,181.269
000858.SZ,2022-12-27,0.0,180.81,181.03,180.81,982.0,17771200.0,181.266
000858.SZ,2022-12-27,0.0,180.67,180.83,180.66,769.0,13901500.0,181.263
000858.SZ,2022-12-27,0.0,180.66,180.7,180.64,701.0,12665000.0,181.26
000858.SZ,2022-12-27,0.0,180.54,180.66,180.53,790.0,14267300.0,181.255
000858.SZ,2022-12-27,0.0,180.45,180.53,180.36,1020.0,18404900.0,181.248
000858.SZ,2022-12-27,0.0,180.51,180.55,180.41,561.0,10129600.0,181.244
000858.SZ,2022-12-27,0.0,180.54,180.57,180.48,753.0,13589800.0,181.24
000858.SZ,2022-12-27,0.0,180.5,180.57,180.5,741.0,13375800.0,181.235
000858.SZ,2022-12-27,0.0,180.66,180.66,180.5,673.0,12162000.0,181.232
000858.SZ,2022-12-27,0.0,180.92,180.92,180.68,431.0,7800270.0,181.23
000858.SZ,2022-12-27,0.0,180.93,180.99,180.93,353.0,6386920.0,181.229
000858.SZ,2022-12-27,0.0,180.8,180.97,180.8,286.0,5173230.0,181.228
000858.SZ,2022-12-27,0.0,180.79,180.92,180.75,254.0,4593300.0,181.228
000858.SZ,2022-12-27,0.0,180.75,180.79,180.68,234.0,4229440.0,181.227
000858.SZ,2022-12-27,0.0,180.71,180.78,180.68,282.0,5096450.0,181.225
000858.SZ,2022-12-27,0.0,180.86,180.86,180.75,281.0,5080220.0,181.224
000858.SZ,2022-12-27,0.0,180.8,180.87,180.8,319.0,5768270.0,181.223
000858.SZ,2022-12-27,0.0,180.74,180.8,180.73,199.0,3597260.0,181.223
000858.SZ,2022-12-27,0.0,180.88,180.88,180.67,621.0,11223300.0,181.22
000858.SZ,2022-12-27,0.0,180.74,180.91,180.73,208.0,3762320.0,181.22
000858.SZ,2022-12-27,0.0,180.63,180.74,180.63,354.0,6389670.0,181.218
000858.SZ,2022-12-27,0.0,180.54,180.68,180.53,321.0,5797360.0,181.216
000858.SZ,2022-12-27,0.0,180.6,180.6,180.52,323.0,5831890.0,181.215
000858.SZ,2022-12-27,0.0,180.68,180.68,180.61,189.0,3414270.0,181.214
000858.SZ,2022-12-27,0.0,180.74,180.9,180.68,243.0,4398890.0,181.213
000858.SZ,2022-12-27,0.0,180.71,180.74,180.68,331.0,5981320.0,181.212
000858.SZ,2022-12-27,0.0,180.7,180.76,180.7,178.0,3216660.0,181.211
000858.SZ,2022-12-27,0.0,180.79,180.82,180.68,200.0,3614740.0,181.21
000858.SZ,2022-12-27,0.0,180.69,180.8,180.68,551.0,9956380.0,181.208
000858.SZ,2022-12-27,0.0,180.8,180.8,180.65,518.0,9360310.0,181.206
000858.SZ,2022-12-27,0.0,180.75,180.81,180.73,223.0,4031380.0,181.205
000858.SZ,2022-12-27,0.0,180.8,180.8,180.75,167.0,3018890.0,181.204
000858.SZ,2022-12-27,0.0,180.92,180.92,180.8,208.0,3761890.0,181.204
000858.SZ,2022-12-27,0.0,180.85,180.9,180.82,250.0,4521140.0,181.203
000858.SZ,2022-12-27,0.0,180.81,180.85,180.8,168.0,3037740.0,181.203
000858.SZ,2022-12-27,0.0,180.78,180.85,180.78,162.0,2929010.0,181.202
000858.SZ,2022-12-27,0.0,180.77,180.79,180.76,117.0,2115040.0,181.202
000858.SZ,2022-12-27,0.0,180.75,180.79,180.75,196.0,3543120.0,181.201
000858.SZ,2022-12-27,0.0,180.75,180.77,180.71,168.0,3036360.0,181.2
000858.SZ,2022-12-27,0.0,180.69,180.75,180.69,318.0,5746710.0,181.199
000858.SZ,2022-12-27,0.0,180.65,180.7,180.64,278.0,5022900.0,181.198
000858.SZ,2022-12-27,0.0,180.58,180.69,180.58,237.0,4280770.0,181.197
000858.SZ,2022-12-27,0.0,180.58,180.61,180.56,166.0,2997660.0,181.196
000858.SZ,2022-12-27,0.0,180.61,180.61,180.56,231.0,4171410.0,181.195
000858.SZ,2022-12-27,0.0,180.6,180.63,180.56,171.0,3088400.0,181.194
000858.SZ,2022-12-27,0.0,180.55,180.6,180.55,351.0,6338380.0,181.193
000858.SZ,2022-12-27,0.0,180.32,180.52,180.32,989.0,17846000.0,181.187
000858.SZ,2022-12-27,0.0,180.29,180.38,180.25,674.0,12157100.0,181.182
000858.SZ,2022-12-27,0.0,180.54,180.54,180.3,191.0,3445700.0,181.181
000858.SZ,2022-12-27,0.0,180.52,180.55,180.49,284.0,5127140.0,181.18
000858.SZ,2022-12-27,0.0,180.52,180.53,180.5,297.0,5361380.0,181.178
000858.SZ,2022-12-27,0.0,180.51,180.53,180.5,281.0,5072300.0,181.177
000858.SZ,2022-12-27,0.0,180.46,180.51,180.46,196.0,3537580.0,181.176
000858.SZ,2022-12-27,0.0,180.52,180.55,180.46,210.0,3790280.0,181.175
000858.SZ,2022-12-27,0.0,180.66,180.67,180.52,353.0,6375910.0,181.173
000858.SZ,2022-12-27,0.0,180.73,180.74,180.68,315.0,5692650.0,181.172
000858.SZ,2022-12-27,0.0,180.79,180.79,180.73,262.0,4735960.0,181.171
000858.SZ,2022-12-27,0.0,180.82,180.82,180.79,423.0,7647890.0,181.17
000858.SZ,2022-12-27,0.0,180.85,180.85,180.8,215.0,3887500.0,181.17
000858.SZ,2022-12-27,0.0,180.98,180.98,180.85,214.0,3872040.0,181.169
000858.SZ,2022-12-27,0.0,181.1,181.1,180.97,633.0,11460300.0,181.168
000858.SZ,2022-12-27,0.0,181.3,181.3,181.2,483.0,8754450.0,181.169
000858.SZ,2022-12-27,0.0,181.19,181.32,181.1,849.0,15387400.0,181.169
000858.SZ,2022-12-27,0.0,181.12,181.17,181.1,351.0,6357030.0,181.169
000858.SZ,2022-12-27,0.0,181.18,181.2,181.12,316.0,5724440.0,181.169
000858.SZ,2022-12-27,0.0,181.49,181.5,181.18,564.0,10229700.0,181.17
000858.SZ,2022-12-27,0.0,181.61,181.61,181.49,750.0,13614000.0,181.172
000858.SZ,2022-12-27,0.0,181.64,181.66,181.6,343.0,6229720.0,181.173
000858.SZ,2022-12-27,0.0,181.49,181.63,181.48,338.0,6135970.0,181.174
000858.SZ,2022-12-27,0.0,181.44,181.49,181.39,294.0,5333590.0,181.174
000858.SZ,2022-12-27,0.0,181.4,181.45,181.39,256.0,4644400.0,181.175
000858.SZ,2022-12-27,0.0,181.36,181.41,181.35,225.0,4080800.0,181.175
000858.SZ,2022-12-27,0.0,181.38,181.41,181.35,388.0,7037700.0,181.176
000858.SZ,2022-12-27,0.0,181.4,181.4,181.35,302.0,5477580.0,181.176
000858.SZ,2022-12-27,0.0,181.36,181.4,181.36,210.0,3809040.0,181.176
000858.SZ,2022-12-27,0.0,181.41,181.41,181.36,539.0,9776980.0,181.177
000858.SZ,2022-12-27,0.0,181.4,181.45,181.37,393.0,7129980.0,181.178
000858.SZ,2022-12-27,0.0,181.36,181.4,181.36,253.0,4588930.0,181.178
000858.SZ,2022-12-27,0.0,181.32,181.36,181.31,254.0,4606100.0,181.179
000858.SZ,2022-12-27,0.0,181.31,181.35,181.3,235.0,4260860.0,181.179
000858.SZ,2022-12-27,0.0,181.32,181.36,181.29,536.0,9719130.0,181.179
000858.SZ,2022-12-27,0.0,181.28,181.35,181.28,413.0,7488940.0,181.18
000858.SZ,2022-12-27,0.0,181.01,181.26,181.01,394.0,7137730.0,181.18
000858.SZ,2022-12-27,0.0,180.98,181.01,180.98,360.0,6515880.0,181.179
000858.SZ,2022-12-27,0.0,180.97,181.0,180.97,335.0,6062980.0,181.179
000858.SZ,2022-12-27,0.0,180.97,180.99,180.96,379.0,6858940.0,181.178
000858.SZ,2022-12-27,0.0,181.02,181.02,180.98,602.0,10896000.0,181.178
000858.SZ,2022-12-27,0.0,181.29,181.32,181.05,546.0,9895260.0,181.178
000858.SZ,2022-12-27,0.0,181.06,181.27,181.06,437.0,7916580.0,181.178
000858.SZ,2022-12-27,0.0,181.05,181.07,181.03,315.0,5703300.0,181.177
000858.SZ,2022-12-27,0.0,181.05,181.06,181.02,482.0,8726490.0,181.177
000858.SZ,2022-12-27,0.0,181.02,181.05,181.01,549.0,9938290.0,181.176
000858.SZ,2022-12-27,0.0,181.0,181.03,180.98,624.0,11294400.0,181.176
000858.SZ,2022-12-27,0.0,180.99,181.01,180.99,633.0,11457200.0,181.175
000858.SZ,2022-12-27,0.0,180.95,180.99,180.94,326.0,5899470.0,181.174
000858.SZ,2022-12-27,0.0,180.95,180.97,180.93,461.0,8341430.0,181.174
000858.SZ,2022-12-27,0.0,180.98,180.98,180.94,452.0,8179690.0,181.173
000858.SZ,2022-12-27,0.0,180.97,181.0,180.97,809.0,14641800.0,181.172
000858.SZ,2022-12-27,0.0,181.03,181.05,180.98,855.0,15475900.0,181.171
000858.SZ,2022-12-27,0.0,181.05,181.05,181.05,10.0,181046.0,181.171
000858.SZ,2022-12-27,0.0,181.05,181.05,181.05,0.0,0.0,181.171
000858.SZ,2022-12-27,0.0,181.05,181.05,181.05,991.0,17935400.0,181.17
000858.SZ,2022-12-28,0.0,180.99,180.99,180.99,465.0,8416040.0,180.99
000858.SZ,2022-12-28,0.0,180.74,180.8,180.01,1675.0,30229300.0,180.617
000858.SZ,2022-12-28,0.0,179.95,180.84,179.86,2218.0,39998300.0,180.473
000858.SZ,2022-12-28,0.0,180.02,180.28,179.77,2067.0,37217400.0,180.333
000858.SZ,2022-12-28,0.0,179.39,180.02,179.18,2956.0,53069600.0,180.084
000858.SZ,2022-12-28,0.0,179.43,179.7,179.2,1928.0,34604500.0,179.979
000858.SZ,2022-12-28,0.0,179.95,179.95,179.44,1471.0,26440400.0,179.952
000858.SZ,2022-12-28,0.0,179.5,179.95,179.5,1794.0,32227700.0,179.914
000858.SZ,2022-12-28,0.0,179.82,179.83,179.42,1222.0,21945400.0,179.888
000858.SZ,2022-12-28,0.0,179.77,179.79,179.6,1131.0,20329000.0,179.879
000858.SZ,2022-12-28,0.0,179.01,179.59,179.0,3974.0,71252600.0,179.768
000858.SZ,2022-12-28,0.0,178.56,179.07,178.53,2270.0,40591700.0,179.677
000858.SZ,2022-12-28,0.0,178.53,178.61,178.41,3672.0,65561900.0,179.522
000858.SZ,2022-12-28,0.0,178.48,178.8,178.48,3594.0,64163200.0,179.405
000858.SZ,2022-12-28,0.0,178.02,178.55,178.0,3255.0,58046300.0,179.301
000858.SZ,2022-12-28,0.0,177.99,178.04,177.88,2789.0,49650600.0,179.202
000858.SZ,2022-12-28,0.0,178.44,178.47,177.99,1591.0,28330000.0,179.156
000858.SZ,2022-12-28,0.0,178.15,178.39,178.07,1331.0,23731700.0,179.126
000858.SZ,2022-12-28,0.0,178.8,178.81,178.18,1125.0,20081800.0,179.107
000858.SZ,2022-12-28,0.0,178.7,178.87,178.61,971.0,17354100.0,179.098
000858.SZ,2022-12-28,0.0,178.8,178.87,178.58,954.0,17055200.0,179.09
000858.SZ,2022-12-28,0.0,178.85,179.23,178.83,1278.0,22864900.0,179.086
000858.SZ,2022-12-28,0.0,179.14,179.19,178.9,1059.0,18952700.0,179.086
000858.SZ,2022-12-28,0.0,179.38,179.45,179.15,743.0,13328200.0,179.089
000858.SZ,2022-12-28,0.0,179.27,179.41,179.27,637.0,11426600.0,179.092
000858.SZ,2022-12-28,0.0,179.0,179.27,179.0,398.0,7137160.0,179.092
000858.SZ,2022-12-28,0.0,179.25,179.25,178.99,1032.0,18477800.0,179.092
000858.SZ,2022-12-28,0.0,179.48,179.48,179.25,665.0,11924500.0,179.095
000858.SZ,2022-12-28,0.0,179.75,179.77,179.48,741.0,13302700.0,179.103
000858.SZ,2022-12-28,0.0,179.65,179.77,179.65,575.0,10328700.0,179.11
000858.SZ,2022-12-28,0.0,179.7,179.71,179.55,507.0,9110050.0,179.116
000858.SZ,2022-12-28,0.0,179.6,179.71,179.6,565.0,10158100.0,179.122
000858.SZ,2022-12-28,0.0,179.7,179.75,179.59,398.0,7149670.0,179.127
000858.SZ,2022-12-28,0.0,179.36,179.7,179.36,850.0,15252400.0,179.133
000858.SZ,2022-12-28,0.0,179.56,179.62,179.29,423.0,7590400.0,179.136
000858.SZ,2022-12-28,0.0,179.63,179.7,179.55,407.0,7300570.0,179.139
000858.SZ,2022-12-28,0.0,180.08,180.08,179.63,1346.0,24209000.0,179.156
000858.SZ,2022-12-28,0.0,179.97,180.1,179.84,553.0,9953550.0,179.165
000858.SZ,2022-12-28,0.0,179.99,180.0,179.91,358.0,6442340.0,179.17
000858.SZ,2022-12-28,0.0,179.86,179.99,179.86,816.0,14681600.0,179.181
000858.SZ,2022-12-28,0.0,180.28,180.32,179.85,1178.0,21215900.0,179.2
000858.SZ,2022-12-28,0.0,180.1,180.35,180.01,586.0,10558600.0,179.21
000858.SZ,2022-12-28,0.0,180.17,180.25,179.99,1075.0,19354100.0,179.225
000858.SZ,2022-12-28,0.0,179.9,180.16,179.9,695.0,12510300.0,179.234
000858.SZ,2022-12-28,0.0,179.73,179.91,179.65,565.0,10160400.0,179.24
000858.SZ,2022-12-28,0.0,179.68,179.89,179.64,285.0,5122880.0,179.242
000858.SZ,2022-12-28,0.0,179.35,179.68,179.16,388.0,6961810.0,179.243
000858.SZ,2022-12-28,0.0,179.68,179.68,179.39,377.0,6767440.0,179.245
000858.SZ,2022-12-28,0.0,179.2,179.68,179.13,415.0,7446190.0,179.246
000858.SZ,2022-12-28,0.0,179.64,179.7,179.14,468.0,8399090.0,179.248
000858.SZ,2022-12-28,0.0,179.85,179.85,179.64,477.0,8572670.0,179.252
000858.SZ,2022-12-28,0.0,179.82,179.85,179.77,681.0,12246100.0,179.258
000858.SZ,2022-12-28,0.0,179.95,179.98,179.73,688.0,12374100.0,179.264
000858.SZ,2022-12-28,0.0,180.19,180.28,179.98,959.0,17267500.0,179.276
000858.SZ,2022-12-28,0.0,179.92,180.24,179.92,330.0,5942680.0,179.28
000858.SZ,2022-12-28,0.0,179.9,180.0,179.88,408.0,7341800.0,179.284
000858.SZ,2022-12-28,0.0,179.97,180.15,179.9,442.0,7956290.0,179.289
000858.SZ,2022-12-28,0.0,179.97,179.99,179.85,471.0,8473820.0,179.294
000858.SZ,2022-12-28,0.0,179.88,179.99,179.85,459.0,8251350.0,179.298
000858.SZ,2022-12-28,0.0,179.94,179.97,179.86,257.0,4624170.0,179.3
000858.SZ,2022-12-28,0.0,179.93,179.97,179.77,452.0,8130140.0,179.304
000858.SZ,2022-12-28,0.0,179.86,179.93,179.82,841.0,15126700.0,179.311
000858.SZ,2022-12-28,0.0,179.86,179.92,179.84,370.0,6655110.0,179.314
000858.SZ,2022-12-28,0.0,179.87,179.9,179.75,277.0,4981050.0,179.316
000858.SZ,2022-12-28,0.0,179.87,179.9,179.72,316.0,5683220.0,179.319
000858.SZ,2022-12-28,0.0,179.62,179.83,179.5,784.0,14087500.0,179.323
000858.SZ,2022-12-28,0.0,179.47,179.62,179.4,513.0,9211500.0,179.324
000858.SZ,2022-12-28,0.0,179.38,179.47,179.36,219.0,3928600.0,179.325
000858.SZ,2022-12-28,0.0,179.28,179.38,179.22,393.0,7047720.0,179.325
000858.SZ,2022-12-28,0.0,179.23,179.31,179.22,488.0,8747710.0,179.324
000858.SZ,2022-12-28,0.0,179.11,179.26,179.07,484.0,8671560.0,179.323
000858.SZ,2022-12-28,0.0,179.09,179.15,179.07,390.0,6984870.0,179.322
000858.SZ,2022-12-28,0.0,179.15,179.16,179.09,366.0,6555940.0,179.321
000858.SZ,2022-12-28,0.0,179.3,179.3,179.16,295.0,5290920.0,179.321
000858.SZ,2022-12-28,0.0,179.22,179.32,179.22,315.0,5650760.0,179.32
000858.SZ,2022-12-28,0.0,179.45,179.47,179.23,260.0,4662730.0,179.32
000858.SZ,2022-12-28,0.0,179.35,179.47,179.35,195.0,3498150.0,179.32
000858.SZ,2022-12-28,0.0,179.47,179.49,179.31,687.0,12320500.0,179.321
000858.SZ,2022-12-28,0.0,179.5,179.54,179.45,200.0,3589880.0,179.321
000858.SZ,2022-12-28,0.0,179.54,179.54,179.49,204.0,3662400.0,179.322
000858.SZ,2022-12-28,0.0,179.31,179.54,179.3,256.0,4594440.0,179.322
000858.SZ,2022-12-28,0.0,179.35,179.4,179.31,184.0,3300600.0,179.322
000858.SZ,2022-12-28,0.0,179.71,179.71,179.35,172.0,3085920.0,179.323
000858.SZ,2022-12-28,0.0,179.75,179.8,179.57,151.0,2713870.0,179.323
000858.SZ,2022-12-28,0.0,179.66,179.81,179.66,198.0,3559360.0,179.325
000858.SZ,2022-12-28,0.0,179.8,179.8,179.56,180.0,3235020.0,179.326
000858.SZ,2022-12-28,0.0,179.74,179.83,179.74,257.0,4620610.0,179.327
000858.SZ,2022-12-28,0.0,179.74,179.8,179.69,197.0,3541110.0,179.328
000858.SZ,2022-12-28,0.0,179.62,179.76,179.62,249.0,4474160.0,179.329
000858.SZ,2022-12-28,0.0,179.5,179.69,179.47,228.0,4093910.0,179.33
000858.SZ,2022-12-28,0.0,179.45,179.7,179.42,221.0,3967190.0,179.331
000858.SZ,2022-12-28,0.0,179.43,179.51,179.4,203.0,3642710.0,179.331
000858.SZ,2022-12-28,0.0,179.44,179.44,179.36,230.0,4126400.0,179.331
000858.SZ,2022-12-28,0.0,179.36,179.44,179.32,234.0,4196720.0,179.331
000858.SZ,2022-12-28,0.0,179.31,179.45,179.3,308.0,5531300.0,179.331
000858.SZ,2022-12-28,0.0,179.3,179.4,179.23,620.0,11117000.0,179.331
000858.SZ,2022-12-28,0.0,179.45,179.57,179.25,441.0,7909330.0,179.331
000858.SZ,2022-12-28,0.0,179.5,179.57,179.45,222.0,3985240.0,179.332
000858.SZ,2022-12-28,0.0,179.55,179.7,179.45,294.0,5278520.0,179.332
000858.SZ,2022-12-28,0.0,179.7,179.75,179.51,253.0,4541420.0,179.333
000858.SZ,2022-12-28,0.0,179.69,179.74,179.54,312.0,5606000.0,179.335
000858.SZ,2022-12-28,0.0,180.0,180.06,179.75,2154.0,38761600.0,179.35
000858.SZ,2022-12-28,0.0,180.09,180.11,179.99,373.0,6715130.0,179.353
000858.SZ,2022-12-28,0.0,180.0,180.09,179.95,299.0,5382790.0,179.356
000858.SZ,2022-12-28,0.0,179.9,180.04,179.9,321.0,5778360.0,179.358
000858.SZ,2022-12-28,0.0,180.03,180.03,179.94,364.0,6550960.0,179.361
000858.SZ,2022-12-28,0.0,179.98,180.03,179.9,281.0,5057830.0,179.363
000858.SZ,2022-12-28,0.0,180.0,180.03,179.92,260.0,4679340.0,179.365
000858.SZ,2022-12-28,0.0,179.99,180.04,179.94,226.0,4068060.0,179.367
000858.SZ,2022-12-28,0.0,179.98,180.02,179.98,213.0,3833960.0,179.368
000858.SZ,2022-12-28,0.0,180.04,180.06,179.99,218.0,3924370.0,179.37
000858.SZ,2022-12-28,0.0,179.94,180.03,179.94,204.0,3671860.0,179.372
000858.SZ,2022-12-28,0.0,179.96,180.01,179.92,159.0,2861280.0,179.373
000858.SZ,2022-12-28,0.0,180.06,180.06,179.9,295.0,5309960.0,179.375
000858.SZ,2022-12-28,0.0,180.03,180.07,180.03,246.0,4429330.0,179.377
000858.SZ,2022-12-28,0.0,180.1,180.1,180.03,387.0,6968230.0,179.38
000858.SZ,2022-12-28,0.0,180.03,180.1,180.03,182.0,3277400.0,179.381
000858.SZ,2022-12-28,0.0,179.95,180.04,179.95,214.0,3851840.0,179.383
000858.SZ,2022-12-28,0.0,179.96,180.0,179.95,128.0,2303460.0,179.384
000858.SZ,2022-12-28,0.0,179.81,179.98,179.81,192.0,3454020.0,179.385
000858.SZ,2022-12-28,0.0,180.0,180.0,179.81,192.0,3454550.0,179.386
000858.SZ,2022-12-28,0.0,180.34,180.5,179.89,1639.0,29535000.0,179.401
000858.SZ,2022-12-28,0.0,180.37,180.53,180.34,427.0,7704620.0,179.406
000858.SZ,2022-12-28,0.0,180.0,180.24,179.9,322.0,5794380.0,179.409
000858.SZ,2022-12-28,0.0,179.99,180.0,179.92,278.0,4997360.0,179.41
000858.SZ,2022-12-28,0.0,179.9,180.0,179.9,389.0,7005050.0,179.413
000858.SZ,2022-12-28,0.0,179.9,179.99,179.87,242.0,4353920.0,179.414
000858.SZ,2022-12-28,0.0,179.89,180.0,179.85,330.0,5937650.0,179.416
000858.SZ,2022-12-28,0.0,179.9,179.98,179.85,211.0,3796150.0,179.417
000858.SZ,2022-12-28,0.0,179.84,180.0,179.84,200.0,3597770.0,179.418
000858.SZ,2022-12-28,0.0,179.9,179.93,179.85,256.0,4605290.0,179.419
000858.SZ,2022-12-28,0.0,179.92,179.95,179.86,338.0,6080770.0,179.421
000858.SZ,2022-12-28,0.0,179.92,179.93,179.85,187.0,3364290.0,179.422
000858.SZ,2022-12-28,0.0,179.9,179.94,179.85,285.0,5126990.0,179.424
000858.SZ,2022-12-28,0.0,179.9,179.92,179.85,280.0,5036610.0,179.425
000858.SZ,2022-12-28,0.0,179.91,179.92,179.85,234.0,4209640.0,179.426
000858.SZ,2022-12-28,0.0,179.92,179.93,179.86,396.0,7124500.0,179.428
000858.SZ,2022-12-28,0.0,179.9,179.97,179.89,275.0,4948080.0,179.43
000858.SZ,2022-12-28,0.0,179.92,179.95,179.89,231.0,4155820.0,179.431
000858.SZ,2022-12-28,0.0,179.98,180.0,179.94,418.0,7523480.0,179.433
000858.SZ,2022-12-28,0.0,179.98,179.99,179.9,227.0,4084570.0,179.434
000858.SZ,2022-12-28,0.0,179.91,180.0,179.9,220.0,3958820.0,179.436
000858.SZ,2022-12-28,0.0,179.93,180.0,179.9,331.0,5955160.0,179.437
000858.SZ,2022-12-28,0.0,180.01,180.02,179.9,208.0,3743520.0,179.438
000858.SZ,2022-12-28,0.0,180.08,180.08,179.98,218.0,3924650.0,179.44
000858.SZ,2022-12-28,0.0,180.21,180.3,180.05,411.0,7406070.0,179.443
000858.SZ,2022-12-28,0.0,180.09,180.27,180.09,383.0,6900110.0,179.446
000858.SZ,2022-12-28,0.0,180.05,180.09,179.99,519.0,9342930.0,179.449
000858.SZ,2022-12-28,0.0,179.96,180.05,179.94,257.0,4625320.0,179.45
000858.SZ,2022-12-28,0.0,180.0,180.0,179.94,596.0,10725700.0,179.454
000858.SZ,2022-12-28,0.0,180.0,180.04,179.99,532.0,9576220.0,179.456
000858.SZ,2022-12-28,0.0,179.94,180.01,179.92,218.0,3923840.0,179.458
000858.SZ,2022-12-28,0.0,179.99,180.0,179.92,168.0,3023180.0,179.459
000858.SZ,2022-12-28,0.0,179.97,179.98,179.91,186.0,3347040.0,179.459
000858.SZ,2022-12-28,0.0,179.83,179.94,179.83,599.0,10775900.0,179.462
000858.SZ,2022-12-28,0.0,179.9,179.94,179.8,594.0,10681900.0,179.464
000858.SZ,2022-12-28,0.0,179.92,179.97,179.8,644.0,11583500.0,179.467
000858.SZ,2022-12-28,0.0,180.09,180.09,179.95,1120.0,20160700.0,179.473
000858.SZ,2022-12-28,0.0,180.0,180.09,179.97,488.0,8783700.0,179.475
000858.SZ,2022-12-28,0.0,179.93,180.0,179.93,288.0,5183250.0,179.477
000858.SZ,2022-12-28,0.0,180.01,180.04,179.91,509.0,9151810.0,179.479
000858.SZ,2022-12-28,0.0,180.17,180.17,179.97,655.0,11794200.0,179.483
000858.SZ,2022-12-28,0.0,180.66,180.66,180.18,1119.0,20187200.0,179.493
000858.SZ,2022-12-28,0.0,180.6,180.87,180.6,910.0,16449100.0,179.503
000858.SZ,2022-12-28,0.0,180.48,180.66,180.4,463.0,8361430.0,179.508
000858.SZ,2022-12-28,0.0,180.3,180.48,180.27,161.0,2903710.0,179.509
000858.SZ,2022-12-28,0.0,180.35,180.35,180.3,358.0,6455280.0,179.512
000858.SZ,2022-12-28,0.0,180.28,180.35,180.25,319.0,5751890.0,179.515
000858.SZ,2022-12-28,0.0,180.32,180.33,180.27,352.0,6346200.0,179.517
000858.SZ,2022-12-28,0.0,180.46,180.46,180.32,286.0,5158960.0,179.519
000858.SZ,2022-12-28,0.0,180.38,180.58,180.38,331.0,5973010.0,179.522
000858.SZ,2022-12-28,0.0,180.19,180.41,180.19,374.0,6743710.0,179.525
000858.SZ,2022-12-28,0.0,180.12,180.19,180.07,267.0,4809050.0,179.526
000858.SZ,2022-12-28,0.0,180.06,180.19,180.06,353.0,6357740.0,179.528
000858.SZ,2022-12-28,0.0,180.1,180.2,180.07,355.0,6393350.0,179.53
000858.SZ,2022-12-28,0.0,180.13,180.18,180.09,237.0,4269070.0,179.531
000858.SZ,2022-12-28,0.0,180.12,180.13,180.11,211.0,3800580.0,179.533
000858.SZ,2022-12-28,0.0,180.13,180.19,180.11,372.0,6701030.0,179.535
000858.SZ,2022-12-28,0.0,180.2,180.2,180.12,273.0,4918260.0,179.536
000858.SZ,2022-12-28,0.0,180.14,180.2,180.14,357.0,6432280.0,179.538
000858.SZ,2022-12-28,0.0,180.18,180.18,180.14,308.0,5557160.0,179.54
000858.SZ,2022-12-28,0.0,180.09,180.18,180.08,695.0,12513400.0,179.543
000858.SZ,2022-12-28,0.0,180.14,180.16,180.02,482.0,8681700.0,179.546
000858.SZ,2022-12-28,0.0,180.03,180.14,180.02,396.0,7130510.0,179.547
000858.SZ,2022-12-28,0.0,179.9,180.07,179.9,358.0,6443550.0,179.549
000858.SZ,2022-12-28,0.0,179.9,179.96,179.88,288.0,5181140.0,179.55
000858.SZ,2022-12-28,0.0,179.82,179.9,179.82,401.0,7212710.0,179.551
000858.SZ,2022-12-28,0.0,179.79,179.9,179.79,533.0,9584420.0,179.552
000858.SZ,2022-12-28,0.0,179.75,179.88,179.75,314.0,5645920.0,179.553
000858.SZ,2022-12-28,0.0,179.68,179.89,179.66,606.0,10892600.0,179.554
000858.SZ,2022-12-28,0.0,179.67,179.68,179.55,468.0,8405770.0,179.554
000858.SZ,2022-12-28,0.0,179.68,179.68,179.62,557.0,10006800.0,179.554
000858.SZ,2022-12-28,0.0,179.7,179.7,179.62,236.0,4240100.0,179.555
000858.SZ,2022-12-28,0.0,179.81,179.88,179.65,403.0,7244300.0,179.555
000858.SZ,2022-12-28,0.0,179.78,179.89,179.78,415.0,7463200.0,179.556
000858.SZ,2022-12-28,0.0,179.8,179.8,179.78,285.0,5124070.0,179.557
000858.SZ,2022-12-28,0.0,179.75,179.8,179.75,472.0,8485070.0,179.558
000858.SZ,2022-12-28,0.0,179.77,179.77,179.66,398.0,7153160.0,179.558
000858.SZ,2022-12-28,0.0,179.76,179.8,179.7,360.0,6475900.0,179.559
000858.SZ,2022-12-28,0.0,179.75,179.81,179.73,371.0,6669960.0,179.56
000858.SZ,2022-12-28,0.0,179.67,179.8,179.67,512.0,9201220.0,179.56
000858.SZ,2022-12-28,0.0,179.71,179.72,179.55,343.0,6161270.0,179.56
000858.SZ,2022-12-28,0.0,179.72,179.72,179.68,386.0,6936640.0,179.561
000858.SZ,2022-12-28,0.0,179.7,179.72,179.68,234.0,4205090.0,179.561
000858.SZ,2022-12-28,0.0,179.72,179.75,179.69,356.0,6397990.0,179.562
000858.SZ,2022-12-28,0.0,179.8,179.82,179.69,517.0,9293500.0,179.562
000858.SZ,2022-12-28,0.0,179.95,179.95,179.8,412.0,7410600.0,179.564
000858.SZ,2022-12-28,0.0,179.93,179.96,179.92,309.0,5560300.0,179.564
000858.SZ,2022-12-28,0.0,179.9,179.98,179.85,382.0,6871990.0,179.566
000858.SZ,2022-12-28,0.0,179.8,179.9,179.8,331.0,5953380.0,179.566
000858.SZ,2022-12-28,0.0,179.9,179.97,179.83,500.0,8989290.0,179.568
000858.SZ,2022-12-28,0.0,179.9,179.91,179.87,170.0,3058290.0,179.568
000858.SZ,2022-12-28,0.0,179.92,179.94,179.88,254.0,4569800.0,179.569
000858.SZ,2022-12-28,0.0,179.87,179.93,179.87,478.0,8599280.0,179.57
000858.SZ,2022-12-28,0.0,179.87,179.87,179.84,298.0,5359680.0,179.571
000858.SZ,2022-12-28,0.0,179.8,179.87,179.8,501.0,9009160.0,179.572
000858.SZ,2022-12-28,0.0,179.84,179.85,179.74,595.0,10697900.0,179.573
000858.SZ,2022-12-28,0.0,179.85,179.85,179.8,331.0,5952300.0,179.574
000858.SZ,2022-12-28,0.0,179.87,179.87,179.82,284.0,5107340.0,179.574
000858.SZ,2022-12-28,0.0,179.9,179.9,179.85,175.0,3147820.0,179.575
000858.SZ,2022-12-28,0.0,179.86,179.9,179.86,296.0,5324590.0,179.575
000858.SZ,2022-12-28,0.0,179.9,179.9,179.85,575.0,10342700.0,179.577
000858.SZ,2022-12-28,0.0,179.85,179.9,179.85,436.0,7842060.0,179.578
000858.SZ,2022-12-28,0.0,179.89,179.89,179.82,343.0,6168650.0,179.578
000858.SZ,2022-12-28,0.0,179.86,179.91,179.85,626.0,11261000.0,179.58
000858.SZ,2022-12-28,0.0,179.99,180.01,179.86,671.0,12076300.0,179.582
000858.SZ,2022-12-28,0.0,179.97,180.01,179.92,357.0,6425450.0,179.583
000858.SZ,2022-12-28,0.0,180.03,180.03,179.96,426.0,7663600.0,179.584
000858.SZ,2022-12-28,0.0,180.06,180.07,180.03,389.0,7003970.0,179.586
000858.SZ,2022-12-28,0.0,180.08,180.08,180.03,621.0,11181100.0,179.588
000858.SZ,2022-12-28,0.0,180.09,180.09,180.04,489.0,8805520.0,179.59
000858.SZ,2022-12-28,0.0,180.1,180.18,180.09,1018.0,18335800.0,179.594
000858.SZ,2022-12-28,0.0,180.09,180.1,180.08,643.0,11579900.0,179.596
000858.SZ,2022-12-28,0.0,180.16,180.16,180.06,901.0,16226200.0,179.6
000858.SZ,2022-12-28,0.0,180.16,180.19,180.12,897.0,16160200.0,179.603
000858.SZ,2022-12-28,0.0,180.29,180.29,180.16,747.0,13461700.0,179.607
000858.SZ,2022-12-28,0.0,180.2,180.3,180.18,859.0,15483400.0,179.611
000858.SZ,2022-12-28,0.0,180.2,180.25,180.2,537.0,9678080.0,179.613
000858.SZ,2022-12-28,0.0,180.2,180.2,180.2,2.0,36040.0,179.613
000858.SZ,2022-12-28,0.0,180.2,180.2,180.2,0.0,0.0,179.613
000858.SZ,2022-12-28,0.0,180.18,180.18,180.18,2050.0,36934900.0,179.621
000858.SZ,2022-12-29,0.0,179.0,179.0,179.0,502.0,8976850.0,179.0
000858.SZ,2022-12-29,0.0,179.0,179.42,178.24,3051.0,54544400.0,178.799
000858.SZ,2022-12-29,0.0,178.45,178.99,178.19,841.0,15009600.0,178.737
000858.SZ,2022-12-29,0.0,178.4,178.42,178.0,2018.0,35941900.0,178.551
000858.SZ,2022-12-29,0.0,178.35,178.48,178.16,989.0,17636000.0,178.52
000858.SZ,2022-12-29,0.0,178.69,178.88,178.25,769.0,13724300.0,178.515
000858.SZ,2022-12-29,0.0,178.89,179.1,178.82,877.0,15697100.0,178.561
000858.SZ,2022-12-29,0.0,178.36,179.0,178.36,767.0,13707800.0,178.573
000858.SZ,2022-12-29,0.0,178.42,178.6,178.36,968.0,17271000.0,178.56
000858.SZ,2022-12-29,0.0,178.78,178.82,178.4,809.0,14442400.0,178.557
000858.SZ,2022-12-29,0.0,178.22,178.59,178.22,1744.0,31122300.0,178.543
000858.SZ,2022-12-29,0.0,178.13,178.23,178.1,960.0,17103500.0,178.518
000858.SZ,2022-12-29,0.0,177.89,178.2,177.89,3225.0,57415400.0,178.428
000858.SZ,2022-12-29,0.0,177.41,177.88,177.41,2215.0,39354900.0,178.344
000858.SZ,2022-12-29,0.0,177.6,177.6,177.3,1380.0,24487800.0,178.285
000858.SZ,2022-12-29,0.0,177.42,177.59,177.4,1719.0,30511100.0,178.226
000858.SZ,2022-12-29,0.0,177.1,177.42,177.01,2252.0,39917200.0,178.138
000858.SZ,2022-12-29,0.0,177.5,177.72,177.0,3407.0,60344700.0,178.015
000858.SZ,2022-12-29,0.0,177.6,177.6,177.3,597.0,10593300.0,178.004
000858.SZ,2022-12-29,0.0,177.79,177.79,177.6,601.0,10667900.0,177.996
000858.SZ,2022-12-29,0.0,177.7,177.8,177.69,778.0,13821100.0,177.99
000858.SZ,2022-12-29,0.0,177.63,177.72,177.5,932.0,16548500.0,177.981
000858.SZ,2022-12-29,0.0,178.23,178.23,177.5,1876.0,33300700.0,177.954
000858.SZ,2022-12-29,0.0,177.9,178.33,177.9,592.0,10547000.0,177.958
000858.SZ,2022-12-29,0.0,177.93,177.96,177.77,496.0,8821110.0,177.956
000858.SZ,2022-12-29,0.0,177.86,177.99,177.86,630.0,11210000.0,177.956
000858.SZ,2022-12-29,0.0,177.58,177.84,177.41,955.0,16958400.0,177.945
000858.SZ,2022-12-29,0.0,177.83,177.83,177.7,400.0,7108580.0,177.943
000858.SZ,2022-12-29,0.0,177.6,177.83,177.6,731.0,12988800.0,177.938
000858.SZ,2022-12-29,0.0,177.58,177.7,177.56,511.0,9075790.0,177.933
000858.SZ,2022-12-29,0.0,177.5,177.56,177.45,756.0,13419800.0,177.925
000858.SZ,2022-12-29,0.0,177.8,177.8,177.41,780.0,13851400.0,177.918
000858.SZ,2022-12-29,0.0,178.2,178.2,177.8,697.0,12406800.0,177.92
000858.SZ,2022-12-29,0.0,177.89,178.23,177.89,402.0,7159350.0,177.921
000858.SZ,2022-12-29,0.0,177.99,178.0,177.85,328.0,5836460.0,177.922
000858.SZ,2022-12-29,0.0,178.2,178.2,177.99,481.0,8565680.0,177.923
000858.SZ,2022-12-29,0.0,178.0,178.2,178.0,318.0,5662580.0,177.925
000858.SZ,2022-12-29,0.0,178.5,178.52,178.0,737.0,13143900.0,177.932
000858.SZ,2022-12-29,0.0,178.22,178.49,178.19,378.0,6744140.0,177.936
000858.SZ,2022-12-29,0.0,178.05,178.18,178.0,465.0,8279970.0,177.938
000858.SZ,2022-12-29,0.0,177.95,178.06,177.95,346.0,6159250.0,177.938
000858.SZ,2022-12-29,0.0,177.72,177.98,177.69,557.0,9905870.0,177.937
000858.SZ,2022-12-29,0.0,177.96,177.96,177.72,411.0,7307490.0,177.936
000858.SZ,2022-12-29,0.0,177.86,177.98,177.84,405.0,7205520.0,177.935
000858.SZ,2022-12-29,0.0,177.81,177.98,177.8,553.0,9837010.0,177.935
000858.SZ,2022-12-29,0.0,177.6,177.95,177.6,985.0,17506700.0,177.931
000858.SZ,2022-12-29,0.0,177.69,177.76,177.49,941.0,16709500.0,177.923
000858.SZ,2022-12-29,0.0,177.55,177.83,177.47,2340.0,41554200.0,177.907
000858.SZ,2022-12-29,0.0,177.7,177.91,177.51,2226.0,39548800.0,177.897
000858.SZ,2022-12-29,0.0,177.63,177.98,177.63,2014.0,35809000.0,177.893
000858.SZ,2022-12-29,0.0,177.88,177.98,177.61,1100.0,19555900.0,177.891
000858.SZ,2022-12-29,0.0,178.05,178.05,177.76,536.0,9536060.0,177.891
000858.SZ,2022-12-29,0.0,178.35,178.35,178.04,437.0,7785030.0,177.893
000858.SZ,2022-12-29,0.0,178.45,178.45,178.22,478.0,8524890.0,177.897
000858.SZ,2022-12-29,0.0,178.38,178.44,178.36,308.0,5495080.0,177.9
000858.SZ,2022-12-29,0.0,178.2,178.4,178.2,396.0,7060830.0,177.903
000858.SZ,2022-12-29,0.0,178.16,178.2,178.12,289.0,5149540.0,177.904
000858.SZ,2022-12-29,0.0,178.02,178.18,177.99,241.0,4291850.0,177.905
000858.SZ,2022-12-29,0.0,178.35,178.36,178.01,294.0,5238140.0,177.906
000858.SZ,2022-12-29,0.0,178.2,178.29,178.15,196.0,3493450.0,177.907
000858.SZ,2022-12-29,0.0,178.16,178.17,178.0,482.0,8583380.0,177.909
000858.SZ,2022-12-29,0.0,178.1,178.16,178.05,257.0,4578150.0,177.91
000858.SZ,2022-12-29,0.0,178.21,178.27,178.09,717.0,12774800.0,177.913
000858.SZ,2022-12-29,0.0,178.15,178.2,178.1,219.0,3901540.0,177.913
000858.SZ,2022-12-29,0.0,178.15,178.15,177.98,698.0,12426900.0,177.915
000858.SZ,2022-12-29,0.0,178.1,178.1,178.0,241.0,4291150.0,177.915
000858.SZ,2022-12-29,0.0,178.13,178.14,178.1,296.0,5272080.0,177.916
000858.SZ,2022-12-29,0.0,178.21,178.21,178.11,334.0,5949570.0,177.917
000858.SZ,2022-12-29,0.0,178.3,178.35,178.2,278.0,4956480.0,177.919
000858.SZ,2022-12-29,0.0,178.27,178.33,178.26,245.0,4368600.0,177.921
000858.SZ,2022-12-29,0.0,178.31,178.31,178.2,452.0,8057620.0,177.923
000858.SZ,2022-12-29,0.0,178.38,178.38,178.29,419.0,7471200.0,177.926
000858.SZ,2022-12-29,0.0,178.47,178.47,178.32,430.0,7672400.0,177.929
000858.SZ,2022-12-29,0.0,178.44,178.49,178.4,537.0,9583560.0,177.934
000858.SZ,2022-12-29,0.0,178.41,178.46,178.21,367.0,6546070.0,177.936
000858.SZ,2022-12-29,0.0,178.41,178.43,178.38,370.0,6601460.0,177.939
000858.SZ,2022-12-29,0.0,178.28,178.41,178.17,331.0,5899970.0,177.941
000858.SZ,2022-12-29,0.0,178.2,178.28,178.16,428.0,7628120.0,177.942
000858.SZ,2022-12-29,0.0,178.14,178.2,178.1,322.0,5736330.0,177.944
000858.SZ,2022-12-29,0.0,178.05,178.14,178.01,392.0,6980720.0,177.944
000858.SZ,2022-12-29,0.0,178.06,178.1,178.03,362.0,6445410.0,177.945
000858.SZ,2022-12-29,0.0,178.21,178.21,178.07,282.0,5024220.0,177.946
000858.SZ,2022-12-29,0.0,178.16,178.21,178.15,229.0,4080430.0,177.947
000858.SZ,2022-12-29,0.0,178.22,178.22,178.1,307.0,5469810.0,177.948
000858.SZ,2022-12-29,0.0,178.21,178.22,178.1,295.0,5256270.0,177.949
000858.SZ,2022-12-29,0.0,178.26,178.26,178.15,479.0,8536730.0,177.951
000858.SZ,2022-12-29,0.0,178.44,178.5,178.23,420.0,7491060.0,177.953
000858.SZ,2022-12-29,0.0,178.07,178.48,178.07,517.0,9218360.0,177.956
000858.SZ,2022-12-29,0.0,178.06,178.08,178.0,752.0,13386900.0,177.956
000858.SZ,2022-12-29,0.0,178.1,178.1,178.06,292.0,5199780.0,177.957
000858.SZ,2022-12-29,0.0,178.06,178.1,178.04,440.0,7834230.0,177.958
000858.SZ,2022-12-29,0.0,177.95,178.07,177.9,1743.0,31017800.0,177.957
000858.SZ,2022-12-29,0.0,177.91,177.96,177.78,1492.0,26544200.0,177.957
000858.SZ,2022-12-29,0.0,177.76,177.91,177.76,668.0,11878000.0,177.955
000858.SZ,2022-12-29,0.0,177.99,177.99,177.75,853.0,15173500.0,177.954
000858.SZ,2022-12-29,0.0,177.89,178.0,177.81,172.0,3059730.0,177.954
000858.SZ,2022-12-29,0.0,177.86,177.89,177.8,393.0,6988900.0,177.954
000858.SZ,2022-12-29,0.0,177.78,177.88,177.78,474.0,8428970.0,177.953
000858.SZ,2022-12-29,0.0,177.77,177.78,177.74,448.0,7963580.0,177.952
000858.SZ,2022-12-29,0.0,177.43,177.74,177.42,1629.0,28919700.0,177.943
000858.SZ,2022-12-29,0.0,177.35,177.44,177.35,722.0,12807800.0,177.938
000858.SZ,2022-12-29,0.0,177.25,177.35,177.24,766.0,13579900.0,177.932
000858.SZ,2022-12-29,0.0,177.18,177.25,177.02,1536.0,27209300.0,177.917
000858.SZ,2022-12-29,0.0,177.11,177.18,177.01,1094.0,19370800.0,177.905
000858.SZ,2022-12-29,0.0,177.08,177.15,177.04,630.0,11157900.0,177.899
000858.SZ,2022-12-29,0.0,176.9,177.08,176.87,3881.0,68692400.0,177.859
000858.SZ,2022-12-29,0.0,176.95,176.98,176.8,985.0,17423100.0,177.848
000858.SZ,2022-12-29,0.0,176.83,176.99,176.79,1501.0,26551300.0,177.832
000858.SZ,2022-12-29,0.0,176.79,176.9,176.78,880.0,15562800.0,177.822
000858.SZ,2022-12-29,0.0,176.87,176.88,176.74,745.0,13171000.0,177.814
000858.SZ,2022-12-29,0.0,177.01,177.01,176.87,875.0,15486600.0,177.806
000858.SZ,2022-12-29,0.0,177.34,177.34,177.06,617.0,10937500.0,177.802
000858.SZ,2022-12-29,0.0,177.1,177.28,177.02,548.0,9705160.0,177.798
000858.SZ,2022-12-29,0.0,177.2,177.29,177.1,391.0,6932160.0,177.795
000858.SZ,2022-12-29,0.0,177.21,177.3,177.19,441.0,7814900.0,177.792
000858.SZ,2022-12-29,0.0,177.19,177.29,177.17,474.0,8399790.0,177.789
000858.SZ,2022-12-29,0.0,177.27,177.27,177.19,370.0,6557520.0,177.787
000858.SZ,2022-12-29,0.0,177.23,177.28,177.23,329.0,5831640.0,177.785
000858.SZ,2022-12-29,0.0,177.18,177.25,177.18,436.0,7726330.0,177.783
000858.SZ,2022-12-29,0.0,177.1,177.19,177.04,349.0,6182270.0,177.78
000858.SZ,2022-12-29,0.0,177.27,177.27,177.1,448.0,7938970.0,177.778
000858.SZ,2022-12-29,0.0,177.75,177.98,177.27,1616.0,28684200.0,177.773
000858.SZ,2022-12-29,0.0,177.59,177.8,177.5,499.0,8863930.0,177.772
000858.SZ,2022-12-29,0.0,177.99,178.01,177.62,734.0,13059500.0,177.774
000858.SZ,2022-12-29,0.0,178.02,178.16,178.0,623.0,11094100.0,177.775
000858.SZ,2022-12-29,0.0,178.0,178.02,177.85,675.0,12011700.0,177.777
000858.SZ,2022-12-29,0.0,178.05,178.15,178.0,460.0,8190450.0,177.778
000858.SZ,2022-12-29,0.0,178.01,178.05,177.99,401.0,7138840.0,177.779
000858.SZ,2022-12-29,0.0,177.99,178.02,177.94,343.0,6105430.0,177.78
000858.SZ,2022-12-29,0.0,178.07,178.12,177.98,694.0,12356500.0,177.781
000858.SZ,2022-12-29,0.0,178.51,178.51,178.05,1004.0,17902000.0,177.787
000858.SZ,2022-12-29,0.0,178.5,178.51,178.41,680.0,12136300.0,177.791
000858.SZ,2022-12-29,0.0,178.41,178.5,178.41,392.0,6995750.0,177.794
000858.SZ,2022-12-29,0.0,178.39,178.42,178.32,476.0,8491270.0,177.796
000858.SZ,2022-12-29,0.0,178.35,178.4,178.3,358.0,6385310.0,177.798
000858.SZ,2022-12-29,0.0,178.36,178.37,178.3,345.0,6152790.0,177.8
000858.SZ,2022-12-29,0.0,178.35,178.35,178.3,518.0,9237580.0,177.803
000858.SZ,2022-12-29,0.0,178.11,178.35,178.11,415.0,7397770.0,177.804
000858.SZ,2022-12-29,0.0,178.0,178.11,177.96,365.0,6497620.0,177.805
000858.SZ,2022-12-29,0.0,178.24,178.24,177.9,486.0,8652140.0,177.806
000858.SZ,2022-12-29,0.0,178.06,178.3,178.01,404.0,7195880.0,177.807
000858.SZ,2022-12-29,0.0,178.04,178.06,178.0,201.0,3578310.0,177.808
000858.SZ,2022-12-29,0.0,178.02,178.05,178.0,344.0,6123920.0,177.808
000858.SZ,2022-12-29,0.0,178.01,178.02,178.0,194.0,3453370.0,177.809
000858.SZ,2022-12-29,0.0,177.98,178.02,177.96,217.0,3862490.0,177.809
000858.SZ,2022-12-29,0.0,177.95,178.01,177.95,248.0,4413400.0,177.81
000858.SZ,2022-12-29,0.0,178.16,178.2,177.95,487.0,8669520.0,177.81
000858.SZ,2022-12-29,0.0,178.25,178.35,178.21,571.0,10176700.0,177.813
000858.SZ,2022-12-29,0.0,178.35,178.37,178.22,1029.0,18343500.0,177.817
000858.SZ,2022-12-29,0.0,178.36,178.38,178.27,550.0,9809030.0,177.82
000858.SZ,2022-12-29,0.0,178.65,178.65,178.3,1712.0,30559600.0,177.83
000858.SZ,2022-12-29,0.0,178.65,178.65,178.58,706.0,12610700.0,177.835
000858.SZ,2022-12-29,0.0,178.56,178.65,178.56,726.0,12967300.0,177.84
000858.SZ,2022-12-29,0.0,178.42,178.61,178.42,502.0,8962560.0,177.843
000858.SZ,2022-12-29,0.0,178.34,178.43,178.33,324.0,5779350.0,177.844
000858.SZ,2022-12-29,0.0,178.36,178.42,178.31,410.0,7313170.0,177.846
000858.SZ,2022-12-29,0.0,178.39,178.41,178.35,278.0,4958890.0,177.847
000858.SZ,2022-12-29,0.0,178.55,178.6,178.39,588.0,10496900.0,177.851
000858.SZ,2022-12-29,0.0,178.56,178.6,178.5,701.0,12515400.0,177.855
000858.SZ,2022-12-29,0.0,178.5,178.6,178.5,440.0,7854620.0,177.857
000858.SZ,2022-12-29,0.0,178.49,178.51,178.42,531.0,9486080.0,177.86
000858.SZ,2022-12-29,0.0,178.48,178.57,178.44,415.0,7408150.0,177.862
000858.SZ,2022-12-29,0.0,178.48,178.55,178.42,429.0,7656750.0,177.865
000858.SZ,2022-12-29,0.0,178.3,178.48,178.3,520.0,9277910.0,177.867
000858.SZ,2022-12-29,0.0,178.25,178.3,178.25,310.0,5526110.0,177.868
000858.SZ,2022-12-29,0.0,178.16,178.26,178.16,321.0,5721960.0,177.869
000858.SZ,2022-12-29,0.0,178.1,178.18,178.0,278.0,4950430.0,177.869
000858.SZ,2022-12-29,0.0,178.03,178.1,178.0,231.0,4112330.0,177.87
000858.SZ,2022-12-29,0.0,178.1,178.2,178.01,296.0,5270570.0,177.87
000858.SZ,2022-12-29,0.0,178.26,178.3,178.09,343.0,6112650.0,177.871
000858.SZ,2022-12-29,0.0,178.2,178.42,178.13,357.0,6365060.0,177.872
000858.SZ,2022-12-29,0.0,178.26,178.35,178.2,225.0,4011260.0,177.873
000858.SZ,2022-12-29,0.0,178.2,178.29,178.2,177.0,3154560.0,177.874
000858.SZ,2022-12-29,0.0,178.22,178.23,178.2,216.0,3849510.0,177.874
000858.SZ,2022-12-29,0.0,178.18,178.22,178.18,331.0,5898480.0,177.875
000858.SZ,2022-12-29,0.0,178.21,178.23,178.18,360.0,6415540.0,177.876
000858.SZ,2022-12-29,0.0,178.19,178.22,178.18,311.0,5542120.0,177.877
000858.SZ,2022-12-29,0.0,178.17,178.2,178.17,287.0,5113890.0,177.878
000858.SZ,2022-12-29,0.0,177.98,178.19,177.98,334.0,5948070.0,177.878
000858.SZ,2022-12-29,0.0,177.99,178.02,177.9,434.0,7723730.0,177.879
000858.SZ,2022-12-29,0.0,177.89,177.99,177.88,385.0,6850420.0,177.879
000858.SZ,2022-12-29,0.0,178.35,178.44,177.87,886.0,15786000.0,177.881
000858.SZ,2022-12-29,0.0,178.39,178.43,178.31,363.0,6475160.0,177.882
000858.SZ,2022-12-29,0.0,178.52,178.55,178.37,702.0,12527800.0,177.885
000858.SZ,2022-12-29,0.0,178.92,178.92,178.5,1298.0,23190200.0,177.893
000858.SZ,2022-12-29,0.0,179.29,179.61,178.99,2801.0,50212400.0,177.923
000858.SZ,2022-12-29,0.0,178.71,179.29,178.71,354.0,6339690.0,177.926
000858.SZ,2022-12-29,0.0,178.89,178.9,178.7,369.0,6599700.0,177.928
000858.SZ,2022-12-29,0.0,178.9,179.0,178.86,607.0,10859700.0,177.933
000858.SZ,2022-12-29,0.0,178.97,179.1,178.97,351.0,6283870.0,177.936
000858.SZ,2022-12-29,0.0,179.5,179.53,178.97,1295.0,23210200.0,177.948
000858.SZ,2022-12-29,0.0,179.14,179.41,179.14,892.0,15999500.0,177.958
000858.SZ,2022-12-29,0.0,179.21,179.27,179.01,613.0,10983400.0,177.963
000858.SZ,2022-12-29,0.0,179.21,179.25,179.18,455.0,8154400.0,177.967
000858.SZ,2022-12-29,0.0,179.0,179.21,179.0,220.0,3940810.0,177.969
000858.SZ,2022-12-29,0.0,179.11,179.13,179.0,368.0,6588790.0,177.972
000858.SZ,2022-12-29,0.0,179.3,179.3,179.15,558.0,9999980.0,177.977
000858.SZ,2022-12-29,0.0,179.38,179.4,179.28,555.0,9953170.0,177.983
000858.SZ,2022-12-29,0.0,179.56,179.59,179.38,1026.0,18412700.0,177.994
000858.SZ,2022-12-29,0.0,179.48,179.56,179.41,646.0,11602300.0,178.001
000858.SZ,2022-12-29,0.0,179.52,179.55,179.48,607.0,10896700.0,178.007
000858.SZ,2022-12-29,0.0,179.84,179.88,179.51,1165.0,20930600.0,178.021
000858.SZ,2022-12-29,0.0,179.97,179.98,179.88,778.0,13999000.0,178.032
000858.SZ,2022-12-29,0.0,179.95,179.99,179.95,756.0,13606000.0,178.042
000858.SZ,2022-12-29,0.0,179.83,180.0,179.8,587.0,10559500.0,178.049
000858.SZ,2022-12-29,0.0,179.78,179.83,179.7,487.0,8754380.0,178.055
000858.SZ,2022-12-29,0.0,179.75,179.78,179.59,514.0,9236160.0,178.061
000858.SZ,2022-12-29,0.0,179.73,179.75,179.71,407.0,7315220.0,178.066
000858.SZ,2022-12-29,0.0,180.0,180.0,179.71,1162.0,20893800.0,178.08
000858.SZ,2022-12-29,0.0,179.98,180.0,179.97,1415.0,25469100.0,178.098
000858.SZ,2022-12-29,0.0,179.8,179.98,179.8,316.0,5684740.0,178.102
000858.SZ,2022-12-29,0.0,179.7,179.88,179.51,653.0,11733300.0,178.109
000858.SZ,2022-12-29,0.0,179.4,179.69,179.4,364.0,6535430.0,178.112
000858.SZ,2022-12-29,0.0,179.3,179.4,179.26,346.0,6204480.0,178.115
000858.SZ,2022-12-29,0.0,179.4,179.56,179.27,483.0,8662230.0,178.119
000858.SZ,2022-12-29,0.0,179.34,179.56,179.33,365.0,6548200.0,178.122
000858.SZ,2022-12-29,0.0,179.37,179.39,179.32,489.0,8769840.0,178.126
000858.SZ,2022-12-29,0.0,179.33,179.38,179.32,320.0,5739240.0,178.129
000858.SZ,2022-12-29,0.0,179.32,179.35,179.32,364.0,6527760.0,178.132
000858.SZ,2022-12-29,0.0,179.47,179.47,179.27,533.0,9558750.0,178.136
000858.SZ,2022-12-29,0.0,179.37,179.43,179.36,478.0,8574210.0,178.14
000858.SZ,2022-12-29,0.0,179.32,179.38,179.32,557.0,9990280.0,178.144
000858.SZ,2022-12-29,0.0,179.5,179.55,179.29,1131.0,20290700.0,178.154
000858.SZ,2022-12-29,0.0,179.41,179.5,179.41,548.0,9834340.0,178.158
000858.SZ,2022-12-29,0.0,179.31,179.43,179.28,1191.0,21359900.0,178.167
000858.SZ,2022-12-29,0.0,179.45,179.5,179.38,1489.0,26722900.0,178.18
000858.SZ,2022-12-29,0.0,179.48,179.48,179.3,1170.0,20979100.0,178.189
000858.SZ,2022-12-29,0.0,179.32,179.5,179.32,1179.0,21146900.0,178.198
000858.SZ,2022-12-29,0.0,179.5,179.51,179.32,1002.0,17982200.0,178.206
000858.SZ,2022-12-29,0.0,179.45,179.52,179.36,570.0,10226300.0,178.21
000858.SZ,2022-12-29,0.0,179.39,179.47,179.39,322.0,5782120.0,178.213
000858.SZ,2022-12-29,0.0,179.34,179.39,179.32,521.0,9344610.0,178.216
000858.SZ,2022-12-29,0.0,179.33,179.36,179.3,382.0,6850500.0,178.219
000858.SZ,2022-12-29,0.0,179.4,179.4,179.33,801.0,14365800.0,178.224
000858.SZ,2022-12-29,0.0,179.28,179.35,179.28,359.0,6437410.0,178.227
000858.SZ,2022-12-29,0.0,179.0,179.27,179.0,470.0,8420160.0,178.23
000858.SZ,2022-12-29,0.0,178.85,179.0,178.8,1206.0,21572900.0,178.234
000858.SZ,2022-12-29,0.0,178.75,178.86,178.67,949.0,16964200.0,178.237
000858.SZ,2022-12-29,0.0,178.72,178.72,178.72,10.0,178741.0,178.237
000858.SZ,2022-12-29,0.0,178.72,178.72,178.72,0.0,0.0,178.237
000858.SZ,2022-12-29,0.0,178.75,178.75,178.75,2828.0,50541600.0,178.246
000858.SZ,2022-12-30,179.78,179.78,179.78,179.78,854.0,15344600.0,179.78
000858.SZ,2022-12-30,179.85,180.7,180.89,179.65,3530.0,63656100.0,180.212
000858.SZ,2022-12-30,180.7,180.68,181.1,180.68,2984.0,53967300.0,180.473
000858.SZ,2022-12-30,180.69,180.29,180.69,180.22,931.0,16797100.0,180.467
000858.SZ,2022-12-30,180.2,180.03,180.51,180.01,1615.0,29118600.0,180.44
000858.SZ,2022-12-30,179.95,180.2,180.32,179.95,887.0,15980700.0,180.417
000858.SZ,2022-12-30,180.2,180.2,180.3,180.0,1665.0,29997200.0,180.383
000858.SZ,2022-12-30,180.2,180.0,180.2,179.5,1445.0,25992600.0,180.331
000858.SZ,2022-12-30,180.02,180.63,180.63,180.02,2279.0,41108300.0,180.335
000858.SZ,2022-12-30,180.59,180.51,180.7,180.5,1337.0,24137100.0,180.353
000858.SZ,2022-12-30,180.57,180.51,180.64,180.51,1140.0,20581300.0,180.364
000858.SZ,2022-12-30,180.51,180.64,180.64,180.51,729.0,13164500.0,180.372
000858.SZ,2022-12-30,180.61,180.29,180.61,179.98,1632.0,29410500.0,180.36
000858.SZ,2022-12-30,180.01,179.98,180.26,179.82,857.0,15424800.0,180.345
000858.SZ,2022-12-30,179.98,179.81,179.98,179.66,649.0,11671000.0,180.33
000858.SZ,2022-12-30,179.82,179.92,179.92,179.53,1338.0,24044700.0,180.296
000858.SZ,2022-12-30,179.9,179.59,179.92,179.3,870.0,15629700.0,180.273
000858.SZ,2022-12-30,179.89,180.18,180.28,179.74,730.0,13138300.0,180.265
000858.SZ,2022-12-30,180.26,180.17,180.26,180.11,437.0,7873800.0,180.263
000858.SZ,2022-12-30,180.16,180.17,180.2,180.12,435.0,7837990.0,180.262
000858.SZ,2022-12-30,180.11,179.82,180.11,179.72,449.0,8079610.0,180.257
000858.SZ,2022-12-30,179.75,179.3,179.75,179.13,907.0,16280400.0,180.23
000858.SZ,2022-12-30,179.3,179.41,179.5,179.3,548.0,9832770.0,180.214
000858.SZ,2022-12-30,179.45,179.56,179.6,179.41,362.0,6498240.0,180.205
000858.SZ,2022-12-30,179.53,179.2,179.55,179.2,675.0,12103300.0,180.186
000858.SZ,2022-12-30,179.3,179.3,179.41,179.25,753.0,13498000.0,180.163
000858.SZ,2022-12-30,179.3,179.28,179.31,179.25,635.0,11385300.0,180.145
000858.SZ,2022-12-30,179.27,179.19,179.3,179.06,759.0,13601100.0,180.122
000858.SZ,2022-12-30,179.16,179.01,179.16,179.0,1073.0,19211400.0,180.087
000858.SZ,2022-12-30,179.02,179.25,179.25,179.02,762.0,13648900.0,180.065
000858.SZ,2022-12-30,179.25,179.25,179.3,179.22,550.0,9858720.0,180.051
000858.SZ,2022-12-30,179.22,179.6,179.6,179.22,425.0,7628850.0,180.043
000858.SZ,2022-12-30,179.59,179.51,179.71,179.5,1031.0,18512700.0,180.029
000858.SZ,2022-12-30,179.55,179.68,179.68,179.48,298.0,5350510.0,180.025
000858.SZ,2022-12-30,179.6,179.6,179.8,179.6,514.0,9236480.0,180.02
000858.SZ,2022-12-30,179.55,179.79,179.8,179.52,450.0,8083160.0,180.015
000858.SZ,2022-12-30,179.78,179.33,179.79,179.33,323.0,5797990.0,180.011
000858.SZ,2022-12-30,179.5,179.2,179.5,179.1,638.0,11434600.0,179.997
000858.SZ,2022-12-30,179.15,179.7,179.7,179.15,405.0,7263290.0,179.991
000858.SZ,2022-12-30,179.69,179.88,179.88,179.6,448.0,8051710.0,179.988
000858.SZ,2022-12-30,179.91,179.87,179.96,179.84,394.0,7088470.0,179.987
000858.SZ,2022-12-30,179.87,180.25,180.25,179.87,1035.0,18638100.0,179.99
000858.SZ,2022-12-30,180.17,180.1,180.18,179.99,530.0,9544340.0,179.991
000858.SZ,2022-12-30,180.15,180.2,180.26,180.15,636.0,11460600.0,179.994
000858.SZ,2022-12-30,180.18,180.06,180.2,180.06,248.0,4467890.0,179.995
000858.SZ,2022-12-30,180.0,179.98,180.0,179.9,528.0,9508140.0,179.995
000858.SZ,2022-12-30,179.98,180.02,180.15,179.92,483.0,8694860.0,179.995
000858.SZ,2022-12-30,180.01,180.02,180.16,179.93,641.0,11539400.0,179.995
000858.SZ,2022-12-30,180.0,179.94,180.0,179.94,627.0,11285000.0,179.995
000858.SZ,2022-12-30,179.94,179.95,179.96,179.91,234.0,4210830.0,179.995
000858.SZ,2022-12-30,179.94,179.88,179.94,179.87,241.0,4335800.0,179.995
000858.SZ,2022-12-30,179.88,179.87,179.93,179.86,378.0,6799440.0,179.994
000858.SZ,2022-12-30,179.88,179.55,179.88,179.55,325.0,5841060.0,179.992
000858.SZ,2022-12-30,179.59,179.55,179.59,179.54,355.0,6375510.0,179.989
000858.SZ,2022-12-30,179.57,179.57,179.7,179.54,439.0,7884050.0,179.985
000858.SZ,2022-12-30,179.57,179.59,179.63,179.57,179.0,3214930.0,179.983
000858.SZ,2022-12-30,179.57,179.62,179.63,179.56,291.0,5226100.0,179.981
000858.SZ,2022-12-30,179.63,179.75,179.76,179.63,259.0,4653500.0,179.979
000858.SZ,2022-12-30,179.75,179.8,179.8,179.71,315.0,5661150.0,179.977
000858.SZ,2022-12-30,179.83,179.98,180.0,179.81,539.0,9699440.0,179.977
000858.SZ,2022-12-30,179.98,180.0,180.04,179.98,400.0,7199940.0,179.977
000858.SZ,2022-12-30,180.01,180.01,180.06,179.99,679.0,12232000.0,179.978
000858.SZ,2022-12-30,180.0,180.0,180.3,180.0,1420.0,25585800.0,179.984
000858.SZ,2022-12-30,180.0,180.04,180.14,179.99,377.0,6787030.0,179.984
000858.SZ,2022-12-30,180.04,179.99,180.04,179.99,281.0,5058530.0,179.984
000858.SZ,2022-12-30,179.99,179.64,180.02,179.6,1355.0,24384600.0,179.983
000858.SZ,2022-12-30,179.65,179.75,179.81,179.65,208.0,3738100.0,179.982
000858.SZ,2022-12-30,179.81,179.8,179.91,179.65,366.0,6580170.0,179.981
000858.SZ,2022-12-30,179.8,179.79,179.9,179.64,200.0,3596220.0,179.98
000858.SZ,2022-12-30,179.69,179.92,180.0,179.69,592.0,10646600.0,179.979
000858.SZ,2022-12-30,179.92,179.89,179.95,179.86,267.0,4803370.0,179.978
000858.SZ,2022-12-30,179.89,179.88,179.9,179.87,422.0,7591210.0,179.978
000858.SZ,2022-12-30,179.9,179.89,179.95,179.89,304.0,5469170.0,179.977
000858.SZ,2022-12-30,179.91,179.81,179.95,179.67,430.0,7735540.0,179.977
000858.SZ,2022-12-30,179.81,179.87,179.87,179.81,187.0,3363140.0,179.976
000858.SZ,2022-12-30,179.86,180.01,180.02,179.86,664.0,11949700.0,179.976
000858.SZ,2022-12-30,180.04,180.06,180.07,180.04,696.0,12533300.0,179.977
000858.SZ,2022-12-30,180.06,180.05,180.08,180.05,291.0,5239970.0,179.977
000858.SZ,2022-12-30,180.05,180.03,180.06,180.03,274.0,4933080.0,179.978
000858.SZ,2022-12-30,180.02,180.0,180.02,179.94,299.0,5381610.0,179.978
000858.SZ,2022-12-30,179.97,180.23,180.31,179.97,1441.0,25958100.0,179.982
000858.SZ,2022-12-30,180.23,180.3,180.3,180.23,646.0,11645700.0,179.985
000858.SZ,2022-12-30,180.3,180.35,180.37,180.25,798.0,14388100.0,179.989
000858.SZ,2022-12-30,180.35,180.7,180.7,180.32,1897.0,34238800.0,180.006
000858.SZ,2022-12-30,180.6,180.46,180.64,180.4,626.0,11299800.0,180.011
000858.SZ,2022-12-30,180.47,180.41,180.47,180.39,642.0,11584500.0,180.015
000858.SZ,2022-12-30,180.4,180.32,180.41,180.31,199.0,3589060.0,180.017
000858.SZ,2022-12-30,180.31,180.51,180.54,180.31,461.0,8313180.0,180.019
000858.SZ,2022-12-30,180.54,180.32,180.54,180.31,300.0,5416470.0,180.021
000858.SZ,2022-12-30,180.4,180.29,180.42,180.29,226.0,4074550.0,180.022
000858.SZ,2022-12-30,180.29,180.25,180.29,180.02,216.0,3891430.0,180.023
000858.SZ,2022-12-30,180.07,180.21,180.29,180.07,319.0,5748620.0,180.024
000858.SZ,2022-12-30,180.21,180.35,180.42,180.11,512.0,9230180.0,180.026
000858.SZ,2022-12-30,180.29,180.42,180.51,180.29,610.0,11006900.0,180.029
000858.SZ,2022-12-30,180.47,180.4,180.5,180.3,515.0,9292450.0,180.033
000858.SZ,2022-12-30,180.39,180.25,180.39,180.25,239.0,4309840.0,180.034
000858.SZ,2022-12-30,180.29,180.23,180.29,180.23,189.0,3407060.0,180.034
000858.SZ,2022-12-30,180.24,180.25,180.27,180.23,298.0,5371240.0,180.035
000858.SZ,2022-12-30,180.25,180.23,180.25,180.21,204.0,3676660.0,180.036
000858.SZ,2022-12-30,180.21,180.2,180.22,180.19,213.0,3838260.0,180.036
000858.SZ,2022-12-30,180.19,180.39,180.39,180.18,234.0,4217730.0,180.037
000858.SZ,2022-12-30,180.33,180.33,180.4,180.33,251.0,4527400.0,180.038
000858.SZ,2022-12-30,180.33,180.33,180.4,180.3,200.0,3606970.0,180.039
000858.SZ,2022-12-30,180.37,180.38,180.4,180.33,254.0,4581190.0,180.04
000858.SZ,2022-12-30,180.39,180.38,180.4,180.36,336.0,6060830.0,180.042
000858.SZ,2022-12-30,180.38,180.36,180.38,180.36,578.0,10425500.0,180.045
000858.SZ,2022-12-30,180.36,180.36,180.37,180.35,363.0,6547220.0,180.047
000858.SZ,2022-12-30,180.37,180.55,180.56,180.32,1090.0,19667700.0,180.053
000858.SZ,2022-12-30,180.56,180.5,180.56,180.48,212.0,3827040.0,180.054
000858.SZ,2022-12-30,180.48,180.51,180.56,180.45,335.0,6047300.0,180.056
000858.SZ,2022-12-30,180.51,180.5,180.52,180.44,240.0,4331780.0,180.058
000858.SZ,2022-12-30,180.5,180.46,180.51,180.44,260.0,4692570.0,180.059
000858.SZ,2022-12-30,180.5,180.46,180.51,180.46,233.0,4205420.0,180.061
000858.SZ,2022-12-30,180.5,180.49,180.5,180.46,298.0,5378470.0,180.062
000858.SZ,2022-12-30,180.49,180.48,180.49,180.46,264.0,4764700.0,180.064
000858.SZ,2022-12-30,180.47,180.38,180.48,180.38,309.0,5575860.0,180.065
000858.SZ,2022-12-30,180.38,180.41,180.49,180.38,334.0,6026500.0,180.067
000858.SZ,2022-12-30,180.43,180.42,180.48,180.41,238.0,4294710.0,180.068
000858.SZ,2022-12-30,180.42,180.4,180.49,180.39,244.0,4402740.0,180.07
000858.SZ,2022-12-30,180.4,180.37,180.43,180.3,182.0,3283070.0,180.07
000858.SZ,2022-12-30,180.32,180.29,180.35,180.21,224.0,4038930.0,180.071
000858.SZ,2022-12-30,180.28,180.55,180.62,180.28,1151.0,20776500.0,180.078
000858.SZ,2022-12-30,180.59,180.55,180.59,180.35,352.0,6353370.0,180.08
000858.SZ,2022-12-30,180.4,180.42,180.54,180.36,350.0,6316820.0,180.082
000858.SZ,2022-12-30,180.42,180.31,180.42,180.31,200.0,3607560.0,180.082
000858.SZ,2022-12-30,180.37,180.45,180.48,180.29,237.0,4275040.0,180.083
000858.SZ,2022-12-30,180.35,180.45,180.46,180.32,258.0,4654320.0,180.084
000858.SZ,2022-12-30,180.42,180.46,180.5,180.4,320.0,5774500.0,180.086
000858.SZ,2022-12-30,180.45,180.42,180.46,180.41,245.0,4420500.0,180.087
000858.SZ,2022-12-30,180.4,180.32,180.42,180.32,247.0,4455930.0,180.088
000858.SZ,2022-12-30,180.31,180.3,180.4,180.28,287.0,5175720.0,180.089
000858.SZ,2022-12-30,180.3,180.3,180.36,180.28,351.0,6328520.0,180.09
000858.SZ,2022-12-30,180.3,180.35,180.4,180.3,270.0,4869320.0,180.091
000858.SZ,2022-12-30,180.39,180.83,180.88,180.34,1472.0,26584900.0,180.101
000858.SZ,2022-12-30,180.85,180.67,180.86,180.5,375.0,6778720.0,180.104
000858.SZ,2022-12-30,180.7,180.72,180.8,180.66,354.0,6398110.0,180.107
000858.SZ,2022-12-30,180.72,180.46,180.72,180.44,342.0,6177650.0,180.109
000858.SZ,2022-12-30,180.5,180.41,180.55,180.41,290.0,5238120.0,180.11
000858.SZ,2022-12-30,180.41,180.47,180.49,180.38,386.0,6965800.0,180.112
000858.SZ,2022-12-30,180.5,180.55,180.6,180.5,313.0,5651170.0,180.114
000858.SZ,2022-12-30,180.58,180.55,180.58,180.51,255.0,4607920.0,180.115
000858.SZ,2022-12-30,180.56,180.5,180.56,180.48,317.0,5722380.0,180.117
000858.SZ,2022-12-30,180.48,180.55,180.56,180.48,284.0,5126480.0,180.118
000858.SZ,2022-12-30,180.5,180.51,180.51,180.48,205.0,3700430.0,180.119
000858.SZ,2022-12-30,180.56,180.51,180.56,180.42,269.0,4855170.0,180.12
000858.SZ,2022-12-30,180.51,180.46,180.53,180.41,299.0,5396550.0,180.121
000858.SZ,2022-12-30,180.45,180.44,180.53,180.43,295.0,5324170.0,180.123
000858.SZ,2022-12-30,180.47,180.5,180.55,180.42,329.0,5938430.0,180.124
000858.SZ,2022-12-30,180.44,180.4,180.48,180.4,496.0,8950560.0,180.126
000858.SZ,2022-12-30,180.5,180.41,180.5,180.38,331.0,5972600.0,180.127
000858.SZ,2022-12-30,180.43,180.37,180.5,180.37,310.0,5593630.0,180.128
000858.SZ,2022-12-30,180.45,180.45,180.51,180.36,467.0,8426850.0,180.13
000858.SZ,2022-12-30,180.49,180.5,180.51,180.4,351.0,6334890.0,180.132
000858.SZ,2022-12-30,180.5,180.72,180.72,180.5,1073.0,19379500.0,180.137
000858.SZ,2022-12-30,180.7,180.55,180.79,180.42,491.0,8871030.0,180.14
000858.SZ,2022-12-30,180.75,180.62,180.75,180.53,251.0,4533690.0,180.142
000858.SZ,2022-12-30,180.65,180.63,180.68,180.61,255.0,4606400.0,180.143
000858.SZ,2022-12-30,180.63,180.57,180.65,180.53,224.0,4045670.0,180.144
000858.SZ,2022-12-30,180.54,180.55,180.63,180.53,217.0,3918590.0,180.145
000858.SZ,2022-12-30,180.55,180.53,180.6,180.51,265.0,4784560.0,180.147
000858.SZ,2022-12-30,180.58,180.6,180.6,180.5,379.0,6843050.0,180.148
000858.SZ,2022-12-30,180.61,180.68,180.71,180.6,599.0,10821800.0,180.152
000858.SZ,2022-12-30,180.71,180.77,180.8,180.7,710.0,12834000.0,180.157
000858.SZ,2022-12-30,180.72,180.74,180.76,180.72,351.0,6344340.0,180.159
000858.SZ,2022-12-30,180.74,180.71,180.76,180.69,368.0,6650760.0,180.161
000858.SZ,2022-12-30,180.7,180.7,180.7,180.62,390.0,7046010.0,180.163
000858.SZ,2022-12-30,180.7,180.69,180.72,180.65,274.0,4951230.0,180.165
000858.SZ,2022-12-30,180.69,180.74,180.75,180.69,275.0,4969360.0,180.167
000858.SZ,2022-12-30,180.75,180.63,180.75,180.63,376.0,6794900.0,180.169
000858.SZ,2022-12-30,180.62,180.71,180.72,180.62,428.0,7733370.0,180.171
000858.SZ,2022-12-30,180.75,180.71,180.75,180.7,519.0,9380240.0,180.174
000858.SZ,2022-12-30,180.71,180.74,180.75,180.71,372.0,6723440.0,180.177
000858.SZ,2022-12-30,180.72,180.75,180.75,180.71,393.0,7093780.0,180.179
000858.SZ,2022-12-30,180.72,180.77,180.77,180.71,678.0,12256500.0,180.183
000858.SZ,2022-12-30,180.8,180.95,180.96,180.8,1778.0,32161200.0,180.196
000858.SZ,2022-12-30,180.93,180.99,180.99,180.93,2116.0,38297400.0,180.213
000858.SZ,2022-12-30,180.99,180.98,180.99,180.97,511.0,9248440.0,180.217
000858.SZ,2022-12-30,180.98,180.95,180.98,180.95,417.0,7546330.0,180.22
000858.SZ,2022-12-30,180.95,180.94,180.95,180.88,330.0,5970880.0,180.222
000858.SZ,2022-12-30,180.94,180.8,180.94,180.8,337.0,6095950.0,180.224
000858.SZ,2022-12-30,180.84,180.94,180.94,180.82,458.0,8285730.0,180.227
000858.SZ,2022-12-30,180.93,180.94,180.95,180.92,438.0,7925170.0,180.231
000858.SZ,2022-12-30,180.94,180.98,180.98,180.94,512.0,9265320.0,180.234
000858.SZ,2022-12-30,180.98,180.98,180.99,180.97,484.0,8759660.0,180.238
000858.SZ,2022-12-30,180.98,180.97,180.99,180.96,369.0,6678100.0,180.24
000858.SZ,2022-12-30,180.97,180.94,180.99,180.85,466.0,8432510.0,180.244
000858.SZ,2022-12-30,180.97,180.93,180.98,180.88,514.0,9300350.0,180.247
000858.SZ,2022-12-30,180.93,180.98,180.98,180.91,592.0,10713300.0,180.251
000858.SZ,2022-12-30,180.97,180.81,180.98,180.81,597.0,10802600.0,180.255
000858.SZ,2022-12-30,180.84,180.96,180.98,180.8,869.0,15722700.0,180.261
000858.SZ,2022-12-30,180.96,180.99,180.99,180.87,681.0,12324100.0,180.265
000858.SZ,2022-12-30,180.98,180.99,181.0,180.89,2362.0,42750900.0,180.281
000858.SZ,2022-12-30,180.99,180.98,181.0,180.97,335.0,6063240.0,180.283
000858.SZ,2022-12-30,180.98,180.94,180.98,180.86,640.0,11580600.0,180.287
000858.SZ,2022-12-30,180.94,180.95,180.97,180.88,390.0,7056810.0,180.289
000858.SZ,2022-12-30,180.97,180.94,180.99,180.94,342.0,6188840.0,180.292
000858.SZ,2022-12-30,180.96,180.86,180.96,180.75,937.0,16952400.0,180.296
000858.SZ,2022-12-30,180.94,180.84,180.94,180.72,547.0,9894220.0,180.299
000858.SZ,2022-12-30,180.83,180.9,180.93,180.83,282.0,5101500.0,180.301
000858.SZ,2022-12-30,180.9,180.89,180.94,180.89,349.0,6313400.0,180.302
000858.SZ,2022-12-30,180.85,180.89,180.92,180.8,456.0,8247880.0,180.305
000858.SZ,2022-12-30,180.9,180.99,180.99,180.9,789.0,14277600.0,180.309
000858.SZ,2022-12-30,180.99,180.91,180.99,180.91,475.0,8595710.0,180.312
000858.SZ,2022-12-30,180.92,180.93,180.96,180.75,451.0,8159220.0,180.314
000858.SZ,2022-12-30,180.92,180.95,180.96,180.92,565.0,10223900.0,180.318
000858.SZ,2022-12-30,180.96,180.77,180.96,180.77,441.0,7979570.0,180.32
000858.SZ,2022-12-30,180.94,180.84,180.94,180.76,434.0,7850930.0,180.322
000858.SZ,2022-12-30,180.84,180.88,180.9,180.78,442.0,7994470.0,180.324
000858.SZ,2022-12-30,180.88,180.89,180.9,180.86,413.0,7470700.0,180.326
000858.SZ,2022-12-30,180.9,180.92,180.93,180.89,598.0,10817500.0,180.329
000858.SZ,2022-12-30,180.93,180.93,180.93,180.89,675.0,12211400.0,180.332
000858.SZ,2022-12-30,180.93,180.92,180.95,180.88,695.0,12573900.0,180.336
000858.SZ,2022-12-30,180.92,180.95,180.95,180.9,423.0,7653100.0,180.338
000858.SZ,2022-12-30,180.95,180.93,180.95,180.92,605.0,10946500.0,180.341
000858.SZ,2022-12-30,180.93,180.92,180.96,180.91,620.0,11218500.0,180.344
000858.SZ,2022-12-30,180.91,180.9,180.95,180.9,597.0,10801300.0,180.347
000858.SZ,2022-12-30,180.9,180.89,180.93,180.89,353.0,6386010.0,180.348
000858.SZ,2022-12-30,180.93,180.91,180.95,180.9,757.0,13695900.0,180.352
000858.SZ,2022-12-30,180.91,180.9,180.93,180.88,717.0,12970800.0,180.355
000858.SZ,2022-12-30,180.91,180.88,180.92,180.88,427.0,7724700.0,180.357
000858.SZ,2022-12-30,180.89,180.83,180.89,180.83,362.0,6547690.0,180.359
000858.SZ,2022-12-30,180.82,180.73,180.82,180.72,607.0,10974200.0,180.361
000858.SZ,2022-12-30,180.73,180.66,180.73,180.66,709.0,12811800.0,180.363
000858.SZ,2022-12-30,180.68,180.89,180.89,180.68,962.0,17390700.0,180.366
000858.SZ,2022-12-30,180.89,180.85,180.9,180.83,790.0,14289000.0,180.369
000858.SZ,2022-12-30,180.85,180.92,180.93,180.85,819.0,14821400.0,180.373
000858.SZ,2022-12-30,180.91,180.97,180.97,180.9,1328.0,24029300.0,180.379
000858.SZ,2022-12-30,180.97,180.95,180.98,180.92,1791.0,32412600.0,180.387
000858.SZ,2022-12-30,180.92,180.9,180.98,180.87,816.0,14761200.0,180.39
000858.SZ,2022-12-30,180.9,180.95,180.95,180.88,1399.0,25307700.0,180.396
000858.SZ,2022-12-30,180.94,180.95,180.98,180.91,1265.0,22892600.0,180.401
000858.SZ,2022-12-30,180.91,180.89,180.95,180.89,747.0,13516900.0,180.404
000858.SZ,2022-12-30,180.95,180.9,180.95,180.87,844.0,15267900.0,180.407
000858.SZ,2022-12-30,180.88,180.99,181.0,180.88,1525.0,27593200.0,180.413
000858.SZ,2022-12-30,180.93,180.96,181.0,180.92,1498.0,27110100.0,180.419
000858.SZ,2022-12-30,180.96,180.96,180.98,180.96,1226.0,22188300.0,180.424
000858.SZ,2022-12-30,181.0,181.1,181.16,180.96,4339.0,78543200.0,180.442
000858.SZ,2022-12-30,181.12,181.11,181.19,181.0,1182.0,21408000.0,180.448
000858.SZ,2022-12-30,181.07,181.07,181.07,181.07,122.0,2209100.0,180.448
000858.SZ,2022-12-30,181.07,181.07,181.07,181.07,0.0,0.0,180.448
000858.SZ,2022-12-30,180.69,180.69,180.69,180.69,3984.0,71980600.0,180.455
000858.SZ,2023-01-03,0.0,181.0,181.0,181.0,1908.0,34534800.0,181.0
000858.SZ,2023-01-03,0.0,180.45,181.81,179.68,4060.0,73352000.0,180.775
000858.SZ,2023-01-03,0.0,180.68,181.5,180.34,1365.0,24661600.0,180.746
000858.SZ,2023-01-03,0.0,181.13,181.27,180.61,1491.0,26966700.0,180.76
000858.SZ,2023-01-03,0.0,180.79,181.13,180.69,1073.0,19405800.0,180.771
000858.SZ,2023-01-03,0.0,179.92,180.8,179.92,1795.0,32366200.0,180.7
000858.SZ,2023-01-03,0.0,179.7,179.95,179.55,1739.0,31268100.0,180.584
000858.SZ,2023-01-03,0.0,178.6,179.71,178.38,3075.0,55025000.0,180.279
000858.SZ,2023-01-03,0.0,178.96,178.99,178.56,2191.0,39145500.0,180.093
000858.SZ,2023-01-03,0.0,178.2,178.84,178.1,2655.0,47375100.0,179.887
000858.SZ,2023-01-03,0.0,177.98,178.14,177.3,3297.0,58644200.0,179.618
000858.SZ,2023-01-03,0.0,177.98,177.99,177.7,2161.0,38426200.0,179.472
000858.SZ,2023-01-03,0.0,178.17,178.49,177.85,2791.0,49689000.0,179.337
000858.SZ,2023-01-03,0.0,178.09,178.21,177.97,2230.0,39706400.0,179.247
000858.SZ,2023-01-03,0.0,178.6,178.6,178.07,592.0,10555500.0,179.23
000858.SZ,2023-01-03,0.0,178.6,178.65,178.33,1030.0,18381000.0,179.206
000858.SZ,2023-01-03,0.0,178.66,178.88,178.5,1422.0,25413600.0,179.186
000858.SZ,2023-01-03,0.0,178.32,178.63,178.29,964.0,17196400.0,179.165
000858.SZ,2023-01-03,0.0,178.32,178.36,178.18,640.0,11408400.0,179.149
000858.SZ,2023-01-03,0.0,177.72,178.3,177.72,2734.0,48653500.0,179.066
000858.SZ,2023-01-03,0.0,177.84,178.0,177.7,1203.0,21387400.0,179.028
000858.SZ,2023-01-03,0.0,177.3,177.77,177.1,3658.0,64899900.0,178.894
000858.SZ,2023-01-03,0.0,177.21,177.33,177.2,2275.0,40324300.0,178.813
000858.SZ,2023-01-03,0.0,177.5,177.5,177.24,1607.0,28504100.0,178.765
000858.SZ,2023-01-03,0.0,177.58,177.58,177.2,1772.0,31433200.0,178.716
000858.SZ,2023-01-03,0.0,177.59,177.97,177.59,820.0,14582400.0,178.702
000858.SZ,2023-01-03,0.0,177.66,177.66,177.55,856.0,15205000.0,178.684
000858.SZ,2023-01-03,0.0,177.48,177.66,177.26,2257.0,40048600.0,178.632
000858.SZ,2023-01-03,0.0,177.49,177.53,177.32,898.0,15931800.0,178.612
000858.SZ,2023-01-03,0.0,177.99,177.99,177.47,418.0,7424120.0,178.604
000858.SZ,2023-01-03,0.0,178.27,178.28,177.99,501.0,8923620.0,178.6
000858.SZ,2023-01-03,0.0,178.03,178.32,177.8,1123.0,20003100.0,178.59
000858.SZ,2023-01-03,0.0,177.83,178.05,177.63,671.0,11931100.0,178.581
000858.SZ,2023-01-03,0.0,178.18,178.18,177.65,531.0,9439850.0,178.574
000858.SZ,2023-01-03,0.0,178.14,178.24,177.96,446.0,7943350.0,178.57
000858.SZ,2023-01-03,0.0,178.08,178.17,178.04,381.0,6785800.0,178.567
000858.SZ,2023-01-03,0.0,178.0,178.02,177.73,651.0,11580900.0,178.56
000858.SZ,2023-01-03,0.0,177.79,178.0,177.79,582.0,10350900.0,178.553
000858.SZ,2023-01-03,0.0,178.13,178.22,177.8,571.0,10166800.0,178.548
000858.SZ,2023-01-03,0.0,178.08,178.24,178.02,543.0,9671670.0,178.544
000858.SZ,2023-01-03,0.0,177.67,178.07,177.66,994.0,17673800.0,178.532
000858.SZ,2023-01-03,0.0,177.6,177.66,177.6,510.0,9059800.0,178.525
000858.SZ,2023-01-03,0.0,177.58,177.68,177.52,753.0,13373200.0,178.514
000858.SZ,2023-01-03,0.0,177.52,177.57,177.51,970.0,17218500.0,178.499
000858.SZ,2023-01-03,0.0,177.52,177.55,177.51,549.0,9745590.0,178.49
000858.SZ,2023-01-03,0.0,177.35,177.5,177.33,718.0,12739200.0,178.479
000858.SZ,2023-01-03,0.0,177.16,177.35,177.16,1290.0,22861300.0,178.454
000858.SZ,2023-01-03,0.0,177.12,177.16,177.1,1157.0,20493500.0,178.432
000858.SZ,2023-01-03,0.0,176.84,177.11,176.78,4868.0,86163504.0,178.336
000858.SZ,2023-01-03,0.0,177.0,177.0,176.83,583.0,10312600.0,178.325
000858.SZ,2023-01-03,0.0,177.26,177.3,176.98,519.0,9196410.0,178.317
000858.SZ,2023-01-03,0.0,177.31,177.39,177.26,396.0,7021530.0,178.311
000858.SZ,2023-01-03,0.0,177.3,177.6,177.29,1322.0,23445900.0,178.294
000858.SZ,2023-01-03,0.0,177.22,177.31,177.22,485.0,8598340.0,178.288
000858.SZ,2023-01-03,0.0,176.95,177.18,176.95,1295.0,22919400.0,178.266
000858.SZ,2023-01-03,0.0,176.52,176.93,176.51,2322.0,41025500.0,178.22
000858.SZ,2023-01-03,0.0,176.63,176.63,176.51,1511.0,26678000.0,178.189
000858.SZ,2023-01-03,0.0,176.87,176.92,176.73,788.0,13933600.0,178.176
000858.SZ,2023-01-03,0.0,177.0,177.0,176.89,858.0,15182200.0,178.164
000858.SZ,2023-01-03,0.0,177.25,177.25,177.0,1026.0,18168800.0,178.15
000858.SZ,2023-01-03,0.0,177.52,177.6,177.1,756.0,13411200.0,178.144
000858.SZ,2023-01-03,0.0,177.59,177.65,177.41,718.0,12747900.0,178.139
000858.SZ,2023-01-03,0.0,177.65,177.67,177.48,568.0,10084700.0,178.135
000858.SZ,2023-01-03,0.0,177.75,177.79,177.71,490.0,8709780.0,178.133
000858.SZ,2023-01-03,0.0,177.63,177.91,177.63,703.0,12498200.0,178.13
000858.SZ,2023-01-03,0.0,177.9,177.91,177.61,694.0,12341000.0,178.127
000858.SZ,2023-01-03,0.0,177.78,177.9,177.78,463.0,8233700.0,178.126
000858.SZ,2023-01-03,0.0,177.71,177.87,177.71,490.0,8711330.0,178.124
000858.SZ,2023-01-03,0.0,177.93,177.93,177.71,585.0,10400700.0,178.122
000858.SZ,2023-01-03,0.0,178.08,178.08,177.89,650.0,11572300.0,178.121
000858.SZ,2023-01-03,0.0,178.05,178.07,178.02,255.0,4540300.0,178.121
000858.SZ,2023-01-03,0.0,178.11,178.11,178.02,325.0,5787200.0,178.121
000858.SZ,2023-01-03,0.0,178.3,178.31,178.1,431.0,7682230.0,178.121
000858.SZ,2023-01-03,0.0,178.27,178.44,178.27,761.0,13564100.0,178.123
000858.SZ,2023-01-03,0.0,178.17,178.24,178.14,351.0,6253380.0,178.123
000858.SZ,2023-01-03,0.0,178.28,178.3,178.17,374.0,6666150.0,178.124
000858.SZ,2023-01-03,0.0,177.8,178.3,177.8,662.0,11792800.0,178.124
000858.SZ,2023-01-03,0.0,177.69,177.78,177.69,226.0,4016500.0,178.123
000858.SZ,2023-01-03,0.0,177.66,177.68,177.61,265.0,4707770.0,178.121
000858.SZ,2023-01-03,0.0,177.6,177.68,177.53,473.0,8402000.0,178.119
000858.SZ,2023-01-03,0.0,177.79,177.8,177.59,246.0,4370640.0,178.118
000858.SZ,2023-01-03,0.0,177.72,178.09,177.68,902.0,16035100.0,178.114
000858.SZ,2023-01-03,0.0,177.71,177.76,177.71,264.0,4692040.0,178.113
000858.SZ,2023-01-03,0.0,177.52,177.7,177.52,338.0,6004830.0,178.112
000858.SZ,2023-01-03,0.0,177.5,177.52,177.4,479.0,8501130.0,178.109
000858.SZ,2023-01-03,0.0,177.7,177.7,177.53,224.0,3978690.0,178.107
000858.SZ,2023-01-03,0.0,177.64,177.7,177.48,299.0,5308970.0,178.106
000858.SZ,2023-01-03,0.0,177.53,177.72,177.53,277.0,4921090.0,178.104
000858.SZ,2023-01-03,0.0,177.7,177.7,177.5,234.0,4155740.0,178.103
000858.SZ,2023-01-03,0.0,177.59,177.7,177.59,212.0,3765680.0,178.102
000858.SZ,2023-01-03,0.0,177.65,177.65,177.55,271.0,4812670.0,178.101
000858.SZ,2023-01-03,0.0,177.65,177.9,177.63,305.0,5420460.0,178.1
000858.SZ,2023-01-03,0.0,177.78,177.78,177.6,230.0,4085520.0,178.099
000858.SZ,2023-01-03,0.0,177.63,177.86,177.63,340.0,6042630.0,178.097
000858.SZ,2023-01-03,0.0,177.7,177.7,177.65,343.0,6094500.0,178.096
000858.SZ,2023-01-03,0.0,177.7,177.77,177.65,190.0,3376120.0,178.095
000858.SZ,2023-01-03,0.0,177.51,177.78,177.5,452.0,8027610.0,178.093
000858.SZ,2023-01-03,0.0,177.66,177.66,177.49,490.0,8699020.0,178.09
000858.SZ,2023-01-03,0.0,177.6,177.68,177.52,425.0,7548220.0,178.088
000858.SZ,2023-01-03,0.0,177.6,177.64,177.6,289.0,5132990.0,178.087
000858.SZ,2023-01-03,0.0,177.41,177.61,177.41,523.0,9283770.0,178.084
000858.SZ,2023-01-03,0.0,177.38,177.41,177.38,414.0,7344100.0,178.081
000858.SZ,2023-01-03,0.0,177.41,177.41,177.35,408.0,7237560.0,178.078
000858.SZ,2023-01-03,0.0,177.36,177.41,177.35,375.0,6652130.0,178.076
000858.SZ,2023-01-03,0.0,177.39,177.41,177.35,405.0,7183740.0,178.073
000858.SZ,2023-01-03,0.0,177.2,177.41,177.18,698.0,12377200.0,178.068
000858.SZ,2023-01-03,0.0,177.18,177.3,177.07,411.0,7282500.0,178.064
000858.SZ,2023-01-03,0.0,176.98,177.18,176.98,1382.0,24463500.0,178.051
000858.SZ,2023-01-03,0.0,176.99,177.0,176.97,412.0,7291690.0,178.046
000858.SZ,2023-01-03,0.0,177.02,177.03,177.0,312.0,5522790.0,178.043
000858.SZ,2023-01-03,0.0,177.08,177.09,177.01,534.0,9453520.0,178.038
000858.SZ,2023-01-03,0.0,177.15,177.25,177.08,291.0,5155120.0,178.036
000858.SZ,2023-01-03,0.0,177.22,177.22,177.1,398.0,7051980.0,178.033
000858.SZ,2023-01-03,0.0,177.35,177.4,177.22,406.0,7198050.0,178.03
000858.SZ,2023-01-03,0.0,177.26,177.37,177.26,764.0,13548300.0,178.025
000858.SZ,2023-01-03,0.0,177.51,177.51,177.28,320.0,5675770.0,178.023
000858.SZ,2023-01-03,0.0,177.54,177.59,177.48,343.0,6089100.0,178.022
000858.SZ,2023-01-03,0.0,177.77,177.77,177.45,398.0,7066360.0,178.02
000858.SZ,2023-01-03,0.0,177.91,177.99,177.57,321.0,5709700.0,178.019
000858.SZ,2023-01-03,0.0,177.96,178.0,177.9,435.0,7741580.0,178.019
000858.SZ,2023-01-03,0.0,177.79,177.96,177.56,446.0,7929270.0,178.018
000858.SZ,2023-01-03,0.0,177.43,178.13,177.42,1747.0,31054300.0,178.014
000858.SZ,2023-01-03,0.0,177.71,177.95,177.41,853.0,15152200.0,178.011
000858.SZ,2023-01-03,0.0,177.81,177.94,177.73,429.0,7627440.0,178.011
000858.SZ,2023-01-03,0.0,177.79,177.83,177.78,556.0,9886120.0,178.01
000858.SZ,2023-01-03,0.0,177.81,177.93,177.79,346.0,6152520.0,178.009
000858.SZ,2023-01-03,0.0,177.9,178.0,177.81,411.0,7311470.0,178.009
000858.SZ,2023-01-03,0.0,177.89,177.98,177.81,299.0,5319020.0,178.008
000858.SZ,2023-01-03,0.0,177.9,177.9,177.75,752.0,13371200.0,178.007
000858.SZ,2023-01-03,0.0,177.81,178.1,177.81,587.0,10444500.0,178.007
000858.SZ,2023-01-03,0.0,177.93,178.0,177.88,298.0,5301950.0,178.006
000858.SZ,2023-01-03,0.0,177.98,178.0,177.92,476.0,8471930.0,178.006
000858.SZ,2023-01-03,0.0,178.36,178.36,177.98,925.0,16476800.0,178.007
000858.SZ,2023-01-03,0.0,178.4,178.45,178.31,536.0,9562190.0,178.009
000858.SZ,2023-01-03,0.0,178.48,178.48,178.4,375.0,6690710.0,178.01
000858.SZ,2023-01-03,0.0,178.45,178.48,178.43,308.0,5496030.0,178.011
000858.SZ,2023-01-03,0.0,178.77,178.8,178.5,824.0,14722500.0,178.016
000858.SZ,2023-01-03,0.0,178.77,178.78,178.7,492.0,8795300.0,178.019
000858.SZ,2023-01-03,0.0,178.54,178.78,178.53,754.0,13477800.0,178.024
000858.SZ,2023-01-03,0.0,178.32,178.53,178.2,648.0,11564300.0,178.026
000858.SZ,2023-01-03,0.0,178.22,178.52,178.15,438.0,7809800.0,178.027
000858.SZ,2023-01-03,0.0,178.44,178.5,178.22,420.0,7489500.0,178.028
000858.SZ,2023-01-03,0.0,178.48,178.49,178.19,530.0,9450330.0,178.029
000858.SZ,2023-01-03,0.0,178.31,178.49,178.1,507.0,9027820.0,178.03
000858.SZ,2023-01-03,0.0,178.16,178.37,178.15,366.0,6522330.0,178.03
000858.SZ,2023-01-03,0.0,178.11,178.31,178.01,529.0,9424270.0,178.031
000858.SZ,2023-01-03,0.0,178.09,178.38,178.0,461.0,8210960.0,178.031
000858.SZ,2023-01-03,0.0,177.85,178.09,177.85,1165.0,20736500.0,178.031
000858.SZ,2023-01-03,0.0,177.61,177.88,177.61,558.0,9919180.0,178.03
000858.SZ,2023-01-03,0.0,177.79,177.87,177.51,434.0,7709570.0,178.028
000858.SZ,2023-01-03,0.0,178.08,178.1,177.82,1249.0,22232500.0,178.028
000858.SZ,2023-01-03,0.0,177.92,178.05,177.85,907.0,16133000.0,178.027
000858.SZ,2023-01-03,0.0,177.81,178.0,177.66,492.0,8746120.0,178.026
000858.SZ,2023-01-03,0.0,177.6,177.85,177.55,632.0,11229600.0,178.024
000858.SZ,2023-01-03,0.0,177.62,177.84,177.55,454.0,8066670.0,178.023
000858.SZ,2023-01-03,0.0,177.61,177.8,177.56,605.0,10746000.0,178.021
000858.SZ,2023-01-03,0.0,177.61,177.8,177.54,610.0,10836200.0,178.019
000858.SZ,2023-01-03,0.0,177.48,177.8,177.48,1279.0,22709300.0,178.015
000858.SZ,2023-01-03,0.0,177.16,177.4,177.16,1109.0,19660500.0,178.009
000858.SZ,2023-01-03,0.0,177.52,177.76,177.2,455.0,8074750.0,178.007
000858.SZ,2023-01-03,0.0,177.35,177.52,177.31,871.0,15452800.0,178.003
000858.SZ,2023-01-03,0.0,177.51,177.52,177.35,605.0,10735600.0,178.001
000858.SZ,2023-01-03,0.0,177.5,177.54,177.39,819.0,14536100.0,177.998
000858.SZ,2023-01-03,0.0,177.52,177.52,177.39,487.0,8642110.0,177.996
000858.SZ,2023-01-03,0.0,177.59,177.6,177.46,276.0,4900330.0,177.995
000858.SZ,2023-01-03,0.0,177.63,177.95,177.6,416.0,7394870.0,177.994
000858.SZ,2023-01-03,0.0,177.96,177.97,177.69,405.0,7204050.0,177.994
000858.SZ,2023-01-03,0.0,177.65,177.9,177.64,584.0,10385700.0,177.993
000858.SZ,2023-01-03,0.0,177.67,177.8,177.62,410.0,7285530.0,177.993
000858.SZ,2023-01-03,0.0,177.7,177.81,177.67,261.0,4638160.0,177.992
000858.SZ,2023-01-03,0.0,177.95,177.97,177.69,921.0,16373100.0,177.991
000858.SZ,2023-01-03,0.0,177.8,177.97,177.8,278.0,4945430.0,177.991
000858.SZ,2023-01-03,0.0,177.79,177.94,177.65,514.0,9138430.0,177.99
000858.SZ,2023-01-03,0.0,177.89,177.99,177.8,260.0,4623530.0,177.99
000858.SZ,2023-01-03,0.0,177.84,177.85,177.81,345.0,6136550.0,177.99
000858.SZ,2023-01-03,0.0,177.88,177.99,177.84,421.0,7487660.0,177.989
000858.SZ,2023-01-03,0.0,178.15,178.21,178.0,413.0,7356210.0,177.99
000858.SZ,2023-01-03,0.0,178.1,178.16,178.03,517.0,9209710.0,177.99
000858.SZ,2023-01-03,0.0,177.98,178.1,177.88,326.0,5802750.0,177.99
000858.SZ,2023-01-03,0.0,177.97,178.02,177.91,482.0,8579290.0,177.99
000858.SZ,2023-01-03,0.0,178.01,178.02,177.96,425.0,7567840.0,177.99
000858.SZ,2023-01-03,0.0,178.1,178.21,178.0,1227.0,21858000.0,177.991
000858.SZ,2023-01-03,0.0,178.38,178.38,178.11,569.0,10147000.0,177.993
000858.SZ,2023-01-03,0.0,178.21,178.43,178.16,835.0,14891100.0,177.995
000858.SZ,2023-01-03,0.0,178.42,178.42,178.21,682.0,12163500.0,177.996
000858.SZ,2023-01-03,0.0,178.46,178.5,178.35,898.0,16026800.0,177.999
000858.SZ,2023-01-03,0.0,178.42,178.54,178.4,879.0,15689400.0,178.002
000858.SZ,2023-01-03,0.0,178.28,178.53,178.28,539.0,9617590.0,178.004
000858.SZ,2023-01-03,0.0,178.19,178.35,178.14,359.0,6397850.0,178.004
000858.SZ,2023-01-03,0.0,178.04,178.15,178.03,274.0,4879490.0,178.004
000858.SZ,2023-01-03,0.0,178.35,178.35,178.02,470.0,8372470.0,178.005
000858.SZ,2023-01-03,0.0,178.25,178.39,178.24,221.0,3940100.0,178.005
000858.SZ,2023-01-03,0.0,178.09,178.3,178.09,399.0,7111550.0,178.006
000858.SZ,2023-01-03,0.0,178.02,178.2,178.02,417.0,7424710.0,178.006
000858.SZ,2023-01-03,0.0,177.95,178.02,177.92,709.0,12619000.0,178.006
000858.SZ,2023-01-03,0.0,177.89,177.98,177.89,520.0,9252900.0,178.005
000858.SZ,2023-01-03,0.0,177.86,177.96,177.85,748.0,13305400.0,178.005
000858.SZ,2023-01-03,0.0,177.89,177.9,177.81,568.0,10102100.0,178.004
000858.SZ,2023-01-03,0.0,177.89,178.0,177.83,527.0,9375440.0,178.004
000858.SZ,2023-01-03,0.0,177.86,177.95,177.81,499.0,8875310.0,178.003
000858.SZ,2023-01-03,0.0,177.64,177.85,177.64,717.0,12746800.0,178.002
000858.SZ,2023-01-03,0.0,177.83,177.86,177.66,1065.0,18931800.0,178.001
000858.SZ,2023-01-03,0.0,177.72,177.81,177.72,440.0,7822440.0,178.0
000858.SZ,2023-01-03,0.0,177.74,177.77,177.66,693.0,12315000.0,177.999
000858.SZ,2023-01-03,0.0,177.75,177.79,177.7,562.0,9990680.0,177.998
000858.SZ,2023-01-03,0.0,177.78,177.81,177.77,515.0,9155780.0,177.997
000858.SZ,2023-01-03,0.0,177.8,177.83,177.77,444.0,7894670.0,177.997
000858.SZ,2023-01-03,0.0,177.82,177.84,177.8,420.0,7466410.0,177.996
000858.SZ,2023-01-03,0.0,177.77,177.82,177.71,542.0,9635040.0,177.996
000858.SZ,2023-01-03,0.0,177.8,177.81,177.77,413.0,7349990.0,177.995
000858.SZ,2023-01-03,0.0,177.89,178.0,177.78,776.0,13795900.0,177.995
000858.SZ,2023-01-03,0.0,178.16,178.22,177.9,556.0,9903550.0,177.995
000858.SZ,2023-01-03,0.0,177.94,178.19,177.92,438.0,7798780.0,177.995
000858.SZ,2023-01-03,0.0,177.96,178.04,177.95,416.0,7405150.0,177.995
000858.SZ,2023-01-03,0.0,177.96,177.99,177.93,341.0,6068550.0,177.995
000858.SZ,2023-01-03,0.0,177.98,178.0,177.96,400.0,7119550.0,177.995
000858.SZ,2023-01-03,0.0,178.01,178.03,177.98,550.0,9790330.0,177.995
000858.SZ,2023-01-03,0.0,178.06,178.16,178.0,706.0,12571800.0,177.995
000858.SZ,2023-01-03,0.0,177.99,178.09,177.97,459.0,8167510.0,177.995
000858.SZ,2023-01-03,0.0,177.98,178.0,177.97,611.0,10874700.0,177.995
000858.SZ,2023-01-03,0.0,177.98,178.1,177.97,458.0,8152340.0,177.995
000858.SZ,2023-01-03,0.0,178.01,178.1,177.98,604.0,10752100.0,177.996
000858.SZ,2023-01-03,0.0,177.99,178.1,177.99,632.0,11250600.0,177.996
000858.SZ,2023-01-03,0.0,177.99,178.1,177.99,630.0,11215400.0,177.996
000858.SZ,2023-01-03,0.0,178.0,178.05,177.99,551.0,9807900.0,177.996
000858.SZ,2023-01-03,0.0,178.01,178.1,177.99,624.0,11108100.0,177.996
000858.SZ,2023-01-03,0.0,178.01,178.15,177.98,1120.0,19940600.0,177.996
000858.SZ,2023-01-03,0.0,178.12,178.13,178.02,467.0,8315730.0,177.996
000858.SZ,2023-01-03,0.0,178.05,178.18,178.02,447.0,7961240.0,177.997
000858.SZ,2023-01-03,0.0,178.05,178.16,178.05,793.0,14121800.0,177.997
000858.SZ,2023-01-03,0.0,178.0,178.09,177.99,774.0,13778500.0,177.997
000858.SZ,2023-01-03,0.0,178.1,178.1,178.0,550.0,9793270.0,177.997
000858.SZ,2023-01-03,0.0,178.08,178.1,178.01,507.0,9027800.0,177.997
000858.SZ,2023-01-03,0.0,178.05,178.09,178.01,668.0,11893900.0,177.998
000858.SZ,2023-01-03,0.0,178.06,178.07,178.02,514.0,9151880.0,177.998
000858.SZ,2023-01-03,0.0,178.05,178.08,178.05,659.0,11734100.0,177.998
000858.SZ,2023-01-03,0.0,178.11,178.11,178.03,1202.0,21409500.0,177.998
000858.SZ,2023-01-03,0.0,178.23,178.25,178.12,704.0,12544200.0,177.999
000858.SZ,2023-01-03,0.0,178.23,178.23,178.23,9.0,160408.0,177.999
000858.SZ,2023-01-03,0.0,178.23,178.23,178.23,0.0,0.0,177.999
000858.SZ,2023-01-03,0.0,178.2,178.2,178.2,1957.0,34867700.0,178.001
