code,tdate,open,close,high,low,cjl,cje,cjjj
601328.SH,2022-10-17,0.0,4.61,4.61,4.61,3693.0,1702470.0,4.61
601328.SH,2022-10-17,0.0,4.62,4.62,4.61,30885.0,14243000.0,4.612
601328.SH,2022-10-17,0.0,4.61,4.62,4.61,2504.0,1154990.0,4.612
601328.SH,2022-10-17,0.0,4.62,4.62,4.61,3383.0,1560730.0,4.612
601328.SH,2022-10-17,0.0,4.61,4.62,4.61,3307.0,1525620.0,4.612
601328.SH,2022-10-17,0.0,4.62,4.62,4.61,2232.0,1029840.0,4.612
601328.SH,2022-10-17,0.0,4.61,4.62,4.61,4985.0,2298490.0,4.612
601328.SH,2022-10-17,0.0,4.62,4.62,4.61,2190.0,1010410.0,4.612
601328.SH,2022-10-17,0.0,4.61,4.62,4.61,8183.0,3772550.0,4.612
601328.SH,2022-10-17,0.0,4.62,4.62,4.61,4196.0,1934840.0,4.612
601328.SH,2022-10-17,0.0,4.61,4.61,4.6,15189.0,6998630.0,4.611
601328.SH,2022-10-17,0.0,4.6,4.61,4.6,2426.0,1116420.0,4.611
601328.SH,2022-10-17,0.0,4.6,4.61,4.6,1420.0,653763.0,4.611
601328.SH,2022-10-17,0.0,4.6,4.61,4.6,1670.0,768633.0,4.61
601328.SH,2022-10-17,0.0,4.61,4.61,4.6,1631.0,750939.0,4.61
601328.SH,2022-10-17,0.0,4.6,4.61,4.6,1312.0,603719.0,4.61
601328.SH,2022-10-17,0.0,4.6,4.61,4.6,3756.0,1730580.0,4.61
601328.SH,2022-10-17,0.0,4.61,4.61,4.6,1110.0,510807.0,4.61
601328.SH,2022-10-17,0.0,4.6,4.61,4.6,1390.0,640008.0,4.61
601328.SH,2022-10-17,0.0,4.61,4.61,4.6,2562.0,1180980.0,4.61
601328.SH,2022-10-17,0.0,4.61,4.61,4.6,1624.0,748333.0,4.61
601328.SH,2022-10-17,0.0,4.61,4.61,4.6,9292.0,4274530.0,4.609
601328.SH,2022-10-17,0.0,4.6,4.61,4.6,623.0,287008.0,4.609
601328.SH,2022-10-17,0.0,4.61,4.61,4.6,1514.0,696618.0,4.609
601328.SH,2022-10-17,0.0,4.6,4.61,4.6,377.0,173453.0,4.609
601328.SH,2022-10-17,0.0,4.6,4.61,4.6,1001.0,461139.0,4.609
601328.SH,2022-10-17,0.0,4.6,4.61,4.6,774.0,356765.0,4.609
601328.SH,2022-10-17,0.0,4.6,4.61,4.6,2095.0,964844.0,4.609
601328.SH,2022-10-17,0.0,4.6,4.61,4.6,1854.0,853294.0,4.609
601328.SH,2022-10-17,0.0,4.61,4.61,4.6,1028.0,473562.0,4.609
601328.SH,2022-10-17,0.0,4.6,4.61,4.6,2047.0,942235.0,4.609
601328.SH,2022-10-17,0.0,4.61,4.61,4.6,1184.0,545096.0,4.609
601328.SH,2022-10-17,0.0,4.6,4.61,4.6,1245.0,573309.0,4.609
601328.SH,2022-10-17,0.0,4.61,4.61,4.6,1610.0,741485.0,4.608
601328.SH,2022-10-17,0.0,4.61,4.61,4.6,1152.0,530315.0,4.608
601328.SH,2022-10-17,0.0,4.6,4.61,4.6,1333.0,613616.0,4.608
601328.SH,2022-10-17,0.0,4.61,4.61,4.6,2759.0,1269990.0,4.608
601328.SH,2022-10-17,0.0,4.6,4.61,4.6,2310.0,1064760.0,4.608
601328.SH,2022-10-17,0.0,4.61,4.61,4.6,23216.0,10702200.0,4.609
601328.SH,2022-10-17,0.0,4.61,4.61,4.6,3687.0,1698650.0,4.608
601328.SH,2022-10-17,0.0,4.61,4.61,4.6,2210.0,1018360.0,4.608
601328.SH,2022-10-17,0.0,4.61,4.61,4.6,2134.0,982146.0,4.608
601328.SH,2022-10-17,0.0,4.61,4.61,4.6,3412.0,1572600.0,4.608
601328.SH,2022-10-17,0.0,4.61,4.61,4.6,3521.0,1622600.0,4.608
601328.SH,2022-10-17,0.0,4.6,4.61,4.6,3430.0,1580480.0,4.608
601328.SH,2022-10-17,0.0,4.6,4.61,4.6,6816.0,3140580.0,4.608
601328.SH,2022-10-17,0.0,4.6,4.61,4.6,1509.0,694779.0,4.608
601328.SH,2022-10-17,0.0,4.61,4.61,4.6,1308.0,602645.0,4.608
601328.SH,2022-10-17,0.0,4.61,4.61,4.6,396.0,182284.0,4.608
601328.SH,2022-10-17,0.0,4.61,4.61,4.6,2476.0,1139910.0,4.608
601328.SH,2022-10-17,0.0,4.6,4.6,4.6,2529.0,1163370.0,4.608
601328.SH,2022-10-17,0.0,4.6,4.61,4.6,1918.0,882383.0,4.608
601328.SH,2022-10-17,0.0,4.61,4.61,4.6,370.0,170226.0,4.608
601328.SH,2022-10-17,0.0,4.6,4.61,4.6,624.0,287085.0,4.608
601328.SH,2022-10-17,0.0,4.61,4.61,4.6,1628.0,748912.0,4.608
601328.SH,2022-10-17,0.0,4.61,4.61,4.6,2911.0,1339190.0,4.608
601328.SH,2022-10-17,0.0,4.6,4.61,4.6,1936.0,890675.0,4.608
601328.SH,2022-10-17,0.0,4.6,4.61,4.6,1076.0,495094.0,4.608
601328.SH,2022-10-17,0.0,4.6,4.61,4.6,2269.0,1043840.0,4.608
601328.SH,2022-10-17,0.0,4.6,4.61,4.6,541.0,249027.0,4.608
601328.SH,2022-10-17,0.0,4.6,4.61,4.6,515.0,236945.0,4.608
601328.SH,2022-10-17,0.0,4.6,4.61,4.6,450.0,207139.0,4.608
601328.SH,2022-10-17,0.0,4.61,4.61,4.6,1157.0,532470.0,4.608
601328.SH,2022-10-17,0.0,4.6,4.61,4.6,1713.0,788987.0,4.608
601328.SH,2022-10-17,0.0,4.6,4.61,4.6,1389.0,639580.0,4.608
601328.SH,2022-10-17,0.0,4.6,4.61,4.6,586.0,269574.0,4.608
601328.SH,2022-10-17,0.0,4.6,4.61,4.6,830.0,382220.0,4.608
601328.SH,2022-10-17,0.0,4.61,4.61,4.6,330.0,151962.0,4.608
601328.SH,2022-10-17,0.0,4.61,4.61,4.6,2391.0,1101630.0,4.608
601328.SH,2022-10-17,0.0,4.6,4.61,4.6,2289.0,1054690.0,4.608
601328.SH,2022-10-17,0.0,4.6,4.61,4.6,1697.0,781879.0,4.608
601328.SH,2022-10-17,0.0,4.61,4.61,4.6,599.0,275878.0,4.608
601328.SH,2022-10-17,0.0,4.61,4.61,4.6,376.0,173047.0,4.608
601328.SH,2022-10-17,0.0,4.61,4.61,4.6,905.0,416876.0,4.608
601328.SH,2022-10-17,0.0,4.61,4.61,4.6,988.0,455146.0,4.608
601328.SH,2022-10-17,0.0,4.6,4.61,4.6,455.0,209615.0,4.608
601328.SH,2022-10-17,0.0,4.6,4.61,4.6,1234.0,568625.0,4.608
601328.SH,2022-10-17,0.0,4.6,4.61,4.6,514.0,236720.0,4.608
601328.SH,2022-10-17,0.0,4.6,4.61,4.6,1657.0,763240.0,4.608
601328.SH,2022-10-17,0.0,4.6,4.61,4.6,479.0,220707.0,4.608
601328.SH,2022-10-17,0.0,4.6,4.61,4.6,446.0,205411.0,4.608
601328.SH,2022-10-17,0.0,4.61,4.61,4.6,783.0,360617.0,4.608
601328.SH,2022-10-17,0.0,4.61,4.61,4.6,2532.0,1166510.0,4.608
601328.SH,2022-10-17,0.0,4.6,4.61,4.6,1084.0,498823.0,4.607
601328.SH,2022-10-17,0.0,4.6,4.61,4.6,2191.0,1009300.0,4.607
601328.SH,2022-10-17,0.0,4.6,4.61,4.6,9386.0,4325690.0,4.608
601328.SH,2022-10-17,0.0,4.61,4.61,4.6,907.0,417832.0,4.608
601328.SH,2022-10-17,0.0,4.6,4.61,4.6,806.0,370960.0,4.607
601328.SH,2022-10-17,0.0,4.6,4.61,4.6,1053.0,484688.0,4.607
601328.SH,2022-10-17,0.0,4.61,4.62,4.6,6469.0,2981080.0,4.607
601328.SH,2022-10-17,0.0,4.6,4.61,4.6,461.0,212491.0,4.608
601328.SH,2022-10-17,0.0,4.61,4.61,4.6,574.0,264582.0,4.608
601328.SH,2022-10-17,0.0,4.61,4.61,4.6,1088.0,501172.0,4.608
601328.SH,2022-10-17,0.0,4.6,4.61,4.6,1035.0,476469.0,4.607
601328.SH,2022-10-17,0.0,4.61,4.61,4.6,745.0,342851.0,4.607
601328.SH,2022-10-17,0.0,4.6,4.61,4.6,766.0,352682.0,4.607
601328.SH,2022-10-17,0.0,4.61,4.61,4.6,905.0,416435.0,4.607
601328.SH,2022-10-17,0.0,4.61,4.61,4.6,1537.0,707767.0,4.607
601328.SH,2022-10-17,0.0,4.6,4.61,4.6,504.0,232052.0,4.607
601328.SH,2022-10-17,0.0,4.61,4.61,4.6,477.0,219631.0,4.607
601328.SH,2022-10-17,0.0,4.61,4.61,4.6,502.0,231187.0,4.607
601328.SH,2022-10-17,0.0,4.6,4.61,4.6,2525.0,1163330.0,4.607
601328.SH,2022-10-17,0.0,4.6,4.61,4.6,618.0,284725.0,4.607
601328.SH,2022-10-17,0.0,4.61,4.61,4.6,392.0,180442.0,4.607
601328.SH,2022-10-17,0.0,4.61,4.61,4.6,358.0,164932.0,4.607
601328.SH,2022-10-17,0.0,4.61,4.61,4.6,165.0,75976.0,4.607
601328.SH,2022-10-17,0.0,4.61,4.61,4.6,625.0,287963.0,4.607
601328.SH,2022-10-17,0.0,4.61,4.61,4.6,444.0,204340.0,4.607
601328.SH,2022-10-17,0.0,4.6,4.61,4.6,444.0,204553.0,4.607
601328.SH,2022-10-17,0.0,4.61,4.61,4.6,560.0,257994.0,4.607
601328.SH,2022-10-17,0.0,4.61,4.61,4.6,698.0,321419.0,4.607
601328.SH,2022-10-17,0.0,4.6,4.61,4.6,984.0,452944.0,4.607
601328.SH,2022-10-17,0.0,4.61,4.61,4.6,591.0,272268.0,4.607
601328.SH,2022-10-17,0.0,4.61,4.61,4.6,2268.0,1045090.0,4.607
601328.SH,2022-10-17,0.0,4.61,4.61,4.6,882.0,406130.0,4.607
601328.SH,2022-10-17,0.0,4.61,4.61,4.6,480.0,220842.0,4.607
601328.SH,2022-10-17,0.0,4.6,4.61,4.6,272.0,125136.0,4.607
601328.SH,2022-10-17,0.0,4.61,4.61,4.6,1350.0,621105.0,4.607
601328.SH,2022-10-17,0.0,4.6,4.61,4.6,869.0,400311.0,4.607
601328.SH,2022-10-17,0.0,4.6,4.61,4.6,305.0,140496.0,4.607
601328.SH,2022-10-17,0.0,4.6,4.61,4.6,1637.0,754157.0,4.607
601328.SH,2022-10-17,0.0,4.6,4.61,4.6,3543.0,1631560.0,4.607
601328.SH,2022-10-17,0.0,4.6,4.61,4.6,1859.0,856689.0,4.607
601328.SH,2022-10-17,0.0,4.61,4.61,4.6,15.0,6914.0,4.607
601328.SH,2022-10-17,0.0,4.6,4.61,4.6,182.0,83737.0,4.607
601328.SH,2022-10-17,0.0,4.61,4.61,4.6,308.0,141920.0,4.607
601328.SH,2022-10-17,0.0,4.6,4.61,4.6,425.0,195625.0,4.607
601328.SH,2022-10-17,0.0,4.6,4.61,4.6,1164.0,536404.0,4.607
601328.SH,2022-10-17,0.0,4.61,4.61,4.6,277.0,127593.0,4.607
601328.SH,2022-10-17,0.0,4.61,4.61,4.6,975.0,449374.0,4.607
601328.SH,2022-10-17,0.0,4.6,4.61,4.6,1472.0,677528.0,4.607
601328.SH,2022-10-17,0.0,4.61,4.61,4.6,1242.0,572245.0,4.607
601328.SH,2022-10-17,0.0,4.61,4.61,4.6,1613.0,742716.0,4.607
601328.SH,2022-10-17,0.0,4.61,4.61,4.6,1043.0,480516.0,4.607
601328.SH,2022-10-17,0.0,4.61,4.61,4.6,629.0,289580.0,4.607
601328.SH,2022-10-17,0.0,4.6,4.61,4.6,566.0,260649.0,4.607
601328.SH,2022-10-17,0.0,4.6,4.61,4.6,731.0,336437.0,4.607
601328.SH,2022-10-17,0.0,4.6,4.61,4.6,2747.0,1265850.0,4.607
601328.SH,2022-10-17,0.0,4.6,4.61,4.6,1659.0,763254.0,4.607
601328.SH,2022-10-17,0.0,4.61,4.61,4.6,839.0,386493.0,4.607
601328.SH,2022-10-17,0.0,4.6,4.61,4.6,2383.0,1097400.0,4.607
601328.SH,2022-10-17,0.0,4.6,4.61,4.6,773.0,355683.0,4.607
601328.SH,2022-10-17,0.0,4.61,4.61,4.6,749.0,345116.0,4.607
601328.SH,2022-10-17,0.0,4.6,4.61,4.6,807.0,371964.0,4.607
601328.SH,2022-10-17,0.0,4.61,4.61,4.6,350.0,161176.0,4.607
601328.SH,2022-10-17,0.0,4.61,4.61,4.6,291.0,134081.0,4.607
601328.SH,2022-10-17,0.0,4.61,4.61,4.6,299.0,137695.0,4.607
601328.SH,2022-10-17,0.0,4.61,4.61,4.6,329.0,151439.0,4.607
601328.SH,2022-10-17,0.0,4.6,4.61,4.6,3014.0,1388900.0,4.607
601328.SH,2022-10-17,0.0,4.61,4.61,4.6,904.0,416226.0,4.607
601328.SH,2022-10-17,0.0,4.6,4.61,4.6,979.0,450772.0,4.607
601328.SH,2022-10-17,0.0,4.6,4.61,4.6,462.0,212573.0,4.607
601328.SH,2022-10-17,0.0,4.61,4.61,4.6,982.0,451777.0,4.607
601328.SH,2022-10-17,0.0,4.6,4.61,4.6,6112.0,2811610.0,4.607
601328.SH,2022-10-17,0.0,4.61,4.61,4.6,1344.0,618341.0,4.607
601328.SH,2022-10-17,0.0,4.6,4.61,4.6,8228.0,3791670.0,4.607
601328.SH,2022-10-17,0.0,4.6,4.61,4.6,3867.0,1780160.0,4.607
601328.SH,2022-10-17,0.0,4.61,4.61,4.6,2044.0,941562.0,4.607
601328.SH,2022-10-17,0.0,4.6,4.61,4.6,1959.0,902022.0,4.607
601328.SH,2022-10-17,0.0,4.6,4.61,4.6,4341.0,2000340.0,4.607
601328.SH,2022-10-17,0.0,4.61,4.61,4.6,2042.0,940922.0,4.607
601328.SH,2022-10-17,0.0,4.61,4.61,4.6,1172.0,539448.0,4.607
601328.SH,2022-10-17,0.0,4.61,4.61,4.6,1598.0,735267.0,4.607
601328.SH,2022-10-17,0.0,4.6,4.61,4.6,1797.0,826735.0,4.607
601328.SH,2022-10-17,0.0,4.6,4.61,4.6,1628.0,749478.0,4.607
601328.SH,2022-10-17,0.0,4.6,4.61,4.6,1429.0,657893.0,4.607
601328.SH,2022-10-17,0.0,4.6,4.61,4.6,2318.0,1067670.0,4.607
601328.SH,2022-10-17,0.0,4.6,4.61,4.6,1291.0,594003.0,4.607
601328.SH,2022-10-17,0.0,4.6,4.61,4.6,1720.0,791382.0,4.607
601328.SH,2022-10-17,0.0,4.6,4.61,4.6,1300.0,598181.0,4.607
601328.SH,2022-10-17,0.0,4.6,4.61,4.6,798.0,367199.0,4.607
601328.SH,2022-10-17,0.0,4.61,4.61,4.6,1362.0,626986.0,4.607
601328.SH,2022-10-17,0.0,4.61,4.61,4.6,414.0,190662.0,4.607
601328.SH,2022-10-17,0.0,4.6,4.61,4.6,753.0,346842.0,4.607
601328.SH,2022-10-17,0.0,4.61,4.61,4.6,455.0,209493.0,4.607
601328.SH,2022-10-17,0.0,4.6,4.61,4.6,1577.0,726858.0,4.607
601328.SH,2022-10-17,0.0,4.6,4.61,4.6,2003.0,923162.0,4.607
601328.SH,2022-10-17,0.0,4.61,4.61,4.6,415.0,191168.0,4.607
601328.SH,2022-10-17,0.0,4.6,4.61,4.6,545.0,251020.0,4.607
601328.SH,2022-10-17,0.0,4.61,4.61,4.6,263.0,121104.0,4.607
601328.SH,2022-10-17,0.0,4.6,4.61,4.6,208.0,95784.0,4.607
601328.SH,2022-10-17,0.0,4.6,4.61,4.6,1029.0,473665.0,4.607
601328.SH,2022-10-17,0.0,4.6,4.61,4.6,552.0,254388.0,4.607
601328.SH,2022-10-17,0.0,4.6,4.61,4.6,304.0,139955.0,4.607
601328.SH,2022-10-17,0.0,4.6,4.61,4.6,463.0,213079.0,4.607
601328.SH,2022-10-17,0.0,4.61,4.61,4.6,595.0,274202.0,4.607
601328.SH,2022-10-17,0.0,4.61,4.61,4.6,700.0,322579.0,4.607
601328.SH,2022-10-17,0.0,4.61,4.61,4.6,379.0,174647.0,4.607
601328.SH,2022-10-17,0.0,4.6,4.61,4.6,347.0,159870.0,4.607
601328.SH,2022-10-17,0.0,4.6,4.61,4.6,229.0,105495.0,4.607
601328.SH,2022-10-17,0.0,4.6,4.61,4.6,285.0,131180.0,4.607
601328.SH,2022-10-17,0.0,4.6,4.61,4.6,1204.0,553846.0,4.607
601328.SH,2022-10-17,0.0,4.6,4.61,4.6,126.0,58034.0,4.607
601328.SH,2022-10-17,0.0,4.6,4.61,4.6,213.0,98120.0,4.607
601328.SH,2022-10-17,0.0,4.6,4.61,4.6,802.0,369535.0,4.607
601328.SH,2022-10-17,0.0,4.6,4.61,4.6,467.0,215125.0,4.607
601328.SH,2022-10-17,0.0,4.6,4.61,4.6,185.0,85111.0,4.607
601328.SH,2022-10-17,0.0,4.6,4.61,4.6,806.0,371208.0,4.607
601328.SH,2022-10-17,0.0,4.6,4.61,4.6,423.0,194810.0,4.607
601328.SH,2022-10-17,0.0,4.6,4.61,4.6,330.0,151947.0,4.607
601328.SH,2022-10-17,0.0,4.6,4.61,4.6,592.0,272546.0,4.607
601328.SH,2022-10-17,0.0,4.6,4.61,4.6,505.0,232359.0,4.607
601328.SH,2022-10-17,0.0,4.6,4.61,4.6,336.0,154715.0,4.607
601328.SH,2022-10-17,0.0,4.6,4.61,4.6,650.0,299480.0,4.607
601328.SH,2022-10-17,0.0,4.6,4.61,4.6,441.0,203034.0,4.607
601328.SH,2022-10-17,0.0,4.61,4.61,4.6,502.0,231117.0,4.607
601328.SH,2022-10-17,0.0,4.61,4.61,4.6,274.0,126129.0,4.607
601328.SH,2022-10-17,0.0,4.6,4.61,4.6,560.0,257936.0,4.607
601328.SH,2022-10-17,0.0,4.61,4.61,4.6,1539.0,708312.0,4.607
601328.SH,2022-10-17,0.0,4.61,4.61,4.6,627.0,288593.0,4.607
601328.SH,2022-10-17,0.0,4.6,4.61,4.6,516.0,237641.0,4.607
601328.SH,2022-10-17,0.0,4.6,4.61,4.6,747.0,343837.0,4.607
601328.SH,2022-10-17,0.0,4.61,4.61,4.6,613.0,282353.0,4.607
601328.SH,2022-10-17,0.0,4.6,4.61,4.6,1535.0,706593.0,4.607
601328.SH,2022-10-17,0.0,4.6,4.61,4.6,2467.0,1135260.0,4.607
601328.SH,2022-10-17,0.0,4.6,4.61,4.6,728.0,335126.0,4.607
601328.SH,2022-10-17,0.0,4.6,4.61,4.6,876.0,403275.0,4.607
601328.SH,2022-10-17,0.0,4.6,4.61,4.6,1970.0,906657.0,4.607
601328.SH,2022-10-17,0.0,4.61,4.61,4.6,1683.0,775304.0,4.607
601328.SH,2022-10-17,0.0,4.6,4.61,4.6,923.0,424992.0,4.607
601328.SH,2022-10-17,0.0,4.6,4.61,4.6,1336.0,615055.0,4.607
601328.SH,2022-10-17,0.0,4.6,4.61,4.6,2392.0,1102060.0,4.607
601328.SH,2022-10-17,0.0,4.6,4.61,4.6,7598.0,3497360.0,4.607
601328.SH,2022-10-17,0.0,4.6,4.61,4.6,930.0,428299.0,4.607
601328.SH,2022-10-17,0.0,4.61,4.61,4.6,3415.0,1571660.0,4.606
601328.SH,2022-10-17,0.0,4.6,4.61,4.6,2185.0,1005680.0,4.606
601328.SH,2022-10-17,0.0,4.6,4.61,4.6,1814.0,834731.0,4.606
601328.SH,2022-10-17,0.0,4.6,4.61,4.6,1055.0,485449.0,4.606
601328.SH,2022-10-17,0.0,4.6,4.61,4.6,5195.0,2390100.0,4.606
601328.SH,2022-10-17,0.0,4.6,4.61,4.6,2526.0,1162290.0,4.606
601328.SH,2022-10-17,0.0,4.6,4.61,4.6,1501.0,690661.0,4.606
601328.SH,2022-10-17,0.0,4.6,4.61,4.6,34544.0,15919000.0,4.606
601328.SH,2022-10-17,0.0,4.6,4.61,4.6,5422.0,2497020.0,4.606
601328.SH,2022-10-17,0.0,4.6,4.61,4.6,4886.0,2249900.0,4.606
601328.SH,2022-10-17,0.0,4.61,4.61,4.6,5508.0,2536250.0,4.606
601328.SH,2022-10-17,0.0,4.6,4.61,4.6,2364.0,1088380.0,4.606
601328.SH,2022-10-17,0.0,4.6,4.61,4.6,5192.0,2389120.0,4.606
601328.SH,2022-10-17,0.0,4.6,4.61,4.6,1685.0,775454.0,4.606
601328.SH,2022-10-17,0.0,4.61,4.61,4.61,80.0,36880.0,4.606
601328.SH,2022-10-17,0.0,4.61,4.61,4.61,0.0,0.0,4.606
601328.SH,2022-10-17,0.0,4.6,4.6,4.6,9050.0,4163000.0,4.606
601328.SH,2022-10-18,0.0,4.61,4.61,4.61,3230.0,1489030.0,4.61
601328.SH,2022-10-18,0.0,4.61,4.62,4.61,10202.0,4705480.0,4.612
601328.SH,2022-10-18,0.0,4.61,4.62,4.61,2944.0,1357900.0,4.612
601328.SH,2022-10-18,0.0,4.61,4.62,4.61,4065.0,1875220.0,4.612
601328.SH,2022-10-18,0.0,4.61,4.61,4.6,3132.0,1443940.0,4.612
601328.SH,2022-10-18,0.0,4.61,4.61,4.6,579.0,266885.0,4.612
601328.SH,2022-10-18,0.0,4.6,4.61,4.6,5261.0,2425080.0,4.611
601328.SH,2022-10-18,0.0,4.61,4.61,4.6,1838.0,846709.0,4.611
601328.SH,2022-10-18,0.0,4.61,4.61,4.6,3005.0,1385190.0,4.611
601328.SH,2022-10-18,0.0,4.61,4.61,4.6,1235.0,569083.0,4.611
601328.SH,2022-10-18,0.0,4.61,4.61,4.6,6124.0,2821310.0,4.61
601328.SH,2022-10-18,0.0,4.6,4.61,4.6,816.0,376114.0,4.61
601328.SH,2022-10-18,0.0,4.61,4.61,4.6,4495.0,2071390.0,4.61
601328.SH,2022-10-18,0.0,4.61,4.61,4.6,952.0,438759.0,4.61
601328.SH,2022-10-18,0.0,4.6,4.61,4.6,776.0,357451.0,4.61
601328.SH,2022-10-18,0.0,4.6,4.61,4.6,2009.0,924518.0,4.61
601328.SH,2022-10-18,0.0,4.61,4.61,4.6,753.0,346754.0,4.61
601328.SH,2022-10-18,0.0,4.6,4.61,4.6,690.0,317448.0,4.61
601328.SH,2022-10-18,0.0,4.61,4.61,4.6,626.0,288185.0,4.609
601328.SH,2022-10-18,0.0,4.61,4.61,4.6,588.0,270739.0,4.609
601328.SH,2022-10-18,0.0,4.61,4.61,4.6,1253.0,577026.0,4.609
601328.SH,2022-10-18,0.0,4.61,4.61,4.6,990.0,456287.0,4.609
601328.SH,2022-10-18,0.0,4.61,4.61,4.6,199.0,91725.0,4.609
601328.SH,2022-10-18,0.0,4.6,4.61,4.6,2927.0,1348500.0,4.609
601328.SH,2022-10-18,0.0,4.6,4.61,4.6,442.0,203411.0,4.609
601328.SH,2022-10-18,0.0,4.61,4.61,4.6,167.0,76924.0,4.609
601328.SH,2022-10-18,0.0,4.61,4.61,4.6,355.0,163610.0,4.609
601328.SH,2022-10-18,0.0,4.6,4.61,4.6,776.0,357175.0,4.609
601328.SH,2022-10-18,0.0,4.6,4.61,4.6,837.0,385297.0,4.609
601328.SH,2022-10-18,0.0,4.61,4.61,4.6,1171.0,539260.0,4.609
601328.SH,2022-10-18,0.0,4.61,4.61,4.6,841.0,387066.0,4.609
601328.SH,2022-10-18,0.0,4.61,4.61,4.6,913.0,420117.0,4.609
601328.SH,2022-10-18,0.0,4.6,4.61,4.6,578.0,266123.0,4.609
601328.SH,2022-10-18,0.0,4.61,4.61,4.6,686.0,315691.0,4.609
601328.SH,2022-10-18,0.0,4.61,4.61,4.6,997.0,458940.0,4.609
601328.SH,2022-10-18,0.0,4.6,4.61,4.6,519.0,239151.0,4.609
601328.SH,2022-10-18,0.0,4.6,4.61,4.6,276.0,127067.0,4.608
601328.SH,2022-10-18,0.0,4.61,4.61,4.6,421.0,193877.0,4.608
601328.SH,2022-10-18,0.0,4.61,4.61,4.6,622.0,286162.0,4.608
601328.SH,2022-10-18,0.0,4.61,4.61,4.6,242.0,111534.0,4.608
601328.SH,2022-10-18,0.0,4.6,4.61,4.6,770.0,354886.0,4.608
601328.SH,2022-10-18,0.0,4.6,4.61,4.6,1273.0,586213.0,4.608
601328.SH,2022-10-18,0.0,4.61,4.61,4.6,349.0,160813.0,4.608
601328.SH,2022-10-18,0.0,4.6,4.61,4.6,1034.0,475942.0,4.608
601328.SH,2022-10-18,0.0,4.6,4.61,4.6,166.0,76458.0,4.608
601328.SH,2022-10-18,0.0,4.6,4.61,4.6,872.0,401222.0,4.608
601328.SH,2022-10-18,0.0,4.6,4.61,4.6,1416.0,651394.0,4.608
601328.SH,2022-10-18,0.0,4.6,4.61,4.6,552.0,254000.0,4.608
601328.SH,2022-10-18,0.0,4.61,4.61,4.6,1205.0,554418.0,4.608
601328.SH,2022-10-18,0.0,4.6,4.61,4.6,567.0,261094.0,4.608
601328.SH,2022-10-18,0.0,4.6,4.61,4.6,3589.0,1654260.0,4.608
601328.SH,2022-10-18,0.0,4.6,4.61,4.6,1197.0,550803.0,4.608
601328.SH,2022-10-18,0.0,4.6,4.61,4.6,660.0,303680.0,4.608
601328.SH,2022-10-18,0.0,4.6,4.61,4.6,784.0,360713.0,4.608
601328.SH,2022-10-18,0.0,4.61,4.61,4.6,1426.0,656055.0,4.608
601328.SH,2022-10-18,0.0,4.6,4.61,4.6,1464.0,673649.0,4.607
601328.SH,2022-10-18,0.0,4.6,4.61,4.6,742.0,341489.0,4.607
601328.SH,2022-10-18,0.0,4.61,4.61,4.6,824.0,379743.0,4.607
601328.SH,2022-10-18,0.0,4.6,4.61,4.6,2095.0,964008.0,4.607
601328.SH,2022-10-18,0.0,4.61,4.61,4.6,3290.0,1513990.0,4.607
601328.SH,2022-10-18,0.0,4.6,4.61,4.6,1564.0,720136.0,4.607
601328.SH,2022-10-18,0.0,4.61,4.61,4.6,1103.0,507592.0,4.607
601328.SH,2022-10-18,0.0,4.6,4.61,4.6,1410.0,649550.0,4.607
601328.SH,2022-10-18,0.0,4.6,4.61,4.6,1091.0,501878.0,4.607
601328.SH,2022-10-18,0.0,4.6,4.61,4.6,321.0,147740.0,4.607
601328.SH,2022-10-18,0.0,4.6,4.61,4.6,840.0,386669.0,4.607
601328.SH,2022-10-18,0.0,4.6,4.61,4.6,513.0,236188.0,4.607
601328.SH,2022-10-18,0.0,4.6,4.61,4.6,1076.0,495231.0,4.607
601328.SH,2022-10-18,0.0,4.6,4.61,4.6,1182.0,543840.0,4.607
601328.SH,2022-10-18,0.0,4.6,4.61,4.6,1118.0,514450.0,4.607
601328.SH,2022-10-18,0.0,4.61,4.61,4.6,630.0,290310.0,4.607
601328.SH,2022-10-18,0.0,4.6,4.61,4.6,1748.0,804312.0,4.607
601328.SH,2022-10-18,0.0,4.61,4.61,4.6,529.0,243732.0,4.607
601328.SH,2022-10-18,0.0,4.6,4.6,4.6,527.0,242467.0,4.607
601328.SH,2022-10-18,0.0,4.6,4.61,4.6,1339.0,616150.0,4.607
601328.SH,2022-10-18,0.0,4.6,4.61,4.6,1513.0,696592.0,4.607
601328.SH,2022-10-18,0.0,4.6,4.61,4.6,1002.0,461220.0,4.606
601328.SH,2022-10-18,0.0,4.61,4.61,4.6,329.0,151371.0,4.606
601328.SH,2022-10-18,0.0,4.61,4.61,4.6,755.0,347712.0,4.606
601328.SH,2022-10-18,0.0,4.61,4.61,4.6,1013.0,466134.0,4.606
601328.SH,2022-10-18,0.0,4.6,4.61,4.6,2291.0,1055060.0,4.606
601328.SH,2022-10-18,0.0,4.6,4.61,4.6,444.0,204431.0,4.606
601328.SH,2022-10-18,0.0,4.6,4.61,4.6,367.0,168878.0,4.606
601328.SH,2022-10-18,0.0,4.6,4.61,4.6,299.0,137555.0,4.606
601328.SH,2022-10-18,0.0,4.6,4.61,4.6,1141.0,524901.0,4.606
601328.SH,2022-10-18,0.0,4.6,4.61,4.6,646.0,297478.0,4.606
601328.SH,2022-10-18,0.0,4.61,4.61,4.6,344.0,158266.0,4.606
601328.SH,2022-10-18,0.0,4.6,4.61,4.6,2468.0,1136360.0,4.606
601328.SH,2022-10-18,0.0,4.61,4.61,4.6,927.0,426798.0,4.606
601328.SH,2022-10-18,0.0,4.61,4.61,4.6,1307.0,601394.0,4.606
601328.SH,2022-10-18,0.0,4.61,4.61,4.6,1053.0,484443.0,4.606
601328.SH,2022-10-18,0.0,4.61,4.61,4.6,1229.0,565655.0,4.606
601328.SH,2022-10-18,0.0,4.61,4.61,4.6,819.0,376808.0,4.606
601328.SH,2022-10-18,0.0,4.61,4.61,4.6,1566.0,720412.0,4.606
601328.SH,2022-10-18,0.0,4.6,4.61,4.6,1028.0,473068.0,4.606
601328.SH,2022-10-18,0.0,4.6,4.61,4.6,636.0,292775.0,4.606
601328.SH,2022-10-18,0.0,4.6,4.61,4.6,263.0,120998.0,4.606
601328.SH,2022-10-18,0.0,4.61,4.61,4.6,333.0,153222.0,4.606
601328.SH,2022-10-18,0.0,4.6,4.61,4.6,709.0,326417.0,4.606
601328.SH,2022-10-18,0.0,4.61,4.61,4.6,1198.0,551346.0,4.606
601328.SH,2022-10-18,0.0,4.6,4.61,4.6,869.0,400055.0,4.606
601328.SH,2022-10-18,0.0,4.6,4.61,4.6,491.0,225877.0,4.606
601328.SH,2022-10-18,0.0,4.6,4.61,4.6,759.0,349244.0,4.606
601328.SH,2022-10-18,0.0,4.61,4.61,4.6,355.0,163479.0,4.606
601328.SH,2022-10-18,0.0,4.6,4.61,4.6,1365.0,628379.0,4.606
601328.SH,2022-10-18,0.0,4.6,4.61,4.6,4287.0,1972630.0,4.606
601328.SH,2022-10-18,0.0,4.6,4.61,4.6,606.0,278958.0,4.606
601328.SH,2022-10-18,0.0,4.6,4.61,4.6,704.0,324011.0,4.606
601328.SH,2022-10-18,0.0,4.6,4.61,4.6,11670.0,5368300.0,4.605
601328.SH,2022-10-18,0.0,4.6,4.61,4.6,1038.0,477585.0,4.605
601328.SH,2022-10-18,0.0,4.61,4.61,4.6,422.0,194189.0,4.605
601328.SH,2022-10-18,0.0,4.6,4.61,4.6,1089.0,501016.0,4.605
601328.SH,2022-10-18,0.0,4.6,4.61,4.6,446.0,205243.0,4.605
601328.SH,2022-10-18,0.0,4.6,4.61,4.6,1851.0,852660.0,4.605
601328.SH,2022-10-18,0.0,4.6,4.61,4.6,2230.0,1025910.0,4.605
601328.SH,2022-10-18,0.0,4.61,4.61,4.6,317.0,145998.0,4.605
601328.SH,2022-10-18,0.0,4.61,4.61,4.6,380.0,174945.0,4.605
601328.SH,2022-10-18,0.0,4.6,4.61,4.6,900.0,414218.0,4.605
601328.SH,2022-10-18,0.0,4.61,4.61,4.6,2188.0,1007080.0,4.605
601328.SH,2022-10-18,0.0,4.61,4.61,4.6,102.0,47003.0,4.605
601328.SH,2022-10-18,0.0,4.6,4.61,4.6,514.0,236847.0,4.605
601328.SH,2022-10-18,0.0,4.61,4.61,4.6,18716.0,8624780.0,4.605
601328.SH,2022-10-18,0.0,4.6,4.61,4.6,9742.0,4488150.0,4.605
601328.SH,2022-10-18,0.0,4.61,4.61,4.6,524.0,241172.0,4.605
601328.SH,2022-10-18,0.0,4.61,4.61,4.6,627.0,288653.0,4.605
601328.SH,2022-10-18,0.0,4.61,4.61,4.6,522.0,240595.0,4.605
601328.SH,2022-10-18,0.0,4.61,4.61,4.6,7548.0,3477780.0,4.606
601328.SH,2022-10-18,0.0,4.61,4.61,4.6,13333.0,6144480.0,4.606
601328.SH,2022-10-18,0.0,4.61,4.62,4.61,9137.0,4212260.0,4.606
601328.SH,2022-10-18,0.0,4.62,4.62,4.61,316.0,145974.0,4.606
601328.SH,2022-10-18,0.0,4.61,4.62,4.61,379.0,174869.0,4.606
601328.SH,2022-10-18,0.0,4.61,4.62,4.61,250.0,115279.0,4.606
601328.SH,2022-10-18,0.0,4.62,4.62,4.61,49.0,22609.0,4.606
601328.SH,2022-10-18,0.0,4.61,4.62,4.61,702.0,323704.0,4.606
601328.SH,2022-10-18,0.0,4.62,4.62,4.61,567.0,261558.0,4.606
601328.SH,2022-10-18,0.0,4.62,4.62,4.61,148.0,68275.0,4.606
601328.SH,2022-10-18,0.0,4.61,4.62,4.61,4286.0,1976040.0,4.606
601328.SH,2022-10-18,0.0,4.61,4.62,4.61,397.0,183067.0,4.606
601328.SH,2022-10-18,0.0,4.61,4.62,4.61,188.0,86688.0,4.606
601328.SH,2022-10-18,0.0,4.61,4.62,4.61,139.0,64151.0,4.606
601328.SH,2022-10-18,0.0,4.61,4.61,4.61,7017.0,3234860.0,4.606
601328.SH,2022-10-18,0.0,4.61,4.61,4.6,1325.0,610495.0,4.606
601328.SH,2022-10-18,0.0,4.61,4.61,4.6,1091.0,502023.0,4.606
601328.SH,2022-10-18,0.0,4.6,4.61,4.6,387.0,178240.0,4.606
601328.SH,2022-10-18,0.0,4.61,4.61,4.6,227.0,104493.0,4.606
601328.SH,2022-10-18,0.0,4.61,4.61,4.6,254.0,117008.0,4.606
601328.SH,2022-10-18,0.0,4.6,4.61,4.6,1340.0,616427.0,4.606
601328.SH,2022-10-18,0.0,4.61,4.61,4.6,1102.0,506939.0,4.606
601328.SH,2022-10-18,0.0,4.61,4.61,4.6,266.0,122480.0,4.606
601328.SH,2022-10-18,0.0,4.61,4.61,4.6,829.0,381564.0,4.606
601328.SH,2022-10-18,0.0,4.6,4.6,4.6,2418.0,1112290.0,4.606
601328.SH,2022-10-18,0.0,4.6,4.6,4.6,1523.0,700682.0,4.606
601328.SH,2022-10-18,0.0,4.6,4.61,4.6,1234.0,568650.0,4.606
601328.SH,2022-10-18,0.0,4.61,4.61,4.6,1525.0,702925.0,4.606
601328.SH,2022-10-18,0.0,4.6,4.61,4.6,851.0,392088.0,4.606
601328.SH,2022-10-18,0.0,4.6,4.61,4.6,1277.0,588084.0,4.606
601328.SH,2022-10-18,0.0,4.61,4.61,4.6,449.0,206807.0,4.606
601328.SH,2022-10-18,0.0,4.61,4.61,4.6,599.0,275680.0,4.606
601328.SH,2022-10-18,0.0,4.61,4.61,4.6,655.0,301777.0,4.606
601328.SH,2022-10-18,0.0,4.6,4.61,4.6,350.0,161200.0,4.606
601328.SH,2022-10-18,0.0,4.6,4.61,4.6,178.0,81913.0,4.606
601328.SH,2022-10-18,0.0,4.6,4.61,4.6,634.0,292069.0,4.606
601328.SH,2022-10-18,0.0,4.6,4.61,4.6,446.0,205200.0,4.606
601328.SH,2022-10-18,0.0,4.61,4.61,4.6,252.0,116029.0,4.606
601328.SH,2022-10-18,0.0,4.6,4.61,4.6,2212.0,1017750.0,4.606
601328.SH,2022-10-18,0.0,4.6,4.61,4.6,950.0,437182.0,4.606
601328.SH,2022-10-18,0.0,4.6,4.61,4.6,255.0,117345.0,4.606
601328.SH,2022-10-18,0.0,4.6,4.61,4.6,1577.0,725946.0,4.606
601328.SH,2022-10-18,0.0,4.6,4.61,4.6,543.0,250069.0,4.606
601328.SH,2022-10-18,0.0,4.6,4.61,4.6,643.0,296245.0,4.606
601328.SH,2022-10-18,0.0,4.6,4.61,4.6,453.0,208394.0,4.606
601328.SH,2022-10-18,0.0,4.61,4.61,4.6,335.0,154274.0,4.606
601328.SH,2022-10-18,0.0,4.61,4.61,4.6,407.0,187492.0,4.606
601328.SH,2022-10-18,0.0,4.61,4.61,4.6,244.0,112368.0,4.606
601328.SH,2022-10-18,0.0,4.6,4.61,4.6,359.0,165235.0,4.606
601328.SH,2022-10-18,0.0,4.6,4.61,4.6,533.0,245219.0,4.606
601328.SH,2022-10-18,0.0,4.6,4.61,4.6,69.0,31751.0,4.606
601328.SH,2022-10-18,0.0,4.61,4.61,4.6,10239.0,4718500.0,4.606
601328.SH,2022-10-18,0.0,4.6,4.61,4.6,273.0,125636.0,4.606
601328.SH,2022-10-18,0.0,4.6,4.61,4.6,1745.0,802748.0,4.606
601328.SH,2022-10-18,0.0,4.6,4.61,4.6,1529.0,703585.0,4.606
601328.SH,2022-10-18,0.0,4.6,4.61,4.6,1070.0,492271.0,4.606
601328.SH,2022-10-18,0.0,4.6,4.61,4.6,3362.0,1546560.0,4.606
601328.SH,2022-10-18,0.0,4.61,4.61,4.6,805.0,370389.0,4.606
601328.SH,2022-10-18,0.0,4.6,4.61,4.6,726.0,334279.0,4.606
601328.SH,2022-10-18,0.0,4.6,4.61,4.6,299.0,137601.0,4.606
601328.SH,2022-10-18,0.0,4.61,4.61,4.6,113.0,52021.0,4.606
601328.SH,2022-10-18,0.0,4.6,4.61,4.6,404.0,185924.0,4.606
601328.SH,2022-10-18,0.0,4.6,4.61,4.6,639.0,293970.0,4.606
601328.SH,2022-10-18,0.0,4.6,4.61,4.6,271.0,124678.0,4.606
601328.SH,2022-10-18,0.0,4.6,4.6,4.6,641.0,294876.0,4.606
601328.SH,2022-10-18,0.0,4.61,4.61,4.6,268.0,123378.0,4.606
601328.SH,2022-10-18,0.0,4.6,4.61,4.6,325.0,149697.0,4.606
601328.SH,2022-10-18,0.0,4.6,4.6,4.6,426.0,196025.0,4.606
601328.SH,2022-10-18,0.0,4.6,4.61,4.6,5860.0,2695810.0,4.606
601328.SH,2022-10-18,0.0,4.61,4.61,4.6,994.0,457342.0,4.606
601328.SH,2022-10-18,0.0,4.6,4.61,4.6,566.0,260460.0,4.606
601328.SH,2022-10-18,0.0,4.61,4.61,4.6,930.0,428626.0,4.606
601328.SH,2022-10-18,0.0,4.61,4.61,4.6,2045.0,942372.0,4.606
601328.SH,2022-10-18,0.0,4.61,4.61,4.6,594.0,273357.0,4.606
601328.SH,2022-10-18,0.0,4.6,4.61,4.6,203.0,93391.0,4.606
601328.SH,2022-10-18,0.0,4.6,4.61,4.6,451.0,207630.0,4.606
601328.SH,2022-10-18,0.0,4.6,4.61,4.6,1291.0,594010.0,4.606
601328.SH,2022-10-18,0.0,4.6,4.61,4.6,480.0,220975.0,4.606
601328.SH,2022-10-18,0.0,4.6,4.61,4.6,1885.0,868009.0,4.606
601328.SH,2022-10-18,0.0,4.6,4.61,4.6,416.0,191622.0,4.606
601328.SH,2022-10-18,0.0,4.6,4.61,4.6,1845.0,849080.0,4.606
601328.SH,2022-10-18,0.0,4.6,4.61,4.6,214.0,98527.0,4.606
601328.SH,2022-10-18,0.0,4.6,4.61,4.6,276.0,127082.0,4.606
601328.SH,2022-10-18,0.0,4.6,4.61,4.6,709.0,326197.0,4.606
601328.SH,2022-10-18,0.0,4.6,4.61,4.6,857.0,394832.0,4.606
601328.SH,2022-10-18,0.0,4.6,4.61,4.6,696.0,320306.0,4.606
601328.SH,2022-10-18,0.0,4.6,4.61,4.6,1145.0,527288.0,4.606
601328.SH,2022-10-18,0.0,4.61,4.61,4.6,1159.0,534126.0,4.606
601328.SH,2022-10-18,0.0,4.61,4.61,4.6,1323.0,609658.0,4.606
601328.SH,2022-10-18,0.0,4.6,4.61,4.6,215.0,99073.0,4.606
601328.SH,2022-10-18,0.0,4.61,4.61,4.6,474.0,218341.0,4.606
601328.SH,2022-10-18,0.0,4.6,4.61,4.6,501.0,230680.0,4.606
601328.SH,2022-10-18,0.0,4.6,4.61,4.6,540.0,248508.0,4.606
601328.SH,2022-10-18,0.0,4.61,4.61,4.6,183.0,84278.0,4.606
601328.SH,2022-10-18,0.0,4.6,4.61,4.6,787.0,362296.0,4.606
601328.SH,2022-10-18,0.0,4.61,4.61,4.6,562.0,258792.0,4.606
601328.SH,2022-10-18,0.0,4.6,4.61,4.6,506.0,232995.0,4.606
601328.SH,2022-10-18,0.0,4.6,4.61,4.6,1008.0,464362.0,4.606
601328.SH,2022-10-18,0.0,4.61,4.61,4.6,407.0,187416.0,4.606
601328.SH,2022-10-18,0.0,4.6,4.61,4.6,705.0,324705.0,4.606
601328.SH,2022-10-18,0.0,4.61,4.61,4.6,3335.0,1535340.0,4.606
601328.SH,2022-10-18,0.0,4.6,4.61,4.6,582.0,267965.0,4.606
601328.SH,2022-10-18,0.0,4.61,4.61,4.6,758.0,348886.0,4.606
601328.SH,2022-10-18,0.0,4.6,4.61,4.6,1649.0,759346.0,4.606
601328.SH,2022-10-18,0.0,4.6,4.61,4.6,8170.0,3758580.0,4.605
601328.SH,2022-10-18,0.0,4.61,4.61,4.6,3779.0,1739580.0,4.605
601328.SH,2022-10-18,0.0,4.6,4.61,4.6,29453.0,13549000.0,4.605
601328.SH,2022-10-18,0.0,4.61,4.61,4.6,1596.0,734801.0,4.605
601328.SH,2022-10-18,0.0,4.61,4.61,4.6,1142.0,525576.0,4.605
601328.SH,2022-10-18,0.0,4.61,4.61,4.6,3117.0,1434730.0,4.605
601328.SH,2022-10-18,0.0,4.61,4.61,4.6,3513.0,1616370.0,4.605
601328.SH,2022-10-18,0.0,4.6,4.61,4.6,2540.0,1169140.0,4.605
601328.SH,2022-10-18,0.0,4.6,4.6,4.6,0.0,0.0,4.605
601328.SH,2022-10-18,0.0,4.6,4.6,4.6,0.0,0.0,4.605
601328.SH,2022-10-18,0.0,4.6,4.6,4.6,7832.0,3602570.0,4.605
601328.SH,2022-10-19,0.0,4.6,4.6,4.6,2110.0,970600.0,4.6
601328.SH,2022-10-19,0.0,4.6,4.61,4.6,6606.0,3040160.0,4.602
601328.SH,2022-10-19,0.0,4.6,4.61,4.6,4015.0,1847630.0,4.602
601328.SH,2022-10-19,0.0,4.61,4.61,4.6,2572.0,1183330.0,4.602
601328.SH,2022-10-19,0.0,4.6,4.61,4.6,2390.0,1100670.0,4.602
601328.SH,2022-10-19,0.0,4.6,4.61,4.6,1446.0,665642.0,4.602
601328.SH,2022-10-19,0.0,4.61,4.61,4.6,1172.0,539195.0,4.602
601328.SH,2022-10-19,0.0,4.6,4.61,4.6,4541.0,2092840.0,4.603
601328.SH,2022-10-19,0.0,4.6,4.61,4.6,4521.0,2083630.0,4.604
601328.SH,2022-10-19,0.0,4.61,4.61,4.6,1840.0,846986.0,4.604
601328.SH,2022-10-19,0.0,4.6,4.61,4.6,2339.0,1077860.0,4.605
601328.SH,2022-10-19,0.0,4.6,4.61,4.6,2837.0,1305200.0,4.604
601328.SH,2022-10-19,0.0,4.6,4.61,4.6,1561.0,718605.0,4.604
601328.SH,2022-10-19,0.0,4.6,4.61,4.6,5818.0,2676120.0,4.604
601328.SH,2022-10-19,0.0,4.6,4.61,4.6,2601.0,1196730.0,4.604
601328.SH,2022-10-19,0.0,4.6,4.61,4.6,2650.0,1219610.0,4.603
601328.SH,2022-10-19,0.0,4.6,4.61,4.6,2383.0,1096460.0,4.603
601328.SH,2022-10-19,0.0,4.6,4.61,4.6,512.0,235591.0,4.603
601328.SH,2022-10-19,0.0,4.61,4.61,4.6,394.0,181396.0,4.603
601328.SH,2022-10-19,0.0,4.6,4.61,4.6,3608.0,1660800.0,4.603
601328.SH,2022-10-19,0.0,4.61,4.61,4.6,763.0,351297.0,4.603
601328.SH,2022-10-19,0.0,4.6,4.61,4.6,1389.0,639799.0,4.603
601328.SH,2022-10-19,0.0,4.6,4.61,4.6,793.0,365012.0,4.603
601328.SH,2022-10-19,0.0,4.6,4.61,4.6,1353.0,622456.0,4.603
601328.SH,2022-10-19,0.0,4.6,4.61,4.6,4480.0,2060920.0,4.603
601328.SH,2022-10-19,0.0,4.6,4.61,4.6,640.0,294604.0,4.603
601328.SH,2022-10-19,0.0,4.6,4.61,4.6,2276.0,1047170.0,4.603
601328.SH,2022-10-19,0.0,4.6,4.61,4.6,830.0,382232.0,4.603
601328.SH,2022-10-19,0.0,4.6,4.61,4.6,907.0,417558.0,4.603
601328.SH,2022-10-19,0.0,4.61,4.61,4.6,1145.0,527121.0,4.603
601328.SH,2022-10-19,0.0,4.6,4.61,4.6,918.0,422301.0,4.603
601328.SH,2022-10-19,0.0,4.6,4.61,4.6,868.0,399519.0,4.603
601328.SH,2022-10-19,0.0,4.61,4.61,4.6,1039.0,478538.0,4.603
601328.SH,2022-10-19,0.0,4.6,4.61,4.6,240.0,110422.0,4.603
601328.SH,2022-10-19,0.0,4.61,4.61,4.6,1610.0,740950.0,4.603
601328.SH,2022-10-19,0.0,4.6,4.61,4.6,574.0,264061.0,4.603
601328.SH,2022-10-19,0.0,4.6,4.61,4.6,346.0,159175.0,4.603
601328.SH,2022-10-19,0.0,4.6,4.61,4.6,2057.0,946307.0,4.603
601328.SH,2022-10-19,0.0,4.61,4.61,4.6,3062.0,1409190.0,4.603
601328.SH,2022-10-19,0.0,4.61,4.61,4.6,770.0,354233.0,4.603
601328.SH,2022-10-19,0.0,4.6,4.61,4.6,2030.0,933806.0,4.603
601328.SH,2022-10-19,0.0,4.6,4.61,4.6,703.0,323646.0,4.603
601328.SH,2022-10-19,0.0,4.6,4.61,4.6,236.0,108573.0,4.603
601328.SH,2022-10-19,0.0,4.6,4.61,4.6,1986.0,913596.0,4.603
601328.SH,2022-10-19,0.0,4.6,4.61,4.6,316.0,145366.0,4.603
601328.SH,2022-10-19,0.0,4.6,4.61,4.6,787.0,362132.0,4.603
601328.SH,2022-10-19,0.0,4.6,4.61,4.6,3366.0,1548800.0,4.603
601328.SH,2022-10-19,0.0,4.6,4.61,4.6,452.0,208098.0,4.603
601328.SH,2022-10-19,0.0,4.6,4.61,4.6,697.0,320677.0,4.603
601328.SH,2022-10-19,0.0,4.6,4.61,4.6,731.0,336296.0,4.603
601328.SH,2022-10-19,0.0,4.6,4.61,4.6,906.0,417117.0,4.603
601328.SH,2022-10-19,0.0,4.61,4.61,4.6,686.0,315616.0,4.603
601328.SH,2022-10-19,0.0,4.6,4.61,4.6,876.0,402975.0,4.603
601328.SH,2022-10-19,0.0,4.6,4.61,4.6,1478.0,680354.0,4.603
601328.SH,2022-10-19,0.0,4.61,4.61,4.6,3801.0,1748500.0,4.603
601328.SH,2022-10-19,0.0,4.6,4.61,4.6,1411.0,649213.0,4.603
601328.SH,2022-10-19,0.0,4.6,4.61,4.6,7248.0,3334110.0,4.602
601328.SH,2022-10-19,0.0,4.6,4.61,4.6,1550.0,713074.0,4.602
601328.SH,2022-10-19,0.0,4.6,4.61,4.6,7015.0,3226940.0,4.602
601328.SH,2022-10-19,0.0,4.6,4.6,4.6,5213.0,2397980.0,4.602
601328.SH,2022-10-19,0.0,4.59,4.61,4.59,15116.0,6952980.0,4.602
601328.SH,2022-10-19,0.0,4.59,4.6,4.59,1147.0,527185.0,4.602
601328.SH,2022-10-19,0.0,4.59,4.6,4.59,578.0,265858.0,4.602
601328.SH,2022-10-19,0.0,4.59,4.6,4.59,530.0,243556.0,4.602
601328.SH,2022-10-19,0.0,4.6,4.6,4.59,2567.0,1178950.0,4.602
601328.SH,2022-10-19,0.0,4.59,4.6,4.59,1724.0,791904.0,4.602
601328.SH,2022-10-19,0.0,4.59,4.6,4.59,2338.0,1074490.0,4.601
601328.SH,2022-10-19,0.0,4.59,4.6,4.59,2959.0,1360810.0,4.601
601328.SH,2022-10-19,0.0,4.59,4.6,4.59,249.0,114368.0,4.601
601328.SH,2022-10-19,0.0,4.59,4.6,4.59,5423.0,2494550.0,4.601
601328.SH,2022-10-19,0.0,4.59,4.6,4.59,355.0,163271.0,4.601
601328.SH,2022-10-19,0.0,4.59,4.6,4.59,2519.0,1158430.0,4.601
601328.SH,2022-10-19,0.0,4.59,4.6,4.59,467.0,214451.0,4.601
601328.SH,2022-10-19,0.0,4.59,4.6,4.59,725.0,333432.0,4.601
601328.SH,2022-10-19,0.0,4.6,4.6,4.59,289.0,132903.0,4.601
601328.SH,2022-10-19,0.0,4.59,4.6,4.59,276.0,126929.0,4.601
601328.SH,2022-10-19,0.0,4.6,4.6,4.59,691.0,317810.0,4.601
601328.SH,2022-10-19,0.0,4.59,4.6,4.59,1514.0,695416.0,4.601
601328.SH,2022-10-19,0.0,4.6,4.6,4.59,668.0,306642.0,4.601
601328.SH,2022-10-19,0.0,4.59,4.6,4.59,887.0,407943.0,4.601
601328.SH,2022-10-19,0.0,4.59,4.6,4.59,330.0,151705.0,4.601
601328.SH,2022-10-19,0.0,4.59,4.6,4.59,323.0,148474.0,4.601
601328.SH,2022-10-19,0.0,4.6,4.6,4.59,112.0,51499.0,4.601
601328.SH,2022-10-19,0.0,4.6,4.6,4.59,165.0,75801.0,4.601
601328.SH,2022-10-19,0.0,4.59,4.6,4.59,427.0,196325.0,4.601
601328.SH,2022-10-19,0.0,4.6,4.6,4.59,248.0,113913.0,4.601
601328.SH,2022-10-19,0.0,4.59,4.6,4.59,306.0,140584.0,4.601
601328.SH,2022-10-19,0.0,4.6,4.6,4.59,259.0,119036.0,4.601
601328.SH,2022-10-19,0.0,4.6,4.6,4.59,559.0,256970.0,4.601
601328.SH,2022-10-19,0.0,4.59,4.6,4.59,401.0,184407.0,4.601
601328.SH,2022-10-19,0.0,4.59,4.6,4.59,291.0,133833.0,4.601
601328.SH,2022-10-19,0.0,4.6,4.6,4.59,1176.0,539817.0,4.601
601328.SH,2022-10-19,0.0,4.59,4.6,4.59,526.0,241926.0,4.601
601328.SH,2022-10-19,0.0,4.6,4.6,4.59,429.0,197319.0,4.601
601328.SH,2022-10-19,0.0,4.6,4.6,4.59,6105.0,2807800.0,4.601
601328.SH,2022-10-19,0.0,4.6,4.61,4.59,1706.0,785174.0,4.601
601328.SH,2022-10-19,0.0,4.6,4.61,4.6,595.0,273827.0,4.601
601328.SH,2022-10-19,0.0,4.6,4.61,4.6,508.0,233714.0,4.601
601328.SH,2022-10-19,0.0,4.59,4.61,4.59,3703.0,1703120.0,4.601
601328.SH,2022-10-19,0.0,4.59,4.6,4.59,461.0,211757.0,4.601
601328.SH,2022-10-19,0.0,4.59,4.6,4.59,154.0,70753.0,4.601
601328.SH,2022-10-19,0.0,4.59,4.6,4.59,489.0,224771.0,4.601
601328.SH,2022-10-19,0.0,4.59,4.6,4.59,938.0,431393.0,4.601
601328.SH,2022-10-19,0.0,4.59,4.6,4.59,76.0,34956.0,4.601
601328.SH,2022-10-19,0.0,4.59,4.6,4.59,1663.0,764625.0,4.601
601328.SH,2022-10-19,0.0,4.6,4.6,4.59,1180.0,542744.0,4.601
601328.SH,2022-10-19,0.0,4.6,4.6,4.59,1112.0,511518.0,4.601
601328.SH,2022-10-19,0.0,4.6,4.6,4.59,407.0,187179.0,4.601
601328.SH,2022-10-19,0.0,4.6,4.6,4.59,367.0,168763.0,4.601
601328.SH,2022-10-19,0.0,4.6,4.61,4.59,1116.0,514033.0,4.601
601328.SH,2022-10-19,0.0,4.6,4.61,4.6,431.0,198303.0,4.601
601328.SH,2022-10-19,0.0,4.6,4.61,4.6,416.0,191407.0,4.601
601328.SH,2022-10-19,0.0,4.6,4.61,4.6,681.0,313442.0,4.601
601328.SH,2022-10-19,0.0,4.6,4.61,4.6,316.0,145388.0,4.601
601328.SH,2022-10-19,0.0,4.6,4.61,4.6,1626.0,748738.0,4.601
601328.SH,2022-10-19,0.0,4.6,4.61,4.6,164.0,75482.0,4.601
601328.SH,2022-10-19,0.0,4.61,4.61,4.6,34.0,15653.0,4.601
601328.SH,2022-10-19,0.0,4.6,4.61,4.6,366.0,168577.0,4.601
601328.SH,2022-10-19,0.0,4.6,4.61,4.6,1050.0,483119.0,4.601
601328.SH,2022-10-19,0.0,4.61,4.61,4.6,485.0,223167.0,4.601
601328.SH,2022-10-19,0.0,4.61,4.61,4.6,756.0,347840.0,4.601
601328.SH,2022-10-19,0.0,4.6,4.61,4.6,4968.0,2287840.0,4.601
601328.SH,2022-10-19,0.0,4.6,4.61,4.6,373.0,171582.0,4.601
601328.SH,2022-10-19,0.0,4.6,4.61,4.6,1808.0,832445.0,4.601
601328.SH,2022-10-19,0.0,4.6,4.61,4.6,8394.0,3861510.0,4.601
601328.SH,2022-10-19,0.0,4.6,4.61,4.6,1162.0,534772.0,4.601
601328.SH,2022-10-19,0.0,4.6,4.6,4.59,415.0,190788.0,4.601
601328.SH,2022-10-19,0.0,4.59,4.6,4.59,58.0,26665.0,4.601
601328.SH,2022-10-19,0.0,4.6,4.6,4.59,95.0,43617.0,4.601
601328.SH,2022-10-19,0.0,4.6,4.6,4.6,282.0,129715.0,4.601
601328.SH,2022-10-19,0.0,4.59,4.6,4.59,540.0,248093.0,4.601
601328.SH,2022-10-19,0.0,4.59,4.6,4.59,1531.0,704492.0,4.601
601328.SH,2022-10-19,0.0,4.6,4.6,4.59,1316.0,605278.0,4.601
601328.SH,2022-10-19,0.0,4.6,4.6,4.59,359.0,165012.0,4.601
601328.SH,2022-10-19,0.0,4.59,4.6,4.59,799.0,367264.0,4.601
601328.SH,2022-10-19,0.0,4.59,4.6,4.59,317.0,145592.0,4.601
601328.SH,2022-10-19,0.0,4.6,4.6,4.59,344.0,158179.0,4.601
601328.SH,2022-10-19,0.0,4.6,4.6,4.59,24.0,11038.0,4.601
601328.SH,2022-10-19,0.0,4.6,4.61,4.59,7108.0,3269720.0,4.601
601328.SH,2022-10-19,0.0,4.6,4.6,4.59,783.0,360178.0,4.601
601328.SH,2022-10-19,0.0,4.6,4.6,4.59,815.0,374856.0,4.601
601328.SH,2022-10-19,0.0,4.59,4.6,4.59,24.0,11036.0,4.601
601328.SH,2022-10-19,0.0,4.59,4.6,4.59,214.0,98395.0,4.601
601328.SH,2022-10-19,0.0,4.6,4.6,4.59,261.0,120015.0,4.601
601328.SH,2022-10-19,0.0,4.59,4.6,4.59,1319.0,606504.0,4.601
601328.SH,2022-10-19,0.0,4.59,4.6,4.59,306.0,140643.0,4.601
601328.SH,2022-10-19,0.0,4.59,4.6,4.59,130.0,59719.0,4.601
601328.SH,2022-10-19,0.0,4.6,4.6,4.59,308.0,141589.0,4.601
601328.SH,2022-10-19,0.0,4.59,4.6,4.59,430.0,197647.0,4.601
601328.SH,2022-10-19,0.0,4.59,4.6,4.59,214.0,98358.0,4.601
601328.SH,2022-10-19,0.0,4.59,4.6,4.59,362.0,166211.0,4.601
601328.SH,2022-10-19,0.0,4.59,4.6,4.59,374.0,171845.0,4.601
601328.SH,2022-10-19,0.0,4.6,4.6,4.59,240.0,110244.0,4.601
601328.SH,2022-10-19,0.0,4.59,4.6,4.59,929.0,426543.0,4.601
601328.SH,2022-10-19,0.0,4.59,4.6,4.59,5579.0,2561000.0,4.601
601328.SH,2022-10-19,0.0,4.59,4.6,4.59,395.0,181395.0,4.601
601328.SH,2022-10-19,0.0,4.59,4.6,4.59,818.0,375631.0,4.6
601328.SH,2022-10-19,0.0,4.59,4.6,4.59,1531.0,702890.0,4.6
601328.SH,2022-10-19,0.0,4.59,4.6,4.59,332.0,152432.0,4.6
601328.SH,2022-10-19,0.0,4.59,4.6,4.59,2961.0,1359130.0,4.6
601328.SH,2022-10-19,0.0,4.59,4.6,4.59,2148.0,985944.0,4.6
601328.SH,2022-10-19,0.0,4.59,4.6,4.59,676.0,310361.0,4.6
601328.SH,2022-10-19,0.0,4.59,4.6,4.59,554.0,254583.0,4.6
601328.SH,2022-10-19,0.0,4.59,4.6,4.59,213.0,97805.0,4.6
601328.SH,2022-10-19,0.0,4.59,4.6,4.59,724.0,332631.0,4.6
601328.SH,2022-10-19,0.0,4.59,4.6,4.59,777.0,356894.0,4.6
601328.SH,2022-10-19,0.0,4.59,4.6,4.59,406.0,186445.0,4.6
601328.SH,2022-10-19,0.0,4.6,4.6,4.59,623.0,285973.0,4.6
601328.SH,2022-10-19,0.0,4.6,4.6,4.59,525.0,240979.0,4.6
601328.SH,2022-10-19,0.0,4.59,4.6,4.59,565.0,259409.0,4.6
601328.SH,2022-10-19,0.0,4.59,4.6,4.59,749.0,343815.0,4.6
601328.SH,2022-10-19,0.0,4.59,4.6,4.59,2740.0,1257680.0,4.6
601328.SH,2022-10-19,0.0,4.59,4.6,4.59,1639.0,752745.0,4.6
601328.SH,2022-10-19,0.0,4.59,4.6,4.59,646.0,296626.0,4.6
601328.SH,2022-10-19,0.0,4.59,4.6,4.59,483.0,221711.0,4.6
601328.SH,2022-10-19,0.0,4.59,4.6,4.59,1894.0,869417.0,4.6
601328.SH,2022-10-19,0.0,4.59,4.6,4.59,335.0,153843.0,4.6
601328.SH,2022-10-19,0.0,4.6,4.6,4.59,769.0,353002.0,4.6
601328.SH,2022-10-19,0.0,4.59,4.6,4.59,587.0,269460.0,4.6
601328.SH,2022-10-19,0.0,4.59,4.6,4.59,763.0,350361.0,4.6
601328.SH,2022-10-19,0.0,4.59,4.6,4.59,2352.0,1079610.0,4.6
601328.SH,2022-10-19,0.0,4.59,4.6,4.59,908.0,416908.0,4.6
601328.SH,2022-10-19,0.0,4.6,4.6,4.59,2626.0,1205380.0,4.599
601328.SH,2022-10-19,0.0,4.59,4.6,4.59,1522.0,698615.0,4.599
601328.SH,2022-10-19,0.0,4.59,4.6,4.59,1741.0,799164.0,4.599
601328.SH,2022-10-19,0.0,4.59,4.59,4.59,953.0,437486.0,4.599
601328.SH,2022-10-19,0.0,4.59,4.6,4.59,2326.0,1067650.0,4.599
601328.SH,2022-10-19,0.0,4.59,4.6,4.59,526.0,241496.0,4.599
601328.SH,2022-10-19,0.0,4.59,4.6,4.59,585.0,268688.0,4.599
601328.SH,2022-10-19,0.0,4.59,4.6,4.59,385.0,176761.0,4.599
601328.SH,2022-10-19,0.0,4.59,4.6,4.59,354.0,162515.0,4.599
601328.SH,2022-10-19,0.0,4.59,4.6,4.59,876.0,402105.0,4.599
601328.SH,2022-10-19,0.0,4.59,4.6,4.59,440.0,201999.0,4.599
601328.SH,2022-10-19,0.0,4.59,4.6,4.59,332.0,152390.0,4.599
601328.SH,2022-10-19,0.0,4.59,4.6,4.59,1682.0,772171.0,4.599
601328.SH,2022-10-19,0.0,4.59,4.6,4.59,589.0,270409.0,4.599
601328.SH,2022-10-19,0.0,4.59,4.6,4.59,293.0,134542.0,4.599
601328.SH,2022-10-19,0.0,4.59,4.6,4.59,327.0,150170.0,4.599
601328.SH,2022-10-19,0.0,4.59,4.59,4.59,1239.0,569144.0,4.599
601328.SH,2022-10-19,0.0,4.6,4.6,4.59,1003.0,460449.0,4.599
601328.SH,2022-10-19,0.0,4.59,4.6,4.59,445.0,204375.0,4.599
601328.SH,2022-10-19,0.0,4.59,4.6,4.59,1278.0,586680.0,4.599
601328.SH,2022-10-19,0.0,4.59,4.59,4.59,304.0,139561.0,4.599
601328.SH,2022-10-19,0.0,4.59,4.6,4.59,593.0,272404.0,4.599
601328.SH,2022-10-19,0.0,4.59,4.6,4.59,1081.0,496275.0,4.599
601328.SH,2022-10-19,0.0,4.6,4.6,4.59,404.0,185549.0,4.599
601328.SH,2022-10-19,0.0,4.59,4.6,4.59,1476.0,678320.0,4.599
601328.SH,2022-10-19,0.0,4.59,4.6,4.59,1431.0,657647.0,4.599
601328.SH,2022-10-19,0.0,4.59,4.6,4.59,392.0,180089.0,4.599
601328.SH,2022-10-19,0.0,4.59,4.6,4.59,547.0,251177.0,4.599
601328.SH,2022-10-19,0.0,4.6,4.6,4.59,9773.0,4495380.0,4.599
601328.SH,2022-10-19,0.0,4.59,4.6,4.59,1843.0,846387.0,4.599
601328.SH,2022-10-19,0.0,4.59,4.6,4.59,311.0,142849.0,4.599
601328.SH,2022-10-19,0.0,4.59,4.6,4.59,580.0,266301.0,4.599
601328.SH,2022-10-19,0.0,4.6,4.6,4.59,294.0,135060.0,4.599
601328.SH,2022-10-19,0.0,4.59,4.6,4.59,1619.0,743278.0,4.599
601328.SH,2022-10-19,0.0,4.59,4.6,4.59,495.0,227436.0,4.599
601328.SH,2022-10-19,0.0,4.59,4.6,4.59,425.0,195213.0,4.599
601328.SH,2022-10-19,0.0,4.59,4.6,4.59,641.0,294300.0,4.599
601328.SH,2022-10-19,0.0,4.59,4.6,4.59,862.0,395898.0,4.599
601328.SH,2022-10-19,0.0,4.59,4.6,4.59,726.0,333587.0,4.599
601328.SH,2022-10-19,0.0,4.59,4.6,4.59,567.0,260332.0,4.599
601328.SH,2022-10-19,0.0,4.59,4.6,4.59,744.0,341615.0,4.599
601328.SH,2022-10-19,0.0,4.59,4.6,4.59,1779.0,817197.0,4.599
601328.SH,2022-10-19,0.0,4.6,4.6,4.59,3324.0,1526080.0,4.599
601328.SH,2022-10-19,0.0,4.6,4.6,4.59,5008.0,2303280.0,4.599
601328.SH,2022-10-19,0.0,4.59,4.6,4.59,1018.0,467437.0,4.599
601328.SH,2022-10-19,0.0,4.59,4.6,4.59,4408.0,2025520.0,4.599
601328.SH,2022-10-19,0.0,4.59,4.6,4.59,1859.0,853680.0,4.599
601328.SH,2022-10-19,0.0,4.59,4.6,4.59,1720.0,789815.0,4.598
601328.SH,2022-10-19,0.0,4.59,4.6,4.59,1594.0,732190.0,4.598
601328.SH,2022-10-19,0.0,4.59,4.6,4.59,2654.0,1219010.0,4.598
601328.SH,2022-10-19,0.0,4.59,4.6,4.59,1615.0,741637.0,4.598
601328.SH,2022-10-19,0.0,4.6,4.6,4.59,1310.0,601584.0,4.598
601328.SH,2022-10-19,0.0,4.59,4.6,4.59,2622.0,1204320.0,4.598
601328.SH,2022-10-19,0.0,4.59,4.6,4.59,2323.0,1066850.0,4.598
601328.SH,2022-10-19,0.0,4.6,4.6,4.59,3610.0,1657460.0,4.598
601328.SH,2022-10-19,0.0,4.59,4.6,4.59,4228.0,1941770.0,4.598
601328.SH,2022-10-19,0.0,4.59,4.59,4.59,23.0,10570.0,4.598
601328.SH,2022-10-19,0.0,4.59,4.59,4.59,0.0,0.0,4.598
601328.SH,2022-10-19,0.0,4.59,4.59,4.59,14554.0,6680290.0,4.598
601328.SH,2022-10-20,0.0,4.59,4.59,4.59,2446.0,1122710.0,4.59
601328.SH,2022-10-20,0.0,4.59,4.6,4.59,9622.0,4419530.0,4.593
601328.SH,2022-10-20,0.0,4.6,4.6,4.58,11833.0,5434330.0,4.593
601328.SH,2022-10-20,0.0,4.59,4.6,4.59,4973.0,2286360.0,4.593
601328.SH,2022-10-20,0.0,4.59,4.6,4.59,5587.0,2566270.0,4.593
601328.SH,2022-10-20,0.0,4.59,4.6,4.59,2122.0,975015.0,4.593
601328.SH,2022-10-20,0.0,4.59,4.6,4.59,1669.0,767240.0,4.594
601328.SH,2022-10-20,0.0,4.6,4.6,4.59,1139.0,523674.0,4.594
601328.SH,2022-10-20,0.0,4.59,4.6,4.59,3773.0,1734280.0,4.594
601328.SH,2022-10-20,0.0,4.59,4.6,4.59,1438.0,660534.0,4.594
601328.SH,2022-10-20,0.0,4.59,4.6,4.59,1575.0,723370.0,4.594
601328.SH,2022-10-20,0.0,4.59,4.6,4.59,1483.0,680808.0,4.594
601328.SH,2022-10-20,0.0,4.59,4.6,4.59,1152.0,529070.0,4.594
601328.SH,2022-10-20,0.0,4.59,4.59,4.59,2126.0,975938.0,4.594
601328.SH,2022-10-20,0.0,4.58,4.6,4.58,14406.0,6613060.0,4.593
601328.SH,2022-10-20,0.0,4.59,4.6,4.59,7816.0,3587780.0,4.593
601328.SH,2022-10-20,0.0,4.6,4.6,4.58,5778.0,2653360.0,4.593
601328.SH,2022-10-20,0.0,4.58,4.59,4.58,2438.0,1118930.0,4.593
601328.SH,2022-10-20,0.0,4.59,4.59,4.58,1821.0,835692.0,4.593
601328.SH,2022-10-20,0.0,4.59,4.6,4.59,1294.0,594948.0,4.593
601328.SH,2022-10-20,0.0,4.59,4.6,4.59,1431.0,658094.0,4.593
601328.SH,2022-10-20,0.0,4.59,4.6,4.59,974.0,447458.0,4.593
601328.SH,2022-10-20,0.0,4.6,4.6,4.59,817.0,375433.0,4.593
601328.SH,2022-10-20,0.0,4.58,4.6,4.58,8694.0,3990820.0,4.593
601328.SH,2022-10-20,0.0,4.59,4.59,4.58,456.0,209205.0,4.593
601328.SH,2022-10-20,0.0,4.59,4.59,4.58,929.0,426322.0,4.592
601328.SH,2022-10-20,0.0,4.58,4.59,4.58,2128.0,975367.0,4.592
601328.SH,2022-10-20,0.0,4.58,4.59,4.58,2019.0,925856.0,4.592
601328.SH,2022-10-20,0.0,4.59,4.59,4.58,1684.0,772802.0,4.592
601328.SH,2022-10-20,0.0,4.58,4.59,4.58,3141.0,1441360.0,4.592
601328.SH,2022-10-20,0.0,4.58,4.59,4.58,1373.0,629984.0,4.592
601328.SH,2022-10-20,0.0,4.59,4.59,4.58,1250.0,573402.0,4.592
601328.SH,2022-10-20,0.0,4.58,4.59,4.58,5171.0,2373290.0,4.592
601328.SH,2022-10-20,0.0,4.59,4.59,4.58,1496.0,686104.0,4.592
601328.SH,2022-10-20,0.0,4.59,4.59,4.58,1547.0,709422.0,4.592
601328.SH,2022-10-20,0.0,4.58,4.59,4.58,1981.0,909160.0,4.592
601328.SH,2022-10-20,0.0,4.58,4.59,4.58,1457.0,668678.0,4.592
601328.SH,2022-10-20,0.0,4.59,4.59,4.58,2095.0,961205.0,4.592
601328.SH,2022-10-20,0.0,4.59,4.59,4.58,2533.0,1162250.0,4.591
601328.SH,2022-10-20,0.0,4.58,4.59,4.58,956.0,438198.0,4.591
601328.SH,2022-10-20,0.0,4.59,4.59,4.58,680.0,311795.0,4.591
601328.SH,2022-10-20,0.0,4.59,4.59,4.58,1100.0,504642.0,4.591
601328.SH,2022-10-20,0.0,4.59,4.59,4.58,1764.0,809324.0,4.591
601328.SH,2022-10-20,0.0,4.58,4.59,4.58,530.0,243137.0,4.591
601328.SH,2022-10-20,0.0,4.59,4.59,4.58,1230.0,564344.0,4.591
601328.SH,2022-10-20,0.0,4.58,4.59,4.58,717.0,329055.0,4.591
601328.SH,2022-10-20,0.0,4.58,4.59,4.58,924.0,424216.0,4.591
601328.SH,2022-10-20,0.0,4.59,4.59,4.58,1301.0,596710.0,4.591
601328.SH,2022-10-20,0.0,4.59,4.59,4.58,19649.0,9021330.0,4.591
601328.SH,2022-10-20,0.0,4.59,4.6,4.59,4797.0,2202120.0,4.591
601328.SH,2022-10-20,0.0,4.6,4.6,4.59,1428.0,656565.0,4.591
601328.SH,2022-10-20,0.0,4.59,4.6,4.59,1791.0,822364.0,4.591
601328.SH,2022-10-20,0.0,4.59,4.59,4.59,1338.0,614206.0,4.591
601328.SH,2022-10-20,0.0,4.59,4.6,4.59,986.0,452744.0,4.591
601328.SH,2022-10-20,0.0,4.59,4.6,4.59,807.0,371054.0,4.591
601328.SH,2022-10-20,0.0,4.59,4.6,4.59,1258.0,577515.0,4.591
601328.SH,2022-10-20,0.0,4.59,4.6,4.59,2074.0,952260.0,4.591
601328.SH,2022-10-20,0.0,4.59,4.6,4.59,898.0,412295.0,4.591
601328.SH,2022-10-20,0.0,4.59,4.6,4.59,502.0,230650.0,4.591
601328.SH,2022-10-20,0.0,4.6,4.6,4.59,100.0,45985.0,4.591
601328.SH,2022-10-20,0.0,4.6,4.6,4.59,878.0,403376.0,4.591
601328.SH,2022-10-20,0.0,4.59,4.6,4.59,120.0,55107.0,4.591
601328.SH,2022-10-20,0.0,4.59,4.6,4.59,874.0,401237.0,4.591
601328.SH,2022-10-20,0.0,4.6,4.6,4.59,650.0,298378.0,4.591
601328.SH,2022-10-20,0.0,4.59,4.6,4.59,731.0,335791.0,4.591
601328.SH,2022-10-20,0.0,4.59,4.6,4.59,1386.0,637317.0,4.591
601328.SH,2022-10-20,0.0,4.59,4.6,4.59,72.0,33065.0,4.591
601328.SH,2022-10-20,0.0,4.59,4.59,4.59,637.0,292383.0,4.591
601328.SH,2022-10-20,0.0,4.59,4.6,4.59,108.0,49657.0,4.591
601328.SH,2022-10-20,0.0,4.59,4.6,4.59,524.0,240802.0,4.591
601328.SH,2022-10-20,0.0,4.59,4.6,4.59,524.0,240781.0,4.591
601328.SH,2022-10-20,0.0,4.59,4.6,4.59,517.0,237583.0,4.591
601328.SH,2022-10-20,0.0,4.59,4.6,4.59,624.0,286462.0,4.591
601328.SH,2022-10-20,0.0,4.6,4.6,4.59,224.0,102831.0,4.591
601328.SH,2022-10-20,0.0,4.59,4.6,4.59,324.0,148747.0,4.591
601328.SH,2022-10-20,0.0,4.6,4.6,4.59,1996.0,916246.0,4.591
601328.SH,2022-10-20,0.0,4.59,4.6,4.59,8414.0,3862030.0,4.591
601328.SH,2022-10-20,0.0,4.58,4.59,4.58,1615.0,741284.0,4.591
601328.SH,2022-10-20,0.0,4.58,4.59,4.58,289.0,132581.0,4.591
601328.SH,2022-10-20,0.0,4.59,4.59,4.58,588.0,269315.0,4.591
601328.SH,2022-10-20,0.0,4.59,4.59,4.58,187.0,85812.0,4.591
601328.SH,2022-10-20,0.0,4.59,4.59,4.58,413.0,189479.0,4.591
601328.SH,2022-10-20,0.0,4.59,4.59,4.58,1070.0,490988.0,4.591
601328.SH,2022-10-20,0.0,4.59,4.59,4.58,1419.0,651183.0,4.591
601328.SH,2022-10-20,0.0,4.58,4.59,4.58,741.0,339942.0,4.591
601328.SH,2022-10-20,0.0,4.59,4.59,4.58,873.0,400706.0,4.591
601328.SH,2022-10-20,0.0,4.59,4.59,4.58,767.0,351890.0,4.591
601328.SH,2022-10-20,0.0,4.59,4.59,4.58,1049.0,481454.0,4.591
601328.SH,2022-10-20,0.0,4.59,4.6,4.59,725.0,332836.0,4.591
601328.SH,2022-10-20,0.0,4.59,4.59,4.58,806.0,369398.0,4.591
601328.SH,2022-10-20,0.0,4.59,4.59,4.59,844.0,387396.0,4.591
601328.SH,2022-10-20,0.0,4.58,4.59,4.58,1135.0,520801.0,4.591
601328.SH,2022-10-20,0.0,4.59,4.59,4.58,1622.0,743106.0,4.591
601328.SH,2022-10-20,0.0,4.59,4.59,4.58,160.0,73437.0,4.591
601328.SH,2022-10-20,0.0,4.59,4.59,4.58,412.0,189038.0,4.591
601328.SH,2022-10-20,0.0,4.58,4.59,4.58,228.0,104536.0,4.591
601328.SH,2022-10-20,0.0,4.59,4.59,4.58,230.0,105510.0,4.591
601328.SH,2022-10-20,0.0,4.59,4.59,4.58,1020.0,467777.0,4.591
601328.SH,2022-10-20,0.0,4.59,4.59,4.58,658.0,301952.0,4.591
601328.SH,2022-10-20,0.0,4.58,4.59,4.58,350.0,160465.0,4.591
601328.SH,2022-10-20,0.0,4.59,4.59,4.58,274.0,125701.0,4.591
601328.SH,2022-10-20,0.0,4.58,4.59,4.58,652.0,298711.0,4.591
601328.SH,2022-10-20,0.0,4.58,4.59,4.58,118.0,54078.0,4.591
601328.SH,2022-10-20,0.0,4.59,4.59,4.58,295.0,135315.0,4.591
601328.SH,2022-10-20,0.0,4.58,4.59,4.58,781.0,357811.0,4.591
601328.SH,2022-10-20,0.0,4.58,4.59,4.58,401.0,183826.0,4.591
601328.SH,2022-10-20,0.0,4.59,4.59,4.58,540.0,247545.0,4.591
601328.SH,2022-10-20,0.0,4.58,4.59,4.58,761.0,348607.0,4.591
601328.SH,2022-10-20,0.0,4.58,4.59,4.58,881.0,403592.0,4.591
601328.SH,2022-10-20,0.0,4.58,4.59,4.58,922.0,422866.0,4.591
601328.SH,2022-10-20,0.0,4.58,4.59,4.58,324.0,148547.0,4.591
601328.SH,2022-10-20,0.0,4.59,4.59,4.58,867.0,397616.0,4.591
601328.SH,2022-10-20,0.0,4.59,4.59,4.58,7724.0,3545190.0,4.591
601328.SH,2022-10-20,0.0,4.59,4.59,4.58,588.0,269758.0,4.591
601328.SH,2022-10-20,0.0,4.58,4.59,4.58,1704.0,782091.0,4.591
601328.SH,2022-10-20,0.0,4.59,4.59,4.58,1766.0,810571.0,4.591
601328.SH,2022-10-20,0.0,4.58,4.59,4.58,1009.0,462824.0,4.591
601328.SH,2022-10-20,0.0,4.59,4.59,4.58,1143.0,524515.0,4.591
601328.SH,2022-10-20,0.0,4.59,4.59,4.58,971.0,445623.0,4.591
601328.SH,2022-10-20,0.0,4.59,4.59,4.58,1171.0,536785.0,4.591
601328.SH,2022-10-20,0.0,4.58,4.59,4.58,237.0,108689.0,4.591
601328.SH,2022-10-20,0.0,4.59,4.6,4.59,17425.0,8007360.0,4.591
601328.SH,2022-10-20,0.0,4.59,4.6,4.59,792.0,363561.0,4.591
601328.SH,2022-10-20,0.0,4.59,4.6,4.59,270.0,124121.0,4.591
601328.SH,2022-10-20,0.0,4.59,4.59,4.58,18428.0,8456270.0,4.591
601328.SH,2022-10-20,0.0,4.58,4.59,4.58,1535.0,704310.0,4.591
601328.SH,2022-10-20,0.0,4.59,4.59,4.58,915.0,419679.0,4.591
601328.SH,2022-10-20,0.0,4.59,4.6,4.59,4759.0,2185040.0,4.591
601328.SH,2022-10-20,0.0,4.6,4.6,4.59,1252.0,575718.0,4.591
601328.SH,2022-10-20,0.0,4.6,4.6,4.59,3745.0,1722640.0,4.591
601328.SH,2022-10-20,0.0,4.6,4.6,4.59,2281.0,1047850.0,4.591
601328.SH,2022-10-20,0.0,4.59,4.6,4.59,1492.0,685715.0,4.591
601328.SH,2022-10-20,0.0,4.6,4.6,4.59,2437.0,1120890.0,4.591
601328.SH,2022-10-20,0.0,4.6,4.6,4.59,747.0,343367.0,4.591
601328.SH,2022-10-20,0.0,4.6,4.6,4.59,2855.0,1313050.0,4.591
601328.SH,2022-10-20,0.0,4.59,4.6,4.59,20161.0,9273480.0,4.592
601328.SH,2022-10-20,0.0,4.6,4.6,4.59,1926.0,885312.0,4.592
601328.SH,2022-10-20,0.0,4.6,4.6,4.59,859.0,394760.0,4.592
601328.SH,2022-10-20,0.0,4.6,4.6,4.59,729.0,335177.0,4.592
601328.SH,2022-10-20,0.0,4.6,4.6,4.59,3090.0,1421200.0,4.592
601328.SH,2022-10-20,0.0,4.59,4.6,4.59,1217.0,559150.0,4.592
601328.SH,2022-10-20,0.0,4.6,4.6,4.59,1180.0,542757.0,4.592
601328.SH,2022-10-20,0.0,4.6,4.6,4.59,358.0,164669.0,4.592
601328.SH,2022-10-20,0.0,4.6,4.6,4.59,641.0,294649.0,4.592
601328.SH,2022-10-20,0.0,4.6,4.6,4.59,1179.0,542099.0,4.592
601328.SH,2022-10-20,0.0,4.6,4.6,4.59,1293.0,594611.0,4.592
601328.SH,2022-10-20,0.0,4.6,4.6,4.59,1050.0,482968.0,4.592
601328.SH,2022-10-20,0.0,4.6,4.6,4.59,1235.0,567926.0,4.592
601328.SH,2022-10-20,0.0,4.6,4.6,4.59,3594.0,1652980.0,4.592
601328.SH,2022-10-20,0.0,4.6,4.61,4.59,1783.0,820458.0,4.592
601328.SH,2022-10-20,0.0,4.6,4.6,4.59,938.0,431417.0,4.592
601328.SH,2022-10-20,0.0,4.6,4.6,4.59,620.0,284997.0,4.592
601328.SH,2022-10-20,0.0,4.6,4.6,4.59,1148.0,527383.0,4.592
601328.SH,2022-10-20,0.0,4.6,4.6,4.59,833.0,383034.0,4.592
601328.SH,2022-10-20,0.0,4.6,4.6,4.59,464.0,213291.0,4.592
601328.SH,2022-10-20,0.0,4.6,4.6,4.59,1095.0,503145.0,4.592
601328.SH,2022-10-20,0.0,4.6,4.6,4.59,827.0,380264.0,4.592
601328.SH,2022-10-20,0.0,4.6,4.6,4.59,639.0,293711.0,4.592
601328.SH,2022-10-20,0.0,4.6,4.6,4.59,713.0,327753.0,4.592
601328.SH,2022-10-20,0.0,4.59,4.6,4.59,848.0,389762.0,4.592
601328.SH,2022-10-20,0.0,4.59,4.6,4.59,2062.0,948302.0,4.592
601328.SH,2022-10-20,0.0,4.6,4.6,4.59,830.0,381504.0,4.592
601328.SH,2022-10-20,0.0,4.59,4.6,4.59,521.0,239425.0,4.592
601328.SH,2022-10-20,0.0,4.6,4.6,4.59,244.0,112075.0,4.592
601328.SH,2022-10-20,0.0,4.59,4.6,4.59,657.0,302069.0,4.592
601328.SH,2022-10-20,0.0,4.6,4.6,4.59,717.0,329373.0,4.592
601328.SH,2022-10-20,0.0,4.59,4.6,4.59,761.0,349583.0,4.592
601328.SH,2022-10-20,0.0,4.59,4.6,4.59,601.0,276141.0,4.592
601328.SH,2022-10-20,0.0,4.6,4.6,4.59,1039.0,477815.0,4.592
601328.SH,2022-10-20,0.0,4.6,4.6,4.59,1348.0,619465.0,4.592
601328.SH,2022-10-20,0.0,4.6,4.6,4.59,1744.0,800805.0,4.592
601328.SH,2022-10-20,0.0,4.59,4.6,4.59,1408.0,647066.0,4.592
601328.SH,2022-10-20,0.0,4.59,4.6,4.59,439.0,201568.0,4.592
601328.SH,2022-10-20,0.0,4.59,4.6,4.59,11841.0,5435100.0,4.592
601328.SH,2022-10-20,0.0,4.59,4.6,4.59,5276.0,2421740.0,4.592
601328.SH,2022-10-20,0.0,4.6,4.6,4.59,2054.0,942824.0,4.592
601328.SH,2022-10-20,0.0,4.6,4.6,4.59,597.0,274159.0,4.592
601328.SH,2022-10-20,0.0,4.6,4.6,4.59,261.0,119833.0,4.592
601328.SH,2022-10-20,0.0,4.6,4.6,4.59,678.0,311423.0,4.592
601328.SH,2022-10-20,0.0,4.6,4.6,4.59,542.0,249039.0,4.592
601328.SH,2022-10-20,0.0,4.6,4.6,4.59,574.0,263590.0,4.592
601328.SH,2022-10-20,0.0,4.59,4.6,4.59,1483.0,680854.0,4.592
601328.SH,2022-10-20,0.0,4.59,4.6,4.59,539.0,247541.0,4.592
601328.SH,2022-10-20,0.0,4.6,4.6,4.59,652.0,299578.0,4.592
601328.SH,2022-10-20,0.0,4.6,4.6,4.59,847.0,389029.0,4.592
601328.SH,2022-10-20,0.0,4.6,4.6,4.59,808.0,371074.0,4.592
601328.SH,2022-10-20,0.0,4.59,4.6,4.59,839.0,385321.0,4.592
601328.SH,2022-10-20,0.0,4.59,4.6,4.59,936.0,430046.0,4.592
601328.SH,2022-10-20,0.0,4.6,4.6,4.59,953.0,437635.0,4.592
601328.SH,2022-10-20,0.0,4.6,4.6,4.59,750.0,344637.0,4.592
601328.SH,2022-10-20,0.0,4.59,4.6,4.59,776.0,356531.0,4.592
601328.SH,2022-10-20,0.0,4.6,4.6,4.59,662.0,303940.0,4.592
601328.SH,2022-10-20,0.0,4.59,4.6,4.59,754.0,346169.0,4.592
601328.SH,2022-10-20,0.0,4.6,4.6,4.59,828.0,380364.0,4.592
601328.SH,2022-10-20,0.0,4.59,4.6,4.59,641.0,294361.0,4.592
601328.SH,2022-10-20,0.0,4.6,4.6,4.59,608.0,279181.0,4.592
601328.SH,2022-10-20,0.0,4.59,4.6,4.59,1403.0,644091.0,4.592
601328.SH,2022-10-20,0.0,4.6,4.6,4.59,1729.0,794159.0,4.592
601328.SH,2022-10-20,0.0,4.59,4.6,4.59,1391.0,638663.0,4.592
601328.SH,2022-10-20,0.0,4.59,4.6,4.59,708.0,325062.0,4.592
601328.SH,2022-10-20,0.0,4.59,4.6,4.59,907.0,416411.0,4.592
601328.SH,2022-10-20,0.0,4.59,4.6,4.59,937.0,430333.0,4.592
601328.SH,2022-10-20,0.0,4.59,4.6,4.59,751.0,344868.0,4.592
601328.SH,2022-10-20,0.0,4.6,4.6,4.59,673.0,309004.0,4.592
601328.SH,2022-10-20,0.0,4.6,4.6,4.59,4269.0,1959580.0,4.592
601328.SH,2022-10-20,0.0,4.59,4.6,4.59,917.0,421158.0,4.592
601328.SH,2022-10-20,0.0,4.59,4.6,4.59,728.0,334314.0,4.592
601328.SH,2022-10-20,0.0,4.59,4.6,4.59,708.0,325098.0,4.592
601328.SH,2022-10-20,0.0,4.59,4.6,4.59,1001.0,459824.0,4.592
601328.SH,2022-10-20,0.0,4.59,4.6,4.59,1117.0,512862.0,4.592
601328.SH,2022-10-20,0.0,4.59,4.6,4.59,861.0,395328.0,4.592
601328.SH,2022-10-20,0.0,4.59,4.6,4.59,1032.0,473890.0,4.592
601328.SH,2022-10-20,0.0,4.6,4.6,4.59,1085.0,498209.0,4.592
601328.SH,2022-10-20,0.0,4.6,4.6,4.59,1603.0,736194.0,4.592
601328.SH,2022-10-20,0.0,4.59,4.6,4.59,3864.0,1773860.0,4.592
601328.SH,2022-10-20,0.0,4.6,4.6,4.59,1243.0,570842.0,4.592
601328.SH,2022-10-20,0.0,4.59,4.6,4.59,856.0,393079.0,4.592
601328.SH,2022-10-20,0.0,4.59,4.6,4.59,885.0,406481.0,4.592
601328.SH,2022-10-20,0.0,4.59,4.59,4.59,2260.0,1037520.0,4.592
601328.SH,2022-10-20,0.0,4.6,4.6,4.59,1356.0,622763.0,4.592
601328.SH,2022-10-20,0.0,4.6,4.6,4.59,1848.0,849023.0,4.592
601328.SH,2022-10-20,0.0,4.59,4.6,4.59,1792.0,823591.0,4.592
601328.SH,2022-10-20,0.0,4.59,4.6,4.59,1191.0,547064.0,4.592
601328.SH,2022-10-20,0.0,4.6,4.6,4.59,1292.0,593402.0,4.592
601328.SH,2022-10-20,0.0,4.59,4.6,4.59,1222.0,561471.0,4.592
601328.SH,2022-10-20,0.0,4.59,4.6,4.59,1859.0,854111.0,4.592
601328.SH,2022-10-20,0.0,4.6,4.6,4.59,1911.0,878118.0,4.592
601328.SH,2022-10-20,0.0,4.6,4.6,4.59,622.0,285793.0,4.592
601328.SH,2022-10-20,0.0,4.6,4.6,4.59,1058.0,485961.0,4.592
601328.SH,2022-10-20,0.0,4.6,4.6,4.59,2671.0,1227030.0,4.592
601328.SH,2022-10-20,0.0,4.59,4.6,4.59,2363.0,1085050.0,4.592
601328.SH,2022-10-20,0.0,4.59,4.6,4.59,3589.0,1649300.0,4.592
601328.SH,2022-10-20,0.0,4.59,4.6,4.59,1261.0,579358.0,4.592
601328.SH,2022-10-20,0.0,4.6,4.6,4.59,1546.0,710485.0,4.592
601328.SH,2022-10-20,0.0,4.6,4.6,4.59,2086.0,958170.0,4.592
601328.SH,2022-10-20,0.0,4.59,4.6,4.59,2453.0,1126990.0,4.592
601328.SH,2022-10-20,0.0,4.59,4.6,4.59,2157.0,991329.0,4.592
601328.SH,2022-10-20,0.0,4.59,4.6,4.59,2436.0,1118730.0,4.592
601328.SH,2022-10-20,0.0,4.59,4.59,4.59,17.0,7803.0,4.592
601328.SH,2022-10-20,0.0,4.59,4.59,4.59,0.0,0.0,4.592
601328.SH,2022-10-20,0.0,4.59,4.59,4.59,35052.0,16088900.0,4.592
601328.SH,2022-10-21,0.0,4.59,4.59,4.59,5622.0,2580500.0,4.59
601328.SH,2022-10-21,0.0,4.6,4.6,4.59,9839.0,4523480.0,4.595
601328.SH,2022-10-21,0.0,4.6,4.6,4.6,24540.0,11288200.0,4.598
601328.SH,2022-10-21,0.0,4.6,4.6,4.59,6016.0,2767120.0,4.598
601328.SH,2022-10-21,0.0,4.6,4.6,4.6,6758.0,3108370.0,4.598
601328.SH,2022-10-21,0.0,4.6,4.6,4.59,5485.0,2522520.0,4.598
601328.SH,2022-10-21,0.0,4.6,4.61,4.6,6981.0,3213010.0,4.599
601328.SH,2022-10-21,0.0,4.61,4.61,4.6,1886.0,868497.0,4.599
601328.SH,2022-10-21,0.0,4.61,4.61,4.6,1178.0,542822.0,4.599
601328.SH,2022-10-21,0.0,4.61,4.61,4.6,1348.0,620950.0,4.599
601328.SH,2022-10-21,0.0,4.6,4.61,4.6,8799.0,4048030.0,4.599
601328.SH,2022-10-21,0.0,4.6,4.61,4.6,1024.0,471519.0,4.6
601328.SH,2022-10-21,0.0,4.61,4.61,4.6,1066.0,490880.0,4.6
601328.SH,2022-10-21,0.0,4.61,4.61,4.6,679.0,312826.0,4.6
601328.SH,2022-10-21,0.0,4.61,4.61,4.6,746.0,343621.0,4.6
601328.SH,2022-10-21,0.0,4.6,4.61,4.6,1931.0,888740.0,4.6
601328.SH,2022-10-21,0.0,4.6,4.61,4.6,483.0,222221.0,4.6
601328.SH,2022-10-21,0.0,4.61,4.61,4.6,592.0,272606.0,4.6
601328.SH,2022-10-21,0.0,4.61,4.61,4.6,552.0,253987.0,4.6
601328.SH,2022-10-21,0.0,4.6,4.61,4.6,236.0,108572.0,4.6
601328.SH,2022-10-21,0.0,4.6,4.61,4.6,820.0,377231.0,4.6
601328.SH,2022-10-21,0.0,4.6,4.61,4.6,1444.0,664285.0,4.6
601328.SH,2022-10-21,0.0,4.61,4.61,4.6,2407.0,1107260.0,4.6
601328.SH,2022-10-21,0.0,4.61,4.61,4.6,293.0,134797.0,4.6
601328.SH,2022-10-21,0.0,4.61,4.61,4.6,830.0,382151.0,4.6
601328.SH,2022-10-21,0.0,4.61,4.61,4.6,826.0,380559.0,4.6
601328.SH,2022-10-21,0.0,4.6,4.61,4.6,299.0,137584.0,4.6
601328.SH,2022-10-21,0.0,4.61,4.61,4.6,357.0,164395.0,4.6
601328.SH,2022-10-21,0.0,4.61,4.61,4.6,443.0,203880.0,4.6
601328.SH,2022-10-21,0.0,4.6,4.61,4.6,466.0,214547.0,4.6
601328.SH,2022-10-21,0.0,4.61,4.61,4.6,1086.0,499601.0,4.6
601328.SH,2022-10-21,0.0,4.6,4.61,4.6,419.0,192749.0,4.6
601328.SH,2022-10-21,0.0,4.6,4.61,4.6,524.0,241054.0,4.6
601328.SH,2022-10-21,0.0,4.6,4.61,4.6,395.0,181813.0,4.6
601328.SH,2022-10-21,0.0,4.6,4.61,4.6,910.0,419207.0,4.6
601328.SH,2022-10-21,0.0,4.6,4.61,4.6,1395.0,641752.0,4.6
601328.SH,2022-10-21,0.0,4.61,4.61,4.6,355.0,163344.0,4.6
601328.SH,2022-10-21,0.0,4.6,4.61,4.6,775.0,356916.0,4.6
601328.SH,2022-10-21,0.0,4.6,4.61,4.6,582.0,267753.0,4.6
601328.SH,2022-10-21,0.0,4.6,4.61,4.6,656.0,302104.0,4.6
601328.SH,2022-10-21,0.0,4.6,4.61,4.6,773.0,355760.0,4.6
601328.SH,2022-10-21,0.0,4.6,4.61,4.6,1425.0,655625.0,4.6
601328.SH,2022-10-21,0.0,4.61,4.61,4.6,963.0,443173.0,4.6
601328.SH,2022-10-21,0.0,4.6,4.61,4.6,2175.0,1000760.0,4.6
601328.SH,2022-10-21,0.0,4.61,4.61,4.6,469.0,215911.0,4.6
601328.SH,2022-10-21,0.0,4.6,4.61,4.6,595.0,273833.0,4.6
601328.SH,2022-10-21,0.0,4.61,4.61,4.6,508.0,233986.0,4.6
601328.SH,2022-10-21,0.0,4.61,4.61,4.6,950.0,437287.0,4.6
601328.SH,2022-10-21,0.0,4.61,4.61,4.6,668.0,307369.0,4.6
601328.SH,2022-10-21,0.0,4.61,4.61,4.6,1131.0,520547.0,4.6
601328.SH,2022-10-21,0.0,4.6,4.61,4.6,935.0,430591.0,4.6
601328.SH,2022-10-21,0.0,4.6,4.61,4.6,563.0,259236.0,4.6
601328.SH,2022-10-21,0.0,4.6,4.61,4.6,9963.0,4592600.0,4.601
601328.SH,2022-10-21,0.0,4.6,4.61,4.6,1256.0,577854.0,4.601
601328.SH,2022-10-21,0.0,4.6,4.61,4.6,3736.0,1721460.0,4.601
601328.SH,2022-10-21,0.0,4.6,4.61,4.6,1957.0,901454.0,4.601
601328.SH,2022-10-21,0.0,4.6,4.61,4.6,531.0,244550.0,4.601
601328.SH,2022-10-21,0.0,4.61,4.61,4.6,552.0,254240.0,4.602
601328.SH,2022-10-21,0.0,4.6,4.61,4.6,644.0,296460.0,4.602
601328.SH,2022-10-21,0.0,4.61,4.61,4.6,785.0,361525.0,4.602
601328.SH,2022-10-21,0.0,4.61,4.61,4.6,443.0,203930.0,4.602
601328.SH,2022-10-21,0.0,4.6,4.61,4.6,915.0,421369.0,4.602
601328.SH,2022-10-21,0.0,4.61,4.61,4.6,702.0,323433.0,4.602
601328.SH,2022-10-21,0.0,4.6,4.61,4.6,1306.0,601886.0,4.602
601328.SH,2022-10-21,0.0,4.61,4.61,4.6,608.0,280006.0,4.602
601328.SH,2022-10-21,0.0,4.6,4.61,4.6,594.0,273371.0,4.602
601328.SH,2022-10-21,0.0,4.6,4.61,4.6,412.0,189742.0,4.602
601328.SH,2022-10-21,0.0,4.61,4.61,4.6,547.0,251856.0,4.602
601328.SH,2022-10-21,0.0,4.6,4.61,4.6,1384.0,637599.0,4.602
601328.SH,2022-10-21,0.0,4.6,4.61,4.6,407.0,187422.0,4.602
601328.SH,2022-10-21,0.0,4.6,4.61,4.6,1915.0,881214.0,4.602
601328.SH,2022-10-21,0.0,4.6,4.61,4.6,929.0,427632.0,4.602
601328.SH,2022-10-21,0.0,4.6,4.61,4.6,475.0,218664.0,4.602
601328.SH,2022-10-21,0.0,4.6,4.61,4.6,1086.0,500447.0,4.602
601328.SH,2022-10-21,0.0,4.6,4.61,4.6,402.0,185040.0,4.602
601328.SH,2022-10-21,0.0,4.61,4.61,4.6,1194.0,549981.0,4.602
601328.SH,2022-10-21,0.0,4.6,4.61,4.6,659.0,303561.0,4.602
601328.SH,2022-10-21,0.0,4.6,4.61,4.6,746.0,343454.0,4.602
601328.SH,2022-10-21,0.0,4.61,4.61,4.6,556.0,256024.0,4.602
601328.SH,2022-10-21,0.0,4.6,4.61,4.6,460.0,211679.0,4.602
601328.SH,2022-10-21,0.0,4.6,4.61,4.6,475.0,218784.0,4.602
601328.SH,2022-10-21,0.0,4.6,4.61,4.6,425.0,195753.0,4.602
601328.SH,2022-10-21,0.0,4.61,4.61,4.6,461.0,212264.0,4.602
601328.SH,2022-10-21,0.0,4.6,4.61,4.6,530.0,243994.0,4.602
601328.SH,2022-10-21,0.0,4.6,4.61,4.6,590.0,271643.0,4.602
601328.SH,2022-10-21,0.0,4.61,4.61,4.6,361.0,166203.0,4.602
601328.SH,2022-10-21,0.0,4.6,4.61,4.6,4852.0,2232030.0,4.602
601328.SH,2022-10-21,0.0,4.6,4.61,4.6,815.0,374964.0,4.602
601328.SH,2022-10-21,0.0,4.61,4.61,4.6,1501.0,690755.0,4.602
601328.SH,2022-10-21,0.0,4.6,4.61,4.6,900.0,414235.0,4.602
601328.SH,2022-10-21,0.0,4.6,4.61,4.6,1256.0,578064.0,4.602
601328.SH,2022-10-21,0.0,4.6,4.6,4.6,1905.0,876386.0,4.602
601328.SH,2022-10-21,0.0,4.6,4.61,4.6,1827.0,840517.0,4.602
601328.SH,2022-10-21,0.0,4.6,4.61,4.6,1058.0,486787.0,4.602
601328.SH,2022-10-21,0.0,4.59,4.61,4.59,15057.0,6925960.0,4.602
601328.SH,2022-10-21,0.0,4.59,4.6,4.59,556.0,255453.0,4.602
601328.SH,2022-10-21,0.0,4.59,4.6,4.59,386.0,177324.0,4.602
601328.SH,2022-10-21,0.0,4.59,4.6,4.59,393.0,180619.0,4.602
601328.SH,2022-10-21,0.0,4.59,4.6,4.59,337.0,154874.0,4.602
601328.SH,2022-10-21,0.0,4.59,4.6,4.59,701.0,321952.0,4.602
601328.SH,2022-10-21,0.0,4.59,4.6,4.59,760.0,349297.0,4.602
601328.SH,2022-10-21,0.0,4.6,4.6,4.59,1096.0,503749.0,4.602
601328.SH,2022-10-21,0.0,4.59,4.6,4.59,836.0,384116.0,4.602
601328.SH,2022-10-21,0.0,4.59,4.6,4.59,532.0,244364.0,4.602
601328.SH,2022-10-21,0.0,4.59,4.6,4.59,506.0,232557.0,4.601
601328.SH,2022-10-21,0.0,4.6,4.6,4.59,959.0,440803.0,4.601
601328.SH,2022-10-21,0.0,4.6,4.6,4.59,1312.0,603171.0,4.601
601328.SH,2022-10-21,0.0,4.6,4.6,4.59,1395.0,641395.0,4.601
601328.SH,2022-10-21,0.0,4.59,4.6,4.59,500.0,229712.0,4.601
601328.SH,2022-10-21,0.0,4.6,4.6,4.59,548.0,251776.0,4.601
601328.SH,2022-10-21,0.0,4.59,4.6,4.59,1786.0,821214.0,4.601
601328.SH,2022-10-21,0.0,4.59,4.6,4.59,784.0,360201.0,4.601
601328.SH,2022-10-21,0.0,4.6,4.6,4.59,669.0,307228.0,4.601
601328.SH,2022-10-21,0.0,4.59,4.6,4.59,24559.0,11296900.0,4.601
601328.SH,2022-10-21,0.0,4.59,4.6,4.59,513.0,235838.0,4.601
601328.SH,2022-10-21,0.0,4.6,4.6,4.59,488.0,224153.0,4.601
601328.SH,2022-10-21,0.0,4.6,4.6,4.59,528.0,242603.0,4.601
601328.SH,2022-10-21,0.0,4.59,4.6,4.59,509.0,233828.0,4.601
601328.SH,2022-10-21,0.0,4.59,4.6,4.59,493.0,226396.0,4.601
601328.SH,2022-10-21,0.0,4.6,4.6,4.59,1049.0,481507.0,4.601
601328.SH,2022-10-21,0.0,4.6,4.6,4.59,817.0,375265.0,4.601
601328.SH,2022-10-21,0.0,4.6,4.6,4.59,2318.0,1065810.0,4.601
601328.SH,2022-10-21,0.0,4.59,4.6,4.59,352.0,161726.0,4.601
601328.SH,2022-10-21,0.0,4.59,4.6,4.59,1097.0,504089.0,4.601
601328.SH,2022-10-21,0.0,4.59,4.6,4.59,594.0,272764.0,4.601
601328.SH,2022-10-21,0.0,4.6,4.6,4.59,1141.0,523918.0,4.601
601328.SH,2022-10-21,0.0,4.6,4.6,4.59,346.0,158900.0,4.601
601328.SH,2022-10-21,0.0,4.59,4.6,4.59,246.0,112974.0,4.601
601328.SH,2022-10-21,0.0,4.6,4.6,4.59,477.0,219077.0,4.601
601328.SH,2022-10-21,0.0,4.6,4.6,4.59,328.0,150662.0,4.601
601328.SH,2022-10-21,0.0,4.6,4.6,4.59,270.0,124045.0,4.601
601328.SH,2022-10-21,0.0,4.59,4.6,4.59,502.0,230582.0,4.601
601328.SH,2022-10-21,0.0,4.6,4.6,4.59,342.0,157032.0,4.601
601328.SH,2022-10-21,0.0,4.6,4.6,4.59,1024.0,470222.0,4.601
601328.SH,2022-10-21,0.0,4.59,4.6,4.59,574.0,263791.0,4.601
601328.SH,2022-10-21,0.0,4.6,4.6,4.59,1384.0,635363.0,4.601
601328.SH,2022-10-21,0.0,4.59,4.6,4.59,291.0,133579.0,4.601
601328.SH,2022-10-21,0.0,4.59,4.6,4.59,686.0,314924.0,4.601
601328.SH,2022-10-21,0.0,4.59,4.6,4.59,757.0,347620.0,4.601
601328.SH,2022-10-21,0.0,4.6,4.6,4.59,680.0,312161.0,4.601
601328.SH,2022-10-21,0.0,4.59,4.6,4.59,1301.0,597415.0,4.601
601328.SH,2022-10-21,0.0,4.59,4.6,4.59,1345.0,617924.0,4.6
601328.SH,2022-10-21,0.0,4.59,4.6,4.59,322.0,147831.0,4.6
601328.SH,2022-10-21,0.0,4.59,4.6,4.59,422.0,193725.0,4.6
601328.SH,2022-10-21,0.0,4.59,4.6,4.59,492.0,225978.0,4.6
601328.SH,2022-10-21,0.0,4.59,4.6,4.59,1933.0,887692.0,4.6
601328.SH,2022-10-21,0.0,4.6,4.6,4.59,597.0,274169.0,4.6
601328.SH,2022-10-21,0.0,4.59,4.6,4.59,636.0,291956.0,4.6
601328.SH,2022-10-21,0.0,4.59,4.6,4.59,806.0,370238.0,4.6
601328.SH,2022-10-21,0.0,4.59,4.6,4.59,937.0,430433.0,4.6
601328.SH,2022-10-21,0.0,4.6,4.6,4.59,734.0,337015.0,4.6
601328.SH,2022-10-21,0.0,4.59,4.6,4.59,1343.0,617024.0,4.6
601328.SH,2022-10-21,0.0,4.59,4.6,4.59,1931.0,887509.0,4.6
601328.SH,2022-10-21,0.0,4.59,4.6,4.59,1582.0,726249.0,4.6
601328.SH,2022-10-21,0.0,4.59,4.6,4.59,6332.0,2908880.0,4.6
601328.SH,2022-10-21,0.0,4.6,4.6,4.59,456.0,209529.0,4.6
601328.SH,2022-10-21,0.0,4.59,4.6,4.59,504.0,231510.0,4.6
601328.SH,2022-10-21,0.0,4.6,4.6,4.59,992.0,455951.0,4.6
601328.SH,2022-10-21,0.0,4.59,4.6,4.59,614.0,281922.0,4.6
601328.SH,2022-10-21,0.0,4.59,4.6,4.59,1116.0,513167.0,4.6
601328.SH,2022-10-21,0.0,4.59,4.6,4.59,437.0,200773.0,4.6
601328.SH,2022-10-21,0.0,4.59,4.6,4.59,814.0,374033.0,4.6
601328.SH,2022-10-21,0.0,4.59,4.6,4.59,344.0,157979.0,4.6
601328.SH,2022-10-21,0.0,4.59,4.6,4.59,10089.0,4635690.0,4.6
601328.SH,2022-10-21,0.0,4.59,4.6,4.59,1040.0,477439.0,4.6
601328.SH,2022-10-21,0.0,4.59,4.6,4.59,2123.0,974725.0,4.6
601328.SH,2022-10-21,0.0,4.59,4.6,4.59,10630.0,4879310.0,4.599
601328.SH,2022-10-21,0.0,4.59,4.6,4.59,735.0,337633.0,4.599
601328.SH,2022-10-21,0.0,4.59,4.6,4.59,3012.0,1384740.0,4.599
601328.SH,2022-10-21,0.0,4.59,4.6,4.59,380.0,174590.0,4.599
601328.SH,2022-10-21,0.0,4.59,4.6,4.59,1663.0,763497.0,4.599
601328.SH,2022-10-21,0.0,4.59,4.6,4.59,679.0,311850.0,4.599
601328.SH,2022-10-21,0.0,4.59,4.6,4.59,300.0,137761.0,4.599
601328.SH,2022-10-21,0.0,4.59,4.6,4.59,672.0,308586.0,4.599
601328.SH,2022-10-21,0.0,4.59,4.6,4.59,2163.0,992970.0,4.599
601328.SH,2022-10-21,0.0,4.59,4.6,4.59,547.0,251253.0,4.599
601328.SH,2022-10-21,0.0,4.59,4.6,4.59,639.0,293374.0,4.599
601328.SH,2022-10-21,0.0,4.59,4.6,4.59,698.0,320592.0,4.599
601328.SH,2022-10-21,0.0,4.59,4.6,4.59,1630.0,748422.0,4.599
601328.SH,2022-10-21,0.0,4.6,4.6,4.59,2769.0,1271470.0,4.599
601328.SH,2022-10-21,0.0,4.59,4.6,4.59,1067.0,489944.0,4.599
601328.SH,2022-10-21,0.0,4.59,4.6,4.59,869.0,398900.0,4.599
601328.SH,2022-10-21,0.0,4.59,4.6,4.59,1413.0,648722.0,4.599
601328.SH,2022-10-21,0.0,4.59,4.6,4.59,2646.0,1215090.0,4.599
601328.SH,2022-10-21,0.0,4.59,4.6,4.59,3026.0,1389450.0,4.599
601328.SH,2022-10-21,0.0,4.59,4.6,4.59,1698.0,779583.0,4.599
601328.SH,2022-10-21,0.0,4.6,4.6,4.59,12518.0,5746190.0,4.598
601328.SH,2022-10-21,0.0,4.59,4.6,4.59,1078.0,495149.0,4.598
601328.SH,2022-10-21,0.0,4.59,4.6,4.59,1535.0,705110.0,4.598
601328.SH,2022-10-21,0.0,4.6,4.6,4.59,1622.0,744949.0,4.598
601328.SH,2022-10-21,0.0,4.6,4.6,4.59,2139.0,982114.0,4.598
601328.SH,2022-10-21,0.0,4.59,4.6,4.59,2837.0,1303120.0,4.598
601328.SH,2022-10-21,0.0,4.59,4.6,4.59,5117.0,2348960.0,4.598
601328.SH,2022-10-21,0.0,4.59,4.59,4.59,2546.0,1168970.0,4.598
601328.SH,2022-10-21,0.0,4.59,4.6,4.59,3619.0,1661800.0,4.598
601328.SH,2022-10-21,0.0,4.59,4.59,4.58,27817.0,12767600.0,4.597
601328.SH,2022-10-21,0.0,4.59,4.6,4.59,1455.0,667904.0,4.597
601328.SH,2022-10-21,0.0,4.59,4.6,4.59,2110.0,968714.0,4.597
601328.SH,2022-10-21,0.0,4.6,4.6,4.59,2727.0,1252560.0,4.597
601328.SH,2022-10-21,0.0,4.59,4.6,4.59,2483.0,1139760.0,4.597
601328.SH,2022-10-21,0.0,4.59,4.59,4.59,1480.0,679320.0,4.597
601328.SH,2022-10-21,0.0,4.59,4.6,4.59,956.0,438947.0,4.597
601328.SH,2022-10-21,0.0,4.59,4.6,4.59,2961.0,1359240.0,4.597
601328.SH,2022-10-21,0.0,4.59,4.6,4.59,1284.0,589267.0,4.597
601328.SH,2022-10-21,0.0,4.59,4.59,4.59,643.0,295140.0,4.597
601328.SH,2022-10-21,0.0,4.59,4.6,4.59,1848.0,848102.0,4.597
601328.SH,2022-10-21,0.0,4.59,4.6,4.59,982.0,450780.0,4.597
601328.SH,2022-10-21,0.0,4.59,4.6,4.59,1591.0,730342.0,4.597
601328.SH,2022-10-21,0.0,4.59,4.59,4.59,1496.0,686664.0,4.597
601328.SH,2022-10-21,0.0,4.6,4.6,4.59,625.0,286935.0,4.597
601328.SH,2022-10-21,0.0,4.59,4.6,4.59,1010.0,463540.0,4.597
601328.SH,2022-10-21,0.0,4.59,4.59,4.59,1337.0,613811.0,4.597
601328.SH,2022-10-21,0.0,4.59,4.6,4.59,1810.0,831157.0,4.597
601328.SH,2022-10-21,0.0,4.59,4.6,4.59,1682.0,772115.0,4.597
601328.SH,2022-10-21,0.0,4.59,4.6,4.59,720.0,330501.0,4.597
601328.SH,2022-10-21,0.0,4.59,4.59,4.59,1140.0,523376.0,4.597
601328.SH,2022-10-21,0.0,4.59,4.6,4.59,3276.0,1503720.0,4.597
601328.SH,2022-10-21,0.0,4.6,4.6,4.59,1100.0,505020.0,4.597
601328.SH,2022-10-21,0.0,4.59,4.6,4.59,986.0,452794.0,4.597
601328.SH,2022-10-21,0.0,4.6,4.6,4.59,466.0,214106.0,4.597
601328.SH,2022-10-21,0.0,4.59,4.6,4.59,773.0,355080.0,4.597
601328.SH,2022-10-21,0.0,4.59,4.6,4.59,9033.0,4154620.0,4.597
601328.SH,2022-10-21,0.0,4.59,4.6,4.59,1500.0,688647.0,4.597
601328.SH,2022-10-21,0.0,4.6,4.6,4.59,992.0,455530.0,4.597
601328.SH,2022-10-21,0.0,4.6,4.6,4.59,1502.0,689524.0,4.597
601328.SH,2022-10-21,0.0,4.59,4.6,4.59,600.0,275496.0,4.597
601328.SH,2022-10-21,0.0,4.6,4.6,4.59,2061.0,947764.0,4.597
601328.SH,2022-10-21,0.0,4.6,4.6,4.59,1244.0,571092.0,4.597
601328.SH,2022-10-21,0.0,4.59,4.6,4.59,420.0,192828.0,4.597
601328.SH,2022-10-21,0.0,4.6,4.6,4.59,2588.0,1188350.0,4.597
601328.SH,2022-10-21,0.0,4.59,4.6,4.59,2965.0,1361510.0,4.597
601328.SH,2022-10-21,0.0,4.6,4.6,4.59,5353.0,2458850.0,4.597
601328.SH,2022-10-21,0.0,4.59,4.6,4.59,2775.0,1275240.0,4.597
601328.SH,2022-10-21,0.0,4.59,4.6,4.59,4074.0,1870850.0,4.597
601328.SH,2022-10-21,0.0,4.59,4.6,4.59,6006.0,2757900.0,4.597
601328.SH,2022-10-21,0.0,4.59,4.6,4.59,3406.0,1564370.0,4.597
601328.SH,2022-10-21,0.0,4.59,4.6,4.59,4788.0,2198380.0,4.596
601328.SH,2022-10-21,0.0,4.59,4.6,4.59,3458.0,1587350.0,4.596
601328.SH,2022-10-21,0.0,4.59,4.59,4.59,0.0,0.0,4.596
601328.SH,2022-10-21,0.0,4.59,4.59,4.59,0.0,0.0,4.596
601328.SH,2022-10-21,0.0,4.59,4.59,4.59,13365.0,6134590.0,4.596
601328.SH,2022-10-24,0.0,4.59,4.59,4.59,5411.0,2483770.0,4.59
601328.SH,2022-10-24,0.0,4.59,4.6,4.58,32130.0,14735300.0,4.587
601328.SH,2022-10-24,0.0,4.59,4.59,4.58,7513.0,3447140.0,4.587
601328.SH,2022-10-24,0.0,4.59,4.59,4.58,7711.0,3537820.0,4.587
601328.SH,2022-10-24,0.0,4.58,4.59,4.58,7705.0,3534400.0,4.587
601328.SH,2022-10-24,0.0,4.58,4.59,4.58,3689.0,1692640.0,4.587
601328.SH,2022-10-24,0.0,4.59,4.6,4.58,7264.0,3334230.0,4.588
601328.SH,2022-10-24,0.0,4.6,4.6,4.59,7995.0,3673770.0,4.588
601328.SH,2022-10-24,0.0,4.6,4.6,4.59,5131.0,2360010.0,4.589
601328.SH,2022-10-24,0.0,4.6,4.6,4.59,11364.0,5227380.0,4.59
601328.SH,2022-10-24,0.0,4.59,4.6,4.59,6127.0,2817040.0,4.591
601328.SH,2022-10-24,0.0,4.59,4.6,4.59,11848.0,5439910.0,4.591
601328.SH,2022-10-24,0.0,4.59,4.59,4.58,12606.0,5784720.0,4.591
601328.SH,2022-10-24,0.0,4.58,4.59,4.58,4195.0,1923700.0,4.59
601328.SH,2022-10-24,0.0,4.58,4.59,4.58,1601.0,734496.0,4.59
601328.SH,2022-10-24,0.0,4.58,4.59,4.58,2166.0,993099.0,4.59
601328.SH,2022-10-24,0.0,4.58,4.59,4.58,1554.0,712895.0,4.59
601328.SH,2022-10-24,0.0,4.59,4.59,4.58,752.0,344755.0,4.59
601328.SH,2022-10-24,0.0,4.58,4.59,4.58,1631.0,747852.0,4.59
601328.SH,2022-10-24,0.0,4.59,4.59,4.58,1763.0,807849.0,4.59
601328.SH,2022-10-24,0.0,4.58,4.59,4.58,1337.0,613048.0,4.59
601328.SH,2022-10-24,0.0,4.59,4.59,4.58,793.0,363629.0,4.59
601328.SH,2022-10-24,0.0,4.59,4.59,4.58,3327.0,1526300.0,4.59
601328.SH,2022-10-24,0.0,4.58,4.59,4.58,3363.0,1543250.0,4.59
601328.SH,2022-10-24,0.0,4.58,4.59,4.58,1800.0,824621.0,4.59
601328.SH,2022-10-24,0.0,4.58,4.59,4.58,2620.0,1200500.0,4.59
601328.SH,2022-10-24,0.0,4.58,4.59,4.58,1083.0,496329.0,4.59
601328.SH,2022-10-24,0.0,4.58,4.59,4.58,2843.0,1302350.0,4.59
601328.SH,2022-10-24,0.0,4.58,4.59,4.58,1341.0,614347.0,4.589
601328.SH,2022-10-24,0.0,4.58,4.59,4.58,2176.0,996876.0,4.589
601328.SH,2022-10-24,0.0,4.58,4.59,4.58,2198.0,1006850.0,4.589
601328.SH,2022-10-24,0.0,4.58,4.59,4.58,1402.0,642545.0,4.589
601328.SH,2022-10-24,0.0,4.58,4.58,4.58,20177.0,9241230.0,4.588
601328.SH,2022-10-24,0.0,4.58,4.59,4.58,2211.0,1012990.0,4.588
601328.SH,2022-10-24,0.0,4.59,4.59,4.58,9896.0,4532480.0,4.588
601328.SH,2022-10-24,0.0,4.58,4.59,4.58,1823.0,835264.0,4.588
601328.SH,2022-10-24,0.0,4.58,4.59,4.58,2332.0,1068120.0,4.588
601328.SH,2022-10-24,0.0,4.59,4.59,4.58,16271.0,7452880.0,4.587
601328.SH,2022-10-24,0.0,4.58,4.59,4.58,2781.0,1274140.0,4.587
601328.SH,2022-10-24,0.0,4.58,4.59,4.58,3300.0,1511820.0,4.587
601328.SH,2022-10-24,0.0,4.58,4.59,4.58,7233.0,3312920.0,4.587
601328.SH,2022-10-24,0.0,4.58,4.59,4.58,2329.0,1066930.0,4.587
601328.SH,2022-10-24,0.0,4.58,4.59,4.58,2137.0,978878.0,4.587
601328.SH,2022-10-24,0.0,4.58,4.59,4.58,1447.0,662780.0,4.587
601328.SH,2022-10-24,0.0,4.58,4.59,4.58,6469.0,2962900.0,4.586
601328.SH,2022-10-24,0.0,4.59,4.59,4.58,9848.0,4511160.0,4.586
601328.SH,2022-10-24,0.0,4.58,4.59,4.58,20205.0,9254840.0,4.586
601328.SH,2022-10-24,0.0,4.58,4.59,4.58,20002.0,9161340.0,4.585
601328.SH,2022-10-24,0.0,4.57,4.59,4.57,8906.0,4078400.0,4.585
601328.SH,2022-10-24,0.0,4.58,4.58,4.57,1412.0,645853.0,4.585
601328.SH,2022-10-24,0.0,4.58,4.58,4.57,3565.0,1631790.0,4.585
601328.SH,2022-10-24,0.0,4.57,4.58,4.57,3494.0,1599390.0,4.585
601328.SH,2022-10-24,0.0,4.58,4.58,4.57,1551.0,709903.0,4.585
601328.SH,2022-10-24,0.0,4.57,4.58,4.57,2226.0,1018890.0,4.585
601328.SH,2022-10-24,0.0,4.58,4.58,4.57,1984.0,907493.0,4.585
601328.SH,2022-10-24,0.0,4.58,4.58,4.57,1637.0,748991.0,4.585
601328.SH,2022-10-24,0.0,4.57,4.58,4.57,2635.0,1205200.0,4.585
601328.SH,2022-10-24,0.0,4.58,4.58,4.57,1558.0,712686.0,4.585
601328.SH,2022-10-24,0.0,4.57,4.58,4.57,2075.0,948775.0,4.585
601328.SH,2022-10-24,0.0,4.57,4.58,4.57,832.0,380527.0,4.585
601328.SH,2022-10-24,0.0,4.58,4.58,4.57,1451.0,663678.0,4.584
601328.SH,2022-10-24,0.0,4.58,4.58,4.57,1938.0,886107.0,4.584
601328.SH,2022-10-24,0.0,4.57,4.58,4.57,2292.0,1048510.0,4.584
601328.SH,2022-10-24,0.0,4.57,4.58,4.57,2205.0,1008780.0,4.584
601328.SH,2022-10-24,0.0,4.58,4.58,4.57,2999.0,1372700.0,4.584
601328.SH,2022-10-24,0.0,4.57,4.58,4.57,1964.0,898535.0,4.584
601328.SH,2022-10-24,0.0,4.57,4.58,4.57,1057.0,484040.0,4.584
601328.SH,2022-10-24,0.0,4.57,4.58,4.57,1518.0,694503.0,4.584
601328.SH,2022-10-24,0.0,4.57,4.58,4.57,897.0,410643.0,4.584
601328.SH,2022-10-24,0.0,4.57,4.58,4.57,1704.0,779264.0,4.584
601328.SH,2022-10-24,0.0,4.58,4.58,4.57,810.0,370645.0,4.584
601328.SH,2022-10-24,0.0,4.57,4.58,4.57,2014.0,921010.0,4.584
601328.SH,2022-10-24,0.0,4.58,4.58,4.57,1602.0,732751.0,4.584
601328.SH,2022-10-24,0.0,4.58,4.58,4.57,1888.0,863843.0,4.584
601328.SH,2022-10-24,0.0,4.58,4.58,4.57,3727.0,1703630.0,4.584
601328.SH,2022-10-24,0.0,4.57,4.58,4.57,1685.0,770554.0,4.584
601328.SH,2022-10-24,0.0,4.58,4.58,4.57,7714.0,3525710.0,4.583
601328.SH,2022-10-24,0.0,4.57,4.58,4.57,724.0,331153.0,4.583
601328.SH,2022-10-24,0.0,4.57,4.58,4.57,2271.0,1038010.0,4.583
601328.SH,2022-10-24,0.0,4.58,4.58,4.57,2650.0,1211760.0,4.583
601328.SH,2022-10-24,0.0,4.57,4.58,4.57,2110.0,964690.0,4.583
601328.SH,2022-10-24,0.0,4.58,4.58,4.57,2291.0,1047450.0,4.583
601328.SH,2022-10-24,0.0,4.58,4.58,4.57,2479.0,1133490.0,4.583
601328.SH,2022-10-24,0.0,4.57,4.58,4.57,1534.0,701878.0,4.583
601328.SH,2022-10-24,0.0,4.57,4.58,4.57,4211.0,1924950.0,4.583
601328.SH,2022-10-24,0.0,4.58,4.58,4.57,704.0,321982.0,4.583
601328.SH,2022-10-24,0.0,4.58,4.58,4.57,588.0,268918.0,4.583
601328.SH,2022-10-24,0.0,4.57,4.58,4.57,3317.0,1517500.0,4.583
601328.SH,2022-10-24,0.0,4.57,4.58,4.57,1863.0,851718.0,4.583
601328.SH,2022-10-24,0.0,4.57,4.58,4.57,1052.0,481128.0,4.583
601328.SH,2022-10-24,0.0,4.58,4.58,4.57,2057.0,940566.0,4.583
601328.SH,2022-10-24,0.0,4.58,4.58,4.57,3526.0,1611790.0,4.583
601328.SH,2022-10-24,0.0,4.58,4.58,4.57,654.0,299137.0,4.583
601328.SH,2022-10-24,0.0,4.58,4.58,4.57,388.0,177624.0,4.583
601328.SH,2022-10-24,0.0,4.58,4.58,4.57,938.0,429057.0,4.582
601328.SH,2022-10-24,0.0,4.58,4.58,4.57,733.0,335369.0,4.582
601328.SH,2022-10-24,0.0,4.58,4.58,4.57,648.0,296550.0,4.582
601328.SH,2022-10-24,0.0,4.58,4.58,4.57,13873.0,6353510.0,4.582
601328.SH,2022-10-24,0.0,4.58,4.58,4.57,638.0,291949.0,4.582
601328.SH,2022-10-24,0.0,4.58,4.58,4.57,480.0,219665.0,4.582
601328.SH,2022-10-24,0.0,4.58,4.58,4.57,1827.0,835267.0,4.582
601328.SH,2022-10-24,0.0,4.57,4.58,4.57,1648.0,753607.0,4.582
601328.SH,2022-10-24,0.0,4.58,4.58,4.57,818.0,374491.0,4.582
601328.SH,2022-10-24,0.0,4.57,4.58,4.57,392.0,179267.0,4.582
601328.SH,2022-10-24,0.0,4.58,4.58,4.57,778.0,356240.0,4.582
601328.SH,2022-10-24,0.0,4.57,4.58,4.57,1336.0,611077.0,4.582
601328.SH,2022-10-24,0.0,4.58,4.58,4.57,831.0,380076.0,4.582
601328.SH,2022-10-24,0.0,4.57,4.58,4.57,739.0,338120.0,4.582
601328.SH,2022-10-24,0.0,4.57,4.58,4.57,399.0,182580.0,4.582
601328.SH,2022-10-24,0.0,4.57,4.58,4.57,1548.0,707837.0,4.582
601328.SH,2022-10-24,0.0,4.58,4.58,4.57,11785.0,5396860.0,4.582
601328.SH,2022-10-24,0.0,4.57,4.58,4.57,1725.0,788398.0,4.582
601328.SH,2022-10-24,0.0,4.58,4.58,4.57,1810.0,828693.0,4.582
601328.SH,2022-10-24,0.0,4.57,4.58,4.57,845.0,386824.0,4.582
601328.SH,2022-10-24,0.0,4.57,4.58,4.57,4798.0,2192790.0,4.582
601328.SH,2022-10-24,0.0,4.57,4.58,4.57,1820.0,832578.0,4.582
601328.SH,2022-10-24,0.0,4.57,4.58,4.57,473.0,216263.0,4.582
601328.SH,2022-10-24,0.0,4.58,4.58,4.57,3194.0,1459900.0,4.582
601328.SH,2022-10-24,0.0,4.58,4.58,4.57,1449.0,662478.0,4.582
601328.SH,2022-10-24,0.0,4.57,4.58,4.57,655.0,299608.0,4.582
601328.SH,2022-10-24,0.0,4.57,4.58,4.57,500.0,228699.0,4.582
601328.SH,2022-10-24,0.0,4.58,4.58,4.57,4243.0,1940710.0,4.582
601328.SH,2022-10-24,0.0,4.57,4.58,4.57,770.0,352063.0,4.582
601328.SH,2022-10-24,0.0,4.58,4.58,4.57,268.0,122564.0,4.582
601328.SH,2022-10-24,0.0,4.58,4.58,4.57,219.0,100269.0,4.582
601328.SH,2022-10-24,0.0,4.57,4.58,4.57,994.0,454387.0,4.582
601328.SH,2022-10-24,0.0,4.57,4.58,4.57,555.0,253964.0,4.582
601328.SH,2022-10-24,0.0,4.58,4.58,4.57,157.0,71773.0,4.582
601328.SH,2022-10-24,0.0,4.57,4.58,4.57,752.0,343828.0,4.582
601328.SH,2022-10-24,0.0,4.57,4.58,4.57,1443.0,660658.0,4.582
601328.SH,2022-10-24,0.0,4.57,4.58,4.57,969.0,443004.0,4.582
601328.SH,2022-10-24,0.0,4.57,4.58,4.57,2152.0,983589.0,4.582
601328.SH,2022-10-24,0.0,4.57,4.58,4.57,1802.0,824354.0,4.581
601328.SH,2022-10-24,0.0,4.57,4.58,4.57,4178.0,1909530.0,4.581
601328.SH,2022-10-24,0.0,4.58,4.58,4.57,7620.0,3482560.0,4.581
601328.SH,2022-10-24,0.0,4.57,4.58,4.57,1869.0,854896.0,4.581
601328.SH,2022-10-24,0.0,4.57,4.58,4.57,1313.0,600544.0,4.581
601328.SH,2022-10-24,0.0,4.57,4.58,4.57,681.0,311458.0,4.581
601328.SH,2022-10-24,0.0,4.57,4.58,4.57,808.0,369468.0,4.581
601328.SH,2022-10-24,0.0,4.57,4.58,4.57,627.0,286717.0,4.581
601328.SH,2022-10-24,0.0,4.57,4.58,4.57,1264.0,577749.0,4.581
601328.SH,2022-10-24,0.0,4.57,4.58,4.57,537.0,245648.0,4.581
601328.SH,2022-10-24,0.0,4.58,4.58,4.57,1480.0,676368.0,4.581
601328.SH,2022-10-24,0.0,4.57,4.58,4.57,477.0,218091.0,4.581
601328.SH,2022-10-24,0.0,4.58,4.58,4.57,622.0,284571.0,4.581
601328.SH,2022-10-24,0.0,4.57,4.58,4.57,4107.0,1877320.0,4.581
601328.SH,2022-10-24,0.0,4.58,4.58,4.57,785.0,358807.0,4.581
601328.SH,2022-10-24,0.0,4.57,4.58,4.57,1192.0,544986.0,4.581
601328.SH,2022-10-24,0.0,4.57,4.58,4.57,896.0,409664.0,4.581
601328.SH,2022-10-24,0.0,4.57,4.58,4.57,1125.0,514312.0,4.581
601328.SH,2022-10-24,0.0,4.57,4.58,4.57,1688.0,771665.0,4.581
601328.SH,2022-10-24,0.0,4.57,4.58,4.57,1403.0,641291.0,4.581
601328.SH,2022-10-24,0.0,4.57,4.58,4.57,1639.0,749444.0,4.581
601328.SH,2022-10-24,0.0,4.57,4.58,4.57,5226.0,2389640.0,4.581
601328.SH,2022-10-24,0.0,4.57,4.58,4.57,5751.0,2632150.0,4.581
601328.SH,2022-10-24,0.0,4.57,4.58,4.57,1094.0,500412.0,4.581
601328.SH,2022-10-24,0.0,4.57,4.58,4.57,502.0,229560.0,4.581
601328.SH,2022-10-24,0.0,4.57,4.58,4.57,868.0,396974.0,4.581
601328.SH,2022-10-24,0.0,4.57,4.58,4.57,767.0,350704.0,4.581
601328.SH,2022-10-24,0.0,4.57,4.58,4.57,755.0,345212.0,4.581
601328.SH,2022-10-24,0.0,4.57,4.58,4.57,1310.0,598710.0,4.581
601328.SH,2022-10-24,0.0,4.57,4.58,4.57,2452.0,1121160.0,4.581
601328.SH,2022-10-24,0.0,4.57,4.58,4.57,702.0,321194.0,4.581
601328.SH,2022-10-24,0.0,4.57,4.58,4.57,509.0,232772.0,4.581
601328.SH,2022-10-24,0.0,4.57,4.58,4.57,3227.0,1475010.0,4.58
601328.SH,2022-10-24,0.0,4.57,4.58,4.57,1413.0,645777.0,4.58
601328.SH,2022-10-24,0.0,4.57,4.58,4.57,2101.0,960310.0,4.58
601328.SH,2022-10-24,0.0,4.57,4.58,4.57,714.0,326353.0,4.58
601328.SH,2022-10-24,0.0,4.57,4.58,4.57,2792.0,1276300.0,4.58
601328.SH,2022-10-24,0.0,4.57,4.58,4.57,2440.0,1115390.0,4.58
601328.SH,2022-10-24,0.0,4.57,4.58,4.57,1380.0,630823.0,4.58
601328.SH,2022-10-24,0.0,4.58,4.58,4.57,3890.0,1777960.0,4.58
601328.SH,2022-10-24,0.0,4.57,4.58,4.57,1505.0,687810.0,4.58
601328.SH,2022-10-24,0.0,4.57,4.58,4.57,8791.0,4018340.0,4.58
601328.SH,2022-10-24,0.0,4.57,4.58,4.57,1306.0,597532.0,4.58
601328.SH,2022-10-24,0.0,4.58,4.58,4.57,7022.0,3209350.0,4.58
601328.SH,2022-10-24,0.0,4.57,4.58,4.57,3581.0,1636720.0,4.58
601328.SH,2022-10-24,0.0,4.57,4.58,4.57,744.0,340261.0,4.58
601328.SH,2022-10-24,0.0,4.57,4.58,4.57,1368.0,625264.0,4.58
601328.SH,2022-10-24,0.0,4.57,4.58,4.57,2118.0,968080.0,4.58
601328.SH,2022-10-24,0.0,4.57,4.58,4.57,1051.0,480498.0,4.58
601328.SH,2022-10-24,0.0,4.58,4.58,4.57,1868.0,854294.0,4.58
601328.SH,2022-10-24,0.0,4.57,4.58,4.57,8359.0,3820270.0,4.58
601328.SH,2022-10-24,0.0,4.58,4.58,4.57,23672.0,10819900.0,4.579
601328.SH,2022-10-24,0.0,4.57,4.58,4.57,15274.0,6980320.0,4.579
601328.SH,2022-10-24,0.0,4.57,4.57,4.56,5278.0,2411300.0,4.579
601328.SH,2022-10-24,0.0,4.56,4.57,4.56,1212.0,553492.0,4.579
601328.SH,2022-10-24,0.0,4.56,4.57,4.56,761.0,347422.0,4.579
601328.SH,2022-10-24,0.0,4.56,4.57,4.56,8603.0,3931060.0,4.579
601328.SH,2022-10-24,0.0,4.56,4.57,4.56,885.0,403914.0,4.579
601328.SH,2022-10-24,0.0,4.56,4.57,4.56,1141.0,520520.0,4.579
601328.SH,2022-10-24,0.0,4.56,4.57,4.56,1128.0,515082.0,4.579
601328.SH,2022-10-24,0.0,4.56,4.57,4.56,2592.0,1181810.0,4.579
601328.SH,2022-10-24,0.0,4.56,4.57,4.56,4487.0,2046220.0,4.579
601328.SH,2022-10-24,0.0,4.56,4.57,4.56,8668.0,3953660.0,4.578
601328.SH,2022-10-24,0.0,4.56,4.57,4.56,3122.0,1423820.0,4.578
601328.SH,2022-10-24,0.0,4.56,4.56,4.56,12241.0,5582620.0,4.578
601328.SH,2022-10-24,0.0,4.56,4.57,4.56,4283.0,1954360.0,4.578
601328.SH,2022-10-24,0.0,4.57,4.57,4.56,3393.0,1547730.0,4.578
601328.SH,2022-10-24,0.0,4.57,4.57,4.56,2912.0,1328110.0,4.578
601328.SH,2022-10-24,0.0,4.56,4.57,4.56,1942.0,886006.0,4.578
601328.SH,2022-10-24,0.0,4.57,4.57,4.56,2674.0,1220780.0,4.578
601328.SH,2022-10-24,0.0,4.57,4.57,4.56,1540.0,702994.0,4.577
601328.SH,2022-10-24,0.0,4.57,4.57,4.56,1748.0,797898.0,4.577
601328.SH,2022-10-24,0.0,4.56,4.57,4.56,1680.0,766855.0,4.577
601328.SH,2022-10-24,0.0,4.57,4.57,4.56,441.0,201442.0,4.577
601328.SH,2022-10-24,0.0,4.57,4.57,4.56,6216.0,2840050.0,4.577
601328.SH,2022-10-24,0.0,4.57,4.57,4.56,1314.0,600424.0,4.577
601328.SH,2022-10-24,0.0,4.56,4.57,4.56,1260.0,575597.0,4.577
601328.SH,2022-10-24,0.0,4.56,4.57,4.56,500.0,228190.0,4.577
601328.SH,2022-10-24,0.0,4.57,4.57,4.56,550.0,251107.0,4.577
601328.SH,2022-10-24,0.0,4.57,4.57,4.56,2530.0,1155030.0,4.577
601328.SH,2022-10-24,0.0,4.57,4.57,4.56,942.0,429859.0,4.577
601328.SH,2022-10-24,0.0,4.57,4.57,4.56,2597.0,1186450.0,4.577
601328.SH,2022-10-24,0.0,4.57,4.57,4.56,3658.0,1671280.0,4.577
601328.SH,2022-10-24,0.0,4.57,4.57,4.56,1546.0,705647.0,4.577
601328.SH,2022-10-24,0.0,4.57,4.57,4.56,685.0,312686.0,4.577
601328.SH,2022-10-24,0.0,4.56,4.57,4.56,1897.0,866672.0,4.577
601328.SH,2022-10-24,0.0,4.56,4.57,4.56,683.0,311864.0,4.577
601328.SH,2022-10-24,0.0,4.57,4.57,4.56,949.0,433076.0,4.577
601328.SH,2022-10-24,0.0,4.56,4.57,4.56,3033.0,1385250.0,4.577
601328.SH,2022-10-24,0.0,4.57,4.57,4.56,1802.0,822659.0,4.577
601328.SH,2022-10-24,0.0,4.57,4.57,4.56,823.0,375860.0,4.577
601328.SH,2022-10-24,0.0,4.56,4.57,4.56,998.0,455489.0,4.577
601328.SH,2022-10-24,0.0,4.57,4.57,4.56,2962.0,1351350.0,4.577
601328.SH,2022-10-24,0.0,4.56,4.57,4.56,3491.0,1592520.0,4.577
601328.SH,2022-10-24,0.0,4.57,4.57,4.56,4819.0,2199760.0,4.577
601328.SH,2022-10-24,0.0,4.56,4.57,4.56,2329.0,1062750.0,4.577
601328.SH,2022-10-24,0.0,4.56,4.57,4.56,2937.0,1339490.0,4.577
601328.SH,2022-10-24,0.0,4.56,4.57,4.56,2991.0,1364690.0,4.577
601328.SH,2022-10-24,0.0,4.57,4.57,4.56,1303.0,594428.0,4.577
601328.SH,2022-10-24,0.0,4.57,4.57,4.56,21214.0,9674810.0,4.576
601328.SH,2022-10-24,0.0,4.56,4.57,4.56,27684.0,12646200.0,4.576
601328.SH,2022-10-24,0.0,4.56,4.57,4.56,2580.0,1177240.0,4.576
601328.SH,2022-10-24,0.0,4.57,4.57,4.56,2762.0,1260250.0,4.576
601328.SH,2022-10-24,0.0,4.56,4.57,4.56,3229.0,1473460.0,4.576
601328.SH,2022-10-24,0.0,4.56,4.57,4.56,21568.0,9853720.0,4.576
601328.SH,2022-10-24,0.0,4.56,4.57,4.56,1890.0,862290.0,4.575
601328.SH,2022-10-24,0.0,4.56,4.56,4.56,0.0,0.0,4.575
601328.SH,2022-10-24,0.0,4.56,4.56,4.56,0.0,0.0,4.575
601328.SH,2022-10-24,0.0,4.56,4.56,4.56,14910.0,6798960.0,4.575
601328.SH,2022-10-25,0.0,4.57,4.57,4.57,11511.0,5260530.0,4.57
601328.SH,2022-10-25,0.0,4.58,4.58,4.56,21235.0,9701570.0,4.569
601328.SH,2022-10-25,0.0,4.57,4.58,4.56,17993.0,8218650.0,4.569
601328.SH,2022-10-25,0.0,4.57,4.58,4.56,13760.0,6285180.0,4.568
601328.SH,2022-10-25,0.0,4.56,4.58,4.56,5955.0,2720320.0,4.568
601328.SH,2022-10-25,0.0,4.57,4.58,4.56,13717.0,6266350.0,4.568
601328.SH,2022-10-25,0.0,4.58,4.58,4.57,9829.0,4494390.0,4.569
601328.SH,2022-10-25,0.0,4.57,4.58,4.57,7724.0,3532720.0,4.569
601328.SH,2022-10-25,0.0,4.57,4.58,4.56,16661.0,7613640.0,4.569
601328.SH,2022-10-25,0.0,4.56,4.57,4.56,7888.0,3603470.0,4.569
601328.SH,2022-10-25,0.0,4.56,4.57,4.55,23262.0,10608500.0,4.568
601328.SH,2022-10-25,0.0,4.56,4.56,4.55,8792.0,4007370.0,4.567
601328.SH,2022-10-25,0.0,4.56,4.56,4.55,20828.0,9487970.0,4.566
601328.SH,2022-10-25,0.0,4.56,4.56,4.55,4683.0,2134210.0,4.566
601328.SH,2022-10-25,0.0,4.56,4.56,4.55,9782.0,4455540.0,4.565
601328.SH,2022-10-25,0.0,4.55,4.56,4.55,7743.0,3526780.0,4.565
601328.SH,2022-10-25,0.0,4.55,4.56,4.55,12388.0,5638810.0,4.564
601328.SH,2022-10-25,0.0,4.56,4.56,4.55,2839.0,1293210.0,4.564
601328.SH,2022-10-25,0.0,4.56,4.56,4.55,7065.0,3219330.0,4.564
601328.SH,2022-10-25,0.0,4.55,4.56,4.55,2843.0,1295360.0,4.564
601328.SH,2022-10-25,0.0,4.55,4.56,4.55,713.0,324671.0,4.564
601328.SH,2022-10-25,0.0,4.55,4.56,4.55,1871.0,851742.0,4.563
601328.SH,2022-10-25,0.0,4.55,4.56,4.55,5548.0,2528130.0,4.563
601328.SH,2022-10-25,0.0,4.55,4.56,4.55,3943.0,1796580.0,4.563
601328.SH,2022-10-25,0.0,4.55,4.56,4.55,6966.0,3170550.0,4.563
601328.SH,2022-10-25,0.0,4.56,4.56,4.55,12867.0,5856800.0,4.562
601328.SH,2022-10-25,0.0,4.55,4.56,4.55,43701.0,19885100.0,4.561
601328.SH,2022-10-25,0.0,4.55,4.55,4.54,18622.0,8468470.0,4.56
601328.SH,2022-10-25,0.0,4.54,4.55,4.54,6276.0,2850060.0,4.559
601328.SH,2022-10-25,0.0,4.55,4.55,4.54,1822.0,827895.0,4.559
601328.SH,2022-10-25,0.0,4.54,4.55,4.54,13057.0,5931600.0,4.559
601328.SH,2022-10-25,0.0,4.55,4.55,4.54,2958.0,1343290.0,4.559
601328.SH,2022-10-25,0.0,4.54,4.55,4.54,12109.0,5497920.0,4.558
601328.SH,2022-10-25,0.0,4.53,4.55,4.53,22930.0,10410000.0,4.557
601328.SH,2022-10-25,0.0,4.54,4.54,4.53,2693.0,1221320.0,4.557
601328.SH,2022-10-25,0.0,4.53,4.54,4.53,1585.0,718541.0,4.557
601328.SH,2022-10-25,0.0,4.53,4.54,4.53,2105.0,953895.0,4.557
601328.SH,2022-10-25,0.0,4.54,4.54,4.53,2835.0,1285130.0,4.556
601328.SH,2022-10-25,0.0,4.53,4.54,4.53,2332.0,1057420.0,4.556
601328.SH,2022-10-25,0.0,4.54,4.54,4.53,6863.0,3109400.0,4.556
601328.SH,2022-10-25,0.0,4.53,4.54,4.53,25825.0,11699600.0,4.554
601328.SH,2022-10-25,0.0,4.53,4.54,4.53,22235.0,10074300.0,4.553
601328.SH,2022-10-25,0.0,4.53,4.54,4.52,15696.0,7109650.0,4.552
601328.SH,2022-10-25,0.0,4.53,4.53,4.52,9462.0,4284710.0,4.552
601328.SH,2022-10-25,0.0,4.53,4.53,4.52,3433.0,1554960.0,4.552
601328.SH,2022-10-25,0.0,4.53,4.53,4.52,2958.0,1339540.0,4.552
601328.SH,2022-10-25,0.0,4.54,4.54,4.53,7659.0,3470960.0,4.551
601328.SH,2022-10-25,0.0,4.53,4.54,4.53,5844.0,2649050.0,4.551
601328.SH,2022-10-25,0.0,4.53,4.54,4.53,3369.0,1527190.0,4.551
601328.SH,2022-10-25,0.0,4.54,4.54,4.53,3270.0,1484090.0,4.551
601328.SH,2022-10-25,0.0,4.53,4.54,4.53,3651.0,1657220.0,4.551
601328.SH,2022-10-25,0.0,4.53,4.54,4.53,1571.0,712345.0,4.551
601328.SH,2022-10-25,0.0,4.53,4.54,4.53,853.0,386739.0,4.551
601328.SH,2022-10-25,0.0,4.53,4.54,4.53,1989.0,902455.0,4.551
601328.SH,2022-10-25,0.0,4.53,4.54,4.53,2713.0,1229570.0,4.55
601328.SH,2022-10-25,0.0,4.53,4.54,4.53,4518.0,2048780.0,4.55
601328.SH,2022-10-25,0.0,4.54,4.54,4.53,4648.0,2107880.0,4.55
601328.SH,2022-10-25,0.0,4.53,4.54,4.53,2943.0,1334050.0,4.55
601328.SH,2022-10-25,0.0,4.53,4.54,4.53,2645.0,1198850.0,4.55
601328.SH,2022-10-25,0.0,4.53,4.54,4.53,2983.0,1352160.0,4.55
601328.SH,2022-10-25,0.0,4.53,4.54,4.53,3189.0,1446080.0,4.55
601328.SH,2022-10-25,0.0,4.54,4.54,4.53,5964.0,2706190.0,4.55
601328.SH,2022-10-25,0.0,4.54,4.55,4.53,25877.0,11748300.0,4.549
601328.SH,2022-10-25,0.0,4.54,4.54,4.53,2222.0,1008760.0,4.549
601328.SH,2022-10-25,0.0,4.53,4.54,4.53,708.0,321288.0,4.549
601328.SH,2022-10-25,0.0,4.54,4.54,4.53,819.0,371184.0,4.549
601328.SH,2022-10-25,0.0,4.53,4.54,4.53,1010.0,457795.0,4.549
601328.SH,2022-10-25,0.0,4.53,4.54,4.53,990.0,448879.0,4.549
601328.SH,2022-10-25,0.0,4.54,4.54,4.53,1660.0,753040.0,4.549
601328.SH,2022-10-25,0.0,4.53,4.54,4.53,777.0,352388.0,4.549
601328.SH,2022-10-25,0.0,4.53,4.54,4.53,2812.0,1274850.0,4.549
601328.SH,2022-10-25,0.0,4.53,4.54,4.53,1608.0,729463.0,4.549
601328.SH,2022-10-25,0.0,4.53,4.54,4.53,1523.0,690571.0,4.549
601328.SH,2022-10-25,0.0,4.54,4.54,4.53,1141.0,517607.0,4.549
601328.SH,2022-10-25,0.0,4.54,4.54,4.53,3325.0,1508650.0,4.549
601328.SH,2022-10-25,0.0,4.54,4.54,4.53,1085.0,492335.0,4.549
601328.SH,2022-10-25,0.0,4.54,4.54,4.53,3817.0,1732420.0,4.549
601328.SH,2022-10-25,0.0,4.54,4.54,4.53,985.0,446326.0,4.549
601328.SH,2022-10-25,0.0,4.53,4.54,4.53,532.0,241491.0,4.549
601328.SH,2022-10-25,0.0,4.53,4.54,4.53,2786.0,1264380.0,4.549
601328.SH,2022-10-25,0.0,4.54,4.54,4.53,2709.0,1229850.0,4.549
601328.SH,2022-10-25,0.0,4.53,4.54,4.53,307.0,139227.0,4.549
601328.SH,2022-10-25,0.0,4.54,4.54,4.53,3310.0,1502470.0,4.549
601328.SH,2022-10-25,0.0,4.54,4.54,4.53,1269.0,575090.0,4.549
601328.SH,2022-10-25,0.0,4.53,4.54,4.53,1186.0,537757.0,4.548
601328.SH,2022-10-25,0.0,4.54,4.54,4.53,923.0,418413.0,4.548
601328.SH,2022-10-25,0.0,4.53,4.54,4.53,2534.0,1149600.0,4.548
601328.SH,2022-10-25,0.0,4.53,4.54,4.53,583.0,264387.0,4.548
601328.SH,2022-10-25,0.0,4.53,4.54,4.53,2342.0,1062650.0,4.548
601328.SH,2022-10-25,0.0,4.53,4.54,4.53,1214.0,550704.0,4.548
601328.SH,2022-10-25,0.0,4.54,4.54,4.53,903.0,409510.0,4.548
601328.SH,2022-10-25,0.0,4.53,4.54,4.53,5456.0,2476320.0,4.548
601328.SH,2022-10-25,0.0,4.53,4.54,4.53,3331.0,1512160.0,4.548
601328.SH,2022-10-25,0.0,4.53,4.54,4.53,948.0,430092.0,4.548
601328.SH,2022-10-25,0.0,4.54,4.54,4.53,1501.0,680815.0,4.548
601328.SH,2022-10-25,0.0,4.53,4.54,4.53,1447.0,655818.0,4.548
601328.SH,2022-10-25,0.0,4.53,4.54,4.53,2117.0,960431.0,4.548
601328.SH,2022-10-25,0.0,4.53,4.54,4.53,2196.0,996542.0,4.548
601328.SH,2022-10-25,0.0,4.53,4.54,4.53,1983.0,900174.0,4.548
601328.SH,2022-10-25,0.0,4.53,4.54,4.53,710.0,322002.0,4.548
601328.SH,2022-10-25,0.0,4.53,4.54,4.53,2329.0,1056720.0,4.548
601328.SH,2022-10-25,0.0,4.53,4.54,4.53,3000.0,1361370.0,4.548
601328.SH,2022-10-25,0.0,4.54,4.54,4.53,1050.0,476210.0,4.548
601328.SH,2022-10-25,0.0,4.53,4.54,4.53,817.0,370461.0,4.548
601328.SH,2022-10-25,0.0,4.54,4.54,4.53,1788.0,811361.0,4.548
601328.SH,2022-10-25,0.0,4.54,4.54,4.53,1180.0,535124.0,4.548
601328.SH,2022-10-25,0.0,4.53,4.54,4.53,2271.0,1030260.0,4.548
601328.SH,2022-10-25,0.0,4.54,4.54,4.53,3320.0,1506100.0,4.548
601328.SH,2022-10-25,0.0,4.54,4.54,4.53,4188.0,1900880.0,4.548
601328.SH,2022-10-25,0.0,4.54,4.54,4.53,4506.0,2044930.0,4.548
601328.SH,2022-10-25,0.0,4.54,4.54,4.53,2550.0,1156810.0,4.548
601328.SH,2022-10-25,0.0,4.54,4.55,4.53,12408.0,5634230.0,4.547
601328.SH,2022-10-25,0.0,4.54,4.55,4.54,695.0,315956.0,4.547
601328.SH,2022-10-25,0.0,4.54,4.55,4.54,777.0,353061.0,4.547
601328.SH,2022-10-25,0.0,4.54,4.55,4.54,4609.0,2095860.0,4.547
601328.SH,2022-10-25,0.0,4.54,4.55,4.54,10219.0,4647580.0,4.547
601328.SH,2022-10-25,0.0,4.55,4.55,4.54,5357.0,2436910.0,4.547
601328.SH,2022-10-25,0.0,4.56,4.56,4.55,20125.0,9158670.0,4.548
601328.SH,2022-10-25,0.0,4.55,4.56,4.55,2343.0,1067870.0,4.548
601328.SH,2022-10-25,0.0,4.55,4.56,4.55,5748.0,2620560.0,4.548
601328.SH,2022-10-25,0.0,4.56,4.56,4.55,4867.0,2218700.0,4.548
601328.SH,2022-10-25,0.0,4.55,4.56,4.54,21339.0,9713330.0,4.548
601328.SH,2022-10-25,0.0,4.55,4.55,4.54,6438.0,2922940.0,4.548
601328.SH,2022-10-25,0.0,4.54,4.55,4.54,10952.0,4972260.0,4.548
601328.SH,2022-10-25,0.0,4.54,4.55,4.54,1792.0,813583.0,4.548
601328.SH,2022-10-25,0.0,4.55,4.55,4.54,1463.0,664475.0,4.548
601328.SH,2022-10-25,0.0,4.55,4.55,4.54,326.0,148112.0,4.548
601328.SH,2022-10-25,0.0,4.54,4.55,4.54,593.0,269615.0,4.548
601328.SH,2022-10-25,0.0,4.55,4.55,4.54,1120.0,508639.0,4.548
601328.SH,2022-10-25,0.0,4.54,4.55,4.54,1533.0,696470.0,4.548
601328.SH,2022-10-25,0.0,4.54,4.55,4.54,5750.0,2610610.0,4.548
601328.SH,2022-10-25,0.0,4.55,4.55,4.54,3186.0,1446710.0,4.548
601328.SH,2022-10-25,0.0,4.54,4.55,4.54,2211.0,1004450.0,4.548
601328.SH,2022-10-25,0.0,4.54,4.55,4.54,5810.0,2637960.0,4.547
601328.SH,2022-10-25,0.0,4.54,4.55,4.54,2235.0,1015170.0,4.547
601328.SH,2022-10-25,0.0,4.54,4.55,4.54,1500.0,681458.0,4.547
601328.SH,2022-10-25,0.0,4.54,4.55,4.54,1744.0,791976.0,4.547
601328.SH,2022-10-25,0.0,4.54,4.55,4.54,1264.0,573923.0,4.547
601328.SH,2022-10-25,0.0,4.54,4.55,4.54,1698.0,771112.0,4.547
601328.SH,2022-10-25,0.0,4.54,4.55,4.54,1080.0,490492.0,4.547
601328.SH,2022-10-25,0.0,4.54,4.55,4.54,1974.0,896267.0,4.547
601328.SH,2022-10-25,0.0,4.55,4.55,4.54,736.0,334220.0,4.547
601328.SH,2022-10-25,0.0,4.55,4.55,4.54,536.0,243535.0,4.547
601328.SH,2022-10-25,0.0,4.55,4.55,4.54,1406.0,638527.0,4.547
601328.SH,2022-10-25,0.0,4.54,4.55,4.54,707.0,321276.0,4.547
601328.SH,2022-10-25,0.0,4.54,4.55,4.54,833.0,378456.0,4.547
601328.SH,2022-10-25,0.0,4.55,4.55,4.54,1448.0,657807.0,4.547
601328.SH,2022-10-25,0.0,4.54,4.55,4.54,773.0,351027.0,4.547
601328.SH,2022-10-25,0.0,4.54,4.55,4.54,711.0,322968.0,4.547
601328.SH,2022-10-25,0.0,4.54,4.55,4.54,1305.0,592675.0,4.547
601328.SH,2022-10-25,0.0,4.55,4.55,4.54,1772.0,805435.0,4.547
601328.SH,2022-10-25,0.0,4.55,4.55,4.54,1361.0,618103.0,4.547
601328.SH,2022-10-25,0.0,4.54,4.55,4.54,1368.0,621209.0,4.547
601328.SH,2022-10-25,0.0,4.55,4.55,4.54,1033.0,469119.0,4.547
601328.SH,2022-10-25,0.0,4.54,4.55,4.54,900.0,408967.0,4.547
601328.SH,2022-10-25,0.0,4.54,4.55,4.54,1250.0,568020.0,4.547
601328.SH,2022-10-25,0.0,4.54,4.55,4.54,810.0,367841.0,4.547
601328.SH,2022-10-25,0.0,4.54,4.55,4.54,661.0,300410.0,4.547
601328.SH,2022-10-25,0.0,4.55,4.55,4.54,1180.0,536213.0,4.547
601328.SH,2022-10-25,0.0,4.54,4.55,4.54,1263.0,574097.0,4.547
601328.SH,2022-10-25,0.0,4.55,4.55,4.54,1072.0,487326.0,4.547
601328.SH,2022-10-25,0.0,4.54,4.55,4.54,975.0,442808.0,4.547
601328.SH,2022-10-25,0.0,4.55,4.55,4.54,1212.0,551155.0,4.547
601328.SH,2022-10-25,0.0,4.54,4.55,4.54,765.0,347435.0,4.547
601328.SH,2022-10-25,0.0,4.54,4.55,4.54,2591.0,1177030.0,4.547
601328.SH,2022-10-25,0.0,4.54,4.55,4.54,1972.0,895949.0,4.547
601328.SH,2022-10-25,0.0,4.54,4.55,4.54,1044.0,474205.0,4.547
601328.SH,2022-10-25,0.0,4.54,4.55,4.54,1045.0,474678.0,4.547
601328.SH,2022-10-25,0.0,4.55,4.55,4.54,1341.0,609091.0,4.547
601328.SH,2022-10-25,0.0,4.55,4.55,4.54,750.0,340787.0,4.547
601328.SH,2022-10-25,0.0,4.54,4.55,4.54,1083.0,492024.0,4.547
601328.SH,2022-10-25,0.0,4.54,4.55,4.54,1270.0,577197.0,4.547
601328.SH,2022-10-25,0.0,4.54,4.55,4.54,951.0,431931.0,4.547
601328.SH,2022-10-25,0.0,4.55,4.55,4.54,840.0,381757.0,4.547
601328.SH,2022-10-25,0.0,4.54,4.55,4.54,959.0,435554.0,4.547
601328.SH,2022-10-25,0.0,4.54,4.55,4.54,712.0,323464.0,4.547
601328.SH,2022-10-25,0.0,4.54,4.55,4.54,1065.0,483598.0,4.547
601328.SH,2022-10-25,0.0,4.55,4.55,4.54,710.0,322575.0,4.547
601328.SH,2022-10-25,0.0,4.55,4.55,4.54,1230.0,558804.0,4.547
601328.SH,2022-10-25,0.0,4.55,4.55,4.54,714.0,324566.0,4.547
601328.SH,2022-10-25,0.0,4.54,4.55,4.54,1452.0,659925.0,4.547
601328.SH,2022-10-25,0.0,4.55,4.55,4.54,1537.0,698680.0,4.547
601328.SH,2022-10-25,0.0,4.55,4.55,4.54,3750.0,1704990.0,4.547
601328.SH,2022-10-25,0.0,4.54,4.55,4.54,1467.0,666517.0,4.547
601328.SH,2022-10-25,0.0,4.54,4.55,4.54,4630.0,2102220.0,4.547
601328.SH,2022-10-25,0.0,4.54,4.55,4.54,1334.0,606193.0,4.547
601328.SH,2022-10-25,0.0,4.54,4.55,4.54,2188.0,993419.0,4.547
601328.SH,2022-10-25,0.0,4.54,4.55,4.54,1088.0,494158.0,4.547
601328.SH,2022-10-25,0.0,4.54,4.55,4.54,2124.0,964503.0,4.547
601328.SH,2022-10-25,0.0,4.55,4.55,4.54,797.0,362140.0,4.547
601328.SH,2022-10-25,0.0,4.54,4.55,4.54,1437.0,652920.0,4.547
601328.SH,2022-10-25,0.0,4.54,4.55,4.54,676.0,306916.0,4.547
601328.SH,2022-10-25,0.0,4.55,4.55,4.54,24140.0,10982600.0,4.547
601328.SH,2022-10-25,0.0,4.54,4.55,4.54,2500.0,1137240.0,4.547
601328.SH,2022-10-25,0.0,4.54,4.55,4.54,1062.0,482403.0,4.547
601328.SH,2022-10-25,0.0,4.55,4.55,4.54,944.0,429076.0,4.547
601328.SH,2022-10-25,0.0,4.54,4.55,4.54,1249.0,567475.0,4.547
601328.SH,2022-10-25,0.0,4.54,4.55,4.54,931.0,423004.0,4.547
601328.SH,2022-10-25,0.0,4.55,4.55,4.54,25058.0,11400100.0,4.547
601328.SH,2022-10-25,0.0,4.54,4.55,4.54,1664.0,757037.0,4.547
601328.SH,2022-10-25,0.0,4.55,4.55,4.54,1279.0,581162.0,4.547
601328.SH,2022-10-25,0.0,4.54,4.55,4.54,553.0,251347.0,4.547
601328.SH,2022-10-25,0.0,4.54,4.55,4.54,1264.0,573876.0,4.547
601328.SH,2022-10-25,0.0,4.55,4.55,4.54,941.0,427246.0,4.547
601328.SH,2022-10-25,0.0,4.54,4.55,4.54,1865.0,847725.0,4.547
601328.SH,2022-10-25,0.0,4.54,4.55,4.54,171.0,77777.0,4.547
601328.SH,2022-10-25,0.0,4.54,4.55,4.54,377.0,171393.0,4.547
601328.SH,2022-10-25,0.0,4.54,4.55,4.54,321.0,145853.0,4.547
601328.SH,2022-10-25,0.0,4.54,4.55,4.54,304.0,138076.0,4.547
601328.SH,2022-10-25,0.0,4.54,4.55,4.54,330.0,149916.0,4.547
601328.SH,2022-10-25,0.0,4.54,4.55,4.54,1027.0,467145.0,4.547
601328.SH,2022-10-25,0.0,4.55,4.55,4.54,4383.0,1993700.0,4.547
601328.SH,2022-10-25,0.0,4.55,4.55,4.54,1450.0,659388.0,4.547
601328.SH,2022-10-25,0.0,4.55,4.55,4.54,2205.0,1003100.0,4.547
601328.SH,2022-10-25,0.0,4.55,4.55,4.54,607.0,276054.0,4.547
601328.SH,2022-10-25,0.0,4.56,4.56,4.54,10692.0,4865920.0,4.547
601328.SH,2022-10-25,0.0,4.56,4.56,4.55,641.0,292175.0,4.547
601328.SH,2022-10-25,0.0,4.56,4.56,4.55,6361.0,2894420.0,4.547
601328.SH,2022-10-25,0.0,4.56,4.56,4.55,585.0,266188.0,4.547
601328.SH,2022-10-25,0.0,4.56,4.56,4.55,1200.0,546635.0,4.547
601328.SH,2022-10-25,0.0,4.55,4.56,4.55,1275.0,580962.0,4.547
601328.SH,2022-10-25,0.0,4.55,4.56,4.55,2182.0,994516.0,4.547
601328.SH,2022-10-25,0.0,4.55,4.56,4.55,1057.0,481401.0,4.547
601328.SH,2022-10-25,0.0,4.55,4.56,4.55,521.0,237093.0,4.547
601328.SH,2022-10-25,0.0,4.55,4.55,4.55,846.0,384931.0,4.547
601328.SH,2022-10-25,0.0,4.56,4.56,4.55,1647.0,750487.0,4.547
601328.SH,2022-10-25,0.0,4.55,4.56,4.55,5395.0,2455070.0,4.547
601328.SH,2022-10-25,0.0,4.55,4.56,4.55,1822.0,829867.0,4.547
601328.SH,2022-10-25,0.0,4.56,4.56,4.55,1568.0,714221.0,4.547
601328.SH,2022-10-25,0.0,4.55,4.56,4.55,896.0,407848.0,4.547
601328.SH,2022-10-25,0.0,4.55,4.56,4.55,1182.0,538356.0,4.547
601328.SH,2022-10-25,0.0,4.55,4.56,4.55,2009.0,914853.0,4.547
601328.SH,2022-10-25,0.0,4.55,4.56,4.55,1532.0,697579.0,4.547
601328.SH,2022-10-25,0.0,4.55,4.56,4.55,2370.0,1078760.0,4.547
601328.SH,2022-10-25,0.0,4.55,4.56,4.55,2353.0,1072360.0,4.547
601328.SH,2022-10-25,0.0,4.55,4.56,4.55,1812.0,825321.0,4.547
601328.SH,2022-10-25,0.0,4.56,4.56,4.55,4304.0,1959180.0,4.547
601328.SH,2022-10-25,0.0,4.55,4.56,4.54,2530.0,1151540.0,4.547
601328.SH,2022-10-25,0.0,4.55,4.55,4.55,0.0,0.0,4.547
601328.SH,2022-10-25,0.0,4.55,4.55,4.55,0.0,0.0,4.547
601328.SH,2022-10-25,0.0,4.56,4.56,4.56,14162.0,6457870.0,4.548
601328.SH,2022-10-26,0.0,4.55,4.55,4.55,7362.0,3349800.0,4.55
601328.SH,2022-10-26,0.0,4.55,4.56,4.55,13108.0,5965340.0,4.551
601328.SH,2022-10-26,0.0,4.55,4.56,4.55,13456.0,6123240.0,4.551
601328.SH,2022-10-26,0.0,4.55,4.55,4.54,1662.0,756197.0,4.551
601328.SH,2022-10-26,0.0,4.55,4.55,4.54,3438.0,1563120.0,4.55
601328.SH,2022-10-26,0.0,4.55,4.55,4.54,3190.0,1451380.0,4.55
601328.SH,2022-10-26,0.0,4.54,4.55,4.54,2269.0,1031100.0,4.55
601328.SH,2022-10-26,0.0,4.54,4.55,4.54,1845.0,838174.0,4.55
601328.SH,2022-10-26,0.0,4.55,4.55,4.54,1772.0,804747.0,4.549
601328.SH,2022-10-26,0.0,4.55,4.55,4.54,4576.0,2079760.0,4.549
601328.SH,2022-10-26,0.0,4.54,4.55,4.54,872.0,396411.0,4.549
601328.SH,2022-10-26,0.0,4.55,4.55,4.54,1663.0,756210.0,4.549
601328.SH,2022-10-26,0.0,4.54,4.55,4.54,7828.0,3561040.0,4.549
601328.SH,2022-10-26,0.0,4.55,4.55,4.54,1117.0,507811.0,4.549
601328.SH,2022-10-26,0.0,4.54,4.55,4.54,3563.0,1617880.0,4.548
601328.SH,2022-10-26,0.0,4.55,4.55,4.54,1077.0,489636.0,4.548
601328.SH,2022-10-26,0.0,4.55,4.55,4.54,3200.0,1454550.0,4.548
601328.SH,2022-10-26,0.0,4.55,4.55,4.54,728.0,330787.0,4.548
601328.SH,2022-10-26,0.0,4.55,4.55,4.54,915.0,416020.0,4.548
601328.SH,2022-10-26,0.0,4.54,4.55,4.54,1437.0,652541.0,4.548
601328.SH,2022-10-26,0.0,4.54,4.55,4.54,1013.0,460406.0,4.548
601328.SH,2022-10-26,0.0,4.55,4.55,4.54,625.0,284035.0,4.548
601328.SH,2022-10-26,0.0,4.55,4.55,4.54,943.0,428681.0,4.548
601328.SH,2022-10-26,0.0,4.55,4.55,4.54,1906.0,866733.0,4.548
601328.SH,2022-10-26,0.0,4.55,4.55,4.54,1096.0,498401.0,4.548
601328.SH,2022-10-26,0.0,4.54,4.55,4.54,55866.0,25363600.0,4.545
601328.SH,2022-10-26,0.0,4.53,4.54,4.53,16750.0,7604000.0,4.544
601328.SH,2022-10-26,0.0,4.54,4.54,4.53,871.0,395467.0,4.544
601328.SH,2022-10-26,0.0,4.54,4.54,4.53,804.0,364939.0,4.544
601328.SH,2022-10-26,0.0,4.53,4.54,4.53,1152.0,522746.0,4.544
601328.SH,2022-10-26,0.0,4.55,4.55,4.54,3942.0,1789680.0,4.544
601328.SH,2022-10-26,0.0,4.54,4.55,4.54,6456.0,2931350.0,4.544
601328.SH,2022-10-26,0.0,4.54,4.55,4.54,4114.0,1867880.0,4.544
601328.SH,2022-10-26,0.0,4.54,4.55,4.54,1891.0,859570.0,4.544
601328.SH,2022-10-26,0.0,4.54,4.55,4.54,7165.0,3254690.0,4.544
601328.SH,2022-10-26,0.0,4.54,4.54,4.53,5360.0,2432860.0,4.544
601328.SH,2022-10-26,0.0,4.55,4.55,4.54,1626.0,739348.0,4.544
601328.SH,2022-10-26,0.0,4.54,4.55,4.54,894.0,406443.0,4.544
601328.SH,2022-10-26,0.0,4.55,4.55,4.54,3213.0,1461250.0,4.544
601328.SH,2022-10-26,0.0,4.55,4.55,4.54,1443.0,655831.0,4.544
601328.SH,2022-10-26,0.0,4.54,4.55,4.54,596.0,270883.0,4.544
601328.SH,2022-10-26,0.0,4.54,4.55,4.54,2026.0,921035.0,4.544
601328.SH,2022-10-26,0.0,4.54,4.55,4.54,5526.0,2508860.0,4.544
601328.SH,2022-10-26,0.0,4.55,4.55,4.54,457.0,207541.0,4.544
601328.SH,2022-10-26,0.0,4.54,4.55,4.54,763.0,346639.0,4.544
601328.SH,2022-10-26,0.0,4.54,4.55,4.54,1325.0,602193.0,4.544
601328.SH,2022-10-26,0.0,4.55,4.55,4.54,614.0,278873.0,4.544
601328.SH,2022-10-26,0.0,4.54,4.55,4.54,713.0,323795.0,4.544
601328.SH,2022-10-26,0.0,4.54,4.55,4.54,990.0,450143.0,4.544
601328.SH,2022-10-26,0.0,4.55,4.55,4.54,893.0,406134.0,4.544
601328.SH,2022-10-26,0.0,4.54,4.54,4.54,282.0,128029.0,4.544
601328.SH,2022-10-26,0.0,4.55,4.55,4.54,363.0,164884.0,4.544
601328.SH,2022-10-26,0.0,4.55,4.55,4.54,1120.0,509419.0,4.544
601328.SH,2022-10-26,0.0,4.55,4.55,4.54,602.0,273341.0,4.544
601328.SH,2022-10-26,0.0,4.54,4.55,4.54,3362.0,1529370.0,4.544
601328.SH,2022-10-26,0.0,4.55,4.55,4.54,610.0,277343.0,4.544
601328.SH,2022-10-26,0.0,4.55,4.55,4.54,1599.0,727099.0,4.544
601328.SH,2022-10-26,0.0,4.55,4.55,4.54,1686.0,766682.0,4.544
601328.SH,2022-10-26,0.0,4.55,4.55,4.54,1654.0,751353.0,4.544
601328.SH,2022-10-26,0.0,4.53,4.55,4.53,50293.0,22830900.0,4.543
601328.SH,2022-10-26,0.0,4.54,4.55,4.54,3241.0,1472140.0,4.543
601328.SH,2022-10-26,0.0,4.54,4.55,4.54,5814.0,2639670.0,4.543
601328.SH,2022-10-26,0.0,4.55,4.55,4.54,1864.0,847775.0,4.543
601328.SH,2022-10-26,0.0,4.55,4.55,4.54,865.0,392906.0,4.543
601328.SH,2022-10-26,0.0,4.55,4.55,4.54,3508.0,1595660.0,4.543
601328.SH,2022-10-26,0.0,4.54,4.55,4.54,1337.0,607751.0,4.543
601328.SH,2022-10-26,0.0,4.54,4.55,4.54,573.0,260273.0,4.543
601328.SH,2022-10-26,0.0,4.54,4.54,4.54,1010.0,458605.0,4.543
601328.SH,2022-10-26,0.0,4.54,4.55,4.54,1906.0,866918.0,4.543
601328.SH,2022-10-26,0.0,4.54,4.55,4.54,2214.0,1006720.0,4.543
601328.SH,2022-10-26,0.0,4.54,4.55,4.54,1483.0,674336.0,4.543
601328.SH,2022-10-26,0.0,4.55,4.55,4.54,1358.0,617205.0,4.543
601328.SH,2022-10-26,0.0,4.54,4.55,4.54,269.0,122159.0,4.543
601328.SH,2022-10-26,0.0,4.54,4.55,4.54,1008.0,458342.0,4.543
601328.SH,2022-10-26,0.0,4.55,4.55,4.54,982.0,446239.0,4.543
601328.SH,2022-10-26,0.0,4.55,4.55,4.54,1304.0,592581.0,4.543
601328.SH,2022-10-26,0.0,4.55,4.55,4.54,3301.0,1501720.0,4.543
601328.SH,2022-10-26,0.0,4.54,4.55,4.54,47005.0,21338200.0,4.543
601328.SH,2022-10-26,0.0,4.54,4.54,4.53,1187.0,538405.0,4.543
601328.SH,2022-10-26,0.0,4.54,4.54,4.53,6178.0,2804480.0,4.543
601328.SH,2022-10-26,0.0,4.54,4.54,4.54,9547.0,4333610.0,4.543
601328.SH,2022-10-26,0.0,4.54,4.54,4.54,3651.0,1657450.0,4.543
601328.SH,2022-10-26,0.0,4.53,4.54,4.53,7052.0,3201330.0,4.543
601328.SH,2022-10-26,0.0,4.54,4.54,4.53,3769.0,1711470.0,4.543
601328.SH,2022-10-26,0.0,4.54,4.54,4.53,3114.0,1413620.0,4.542
601328.SH,2022-10-26,0.0,4.54,4.54,4.53,2197.0,997231.0,4.542
601328.SH,2022-10-26,0.0,4.54,4.54,4.53,2096.0,951284.0,4.542
601328.SH,2022-10-26,0.0,4.54,4.54,4.53,2315.0,1050770.0,4.542
601328.SH,2022-10-26,0.0,4.54,4.54,4.53,4555.0,2066710.0,4.542
601328.SH,2022-10-26,0.0,4.54,4.54,4.53,1194.0,541994.0,4.542
601328.SH,2022-10-26,0.0,4.54,4.54,4.53,1071.0,485663.0,4.542
601328.SH,2022-10-26,0.0,4.54,4.54,4.53,804.0,364567.0,4.542
601328.SH,2022-10-26,0.0,4.53,4.54,4.53,1658.0,752133.0,4.542
601328.SH,2022-10-26,0.0,4.54,4.54,4.53,3487.0,1580790.0,4.542
601328.SH,2022-10-26,0.0,4.54,4.54,4.53,1604.0,727156.0,4.542
601328.SH,2022-10-26,0.0,4.54,4.54,4.53,821.0,372201.0,4.542
601328.SH,2022-10-26,0.0,4.54,4.54,4.53,1663.0,754530.0,4.542
601328.SH,2022-10-26,0.0,4.53,4.54,4.53,478.0,216832.0,4.542
601328.SH,2022-10-26,0.0,4.54,4.54,4.53,1463.0,663347.0,4.542
601328.SH,2022-10-26,0.0,4.54,4.54,4.53,673.0,305113.0,4.542
601328.SH,2022-10-26,0.0,4.54,4.54,4.53,1685.0,764075.0,4.542
601328.SH,2022-10-26,0.0,4.54,4.54,4.53,1041.0,472005.0,4.542
601328.SH,2022-10-26,0.0,4.53,4.54,4.53,598.0,271125.0,4.542
601328.SH,2022-10-26,0.0,4.53,4.54,4.53,1902.0,862835.0,4.542
601328.SH,2022-10-26,0.0,4.53,4.54,4.53,986.0,447052.0,4.542
601328.SH,2022-10-26,0.0,4.54,4.54,4.53,748.0,339187.0,4.542
601328.SH,2022-10-26,0.0,4.54,4.54,4.53,718.0,325510.0,4.542
601328.SH,2022-10-26,0.0,4.53,4.54,4.53,452.0,204886.0,4.542
601328.SH,2022-10-26,0.0,4.53,4.54,4.52,131860.0,59726200.0,4.539
601328.SH,2022-10-26,0.0,4.53,4.53,4.52,3749.0,1697500.0,4.539
601328.SH,2022-10-26,0.0,4.53,4.53,4.52,1866.0,844707.0,4.539
601328.SH,2022-10-26,0.0,4.53,4.53,4.52,2825.0,1279150.0,4.539
601328.SH,2022-10-26,0.0,4.53,4.53,4.52,2011.0,910665.0,4.539
601328.SH,2022-10-26,0.0,4.52,4.53,4.52,4288.0,1941940.0,4.539
601328.SH,2022-10-26,0.0,4.54,4.54,4.52,3849.0,1743760.0,4.539
601328.SH,2022-10-26,0.0,4.54,4.54,4.53,2454.0,1113190.0,4.539
601328.SH,2022-10-26,0.0,4.54,4.54,4.53,911.0,413333.0,4.539
601328.SH,2022-10-26,0.0,4.53,4.54,4.53,524.0,237811.0,4.539
601328.SH,2022-10-26,0.0,4.53,4.54,4.53,1674.0,759630.0,4.539
601328.SH,2022-10-26,0.0,4.53,4.54,4.53,1132.0,513466.0,4.539
601328.SH,2022-10-26,0.0,4.53,4.54,4.53,720.0,326622.0,4.539
601328.SH,2022-10-26,0.0,4.53,4.54,4.53,7517.0,3406660.0,4.539
601328.SH,2022-10-26,0.0,4.53,4.54,4.53,520.0,235775.0,4.539
601328.SH,2022-10-26,0.0,4.54,4.54,4.53,610.0,276348.0,4.539
601328.SH,2022-10-26,0.0,4.53,4.54,4.53,907.0,411271.0,4.538
601328.SH,2022-10-26,0.0,4.54,4.54,4.53,439.0,198811.0,4.538
601328.SH,2022-10-26,0.0,4.53,4.54,4.53,2719.0,1231950.0,4.538
601328.SH,2022-10-26,0.0,4.54,4.54,4.53,14526.0,6580240.0,4.538
601328.SH,2022-10-26,0.0,4.54,4.54,4.53,6254.0,2833320.0,4.538
601328.SH,2022-10-26,0.0,4.53,4.54,4.53,913.0,413851.0,4.538
601328.SH,2022-10-26,0.0,4.53,4.54,4.53,714.0,323549.0,4.538
601328.SH,2022-10-26,0.0,4.54,4.54,4.53,3814.0,1730860.0,4.538
601328.SH,2022-10-26,0.0,4.54,4.54,4.53,1520.0,688766.0,4.538
601328.SH,2022-10-26,0.0,4.54,4.54,4.53,706.0,320129.0,4.538
601328.SH,2022-10-26,0.0,4.53,4.54,4.53,1012.0,458926.0,4.538
601328.SH,2022-10-26,0.0,4.54,4.54,4.53,4094.0,1854780.0,4.538
601328.SH,2022-10-26,0.0,4.53,4.54,4.52,26485.0,11997200.0,4.538
601328.SH,2022-10-26,0.0,4.52,4.53,4.52,2491.0,1126700.0,4.538
601328.SH,2022-10-26,0.0,4.53,4.53,4.52,828.0,374475.0,4.538
601328.SH,2022-10-26,0.0,4.53,4.53,4.52,1141.0,516085.0,4.538
601328.SH,2022-10-26,0.0,4.52,4.53,4.52,1466.0,663342.0,4.538
601328.SH,2022-10-26,0.0,4.52,4.53,4.52,971.0,439520.0,4.538
601328.SH,2022-10-26,0.0,4.53,4.53,4.52,1010.0,457130.0,4.538
601328.SH,2022-10-26,0.0,4.53,4.53,4.52,3558.0,1610410.0,4.538
601328.SH,2022-10-26,0.0,4.53,4.53,4.52,810.0,366660.0,4.538
601328.SH,2022-10-26,0.0,4.52,4.53,4.52,1258.0,569304.0,4.537
601328.SH,2022-10-26,0.0,4.53,4.53,4.52,1772.0,802353.0,4.537
601328.SH,2022-10-26,0.0,4.52,4.53,4.52,732.0,331246.0,4.537
601328.SH,2022-10-26,0.0,4.53,4.53,4.52,2206.0,998437.0,4.537
601328.SH,2022-10-26,0.0,4.52,4.53,4.52,3292.0,1490810.0,4.537
601328.SH,2022-10-26,0.0,4.52,4.53,4.52,824.0,372846.0,4.537
601328.SH,2022-10-26,0.0,4.53,4.53,4.52,604.0,273402.0,4.537
601328.SH,2022-10-26,0.0,4.52,4.53,4.52,450.0,203631.0,4.537
601328.SH,2022-10-26,0.0,4.52,4.53,4.52,1245.0,563302.0,4.537
601328.SH,2022-10-26,0.0,4.52,4.53,4.52,537.0,242859.0,4.537
601328.SH,2022-10-26,0.0,4.53,4.53,4.52,891.0,403030.0,4.537
601328.SH,2022-10-26,0.0,4.53,4.53,4.52,924.0,418057.0,4.537
601328.SH,2022-10-26,0.0,4.53,4.53,4.52,1329.0,601092.0,4.537
601328.SH,2022-10-26,0.0,4.53,4.53,4.52,4196.0,1899920.0,4.537
601328.SH,2022-10-26,0.0,4.53,4.53,4.52,1938.0,876476.0,4.537
601328.SH,2022-10-26,0.0,4.53,4.53,4.52,3105.0,1403960.0,4.537
601328.SH,2022-10-26,0.0,4.52,4.53,4.52,4466.0,2019040.0,4.537
601328.SH,2022-10-26,0.0,4.52,4.53,4.52,1319.0,596392.0,4.537
601328.SH,2022-10-26,0.0,4.52,4.53,4.52,2391.0,1081010.0,4.537
601328.SH,2022-10-26,0.0,4.53,4.53,4.52,1377.0,622583.0,4.537
601328.SH,2022-10-26,0.0,4.52,4.53,4.52,2147.0,971691.0,4.537
601328.SH,2022-10-26,0.0,4.52,4.53,4.52,1213.0,548549.0,4.537
601328.SH,2022-10-26,0.0,4.52,4.53,4.52,989.0,447051.0,4.537
601328.SH,2022-10-26,0.0,4.53,4.53,4.52,1510.0,682927.0,4.537
601328.SH,2022-10-26,0.0,4.52,4.53,4.52,1471.0,664995.0,4.537
601328.SH,2022-10-26,0.0,4.52,4.53,4.52,1674.0,757038.0,4.537
601328.SH,2022-10-26,0.0,4.53,4.53,4.52,999.0,451864.0,4.537
601328.SH,2022-10-26,0.0,4.53,4.53,4.52,1675.0,757505.0,4.537
601328.SH,2022-10-26,0.0,4.52,4.53,4.52,1687.0,763327.0,4.537
601328.SH,2022-10-26,0.0,4.52,4.53,4.52,5398.0,2440140.0,4.536
601328.SH,2022-10-26,0.0,4.53,4.53,4.52,1376.0,622385.0,4.536
601328.SH,2022-10-26,0.0,4.53,4.53,4.52,1713.0,774359.0,4.536
601328.SH,2022-10-26,0.0,4.52,4.53,4.52,1195.0,540369.0,4.536
601328.SH,2022-10-26,0.0,4.53,4.53,4.52,2717.0,1228420.0,4.536
601328.SH,2022-10-26,0.0,4.52,4.53,4.52,3102.0,1402300.0,4.536
601328.SH,2022-10-26,0.0,4.52,4.53,4.52,4051.0,1831620.0,4.536
601328.SH,2022-10-26,0.0,4.52,4.53,4.52,1759.0,795237.0,4.536
601328.SH,2022-10-26,0.0,4.53,4.53,4.52,2996.0,1354670.0,4.536
601328.SH,2022-10-26,0.0,4.52,4.53,4.52,1044.0,472096.0,4.536
601328.SH,2022-10-26,0.0,4.52,4.53,4.52,1326.0,599557.0,4.536
601328.SH,2022-10-26,0.0,4.52,4.53,4.52,1956.0,884537.0,4.536
601328.SH,2022-10-26,0.0,4.52,4.53,4.52,1845.0,834293.0,4.536
601328.SH,2022-10-26,0.0,4.53,4.53,4.52,837.0,378401.0,4.536
601328.SH,2022-10-26,0.0,4.53,4.53,4.52,2277.0,1029690.0,4.536
601328.SH,2022-10-26,0.0,4.52,4.53,4.52,1688.0,763202.0,4.536
601328.SH,2022-10-26,0.0,4.52,4.53,4.52,2838.0,1284370.0,4.536
601328.SH,2022-10-26,0.0,4.52,4.53,4.52,1246.0,563337.0,4.536
601328.SH,2022-10-26,0.0,4.52,4.53,4.52,924.0,417828.0,4.536
601328.SH,2022-10-26,0.0,4.52,4.53,4.52,1369.0,618987.0,4.536
601328.SH,2022-10-26,0.0,4.53,4.53,4.52,12916.0,5838280.0,4.535
601328.SH,2022-10-26,0.0,4.53,4.53,4.52,1684.0,761941.0,4.535
601328.SH,2022-10-26,0.0,4.52,4.53,4.52,1609.0,727836.0,4.535
601328.SH,2022-10-26,0.0,4.52,4.53,4.52,851.0,384890.0,4.535
601328.SH,2022-10-26,0.0,4.52,4.53,4.52,1902.0,860323.0,4.535
601328.SH,2022-10-26,0.0,4.52,4.53,4.52,1527.0,690429.0,4.535
601328.SH,2022-10-26,0.0,4.52,4.53,4.52,1705.0,771302.0,4.535
601328.SH,2022-10-26,0.0,4.53,4.53,4.52,3565.0,1611540.0,4.535
601328.SH,2022-10-26,0.0,4.52,4.53,4.52,692.0,312911.0,4.535
601328.SH,2022-10-26,0.0,4.52,4.53,4.52,1017.0,459910.0,4.535
601328.SH,2022-10-26,0.0,4.53,4.53,4.52,429.0,194016.0,4.535
601328.SH,2022-10-26,0.0,4.52,4.53,4.52,2075.0,938127.0,4.535
601328.SH,2022-10-26,0.0,4.52,4.53,4.52,2145.0,969786.0,4.535
601328.SH,2022-10-26,0.0,4.53,4.53,4.52,2389.0,1081360.0,4.535
601328.SH,2022-10-26,0.0,4.52,4.53,4.52,4879.0,2206110.0,4.535
601328.SH,2022-10-26,0.0,4.53,4.53,4.52,3090.0,1397330.0,4.535
601328.SH,2022-10-26,0.0,4.53,4.53,4.52,1454.0,657557.0,4.535
601328.SH,2022-10-26,0.0,4.53,4.53,4.52,5586.0,2525320.0,4.535
601328.SH,2022-10-26,0.0,4.53,4.53,4.52,13192.0,5963420.0,4.535
601328.SH,2022-10-26,0.0,4.52,4.53,4.52,4078.0,1844920.0,4.535
601328.SH,2022-10-26,0.0,4.52,4.53,4.52,3544.0,1602280.0,4.535
601328.SH,2022-10-26,0.0,4.52,4.53,4.52,3731.0,1687030.0,4.534
601328.SH,2022-10-26,0.0,4.52,4.53,4.52,3965.0,1792520.0,4.534
601328.SH,2022-10-26,0.0,4.52,4.53,4.52,2906.0,1314240.0,4.534
601328.SH,2022-10-26,0.0,4.52,4.53,4.52,2004.0,906024.0,4.534
601328.SH,2022-10-26,0.0,4.52,4.53,4.52,8112.0,3666720.0,4.534
601328.SH,2022-10-26,0.0,4.53,4.53,4.52,2289.0,1034890.0,4.534
601328.SH,2022-10-26,0.0,4.53,4.53,4.52,2456.0,1111080.0,4.534
601328.SH,2022-10-26,0.0,4.52,4.53,4.52,3141.0,1420500.0,4.534
601328.SH,2022-10-26,0.0,4.52,4.53,4.52,14784.0,6682730.0,4.534
601328.SH,2022-10-26,0.0,4.52,4.53,4.51,28508.0,12885600.0,4.533
601328.SH,2022-10-26,0.0,4.51,4.52,4.51,15586.0,7030770.0,4.533
601328.SH,2022-10-26,0.0,4.51,4.52,4.51,3314.0,1496370.0,4.533
601328.SH,2022-10-26,0.0,4.52,4.52,4.51,4576.0,2065110.0,4.533
601328.SH,2022-10-26,0.0,4.51,4.52,4.51,2785.0,1256400.0,4.533
601328.SH,2022-10-26,0.0,4.51,4.52,4.51,3012.0,1359380.0,4.533
601328.SH,2022-10-26,0.0,4.51,4.52,4.51,2831.0,1277640.0,4.533
601328.SH,2022-10-26,0.0,4.51,4.52,4.51,4852.0,2189740.0,4.533
601328.SH,2022-10-26,0.0,4.51,4.52,4.51,4942.0,2230150.0,4.532
601328.SH,2022-10-26,0.0,4.51,4.52,4.51,3863.0,1743140.0,4.532
601328.SH,2022-10-26,0.0,4.52,4.52,4.51,3867.0,1745330.0,4.532
601328.SH,2022-10-26,0.0,4.51,4.52,4.51,4665.0,2105600.0,4.532
601328.SH,2022-10-26,0.0,4.52,4.52,4.51,7477.0,3374660.0,4.532
601328.SH,2022-10-26,0.0,4.52,4.52,4.51,5563.0,2512690.0,4.532
601328.SH,2022-10-26,0.0,4.52,4.52,4.52,23.0,10396.0,4.532
601328.SH,2022-10-26,0.0,4.52,4.52,4.52,0.0,0.0,4.532
601328.SH,2022-10-26,0.0,4.51,4.51,4.51,20735.0,9351490.0,4.532
601328.SH,2022-10-27,0.0,4.51,4.51,4.51,5857.0,2641510.0,4.51
601328.SH,2022-10-27,0.0,4.51,4.52,4.5,43581.0,19655100.0,4.51
601328.SH,2022-10-27,0.0,4.51,4.51,4.5,17298.0,7788170.0,4.508
601328.SH,2022-10-27,0.0,4.49,4.5,4.49,52066.0,23425600.0,4.504
601328.SH,2022-10-27,0.0,4.5,4.5,4.49,7886.0,3543950.0,4.504
601328.SH,2022-10-27,0.0,4.5,4.5,4.49,5796.0,2604900.0,4.503
601328.SH,2022-10-27,0.0,4.5,4.5,4.49,8390.0,3773340.0,4.503
601328.SH,2022-10-27,0.0,4.5,4.5,4.49,5210.0,2342860.0,4.503
601328.SH,2022-10-27,0.0,4.5,4.5,4.49,12048.0,5417430.0,4.502
601328.SH,2022-10-27,0.0,4.5,4.5,4.49,40151.0,18066600.0,4.502
601328.SH,2022-10-27,0.0,4.5,4.5,4.49,24481.0,11013000.0,4.501
601328.SH,2022-10-27,0.0,4.5,4.5,4.49,31673.0,14251500.0,4.501
601328.SH,2022-10-27,0.0,4.5,4.51,4.49,15968.0,7185050.0,4.501
601328.SH,2022-10-27,0.0,4.51,4.51,4.49,12692.0,5711740.0,4.501
601328.SH,2022-10-27,0.0,4.51,4.51,4.5,1873.0,844408.0,4.501
601328.SH,2022-10-27,0.0,4.51,4.51,4.5,2021.0,910974.0,4.501
601328.SH,2022-10-27,0.0,4.51,4.51,4.5,2368.0,1067740.0,4.501
601328.SH,2022-10-27,0.0,4.5,4.51,4.5,4507.0,2030730.0,4.501
601328.SH,2022-10-27,0.0,4.5,4.51,4.5,4261.0,1920680.0,4.501
601328.SH,2022-10-27,0.0,4.5,4.51,4.5,649.0,292526.0,4.501
601328.SH,2022-10-27,0.0,4.5,4.51,4.5,3181.0,1433510.0,4.501
601328.SH,2022-10-27,0.0,4.51,4.51,4.5,4364.0,1967400.0,4.501
601328.SH,2022-10-27,0.0,4.5,4.51,4.5,3051.0,1374900.0,4.502
601328.SH,2022-10-27,0.0,4.51,4.51,4.5,3170.0,1427890.0,4.502
601328.SH,2022-10-27,0.0,4.5,4.51,4.5,2490.0,1122330.0,4.502
601328.SH,2022-10-27,0.0,4.51,4.51,4.5,2864.0,1290680.0,4.502
601328.SH,2022-10-27,0.0,4.51,4.51,4.5,3205.0,1444660.0,4.502
601328.SH,2022-10-27,0.0,4.51,4.51,4.5,7281.0,3281710.0,4.502
601328.SH,2022-10-27,0.0,4.5,4.51,4.5,4473.0,2016640.0,4.502
601328.SH,2022-10-27,0.0,4.5,4.51,4.5,4031.0,1817480.0,4.502
601328.SH,2022-10-27,0.0,4.51,4.51,4.5,5050.0,2275340.0,4.502
601328.SH,2022-10-27,0.0,4.5,4.51,4.5,1738.0,783317.0,4.502
601328.SH,2022-10-27,0.0,4.5,4.51,4.5,1312.0,591035.0,4.502
601328.SH,2022-10-27,0.0,4.51,4.51,4.5,1010.0,454862.0,4.502
601328.SH,2022-10-27,0.0,4.5,4.51,4.5,1863.0,838642.0,4.502
601328.SH,2022-10-27,0.0,4.51,4.51,4.5,5271.0,2372400.0,4.502
601328.SH,2022-10-27,0.0,4.5,4.51,4.5,1158.0,521491.0,4.502
601328.SH,2022-10-27,0.0,4.5,4.51,4.5,1377.0,619981.0,4.502
601328.SH,2022-10-27,0.0,4.51,4.51,4.5,1738.0,782415.0,4.502
601328.SH,2022-10-27,0.0,4.5,4.51,4.5,11573.0,5208350.0,4.502
601328.SH,2022-10-27,0.0,4.5,4.51,4.5,3068.0,1382550.0,4.502
601328.SH,2022-10-27,0.0,4.51,4.51,4.5,1793.0,807741.0,4.502
601328.SH,2022-10-27,0.0,4.5,4.51,4.5,945.0,425527.0,4.502
601328.SH,2022-10-27,0.0,4.5,4.51,4.5,4466.0,2009860.0,4.502
601328.SH,2022-10-27,0.0,4.51,4.51,4.5,2404.0,1082040.0,4.502
601328.SH,2022-10-27,0.0,4.5,4.51,4.5,3338.0,1502840.0,4.502
601328.SH,2022-10-27,0.0,4.5,4.51,4.5,2461.0,1108450.0,4.502
601328.SH,2022-10-27,0.0,4.5,4.51,4.5,2992.0,1347260.0,4.502
601328.SH,2022-10-27,0.0,4.5,4.51,4.5,1725.0,776885.0,4.502
601328.SH,2022-10-27,0.0,4.5,4.51,4.5,1242.0,559067.0,4.502
601328.SH,2022-10-27,0.0,4.51,4.51,4.5,2661.0,1198180.0,4.502
601328.SH,2022-10-27,0.0,4.5,4.51,4.5,1989.0,895598.0,4.502
601328.SH,2022-10-27,0.0,4.5,4.51,4.5,1434.0,645650.0,4.502
601328.SH,2022-10-27,0.0,4.5,4.51,4.5,3437.0,1547880.0,4.502
601328.SH,2022-10-27,0.0,4.5,4.51,4.5,1115.0,501943.0,4.502
601328.SH,2022-10-27,0.0,4.5,4.51,4.5,1489.0,670332.0,4.502
601328.SH,2022-10-27,0.0,4.5,4.51,4.5,3393.0,1527450.0,4.502
601328.SH,2022-10-27,0.0,4.5,4.5,4.5,12217.0,5498580.0,4.502
601328.SH,2022-10-27,0.0,4.5,4.51,4.5,2780.0,1251360.0,4.502
601328.SH,2022-10-27,0.0,4.51,4.51,4.5,1104.0,496888.0,4.502
601328.SH,2022-10-27,0.0,4.5,4.51,4.5,2026.0,911947.0,4.502
601328.SH,2022-10-27,0.0,4.5,4.51,4.5,1462.0,657990.0,4.502
601328.SH,2022-10-27,0.0,4.51,4.51,4.5,1489.0,670609.0,4.502
601328.SH,2022-10-27,0.0,4.5,4.51,4.5,983.0,442586.0,4.502
601328.SH,2022-10-27,0.0,4.51,4.51,4.5,2558.0,1152430.0,4.502
601328.SH,2022-10-27,0.0,4.5,4.51,4.5,1339.0,603322.0,4.502
601328.SH,2022-10-27,0.0,4.5,4.51,4.5,7605.0,3422400.0,4.502
601328.SH,2022-10-27,0.0,4.5,4.51,4.5,648.0,291694.0,4.502
601328.SH,2022-10-27,0.0,4.5,4.51,4.5,1183.0,532533.0,4.502
601328.SH,2022-10-27,0.0,4.5,4.51,4.5,940.0,423214.0,4.502
601328.SH,2022-10-27,0.0,4.5,4.51,4.5,1522.0,685284.0,4.502
601328.SH,2022-10-27,0.0,4.5,4.51,4.5,2483.0,1118260.0,4.502
601328.SH,2022-10-27,0.0,4.5,4.51,4.5,1425.0,641955.0,4.502
601328.SH,2022-10-27,0.0,4.5,4.51,4.5,716.0,322481.0,4.502
601328.SH,2022-10-27,0.0,4.5,4.51,4.5,2389.0,1075830.0,4.502
601328.SH,2022-10-27,0.0,4.51,4.51,4.5,1665.0,749894.0,4.502
601328.SH,2022-10-27,0.0,4.5,4.51,4.5,2077.0,935271.0,4.502
601328.SH,2022-10-27,0.0,4.5,4.51,4.5,671.0,302099.0,4.502
601328.SH,2022-10-27,0.0,4.5,4.51,4.5,2072.0,933318.0,4.502
601328.SH,2022-10-27,0.0,4.5,4.51,4.5,877.0,394846.0,4.502
601328.SH,2022-10-27,0.0,4.5,4.51,4.5,1507.0,678557.0,4.502
601328.SH,2022-10-27,0.0,4.5,4.51,4.5,2453.0,1104400.0,4.502
601328.SH,2022-10-27,0.0,4.5,4.51,4.5,634.0,285376.0,4.502
601328.SH,2022-10-27,0.0,4.5,4.51,4.5,1002.0,450945.0,4.502
601328.SH,2022-10-27,0.0,4.51,4.51,4.5,869.0,391089.0,4.502
601328.SH,2022-10-27,0.0,4.5,4.51,4.5,984.0,442921.0,4.502
601328.SH,2022-10-27,0.0,4.5,4.51,4.5,1985.0,893477.0,4.502
601328.SH,2022-10-27,0.0,4.5,4.51,4.5,839.0,377775.0,4.502
601328.SH,2022-10-27,0.0,4.5,4.51,4.5,1823.0,820480.0,4.502
601328.SH,2022-10-27,0.0,4.51,4.51,4.5,1390.0,625565.0,4.502
601328.SH,2022-10-27,0.0,4.5,4.51,4.5,2806.0,1262740.0,4.502
601328.SH,2022-10-27,0.0,4.5,4.51,4.5,2401.0,1080950.0,4.502
601328.SH,2022-10-27,0.0,4.51,4.51,4.5,1803.0,811626.0,4.502
601328.SH,2022-10-27,0.0,4.5,4.51,4.5,1563.0,703542.0,4.502
601328.SH,2022-10-27,0.0,4.5,4.51,4.5,1698.0,764168.0,4.502
601328.SH,2022-10-27,0.0,4.5,4.51,4.5,1170.0,526920.0,4.502
601328.SH,2022-10-27,0.0,4.5,4.51,4.5,1251.0,563111.0,4.502
601328.SH,2022-10-27,0.0,4.5,4.5,4.5,943.0,424368.0,4.502
601328.SH,2022-10-27,0.0,4.51,4.51,4.5,2189.0,986103.0,4.502
601328.SH,2022-10-27,0.0,4.51,4.51,4.5,3180.0,1432600.0,4.502
601328.SH,2022-10-27,0.0,4.5,4.51,4.5,1134.0,510366.0,4.502
601328.SH,2022-10-27,0.0,4.5,4.51,4.5,1969.0,886269.0,4.502
601328.SH,2022-10-27,0.0,4.5,4.51,4.5,967.0,435196.0,4.502
601328.SH,2022-10-27,0.0,4.5,4.51,4.5,2092.0,941488.0,4.502
601328.SH,2022-10-27,0.0,4.5,4.51,4.5,1598.0,719353.0,4.502
601328.SH,2022-10-27,0.0,4.5,4.51,4.5,1217.0,547493.0,4.502
601328.SH,2022-10-27,0.0,4.5,4.51,4.5,975.0,438816.0,4.502
601328.SH,2022-10-27,0.0,4.5,4.51,4.5,12318.0,5543180.0,4.502
601328.SH,2022-10-27,0.0,4.5,4.51,4.5,638.0,287238.0,4.502
601328.SH,2022-10-27,0.0,4.5,4.51,4.5,1036.0,466310.0,4.502
601328.SH,2022-10-27,0.0,4.5,4.51,4.5,2226.0,1002300.0,4.502
601328.SH,2022-10-27,0.0,4.5,4.51,4.5,2543.0,1144560.0,4.502
601328.SH,2022-10-27,0.0,4.5,4.51,4.5,1268.0,570698.0,4.502
601328.SH,2022-10-27,0.0,4.5,4.51,4.5,1492.0,671459.0,4.502
601328.SH,2022-10-27,0.0,4.5,4.51,4.5,1652.0,743516.0,4.502
601328.SH,2022-10-27,0.0,4.5,4.51,4.5,958.0,431205.0,4.502
601328.SH,2022-10-27,0.0,4.5,4.51,4.5,3119.0,1404090.0,4.502
601328.SH,2022-10-27,0.0,4.5,4.51,4.5,2351.0,1058350.0,4.502
601328.SH,2022-10-27,0.0,4.5,4.51,4.5,824.0,370837.0,4.502
601328.SH,2022-10-27,0.0,4.5,4.51,4.5,2013.0,906259.0,4.502
601328.SH,2022-10-27,0.0,4.51,4.51,4.5,1736.0,781753.0,4.502
601328.SH,2022-10-27,0.0,4.51,4.51,4.5,13276.0,5978100.0,4.502
601328.SH,2022-10-27,0.0,4.5,4.51,4.5,14617.0,6590290.0,4.502
601328.SH,2022-10-27,0.0,4.51,4.51,4.5,2140.0,963178.0,4.502
601328.SH,2022-10-27,0.0,4.5,4.51,4.5,3787.0,1704810.0,4.502
601328.SH,2022-10-27,0.0,4.5,4.51,4.5,2628.0,1182830.0,4.502
601328.SH,2022-10-27,0.0,4.51,4.51,4.5,3237.0,1456920.0,4.502
601328.SH,2022-10-27,0.0,4.5,4.51,4.5,3806.0,1712780.0,4.502
601328.SH,2022-10-27,0.0,4.51,4.51,4.5,2391.0,1076620.0,4.502
601328.SH,2022-10-27,0.0,4.51,4.51,4.5,5379.0,2422080.0,4.502
601328.SH,2022-10-27,0.0,4.51,4.51,4.5,2228.0,1002760.0,4.502
601328.SH,2022-10-27,0.0,4.5,4.51,4.5,14406.0,6482950.0,4.502
601328.SH,2022-10-27,0.0,4.51,4.51,4.5,2564.0,1154250.0,4.502
601328.SH,2022-10-27,0.0,4.5,4.51,4.5,1480.0,666165.0,4.502
601328.SH,2022-10-27,0.0,4.51,4.51,4.5,2149.0,968700.0,4.502
601328.SH,2022-10-27,0.0,4.51,4.51,4.5,13805.0,6212560.0,4.502
601328.SH,2022-10-27,0.0,4.5,4.51,4.5,4555.0,2050680.0,4.502
601328.SH,2022-10-27,0.0,4.5,4.51,4.5,3063.0,1379220.0,4.502
601328.SH,2022-10-27,0.0,4.5,4.51,4.5,2587.0,1164320.0,4.502
601328.SH,2022-10-27,0.0,4.5,4.51,4.5,1768.0,795660.0,4.502
601328.SH,2022-10-27,0.0,4.5,4.51,4.5,2325.0,1046740.0,4.502
601328.SH,2022-10-27,0.0,4.5,4.51,4.5,789.0,355219.0,4.502
601328.SH,2022-10-27,0.0,4.51,4.51,4.5,1596.0,718530.0,4.502
601328.SH,2022-10-27,0.0,4.51,4.51,4.5,3363.0,1514110.0,4.502
601328.SH,2022-10-27,0.0,4.5,4.51,4.5,1892.0,852551.0,4.502
601328.SH,2022-10-27,0.0,4.5,4.51,4.5,27771.0,12497700.0,4.502
601328.SH,2022-10-27,0.0,4.5,4.51,4.5,14804.0,6661870.0,4.502
601328.SH,2022-10-27,0.0,4.5,4.5,4.49,2504.0,1126740.0,4.502
601328.SH,2022-10-27,0.0,4.49,4.5,4.49,350.0,157418.0,4.502
601328.SH,2022-10-27,0.0,4.5,4.5,4.49,2816.0,1266740.0,4.502
601328.SH,2022-10-27,0.0,4.49,4.5,4.49,5862.0,2633340.0,4.502
601328.SH,2022-10-27,0.0,4.48,4.49,4.48,127243.0,57129800.0,4.5
601328.SH,2022-10-27,0.0,4.49,4.49,4.48,1459.0,654643.0,4.5
601328.SH,2022-10-27,0.0,4.48,4.49,4.48,1558.0,698661.0,4.5
601328.SH,2022-10-27,0.0,4.48,4.49,4.48,1033.0,463455.0,4.5
601328.SH,2022-10-27,0.0,4.49,4.49,4.48,5255.0,2358780.0,4.5
601328.SH,2022-10-27,0.0,4.49,4.5,4.49,23496.0,10550500.0,4.5
601328.SH,2022-10-27,0.0,4.49,4.5,4.49,3871.0,1739480.0,4.5
601328.SH,2022-10-27,0.0,4.49,4.5,4.49,3309.0,1485820.0,4.5
601328.SH,2022-10-27,0.0,4.5,4.5,4.49,2473.0,1112710.0,4.5
601328.SH,2022-10-27,0.0,4.49,4.5,4.49,617.0,277358.0,4.5
601328.SH,2022-10-27,0.0,4.5,4.5,4.49,1595.0,717237.0,4.5
601328.SH,2022-10-27,0.0,4.5,4.5,4.49,261.0,117387.0,4.5
601328.SH,2022-10-27,0.0,4.5,4.5,4.49,233.0,104831.0,4.5
601328.SH,2022-10-27,0.0,4.5,4.5,4.49,714.0,321212.0,4.5
601328.SH,2022-10-27,0.0,4.5,4.5,4.49,1906.0,856202.0,4.5
601328.SH,2022-10-27,0.0,4.5,4.5,4.49,1101.0,495062.0,4.5
601328.SH,2022-10-27,0.0,4.5,4.5,4.5,7217.0,3247040.0,4.5
601328.SH,2022-10-27,0.0,4.49,4.5,4.49,1797.0,808478.0,4.5
601328.SH,2022-10-27,0.0,4.5,4.5,4.49,1148.0,516353.0,4.5
601328.SH,2022-10-27,0.0,4.49,4.5,4.49,819.0,368029.0,4.5
601328.SH,2022-10-27,0.0,4.49,4.5,4.49,187.0,84015.0,4.5
601328.SH,2022-10-27,0.0,4.5,4.5,4.49,292.0,131364.0,4.5
601328.SH,2022-10-27,0.0,4.5,4.5,4.49,6433.0,2891810.0,4.5
601328.SH,2022-10-27,0.0,4.5,4.5,4.49,721.0,324267.0,4.5
601328.SH,2022-10-27,0.0,4.5,4.5,4.49,556.0,249934.0,4.5
601328.SH,2022-10-27,0.0,4.5,4.5,4.49,1843.0,828702.0,4.5
601328.SH,2022-10-27,0.0,4.5,4.5,4.49,4223.0,1896960.0,4.499
601328.SH,2022-10-27,0.0,4.49,4.5,4.49,780.0,350726.0,4.499
601328.SH,2022-10-27,0.0,4.5,4.5,4.49,710.0,319141.0,4.499
601328.SH,2022-10-27,0.0,4.49,4.5,4.49,300.0,134763.0,4.499
601328.SH,2022-10-27,0.0,4.5,4.5,4.49,502.0,225782.0,4.499
601328.SH,2022-10-27,0.0,4.5,4.5,4.49,712.0,319911.0,4.499
601328.SH,2022-10-27,0.0,4.49,4.5,4.49,560.0,251885.0,4.499
601328.SH,2022-10-27,0.0,4.49,4.5,4.49,1894.0,850867.0,4.499
601328.SH,2022-10-27,0.0,4.49,4.5,4.49,399.0,179306.0,4.499
601328.SH,2022-10-27,0.0,4.49,4.5,4.49,565.0,254053.0,4.499
601328.SH,2022-10-27,0.0,4.49,4.5,4.49,3072.0,1381400.0,4.499
601328.SH,2022-10-27,0.0,4.49,4.5,4.49,709.0,318719.0,4.499
601328.SH,2022-10-27,0.0,4.49,4.5,4.49,766.0,344688.0,4.499
601328.SH,2022-10-27,0.0,4.49,4.5,4.49,441.0,198245.0,4.499
601328.SH,2022-10-27,0.0,4.49,4.5,4.49,483.0,217301.0,4.499
601328.SH,2022-10-27,0.0,4.49,4.5,4.49,3171.0,1424060.0,4.499
601328.SH,2022-10-27,0.0,4.49,4.5,4.49,1074.0,482707.0,4.499
601328.SH,2022-10-27,0.0,4.5,4.5,4.49,587.0,263971.0,4.499
601328.SH,2022-10-27,0.0,4.5,4.5,4.49,429.0,192819.0,4.499
601328.SH,2022-10-27,0.0,4.5,4.5,4.49,675.0,303525.0,4.499
601328.SH,2022-10-27,0.0,4.49,4.5,4.49,1100.0,494846.0,4.499
601328.SH,2022-10-27,0.0,4.49,4.5,4.49,4097.0,1840040.0,4.499
601328.SH,2022-10-27,0.0,4.5,4.5,4.49,5294.0,2377370.0,4.499
601328.SH,2022-10-27,0.0,4.5,4.5,4.49,4184.0,1878960.0,4.499
601328.SH,2022-10-27,0.0,4.5,4.5,4.49,3087.0,1387410.0,4.499
601328.SH,2022-10-27,0.0,4.5,4.5,4.49,1587.0,712723.0,4.499
601328.SH,2022-10-27,0.0,4.49,4.5,4.49,1396.0,626885.0,4.499
601328.SH,2022-10-27,0.0,4.5,4.5,4.49,1423.0,638990.0,4.499
601328.SH,2022-10-27,0.0,4.5,4.5,4.49,3738.0,1679040.0,4.499
601328.SH,2022-10-27,0.0,4.49,4.5,4.49,1717.0,771001.0,4.499
601328.SH,2022-10-27,0.0,4.49,4.5,4.49,2355.0,1057580.0,4.499
601328.SH,2022-10-27,0.0,4.49,4.5,4.49,2482.0,1114840.0,4.499
601328.SH,2022-10-27,0.0,4.5,4.5,4.49,1754.0,788072.0,4.499
601328.SH,2022-10-27,0.0,4.5,4.5,4.49,1685.0,756742.0,4.499
601328.SH,2022-10-27,0.0,4.5,4.5,4.49,3499.0,1571170.0,4.499
601328.SH,2022-10-27,0.0,4.5,4.5,4.49,861.0,386997.0,4.499
601328.SH,2022-10-27,0.0,4.49,4.5,4.49,17762.0,7975560.0,4.499
601328.SH,2022-10-27,0.0,4.49,4.5,4.48,2378.0,1066660.0,4.499
601328.SH,2022-10-27,0.0,4.49,4.49,4.48,1704.0,764786.0,4.499
601328.SH,2022-10-27,0.0,4.49,4.49,4.48,1331.0,597455.0,4.499
601328.SH,2022-10-27,0.0,4.48,4.49,4.48,2462.0,1103790.0,4.499
601328.SH,2022-10-27,0.0,4.49,4.49,4.48,491.0,220383.0,4.499
601328.SH,2022-10-27,0.0,4.48,4.49,4.48,1741.0,781121.0,4.499
601328.SH,2022-10-27,0.0,4.49,4.49,4.48,1472.0,659973.0,4.499
601328.SH,2022-10-27,0.0,4.49,4.49,4.48,751.0,337039.0,4.499
601328.SH,2022-10-27,0.0,4.49,4.49,4.48,1017.0,456359.0,4.499
601328.SH,2022-10-27,0.0,4.49,4.49,4.48,2428.0,1089580.0,4.499
601328.SH,2022-10-27,0.0,4.49,4.49,4.48,1833.0,822392.0,4.499
601328.SH,2022-10-27,0.0,4.48,4.49,4.48,830.0,372255.0,4.499
601328.SH,2022-10-27,0.0,4.48,4.49,4.48,3771.0,1690560.0,4.499
601328.SH,2022-10-27,0.0,4.48,4.49,4.48,91941.0,41190200.0,4.497
601328.SH,2022-10-27,0.0,4.48,4.48,4.47,5163.0,2313080.0,4.497
601328.SH,2022-10-27,0.0,4.48,4.48,4.47,2991.0,1339800.0,4.497
601328.SH,2022-10-27,0.0,4.48,4.48,4.47,2369.0,1061180.0,4.497
601328.SH,2022-10-27,0.0,4.48,4.49,4.48,5008.0,2243900.0,4.497
601328.SH,2022-10-27,0.0,4.48,4.48,4.48,4607.0,2064130.0,4.497
601328.SH,2022-10-27,0.0,4.47,4.48,4.47,6411.0,2871230.0,4.497
601328.SH,2022-10-27,0.0,4.48,4.49,4.47,1927.0,863243.0,4.497
601328.SH,2022-10-27,0.0,4.48,4.49,4.48,2973.0,1333560.0,4.497
601328.SH,2022-10-27,0.0,4.49,4.49,4.47,14219.0,6369750.0,4.496
601328.SH,2022-10-27,0.0,4.48,4.49,4.47,4973.0,2230620.0,4.496
601328.SH,2022-10-27,0.0,4.48,4.48,4.48,134.0,60057.0,4.496
601328.SH,2022-10-27,0.0,4.48,4.48,4.48,0.0,0.0,4.496
601328.SH,2022-10-27,0.0,4.47,4.47,4.47,60231.0,26923300.0,4.495
601328.SH,2022-10-28,0.0,4.47,4.47,4.47,3778.0,1688590.0,4.47
601328.SH,2022-10-28,0.0,4.48,4.48,4.47,15499.0,6939900.0,4.476
601328.SH,2022-10-28,0.0,4.48,4.48,4.47,3528.0,1580190.0,4.477
601328.SH,2022-10-28,0.0,4.48,4.48,4.47,7602.0,3404620.0,4.477
601328.SH,2022-10-28,0.0,4.48,4.48,4.47,13397.0,5999200.0,4.477
601328.SH,2022-10-28,0.0,4.48,4.49,4.47,7665.0,3432950.0,4.478
601328.SH,2022-10-28,0.0,4.49,4.49,4.48,4509.0,2022140.0,4.478
601328.SH,2022-10-28,0.0,4.49,4.49,4.48,3190.0,1431940.0,4.479
601328.SH,2022-10-28,0.0,4.49,4.49,4.48,3808.0,1708870.0,4.479
601328.SH,2022-10-28,0.0,4.49,4.49,4.48,1051.0,471481.0,4.479
601328.SH,2022-10-28,0.0,4.49,4.49,4.48,2074.0,930949.0,4.48
601328.SH,2022-10-28,0.0,4.48,4.49,4.48,2083.0,934945.0,4.48
601328.SH,2022-10-28,0.0,4.48,4.49,4.48,5267.0,2360600.0,4.48
601328.SH,2022-10-28,0.0,4.49,4.49,4.48,2029.0,910056.0,4.48
601328.SH,2022-10-28,0.0,4.49,4.49,4.48,1988.0,891894.0,4.48
601328.SH,2022-10-28,0.0,4.49,4.49,4.48,2370.0,1063360.0,4.481
601328.SH,2022-10-28,0.0,4.49,4.49,4.48,4106.0,1841070.0,4.481
601328.SH,2022-10-28,0.0,4.48,4.49,4.48,5726.0,2566100.0,4.481
601328.SH,2022-10-28,0.0,4.49,4.49,4.48,12357.0,5536050.0,4.481
601328.SH,2022-10-28,0.0,4.48,4.49,4.48,5420.0,2428800.0,4.481
601328.SH,2022-10-28,0.0,4.48,4.49,4.48,5525.0,2475990.0,4.481
601328.SH,2022-10-28,0.0,4.48,4.49,4.48,18405.0,8245840.0,4.481
601328.SH,2022-10-28,0.0,4.48,4.49,4.48,2428.0,1088160.0,4.481
601328.SH,2022-10-28,0.0,4.48,4.49,4.48,3961.0,1775760.0,4.481
601328.SH,2022-10-28,0.0,4.49,4.49,4.48,984.0,441530.0,4.481
601328.SH,2022-10-28,0.0,4.48,4.49,4.48,3343.0,1498410.0,4.481
601328.SH,2022-10-28,0.0,4.49,4.49,4.48,2846.0,1276170.0,4.481
601328.SH,2022-10-28,0.0,4.49,4.49,4.48,3960.0,1775770.0,4.481
601328.SH,2022-10-28,0.0,4.48,4.49,4.48,3349.0,1501380.0,4.481
601328.SH,2022-10-28,0.0,4.49,4.49,4.48,1963.0,880181.0,4.481
601328.SH,2022-10-28,0.0,4.49,4.5,4.48,42179.0,18938300.0,4.483
601328.SH,2022-10-28,0.0,4.49,4.5,4.49,2205.0,992134.0,4.483
601328.SH,2022-10-28,0.0,4.49,4.5,4.49,4033.0,1813250.0,4.483
601328.SH,2022-10-28,0.0,4.5,4.5,4.49,2978.0,1337250.0,4.484
601328.SH,2022-10-28,0.0,4.5,4.5,4.49,17039.0,7651060.0,4.484
601328.SH,2022-10-28,0.0,4.49,4.5,4.48,5840.0,2622360.0,4.484
601328.SH,2022-10-28,0.0,4.49,4.49,4.48,2331.0,1046300.0,4.484
601328.SH,2022-10-28,0.0,4.5,4.5,4.49,3744.0,1681070.0,4.484
601328.SH,2022-10-28,0.0,4.49,4.5,4.49,3879.0,1742190.0,4.484
601328.SH,2022-10-28,0.0,4.5,4.5,4.49,3032.0,1361460.0,4.485
601328.SH,2022-10-28,0.0,4.5,4.5,4.49,1467.0,659642.0,4.485
601328.SH,2022-10-28,0.0,4.5,4.5,4.49,2580.0,1159690.0,4.485
601328.SH,2022-10-28,0.0,4.5,4.5,4.49,2650.0,1191120.0,4.485
601328.SH,2022-10-28,0.0,4.49,4.5,4.49,824.0,370163.0,4.485
601328.SH,2022-10-28,0.0,4.49,4.5,4.49,5013.0,2255700.0,4.485
601328.SH,2022-10-28,0.0,4.5,4.5,4.49,3462.0,1557650.0,4.485
601328.SH,2022-10-28,0.0,4.5,4.5,4.49,900.0,404635.0,4.485
601328.SH,2022-10-28,0.0,4.5,4.5,4.49,1677.0,753684.0,4.485
601328.SH,2022-10-28,0.0,4.5,4.5,4.49,6953.0,3128600.0,4.486
601328.SH,2022-10-28,0.0,4.5,4.5,4.49,921.0,414397.0,4.486
601328.SH,2022-10-28,0.0,4.51,4.51,4.49,38687.0,17410700.0,4.488
601328.SH,2022-10-28,0.0,4.51,4.51,4.5,1013.0,456104.0,4.488
601328.SH,2022-10-28,0.0,4.51,4.51,4.5,2766.0,1245060.0,4.488
601328.SH,2022-10-28,0.0,4.5,4.51,4.5,3063.0,1378840.0,4.488
601328.SH,2022-10-28,0.0,4.5,4.51,4.5,1461.0,657928.0,4.488
601328.SH,2022-10-28,0.0,4.5,4.51,4.5,3273.0,1474200.0,4.488
601328.SH,2022-10-28,0.0,4.51,4.51,4.5,1367.0,615407.0,4.488
601328.SH,2022-10-28,0.0,4.5,4.51,4.5,3204.0,1442080.0,4.488
601328.SH,2022-10-28,0.0,4.5,4.51,4.5,2068.0,930867.0,4.489
601328.SH,2022-10-28,0.0,4.5,4.51,4.5,4882.0,2197200.0,4.489
601328.SH,2022-10-28,0.0,4.51,4.51,4.5,1137.0,511802.0,4.489
601328.SH,2022-10-28,0.0,4.5,4.51,4.5,1072.0,482676.0,4.489
601328.SH,2022-10-28,0.0,4.5,4.51,4.5,1971.0,887630.0,4.489
601328.SH,2022-10-28,0.0,4.49,4.51,4.49,2705.0,1217170.0,4.489
601328.SH,2022-10-28,0.0,4.5,4.5,4.49,380.0,170926.0,4.489
601328.SH,2022-10-28,0.0,4.5,4.5,4.49,1134.0,509798.0,4.489
601328.SH,2022-10-28,0.0,4.49,4.5,4.49,1074.0,483208.0,4.489
601328.SH,2022-10-28,0.0,4.5,4.5,4.49,279.0,125548.0,4.489
601328.SH,2022-10-28,0.0,4.5,4.5,4.49,360.0,161863.0,4.489
601328.SH,2022-10-28,0.0,4.5,4.5,4.5,604.0,271781.0,4.489
601328.SH,2022-10-28,0.0,4.49,4.5,4.49,582.0,261677.0,4.489
601328.SH,2022-10-28,0.0,4.49,4.5,4.49,706.0,317510.0,4.489
601328.SH,2022-10-28,0.0,4.5,4.5,4.49,5817.0,2616510.0,4.489
601328.SH,2022-10-28,0.0,4.5,4.5,4.49,1633.0,733767.0,4.489
601328.SH,2022-10-28,0.0,4.49,4.5,4.49,1349.0,606020.0,4.489
601328.SH,2022-10-28,0.0,4.5,4.5,4.49,4006.0,1799140.0,4.489
601328.SH,2022-10-28,0.0,4.49,4.5,4.49,2539.0,1140680.0,4.489
601328.SH,2022-10-28,0.0,4.5,4.5,4.49,1643.0,738286.0,4.489
601328.SH,2022-10-28,0.0,4.5,4.5,4.49,1326.0,595678.0,4.489
601328.SH,2022-10-28,0.0,4.5,4.5,4.49,953.0,428349.0,4.489
601328.SH,2022-10-28,0.0,4.5,4.5,4.49,450.0,202353.0,4.489
601328.SH,2022-10-28,0.0,4.5,4.5,4.49,1760.0,790894.0,4.489
601328.SH,2022-10-28,0.0,4.5,4.5,4.49,1426.0,640657.0,4.489
601328.SH,2022-10-28,0.0,4.49,4.5,4.49,2296.0,1032560.0,4.489
601328.SH,2022-10-28,0.0,4.5,4.51,4.49,16076.0,7236060.0,4.49
601328.SH,2022-10-28,0.0,4.5,4.51,4.5,2051.0,923025.0,4.49
601328.SH,2022-10-28,0.0,4.51,4.51,4.5,1530.0,688659.0,4.49
601328.SH,2022-10-28,0.0,4.5,4.51,4.5,1345.0,605871.0,4.49
601328.SH,2022-10-28,0.0,4.5,4.51,4.5,2883.0,1298010.0,4.49
601328.SH,2022-10-28,0.0,4.5,4.51,4.5,9683.0,4357960.0,4.49
601328.SH,2022-10-28,0.0,4.5,4.51,4.5,1516.0,682502.0,4.49
601328.SH,2022-10-28,0.0,4.5,4.51,4.5,1230.0,553518.0,4.491
601328.SH,2022-10-28,0.0,4.5,4.51,4.5,2818.0,1268790.0,4.491
601328.SH,2022-10-28,0.0,4.51,4.51,4.5,1516.0,682340.0,4.491
601328.SH,2022-10-28,0.0,4.51,4.51,4.5,2646.0,1191320.0,4.491
601328.SH,2022-10-28,0.0,4.51,4.51,4.5,1112.0,500419.0,4.491
601328.SH,2022-10-28,0.0,4.5,4.51,4.5,1395.0,627844.0,4.491
601328.SH,2022-10-28,0.0,4.5,4.51,4.5,1586.0,713719.0,4.491
601328.SH,2022-10-28,0.0,4.51,4.51,4.5,3154.0,1420020.0,4.491
601328.SH,2022-10-28,0.0,4.51,4.51,4.5,1609.0,724667.0,4.491
601328.SH,2022-10-28,0.0,4.5,4.51,4.5,4799.0,2161160.0,4.491
601328.SH,2022-10-28,0.0,4.5,4.51,4.5,3460.0,1558690.0,4.491
601328.SH,2022-10-28,0.0,4.51,4.51,4.5,2524.0,1137020.0,4.491
601328.SH,2022-10-28,0.0,4.5,4.51,4.5,1587.0,714232.0,4.491
601328.SH,2022-10-28,0.0,4.5,4.51,4.5,2075.0,933762.0,4.491
601328.SH,2022-10-28,0.0,4.5,4.5,4.49,229.0,102976.0,4.491
601328.SH,2022-10-28,0.0,4.5,4.5,4.49,239.0,107449.0,4.491
601328.SH,2022-10-28,0.0,4.5,4.51,4.49,4456.0,2005180.0,4.491
601328.SH,2022-10-28,0.0,4.5,4.5,4.49,258.0,116076.0,4.491
601328.SH,2022-10-28,0.0,4.5,4.5,4.49,108.0,48535.0,4.491
601328.SH,2022-10-28,0.0,4.5,4.5,4.49,847.0,381074.0,4.491
601328.SH,2022-10-28,0.0,4.5,4.5,4.49,321.0,144306.0,4.491
601328.SH,2022-10-28,0.0,4.5,4.5,4.49,270.0,121425.0,4.491
601328.SH,2022-10-28,0.0,4.5,4.51,4.5,2580.0,1161030.0,4.492
601328.SH,2022-10-28,0.0,4.51,4.51,4.5,1431.0,644128.0,4.492
601328.SH,2022-10-28,0.0,4.5,4.51,4.49,572.0,257376.0,4.492
601328.SH,2022-10-28,0.0,4.5,4.5,4.49,856.0,385164.0,4.492
601328.SH,2022-10-28,0.0,4.49,4.5,4.49,422.0,189729.0,4.492
601328.SH,2022-10-28,0.0,4.5,4.5,4.49,231.0,103882.0,4.492
601328.SH,2022-10-28,0.0,4.5,4.5,4.49,1207.0,542909.0,4.492
601328.SH,2022-10-28,0.0,4.49,4.5,4.49,419.0,188286.0,4.492
601328.SH,2022-10-28,0.0,4.49,4.5,4.49,2535.0,1139550.0,4.492
601328.SH,2022-10-28,0.0,4.49,4.5,4.49,570.0,256329.0,4.492
601328.SH,2022-10-28,0.0,4.49,4.5,4.49,2223.0,999274.0,4.492
601328.SH,2022-10-28,0.0,4.5,4.5,4.49,367.0,164863.0,4.492
601328.SH,2022-10-28,0.0,4.49,4.5,4.49,2380.0,1069400.0,4.492
601328.SH,2022-10-28,0.0,4.5,4.5,4.49,875.0,393222.0,4.492
601328.SH,2022-10-28,0.0,4.49,4.5,4.49,1368.0,614374.0,4.492
601328.SH,2022-10-28,0.0,4.49,4.5,4.49,1194.0,536689.0,4.492
601328.SH,2022-10-28,0.0,4.5,4.5,4.49,1753.0,787785.0,4.492
601328.SH,2022-10-28,0.0,4.5,4.5,4.49,759.0,341192.0,4.492
601328.SH,2022-10-28,0.0,4.49,4.5,4.49,1121.0,503511.0,4.492
601328.SH,2022-10-28,0.0,4.5,4.5,4.49,621.0,279400.0,4.492
601328.SH,2022-10-28,0.0,4.49,4.5,4.49,2839.0,1274990.0,4.492
601328.SH,2022-10-28,0.0,4.49,4.5,4.49,994.0,446698.0,4.492
601328.SH,2022-10-28,0.0,4.5,4.5,4.49,1785.0,802714.0,4.492
601328.SH,2022-10-28,0.0,4.5,4.5,4.49,738.0,331932.0,4.492
601328.SH,2022-10-28,0.0,4.5,4.5,4.49,1076.0,483362.0,4.492
601328.SH,2022-10-28,0.0,4.5,4.5,4.49,988.0,443996.0,4.492
601328.SH,2022-10-28,0.0,4.49,4.5,4.49,977.0,438948.0,4.492
601328.SH,2022-10-28,0.0,4.5,4.5,4.49,578.0,259879.0,4.492
601328.SH,2022-10-28,0.0,4.5,4.5,4.49,1715.0,770584.0,4.492
601328.SH,2022-10-28,0.0,4.5,4.5,4.49,1652.0,742539.0,4.492
601328.SH,2022-10-28,0.0,4.49,4.5,4.49,3927.0,1763950.0,4.492
601328.SH,2022-10-28,0.0,4.49,4.5,4.49,1328.0,596806.0,4.492
601328.SH,2022-10-28,0.0,4.49,4.5,4.49,2377.0,1068700.0,4.492
601328.SH,2022-10-28,0.0,4.5,4.5,4.49,1988.0,893537.0,4.492
601328.SH,2022-10-28,0.0,4.49,4.5,4.49,2183.0,980320.0,4.492
601328.SH,2022-10-28,0.0,4.5,4.5,4.49,2466.0,1107570.0,4.492
601328.SH,2022-10-28,0.0,4.5,4.5,4.49,3887.0,1745880.0,4.492
601328.SH,2022-10-28,0.0,4.49,4.5,4.49,5349.0,2401720.0,4.492
601328.SH,2022-10-28,0.0,4.49,4.5,4.49,4302.0,1932110.0,4.492
601328.SH,2022-10-28,0.0,4.5,4.5,4.49,12413.0,5576870.0,4.492
601328.SH,2022-10-28,0.0,4.49,4.5,4.49,2482.0,1114510.0,4.492
601328.SH,2022-10-28,0.0,4.49,4.5,4.49,2032.0,912421.0,4.492
601328.SH,2022-10-28,0.0,4.49,4.5,4.49,1753.0,787220.0,4.492
601328.SH,2022-10-28,0.0,4.49,4.5,4.49,1478.0,663756.0,4.492
601328.SH,2022-10-28,0.0,4.49,4.5,4.49,11111.0,4989080.0,4.492
601328.SH,2022-10-28,0.0,4.49,4.5,4.49,2521.0,1132300.0,4.492
601328.SH,2022-10-28,0.0,4.49,4.49,4.48,1712.0,768447.0,4.492
601328.SH,2022-10-28,0.0,4.49,4.5,4.48,1516.0,680890.0,4.492
601328.SH,2022-10-28,0.0,4.49,4.5,4.49,741.0,332697.0,4.492
601328.SH,2022-10-28,0.0,4.49,4.49,4.48,743.0,333500.0,4.492
601328.SH,2022-10-28,0.0,4.48,4.49,4.48,1542.0,691742.0,4.492
601328.SH,2022-10-28,0.0,4.49,4.49,4.48,2254.0,1010760.0,4.492
601328.SH,2022-10-28,0.0,4.49,4.49,4.48,1565.0,701414.0,4.492
601328.SH,2022-10-28,0.0,4.49,4.49,4.48,3016.0,1352520.0,4.492
601328.SH,2022-10-28,0.0,4.48,4.49,4.48,1842.0,825422.0,4.492
601328.SH,2022-10-28,0.0,4.48,4.49,4.48,4882.0,2188160.0,4.491
601328.SH,2022-10-28,0.0,4.48,4.49,4.48,3100.0,1389420.0,4.491
601328.SH,2022-10-28,0.0,4.48,4.49,4.48,2960.0,1326700.0,4.491
601328.SH,2022-10-28,0.0,4.49,4.49,4.48,680.0,305066.0,4.491
601328.SH,2022-10-28,0.0,4.49,4.49,4.48,2419.0,1084490.0,4.491
601328.SH,2022-10-28,0.0,4.48,4.49,4.48,12571.0,5632160.0,4.491
601328.SH,2022-10-28,0.0,4.49,4.49,4.48,1964.0,880016.0,4.491
601328.SH,2022-10-28,0.0,4.49,4.49,4.48,2003.0,898209.0,4.491
601328.SH,2022-10-28,0.0,4.48,4.49,4.48,2479.0,1110650.0,4.491
601328.SH,2022-10-28,0.0,4.49,4.49,4.48,1578.0,707150.0,4.491
601328.SH,2022-10-28,0.0,4.48,4.49,4.48,3421.0,1534400.0,4.491
601328.SH,2022-10-28,0.0,4.48,4.49,4.48,445.0,199642.0,4.491
601328.SH,2022-10-28,0.0,4.49,4.49,4.48,449.0,201478.0,4.491
601328.SH,2022-10-28,0.0,4.48,4.49,4.48,720.0,322787.0,4.491
601328.SH,2022-10-28,0.0,4.49,4.49,4.48,1529.0,685241.0,4.491
601328.SH,2022-10-28,0.0,4.48,4.49,4.48,994.0,445609.0,4.491
601328.SH,2022-10-28,0.0,4.48,4.49,4.48,3103.0,1390390.0,4.491
601328.SH,2022-10-28,0.0,4.48,4.49,4.48,1378.0,617656.0,4.491
601328.SH,2022-10-28,0.0,4.48,4.49,4.48,633.0,283690.0,4.491
601328.SH,2022-10-28,0.0,4.49,4.49,4.48,14867.0,6672060.0,4.491
601328.SH,2022-10-28,0.0,4.48,4.49,4.48,2606.0,1167680.0,4.491
601328.SH,2022-10-28,0.0,4.48,4.49,4.48,1530.0,685862.0,4.491
601328.SH,2022-10-28,0.0,4.48,4.49,4.48,456.0,204437.0,4.491
601328.SH,2022-10-28,0.0,4.48,4.49,4.48,3332.0,1492820.0,4.491
601328.SH,2022-10-28,0.0,4.48,4.49,4.48,1936.0,867649.0,4.491
601328.SH,2022-10-28,0.0,4.48,4.49,4.48,4730.0,2119120.0,4.491
601328.SH,2022-10-28,0.0,4.48,4.49,4.48,13082.0,5863950.0,4.49
601328.SH,2022-10-28,0.0,4.48,4.48,4.47,3067.0,1372140.0,4.49
601328.SH,2022-10-28,0.0,4.48,4.48,4.47,2791.0,1248640.0,4.49
601328.SH,2022-10-28,0.0,4.48,4.48,4.47,830.0,371703.0,4.49
601328.SH,2022-10-28,0.0,4.48,4.48,4.47,2558.0,1144020.0,4.49
601328.SH,2022-10-28,0.0,4.48,4.48,4.47,2991.0,1337460.0,4.49
601328.SH,2022-10-28,0.0,4.48,4.48,4.47,2448.0,1094710.0,4.49
601328.SH,2022-10-28,0.0,4.47,4.48,4.47,2544.0,1137810.0,4.49
601328.SH,2022-10-28,0.0,4.48,4.48,4.47,1402.0,627384.0,4.49
601328.SH,2022-10-28,0.0,4.48,4.48,4.47,4358.0,1949100.0,4.49
601328.SH,2022-10-28,0.0,4.47,4.48,4.47,2294.0,1026310.0,4.49
601328.SH,2022-10-28,0.0,4.48,4.48,4.47,2331.0,1043640.0,4.49
601328.SH,2022-10-28,0.0,4.48,4.48,4.47,8978.0,4015870.0,4.489
601328.SH,2022-10-28,0.0,4.47,4.48,4.47,1672.0,748439.0,4.489
601328.SH,2022-10-28,0.0,4.48,4.48,4.47,961.0,429985.0,4.489
601328.SH,2022-10-28,0.0,4.47,4.48,4.47,1944.0,870236.0,4.489
601328.SH,2022-10-28,0.0,4.48,4.48,4.47,3696.0,1652390.0,4.489
601328.SH,2022-10-28,0.0,4.48,4.48,4.47,1937.0,866445.0,4.489
601328.SH,2022-10-28,0.0,4.48,4.48,4.47,2558.0,1144150.0,4.489
601328.SH,2022-10-28,0.0,4.47,4.48,4.47,1396.0,624483.0,4.489
601328.SH,2022-10-28,0.0,4.47,4.48,4.47,2059.0,920823.0,4.489
601328.SH,2022-10-28,0.0,4.47,4.48,4.47,759.0,339909.0,4.489
601328.SH,2022-10-28,0.0,4.48,4.48,4.47,10331.0,4619970.0,4.489
601328.SH,2022-10-28,0.0,4.48,4.48,4.47,4305.0,1927490.0,4.489
601328.SH,2022-10-28,0.0,4.47,4.48,4.47,2623.0,1173570.0,4.489
601328.SH,2022-10-28,0.0,4.47,4.48,4.47,1183.0,529149.0,4.489
601328.SH,2022-10-28,0.0,4.47,4.48,4.47,4549.0,2034920.0,4.489
601328.SH,2022-10-28,0.0,4.48,4.48,4.47,1490.0,666448.0,4.489
601328.SH,2022-10-28,0.0,4.48,4.48,4.47,1507.0,674562.0,4.489
601328.SH,2022-10-28,0.0,4.47,4.48,4.47,1180.0,528092.0,4.488
601328.SH,2022-10-28,0.0,4.47,4.48,4.47,4696.0,2099930.0,4.488
601328.SH,2022-10-28,0.0,4.48,4.48,4.47,3087.0,1381590.0,4.488
601328.SH,2022-10-28,0.0,4.47,4.48,4.47,2524.0,1129330.0,4.488
601328.SH,2022-10-28,0.0,4.48,4.48,4.47,7314.0,3270160.0,4.488
601328.SH,2022-10-28,0.0,4.48,4.48,4.47,22300.0,9969780.0,4.488
601328.SH,2022-10-28,0.0,4.48,4.48,4.46,9459.0,4228600.0,4.487
601328.SH,2022-10-28,0.0,4.47,4.48,4.47,12892.0,5763300.0,4.487
601328.SH,2022-10-28,0.0,4.47,4.48,4.46,8575.0,3833960.0,4.487
601328.SH,2022-10-28,0.0,4.48,4.48,4.47,4440.0,1985440.0,4.487
601328.SH,2022-10-28,0.0,4.47,4.48,4.47,2486.0,1111960.0,4.487
601328.SH,2022-10-28,0.0,4.48,4.48,4.47,2021.0,903925.0,4.487
601328.SH,2022-10-28,0.0,4.47,4.48,4.47,1906.0,852883.0,4.487
601328.SH,2022-10-28,0.0,4.48,4.48,4.47,4222.0,1889010.0,4.487
601328.SH,2022-10-28,0.0,4.47,4.48,4.47,5577.0,2493640.0,4.487
601328.SH,2022-10-28,0.0,4.47,4.47,4.47,0.0,0.0,4.487
601328.SH,2022-10-28,0.0,4.47,4.47,4.47,0.0,0.0,4.487
601328.SH,2022-10-28,0.0,4.48,4.48,4.48,8905.0,3989440.0,4.487
601328.SH,2022-10-31,0.0,4.47,4.47,4.47,8278.0,3700060.0,4.47
601328.SH,2022-10-31,0.0,4.48,4.48,4.47,21916.0,9810530.0,4.475
601328.SH,2022-10-31,0.0,4.46,4.48,4.46,22672.0,10138900.0,4.474
601328.SH,2022-10-31,0.0,4.47,4.47,4.46,8774.0,3921320.0,4.473
601328.SH,2022-10-31,0.0,4.47,4.47,4.46,9776.0,4364880.0,4.472
601328.SH,2022-10-31,0.0,4.47,4.47,4.46,3851.0,1719780.0,4.472
601328.SH,2022-10-31,0.0,4.47,4.47,4.46,5516.0,2464150.0,4.471
601328.SH,2022-10-31,0.0,4.47,4.47,4.46,4515.0,2015170.0,4.471
601328.SH,2022-10-31,0.0,4.46,4.47,4.46,3617.0,1614510.0,4.471
601328.SH,2022-10-31,0.0,4.46,4.47,4.45,48009.0,21410700.0,4.467
601328.SH,2022-10-31,0.0,4.45,4.46,4.45,5994.0,2671600.0,4.466
601328.SH,2022-10-31,0.0,4.45,4.46,4.45,4329.0,1929180.0,4.466
601328.SH,2022-10-31,0.0,4.46,4.46,4.45,4365.0,1946090.0,4.466
601328.SH,2022-10-31,0.0,4.45,4.46,4.45,5414.0,2413740.0,4.466
601328.SH,2022-10-31,0.0,4.46,4.46,4.45,4051.0,1806000.0,4.465
601328.SH,2022-10-31,0.0,4.46,4.46,4.45,4274.0,1905270.0,4.465
601328.SH,2022-10-31,0.0,4.46,4.46,4.45,10464.0,4658750.0,4.464
601328.SH,2022-10-31,0.0,4.46,4.46,4.45,2806.0,1250780.0,4.464
601328.SH,2022-10-31,0.0,4.45,4.46,4.45,11310.0,5036530.0,4.464
601328.SH,2022-10-31,0.0,4.45,4.46,4.45,1346.0,599812.0,4.464
601328.SH,2022-10-31,0.0,4.45,4.46,4.45,17011.0,7586600.0,4.463
601328.SH,2022-10-31,0.0,4.46,4.46,4.45,3359.0,1497310.0,4.463
601328.SH,2022-10-31,0.0,4.46,4.46,4.45,3619.0,1613850.0,4.463
601328.SH,2022-10-31,0.0,4.45,4.46,4.45,5078.0,2264280.0,4.463
601328.SH,2022-10-31,0.0,4.46,4.46,4.45,4473.0,1993940.0,4.463
601328.SH,2022-10-31,0.0,4.45,4.46,4.45,5623.0,2505640.0,4.463
601328.SH,2022-10-31,0.0,4.46,4.46,4.45,8120.0,3621070.0,4.463
601328.SH,2022-10-31,0.0,4.46,4.47,4.46,1078.0,481660.0,4.463
601328.SH,2022-10-31,0.0,4.46,4.47,4.46,4050.0,1807380.0,4.463
601328.SH,2022-10-31,0.0,4.47,4.47,4.46,503.0,224743.0,4.463
601328.SH,2022-10-31,0.0,4.46,4.47,4.46,2648.0,1182910.0,4.463
601328.SH,2022-10-31,0.0,4.46,4.47,4.46,938.0,418979.0,4.463
601328.SH,2022-10-31,0.0,4.47,4.47,4.46,1139.0,508782.0,4.463
601328.SH,2022-10-31,0.0,4.47,4.47,4.46,4180.0,1867790.0,4.463
601328.SH,2022-10-31,0.0,4.46,4.47,4.46,1528.0,681711.0,4.463
601328.SH,2022-10-31,0.0,4.47,4.47,4.46,2570.0,1146850.0,4.463
601328.SH,2022-10-31,0.0,4.47,4.47,4.46,3077.0,1373570.0,4.463
601328.SH,2022-10-31,0.0,4.46,4.47,4.46,1817.0,811527.0,4.463
601328.SH,2022-10-31,0.0,4.46,4.47,4.46,3392.0,1514060.0,4.463
601328.SH,2022-10-31,0.0,4.46,4.47,4.46,1603.0,715871.0,4.463
601328.SH,2022-10-31,0.0,4.47,4.47,4.46,2026.0,904549.0,4.463
601328.SH,2022-10-31,0.0,4.46,4.47,4.46,6658.0,2970250.0,4.463
601328.SH,2022-10-31,0.0,4.45,4.47,4.45,31776.0,14166100.0,4.462
601328.SH,2022-10-31,0.0,4.45,4.46,4.45,2406.0,1072410.0,4.462
601328.SH,2022-10-31,0.0,4.45,4.46,4.45,1302.0,580452.0,4.462
601328.SH,2022-10-31,0.0,4.46,4.46,4.45,2741.0,1221010.0,4.462
601328.SH,2022-10-31,0.0,4.46,4.46,4.45,2464.0,1097590.0,4.462
601328.SH,2022-10-31,0.0,4.45,4.46,4.45,47748.0,21249800.0,4.461
601328.SH,2022-10-31,0.0,4.45,4.46,4.45,3647.0,1624360.0,4.461
601328.SH,2022-10-31,0.0,4.45,4.46,4.45,833.0,371153.0,4.461
601328.SH,2022-10-31,0.0,4.45,4.46,4.45,1626.0,724282.0,4.461
601328.SH,2022-10-31,0.0,4.45,4.46,4.45,2600.0,1157800.0,4.461
601328.SH,2022-10-31,0.0,4.45,4.46,4.45,2104.0,936734.0,4.46
601328.SH,2022-10-31,0.0,4.45,4.46,4.45,1670.0,743835.0,4.46
601328.SH,2022-10-31,0.0,4.45,4.46,4.45,1640.0,730718.0,4.46
601328.SH,2022-10-31,0.0,4.45,4.46,4.45,2278.0,1015200.0,4.46
601328.SH,2022-10-31,0.0,4.45,4.46,4.45,1085.0,483594.0,4.46
601328.SH,2022-10-31,0.0,4.46,4.46,4.45,2500.0,1114230.0,4.46
601328.SH,2022-10-31,0.0,4.45,4.46,4.45,2816.0,1254820.0,4.46
601328.SH,2022-10-31,0.0,4.46,4.46,4.45,2872.0,1279530.0,4.46
601328.SH,2022-10-31,0.0,4.46,4.46,4.45,1910.0,851552.0,4.46
601328.SH,2022-10-31,0.0,4.47,4.47,4.45,8164.0,3641480.0,4.46
601328.SH,2022-10-31,0.0,4.47,4.47,4.46,1427.0,637681.0,4.46
601328.SH,2022-10-31,0.0,4.47,4.47,4.46,641.0,286357.0,4.46
601328.SH,2022-10-31,0.0,4.46,4.47,4.46,634.0,283107.0,4.46
601328.SH,2022-10-31,0.0,4.47,4.47,4.46,4401.0,1963900.0,4.46
601328.SH,2022-10-31,0.0,4.46,4.47,4.46,1858.0,830202.0,4.46
601328.SH,2022-10-31,0.0,4.47,4.47,4.46,280.0,125122.0,4.46
601328.SH,2022-10-31,0.0,4.46,4.47,4.46,6631.0,2958080.0,4.46
601328.SH,2022-10-31,0.0,4.46,4.47,4.46,1862.0,831017.0,4.46
601328.SH,2022-10-31,0.0,4.47,4.47,4.46,1941.0,867503.0,4.46
601328.SH,2022-10-31,0.0,4.46,4.47,4.46,1847.0,825028.0,4.461
601328.SH,2022-10-31,0.0,4.47,4.47,4.46,1127.0,503357.0,4.461
601328.SH,2022-10-31,0.0,4.46,4.47,4.46,1088.0,486053.0,4.461
601328.SH,2022-10-31,0.0,4.46,4.47,4.46,4621.0,2065210.0,4.461
601328.SH,2022-10-31,0.0,4.46,4.47,4.46,1942.0,867079.0,4.461
601328.SH,2022-10-31,0.0,4.46,4.47,4.46,1018.0,454811.0,4.461
601328.SH,2022-10-31,0.0,4.47,4.47,4.46,1069.0,477436.0,4.461
601328.SH,2022-10-31,0.0,4.46,4.47,4.46,945.0,422208.0,4.461
601328.SH,2022-10-31,0.0,4.47,4.47,4.46,920.0,411045.0,4.461
601328.SH,2022-10-31,0.0,4.46,4.47,4.46,1990.0,888454.0,4.461
601328.SH,2022-10-31,0.0,4.47,4.47,4.46,1517.0,677017.0,4.461
601328.SH,2022-10-31,0.0,4.47,4.47,4.46,1474.0,658227.0,4.461
601328.SH,2022-10-31,0.0,4.47,4.47,4.46,1105.0,493592.0,4.461
601328.SH,2022-10-31,0.0,4.47,4.47,4.46,10179.0,4540360.0,4.461
601328.SH,2022-10-31,0.0,4.46,4.47,4.46,10252.0,4572840.0,4.461
601328.SH,2022-10-31,0.0,4.47,4.47,4.46,6797.0,3031810.0,4.461
601328.SH,2022-10-31,0.0,4.46,4.47,4.46,811.0,362193.0,4.461
601328.SH,2022-10-31,0.0,4.46,4.47,4.46,559.0,249590.0,4.461
601328.SH,2022-10-31,0.0,4.47,4.47,4.46,1372.0,612034.0,4.461
601328.SH,2022-10-31,0.0,4.46,4.47,4.46,1082.0,483061.0,4.461
601328.SH,2022-10-31,0.0,4.46,4.47,4.46,2233.0,996366.0,4.461
601328.SH,2022-10-31,0.0,4.46,4.47,4.46,1050.0,468641.0,4.461
601328.SH,2022-10-31,0.0,4.46,4.47,4.46,583.0,260318.0,4.461
601328.SH,2022-10-31,0.0,4.46,4.47,4.46,3481.0,1553010.0,4.461
601328.SH,2022-10-31,0.0,4.47,4.47,4.46,4498.0,2006560.0,4.461
601328.SH,2022-10-31,0.0,4.47,4.47,4.46,1872.0,836337.0,4.461
601328.SH,2022-10-31,0.0,4.47,4.47,4.46,1309.0,584267.0,4.461
601328.SH,2022-10-31,0.0,4.46,4.47,4.46,1684.0,752382.0,4.461
601328.SH,2022-10-31,0.0,4.47,4.47,4.46,283.0,126314.0,4.461
601328.SH,2022-10-31,0.0,4.47,4.47,4.46,1016.0,453737.0,4.461
601328.SH,2022-10-31,0.0,4.47,4.47,4.46,548.0,244815.0,4.461
601328.SH,2022-10-31,0.0,4.46,4.47,4.46,1007.0,449835.0,4.461
601328.SH,2022-10-31,0.0,4.47,4.47,4.46,1120.0,500205.0,4.461
601328.SH,2022-10-31,0.0,4.47,4.47,4.46,997.0,445292.0,4.461
601328.SH,2022-10-31,0.0,4.47,4.47,4.46,1216.0,543057.0,4.461
601328.SH,2022-10-31,0.0,4.47,4.47,4.46,1747.0,780442.0,4.461
601328.SH,2022-10-31,0.0,4.47,4.47,4.46,2899.0,1293290.0,4.461
601328.SH,2022-10-31,0.0,4.46,4.47,4.46,1080.0,482117.0,4.461
601328.SH,2022-10-31,0.0,4.47,4.47,4.46,750.0,334812.0,4.461
601328.SH,2022-10-31,0.0,4.47,4.47,4.46,3476.0,1550980.0,4.461
601328.SH,2022-10-31,0.0,4.47,4.47,4.46,1160.0,518174.0,4.461
601328.SH,2022-10-31,0.0,4.46,4.47,4.46,956.0,426772.0,4.461
601328.SH,2022-10-31,0.0,4.47,4.47,4.46,1605.0,716567.0,4.461
601328.SH,2022-10-31,0.0,4.47,4.47,4.46,4211.0,1881520.0,4.461
601328.SH,2022-10-31,0.0,4.46,4.47,4.46,1412.0,630396.0,4.461
601328.SH,2022-10-31,0.0,4.46,4.47,4.46,1145.0,510946.0,4.461
601328.SH,2022-10-31,0.0,4.46,4.47,4.46,1379.0,615585.0,4.461
601328.SH,2022-10-31,0.0,4.46,4.47,4.46,1548.0,691023.0,4.461
601328.SH,2022-10-31,0.0,4.46,4.47,4.46,1522.0,679382.0,4.461
601328.SH,2022-10-31,0.0,4.46,4.47,4.46,1772.0,791222.0,4.461
601328.SH,2022-10-31,0.0,4.46,4.47,4.46,8356.0,3730040.0,4.461
601328.SH,2022-10-31,0.0,4.47,4.47,4.46,1748.0,780017.0,4.461
601328.SH,2022-10-31,0.0,4.47,4.47,4.46,1235.0,551608.0,4.461
601328.SH,2022-10-31,0.0,4.46,4.47,4.46,1488.0,664128.0,4.461
601328.SH,2022-10-31,0.0,4.47,4.47,4.46,682.0,304825.0,4.461
601328.SH,2022-10-31,0.0,4.46,4.47,4.46,1402.0,626191.0,4.461
601328.SH,2022-10-31,0.0,4.47,4.47,4.46,5199.0,2323380.0,4.461
601328.SH,2022-10-31,0.0,4.47,4.47,4.46,1943.0,867683.0,4.461
601328.SH,2022-10-31,0.0,4.47,4.47,4.46,2337.0,1042910.0,4.461
601328.SH,2022-10-31,0.0,4.46,4.47,4.46,1328.0,593027.0,4.461
601328.SH,2022-10-31,0.0,4.46,4.47,4.46,1257.0,560994.0,4.461
601328.SH,2022-10-31,0.0,4.47,4.47,4.46,1153.0,514393.0,4.461
601328.SH,2022-10-31,0.0,4.47,4.47,4.46,1457.0,650275.0,4.461
601328.SH,2022-10-31,0.0,4.47,4.47,4.46,547.0,244286.0,4.461
601328.SH,2022-10-31,0.0,4.46,4.47,4.46,2348.0,1047880.0,4.461
601328.SH,2022-10-31,0.0,4.46,4.47,4.46,1208.0,539264.0,4.461
601328.SH,2022-10-31,0.0,4.46,4.47,4.46,852.0,380284.0,4.461
601328.SH,2022-10-31,0.0,4.46,4.47,4.46,7399.0,3302850.0,4.461
601328.SH,2022-10-31,0.0,4.46,4.47,4.46,1511.0,674254.0,4.461
601328.SH,2022-10-31,0.0,4.46,4.47,4.46,5398.0,2408160.0,4.461
601328.SH,2022-10-31,0.0,4.46,4.47,4.46,861.0,384286.0,4.461
601328.SH,2022-10-31,0.0,4.47,4.47,4.46,4721.0,2106700.0,4.461
601328.SH,2022-10-31,0.0,4.46,4.47,4.46,1574.0,702901.0,4.461
601328.SH,2022-10-31,0.0,4.47,4.47,4.46,917.0,409538.0,4.461
601328.SH,2022-10-31,0.0,4.46,4.47,4.46,2485.0,1108570.0,4.461
601328.SH,2022-10-31,0.0,4.46,4.47,4.46,686.0,306258.0,4.461
601328.SH,2022-10-31,0.0,4.46,4.47,4.46,776.0,346403.0,4.461
601328.SH,2022-10-31,0.0,4.46,4.47,4.46,1965.0,877333.0,4.461
601328.SH,2022-10-31,0.0,4.47,4.47,4.46,510.0,227689.0,4.461
601328.SH,2022-10-31,0.0,4.46,4.47,4.46,3277.0,1464320.0,4.461
601328.SH,2022-10-31,0.0,4.46,4.47,4.46,1890.0,843581.0,4.461
601328.SH,2022-10-31,0.0,4.46,4.47,4.46,1103.0,492531.0,4.461
601328.SH,2022-10-31,0.0,4.47,4.47,4.46,2193.0,980049.0,4.462
601328.SH,2022-10-31,0.0,4.47,4.47,4.46,4524.0,2020820.0,4.462
601328.SH,2022-10-31,0.0,4.47,4.47,4.46,15230.0,6807520.0,4.462
601328.SH,2022-10-31,0.0,4.47,4.47,4.46,6379.0,2850680.0,4.462
601328.SH,2022-10-31,0.0,4.47,4.47,4.46,3224.0,1440480.0,4.462
601328.SH,2022-10-31,0.0,4.47,4.47,4.46,787.0,351347.0,4.462
601328.SH,2022-10-31,0.0,4.46,4.47,4.46,1717.0,766631.0,4.462
601328.SH,2022-10-31,0.0,4.47,4.47,4.46,1190.0,531424.0,4.462
601328.SH,2022-10-31,0.0,4.47,4.47,4.46,1032.0,460798.0,4.462
601328.SH,2022-10-31,0.0,4.46,4.47,4.46,1823.0,814036.0,4.462
601328.SH,2022-10-31,0.0,4.46,4.47,4.46,552.0,246409.0,4.462
601328.SH,2022-10-31,0.0,4.46,4.47,4.46,585.0,261105.0,4.462
601328.SH,2022-10-31,0.0,4.46,4.47,4.46,3064.0,1369080.0,4.462
601328.SH,2022-10-31,0.0,4.46,4.47,4.46,15752.0,7026950.0,4.462
601328.SH,2022-10-31,0.0,4.47,4.47,4.46,1943.0,866803.0,4.462
601328.SH,2022-10-31,0.0,4.47,4.47,4.46,599.0,267492.0,4.462
601328.SH,2022-10-31,0.0,4.46,4.47,4.46,665.0,296778.0,4.462
601328.SH,2022-10-31,0.0,4.47,4.47,4.46,548.0,244725.0,4.462
601328.SH,2022-10-31,0.0,4.47,4.47,4.46,3714.0,1656750.0,4.462
601328.SH,2022-10-31,0.0,4.47,4.47,4.46,1444.0,644487.0,4.462
601328.SH,2022-10-31,0.0,4.47,4.47,4.46,3914.0,1745890.0,4.462
601328.SH,2022-10-31,0.0,4.46,4.47,4.46,4271.0,1905280.0,4.462
601328.SH,2022-10-31,0.0,4.46,4.47,4.46,1758.0,784463.0,4.462
601328.SH,2022-10-31,0.0,4.47,4.47,4.46,3790.0,1690590.0,4.462
601328.SH,2022-10-31,0.0,4.45,4.46,4.45,7402.0,3299790.0,4.462
601328.SH,2022-10-31,0.0,4.46,4.46,4.45,1610.0,717677.0,4.462
601328.SH,2022-10-31,0.0,4.46,4.46,4.45,7477.0,3329560.0,4.462
601328.SH,2022-10-31,0.0,4.46,4.46,4.45,656.0,292407.0,4.462
601328.SH,2022-10-31,0.0,4.46,4.46,4.45,1276.0,568399.0,4.462
601328.SH,2022-10-31,0.0,4.45,4.46,4.45,601.0,267693.0,4.462
601328.SH,2022-10-31,0.0,4.46,4.46,4.45,1540.0,686223.0,4.462
601328.SH,2022-10-31,0.0,4.45,4.46,4.45,2014.0,896997.0,4.462
601328.SH,2022-10-31,0.0,4.45,4.46,4.45,938.0,417785.0,4.462
601328.SH,2022-10-31,0.0,4.45,4.46,4.45,1258.0,560469.0,4.462
601328.SH,2022-10-31,0.0,4.45,4.46,4.45,907.0,404238.0,4.462
601328.SH,2022-10-31,0.0,4.45,4.46,4.45,1236.0,550527.0,4.462
601328.SH,2022-10-31,0.0,4.45,4.46,4.45,3416.0,1522590.0,4.462
601328.SH,2022-10-31,0.0,4.46,4.46,4.45,2519.0,1122530.0,4.462
601328.SH,2022-10-31,0.0,4.45,4.46,4.45,505.0,225057.0,4.462
601328.SH,2022-10-31,0.0,4.46,4.46,4.45,2040.0,908960.0,4.462
601328.SH,2022-10-31,0.0,4.45,4.46,4.45,30154.0,13419300.0,4.461
601328.SH,2022-10-31,0.0,4.45,4.46,4.45,8295.0,3691650.0,4.461
601328.SH,2022-10-31,0.0,4.45,4.46,4.45,3039.0,1352650.0,4.461
601328.SH,2022-10-31,0.0,4.45,4.46,4.45,1820.0,810119.0,4.461
601328.SH,2022-10-31,0.0,4.46,4.46,4.45,1308.0,582522.0,4.461
601328.SH,2022-10-31,0.0,4.45,4.46,4.45,1966.0,875273.0,4.461
601328.SH,2022-10-31,0.0,4.45,4.46,4.45,1641.0,730671.0,4.461
601328.SH,2022-10-31,0.0,4.46,4.46,4.45,756.0,336737.0,4.461
601328.SH,2022-10-31,0.0,4.45,4.46,4.45,1604.0,713874.0,4.461
601328.SH,2022-10-31,0.0,4.45,4.46,4.45,3141.0,1398110.0,4.461
601328.SH,2022-10-31,0.0,4.46,4.46,4.45,2407.0,1072600.0,4.461
601328.SH,2022-10-31,0.0,4.45,4.46,4.45,1436.0,639726.0,4.461
601328.SH,2022-10-31,0.0,4.45,4.46,4.45,3128.0,1394320.0,4.461
601328.SH,2022-10-31,0.0,4.46,4.46,4.45,2124.0,946337.0,4.461
601328.SH,2022-10-31,0.0,4.45,4.46,4.45,3600.0,1603350.0,4.461
601328.SH,2022-10-31,0.0,4.45,4.46,4.45,1402.0,624685.0,4.461
601328.SH,2022-10-31,0.0,4.45,4.46,4.45,2676.0,1191990.0,4.461
601328.SH,2022-10-31,0.0,4.46,4.46,4.45,4559.0,2032290.0,4.461
601328.SH,2022-10-31,0.0,4.46,4.46,4.45,1975.0,880153.0,4.461
601328.SH,2022-10-31,0.0,4.46,4.46,4.45,3241.0,1443430.0,4.461
601328.SH,2022-10-31,0.0,4.46,4.46,4.45,3327.0,1482070.0,4.461
601328.SH,2022-10-31,0.0,4.45,4.46,4.45,1967.0,876104.0,4.461
601328.SH,2022-10-31,0.0,4.45,4.46,4.45,4192.0,1866580.0,4.461
601328.SH,2022-10-31,0.0,4.45,4.46,4.45,4649.0,2069690.0,4.461
601328.SH,2022-10-31,0.0,4.45,4.46,4.45,7091.0,3158170.0,4.46
601328.SH,2022-10-31,0.0,4.45,4.46,4.45,15522.0,6908710.0,4.46
601328.SH,2022-10-31,0.0,4.45,4.46,4.45,2939.0,1308760.0,4.46
601328.SH,2022-10-31,0.0,4.46,4.46,4.45,2729.0,1216110.0,4.46
601328.SH,2022-10-31,0.0,4.45,4.46,4.45,3123.0,1391110.0,4.46
601328.SH,2022-10-31,0.0,4.45,4.46,4.45,3542.0,1577600.0,4.46
601328.SH,2022-10-31,0.0,4.45,4.46,4.45,3052.0,1359460.0,4.46
601328.SH,2022-10-31,0.0,4.45,4.46,4.45,2218.0,988337.0,4.46
601328.SH,2022-10-31,0.0,4.46,4.46,4.45,4659.0,2076120.0,4.46
601328.SH,2022-10-31,0.0,4.45,4.46,4.45,11322.0,5044410.0,4.46
601328.SH,2022-10-31,0.0,4.45,4.46,4.45,2628.0,1170030.0,4.46
601328.SH,2022-10-31,0.0,4.45,4.46,4.45,2186.0,973805.0,4.46
601328.SH,2022-10-31,0.0,4.46,4.46,4.45,4558.0,2029870.0,4.46
601328.SH,2022-10-31,0.0,4.45,4.46,4.45,3813.0,1698630.0,4.46
601328.SH,2022-10-31,0.0,4.45,4.46,4.45,6303.0,2805710.0,4.46
601328.SH,2022-10-31,0.0,4.45,4.46,4.45,3736.0,1663270.0,4.46
601328.SH,2022-10-31,0.0,4.45,4.46,4.45,1248.0,555832.0,4.46
601328.SH,2022-10-31,0.0,4.45,4.46,4.45,2937.0,1308370.0,4.46
601328.SH,2022-10-31,0.0,4.45,4.46,4.45,5898.0,2624810.0,4.46
601328.SH,2022-10-31,0.0,4.45,4.46,4.44,15720.0,6994900.0,4.46
601328.SH,2022-10-31,0.0,4.44,4.45,4.44,4713.0,2094860.0,4.46
601328.SH,2022-10-31,0.0,4.45,4.45,4.44,56.0,24900.0,4.46
601328.SH,2022-10-31,0.0,4.45,4.45,4.45,0.0,0.0,4.46
601328.SH,2022-10-31,0.0,4.45,4.45,4.45,15298.0,6807610.0,4.459
601328.SH,2022-11-01,0.0,4.46,4.46,4.46,8861.0,3952010.0,4.46
601328.SH,2022-11-01,0.0,4.46,4.47,4.45,17134.0,7647130.0,4.462
601328.SH,2022-11-01,0.0,4.46,4.47,4.46,4089.0,1826720.0,4.463
601328.SH,2022-11-01,0.0,4.47,4.47,4.46,13190.0,5894640.0,4.465
601328.SH,2022-11-01,0.0,4.46,4.47,4.46,6685.0,2986720.0,4.465
601328.SH,2022-11-01,0.0,4.47,4.47,4.46,2057.0,918726.0,4.465
601328.SH,2022-11-01,0.0,4.46,4.47,4.46,3659.0,1634380.0,4.465
601328.SH,2022-11-01,0.0,4.47,4.47,4.46,2550.0,1138700.0,4.465
601328.SH,2022-11-01,0.0,4.47,4.47,4.46,8544.0,3818260.0,4.466
601328.SH,2022-11-01,0.0,4.47,4.47,4.46,4650.0,2078380.0,4.466
601328.SH,2022-11-01,0.0,4.47,4.47,4.46,3087.0,1378180.0,4.466
601328.SH,2022-11-01,0.0,4.47,4.47,4.46,1313.0,586727.0,4.466
601328.SH,2022-11-01,0.0,4.47,4.47,4.46,3137.0,1401750.0,4.466
601328.SH,2022-11-01,0.0,4.47,4.47,4.46,7022.0,3132410.0,4.466
601328.SH,2022-11-01,0.0,4.47,4.47,4.46,2837.0,1266140.0,4.466
601328.SH,2022-11-01,0.0,4.47,4.47,4.46,1800.0,804072.0,4.466
601328.SH,2022-11-01,0.0,4.47,4.47,4.46,3078.0,1374660.0,4.466
601328.SH,2022-11-01,0.0,4.47,4.47,4.46,1719.0,767777.0,4.466
601328.SH,2022-11-01,0.0,4.47,4.47,4.46,5211.0,2328960.0,4.466
601328.SH,2022-11-01,0.0,4.47,4.47,4.46,4701.0,2101110.0,4.466
601328.SH,2022-11-01,0.0,4.46,4.47,4.46,1811.0,808415.0,4.466
601328.SH,2022-11-01,0.0,4.47,4.48,4.46,18262.0,8166180.0,4.467
601328.SH,2022-11-01,0.0,4.47,4.48,4.47,4210.0,1883130.0,4.467
601328.SH,2022-11-01,0.0,4.47,4.48,4.47,2343.0,1048790.0,4.467
601328.SH,2022-11-01,0.0,4.48,4.48,4.47,2019.0,904073.0,4.467
601328.SH,2022-11-01,0.0,4.48,4.48,4.47,1337.0,598948.0,4.467
601328.SH,2022-11-01,0.0,4.47,4.48,4.47,3149.0,1409220.0,4.468
601328.SH,2022-11-01,0.0,4.48,4.48,4.47,2290.0,1025820.0,4.468
601328.SH,2022-11-01,0.0,4.48,4.48,4.47,26905.0,12051400.0,4.47
601328.SH,2022-11-01,0.0,4.47,4.48,4.47,773.0,346199.0,4.47
601328.SH,2022-11-01,0.0,4.48,4.48,4.47,2447.0,1095060.0,4.47
601328.SH,2022-11-01,0.0,4.48,4.48,4.47,6056.0,2712980.0,4.47
601328.SH,2022-11-01,0.0,4.49,4.49,4.48,10046.0,4502620.0,4.471
601328.SH,2022-11-01,0.0,4.49,4.49,4.48,2898.0,1300980.0,4.471
601328.SH,2022-11-01,0.0,4.48,4.49,4.48,16335.0,7320880.0,4.472
601328.SH,2022-11-01,0.0,4.49,4.49,4.48,2473.0,1109430.0,4.472
601328.SH,2022-11-01,0.0,4.48,4.49,4.48,1166.0,523009.0,4.472
601328.SH,2022-11-01,0.0,4.49,4.49,4.48,2731.0,1225810.0,4.472
601328.SH,2022-11-01,0.0,4.49,4.49,4.48,892.0,400289.0,4.472
601328.SH,2022-11-01,0.0,4.49,4.49,4.48,9446.0,4240160.0,4.473
601328.SH,2022-11-01,0.0,4.49,4.5,4.48,6408.0,2877130.0,4.474
601328.SH,2022-11-01,0.0,4.5,4.5,4.48,10441.0,4688380.0,4.474
601328.SH,2022-11-01,0.0,4.5,4.5,4.49,6569.0,2954780.0,4.475
601328.SH,2022-11-01,0.0,4.49,4.5,4.48,15322.0,6879430.0,4.476
601328.SH,2022-11-01,0.0,4.5,4.5,4.49,4052.0,1822880.0,4.476
601328.SH,2022-11-01,0.0,4.5,4.5,4.49,1003.0,451250.0,4.476
601328.SH,2022-11-01,0.0,4.5,4.5,4.49,1068.0,480207.0,4.476
601328.SH,2022-11-01,0.0,4.49,4.5,4.49,1323.0,594568.0,4.476
601328.SH,2022-11-01,0.0,4.5,4.5,4.49,3450.0,1551980.0,4.477
601328.SH,2022-11-01,0.0,4.49,4.5,4.49,767.0,345111.0,4.477
601328.SH,2022-11-01,0.0,4.49,4.5,4.49,1115.0,500875.0,4.477
601328.SH,2022-11-01,0.0,4.49,4.5,4.49,2045.0,919100.0,4.477
601328.SH,2022-11-01,0.0,4.48,4.5,4.48,21763.0,9773690.0,4.478
601328.SH,2022-11-01,0.0,4.49,4.49,4.48,1138.0,510320.0,4.478
601328.SH,2022-11-01,0.0,4.49,4.49,4.48,938.0,420713.0,4.478
601328.SH,2022-11-01,0.0,4.49,4.49,4.48,3453.0,1549540.0,4.478
601328.SH,2022-11-01,0.0,4.48,4.49,4.48,2030.0,911075.0,4.478
601328.SH,2022-11-01,0.0,4.49,4.5,4.48,6951.0,3119770.0,4.478
601328.SH,2022-11-01,0.0,4.48,4.49,4.48,324.0,145324.0,4.478
601328.SH,2022-11-01,0.0,4.49,4.49,4.48,2268.0,1016920.0,4.479
601328.SH,2022-11-01,0.0,4.49,4.49,4.48,1895.0,850637.0,4.479
601328.SH,2022-11-01,0.0,4.48,4.49,4.48,702.0,315156.0,4.479
601328.SH,2022-11-01,0.0,4.48,4.49,4.48,1513.0,679019.0,4.479
601328.SH,2022-11-01,0.0,4.48,4.49,4.48,1785.0,800854.0,4.479
601328.SH,2022-11-01,0.0,4.48,4.49,4.48,1205.0,540792.0,4.479
601328.SH,2022-11-01,0.0,4.49,4.49,4.48,2446.0,1097610.0,4.479
601328.SH,2022-11-01,0.0,4.49,4.49,4.48,7272.0,3264560.0,4.479
601328.SH,2022-11-01,0.0,4.48,4.49,4.48,2016.0,904520.0,4.479
601328.SH,2022-11-01,0.0,4.49,4.5,4.48,9008.0,4044360.0,4.479
601328.SH,2022-11-01,0.0,4.49,4.5,4.49,1462.0,657242.0,4.479
601328.SH,2022-11-01,0.0,4.48,4.5,4.48,2981.0,1338710.0,4.48
601328.SH,2022-11-01,0.0,4.49,4.49,4.48,969.0,434479.0,4.48
601328.SH,2022-11-01,0.0,4.49,4.49,4.48,4046.0,1815750.0,4.48
601328.SH,2022-11-01,0.0,4.49,4.49,4.48,428.0,191851.0,4.48
601328.SH,2022-11-01,0.0,4.49,4.49,4.48,3003.0,1347510.0,4.48
601328.SH,2022-11-01,0.0,4.49,4.49,4.48,1069.0,479768.0,4.48
601328.SH,2022-11-01,0.0,4.49,4.49,4.48,1532.0,687667.0,4.48
601328.SH,2022-11-01,0.0,4.48,4.49,4.48,1607.0,721241.0,4.48
601328.SH,2022-11-01,0.0,4.48,4.49,4.48,1657.0,743736.0,4.48
601328.SH,2022-11-01,0.0,4.48,4.49,4.48,1359.0,610037.0,4.48
601328.SH,2022-11-01,0.0,4.49,4.49,4.48,1110.0,498181.0,4.48
601328.SH,2022-11-01,0.0,4.48,4.49,4.48,2831.0,1270880.0,4.48
601328.SH,2022-11-01,0.0,4.49,4.49,4.48,4851.0,2174100.0,4.48
601328.SH,2022-11-01,0.0,4.49,4.49,4.48,3321.0,1490030.0,4.48
601328.SH,2022-11-01,0.0,4.48,4.49,4.48,3050.0,1368310.0,4.48
601328.SH,2022-11-01,0.0,4.49,4.49,4.48,1604.0,718941.0,4.48
601328.SH,2022-11-01,0.0,4.48,4.49,4.48,2125.0,952988.0,4.48
601328.SH,2022-11-01,0.0,4.48,4.49,4.48,2572.0,1153100.0,4.48
601328.SH,2022-11-01,0.0,4.48,4.49,4.48,1364.0,611291.0,4.48
601328.SH,2022-11-01,0.0,4.48,4.49,4.48,4069.0,1823220.0,4.48
601328.SH,2022-11-01,0.0,4.47,4.49,4.47,7202.0,3226380.0,4.48
601328.SH,2022-11-01,0.0,4.47,4.48,4.47,5412.0,2419540.0,4.48
601328.SH,2022-11-01,0.0,4.47,4.48,4.47,1148.0,513562.0,4.48
601328.SH,2022-11-01,0.0,4.48,4.48,4.47,2380.0,1064240.0,4.48
601328.SH,2022-11-01,0.0,4.47,4.48,4.47,2087.0,933691.0,4.48
601328.SH,2022-11-01,0.0,4.47,4.48,4.47,1626.0,727180.0,4.48
601328.SH,2022-11-01,0.0,4.47,4.48,4.47,1912.0,855309.0,4.48
601328.SH,2022-11-01,0.0,4.47,4.48,4.47,1830.0,818283.0,4.48
601328.SH,2022-11-01,0.0,4.47,4.48,4.47,2494.0,1115430.0,4.48
601328.SH,2022-11-01,0.0,4.47,4.48,4.47,2457.0,1099020.0,4.48
601328.SH,2022-11-01,0.0,4.47,4.48,4.47,3352.0,1499970.0,4.48
601328.SH,2022-11-01,0.0,4.47,4.48,4.47,1562.0,698442.0,4.48
601328.SH,2022-11-01,0.0,4.47,4.48,4.47,1284.0,574295.0,4.48
601328.SH,2022-11-01,0.0,4.48,4.48,4.47,1484.0,663622.0,4.48
601328.SH,2022-11-01,0.0,4.48,4.48,4.47,2652.0,1186570.0,4.48
601328.SH,2022-11-01,0.0,4.47,4.48,4.47,2074.0,927898.0,4.48
601328.SH,2022-11-01,0.0,4.47,4.48,4.47,1500.0,670851.0,4.48
601328.SH,2022-11-01,0.0,4.47,4.48,4.47,1455.0,650628.0,4.48
601328.SH,2022-11-01,0.0,4.47,4.48,4.47,2474.0,1106180.0,4.479
601328.SH,2022-11-01,0.0,4.47,4.48,4.47,2501.0,1118030.0,4.479
601328.SH,2022-11-01,0.0,4.47,4.48,4.47,3270.0,1461880.0,4.479
601328.SH,2022-11-01,0.0,4.46,4.47,4.46,2000.0,893349.0,4.479
601328.SH,2022-11-01,0.0,4.46,4.48,4.46,1154.0,515269.0,4.479
601328.SH,2022-11-01,0.0,4.46,4.47,4.46,3101.0,1385060.0,4.479
601328.SH,2022-11-01,0.0,4.47,4.48,4.46,2612.0,1167300.0,4.479
601328.SH,2022-11-01,0.0,4.47,4.47,4.47,1745.0,780068.0,4.479
601328.SH,2022-11-01,0.0,4.47,4.48,4.47,1974.0,882767.0,4.479
601328.SH,2022-11-01,0.0,4.46,4.47,4.46,2869.0,1281080.0,4.479
601328.SH,2022-11-01,0.0,4.47,4.47,4.46,2138.0,954001.0,4.479
601328.SH,2022-11-01,0.0,4.46,4.47,4.46,1642.0,732904.0,4.479
601328.SH,2022-11-01,0.0,4.47,4.47,4.46,1667.0,744012.0,4.479
601328.SH,2022-11-01,0.0,4.46,4.47,4.46,3658.0,1633370.0,4.479
601328.SH,2022-11-01,0.0,4.47,4.47,4.46,1273.0,568231.0,4.479
601328.SH,2022-11-01,0.0,4.47,4.47,4.46,1793.0,800210.0,4.479
601328.SH,2022-11-01,0.0,4.46,4.47,4.46,2481.0,1106650.0,4.478
601328.SH,2022-11-01,0.0,4.46,4.47,4.46,3178.0,1417540.0,4.478
601328.SH,2022-11-01,0.0,4.46,4.47,4.46,1226.0,547001.0,4.478
601328.SH,2022-11-01,0.0,4.46,4.47,4.46,1885.0,841350.0,4.478
601328.SH,2022-11-01,0.0,4.47,4.47,4.46,1402.0,625800.0,4.478
601328.SH,2022-11-01,0.0,4.46,4.47,4.46,1667.0,744197.0,4.478
601328.SH,2022-11-01,0.0,4.47,4.47,4.46,1703.0,759785.0,4.478
601328.SH,2022-11-01,0.0,4.46,4.47,4.46,5773.0,2577680.0,4.478
601328.SH,2022-11-01,0.0,4.47,4.47,4.46,6172.0,2757850.0,4.478
601328.SH,2022-11-01,0.0,4.47,4.47,4.46,2300.0,1026920.0,4.478
601328.SH,2022-11-01,0.0,4.46,4.47,4.46,4794.0,2141500.0,4.478
601328.SH,2022-11-01,0.0,4.47,4.47,4.46,2400.0,1071230.0,4.478
601328.SH,2022-11-01,0.0,4.46,4.47,4.46,1452.0,648128.0,4.478
601328.SH,2022-11-01,0.0,4.46,4.47,4.46,1911.0,853216.0,4.478
601328.SH,2022-11-01,0.0,4.47,4.47,4.46,2947.0,1316150.0,4.477
601328.SH,2022-11-01,0.0,4.46,4.47,4.46,2366.0,1056080.0,4.477
601328.SH,2022-11-01,0.0,4.46,4.47,4.46,2872.0,1282390.0,4.477
601328.SH,2022-11-01,0.0,4.46,4.47,4.46,2744.0,1225300.0,4.477
601328.SH,2022-11-01,0.0,4.46,4.47,4.46,1808.0,807195.0,4.477
601328.SH,2022-11-01,0.0,4.46,4.47,4.46,1706.0,761142.0,4.477
601328.SH,2022-11-01,0.0,4.46,4.47,4.46,2264.0,1010360.0,4.477
601328.SH,2022-11-01,0.0,4.47,4.47,4.46,5468.0,2439020.0,4.477
601328.SH,2022-11-01,0.0,4.46,4.47,4.46,2314.0,1032830.0,4.477
601328.SH,2022-11-01,0.0,4.46,4.47,4.46,4934.0,2200890.0,4.477
601328.SH,2022-11-01,0.0,4.46,4.47,4.45,17675.0,7882260.0,4.476
601328.SH,2022-11-01,0.0,4.45,4.46,4.45,2508.0,1116440.0,4.476
601328.SH,2022-11-01,0.0,4.45,4.46,4.45,2052.0,913598.0,4.476
601328.SH,2022-11-01,0.0,4.45,4.46,4.45,2070.0,921459.0,4.476
601328.SH,2022-11-01,0.0,4.45,4.46,4.45,4426.0,1971240.0,4.476
601328.SH,2022-11-01,0.0,4.45,4.46,4.45,3102.0,1381260.0,4.476
601328.SH,2022-11-01,0.0,4.45,4.46,4.45,3235.0,1440030.0,4.475
601328.SH,2022-11-01,0.0,4.45,4.46,4.45,2021.0,899775.0,4.475
601328.SH,2022-11-01,0.0,4.45,4.46,4.45,3176.0,1414390.0,4.475
601328.SH,2022-11-01,0.0,4.46,4.46,4.45,2719.0,1211430.0,4.475
601328.SH,2022-11-01,0.0,4.46,4.46,4.45,2268.0,1009570.0,4.475
601328.SH,2022-11-01,0.0,4.45,4.46,4.45,2669.0,1188860.0,4.475
601328.SH,2022-11-01,0.0,4.45,4.46,4.45,3412.0,1520190.0,4.475
601328.SH,2022-11-01,0.0,4.45,4.46,4.45,2307.0,1027850.0,4.475
601328.SH,2022-11-01,0.0,4.45,4.46,4.45,4965.0,2211260.0,4.475
601328.SH,2022-11-01,0.0,4.46,4.46,4.45,2025.0,901460.0,4.475
601328.SH,2022-11-01,0.0,4.45,4.46,4.45,2112.0,940154.0,4.474
601328.SH,2022-11-01,0.0,4.45,4.46,4.45,2694.0,1199650.0,4.474
601328.SH,2022-11-01,0.0,4.46,4.46,4.45,2002.0,891438.0,4.474
601328.SH,2022-11-01,0.0,4.46,4.47,4.45,14006.0,6246600.0,4.474
601328.SH,2022-11-01,0.0,4.47,4.47,4.46,2133.0,951966.0,4.474
601328.SH,2022-11-01,0.0,4.47,4.47,4.46,2411.0,1076230.0,4.474
601328.SH,2022-11-01,0.0,4.46,4.46,4.45,6349.0,2829970.0,4.474
601328.SH,2022-11-01,0.0,4.46,4.47,4.45,2088.0,930574.0,4.474
601328.SH,2022-11-01,0.0,4.45,4.46,4.45,2106.0,938367.0,4.474
601328.SH,2022-11-01,0.0,4.45,4.46,4.45,1369.0,609667.0,4.474
601328.SH,2022-11-01,0.0,4.46,4.46,4.45,1670.0,743979.0,4.474
601328.SH,2022-11-01,0.0,4.46,4.46,4.45,3453.0,1538880.0,4.473
601328.SH,2022-11-01,0.0,4.46,4.46,4.45,4289.0,1911760.0,4.473
601328.SH,2022-11-01,0.0,4.46,4.46,4.45,2649.0,1180040.0,4.473
601328.SH,2022-11-01,0.0,4.46,4.46,4.45,2717.0,1210160.0,4.473
601328.SH,2022-11-01,0.0,4.46,4.46,4.45,1316.0,585885.0,4.473
601328.SH,2022-11-01,0.0,4.46,4.46,4.45,2153.0,958902.0,4.473
601328.SH,2022-11-01,0.0,4.45,4.46,4.45,1536.0,683914.0,4.473
601328.SH,2022-11-01,0.0,4.46,4.46,4.45,1396.0,621692.0,4.473
601328.SH,2022-11-01,0.0,4.45,4.46,4.45,3914.0,1744150.0,4.473
601328.SH,2022-11-01,0.0,4.45,4.46,4.45,1486.0,661544.0,4.473
601328.SH,2022-11-01,0.0,4.46,4.46,4.45,5388.0,2402610.0,4.473
601328.SH,2022-11-01,0.0,4.46,4.47,4.46,3113.0,1389080.0,4.473
601328.SH,2022-11-01,0.0,4.47,4.47,4.46,4697.0,2097860.0,4.473
601328.SH,2022-11-01,0.0,4.46,4.47,4.46,2105.0,939534.0,4.473
601328.SH,2022-11-01,0.0,4.46,4.47,4.46,1839.0,820631.0,4.473
601328.SH,2022-11-01,0.0,4.46,4.47,4.46,4393.0,1962510.0,4.473
601328.SH,2022-11-01,0.0,4.47,4.47,4.46,1994.0,889843.0,4.473
601328.SH,2022-11-01,0.0,4.47,4.47,4.46,3735.0,1668060.0,4.472
601328.SH,2022-11-01,0.0,4.46,4.47,4.46,3741.0,1670650.0,4.472
601328.SH,2022-11-01,0.0,4.46,4.47,4.46,1425.0,636209.0,4.472
601328.SH,2022-11-01,0.0,4.47,4.47,4.46,3368.0,1503010.0,4.472
601328.SH,2022-11-01,0.0,4.46,4.47,4.46,4583.0,2047380.0,4.472
601328.SH,2022-11-01,0.0,4.46,4.47,4.46,1692.0,755161.0,4.472
601328.SH,2022-11-01,0.0,4.46,4.47,4.46,1549.0,691341.0,4.472
601328.SH,2022-11-01,0.0,4.46,4.47,4.46,2295.0,1024060.0,4.472
601328.SH,2022-11-01,0.0,4.46,4.47,4.46,1591.0,710090.0,4.472
601328.SH,2022-11-01,0.0,4.46,4.47,4.46,3154.0,1407510.0,4.472
601328.SH,2022-11-01,0.0,4.46,4.47,4.46,13421.0,5988590.0,4.472
601328.SH,2022-11-01,0.0,4.46,4.47,4.46,3193.0,1425900.0,4.472
601328.SH,2022-11-01,0.0,4.46,4.47,4.46,2886.0,1288370.0,4.472
601328.SH,2022-11-01,0.0,4.46,4.47,4.46,3116.0,1390280.0,4.472
601328.SH,2022-11-01,0.0,4.46,4.47,4.46,3568.0,1593240.0,4.472
601328.SH,2022-11-01,0.0,4.46,4.47,4.46,3357.0,1497700.0,4.472
601328.SH,2022-11-01,0.0,4.47,4.47,4.46,4929.0,2199100.0,4.472
601328.SH,2022-11-01,0.0,4.47,4.47,4.46,2796.0,1247990.0,4.472
601328.SH,2022-11-01,0.0,4.47,4.47,4.46,3853.0,1721120.0,4.472
601328.SH,2022-11-01,0.0,4.47,4.47,4.46,8764.0,3912450.0,4.472
601328.SH,2022-11-01,0.0,4.47,4.47,4.46,5001.0,2234270.0,4.472
601328.SH,2022-11-01,0.0,4.47,4.47,4.46,4526.0,2021740.0,4.472
601328.SH,2022-11-01,0.0,4.47,4.47,4.46,8513.0,3803210.0,4.472
601328.SH,2022-11-01,0.0,4.47,4.47,4.46,2562.0,1144860.0,4.472
601328.SH,2022-11-01,0.0,4.47,4.47,4.46,10097.0,4503720.0,4.471
601328.SH,2022-11-01,0.0,4.46,4.47,4.46,3752.0,1673890.0,4.471
601328.SH,2022-11-01,0.0,4.47,4.47,4.46,2335.0,1042930.0,4.471
601328.SH,2022-11-01,0.0,4.47,4.47,4.46,1778.0,794358.0,4.471
601328.SH,2022-11-01,0.0,4.47,4.47,4.46,2666.0,1189590.0,4.471
601328.SH,2022-11-01,0.0,4.47,4.47,4.47,1768.0,789827.0,4.471
601328.SH,2022-11-01,0.0,4.46,4.47,4.46,861.0,384705.0,4.471
601328.SH,2022-11-01,0.0,4.47,4.47,4.46,1596.0,712841.0,4.471
601328.SH,2022-11-01,0.0,4.46,4.47,4.46,5091.0,2273970.0,4.471
601328.SH,2022-11-01,0.0,4.47,4.48,4.47,11005.0,4919780.0,4.471
601328.SH,2022-11-01,0.0,4.48,4.48,4.47,1577.0,705963.0,4.471
601328.SH,2022-11-01,0.0,4.47,4.48,4.47,2532.0,1133140.0,4.471
601328.SH,2022-11-01,0.0,4.47,4.48,4.47,5482.0,2452990.0,4.471
601328.SH,2022-11-01,0.0,4.48,4.48,4.47,2183.0,977246.0,4.471
601328.SH,2022-11-01,0.0,4.48,4.48,4.47,7873.0,3521700.0,4.471
601328.SH,2022-11-01,0.0,4.47,4.48,4.47,2697.0,1207530.0,4.471
601328.SH,2022-11-01,0.0,4.47,4.48,4.46,8816.0,3939010.0,4.471
601328.SH,2022-11-01,0.0,4.47,4.47,4.46,1714.0,765462.0,4.471
601328.SH,2022-11-01,0.0,4.48,4.48,4.46,10160.0,4539230.0,4.471
601328.SH,2022-11-01,0.0,4.47,4.48,4.46,6361.0,2841740.0,4.471
601328.SH,2022-11-01,0.0,4.46,4.48,4.46,3083.0,1377330.0,4.471
601328.SH,2022-11-01,0.0,4.47,4.48,4.46,2712.0,1213480.0,4.471
601328.SH,2022-11-01,0.0,4.47,4.47,4.47,0.0,0.0,4.471
601328.SH,2022-11-01,0.0,4.47,4.47,4.47,0.0,0.0,4.471
601328.SH,2022-11-01,0.0,4.48,4.48,4.48,12114.0,5427070.0,4.471
601328.SH,2022-11-02,0.0,4.48,4.48,4.48,5984.0,2680830.0,4.48
601328.SH,2022-11-02,0.0,4.46,4.48,4.46,10948.0,4894770.0,4.474
601328.SH,2022-11-02,0.0,4.46,4.47,4.46,6358.0,2838140.0,4.471
601328.SH,2022-11-02,0.0,4.46,4.47,4.46,4844.0,2162180.0,4.47
601328.SH,2022-11-02,0.0,4.46,4.47,4.46,18035.0,8051960.0,4.468
601328.SH,2022-11-02,0.0,4.46,4.47,4.46,6931.0,3092710.0,4.467
601328.SH,2022-11-02,0.0,4.46,4.47,4.46,4306.0,1921740.0,4.467
601328.SH,2022-11-02,0.0,4.45,4.47,4.45,31263.0,13944400.0,4.465
601328.SH,2022-11-02,0.0,4.45,4.46,4.45,27029.0,12029700.0,4.461
601328.SH,2022-11-02,0.0,4.44,4.46,4.44,5249.0,2335690.0,4.461
601328.SH,2022-11-02,0.0,4.44,4.45,4.44,4760.0,2115790.0,4.46
601328.SH,2022-11-02,0.0,4.45,4.45,4.44,2581.0,1147840.0,4.46
601328.SH,2022-11-02,0.0,4.45,4.45,4.44,3051.0,1356920.0,4.46
601328.SH,2022-11-02,0.0,4.44,4.45,4.44,3820.0,1697560.0,4.459
601328.SH,2022-11-02,0.0,4.45,4.45,4.44,11291.0,5023070.0,4.458
601328.SH,2022-11-02,0.0,4.45,4.45,4.44,10034.0,4464170.0,4.458
601328.SH,2022-11-02,0.0,4.45,4.46,4.45,4404.0,1960540.0,4.458
601328.SH,2022-11-02,0.0,4.45,4.46,4.44,10013.0,4455860.0,4.457
601328.SH,2022-11-02,0.0,4.45,4.46,4.44,2491.0,1108250.0,4.457
601328.SH,2022-11-02,0.0,4.45,4.46,4.45,3084.0,1372400.0,4.457
601328.SH,2022-11-02,0.0,4.45,4.46,4.45,1668.0,742924.0,4.457
601328.SH,2022-11-02,0.0,4.45,4.46,4.45,1549.0,689569.0,4.457
601328.SH,2022-11-02,0.0,4.45,4.46,4.45,3035.0,1352690.0,4.457
601328.SH,2022-11-02,0.0,4.46,4.46,4.45,4596.0,2046990.0,4.457
601328.SH,2022-11-02,0.0,4.45,4.46,4.45,1885.0,839838.0,4.457
601328.SH,2022-11-02,0.0,4.46,4.46,4.45,2617.0,1166360.0,4.457
601328.SH,2022-11-02,0.0,4.45,4.46,4.45,3495.0,1557060.0,4.457
601328.SH,2022-11-02,0.0,4.46,4.46,4.45,2303.0,1025620.0,4.457
601328.SH,2022-11-02,0.0,4.45,4.46,4.45,2948.0,1313820.0,4.457
601328.SH,2022-11-02,0.0,4.46,4.46,4.45,2448.0,1091280.0,4.457
601328.SH,2022-11-02,0.0,4.46,4.46,4.45,12232.0,5445760.0,4.457
601328.SH,2022-11-02,0.0,4.46,4.46,4.45,3756.0,1672620.0,4.456
601328.SH,2022-11-02,0.0,4.45,4.46,4.45,941.0,419335.0,4.456
601328.SH,2022-11-02,0.0,4.45,4.46,4.45,1344.0,598234.0,4.456
601328.SH,2022-11-02,0.0,4.46,4.46,4.45,1843.0,821169.0,4.456
601328.SH,2022-11-02,0.0,4.46,4.46,4.45,1552.0,692062.0,4.456
601328.SH,2022-11-02,0.0,4.46,4.46,4.45,1566.0,698111.0,4.456
601328.SH,2022-11-02,0.0,4.46,4.46,4.45,1169.0,521223.0,4.456
601328.SH,2022-11-02,0.0,4.45,4.46,4.45,1157.0,515745.0,4.456
601328.SH,2022-11-02,0.0,4.45,4.46,4.45,1516.0,675553.0,4.456
601328.SH,2022-11-02,0.0,4.46,4.46,4.45,3289.0,1466860.0,4.457
601328.SH,2022-11-02,0.0,4.46,4.46,4.45,2903.0,1292820.0,4.456
601328.SH,2022-11-02,0.0,4.46,4.46,4.45,3528.0,1573150.0,4.457
601328.SH,2022-11-02,0.0,4.45,4.46,4.45,5984.0,2668280.0,4.457
601328.SH,2022-11-02,0.0,4.46,4.46,4.45,1248.0,556589.0,4.457
601328.SH,2022-11-02,0.0,4.47,4.47,4.45,11150.0,4972990.0,4.457
601328.SH,2022-11-02,0.0,4.47,4.47,4.46,444.0,198097.0,4.457
601328.SH,2022-11-02,0.0,4.47,4.47,4.46,1248.0,557563.0,4.457
601328.SH,2022-11-02,0.0,4.46,4.47,4.46,2822.0,1259020.0,4.457
601328.SH,2022-11-02,0.0,4.46,4.47,4.46,131.0,58531.0,4.457
601328.SH,2022-11-02,0.0,4.47,4.47,4.46,793.0,354409.0,4.457
601328.SH,2022-11-02,0.0,4.47,4.47,4.46,1446.0,645599.0,4.457
601328.SH,2022-11-02,0.0,4.46,4.47,4.46,974.0,434878.0,4.457
601328.SH,2022-11-02,0.0,4.46,4.47,4.46,1267.0,565608.0,4.457
601328.SH,2022-11-02,0.0,4.47,4.47,4.46,577.0,257699.0,4.457
601328.SH,2022-11-02,0.0,4.46,4.47,4.46,760.0,339431.0,4.457
601328.SH,2022-11-02,0.0,4.47,4.47,4.46,1039.0,464197.0,4.457
601328.SH,2022-11-02,0.0,4.46,4.47,4.46,1206.0,538840.0,4.457
601328.SH,2022-11-02,0.0,4.47,4.47,4.46,867.0,387468.0,4.457
601328.SH,2022-11-02,0.0,4.46,4.47,4.46,2509.0,1120200.0,4.457
601328.SH,2022-11-02,0.0,4.46,4.47,4.46,1122.0,501153.0,4.457
601328.SH,2022-11-02,0.0,4.47,4.47,4.46,691.0,308819.0,4.457
601328.SH,2022-11-02,0.0,4.47,4.47,4.46,1161.0,518466.0,4.457
601328.SH,2022-11-02,0.0,4.47,4.47,4.46,495.0,221259.0,4.457
601328.SH,2022-11-02,0.0,4.47,4.47,4.46,1427.0,637762.0,4.457
601328.SH,2022-11-02,0.0,4.46,4.47,4.46,858.0,383421.0,4.457
601328.SH,2022-11-02,0.0,4.46,4.47,4.46,1137.0,507846.0,4.458
601328.SH,2022-11-02,0.0,4.47,4.47,4.46,881.0,393767.0,4.458
601328.SH,2022-11-02,0.0,4.47,4.47,4.46,457.0,204054.0,4.458
601328.SH,2022-11-02,0.0,4.47,4.47,4.46,356.0,159055.0,4.458
601328.SH,2022-11-02,0.0,4.47,4.47,4.46,703.0,313892.0,4.458
601328.SH,2022-11-02,0.0,4.47,4.47,4.46,2496.0,1115280.0,4.458
601328.SH,2022-11-02,0.0,4.47,4.47,4.46,2249.0,1004650.0,4.458
601328.SH,2022-11-02,0.0,4.47,4.47,4.46,653.0,291804.0,4.458
601328.SH,2022-11-02,0.0,4.47,4.47,4.47,4835.0,2160840.0,4.458
601328.SH,2022-11-02,0.0,4.47,4.47,4.46,1682.0,751707.0,4.458
601328.SH,2022-11-02,0.0,4.46,4.47,4.46,3540.0,1582280.0,4.458
601328.SH,2022-11-02,0.0,4.47,4.47,4.46,1195.0,534152.0,4.458
601328.SH,2022-11-02,0.0,4.46,4.47,4.46,682.0,304727.0,4.458
601328.SH,2022-11-02,0.0,4.47,4.47,4.46,1134.0,506716.0,4.458
601328.SH,2022-11-02,0.0,4.47,4.47,4.46,1638.0,731735.0,4.458
601328.SH,2022-11-02,0.0,4.47,4.47,4.46,670.0,299409.0,4.458
601328.SH,2022-11-02,0.0,4.46,4.47,4.46,1171.0,523353.0,4.458
601328.SH,2022-11-02,0.0,4.46,4.47,4.46,1273.0,568996.0,4.458
601328.SH,2022-11-02,0.0,4.47,4.47,4.46,1465.0,654319.0,4.458
601328.SH,2022-11-02,0.0,4.46,4.47,4.46,1076.0,480912.0,4.459
601328.SH,2022-11-02,0.0,4.47,4.47,4.46,733.0,327599.0,4.459
601328.SH,2022-11-02,0.0,4.47,4.47,4.46,1234.0,551551.0,4.459
601328.SH,2022-11-02,0.0,4.47,4.47,4.46,4717.0,2108240.0,4.459
601328.SH,2022-11-02,0.0,4.48,4.48,4.47,792.0,354496.0,4.459
601328.SH,2022-11-02,0.0,4.48,4.48,4.47,751.0,336311.0,4.459
601328.SH,2022-11-02,0.0,4.48,4.48,4.47,1099.0,492032.0,4.459
601328.SH,2022-11-02,0.0,4.48,4.48,4.47,824.0,368701.0,4.459
601328.SH,2022-11-02,0.0,4.47,4.48,4.47,7189.0,3220120.0,4.459
601328.SH,2022-11-02,0.0,4.48,4.48,4.47,8782.0,3926160.0,4.46
601328.SH,2022-11-02,0.0,4.48,4.48,4.47,1800.0,805443.0,4.46
601328.SH,2022-11-02,0.0,4.48,4.48,4.47,1352.0,604783.0,4.46
601328.SH,2022-11-02,0.0,4.48,4.48,4.47,1829.0,818169.0,4.46
601328.SH,2022-11-02,0.0,4.47,4.48,4.47,899.0,402401.0,4.46
601328.SH,2022-11-02,0.0,4.47,4.48,4.47,487.0,217940.0,4.46
601328.SH,2022-11-02,0.0,4.47,4.48,4.47,836.0,374093.0,4.46
601328.SH,2022-11-02,0.0,4.48,4.48,4.47,573.0,256451.0,4.46
601328.SH,2022-11-02,0.0,4.48,4.48,4.47,927.0,414828.0,4.46
601328.SH,2022-11-02,0.0,4.47,4.48,4.47,1196.0,535109.0,4.46
601328.SH,2022-11-02,0.0,4.47,4.48,4.47,933.0,417697.0,4.46
601328.SH,2022-11-02,0.0,4.47,4.48,4.47,734.0,328285.0,4.46
601328.SH,2022-11-02,0.0,4.47,4.48,4.47,1123.0,502344.0,4.46
601328.SH,2022-11-02,0.0,4.48,4.48,4.47,1601.0,716745.0,4.46
601328.SH,2022-11-02,0.0,4.48,4.48,4.47,461.0,206329.0,4.46
601328.SH,2022-11-02,0.0,4.48,4.48,4.47,793.0,354846.0,4.46
601328.SH,2022-11-02,0.0,4.48,4.48,4.47,1240.0,555390.0,4.46
601328.SH,2022-11-02,0.0,4.47,4.48,4.47,3266.0,1462320.0,4.461
601328.SH,2022-11-02,0.0,4.48,4.48,4.47,1838.0,823294.0,4.461
601328.SH,2022-11-02,0.0,4.47,4.48,4.47,1711.0,766228.0,4.461
601328.SH,2022-11-02,0.0,4.47,4.48,4.47,3683.0,1649700.0,4.461
601328.SH,2022-11-02,0.0,4.48,4.48,4.47,2168.0,971043.0,4.461
601328.SH,2022-11-02,0.0,4.47,4.48,4.47,1254.0,561559.0,4.461
601328.SH,2022-11-02,0.0,4.48,4.48,4.47,1936.0,866457.0,4.461
601328.SH,2022-11-02,0.0,4.47,4.48,4.47,1889.0,845046.0,4.461
601328.SH,2022-11-02,0.0,4.47,4.48,4.47,5308.0,2377490.0,4.462
601328.SH,2022-11-02,0.0,4.48,4.48,4.47,1516.0,679105.0,4.462
601328.SH,2022-11-02,0.0,4.48,4.48,4.47,8087.0,3621230.0,4.462
601328.SH,2022-11-02,0.0,4.48,4.48,4.47,2186.0,979245.0,4.462
601328.SH,2022-11-02,0.0,4.48,4.48,4.47,780.0,349307.0,4.462
601328.SH,2022-11-02,0.0,4.48,4.48,4.47,4331.0,1939400.0,4.462
601328.SH,2022-11-02,0.0,4.48,4.48,4.47,2550.0,1141980.0,4.462
601328.SH,2022-11-02,0.0,4.48,4.49,4.48,8199.0,3672000.0,4.463
601328.SH,2022-11-02,0.0,4.47,4.48,4.47,935.0,418502.0,4.463
601328.SH,2022-11-02,0.0,4.48,4.48,4.47,3625.0,1623640.0,4.463
601328.SH,2022-11-02,0.0,4.49,4.49,4.47,11458.0,5132780.0,4.463
601328.SH,2022-11-02,0.0,4.48,4.49,4.47,2269.0,1016360.0,4.463
601328.SH,2022-11-02,0.0,4.47,4.48,4.47,2404.0,1076150.0,4.463
601328.SH,2022-11-02,0.0,4.48,4.48,4.47,4575.0,2049420.0,4.464
601328.SH,2022-11-02,0.0,4.48,4.48,4.47,2832.0,1268270.0,4.464
601328.SH,2022-11-02,0.0,4.49,4.49,4.48,9250.0,4147000.0,4.464
601328.SH,2022-11-02,0.0,4.49,4.49,4.48,2101.0,943236.0,4.464
601328.SH,2022-11-02,0.0,4.49,4.49,4.48,685.0,307563.0,4.464
601328.SH,2022-11-02,0.0,4.49,4.49,4.48,950.0,426429.0,4.464
601328.SH,2022-11-02,0.0,4.49,4.49,4.48,955.0,428676.0,4.464
601328.SH,2022-11-02,0.0,4.49,4.49,4.48,2460.0,1103780.0,4.465
601328.SH,2022-11-02,0.0,4.49,4.49,4.48,258.0,115790.0,4.465
601328.SH,2022-11-02,0.0,4.48,4.49,4.48,1686.0,755513.0,4.465
601328.SH,2022-11-02,0.0,4.49,4.49,4.48,1194.0,535639.0,4.465
601328.SH,2022-11-02,0.0,4.48,4.49,4.48,2168.0,972946.0,4.465
601328.SH,2022-11-02,0.0,4.49,4.49,4.48,1242.0,556876.0,4.465
601328.SH,2022-11-02,0.0,4.48,4.49,4.48,1158.0,519360.0,4.465
601328.SH,2022-11-02,0.0,4.48,4.49,4.48,4705.0,2109230.0,4.465
601328.SH,2022-11-02,0.0,4.48,4.49,4.48,1177.0,527691.0,4.465
601328.SH,2022-11-02,0.0,4.49,4.49,4.48,860.0,385698.0,4.465
601328.SH,2022-11-02,0.0,4.49,4.49,4.48,1054.0,473086.0,4.465
601328.SH,2022-11-02,0.0,4.49,4.49,4.48,1907.0,855611.0,4.465
601328.SH,2022-11-02,0.0,4.49,4.49,4.48,878.0,393733.0,4.465
601328.SH,2022-11-02,0.0,4.48,4.49,4.48,2040.0,914229.0,4.465
601328.SH,2022-11-02,0.0,4.49,4.49,4.48,1783.0,800311.0,4.465
601328.SH,2022-11-02,0.0,4.48,4.49,4.48,1300.0,582784.0,4.466
601328.SH,2022-11-02,0.0,4.49,4.49,4.48,988.0,442914.0,4.466
601328.SH,2022-11-02,0.0,4.48,4.49,4.48,385.0,172762.0,4.466
601328.SH,2022-11-02,0.0,4.48,4.49,4.48,959.0,429927.0,4.466
601328.SH,2022-11-02,0.0,4.49,4.49,4.48,5683.0,2551300.0,4.466
601328.SH,2022-11-02,0.0,4.48,4.49,4.48,583.0,261655.0,4.466
601328.SH,2022-11-02,0.0,4.49,4.49,4.48,4481.0,2011280.0,4.466
601328.SH,2022-11-02,0.0,4.49,4.49,4.48,8806.0,3953440.0,4.467
601328.SH,2022-11-02,0.0,4.48,4.49,4.48,1502.0,673650.0,4.467
601328.SH,2022-11-02,0.0,4.48,4.49,4.48,5014.0,2251120.0,4.467
601328.SH,2022-11-02,0.0,4.48,4.49,4.48,2996.0,1345190.0,4.467
601328.SH,2022-11-02,0.0,4.49,4.49,4.48,1241.0,557009.0,4.467
601328.SH,2022-11-02,0.0,4.49,4.5,4.49,3553.0,1595790.0,4.467
601328.SH,2022-11-02,0.0,4.5,4.5,4.49,751.0,337350.0,4.467
601328.SH,2022-11-02,0.0,4.5,4.5,4.49,649.0,291831.0,4.467
601328.SH,2022-11-02,0.0,4.5,4.5,4.49,1138.0,511571.0,4.467
601328.SH,2022-11-02,0.0,4.5,4.5,4.49,647.0,291015.0,4.467
601328.SH,2022-11-02,0.0,4.49,4.5,4.49,2351.0,1056500.0,4.468
601328.SH,2022-11-02,0.0,4.5,4.5,4.49,1576.0,709173.0,4.468
601328.SH,2022-11-02,0.0,4.5,4.5,4.49,1013.0,455455.0,4.468
601328.SH,2022-11-02,0.0,4.5,4.5,4.49,938.0,421895.0,4.468
601328.SH,2022-11-02,0.0,4.5,4.5,4.49,462.0,207854.0,4.468
601328.SH,2022-11-02,0.0,4.5,4.5,4.49,454.0,203965.0,4.468
601328.SH,2022-11-02,0.0,4.5,4.5,4.49,280.0,125741.0,4.468
601328.SH,2022-11-02,0.0,4.5,4.5,4.49,553.0,248728.0,4.468
601328.SH,2022-11-02,0.0,4.5,4.5,4.49,6703.0,3015360.0,4.468
601328.SH,2022-11-02,0.0,4.5,4.5,4.49,1207.0,542835.0,4.468
601328.SH,2022-11-02,0.0,4.5,4.5,4.49,1036.0,465916.0,4.468
601328.SH,2022-11-02,0.0,4.49,4.5,4.49,390.0,174986.0,4.468
601328.SH,2022-11-02,0.0,4.49,4.5,4.49,646.0,290136.0,4.468
601328.SH,2022-11-02,0.0,4.49,4.5,4.49,1675.0,752367.0,4.468
601328.SH,2022-11-02,0.0,4.49,4.5,4.49,9360.0,4202550.0,4.469
601328.SH,2022-11-02,0.0,4.49,4.5,4.49,7025.0,3154300.0,4.469
601328.SH,2022-11-02,0.0,4.49,4.5,4.48,2191.0,985014.0,4.469
601328.SH,2022-11-02,0.0,4.48,4.5,4.48,802.0,359995.0,4.469
601328.SH,2022-11-02,0.0,4.49,4.49,4.48,211.0,94614.0,4.469
601328.SH,2022-11-02,0.0,4.48,4.49,4.48,376.0,168567.0,4.469
601328.SH,2022-11-02,0.0,4.49,4.49,4.48,1987.0,891746.0,4.469
601328.SH,2022-11-02,0.0,4.48,4.49,4.48,502.0,225157.0,4.469
601328.SH,2022-11-02,0.0,4.49,4.49,4.48,544.0,243951.0,4.469
601328.SH,2022-11-02,0.0,4.49,4.49,4.48,471.0,211398.0,4.469
601328.SH,2022-11-02,0.0,4.49,4.49,4.48,289.0,129711.0,4.469
601328.SH,2022-11-02,0.0,4.48,4.49,4.48,247.0,110872.0,4.469
601328.SH,2022-11-02,0.0,4.49,4.49,4.48,211.0,94693.0,4.469
601328.SH,2022-11-02,0.0,4.49,4.49,4.48,430.0,192910.0,4.469
601328.SH,2022-11-02,0.0,4.48,4.49,4.48,813.0,364867.0,4.469
601328.SH,2022-11-02,0.0,4.48,4.49,4.48,262.0,117542.0,4.469
601328.SH,2022-11-02,0.0,4.49,4.49,4.48,11470.0,5150070.0,4.47
601328.SH,2022-11-02,0.0,4.49,4.5,4.49,438.0,196678.0,4.47
601328.SH,2022-11-02,0.0,4.5,4.5,4.48,547.0,245471.0,4.47
601328.SH,2022-11-02,0.0,4.49,4.49,4.48,332.0,149016.0,4.47
601328.SH,2022-11-02,0.0,4.49,4.49,4.48,1162.0,521710.0,4.47
601328.SH,2022-11-02,0.0,4.49,4.49,4.48,898.0,403270.0,4.47
601328.SH,2022-11-02,0.0,4.48,4.49,4.48,393.0,176306.0,4.47
601328.SH,2022-11-02,0.0,4.49,4.49,4.48,354.0,158847.0,4.47
601328.SH,2022-11-02,0.0,4.48,4.49,4.48,244.0,109533.0,4.47
601328.SH,2022-11-02,0.0,4.49,4.49,4.48,659.0,295869.0,4.47
601328.SH,2022-11-02,0.0,4.49,4.49,4.48,2310.0,1036250.0,4.47
601328.SH,2022-11-02,0.0,4.49,4.49,4.48,568.0,254849.0,4.47
601328.SH,2022-11-02,0.0,4.49,4.49,4.48,237.0,106289.0,4.47
601328.SH,2022-11-02,0.0,4.49,4.49,4.48,806.0,361789.0,4.47
601328.SH,2022-11-02,0.0,4.49,4.49,4.48,579.0,259857.0,4.47
601328.SH,2022-11-02,0.0,4.49,4.49,4.48,726.0,325677.0,4.47
601328.SH,2022-11-02,0.0,4.49,4.49,4.48,938.0,420920.0,4.47
601328.SH,2022-11-02,0.0,4.48,4.49,4.48,2983.0,1339220.0,4.47
601328.SH,2022-11-02,0.0,4.49,4.49,4.48,955.0,428369.0,4.47
601328.SH,2022-11-02,0.0,4.49,4.49,4.48,1682.0,755054.0,4.47
601328.SH,2022-11-02,0.0,4.49,4.49,4.48,607.0,272352.0,4.47
601328.SH,2022-11-02,0.0,4.48,4.49,4.48,792.0,355562.0,4.47
601328.SH,2022-11-02,0.0,4.49,4.49,4.48,519.0,232898.0,4.47
601328.SH,2022-11-02,0.0,4.49,4.49,4.48,1250.0,560564.0,4.47
601328.SH,2022-11-02,0.0,4.49,4.49,4.48,1508.0,676994.0,4.471
601328.SH,2022-11-02,0.0,4.48,4.49,4.48,2617.0,1174930.0,4.471
601328.SH,2022-11-02,0.0,4.49,4.49,4.48,1200.0,538654.0,4.471
601328.SH,2022-11-02,0.0,4.49,4.49,4.48,2272.0,1020080.0,4.471
601328.SH,2022-11-02,0.0,4.5,4.5,4.48,1743.0,783076.0,4.471
601328.SH,2022-11-02,0.0,4.5,4.5,4.49,355.0,159706.0,4.471
601328.SH,2022-11-02,0.0,4.5,4.5,4.49,826.0,371236.0,4.471
601328.SH,2022-11-02,0.0,4.5,4.5,4.49,1289.0,579794.0,4.471
601328.SH,2022-11-02,0.0,4.5,4.5,4.49,1107.0,497902.0,4.471
601328.SH,2022-11-02,0.0,4.5,4.5,4.49,1269.0,570721.0,4.471
601328.SH,2022-11-02,0.0,4.5,4.5,4.49,839.0,377203.0,4.471
601328.SH,2022-11-02,0.0,4.49,4.5,4.49,3195.0,1437190.0,4.471
601328.SH,2022-11-02,0.0,4.49,4.5,4.49,2578.0,1159610.0,4.471
601328.SH,2022-11-02,0.0,4.49,4.49,4.49,0.0,0.0,4.471
601328.SH,2022-11-02,0.0,4.49,4.49,4.49,0.0,0.0,4.471
601328.SH,2022-11-02,0.0,4.49,4.49,4.49,4846.0,2175850.0,4.471
601328.SH,2022-11-03,0.0,4.49,4.49,4.49,5330.0,2393170.0,4.49
601328.SH,2022-11-03,0.0,4.48,4.49,4.48,14971.0,6718950.0,4.489
601328.SH,2022-11-03,0.0,4.48,4.49,4.48,16379.0,7341660.0,4.486
601328.SH,2022-11-03,0.0,4.48,4.48,4.47,8282.0,3709270.0,4.485
601328.SH,2022-11-03,0.0,4.47,4.48,4.47,4752.0,2126810.0,4.484
601328.SH,2022-11-03,0.0,4.47,4.48,4.47,2172.0,971602.0,4.483
601328.SH,2022-11-03,0.0,4.47,4.48,4.47,5187.0,2322310.0,4.483
601328.SH,2022-11-03,0.0,4.48,4.48,4.47,6431.0,2880840.0,4.482
601328.SH,2022-11-03,0.0,4.49,4.49,4.47,11032.0,4933320.0,4.481
601328.SH,2022-11-03,0.0,4.48,4.49,4.48,2182.0,978169.0,4.481
601328.SH,2022-11-03,0.0,4.47,4.49,4.47,11606.0,5199180.0,4.481
601328.SH,2022-11-03,0.0,4.48,4.48,4.47,1975.0,883836.0,4.481
601328.SH,2022-11-03,0.0,4.47,4.48,4.47,1423.0,636866.0,4.481
601328.SH,2022-11-03,0.0,4.47,4.48,4.47,650.0,290777.0,4.48
601328.SH,2022-11-03,0.0,4.48,4.48,4.47,1670.0,746817.0,4.48
601328.SH,2022-11-03,0.0,4.48,4.48,4.47,1454.0,650994.0,4.48
601328.SH,2022-11-03,0.0,4.48,4.48,4.47,590.0,264153.0,4.48
601328.SH,2022-11-03,0.0,4.48,4.48,4.47,383.0,171550.0,4.48
601328.SH,2022-11-03,0.0,4.47,4.48,4.47,1693.0,758014.0,4.48
601328.SH,2022-11-03,0.0,4.48,4.48,4.47,1106.0,495318.0,4.48
601328.SH,2022-11-03,0.0,4.47,4.48,4.47,1321.0,591161.0,4.48
601328.SH,2022-11-03,0.0,4.47,4.48,4.47,2968.0,1326940.0,4.48
601328.SH,2022-11-03,0.0,4.47,4.48,4.47,738.0,330280.0,4.48
601328.SH,2022-11-03,0.0,4.47,4.48,4.47,3549.0,1586780.0,4.48
601328.SH,2022-11-03,0.0,4.47,4.48,4.47,1036.0,463744.0,4.48
601328.SH,2022-11-03,0.0,4.48,4.48,4.47,411.0,183867.0,4.479
601328.SH,2022-11-03,0.0,4.48,4.48,4.47,482.0,215639.0,4.479
601328.SH,2022-11-03,0.0,4.48,4.48,4.47,2094.0,937602.0,4.479
601328.SH,2022-11-03,0.0,4.47,4.48,4.47,3364.0,1504910.0,4.479
601328.SH,2022-11-03,0.0,4.47,4.48,4.47,4211.0,1883230.0,4.479
601328.SH,2022-11-03,0.0,4.47,4.48,4.47,5782.0,2585120.0,4.479
601328.SH,2022-11-03,0.0,4.48,4.48,4.47,2457.0,1098540.0,4.478
601328.SH,2022-11-03,0.0,4.47,4.48,4.47,1227.0,548615.0,4.478
601328.SH,2022-11-03,0.0,4.48,4.48,4.47,499.0,223170.0,4.478
601328.SH,2022-11-03,0.0,4.48,4.48,4.47,268.0,119997.0,4.478
601328.SH,2022-11-03,0.0,4.47,4.48,4.47,870.0,389059.0,4.478
601328.SH,2022-11-03,0.0,4.48,4.48,4.47,3534.0,1580650.0,4.478
601328.SH,2022-11-03,0.0,4.48,4.48,4.47,1400.0,626774.0,4.478
601328.SH,2022-11-03,0.0,4.48,4.48,4.47,2140.0,957787.0,4.478
601328.SH,2022-11-03,0.0,4.48,4.48,4.47,1439.0,644124.0,4.478
601328.SH,2022-11-03,0.0,4.48,4.48,4.47,937.0,419723.0,4.478
601328.SH,2022-11-03,0.0,4.48,4.48,4.47,1064.0,476213.0,4.478
601328.SH,2022-11-03,0.0,4.47,4.48,4.47,2073.0,927723.0,4.478
601328.SH,2022-11-03,0.0,4.47,4.48,4.47,1231.0,551022.0,4.478
601328.SH,2022-11-03,0.0,4.48,4.48,4.47,1559.0,697857.0,4.478
601328.SH,2022-11-03,0.0,4.47,4.48,4.47,912.0,408219.0,4.478
601328.SH,2022-11-03,0.0,4.48,4.48,4.47,779.0,348345.0,4.478
601328.SH,2022-11-03,0.0,4.48,4.48,4.47,1970.0,881872.0,4.478
601328.SH,2022-11-03,0.0,4.48,4.48,4.47,468.0,209514.0,4.478
601328.SH,2022-11-03,0.0,4.47,4.48,4.47,1660.0,742269.0,4.478
601328.SH,2022-11-03,0.0,4.47,4.48,4.47,896.0,400977.0,4.478
601328.SH,2022-11-03,0.0,4.48,4.48,4.47,1950.0,873268.0,4.478
601328.SH,2022-11-03,0.0,4.48,4.48,4.47,594.0,265850.0,4.478
601328.SH,2022-11-03,0.0,4.47,4.48,4.47,5566.0,2488380.0,4.478
601328.SH,2022-11-03,0.0,4.47,4.48,4.47,1005.0,449805.0,4.478
601328.SH,2022-11-03,0.0,4.47,4.48,4.47,690.0,308772.0,4.478
601328.SH,2022-11-03,0.0,4.47,4.48,4.47,923.0,413057.0,4.478
601328.SH,2022-11-03,0.0,4.48,4.48,4.47,1205.0,539025.0,4.478
601328.SH,2022-11-03,0.0,4.48,4.48,4.47,533.0,238636.0,4.478
601328.SH,2022-11-03,0.0,4.47,4.48,4.47,607.0,271556.0,4.478
601328.SH,2022-11-03,0.0,4.47,4.48,4.47,1756.0,785361.0,4.478
601328.SH,2022-11-03,0.0,4.47,4.48,4.47,544.0,243525.0,4.478
601328.SH,2022-11-03,0.0,4.47,4.48,4.47,2607.0,1167520.0,4.478
601328.SH,2022-11-03,0.0,4.47,4.48,4.47,3009.0,1345220.0,4.477
601328.SH,2022-11-03,0.0,4.47,4.48,4.47,1260.0,564100.0,4.477
601328.SH,2022-11-03,0.0,4.47,4.48,4.47,2179.0,974346.0,4.477
601328.SH,2022-11-03,0.0,4.48,4.48,4.47,229.0,102385.0,4.477
601328.SH,2022-11-03,0.0,4.47,4.48,4.47,13089.0,5850960.0,4.477
601328.SH,2022-11-03,0.0,4.47,4.48,4.47,230.0,102884.0,4.477
601328.SH,2022-11-03,0.0,4.47,4.48,4.47,1941.0,867979.0,4.477
601328.SH,2022-11-03,0.0,4.47,4.48,4.47,5652.0,2527220.0,4.477
601328.SH,2022-11-03,0.0,4.48,4.48,4.47,949.0,424650.0,4.477
601328.SH,2022-11-03,0.0,4.48,4.48,4.47,18831.0,8418360.0,4.476
601328.SH,2022-11-03,0.0,4.48,4.48,4.47,508.0,227196.0,4.476
601328.SH,2022-11-03,0.0,4.47,4.48,4.47,315.0,140911.0,4.476
601328.SH,2022-11-03,0.0,4.47,4.48,4.47,1219.0,545328.0,4.476
601328.SH,2022-11-03,0.0,4.47,4.48,4.47,2111.0,943645.0,4.476
601328.SH,2022-11-03,0.0,4.48,4.48,4.47,3572.0,1597200.0,4.476
601328.SH,2022-11-03,0.0,4.48,4.48,4.47,188.0,84142.0,4.476
601328.SH,2022-11-03,0.0,4.47,4.48,4.47,19925.0,8906680.0,4.475
601328.SH,2022-11-03,0.0,4.47,4.48,4.47,519.0,232006.0,4.475
601328.SH,2022-11-03,0.0,4.48,4.48,4.47,250.0,111791.0,4.475
601328.SH,2022-11-03,0.0,4.47,4.48,4.47,528.0,236102.0,4.475
601328.SH,2022-11-03,0.0,4.47,4.48,4.47,293.0,131023.0,4.475
601328.SH,2022-11-03,0.0,4.47,4.48,4.47,4466.0,1996300.0,4.475
601328.SH,2022-11-03,0.0,4.47,4.47,4.46,4206.0,1879440.0,4.475
601328.SH,2022-11-03,0.0,4.47,4.47,4.46,743.0,331946.0,4.475
601328.SH,2022-11-03,0.0,4.47,4.47,4.46,431.0,192453.0,4.475
601328.SH,2022-11-03,0.0,4.47,4.47,4.46,127.0,56736.0,4.475
601328.SH,2022-11-03,0.0,4.47,4.47,4.46,541.0,241382.0,4.475
601328.SH,2022-11-03,0.0,4.47,4.47,4.46,340.0,151669.0,4.475
601328.SH,2022-11-03,0.0,4.47,4.47,4.46,128.0,57193.0,4.475
601328.SH,2022-11-03,0.0,4.47,4.47,4.46,348.0,155349.0,4.475
601328.SH,2022-11-03,0.0,4.47,4.47,4.46,251.0,112179.0,4.475
601328.SH,2022-11-03,0.0,4.47,4.47,4.46,1074.0,479380.0,4.475
601328.SH,2022-11-03,0.0,4.46,4.47,4.46,1741.0,776635.0,4.475
601328.SH,2022-11-03,0.0,4.47,4.47,4.46,449.0,200315.0,4.475
601328.SH,2022-11-03,0.0,4.46,4.47,4.46,466.0,208172.0,4.475
601328.SH,2022-11-03,0.0,4.47,4.47,4.46,101.0,45080.0,4.475
601328.SH,2022-11-03,0.0,4.47,4.47,4.46,661.0,295222.0,4.475
601328.SH,2022-11-03,0.0,4.47,4.47,4.46,550.0,245482.0,4.475
601328.SH,2022-11-03,0.0,4.47,4.47,4.46,148.0,66144.0,4.475
601328.SH,2022-11-03,0.0,4.47,4.47,4.46,1210.0,540599.0,4.475
601328.SH,2022-11-03,0.0,4.46,4.47,4.46,852.0,380766.0,4.475
601328.SH,2022-11-03,0.0,4.47,4.47,4.46,672.0,299780.0,4.475
601328.SH,2022-11-03,0.0,4.47,4.47,4.46,221.0,98613.0,4.475
601328.SH,2022-11-03,0.0,4.47,4.47,4.46,191.0,85227.0,4.475
601328.SH,2022-11-03,0.0,4.47,4.47,4.46,377.0,168391.0,4.475
601328.SH,2022-11-03,0.0,4.46,4.47,4.46,349.0,155681.0,4.475
601328.SH,2022-11-03,0.0,4.47,4.47,4.46,522.0,232890.0,4.475
601328.SH,2022-11-03,0.0,4.47,4.47,4.46,882.0,393443.0,4.475
601328.SH,2022-11-03,0.0,4.47,4.47,4.46,2362.0,1054370.0,4.475
601328.SH,2022-11-03,0.0,4.47,4.47,4.46,1080.0,482045.0,4.475
601328.SH,2022-11-03,0.0,4.46,4.47,4.46,667.0,297529.0,4.475
601328.SH,2022-11-03,0.0,4.47,4.47,4.46,1478.0,659410.0,4.474
601328.SH,2022-11-03,0.0,4.46,4.47,4.46,1062.0,473835.0,4.474
601328.SH,2022-11-03,0.0,4.47,4.47,4.46,1218.0,543336.0,4.474
601328.SH,2022-11-03,0.0,4.47,4.47,4.46,781.0,348435.0,4.474
601328.SH,2022-11-03,0.0,4.46,4.47,4.46,1156.0,515775.0,4.474
601328.SH,2022-11-03,0.0,4.46,4.47,4.46,164.0,73231.0,4.474
601328.SH,2022-11-03,0.0,4.47,4.47,4.46,298.0,133040.0,4.474
601328.SH,2022-11-03,0.0,4.47,4.47,4.46,2559.0,1143380.0,4.474
601328.SH,2022-11-03,0.0,4.46,4.47,4.46,196.0,87599.0,4.474
601328.SH,2022-11-03,0.0,4.46,4.47,4.46,400.0,178533.0,4.474
601328.SH,2022-11-03,0.0,4.46,4.47,4.46,298.0,133129.0,4.474
601328.SH,2022-11-03,0.0,4.47,4.47,4.46,360.0,160677.0,4.474
601328.SH,2022-11-03,0.0,4.47,4.47,4.47,134.0,59898.0,4.474
601328.SH,2022-11-03,0.0,4.47,4.47,4.46,386.0,172295.0,4.474
601328.SH,2022-11-03,0.0,4.47,4.47,4.46,323.0,144318.0,4.474
601328.SH,2022-11-03,0.0,4.47,4.47,4.46,301.0,134433.0,4.474
601328.SH,2022-11-03,0.0,4.47,4.47,4.46,310.0,138480.0,4.474
601328.SH,2022-11-03,0.0,4.46,4.47,4.46,458.0,204708.0,4.474
601328.SH,2022-11-03,0.0,4.46,4.47,4.46,552.0,246539.0,4.474
601328.SH,2022-11-03,0.0,4.46,4.47,4.46,662.0,295808.0,4.474
601328.SH,2022-11-03,0.0,4.46,4.47,4.46,536.0,239143.0,4.474
601328.SH,2022-11-03,0.0,4.47,4.47,4.46,193.0,86222.0,4.474
601328.SH,2022-11-03,0.0,4.46,4.47,4.46,210.0,93755.0,4.474
601328.SH,2022-11-03,0.0,4.46,4.47,4.46,484.0,216273.0,4.474
601328.SH,2022-11-03,0.0,4.47,4.47,4.46,198.0,88476.0,4.474
601328.SH,2022-11-03,0.0,4.47,4.47,4.46,597.0,266540.0,4.474
601328.SH,2022-11-03,0.0,4.47,4.47,4.46,413.0,184462.0,4.474
601328.SH,2022-11-03,0.0,4.47,4.47,4.46,312.0,139430.0,4.474
601328.SH,2022-11-03,0.0,4.47,4.47,4.46,1897.0,847897.0,4.474
601328.SH,2022-11-03,0.0,4.47,4.47,4.46,11424.0,5106480.0,4.474
601328.SH,2022-11-03,0.0,4.47,4.47,4.47,16246.0,7261910.0,4.474
601328.SH,2022-11-03,0.0,4.47,4.47,4.46,1639.0,731738.0,4.474
601328.SH,2022-11-03,0.0,4.47,4.47,4.47,664.0,296798.0,4.474
601328.SH,2022-11-03,0.0,4.47,4.47,4.47,1134.0,506898.0,4.474
601328.SH,2022-11-03,0.0,4.47,4.47,4.46,384.0,171645.0,4.474
601328.SH,2022-11-03,0.0,4.46,4.47,4.46,678.0,303063.0,4.474
601328.SH,2022-11-03,0.0,4.47,4.47,4.46,410.0,183113.0,4.474
601328.SH,2022-11-03,0.0,4.47,4.47,4.46,1509.0,674245.0,4.474
601328.SH,2022-11-03,0.0,4.46,4.47,4.46,79.0,35075.0,4.474
601328.SH,2022-11-03,0.0,4.46,4.47,4.46,1316.0,587286.0,4.473
601328.SH,2022-11-03,0.0,4.46,4.47,4.46,21.0,9378.0,4.473
601328.SH,2022-11-03,0.0,4.46,4.47,4.46,52.0,23199.0,4.473
601328.SH,2022-11-03,0.0,4.47,4.47,4.46,302.0,134951.0,4.473
601328.SH,2022-11-03,0.0,4.46,4.47,4.46,237.0,105887.0,4.473
601328.SH,2022-11-03,0.0,4.47,4.47,4.46,371.0,165713.0,4.473
601328.SH,2022-11-03,0.0,4.47,4.47,4.46,406.0,181405.0,4.473
601328.SH,2022-11-03,0.0,4.47,4.47,4.46,157.0,70124.0,4.473
601328.SH,2022-11-03,0.0,4.47,4.47,4.46,866.0,387004.0,4.473
601328.SH,2022-11-03,0.0,4.47,4.47,4.46,1037.0,463471.0,4.473
601328.SH,2022-11-03,0.0,4.47,4.47,4.46,451.0,201387.0,4.473
601328.SH,2022-11-03,0.0,4.47,4.47,4.46,257.0,114822.0,4.473
601328.SH,2022-11-03,0.0,4.46,4.47,4.46,348.0,155516.0,4.473
601328.SH,2022-11-03,0.0,4.47,4.47,4.46,362.0,161709.0,4.473
601328.SH,2022-11-03,0.0,4.47,4.47,4.46,252.0,112594.0,4.473
601328.SH,2022-11-03,0.0,4.47,4.47,4.46,294.0,131376.0,4.473
601328.SH,2022-11-03,0.0,4.47,4.47,4.46,395.0,176482.0,4.473
601328.SH,2022-11-03,0.0,4.47,4.47,4.46,789.0,352581.0,4.473
601328.SH,2022-11-03,0.0,4.47,4.47,4.46,266.0,118849.0,4.473
601328.SH,2022-11-03,0.0,4.46,4.47,4.46,236.0,105420.0,4.473
601328.SH,2022-11-03,0.0,4.47,4.47,4.46,269.0,120183.0,4.473
601328.SH,2022-11-03,0.0,4.47,4.47,4.46,281.0,125484.0,4.473
601328.SH,2022-11-03,0.0,4.47,4.47,4.46,1975.0,882782.0,4.473
601328.SH,2022-11-03,0.0,4.47,4.47,4.46,146.0,65228.0,4.473
601328.SH,2022-11-03,0.0,4.47,4.47,4.46,318.0,142052.0,4.473
601328.SH,2022-11-03,0.0,4.47,4.47,4.46,445.0,198751.0,4.473
601328.SH,2022-11-03,0.0,4.47,4.47,4.46,505.0,225661.0,4.473
601328.SH,2022-11-03,0.0,4.47,4.47,4.46,325.0,144976.0,4.473
601328.SH,2022-11-03,0.0,4.47,4.47,4.46,478.0,213508.0,4.473
601328.SH,2022-11-03,0.0,4.47,4.47,4.46,734.0,328059.0,4.473
601328.SH,2022-11-03,0.0,4.47,4.47,4.46,1420.0,634626.0,4.473
601328.SH,2022-11-03,0.0,4.46,4.47,4.46,291.0,129961.0,4.473
601328.SH,2022-11-03,0.0,4.47,4.47,4.46,1072.0,478669.0,4.473
601328.SH,2022-11-03,0.0,4.46,4.47,4.46,3463.0,1545000.0,4.473
601328.SH,2022-11-03,0.0,4.46,4.47,4.46,268.0,119725.0,4.473
601328.SH,2022-11-03,0.0,4.47,4.47,4.46,271.0,121042.0,4.473
601328.SH,2022-11-03,0.0,4.47,4.47,4.46,177.0,79070.0,4.473
601328.SH,2022-11-03,0.0,4.47,4.47,4.46,1239.0,552875.0,4.473
601328.SH,2022-11-03,0.0,4.47,4.47,4.46,271.0,121031.0,4.473
601328.SH,2022-11-03,0.0,4.46,4.47,4.46,1170.0,522284.0,4.473
601328.SH,2022-11-03,0.0,4.47,4.47,4.46,750.0,335192.0,4.473
601328.SH,2022-11-03,0.0,4.47,4.47,4.46,1586.0,708381.0,4.473
601328.SH,2022-11-03,0.0,4.47,4.47,4.46,3411.0,1524520.0,4.473
601328.SH,2022-11-03,0.0,4.47,4.47,4.46,1714.0,766143.0,4.473
601328.SH,2022-11-03,0.0,4.47,4.47,4.46,7981.0,3566120.0,4.473
601328.SH,2022-11-03,0.0,4.47,4.47,4.46,428.0,191310.0,4.473
601328.SH,2022-11-03,0.0,4.47,4.47,4.46,172.0,76845.0,4.473
601328.SH,2022-11-03,0.0,4.47,4.47,4.46,510.0,227942.0,4.473
601328.SH,2022-11-03,0.0,4.47,4.47,4.46,703.0,314221.0,4.473
601328.SH,2022-11-03,0.0,4.46,4.47,4.46,262.0,117090.0,4.473
601328.SH,2022-11-03,0.0,4.46,4.47,4.46,194.0,86671.0,4.473
601328.SH,2022-11-03,0.0,4.47,4.47,4.46,555.0,247804.0,4.473
601328.SH,2022-11-03,0.0,4.47,4.47,4.46,1500.0,670469.0,4.473
601328.SH,2022-11-03,0.0,4.47,4.47,4.46,1300.0,580905.0,4.473
601328.SH,2022-11-03,0.0,4.46,4.47,4.46,1700.0,759371.0,4.473
601328.SH,2022-11-03,0.0,4.47,4.47,4.46,898.0,401347.0,4.473
601328.SH,2022-11-03,0.0,4.47,4.47,4.46,579.0,258786.0,4.473
601328.SH,2022-11-03,0.0,4.46,4.47,4.46,3041.0,1358290.0,4.473
601328.SH,2022-11-03,0.0,4.46,4.47,4.46,1779.0,794682.0,4.473
601328.SH,2022-11-03,0.0,4.47,4.47,4.46,1036.0,462819.0,4.473
601328.SH,2022-11-03,0.0,4.47,4.47,4.46,4909.0,2194310.0,4.473
601328.SH,2022-11-03,0.0,4.47,4.47,4.46,709.0,316842.0,4.473
601328.SH,2022-11-03,0.0,4.46,4.47,4.46,575.0,256765.0,4.473
601328.SH,2022-11-03,0.0,4.47,4.47,4.46,636.0,284007.0,4.473
601328.SH,2022-11-03,0.0,4.47,4.47,4.46,1166.0,521123.0,4.473
601328.SH,2022-11-03,0.0,4.47,4.47,4.46,962.0,429642.0,4.473
601328.SH,2022-11-03,0.0,4.46,4.47,4.46,262.0,117086.0,4.473
601328.SH,2022-11-03,0.0,4.46,4.47,4.46,2527.0,1128460.0,4.473
601328.SH,2022-11-03,0.0,4.48,4.48,4.46,9084.0,4059140.0,4.472
601328.SH,2022-11-03,0.0,4.47,4.47,4.46,3347.0,1495650.0,4.472
601328.SH,2022-11-03,0.0,4.47,4.47,4.46,4227.0,1889660.0,4.472
601328.SH,2022-11-03,0.0,4.48,4.48,4.46,2177.0,973996.0,4.472
601328.SH,2022-11-03,0.0,4.47,4.48,4.47,647.0,289495.0,4.472
601328.SH,2022-11-03,0.0,4.47,4.48,4.47,1312.0,586744.0,4.472
601328.SH,2022-11-03,0.0,4.47,4.48,4.47,1565.0,699751.0,4.472
601328.SH,2022-11-03,0.0,4.48,4.48,4.47,765.0,341718.0,4.472
601328.SH,2022-11-03,0.0,4.48,4.48,4.47,327.0,146230.0,4.472
601328.SH,2022-11-03,0.0,4.47,4.48,4.47,718.0,321333.0,4.472
601328.SH,2022-11-03,0.0,4.48,4.48,4.47,1555.0,695848.0,4.472
601328.SH,2022-11-03,0.0,4.48,4.48,4.47,797.0,356485.0,4.472
601328.SH,2022-11-03,0.0,4.47,4.48,4.47,2863.0,1280360.0,4.472
601328.SH,2022-11-03,0.0,4.48,4.48,4.47,3039.0,1359040.0,4.472
601328.SH,2022-11-03,0.0,4.47,4.48,4.47,1817.0,812693.0,4.472
601328.SH,2022-11-03,0.0,4.48,4.48,4.47,4213.0,1884160.0,4.472
601328.SH,2022-11-03,0.0,4.47,4.48,4.47,6325.0,2831550.0,4.472
601328.SH,2022-11-03,0.0,4.47,4.47,4.47,0.0,0.0,4.472
601328.SH,2022-11-03,0.0,4.47,4.47,4.47,0.0,0.0,4.472
601328.SH,2022-11-03,0.0,4.47,4.47,4.47,4680.0,2091870.0,4.472
601328.SH,2022-11-04,0.0,4.47,4.47,4.47,1174.0,524778.0,4.47
601328.SH,2022-11-04,0.0,4.47,4.48,4.46,5579.0,2495810.0,4.473
601328.SH,2022-11-04,0.0,4.47,4.48,4.47,4851.0,2172730.0,4.476
601328.SH,2022-11-04,0.0,4.48,4.48,4.47,3216.0,1440180.0,4.476
601328.SH,2022-11-04,0.0,4.48,4.48,4.47,3879.0,1737310.0,4.477
601328.SH,2022-11-04,0.0,4.49,4.49,4.48,11532.0,5167800.0,4.478
601328.SH,2022-11-04,0.0,4.49,4.49,4.48,2795.0,1253760.0,4.479
601328.SH,2022-11-04,0.0,4.49,4.49,4.48,2988.0,1340980.0,4.48
601328.SH,2022-11-04,0.0,4.49,4.49,4.48,5168.0,2319770.0,4.481
601328.SH,2022-11-04,0.0,4.48,4.49,4.48,7630.0,3425410.0,4.482
601328.SH,2022-11-04,0.0,4.49,4.49,4.48,4434.0,1990460.0,4.483
601328.SH,2022-11-04,0.0,4.5,4.5,4.48,10461.0,4697240.0,4.484
601328.SH,2022-11-04,0.0,4.48,4.5,4.48,2846.0,1278610.0,4.484
601328.SH,2022-11-04,0.0,4.49,4.5,4.49,1705.0,765859.0,4.485
601328.SH,2022-11-04,0.0,4.49,4.5,4.49,782.0,351571.0,4.485
601328.SH,2022-11-04,0.0,4.5,4.5,4.49,1455.0,654560.0,4.485
601328.SH,2022-11-04,0.0,4.49,4.5,4.49,1934.0,869134.0,4.485
601328.SH,2022-11-04,0.0,4.5,4.5,4.49,1167.0,525096.0,4.485
601328.SH,2022-11-04,0.0,4.5,4.5,4.49,1094.0,492277.0,4.486
601328.SH,2022-11-04,0.0,4.49,4.5,4.49,1177.0,529513.0,4.486
601328.SH,2022-11-04,0.0,4.5,4.5,4.49,715.0,321633.0,4.486
601328.SH,2022-11-04,0.0,4.49,4.5,4.49,2792.0,1253840.0,4.486
601328.SH,2022-11-04,0.0,4.5,4.5,4.49,724.0,325684.0,4.486
601328.SH,2022-11-04,0.0,4.5,4.5,4.49,3243.0,1456300.0,4.486
601328.SH,2022-11-04,0.0,4.5,4.5,4.49,1585.0,713004.0,4.487
601328.SH,2022-11-04,0.0,4.5,4.5,4.49,1829.0,823012.0,4.487
601328.SH,2022-11-04,0.0,4.5,4.5,4.49,360.0,161947.0,4.487
601328.SH,2022-11-04,0.0,4.5,4.5,4.49,377.0,169572.0,4.487
601328.SH,2022-11-04,0.0,4.5,4.5,4.5,1784.0,802792.0,4.487
601328.SH,2022-11-04,0.0,4.5,4.5,4.49,2191.0,985882.0,4.488
601328.SH,2022-11-04,0.0,4.5,4.5,4.49,1282.0,576454.0,4.488
601328.SH,2022-11-04,0.0,4.5,4.5,4.49,4992.0,2243940.0,4.488
601328.SH,2022-11-04,0.0,4.5,4.5,4.49,243.0,109243.0,4.488
601328.SH,2022-11-04,0.0,4.5,4.5,4.49,699.0,313992.0,4.488
601328.SH,2022-11-04,0.0,4.49,4.5,4.49,305.0,137087.0,4.488
601328.SH,2022-11-04,0.0,4.5,4.5,4.49,636.0,286156.0,4.488
601328.SH,2022-11-04,0.0,4.5,4.5,4.49,940.0,422910.0,4.488
601328.SH,2022-11-04,0.0,4.5,4.5,4.49,600.0,269854.0,4.488
601328.SH,2022-11-04,0.0,4.5,4.5,4.49,1864.0,838546.0,4.489
601328.SH,2022-11-04,0.0,4.5,4.5,4.49,866.0,389468.0,4.489
601328.SH,2022-11-04,0.0,4.5,4.5,4.49,2368.0,1065440.0,4.489
601328.SH,2022-11-04,0.0,4.49,4.5,4.49,9433.0,4244680.0,4.49
601328.SH,2022-11-04,0.0,4.5,4.5,4.49,1919.0,863450.0,4.49
601328.SH,2022-11-04,0.0,4.51,4.51,4.49,10432.0,4694730.0,4.491
601328.SH,2022-11-04,0.0,4.51,4.51,4.5,725.0,326431.0,4.491
601328.SH,2022-11-04,0.0,4.51,4.51,4.51,577.0,260201.0,4.491
601328.SH,2022-11-04,0.0,4.5,4.51,4.5,767.0,345683.0,4.491
601328.SH,2022-11-04,0.0,4.5,4.51,4.5,320.0,144219.0,4.491
601328.SH,2022-11-04,0.0,4.51,4.51,4.5,406.0,182887.0,4.491
601328.SH,2022-11-04,0.0,4.51,4.51,4.5,390.0,175613.0,4.491
601328.SH,2022-11-04,0.0,4.51,4.51,4.5,1278.0,575301.0,4.491
601328.SH,2022-11-04,0.0,4.5,4.51,4.5,826.0,371794.0,4.491
601328.SH,2022-11-04,0.0,4.5,4.5,4.5,721.0,324496.0,4.491
601328.SH,2022-11-04,0.0,4.5,4.51,4.5,336.0,151314.0,4.491
601328.SH,2022-11-04,0.0,4.51,4.51,4.5,362.0,163038.0,4.491
601328.SH,2022-11-04,0.0,4.5,4.51,4.5,550.0,247692.0,4.492
601328.SH,2022-11-04,0.0,4.5,4.51,4.5,2531.0,1139690.0,4.492
601328.SH,2022-11-04,0.0,4.51,4.51,4.5,2265.0,1019810.0,4.492
601328.SH,2022-11-04,0.0,4.51,4.51,4.5,443.0,199540.0,4.492
601328.SH,2022-11-04,0.0,4.5,4.51,4.5,283.0,127504.0,4.492
601328.SH,2022-11-04,0.0,4.51,4.51,4.5,727.0,327687.0,4.492
601328.SH,2022-11-04,0.0,4.51,4.51,4.5,1748.0,788131.0,4.492
601328.SH,2022-11-04,0.0,4.5,4.51,4.5,706.0,318298.0,4.492
601328.SH,2022-11-04,0.0,4.5,4.51,4.5,424.0,191139.0,4.492
601328.SH,2022-11-04,0.0,4.51,4.51,4.5,458.0,206421.0,4.492
601328.SH,2022-11-04,0.0,4.5,4.51,4.5,925.0,417089.0,4.493
601328.SH,2022-11-04,0.0,4.5,4.51,4.5,263.0,118592.0,4.493
601328.SH,2022-11-04,0.0,4.51,4.51,4.5,2084.0,938645.0,4.493
601328.SH,2022-11-04,0.0,4.5,4.51,4.5,475.0,214109.0,4.493
601328.SH,2022-11-04,0.0,4.5,4.51,4.5,153.0,68998.0,4.493
601328.SH,2022-11-04,0.0,4.51,4.51,4.5,1257.0,566821.0,4.493
601328.SH,2022-11-04,0.0,4.51,4.51,4.5,1628.0,733392.0,4.493
601328.SH,2022-11-04,0.0,4.5,4.51,4.5,1703.0,766710.0,4.493
601328.SH,2022-11-04,0.0,4.5,4.51,4.5,515.0,231891.0,4.493
601328.SH,2022-11-04,0.0,4.5,4.51,4.5,224.0,100888.0,4.493
601328.SH,2022-11-04,0.0,4.51,4.51,4.5,2244.0,1011510.0,4.493
601328.SH,2022-11-04,0.0,4.51,4.51,4.5,245.0,110442.0,4.493
601328.SH,2022-11-04,0.0,4.51,4.51,4.5,470.0,211805.0,4.493
601328.SH,2022-11-04,0.0,4.51,4.51,4.5,596.0,268304.0,4.493
601328.SH,2022-11-04,0.0,4.5,4.51,4.5,190.0,85626.0,4.494
601328.SH,2022-11-04,0.0,4.51,4.51,4.5,546.0,245963.0,4.494
601328.SH,2022-11-04,0.0,4.51,4.51,4.5,147.0,66246.0,4.494
601328.SH,2022-11-04,0.0,4.51,4.51,4.5,475.0,214116.0,4.494
601328.SH,2022-11-04,0.0,4.5,4.51,4.5,786.0,353862.0,4.494
601328.SH,2022-11-04,0.0,4.5,4.51,4.5,147.0,66219.0,4.494
601328.SH,2022-11-04,0.0,4.51,4.51,4.5,1041.0,469374.0,4.494
601328.SH,2022-11-04,0.0,4.5,4.51,4.5,1252.0,564618.0,4.494
601328.SH,2022-11-04,0.0,4.51,4.51,4.5,963.0,433900.0,4.494
601328.SH,2022-11-04,0.0,4.51,4.51,4.5,1100.0,495853.0,4.494
601328.SH,2022-11-04,0.0,4.51,4.51,4.5,1168.0,526618.0,4.494
601328.SH,2022-11-04,0.0,4.51,4.51,4.5,3453.0,1557160.0,4.494
601328.SH,2022-11-04,0.0,4.5,4.51,4.5,1367.0,616050.0,4.495
601328.SH,2022-11-04,0.0,4.51,4.51,4.5,680.0,306576.0,4.495
601328.SH,2022-11-04,0.0,4.51,4.51,4.51,95.0,42845.0,4.495
601328.SH,2022-11-04,0.0,4.51,4.51,4.5,582.0,262253.0,4.495
601328.SH,2022-11-04,0.0,4.51,4.51,4.5,517.0,232842.0,4.495
601328.SH,2022-11-04,0.0,4.51,4.51,4.51,155.0,69848.0,4.495
601328.SH,2022-11-04,0.0,4.51,4.51,4.5,1302.0,587135.0,4.495
601328.SH,2022-11-04,0.0,4.51,4.51,4.51,2301.0,1037670.0,4.495
601328.SH,2022-11-04,0.0,4.51,4.51,4.5,970.0,437425.0,4.495
601328.SH,2022-11-04,0.0,4.51,4.51,4.5,683.0,307701.0,4.495
601328.SH,2022-11-04,0.0,4.51,4.51,4.5,1125.0,506945.0,4.495
601328.SH,2022-11-04,0.0,4.5,4.51,4.5,1288.0,580729.0,4.495
601328.SH,2022-11-04,0.0,4.51,4.51,4.5,2942.0,1326690.0,4.496
601328.SH,2022-11-04,0.0,4.51,4.51,4.51,895.0,403604.0,4.496
601328.SH,2022-11-04,0.0,4.51,4.51,4.5,4389.0,1979410.0,4.496
601328.SH,2022-11-04,0.0,4.51,4.51,4.5,1920.0,865761.0,4.496
601328.SH,2022-11-04,0.0,4.5,4.51,4.5,3211.0,1447640.0,4.496
601328.SH,2022-11-04,0.0,4.51,4.51,4.5,1477.0,666064.0,4.496
601328.SH,2022-11-04,0.0,4.51,4.51,4.5,2102.0,947874.0,4.496
601328.SH,2022-11-04,0.0,4.51,4.51,4.51,4712.0,2125110.0,4.497
601328.SH,2022-11-04,0.0,4.51,4.51,4.5,1186.0,534751.0,4.497
601328.SH,2022-11-04,0.0,4.5,4.51,4.5,2196.0,990370.0,4.497
601328.SH,2022-11-04,0.0,4.52,4.52,4.5,10033.0,4525720.0,4.498
601328.SH,2022-11-04,0.0,4.52,4.52,4.51,2402.0,1085230.0,4.498
601328.SH,2022-11-04,0.0,4.51,4.52,4.51,1853.0,836217.0,4.498
601328.SH,2022-11-04,0.0,4.52,4.52,4.51,732.0,330801.0,4.498
601328.SH,2022-11-04,0.0,4.52,4.52,4.51,583.0,262975.0,4.498
601328.SH,2022-11-04,0.0,4.52,4.52,4.51,1537.0,694469.0,4.498
601328.SH,2022-11-04,0.0,4.52,4.52,4.51,3660.0,1654180.0,4.499
601328.SH,2022-11-04,0.0,4.52,4.52,4.51,1367.0,617285.0,4.499
601328.SH,2022-11-04,0.0,4.52,4.52,4.51,29566.0,13360800.0,4.501
601328.SH,2022-11-04,0.0,4.51,4.52,4.51,5059.0,2285730.0,4.501
601328.SH,2022-11-04,0.0,4.52,4.52,4.51,2661.0,1202580.0,4.502
601328.SH,2022-11-04,0.0,4.52,4.52,4.51,3734.0,1687350.0,4.502
601328.SH,2022-11-04,0.0,4.51,4.52,4.51,11988.0,5408840.0,4.502
601328.SH,2022-11-04,0.0,4.52,4.52,4.51,691.0,312152.0,4.502
601328.SH,2022-11-04,0.0,4.52,4.52,4.51,1836.0,829564.0,4.502
601328.SH,2022-11-04,0.0,4.52,4.52,4.51,14653.0,6622820.0,4.503
601328.SH,2022-11-04,0.0,4.52,4.53,4.51,8700.0,3932920.0,4.504
601328.SH,2022-11-04,0.0,4.53,4.53,4.52,7632.0,3451870.0,4.504
601328.SH,2022-11-04,0.0,4.52,4.53,4.52,1307.0,591811.0,4.504
601328.SH,2022-11-04,0.0,4.51,4.53,4.51,10097.0,4563630.0,4.505
601328.SH,2022-11-04,0.0,4.52,4.53,4.52,2387.0,1079390.0,4.505
601328.SH,2022-11-04,0.0,4.51,4.53,4.51,2553.0,1152980.0,4.505
601328.SH,2022-11-04,0.0,4.51,4.52,4.51,1635.0,737990.0,4.505
601328.SH,2022-11-04,0.0,4.51,4.52,4.51,3360.0,1517290.0,4.505
601328.SH,2022-11-04,0.0,4.51,4.52,4.51,5251.0,2371270.0,4.505
601328.SH,2022-11-04,0.0,4.51,4.52,4.51,3017.0,1362640.0,4.505
601328.SH,2022-11-04,0.0,4.52,4.52,4.51,2923.0,1320050.0,4.506
601328.SH,2022-11-04,0.0,4.52,4.52,4.51,2232.0,1007850.0,4.506
601328.SH,2022-11-04,0.0,4.52,4.52,4.51,1520.0,685949.0,4.506
601328.SH,2022-11-04,0.0,4.52,4.52,4.51,1571.0,708871.0,4.506
601328.SH,2022-11-04,0.0,4.51,4.52,4.51,2619.0,1181720.0,4.506
601328.SH,2022-11-04,0.0,4.52,4.52,4.51,2581.0,1165270.0,4.506
601328.SH,2022-11-04,0.0,4.52,4.52,4.51,3111.0,1404880.0,4.506
601328.SH,2022-11-04,0.0,4.51,4.52,4.51,1615.0,728475.0,4.506
601328.SH,2022-11-04,0.0,4.52,4.52,4.51,1713.0,772649.0,4.506
601328.SH,2022-11-04,0.0,4.52,4.52,4.51,2085.0,941414.0,4.506
601328.SH,2022-11-04,0.0,4.52,4.52,4.51,1423.0,642002.0,4.506
601328.SH,2022-11-04,0.0,4.52,4.52,4.51,2926.0,1321130.0,4.506
601328.SH,2022-11-04,0.0,4.52,4.52,4.51,1843.0,831840.0,4.506
601328.SH,2022-11-04,0.0,4.52,4.52,4.51,1519.0,685497.0,4.506
601328.SH,2022-11-04,0.0,4.51,4.52,4.51,2012.0,907434.0,4.506
601328.SH,2022-11-04,0.0,4.52,4.52,4.51,1368.0,617041.0,4.506
601328.SH,2022-11-04,0.0,4.51,4.52,4.51,3595.0,1621600.0,4.506
601328.SH,2022-11-04,0.0,4.52,4.52,4.51,16400.0,7401430.0,4.506
601328.SH,2022-11-04,0.0,4.51,4.52,4.51,2812.0,1269930.0,4.507
601328.SH,2022-11-04,0.0,4.51,4.52,4.51,3260.0,1472480.0,4.507
601328.SH,2022-11-04,0.0,4.51,4.52,4.51,1319.0,595176.0,4.507
601328.SH,2022-11-04,0.0,4.52,4.52,4.51,2649.0,1196340.0,4.507
601328.SH,2022-11-04,0.0,4.52,4.52,4.51,2508.0,1132800.0,4.507
601328.SH,2022-11-04,0.0,4.51,4.52,4.51,931.0,420524.0,4.507
601328.SH,2022-11-04,0.0,4.52,4.52,4.51,781.0,353006.0,4.507
601328.SH,2022-11-04,0.0,4.51,4.52,4.51,3553.0,1605940.0,4.507
601328.SH,2022-11-04,0.0,4.52,4.52,4.51,975.0,440641.0,4.507
601328.SH,2022-11-04,0.0,4.52,4.52,4.51,1037.0,468325.0,4.507
601328.SH,2022-11-04,0.0,4.51,4.52,4.51,560.0,252857.0,4.507
601328.SH,2022-11-04,0.0,4.52,4.52,4.51,197.0,89021.0,4.507
601328.SH,2022-11-04,0.0,4.51,4.52,4.51,814.0,367619.0,4.507
601328.SH,2022-11-04,0.0,4.52,4.52,4.51,243.0,109805.0,4.507
601328.SH,2022-11-04,0.0,4.51,4.52,4.51,228.0,102987.0,4.507
601328.SH,2022-11-04,0.0,4.52,4.52,4.51,682.0,308059.0,4.507
601328.SH,2022-11-04,0.0,4.51,4.52,4.51,573.0,258725.0,4.507
601328.SH,2022-11-04,0.0,4.52,4.52,4.51,504.0,227425.0,4.507
601328.SH,2022-11-04,0.0,4.52,4.52,4.51,374.0,168978.0,4.507
601328.SH,2022-11-04,0.0,4.51,4.52,4.51,336.0,151813.0,4.507
601328.SH,2022-11-04,0.0,4.51,4.52,4.51,541.0,244370.0,4.507
601328.SH,2022-11-04,0.0,4.52,4.52,4.51,592.0,267538.0,4.507
601328.SH,2022-11-04,0.0,4.52,4.52,4.51,700.0,316317.0,4.507
601328.SH,2022-11-04,0.0,4.52,4.52,4.51,844.0,380975.0,4.507
601328.SH,2022-11-04,0.0,4.52,4.52,4.51,809.0,365076.0,4.507
601328.SH,2022-11-04,0.0,4.52,4.52,4.51,1558.0,703911.0,4.507
601328.SH,2022-11-04,0.0,4.52,4.52,4.51,419.0,189272.0,4.507
601328.SH,2022-11-04,0.0,4.51,4.52,4.51,261.0,117864.0,4.507
601328.SH,2022-11-04,0.0,4.52,4.52,4.51,648.0,292463.0,4.507
601328.SH,2022-11-04,0.0,4.52,4.52,4.51,1339.0,605006.0,4.507
601328.SH,2022-11-04,0.0,4.52,4.52,4.51,1798.0,811495.0,4.507
601328.SH,2022-11-04,0.0,4.52,4.52,4.51,316.0,142707.0,4.507
601328.SH,2022-11-04,0.0,4.52,4.52,4.51,482.0,217819.0,4.507
601328.SH,2022-11-04,0.0,4.52,4.52,4.51,862.0,389049.0,4.507
601328.SH,2022-11-04,0.0,4.52,4.52,4.51,1574.0,710825.0,4.507
601328.SH,2022-11-04,0.0,4.52,4.52,4.51,463.0,209242.0,4.507
601328.SH,2022-11-04,0.0,4.51,4.52,4.51,513.0,231834.0,4.507
601328.SH,2022-11-04,0.0,4.52,4.52,4.51,969.0,437973.0,4.507
601328.SH,2022-11-04,0.0,4.52,4.52,4.51,889.0,401634.0,4.507
601328.SH,2022-11-04,0.0,4.52,4.52,4.52,1544.0,697804.0,4.507
601328.SH,2022-11-04,0.0,4.52,4.52,4.51,842.0,380500.0,4.507
601328.SH,2022-11-04,0.0,4.52,4.52,4.52,785.0,354816.0,4.508
601328.SH,2022-11-04,0.0,4.52,4.52,4.51,1320.0,596552.0,4.508
601328.SH,2022-11-04,0.0,4.52,4.52,4.51,863.0,390037.0,4.508
601328.SH,2022-11-04,0.0,4.52,4.52,4.51,480.0,216825.0,4.508
601328.SH,2022-11-04,0.0,4.52,4.52,4.51,1520.0,686944.0,4.508
601328.SH,2022-11-04,0.0,4.52,4.52,4.51,1621.0,732629.0,4.508
601328.SH,2022-11-04,0.0,4.52,4.52,4.51,1143.0,516614.0,4.508
601328.SH,2022-11-04,0.0,4.52,4.52,4.51,1202.0,542707.0,4.508
601328.SH,2022-11-04,0.0,4.52,4.52,4.51,591.0,266983.0,4.508
601328.SH,2022-11-04,0.0,4.52,4.52,4.51,301.0,135992.0,4.508
601328.SH,2022-11-04,0.0,4.52,4.52,4.51,1181.0,533664.0,4.508
601328.SH,2022-11-04,0.0,4.52,4.52,4.51,594.0,268483.0,4.508
601328.SH,2022-11-04,0.0,4.52,4.52,4.51,851.0,384279.0,4.508
601328.SH,2022-11-04,0.0,4.52,4.52,4.51,1799.0,812723.0,4.508
601328.SH,2022-11-04,0.0,4.52,4.52,4.51,2946.0,1331040.0,4.508
601328.SH,2022-11-04,0.0,4.51,4.52,4.51,33462.0,15092100.0,4.508
601328.SH,2022-11-04,0.0,4.5,4.51,4.5,29118.0,13112900.0,4.508
601328.SH,2022-11-04,0.0,4.51,4.51,4.5,13658.0,6147780.0,4.508
601328.SH,2022-11-04,0.0,4.5,4.51,4.5,2157.0,972188.0,4.508
601328.SH,2022-11-04,0.0,4.51,4.51,4.5,1798.0,810507.0,4.508
601328.SH,2022-11-04,0.0,4.51,4.51,4.5,6986.0,3150640.0,4.508
601328.SH,2022-11-04,0.0,4.51,4.51,4.5,1278.0,576340.0,4.508
601328.SH,2022-11-04,0.0,4.51,4.51,4.5,791.0,356639.0,4.508
601328.SH,2022-11-04,0.0,4.51,4.51,4.5,795.0,358168.0,4.508
601328.SH,2022-11-04,0.0,4.51,4.51,4.5,1819.0,820316.0,4.508
601328.SH,2022-11-04,0.0,4.51,4.51,4.5,2503.0,1128770.0,4.508
601328.SH,2022-11-04,0.0,4.51,4.51,4.5,1276.0,575050.0,4.508
601328.SH,2022-11-04,0.0,4.51,4.51,4.5,13387.0,6037430.0,4.508
601328.SH,2022-11-04,0.0,4.51,4.51,4.5,2702.0,1218250.0,4.508
601328.SH,2022-11-04,0.0,4.51,4.51,4.5,1598.0,720410.0,4.508
601328.SH,2022-11-04,0.0,4.51,4.51,4.5,1629.0,734468.0,4.508
601328.SH,2022-11-04,0.0,4.51,4.51,4.5,1253.0,564762.0,4.508
601328.SH,2022-11-04,0.0,4.51,4.51,4.5,1819.0,820198.0,4.508
601328.SH,2022-11-04,0.0,4.52,4.52,4.5,25969.0,11729300.0,4.508
601328.SH,2022-11-04,0.0,4.52,4.52,4.51,4620.0,2086340.0,4.508
601328.SH,2022-11-04,0.0,4.52,4.52,4.51,10575.0,4779500.0,4.508
601328.SH,2022-11-04,0.0,4.52,4.52,4.51,1483.0,670078.0,4.508
601328.SH,2022-11-04,0.0,4.52,4.52,4.51,2884.0,1303070.0,4.508
601328.SH,2022-11-04,0.0,4.52,4.52,4.51,3496.0,1579420.0,4.509
601328.SH,2022-11-04,0.0,4.51,4.52,4.51,7027.0,3171440.0,4.509
601328.SH,2022-11-04,0.0,4.51,4.51,4.51,0.0,0.0,4.509
601328.SH,2022-11-04,0.0,4.51,4.51,4.51,0.0,0.0,4.509
601328.SH,2022-11-04,0.0,4.53,4.53,4.53,11417.0,5171900.0,4.509
601328.SH,2022-11-07,0.0,4.52,4.52,4.52,9040.0,4086080.0,4.52
601328.SH,2022-11-07,0.0,4.51,4.53,4.51,7196.0,3251060.0,4.519
601328.SH,2022-11-07,0.0,4.51,4.52,4.51,5933.0,2676650.0,4.517
601328.SH,2022-11-07,0.0,4.51,4.52,4.51,7666.0,3458480.0,4.516
601328.SH,2022-11-07,0.0,4.51,4.52,4.51,3379.0,1524360.0,4.515
601328.SH,2022-11-07,0.0,4.51,4.52,4.5,20004.0,9018840.0,4.513
601328.SH,2022-11-07,0.0,4.51,4.52,4.5,5450.0,2457950.0,4.512
601328.SH,2022-11-07,0.0,4.52,4.52,4.51,3315.0,1495140.0,4.512
601328.SH,2022-11-07,0.0,4.51,4.52,4.51,4306.0,1942050.0,4.512
601328.SH,2022-11-07,0.0,4.52,4.52,4.51,4928.0,2222860.0,4.512
601328.SH,2022-11-07,0.0,4.51,4.52,4.51,5494.0,2476990.0,4.512
601328.SH,2022-11-07,0.0,4.51,4.52,4.5,2762.0,1245360.0,4.512
601328.SH,2022-11-07,0.0,4.51,4.52,4.51,2584.0,1165640.0,4.512
601328.SH,2022-11-07,0.0,4.51,4.52,4.51,3107.0,1402530.0,4.512
601328.SH,2022-11-07,0.0,4.51,4.52,4.51,4294.0,1937150.0,4.512
601328.SH,2022-11-07,0.0,4.52,4.52,4.51,2988.0,1348300.0,4.512
601328.SH,2022-11-07,0.0,4.51,4.52,4.51,7385.0,3335480.0,4.512
601328.SH,2022-11-07,0.0,4.51,4.52,4.51,5811.0,2621830.0,4.512
601328.SH,2022-11-07,0.0,4.52,4.52,4.51,18684.0,8426960.0,4.512
601328.SH,2022-11-07,0.0,4.51,4.52,4.5,4357.0,1963680.0,4.512
601328.SH,2022-11-07,0.0,4.51,4.52,4.5,3698.0,1667190.0,4.512
601328.SH,2022-11-07,0.0,4.51,4.51,4.51,1694.0,764035.0,4.512
601328.SH,2022-11-07,0.0,4.51,4.52,4.5,2177.0,981099.0,4.512
601328.SH,2022-11-07,0.0,4.51,4.51,4.5,1174.0,529175.0,4.511
601328.SH,2022-11-07,0.0,4.51,4.51,4.5,543.0,244508.0,4.511
601328.SH,2022-11-07,0.0,4.51,4.51,4.5,690.0,310715.0,4.511
601328.SH,2022-11-07,0.0,4.5,4.51,4.5,1228.0,553019.0,4.511
601328.SH,2022-11-07,0.0,4.51,4.51,4.5,950.0,427604.0,4.511
601328.SH,2022-11-07,0.0,4.5,4.51,4.5,1601.0,721024.0,4.511
601328.SH,2022-11-07,0.0,4.51,4.51,4.5,1693.0,762450.0,4.511
601328.SH,2022-11-07,0.0,4.5,4.51,4.5,5288.0,2380370.0,4.511
601328.SH,2022-11-07,0.0,4.5,4.51,4.5,2706.0,1218270.0,4.511
601328.SH,2022-11-07,0.0,4.5,4.51,4.5,660.0,297258.0,4.511
601328.SH,2022-11-07,0.0,4.5,4.51,4.5,1786.0,804659.0,4.511
601328.SH,2022-11-07,0.0,4.51,4.51,4.5,1662.0,748150.0,4.51
601328.SH,2022-11-07,0.0,4.51,4.51,4.5,1151.0,518412.0,4.51
601328.SH,2022-11-07,0.0,4.5,4.51,4.5,2071.0,932399.0,4.51
601328.SH,2022-11-07,0.0,4.51,4.51,4.5,1358.0,611614.0,4.51
601328.SH,2022-11-07,0.0,4.51,4.51,4.5,1251.0,563503.0,4.51
601328.SH,2022-11-07,0.0,4.51,4.51,4.5,1232.0,554731.0,4.51
601328.SH,2022-11-07,0.0,4.51,4.51,4.5,2371.0,1068670.0,4.51
601328.SH,2022-11-07,0.0,4.5,4.51,4.5,878.0,395543.0,4.51
601328.SH,2022-11-07,0.0,4.5,4.51,4.5,954.0,429573.0,4.51
601328.SH,2022-11-07,0.0,4.51,4.51,4.5,1141.0,514032.0,4.51
601328.SH,2022-11-07,0.0,4.5,4.51,4.5,2379.0,1071310.0,4.51
601328.SH,2022-11-07,0.0,4.5,4.51,4.5,2835.0,1277090.0,4.51
601328.SH,2022-11-07,0.0,4.51,4.51,4.5,2352.0,1059280.0,4.51
601328.SH,2022-11-07,0.0,4.5,4.51,4.5,2546.0,1146630.0,4.51
601328.SH,2022-11-07,0.0,4.51,4.51,4.5,2885.0,1299240.0,4.51
601328.SH,2022-11-07,0.0,4.51,4.51,4.5,1874.0,843789.0,4.509
601328.SH,2022-11-07,0.0,4.51,4.51,4.5,1875.0,844204.0,4.509
601328.SH,2022-11-07,0.0,4.5,4.51,4.5,2186.0,983980.0,4.509
601328.SH,2022-11-07,0.0,4.5,4.51,4.5,2192.0,987211.0,4.509
601328.SH,2022-11-07,0.0,4.51,4.51,4.5,2592.0,1167250.0,4.509
601328.SH,2022-11-07,0.0,4.5,4.51,4.5,1754.0,789721.0,4.509
601328.SH,2022-11-07,0.0,4.5,4.51,4.5,2361.0,1063340.0,4.509
601328.SH,2022-11-07,0.0,4.5,4.51,4.5,1960.0,882302.0,4.509
601328.SH,2022-11-07,0.0,4.51,4.51,4.5,2255.0,1015170.0,4.509
601328.SH,2022-11-07,0.0,4.51,4.51,4.5,2056.0,925868.0,4.509
601328.SH,2022-11-07,0.0,4.5,4.51,4.5,1783.0,802904.0,4.509
601328.SH,2022-11-07,0.0,4.5,4.51,4.5,2215.0,997082.0,4.509
601328.SH,2022-11-07,0.0,4.5,4.51,4.5,1555.0,700457.0,4.509
601328.SH,2022-11-07,0.0,4.51,4.51,4.5,968.0,435909.0,4.509
601328.SH,2022-11-07,0.0,4.51,4.51,4.5,2435.0,1097030.0,4.509
601328.SH,2022-11-07,0.0,4.5,4.51,4.5,1546.0,696075.0,4.509
601328.SH,2022-11-07,0.0,4.51,4.51,4.5,1019.0,458671.0,4.509
601328.SH,2022-11-07,0.0,4.5,4.51,4.5,1358.0,611388.0,4.508
601328.SH,2022-11-07,0.0,4.5,4.51,4.5,1321.0,594810.0,4.508
601328.SH,2022-11-07,0.0,4.5,4.51,4.5,1518.0,683523.0,4.508
601328.SH,2022-11-07,0.0,4.5,4.51,4.5,2360.0,1062590.0,4.508
601328.SH,2022-11-07,0.0,4.5,4.51,4.5,1201.0,540749.0,4.508
601328.SH,2022-11-07,0.0,4.51,4.51,4.5,1401.0,630972.0,4.508
601328.SH,2022-11-07,0.0,4.51,4.51,4.5,1369.0,616300.0,4.508
601328.SH,2022-11-07,0.0,4.5,4.51,4.5,1838.0,827985.0,4.508
601328.SH,2022-11-07,0.0,4.51,4.51,4.5,1165.0,524524.0,4.508
601328.SH,2022-11-07,0.0,4.5,4.51,4.5,1814.0,816605.0,4.508
601328.SH,2022-11-07,0.0,4.5,4.51,4.5,1365.0,614922.0,4.508
601328.SH,2022-11-07,0.0,4.5,4.51,4.5,10970.0,4936780.0,4.508
601328.SH,2022-11-07,0.0,4.5,4.51,4.5,2015.0,907991.0,4.508
601328.SH,2022-11-07,0.0,4.5,4.51,4.5,1210.0,544842.0,4.508
601328.SH,2022-11-07,0.0,4.5,4.51,4.5,882.0,396966.0,4.508
601328.SH,2022-11-07,0.0,4.5,4.51,4.5,1244.0,560356.0,4.508
601328.SH,2022-11-07,0.0,4.51,4.51,4.5,1013.0,455986.0,4.508
601328.SH,2022-11-07,0.0,4.5,4.51,4.5,2022.0,911208.0,4.508
601328.SH,2022-11-07,0.0,4.5,4.51,4.5,11090.0,4991220.0,4.507
601328.SH,2022-11-07,0.0,4.5,4.51,4.5,1211.0,545497.0,4.507
601328.SH,2022-11-07,0.0,4.5,4.51,4.5,2123.0,955678.0,4.507
601328.SH,2022-11-07,0.0,4.5,4.51,4.5,5983.0,2692660.0,4.507
601328.SH,2022-11-07,0.0,4.5,4.51,4.5,810.0,364633.0,4.507
601328.SH,2022-11-07,0.0,4.51,4.51,4.5,1170.0,526837.0,4.507
601328.SH,2022-11-07,0.0,4.51,4.51,4.5,2296.0,1033670.0,4.507
601328.SH,2022-11-07,0.0,4.51,4.51,4.5,711.0,320168.0,4.507
601328.SH,2022-11-07,0.0,4.5,4.51,4.5,648.0,291764.0,4.507
601328.SH,2022-11-07,0.0,4.5,4.51,4.5,1905.0,858747.0,4.507
601328.SH,2022-11-07,0.0,4.52,4.52,4.51,10294.0,4642690.0,4.507
601328.SH,2022-11-07,0.0,4.52,4.52,4.51,831.0,375054.0,4.507
601328.SH,2022-11-07,0.0,4.51,4.52,4.51,6198.0,2795270.0,4.507
601328.SH,2022-11-07,0.0,4.51,4.51,4.5,1633.0,736384.0,4.507
601328.SH,2022-11-07,0.0,4.51,4.52,4.51,429.0,193548.0,4.507
601328.SH,2022-11-07,0.0,4.51,4.52,4.5,974.0,439606.0,4.507
601328.SH,2022-11-07,0.0,4.51,4.51,4.5,954.0,429955.0,4.507
601328.SH,2022-11-07,0.0,4.51,4.51,4.5,2561.0,1152950.0,4.507
601328.SH,2022-11-07,0.0,4.51,4.51,4.5,1277.0,575559.0,4.507
601328.SH,2022-11-07,0.0,4.51,4.51,4.5,676.0,304208.0,4.507
601328.SH,2022-11-07,0.0,4.51,4.51,4.5,2393.0,1079000.0,4.507
601328.SH,2022-11-07,0.0,4.51,4.52,4.51,446.0,201231.0,4.507
601328.SH,2022-11-07,0.0,4.51,4.52,4.51,1056.0,476693.0,4.507
601328.SH,2022-11-07,0.0,4.51,4.52,4.51,2475.0,1116850.0,4.507
601328.SH,2022-11-07,0.0,4.52,4.52,4.51,1300.0,586957.0,4.507
601328.SH,2022-11-07,0.0,4.51,4.52,4.51,1497.0,675774.0,4.507
601328.SH,2022-11-07,0.0,4.52,4.52,4.51,11074.0,4994860.0,4.507
601328.SH,2022-11-07,0.0,4.51,4.52,4.51,925.0,417421.0,4.508
601328.SH,2022-11-07,0.0,4.51,4.52,4.51,708.0,319447.0,4.508
601328.SH,2022-11-07,0.0,4.52,4.52,4.51,928.0,418744.0,4.508
601328.SH,2022-11-07,0.0,4.51,4.52,4.51,1380.0,622635.0,4.508
601328.SH,2022-11-07,0.0,4.51,4.52,4.51,722.0,325801.0,4.508
601328.SH,2022-11-07,0.0,4.51,4.52,4.51,634.0,286052.0,4.508
601328.SH,2022-11-07,0.0,4.52,4.52,4.51,1886.0,851755.0,4.508
601328.SH,2022-11-07,0.0,4.51,4.52,4.51,625.0,281933.0,4.508
601328.SH,2022-11-07,0.0,4.51,4.52,4.51,944.0,425913.0,4.508
601328.SH,2022-11-07,0.0,4.51,4.52,4.51,853.0,384967.0,4.508
601328.SH,2022-11-07,0.0,4.51,4.52,4.51,17610.0,7948110.0,4.508
601328.SH,2022-11-07,0.0,4.51,4.52,4.51,1593.0,718717.0,4.508
601328.SH,2022-11-07,0.0,4.51,4.52,4.51,826.0,372887.0,4.508
601328.SH,2022-11-07,0.0,4.52,4.52,4.51,819.0,369668.0,4.508
601328.SH,2022-11-07,0.0,4.51,4.52,4.51,3186.0,1439240.0,4.508
601328.SH,2022-11-07,0.0,4.51,4.52,4.51,1334.0,602170.0,4.508
601328.SH,2022-11-07,0.0,4.52,4.52,4.51,1316.0,593865.0,4.508
601328.SH,2022-11-07,0.0,4.52,4.52,4.51,1615.0,729034.0,4.508
601328.SH,2022-11-07,0.0,4.52,4.52,4.51,1148.0,518150.0,4.508
601328.SH,2022-11-07,0.0,4.52,4.52,4.51,2035.0,918473.0,4.508
601328.SH,2022-11-07,0.0,4.51,4.52,4.51,2825.0,1274660.0,4.508
601328.SH,2022-11-07,0.0,4.51,4.52,4.51,1147.0,517454.0,4.508
601328.SH,2022-11-07,0.0,4.51,4.51,4.51,6850.0,3089820.0,4.508
601328.SH,2022-11-07,0.0,4.52,4.52,4.51,888.0,400806.0,4.508
601328.SH,2022-11-07,0.0,4.52,4.52,4.51,2707.0,1221270.0,4.508
601328.SH,2022-11-07,0.0,4.51,4.52,4.51,704.0,317609.0,4.508
601328.SH,2022-11-07,0.0,4.51,4.52,4.51,1599.0,721503.0,4.508
601328.SH,2022-11-07,0.0,4.51,4.52,4.51,1981.0,893680.0,4.508
601328.SH,2022-11-07,0.0,4.51,4.52,4.51,723.0,326223.0,4.508
601328.SH,2022-11-07,0.0,4.51,4.52,4.51,1085.0,489672.0,4.508
601328.SH,2022-11-07,0.0,4.51,4.52,4.51,1152.0,520095.0,4.508
601328.SH,2022-11-07,0.0,4.51,4.52,4.51,3574.0,1612650.0,4.508
601328.SH,2022-11-07,0.0,4.52,4.52,4.51,1129.0,509552.0,4.508
601328.SH,2022-11-07,0.0,4.51,4.52,4.51,1307.0,589958.0,4.508
601328.SH,2022-11-07,0.0,4.52,4.52,4.51,1160.0,523426.0,4.508
601328.SH,2022-11-07,0.0,4.52,4.52,4.51,1178.0,531750.0,4.508
601328.SH,2022-11-07,0.0,4.51,4.52,4.51,744.0,335870.0,4.508
601328.SH,2022-11-07,0.0,4.52,4.52,4.51,4077.0,1841440.0,4.509
601328.SH,2022-11-07,0.0,4.51,4.52,4.51,592.0,267282.0,4.509
601328.SH,2022-11-07,0.0,4.51,4.52,4.51,777.0,350896.0,4.509
601328.SH,2022-11-07,0.0,4.51,4.52,4.51,1423.0,642209.0,4.509
601328.SH,2022-11-07,0.0,4.51,4.52,4.51,1589.0,717023.0,4.509
601328.SH,2022-11-07,0.0,4.51,4.52,4.51,1211.0,546648.0,4.509
601328.SH,2022-11-07,0.0,4.51,4.52,4.51,1892.0,853933.0,4.509
601328.SH,2022-11-07,0.0,4.52,4.52,4.51,2241.0,1010960.0,4.509
601328.SH,2022-11-07,0.0,4.52,4.52,4.51,1414.0,638250.0,4.509
601328.SH,2022-11-07,0.0,4.51,4.52,4.51,1499.0,676543.0,4.509
601328.SH,2022-11-07,0.0,4.51,4.52,4.51,1446.0,652557.0,4.509
601328.SH,2022-11-07,0.0,4.51,4.52,4.51,1215.0,548374.0,4.509
601328.SH,2022-11-07,0.0,4.51,4.52,4.51,1071.0,483310.0,4.509
601328.SH,2022-11-07,0.0,4.51,4.52,4.51,1748.0,788891.0,4.509
601328.SH,2022-11-07,0.0,4.51,4.52,4.51,662.0,298775.0,4.509
601328.SH,2022-11-07,0.0,4.51,4.52,4.51,1684.0,760385.0,4.509
601328.SH,2022-11-07,0.0,4.51,4.52,4.51,910.0,410669.0,4.509
601328.SH,2022-11-07,0.0,4.51,4.52,4.51,2665.0,1203950.0,4.509
601328.SH,2022-11-07,0.0,4.51,4.52,4.51,765.0,345220.0,4.509
601328.SH,2022-11-07,0.0,4.51,4.52,4.51,3619.0,1632650.0,4.509
601328.SH,2022-11-07,0.0,4.51,4.52,4.51,1696.0,765365.0,4.509
601328.SH,2022-11-07,0.0,4.51,4.52,4.51,1087.0,490539.0,4.509
601328.SH,2022-11-07,0.0,4.51,4.52,4.51,1045.0,471512.0,4.509
601328.SH,2022-11-07,0.0,4.52,4.52,4.51,1068.0,481994.0,4.509
601328.SH,2022-11-07,0.0,4.51,4.52,4.51,1011.0,456227.0,4.509
601328.SH,2022-11-07,0.0,4.51,4.52,4.51,1361.0,614204.0,4.509
601328.SH,2022-11-07,0.0,4.52,4.52,4.51,1347.0,607881.0,4.509
601328.SH,2022-11-07,0.0,4.51,4.52,4.51,1170.0,527920.0,4.509
601328.SH,2022-11-07,0.0,4.52,4.52,4.51,3975.0,1794810.0,4.509
601328.SH,2022-11-07,0.0,4.51,4.52,4.51,1012.0,457025.0,4.509
601328.SH,2022-11-07,0.0,4.51,4.52,4.51,741.0,334497.0,4.509
601328.SH,2022-11-07,0.0,4.51,4.52,4.51,1000.0,451402.0,4.509
601328.SH,2022-11-07,0.0,4.52,4.52,4.51,715.0,322543.0,4.509
601328.SH,2022-11-07,0.0,4.51,4.52,4.51,2083.0,940054.0,4.509
601328.SH,2022-11-07,0.0,4.51,4.52,4.51,690.0,311477.0,4.509
601328.SH,2022-11-07,0.0,4.52,4.52,4.51,1001.0,451890.0,4.509
601328.SH,2022-11-07,0.0,4.51,4.52,4.51,1032.0,465802.0,4.509
601328.SH,2022-11-07,0.0,4.51,4.52,4.51,1742.0,786953.0,4.509
601328.SH,2022-11-07,0.0,4.51,4.52,4.51,856.0,386360.0,4.509
601328.SH,2022-11-07,0.0,4.51,4.52,4.51,885.0,399500.0,4.509
601328.SH,2022-11-07,0.0,4.51,4.52,4.51,1013.0,457299.0,4.509
601328.SH,2022-11-07,0.0,4.51,4.52,4.51,597.0,269503.0,4.509
601328.SH,2022-11-07,0.0,4.52,4.52,4.51,835.0,377043.0,4.509
601328.SH,2022-11-07,0.0,4.51,4.52,4.51,735.0,331763.0,4.509
601328.SH,2022-11-07,0.0,4.51,4.52,4.51,2389.0,1077800.0,4.509
601328.SH,2022-11-07,0.0,4.51,4.52,4.51,876.0,395205.0,4.509
601328.SH,2022-11-07,0.0,4.51,4.52,4.51,1192.0,538010.0,4.509
601328.SH,2022-11-07,0.0,4.51,4.52,4.51,1070.0,482999.0,4.509
601328.SH,2022-11-07,0.0,4.51,4.52,4.51,688.0,310408.0,4.509
601328.SH,2022-11-07,0.0,4.51,4.52,4.51,968.0,436972.0,4.509
601328.SH,2022-11-07,0.0,4.51,4.52,4.51,1086.0,490007.0,4.509
601328.SH,2022-11-07,0.0,4.52,4.52,4.51,769.0,346909.0,4.509
601328.SH,2022-11-07,0.0,4.52,4.52,4.51,683.0,308083.0,4.509
601328.SH,2022-11-07,0.0,4.51,4.52,4.51,867.0,391382.0,4.509
601328.SH,2022-11-07,0.0,4.51,4.52,4.51,1483.0,669069.0,4.509
601328.SH,2022-11-07,0.0,4.52,4.52,4.51,982.0,443091.0,4.509
601328.SH,2022-11-07,0.0,4.51,4.52,4.51,1494.0,674085.0,4.509
601328.SH,2022-11-07,0.0,4.51,4.52,4.51,1134.0,511988.0,4.509
601328.SH,2022-11-07,0.0,4.51,4.52,4.51,1561.0,704200.0,4.509
601328.SH,2022-11-07,0.0,4.51,4.52,4.5,13849.0,6245760.0,4.509
601328.SH,2022-11-07,0.0,4.5,4.51,4.5,1320.0,595092.0,4.509
601328.SH,2022-11-07,0.0,4.5,4.51,4.5,11008.0,4954320.0,4.509
601328.SH,2022-11-07,0.0,4.51,4.51,4.5,3946.0,1779430.0,4.509
601328.SH,2022-11-07,0.0,4.51,4.51,4.5,5045.0,2274850.0,4.509
601328.SH,2022-11-07,0.0,4.51,4.51,4.51,1109.0,500267.0,4.509
601328.SH,2022-11-07,0.0,4.51,4.52,4.51,1282.0,578768.0,4.509
601328.SH,2022-11-07,0.0,4.51,4.52,4.51,2776.0,1252170.0,4.509
601328.SH,2022-11-07,0.0,4.51,4.52,4.51,1508.0,680607.0,4.509
601328.SH,2022-11-07,0.0,4.51,4.52,4.51,4270.0,1928350.0,4.509
601328.SH,2022-11-07,0.0,4.52,4.52,4.51,4916.0,2221510.0,4.509
601328.SH,2022-11-07,0.0,4.52,4.52,4.51,1870.0,844602.0,4.509
601328.SH,2022-11-07,0.0,4.52,4.52,4.51,27434.0,12401100.0,4.51
601328.SH,2022-11-07,0.0,4.52,4.52,4.51,676.0,305531.0,4.51
601328.SH,2022-11-07,0.0,4.52,4.52,4.52,2039.0,921628.0,4.51
601328.SH,2022-11-07,0.0,4.52,4.52,4.51,2813.0,1271510.0,4.51
601328.SH,2022-11-07,0.0,4.52,4.52,4.51,6687.0,3022220.0,4.51
601328.SH,2022-11-07,0.0,4.52,4.52,4.52,3410.0,1540820.0,4.51
601328.SH,2022-11-07,0.0,4.52,4.53,4.52,1244.0,562787.0,4.51
601328.SH,2022-11-07,0.0,4.51,4.53,4.51,2968.0,1341710.0,4.51
601328.SH,2022-11-07,0.0,4.52,4.52,4.51,4930.0,2228080.0,4.51
601328.SH,2022-11-07,0.0,4.52,4.52,4.51,8756.0,3949740.0,4.51
601328.SH,2022-11-07,0.0,4.51,4.52,4.51,1066.0,481913.0,4.51
601328.SH,2022-11-07,0.0,4.52,4.52,4.51,1210.0,546415.0,4.51
601328.SH,2022-11-07,0.0,4.51,4.52,4.51,1876.0,847113.0,4.51
601328.SH,2022-11-07,0.0,4.51,4.52,4.51,3511.0,1585730.0,4.51
601328.SH,2022-11-07,0.0,4.52,4.52,4.51,1950.0,880383.0,4.51
601328.SH,2022-11-07,0.0,4.52,4.52,4.51,1682.0,759365.0,4.51
601328.SH,2022-11-07,0.0,4.51,4.52,4.51,2622.0,1184040.0,4.51
601328.SH,2022-11-07,0.0,4.52,4.52,4.51,2484.0,1121570.0,4.511
601328.SH,2022-11-07,0.0,4.52,4.52,4.51,3753.0,1693680.0,4.511
601328.SH,2022-11-07,0.0,4.52,4.52,4.52,0.0,0.0,4.511
601328.SH,2022-11-07,0.0,4.52,4.52,4.52,0.0,0.0,4.511
601328.SH,2022-11-07,0.0,4.51,4.51,4.51,7855.0,3542720.0,4.511
601328.SH,2022-11-08,0.0,4.52,4.52,4.52,1836.0,829872.0,4.52
601328.SH,2022-11-08,0.0,4.52,4.52,4.51,5537.0,2501060.0,4.518
601328.SH,2022-11-08,0.0,4.52,4.52,4.51,423.0,190925.0,4.518
601328.SH,2022-11-08,0.0,4.51,4.52,4.51,1629.0,734878.0,4.516
601328.SH,2022-11-08,0.0,4.52,4.52,4.51,621.0,280548.0,4.517
601328.SH,2022-11-08,0.0,4.51,4.52,4.51,765.0,345413.0,4.516
601328.SH,2022-11-08,0.0,4.51,4.52,4.51,1901.0,857726.0,4.516
601328.SH,2022-11-08,0.0,4.52,4.52,4.51,1115.0,503543.0,4.516
601328.SH,2022-11-08,0.0,4.52,4.52,4.51,2521.0,1138980.0,4.516
601328.SH,2022-11-08,0.0,4.52,4.52,4.51,1919.0,865861.0,4.516
601328.SH,2022-11-08,0.0,4.52,4.52,4.51,492.0,221949.0,4.516
601328.SH,2022-11-08,0.0,4.51,4.52,4.51,1671.0,753914.0,4.515
601328.SH,2022-11-08,0.0,4.51,4.52,4.51,578.0,260959.0,4.515
601328.SH,2022-11-08,0.0,4.52,4.52,4.51,1330.0,600707.0,4.515
601328.SH,2022-11-08,0.0,4.52,4.52,4.51,1209.0,546318.0,4.516
601328.SH,2022-11-08,0.0,4.51,4.52,4.51,2798.0,1264410.0,4.516
601328.SH,2022-11-08,0.0,4.51,4.52,4.51,2726.0,1231890.0,4.516
601328.SH,2022-11-08,0.0,4.51,4.52,4.51,3854.0,1738510.0,4.516
601328.SH,2022-11-08,0.0,4.52,4.52,4.51,1077.0,486016.0,4.516
601328.SH,2022-11-08,0.0,4.52,4.52,4.51,1191.0,537844.0,4.516
601328.SH,2022-11-08,0.0,4.52,4.52,4.51,928.0,418826.0,4.515
601328.SH,2022-11-08,0.0,4.52,4.52,4.51,306.0,138155.0,4.515
601328.SH,2022-11-08,0.0,4.52,4.52,4.51,660.0,298122.0,4.515
601328.SH,2022-11-08,0.0,4.52,4.52,4.51,304.0,137149.0,4.515
601328.SH,2022-11-08,0.0,4.51,4.52,4.51,884.0,398774.0,4.515
601328.SH,2022-11-08,0.0,4.51,4.52,4.51,1277.0,576012.0,4.515
601328.SH,2022-11-08,0.0,4.51,4.52,4.51,827.0,373596.0,4.515
601328.SH,2022-11-08,0.0,4.51,4.52,4.51,822.0,371200.0,4.515
601328.SH,2022-11-08,0.0,4.52,4.52,4.51,595.0,268680.0,4.515
601328.SH,2022-11-08,0.0,4.52,4.52,4.51,275.0,124221.0,4.515
601328.SH,2022-11-08,0.0,4.52,4.52,4.51,862.0,389150.0,4.515
601328.SH,2022-11-08,0.0,4.51,4.52,4.51,555.0,250473.0,4.515
601328.SH,2022-11-08,0.0,4.52,4.52,4.51,249.0,112368.0,4.515
601328.SH,2022-11-08,0.0,4.52,4.52,4.51,643.0,290069.0,4.515
601328.SH,2022-11-08,0.0,4.52,4.52,4.51,320.0,144535.0,4.515
601328.SH,2022-11-08,0.0,4.52,4.52,4.51,433.0,195405.0,4.515
601328.SH,2022-11-08,0.0,4.51,4.52,4.51,572.0,258082.0,4.515
601328.SH,2022-11-08,0.0,4.51,4.52,4.51,266.0,120104.0,4.515
601328.SH,2022-11-08,0.0,4.52,4.52,4.51,5716.0,2578070.0,4.515
601328.SH,2022-11-08,0.0,4.52,4.52,4.51,1048.0,473464.0,4.515
601328.SH,2022-11-08,0.0,4.51,4.52,4.51,1554.0,701878.0,4.515
601328.SH,2022-11-08,0.0,4.52,4.52,4.51,971.0,438758.0,4.515
601328.SH,2022-11-08,0.0,4.51,4.52,4.51,3135.0,1414900.0,4.515
601328.SH,2022-11-08,0.0,4.52,4.52,4.51,1047.0,472730.0,4.515
601328.SH,2022-11-08,0.0,4.52,4.52,4.51,679.0,306293.0,4.515
601328.SH,2022-11-08,0.0,4.52,4.52,4.51,527.0,237789.0,4.515
601328.SH,2022-11-08,0.0,4.52,4.52,4.51,384.0,173431.0,4.515
601328.SH,2022-11-08,0.0,4.52,4.52,4.51,242.0,109259.0,4.515
601328.SH,2022-11-08,0.0,4.51,4.52,4.51,584.0,263725.0,4.515
601328.SH,2022-11-08,0.0,4.52,4.52,4.51,353.0,159307.0,4.515
601328.SH,2022-11-08,0.0,4.52,4.52,4.51,453.0,204391.0,4.515
601328.SH,2022-11-08,0.0,4.52,4.52,4.51,1454.0,657105.0,4.515
601328.SH,2022-11-08,0.0,4.51,4.52,4.51,1107.0,499666.0,4.515
601328.SH,2022-11-08,0.0,4.52,4.52,4.51,807.0,364265.0,4.515
601328.SH,2022-11-08,0.0,4.52,4.52,4.51,2818.0,1273640.0,4.515
601328.SH,2022-11-08,0.0,4.52,4.52,4.51,482.0,217618.0,4.515
601328.SH,2022-11-08,0.0,4.51,4.52,4.51,559.0,252270.0,4.515
601328.SH,2022-11-08,0.0,4.51,4.52,4.51,2326.0,1049780.0,4.515
601328.SH,2022-11-08,0.0,4.52,4.52,4.51,1248.0,563588.0,4.515
601328.SH,2022-11-08,0.0,4.51,4.52,4.51,506.0,228523.0,4.515
601328.SH,2022-11-08,0.0,4.51,4.52,4.51,628.0,283591.0,4.515
601328.SH,2022-11-08,0.0,4.51,4.52,4.51,431.0,194449.0,4.515
601328.SH,2022-11-08,0.0,4.52,4.52,4.51,569.0,256791.0,4.515
601328.SH,2022-11-08,0.0,4.52,4.52,4.51,277.0,124995.0,4.515
601328.SH,2022-11-08,0.0,4.52,4.52,4.51,209.0,94315.0,4.515
601328.SH,2022-11-08,0.0,4.52,4.52,4.51,608.0,274426.0,4.515
601328.SH,2022-11-08,0.0,4.51,4.52,4.51,857.0,386616.0,4.515
601328.SH,2022-11-08,0.0,4.52,4.52,4.51,509.0,229727.0,4.515
601328.SH,2022-11-08,0.0,4.52,4.52,4.51,1424.0,643284.0,4.515
601328.SH,2022-11-08,0.0,4.51,4.52,4.51,388.0,175212.0,4.515
601328.SH,2022-11-08,0.0,4.52,4.52,4.51,547.0,246972.0,4.515
601328.SH,2022-11-08,0.0,4.51,4.52,4.51,422.0,190466.0,4.515
601328.SH,2022-11-08,0.0,4.52,4.52,4.51,297.0,134035.0,4.515
601328.SH,2022-11-08,0.0,4.52,4.52,4.51,706.0,318774.0,4.515
601328.SH,2022-11-08,0.0,4.51,4.52,4.51,337.0,152129.0,4.515
601328.SH,2022-11-08,0.0,4.52,4.52,4.51,434.0,195888.0,4.515
601328.SH,2022-11-08,0.0,4.51,4.52,4.51,529.0,238740.0,4.515
601328.SH,2022-11-08,0.0,4.51,4.52,4.51,380.0,171487.0,4.515
601328.SH,2022-11-08,0.0,4.52,4.52,4.51,1183.0,533929.0,4.515
601328.SH,2022-11-08,0.0,4.52,4.52,4.51,431.0,194515.0,4.515
601328.SH,2022-11-08,0.0,4.51,4.52,4.51,1012.0,456636.0,4.515
601328.SH,2022-11-08,0.0,4.51,4.52,4.51,347.0,156580.0,4.515
601328.SH,2022-11-08,0.0,4.51,4.52,4.51,509.0,229795.0,4.515
601328.SH,2022-11-08,0.0,4.51,4.52,4.51,296.0,133606.0,4.515
601328.SH,2022-11-08,0.0,4.52,4.52,4.51,585.0,264088.0,4.515
601328.SH,2022-11-08,0.0,4.51,4.52,4.51,706.0,318464.0,4.515
601328.SH,2022-11-08,0.0,4.51,4.52,4.51,345.0,155691.0,4.515
601328.SH,2022-11-08,0.0,4.51,4.52,4.51,509.0,229927.0,4.515
601328.SH,2022-11-08,0.0,4.52,4.52,4.51,10051.0,4542570.0,4.515
601328.SH,2022-11-08,0.0,4.52,4.52,4.51,334.0,150772.0,4.515
601328.SH,2022-11-08,0.0,4.51,4.52,4.51,885.0,399666.0,4.515
601328.SH,2022-11-08,0.0,4.51,4.52,4.51,733.0,330857.0,4.515
601328.SH,2022-11-08,0.0,4.52,4.52,4.51,457.0,206268.0,4.515
601328.SH,2022-11-08,0.0,4.52,4.52,4.51,337.0,152095.0,4.515
601328.SH,2022-11-08,0.0,4.52,4.52,4.51,542.0,244676.0,4.515
601328.SH,2022-11-08,0.0,4.51,4.52,4.51,2215.0,1000950.0,4.515
601328.SH,2022-11-08,0.0,4.51,4.52,4.51,2067.0,934067.0,4.515
601328.SH,2022-11-08,0.0,4.51,4.52,4.51,571.0,257883.0,4.515
601328.SH,2022-11-08,0.0,4.52,4.52,4.51,1124.0,507843.0,4.515
601328.SH,2022-11-08,0.0,4.51,4.52,4.51,467.0,210891.0,4.515
601328.SH,2022-11-08,0.0,4.52,4.52,4.51,399.0,180251.0,4.515
601328.SH,2022-11-08,0.0,4.52,4.52,4.51,524.0,236442.0,4.515
601328.SH,2022-11-08,0.0,4.52,4.52,4.51,350.0,157984.0,4.515
601328.SH,2022-11-08,0.0,4.52,4.52,4.51,1631.0,736367.0,4.515
601328.SH,2022-11-08,0.0,4.52,4.52,4.51,2189.0,989196.0,4.515
601328.SH,2022-11-08,0.0,4.52,4.52,4.51,411.0,185599.0,4.515
601328.SH,2022-11-08,0.0,4.51,4.52,4.51,3732.0,1683570.0,4.515
601328.SH,2022-11-08,0.0,4.52,4.52,4.51,1394.0,629860.0,4.515
601328.SH,2022-11-08,0.0,4.52,4.52,4.51,648.0,292563.0,4.515
601328.SH,2022-11-08,0.0,4.51,4.52,4.51,1037.0,468385.0,4.515
601328.SH,2022-11-08,0.0,4.51,4.52,4.51,365.0,164703.0,4.515
601328.SH,2022-11-08,0.0,4.51,4.52,4.51,528.0,238477.0,4.515
601328.SH,2022-11-08,0.0,4.52,4.52,4.51,1562.0,705867.0,4.515
601328.SH,2022-11-08,0.0,4.52,4.52,4.51,350.0,158058.0,4.515
601328.SH,2022-11-08,0.0,4.52,4.52,4.51,528.0,238327.0,4.515
601328.SH,2022-11-08,0.0,4.52,4.52,4.51,744.0,336097.0,4.515
601328.SH,2022-11-08,0.0,4.52,4.52,4.51,424.0,191464.0,4.515
601328.SH,2022-11-08,0.0,4.52,4.52,4.51,285.0,128656.0,4.515
601328.SH,2022-11-08,0.0,4.52,4.52,4.51,2118.0,957134.0,4.515
601328.SH,2022-11-08,0.0,4.51,4.52,4.51,448.0,202272.0,4.515
601328.SH,2022-11-08,0.0,4.51,4.52,4.51,843.0,380835.0,4.515
601328.SH,2022-11-08,0.0,4.51,4.52,4.51,1266.0,571940.0,4.515
601328.SH,2022-11-08,0.0,4.51,4.52,4.51,3461.0,1564320.0,4.516
601328.SH,2022-11-08,0.0,4.52,4.52,4.51,955.0,431503.0,4.516
601328.SH,2022-11-08,0.0,4.52,4.52,4.51,408.0,184178.0,4.516
601328.SH,2022-11-08,0.0,4.52,4.52,4.51,751.0,339004.0,4.516
601328.SH,2022-11-08,0.0,4.52,4.52,4.51,2855.0,1287740.0,4.516
601328.SH,2022-11-08,0.0,4.52,4.52,4.51,154.0,69578.0,4.516
601328.SH,2022-11-08,0.0,4.52,4.52,4.51,832.0,376022.0,4.516
601328.SH,2022-11-08,0.0,4.51,4.52,4.51,679.0,306550.0,4.516
601328.SH,2022-11-08,0.0,4.51,4.52,4.51,315.0,142086.0,4.516
601328.SH,2022-11-08,0.0,4.52,4.52,4.51,1922.0,868388.0,4.516
601328.SH,2022-11-08,0.0,4.51,4.52,4.51,869.0,392117.0,4.516
601328.SH,2022-11-08,0.0,4.52,4.52,4.51,829.0,373931.0,4.516
601328.SH,2022-11-08,0.0,4.51,4.52,4.51,662.0,299083.0,4.516
601328.SH,2022-11-08,0.0,4.51,4.52,4.51,1438.0,649556.0,4.516
601328.SH,2022-11-08,0.0,4.51,4.52,4.51,2687.0,1214220.0,4.516
601328.SH,2022-11-08,0.0,4.51,4.52,4.51,772.0,348281.0,4.516
601328.SH,2022-11-08,0.0,4.52,4.52,4.51,888.0,401042.0,4.516
601328.SH,2022-11-08,0.0,4.51,4.52,4.51,4006.0,1807300.0,4.515
601328.SH,2022-11-08,0.0,4.52,4.52,4.51,968.0,437428.0,4.516
601328.SH,2022-11-08,0.0,4.52,4.52,4.51,4884.0,2205770.0,4.516
601328.SH,2022-11-08,0.0,4.52,4.52,4.51,814.0,367734.0,4.516
601328.SH,2022-11-08,0.0,4.52,4.52,4.51,273.0,123151.0,4.516
601328.SH,2022-11-08,0.0,4.51,4.52,4.51,491.0,221804.0,4.516
601328.SH,2022-11-08,0.0,4.51,4.52,4.51,793.0,358035.0,4.516
601328.SH,2022-11-08,0.0,4.51,4.52,4.51,440.0,198697.0,4.516
601328.SH,2022-11-08,0.0,4.52,4.52,4.51,881.0,397917.0,4.516
601328.SH,2022-11-08,0.0,4.52,4.52,4.51,489.0,220745.0,4.516
601328.SH,2022-11-08,0.0,4.52,4.52,4.51,482.0,217568.0,4.516
601328.SH,2022-11-08,0.0,4.52,4.52,4.51,1807.0,816485.0,4.516
601328.SH,2022-11-08,0.0,4.51,4.52,4.51,678.0,305941.0,4.516
601328.SH,2022-11-08,0.0,4.52,4.52,4.51,1917.0,866099.0,4.516
601328.SH,2022-11-08,0.0,4.52,4.52,4.51,442.0,199521.0,4.516
601328.SH,2022-11-08,0.0,4.52,4.52,4.51,1211.0,546293.0,4.516
601328.SH,2022-11-08,0.0,4.52,4.52,4.51,1353.0,610792.0,4.516
601328.SH,2022-11-08,0.0,4.52,4.52,4.51,737.0,332458.0,4.516
601328.SH,2022-11-08,0.0,4.52,4.52,4.51,806.0,363757.0,4.516
601328.SH,2022-11-08,0.0,4.51,4.52,4.51,707.0,319039.0,4.516
601328.SH,2022-11-08,0.0,4.51,4.52,4.51,464.0,209443.0,4.515
601328.SH,2022-11-08,0.0,4.51,4.52,4.51,1139.0,514227.0,4.515
601328.SH,2022-11-08,0.0,4.51,4.52,4.51,715.0,322757.0,4.515
601328.SH,2022-11-08,0.0,4.52,4.52,4.51,954.0,430611.0,4.515
601328.SH,2022-11-08,0.0,4.52,4.52,4.51,390.0,176011.0,4.515
601328.SH,2022-11-08,0.0,4.52,4.52,4.51,2656.0,1199730.0,4.515
601328.SH,2022-11-08,0.0,4.51,4.52,4.51,638.0,287977.0,4.515
601328.SH,2022-11-08,0.0,4.51,4.52,4.51,754.0,340145.0,4.515
601328.SH,2022-11-08,0.0,4.52,4.52,4.51,1442.0,651354.0,4.515
601328.SH,2022-11-08,0.0,4.52,4.52,4.51,452.0,203957.0,4.515
601328.SH,2022-11-08,0.0,4.51,4.52,4.51,1043.0,471128.0,4.516
601328.SH,2022-11-08,0.0,4.52,4.52,4.51,419.0,189046.0,4.515
601328.SH,2022-11-08,0.0,4.51,4.52,4.51,902.0,407107.0,4.515
601328.SH,2022-11-08,0.0,4.51,4.52,4.51,2425.0,1095630.0,4.516
601328.SH,2022-11-08,0.0,4.52,4.52,4.51,453.0,204504.0,4.516
601328.SH,2022-11-08,0.0,4.51,4.52,4.51,449.0,202802.0,4.516
601328.SH,2022-11-08,0.0,4.51,4.52,4.51,2305.0,1041590.0,4.516
601328.SH,2022-11-08,0.0,4.52,4.52,4.51,472.0,213076.0,4.516
601328.SH,2022-11-08,0.0,4.51,4.52,4.51,1834.0,828725.0,4.516
601328.SH,2022-11-08,0.0,4.52,4.52,4.51,445.0,200857.0,4.516
601328.SH,2022-11-08,0.0,4.51,4.52,4.51,3697.0,1667740.0,4.515
601328.SH,2022-11-08,0.0,4.52,4.52,4.51,958.0,432614.0,4.515
601328.SH,2022-11-08,0.0,4.52,4.52,4.51,548.0,247071.0,4.515
601328.SH,2022-11-08,0.0,4.51,4.52,4.51,2472.0,1116630.0,4.516
601328.SH,2022-11-08,0.0,4.52,4.52,4.51,2241.0,1012770.0,4.516
601328.SH,2022-11-08,0.0,4.52,4.52,4.51,5405.0,2442300.0,4.516
601328.SH,2022-11-08,0.0,4.52,4.52,4.51,445.0,200827.0,4.516
601328.SH,2022-11-08,0.0,4.52,4.52,4.51,455.0,205290.0,4.516
601328.SH,2022-11-08,0.0,4.51,4.52,4.51,316.0,142556.0,4.516
601328.SH,2022-11-08,0.0,4.52,4.52,4.51,653.0,294902.0,4.516
601328.SH,2022-11-08,0.0,4.52,4.52,4.51,664.0,299993.0,4.516
601328.SH,2022-11-08,0.0,4.51,4.52,4.51,280.0,126318.0,4.516
601328.SH,2022-11-08,0.0,4.52,4.52,4.51,547.0,246858.0,4.516
601328.SH,2022-11-08,0.0,4.51,4.52,4.51,277.0,124969.0,4.516
601328.SH,2022-11-08,0.0,4.51,4.52,4.51,743.0,335580.0,4.516
601328.SH,2022-11-08,0.0,4.52,4.52,4.51,1525.0,688290.0,4.516
601328.SH,2022-11-08,0.0,4.51,4.52,4.51,560.0,252700.0,4.516
601328.SH,2022-11-08,0.0,4.52,4.52,4.51,1230.0,555067.0,4.516
601328.SH,2022-11-08,0.0,4.52,4.52,4.51,1566.0,706350.0,4.516
601328.SH,2022-11-08,0.0,4.52,4.52,4.51,2513.0,1135680.0,4.516
601328.SH,2022-11-08,0.0,4.51,4.52,4.51,195.0,87973.0,4.516
601328.SH,2022-11-08,0.0,4.51,4.52,4.51,1977.0,893011.0,4.516
601328.SH,2022-11-08,0.0,4.52,4.52,4.51,3789.0,1712420.0,4.516
601328.SH,2022-11-08,0.0,4.52,4.52,4.51,2650.0,1197610.0,4.516
601328.SH,2022-11-08,0.0,4.52,4.52,4.51,2970.0,1342270.0,4.516
601328.SH,2022-11-08,0.0,4.51,4.52,4.51,599.0,270248.0,4.516
601328.SH,2022-11-08,0.0,4.52,4.52,4.51,478.0,215842.0,4.516
601328.SH,2022-11-08,0.0,4.52,4.52,4.51,994.0,449020.0,4.516
601328.SH,2022-11-08,0.0,4.52,4.52,4.51,310.0,139945.0,4.516
601328.SH,2022-11-08,0.0,4.52,4.52,4.51,833.0,376084.0,4.516
601328.SH,2022-11-08,0.0,4.52,4.52,4.51,521.0,235139.0,4.516
601328.SH,2022-11-08,0.0,4.52,4.52,4.51,3150.0,1423380.0,4.516
601328.SH,2022-11-08,0.0,4.51,4.52,4.51,739.0,333754.0,4.516
601328.SH,2022-11-08,0.0,4.51,4.52,4.51,834.0,376665.0,4.516
601328.SH,2022-11-08,0.0,4.52,4.52,4.51,890.0,402013.0,4.516
601328.SH,2022-11-08,0.0,4.52,4.52,4.51,1233.0,556877.0,4.516
601328.SH,2022-11-08,0.0,4.51,4.52,4.51,2728.0,1232450.0,4.516
601328.SH,2022-11-08,0.0,4.52,4.52,4.51,671.0,303051.0,4.516
601328.SH,2022-11-08,0.0,4.51,4.52,4.51,788.0,355935.0,4.516
601328.SH,2022-11-08,0.0,4.51,4.52,4.51,538.0,242842.0,4.516
601328.SH,2022-11-08,0.0,4.52,4.52,4.51,561.0,253337.0,4.516
601328.SH,2022-11-08,0.0,4.52,4.52,4.51,1156.0,522020.0,4.516
601328.SH,2022-11-08,0.0,4.51,4.52,4.51,1098.0,495728.0,4.516
601328.SH,2022-11-08,0.0,4.52,4.52,4.51,782.0,353235.0,4.516
601328.SH,2022-11-08,0.0,4.52,4.52,4.51,5146.0,2325380.0,4.516
601328.SH,2022-11-08,0.0,4.52,4.52,4.51,5263.0,2378680.0,4.516
601328.SH,2022-11-08,0.0,4.51,4.52,4.51,937.0,423492.0,4.516
601328.SH,2022-11-08,0.0,4.52,4.52,4.51,2685.0,1212980.0,4.516
601328.SH,2022-11-08,0.0,4.51,4.52,4.51,3824.0,1725330.0,4.516
601328.SH,2022-11-08,0.0,4.52,4.52,4.51,1629.0,735924.0,4.516
601328.SH,2022-11-08,0.0,4.52,4.52,4.51,2319.0,1047860.0,4.516
601328.SH,2022-11-08,0.0,4.52,4.52,4.51,1205.0,544073.0,4.516
601328.SH,2022-11-08,0.0,4.52,4.52,4.51,2867.0,1294750.0,4.516
601328.SH,2022-11-08,0.0,4.52,4.52,4.51,3213.0,1452090.0,4.516
601328.SH,2022-11-08,0.0,4.52,4.53,4.51,13693.0,6189560.0,4.516
601328.SH,2022-11-08,0.0,4.53,4.53,4.52,1726.0,780554.0,4.516
601328.SH,2022-11-08,0.0,4.52,4.53,4.52,1289.0,583612.0,4.516
601328.SH,2022-11-08,0.0,4.52,4.53,4.52,1192.0,539390.0,4.516
601328.SH,2022-11-08,0.0,4.52,4.53,4.52,2520.0,1140660.0,4.516
601328.SH,2022-11-08,0.0,4.52,4.52,4.52,0.0,0.0,4.516
601328.SH,2022-11-08,0.0,4.52,4.52,4.52,0.0,0.0,4.516
601328.SH,2022-11-08,0.0,4.53,4.53,4.53,8653.0,3919810.0,4.517
601328.SH,2022-11-09,0.0,4.53,4.53,4.53,2911.0,1318680.0,4.53
601328.SH,2022-11-09,0.0,4.53,4.53,4.52,5012.0,2269310.0,4.528
601328.SH,2022-11-09,0.0,4.53,4.53,4.52,4358.0,1973770.0,4.529
601328.SH,2022-11-09,0.0,4.53,4.54,4.52,11672.0,5287440.0,4.529
601328.SH,2022-11-09,0.0,4.54,4.54,4.53,291.0,131928.0,4.529
601328.SH,2022-11-09,0.0,4.53,4.54,4.53,3249.0,1473610.0,4.53
601328.SH,2022-11-09,0.0,4.54,4.54,4.53,10097.0,4583140.0,4.533
601328.SH,2022-11-09,0.0,4.55,4.55,4.54,19478.0,8843260.0,4.535
601328.SH,2022-11-09,0.0,4.54,4.55,4.54,8340.0,3789140.0,4.536
601328.SH,2022-11-09,0.0,4.55,4.55,4.54,1958.0,890640.0,4.537
601328.SH,2022-11-09,0.0,4.54,4.55,4.54,1489.0,677098.0,4.537
601328.SH,2022-11-09,0.0,4.54,4.55,4.54,3508.0,1592820.0,4.537
601328.SH,2022-11-09,0.0,4.54,4.55,4.54,13308.0,6041940.0,4.538
601328.SH,2022-11-09,0.0,4.54,4.54,4.53,987.0,447393.0,4.537
601328.SH,2022-11-09,0.0,4.54,4.54,4.53,3620.0,1643480.0,4.538
601328.SH,2022-11-09,0.0,4.54,4.54,4.54,1194.0,542076.0,4.538
601328.SH,2022-11-09,0.0,4.54,4.55,4.54,1217.0,552837.0,4.538
601328.SH,2022-11-09,0.0,4.54,4.55,4.54,619.0,281447.0,4.538
601328.SH,2022-11-09,0.0,4.53,4.55,4.53,2913.0,1322580.0,4.538
601328.SH,2022-11-09,0.0,4.54,4.54,4.53,421.0,191069.0,4.538
601328.SH,2022-11-09,0.0,4.54,4.54,4.53,1171.0,531586.0,4.538
601328.SH,2022-11-09,0.0,4.54,4.54,4.53,2088.0,947920.0,4.538
601328.SH,2022-11-09,0.0,4.53,4.54,4.53,2945.0,1336380.0,4.538
601328.SH,2022-11-09,0.0,4.54,4.54,4.53,5458.0,2477870.0,4.538
601328.SH,2022-11-09,0.0,4.53,4.54,4.53,1452.0,659188.0,4.538
601328.SH,2022-11-09,0.0,4.54,4.54,4.53,159.0,72122.0,4.538
601328.SH,2022-11-09,0.0,4.53,4.54,4.53,2655.0,1202820.0,4.538
601328.SH,2022-11-09,0.0,4.53,4.54,4.53,179.0,81089.0,4.538
601328.SH,2022-11-09,0.0,4.53,4.54,4.53,321.0,145496.0,4.538
601328.SH,2022-11-09,0.0,4.53,4.54,4.53,1449.0,657671.0,4.538
601328.SH,2022-11-09,0.0,4.53,4.54,4.53,279.0,126606.0,4.538
601328.SH,2022-11-09,0.0,4.53,4.54,4.53,108.0,49015.0,4.538
601328.SH,2022-11-09,0.0,4.53,4.54,4.53,171.0,77575.0,4.538
601328.SH,2022-11-09,0.0,4.53,4.54,4.53,130.0,58960.0,4.538
601328.SH,2022-11-09,0.0,4.53,4.54,4.53,466.0,211556.0,4.538
601328.SH,2022-11-09,0.0,4.53,4.54,4.53,326.0,147824.0,4.538
601328.SH,2022-11-09,0.0,4.54,4.54,4.53,29.0,13159.0,4.538
601328.SH,2022-11-09,0.0,4.53,4.54,4.53,116.0,52605.0,4.538
601328.SH,2022-11-09,0.0,4.54,4.54,4.53,216.0,98059.0,4.538
601328.SH,2022-11-09,0.0,4.53,4.53,4.53,7546.0,3418370.0,4.537
601328.SH,2022-11-09,0.0,4.53,4.53,4.53,949.0,429897.0,4.537
601328.SH,2022-11-09,0.0,4.54,4.54,4.53,185.0,83807.0,4.537
601328.SH,2022-11-09,0.0,4.53,4.54,4.53,277.0,125582.0,4.537
601328.SH,2022-11-09,0.0,4.53,4.54,4.53,114.0,51729.0,4.537
601328.SH,2022-11-09,0.0,4.53,4.54,4.53,95.0,43058.0,4.537
601328.SH,2022-11-09,0.0,4.53,4.54,4.53,375.0,169877.0,4.537
601328.SH,2022-11-09,0.0,4.54,4.54,4.53,1327.0,601818.0,4.537
601328.SH,2022-11-09,0.0,4.53,4.54,4.53,171.0,77463.0,4.537
601328.SH,2022-11-09,0.0,4.53,4.54,4.53,522.0,236726.0,4.537
601328.SH,2022-11-09,0.0,4.53,4.54,4.53,1562.0,707831.0,4.537
601328.SH,2022-11-09,0.0,4.53,4.54,4.53,343.0,155396.0,4.537
601328.SH,2022-11-09,0.0,4.53,4.54,4.53,306.0,138743.0,4.537
601328.SH,2022-11-09,0.0,4.53,4.54,4.53,314.0,142288.0,4.537
601328.SH,2022-11-09,0.0,4.53,4.54,4.53,300.0,135979.0,4.537
601328.SH,2022-11-09,0.0,4.53,4.54,4.53,1462.0,663313.0,4.537
601328.SH,2022-11-09,0.0,4.54,4.54,4.53,449.0,203601.0,4.537
601328.SH,2022-11-09,0.0,4.54,4.54,4.53,428.0,194259.0,4.537
601328.SH,2022-11-09,0.0,4.54,4.54,4.53,774.0,350652.0,4.537
601328.SH,2022-11-09,0.0,4.54,4.54,4.53,440.0,199724.0,4.537
601328.SH,2022-11-09,0.0,4.53,4.54,4.53,433.0,196535.0,4.537
601328.SH,2022-11-09,0.0,4.54,4.54,4.53,477.0,216219.0,4.537
601328.SH,2022-11-09,0.0,4.54,4.54,4.53,432.0,196019.0,4.537
601328.SH,2022-11-09,0.0,4.54,4.54,4.54,856.0,387919.0,4.537
601328.SH,2022-11-09,0.0,4.53,4.54,4.53,116.0,52597.0,4.537
601328.SH,2022-11-09,0.0,4.53,4.54,4.53,296.0,134108.0,4.537
601328.SH,2022-11-09,0.0,4.54,4.54,4.53,119.0,53994.0,4.537
601328.SH,2022-11-09,0.0,4.53,4.54,4.53,427.0,193587.0,4.537
601328.SH,2022-11-09,0.0,4.54,4.54,4.53,1193.0,540440.0,4.537
601328.SH,2022-11-09,0.0,4.54,4.54,4.53,178.0,80695.0,4.537
601328.SH,2022-11-09,0.0,4.54,4.54,4.53,882.0,399557.0,4.537
601328.SH,2022-11-09,0.0,4.53,4.54,4.53,231.0,104685.0,4.537
601328.SH,2022-11-09,0.0,4.53,4.54,4.53,177.0,80189.0,4.537
601328.SH,2022-11-09,0.0,4.54,4.54,4.53,184.0,83398.0,4.537
601328.SH,2022-11-09,0.0,4.53,4.54,4.53,267.0,121029.0,4.537
601328.SH,2022-11-09,0.0,4.54,4.54,4.53,680.0,308582.0,4.537
601328.SH,2022-11-09,0.0,4.53,4.54,4.53,96.0,43534.0,4.537
601328.SH,2022-11-09,0.0,4.53,4.54,4.53,858.0,389153.0,4.537
601328.SH,2022-11-09,0.0,4.54,4.54,4.53,739.0,334841.0,4.537
601328.SH,2022-11-09,0.0,4.54,4.54,4.53,160.0,72493.0,4.537
601328.SH,2022-11-09,0.0,4.54,4.54,4.53,1863.0,844494.0,4.537
601328.SH,2022-11-09,0.0,4.53,4.54,4.53,180.0,81577.0,4.537
601328.SH,2022-11-09,0.0,4.54,4.54,4.53,216.0,97871.0,4.537
601328.SH,2022-11-09,0.0,4.54,4.54,4.53,378.0,171270.0,4.537
601328.SH,2022-11-09,0.0,4.53,4.54,4.53,1162.0,526458.0,4.537
601328.SH,2022-11-09,0.0,4.54,4.54,4.53,1310.0,593484.0,4.537
601328.SH,2022-11-09,0.0,4.53,4.54,4.53,2435.0,1103580.0,4.537
601328.SH,2022-11-09,0.0,4.53,4.54,4.53,374.0,169469.0,4.537
601328.SH,2022-11-09,0.0,4.53,4.54,4.53,1295.0,587748.0,4.537
601328.SH,2022-11-09,0.0,4.54,4.54,4.53,539.0,244317.0,4.537
601328.SH,2022-11-09,0.0,4.53,4.54,4.53,510.0,231262.0,4.537
601328.SH,2022-11-09,0.0,4.54,4.54,4.53,616.0,279157.0,4.537
601328.SH,2022-11-09,0.0,4.54,4.54,4.53,297.0,134759.0,4.537
601328.SH,2022-11-09,0.0,4.54,4.54,4.53,356.0,161467.0,4.537
601328.SH,2022-11-09,0.0,4.53,4.54,4.53,12216.0,5545320.0,4.537
601328.SH,2022-11-09,0.0,4.53,4.54,4.53,11822.0,5366560.0,4.537
601328.SH,2022-11-09,0.0,4.54,4.54,4.53,730.0,331186.0,4.537
601328.SH,2022-11-09,0.0,4.54,4.54,4.53,2548.0,1156710.0,4.537
601328.SH,2022-11-09,0.0,4.53,4.54,4.53,437.0,198111.0,4.537
601328.SH,2022-11-09,0.0,4.54,4.54,4.53,135.0,61232.0,4.537
601328.SH,2022-11-09,0.0,4.54,4.54,4.53,466.0,211377.0,4.537
601328.SH,2022-11-09,0.0,4.54,4.54,4.53,187.0,84801.0,4.537
601328.SH,2022-11-09,0.0,4.54,4.54,4.53,493.0,223595.0,4.537
601328.SH,2022-11-09,0.0,4.54,4.54,4.53,242.0,109797.0,4.537
601328.SH,2022-11-09,0.0,4.53,4.54,4.53,318.0,144088.0,4.537
601328.SH,2022-11-09,0.0,4.54,4.54,4.53,488.0,221116.0,4.537
601328.SH,2022-11-09,0.0,4.53,4.54,4.53,30.0,13596.0,4.537
601328.SH,2022-11-09,0.0,4.54,4.54,4.53,149.0,67530.0,4.537
601328.SH,2022-11-09,0.0,4.54,4.54,4.53,1255.0,569596.0,4.537
601328.SH,2022-11-09,0.0,4.53,4.54,4.53,176.0,79871.0,4.537
601328.SH,2022-11-09,0.0,4.54,4.54,4.53,23.0,10436.0,4.537
601328.SH,2022-11-09,0.0,4.53,4.54,4.53,1285.0,582467.0,4.537
601328.SH,2022-11-09,0.0,4.54,4.54,4.53,180.0,81616.0,4.537
601328.SH,2022-11-09,0.0,4.54,4.54,4.53,149.0,67551.0,4.537
601328.SH,2022-11-09,0.0,4.53,4.54,4.53,354.0,160422.0,4.537
601328.SH,2022-11-09,0.0,4.54,4.54,4.53,68.0,30840.0,4.537
601328.SH,2022-11-09,0.0,4.53,4.54,4.53,263.0,119188.0,4.537
601328.SH,2022-11-09,0.0,4.54,4.54,4.53,746.0,338012.0,4.537
601328.SH,2022-11-09,0.0,4.54,4.54,4.53,262.0,118787.0,4.537
601328.SH,2022-11-09,0.0,4.53,4.54,4.53,1540.0,697654.0,4.537
601328.SH,2022-11-09,0.0,4.53,4.54,4.53,8073.0,3657210.0,4.537
601328.SH,2022-11-09,0.0,4.54,4.54,4.53,287.0,130017.0,4.537
601328.SH,2022-11-09,0.0,4.54,4.54,4.53,1685.0,764165.0,4.536
601328.SH,2022-11-09,0.0,4.54,4.54,4.53,1632.0,739464.0,4.536
601328.SH,2022-11-09,0.0,4.53,4.54,4.53,227.0,103028.0,4.536
601328.SH,2022-11-09,0.0,4.54,4.54,4.53,170.0,77018.0,4.536
601328.SH,2022-11-09,0.0,4.54,4.54,4.53,101.0,45843.0,4.536
601328.SH,2022-11-09,0.0,4.54,4.54,4.53,31.0,14073.0,4.536
601328.SH,2022-11-09,0.0,4.54,4.54,4.53,284.0,128755.0,4.536
601328.SH,2022-11-09,0.0,4.54,4.54,4.53,1021.0,462588.0,4.536
601328.SH,2022-11-09,0.0,4.54,4.54,4.53,116.0,52556.0,4.536
601328.SH,2022-11-09,0.0,4.54,4.54,4.53,137.0,62102.0,4.536
601328.SH,2022-11-09,0.0,4.54,4.54,4.53,152.0,68864.0,4.536
601328.SH,2022-11-09,0.0,4.54,4.54,4.53,364.0,165255.0,4.536
601328.SH,2022-11-09,0.0,4.54,4.54,4.53,133.0,60380.0,4.536
601328.SH,2022-11-09,0.0,4.54,4.54,4.53,157.0,71273.0,4.536
601328.SH,2022-11-09,0.0,4.54,4.54,4.53,462.0,209607.0,4.536
601328.SH,2022-11-09,0.0,4.54,4.54,4.53,541.0,245416.0,4.536
601328.SH,2022-11-09,0.0,4.53,4.54,4.53,258.0,116966.0,4.536
601328.SH,2022-11-09,0.0,4.54,4.54,4.53,499.0,226532.0,4.536
601328.SH,2022-11-09,0.0,4.54,4.54,4.53,753.0,341650.0,4.536
601328.SH,2022-11-09,0.0,4.53,4.54,4.53,2693.0,1220740.0,4.536
601328.SH,2022-11-09,0.0,4.54,4.54,4.53,972.0,440458.0,4.536
601328.SH,2022-11-09,0.0,4.53,4.54,4.53,2004.0,907949.0,4.536
601328.SH,2022-11-09,0.0,4.53,4.54,4.53,584.0,264780.0,4.536
601328.SH,2022-11-09,0.0,4.53,4.54,4.53,361.0,163618.0,4.536
601328.SH,2022-11-09,0.0,4.54,4.54,4.53,1142.0,518205.0,4.536
601328.SH,2022-11-09,0.0,4.53,4.54,4.53,7711.0,3493380.0,4.536
601328.SH,2022-11-09,0.0,4.53,4.54,4.53,316.0,143347.0,4.536
601328.SH,2022-11-09,0.0,4.54,4.54,4.53,172.0,78030.0,4.536
601328.SH,2022-11-09,0.0,4.54,4.54,4.53,131.0,59407.0,4.536
601328.SH,2022-11-09,0.0,4.54,4.54,4.53,241.0,109355.0,4.536
601328.SH,2022-11-09,0.0,4.54,4.54,4.53,1064.0,482219.0,4.536
601328.SH,2022-11-09,0.0,4.54,4.54,4.53,722.0,327309.0,4.536
601328.SH,2022-11-09,0.0,4.54,4.54,4.53,3346.0,1519010.0,4.536
601328.SH,2022-11-09,0.0,4.54,4.54,4.53,336.0,152348.0,4.536
601328.SH,2022-11-09,0.0,4.54,4.54,4.53,1038.0,470520.0,4.536
601328.SH,2022-11-09,0.0,4.54,4.54,4.53,175.0,79228.0,4.536
601328.SH,2022-11-09,0.0,4.53,4.54,4.53,464.0,210449.0,4.536
601328.SH,2022-11-09,0.0,4.54,4.54,4.53,331.0,150069.0,4.536
601328.SH,2022-11-09,0.0,4.53,4.54,4.53,676.0,306333.0,4.536
601328.SH,2022-11-09,0.0,4.53,4.54,4.53,213.0,96558.0,4.536
601328.SH,2022-11-09,0.0,4.53,4.54,4.53,1185.0,537008.0,4.536
601328.SH,2022-11-09,0.0,4.53,4.54,4.53,408.0,184949.0,4.536
601328.SH,2022-11-09,0.0,4.54,4.54,4.53,323.0,146412.0,4.536
601328.SH,2022-11-09,0.0,4.53,4.54,4.53,298.0,135318.0,4.536
601328.SH,2022-11-09,0.0,4.53,4.54,4.53,463.0,210152.0,4.536
601328.SH,2022-11-09,0.0,4.54,4.54,4.53,752.0,341239.0,4.536
601328.SH,2022-11-09,0.0,4.53,4.54,4.53,468.0,212175.0,4.536
601328.SH,2022-11-09,0.0,4.54,4.54,4.53,128.0,58071.0,4.536
601328.SH,2022-11-09,0.0,4.53,4.54,4.53,953.0,431840.0,4.536
601328.SH,2022-11-09,0.0,4.54,4.54,4.53,122.0,55362.0,4.536
601328.SH,2022-11-09,0.0,4.54,4.54,4.53,497.0,225597.0,4.536
601328.SH,2022-11-09,0.0,4.53,4.54,4.53,755.0,342178.0,4.536
601328.SH,2022-11-09,0.0,4.54,4.54,4.53,491.0,222637.0,4.536
601328.SH,2022-11-09,0.0,4.54,4.54,4.53,894.0,405114.0,4.536
601328.SH,2022-11-09,0.0,4.54,4.54,4.53,990.0,448570.0,4.536
601328.SH,2022-11-09,0.0,4.53,4.54,4.53,331.0,150036.0,4.536
601328.SH,2022-11-09,0.0,4.53,4.54,4.53,774.0,351080.0,4.536
601328.SH,2022-11-09,0.0,4.54,4.54,4.53,376.0,170535.0,4.536
601328.SH,2022-11-09,0.0,4.54,4.54,4.53,624.0,283050.0,4.536
601328.SH,2022-11-09,0.0,4.53,4.54,4.53,322.0,145937.0,4.536
601328.SH,2022-11-09,0.0,4.53,4.54,4.53,311.0,141012.0,4.536
601328.SH,2022-11-09,0.0,4.53,4.54,4.53,984.0,445919.0,4.536
601328.SH,2022-11-09,0.0,4.53,4.54,4.53,390.0,176911.0,4.536
601328.SH,2022-11-09,0.0,4.54,4.54,4.53,191.0,86588.0,4.536
601328.SH,2022-11-09,0.0,4.53,4.54,4.53,1347.0,610291.0,4.536
601328.SH,2022-11-09,0.0,4.54,4.54,4.53,1194.0,540907.0,4.536
601328.SH,2022-11-09,0.0,4.54,4.54,4.53,421.0,190919.0,4.536
601328.SH,2022-11-09,0.0,4.54,4.54,4.53,333.0,151005.0,4.536
601328.SH,2022-11-09,0.0,4.54,4.54,4.53,553.0,250706.0,4.536
601328.SH,2022-11-09,0.0,4.53,4.54,4.53,367.0,166409.0,4.536
601328.SH,2022-11-09,0.0,4.54,4.54,4.53,398.0,180593.0,4.536
601328.SH,2022-11-09,0.0,4.54,4.54,4.53,418.0,189736.0,4.536
601328.SH,2022-11-09,0.0,4.53,4.54,4.53,232.0,105163.0,4.536
601328.SH,2022-11-09,0.0,4.54,4.54,4.53,432.0,196072.0,4.536
601328.SH,2022-11-09,0.0,4.54,4.54,4.53,595.0,269809.0,4.536
601328.SH,2022-11-09,0.0,4.53,4.54,4.53,274.0,124284.0,4.536
601328.SH,2022-11-09,0.0,4.54,4.54,4.53,276.0,125260.0,4.536
601328.SH,2022-11-09,0.0,4.54,4.54,4.53,267.0,121137.0,4.536
601328.SH,2022-11-09,0.0,4.53,4.54,4.53,427.0,193771.0,4.536
601328.SH,2022-11-09,0.0,4.54,4.54,4.53,493.0,223520.0,4.536
601328.SH,2022-11-09,0.0,4.54,4.54,4.53,875.0,397128.0,4.536
601328.SH,2022-11-09,0.0,4.54,4.54,4.53,379.0,171756.0,4.536
601328.SH,2022-11-09,0.0,4.54,4.54,4.53,499.0,226390.0,4.536
601328.SH,2022-11-09,0.0,4.54,4.54,4.53,336.0,152245.0,4.536
601328.SH,2022-11-09,0.0,4.54,4.54,4.53,1205.0,547024.0,4.536
601328.SH,2022-11-09,0.0,4.53,4.54,4.53,1698.0,770770.0,4.536
601328.SH,2022-11-09,0.0,4.53,4.54,4.53,578.0,262346.0,4.536
601328.SH,2022-11-09,0.0,4.54,4.54,4.53,271.0,122892.0,4.536
601328.SH,2022-11-09,0.0,4.54,4.54,4.53,394.0,178677.0,4.536
601328.SH,2022-11-09,0.0,4.54,4.54,4.53,613.0,278055.0,4.536
601328.SH,2022-11-09,0.0,4.54,4.54,4.53,735.0,333421.0,4.536
601328.SH,2022-11-09,0.0,4.54,4.54,4.53,637.0,288999.0,4.536
601328.SH,2022-11-09,0.0,4.54,4.54,4.53,551.0,249923.0,4.536
601328.SH,2022-11-09,0.0,4.53,4.54,4.53,767.0,347817.0,4.536
601328.SH,2022-11-09,0.0,4.54,4.54,4.53,1525.0,692131.0,4.536
601328.SH,2022-11-09,0.0,4.53,4.54,4.53,3261.0,1477500.0,4.536
601328.SH,2022-11-09,0.0,4.54,4.54,4.53,1149.0,521306.0,4.536
601328.SH,2022-11-09,0.0,4.53,4.54,4.53,535.0,242842.0,4.536
601328.SH,2022-11-09,0.0,4.54,4.54,4.53,404.0,183274.0,4.536
601328.SH,2022-11-09,0.0,4.54,4.54,4.53,658.0,298341.0,4.536
601328.SH,2022-11-09,0.0,4.54,4.54,4.53,563.0,255247.0,4.536
601328.SH,2022-11-09,0.0,4.54,4.54,4.53,389.0,176546.0,4.536
601328.SH,2022-11-09,0.0,4.53,4.54,4.53,307.0,139291.0,4.536
601328.SH,2022-11-09,0.0,4.54,4.54,4.53,729.0,330416.0,4.536
601328.SH,2022-11-09,0.0,4.53,4.54,4.53,583.0,264504.0,4.536
601328.SH,2022-11-09,0.0,4.54,4.54,4.53,1212.0,549969.0,4.536
601328.SH,2022-11-09,0.0,4.53,4.54,4.53,688.0,312042.0,4.536
601328.SH,2022-11-09,0.0,4.53,4.54,4.53,735.0,333296.0,4.536
601328.SH,2022-11-09,0.0,4.53,4.54,4.53,818.0,371022.0,4.536
601328.SH,2022-11-09,0.0,4.54,4.54,4.53,1104.0,500625.0,4.536
601328.SH,2022-11-09,0.0,4.53,4.54,4.53,2028.0,919356.0,4.536
601328.SH,2022-11-09,0.0,4.54,4.54,4.53,1066.0,483856.0,4.536
601328.SH,2022-11-09,0.0,4.54,4.54,4.53,1258.0,570568.0,4.536
601328.SH,2022-11-09,0.0,4.54,4.54,4.53,1482.0,672212.0,4.536
601328.SH,2022-11-09,0.0,4.53,4.54,4.53,932.0,422816.0,4.536
601328.SH,2022-11-09,0.0,4.53,4.54,4.53,2698.0,1223570.0,4.536
601328.SH,2022-11-09,0.0,4.53,4.54,4.53,2389.0,1084350.0,4.536
601328.SH,2022-11-09,0.0,4.53,4.53,4.53,0.0,0.0,4.536
601328.SH,2022-11-09,0.0,4.53,4.53,4.53,0.0,0.0,4.536
601328.SH,2022-11-09,0.0,4.54,4.54,4.54,14638.0,6645650.0,4.536
601328.SH,2022-11-10,0.0,4.53,4.53,4.53,3885.0,1759930.0,4.53
601328.SH,2022-11-10,0.0,4.52,4.54,4.52,26808.0,12129700.0,4.525
601328.SH,2022-11-10,0.0,4.53,4.53,4.52,5832.0,2636630.0,4.525
601328.SH,2022-11-10,0.0,4.52,4.53,4.51,3777.0,1707240.0,4.524
601328.SH,2022-11-10,0.0,4.52,4.52,4.51,2778.0,1254710.0,4.524
601328.SH,2022-11-10,0.0,4.52,4.52,4.51,3977.0,1794240.0,4.523
601328.SH,2022-11-10,0.0,4.51,4.52,4.51,1729.0,781183.0,4.523
601328.SH,2022-11-10,0.0,4.52,4.52,4.51,1057.0,477265.0,4.522
601328.SH,2022-11-10,0.0,4.51,4.52,4.51,879.0,396918.0,4.522
601328.SH,2022-11-10,0.0,4.52,4.52,4.51,1721.0,777108.0,4.522
601328.SH,2022-11-10,0.0,4.51,4.52,4.51,2179.0,983095.0,4.522
601328.SH,2022-11-10,0.0,4.52,4.52,4.51,2617.0,1180590.0,4.521
601328.SH,2022-11-10,0.0,4.52,4.52,4.51,556.0,251018.0,4.521
601328.SH,2022-11-10,0.0,4.51,4.52,4.51,675.0,304904.0,4.521
601328.SH,2022-11-10,0.0,4.51,4.52,4.51,905.0,408717.0,4.521
601328.SH,2022-11-10,0.0,4.52,4.52,4.51,415.0,187391.0,4.521
601328.SH,2022-11-10,0.0,4.51,4.52,4.51,662.0,298623.0,4.521
601328.SH,2022-11-10,0.0,4.52,4.52,4.51,340.0,153616.0,4.521
601328.SH,2022-11-10,0.0,4.51,4.52,4.51,1417.0,639181.0,4.521
601328.SH,2022-11-10,0.0,4.52,4.52,4.51,4796.0,2163290.0,4.52
601328.SH,2022-11-10,0.0,4.51,4.52,4.51,821.0,370673.0,4.52
601328.SH,2022-11-10,0.0,4.52,4.52,4.51,201.0,90745.0,4.52
601328.SH,2022-11-10,0.0,4.52,4.52,4.51,1034.0,466345.0,4.52
601328.SH,2022-11-10,0.0,4.51,4.52,4.51,265.0,119608.0,4.52
601328.SH,2022-11-10,0.0,4.52,4.52,4.51,2024.0,914702.0,4.52
601328.SH,2022-11-10,0.0,4.51,4.52,4.51,2662.0,1203080.0,4.52
601328.SH,2022-11-10,0.0,4.52,4.52,4.51,776.0,350737.0,4.52
601328.SH,2022-11-10,0.0,4.51,4.52,4.51,465.0,210171.0,4.52
601328.SH,2022-11-10,0.0,4.52,4.52,4.51,2394.0,1081980.0,4.52
601328.SH,2022-11-10,0.0,4.51,4.52,4.51,405.0,183037.0,4.52
601328.SH,2022-11-10,0.0,4.51,4.52,4.51,727.0,328381.0,4.52
601328.SH,2022-11-10,0.0,4.52,4.52,4.51,1636.0,737983.0,4.52
601328.SH,2022-11-10,0.0,4.51,4.52,4.51,301.0,135857.0,4.519
601328.SH,2022-11-10,0.0,4.52,4.52,4.51,480.0,216657.0,4.519
601328.SH,2022-11-10,0.0,4.51,4.52,4.51,538.0,242920.0,4.519
601328.SH,2022-11-10,0.0,4.51,4.52,4.51,432.0,195043.0,4.519
601328.SH,2022-11-10,0.0,4.51,4.52,4.51,326.0,147238.0,4.519
601328.SH,2022-11-10,0.0,4.51,4.52,4.51,376.0,169783.0,4.519
601328.SH,2022-11-10,0.0,4.52,4.52,4.51,192.0,86706.0,4.519
601328.SH,2022-11-10,0.0,4.51,4.52,4.51,347.0,156649.0,4.519
601328.SH,2022-11-10,0.0,4.52,4.52,4.51,712.0,321656.0,4.519
601328.SH,2022-11-10,0.0,4.51,4.52,4.51,448.0,202209.0,4.519
601328.SH,2022-11-10,0.0,4.51,4.52,4.51,626.0,282621.0,4.519
601328.SH,2022-11-10,0.0,4.52,4.52,4.51,1240.0,559586.0,4.519
601328.SH,2022-11-10,0.0,4.51,4.52,4.51,842.0,380104.0,4.519
601328.SH,2022-11-10,0.0,4.51,4.52,4.51,541.0,244058.0,4.519
601328.SH,2022-11-10,0.0,4.52,4.52,4.51,292.0,131805.0,4.519
601328.SH,2022-11-10,0.0,4.52,4.52,4.51,704.0,317966.0,4.519
601328.SH,2022-11-10,0.0,4.52,4.52,4.51,121.0,54614.0,4.519
601328.SH,2022-11-10,0.0,4.51,4.52,4.51,502.0,226736.0,4.519
601328.SH,2022-11-10,0.0,4.51,4.52,4.51,1011.0,456257.0,4.519
601328.SH,2022-11-10,0.0,4.52,4.52,4.51,210.0,94824.0,4.519
601328.SH,2022-11-10,0.0,4.51,4.52,4.51,490.0,221057.0,4.519
601328.SH,2022-11-10,0.0,4.52,4.52,4.51,1278.0,577327.0,4.519
601328.SH,2022-11-10,0.0,4.51,4.52,4.51,722.0,325982.0,4.519
601328.SH,2022-11-10,0.0,4.52,4.52,4.51,923.0,416671.0,4.519
601328.SH,2022-11-10,0.0,4.52,4.52,4.51,679.0,306455.0,4.519
601328.SH,2022-11-10,0.0,4.52,4.52,4.51,513.0,231643.0,4.519
601328.SH,2022-11-10,0.0,4.52,4.52,4.51,379.0,171107.0,4.519
601328.SH,2022-11-10,0.0,4.52,4.52,4.51,397.0,179300.0,4.519
601328.SH,2022-11-10,0.0,4.52,4.52,4.51,581.0,262375.0,4.519
601328.SH,2022-11-10,0.0,4.52,4.52,4.51,625.0,282459.0,4.519
601328.SH,2022-11-10,0.0,4.51,4.52,4.51,1764.0,796980.0,4.519
601328.SH,2022-11-10,0.0,4.52,4.52,4.51,494.0,223001.0,4.519
601328.SH,2022-11-10,0.0,4.51,4.52,4.51,545.0,246048.0,4.519
601328.SH,2022-11-10,0.0,4.52,4.52,4.51,856.0,386252.0,4.519
601328.SH,2022-11-10,0.0,4.51,4.52,4.51,746.0,336640.0,4.519
601328.SH,2022-11-10,0.0,4.52,4.52,4.51,95.0,42897.0,4.519
601328.SH,2022-11-10,0.0,4.51,4.52,4.51,3590.0,1622030.0,4.519
601328.SH,2022-11-10,0.0,4.51,4.52,4.51,418.0,188741.0,4.519
601328.SH,2022-11-10,0.0,4.52,4.52,4.51,185.0,83507.0,4.519
601328.SH,2022-11-10,0.0,4.52,4.52,4.51,736.0,332137.0,4.518
601328.SH,2022-11-10,0.0,4.51,4.52,4.51,1674.0,755489.0,4.518
601328.SH,2022-11-10,0.0,4.52,4.52,4.51,238.0,107533.0,4.518
601328.SH,2022-11-10,0.0,4.51,4.52,4.51,787.0,355033.0,4.518
601328.SH,2022-11-10,0.0,4.51,4.52,4.51,1519.0,686287.0,4.518
601328.SH,2022-11-10,0.0,4.51,4.52,4.51,110.0,49673.0,4.518
601328.SH,2022-11-10,0.0,4.51,4.52,4.51,145.0,65454.0,4.518
601328.SH,2022-11-10,0.0,4.51,4.52,4.51,204.0,92046.0,4.518
601328.SH,2022-11-10,0.0,4.51,4.52,4.51,606.0,273716.0,4.518
601328.SH,2022-11-10,0.0,4.52,4.52,4.51,1625.0,733942.0,4.518
601328.SH,2022-11-10,0.0,4.51,4.52,4.51,3291.0,1486780.0,4.518
601328.SH,2022-11-10,0.0,4.52,4.52,4.51,228.0,103023.0,4.518
601328.SH,2022-11-10,0.0,4.52,4.52,4.52,4063.0,1836140.0,4.518
601328.SH,2022-11-10,0.0,4.53,4.53,4.52,5891.0,2663010.0,4.518
601328.SH,2022-11-10,0.0,4.52,4.53,4.52,140.0,63114.0,4.518
601328.SH,2022-11-10,0.0,4.53,4.53,4.52,219.0,99187.0,4.518
601328.SH,2022-11-10,0.0,4.52,4.53,4.52,304.0,137479.0,4.518
601328.SH,2022-11-10,0.0,4.52,4.53,4.52,115.0,52007.0,4.518
601328.SH,2022-11-10,0.0,4.53,4.53,4.52,115.0,52047.0,4.518
601328.SH,2022-11-10,0.0,4.52,4.53,4.52,63.0,28500.0,4.518
601328.SH,2022-11-10,0.0,4.52,4.53,4.52,523.0,236479.0,4.518
601328.SH,2022-11-10,0.0,4.53,4.53,4.52,447.0,202267.0,4.518
601328.SH,2022-11-10,0.0,4.52,4.53,4.52,89.0,40252.0,4.518
601328.SH,2022-11-10,0.0,4.52,4.53,4.52,202.0,91365.0,4.518
601328.SH,2022-11-10,0.0,4.52,4.53,4.52,416.0,188061.0,4.519
601328.SH,2022-11-10,0.0,4.53,4.53,4.52,720.0,326126.0,4.519
601328.SH,2022-11-10,0.0,4.52,4.53,4.52,71.0,32122.0,4.519
601328.SH,2022-11-10,0.0,4.52,4.53,4.52,193.0,87291.0,4.519
601328.SH,2022-11-10,0.0,4.52,4.53,4.52,285.0,129057.0,4.519
601328.SH,2022-11-10,0.0,4.53,4.53,4.53,232.0,104931.0,4.519
601328.SH,2022-11-10,0.0,4.52,4.53,4.52,112.0,50645.0,4.519
601328.SH,2022-11-10,0.0,4.52,4.53,4.52,2147.0,970487.0,4.519
601328.SH,2022-11-10,0.0,4.52,4.52,4.52,486.0,219672.0,4.519
601328.SH,2022-11-10,0.0,4.52,4.53,4.52,85.0,38432.0,4.519
601328.SH,2022-11-10,0.0,4.52,4.52,4.52,200.0,90411.0,4.519
601328.SH,2022-11-10,0.0,4.52,4.53,4.52,797.0,360270.0,4.519
601328.SH,2022-11-10,0.0,4.52,4.52,4.52,946.0,427593.0,4.519
601328.SH,2022-11-10,0.0,4.52,4.53,4.52,245.0,110802.0,4.519
601328.SH,2022-11-10,0.0,4.52,4.53,4.52,453.0,204829.0,4.519
601328.SH,2022-11-10,0.0,4.52,4.53,4.52,302.0,136517.0,4.519
601328.SH,2022-11-10,0.0,4.53,4.53,4.52,97.0,43894.0,4.519
601328.SH,2022-11-10,0.0,4.52,4.53,4.52,308.0,139239.0,4.519
601328.SH,2022-11-10,0.0,4.52,4.52,4.52,12582.0,5687060.0,4.519
601328.SH,2022-11-10,0.0,4.51,4.52,4.51,1063.0,480189.0,4.519
601328.SH,2022-11-10,0.0,4.51,4.52,4.51,164.0,74022.0,4.519
601328.SH,2022-11-10,0.0,4.51,4.52,4.51,3311.0,1495470.0,4.519
601328.SH,2022-11-10,0.0,4.51,4.52,4.51,3389.0,1530950.0,4.519
601328.SH,2022-11-10,0.0,4.51,4.52,4.51,2320.0,1046540.0,4.519
601328.SH,2022-11-10,0.0,4.52,4.52,4.51,272.0,122749.0,4.519
601328.SH,2022-11-10,0.0,4.52,4.52,4.51,1703.0,768112.0,4.519
601328.SH,2022-11-10,0.0,4.52,4.52,4.51,761.0,343746.0,4.519
601328.SH,2022-11-10,0.0,4.52,4.52,4.51,231.0,104229.0,4.518
601328.SH,2022-11-10,0.0,4.52,4.52,4.51,614.0,277420.0,4.518
601328.SH,2022-11-10,0.0,4.52,4.52,4.51,67.0,30242.0,4.518
601328.SH,2022-11-10,0.0,4.51,4.52,4.51,465.0,209740.0,4.518
601328.SH,2022-11-10,0.0,4.52,4.52,4.51,1125.0,507420.0,4.518
601328.SH,2022-11-10,0.0,4.52,4.52,4.52,134.0,60528.0,4.518
601328.SH,2022-11-10,0.0,4.52,4.53,4.51,15402.0,6961990.0,4.519
601328.SH,2022-11-10,0.0,4.52,4.53,4.52,348.0,157462.0,4.519
601328.SH,2022-11-10,0.0,4.53,4.53,4.52,36.0,16284.0,4.519
601328.SH,2022-11-10,0.0,4.52,4.53,4.52,78.0,35286.0,4.519
601328.SH,2022-11-10,0.0,4.52,4.53,4.52,1150.0,519941.0,4.519
601328.SH,2022-11-10,0.0,4.53,4.53,4.52,2984.0,1348770.0,4.519
601328.SH,2022-11-10,0.0,4.52,4.53,4.52,290.0,131084.0,4.519
601328.SH,2022-11-10,0.0,4.52,4.52,4.52,16.0,7232.0,4.519
601328.SH,2022-11-10,0.0,4.52,4.52,4.52,430.0,194560.0,4.519
601328.SH,2022-11-10,0.0,4.52,4.53,4.52,1033.0,467054.0,4.519
601328.SH,2022-11-10,0.0,4.53,4.53,4.52,324.0,146768.0,4.519
601328.SH,2022-11-10,0.0,4.53,4.53,4.52,773.0,349940.0,4.519
601328.SH,2022-11-10,0.0,4.52,4.53,4.52,1135.0,513261.0,4.519
601328.SH,2022-11-10,0.0,4.53,4.53,4.52,403.0,182170.0,4.519
601328.SH,2022-11-10,0.0,4.53,4.53,4.52,21.0,9507.0,4.519
601328.SH,2022-11-10,0.0,4.52,4.53,4.52,206.0,93157.0,4.519
601328.SH,2022-11-10,0.0,4.53,4.53,4.52,47.0,21287.0,4.519
601328.SH,2022-11-10,0.0,4.52,4.53,4.52,113.0,51154.0,4.519
601328.SH,2022-11-10,0.0,4.52,4.53,4.51,6119.0,2765840.0,4.519
601328.SH,2022-11-10,0.0,4.52,4.52,4.51,163.0,73644.0,4.519
601328.SH,2022-11-10,0.0,4.52,4.52,4.51,234.0,105720.0,4.519
601328.SH,2022-11-10,0.0,4.52,4.52,4.51,155.0,69980.0,4.519
601328.SH,2022-11-10,0.0,4.52,4.52,4.51,247.0,111466.0,4.519
601328.SH,2022-11-10,0.0,4.52,4.52,4.51,286.0,129138.0,4.519
601328.SH,2022-11-10,0.0,4.52,4.52,4.51,575.0,259820.0,4.519
601328.SH,2022-11-10,0.0,4.51,4.52,4.51,407.0,183877.0,4.519
601328.SH,2022-11-10,0.0,4.52,4.52,4.51,204.0,92173.0,4.519
601328.SH,2022-11-10,0.0,4.52,4.52,4.51,89.0,40195.0,4.519
601328.SH,2022-11-10,0.0,4.52,4.52,4.51,395.0,178232.0,4.519
601328.SH,2022-11-10,0.0,4.52,4.52,4.51,2980.0,1346890.0,4.519
601328.SH,2022-11-10,0.0,4.52,4.52,4.51,764.0,344957.0,4.519
601328.SH,2022-11-10,0.0,4.52,4.52,4.51,307.0,138734.0,4.519
601328.SH,2022-11-10,0.0,4.51,4.52,4.51,254.0,114689.0,4.519
601328.SH,2022-11-10,0.0,4.51,4.52,4.51,340.0,153619.0,4.519
601328.SH,2022-11-10,0.0,4.52,4.52,4.51,186.0,84016.0,4.519
601328.SH,2022-11-10,0.0,4.52,4.52,4.51,251.0,113392.0,4.519
601328.SH,2022-11-10,0.0,4.51,4.52,4.51,252.0,113680.0,4.519
601328.SH,2022-11-10,0.0,4.52,4.52,4.51,197.0,89008.0,4.519
601328.SH,2022-11-10,0.0,4.52,4.52,4.51,484.0,218491.0,4.519
601328.SH,2022-11-10,0.0,4.52,4.52,4.51,454.0,205201.0,4.519
601328.SH,2022-11-10,0.0,4.52,4.52,4.52,117.0,52834.0,4.519
601328.SH,2022-11-10,0.0,4.52,4.52,4.51,121.0,54649.0,4.519
601328.SH,2022-11-10,0.0,4.52,4.52,4.51,6645.0,2997320.0,4.518
601328.SH,2022-11-10,0.0,4.52,4.52,4.51,8430.0,3810180.0,4.519
601328.SH,2022-11-10,0.0,4.52,4.53,4.51,5889.0,2661840.0,4.519
601328.SH,2022-11-10,0.0,4.52,4.53,4.52,93.0,42055.0,4.519
601328.SH,2022-11-10,0.0,4.53,4.53,4.52,593.0,268043.0,4.519
601328.SH,2022-11-10,0.0,4.52,4.53,4.52,94.0,42493.0,4.519
601328.SH,2022-11-10,0.0,4.52,4.53,4.52,378.0,170962.0,4.519
601328.SH,2022-11-10,0.0,4.52,4.53,4.52,211.0,95504.0,4.519
601328.SH,2022-11-10,0.0,4.52,4.53,4.52,118.0,53384.0,4.519
601328.SH,2022-11-10,0.0,4.52,4.53,4.52,531.0,240354.0,4.519
601328.SH,2022-11-10,0.0,4.52,4.53,4.52,138.0,62415.0,4.519
601328.SH,2022-11-10,0.0,4.52,4.53,4.52,2024.0,914949.0,4.519
601328.SH,2022-11-10,0.0,4.52,4.53,4.52,90.0,40696.0,4.519
601328.SH,2022-11-10,0.0,4.52,4.53,4.52,236.0,106690.0,4.519
601328.SH,2022-11-10,0.0,4.52,4.53,4.52,463.0,209636.0,4.519
601328.SH,2022-11-10,0.0,4.52,4.53,4.52,900.0,407545.0,4.519
601328.SH,2022-11-10,0.0,4.53,4.53,4.52,415.0,187910.0,4.519
601328.SH,2022-11-10,0.0,4.52,4.53,4.52,352.0,159107.0,4.519
601328.SH,2022-11-10,0.0,4.52,4.53,4.52,2091.0,945151.0,4.519
601328.SH,2022-11-10,0.0,4.53,4.53,4.52,1199.0,542855.0,4.519
601328.SH,2022-11-10,0.0,4.52,4.53,4.52,2533.0,1146910.0,4.519
601328.SH,2022-11-10,0.0,4.53,4.53,4.52,810.0,366893.0,4.519
601328.SH,2022-11-10,0.0,4.53,4.53,4.52,976.0,442019.0,4.519
601328.SH,2022-11-10,0.0,4.52,4.53,4.52,690.0,312146.0,4.519
601328.SH,2022-11-10,0.0,4.53,4.53,4.52,517.0,233735.0,4.519
601328.SH,2022-11-10,0.0,4.52,4.53,4.52,211.0,95573.0,4.519
601328.SH,2022-11-10,0.0,4.52,4.53,4.52,536.0,242656.0,4.519
601328.SH,2022-11-10,0.0,4.52,4.52,4.52,299.0,135175.0,4.519
601328.SH,2022-11-10,0.0,4.53,4.53,4.52,190.0,85945.0,4.519
601328.SH,2022-11-10,0.0,4.52,4.53,4.52,290.0,131121.0,4.519
601328.SH,2022-11-10,0.0,4.52,4.53,4.52,501.0,226678.0,4.519
601328.SH,2022-11-10,0.0,4.53,4.53,4.52,2712.0,1228220.0,4.519
601328.SH,2022-11-10,0.0,4.52,4.53,4.52,2555.0,1157350.0,4.519
601328.SH,2022-11-10,0.0,4.53,4.53,4.52,218.0,98650.0,4.519
601328.SH,2022-11-10,0.0,4.52,4.53,4.52,148.0,66986.0,4.519
601328.SH,2022-11-10,0.0,4.53,4.53,4.52,367.0,165912.0,4.519
601328.SH,2022-11-10,0.0,4.53,4.53,4.52,683.0,308913.0,4.519
601328.SH,2022-11-10,0.0,4.52,4.53,4.52,238.0,107627.0,4.519
601328.SH,2022-11-10,0.0,4.52,4.53,4.52,970.0,438950.0,4.519
601328.SH,2022-11-10,0.0,4.52,4.53,4.52,292.0,132012.0,4.519
601328.SH,2022-11-10,0.0,4.52,4.53,4.52,543.0,245608.0,4.519
601328.SH,2022-11-10,0.0,4.52,4.53,4.52,583.0,263858.0,4.519
601328.SH,2022-11-10,0.0,4.53,4.53,4.52,338.0,152920.0,4.519
601328.SH,2022-11-10,0.0,4.53,4.53,4.52,2939.0,1330970.0,4.519
601328.SH,2022-11-10,0.0,4.53,4.53,4.52,948.0,429300.0,4.519
601328.SH,2022-11-10,0.0,4.52,4.53,4.52,676.0,305996.0,4.519
601328.SH,2022-11-10,0.0,4.52,4.53,4.52,933.0,422160.0,4.519
601328.SH,2022-11-10,0.0,4.52,4.53,4.52,2529.0,1145430.0,4.52
601328.SH,2022-11-10,0.0,4.52,4.53,4.52,1648.0,746311.0,4.52
601328.SH,2022-11-10,0.0,4.52,4.53,4.52,346.0,156532.0,4.52
601328.SH,2022-11-10,0.0,4.53,4.53,4.52,745.0,337301.0,4.52
601328.SH,2022-11-10,0.0,4.52,4.53,4.52,626.0,283363.0,4.52
601328.SH,2022-11-10,0.0,4.52,4.53,4.52,599.0,271153.0,4.52
601328.SH,2022-11-10,0.0,4.52,4.53,4.52,558.0,252530.0,4.52
601328.SH,2022-11-10,0.0,4.52,4.53,4.52,1162.0,525665.0,4.52
601328.SH,2022-11-10,0.0,4.52,4.53,4.52,762.0,344845.0,4.52
601328.SH,2022-11-10,0.0,4.52,4.53,4.52,1704.0,770757.0,4.52
601328.SH,2022-11-10,0.0,4.52,4.53,4.52,1683.0,761248.0,4.52
601328.SH,2022-11-10,0.0,4.52,4.53,4.52,1281.0,579603.0,4.52
601328.SH,2022-11-10,0.0,4.52,4.53,4.52,914.0,413515.0,4.52
601328.SH,2022-11-10,0.0,4.52,4.53,4.52,764.0,345561.0,4.52
601328.SH,2022-11-10,0.0,4.52,4.53,4.52,3742.0,1694200.0,4.52
601328.SH,2022-11-10,0.0,4.53,4.53,4.52,2792.0,1264060.0,4.52
601328.SH,2022-11-10,0.0,4.52,4.53,4.52,2599.0,1176640.0,4.52
601328.SH,2022-11-10,0.0,4.53,4.53,4.52,6496.0,2941240.0,4.52
601328.SH,2022-11-10,0.0,4.53,4.53,4.52,1900.0,860222.0,4.52
601328.SH,2022-11-10,0.0,4.52,4.53,4.52,9466.0,4282470.0,4.52
601328.SH,2022-11-10,0.0,4.52,4.53,4.52,3782.0,1712680.0,4.521
601328.SH,2022-11-10,0.0,4.52,4.52,4.52,0.0,0.0,4.521
601328.SH,2022-11-10,0.0,4.52,4.52,4.52,0.0,0.0,4.521
601328.SH,2022-11-10,0.0,4.53,4.53,4.53,8471.0,3837360.0,4.521
601328.SH,2022-11-11,0.0,4.54,4.54,4.54,21788.0,9891750.0,4.54
601328.SH,2022-11-11,0.0,4.55,4.56,4.54,45004.0,20475300.0,4.547
601328.SH,2022-11-11,0.0,4.56,4.56,4.55,4006.0,1825160.0,4.547
601328.SH,2022-11-11,0.0,4.55,4.56,4.54,11374.0,5173590.0,4.547
601328.SH,2022-11-11,0.0,4.55,4.55,4.54,5686.0,2586520.0,4.547
601328.SH,2022-11-11,0.0,4.55,4.55,4.54,4090.0,1860240.0,4.547
601328.SH,2022-11-11,0.0,4.55,4.56,4.55,19363.0,8814170.0,4.548
601328.SH,2022-11-11,0.0,4.56,4.56,4.55,7478.0,3406680.0,4.549
601328.SH,2022-11-11,0.0,4.56,4.56,4.55,6920.0,3152160.0,4.549
601328.SH,2022-11-11,0.0,4.56,4.56,4.55,7293.0,3320560.0,4.549
601328.SH,2022-11-11,0.0,4.55,4.56,4.54,10057.0,4576280.0,4.549
601328.SH,2022-11-11,0.0,4.54,4.55,4.54,3828.0,1741360.0,4.549
601328.SH,2022-11-11,0.0,4.54,4.55,4.54,8236.0,3746850.0,4.549
601328.SH,2022-11-11,0.0,4.55,4.55,4.54,2660.0,1209480.0,4.549
601328.SH,2022-11-11,0.0,4.54,4.55,4.54,4363.0,1984610.0,4.549
601328.SH,2022-11-11,0.0,4.54,4.55,4.54,873.0,397009.0,4.549
601328.SH,2022-11-11,0.0,4.54,4.55,4.54,1438.0,653935.0,4.549
601328.SH,2022-11-11,0.0,4.55,4.55,4.54,2886.0,1312000.0,4.549
601328.SH,2022-11-11,0.0,4.55,4.55,4.54,1318.0,599414.0,4.549
601328.SH,2022-11-11,0.0,4.54,4.55,4.54,1399.0,635307.0,4.549
601328.SH,2022-11-11,0.0,4.55,4.55,4.54,4107.0,1868310.0,4.549
601328.SH,2022-11-11,0.0,4.55,4.55,4.54,2934.0,1334830.0,4.549
601328.SH,2022-11-11,0.0,4.54,4.55,4.54,987.0,449000.0,4.549
601328.SH,2022-11-11,0.0,4.55,4.55,4.54,2808.0,1277480.0,4.549
601328.SH,2022-11-11,0.0,4.54,4.55,4.54,1450.0,659376.0,4.549
601328.SH,2022-11-11,0.0,4.55,4.55,4.54,478.0,217432.0,4.549
601328.SH,2022-11-11,0.0,4.55,4.55,4.54,2005.0,912041.0,4.549
601328.SH,2022-11-11,0.0,4.55,4.55,4.54,454.0,206452.0,4.549
601328.SH,2022-11-11,0.0,4.54,4.55,4.54,1210.0,550375.0,4.549
601328.SH,2022-11-11,0.0,4.55,4.55,4.54,2293.0,1043140.0,4.549
601328.SH,2022-11-11,0.0,4.54,4.55,4.54,3202.0,1454300.0,4.549
601328.SH,2022-11-11,0.0,4.55,4.55,4.54,3415.0,1553570.0,4.549
601328.SH,2022-11-11,0.0,4.55,4.55,4.54,2008.0,913570.0,4.549
601328.SH,2022-11-11,0.0,4.55,4.55,4.54,274.0,124610.0,4.549
601328.SH,2022-11-11,0.0,4.55,4.55,4.54,475.0,215767.0,4.549
601328.SH,2022-11-11,0.0,4.55,4.55,4.54,1022.0,464953.0,4.549
601328.SH,2022-11-11,0.0,4.55,4.55,4.54,1424.0,647902.0,4.549
601328.SH,2022-11-11,0.0,4.55,4.55,4.54,853.0,388105.0,4.549
601328.SH,2022-11-11,0.0,4.55,4.55,4.54,204.0,92750.0,4.549
601328.SH,2022-11-11,0.0,4.55,4.55,4.54,12993.0,5911790.0,4.549
601328.SH,2022-11-11,0.0,4.54,4.55,4.54,718.0,326547.0,4.549
601328.SH,2022-11-11,0.0,4.55,4.55,4.54,11392.0,5183210.0,4.549
601328.SH,2022-11-11,0.0,4.55,4.56,4.55,7108.0,3234560.0,4.549
601328.SH,2022-11-11,0.0,4.55,4.55,4.55,1738.0,790780.0,4.549
601328.SH,2022-11-11,0.0,4.55,4.55,4.54,1009.0,458917.0,4.549
601328.SH,2022-11-11,0.0,4.55,4.55,4.54,8022.0,3649980.0,4.549
601328.SH,2022-11-11,0.0,4.55,4.55,4.54,1663.0,756507.0,4.549
601328.SH,2022-11-11,0.0,4.55,4.55,4.54,7315.0,3328080.0,4.549
601328.SH,2022-11-11,0.0,4.55,4.56,4.55,2525.0,1149080.0,4.549
601328.SH,2022-11-11,0.0,4.55,4.55,4.54,323.0,146956.0,4.549
601328.SH,2022-11-11,0.0,4.55,4.55,4.54,587.0,266880.0,4.549
601328.SH,2022-11-11,0.0,4.55,4.55,4.54,2682.0,1220290.0,4.549
601328.SH,2022-11-11,0.0,4.54,4.55,4.54,10630.0,4827110.0,4.549
601328.SH,2022-11-11,0.0,4.55,4.55,4.54,11991.0,5452920.0,4.549
601328.SH,2022-11-11,0.0,4.55,4.55,4.54,6977.0,3168840.0,4.549
601328.SH,2022-11-11,0.0,4.55,4.56,4.54,4515.0,2054950.0,4.549
601328.SH,2022-11-11,0.0,4.55,4.55,4.54,266.0,120911.0,4.549
601328.SH,2022-11-11,0.0,4.55,4.55,4.54,530.0,240874.0,4.549
601328.SH,2022-11-11,0.0,4.54,4.55,4.54,3457.0,1572880.0,4.549
601328.SH,2022-11-11,0.0,4.54,4.55,4.54,5206.0,2368690.0,4.549
601328.SH,2022-11-11,0.0,4.55,4.55,4.54,702.0,319333.0,4.549
601328.SH,2022-11-11,0.0,4.55,4.56,4.54,4878.0,2219560.0,4.549
601328.SH,2022-11-11,0.0,4.55,4.55,4.55,1866.0,849030.0,4.549
601328.SH,2022-11-11,0.0,4.56,4.56,4.55,9126.0,4153930.0,4.549
601328.SH,2022-11-11,0.0,4.55,4.56,4.55,770.0,350475.0,4.549
601328.SH,2022-11-11,0.0,4.55,4.56,4.55,1388.0,631947.0,4.549
601328.SH,2022-11-11,0.0,4.55,4.56,4.54,1382.0,630072.0,4.549
601328.SH,2022-11-11,0.0,4.55,4.56,4.55,1081.0,492565.0,4.549
601328.SH,2022-11-11,0.0,4.55,4.56,4.55,2306.0,1050740.0,4.549
601328.SH,2022-11-11,0.0,4.56,4.56,4.55,1313.0,598528.0,4.549
601328.SH,2022-11-11,0.0,4.55,4.56,4.55,2209.0,1007140.0,4.549
601328.SH,2022-11-11,0.0,4.56,4.56,4.55,2035.0,927672.0,4.549
601328.SH,2022-11-11,0.0,4.56,4.56,4.55,2800.0,1276660.0,4.549
601328.SH,2022-11-11,0.0,4.55,4.56,4.55,1758.0,801032.0,4.549
601328.SH,2022-11-11,0.0,4.55,4.56,4.55,1014.0,461646.0,4.549
601328.SH,2022-11-11,0.0,4.56,4.56,4.55,1325.0,604125.0,4.549
601328.SH,2022-11-11,0.0,4.55,4.56,4.55,722.0,328977.0,4.549
601328.SH,2022-11-11,0.0,4.55,4.56,4.55,166.0,75638.0,4.549
601328.SH,2022-11-11,0.0,4.56,4.56,4.55,2008.0,915638.0,4.549
601328.SH,2022-11-11,0.0,4.56,4.56,4.55,260.0,118540.0,4.549
601328.SH,2022-11-11,0.0,4.56,4.56,4.55,1896.0,864520.0,4.55
601328.SH,2022-11-11,0.0,4.56,4.56,4.55,204.0,92971.0,4.55
601328.SH,2022-11-11,0.0,4.56,4.56,4.55,1006.0,458663.0,4.55
601328.SH,2022-11-11,0.0,4.55,4.56,4.55,124.0,56564.0,4.55
601328.SH,2022-11-11,0.0,4.56,4.56,4.55,765.0,348768.0,4.55
601328.SH,2022-11-11,0.0,4.55,4.56,4.55,311.0,141749.0,4.55
601328.SH,2022-11-11,0.0,4.55,4.56,4.55,441.0,201036.0,4.55
601328.SH,2022-11-11,0.0,4.55,4.56,4.55,908.0,413405.0,4.55
601328.SH,2022-11-11,0.0,4.55,4.56,4.55,417.0,189832.0,4.55
601328.SH,2022-11-11,0.0,4.55,4.56,4.55,1229.0,559496.0,4.55
601328.SH,2022-11-11,0.0,4.55,4.56,4.55,105.0,47826.0,4.55
601328.SH,2022-11-11,0.0,4.55,4.56,4.55,470.0,214297.0,4.55
601328.SH,2022-11-11,0.0,4.56,4.56,4.55,4169.0,1897240.0,4.55
601328.SH,2022-11-11,0.0,4.55,4.56,4.55,297.0,135263.0,4.55
601328.SH,2022-11-11,0.0,4.55,4.56,4.55,1227.0,558679.0,4.55
601328.SH,2022-11-11,0.0,4.55,4.56,4.55,647.0,294589.0,4.55
601328.SH,2022-11-11,0.0,4.55,4.56,4.55,775.0,352705.0,4.55
601328.SH,2022-11-11,0.0,4.55,4.56,4.55,1164.0,529825.0,4.55
601328.SH,2022-11-11,0.0,4.55,4.56,4.55,868.0,395107.0,4.55
601328.SH,2022-11-11,0.0,4.56,4.56,4.55,838.0,381484.0,4.55
601328.SH,2022-11-11,0.0,4.55,4.56,4.55,1093.0,497801.0,4.55
601328.SH,2022-11-11,0.0,4.55,4.56,4.55,1463.0,666356.0,4.55
601328.SH,2022-11-11,0.0,4.56,4.56,4.55,871.0,396677.0,4.55
601328.SH,2022-11-11,0.0,4.55,4.56,4.55,7879.0,3585050.0,4.55
601328.SH,2022-11-11,0.0,4.56,4.56,4.55,1857.0,845031.0,4.55
601328.SH,2022-11-11,0.0,4.55,4.56,4.55,1712.0,779056.0,4.55
601328.SH,2022-11-11,0.0,4.55,4.56,4.55,1464.0,667211.0,4.55
601328.SH,2022-11-11,0.0,4.55,4.56,4.55,519.0,236265.0,4.55
601328.SH,2022-11-11,0.0,4.55,4.56,4.55,644.0,293029.0,4.55
601328.SH,2022-11-11,0.0,4.55,4.56,4.55,1294.0,589331.0,4.55
601328.SH,2022-11-11,0.0,4.55,4.56,4.55,1114.0,507228.0,4.55
601328.SH,2022-11-11,0.0,4.55,4.56,4.55,1166.0,530753.0,4.55
601328.SH,2022-11-11,0.0,4.55,4.56,4.55,721.0,328203.0,4.55
601328.SH,2022-11-11,0.0,4.55,4.56,4.55,896.0,407917.0,4.55
601328.SH,2022-11-11,0.0,4.55,4.56,4.55,600.0,273384.0,4.55
601328.SH,2022-11-11,0.0,4.56,4.56,4.55,1338.0,609796.0,4.55
601328.SH,2022-11-11,0.0,4.56,4.56,4.55,2489.0,1134920.0,4.55
601328.SH,2022-11-11,0.0,4.55,4.56,4.55,757.0,345090.0,4.55
601328.SH,2022-11-11,0.0,4.55,4.56,4.55,954.0,434328.0,4.55
601328.SH,2022-11-11,0.0,4.55,4.56,4.55,3709.0,1690810.0,4.55
601328.SH,2022-11-11,0.0,4.55,4.56,4.55,508.0,231282.0,4.55
601328.SH,2022-11-11,0.0,4.56,4.56,4.55,2534.0,1154390.0,4.55
601328.SH,2022-11-11,0.0,4.56,4.56,4.55,879.0,400815.0,4.55
601328.SH,2022-11-11,0.0,4.56,4.56,4.56,10.0,4560.0,4.55
601328.SH,2022-11-11,0.0,4.55,4.56,4.55,853.0,388149.0,4.55
601328.SH,2022-11-11,0.0,4.56,4.56,4.55,237.0,107982.0,4.55
601328.SH,2022-11-11,0.0,4.56,4.56,4.55,105.0,47780.0,4.55
601328.SH,2022-11-11,0.0,4.55,4.56,4.55,262.0,119468.0,4.55
601328.SH,2022-11-11,0.0,4.56,4.56,4.55,1850.0,843116.0,4.55
601328.SH,2022-11-11,0.0,4.55,4.56,4.55,2160.0,982804.0,4.55
601328.SH,2022-11-11,0.0,4.55,4.56,4.55,85.0,38757.0,4.55
601328.SH,2022-11-11,0.0,4.56,4.56,4.55,308.0,140377.0,4.55
601328.SH,2022-11-11,0.0,4.55,4.56,4.55,2121.0,966930.0,4.55
601328.SH,2022-11-11,0.0,4.56,4.56,4.55,400.0,182399.0,4.55
601328.SH,2022-11-11,0.0,4.55,4.56,4.55,1940.0,884203.0,4.55
601328.SH,2022-11-11,0.0,4.56,4.56,4.55,222.0,101030.0,4.55
601328.SH,2022-11-11,0.0,4.56,4.56,4.55,803.0,365808.0,4.55
601328.SH,2022-11-11,0.0,4.56,4.56,4.55,1633.0,744568.0,4.55
601328.SH,2022-11-11,0.0,4.55,4.56,4.55,415.0,188907.0,4.55
601328.SH,2022-11-11,0.0,4.55,4.56,4.55,2265.0,1032360.0,4.55
601328.SH,2022-11-11,0.0,4.56,4.56,4.55,8795.0,4010310.0,4.551
601328.SH,2022-11-11,0.0,4.55,4.56,4.55,485.0,221033.0,4.551
601328.SH,2022-11-11,0.0,4.56,4.56,4.55,727.0,331412.0,4.551
601328.SH,2022-11-11,0.0,4.56,4.56,4.55,2087.0,951665.0,4.551
601328.SH,2022-11-11,0.0,4.56,4.56,4.55,25514.0,11633200.0,4.551
601328.SH,2022-11-11,0.0,4.57,4.57,4.56,27343.0,12468600.0,4.552
601328.SH,2022-11-11,0.0,4.57,4.57,4.56,502.0,229299.0,4.552
601328.SH,2022-11-11,0.0,4.56,4.57,4.56,894.0,407976.0,4.552
601328.SH,2022-11-11,0.0,4.57,4.57,4.56,797.0,364195.0,4.552
601328.SH,2022-11-11,0.0,4.57,4.57,4.56,2639.0,1205420.0,4.552
601328.SH,2022-11-11,0.0,4.56,4.57,4.56,5964.0,2725360.0,4.552
601328.SH,2022-11-11,0.0,4.57,4.57,4.56,13950.0,6375200.0,4.553
601328.SH,2022-11-11,0.0,4.58,4.58,4.57,35054.0,16022000.0,4.554
601328.SH,2022-11-11,0.0,4.58,4.58,4.57,12269.0,5609490.0,4.554
601328.SH,2022-11-11,0.0,4.58,4.58,4.57,2333.0,1068390.0,4.554
601328.SH,2022-11-11,0.0,4.58,4.58,4.57,3656.0,1674390.0,4.554
601328.SH,2022-11-11,0.0,4.58,4.58,4.57,6179.0,2828890.0,4.555
601328.SH,2022-11-11,0.0,4.57,4.58,4.57,1792.0,819806.0,4.555
601328.SH,2022-11-11,0.0,4.57,4.58,4.57,1747.0,799503.0,4.555
601328.SH,2022-11-11,0.0,4.58,4.58,4.57,1049.0,480124.0,4.555
601328.SH,2022-11-11,0.0,4.58,4.58,4.57,1495.0,684261.0,4.555
601328.SH,2022-11-11,0.0,4.57,4.58,4.57,790.0,361322.0,4.555
601328.SH,2022-11-11,0.0,4.58,4.58,4.57,1857.0,850020.0,4.555
601328.SH,2022-11-11,0.0,4.57,4.58,4.57,2576.0,1179180.0,4.555
601328.SH,2022-11-11,0.0,4.57,4.57,4.57,1034.0,472538.0,4.555
601328.SH,2022-11-11,0.0,4.57,4.58,4.57,462.0,211440.0,4.555
601328.SH,2022-11-11,0.0,4.57,4.57,4.57,3884.0,1774990.0,4.555
601328.SH,2022-11-11,0.0,4.58,4.58,4.57,2407.0,1100900.0,4.555
601328.SH,2022-11-11,0.0,4.57,4.58,4.57,1578.0,722504.0,4.555
601328.SH,2022-11-11,0.0,4.57,4.58,4.57,3165.0,1448540.0,4.555
601328.SH,2022-11-11,0.0,4.58,4.58,4.57,3635.0,1664480.0,4.556
601328.SH,2022-11-11,0.0,4.58,4.58,4.57,2350.0,1076010.0,4.556
601328.SH,2022-11-11,0.0,4.58,4.58,4.57,4076.0,1865700.0,4.556
601328.SH,2022-11-11,0.0,4.59,4.59,4.58,34015.0,15579700.0,4.557
601328.SH,2022-11-11,0.0,4.59,4.59,4.58,4911.0,2253500.0,4.557
601328.SH,2022-11-11,0.0,4.59,4.59,4.58,1127.0,516675.0,4.557
601328.SH,2022-11-11,0.0,4.59,4.59,4.58,3770.0,1729880.0,4.558
601328.SH,2022-11-11,0.0,4.58,4.59,4.58,1343.0,615801.0,4.558
601328.SH,2022-11-11,0.0,4.58,4.59,4.58,984.0,451033.0,4.558
601328.SH,2022-11-11,0.0,4.59,4.59,4.58,6149.0,2821310.0,4.558
601328.SH,2022-11-11,0.0,4.58,4.59,4.58,2924.0,1341900.0,4.558
601328.SH,2022-11-11,0.0,4.59,4.59,4.58,7050.0,3235850.0,4.559
601328.SH,2022-11-11,0.0,4.59,4.59,4.58,8228.0,3776330.0,4.559
601328.SH,2022-11-11,0.0,4.58,4.59,4.58,5058.0,2321440.0,4.559
601328.SH,2022-11-11,0.0,4.59,4.59,4.58,2749.0,1261660.0,4.559
601328.SH,2022-11-11,0.0,4.59,4.59,4.58,8705.0,3995240.0,4.56
601328.SH,2022-11-11,0.0,4.6,4.6,4.58,25876.0,11880100.0,4.561
601328.SH,2022-11-11,0.0,4.6,4.6,4.59,6245.0,2871990.0,4.561
601328.SH,2022-11-11,0.0,4.59,4.6,4.59,3687.0,1694390.0,4.561
601328.SH,2022-11-11,0.0,4.59,4.6,4.59,4565.0,2095970.0,4.562
601328.SH,2022-11-11,0.0,4.59,4.6,4.59,5006.0,2297890.0,4.562
601328.SH,2022-11-11,0.0,4.59,4.6,4.58,8590.0,3942660.0,4.562
601328.SH,2022-11-11,0.0,4.59,4.59,4.58,3563.0,1633050.0,4.562
601328.SH,2022-11-11,0.0,4.59,4.59,4.58,1656.0,759199.0,4.562
601328.SH,2022-11-11,0.0,4.59,4.59,4.58,837.0,383520.0,4.562
601328.SH,2022-11-11,0.0,4.58,4.59,4.58,899.0,411814.0,4.562
601328.SH,2022-11-11,0.0,4.59,4.59,4.58,3382.0,1551870.0,4.562
601328.SH,2022-11-11,0.0,4.58,4.59,4.58,3426.0,1571940.0,4.562
601328.SH,2022-11-11,0.0,4.58,4.59,4.58,2818.0,1291040.0,4.563
601328.SH,2022-11-11,0.0,4.59,4.59,4.58,1009.0,462377.0,4.563
601328.SH,2022-11-11,0.0,4.59,4.59,4.58,1656.0,759950.0,4.563
601328.SH,2022-11-11,0.0,4.59,4.59,4.58,1043.0,478431.0,4.563
601328.SH,2022-11-11,0.0,4.59,4.59,4.58,2714.0,1245110.0,4.563
601328.SH,2022-11-11,0.0,4.58,4.59,4.58,490.0,224843.0,4.563
601328.SH,2022-11-11,0.0,4.59,4.59,4.58,1480.0,678359.0,4.563
601328.SH,2022-11-11,0.0,4.59,4.59,4.58,1301.0,596283.0,4.563
601328.SH,2022-11-11,0.0,4.59,4.59,4.58,1400.0,642016.0,4.563
601328.SH,2022-11-11,0.0,4.59,4.59,4.58,1899.0,871050.0,4.563
601328.SH,2022-11-11,0.0,4.58,4.59,4.58,1665.0,763477.0,4.563
601328.SH,2022-11-11,0.0,4.59,4.59,4.58,2073.0,949993.0,4.563
601328.SH,2022-11-11,0.0,4.58,4.59,4.58,1279.0,586312.0,4.563
601328.SH,2022-11-11,0.0,4.58,4.58,4.58,7968.0,3650070.0,4.563
601328.SH,2022-11-11,0.0,4.58,4.59,4.58,1885.0,864427.0,4.563
601328.SH,2022-11-11,0.0,4.59,4.59,4.58,6032.0,2764570.0,4.563
601328.SH,2022-11-11,0.0,4.59,4.59,4.58,3396.0,1557180.0,4.564
601328.SH,2022-11-11,0.0,4.58,4.59,4.58,1724.0,790120.0,4.564
601328.SH,2022-11-11,0.0,4.58,4.59,4.57,20885.0,9565430.0,4.564
601328.SH,2022-11-11,0.0,4.58,4.58,4.57,407.0,186098.0,4.564
601328.SH,2022-11-11,0.0,4.58,4.58,4.57,6026.0,2753970.0,4.564
601328.SH,2022-11-11,0.0,4.58,4.58,4.57,2951.0,1348780.0,4.564
601328.SH,2022-11-11,0.0,4.58,4.58,4.57,1376.0,628983.0,4.564
601328.SH,2022-11-11,0.0,4.58,4.58,4.57,2058.0,940597.0,4.564
601328.SH,2022-11-11,0.0,4.57,4.58,4.57,2650.0,1211400.0,4.564
601328.SH,2022-11-11,0.0,4.58,4.58,4.57,3000.0,1373180.0,4.564
601328.SH,2022-11-11,0.0,4.57,4.58,4.57,3128.0,1431220.0,4.564
601328.SH,2022-11-11,0.0,4.58,4.58,4.57,4215.0,1928190.0,4.564
601328.SH,2022-11-11,0.0,4.58,4.58,4.57,3384.0,1549680.0,4.564
601328.SH,2022-11-11,0.0,4.58,4.58,4.57,3673.0,1681800.0,4.564
601328.SH,2022-11-11,0.0,4.57,4.58,4.57,6682.0,3058610.0,4.565
601328.SH,2022-11-11,0.0,4.58,4.58,4.57,3445.0,1577550.0,4.565
601328.SH,2022-11-11,0.0,4.58,4.58,4.57,6847.0,3135120.0,4.565
601328.SH,2022-11-11,0.0,4.58,4.58,4.57,3486.0,1595530.0,4.565
601328.SH,2022-11-11,0.0,4.58,4.58,4.57,3577.0,1637990.0,4.565
601328.SH,2022-11-11,0.0,4.57,4.58,4.57,7605.0,3481970.0,4.565
601328.SH,2022-11-11,0.0,4.58,4.58,4.57,4115.0,1882670.0,4.565
601328.SH,2022-11-11,0.0,4.58,4.58,4.57,7922.0,3625670.0,4.565
601328.SH,2022-11-11,0.0,4.58,4.58,4.57,7221.0,3307210.0,4.565
601328.SH,2022-11-11,0.0,4.57,4.58,4.57,2276.0,1041280.0,4.565
601328.SH,2022-11-11,0.0,4.58,4.58,4.58,800.0,366400.0,4.565
601328.SH,2022-11-11,0.0,4.58,4.58,4.58,0.0,0.0,4.565
601328.SH,2022-11-11,0.0,4.58,4.58,4.58,6698.0,3067680.0,4.565
601328.SH,2022-11-14,0.0,4.59,4.59,4.59,6387.0,2931630.0,4.59
601328.SH,2022-11-14,0.0,4.6,4.6,4.58,36690.0,16858200.0,4.594
601328.SH,2022-11-14,0.0,4.61,4.61,4.6,30004.0,13810700.0,4.598
601328.SH,2022-11-14,0.0,4.61,4.62,4.6,30487.0,14053400.0,4.601
601328.SH,2022-11-14,0.0,4.61,4.62,4.6,13223.0,6099260.0,4.603
601328.SH,2022-11-14,0.0,4.61,4.62,4.6,10828.0,4991740.0,4.603
601328.SH,2022-11-14,0.0,4.61,4.61,4.6,15818.0,7289750.0,4.604
601328.SH,2022-11-14,0.0,4.61,4.62,4.61,7015.0,3236090.0,4.604
601328.SH,2022-11-14,0.0,4.62,4.62,4.61,2974.0,1372640.0,4.604
601328.SH,2022-11-14,0.0,4.61,4.62,4.61,5953.0,2746080.0,4.605
601328.SH,2022-11-14,0.0,4.61,4.62,4.61,6400.0,2953710.0,4.605
601328.SH,2022-11-14,0.0,4.61,4.62,4.61,5283.0,2437870.0,4.605
601328.SH,2022-11-14,0.0,4.61,4.62,4.61,3145.0,1450320.0,4.606
601328.SH,2022-11-14,0.0,4.62,4.62,4.61,4722.0,2177260.0,4.606
601328.SH,2022-11-14,0.0,4.61,4.62,4.61,1881.0,867908.0,4.606
601328.SH,2022-11-14,0.0,4.61,4.62,4.61,2645.0,1220370.0,4.606
601328.SH,2022-11-14,0.0,4.6,4.62,4.6,36104.0,16642400.0,4.607
601328.SH,2022-11-14,0.0,4.6,4.61,4.6,1158.0,533420.0,4.607
601328.SH,2022-11-14,0.0,4.61,4.61,4.6,2080.0,958632.0,4.607
601328.SH,2022-11-14,0.0,4.61,4.61,4.6,2792.0,1286520.0,4.607
601328.SH,2022-11-14,0.0,4.6,4.61,4.6,2755.0,1268570.0,4.607
601328.SH,2022-11-14,0.0,4.61,4.61,4.6,2190.0,1008110.0,4.607
601328.SH,2022-11-14,0.0,4.6,4.61,4.6,2348.0,1081550.0,4.607
601328.SH,2022-11-14,0.0,4.6,4.61,4.6,2435.0,1121440.0,4.606
601328.SH,2022-11-14,0.0,4.6,4.61,4.6,7300.0,3359710.0,4.606
601328.SH,2022-11-14,0.0,4.6,4.61,4.6,1722.0,792987.0,4.606
601328.SH,2022-11-14,0.0,4.6,4.61,4.6,3882.0,1787920.0,4.606
601328.SH,2022-11-14,0.0,4.61,4.61,4.6,3469.0,1597930.0,4.606
601328.SH,2022-11-14,0.0,4.6,4.61,4.6,2218.0,1020600.0,4.606
601328.SH,2022-11-14,0.0,4.61,4.61,4.6,1283.0,591156.0,4.606
601328.SH,2022-11-14,0.0,4.6,4.61,4.6,16103.0,7411550.0,4.606
601328.SH,2022-11-14,0.0,4.61,4.61,4.6,4294.0,1978680.0,4.606
601328.SH,2022-11-14,0.0,4.6,4.61,4.6,2522.0,1161250.0,4.606
601328.SH,2022-11-14,0.0,4.6,4.61,4.6,1482.0,682428.0,4.606
601328.SH,2022-11-14,0.0,4.61,4.61,4.6,1449.0,667523.0,4.606
601328.SH,2022-11-14,0.0,4.6,4.61,4.6,1397.0,643515.0,4.606
601328.SH,2022-11-14,0.0,4.6,4.61,4.6,5503.0,2535900.0,4.606
601328.SH,2022-11-14,0.0,4.6,4.61,4.6,918.0,422880.0,4.606
601328.SH,2022-11-14,0.0,4.61,4.61,4.6,4690.0,2157700.0,4.606
601328.SH,2022-11-14,0.0,4.6,4.61,4.6,2770.0,1275880.0,4.606
601328.SH,2022-11-14,0.0,4.6,4.61,4.6,4450.0,2047810.0,4.606
601328.SH,2022-11-14,0.0,4.6,4.61,4.6,3776.0,1737970.0,4.606
601328.SH,2022-11-14,0.0,4.61,4.61,4.6,2845.0,1311070.0,4.606
601328.SH,2022-11-14,0.0,4.6,4.61,4.6,994.0,457676.0,4.606
601328.SH,2022-11-14,0.0,4.6,4.61,4.6,9112.0,4192130.0,4.606
601328.SH,2022-11-14,0.0,4.6,4.61,4.6,3223.0,1484000.0,4.606
601328.SH,2022-11-14,0.0,4.6,4.61,4.6,1844.0,848960.0,4.606
601328.SH,2022-11-14,0.0,4.6,4.61,4.6,22192.0,10208700.0,4.605
601328.SH,2022-11-14,0.0,4.61,4.61,4.59,4261.0,1960480.0,4.605
601328.SH,2022-11-14,0.0,4.6,4.61,4.6,1059.0,487609.0,4.605
601328.SH,2022-11-14,0.0,4.6,4.61,4.6,2116.0,973990.0,4.605
601328.SH,2022-11-14,0.0,4.6,4.61,4.6,1227.0,564684.0,4.605
601328.SH,2022-11-14,0.0,4.61,4.61,4.6,4518.0,2082340.0,4.605
601328.SH,2022-11-14,0.0,4.6,4.61,4.6,794.0,365347.0,4.605
601328.SH,2022-11-14,0.0,4.6,4.61,4.6,326.0,150060.0,4.605
601328.SH,2022-11-14,0.0,4.6,4.61,4.6,3012.0,1386840.0,4.605
601328.SH,2022-11-14,0.0,4.6,4.61,4.6,2418.0,1113080.0,4.605
601328.SH,2022-11-14,0.0,4.6,4.61,4.6,8905.0,4096630.0,4.605
601328.SH,2022-11-14,0.0,4.61,4.61,4.6,4153.0,1911070.0,4.605
601328.SH,2022-11-14,0.0,4.6,4.61,4.59,2362.0,1086050.0,4.605
601328.SH,2022-11-14,0.0,4.6,4.61,4.59,3188.0,1467510.0,4.605
601328.SH,2022-11-14,0.0,4.61,4.61,4.6,2545.0,1172580.0,4.605
601328.SH,2022-11-14,0.0,4.6,4.61,4.6,3875.0,1782960.0,4.605
601328.SH,2022-11-14,0.0,4.6,4.61,4.6,3444.0,1587030.0,4.605
601328.SH,2022-11-14,0.0,4.6,4.61,4.6,696.0,320650.0,4.605
601328.SH,2022-11-14,0.0,4.61,4.61,4.6,1125.0,518095.0,4.605
601328.SH,2022-11-14,0.0,4.61,4.61,4.6,1498.0,689727.0,4.605
601328.SH,2022-11-14,0.0,4.61,4.61,4.6,1762.0,811761.0,4.605
601328.SH,2022-11-14,0.0,4.61,4.61,4.6,5368.0,2473430.0,4.605
601328.SH,2022-11-14,0.0,4.61,4.61,4.6,2798.0,1287980.0,4.605
601328.SH,2022-11-14,0.0,4.6,4.61,4.6,792.0,364599.0,4.605
601328.SH,2022-11-14,0.0,4.6,4.61,4.6,974.0,448593.0,4.605
601328.SH,2022-11-14,0.0,4.61,4.61,4.6,13617.0,6276200.0,4.605
601328.SH,2022-11-14,0.0,4.61,4.61,4.6,8334.0,3841460.0,4.605
601328.SH,2022-11-14,0.0,4.6,4.61,4.6,734.0,338077.0,4.605
601328.SH,2022-11-14,0.0,4.6,4.61,4.6,1099.0,506264.0,4.605
601328.SH,2022-11-14,0.0,4.61,4.61,4.6,2304.0,1061400.0,4.605
601328.SH,2022-11-14,0.0,4.6,4.61,4.6,1757.0,809685.0,4.605
601328.SH,2022-11-14,0.0,4.61,4.61,4.6,523.0,240829.0,4.605
601328.SH,2022-11-14,0.0,4.6,4.61,4.6,1165.0,536821.0,4.605
601328.SH,2022-11-14,0.0,4.61,4.61,4.6,1662.0,765694.0,4.605
601328.SH,2022-11-14,0.0,4.6,4.61,4.6,2946.0,1357860.0,4.605
601328.SH,2022-11-14,0.0,4.6,4.61,4.6,1845.0,849462.0,4.605
601328.SH,2022-11-14,0.0,4.6,4.61,4.6,961.0,442471.0,4.605
601328.SH,2022-11-14,0.0,4.61,4.61,4.6,6068.0,2796480.0,4.605
601328.SH,2022-11-14,0.0,4.61,4.61,4.6,4243.0,1955930.0,4.606
601328.SH,2022-11-14,0.0,4.6,4.61,4.6,4689.0,2161190.0,4.606
601328.SH,2022-11-14,0.0,4.62,4.62,4.61,30705.0,14155700.0,4.606
601328.SH,2022-11-14,0.0,4.61,4.62,4.61,1296.0,598368.0,4.606
601328.SH,2022-11-14,0.0,4.62,4.62,4.61,2216.0,1023450.0,4.606
601328.SH,2022-11-14,0.0,4.62,4.62,4.61,542.0,250240.0,4.606
601328.SH,2022-11-14,0.0,4.62,4.62,4.61,1707.0,787187.0,4.606
601328.SH,2022-11-14,0.0,4.62,4.62,4.61,1421.0,656313.0,4.606
601328.SH,2022-11-14,0.0,4.62,4.62,4.61,2004.0,924732.0,4.606
601328.SH,2022-11-14,0.0,4.61,4.62,4.61,1556.0,718506.0,4.606
601328.SH,2022-11-14,0.0,4.62,4.62,4.61,1249.0,576540.0,4.606
601328.SH,2022-11-14,0.0,4.62,4.62,4.61,2363.0,1090840.0,4.606
601328.SH,2022-11-14,0.0,4.62,4.62,4.61,2583.0,1192510.0,4.606
601328.SH,2022-11-14,0.0,4.61,4.62,4.61,699.0,322756.0,4.606
601328.SH,2022-11-14,0.0,4.62,4.62,4.61,1145.0,527985.0,4.606
601328.SH,2022-11-14,0.0,4.61,4.62,4.61,880.0,406051.0,4.606
601328.SH,2022-11-14,0.0,4.62,4.62,4.61,896.0,413147.0,4.606
601328.SH,2022-11-14,0.0,4.62,4.62,4.61,1731.0,799542.0,4.606
601328.SH,2022-11-14,0.0,4.61,4.62,4.61,853.0,393981.0,4.606
601328.SH,2022-11-14,0.0,4.62,4.62,4.61,684.0,315677.0,4.606
601328.SH,2022-11-14,0.0,4.62,4.62,4.61,3904.0,1802760.0,4.606
601328.SH,2022-11-14,0.0,4.62,4.62,4.61,6717.0,3102460.0,4.607
601328.SH,2022-11-14,0.0,4.61,4.62,4.61,1113.0,513833.0,4.607
601328.SH,2022-11-14,0.0,4.61,4.62,4.61,876.0,404493.0,4.607
601328.SH,2022-11-14,0.0,4.62,4.62,4.61,944.0,435761.0,4.607
601328.SH,2022-11-14,0.0,4.61,4.62,4.61,976.0,450499.0,4.607
601328.SH,2022-11-14,0.0,4.61,4.62,4.61,1338.0,617321.0,4.607
601328.SH,2022-11-14,0.0,4.62,4.62,4.61,654.0,302080.0,4.607
601328.SH,2022-11-14,0.0,4.62,4.62,4.61,1430.0,659976.0,4.607
601328.SH,2022-11-14,0.0,4.62,4.62,4.61,16211.0,7489180.0,4.607
601328.SH,2022-11-14,0.0,4.61,4.62,4.61,959.0,442876.0,4.607
601328.SH,2022-11-14,0.0,4.62,4.62,4.61,2674.0,1235240.0,4.607
601328.SH,2022-11-14,0.0,4.61,4.62,4.61,1419.0,655094.0,4.607
601328.SH,2022-11-14,0.0,4.62,4.62,4.61,861.0,397669.0,4.607
601328.SH,2022-11-14,0.0,4.61,4.62,4.61,650.0,300169.0,4.607
601328.SH,2022-11-14,0.0,4.62,4.62,4.61,1390.0,641259.0,4.607
601328.SH,2022-11-14,0.0,4.62,4.62,4.61,5329.0,2459500.0,4.607
601328.SH,2022-11-14,0.0,4.61,4.62,4.61,1552.0,716500.0,4.607
601328.SH,2022-11-14,0.0,4.62,4.62,4.61,2709.0,1249040.0,4.607
601328.SH,2022-11-14,0.0,4.61,4.62,4.6,23086.0,10642200.0,4.607
601328.SH,2022-11-14,0.0,4.6,4.61,4.6,213.0,98031.0,4.607
601328.SH,2022-11-14,0.0,4.6,4.61,4.6,330.0,152061.0,4.607
601328.SH,2022-11-14,0.0,4.6,4.61,4.6,490.0,225516.0,4.607
601328.SH,2022-11-14,0.0,4.6,4.61,4.6,931.0,428519.0,4.607
601328.SH,2022-11-14,0.0,4.6,4.61,4.6,594.0,273608.0,4.607
601328.SH,2022-11-14,0.0,4.6,4.61,4.6,696.0,320621.0,4.607
601328.SH,2022-11-14,0.0,4.6,4.61,4.6,3061.0,1408300.0,4.607
601328.SH,2022-11-14,0.0,4.6,4.61,4.6,1556.0,716158.0,4.607
601328.SH,2022-11-14,0.0,4.6,4.61,4.6,2274.0,1046690.0,4.607
601328.SH,2022-11-14,0.0,4.6,4.61,4.6,6121.0,2821080.0,4.607
601328.SH,2022-11-14,0.0,4.61,4.61,4.6,865.0,398310.0,4.607
601328.SH,2022-11-14,0.0,4.61,4.61,4.6,871.0,401273.0,4.607
601328.SH,2022-11-14,0.0,4.6,4.61,4.6,470.0,216468.0,4.607
601328.SH,2022-11-14,0.0,4.6,4.61,4.6,4471.0,2058820.0,4.607
601328.SH,2022-11-14,0.0,4.6,4.61,4.6,517.0,238220.0,4.607
601328.SH,2022-11-14,0.0,4.61,4.61,4.6,1175.0,541520.0,4.607
601328.SH,2022-11-14,0.0,4.61,4.61,4.6,991.0,456616.0,4.607
601328.SH,2022-11-14,0.0,4.61,4.61,4.6,1160.0,534480.0,4.607
601328.SH,2022-11-14,0.0,4.6,4.61,4.6,1876.0,863614.0,4.607
601328.SH,2022-11-14,0.0,4.6,4.61,4.6,1118.0,515113.0,4.607
601328.SH,2022-11-14,0.0,4.6,4.61,4.6,782.0,360063.0,4.607
601328.SH,2022-11-14,0.0,4.6,4.61,4.6,1155.0,531978.0,4.607
601328.SH,2022-11-14,0.0,4.61,4.61,4.6,1785.0,821703.0,4.607
601328.SH,2022-11-14,0.0,4.6,4.61,4.6,5351.0,2461890.0,4.607
601328.SH,2022-11-14,0.0,4.59,4.6,4.59,16811.0,7729830.0,4.607
601328.SH,2022-11-14,0.0,4.6,4.6,4.59,2760.0,1268330.0,4.607
601328.SH,2022-11-14,0.0,4.6,4.6,4.59,5438.0,2498920.0,4.607
601328.SH,2022-11-14,0.0,4.6,4.6,4.59,4369.0,2009630.0,4.607
601328.SH,2022-11-14,0.0,4.59,4.6,4.59,1174.0,539548.0,4.607
601328.SH,2022-11-14,0.0,4.6,4.6,4.59,4806.0,2210640.0,4.607
601328.SH,2022-11-14,0.0,4.6,4.6,4.59,2976.0,1367420.0,4.607
601328.SH,2022-11-14,0.0,4.59,4.6,4.59,1284.0,589447.0,4.607
601328.SH,2022-11-14,0.0,4.6,4.6,4.59,1422.0,653666.0,4.607
601328.SH,2022-11-14,0.0,4.59,4.6,4.59,1528.0,701576.0,4.607
601328.SH,2022-11-14,0.0,4.59,4.6,4.59,1744.0,800829.0,4.607
601328.SH,2022-11-14,0.0,4.59,4.6,4.59,795.0,365174.0,4.607
601328.SH,2022-11-14,0.0,4.59,4.6,4.59,13837.0,6360800.0,4.606
601328.SH,2022-11-14,0.0,4.59,4.6,4.59,4892.0,2247180.0,4.606
601328.SH,2022-11-14,0.0,4.59,4.6,4.59,676.0,310353.0,4.606
601328.SH,2022-11-14,0.0,4.59,4.6,4.59,4058.0,1862690.0,4.606
601328.SH,2022-11-14,0.0,4.59,4.6,4.59,5299.0,2435540.0,4.606
601328.SH,2022-11-14,0.0,4.59,4.6,4.59,3596.0,1653610.0,4.606
601328.SH,2022-11-14,0.0,4.6,4.6,4.59,1878.0,862137.0,4.606
601328.SH,2022-11-14,0.0,4.59,4.6,4.59,2947.0,1354740.0,4.606
601328.SH,2022-11-14,0.0,4.6,4.6,4.59,1343.0,616821.0,4.606
601328.SH,2022-11-14,0.0,4.6,4.6,4.59,867.0,398693.0,4.606
601328.SH,2022-11-14,0.0,4.59,4.6,4.59,1668.0,767202.0,4.606
601328.SH,2022-11-14,0.0,4.6,4.6,4.59,738.0,339281.0,4.606
601328.SH,2022-11-14,0.0,4.59,4.6,4.59,1551.0,712432.0,4.606
601328.SH,2022-11-14,0.0,4.6,4.6,4.59,2520.0,1157680.0,4.606
601328.SH,2022-11-14,0.0,4.59,4.6,4.59,3684.0,1691230.0,4.606
601328.SH,2022-11-14,0.0,4.6,4.6,4.59,7787.0,3575000.0,4.606
601328.SH,2022-11-14,0.0,4.59,4.6,4.59,5314.0,2444000.0,4.606
601328.SH,2022-11-14,0.0,4.6,4.6,4.59,1902.0,874850.0,4.606
601328.SH,2022-11-14,0.0,4.59,4.6,4.59,3773.0,1734160.0,4.606
601328.SH,2022-11-14,0.0,4.6,4.6,4.59,188.0,86384.0,4.606
601328.SH,2022-11-14,0.0,4.6,4.6,4.59,3167.0,1455230.0,4.606
601328.SH,2022-11-14,0.0,4.59,4.6,4.59,1251.0,574454.0,4.605
601328.SH,2022-11-14,0.0,4.6,4.6,4.59,3350.0,1540660.0,4.605
601328.SH,2022-11-14,0.0,4.6,4.6,4.59,837.0,384934.0,4.605
601328.SH,2022-11-14,0.0,4.6,4.6,4.59,177.0,81350.0,4.605
601328.SH,2022-11-14,0.0,4.6,4.6,4.59,385.0,176952.0,4.605
601328.SH,2022-11-14,0.0,4.59,4.6,4.59,3673.0,1689120.0,4.605
601328.SH,2022-11-14,0.0,4.59,4.6,4.59,998.0,459016.0,4.605
601328.SH,2022-11-14,0.0,4.6,4.6,4.6,1228.0,564876.0,4.605
601328.SH,2022-11-14,0.0,4.6,4.6,4.59,3544.0,1630040.0,4.605
601328.SH,2022-11-14,0.0,4.61,4.61,4.6,11166.0,5138140.0,4.605
601328.SH,2022-11-14,0.0,4.61,4.61,4.6,314.0,144483.0,4.605
601328.SH,2022-11-14,0.0,4.6,4.61,4.6,529.0,243440.0,4.605
601328.SH,2022-11-14,0.0,4.61,4.61,4.6,1074.0,494309.0,4.605
601328.SH,2022-11-14,0.0,4.61,4.61,4.6,1593.0,732877.0,4.605
601328.SH,2022-11-14,0.0,4.6,4.61,4.6,4051.0,1863460.0,4.605
601328.SH,2022-11-14,0.0,4.6,4.6,4.59,2161.0,993961.0,4.605
601328.SH,2022-11-14,0.0,4.6,4.61,4.6,846.0,389423.0,4.605
601328.SH,2022-11-14,0.0,4.61,4.61,4.6,183.0,84285.0,4.605
601328.SH,2022-11-14,0.0,4.61,4.61,4.6,858.0,394760.0,4.605
601328.SH,2022-11-14,0.0,4.6,4.61,4.6,1188.0,546302.0,4.605
601328.SH,2022-11-14,0.0,4.6,4.6,4.59,6780.0,3118240.0,4.605
601328.SH,2022-11-14,0.0,4.61,4.61,4.6,4046.0,1861170.0,4.605
601328.SH,2022-11-14,0.0,4.6,4.61,4.6,2574.0,1184220.0,4.605
601328.SH,2022-11-14,0.0,4.6,4.61,4.6,2586.0,1190240.0,4.605
601328.SH,2022-11-14,0.0,4.6,4.61,4.6,2153.0,991973.0,4.605
601328.SH,2022-11-14,0.0,4.6,4.61,4.6,1245.0,573324.0,4.605
601328.SH,2022-11-14,0.0,4.6,4.61,4.6,463.0,213143.0,4.605
601328.SH,2022-11-14,0.0,4.6,4.61,4.6,1087.0,500190.0,4.605
601328.SH,2022-11-14,0.0,4.6,4.61,4.6,1758.0,808713.0,4.605
601328.SH,2022-11-14,0.0,4.6,4.61,4.59,4538.0,2085860.0,4.605
601328.SH,2022-11-14,0.0,4.6,4.61,4.6,2657.0,1222560.0,4.605
601328.SH,2022-11-14,0.0,4.61,4.61,4.6,2090.0,962797.0,4.605
601328.SH,2022-11-14,0.0,4.61,4.61,4.6,1203.0,553842.0,4.605
601328.SH,2022-11-14,0.0,4.6,4.61,4.6,5135.0,2363380.0,4.605
601328.SH,2022-11-14,0.0,4.6,4.61,4.6,2469.0,1136510.0,4.605
601328.SH,2022-11-14,0.0,4.61,4.61,4.6,3412.0,1570420.0,4.605
601328.SH,2022-11-14,0.0,4.6,4.61,4.59,2106.0,968474.0,4.605
601328.SH,2022-11-14,0.0,4.6,4.6,4.59,1382.0,635500.0,4.605
601328.SH,2022-11-14,0.0,4.6,4.6,4.59,1172.0,539073.0,4.605
601328.SH,2022-11-14,0.0,4.6,4.6,4.59,1246.0,572822.0,4.605
601328.SH,2022-11-14,0.0,4.6,4.6,4.6,530.0,243717.0,4.605
601328.SH,2022-11-14,0.0,4.6,4.6,4.59,2629.0,1208280.0,4.605
601328.SH,2022-11-14,0.0,4.59,4.6,4.59,2101.0,965284.0,4.605
601328.SH,2022-11-14,0.0,4.6,4.6,4.59,1392.0,639769.0,4.605
601328.SH,2022-11-14,0.0,4.6,4.6,4.59,3179.0,1462110.0,4.605
601328.SH,2022-11-14,0.0,4.6,4.6,4.59,962.0,441860.0,4.605
601328.SH,2022-11-14,0.0,4.59,4.6,4.59,405.0,186136.0,4.605
601328.SH,2022-11-14,0.0,4.59,4.6,4.59,1996.0,917006.0,4.605
601328.SH,2022-11-14,0.0,4.59,4.6,4.59,2238.0,1028230.0,4.605
601328.SH,2022-11-14,0.0,4.6,4.6,4.59,2226.0,1023730.0,4.605
601328.SH,2022-11-14,0.0,4.6,4.6,4.59,2797.0,1285620.0,4.605
601328.SH,2022-11-14,0.0,4.59,4.6,4.59,5295.0,2431710.0,4.605
601328.SH,2022-11-14,0.0,4.59,4.6,4.59,5238.0,2408730.0,4.605
601328.SH,2022-11-14,0.0,4.6,4.6,4.59,4070.0,1870090.0,4.605
601328.SH,2022-11-14,0.0,4.59,4.6,4.59,3448.0,1585180.0,4.605
601328.SH,2022-11-14,0.0,4.59,4.6,4.59,8381.0,3853620.0,4.605
601328.SH,2022-11-14,0.0,4.59,4.59,4.59,0.0,0.0,4.605
601328.SH,2022-11-14,0.0,4.59,4.59,4.59,0.0,0.0,4.605
601328.SH,2022-11-14,0.0,4.6,4.6,4.6,16447.0,7565620.0,4.604
601328.SH,2022-11-15,0.0,4.59,4.59,4.59,3134.0,1438510.0,4.59
601328.SH,2022-11-15,0.0,4.59,4.6,4.59,5515.0,2532050.0,4.591
601328.SH,2022-11-15,0.0,4.6,4.6,4.58,4191.0,1923780.0,4.591
601328.SH,2022-11-15,0.0,4.59,4.6,4.58,3011.0,1381600.0,4.59
601328.SH,2022-11-15,0.0,4.59,4.59,4.58,998.0,457415.0,4.59
601328.SH,2022-11-15,0.0,4.59,4.59,4.58,3887.0,1782740.0,4.589
601328.SH,2022-11-15,0.0,4.58,4.59,4.58,6176.0,2833380.0,4.589
601328.SH,2022-11-15,0.0,4.58,4.59,4.58,3955.0,1813400.0,4.588
601328.SH,2022-11-15,0.0,4.58,4.59,4.58,1093.0,500941.0,4.588
601328.SH,2022-11-15,0.0,4.58,4.59,4.58,4271.0,1959170.0,4.588
601328.SH,2022-11-15,0.0,4.59,4.6,4.58,8305.0,3810900.0,4.588
601328.SH,2022-11-15,0.0,4.59,4.6,4.59,810.0,371906.0,4.588
601328.SH,2022-11-15,0.0,4.6,4.6,4.59,739.0,339284.0,4.588
601328.SH,2022-11-15,0.0,4.59,4.6,4.59,472.0,216829.0,4.588
601328.SH,2022-11-15,0.0,4.6,4.6,4.59,1461.0,671338.0,4.589
601328.SH,2022-11-15,0.0,4.6,4.6,4.59,578.0,265469.0,4.589
601328.SH,2022-11-15,0.0,4.6,4.6,4.59,810.0,372189.0,4.589
601328.SH,2022-11-15,0.0,4.59,4.6,4.59,1563.0,717510.0,4.589
601328.SH,2022-11-15,0.0,4.59,4.6,4.59,1239.0,569385.0,4.589
601328.SH,2022-11-15,0.0,4.59,4.6,4.59,852.0,391590.0,4.589
601328.SH,2022-11-15,0.0,4.59,4.6,4.59,1775.0,816073.0,4.589
601328.SH,2022-11-15,0.0,4.6,4.6,4.59,840.0,386289.0,4.589
601328.SH,2022-11-15,0.0,4.6,4.6,4.59,4665.0,2145770.0,4.59
601328.SH,2022-11-15,0.0,4.61,4.61,4.6,19056.0,8768040.0,4.593
601328.SH,2022-11-15,0.0,4.61,4.61,4.6,912.0,419990.0,4.593
601328.SH,2022-11-15,0.0,4.6,4.61,4.6,607.0,279476.0,4.593
601328.SH,2022-11-15,0.0,4.6,4.61,4.6,3372.0,1553610.0,4.594
601328.SH,2022-11-15,0.0,4.61,4.61,4.6,1174.0,540680.0,4.594
601328.SH,2022-11-15,0.0,4.6,4.61,4.6,1318.0,607325.0,4.594
601328.SH,2022-11-15,0.0,4.6,4.61,4.6,2001.0,920894.0,4.594
601328.SH,2022-11-15,0.0,4.61,4.61,4.6,2447.0,1126360.0,4.595
601328.SH,2022-11-15,0.0,4.6,4.61,4.59,9260.0,4259040.0,4.595
601328.SH,2022-11-15,0.0,4.6,4.6,4.59,1416.0,650346.0,4.595
601328.SH,2022-11-15,0.0,4.6,4.6,4.59,2418.0,1112160.0,4.595
601328.SH,2022-11-15,0.0,4.6,4.61,4.59,3995.0,1837770.0,4.595
601328.SH,2022-11-15,0.0,4.6,4.61,4.6,2278.0,1049560.0,4.595
601328.SH,2022-11-15,0.0,4.61,4.61,4.6,2409.0,1109660.0,4.596
601328.SH,2022-11-15,0.0,4.6,4.61,4.6,1212.0,557644.0,4.596
601328.SH,2022-11-15,0.0,4.6,4.61,4.6,7922.0,3644590.0,4.596
601328.SH,2022-11-15,0.0,4.6,4.61,4.59,1644.0,756252.0,4.596
601328.SH,2022-11-15,0.0,4.6,4.61,4.6,1589.0,731120.0,4.596
601328.SH,2022-11-15,0.0,4.61,4.61,4.59,3390.0,1559740.0,4.596
601328.SH,2022-11-15,0.0,4.6,4.61,4.6,1971.0,907880.0,4.596
601328.SH,2022-11-15,0.0,4.6,4.61,4.6,2090.0,961843.0,4.597
601328.SH,2022-11-15,0.0,4.6,4.61,4.6,963.0,443012.0,4.597
601328.SH,2022-11-15,0.0,4.61,4.61,4.6,1564.0,720311.0,4.597
601328.SH,2022-11-15,0.0,4.6,4.61,4.6,1651.0,760273.0,4.597
601328.SH,2022-11-15,0.0,4.6,4.61,4.6,460.0,211786.0,4.597
601328.SH,2022-11-15,0.0,4.6,4.61,4.6,220.0,101299.0,4.597
601328.SH,2022-11-15,0.0,4.61,4.61,4.6,3927.0,1810280.0,4.597
601328.SH,2022-11-15,0.0,4.62,4.62,4.6,42312.0,19506000.0,4.6
601328.SH,2022-11-15,0.0,4.62,4.62,4.61,1317.0,607959.0,4.6
601328.SH,2022-11-15,0.0,4.61,4.62,4.61,676.0,312046.0,4.6
601328.SH,2022-11-15,0.0,4.62,4.62,4.61,1796.0,829505.0,4.601
601328.SH,2022-11-15,0.0,4.62,4.62,4.61,1191.0,549950.0,4.601
601328.SH,2022-11-15,0.0,4.62,4.62,4.61,483.0,222983.0,4.601
601328.SH,2022-11-15,0.0,4.62,4.62,4.61,1869.0,863229.0,4.601
601328.SH,2022-11-15,0.0,4.62,4.62,4.61,1837.0,848298.0,4.601
601328.SH,2022-11-15,0.0,4.61,4.62,4.61,1130.0,521269.0,4.601
601328.SH,2022-11-15,0.0,4.61,4.62,4.61,4658.0,2149820.0,4.601
601328.SH,2022-11-15,0.0,4.62,4.62,4.61,1197.0,552148.0,4.601
601328.SH,2022-11-15,0.0,4.61,4.62,4.61,661.0,304849.0,4.602
601328.SH,2022-11-15,0.0,4.61,4.62,4.61,1525.0,704179.0,4.602
601328.SH,2022-11-15,0.0,4.61,4.62,4.61,2861.0,1321200.0,4.602
601328.SH,2022-11-15,0.0,4.61,4.62,4.61,609.0,280959.0,4.602
601328.SH,2022-11-15,0.0,4.61,4.62,4.61,1884.0,869342.0,4.602
601328.SH,2022-11-15,0.0,4.61,4.62,4.61,4662.0,2152900.0,4.602
601328.SH,2022-11-15,0.0,4.62,4.62,4.61,5501.0,2540480.0,4.603
601328.SH,2022-11-15,0.0,4.61,4.62,4.61,573.0,264312.0,4.603
601328.SH,2022-11-15,0.0,4.62,4.62,4.61,1273.0,587312.0,4.603
601328.SH,2022-11-15,0.0,4.61,4.62,4.61,4322.0,1996450.0,4.603
601328.SH,2022-11-15,0.0,4.61,4.62,4.61,7452.0,3442360.0,4.604
601328.SH,2022-11-15,0.0,4.62,4.62,4.61,2277.0,1051750.0,4.604
601328.SH,2022-11-15,0.0,4.62,4.62,4.61,1371.0,632694.0,4.604
601328.SH,2022-11-15,0.0,4.62,4.62,4.61,880.0,405863.0,4.604
601328.SH,2022-11-15,0.0,4.61,4.62,4.61,1712.0,790374.0,4.604
601328.SH,2022-11-15,0.0,4.62,4.62,4.61,3623.0,1673310.0,4.604
601328.SH,2022-11-15,0.0,4.61,4.62,4.61,2987.0,1379620.0,4.604
601328.SH,2022-11-15,0.0,4.61,4.62,4.61,2027.0,935952.0,4.605
601328.SH,2022-11-15,0.0,4.62,4.62,4.61,1473.0,679475.0,4.605
601328.SH,2022-11-15,0.0,4.62,4.62,4.61,2163.0,998556.0,4.605
601328.SH,2022-11-15,0.0,4.61,4.62,4.61,3244.0,1497070.0,4.605
601328.SH,2022-11-15,0.0,4.61,4.62,4.61,2137.0,986815.0,4.605
601328.SH,2022-11-15,0.0,4.61,4.62,4.61,899.0,414987.0,4.605
601328.SH,2022-11-15,0.0,4.61,4.62,4.61,3764.0,1738050.0,4.605
601328.SH,2022-11-15,0.0,4.62,4.62,4.61,1704.0,786135.0,4.605
601328.SH,2022-11-15,0.0,4.61,4.62,4.61,1477.0,681635.0,4.605
601328.SH,2022-11-15,0.0,4.62,4.62,4.61,1861.0,858993.0,4.605
601328.SH,2022-11-15,0.0,4.62,4.62,4.61,1727.0,797361.0,4.605
601328.SH,2022-11-15,0.0,4.61,4.62,4.61,1640.0,756289.0,4.605
601328.SH,2022-11-15,0.0,4.62,4.62,4.61,4747.0,2189080.0,4.606
601328.SH,2022-11-15,0.0,4.62,4.62,4.61,15498.0,7158960.0,4.606
601328.SH,2022-11-15,0.0,4.62,4.62,4.61,2605.0,1203010.0,4.606
601328.SH,2022-11-15,0.0,4.61,4.62,4.61,1216.0,561450.0,4.606
601328.SH,2022-11-15,0.0,4.62,4.62,4.61,1060.0,489223.0,4.606
601328.SH,2022-11-15,0.0,4.62,4.62,4.61,213.0,98294.0,4.606
601328.SH,2022-11-15,0.0,4.62,4.62,4.61,709.0,327394.0,4.607
601328.SH,2022-11-15,0.0,4.62,4.62,4.61,3392.0,1566710.0,4.607
601328.SH,2022-11-15,0.0,4.61,4.62,4.61,716.0,330407.0,4.607
601328.SH,2022-11-15,0.0,4.62,4.62,4.61,1059.0,489041.0,4.607
601328.SH,2022-11-15,0.0,4.62,4.62,4.61,7747.0,3571680.0,4.607
601328.SH,2022-11-15,0.0,4.62,4.62,4.61,524.0,241725.0,4.607
601328.SH,2022-11-15,0.0,4.62,4.62,4.61,561.0,258963.0,4.607
601328.SH,2022-11-15,0.0,4.61,4.62,4.61,440.0,202995.0,4.607
601328.SH,2022-11-15,0.0,4.61,4.62,4.61,775.0,357353.0,4.607
601328.SH,2022-11-15,0.0,4.62,4.62,4.61,2375.0,1094940.0,4.607
601328.SH,2022-11-15,0.0,4.62,4.62,4.61,1536.0,708369.0,4.607
601328.SH,2022-11-15,0.0,4.61,4.62,4.61,1574.0,725642.0,4.607
601328.SH,2022-11-15,0.0,4.61,4.62,4.61,425.0,196111.0,4.607
601328.SH,2022-11-15,0.0,4.62,4.62,4.61,1440.0,664941.0,4.607
601328.SH,2022-11-15,0.0,4.62,4.62,4.61,2550.0,1175620.0,4.607
601328.SH,2022-11-15,0.0,4.62,4.62,4.61,689.0,318125.0,4.607
601328.SH,2022-11-15,0.0,4.61,4.62,4.61,16918.0,7804570.0,4.607
601328.SH,2022-11-15,0.0,4.62,4.62,4.61,10764.0,4962290.0,4.607
601328.SH,2022-11-15,0.0,4.62,4.62,4.61,525.0,242174.0,4.607
601328.SH,2022-11-15,0.0,4.61,4.62,4.61,832.0,383334.0,4.607
601328.SH,2022-11-15,0.0,4.61,4.62,4.61,2017.0,931098.0,4.607
601328.SH,2022-11-15,0.0,4.62,4.62,4.61,3102.0,1432900.0,4.608
601328.SH,2022-11-15,0.0,4.62,4.62,4.61,1294.0,597380.0,4.608
601328.SH,2022-11-15,0.0,4.61,4.62,4.61,657.0,303001.0,4.608
601328.SH,2022-11-15,0.0,4.62,4.62,4.61,348.0,160521.0,4.608
601328.SH,2022-11-15,0.0,4.62,4.62,4.61,7309.0,3372920.0,4.608
601328.SH,2022-11-15,0.0,4.61,4.62,4.61,1867.0,862283.0,4.608
601328.SH,2022-11-15,0.0,4.61,4.62,4.61,503.0,231910.0,4.608
601328.SH,2022-11-15,0.0,4.61,4.62,4.61,303.0,139798.0,4.608
601328.SH,2022-11-15,0.0,4.61,4.62,4.61,183.0,84365.0,4.608
601328.SH,2022-11-15,0.0,4.62,4.62,4.61,478.0,220491.0,4.608
601328.SH,2022-11-15,0.0,4.62,4.62,4.61,530.0,244583.0,4.608
601328.SH,2022-11-15,0.0,4.62,4.62,4.61,464.0,213992.0,4.608
601328.SH,2022-11-15,0.0,4.62,4.62,4.61,5002.0,2306500.0,4.608
601328.SH,2022-11-15,0.0,4.61,4.62,4.61,821.0,378967.0,4.608
601328.SH,2022-11-15,0.0,4.62,4.62,4.61,696.0,321430.0,4.608
601328.SH,2022-11-15,0.0,4.62,4.62,4.61,610.0,281520.0,4.608
601328.SH,2022-11-15,0.0,4.61,4.62,4.61,1310.0,604044.0,4.608
601328.SH,2022-11-15,0.0,4.62,4.62,4.61,1808.0,834139.0,4.608
601328.SH,2022-11-15,0.0,4.61,4.62,4.61,1407.0,648710.0,4.608
601328.SH,2022-11-15,0.0,4.62,4.62,4.61,831.0,383529.0,4.608
601328.SH,2022-11-15,0.0,4.62,4.62,4.61,364.0,167958.0,4.608
601328.SH,2022-11-15,0.0,4.61,4.62,4.61,784.0,361626.0,4.608
601328.SH,2022-11-15,0.0,4.61,4.62,4.61,1205.0,555747.0,4.608
601328.SH,2022-11-15,0.0,4.62,4.62,4.61,406.0,187299.0,4.608
601328.SH,2022-11-15,0.0,4.62,4.62,4.61,872.0,402457.0,4.608
601328.SH,2022-11-15,0.0,4.62,4.62,4.61,1555.0,717395.0,4.608
601328.SH,2022-11-15,0.0,4.61,4.62,4.61,399.0,184076.0,4.608
601328.SH,2022-11-15,0.0,4.62,4.62,4.61,498.0,229736.0,4.608
601328.SH,2022-11-15,0.0,4.62,4.62,4.61,1312.0,605390.0,4.608
601328.SH,2022-11-15,0.0,4.61,4.62,4.61,2569.0,1186440.0,4.608
601328.SH,2022-11-15,0.0,4.61,4.62,4.61,583.0,268958.0,4.608
601328.SH,2022-11-15,0.0,4.62,4.62,4.61,1379.0,636115.0,4.608
601328.SH,2022-11-15,0.0,4.62,4.62,4.61,439.0,202587.0,4.608
601328.SH,2022-11-15,0.0,4.62,4.62,4.61,935.0,431568.0,4.608
601328.SH,2022-11-15,0.0,4.62,4.62,4.61,1508.0,695972.0,4.608
601328.SH,2022-11-15,0.0,4.62,4.62,4.61,2432.0,1123340.0,4.608
601328.SH,2022-11-15,0.0,4.62,4.62,4.61,909.0,419768.0,4.608
601328.SH,2022-11-15,0.0,4.62,4.62,4.61,4518.0,2083140.0,4.608
601328.SH,2022-11-15,0.0,4.61,4.62,4.61,1405.0,647906.0,4.608
601328.SH,2022-11-15,0.0,4.61,4.62,4.61,731.0,337144.0,4.608
601328.SH,2022-11-15,0.0,4.61,4.62,4.61,5867.0,2710020.0,4.609
601328.SH,2022-11-15,0.0,4.61,4.62,4.61,1204.0,555249.0,4.609
601328.SH,2022-11-15,0.0,4.62,4.62,4.61,2250.0,1038250.0,4.609
601328.SH,2022-11-15,0.0,4.61,4.62,4.61,999.0,460902.0,4.609
601328.SH,2022-11-15,0.0,4.61,4.62,4.61,1277.0,589588.0,4.609
601328.SH,2022-11-15,0.0,4.62,4.62,4.61,671.0,309588.0,4.609
601328.SH,2022-11-15,0.0,4.61,4.62,4.61,3783.0,1747040.0,4.609
601328.SH,2022-11-15,0.0,4.61,4.62,4.61,885.0,408411.0,4.609
601328.SH,2022-11-15,0.0,4.61,4.62,4.61,12468.0,5747980.0,4.609
601328.SH,2022-11-15,0.0,4.62,4.62,4.61,2724.0,1256770.0,4.609
601328.SH,2022-11-15,0.0,4.61,4.62,4.61,1751.0,807343.0,4.609
601328.SH,2022-11-15,0.0,4.61,4.62,4.61,1167.0,538253.0,4.609
601328.SH,2022-11-15,0.0,4.62,4.62,4.61,939.0,433090.0,4.609
601328.SH,2022-11-15,0.0,4.62,4.62,4.61,2160.0,997505.0,4.609
601328.SH,2022-11-15,0.0,4.61,4.62,4.61,947.0,436879.0,4.609
601328.SH,2022-11-15,0.0,4.61,4.62,4.61,1827.0,842619.0,4.609
601328.SH,2022-11-15,0.0,4.61,4.62,4.61,960.0,442697.0,4.609
601328.SH,2022-11-15,0.0,4.62,4.62,4.61,745.0,343559.0,4.609
601328.SH,2022-11-15,0.0,4.62,4.62,4.61,1322.0,610264.0,4.609
601328.SH,2022-11-15,0.0,4.62,4.62,4.61,1261.0,582028.0,4.609
601328.SH,2022-11-15,0.0,4.61,4.62,4.61,11463.0,5284860.0,4.609
601328.SH,2022-11-15,0.0,4.61,4.61,4.6,9065.0,4179060.0,4.609
601328.SH,2022-11-15,0.0,4.61,4.61,4.6,485.0,223219.0,4.609
601328.SH,2022-11-15,0.0,4.61,4.61,4.6,1713.0,789416.0,4.609
601328.SH,2022-11-15,0.0,4.61,4.61,4.6,1341.0,618021.0,4.609
601328.SH,2022-11-15,0.0,4.6,4.61,4.6,1437.0,661763.0,4.609
601328.SH,2022-11-15,0.0,4.61,4.61,4.61,2051.0,945471.0,4.609
601328.SH,2022-11-15,0.0,4.61,4.61,4.6,975.0,449265.0,4.609
601328.SH,2022-11-15,0.0,4.61,4.61,4.6,5280.0,2433730.0,4.609
601328.SH,2022-11-15,0.0,4.6,4.61,4.6,566.0,260687.0,4.609
601328.SH,2022-11-15,0.0,4.6,4.61,4.6,339.0,156136.0,4.609
601328.SH,2022-11-15,0.0,4.6,4.61,4.6,792.0,364771.0,4.609
601328.SH,2022-11-15,0.0,4.6,4.61,4.6,1040.0,479248.0,4.609
601328.SH,2022-11-15,0.0,4.61,4.61,4.6,848.0,390708.0,4.609
601328.SH,2022-11-15,0.0,4.61,4.61,4.6,793.0,365233.0,4.609
601328.SH,2022-11-15,0.0,4.61,4.61,4.6,1741.0,802039.0,4.609
601328.SH,2022-11-15,0.0,4.6,4.61,4.6,1681.0,774545.0,4.609
601328.SH,2022-11-15,0.0,4.61,4.61,4.6,1237.0,569912.0,4.609
601328.SH,2022-11-15,0.0,4.6,4.61,4.6,734.0,338136.0,4.609
601328.SH,2022-11-15,0.0,4.61,4.61,4.61,704.0,324362.0,4.609
601328.SH,2022-11-15,0.0,4.6,4.61,4.6,7297.0,3363640.0,4.609
601328.SH,2022-11-15,0.0,4.61,4.61,4.6,706.0,324983.0,4.609
601328.SH,2022-11-15,0.0,4.61,4.61,4.6,711.0,327396.0,4.609
601328.SH,2022-11-15,0.0,4.61,4.61,4.6,2131.0,980911.0,4.609
601328.SH,2022-11-15,0.0,4.6,4.61,4.6,1716.0,789512.0,4.609
601328.SH,2022-11-15,0.0,4.6,4.61,4.6,2129.0,979448.0,4.609
601328.SH,2022-11-15,0.0,4.6,4.61,4.6,957.0,440823.0,4.609
601328.SH,2022-11-15,0.0,4.61,4.61,4.6,290.0,133465.0,4.609
601328.SH,2022-11-15,0.0,4.61,4.61,4.6,5085.0,2339640.0,4.609
601328.SH,2022-11-15,0.0,4.6,4.61,4.6,9102.0,4187070.0,4.609
601328.SH,2022-11-15,0.0,4.6,4.61,4.6,473.0,217823.0,4.609
601328.SH,2022-11-15,0.0,4.61,4.61,4.6,1353.0,622705.0,4.609
601328.SH,2022-11-15,0.0,4.6,4.61,4.6,2865.0,1318420.0,4.609
601328.SH,2022-11-15,0.0,4.61,4.61,4.6,1204.0,554403.0,4.609
601328.SH,2022-11-15,0.0,4.61,4.61,4.6,2694.0,1240030.0,4.609
601328.SH,2022-11-15,0.0,4.61,4.61,4.6,2131.0,980817.0,4.609
601328.SH,2022-11-15,0.0,4.61,4.61,4.6,503.0,231679.0,4.609
601328.SH,2022-11-15,0.0,4.61,4.61,4.6,1102.0,507632.0,4.609
601328.SH,2022-11-15,0.0,4.61,4.61,4.6,1033.0,475695.0,4.609
601328.SH,2022-11-15,0.0,4.61,4.61,4.6,1213.0,558771.0,4.609
601328.SH,2022-11-15,0.0,4.6,4.61,4.6,2965.0,1366150.0,4.608
601328.SH,2022-11-15,0.0,4.61,4.61,4.6,1612.0,742641.0,4.608
601328.SH,2022-11-15,0.0,4.61,4.61,4.6,429.0,197479.0,4.608
601328.SH,2022-11-15,0.0,4.61,4.61,4.6,1880.0,865623.0,4.608
601328.SH,2022-11-15,0.0,4.61,4.61,4.6,982.0,452493.0,4.608
601328.SH,2022-11-15,0.0,4.61,4.61,4.6,1176.0,541662.0,4.608
601328.SH,2022-11-15,0.0,4.6,4.61,4.6,946.0,435570.0,4.608
601328.SH,2022-11-15,0.0,4.61,4.61,4.6,560.0,257844.0,4.608
601328.SH,2022-11-15,0.0,4.6,4.61,4.6,1237.0,569724.0,4.608
601328.SH,2022-11-15,0.0,4.61,4.61,4.6,10526.0,4851450.0,4.608
601328.SH,2022-11-15,0.0,4.61,4.61,4.6,3040.0,1401060.0,4.608
601328.SH,2022-11-15,0.0,4.6,4.61,4.6,1295.0,596540.0,4.608
601328.SH,2022-11-15,0.0,4.61,4.61,4.6,2780.0,1280700.0,4.608
601328.SH,2022-11-15,0.0,4.61,4.61,4.6,912.0,420046.0,4.608
601328.SH,2022-11-15,0.0,4.6,4.61,4.6,4278.0,1969880.0,4.608
601328.SH,2022-11-15,0.0,4.6,4.61,4.6,2148.0,989934.0,4.608
601328.SH,2022-11-15,0.0,4.6,4.61,4.6,4026.0,1853360.0,4.608
601328.SH,2022-11-15,0.0,4.6,4.61,4.6,5686.0,2619000.0,4.608
601328.SH,2022-11-15,0.0,4.61,4.61,4.6,12938.0,5962660.0,4.608
601328.SH,2022-11-15,0.0,4.61,4.61,4.6,12709.0,5857050.0,4.608
601328.SH,2022-11-15,0.0,4.61,4.61,4.6,9613.0,4426330.0,4.608
601328.SH,2022-11-15,0.0,4.61,4.61,4.61,0.0,0.0,4.608
601328.SH,2022-11-15,0.0,4.61,4.61,4.61,0.0,0.0,4.608
601328.SH,2022-11-15,0.0,4.61,4.61,4.61,23654.0,10904500.0,4.608
601328.SH,2022-11-16,0.0,4.6,4.6,4.6,5755.0,2647300.0,4.6
601328.SH,2022-11-16,0.0,4.61,4.61,4.6,8232.0,3787170.0,4.6
601328.SH,2022-11-16,0.0,4.61,4.61,4.59,10359.0,4764160.0,4.6
601328.SH,2022-11-16,0.0,4.6,4.61,4.6,2629.0,1209340.0,4.6
601328.SH,2022-11-16,0.0,4.6,4.61,4.6,692.0,318406.0,4.6
601328.SH,2022-11-16,0.0,4.6,4.61,4.6,1345.0,618987.0,4.6
601328.SH,2022-11-16,0.0,4.6,4.61,4.6,2186.0,1005670.0,4.6
601328.SH,2022-11-16,0.0,4.6,4.61,4.6,4541.0,2088930.0,4.6
601328.SH,2022-11-16,0.0,4.6,4.6,4.6,1585.0,729156.0,4.6
601328.SH,2022-11-16,0.0,4.6,4.6,4.6,2258.0,1038720.0,4.6
601328.SH,2022-11-16,0.0,4.6,4.61,4.59,2433.0,1119290.0,4.6
601328.SH,2022-11-16,0.0,4.6,4.6,4.59,1079.0,495337.0,4.6
601328.SH,2022-11-16,0.0,4.6,4.6,4.59,1523.0,699233.0,4.6
601328.SH,2022-11-16,0.0,4.59,4.6,4.59,1142.0,524339.0,4.599
601328.SH,2022-11-16,0.0,4.59,4.6,4.59,474.0,217631.0,4.599
601328.SH,2022-11-16,0.0,4.59,4.6,4.59,574.0,263533.0,4.599
601328.SH,2022-11-16,0.0,4.59,4.6,4.59,1504.0,690397.0,4.599
601328.SH,2022-11-16,0.0,4.6,4.6,4.59,1165.0,534852.0,4.599
601328.SH,2022-11-16,0.0,4.59,4.6,4.59,2034.0,933769.0,4.598
601328.SH,2022-11-16,0.0,4.59,4.6,4.59,1463.0,671550.0,4.598
601328.SH,2022-11-16,0.0,4.6,4.6,4.59,664.0,304863.0,4.598
601328.SH,2022-11-16,0.0,4.59,4.6,4.59,1121.0,514453.0,4.598
601328.SH,2022-11-16,0.0,4.6,4.6,4.59,1063.0,487949.0,4.598
601328.SH,2022-11-16,0.0,4.6,4.6,4.59,1701.0,781523.0,4.598
601328.SH,2022-11-16,0.0,4.59,4.6,4.59,477.0,219018.0,4.598
601328.SH,2022-11-16,0.0,4.6,4.6,4.59,1879.0,862682.0,4.597
601328.SH,2022-11-16,0.0,4.59,4.6,4.59,515.0,236518.0,4.597
601328.SH,2022-11-16,0.0,4.59,4.6,4.59,667.0,306268.0,4.597
601328.SH,2022-11-16,0.0,4.6,4.6,4.59,1234.0,566787.0,4.597
601328.SH,2022-11-16,0.0,4.59,4.6,4.59,1598.0,733819.0,4.597
601328.SH,2022-11-16,0.0,4.6,4.6,4.59,8369.0,3849220.0,4.597
601328.SH,2022-11-16,0.0,4.6,4.6,4.59,1078.0,495113.0,4.597
601328.SH,2022-11-16,0.0,4.6,4.6,4.59,594.0,272834.0,4.597
601328.SH,2022-11-16,0.0,4.6,4.6,4.59,836.0,384447.0,4.597
601328.SH,2022-11-16,0.0,4.59,4.6,4.59,18333.0,8432940.0,4.598
601328.SH,2022-11-16,0.0,4.61,4.61,4.59,2944.0,1353790.0,4.598
601328.SH,2022-11-16,0.0,4.6,4.61,4.6,1982.0,911987.0,4.598
601328.SH,2022-11-16,0.0,4.61,4.61,4.59,5104.0,2348000.0,4.598
601328.SH,2022-11-16,0.0,4.61,4.61,4.6,1267.0,582971.0,4.598
601328.SH,2022-11-16,0.0,4.61,4.61,4.6,787.0,362098.0,4.598
601328.SH,2022-11-16,0.0,4.61,4.61,4.6,537.0,247143.0,4.598
601328.SH,2022-11-16,0.0,4.6,4.61,4.6,1150.0,529202.0,4.598
601328.SH,2022-11-16,0.0,4.6,4.61,4.6,779.0,358474.0,4.598
601328.SH,2022-11-16,0.0,4.6,4.61,4.59,10523.0,4840600.0,4.598
601328.SH,2022-11-16,0.0,4.59,4.6,4.59,498.0,228911.0,4.598
601328.SH,2022-11-16,0.0,4.6,4.6,4.59,426.0,195697.0,4.598
601328.SH,2022-11-16,0.0,4.6,4.6,4.59,370.0,169998.0,4.598
601328.SH,2022-11-16,0.0,4.6,4.6,4.59,810.0,371963.0,4.598
601328.SH,2022-11-16,0.0,4.6,4.6,4.59,448.0,205652.0,4.598
601328.SH,2022-11-16,0.0,4.6,4.6,4.59,569.0,261533.0,4.598
601328.SH,2022-11-16,0.0,4.59,4.6,4.59,614.0,281888.0,4.598
601328.SH,2022-11-16,0.0,4.6,4.6,4.59,1567.0,719619.0,4.598
601328.SH,2022-11-16,0.0,4.59,4.6,4.59,405.0,186077.0,4.598
601328.SH,2022-11-16,0.0,4.6,4.6,4.59,357.0,164045.0,4.598
601328.SH,2022-11-16,0.0,4.59,4.6,4.59,1391.0,638980.0,4.598
601328.SH,2022-11-16,0.0,4.6,4.6,4.59,1729.0,794993.0,4.598
601328.SH,2022-11-16,0.0,4.59,4.6,4.59,395.0,181555.0,4.598
601328.SH,2022-11-16,0.0,4.59,4.6,4.59,1993.0,916604.0,4.598
601328.SH,2022-11-16,0.0,4.59,4.6,4.59,738.0,339394.0,4.598
601328.SH,2022-11-16,0.0,4.59,4.6,4.59,1583.0,727840.0,4.598
601328.SH,2022-11-16,0.0,4.59,4.6,4.59,2828.0,1299450.0,4.598
601328.SH,2022-11-16,0.0,4.6,4.6,4.59,618.0,283794.0,4.598
601328.SH,2022-11-16,0.0,4.6,4.6,4.59,1472.0,676892.0,4.598
601328.SH,2022-11-16,0.0,4.59,4.6,4.59,2071.0,951444.0,4.598
601328.SH,2022-11-16,0.0,4.59,4.6,4.59,399.0,183302.0,4.598
601328.SH,2022-11-16,0.0,4.6,4.6,4.59,291.0,133716.0,4.598
601328.SH,2022-11-16,0.0,4.59,4.6,4.59,2008.0,921739.0,4.598
601328.SH,2022-11-16,0.0,4.6,4.6,4.59,758.0,348556.0,4.598
601328.SH,2022-11-16,0.0,4.6,4.6,4.59,645.0,296241.0,4.598
601328.SH,2022-11-16,0.0,4.59,4.6,4.59,289.0,132765.0,4.598
601328.SH,2022-11-16,0.0,4.6,4.6,4.59,1514.0,694987.0,4.598
601328.SH,2022-11-16,0.0,4.59,4.6,4.59,566.0,259969.0,4.598
601328.SH,2022-11-16,0.0,4.59,4.6,4.59,318.0,146072.0,4.598
601328.SH,2022-11-16,0.0,4.6,4.6,4.59,670.0,307734.0,4.598
601328.SH,2022-11-16,0.0,4.59,4.6,4.59,554.0,254359.0,4.598
601328.SH,2022-11-16,0.0,4.59,4.6,4.59,278.0,127651.0,4.598
601328.SH,2022-11-16,0.0,4.6,4.6,4.59,587.0,269619.0,4.598
601328.SH,2022-11-16,0.0,4.6,4.6,4.59,281.0,129093.0,4.598
601328.SH,2022-11-16,0.0,4.59,4.6,4.59,350.0,160707.0,4.598
601328.SH,2022-11-16,0.0,4.6,4.6,4.59,195.0,89575.0,4.598
601328.SH,2022-11-16,0.0,4.59,4.6,4.59,255.0,117120.0,4.598
601328.SH,2022-11-16,0.0,4.6,4.6,4.59,863.0,396297.0,4.598
601328.SH,2022-11-16,0.0,4.6,4.6,4.59,568.0,260747.0,4.598
601328.SH,2022-11-16,0.0,4.6,4.6,4.59,452.0,207614.0,4.597
601328.SH,2022-11-16,0.0,4.6,4.6,4.59,147.0,67530.0,4.597
601328.SH,2022-11-16,0.0,4.6,4.6,4.59,391.0,179514.0,4.597
601328.SH,2022-11-16,0.0,4.6,4.6,4.59,648.0,297805.0,4.597
601328.SH,2022-11-16,0.0,4.6,4.6,4.59,247.0,113455.0,4.597
601328.SH,2022-11-16,0.0,4.59,4.6,4.59,1137.0,522269.0,4.597
601328.SH,2022-11-16,0.0,4.59,4.6,4.59,425.0,195329.0,4.597
601328.SH,2022-11-16,0.0,4.59,4.6,4.59,446.0,204817.0,4.597
601328.SH,2022-11-16,0.0,4.59,4.6,4.59,442.0,203134.0,4.597
601328.SH,2022-11-16,0.0,4.6,4.6,4.59,2185.0,1004040.0,4.597
601328.SH,2022-11-16,0.0,4.6,4.6,4.59,337.0,154688.0,4.597
601328.SH,2022-11-16,0.0,4.59,4.6,4.59,725.0,333297.0,4.597
601328.SH,2022-11-16,0.0,4.6,4.6,4.59,534.0,245513.0,4.597
601328.SH,2022-11-16,0.0,4.6,4.6,4.59,661.0,303589.0,4.597
601328.SH,2022-11-16,0.0,4.59,4.6,4.59,509.0,233828.0,4.597
601328.SH,2022-11-16,0.0,4.6,4.6,4.59,290.0,133295.0,4.597
601328.SH,2022-11-16,0.0,4.6,4.6,4.59,1783.0,819990.0,4.597
601328.SH,2022-11-16,0.0,4.59,4.6,4.59,237.0,108919.0,4.597
601328.SH,2022-11-16,0.0,4.6,4.6,4.59,205.0,94134.0,4.597
601328.SH,2022-11-16,0.0,4.59,4.6,4.59,327.0,149988.0,4.597
601328.SH,2022-11-16,0.0,4.59,4.6,4.59,152.0,69869.0,4.597
601328.SH,2022-11-16,0.0,4.6,4.6,4.59,263.0,120903.0,4.597
601328.SH,2022-11-16,0.0,4.59,4.6,4.59,161.0,73912.0,4.597
601328.SH,2022-11-16,0.0,4.59,4.6,4.59,501.0,230078.0,4.597
601328.SH,2022-11-16,0.0,4.6,4.6,4.59,213.0,97885.0,4.597
601328.SH,2022-11-16,0.0,4.59,4.6,4.59,525.0,241333.0,4.597
601328.SH,2022-11-16,0.0,4.59,4.6,4.59,622.0,285734.0,4.597
601328.SH,2022-11-16,0.0,4.59,4.6,4.59,422.0,193878.0,4.597
601328.SH,2022-11-16,0.0,4.59,4.6,4.59,292.0,134131.0,4.597
601328.SH,2022-11-16,0.0,4.59,4.6,4.59,411.0,188798.0,4.597
601328.SH,2022-11-16,0.0,4.6,4.6,4.59,898.0,412283.0,4.597
601328.SH,2022-11-16,0.0,4.59,4.6,4.59,292.0,134106.0,4.597
601328.SH,2022-11-16,0.0,4.59,4.6,4.59,575.0,264018.0,4.597
601328.SH,2022-11-16,0.0,4.6,4.6,4.59,1325.0,608226.0,4.597
601328.SH,2022-11-16,0.0,4.59,4.6,4.59,982.0,451525.0,4.597
601328.SH,2022-11-16,0.0,4.59,4.6,4.59,1020.0,468269.0,4.597
601328.SH,2022-11-16,0.0,4.59,4.6,4.59,465.0,213648.0,4.597
601328.SH,2022-11-16,0.0,4.6,4.6,4.59,685.0,315047.0,4.597
601328.SH,2022-11-16,0.0,4.6,4.6,4.59,1703.0,783004.0,4.597
601328.SH,2022-11-16,0.0,4.6,4.6,4.59,317.0,145701.0,4.597
601328.SH,2022-11-16,0.0,4.59,4.6,4.59,696.0,319751.0,4.597
601328.SH,2022-11-16,0.0,4.6,4.6,4.59,1763.0,810047.0,4.597
601328.SH,2022-11-16,0.0,4.59,4.6,4.59,2634.0,1209460.0,4.597
601328.SH,2022-11-16,0.0,4.6,4.6,4.59,801.0,367767.0,4.597
601328.SH,2022-11-16,0.0,4.6,4.6,4.59,505.0,232192.0,4.597
601328.SH,2022-11-16,0.0,4.6,4.6,4.59,1101.0,506137.0,4.597
601328.SH,2022-11-16,0.0,4.6,4.6,4.59,789.0,362583.0,4.597
601328.SH,2022-11-16,0.0,4.6,4.6,4.59,296.0,136061.0,4.597
601328.SH,2022-11-16,0.0,4.59,4.6,4.59,517.0,237545.0,4.597
601328.SH,2022-11-16,0.0,4.59,4.6,4.59,189.0,86821.0,4.597
601328.SH,2022-11-16,0.0,4.59,4.6,4.59,346.0,158966.0,4.597
601328.SH,2022-11-16,0.0,4.59,4.6,4.59,16784.0,7720220.0,4.597
601328.SH,2022-11-16,0.0,4.59,4.6,4.59,807.0,370967.0,4.597
601328.SH,2022-11-16,0.0,4.59,4.6,4.59,743.0,341205.0,4.597
601328.SH,2022-11-16,0.0,4.59,4.6,4.59,120.0,55123.0,4.597
601328.SH,2022-11-16,0.0,4.59,4.6,4.59,673.0,309506.0,4.597
601328.SH,2022-11-16,0.0,4.59,4.6,4.59,428.0,196694.0,4.597
601328.SH,2022-11-16,0.0,4.59,4.6,4.59,433.0,198885.0,4.597
601328.SH,2022-11-16,0.0,4.6,4.6,4.59,547.0,251164.0,4.597
601328.SH,2022-11-16,0.0,4.59,4.6,4.59,601.0,275890.0,4.597
601328.SH,2022-11-16,0.0,4.59,4.6,4.59,931.0,427446.0,4.597
601328.SH,2022-11-16,0.0,4.6,4.6,4.59,590.0,270855.0,4.597
601328.SH,2022-11-16,0.0,4.59,4.6,4.59,699.0,320962.0,4.597
601328.SH,2022-11-16,0.0,4.6,4.6,4.59,1056.0,485347.0,4.597
601328.SH,2022-11-16,0.0,4.6,4.6,4.59,1098.0,504771.0,4.597
601328.SH,2022-11-16,0.0,4.6,4.6,4.59,1262.0,579308.0,4.597
601328.SH,2022-11-16,0.0,4.59,4.6,4.59,806.0,370394.0,4.597
601328.SH,2022-11-16,0.0,4.59,4.6,4.59,759.0,348590.0,4.597
601328.SH,2022-11-16,0.0,4.59,4.6,4.59,583.0,267715.0,4.597
601328.SH,2022-11-16,0.0,4.6,4.6,4.59,694.0,318815.0,4.597
601328.SH,2022-11-16,0.0,4.6,4.6,4.59,774.0,355629.0,4.597
601328.SH,2022-11-16,0.0,4.59,4.6,4.59,1091.0,500996.0,4.597
601328.SH,2022-11-16,0.0,4.6,4.6,4.59,850.0,390534.0,4.597
601328.SH,2022-11-16,0.0,4.59,4.6,4.59,1641.0,753296.0,4.597
601328.SH,2022-11-16,0.0,4.6,4.6,4.59,1126.0,517055.0,4.597
601328.SH,2022-11-16,0.0,4.59,4.6,4.59,833.0,382692.0,4.597
601328.SH,2022-11-16,0.0,4.59,4.6,4.59,2176.0,998890.0,4.597
601328.SH,2022-11-16,0.0,4.6,4.6,4.59,682.0,313362.0,4.597
601328.SH,2022-11-16,0.0,4.6,4.6,4.59,1360.0,624730.0,4.597
601328.SH,2022-11-16,0.0,4.6,4.6,4.59,441.0,202774.0,4.597
601328.SH,2022-11-16,0.0,4.59,4.6,4.59,1014.0,466009.0,4.597
601328.SH,2022-11-16,0.0,4.6,4.6,4.59,444.0,203898.0,4.597
601328.SH,2022-11-16,0.0,4.6,4.6,4.59,697.0,320223.0,4.597
601328.SH,2022-11-16,0.0,4.6,4.6,4.59,666.0,306024.0,4.597
601328.SH,2022-11-16,0.0,4.6,4.6,4.59,1080.0,496389.0,4.597
601328.SH,2022-11-16,0.0,4.59,4.6,4.59,368.0,169003.0,4.597
601328.SH,2022-11-16,0.0,4.6,4.6,4.59,450.0,206670.0,4.597
601328.SH,2022-11-16,0.0,4.59,4.6,4.59,489.0,224533.0,4.597
601328.SH,2022-11-16,0.0,4.6,4.6,4.59,699.0,320930.0,4.597
601328.SH,2022-11-16,0.0,4.6,4.6,4.59,703.0,323076.0,4.597
601328.SH,2022-11-16,0.0,4.6,4.6,4.59,653.0,300017.0,4.597
601328.SH,2022-11-16,0.0,4.59,4.6,4.59,1136.0,522211.0,4.597
601328.SH,2022-11-16,0.0,4.6,4.6,4.59,1083.0,497197.0,4.597
601328.SH,2022-11-16,0.0,4.6,4.6,4.59,563.0,258613.0,4.597
601328.SH,2022-11-16,0.0,4.6,4.6,4.59,886.0,406909.0,4.597
601328.SH,2022-11-16,0.0,4.59,4.6,4.59,1596.0,733741.0,4.597
601328.SH,2022-11-16,0.0,4.6,4.6,4.59,1849.0,848744.0,4.597
601328.SH,2022-11-16,0.0,4.6,4.6,4.59,1482.0,681321.0,4.597
601328.SH,2022-11-16,0.0,4.59,4.6,4.59,1995.0,917096.0,4.597
601328.SH,2022-11-16,0.0,4.59,4.6,4.59,977.0,448519.0,4.597
601328.SH,2022-11-16,0.0,4.6,4.6,4.59,8668.0,3986440.0,4.597
601328.SH,2022-11-16,0.0,4.59,4.6,4.59,2414.0,1109940.0,4.597
601328.SH,2022-11-16,0.0,4.6,4.6,4.59,1018.0,467689.0,4.597
601328.SH,2022-11-16,0.0,4.59,4.6,4.59,1100.0,505234.0,4.597
601328.SH,2022-11-16,0.0,4.59,4.6,4.59,1295.0,594947.0,4.597
601328.SH,2022-11-16,0.0,4.59,4.6,4.59,2730.0,1255220.0,4.597
601328.SH,2022-11-16,0.0,4.59,4.6,4.59,1637.0,752465.0,4.597
601328.SH,2022-11-16,0.0,4.59,4.6,4.59,838.0,384723.0,4.597
601328.SH,2022-11-16,0.0,4.6,4.6,4.59,970.0,445362.0,4.597
601328.SH,2022-11-16,0.0,4.59,4.6,4.59,856.0,393062.0,4.597
601328.SH,2022-11-16,0.0,4.6,4.6,4.59,1001.0,459696.0,4.597
601328.SH,2022-11-16,0.0,4.59,4.6,4.59,1841.0,845484.0,4.597
601328.SH,2022-11-16,0.0,4.6,4.6,4.59,1189.0,545941.0,4.597
601328.SH,2022-11-16,0.0,4.59,4.6,4.59,2416.0,1109020.0,4.597
601328.SH,2022-11-16,0.0,4.59,4.6,4.59,1128.0,518032.0,4.596
601328.SH,2022-11-16,0.0,4.59,4.6,4.59,814.0,373674.0,4.596
601328.SH,2022-11-16,0.0,4.59,4.6,4.59,2108.0,968778.0,4.596
601328.SH,2022-11-16,0.0,4.59,4.6,4.59,1826.0,838318.0,4.596
601328.SH,2022-11-16,0.0,4.59,4.6,4.59,3371.0,1547410.0,4.596
601328.SH,2022-11-16,0.0,4.59,4.6,4.59,3721.0,1708280.0,4.596
601328.SH,2022-11-16,0.0,4.6,4.6,4.59,898.0,412402.0,4.596
601328.SH,2022-11-16,0.0,4.59,4.6,4.59,950.0,436245.0,4.596
601328.SH,2022-11-16,0.0,4.59,4.6,4.59,1539.0,706686.0,4.596
601328.SH,2022-11-16,0.0,4.59,4.6,4.59,1660.0,762175.0,4.596
601328.SH,2022-11-16,0.0,4.59,4.6,4.59,2300.0,1056270.0,4.596
601328.SH,2022-11-16,0.0,4.59,4.6,4.59,6532.0,2998540.0,4.596
601328.SH,2022-11-16,0.0,4.59,4.6,4.59,7730.0,3548200.0,4.596
601328.SH,2022-11-16,0.0,4.59,4.6,4.59,1188.0,545404.0,4.596
601328.SH,2022-11-16,0.0,4.59,4.6,4.59,1643.0,754614.0,4.596
601328.SH,2022-11-16,0.0,4.59,4.6,4.59,1231.0,565365.0,4.596
601328.SH,2022-11-16,0.0,4.59,4.6,4.59,1164.0,534668.0,4.596
601328.SH,2022-11-16,0.0,4.6,4.6,4.59,1620.0,744335.0,4.596
601328.SH,2022-11-16,0.0,4.59,4.6,4.59,1325.0,608560.0,4.596
601328.SH,2022-11-16,0.0,4.59,4.6,4.59,1511.0,693706.0,4.596
601328.SH,2022-11-16,0.0,4.6,4.6,4.59,4677.0,2148410.0,4.596
601328.SH,2022-11-16,0.0,4.6,4.6,4.59,8547.0,3923210.0,4.596
601328.SH,2022-11-16,0.0,4.58,4.6,4.58,7377.0,3385390.0,4.595
601328.SH,2022-11-16,0.0,4.59,4.59,4.58,1687.0,773722.0,4.595
601328.SH,2022-11-16,0.0,4.59,4.59,4.58,7202.0,3305310.0,4.595
601328.SH,2022-11-16,0.0,4.59,4.59,4.58,973.0,446446.0,4.595
601328.SH,2022-11-16,0.0,4.59,4.59,4.58,382.0,175069.0,4.595
601328.SH,2022-11-16,0.0,4.58,4.59,4.58,1633.0,749011.0,4.595
601328.SH,2022-11-16,0.0,4.58,4.59,4.58,700.0,320935.0,4.595
601328.SH,2022-11-16,0.0,4.58,4.59,4.58,3258.0,1495100.0,4.595
601328.SH,2022-11-16,0.0,4.59,4.59,4.58,918.0,420936.0,4.595
601328.SH,2022-11-16,0.0,4.58,4.59,4.58,1686.0,772342.0,4.595
601328.SH,2022-11-16,0.0,4.59,4.59,4.58,1523.0,697823.0,4.595
601328.SH,2022-11-16,0.0,4.58,4.59,4.58,1573.0,720684.0,4.595
601328.SH,2022-11-16,0.0,4.58,4.59,4.58,2123.0,972847.0,4.595
601328.SH,2022-11-16,0.0,4.58,4.59,4.58,1968.0,901725.0,4.595
601328.SH,2022-11-16,0.0,4.59,4.59,4.58,1738.0,796350.0,4.595
601328.SH,2022-11-16,0.0,4.58,4.59,4.58,3638.0,1666780.0,4.595
601328.SH,2022-11-16,0.0,4.59,4.59,4.58,3563.0,1633660.0,4.595
601328.SH,2022-11-16,0.0,4.58,4.59,4.58,3102.0,1421780.0,4.594
601328.SH,2022-11-16,0.0,4.59,4.59,4.58,1881.0,862359.0,4.594
601328.SH,2022-11-16,0.0,4.58,4.58,4.58,10.0,4580.0,4.594
601328.SH,2022-11-16,0.0,4.58,4.58,4.58,0.0,0.0,4.594
601328.SH,2022-11-16,0.0,4.59,4.59,4.59,12617.0,5791320.0,4.594
601328.SH,2022-11-17,0.0,4.58,4.58,4.58,2116.0,969128.0,4.58
601328.SH,2022-11-17,0.0,4.59,4.6,4.58,15565.0,7140980.0,4.587
601328.SH,2022-11-17,0.0,4.59,4.6,4.59,9249.0,4252460.0,4.591
601328.SH,2022-11-17,0.0,4.59,4.6,4.59,4265.0,1958900.0,4.591
601328.SH,2022-11-17,0.0,4.6,4.6,4.59,3531.0,1620720.0,4.591
601328.SH,2022-11-17,0.0,4.58,4.6,4.58,3032.0,1391770.0,4.591
601328.SH,2022-11-17,0.0,4.58,4.6,4.58,1405.0,644316.0,4.591
601328.SH,2022-11-17,0.0,4.59,4.59,4.58,2213.0,1015190.0,4.591
601328.SH,2022-11-17,0.0,4.59,4.59,4.58,903.0,414011.0,4.59
601328.SH,2022-11-17,0.0,4.58,4.59,4.58,2334.0,1070020.0,4.59
601328.SH,2022-11-17,0.0,4.58,4.59,4.58,874.0,400811.0,4.59
601328.SH,2022-11-17,0.0,4.59,4.59,4.58,5480.0,2514420.0,4.59
601328.SH,2022-11-17,0.0,4.59,4.6,4.59,1002.0,460085.0,4.59
601328.SH,2022-11-17,0.0,4.59,4.6,4.59,1267.0,581566.0,4.59
601328.SH,2022-11-17,0.0,4.59,4.59,4.58,1253.0,574856.0,4.59
601328.SH,2022-11-17,0.0,4.59,4.6,4.58,935.0,429038.0,4.59
601328.SH,2022-11-17,0.0,4.59,4.6,4.59,673.0,308782.0,4.59
601328.SH,2022-11-17,0.0,4.59,4.6,4.59,276.0,126696.0,4.59
601328.SH,2022-11-17,0.0,4.59,4.6,4.59,890.0,408656.0,4.59
601328.SH,2022-11-17,0.0,4.59,4.6,4.59,1178.0,540951.0,4.59
601328.SH,2022-11-17,0.0,4.59,4.6,4.59,3292.0,1511310.0,4.59
601328.SH,2022-11-17,0.0,4.59,4.6,4.58,413.0,189304.0,4.59
601328.SH,2022-11-17,0.0,4.59,4.59,4.58,774.0,354977.0,4.59
601328.SH,2022-11-17,0.0,4.58,4.59,4.58,737.0,337800.0,4.59
601328.SH,2022-11-17,0.0,4.58,4.59,4.58,946.0,433897.0,4.59
601328.SH,2022-11-17,0.0,4.59,4.59,4.58,4587.0,2103140.0,4.589
601328.SH,2022-11-17,0.0,4.59,4.59,4.58,1704.0,781787.0,4.589
601328.SH,2022-11-17,0.0,4.58,4.59,4.58,459.0,210450.0,4.589
601328.SH,2022-11-17,0.0,4.59,4.59,4.58,2162.0,992156.0,4.589
601328.SH,2022-11-17,0.0,4.58,4.59,4.58,1338.0,613673.0,4.589
601328.SH,2022-11-17,0.0,4.59,4.59,4.58,444.0,203607.0,4.589
601328.SH,2022-11-17,0.0,4.59,4.59,4.58,7475.0,3432290.0,4.59
601328.SH,2022-11-17,0.0,4.59,4.6,4.59,1615.0,741294.0,4.59
601328.SH,2022-11-17,0.0,4.6,4.6,4.59,42.0,19293.0,4.59
601328.SH,2022-11-17,0.0,4.59,4.6,4.59,289.0,132780.0,4.59
601328.SH,2022-11-17,0.0,4.6,4.6,4.59,879.0,404124.0,4.59
601328.SH,2022-11-17,0.0,4.59,4.6,4.59,303.0,139204.0,4.59
601328.SH,2022-11-17,0.0,4.59,4.6,4.59,763.0,350563.0,4.59
601328.SH,2022-11-17,0.0,4.6,4.6,4.59,245.0,112578.0,4.59
601328.SH,2022-11-17,0.0,4.59,4.6,4.59,935.0,429919.0,4.59
601328.SH,2022-11-17,0.0,4.59,4.6,4.59,596.0,274028.0,4.59
601328.SH,2022-11-17,0.0,4.59,4.6,4.59,2062.0,947106.0,4.59
601328.SH,2022-11-17,0.0,4.59,4.6,4.59,2197.0,1008920.0,4.59
601328.SH,2022-11-17,0.0,4.59,4.6,4.59,3202.0,1470090.0,4.59
601328.SH,2022-11-17,0.0,4.6,4.6,4.58,4565.0,2095070.0,4.59
601328.SH,2022-11-17,0.0,4.58,4.6,4.58,2489.0,1142810.0,4.59
601328.SH,2022-11-17,0.0,4.59,4.59,4.58,278.0,127547.0,4.59
601328.SH,2022-11-17,0.0,4.59,4.59,4.58,634.0,290998.0,4.59
601328.SH,2022-11-17,0.0,4.6,4.6,4.58,1938.0,889931.0,4.59
601328.SH,2022-11-17,0.0,4.6,4.6,4.59,107.0,49119.0,4.59
601328.SH,2022-11-17,0.0,4.59,4.6,4.59,408.0,187286.0,4.59
601328.SH,2022-11-17,0.0,4.59,4.6,4.59,388.0,178389.0,4.59
601328.SH,2022-11-17,0.0,4.59,4.6,4.58,2509.0,1151680.0,4.59
601328.SH,2022-11-17,0.0,4.59,4.59,4.58,391.0,179465.0,4.59
601328.SH,2022-11-17,0.0,4.59,4.59,4.58,227.0,104001.0,4.59
601328.SH,2022-11-17,0.0,4.58,4.59,4.58,844.0,387235.0,4.59
601328.SH,2022-11-17,0.0,4.58,4.59,4.58,1596.0,732532.0,4.59
601328.SH,2022-11-17,0.0,4.58,4.59,4.58,348.0,159694.0,4.59
601328.SH,2022-11-17,0.0,4.58,4.59,4.58,586.0,268818.0,4.59
601328.SH,2022-11-17,0.0,4.59,4.59,4.58,1615.0,741144.0,4.59
601328.SH,2022-11-17,0.0,4.59,4.59,4.58,777.0,356360.0,4.59
601328.SH,2022-11-17,0.0,4.59,4.59,4.58,681.0,312520.0,4.59
601328.SH,2022-11-17,0.0,4.58,4.59,4.58,3589.0,1647210.0,4.59
601328.SH,2022-11-17,0.0,4.59,4.59,4.58,1495.0,686043.0,4.59
601328.SH,2022-11-17,0.0,4.59,4.59,4.58,964.0,442356.0,4.59
601328.SH,2022-11-17,0.0,4.58,4.59,4.58,128.0,58713.0,4.59
601328.SH,2022-11-17,0.0,4.59,4.59,4.58,611.0,280316.0,4.59
601328.SH,2022-11-17,0.0,4.59,4.59,4.58,760.0,348504.0,4.59
601328.SH,2022-11-17,0.0,4.59,4.59,4.58,191.0,87604.0,4.59
601328.SH,2022-11-17,0.0,4.6,4.6,4.58,5447.0,2499960.0,4.59
601328.SH,2022-11-17,0.0,4.6,4.6,4.59,811.0,373038.0,4.59
601328.SH,2022-11-17,0.0,4.59,4.6,4.59,347.0,159433.0,4.59
601328.SH,2022-11-17,0.0,4.6,4.6,4.59,918.0,422218.0,4.59
601328.SH,2022-11-17,0.0,4.59,4.6,4.59,1174.0,539570.0,4.59
601328.SH,2022-11-17,0.0,4.6,4.6,4.59,1057.0,485451.0,4.59
601328.SH,2022-11-17,0.0,4.59,4.6,4.59,455.0,208898.0,4.59
601328.SH,2022-11-17,0.0,4.59,4.6,4.59,1370.0,628947.0,4.59
601328.SH,2022-11-17,0.0,4.59,4.6,4.59,244.0,112100.0,4.59
601328.SH,2022-11-17,0.0,4.59,4.6,4.59,401.0,184187.0,4.59
601328.SH,2022-11-17,0.0,4.6,4.6,4.59,383.0,176032.0,4.59
601328.SH,2022-11-17,0.0,4.59,4.6,4.59,1952.0,896115.0,4.59
601328.SH,2022-11-17,0.0,4.59,4.6,4.59,5287.0,2426870.0,4.59
601328.SH,2022-11-17,0.0,4.58,4.6,4.58,1503.0,689917.0,4.59
601328.SH,2022-11-17,0.0,4.59,4.6,4.58,535.0,245563.0,4.59
601328.SH,2022-11-17,0.0,4.59,4.6,4.59,473.0,217158.0,4.59
601328.SH,2022-11-17,0.0,4.58,4.59,4.58,4219.0,1936040.0,4.59
601328.SH,2022-11-17,0.0,4.58,4.59,4.58,137.0,62759.0,4.59
601328.SH,2022-11-17,0.0,4.58,4.59,4.58,356.0,163179.0,4.59
601328.SH,2022-11-17,0.0,4.59,4.59,4.58,403.0,184643.0,4.59
601328.SH,2022-11-17,0.0,4.58,4.59,4.58,267.0,122419.0,4.59
601328.SH,2022-11-17,0.0,4.59,4.59,4.58,274.0,125624.0,4.59
601328.SH,2022-11-17,0.0,4.58,4.59,4.58,613.0,281034.0,4.59
601328.SH,2022-11-17,0.0,4.58,4.59,4.58,1147.0,525371.0,4.59
601328.SH,2022-11-17,0.0,4.59,4.59,4.58,1236.0,566373.0,4.59
601328.SH,2022-11-17,0.0,4.59,4.59,4.58,338.0,154969.0,4.59
601328.SH,2022-11-17,0.0,4.59,4.59,4.58,793.0,363252.0,4.59
601328.SH,2022-11-17,0.0,4.58,4.59,4.58,189.0,86644.0,4.59
601328.SH,2022-11-17,0.0,4.58,4.59,4.58,1441.0,660239.0,4.59
601328.SH,2022-11-17,0.0,4.58,4.59,4.58,671.0,307620.0,4.59
601328.SH,2022-11-17,0.0,4.59,4.59,4.58,917.0,420125.0,4.59
601328.SH,2022-11-17,0.0,4.58,4.59,4.58,139.0,63724.0,4.59
601328.SH,2022-11-17,0.0,4.58,4.59,4.58,2198.0,1008750.0,4.59
601328.SH,2022-11-17,0.0,4.58,4.59,4.58,788.0,360965.0,4.59
601328.SH,2022-11-17,0.0,4.59,4.59,4.58,568.0,260580.0,4.59
601328.SH,2022-11-17,0.0,4.58,4.59,4.58,669.0,306830.0,4.59
601328.SH,2022-11-17,0.0,4.59,4.59,4.58,382.0,175053.0,4.59
601328.SH,2022-11-17,0.0,4.59,4.59,4.58,527.0,241714.0,4.59
601328.SH,2022-11-17,0.0,4.58,4.59,4.58,394.0,180568.0,4.59
601328.SH,2022-11-17,0.0,4.58,4.59,4.58,674.0,309062.0,4.59
601328.SH,2022-11-17,0.0,4.59,4.59,4.58,241.0,110435.0,4.59
601328.SH,2022-11-17,0.0,4.59,4.59,4.58,2955.0,1356020.0,4.59
601328.SH,2022-11-17,0.0,4.58,4.59,4.58,1197.0,548510.0,4.59
601328.SH,2022-11-17,0.0,4.59,4.59,4.58,611.0,280121.0,4.59
601328.SH,2022-11-17,0.0,4.59,4.59,4.59,651.0,298775.0,4.59
601328.SH,2022-11-17,0.0,4.59,4.59,4.58,1417.0,649464.0,4.589
601328.SH,2022-11-17,0.0,4.58,4.59,4.58,313.0,143510.0,4.589
601328.SH,2022-11-17,0.0,4.59,4.59,4.58,1949.0,892926.0,4.589
601328.SH,2022-11-17,0.0,4.58,4.59,4.58,1296.0,593706.0,4.589
601328.SH,2022-11-17,0.0,4.59,4.59,4.58,472.0,216543.0,4.589
601328.SH,2022-11-17,0.0,4.59,4.59,4.58,1742.0,799292.0,4.589
601328.SH,2022-11-17,0.0,4.59,4.59,4.58,800.0,366556.0,4.589
601328.SH,2022-11-17,0.0,4.59,4.59,4.58,1991.0,912904.0,4.589
601328.SH,2022-11-17,0.0,4.58,4.59,4.58,1842.0,845264.0,4.589
601328.SH,2022-11-17,0.0,4.58,4.59,4.58,296.0,135773.0,4.589
601328.SH,2022-11-17,0.0,4.58,4.59,4.58,152.0,69726.0,4.589
601328.SH,2022-11-17,0.0,4.59,4.59,4.58,342.0,156863.0,4.589
601328.SH,2022-11-17,0.0,4.58,4.59,4.58,1888.0,866209.0,4.589
601328.SH,2022-11-17,0.0,4.59,4.59,4.58,331.0,151903.0,4.589
601328.SH,2022-11-17,0.0,4.59,4.59,4.58,359.0,164707.0,4.589
601328.SH,2022-11-17,0.0,4.59,4.59,4.58,574.0,263253.0,4.589
601328.SH,2022-11-17,0.0,4.59,4.59,4.58,291.0,133490.0,4.589
601328.SH,2022-11-17,0.0,4.58,4.59,4.58,538.0,246738.0,4.589
601328.SH,2022-11-17,0.0,4.58,4.59,4.58,3259.0,1492680.0,4.589
601328.SH,2022-11-17,0.0,4.59,4.59,4.58,1520.0,697515.0,4.589
601328.SH,2022-11-17,0.0,4.59,4.59,4.58,350.0,160506.0,4.589
601328.SH,2022-11-17,0.0,4.59,4.59,4.58,480.0,220151.0,4.589
601328.SH,2022-11-17,0.0,4.59,4.59,4.58,661.0,303306.0,4.589
601328.SH,2022-11-17,0.0,4.59,4.59,4.58,415.0,190263.0,4.589
601328.SH,2022-11-17,0.0,4.58,4.59,4.58,230.0,105516.0,4.589
601328.SH,2022-11-17,0.0,4.58,4.59,4.58,532.0,243813.0,4.589
601328.SH,2022-11-17,0.0,4.58,4.59,4.58,639.0,292912.0,4.589
601328.SH,2022-11-17,0.0,4.58,4.59,4.58,228.0,104558.0,4.589
601328.SH,2022-11-17,0.0,4.58,4.59,4.58,269.0,123311.0,4.589
601328.SH,2022-11-17,0.0,4.59,4.59,4.58,243.0,111491.0,4.589
601328.SH,2022-11-17,0.0,4.58,4.59,4.58,353.0,161819.0,4.589
601328.SH,2022-11-17,0.0,4.59,4.59,4.58,375.0,171991.0,4.589
601328.SH,2022-11-17,0.0,4.59,4.59,4.58,1004.0,460685.0,4.589
601328.SH,2022-11-17,0.0,4.59,4.59,4.58,975.0,447392.0,4.589
601328.SH,2022-11-17,0.0,4.59,4.59,4.58,395.0,181062.0,4.589
601328.SH,2022-11-17,0.0,4.58,4.59,4.58,520.0,238407.0,4.589
601328.SH,2022-11-17,0.0,4.59,4.59,4.58,309.0,141693.0,4.589
601328.SH,2022-11-17,0.0,4.59,4.59,4.58,502.0,230118.0,4.589
601328.SH,2022-11-17,0.0,4.59,4.59,4.58,428.0,196145.0,4.589
601328.SH,2022-11-17,0.0,4.59,4.59,4.58,298.0,136718.0,4.589
601328.SH,2022-11-17,0.0,4.59,4.59,4.58,619.0,283685.0,4.589
601328.SH,2022-11-17,0.0,4.58,4.59,4.58,701.0,321601.0,4.589
601328.SH,2022-11-17,0.0,4.59,4.59,4.58,248.0,113719.0,4.589
601328.SH,2022-11-17,0.0,4.58,4.59,4.58,758.0,347300.0,4.589
601328.SH,2022-11-17,0.0,4.59,4.59,4.58,1342.0,615577.0,4.589
601328.SH,2022-11-17,0.0,4.58,4.59,4.58,583.0,267108.0,4.589
601328.SH,2022-11-17,0.0,4.59,4.59,4.58,209.0,95854.0,4.589
601328.SH,2022-11-17,0.0,4.58,4.59,4.58,726.0,332763.0,4.589
601328.SH,2022-11-17,0.0,4.58,4.59,4.58,690.0,316180.0,4.589
601328.SH,2022-11-17,0.0,4.58,4.59,4.58,299.0,137137.0,4.589
601328.SH,2022-11-17,0.0,4.59,4.59,4.58,222.0,101788.0,4.589
601328.SH,2022-11-17,0.0,4.58,4.59,4.58,650.0,297692.0,4.589
601328.SH,2022-11-17,0.0,4.58,4.59,4.58,227.0,104003.0,4.589
601328.SH,2022-11-17,0.0,4.59,4.59,4.58,350.0,160390.0,4.589
601328.SH,2022-11-17,0.0,4.59,4.59,4.58,586.0,268714.0,4.589
601328.SH,2022-11-17,0.0,4.59,4.59,4.58,5178.0,2371970.0,4.589
601328.SH,2022-11-17,0.0,4.58,4.59,4.58,369.0,169194.0,4.589
601328.SH,2022-11-17,0.0,4.58,4.59,4.58,240.0,110066.0,4.589
601328.SH,2022-11-17,0.0,4.59,4.59,4.58,165.0,75725.0,4.589
601328.SH,2022-11-17,0.0,4.59,4.59,4.58,528.0,242188.0,4.589
601328.SH,2022-11-17,0.0,4.59,4.59,4.58,661.0,302989.0,4.588
601328.SH,2022-11-17,0.0,4.59,4.59,4.58,493.0,226016.0,4.588
601328.SH,2022-11-17,0.0,4.59,4.59,4.58,482.0,220994.0,4.588
601328.SH,2022-11-17,0.0,4.59,4.59,4.58,437.0,200467.0,4.588
601328.SH,2022-11-17,0.0,4.59,4.59,4.58,1435.0,657449.0,4.588
601328.SH,2022-11-17,0.0,4.58,4.59,4.58,272.0,124724.0,4.588
601328.SH,2022-11-17,0.0,4.58,4.59,4.58,358.0,164122.0,4.588
601328.SH,2022-11-17,0.0,4.59,4.59,4.58,467.0,213972.0,4.588
601328.SH,2022-11-17,0.0,4.59,4.59,4.58,922.0,423059.0,4.588
601328.SH,2022-11-17,0.0,4.58,4.59,4.58,281.0,128745.0,4.588
601328.SH,2022-11-17,0.0,4.59,4.59,4.58,672.0,308397.0,4.588
601328.SH,2022-11-17,0.0,4.59,4.59,4.58,10278.0,4717360.0,4.588
601328.SH,2022-11-17,0.0,4.59,4.6,4.58,7050.0,3236840.0,4.589
601328.SH,2022-11-17,0.0,4.59,4.6,4.59,224.0,102871.0,4.589
601328.SH,2022-11-17,0.0,4.6,4.6,4.59,361.0,165886.0,4.589
601328.SH,2022-11-17,0.0,4.59,4.6,4.59,443.0,203599.0,4.589
601328.SH,2022-11-17,0.0,4.59,4.6,4.59,467.0,214524.0,4.589
601328.SH,2022-11-17,0.0,4.59,4.59,4.58,9241.0,4241620.0,4.589
601328.SH,2022-11-17,0.0,4.58,4.59,4.58,215.0,98524.0,4.589
601328.SH,2022-11-17,0.0,4.58,4.59,4.58,257.0,117843.0,4.589
601328.SH,2022-11-17,0.0,4.59,4.59,4.58,1570.0,720575.0,4.589
601328.SH,2022-11-17,0.0,4.59,4.59,4.58,1871.0,858731.0,4.589
601328.SH,2022-11-17,0.0,4.58,4.59,4.58,991.0,454100.0,4.589
601328.SH,2022-11-17,0.0,4.59,4.59,4.58,616.0,282343.0,4.589
601328.SH,2022-11-17,0.0,4.59,4.59,4.58,474.0,217285.0,4.589
601328.SH,2022-11-17,0.0,4.58,4.59,4.58,126.0,57787.0,4.589
601328.SH,2022-11-17,0.0,4.59,4.59,4.58,620.0,284310.0,4.589
601328.SH,2022-11-17,0.0,4.58,4.59,4.58,896.0,410540.0,4.589
601328.SH,2022-11-17,0.0,4.58,4.59,4.58,353.0,161967.0,4.589
601328.SH,2022-11-17,0.0,4.58,4.59,4.58,861.0,395040.0,4.589
601328.SH,2022-11-17,0.0,4.58,4.59,4.58,636.0,291767.0,4.589
601328.SH,2022-11-17,0.0,4.59,4.59,4.58,582.0,267044.0,4.589
601328.SH,2022-11-17,0.0,4.59,4.59,4.58,5179.0,2377030.0,4.589
601328.SH,2022-11-17,0.0,4.58,4.59,4.58,959.0,440113.0,4.589
601328.SH,2022-11-17,0.0,4.59,4.59,4.58,4307.0,1976170.0,4.589
601328.SH,2022-11-17,0.0,4.6,4.6,4.59,5499.0,2523600.0,4.589
601328.SH,2022-11-17,0.0,4.58,4.6,4.58,1476.0,677725.0,4.589
601328.SH,2022-11-17,0.0,4.59,4.6,4.58,1927.0,884549.0,4.589
601328.SH,2022-11-17,0.0,4.58,4.59,4.58,4662.0,2139740.0,4.589
601328.SH,2022-11-17,0.0,4.59,4.6,4.58,2222.0,1019500.0,4.589
601328.SH,2022-11-17,0.0,4.59,4.59,4.58,1525.0,699992.0,4.589
601328.SH,2022-11-17,0.0,4.6,4.6,4.58,2711.0,1244420.0,4.589
601328.SH,2022-11-17,0.0,4.59,4.6,4.59,746.0,342653.0,4.589
601328.SH,2022-11-17,0.0,4.59,4.6,4.59,860.0,394848.0,4.589
601328.SH,2022-11-17,0.0,4.6,4.6,4.59,282.0,129502.0,4.589
601328.SH,2022-11-17,0.0,4.59,4.6,4.59,856.0,393471.0,4.589
601328.SH,2022-11-17,0.0,4.6,4.6,4.59,1049.0,481910.0,4.589
601328.SH,2022-11-17,0.0,4.59,4.6,4.59,492.0,226231.0,4.589
601328.SH,2022-11-17,0.0,4.6,4.6,4.59,713.0,327865.0,4.589
601328.SH,2022-11-17,0.0,4.6,4.6,4.59,1908.0,876189.0,4.589
601328.SH,2022-11-17,0.0,4.6,4.6,4.59,637.0,292835.0,4.589
601328.SH,2022-11-17,0.0,4.59,4.6,4.59,818.0,376040.0,4.589
601328.SH,2022-11-17,0.0,4.6,4.6,4.59,4024.0,1847610.0,4.589
601328.SH,2022-11-17,0.0,4.59,4.6,4.59,5958.0,2735220.0,4.589
601328.SH,2022-11-17,0.0,4.6,4.6,4.59,1171.0,538014.0,4.589
601328.SH,2022-11-17,0.0,4.59,4.6,4.59,1924.0,883897.0,4.589
601328.SH,2022-11-17,0.0,4.6,4.6,4.59,1145.0,526341.0,4.589
601328.SH,2022-11-17,0.0,4.6,4.6,4.59,1340.0,615926.0,4.589
601328.SH,2022-11-17,0.0,4.59,4.6,4.59,1956.0,898823.0,4.589
601328.SH,2022-11-17,0.0,4.59,4.6,4.59,1680.0,772145.0,4.589
601328.SH,2022-11-17,0.0,4.6,4.6,4.59,2872.0,1320460.0,4.589
601328.SH,2022-11-17,0.0,4.6,4.6,4.59,3100.0,1425240.0,4.589
601328.SH,2022-11-17,0.0,4.59,4.6,4.59,14048.0,6458270.0,4.59
601328.SH,2022-11-17,0.0,4.6,4.6,4.59,1721.0,790875.0,4.59
601328.SH,2022-11-17,0.0,4.6,4.6,4.6,0.0,0.0,4.59
601328.SH,2022-11-17,0.0,4.6,4.6,4.6,0.0,0.0,4.59
601328.SH,2022-11-17,0.0,4.6,4.6,4.6,16068.0,7391280.0,4.59
601328.SH,2022-11-18,0.0,4.6,4.6,4.6,5497.0,2528620.0,4.6
601328.SH,2022-11-18,0.0,4.6,4.6,4.59,4643.0,2133460.0,4.598
601328.SH,2022-11-18,0.0,4.59,4.6,4.59,2768.0,1272720.0,4.598
601328.SH,2022-11-18,0.0,4.61,4.61,4.6,16895.0,7771890.0,4.599
601328.SH,2022-11-18,0.0,4.61,4.61,4.6,541.0,248986.0,4.599
601328.SH,2022-11-18,0.0,4.6,4.61,4.6,858.0,394999.0,4.599
601328.SH,2022-11-18,0.0,4.6,4.61,4.6,4173.0,1919800.0,4.6
601328.SH,2022-11-18,0.0,4.6,4.6,4.59,1075.0,493709.0,4.599
601328.SH,2022-11-18,0.0,4.6,4.6,4.59,1899.0,872175.0,4.599
601328.SH,2022-11-18,0.0,4.6,4.6,4.59,2683.0,1232200.0,4.599
601328.SH,2022-11-18,0.0,4.6,4.6,4.59,2127.0,976822.0,4.598
601328.SH,2022-11-18,0.0,4.6,4.6,4.59,4831.0,2220360.0,4.598
601328.SH,2022-11-18,0.0,4.6,4.6,4.59,1912.0,878965.0,4.598
601328.SH,2022-11-18,0.0,4.59,4.6,4.59,1389.0,637774.0,4.598
601328.SH,2022-11-18,0.0,4.59,4.6,4.59,865.0,397317.0,4.598
601328.SH,2022-11-18,0.0,4.6,4.6,4.59,959.0,440539.0,4.598
601328.SH,2022-11-18,0.0,4.6,4.6,4.59,9753.0,4478650.0,4.597
601328.SH,2022-11-18,0.0,4.59,4.6,4.59,696.0,319699.0,4.597
601328.SH,2022-11-18,0.0,4.59,4.6,4.59,722.0,331596.0,4.597
601328.SH,2022-11-18,0.0,4.59,4.6,4.59,1173.0,538697.0,4.597
601328.SH,2022-11-18,0.0,4.6,4.6,4.59,2159.0,992363.0,4.597
601328.SH,2022-11-18,0.0,4.6,4.6,4.59,1194.0,548532.0,4.597
601328.SH,2022-11-18,0.0,4.59,4.6,4.59,3547.0,1628440.0,4.596
601328.SH,2022-11-18,0.0,4.59,4.6,4.59,847.0,388876.0,4.596
601328.SH,2022-11-18,0.0,4.59,4.6,4.59,926.0,425814.0,4.596
601328.SH,2022-11-18,0.0,4.59,4.6,4.59,1462.0,671430.0,4.596
601328.SH,2022-11-18,0.0,4.59,4.6,4.59,1473.0,676381.0,4.596
601328.SH,2022-11-18,0.0,4.59,4.6,4.59,6635.0,3046060.0,4.596
601328.SH,2022-11-18,0.0,4.59,4.6,4.59,676.0,310581.0,4.596
601328.SH,2022-11-18,0.0,4.59,4.6,4.59,648.0,297791.0,4.596
601328.SH,2022-11-18,0.0,4.59,4.6,4.59,1430.0,656731.0,4.596
601328.SH,2022-11-18,0.0,4.59,4.6,4.59,3432.0,1577960.0,4.596
601328.SH,2022-11-18,0.0,4.59,4.6,4.59,874.0,401337.0,4.596
601328.SH,2022-11-18,0.0,4.59,4.6,4.59,477.0,218954.0,4.596
601328.SH,2022-11-18,0.0,4.59,4.6,4.59,1432.0,657695.0,4.596
601328.SH,2022-11-18,0.0,4.6,4.6,4.59,831.0,381498.0,4.596
601328.SH,2022-11-18,0.0,4.59,4.6,4.59,937.0,430449.0,4.596
601328.SH,2022-11-18,0.0,4.59,4.6,4.59,1819.0,835392.0,4.596
601328.SH,2022-11-18,0.0,4.59,4.6,4.59,783.0,359497.0,4.596
601328.SH,2022-11-18,0.0,4.6,4.6,4.59,713.0,327301.0,4.595
601328.SH,2022-11-18,0.0,4.59,4.6,4.59,1114.0,511393.0,4.595
601328.SH,2022-11-18,0.0,4.59,4.6,4.59,898.0,412464.0,4.595
601328.SH,2022-11-18,0.0,4.59,4.6,4.59,1341.0,615690.0,4.595
601328.SH,2022-11-18,0.0,4.59,4.6,4.59,939.0,431186.0,4.595
601328.SH,2022-11-18,0.0,4.59,4.6,4.59,982.0,451073.0,4.595
601328.SH,2022-11-18,0.0,4.6,4.6,4.59,1761.0,808485.0,4.595
601328.SH,2022-11-18,0.0,4.59,4.6,4.59,4037.0,1853260.0,4.595
601328.SH,2022-11-18,0.0,4.59,4.6,4.59,11226.0,5153100.0,4.595
601328.SH,2022-11-18,0.0,4.59,4.6,4.59,1355.0,622908.0,4.595
601328.SH,2022-11-18,0.0,4.59,4.6,4.59,938.0,430667.0,4.595
601328.SH,2022-11-18,0.0,4.59,4.6,4.59,935.0,429555.0,4.595
601328.SH,2022-11-18,0.0,4.59,4.6,4.59,7469.0,3428620.0,4.594
601328.SH,2022-11-18,0.0,4.58,4.6,4.58,7750.0,3556140.0,4.594
601328.SH,2022-11-18,0.0,4.58,4.59,4.58,659.0,301956.0,4.594
601328.SH,2022-11-18,0.0,4.59,4.59,4.58,1071.0,491223.0,4.594
601328.SH,2022-11-18,0.0,4.58,4.59,4.58,1678.0,769010.0,4.594
601328.SH,2022-11-18,0.0,4.58,4.59,4.58,1126.0,515873.0,4.594
601328.SH,2022-11-18,0.0,4.58,4.59,4.58,1511.0,692445.0,4.594
601328.SH,2022-11-18,0.0,4.59,4.59,4.58,2825.0,1294100.0,4.593
601328.SH,2022-11-18,0.0,4.59,4.59,4.58,415.0,190215.0,4.593
601328.SH,2022-11-18,0.0,4.58,4.59,4.58,2012.0,921767.0,4.593
601328.SH,2022-11-18,0.0,4.58,4.59,4.58,370.0,169690.0,4.593
601328.SH,2022-11-18,0.0,4.59,4.59,4.58,1110.0,508807.0,4.593
601328.SH,2022-11-18,0.0,4.58,4.59,4.58,764.0,350490.0,4.593
601328.SH,2022-11-18,0.0,4.59,4.59,4.58,1352.0,619446.0,4.593
601328.SH,2022-11-18,0.0,4.59,4.59,4.58,310.0,142178.0,4.593
601328.SH,2022-11-18,0.0,4.58,4.59,4.58,1289.0,590668.0,4.593
601328.SH,2022-11-18,0.0,4.58,4.59,4.58,668.0,306127.0,4.593
601328.SH,2022-11-18,0.0,4.59,4.59,4.58,749.0,343362.0,4.593
601328.SH,2022-11-18,0.0,4.59,4.59,4.58,561.0,257173.0,4.593
601328.SH,2022-11-18,0.0,4.58,4.59,4.58,1729.0,792200.0,4.593
601328.SH,2022-11-18,0.0,4.59,4.59,4.58,755.0,346034.0,4.593
601328.SH,2022-11-18,0.0,4.58,4.59,4.58,1137.0,520904.0,4.593
601328.SH,2022-11-18,0.0,4.59,4.59,4.58,1503.0,688666.0,4.592
601328.SH,2022-11-18,0.0,4.58,4.59,4.58,2070.0,948231.0,4.592
601328.SH,2022-11-18,0.0,4.59,4.59,4.58,590.0,270414.0,4.592
601328.SH,2022-11-18,0.0,4.58,4.59,4.58,9024.0,4139920.0,4.592
601328.SH,2022-11-18,0.0,4.58,4.59,4.58,1058.0,484756.0,4.592
601328.SH,2022-11-18,0.0,4.58,4.59,4.58,3871.0,1773020.0,4.592
601328.SH,2022-11-18,0.0,4.58,4.59,4.58,3611.0,1653990.0,4.591
601328.SH,2022-11-18,0.0,4.59,4.59,4.58,2479.0,1136180.0,4.591
601328.SH,2022-11-18,0.0,4.58,4.59,4.58,1325.0,606968.0,4.591
601328.SH,2022-11-18,0.0,4.58,4.59,4.58,1025.0,469607.0,4.591
601328.SH,2022-11-18,0.0,4.59,4.59,4.58,3389.0,1552500.0,4.591
601328.SH,2022-11-18,0.0,4.58,4.59,4.58,4882.0,2236240.0,4.591
601328.SH,2022-11-18,0.0,4.59,4.59,4.58,3306.0,1514440.0,4.591
601328.SH,2022-11-18,0.0,4.58,4.59,4.58,1783.0,816836.0,4.591
601328.SH,2022-11-18,0.0,4.58,4.59,4.58,2065.0,945948.0,4.59
601328.SH,2022-11-18,0.0,4.58,4.59,4.58,532.0,243938.0,4.59
601328.SH,2022-11-18,0.0,4.58,4.59,4.58,3043.0,1393830.0,4.59
601328.SH,2022-11-18,0.0,4.59,4.59,4.58,1024.0,469147.0,4.59
601328.SH,2022-11-18,0.0,4.58,4.59,4.58,2004.0,918019.0,4.59
601328.SH,2022-11-18,0.0,4.58,4.59,4.58,2768.0,1267930.0,4.59
601328.SH,2022-11-18,0.0,4.58,4.59,4.58,3177.0,1455290.0,4.59
601328.SH,2022-11-18,0.0,4.59,4.59,4.58,465.0,213057.0,4.59
601328.SH,2022-11-18,0.0,4.58,4.59,4.58,2538.0,1162740.0,4.59
601328.SH,2022-11-18,0.0,4.58,4.59,4.58,968.0,443465.0,4.59
601328.SH,2022-11-18,0.0,4.59,4.59,4.58,1570.0,719270.0,4.59
601328.SH,2022-11-18,0.0,4.58,4.59,4.58,1132.0,518535.0,4.59
601328.SH,2022-11-18,0.0,4.58,4.59,4.58,1176.0,538687.0,4.59
601328.SH,2022-11-18,0.0,4.58,4.59,4.58,930.0,426129.0,4.59
601328.SH,2022-11-18,0.0,4.58,4.59,4.58,1600.0,732943.0,4.589
601328.SH,2022-11-18,0.0,4.58,4.59,4.58,2704.0,1238440.0,4.589
601328.SH,2022-11-18,0.0,4.58,4.59,4.58,1135.0,519841.0,4.589
601328.SH,2022-11-18,0.0,4.58,4.59,4.58,428.0,196197.0,4.589
601328.SH,2022-11-18,0.0,4.58,4.59,4.58,641.0,293903.0,4.589
601328.SH,2022-11-18,0.0,4.58,4.59,4.58,1369.0,627215.0,4.589
601328.SH,2022-11-18,0.0,4.58,4.59,4.58,498.0,228196.0,4.589
601328.SH,2022-11-18,0.0,4.58,4.59,4.58,630.0,288706.0,4.589
601328.SH,2022-11-18,0.0,4.58,4.59,4.58,1609.0,738092.0,4.589
601328.SH,2022-11-18,0.0,4.58,4.59,4.58,2888.0,1322950.0,4.589
601328.SH,2022-11-18,0.0,4.58,4.59,4.58,4483.0,2053530.0,4.589
601328.SH,2022-11-18,0.0,4.58,4.59,4.58,651.0,298261.0,4.589
601328.SH,2022-11-18,0.0,4.58,4.59,4.58,1192.0,546603.0,4.589
601328.SH,2022-11-18,0.0,4.58,4.59,4.58,569.0,260828.0,4.589
601328.SH,2022-11-18,0.0,4.58,4.59,4.58,1775.0,813081.0,4.589
601328.SH,2022-11-18,0.0,4.58,4.59,4.58,205.0,93988.0,4.589
601328.SH,2022-11-18,0.0,4.58,4.59,4.58,413.0,189284.0,4.589
601328.SH,2022-11-18,0.0,4.59,4.59,4.58,2504.0,1146940.0,4.589
601328.SH,2022-11-18,0.0,4.58,4.59,4.58,621.0,284650.0,4.589
601328.SH,2022-11-18,0.0,4.59,4.59,4.58,859.0,393538.0,4.589
601328.SH,2022-11-18,0.0,4.59,4.59,4.58,3947.0,1810280.0,4.589
601328.SH,2022-11-18,0.0,4.59,4.59,4.58,2170.0,994260.0,4.589
601328.SH,2022-11-18,0.0,4.59,4.59,4.58,717.0,329037.0,4.589
601328.SH,2022-11-18,0.0,4.58,4.59,4.58,614.0,281681.0,4.589
601328.SH,2022-11-18,0.0,4.59,4.59,4.58,4142.0,1898320.0,4.589
601328.SH,2022-11-18,0.0,4.59,4.59,4.58,1435.0,657395.0,4.589
601328.SH,2022-11-18,0.0,4.59,4.59,4.58,637.0,291798.0,4.588
601328.SH,2022-11-18,0.0,4.59,4.59,4.58,481.0,220321.0,4.588
601328.SH,2022-11-18,0.0,4.59,4.59,4.58,3771.0,1727220.0,4.588
601328.SH,2022-11-18,0.0,4.59,4.59,4.58,559.0,256070.0,4.588
601328.SH,2022-11-18,0.0,4.58,4.59,4.58,753.0,344900.0,4.588
601328.SH,2022-11-18,0.0,4.58,4.59,4.58,251.0,115043.0,4.588
601328.SH,2022-11-18,0.0,4.58,4.59,4.58,1267.0,580935.0,4.588
601328.SH,2022-11-18,0.0,4.59,4.59,4.58,980.0,449147.0,4.588
601328.SH,2022-11-18,0.0,4.59,4.59,4.58,11769.0,5400970.0,4.588
601328.SH,2022-11-18,0.0,4.6,4.6,4.58,22804.0,10466900.0,4.588
601328.SH,2022-11-18,0.0,4.6,4.6,4.59,493.0,226694.0,4.588
601328.SH,2022-11-18,0.0,4.6,4.6,4.59,12585.0,5778500.0,4.589
601328.SH,2022-11-18,0.0,4.6,4.6,4.59,1272.0,584593.0,4.589
601328.SH,2022-11-18,0.0,4.59,4.6,4.59,1142.0,524202.0,4.589
601328.SH,2022-11-18,0.0,4.6,4.6,4.59,148.0,68023.0,4.589
601328.SH,2022-11-18,0.0,4.59,4.6,4.59,6439.0,2956550.0,4.589
601328.SH,2022-11-18,0.0,4.6,4.6,4.59,6119.0,2808680.0,4.589
601328.SH,2022-11-18,0.0,4.59,4.6,4.59,2829.0,1298660.0,4.589
601328.SH,2022-11-18,0.0,4.58,4.6,4.58,4073.0,1868830.0,4.589
601328.SH,2022-11-18,0.0,4.59,4.59,4.58,2271.0,1042130.0,4.589
601328.SH,2022-11-18,0.0,4.58,4.59,4.58,170.0,77919.0,4.589
601328.SH,2022-11-18,0.0,4.59,4.59,4.58,2740.0,1255400.0,4.589
601328.SH,2022-11-18,0.0,4.58,4.59,4.58,742.0,340444.0,4.589
601328.SH,2022-11-18,0.0,4.58,4.59,4.58,1399.0,640844.0,4.589
601328.SH,2022-11-18,0.0,4.58,4.59,4.58,1526.0,699188.0,4.589
601328.SH,2022-11-18,0.0,4.58,4.59,4.58,1165.0,533831.0,4.589
601328.SH,2022-11-18,0.0,4.58,4.59,4.58,2062.0,944609.0,4.589
601328.SH,2022-11-18,0.0,4.58,4.59,4.58,762.0,349473.0,4.589
601328.SH,2022-11-18,0.0,4.58,4.59,4.58,1851.0,847882.0,4.588
601328.SH,2022-11-18,0.0,4.59,4.59,4.58,1087.0,498211.0,4.588
601328.SH,2022-11-18,0.0,4.58,4.59,4.58,1081.0,495641.0,4.588
601328.SH,2022-11-18,0.0,4.59,4.59,4.58,14472.0,6642600.0,4.589
601328.SH,2022-11-18,0.0,4.58,4.6,4.58,1998.0,917031.0,4.589
601328.SH,2022-11-18,0.0,4.59,4.59,4.58,761.0,349260.0,4.589
601328.SH,2022-11-18,0.0,4.59,4.6,4.58,1705.0,782552.0,4.589
601328.SH,2022-11-18,0.0,4.59,4.6,4.59,168.0,77154.0,4.589
601328.SH,2022-11-18,0.0,4.58,4.6,4.58,1763.0,809052.0,4.589
601328.SH,2022-11-18,0.0,4.58,4.59,4.58,176.0,80717.0,4.589
601328.SH,2022-11-18,0.0,4.59,4.59,4.58,1071.0,491043.0,4.589
601328.SH,2022-11-18,0.0,4.58,4.59,4.58,716.0,328030.0,4.589
601328.SH,2022-11-18,0.0,4.58,4.59,4.58,314.0,143942.0,4.589
601328.SH,2022-11-18,0.0,4.58,4.59,4.58,1107.0,507532.0,4.589
601328.SH,2022-11-18,0.0,4.59,4.59,4.58,921.0,422654.0,4.589
601328.SH,2022-11-18,0.0,4.59,4.59,4.58,1118.0,512853.0,4.589
601328.SH,2022-11-18,0.0,4.59,4.59,4.58,432.0,198192.0,4.589
601328.SH,2022-11-18,0.0,4.59,4.59,4.58,520.0,238591.0,4.589
601328.SH,2022-11-18,0.0,4.59,4.59,4.58,1226.0,562618.0,4.589
601328.SH,2022-11-18,0.0,4.59,4.59,4.58,1048.0,480931.0,4.589
601328.SH,2022-11-18,0.0,4.58,4.59,4.58,790.0,362358.0,4.589
601328.SH,2022-11-18,0.0,4.59,4.59,4.58,1840.0,844378.0,4.589
601328.SH,2022-11-18,0.0,4.58,4.59,4.58,382.0,175244.0,4.589
601328.SH,2022-11-18,0.0,4.59,4.59,4.58,582.0,266996.0,4.589
601328.SH,2022-11-18,0.0,4.58,4.59,4.58,868.0,397856.0,4.589
601328.SH,2022-11-18,0.0,4.59,4.59,4.58,988.0,452722.0,4.588
601328.SH,2022-11-18,0.0,4.58,4.59,4.58,444.0,203588.0,4.588
601328.SH,2022-11-18,0.0,4.58,4.59,4.58,974.0,446810.0,4.588
601328.SH,2022-11-18,0.0,4.58,4.59,4.58,2503.0,1146690.0,4.588
601328.SH,2022-11-18,0.0,4.58,4.59,4.58,1495.0,685537.0,4.588
601328.SH,2022-11-18,0.0,4.59,4.59,4.58,1696.0,777241.0,4.588
601328.SH,2022-11-18,0.0,4.58,4.59,4.58,384.0,176115.0,4.588
601328.SH,2022-11-18,0.0,4.59,4.59,4.58,1233.0,565061.0,4.588
601328.SH,2022-11-18,0.0,4.58,4.59,4.58,1649.0,755564.0,4.588
601328.SH,2022-11-18,0.0,4.58,4.59,4.58,819.0,375706.0,4.588
601328.SH,2022-11-18,0.0,4.58,4.59,4.58,407.0,186626.0,4.588
601328.SH,2022-11-18,0.0,4.58,4.59,4.58,702.0,321949.0,4.588
601328.SH,2022-11-18,0.0,4.58,4.59,4.58,1140.0,522443.0,4.588
601328.SH,2022-11-18,0.0,4.59,4.59,4.58,665.0,304747.0,4.588
601328.SH,2022-11-18,0.0,4.59,4.59,4.58,469.0,214887.0,4.588
601328.SH,2022-11-18,0.0,4.59,4.59,4.58,1580.0,723903.0,4.588
601328.SH,2022-11-18,0.0,4.58,4.59,4.58,8785.0,4024010.0,4.588
601328.SH,2022-11-18,0.0,4.58,4.59,4.58,1391.0,637176.0,4.588
601328.SH,2022-11-18,0.0,4.58,4.59,4.58,2240.0,1026120.0,4.588
601328.SH,2022-11-18,0.0,4.58,4.59,4.58,1042.0,477439.0,4.588
601328.SH,2022-11-18,0.0,4.58,4.59,4.58,1480.0,678209.0,4.588
601328.SH,2022-11-18,0.0,4.58,4.59,4.58,625.0,286660.0,4.588
601328.SH,2022-11-18,0.0,4.59,4.59,4.58,545.0,249940.0,4.588
601328.SH,2022-11-18,0.0,4.58,4.59,4.58,645.0,295725.0,4.588
601328.SH,2022-11-18,0.0,4.58,4.59,4.58,541.0,247944.0,4.588
601328.SH,2022-11-18,0.0,4.59,4.59,4.58,1181.0,541753.0,4.588
601328.SH,2022-11-18,0.0,4.59,4.59,4.58,861.0,394950.0,4.588
601328.SH,2022-11-18,0.0,4.59,4.59,4.58,360.0,165101.0,4.588
601328.SH,2022-11-18,0.0,4.58,4.59,4.58,1181.0,541849.0,4.588
601328.SH,2022-11-18,0.0,4.59,4.59,4.58,773.0,354236.0,4.588
601328.SH,2022-11-18,0.0,4.58,4.59,4.58,544.0,249456.0,4.588
601328.SH,2022-11-18,0.0,4.59,4.59,4.58,1250.0,572994.0,4.588
601328.SH,2022-11-18,0.0,4.58,4.59,4.58,1163.0,532940.0,4.588
601328.SH,2022-11-18,0.0,4.58,4.59,4.58,1450.0,664787.0,4.588
601328.SH,2022-11-18,0.0,4.58,4.59,4.58,6893.0,3157400.0,4.588
601328.SH,2022-11-18,0.0,4.58,4.59,4.58,1968.0,901609.0,4.588
601328.SH,2022-11-18,0.0,4.58,4.59,4.58,1128.0,517122.0,4.588
601328.SH,2022-11-18,0.0,4.58,4.59,4.58,2322.0,1065400.0,4.588
601328.SH,2022-11-18,0.0,4.58,4.59,4.58,2417.0,1107050.0,4.588
601328.SH,2022-11-18,0.0,4.59,4.59,4.58,409.0,187413.0,4.588
601328.SH,2022-11-18,0.0,4.58,4.59,4.58,1260.0,577309.0,4.588
601328.SH,2022-11-18,0.0,4.58,4.59,4.58,937.0,429779.0,4.588
601328.SH,2022-11-18,0.0,4.58,4.59,4.58,1192.0,545992.0,4.588
601328.SH,2022-11-18,0.0,4.58,4.59,4.58,9615.0,4403760.0,4.588
601328.SH,2022-11-18,0.0,4.59,4.59,4.58,3029.0,1388840.0,4.588
601328.SH,2022-11-18,0.0,4.58,4.59,4.58,987.0,452107.0,4.588
601328.SH,2022-11-18,0.0,4.58,4.59,4.58,3115.0,1427070.0,4.588
601328.SH,2022-11-18,0.0,4.58,4.59,4.58,1852.0,848288.0,4.587
601328.SH,2022-11-18,0.0,4.58,4.59,4.58,2861.0,1310460.0,4.587
601328.SH,2022-11-18,0.0,4.58,4.59,4.58,897.0,411205.0,4.587
601328.SH,2022-11-18,0.0,4.59,4.59,4.58,1178.0,540357.0,4.587
601328.SH,2022-11-18,0.0,4.59,4.59,4.58,4019.0,1842490.0,4.587
601328.SH,2022-11-18,0.0,4.58,4.59,4.58,2974.0,1362450.0,4.587
601328.SH,2022-11-18,0.0,4.58,4.59,4.58,5925.0,2716750.0,4.587
601328.SH,2022-11-18,0.0,4.58,4.59,4.58,3313.0,1518320.0,4.587
601328.SH,2022-11-18,0.0,4.58,4.59,4.58,10599.0,4861900.0,4.587
601328.SH,2022-11-18,0.0,4.58,4.59,4.58,5641.0,2586280.0,4.587
601328.SH,2022-11-18,0.0,4.58,4.59,4.58,2555.0,1171560.0,4.587
601328.SH,2022-11-18,0.0,4.58,4.58,4.58,5.0,2290.0,4.587
601328.SH,2022-11-18,0.0,4.58,4.58,4.58,0.0,0.0,4.587
601328.SH,2022-11-18,0.0,4.57,4.57,4.57,24526.0,11208200.0,4.586
601328.SH,2022-11-21,0.0,4.57,4.57,4.57,5539.0,2531320.0,4.57
601328.SH,2022-11-21,0.0,4.56,4.58,4.56,19346.0,8840820.0,4.57
601328.SH,2022-11-21,0.0,4.56,4.57,4.56,7179.0,3274330.0,4.568
601328.SH,2022-11-21,0.0,4.56,4.57,4.56,8724.0,3979360.0,4.567
601328.SH,2022-11-21,0.0,4.55,4.57,4.55,15891.0,7246300.0,4.565
601328.SH,2022-11-21,0.0,4.56,4.56,4.55,4091.0,1863970.0,4.564
601328.SH,2022-11-21,0.0,4.55,4.56,4.55,2592.0,1180540.0,4.564
601328.SH,2022-11-21,0.0,4.56,4.56,4.55,2126.0,968441.0,4.563
601328.SH,2022-11-21,0.0,4.55,4.56,4.55,1862.0,848731.0,4.563
601328.SH,2022-11-21,0.0,4.55,4.56,4.55,2218.0,1011020.0,4.563
601328.SH,2022-11-21,0.0,4.56,4.57,4.55,8877.0,4048180.0,4.563
601328.SH,2022-11-21,0.0,4.56,4.57,4.56,4372.0,1993850.0,4.563
601328.SH,2022-11-21,0.0,4.56,4.57,4.56,926.0,422364.0,4.563
601328.SH,2022-11-21,0.0,4.56,4.57,4.56,1437.0,655328.0,4.563
601328.SH,2022-11-21,0.0,4.56,4.57,4.56,220.0,100359.0,4.563
601328.SH,2022-11-21,0.0,4.56,4.57,4.56,1277.0,583182.0,4.563
601328.SH,2022-11-21,0.0,4.57,4.57,4.56,938.0,428606.0,4.563
601328.SH,2022-11-21,0.0,4.56,4.57,4.56,919.0,419293.0,4.563
601328.SH,2022-11-21,0.0,4.56,4.57,4.56,333.0,152026.0,4.563
601328.SH,2022-11-21,0.0,4.57,4.57,4.56,790.0,360595.0,4.563
601328.SH,2022-11-21,0.0,4.57,4.57,4.56,1168.0,533117.0,4.563
601328.SH,2022-11-21,0.0,4.56,4.57,4.56,4222.0,1925370.0,4.563
601328.SH,2022-11-21,0.0,4.56,4.57,4.56,730.0,333098.0,4.563
601328.SH,2022-11-21,0.0,4.56,4.57,4.56,799.0,364532.0,4.563
601328.SH,2022-11-21,0.0,4.57,4.57,4.56,390.0,178020.0,4.563
601328.SH,2022-11-21,0.0,4.57,4.57,4.56,702.0,320498.0,4.563
601328.SH,2022-11-21,0.0,4.56,4.57,4.56,783.0,357266.0,4.563
601328.SH,2022-11-21,0.0,4.56,4.57,4.56,1185.0,541304.0,4.563
601328.SH,2022-11-21,0.0,4.56,4.57,4.56,1867.0,852238.0,4.563
601328.SH,2022-11-21,0.0,4.56,4.57,4.56,685.0,312815.0,4.563
601328.SH,2022-11-21,0.0,4.57,4.57,4.56,2923.0,1333210.0,4.563
601328.SH,2022-11-21,0.0,4.56,4.57,4.56,390.0,178075.0,4.563
601328.SH,2022-11-21,0.0,4.56,4.57,4.56,833.0,379939.0,4.563
601328.SH,2022-11-21,0.0,4.57,4.57,4.56,1246.0,568757.0,4.563
601328.SH,2022-11-21,0.0,4.56,4.57,4.56,558.0,254639.0,4.563
601328.SH,2022-11-21,0.0,4.56,4.57,4.56,1022.0,466182.0,4.563
601328.SH,2022-11-21,0.0,4.57,4.57,4.56,3616.0,1648940.0,4.563
601328.SH,2022-11-21,0.0,4.57,4.57,4.56,70.0,31969.0,4.563
601328.SH,2022-11-21,0.0,4.57,4.57,4.56,1219.0,555963.0,4.563
601328.SH,2022-11-21,0.0,4.56,4.57,4.56,1030.0,469819.0,4.563
601328.SH,2022-11-21,0.0,4.57,4.57,4.56,738.0,336830.0,4.563
601328.SH,2022-11-21,0.0,4.56,4.57,4.56,866.0,394987.0,4.563
601328.SH,2022-11-21,0.0,4.56,4.57,4.56,530.0,241749.0,4.563
601328.SH,2022-11-21,0.0,4.56,4.57,4.56,7002.0,3192980.0,4.563
601328.SH,2022-11-21,0.0,4.56,4.57,4.56,1680.0,766121.0,4.563
601328.SH,2022-11-21,0.0,4.57,4.57,4.56,3737.0,1706740.0,4.563
601328.SH,2022-11-21,0.0,4.56,4.57,4.56,7971.0,3642320.0,4.563
601328.SH,2022-11-21,0.0,4.56,4.57,4.56,303.0,138265.0,4.563
601328.SH,2022-11-21,0.0,4.57,4.57,4.56,1558.0,710625.0,4.563
601328.SH,2022-11-21,0.0,4.57,4.57,4.56,930.0,424126.0,4.563
601328.SH,2022-11-21,0.0,4.57,4.57,4.56,1160.0,529141.0,4.563
601328.SH,2022-11-21,0.0,4.56,4.57,4.56,6131.0,2795810.0,4.563
601328.SH,2022-11-21,0.0,4.56,4.57,4.56,968.0,441502.0,4.563
601328.SH,2022-11-21,0.0,4.56,4.57,4.56,5183.0,2363280.0,4.563
601328.SH,2022-11-21,0.0,4.55,4.56,4.55,2423.0,1104430.0,4.563
601328.SH,2022-11-21,0.0,4.56,4.56,4.55,1114.0,507806.0,4.563
601328.SH,2022-11-21,0.0,4.55,4.56,4.55,1090.0,496806.0,4.563
601328.SH,2022-11-21,0.0,4.56,4.57,4.55,1099.0,501086.0,4.563
601328.SH,2022-11-21,0.0,4.57,4.57,4.55,3118.0,1421780.0,4.563
601328.SH,2022-11-21,0.0,4.56,4.57,4.56,1303.0,594575.0,4.563
601328.SH,2022-11-21,0.0,4.56,4.57,4.56,413.0,188498.0,4.563
601328.SH,2022-11-21,0.0,4.56,4.57,4.56,764.0,348521.0,4.563
601328.SH,2022-11-21,0.0,4.56,4.57,4.56,1952.0,890147.0,4.563
601328.SH,2022-11-21,0.0,4.56,4.57,4.56,380.0,173323.0,4.563
601328.SH,2022-11-21,0.0,4.57,4.57,4.56,475.0,216995.0,4.563
601328.SH,2022-11-21,0.0,4.57,4.57,4.56,344.0,156933.0,4.563
601328.SH,2022-11-21,0.0,4.56,4.57,4.56,839.0,382541.0,4.563
601328.SH,2022-11-21,0.0,4.56,4.57,4.56,1210.0,551791.0,4.563
601328.SH,2022-11-21,0.0,4.56,4.57,4.56,1718.0,784535.0,4.563
601328.SH,2022-11-21,0.0,4.56,4.57,4.56,727.0,331764.0,4.563
601328.SH,2022-11-21,0.0,4.56,4.57,4.56,562.0,256315.0,4.563
601328.SH,2022-11-21,0.0,4.57,4.57,4.56,398.0,181710.0,4.563
601328.SH,2022-11-21,0.0,4.56,4.57,4.56,7619.0,3474600.0,4.563
601328.SH,2022-11-21,0.0,4.57,4.57,4.56,350.0,159643.0,4.563
601328.SH,2022-11-21,0.0,4.56,4.57,4.56,487.0,222108.0,4.563
601328.SH,2022-11-21,0.0,4.56,4.57,4.55,3399.0,1550050.0,4.562
601328.SH,2022-11-21,0.0,4.55,4.57,4.55,1695.0,772540.0,4.562
601328.SH,2022-11-21,0.0,4.55,4.56,4.55,839.0,382331.0,4.562
601328.SH,2022-11-21,0.0,4.55,4.56,4.55,807.0,367274.0,4.562
601328.SH,2022-11-21,0.0,4.55,4.56,4.55,822.0,374492.0,4.562
601328.SH,2022-11-21,0.0,4.55,4.56,4.55,1785.0,812336.0,4.562
601328.SH,2022-11-21,0.0,4.55,4.56,4.55,452.0,205919.0,4.562
601328.SH,2022-11-21,0.0,4.56,4.56,4.55,787.0,358549.0,4.562
601328.SH,2022-11-21,0.0,4.56,4.56,4.55,1048.0,477478.0,4.562
601328.SH,2022-11-21,0.0,4.56,4.56,4.55,796.0,362436.0,4.562
601328.SH,2022-11-21,0.0,4.55,4.56,4.55,725.0,329994.0,4.562
601328.SH,2022-11-21,0.0,4.56,4.56,4.55,1602.0,729726.0,4.562
601328.SH,2022-11-21,0.0,4.55,4.56,4.55,287.0,130635.0,4.562
601328.SH,2022-11-21,0.0,4.56,4.56,4.55,737.0,335748.0,4.562
601328.SH,2022-11-21,0.0,4.55,4.56,4.55,749.0,341173.0,4.562
601328.SH,2022-11-21,0.0,4.56,4.56,4.55,368.0,167655.0,4.562
601328.SH,2022-11-21,0.0,4.56,4.56,4.55,1914.0,872004.0,4.562
601328.SH,2022-11-21,0.0,4.55,4.56,4.55,1383.0,629912.0,4.562
601328.SH,2022-11-21,0.0,4.56,4.56,4.55,753.0,343050.0,4.562
601328.SH,2022-11-21,0.0,4.55,4.56,4.55,2531.0,1153230.0,4.562
601328.SH,2022-11-21,0.0,4.56,4.56,4.55,1958.0,892164.0,4.562
601328.SH,2022-11-21,0.0,4.55,4.56,4.55,817.0,372186.0,4.562
601328.SH,2022-11-21,0.0,4.56,4.56,4.55,1072.0,488165.0,4.562
601328.SH,2022-11-21,0.0,4.55,4.56,4.55,574.0,261516.0,4.562
601328.SH,2022-11-21,0.0,4.56,4.56,4.55,985.0,449008.0,4.562
601328.SH,2022-11-21,0.0,4.56,4.56,4.55,5023.0,2289790.0,4.562
601328.SH,2022-11-21,0.0,4.56,4.56,4.55,419.0,190908.0,4.562
601328.SH,2022-11-21,0.0,4.56,4.57,4.55,6924.0,3159940.0,4.562
601328.SH,2022-11-21,0.0,4.57,4.57,4.56,710.0,324277.0,4.562
601328.SH,2022-11-21,0.0,4.56,4.57,4.56,1723.0,786970.0,4.562
601328.SH,2022-11-21,0.0,4.57,4.57,4.56,860.0,392407.0,4.562
601328.SH,2022-11-21,0.0,4.57,4.57,4.56,734.0,334932.0,4.562
601328.SH,2022-11-21,0.0,4.56,4.57,4.56,282.0,128705.0,4.562
601328.SH,2022-11-21,0.0,4.56,4.57,4.56,866.0,395185.0,4.562
601328.SH,2022-11-21,0.0,4.56,4.57,4.56,356.0,162476.0,4.562
601328.SH,2022-11-21,0.0,4.56,4.57,4.56,868.0,395961.0,4.562
601328.SH,2022-11-21,0.0,4.56,4.57,4.56,1414.0,645823.0,4.562
601328.SH,2022-11-21,0.0,4.57,4.57,4.56,29312.0,13395100.0,4.563
601328.SH,2022-11-21,0.0,4.57,4.58,4.57,319.0,145786.0,4.563
601328.SH,2022-11-21,0.0,4.56,4.58,4.56,1665.0,760983.0,4.563
601328.SH,2022-11-21,0.0,4.56,4.57,4.56,364.0,166158.0,4.563
601328.SH,2022-11-21,0.0,4.56,4.57,4.56,572.0,260865.0,4.563
601328.SH,2022-11-21,0.0,4.57,4.57,4.56,773.0,352852.0,4.563
601328.SH,2022-11-21,0.0,4.56,4.57,4.56,918.0,419171.0,4.563
601328.SH,2022-11-21,0.0,4.56,4.57,4.56,492.0,224497.0,4.563
601328.SH,2022-11-21,0.0,4.57,4.57,4.56,490.0,223618.0,4.563
601328.SH,2022-11-21,0.0,4.57,4.58,4.57,12331.0,5636550.0,4.563
601328.SH,2022-11-21,0.0,4.58,4.58,4.57,1048.0,479489.0,4.563
601328.SH,2022-11-21,0.0,4.57,4.58,4.57,1050.0,480134.0,4.563
601328.SH,2022-11-21,0.0,4.57,4.57,4.57,565.0,258206.0,4.563
601328.SH,2022-11-21,0.0,4.57,4.58,4.57,768.0,351241.0,4.563
601328.SH,2022-11-21,0.0,4.57,4.58,4.57,3257.0,1488600.0,4.563
601328.SH,2022-11-21,0.0,4.57,4.58,4.57,272.0,124418.0,4.563
601328.SH,2022-11-21,0.0,4.58,4.58,4.57,2167.0,990411.0,4.563
601328.SH,2022-11-21,0.0,4.57,4.58,4.57,634.0,290049.0,4.563
601328.SH,2022-11-21,0.0,4.57,4.58,4.57,640.0,292702.0,4.563
601328.SH,2022-11-21,0.0,4.57,4.58,4.57,836.0,382366.0,4.563
601328.SH,2022-11-21,0.0,4.57,4.57,4.57,437.0,199759.0,4.563
601328.SH,2022-11-21,0.0,4.57,4.58,4.57,2535.0,1159680.0,4.564
601328.SH,2022-11-21,0.0,4.58,4.58,4.57,360.0,164603.0,4.564
601328.SH,2022-11-21,0.0,4.57,4.58,4.57,1026.0,468927.0,4.564
601328.SH,2022-11-21,0.0,4.57,4.58,4.57,4209.0,1926110.0,4.564
601328.SH,2022-11-21,0.0,4.57,4.58,4.57,756.0,345871.0,4.564
601328.SH,2022-11-21,0.0,4.57,4.58,4.57,2083.0,952601.0,4.564
601328.SH,2022-11-21,0.0,4.58,4.58,4.57,907.0,414548.0,4.564
601328.SH,2022-11-21,0.0,4.58,4.58,4.57,371.0,169610.0,4.564
601328.SH,2022-11-21,0.0,4.57,4.58,4.57,1878.0,859503.0,4.564
601328.SH,2022-11-21,0.0,4.57,4.58,4.57,546.0,249535.0,4.564
601328.SH,2022-11-21,0.0,4.57,4.57,4.57,455.0,207950.0,4.564
601328.SH,2022-11-21,0.0,4.58,4.58,4.57,1087.0,497036.0,4.564
601328.SH,2022-11-21,0.0,4.58,4.58,4.57,1154.0,527872.0,4.564
601328.SH,2022-11-21,0.0,4.58,4.58,4.57,1704.0,780126.0,4.564
601328.SH,2022-11-21,0.0,4.58,4.58,4.57,514.0,235326.0,4.564
601328.SH,2022-11-21,0.0,4.58,4.58,4.57,1305.0,596996.0,4.564
601328.SH,2022-11-21,0.0,4.58,4.58,4.57,584.0,267045.0,4.564
601328.SH,2022-11-21,0.0,4.58,4.58,4.57,1071.0,489986.0,4.564
601328.SH,2022-11-21,0.0,4.58,4.58,4.57,471.0,215604.0,4.564
601328.SH,2022-11-21,0.0,4.58,4.58,4.57,2347.0,1073780.0,4.564
601328.SH,2022-11-21,0.0,4.58,4.58,4.57,437.0,199911.0,4.564
601328.SH,2022-11-21,0.0,4.57,4.58,4.57,840.0,384205.0,4.564
601328.SH,2022-11-21,0.0,4.58,4.58,4.57,1107.0,506846.0,4.564
601328.SH,2022-11-21,0.0,4.58,4.58,4.57,764.0,349370.0,4.564
601328.SH,2022-11-21,0.0,4.58,4.58,4.57,2996.0,1369290.0,4.565
601328.SH,2022-11-21,0.0,4.58,4.58,4.57,3248.0,1484500.0,4.565
601328.SH,2022-11-21,0.0,4.58,4.58,4.57,1331.0,608529.0,4.565
601328.SH,2022-11-21,0.0,4.58,4.58,4.57,2204.0,1008840.0,4.565
601328.SH,2022-11-21,0.0,4.57,4.58,4.57,734.0,335632.0,4.565
601328.SH,2022-11-21,0.0,4.57,4.58,4.57,913.0,417904.0,4.565
601328.SH,2022-11-21,0.0,4.57,4.58,4.57,739.0,337785.0,4.565
601328.SH,2022-11-21,0.0,4.58,4.58,4.57,832.0,380618.0,4.565
601328.SH,2022-11-21,0.0,4.58,4.58,4.57,1237.0,565847.0,4.565
601328.SH,2022-11-21,0.0,4.58,4.58,4.57,3054.0,1395840.0,4.565
601328.SH,2022-11-21,0.0,4.57,4.58,4.57,2397.0,1095540.0,4.565
601328.SH,2022-11-21,0.0,4.57,4.58,4.57,838.0,383044.0,4.565
601328.SH,2022-11-21,0.0,4.58,4.58,4.57,527.0,240932.0,4.565
601328.SH,2022-11-21,0.0,4.58,4.58,4.57,1842.0,841972.0,4.565
601328.SH,2022-11-21,0.0,4.57,4.58,4.57,1528.0,699250.0,4.565
601328.SH,2022-11-21,0.0,4.58,4.58,4.57,1438.0,658289.0,4.565
601328.SH,2022-11-21,0.0,4.58,4.58,4.57,672.0,307277.0,4.565
601328.SH,2022-11-21,0.0,4.57,4.58,4.57,417.0,190661.0,4.565
601328.SH,2022-11-21,0.0,4.57,4.58,4.57,635.0,290362.0,4.565
601328.SH,2022-11-21,0.0,4.57,4.58,4.57,778.0,356066.0,4.565
601328.SH,2022-11-21,0.0,4.57,4.58,4.57,337.0,154103.0,4.565
601328.SH,2022-11-21,0.0,4.58,4.58,4.57,2091.0,956417.0,4.565
601328.SH,2022-11-21,0.0,4.57,4.58,4.57,748.0,342087.0,4.565
601328.SH,2022-11-21,0.0,4.58,4.58,4.57,6039.0,2765310.0,4.565
601328.SH,2022-11-21,0.0,4.57,4.58,4.57,641.0,293315.0,4.565
601328.SH,2022-11-21,0.0,4.57,4.58,4.57,876.0,400839.0,4.566
601328.SH,2022-11-21,0.0,4.57,4.58,4.57,1605.0,734495.0,4.566
601328.SH,2022-11-21,0.0,4.57,4.58,4.57,1496.0,684670.0,4.566
601328.SH,2022-11-21,0.0,4.57,4.58,4.57,451.0,206120.0,4.566
601328.SH,2022-11-21,0.0,4.57,4.58,4.57,1732.0,792790.0,4.566
601328.SH,2022-11-21,0.0,4.57,4.58,4.57,12168.0,5572230.0,4.566
601328.SH,2022-11-21,0.0,4.58,4.59,4.57,12826.0,5874230.0,4.567
601328.SH,2022-11-21,0.0,4.57,4.58,4.57,1963.0,899012.0,4.567
601328.SH,2022-11-21,0.0,4.58,4.58,4.57,452.0,206800.0,4.567
601328.SH,2022-11-21,0.0,4.58,4.58,4.57,332.0,151808.0,4.567
601328.SH,2022-11-21,0.0,4.58,4.59,4.57,4549.0,2083400.0,4.567
601328.SH,2022-11-21,0.0,4.58,4.58,4.57,2911.0,1333240.0,4.567
601328.SH,2022-11-21,0.0,4.59,4.59,4.57,1927.0,883054.0,4.567
601328.SH,2022-11-21,0.0,4.58,4.59,4.58,410.0,187786.0,4.567
601328.SH,2022-11-21,0.0,4.58,4.58,4.57,571.0,261449.0,4.567
601328.SH,2022-11-21,0.0,4.58,4.58,4.57,174.0,79670.0,4.567
601328.SH,2022-11-21,0.0,4.58,4.59,4.57,1419.0,649721.0,4.567
601328.SH,2022-11-21,0.0,4.57,4.58,4.57,427.0,195532.0,4.567
601328.SH,2022-11-21,0.0,4.58,4.58,4.57,181.0,82723.0,4.567
601328.SH,2022-11-21,0.0,4.57,4.58,4.57,294.0,134306.0,4.567
601328.SH,2022-11-21,0.0,4.59,4.59,4.58,2298.0,1052980.0,4.567
601328.SH,2022-11-21,0.0,4.59,4.59,4.58,492.0,225389.0,4.567
601328.SH,2022-11-21,0.0,4.59,4.59,4.58,540.0,247507.0,4.567
601328.SH,2022-11-21,0.0,4.59,4.59,4.58,374.0,171324.0,4.567
601328.SH,2022-11-21,0.0,4.58,4.59,4.57,1278.0,585125.0,4.567
601328.SH,2022-11-21,0.0,4.57,4.58,4.57,321.0,146752.0,4.567
601328.SH,2022-11-21,0.0,4.58,4.58,4.57,2582.0,1182410.0,4.567
601328.SH,2022-11-21,0.0,4.57,4.58,4.57,483.0,221073.0,4.567
601328.SH,2022-11-21,0.0,4.58,4.58,4.57,511.0,233972.0,4.567
601328.SH,2022-11-21,0.0,4.57,4.58,4.57,541.0,247564.0,4.567
601328.SH,2022-11-21,0.0,4.58,4.58,4.57,1158.0,530242.0,4.567
601328.SH,2022-11-21,0.0,4.57,4.58,4.57,4244.0,1941280.0,4.567
601328.SH,2022-11-21,0.0,4.57,4.58,4.57,2810.0,1284460.0,4.567
601328.SH,2022-11-21,0.0,4.58,4.58,4.57,991.0,453080.0,4.567
601328.SH,2022-11-21,0.0,4.57,4.58,4.57,519.0,237297.0,4.567
601328.SH,2022-11-21,0.0,4.58,4.58,4.57,1248.0,571319.0,4.568
601328.SH,2022-11-21,0.0,4.57,4.58,4.57,1524.0,697639.0,4.568
601328.SH,2022-11-21,0.0,4.57,4.58,4.57,664.0,303506.0,4.568
601328.SH,2022-11-21,0.0,4.58,4.58,4.57,540.0,247051.0,4.568
601328.SH,2022-11-21,0.0,4.57,4.58,4.57,448.0,204816.0,4.568
601328.SH,2022-11-21,0.0,4.58,4.58,4.57,1118.0,511595.0,4.568
601328.SH,2022-11-21,0.0,4.58,4.58,4.57,1971.0,901947.0,4.568
601328.SH,2022-11-21,0.0,4.57,4.58,4.57,1041.0,476353.0,4.568
601328.SH,2022-11-21,0.0,4.57,4.58,4.57,2827.0,1293850.0,4.568
601328.SH,2022-11-21,0.0,4.58,4.58,4.57,1918.0,877507.0,4.568
601328.SH,2022-11-21,0.0,4.58,4.58,4.57,910.0,416051.0,4.568
601328.SH,2022-11-21,0.0,4.58,4.58,4.57,1933.0,884039.0,4.568
601328.SH,2022-11-21,0.0,4.58,4.58,4.57,1205.0,551533.0,4.568
601328.SH,2022-11-21,0.0,4.57,4.58,4.57,5516.0,2524690.0,4.568
601328.SH,2022-11-21,0.0,4.57,4.58,4.57,718.0,328542.0,4.568
601328.SH,2022-11-21,0.0,4.57,4.58,4.57,4309.0,1972620.0,4.568
601328.SH,2022-11-21,0.0,4.58,4.58,4.57,2137.0,978387.0,4.568
601328.SH,2022-11-21,0.0,4.57,4.58,4.57,2014.0,921538.0,4.568
601328.SH,2022-11-21,0.0,4.57,4.58,4.57,5610.0,2568340.0,4.568
601328.SH,2022-11-21,0.0,4.58,4.58,4.57,1594.0,729307.0,4.568
601328.SH,2022-11-21,0.0,4.57,4.58,4.57,1367.0,625249.0,4.568
601328.SH,2022-11-21,0.0,4.57,4.57,4.57,18.0,8226.0,4.568
601328.SH,2022-11-21,0.0,4.57,4.57,4.57,0.0,0.0,4.568
601328.SH,2022-11-21,0.0,4.57,4.57,4.57,5047.0,2306480.0,4.568
601328.SH,2022-11-22,0.0,4.57,4.57,4.57,1613.0,737141.0,4.57
601328.SH,2022-11-22,0.0,4.59,4.59,4.57,29501.0,13515900.0,4.581
601328.SH,2022-11-22,0.0,4.6,4.6,4.59,26728.0,12268600.0,4.585
601328.SH,2022-11-22,0.0,4.59,4.6,4.59,2194.0,1008410.0,4.586
601328.SH,2022-11-22,0.0,4.59,4.6,4.59,2271.0,1044090.0,4.586
601328.SH,2022-11-22,0.0,4.6,4.6,4.59,1327.0,610041.0,4.586
601328.SH,2022-11-22,0.0,4.6,4.6,4.59,1398.0,642205.0,4.586
601328.SH,2022-11-22,0.0,4.6,4.6,4.59,1552.0,712911.0,4.587
601328.SH,2022-11-22,0.0,4.6,4.6,4.59,2225.0,1023360.0,4.587
601328.SH,2022-11-22,0.0,4.6,4.6,4.59,1290.0,592585.0,4.587
601328.SH,2022-11-22,0.0,4.6,4.6,4.59,1148.0,527973.0,4.587
601328.SH,2022-11-22,0.0,4.6,4.6,4.59,474.0,217939.0,4.587
601328.SH,2022-11-22,0.0,4.6,4.6,4.59,851.0,391194.0,4.588
601328.SH,2022-11-22,0.0,4.6,4.6,4.59,1076.0,494874.0,4.588
601328.SH,2022-11-22,0.0,4.6,4.6,4.59,804.0,369534.0,4.588
601328.SH,2022-11-22,0.0,4.6,4.6,4.59,3362.0,1544760.0,4.588
601328.SH,2022-11-22,0.0,4.6,4.6,4.59,833.0,383020.0,4.588
601328.SH,2022-11-22,0.0,4.6,4.6,4.59,973.0,446979.0,4.588
601328.SH,2022-11-22,0.0,4.59,4.6,4.59,1263.0,580405.0,4.588
601328.SH,2022-11-22,0.0,4.59,4.6,4.59,1522.0,699215.0,4.588
601328.SH,2022-11-22,0.0,4.6,4.6,4.59,1329.0,610153.0,4.589
601328.SH,2022-11-22,0.0,4.59,4.6,4.59,1725.0,791965.0,4.589
601328.SH,2022-11-22,0.0,4.59,4.6,4.59,5745.0,2637010.0,4.589
601328.SH,2022-11-22,0.0,4.59,4.6,4.59,2968.0,1363270.0,4.589
601328.SH,2022-11-22,0.0,4.59,4.6,4.59,4600.0,2111680.0,4.589
601328.SH,2022-11-22,0.0,4.59,4.59,4.59,3704.0,1700150.0,4.589
601328.SH,2022-11-22,0.0,4.59,4.6,4.59,1487.0,682783.0,4.589
601328.SH,2022-11-22,0.0,4.58,4.59,4.58,9795.0,4495860.0,4.589
601328.SH,2022-11-22,0.0,4.59,4.59,4.58,284.0,130103.0,4.589
601328.SH,2022-11-22,0.0,4.58,4.59,4.58,139.0,63812.0,4.589
601328.SH,2022-11-22,0.0,4.59,4.59,4.58,657.0,301209.0,4.589
601328.SH,2022-11-22,0.0,4.59,4.59,4.58,1025.0,470334.0,4.589
601328.SH,2022-11-22,0.0,4.59,4.59,4.58,2020.0,927151.0,4.589
601328.SH,2022-11-22,0.0,4.58,4.59,4.58,820.0,375698.0,4.589
601328.SH,2022-11-22,0.0,4.59,4.59,4.58,1634.0,749703.0,4.589
601328.SH,2022-11-22,0.0,4.59,4.59,4.58,1022.0,468234.0,4.589
601328.SH,2022-11-22,0.0,4.59,4.59,4.58,222.0,101791.0,4.589
601328.SH,2022-11-22,0.0,4.59,4.59,4.58,1093.0,501252.0,4.589
601328.SH,2022-11-22,0.0,4.58,4.59,4.58,198.0,90851.0,4.589
601328.SH,2022-11-22,0.0,4.59,4.59,4.58,304.0,139512.0,4.589
601328.SH,2022-11-22,0.0,4.58,4.59,4.58,346.0,158586.0,4.589
601328.SH,2022-11-22,0.0,4.59,4.59,4.58,417.0,191301.0,4.589
601328.SH,2022-11-22,0.0,4.58,4.59,4.58,512.0,234707.0,4.589
601328.SH,2022-11-22,0.0,4.59,4.59,4.58,592.0,271708.0,4.589
601328.SH,2022-11-22,0.0,4.59,4.6,4.58,11887.0,5457560.0,4.589
601328.SH,2022-11-22,0.0,4.59,4.6,4.59,1072.0,492667.0,4.589
601328.SH,2022-11-22,0.0,4.59,4.6,4.59,820.0,376457.0,4.589
601328.SH,2022-11-22,0.0,4.6,4.6,4.59,924.0,424529.0,4.589
601328.SH,2022-11-22,0.0,4.6,4.6,4.59,1116.0,512761.0,4.589
601328.SH,2022-11-22,0.0,4.59,4.6,4.59,1864.0,855766.0,4.589
601328.SH,2022-11-22,0.0,4.6,4.6,4.59,1090.0,501259.0,4.589
601328.SH,2022-11-22,0.0,4.59,4.6,4.59,3194.0,1469080.0,4.59
601328.SH,2022-11-22,0.0,4.59,4.6,4.59,633.0,290842.0,4.59
601328.SH,2022-11-22,0.0,4.6,4.6,4.59,864.0,397238.0,4.59
601328.SH,2022-11-22,0.0,4.59,4.6,4.59,1844.0,848037.0,4.59
601328.SH,2022-11-22,0.0,4.59,4.6,4.59,783.0,360107.0,4.59
601328.SH,2022-11-22,0.0,4.6,4.6,4.59,1341.0,616295.0,4.59
601328.SH,2022-11-22,0.0,4.6,4.6,4.59,354.0,162613.0,4.59
601328.SH,2022-11-22,0.0,4.6,4.6,4.59,1612.0,741328.0,4.59
601328.SH,2022-11-22,0.0,4.59,4.6,4.59,1747.0,802788.0,4.59
601328.SH,2022-11-22,0.0,4.59,4.6,4.59,310.0,142341.0,4.59
601328.SH,2022-11-22,0.0,4.59,4.6,4.59,1058.0,485873.0,4.59
601328.SH,2022-11-22,0.0,4.59,4.6,4.59,245.0,112575.0,4.59
601328.SH,2022-11-22,0.0,4.59,4.6,4.59,711.0,326463.0,4.59
601328.SH,2022-11-22,0.0,4.59,4.6,4.59,790.0,362754.0,4.59
601328.SH,2022-11-22,0.0,4.6,4.6,4.59,1235.0,566929.0,4.59
601328.SH,2022-11-22,0.0,4.59,4.6,4.59,609.0,279504.0,4.59
601328.SH,2022-11-22,0.0,4.59,4.6,4.59,710.0,326119.0,4.59
601328.SH,2022-11-22,0.0,4.59,4.6,4.59,717.0,329209.0,4.59
601328.SH,2022-11-22,0.0,4.59,4.6,4.59,2598.0,1193100.0,4.59
601328.SH,2022-11-22,0.0,4.59,4.6,4.59,925.0,424736.0,4.59
601328.SH,2022-11-22,0.0,4.59,4.6,4.59,1104.0,507017.0,4.59
601328.SH,2022-11-22,0.0,4.6,4.6,4.59,1490.0,684963.0,4.59
601328.SH,2022-11-22,0.0,4.6,4.6,4.59,1771.0,814256.0,4.59
601328.SH,2022-11-22,0.0,4.59,4.6,4.59,819.0,376108.0,4.59
601328.SH,2022-11-22,0.0,4.6,4.6,4.59,614.0,281843.0,4.59
601328.SH,2022-11-22,0.0,4.59,4.6,4.59,286.0,131316.0,4.59
601328.SH,2022-11-22,0.0,4.59,4.6,4.59,864.0,397221.0,4.59
601328.SH,2022-11-22,0.0,4.6,4.6,4.59,354.0,162575.0,4.59
601328.SH,2022-11-22,0.0,4.59,4.6,4.59,965.0,443637.0,4.59
601328.SH,2022-11-22,0.0,4.59,4.6,4.59,4039.0,1853920.0,4.59
601328.SH,2022-11-22,0.0,4.6,4.6,4.59,443.0,203604.0,4.59
601328.SH,2022-11-22,0.0,4.6,4.6,4.59,662.0,304470.0,4.59
601328.SH,2022-11-22,0.0,4.59,4.6,4.59,1211.0,556553.0,4.59
601328.SH,2022-11-22,0.0,4.59,4.6,4.59,382.0,175656.0,4.59
601328.SH,2022-11-22,0.0,4.59,4.6,4.59,573.0,263349.0,4.59
601328.SH,2022-11-22,0.0,4.6,4.6,4.59,1712.0,787419.0,4.591
601328.SH,2022-11-22,0.0,4.6,4.6,4.59,848.0,389958.0,4.591
601328.SH,2022-11-22,0.0,4.6,4.6,4.59,982.0,451372.0,4.591
601328.SH,2022-11-22,0.0,4.59,4.6,4.59,1169.0,537506.0,4.591
601328.SH,2022-11-22,0.0,4.6,4.6,4.59,645.0,296134.0,4.591
601328.SH,2022-11-22,0.0,4.6,4.6,4.59,5494.0,2527040.0,4.591
601328.SH,2022-11-22,0.0,4.6,4.6,4.59,1164.0,535014.0,4.591
601328.SH,2022-11-22,0.0,4.59,4.6,4.59,1754.0,806344.0,4.591
601328.SH,2022-11-22,0.0,4.6,4.6,4.59,646.0,296858.0,4.591
601328.SH,2022-11-22,0.0,4.59,4.6,4.59,149.0,68432.0,4.591
601328.SH,2022-11-22,0.0,4.6,4.6,4.59,652.0,299800.0,4.591
601328.SH,2022-11-22,0.0,4.6,4.6,4.59,3773.0,1735480.0,4.591
601328.SH,2022-11-22,0.0,4.6,4.6,4.59,2643.0,1215610.0,4.591
601328.SH,2022-11-22,0.0,4.61,4.61,4.6,61128.0,28120700.0,4.593
601328.SH,2022-11-22,0.0,4.61,4.61,4.6,559.0,257328.0,4.593
601328.SH,2022-11-22,0.0,4.61,4.61,4.6,1907.0,878885.0,4.594
601328.SH,2022-11-22,0.0,4.6,4.61,4.6,11536.0,5307030.0,4.594
601328.SH,2022-11-22,0.0,4.61,4.61,4.6,1924.0,885641.0,4.594
601328.SH,2022-11-22,0.0,4.6,4.61,4.6,16134.0,7423200.0,4.594
601328.SH,2022-11-22,0.0,4.61,4.61,4.6,892.0,410827.0,4.594
601328.SH,2022-11-22,0.0,4.61,4.61,4.6,869.0,400213.0,4.594
601328.SH,2022-11-22,0.0,4.61,4.61,4.6,1359.0,625903.0,4.594
601328.SH,2022-11-22,0.0,4.61,4.61,4.6,1097.0,505406.0,4.594
601328.SH,2022-11-22,0.0,4.6,4.61,4.6,1944.0,895754.0,4.595
601328.SH,2022-11-22,0.0,4.61,4.61,4.6,2819.0,1298940.0,4.595
601328.SH,2022-11-22,0.0,4.61,4.61,4.6,2018.0,930071.0,4.595
601328.SH,2022-11-22,0.0,4.61,4.61,4.6,5744.0,2647450.0,4.595
601328.SH,2022-11-22,0.0,4.61,4.61,4.6,1162.0,535569.0,4.595
601328.SH,2022-11-22,0.0,4.6,4.61,4.6,5136.0,2367580.0,4.595
601328.SH,2022-11-22,0.0,4.62,4.62,4.6,43308.0,19965600.0,4.597
601328.SH,2022-11-22,0.0,4.61,4.62,4.61,2700.0,1247040.0,4.597
601328.SH,2022-11-22,0.0,4.62,4.62,4.61,4517.0,2086330.0,4.597
601328.SH,2022-11-22,0.0,4.61,4.62,4.61,4618.0,2132470.0,4.598
601328.SH,2022-11-22,0.0,4.62,4.62,4.61,5383.0,2486780.0,4.598
601328.SH,2022-11-22,0.0,4.61,4.62,4.61,24080.0,11124300.0,4.599
601328.SH,2022-11-22,0.0,4.62,4.62,4.61,39521.0,18246200.0,4.601
601328.SH,2022-11-22,0.0,4.62,4.62,4.61,29950.0,13836500.0,4.602
601328.SH,2022-11-22,0.0,4.63,4.63,4.62,16050.0,7415890.0,4.603
601328.SH,2022-11-22,0.0,4.63,4.63,4.62,3959.0,1832100.0,4.603
601328.SH,2022-11-22,0.0,4.63,4.63,4.62,3172.0,1467500.0,4.603
601328.SH,2022-11-22,0.0,4.63,4.63,4.62,5485.0,2537460.0,4.603
601328.SH,2022-11-22,0.0,4.62,4.63,4.62,5422.0,2509280.0,4.604
601328.SH,2022-11-22,0.0,4.63,4.63,4.62,7187.0,3326420.0,4.604
601328.SH,2022-11-22,0.0,4.63,4.63,4.63,12204.0,5650240.0,4.605
601328.SH,2022-11-22,0.0,4.63,4.63,4.62,10112.0,4680020.0,4.605
601328.SH,2022-11-22,0.0,4.62,4.63,4.62,4885.0,2260580.0,4.605
601328.SH,2022-11-22,0.0,4.63,4.63,4.62,8891.0,4115250.0,4.606
601328.SH,2022-11-22,0.0,4.63,4.63,4.62,5766.0,2668090.0,4.606
601328.SH,2022-11-22,0.0,4.63,4.64,4.62,49332.0,22843700.0,4.608
601328.SH,2022-11-22,0.0,4.64,4.64,4.63,5265.0,2441260.0,4.608
601328.SH,2022-11-22,0.0,4.64,4.64,4.63,4899.0,2271080.0,4.608
601328.SH,2022-11-22,0.0,4.64,4.64,4.63,5493.0,2547190.0,4.609
601328.SH,2022-11-22,0.0,4.64,4.64,4.63,4589.0,2128520.0,4.609
601328.SH,2022-11-22,0.0,4.64,4.64,4.63,3429.0,1590560.0,4.609
601328.SH,2022-11-22,0.0,4.64,4.64,4.63,10157.0,4708550.0,4.609
601328.SH,2022-11-22,0.0,4.63,4.64,4.63,8353.0,3869180.0,4.61
601328.SH,2022-11-22,0.0,4.63,4.64,4.63,4178.0,1936020.0,4.61
601328.SH,2022-11-22,0.0,4.64,4.64,4.63,3440.0,1595470.0,4.61
601328.SH,2022-11-22,0.0,4.64,4.64,4.63,2634.0,1221500.0,4.61
601328.SH,2022-11-22,0.0,4.64,4.64,4.63,3477.0,1612480.0,4.61
601328.SH,2022-11-22,0.0,4.64,4.64,4.63,3311.0,1535180.0,4.61
601328.SH,2022-11-22,0.0,4.63,4.64,4.63,9958.0,4616970.0,4.611
601328.SH,2022-11-22,0.0,4.63,4.64,4.63,50370.0,23368100.0,4.613
601328.SH,2022-11-22,0.0,4.63,4.64,4.63,2847.0,1320780.0,4.613
601328.SH,2022-11-22,0.0,4.64,4.64,4.63,2993.0,1387820.0,4.613
601328.SH,2022-11-22,0.0,4.64,4.64,4.63,2387.0,1107010.0,4.613
601328.SH,2022-11-22,0.0,4.64,4.64,4.63,2688.0,1246370.0,4.613
601328.SH,2022-11-22,0.0,4.64,4.64,4.63,3046.0,1411270.0,4.613
601328.SH,2022-11-22,0.0,4.63,4.64,4.63,2104.0,975297.0,4.613
601328.SH,2022-11-22,0.0,4.63,4.64,4.63,5707.0,2647600.0,4.613
601328.SH,2022-11-22,0.0,4.64,4.64,4.63,2459.0,1139950.0,4.613
601328.SH,2022-11-22,0.0,4.63,4.64,4.63,5162.0,2394110.0,4.614
601328.SH,2022-11-22,0.0,4.64,4.64,4.63,2985.0,1383850.0,4.614
601328.SH,2022-11-22,0.0,4.64,4.64,4.63,2533.0,1173950.0,4.614
601328.SH,2022-11-22,0.0,4.63,4.64,4.63,1861.0,862647.0,4.614
601328.SH,2022-11-22,0.0,4.64,4.64,4.63,4378.0,2029770.0,4.614
601328.SH,2022-11-22,0.0,4.64,4.64,4.63,2680.0,1242330.0,4.614
601328.SH,2022-11-22,0.0,4.63,4.64,4.63,25556.0,11833900.0,4.615
601328.SH,2022-11-22,0.0,4.63,4.64,4.63,3149.0,1458120.0,4.615
601328.SH,2022-11-22,0.0,4.63,4.64,4.62,6052.0,2801660.0,4.615
601328.SH,2022-11-22,0.0,4.63,4.63,4.62,1715.0,793844.0,4.615
601328.SH,2022-11-22,0.0,4.63,4.63,4.62,1018.0,471088.0,4.615
601328.SH,2022-11-22,0.0,4.62,4.63,4.62,1540.0,712321.0,4.615
601328.SH,2022-11-22,0.0,4.63,4.63,4.62,1031.0,477051.0,4.615
601328.SH,2022-11-22,0.0,4.63,4.63,4.62,940.0,435099.0,4.615
601328.SH,2022-11-22,0.0,4.62,4.63,4.62,829.0,383330.0,4.615
601328.SH,2022-11-22,0.0,4.63,4.63,4.62,1609.0,744709.0,4.615
601328.SH,2022-11-22,0.0,4.63,4.63,4.62,2173.0,1004240.0,4.615
601328.SH,2022-11-22,0.0,4.62,4.63,4.62,2278.0,1052960.0,4.615
601328.SH,2022-11-22,0.0,4.63,4.63,4.62,1104.0,510699.0,4.615
601328.SH,2022-11-22,0.0,4.62,4.63,4.62,845.0,390762.0,4.615
601328.SH,2022-11-22,0.0,4.63,4.63,4.62,409.0,189257.0,4.615
601328.SH,2022-11-22,0.0,4.63,4.63,4.62,985.0,455257.0,4.615
601328.SH,2022-11-22,0.0,4.63,4.63,4.62,386.0,178472.0,4.615
601328.SH,2022-11-22,0.0,4.63,4.63,4.62,1650.0,763009.0,4.615
601328.SH,2022-11-22,0.0,4.63,4.63,4.62,3786.0,1750760.0,4.615
601328.SH,2022-11-22,0.0,4.62,4.63,4.62,3245.0,1502000.0,4.615
601328.SH,2022-11-22,0.0,4.63,4.63,4.62,2538.0,1173350.0,4.615
601328.SH,2022-11-22,0.0,4.63,4.63,4.62,4993.0,2310750.0,4.615
601328.SH,2022-11-22,0.0,4.63,4.63,4.62,711.0,328763.0,4.615
601328.SH,2022-11-22,0.0,4.63,4.63,4.62,3446.0,1592560.0,4.615
601328.SH,2022-11-22,0.0,4.63,4.63,4.62,2556.0,1182200.0,4.615
601328.SH,2022-11-22,0.0,4.62,4.63,4.62,1602.0,740779.0,4.615
601328.SH,2022-11-22,0.0,4.63,4.63,4.62,1255.0,579969.0,4.615
601328.SH,2022-11-22,0.0,4.63,4.63,4.62,2004.0,927237.0,4.615
601328.SH,2022-11-22,0.0,4.63,4.63,4.62,4294.0,1984760.0,4.615
601328.SH,2022-11-22,0.0,4.62,4.63,4.62,4864.0,2247540.0,4.615
601328.SH,2022-11-22,0.0,4.62,4.63,4.62,1091.0,504425.0,4.615
601328.SH,2022-11-22,0.0,4.63,4.63,4.62,1133.0,524012.0,4.615
601328.SH,2022-11-22,0.0,4.63,4.63,4.62,1538.0,711605.0,4.615
601328.SH,2022-11-22,0.0,4.63,4.63,4.62,2042.0,944539.0,4.615
601328.SH,2022-11-22,0.0,4.62,4.63,4.62,3496.0,1615470.0,4.615
601328.SH,2022-11-22,0.0,4.63,4.63,4.62,1440.0,665557.0,4.615
601328.SH,2022-11-22,0.0,4.62,4.63,4.62,1302.0,601944.0,4.616
601328.SH,2022-11-22,0.0,4.62,4.63,4.62,1458.0,674590.0,4.616
601328.SH,2022-11-22,0.0,4.63,4.63,4.62,390.0,180434.0,4.616
601328.SH,2022-11-22,0.0,4.63,4.63,4.62,2153.0,995872.0,4.616
601328.SH,2022-11-22,0.0,4.62,4.63,4.62,378.0,174844.0,4.616
601328.SH,2022-11-22,0.0,4.62,4.63,4.62,1753.0,810513.0,4.616
601328.SH,2022-11-22,0.0,4.63,4.63,4.62,1554.0,718860.0,4.616
601328.SH,2022-11-22,0.0,4.63,4.63,4.62,1185.0,547935.0,4.616
601328.SH,2022-11-22,0.0,4.62,4.63,4.62,1238.0,572621.0,4.616
601328.SH,2022-11-22,0.0,4.62,4.63,4.62,9626.0,4455850.0,4.616
601328.SH,2022-11-22,0.0,4.62,4.63,4.62,1045.0,483130.0,4.616
601328.SH,2022-11-22,0.0,4.63,4.63,4.62,1027.0,474887.0,4.616
601328.SH,2022-11-22,0.0,4.63,4.63,4.62,1002.0,463286.0,4.616
601328.SH,2022-11-22,0.0,4.62,4.63,4.62,1425.0,659370.0,4.616
601328.SH,2022-11-22,0.0,4.62,4.63,4.62,4224.0,1954880.0,4.616
601328.SH,2022-11-22,0.0,4.62,4.63,4.62,1739.0,804531.0,4.616
601328.SH,2022-11-22,0.0,4.63,4.63,4.62,1112.0,514316.0,4.616
601328.SH,2022-11-22,0.0,4.62,4.63,4.62,3176.0,1468390.0,4.616
601328.SH,2022-11-22,0.0,4.63,4.63,4.62,4816.0,2225150.0,4.616
601328.SH,2022-11-22,0.0,4.63,4.63,4.62,9913.0,4580230.0,4.616
601328.SH,2022-11-22,0.0,4.62,4.63,4.62,2089.0,965541.0,4.616
601328.SH,2022-11-22,0.0,4.62,4.63,4.62,1404.0,649185.0,4.616
601328.SH,2022-11-22,0.0,4.63,4.63,4.62,4502.0,2081010.0,4.616
601328.SH,2022-11-22,0.0,4.63,4.63,4.62,2772.0,1281190.0,4.616
601328.SH,2022-11-22,0.0,4.62,4.63,4.62,1788.0,826865.0,4.616
601328.SH,2022-11-22,0.0,4.62,4.63,4.62,1054.0,487148.0,4.616
601328.SH,2022-11-22,0.0,4.63,4.63,4.62,823.0,380624.0,4.616
601328.SH,2022-11-22,0.0,4.62,4.63,4.62,1379.0,637763.0,4.616
601328.SH,2022-11-22,0.0,4.62,4.63,4.62,1380.0,638266.0,4.616
601328.SH,2022-11-22,0.0,4.63,4.63,4.62,1712.0,792224.0,4.616
601328.SH,2022-11-22,0.0,4.63,4.63,4.62,37071.0,17163200.0,4.617
601328.SH,2022-11-22,0.0,4.63,4.63,4.62,1569.0,726271.0,4.617
601328.SH,2022-11-22,0.0,4.62,4.63,4.62,2928.0,1353430.0,4.617
601328.SH,2022-11-22,0.0,4.62,4.63,4.62,4212.0,1949530.0,4.617
601328.SH,2022-11-22,0.0,4.62,4.63,4.62,2488.0,1151470.0,4.617
601328.SH,2022-11-22,0.0,4.63,4.63,4.62,2131.0,986190.0,4.617
601328.SH,2022-11-22,0.0,4.62,4.63,4.62,11143.0,5156150.0,4.617
601328.SH,2022-11-22,0.0,4.62,4.63,4.62,5274.0,2439110.0,4.617
601328.SH,2022-11-22,0.0,4.63,4.63,4.62,1733.0,801783.0,4.617
601328.SH,2022-11-22,0.0,4.63,4.63,4.63,0.0,0.0,4.617
601328.SH,2022-11-22,0.0,4.63,4.63,4.63,0.0,0.0,4.617
601328.SH,2022-11-22,0.0,4.63,4.63,4.63,14830.0,6866290.0,4.617
601328.SH,2022-11-23,0.0,4.64,4.64,4.64,24449.0,11344400.0,4.64
601328.SH,2022-11-23,0.0,4.64,4.65,4.64,16128.0,7493730.0,4.643
601328.SH,2022-11-23,0.0,4.64,4.65,4.64,17673.0,8213910.0,4.644
601328.SH,2022-11-23,0.0,4.64,4.65,4.64,23420.0,10884300.0,4.645
601328.SH,2022-11-23,0.0,4.65,4.65,4.64,7718.0,3588150.0,4.645
601328.SH,2022-11-23,0.0,4.65,4.66,4.64,11971.0,5567250.0,4.646
601328.SH,2022-11-23,0.0,4.65,4.66,4.65,2271.0,1057020.0,4.646
601328.SH,2022-11-23,0.0,4.65,4.66,4.65,4415.0,2055660.0,4.647
601328.SH,2022-11-23,0.0,4.65,4.66,4.65,6769.0,3153140.0,4.647
601328.SH,2022-11-23,0.0,4.65,4.66,4.65,2859.0,1330750.0,4.648
601328.SH,2022-11-23,0.0,4.65,4.66,4.65,4347.0,2024400.0,4.648
601328.SH,2022-11-23,0.0,4.66,4.66,4.65,3590.0,1671700.0,4.648
601328.SH,2022-11-23,0.0,4.65,4.66,4.65,5927.0,2757260.0,4.648
601328.SH,2022-11-23,0.0,4.65,4.66,4.65,2350.0,1093800.0,4.648
601328.SH,2022-11-23,0.0,4.65,4.66,4.65,8300.0,3859960.0,4.649
601328.SH,2022-11-23,0.0,4.65,4.66,4.65,4755.0,2212600.0,4.649
601328.SH,2022-11-23,0.0,4.66,4.66,4.65,16157.0,7527850.0,4.65
601328.SH,2022-11-23,0.0,4.66,4.66,4.65,16910.0,7877540.0,4.651
601328.SH,2022-11-23,0.0,4.65,4.66,4.65,1209.0,563173.0,4.651
601328.SH,2022-11-23,0.0,4.65,4.66,4.65,5425.0,2526860.0,4.651
601328.SH,2022-11-23,0.0,4.65,4.66,4.65,4613.0,2146550.0,4.651
601328.SH,2022-11-23,0.0,4.65,4.66,4.65,2916.0,1356600.0,4.651
601328.SH,2022-11-23,0.0,4.65,4.66,4.65,18315.0,8520290.0,4.651
601328.SH,2022-11-23,0.0,4.65,4.66,4.65,25826.0,12010300.0,4.651
601328.SH,2022-11-23,0.0,4.65,4.66,4.65,2403.0,1117900.0,4.651
601328.SH,2022-11-23,0.0,4.66,4.66,4.65,4072.0,1895160.0,4.651
601328.SH,2022-11-23,0.0,4.66,4.66,4.65,2609.0,1213690.0,4.651
601328.SH,2022-11-23,0.0,4.66,4.66,4.65,3088.0,1437140.0,4.651
601328.SH,2022-11-23,0.0,4.66,4.66,4.65,3863.0,1798120.0,4.651
601328.SH,2022-11-23,0.0,4.66,4.66,4.65,2778.0,1293710.0,4.651
601328.SH,2022-11-23,0.0,4.65,4.66,4.65,2752.0,1280830.0,4.651
601328.SH,2022-11-23,0.0,4.66,4.66,4.65,4186.0,1948830.0,4.651
601328.SH,2022-11-23,0.0,4.66,4.66,4.65,11554.0,5382950.0,4.652
601328.SH,2022-11-23,0.0,4.66,4.66,4.65,54993.0,25626400.0,4.653
601328.SH,2022-11-23,0.0,4.66,4.67,4.66,5869.0,2735460.0,4.653
601328.SH,2022-11-23,0.0,4.66,4.67,4.66,3465.0,1616610.0,4.653
601328.SH,2022-11-23,0.0,4.66,4.67,4.66,1110.0,517603.0,4.653
601328.SH,2022-11-23,0.0,4.67,4.67,4.66,4837.0,2258210.0,4.654
601328.SH,2022-11-23,0.0,4.67,4.67,4.66,2319.0,1082120.0,4.654
601328.SH,2022-11-23,0.0,4.66,4.67,4.66,2849.0,1329620.0,4.654
601328.SH,2022-11-23,0.0,4.67,4.67,4.66,19708.0,9202830.0,4.655
601328.SH,2022-11-23,0.0,4.67,4.67,4.66,4306.0,2010300.0,4.655
601328.SH,2022-11-23,0.0,4.68,4.68,4.67,54261.0,25345400.0,4.657
601328.SH,2022-11-23,0.0,4.67,4.68,4.67,8286.0,3877570.0,4.657
601328.SH,2022-11-23,0.0,4.67,4.68,4.67,17205.0,8051410.0,4.658
601328.SH,2022-11-23,0.0,4.68,4.68,4.67,6431.0,3008670.0,4.658
601328.SH,2022-11-23,0.0,4.68,4.68,4.67,11351.0,5311100.0,4.659
601328.SH,2022-11-23,0.0,4.68,4.68,4.67,11724.0,5485490.0,4.659
601328.SH,2022-11-23,0.0,4.69,4.69,4.68,32723.0,15323500.0,4.661
601328.SH,2022-11-23,0.0,4.68,4.69,4.68,9197.0,4310660.0,4.661
601328.SH,2022-11-23,0.0,4.69,4.69,4.68,6540.0,3066320.0,4.662
601328.SH,2022-11-23,0.0,4.69,4.69,4.68,2064.0,967374.0,4.662
601328.SH,2022-11-23,0.0,4.69,4.69,4.68,5051.0,2365420.0,4.662
601328.SH,2022-11-23,0.0,4.68,4.69,4.68,14051.0,6577510.0,4.662
601328.SH,2022-11-23,0.0,4.68,4.69,4.68,11424.0,5355630.0,4.663
601328.SH,2022-11-23,0.0,4.68,4.69,4.68,2626.0,1229670.0,4.663
601328.SH,2022-11-23,0.0,4.68,4.69,4.67,19548.0,9149840.0,4.664
601328.SH,2022-11-23,0.0,4.68,4.69,4.67,12945.0,6058070.0,4.664
601328.SH,2022-11-23,0.0,4.68,4.69,4.68,7251.0,3393970.0,4.664
601328.SH,2022-11-23,0.0,4.68,4.68,4.68,6363.0,2977950.0,4.664
601328.SH,2022-11-23,0.0,4.68,4.68,4.67,1150.0,537881.0,4.664
601328.SH,2022-11-23,0.0,4.67,4.68,4.67,1460.0,682806.0,4.664
601328.SH,2022-11-23,0.0,4.67,4.68,4.67,1209.0,565292.0,4.664
601328.SH,2022-11-23,0.0,4.67,4.68,4.67,1545.0,722213.0,4.664
601328.SH,2022-11-23,0.0,4.67,4.68,4.67,1767.0,825932.0,4.664
601328.SH,2022-11-23,0.0,4.67,4.68,4.67,2070.0,967247.0,4.664
601328.SH,2022-11-23,0.0,4.67,4.68,4.67,6440.0,3008580.0,4.665
601328.SH,2022-11-23,0.0,4.67,4.68,4.67,10502.0,4905490.0,4.665
601328.SH,2022-11-23,0.0,4.66,4.67,4.66,5695.0,2659580.0,4.665
601328.SH,2022-11-23,0.0,4.67,4.68,4.66,8212.0,3835220.0,4.665
601328.SH,2022-11-23,0.0,4.68,4.68,4.67,2187.0,1022580.0,4.665
601328.SH,2022-11-23,0.0,4.67,4.68,4.67,1420.0,663337.0,4.665
601328.SH,2022-11-23,0.0,4.67,4.68,4.67,2087.0,975772.0,4.665
601328.SH,2022-11-23,0.0,4.67,4.68,4.67,1561.0,729159.0,4.665
601328.SH,2022-11-23,0.0,4.67,4.68,4.66,5998.0,2801000.0,4.665
601328.SH,2022-11-23,0.0,4.67,4.68,4.66,6363.0,2971450.0,4.665
601328.SH,2022-11-23,0.0,4.67,4.68,4.67,1790.0,836822.0,4.665
601328.SH,2022-11-23,0.0,4.67,4.68,4.67,1933.0,903168.0,4.665
601328.SH,2022-11-23,0.0,4.67,4.68,4.67,1860.0,868742.0,4.665
601328.SH,2022-11-23,0.0,4.67,4.68,4.67,3019.0,1410540.0,4.665
601328.SH,2022-11-23,0.0,4.68,4.68,4.67,825.0,385436.0,4.665
601328.SH,2022-11-23,0.0,4.67,4.68,4.67,1906.0,891106.0,4.665
601328.SH,2022-11-23,0.0,4.67,4.68,4.67,3289.0,1538500.0,4.665
601328.SH,2022-11-23,0.0,4.68,4.68,4.67,2474.0,1157560.0,4.665
601328.SH,2022-11-23,0.0,4.67,4.68,4.67,1289.0,602278.0,4.665
601328.SH,2022-11-23,0.0,4.67,4.68,4.67,704.0,328775.0,4.665
601328.SH,2022-11-23,0.0,4.68,4.68,4.67,751.0,351096.0,4.665
601328.SH,2022-11-23,0.0,4.68,4.68,4.67,4724.0,2207520.0,4.665
601328.SH,2022-11-23,0.0,4.68,4.68,4.67,1083.0,505944.0,4.665
601328.SH,2022-11-23,0.0,4.67,4.68,4.67,1334.0,623648.0,4.665
601328.SH,2022-11-23,0.0,4.67,4.68,4.67,998.0,466383.0,4.665
601328.SH,2022-11-23,0.0,4.68,4.68,4.67,2103.0,982401.0,4.665
601328.SH,2022-11-23,0.0,4.68,4.68,4.67,6700.0,3129460.0,4.665
601328.SH,2022-11-23,0.0,4.67,4.68,4.67,9290.0,4339150.0,4.665
601328.SH,2022-11-23,0.0,4.67,4.68,4.67,13628.0,6365170.0,4.666
601328.SH,2022-11-23,0.0,4.67,4.68,4.67,976.0,456076.0,4.666
601328.SH,2022-11-23,0.0,4.67,4.68,4.67,520.0,242870.0,4.666
601328.SH,2022-11-23,0.0,4.67,4.68,4.67,897.0,419200.0,4.666
601328.SH,2022-11-23,0.0,4.67,4.68,4.67,669.0,312489.0,4.666
601328.SH,2022-11-23,0.0,4.68,4.68,4.67,473.0,220980.0,4.666
601328.SH,2022-11-23,0.0,4.67,4.68,4.67,1177.0,549820.0,4.666
601328.SH,2022-11-23,0.0,4.68,4.68,4.67,994.0,464436.0,4.666
601328.SH,2022-11-23,0.0,4.67,4.68,4.67,8718.0,4079370.0,4.666
601328.SH,2022-11-23,0.0,4.67,4.68,4.67,3037.0,1418820.0,4.666
601328.SH,2022-11-23,0.0,4.67,4.68,4.67,19397.0,9056530.0,4.666
601328.SH,2022-11-23,0.0,4.66,4.67,4.66,2557.0,1192580.0,4.666
601328.SH,2022-11-23,0.0,4.66,4.67,4.66,1130.0,527037.0,4.666
601328.SH,2022-11-23,0.0,4.66,4.67,4.66,689.0,321561.0,4.666
601328.SH,2022-11-23,0.0,4.66,4.67,4.66,459.0,214017.0,4.666
601328.SH,2022-11-23,0.0,4.66,4.67,4.66,530.0,247097.0,4.666
601328.SH,2022-11-23,0.0,4.66,4.67,4.66,593.0,276552.0,4.666
601328.SH,2022-11-23,0.0,4.67,4.67,4.66,1139.0,531175.0,4.666
601328.SH,2022-11-23,0.0,4.67,4.67,4.66,728.0,339549.0,4.666
601328.SH,2022-11-23,0.0,4.66,4.67,4.66,1311.0,611310.0,4.666
601328.SH,2022-11-23,0.0,4.67,4.67,4.66,1059.0,493962.0,4.666
601328.SH,2022-11-23,0.0,4.66,4.67,4.66,932.0,434668.0,4.666
601328.SH,2022-11-23,0.0,4.66,4.67,4.66,692.0,322746.0,4.666
601328.SH,2022-11-23,0.0,4.67,4.67,4.66,1982.0,925369.0,4.666
601328.SH,2022-11-23,0.0,4.67,4.67,4.66,1005.0,468790.0,4.666
601328.SH,2022-11-23,0.0,4.66,4.67,4.66,3239.0,1511900.0,4.666
601328.SH,2022-11-23,0.0,4.67,4.67,4.66,747.0,348598.0,4.666
601328.SH,2022-11-23,0.0,4.66,4.67,4.66,8482.0,3955220.0,4.666
601328.SH,2022-11-23,0.0,4.66,4.67,4.66,40979.0,19098100.0,4.666
601328.SH,2022-11-23,0.0,4.66,4.67,4.66,5408.0,2520680.0,4.666
601328.SH,2022-11-23,0.0,4.66,4.66,4.65,2453.0,1142890.0,4.666
601328.SH,2022-11-23,0.0,4.65,4.66,4.65,978.0,454910.0,4.666
601328.SH,2022-11-23,0.0,4.66,4.66,4.65,668.0,310861.0,4.666
601328.SH,2022-11-23,0.0,4.65,4.66,4.65,847.0,394503.0,4.666
601328.SH,2022-11-23,0.0,4.65,4.66,4.65,1298.0,603995.0,4.665
601328.SH,2022-11-23,0.0,4.65,4.66,4.65,1005.0,467547.0,4.665
601328.SH,2022-11-23,0.0,4.65,4.66,4.65,919.0,427594.0,4.665
601328.SH,2022-11-23,0.0,4.65,4.66,4.65,2849.0,1325220.0,4.665
601328.SH,2022-11-23,0.0,4.65,4.66,4.65,1823.0,849230.0,4.665
601328.SH,2022-11-23,0.0,4.65,4.66,4.65,1407.0,654393.0,4.665
601328.SH,2022-11-23,0.0,4.65,4.66,4.65,900.0,418983.0,4.665
601328.SH,2022-11-23,0.0,4.65,4.66,4.65,1341.0,623875.0,4.665
601328.SH,2022-11-23,0.0,4.65,4.66,4.65,940.0,437611.0,4.665
601328.SH,2022-11-23,0.0,4.65,4.66,4.65,2161.0,1006250.0,4.665
601328.SH,2022-11-23,0.0,4.65,4.66,4.65,1770.0,823391.0,4.665
601328.SH,2022-11-23,0.0,4.65,4.66,4.65,455.0,211644.0,4.665
601328.SH,2022-11-23,0.0,4.65,4.66,4.65,3171.0,1474820.0,4.665
601328.SH,2022-11-23,0.0,4.65,4.66,4.65,1106.0,514743.0,4.665
601328.SH,2022-11-23,0.0,4.65,4.66,4.65,1379.0,642358.0,4.665
601328.SH,2022-11-23,0.0,4.66,4.66,4.65,722.0,335804.0,4.665
601328.SH,2022-11-23,0.0,4.65,4.66,4.65,1982.0,922610.0,4.665
601328.SH,2022-11-23,0.0,4.65,4.66,4.65,4301.0,2003760.0,4.665
601328.SH,2022-11-23,0.0,4.66,4.66,4.65,1285.0,597878.0,4.665
601328.SH,2022-11-23,0.0,4.65,4.66,4.65,446.0,207483.0,4.665
601328.SH,2022-11-23,0.0,4.65,4.66,4.65,426.0,198255.0,4.665
601328.SH,2022-11-23,0.0,4.65,4.66,4.65,4031.0,1877010.0,4.665
601328.SH,2022-11-23,0.0,4.65,4.66,4.65,1401.0,652610.0,4.665
601328.SH,2022-11-23,0.0,4.66,4.66,4.65,1293.0,602114.0,4.665
601328.SH,2022-11-23,0.0,4.65,4.66,4.65,702.0,326711.0,4.665
601328.SH,2022-11-23,0.0,4.65,4.66,4.65,930.0,432658.0,4.665
601328.SH,2022-11-23,0.0,4.66,4.66,4.65,2330.0,1084080.0,4.665
601328.SH,2022-11-23,0.0,4.65,4.66,4.65,1157.0,538766.0,4.665
601328.SH,2022-11-23,0.0,4.66,4.66,4.65,3511.0,1634960.0,4.665
601328.SH,2022-11-23,0.0,4.65,4.66,4.65,1745.0,812404.0,4.665
601328.SH,2022-11-23,0.0,4.65,4.66,4.65,1482.0,690017.0,4.665
601328.SH,2022-11-23,0.0,4.66,4.66,4.65,8587.0,3993970.0,4.665
601328.SH,2022-11-23,0.0,4.65,4.66,4.65,3104.0,1444780.0,4.665
601328.SH,2022-11-23,0.0,4.66,4.66,4.65,2472.0,1149990.0,4.665
601328.SH,2022-11-23,0.0,4.65,4.66,4.65,21552.0,10041700.0,4.665
601328.SH,2022-11-23,0.0,4.66,4.66,4.65,9034.0,4209620.0,4.665
601328.SH,2022-11-23,0.0,4.67,4.67,4.65,15738.0,7334820.0,4.664
601328.SH,2022-11-23,0.0,4.66,4.67,4.66,1017.0,474630.0,4.664
601328.SH,2022-11-23,0.0,4.66,4.67,4.66,1271.0,593029.0,4.664
601328.SH,2022-11-23,0.0,4.66,4.67,4.66,1532.0,713999.0,4.664
601328.SH,2022-11-23,0.0,4.66,4.67,4.66,4277.0,1994160.0,4.664
601328.SH,2022-11-23,0.0,4.66,4.67,4.66,852.0,397362.0,4.664
601328.SH,2022-11-23,0.0,4.67,4.67,4.66,856.0,399205.0,4.664
601328.SH,2022-11-23,0.0,4.66,4.67,4.66,1165.0,543290.0,4.664
601328.SH,2022-11-23,0.0,4.65,4.67,4.65,19463.0,9070830.0,4.664
601328.SH,2022-11-23,0.0,4.65,4.66,4.65,638.0,296897.0,4.664
601328.SH,2022-11-23,0.0,4.65,4.66,4.65,2006.0,934361.0,4.664
601328.SH,2022-11-23,0.0,4.65,4.66,4.65,415.0,193173.0,4.664
601328.SH,2022-11-23,0.0,4.66,4.66,4.65,603.0,280589.0,4.664
601328.SH,2022-11-23,0.0,4.65,4.66,4.65,687.0,319729.0,4.664
601328.SH,2022-11-23,0.0,4.66,4.66,4.65,1586.0,738768.0,4.664
601328.SH,2022-11-23,0.0,4.66,4.66,4.65,698.0,325055.0,4.664
601328.SH,2022-11-23,0.0,4.66,4.66,4.65,1073.0,499315.0,4.664
601328.SH,2022-11-23,0.0,4.65,4.66,4.65,722.0,336009.0,4.664
601328.SH,2022-11-23,0.0,4.65,4.66,4.65,444.0,206646.0,4.664
601328.SH,2022-11-23,0.0,4.66,4.66,4.65,1289.0,600504.0,4.664
601328.SH,2022-11-23,0.0,4.66,4.66,4.65,1564.0,728231.0,4.664
601328.SH,2022-11-23,0.0,4.65,4.66,4.65,1363.0,634192.0,4.664
601328.SH,2022-11-23,0.0,4.65,4.66,4.65,12603.0,5872500.0,4.664
601328.SH,2022-11-23,0.0,4.66,4.67,4.65,8766.0,4084930.0,4.664
601328.SH,2022-11-23,0.0,4.67,4.67,4.66,422.0,197019.0,4.664
601328.SH,2022-11-23,0.0,4.67,4.67,4.66,1028.0,479460.0,4.664
601328.SH,2022-11-23,0.0,4.66,4.67,4.66,1321.0,615996.0,4.664
601328.SH,2022-11-23,0.0,4.66,4.67,4.65,14721.0,6861120.0,4.664
601328.SH,2022-11-23,0.0,4.65,4.66,4.65,912.0,424489.0,4.664
601328.SH,2022-11-23,0.0,4.66,4.67,4.65,8846.0,4122500.0,4.664
601328.SH,2022-11-23,0.0,4.67,4.67,4.66,1770.0,825401.0,4.664
601328.SH,2022-11-23,0.0,4.66,4.67,4.66,1804.0,840940.0,4.664
601328.SH,2022-11-23,0.0,4.66,4.67,4.66,656.0,305901.0,4.664
601328.SH,2022-11-23,0.0,4.66,4.67,4.66,1406.0,655409.0,4.664
601328.SH,2022-11-23,0.0,4.67,4.67,4.66,10852.0,5067500.0,4.664
601328.SH,2022-11-23,0.0,4.67,4.67,4.66,3188.0,1487840.0,4.664
601328.SH,2022-11-23,0.0,4.67,4.67,4.66,847.0,395121.0,4.664
601328.SH,2022-11-23,0.0,4.66,4.67,4.66,1086.0,506834.0,4.664
601328.SH,2022-11-23,0.0,4.66,4.67,4.66,1394.0,649722.0,4.664
601328.SH,2022-11-23,0.0,4.67,4.67,4.66,937.0,437135.0,4.664
601328.SH,2022-11-23,0.0,4.67,4.67,4.66,1971.0,919049.0,4.664
601328.SH,2022-11-23,0.0,4.67,4.67,4.66,1053.0,490996.0,4.664
601328.SH,2022-11-23,0.0,4.67,4.67,4.66,915.0,426702.0,4.664
601328.SH,2022-11-23,0.0,4.66,4.67,4.66,4812.0,2242960.0,4.664
601328.SH,2022-11-23,0.0,4.67,4.67,4.66,2273.0,1059340.0,4.664
601328.SH,2022-11-23,0.0,4.67,4.67,4.66,7240.0,3374210.0,4.664
601328.SH,2022-11-23,0.0,4.66,4.67,4.66,1529.0,712789.0,4.664
601328.SH,2022-11-23,0.0,4.66,4.67,4.66,2069.0,964393.0,4.664
601328.SH,2022-11-23,0.0,4.67,4.67,4.66,2280.0,1062780.0,4.664
601328.SH,2022-11-23,0.0,4.67,4.67,4.66,1407.0,656133.0,4.664
601328.SH,2022-11-23,0.0,4.66,4.67,4.66,1432.0,667600.0,4.664
601328.SH,2022-11-23,0.0,4.66,4.67,4.66,2314.0,1079060.0,4.664
601328.SH,2022-11-23,0.0,4.67,4.67,4.66,1017.0,474232.0,4.664
601328.SH,2022-11-23,0.0,4.67,4.67,4.66,1267.0,590759.0,4.664
601328.SH,2022-11-23,0.0,4.66,4.67,4.66,946.0,441035.0,4.664
601328.SH,2022-11-23,0.0,4.67,4.67,4.66,2843.0,1325780.0,4.664
601328.SH,2022-11-23,0.0,4.67,4.67,4.66,2343.0,1093470.0,4.664
601328.SH,2022-11-23,0.0,4.67,4.67,4.66,2137.0,996968.0,4.664
601328.SH,2022-11-23,0.0,4.67,4.67,4.66,1590.0,741428.0,4.664
601328.SH,2022-11-23,0.0,4.66,4.67,4.66,1978.0,922009.0,4.664
601328.SH,2022-11-23,0.0,4.67,4.67,4.66,1696.0,790856.0,4.664
601328.SH,2022-11-23,0.0,4.67,4.67,4.66,2488.0,1160800.0,4.664
601328.SH,2022-11-23,0.0,4.67,4.67,4.66,3382.0,1576400.0,4.664
601328.SH,2022-11-23,0.0,4.67,4.67,4.66,5361.0,2496950.0,4.664
601328.SH,2022-11-23,0.0,4.67,4.67,4.66,1765.0,823053.0,4.664
601328.SH,2022-11-23,0.0,4.66,4.67,4.66,1254.0,584573.0,4.664
601328.SH,2022-11-23,0.0,4.66,4.67,4.66,895.0,417273.0,4.664
601328.SH,2022-11-23,0.0,4.66,4.67,4.66,4382.0,2042690.0,4.664
601328.SH,2022-11-23,0.0,4.66,4.67,4.66,2582.0,1204040.0,4.664
601328.SH,2022-11-23,0.0,4.66,4.67,4.66,1939.0,904281.0,4.664
601328.SH,2022-11-23,0.0,4.66,4.67,4.66,3456.0,1611370.0,4.664
601328.SH,2022-11-23,0.0,4.67,4.67,4.66,10014.0,4673690.0,4.664
601328.SH,2022-11-23,0.0,4.67,4.67,4.66,5483.0,2558930.0,4.664
601328.SH,2022-11-23,0.0,4.65,4.67,4.65,3741.0,1743140.0,4.664
601328.SH,2022-11-23,0.0,4.65,4.65,4.65,0.0,0.0,4.664
601328.SH,2022-11-23,0.0,4.65,4.65,4.65,0.0,0.0,4.664
601328.SH,2022-11-23,0.0,4.66,4.66,4.66,13146.0,6126040.0,4.664
601328.SH,2022-11-24,0.0,4.67,4.67,4.67,5906.0,2758100.0,4.67
601328.SH,2022-11-24,0.0,4.68,4.68,4.66,39271.0,18340000.0,4.67
601328.SH,2022-11-24,0.0,4.67,4.68,4.66,32065.0,14978000.0,4.671
601328.SH,2022-11-24,0.0,4.67,4.68,4.66,12967.0,6056740.0,4.671
601328.SH,2022-11-24,0.0,4.68,4.68,4.66,5558.0,2598020.0,4.671
601328.SH,2022-11-24,0.0,4.67,4.68,4.66,3726.0,1739670.0,4.671
601328.SH,2022-11-24,0.0,4.68,4.68,4.67,4866.0,2272640.0,4.671
601328.SH,2022-11-24,0.0,4.67,4.67,4.66,1333.0,622349.0,4.671
601328.SH,2022-11-24,0.0,4.67,4.67,4.66,1054.0,492061.0,4.671
601328.SH,2022-11-24,0.0,4.67,4.67,4.66,1850.0,863434.0,4.671
601328.SH,2022-11-24,0.0,4.67,4.67,4.66,1575.0,734303.0,4.671
601328.SH,2022-11-24,0.0,4.67,4.67,4.66,1780.0,830959.0,4.67
601328.SH,2022-11-24,0.0,4.67,4.67,4.66,11423.0,5323710.0,4.67
601328.SH,2022-11-24,0.0,4.67,4.67,4.66,4906.0,2289280.0,4.669
601328.SH,2022-11-24,0.0,4.67,4.67,4.66,1431.0,667378.0,4.669
601328.SH,2022-11-24,0.0,4.66,4.67,4.66,2334.0,1089210.0,4.669
601328.SH,2022-11-24,0.0,4.67,4.67,4.66,1111.0,518433.0,4.669
601328.SH,2022-11-24,0.0,4.67,4.67,4.66,1679.0,783242.0,4.669
601328.SH,2022-11-24,0.0,4.66,4.67,4.66,1327.0,618554.0,4.669
601328.SH,2022-11-24,0.0,4.66,4.67,4.66,792.0,369191.0,4.669
601328.SH,2022-11-24,0.0,4.67,4.67,4.66,1723.0,803940.0,4.669
601328.SH,2022-11-24,0.0,4.67,4.67,4.66,2197.0,1024700.0,4.669
601328.SH,2022-11-24,0.0,4.66,4.67,4.65,15035.0,7006290.0,4.668
601328.SH,2022-11-24,0.0,4.66,4.67,4.66,2863.0,1335640.0,4.668
601328.SH,2022-11-24,0.0,4.66,4.67,4.66,2114.0,986652.0,4.668
601328.SH,2022-11-24,0.0,4.66,4.67,4.66,6250.0,2912560.0,4.668
601328.SH,2022-11-24,0.0,4.67,4.67,4.66,663.0,309009.0,4.668
601328.SH,2022-11-24,0.0,4.67,4.67,4.66,1156.0,538922.0,4.668
601328.SH,2022-11-24,0.0,4.67,4.67,4.66,462.0,215375.0,4.668
601328.SH,2022-11-24,0.0,4.67,4.67,4.66,2146.0,1001330.0,4.668
601328.SH,2022-11-24,0.0,4.66,4.67,4.66,1096.0,511257.0,4.668
601328.SH,2022-11-24,0.0,4.66,4.67,4.66,2111.0,984091.0,4.668
601328.SH,2022-11-24,0.0,4.67,4.67,4.66,745.0,347278.0,4.668
601328.SH,2022-11-24,0.0,4.67,4.67,4.66,843.0,392989.0,4.668
601328.SH,2022-11-24,0.0,4.67,4.67,4.66,1131.0,527235.0,4.668
601328.SH,2022-11-24,0.0,4.66,4.67,4.66,993.0,463070.0,4.667
601328.SH,2022-11-24,0.0,4.67,4.67,4.66,4210.0,1965520.0,4.668
601328.SH,2022-11-24,0.0,4.67,4.67,4.66,3725.0,1736940.0,4.667
601328.SH,2022-11-24,0.0,4.66,4.67,4.66,1179.0,549652.0,4.667
601328.SH,2022-11-24,0.0,4.66,4.67,4.66,2929.0,1365310.0,4.667
601328.SH,2022-11-24,0.0,4.67,4.67,4.66,1126.0,525126.0,4.667
601328.SH,2022-11-24,0.0,4.67,4.67,4.66,1613.0,752735.0,4.667
601328.SH,2022-11-24,0.0,4.67,4.67,4.66,630.0,293697.0,4.667
601328.SH,2022-11-24,0.0,4.67,4.67,4.66,1662.0,774611.0,4.667
601328.SH,2022-11-24,0.0,4.67,4.67,4.66,801.0,373802.0,4.667
601328.SH,2022-11-24,0.0,4.66,4.67,4.66,2936.0,1368510.0,4.667
601328.SH,2022-11-24,0.0,4.67,4.67,4.66,609.0,284278.0,4.667
601328.SH,2022-11-24,0.0,4.67,4.67,4.66,449.0,209410.0,4.667
601328.SH,2022-11-24,0.0,4.66,4.67,4.66,1313.0,612379.0,4.667
601328.SH,2022-11-24,0.0,4.67,4.67,4.66,5790.0,2702820.0,4.667
601328.SH,2022-11-24,0.0,4.66,4.67,4.66,1028.0,479640.0,4.667
601328.SH,2022-11-24,0.0,4.66,4.67,4.66,1159.0,540118.0,4.667
601328.SH,2022-11-24,0.0,4.67,4.67,4.66,182.0,84864.0,4.667
601328.SH,2022-11-24,0.0,4.67,4.67,4.66,384.0,179083.0,4.667
601328.SH,2022-11-24,0.0,4.67,4.67,4.66,259.0,120825.0,4.667
601328.SH,2022-11-24,0.0,4.67,4.67,4.66,523.0,243883.0,4.667
601328.SH,2022-11-24,0.0,4.66,4.67,4.66,2830.0,1318980.0,4.667
601328.SH,2022-11-24,0.0,4.66,4.67,4.66,694.0,323606.0,4.667
601328.SH,2022-11-24,0.0,4.65,4.66,4.65,19236.0,8964200.0,4.666
601328.SH,2022-11-24,0.0,4.66,4.66,4.65,255.0,118767.0,4.666
601328.SH,2022-11-24,0.0,4.66,4.66,4.65,2750.0,1279060.0,4.666
601328.SH,2022-11-24,0.0,4.65,4.66,4.65,4684.0,2178230.0,4.666
601328.SH,2022-11-24,0.0,4.65,4.66,4.65,851.0,395911.0,4.666
601328.SH,2022-11-24,0.0,4.65,4.66,4.65,509.0,236740.0,4.666
601328.SH,2022-11-24,0.0,4.65,4.66,4.65,1344.0,625336.0,4.666
601328.SH,2022-11-24,0.0,4.66,4.66,4.65,1132.0,526403.0,4.666
601328.SH,2022-11-24,0.0,4.65,4.66,4.65,1615.0,751066.0,4.666
601328.SH,2022-11-24,0.0,4.66,4.66,4.65,1350.0,628924.0,4.666
601328.SH,2022-11-24,0.0,4.66,4.66,4.65,515.0,239492.0,4.666
601328.SH,2022-11-24,0.0,4.65,4.66,4.65,131.0,60949.0,4.666
601328.SH,2022-11-24,0.0,4.66,4.66,4.65,1004.0,467050.0,4.665
601328.SH,2022-11-24,0.0,4.66,4.66,4.65,588.0,273585.0,4.665
601328.SH,2022-11-24,0.0,4.66,4.66,4.65,1791.0,833908.0,4.665
601328.SH,2022-11-24,0.0,4.66,4.66,4.65,733.0,340958.0,4.665
601328.SH,2022-11-24,0.0,4.65,4.66,4.65,492.0,228852.0,4.665
601328.SH,2022-11-24,0.0,4.66,4.66,4.65,718.0,334048.0,4.665
601328.SH,2022-11-24,0.0,4.66,4.66,4.65,6305.0,2932940.0,4.665
601328.SH,2022-11-24,0.0,4.66,4.66,4.65,2653.0,1233840.0,4.665
601328.SH,2022-11-24,0.0,4.65,4.66,4.65,1147.0,533735.0,4.665
601328.SH,2022-11-24,0.0,4.66,4.66,4.65,5507.0,2561140.0,4.664
601328.SH,2022-11-24,0.0,4.66,4.66,4.65,1703.0,793004.0,4.664
601328.SH,2022-11-24,0.0,4.66,4.66,4.65,1388.0,645600.0,4.664
601328.SH,2022-11-24,0.0,4.66,4.66,4.65,260.0,121111.0,4.664
601328.SH,2022-11-24,0.0,4.65,4.66,4.65,918.0,427576.0,4.664
601328.SH,2022-11-24,0.0,4.65,4.66,4.65,976.0,454063.0,4.664
601328.SH,2022-11-24,0.0,4.66,4.66,4.65,2017.0,938572.0,4.664
601328.SH,2022-11-24,0.0,4.65,4.66,4.65,347.0,161436.0,4.664
601328.SH,2022-11-24,0.0,4.66,4.66,4.65,2521.0,1174660.0,4.664
601328.SH,2022-11-24,0.0,4.65,4.66,4.65,477.0,222067.0,4.664
601328.SH,2022-11-24,0.0,4.65,4.66,4.65,832.0,387403.0,4.664
601328.SH,2022-11-24,0.0,4.66,4.66,4.65,1344.0,625293.0,4.664
601328.SH,2022-11-24,0.0,4.65,4.66,4.65,495.0,230328.0,4.664
601328.SH,2022-11-24,0.0,4.65,4.66,4.65,111.0,51623.0,4.664
601328.SH,2022-11-24,0.0,4.66,4.66,4.65,964.0,448405.0,4.664
601328.SH,2022-11-24,0.0,4.66,4.66,4.65,867.0,403848.0,4.664
601328.SH,2022-11-24,0.0,4.66,4.66,4.65,675.0,313988.0,4.664
601328.SH,2022-11-24,0.0,4.66,4.66,4.65,3203.0,1490860.0,4.664
601328.SH,2022-11-24,0.0,4.66,4.66,4.65,1215.0,565130.0,4.664
601328.SH,2022-11-24,0.0,4.66,4.66,4.65,206.0,95828.0,4.664
601328.SH,2022-11-24,0.0,4.65,4.66,4.65,1364.0,634726.0,4.664
601328.SH,2022-11-24,0.0,4.66,4.66,4.65,1554.0,723681.0,4.664
601328.SH,2022-11-24,0.0,4.65,4.66,4.65,1165.0,542505.0,4.664
601328.SH,2022-11-24,0.0,4.66,4.66,4.65,1514.0,705128.0,4.664
601328.SH,2022-11-24,0.0,4.66,4.66,4.65,2473.0,1150830.0,4.664
601328.SH,2022-11-24,0.0,4.66,4.66,4.65,1151.0,536004.0,4.664
601328.SH,2022-11-24,0.0,4.66,4.66,4.65,1405.0,654454.0,4.663
601328.SH,2022-11-24,0.0,4.65,4.66,4.65,2528.0,1176200.0,4.663
601328.SH,2022-11-24,0.0,4.65,4.66,4.65,1834.0,853561.0,4.663
601328.SH,2022-11-24,0.0,4.65,4.66,4.65,960.0,447157.0,4.663
601328.SH,2022-11-24,0.0,4.66,4.66,4.65,1191.0,554716.0,4.663
601328.SH,2022-11-24,0.0,4.65,4.66,4.65,2748.0,1279470.0,4.663
601328.SH,2022-11-24,0.0,4.66,4.66,4.65,1272.0,592617.0,4.663
601328.SH,2022-11-24,0.0,4.65,4.66,4.65,1687.0,784874.0,4.663
601328.SH,2022-11-24,0.0,4.66,4.66,4.65,519.0,241356.0,4.663
601328.SH,2022-11-24,0.0,4.66,4.66,4.65,4159.0,1934460.0,4.663
601328.SH,2022-11-24,0.0,4.65,4.66,4.65,308.0,143430.0,4.663
601328.SH,2022-11-24,0.0,4.65,4.66,4.65,474.0,220568.0,4.663
601328.SH,2022-11-24,0.0,4.66,4.66,4.65,1192.0,554827.0,4.663
601328.SH,2022-11-24,0.0,4.66,4.66,4.65,893.0,415820.0,4.663
601328.SH,2022-11-24,0.0,4.66,4.66,4.65,853.0,397040.0,4.663
601328.SH,2022-11-24,0.0,4.66,4.66,4.65,1468.0,683479.0,4.663
601328.SH,2022-11-24,0.0,4.66,4.66,4.65,3922.0,1825440.0,4.663
601328.SH,2022-11-24,0.0,4.66,4.66,4.65,23611.0,10979500.0,4.662
601328.SH,2022-11-24,0.0,4.65,4.66,4.65,509.0,236772.0,4.662
601328.SH,2022-11-24,0.0,4.66,4.66,4.65,1095.0,510077.0,4.662
601328.SH,2022-11-24,0.0,4.66,4.66,4.65,863.0,401373.0,4.662
601328.SH,2022-11-24,0.0,4.65,4.66,4.65,559.0,259954.0,4.662
601328.SH,2022-11-24,0.0,4.66,4.66,4.65,614.0,285521.0,4.662
601328.SH,2022-11-24,0.0,4.66,4.66,4.65,862.0,401111.0,4.662
601328.SH,2022-11-24,0.0,4.65,4.66,4.65,645.0,300005.0,4.662
601328.SH,2022-11-24,0.0,4.66,4.66,4.65,448.0,208348.0,4.662
601328.SH,2022-11-24,0.0,4.65,4.66,4.65,549.0,255344.0,4.662
601328.SH,2022-11-24,0.0,4.65,4.66,4.65,238.0,110682.0,4.662
601328.SH,2022-11-24,0.0,4.66,4.66,4.65,1707.0,795313.0,4.662
601328.SH,2022-11-24,0.0,4.65,4.66,4.65,543.0,252583.0,4.662
601328.SH,2022-11-24,0.0,4.66,4.66,4.65,531.0,247131.0,4.662
601328.SH,2022-11-24,0.0,4.65,4.66,4.65,3189.0,1483080.0,4.662
601328.SH,2022-11-24,0.0,4.65,4.65,4.65,2134.0,992338.0,4.662
601328.SH,2022-11-24,0.0,4.65,4.66,4.65,1443.0,671080.0,4.662
601328.SH,2022-11-24,0.0,4.65,4.66,4.65,351.0,163244.0,4.661
601328.SH,2022-11-24,0.0,4.65,4.66,4.65,1885.0,876697.0,4.661
601328.SH,2022-11-24,0.0,4.65,4.66,4.65,4250.0,1976280.0,4.661
601328.SH,2022-11-24,0.0,4.65,4.66,4.65,1782.0,829593.0,4.661
601328.SH,2022-11-24,0.0,4.65,4.66,4.64,1900.0,884099.0,4.661
601328.SH,2022-11-24,0.0,4.66,4.66,4.65,204.0,94872.0,4.661
601328.SH,2022-11-24,0.0,4.65,4.66,4.65,558.0,259537.0,4.661
601328.SH,2022-11-24,0.0,4.65,4.66,4.65,2852.0,1328580.0,4.661
601328.SH,2022-11-24,0.0,4.66,4.66,4.65,410.0,190778.0,4.661
601328.SH,2022-11-24,0.0,4.66,4.66,4.65,325.0,151133.0,4.661
601328.SH,2022-11-24,0.0,4.66,4.66,4.65,139.0,64667.0,4.661
601328.SH,2022-11-24,0.0,4.66,4.66,4.65,1256.0,584094.0,4.661
601328.SH,2022-11-24,0.0,4.66,4.66,4.65,1302.0,605617.0,4.661
601328.SH,2022-11-24,0.0,4.65,4.66,4.65,492.0,229052.0,4.661
601328.SH,2022-11-24,0.0,4.66,4.66,4.65,2642.0,1229140.0,4.661
601328.SH,2022-11-24,0.0,4.65,4.66,4.65,2676.0,1244630.0,4.661
601328.SH,2022-11-24,0.0,4.65,4.66,4.65,446.0,207422.0,4.661
601328.SH,2022-11-24,0.0,4.66,4.66,4.65,826.0,384205.0,4.661
601328.SH,2022-11-24,0.0,4.66,4.66,4.65,5372.0,2502210.0,4.661
601328.SH,2022-11-24,0.0,4.66,4.66,4.65,938.0,436984.0,4.661
601328.SH,2022-11-24,0.0,4.66,4.66,4.65,906.0,421830.0,4.661
601328.SH,2022-11-24,0.0,4.65,4.66,4.65,1549.0,721625.0,4.661
601328.SH,2022-11-24,0.0,4.66,4.66,4.65,1742.0,811076.0,4.661
601328.SH,2022-11-24,0.0,4.65,4.66,4.65,2491.0,1160350.0,4.661
601328.SH,2022-11-24,0.0,4.66,4.66,4.65,1009.0,469634.0,4.661
601328.SH,2022-11-24,0.0,4.66,4.66,4.65,403.0,187634.0,4.661
601328.SH,2022-11-24,0.0,4.66,4.66,4.65,1293.0,601656.0,4.661
601328.SH,2022-11-24,0.0,4.66,4.66,4.65,2340.0,1088450.0,4.661
601328.SH,2022-11-24,0.0,4.66,4.66,4.65,621.0,288944.0,4.661
601328.SH,2022-11-24,0.0,4.65,4.66,4.65,636.0,295876.0,4.661
601328.SH,2022-11-24,0.0,4.66,4.66,4.65,1942.0,904883.0,4.661
601328.SH,2022-11-24,0.0,4.66,4.66,4.65,3104.0,1443670.0,4.661
601328.SH,2022-11-24,0.0,4.65,4.66,4.65,1474.0,686121.0,4.661
601328.SH,2022-11-24,0.0,4.66,4.66,4.65,853.0,396876.0,4.661
601328.SH,2022-11-24,0.0,4.66,4.66,4.65,612.0,284645.0,4.661
601328.SH,2022-11-24,0.0,4.66,4.66,4.65,1665.0,775304.0,4.661
601328.SH,2022-11-24,0.0,4.65,4.66,4.65,965.0,449094.0,4.661
601328.SH,2022-11-24,0.0,4.65,4.66,4.65,576.0,268153.0,4.661
601328.SH,2022-11-24,0.0,4.65,4.66,4.65,419.0,194901.0,4.661
601328.SH,2022-11-24,0.0,4.65,4.66,4.65,1138.0,529591.0,4.661
601328.SH,2022-11-24,0.0,4.65,4.66,4.65,621.0,289083.0,4.661
601328.SH,2022-11-24,0.0,4.66,4.66,4.65,409.0,190342.0,4.661
601328.SH,2022-11-24,0.0,4.66,4.66,4.65,748.0,348210.0,4.661
601328.SH,2022-11-24,0.0,4.65,4.66,4.65,1362.0,634467.0,4.661
601328.SH,2022-11-24,0.0,4.65,4.66,4.65,607.0,282402.0,4.66
601328.SH,2022-11-24,0.0,4.66,4.66,4.65,952.0,443250.0,4.66
601328.SH,2022-11-24,0.0,4.65,4.66,4.65,614.0,285939.0,4.66
601328.SH,2022-11-24,0.0,4.66,4.66,4.65,2386.0,1111310.0,4.66
601328.SH,2022-11-24,0.0,4.66,4.66,4.65,822.0,382688.0,4.66
601328.SH,2022-11-24,0.0,4.65,4.66,4.65,1543.0,718122.0,4.66
601328.SH,2022-11-24,0.0,4.66,4.66,4.65,2162.0,1005950.0,4.66
601328.SH,2022-11-24,0.0,4.65,4.66,4.65,5386.0,2509410.0,4.66
601328.SH,2022-11-24,0.0,4.66,4.66,4.65,706.0,328672.0,4.66
601328.SH,2022-11-24,0.0,4.66,4.66,4.65,773.0,360111.0,4.66
601328.SH,2022-11-24,0.0,4.65,4.66,4.65,863.0,402009.0,4.66
601328.SH,2022-11-24,0.0,4.66,4.66,4.65,734.0,341733.0,4.66
601328.SH,2022-11-24,0.0,4.65,4.66,4.65,1307.0,608167.0,4.66
601328.SH,2022-11-24,0.0,4.66,4.66,4.65,1009.0,469705.0,4.66
601328.SH,2022-11-24,0.0,4.66,4.66,4.65,1549.0,720648.0,4.66
601328.SH,2022-11-24,0.0,4.66,4.66,4.65,2652.0,1233630.0,4.66
601328.SH,2022-11-24,0.0,4.65,4.66,4.65,1622.0,754547.0,4.66
601328.SH,2022-11-24,0.0,4.66,4.66,4.65,1492.0,694876.0,4.66
601328.SH,2022-11-24,0.0,4.66,4.66,4.65,703.0,327257.0,4.66
601328.SH,2022-11-24,0.0,4.65,4.66,4.65,3483.0,1620530.0,4.66
601328.SH,2022-11-24,0.0,4.65,4.66,4.65,2858.0,1329300.0,4.66
601328.SH,2022-11-24,0.0,4.66,4.66,4.65,4815.0,2239650.0,4.66
601328.SH,2022-11-24,0.0,4.66,4.66,4.65,414.0,192836.0,4.66
601328.SH,2022-11-24,0.0,4.66,4.66,4.65,754.0,350800.0,4.66
601328.SH,2022-11-24,0.0,4.65,4.66,4.65,826.0,384259.0,4.66
601328.SH,2022-11-24,0.0,4.65,4.66,4.65,686.0,319185.0,4.66
601328.SH,2022-11-24,0.0,4.65,4.66,4.65,327.0,152123.0,4.66
601328.SH,2022-11-24,0.0,4.65,4.66,4.65,798.0,371372.0,4.66
601328.SH,2022-11-24,0.0,4.65,4.66,4.65,19785.0,9199990.0,4.66
601328.SH,2022-11-24,0.0,4.65,4.65,4.64,2734.0,1270190.0,4.659
601328.SH,2022-11-24,0.0,4.66,4.66,4.65,8040.0,3738570.0,4.659
601328.SH,2022-11-24,0.0,4.65,4.66,4.65,1218.0,566721.0,4.659
601328.SH,2022-11-24,0.0,4.65,4.66,4.65,375.0,174573.0,4.659
601328.SH,2022-11-24,0.0,4.66,4.66,4.65,4308.0,2005930.0,4.659
601328.SH,2022-11-24,0.0,4.66,4.66,4.65,777.0,361916.0,4.659
601328.SH,2022-11-24,0.0,4.66,4.66,4.65,6559.0,3056180.0,4.659
601328.SH,2022-11-24,0.0,4.66,4.66,4.65,816.0,379947.0,4.659
601328.SH,2022-11-24,0.0,4.66,4.66,4.65,1112.0,517571.0,4.659
601328.SH,2022-11-24,0.0,4.66,4.66,4.65,807.0,375824.0,4.659
601328.SH,2022-11-24,0.0,4.65,4.66,4.65,3194.0,1485760.0,4.659
601328.SH,2022-11-24,0.0,4.66,4.66,4.65,4615.0,2146940.0,4.659
601328.SH,2022-11-24,0.0,4.66,4.66,4.65,1515.0,705234.0,4.659
601328.SH,2022-11-24,0.0,4.65,4.66,4.65,7849.0,3651440.0,4.659
601328.SH,2022-11-24,0.0,4.66,4.66,4.65,1801.0,838154.0,4.659
601328.SH,2022-11-24,0.0,4.65,4.66,4.65,1119.0,520813.0,4.659
601328.SH,2022-11-24,0.0,4.65,4.66,4.65,3506.0,1631350.0,4.659
601328.SH,2022-11-24,0.0,4.66,4.66,4.65,856.0,398363.0,4.659
601328.SH,2022-11-24,0.0,4.65,4.66,4.65,2565.0,1193300.0,4.659
601328.SH,2022-11-24,0.0,4.66,4.66,4.65,2507.0,1166410.0,4.659
601328.SH,2022-11-24,0.0,4.65,4.66,4.65,2047.0,953277.0,4.659
601328.SH,2022-11-24,0.0,4.66,4.66,4.65,3260.0,1516210.0,4.659
601328.SH,2022-11-24,0.0,4.66,4.66,4.65,1176.0,547386.0,4.659
601328.SH,2022-11-24,0.0,4.65,4.66,4.65,7285.0,3393550.0,4.659
601328.SH,2022-11-24,0.0,4.65,4.66,4.65,4519.0,2104140.0,4.659
601328.SH,2022-11-24,0.0,4.64,4.66,4.64,6893.0,3205230.0,4.659
601328.SH,2022-11-24,0.0,4.64,4.64,4.64,0.0,0.0,4.659
601328.SH,2022-11-24,0.0,4.64,4.64,4.64,0.0,0.0,4.659
601328.SH,2022-11-24,0.0,4.65,4.65,4.65,8809.0,4096320.0,4.659
601328.SH,2022-11-25,0.0,4.66,4.66,4.66,2523.0,1175720.0,4.66
601328.SH,2022-11-25,0.0,4.66,4.66,4.65,23902.0,11134800.0,4.659
601328.SH,2022-11-25,0.0,4.66,4.67,4.66,5731.0,2672220.0,4.659
601328.SH,2022-11-25,0.0,4.67,4.67,4.66,2722.0,1269330.0,4.66
601328.SH,2022-11-25,0.0,4.67,4.67,4.66,2568.0,1198010.0,4.66
601328.SH,2022-11-25,0.0,4.67,4.67,4.66,15047.0,7025940.0,4.663
601328.SH,2022-11-25,0.0,4.66,4.67,4.66,3875.0,1808540.0,4.663
601328.SH,2022-11-25,0.0,4.67,4.67,4.66,1020.0,475968.0,4.663
601328.SH,2022-11-25,0.0,4.67,4.67,4.66,1506.0,703084.0,4.663
601328.SH,2022-11-25,0.0,4.66,4.67,4.66,2616.0,1221200.0,4.663
601328.SH,2022-11-25,0.0,4.67,4.67,4.66,13074.0,6104910.0,4.665
601328.SH,2022-11-25,0.0,4.67,4.67,4.66,714.0,333262.0,4.665
601328.SH,2022-11-25,0.0,4.67,4.68,4.67,64071.0,29924500.0,4.667
601328.SH,2022-11-25,0.0,4.67,4.68,4.67,1485.0,693893.0,4.667
601328.SH,2022-11-25,0.0,4.67,4.68,4.67,772.0,360745.0,4.667
601328.SH,2022-11-25,0.0,4.67,4.68,4.67,1709.0,799248.0,4.668
601328.SH,2022-11-25,0.0,4.68,4.68,4.67,1035.0,483876.0,4.668
601328.SH,2022-11-25,0.0,4.68,4.68,4.67,583.0,272677.0,4.668
601328.SH,2022-11-25,0.0,4.68,4.68,4.67,7901.0,3697520.0,4.668
601328.SH,2022-11-25,0.0,4.67,4.68,4.67,2884.0,1348350.0,4.668
601328.SH,2022-11-25,0.0,4.67,4.68,4.67,2066.0,965812.0,4.668
601328.SH,2022-11-25,0.0,4.68,4.68,4.67,15180.0,7104120.0,4.669
601328.SH,2022-11-25,0.0,4.68,4.68,4.67,3388.0,1584810.0,4.67
601328.SH,2022-11-25,0.0,4.68,4.68,4.67,1022.0,478129.0,4.67
601328.SH,2022-11-25,0.0,4.68,4.68,4.67,1647.0,770280.0,4.67
601328.SH,2022-11-25,0.0,4.67,4.68,4.67,748.0,349964.0,4.67
601328.SH,2022-11-25,0.0,4.68,4.68,4.67,12566.0,5877310.0,4.67
601328.SH,2022-11-25,0.0,4.68,4.68,4.67,18423.0,8621830.0,4.671
601328.SH,2022-11-25,0.0,4.68,4.68,4.67,6996.0,3273900.0,4.671
601328.SH,2022-11-25,0.0,4.68,4.68,4.67,7488.0,3504070.0,4.672
601328.SH,2022-11-25,0.0,4.67,4.68,4.67,2905.0,1359390.0,4.672
601328.SH,2022-11-25,0.0,4.68,4.69,4.67,46805.0,21908600.0,4.673
601328.SH,2022-11-25,0.0,4.68,4.69,4.68,6692.0,3138130.0,4.674
601328.SH,2022-11-25,0.0,4.69,4.69,4.68,3442.0,1613550.0,4.674
601328.SH,2022-11-25,0.0,4.68,4.69,4.68,4494.0,2106510.0,4.674
601328.SH,2022-11-25,0.0,4.7,4.7,4.68,75342.0,35340200.0,4.678
601328.SH,2022-11-25,0.0,4.71,4.72,4.7,88369.0,41564800.0,4.683
601328.SH,2022-11-25,0.0,4.71,4.72,4.71,4704.0,2218530.0,4.683
601328.SH,2022-11-25,0.0,4.72,4.72,4.71,14350.0,6772140.0,4.684
601328.SH,2022-11-25,0.0,4.71,4.72,4.71,4019.0,1895830.0,4.684
601328.SH,2022-11-25,0.0,4.72,4.73,4.72,60661.0,28638800.0,4.688
601328.SH,2022-11-25,0.0,4.72,4.73,4.72,14131.0,6671580.0,4.689
601328.SH,2022-11-25,0.0,4.71,4.72,4.71,5338.0,2516910.0,4.69
601328.SH,2022-11-25,0.0,4.71,4.72,4.71,11535.0,5441720.0,4.69
601328.SH,2022-11-25,0.0,4.72,4.72,4.71,32687.0,15434900.0,4.692
601328.SH,2022-11-25,0.0,4.72,4.73,4.72,18324.0,8654640.0,4.693
601328.SH,2022-11-25,0.0,4.71,4.72,4.71,23334.0,11020000.0,4.694
601328.SH,2022-11-25,0.0,4.71,4.72,4.71,3727.0,1758250.0,4.694
601328.SH,2022-11-25,0.0,4.72,4.72,4.71,5044.0,2379340.0,4.694
601328.SH,2022-11-25,0.0,4.71,4.72,4.71,13789.0,6507560.0,4.695
601328.SH,2022-11-25,0.0,4.72,4.72,4.71,1383.0,651799.0,4.695
601328.SH,2022-11-25,0.0,4.71,4.72,4.71,1306.0,615813.0,4.695
601328.SH,2022-11-25,0.0,4.71,4.72,4.71,4071.0,1919710.0,4.695
601328.SH,2022-11-25,0.0,4.71,4.72,4.71,4379.0,2064840.0,4.695
601328.SH,2022-11-25,0.0,4.71,4.72,4.71,3805.0,1795310.0,4.695
601328.SH,2022-11-25,0.0,4.71,4.72,4.71,5040.0,2378540.0,4.695
601328.SH,2022-11-25,0.0,4.71,4.72,4.71,2815.0,1327570.0,4.695
601328.SH,2022-11-25,0.0,4.72,4.72,4.71,4686.0,2211470.0,4.696
601328.SH,2022-11-25,0.0,4.71,4.72,4.71,3975.0,1875720.0,4.696
601328.SH,2022-11-25,0.0,4.71,4.72,4.71,1098.0,517917.0,4.696
601328.SH,2022-11-25,0.0,4.72,4.72,4.71,3160.0,1489440.0,4.696
601328.SH,2022-11-25,0.0,4.71,4.72,4.71,7003.0,3299740.0,4.696
601328.SH,2022-11-25,0.0,4.72,4.72,4.71,1541.0,726768.0,4.696
601328.SH,2022-11-25,0.0,4.72,4.72,4.71,1286.0,606512.0,4.696
601328.SH,2022-11-25,0.0,4.72,4.72,4.71,3928.0,1851510.0,4.696
601328.SH,2022-11-25,0.0,4.71,4.72,4.71,3120.0,1472260.0,4.696
601328.SH,2022-11-25,0.0,4.72,4.72,4.71,610.0,287630.0,4.696
601328.SH,2022-11-25,0.0,4.72,4.72,4.71,3026.0,1428050.0,4.696
601328.SH,2022-11-25,0.0,4.73,4.73,4.71,59138.0,27916700.0,4.698
601328.SH,2022-11-25,0.0,4.72,4.73,4.72,3783.0,1786180.0,4.698
601328.SH,2022-11-25,0.0,4.73,4.73,4.72,5803.0,2740460.0,4.699
601328.SH,2022-11-25,0.0,4.72,4.73,4.72,4611.0,2179630.0,4.699
601328.SH,2022-11-25,0.0,4.73,4.73,4.72,4500.0,2124760.0,4.699
601328.SH,2022-11-25,0.0,4.72,4.73,4.72,3313.0,1564370.0,4.699
601328.SH,2022-11-25,0.0,4.72,4.73,4.72,2517.0,1188820.0,4.699
601328.SH,2022-11-25,0.0,4.72,4.73,4.72,11678.0,5519450.0,4.699
601328.SH,2022-11-25,0.0,4.72,4.73,4.72,1744.0,824038.0,4.699
601328.SH,2022-11-25,0.0,4.72,4.73,4.72,6153.0,2908590.0,4.7
601328.SH,2022-11-25,0.0,4.73,4.73,4.72,3948.0,1864600.0,4.7
601328.SH,2022-11-25,0.0,4.72,4.73,4.72,15610.0,7369890.0,4.7
601328.SH,2022-11-25,0.0,4.72,4.73,4.72,3787.0,1787570.0,4.7
601328.SH,2022-11-25,0.0,4.72,4.73,4.72,11439.0,5405170.0,4.701
601328.SH,2022-11-25,0.0,4.72,4.72,4.72,5819.0,2746910.0,4.701
601328.SH,2022-11-25,0.0,4.72,4.73,4.72,5270.0,2487470.0,4.701
601328.SH,2022-11-25,0.0,4.72,4.73,4.72,3149.0,1486910.0,4.701
601328.SH,2022-11-25,0.0,4.71,4.72,4.71,3776.0,1782260.0,4.701
601328.SH,2022-11-25,0.0,4.72,4.72,4.71,3997.0,1886310.0,4.701
601328.SH,2022-11-25,0.0,4.71,4.72,4.71,3588.0,1691850.0,4.701
601328.SH,2022-11-25,0.0,4.72,4.72,4.71,3278.0,1547130.0,4.701
601328.SH,2022-11-25,0.0,4.72,4.72,4.71,7991.0,3771560.0,4.701
601328.SH,2022-11-25,0.0,4.72,4.72,4.71,1250.0,589496.0,4.701
601328.SH,2022-11-25,0.0,4.71,4.72,4.71,9110.0,4299700.0,4.702
601328.SH,2022-11-25,0.0,4.72,4.72,4.71,6690.0,3158600.0,4.702
601328.SH,2022-11-25,0.0,4.72,4.73,4.72,2164.0,1022020.0,4.702
601328.SH,2022-11-25,0.0,4.72,4.73,4.72,2663.0,1257040.0,4.702
601328.SH,2022-11-25,0.0,4.72,4.72,4.71,449.0,211877.0,4.702
601328.SH,2022-11-25,0.0,4.72,4.72,4.71,2262.0,1067470.0,4.702
601328.SH,2022-11-25,0.0,4.72,4.72,4.71,1747.0,823816.0,4.702
601328.SH,2022-11-25,0.0,4.72,4.72,4.71,1168.0,550859.0,4.702
601328.SH,2022-11-25,0.0,4.71,4.72,4.71,919.0,433126.0,4.702
601328.SH,2022-11-25,0.0,4.72,4.72,4.71,1936.0,913190.0,4.702
601328.SH,2022-11-25,0.0,4.72,4.72,4.71,665.0,313721.0,4.702
601328.SH,2022-11-25,0.0,4.72,4.72,4.71,7210.0,3396270.0,4.702
601328.SH,2022-11-25,0.0,4.71,4.72,4.71,2511.0,1184800.0,4.702
601328.SH,2022-11-25,0.0,4.71,4.72,4.71,1365.0,644197.0,4.702
601328.SH,2022-11-25,0.0,4.72,4.72,4.71,428.0,201756.0,4.702
601328.SH,2022-11-25,0.0,4.72,4.72,4.71,2966.0,1399550.0,4.702
601328.SH,2022-11-25,0.0,4.72,4.72,4.71,4708.0,2218740.0,4.702
601328.SH,2022-11-25,0.0,4.71,4.72,4.71,939.0,442916.0,4.702
601328.SH,2022-11-25,0.0,4.72,4.72,4.71,778.0,366994.0,4.702
601328.SH,2022-11-25,0.0,4.72,4.72,4.71,492.0,231791.0,4.702
601328.SH,2022-11-25,0.0,4.72,4.72,4.71,2676.0,1262340.0,4.702
601328.SH,2022-11-25,0.0,4.72,4.72,4.71,3485.0,1644440.0,4.702
601328.SH,2022-11-25,0.0,4.71,4.72,4.71,2106.0,993386.0,4.702
601328.SH,2022-11-25,0.0,4.71,4.72,4.71,778.0,366561.0,4.702
601328.SH,2022-11-25,0.0,4.72,4.72,4.71,816.0,384770.0,4.702
601328.SH,2022-11-25,0.0,4.72,4.72,4.71,1167.0,550315.0,4.702
601328.SH,2022-11-25,0.0,4.72,4.72,4.71,1070.0,504555.0,4.702
601328.SH,2022-11-25,0.0,4.72,4.72,4.71,1092.0,515089.0,4.702
601328.SH,2022-11-25,0.0,4.72,4.72,4.71,982.0,463253.0,4.702
601328.SH,2022-11-25,0.0,4.71,4.72,4.71,983.0,463802.0,4.702
601328.SH,2022-11-25,0.0,4.71,4.71,4.71,7139.0,3364030.0,4.703
601328.SH,2022-11-25,0.0,4.72,4.72,4.71,897.0,422593.0,4.703
601328.SH,2022-11-25,0.0,4.71,4.72,4.71,2499.0,1177080.0,4.703
601328.SH,2022-11-25,0.0,4.71,4.71,4.71,1443.0,679692.0,4.703
601328.SH,2022-11-25,0.0,4.71,4.72,4.71,1606.0,757117.0,4.703
601328.SH,2022-11-25,0.0,4.71,4.72,4.71,1009.0,475618.0,4.703
601328.SH,2022-11-25,0.0,4.71,4.72,4.71,12877.0,6077860.0,4.703
601328.SH,2022-11-25,0.0,4.71,4.72,4.71,3384.0,1597130.0,4.703
601328.SH,2022-11-25,0.0,4.71,4.72,4.71,139.0,65498.0,4.703
601328.SH,2022-11-25,0.0,4.72,4.72,4.71,2514.0,1185710.0,4.703
601328.SH,2022-11-25,0.0,4.72,4.72,4.71,1578.0,744518.0,4.703
601328.SH,2022-11-25,0.0,4.71,4.72,4.71,760.0,358262.0,4.703
601328.SH,2022-11-25,0.0,4.72,4.72,4.71,1137.0,536404.0,4.703
601328.SH,2022-11-25,0.0,4.72,4.72,4.71,1019.0,480867.0,4.703
601328.SH,2022-11-25,0.0,4.71,4.72,4.71,622.0,293165.0,4.703
601328.SH,2022-11-25,0.0,4.71,4.72,4.71,1160.0,547313.0,4.703
601328.SH,2022-11-25,0.0,4.71,4.72,4.71,128.0,60360.0,4.703
601328.SH,2022-11-25,0.0,4.72,4.72,4.71,556.0,262025.0,4.703
601328.SH,2022-11-25,0.0,4.72,4.72,4.71,14182.0,6693310.0,4.703
601328.SH,2022-11-25,0.0,4.72,4.72,4.71,18269.0,8622360.0,4.704
601328.SH,2022-11-25,0.0,4.72,4.73,4.71,13873.0,6545840.0,4.704
601328.SH,2022-11-25,0.0,4.73,4.73,4.72,35916.0,16987500.0,4.705
601328.SH,2022-11-25,0.0,4.72,4.73,4.72,3749.0,1771310.0,4.705
601328.SH,2022-11-25,0.0,4.73,4.73,4.72,5700.0,2691320.0,4.705
601328.SH,2022-11-25,0.0,4.72,4.73,4.72,1404.0,663369.0,4.705
601328.SH,2022-11-25,0.0,4.73,4.73,4.72,40317.0,19069600.0,4.706
601328.SH,2022-11-25,0.0,4.72,4.73,4.72,4693.0,2219610.0,4.706
601328.SH,2022-11-25,0.0,4.73,4.73,4.72,969.0,457792.0,4.706
601328.SH,2022-11-25,0.0,4.73,4.73,4.72,2114.0,999405.0,4.706
601328.SH,2022-11-25,0.0,4.73,4.73,4.72,5971.0,2824180.0,4.706
601328.SH,2022-11-25,0.0,4.73,4.73,4.72,9396.0,4441990.0,4.706
601328.SH,2022-11-25,0.0,4.73,4.74,4.73,12471.0,5907060.0,4.706
601328.SH,2022-11-25,0.0,4.74,4.74,4.73,2270.0,1074390.0,4.707
601328.SH,2022-11-25,0.0,4.73,4.74,4.73,5857.0,2774920.0,4.707
601328.SH,2022-11-25,0.0,4.73,4.74,4.73,3179.0,1506290.0,4.707
601328.SH,2022-11-25,0.0,4.74,4.74,4.73,971.0,459994.0,4.707
601328.SH,2022-11-25,0.0,4.74,4.74,4.73,1877.0,888138.0,4.707
601328.SH,2022-11-25,0.0,4.74,4.74,4.73,2445.0,1158660.0,4.707
601328.SH,2022-11-25,0.0,4.74,4.74,4.73,598.0,283239.0,4.707
601328.SH,2022-11-25,0.0,4.73,4.74,4.73,1945.0,920763.0,4.707
601328.SH,2022-11-25,0.0,4.73,4.74,4.73,1665.0,788069.0,4.707
601328.SH,2022-11-25,0.0,4.73,4.74,4.73,3917.0,1853190.0,4.707
601328.SH,2022-11-25,0.0,4.74,4.74,4.73,3321.0,1571160.0,4.707
601328.SH,2022-11-25,0.0,4.72,4.74,4.72,9363.0,4429340.0,4.707
601328.SH,2022-11-25,0.0,4.72,4.73,4.72,394.0,186194.0,4.707
601328.SH,2022-11-25,0.0,4.72,4.73,4.72,1618.0,765114.0,4.707
601328.SH,2022-11-25,0.0,4.72,4.73,4.72,704.0,332415.0,4.707
601328.SH,2022-11-25,0.0,4.73,4.73,4.72,3450.0,1628510.0,4.707
601328.SH,2022-11-25,0.0,4.73,4.73,4.72,1102.0,520161.0,4.707
601328.SH,2022-11-25,0.0,4.73,4.73,4.72,3085.0,1457940.0,4.707
601328.SH,2022-11-25,0.0,4.72,4.73,4.72,536.0,253081.0,4.707
601328.SH,2022-11-25,0.0,4.72,4.73,4.72,1546.0,729882.0,4.707
601328.SH,2022-11-25,0.0,4.72,4.73,4.72,1158.0,546754.0,4.708
601328.SH,2022-11-25,0.0,4.72,4.73,4.72,2369.0,1120380.0,4.708
601328.SH,2022-11-25,0.0,4.73,4.73,4.72,436.0,205944.0,4.708
601328.SH,2022-11-25,0.0,4.73,4.73,4.72,3446.0,1629840.0,4.708
601328.SH,2022-11-25,0.0,4.73,4.73,4.72,1214.0,573243.0,4.708
601328.SH,2022-11-25,0.0,4.73,4.73,4.72,1428.0,674241.0,4.708
601328.SH,2022-11-25,0.0,4.73,4.73,4.72,2109.0,996212.0,4.708
601328.SH,2022-11-25,0.0,4.72,4.73,4.72,1078.0,509562.0,4.708
601328.SH,2022-11-25,0.0,4.73,4.73,4.72,2859.0,1350760.0,4.708
601328.SH,2022-11-25,0.0,4.72,4.73,4.72,1540.0,727984.0,4.708
601328.SH,2022-11-25,0.0,4.72,4.73,4.72,1104.0,521858.0,4.708
601328.SH,2022-11-25,0.0,4.72,4.73,4.72,1821.0,860947.0,4.708
601328.SH,2022-11-25,0.0,4.72,4.73,4.72,3424.0,1616160.0,4.708
601328.SH,2022-11-25,0.0,4.72,4.73,4.72,589.0,278136.0,4.708
601328.SH,2022-11-25,0.0,4.73,4.73,4.72,3186.0,1505830.0,4.708
601328.SH,2022-11-25,0.0,4.72,4.73,4.72,767.0,362292.0,4.708
601328.SH,2022-11-25,0.0,4.72,4.73,4.72,4178.0,1973500.0,4.708
601328.SH,2022-11-25,0.0,4.72,4.73,4.72,4499.0,2123980.0,4.708
601328.SH,2022-11-25,0.0,4.72,4.73,4.72,1663.0,785138.0,4.708
601328.SH,2022-11-25,0.0,4.72,4.73,4.72,5861.0,2767700.0,4.708
601328.SH,2022-11-25,0.0,4.73,4.73,4.72,9480.0,4482650.0,4.708
601328.SH,2022-11-25,0.0,4.72,4.73,4.72,1549.0,731711.0,4.708
601328.SH,2022-11-25,0.0,4.73,4.73,4.72,947.0,447719.0,4.708
601328.SH,2022-11-25,0.0,4.73,4.73,4.72,1825.0,862652.0,4.708
601328.SH,2022-11-25,0.0,4.73,4.73,4.72,450.0,212499.0,4.708
601328.SH,2022-11-25,0.0,4.72,4.73,4.72,841.0,397640.0,4.708
601328.SH,2022-11-25,0.0,4.73,4.73,4.72,3727.0,1762140.0,4.708
601328.SH,2022-11-25,0.0,4.73,4.73,4.72,1210.0,571313.0,4.708
601328.SH,2022-11-25,0.0,4.72,4.73,4.72,1111.0,524993.0,4.708
601328.SH,2022-11-25,0.0,4.73,4.73,4.72,3319.0,1569670.0,4.708
601328.SH,2022-11-25,0.0,4.72,4.73,4.72,1115.0,527301.0,4.708
601328.SH,2022-11-25,0.0,4.73,4.73,4.72,934.0,441155.0,4.708
601328.SH,2022-11-25,0.0,4.73,4.73,4.72,849.0,401023.0,4.708
601328.SH,2022-11-25,0.0,4.73,4.73,4.72,423.0,199785.0,4.708
601328.SH,2022-11-25,0.0,4.73,4.73,4.72,2144.0,1013590.0,4.709
601328.SH,2022-11-25,0.0,4.73,4.73,4.72,878.0,414785.0,4.709
601328.SH,2022-11-25,0.0,4.72,4.73,4.72,3057.0,1444980.0,4.709
601328.SH,2022-11-25,0.0,4.73,4.73,4.72,1603.0,757412.0,4.709
601328.SH,2022-11-25,0.0,4.73,4.73,4.72,9229.0,4362860.0,4.709
601328.SH,2022-11-25,0.0,4.73,4.73,4.72,2365.0,1117630.0,4.709
601328.SH,2022-11-25,0.0,4.72,4.73,4.72,857.0,404664.0,4.709
601328.SH,2022-11-25,0.0,4.73,4.73,4.72,4310.0,2036930.0,4.709
601328.SH,2022-11-25,0.0,4.73,4.73,4.72,1484.0,700782.0,4.709
601328.SH,2022-11-25,0.0,4.73,4.73,4.72,1157.0,546449.0,4.709
601328.SH,2022-11-25,0.0,4.73,4.73,4.72,4028.0,1904250.0,4.709
601328.SH,2022-11-25,0.0,4.73,4.73,4.73,1980.0,935523.0,4.709
601328.SH,2022-11-25,0.0,4.73,4.73,4.72,962.0,454442.0,4.709
601328.SH,2022-11-25,0.0,4.73,4.73,4.73,1645.0,777224.0,4.709
601328.SH,2022-11-25,0.0,4.73,4.73,4.73,6389.0,3018910.0,4.709
601328.SH,2022-11-25,0.0,4.73,4.73,4.72,7843.0,3708670.0,4.709
601328.SH,2022-11-25,0.0,4.73,4.73,4.72,9114.0,4309570.0,4.709
601328.SH,2022-11-25,0.0,4.73,4.73,4.73,4544.0,2146830.0,4.709
601328.SH,2022-11-25,0.0,4.73,4.73,4.73,5136.0,2427190.0,4.709
601328.SH,2022-11-25,0.0,4.72,4.73,4.72,3978.0,1879970.0,4.709
601328.SH,2022-11-25,0.0,4.72,4.73,4.72,3127.0,1476930.0,4.709
601328.SH,2022-11-25,0.0,4.73,4.73,4.72,9501.0,4490800.0,4.71
601328.SH,2022-11-25,0.0,4.72,4.73,4.72,3517.0,1661880.0,4.71
601328.SH,2022-11-25,0.0,4.73,4.73,4.72,2859.0,1350560.0,4.71
601328.SH,2022-11-25,0.0,4.72,4.72,4.72,29818.0,14074300.0,4.71
601328.SH,2022-11-25,0.0,4.72,4.73,4.72,9963.0,4704480.0,4.71
601328.SH,2022-11-25,0.0,4.72,4.73,4.72,1166.0,550717.0,4.71
601328.SH,2022-11-25,0.0,4.72,4.73,4.72,8235.0,3886920.0,4.71
601328.SH,2022-11-25,0.0,4.73,4.73,4.71,3372.0,1591720.0,4.71
601328.SH,2022-11-25,0.0,4.73,4.73,4.71,5108.0,2412450.0,4.71
601328.SH,2022-11-25,0.0,4.73,4.73,4.71,4080.0,1926140.0,4.71
601328.SH,2022-11-25,0.0,4.72,4.72,4.72,63.0,29683.0,4.71
601328.SH,2022-11-25,0.0,4.72,4.72,4.72,0.0,0.0,4.71
601328.SH,2022-11-25,0.0,4.72,4.72,4.72,7097.0,3349780.0,4.71
601328.SH,2022-11-28,0.0,4.69,4.69,4.69,34502.0,16181400.0,4.69
601328.SH,2022-11-28,0.0,4.68,4.7,4.68,46822.0,21943700.0,4.688
601328.SH,2022-11-28,0.0,4.68,4.68,4.67,16270.0,7611600.0,4.686
601328.SH,2022-11-28,0.0,4.68,4.69,4.67,24900.0,11649100.0,4.685
601328.SH,2022-11-28,0.0,4.68,4.68,4.67,16650.0,7782780.0,4.684
601328.SH,2022-11-28,0.0,4.67,4.68,4.67,12298.0,5749210.0,4.683
601328.SH,2022-11-28,0.0,4.66,4.68,4.66,25019.0,11683000.0,4.681
601328.SH,2022-11-28,0.0,4.66,4.67,4.66,17096.0,7972670.0,4.679
601328.SH,2022-11-28,0.0,4.66,4.67,4.66,6021.0,2808960.0,4.679
601328.SH,2022-11-28,0.0,4.66,4.67,4.66,14275.0,6652860.0,4.678
601328.SH,2022-11-28,0.0,4.66,4.66,4.65,16924.0,7882480.0,4.676
601328.SH,2022-11-28,0.0,4.65,4.66,4.65,7302.0,3397440.0,4.676
601328.SH,2022-11-28,0.0,4.65,4.66,4.65,14598.0,6789830.0,4.674
601328.SH,2022-11-28,0.0,4.66,4.66,4.65,7725.0,3594000.0,4.674
601328.SH,2022-11-28,0.0,4.65,4.66,4.65,18297.0,8509210.0,4.672
601328.SH,2022-11-28,0.0,4.66,4.66,4.65,3705.0,1724420.0,4.672
601328.SH,2022-11-28,0.0,4.65,4.66,4.64,23023.0,10705500.0,4.67
601328.SH,2022-11-28,0.0,4.65,4.65,4.64,23881.0,11100500.0,4.669
601328.SH,2022-11-28,0.0,4.65,4.66,4.65,4602.0,2140130.0,4.668
601328.SH,2022-11-28,0.0,4.66,4.66,4.65,3414.0,1588540.0,4.668
601328.SH,2022-11-28,0.0,4.66,4.66,4.65,3157.0,1468680.0,4.668
601328.SH,2022-11-28,0.0,4.66,4.66,4.65,4087.0,1903020.0,4.668
601328.SH,2022-11-28,0.0,4.66,4.66,4.65,2289.0,1064940.0,4.668
601328.SH,2022-11-28,0.0,4.65,4.66,4.65,3039.0,1414980.0,4.668
601328.SH,2022-11-28,0.0,4.66,4.66,4.65,4128.0,1921630.0,4.668
601328.SH,2022-11-28,0.0,4.65,4.66,4.65,3617.0,1683450.0,4.667
601328.SH,2022-11-28,0.0,4.65,4.66,4.65,5554.0,2584870.0,4.667
601328.SH,2022-11-28,0.0,4.65,4.66,4.65,25175.0,11707200.0,4.666
601328.SH,2022-11-28,0.0,4.66,4.66,4.65,10056.0,4678280.0,4.666
601328.SH,2022-11-28,0.0,4.65,4.66,4.65,2354.0,1095230.0,4.666
601328.SH,2022-11-28,0.0,4.66,4.66,4.65,2145.0,999361.0,4.666
601328.SH,2022-11-28,0.0,4.65,4.66,4.65,3015.0,1402800.0,4.666
601328.SH,2022-11-28,0.0,4.65,4.66,4.65,3319.0,1545410.0,4.665
601328.SH,2022-11-28,0.0,4.66,4.66,4.65,2415.0,1124570.0,4.665
601328.SH,2022-11-28,0.0,4.65,4.66,4.65,5184.0,2413510.0,4.665
601328.SH,2022-11-28,0.0,4.65,4.66,4.65,3587.0,1670200.0,4.665
601328.SH,2022-11-28,0.0,4.66,4.67,4.65,15225.0,7096930.0,4.665
601328.SH,2022-11-28,0.0,4.66,4.67,4.66,9361.0,4365910.0,4.665
601328.SH,2022-11-28,0.0,4.66,4.67,4.66,3309.0,1543770.0,4.665
601328.SH,2022-11-28,0.0,4.67,4.67,4.66,3100.0,1446660.0,4.665
601328.SH,2022-11-28,0.0,4.67,4.69,4.66,33303.0,15579700.0,4.666
601328.SH,2022-11-28,0.0,4.69,4.7,4.68,20982.0,9841740.0,4.667
601328.SH,2022-11-28,0.0,4.7,4.7,4.68,14526.0,6818410.0,4.668
601328.SH,2022-11-28,0.0,4.7,4.7,4.69,6964.0,3272580.0,4.668
601328.SH,2022-11-28,0.0,4.7,4.7,4.69,9443.0,4436640.0,4.669
601328.SH,2022-11-28,0.0,4.69,4.71,4.69,8387.0,3941170.0,4.669
601328.SH,2022-11-28,0.0,4.69,4.7,4.69,4111.0,1930210.0,4.669
601328.SH,2022-11-28,0.0,4.69,4.7,4.69,6918.0,3246200.0,4.67
601328.SH,2022-11-28,0.0,4.7,4.7,4.69,4576.0,2148570.0,4.67
601328.SH,2022-11-28,0.0,4.68,4.7,4.68,3339.0,1565020.0,4.67
601328.SH,2022-11-28,0.0,4.69,4.69,4.68,1215.0,569153.0,4.67
601328.SH,2022-11-28,0.0,4.68,4.69,4.68,1709.0,800589.0,4.67
601328.SH,2022-11-28,0.0,4.69,4.69,4.68,4685.0,2195930.0,4.67
601328.SH,2022-11-28,0.0,4.69,4.69,4.68,1390.0,651412.0,4.67
601328.SH,2022-11-28,0.0,4.69,4.69,4.68,1166.0,546764.0,4.67
601328.SH,2022-11-28,0.0,4.7,4.7,4.68,2942.0,1379370.0,4.67
601328.SH,2022-11-28,0.0,4.69,4.69,4.68,2226.0,1043100.0,4.67
601328.SH,2022-11-28,0.0,4.68,4.69,4.68,1216.0,569651.0,4.67
601328.SH,2022-11-28,0.0,4.69,4.69,4.68,3357.0,1573090.0,4.671
601328.SH,2022-11-28,0.0,4.68,4.69,4.68,2314.0,1084190.0,4.671
601328.SH,2022-11-28,0.0,4.69,4.69,4.68,512.0,240040.0,4.671
601328.SH,2022-11-28,0.0,4.68,4.69,4.68,2781.0,1303010.0,4.671
601328.SH,2022-11-28,0.0,4.69,4.69,4.68,718.0,336414.0,4.671
601328.SH,2022-11-28,0.0,4.69,4.69,4.68,1120.0,524757.0,4.671
601328.SH,2022-11-28,0.0,4.69,4.69,4.68,1242.0,581821.0,4.671
601328.SH,2022-11-28,0.0,4.69,4.69,4.68,735.0,344451.0,4.671
601328.SH,2022-11-28,0.0,4.69,4.69,4.68,453.0,212391.0,4.671
601328.SH,2022-11-28,0.0,4.69,4.69,4.68,742.0,347806.0,4.671
601328.SH,2022-11-28,0.0,4.69,4.69,4.68,1356.0,634980.0,4.671
601328.SH,2022-11-28,0.0,4.68,4.69,4.68,1321.0,618935.0,4.671
601328.SH,2022-11-28,0.0,4.68,4.69,4.68,1335.0,625470.0,4.671
601328.SH,2022-11-28,0.0,4.68,4.69,4.68,1138.0,533382.0,4.671
601328.SH,2022-11-28,0.0,4.69,4.69,4.68,1469.0,688050.0,4.671
601328.SH,2022-11-28,0.0,4.68,4.69,4.68,6964.0,3265040.0,4.671
601328.SH,2022-11-28,0.0,4.68,4.69,4.68,858.0,402232.0,4.671
601328.SH,2022-11-28,0.0,4.69,4.69,4.68,892.0,417927.0,4.671
601328.SH,2022-11-28,0.0,4.7,4.7,4.68,11123.0,5217750.0,4.672
601328.SH,2022-11-28,0.0,4.69,4.7,4.69,5348.0,2509650.0,4.672
601328.SH,2022-11-28,0.0,4.7,4.7,4.69,1016.0,477008.0,4.672
601328.SH,2022-11-28,0.0,4.7,4.7,4.69,3623.0,1701210.0,4.672
601328.SH,2022-11-28,0.0,4.7,4.7,4.69,1783.0,836737.0,4.672
601328.SH,2022-11-28,0.0,4.7,4.7,4.69,1023.0,480542.0,4.672
601328.SH,2022-11-28,0.0,4.7,4.7,4.69,704.0,330791.0,4.672
601328.SH,2022-11-28,0.0,4.7,4.7,4.69,783.0,367860.0,4.672
601328.SH,2022-11-28,0.0,4.7,4.7,4.69,2045.0,959921.0,4.672
601328.SH,2022-11-28,0.0,4.7,4.7,4.69,1276.0,599645.0,4.672
601328.SH,2022-11-28,0.0,4.7,4.7,4.69,867.0,407449.0,4.672
601328.SH,2022-11-28,0.0,4.7,4.7,4.69,736.0,345901.0,4.672
601328.SH,2022-11-28,0.0,4.7,4.7,4.69,3027.0,1422640.0,4.672
601328.SH,2022-11-28,0.0,4.69,4.7,4.69,1369.0,643235.0,4.672
601328.SH,2022-11-28,0.0,4.69,4.7,4.69,2636.0,1238820.0,4.673
601328.SH,2022-11-28,0.0,4.69,4.7,4.69,1084.0,509021.0,4.673
601328.SH,2022-11-28,0.0,4.7,4.7,4.69,808.0,379732.0,4.673
601328.SH,2022-11-28,0.0,4.7,4.7,4.69,1564.0,734242.0,4.673
601328.SH,2022-11-28,0.0,4.7,4.7,4.69,2859.0,1341420.0,4.673
601328.SH,2022-11-28,0.0,4.7,4.7,4.69,938.0,440624.0,4.673
601328.SH,2022-11-28,0.0,4.69,4.7,4.69,5231.0,2458050.0,4.673
601328.SH,2022-11-28,0.0,4.7,4.7,4.69,899.0,422435.0,4.673
601328.SH,2022-11-28,0.0,4.7,4.7,4.69,827.0,388406.0,4.673
601328.SH,2022-11-28,0.0,4.7,4.7,4.69,826.0,388174.0,4.673
601328.SH,2022-11-28,0.0,4.7,4.7,4.69,845.0,396950.0,4.673
601328.SH,2022-11-28,0.0,4.7,4.7,4.69,1089.0,511273.0,4.673
601328.SH,2022-11-28,0.0,4.69,4.7,4.69,879.0,412880.0,4.673
601328.SH,2022-11-28,0.0,4.7,4.7,4.69,1108.0,520452.0,4.673
601328.SH,2022-11-28,0.0,4.7,4.7,4.69,1744.0,819412.0,4.673
601328.SH,2022-11-28,0.0,4.69,4.7,4.69,1136.0,533551.0,4.673
601328.SH,2022-11-28,0.0,4.69,4.7,4.69,1893.0,889001.0,4.673
601328.SH,2022-11-28,0.0,4.69,4.7,4.69,4113.0,1930170.0,4.674
601328.SH,2022-11-28,0.0,4.69,4.7,4.69,1774.0,833039.0,4.674
601328.SH,2022-11-28,0.0,4.7,4.7,4.69,1635.0,768098.0,4.674
601328.SH,2022-11-28,0.0,4.7,4.7,4.69,3439.0,1614930.0,4.674
601328.SH,2022-11-28,0.0,4.7,4.7,4.69,2249.0,1056430.0,4.674
601328.SH,2022-11-28,0.0,4.7,4.7,4.69,1251.0,587601.0,4.674
601328.SH,2022-11-28,0.0,4.7,4.7,4.69,3296.0,1548770.0,4.674
601328.SH,2022-11-28,0.0,4.7,4.7,4.69,1885.0,885822.0,4.674
601328.SH,2022-11-28,0.0,4.7,4.7,4.69,1291.0,606515.0,4.674
601328.SH,2022-11-28,0.0,4.7,4.7,4.69,1817.0,853685.0,4.674
601328.SH,2022-11-28,0.0,4.7,4.7,4.69,1398.0,656271.0,4.674
601328.SH,2022-11-28,0.0,4.7,4.7,4.69,2288.0,1074680.0,4.674
601328.SH,2022-11-28,0.0,4.7,4.7,4.7,3237.0,1521280.0,4.674
601328.SH,2022-11-28,0.0,4.7,4.71,4.7,5228.0,2457520.0,4.675
601328.SH,2022-11-28,0.0,4.69,4.69,4.68,14813.0,6948670.0,4.675
601328.SH,2022-11-28,0.0,4.7,4.7,4.69,2814.0,1320700.0,4.675
601328.SH,2022-11-28,0.0,4.69,4.7,4.69,1463.0,686890.0,4.675
601328.SH,2022-11-28,0.0,4.7,4.7,4.69,1203.0,564840.0,4.675
601328.SH,2022-11-28,0.0,4.69,4.7,4.69,1591.0,746882.0,4.675
601328.SH,2022-11-28,0.0,4.7,4.7,4.69,445.0,209089.0,4.675
601328.SH,2022-11-28,0.0,4.69,4.7,4.69,1116.0,523897.0,4.675
601328.SH,2022-11-28,0.0,4.7,4.7,4.69,790.0,370837.0,4.675
601328.SH,2022-11-28,0.0,4.7,4.7,4.69,261.0,122648.0,4.675
601328.SH,2022-11-28,0.0,4.7,4.7,4.69,304.0,142831.0,4.675
601328.SH,2022-11-28,0.0,4.7,4.7,4.69,1481.0,695066.0,4.675
601328.SH,2022-11-28,0.0,4.69,4.7,4.69,1044.0,489887.0,4.675
601328.SH,2022-11-28,0.0,4.7,4.7,4.69,1738.0,815926.0,4.675
601328.SH,2022-11-28,0.0,4.7,4.7,4.69,1429.0,670780.0,4.675
601328.SH,2022-11-28,0.0,4.7,4.7,4.69,5150.0,2416300.0,4.676
601328.SH,2022-11-28,0.0,4.69,4.7,4.69,2134.0,1001390.0,4.676
601328.SH,2022-11-28,0.0,4.7,4.7,4.69,1206.0,566462.0,4.676
601328.SH,2022-11-28,0.0,4.7,4.7,4.69,1207.0,566508.0,4.676
601328.SH,2022-11-28,0.0,4.7,4.7,4.69,910.0,427636.0,4.676
601328.SH,2022-11-28,0.0,4.69,4.7,4.69,753.0,353753.0,4.676
601328.SH,2022-11-28,0.0,4.7,4.7,4.69,1326.0,622856.0,4.676
601328.SH,2022-11-28,0.0,4.7,4.7,4.69,591.0,277708.0,4.676
601328.SH,2022-11-28,0.0,4.7,4.7,4.69,2082.0,977451.0,4.676
601328.SH,2022-11-28,0.0,4.7,4.7,4.69,2320.0,1089820.0,4.676
601328.SH,2022-11-28,0.0,4.7,4.7,4.69,3802.0,1786640.0,4.676
601328.SH,2022-11-28,0.0,4.69,4.7,4.69,824.0,387074.0,4.676
601328.SH,2022-11-28,0.0,4.7,4.7,4.69,1098.0,515633.0,4.676
601328.SH,2022-11-28,0.0,4.69,4.7,4.68,10372.0,4864930.0,4.676
601328.SH,2022-11-28,0.0,4.7,4.7,4.69,2498.0,1172450.0,4.676
601328.SH,2022-11-28,0.0,4.7,4.7,4.69,1522.0,714911.0,4.676
601328.SH,2022-11-28,0.0,4.69,4.7,4.69,5424.0,2544560.0,4.676
601328.SH,2022-11-28,0.0,4.69,4.69,4.68,2711.0,1271250.0,4.676
601328.SH,2022-11-28,0.0,4.68,4.69,4.68,2227.0,1044120.0,4.676
601328.SH,2022-11-28,0.0,4.69,4.69,4.68,1653.0,774993.0,4.677
601328.SH,2022-11-28,0.0,4.69,4.69,4.68,1478.0,693044.0,4.677
601328.SH,2022-11-28,0.0,4.68,4.69,4.68,5086.0,2381800.0,4.677
601328.SH,2022-11-28,0.0,4.69,4.69,4.68,12478.0,5841940.0,4.677
601328.SH,2022-11-28,0.0,4.69,4.69,4.68,3466.0,1622340.0,4.677
601328.SH,2022-11-28,0.0,4.68,4.69,4.68,1722.0,806489.0,4.677
601328.SH,2022-11-28,0.0,4.68,4.69,4.68,944.0,442378.0,4.677
601328.SH,2022-11-28,0.0,4.68,4.69,4.68,1202.0,563229.0,4.677
601328.SH,2022-11-28,0.0,4.69,4.69,4.68,2161.0,1011970.0,4.677
601328.SH,2022-11-28,0.0,4.69,4.69,4.68,1860.0,870790.0,4.677
601328.SH,2022-11-28,0.0,4.69,4.69,4.68,3631.0,1700830.0,4.677
601328.SH,2022-11-28,0.0,4.69,4.69,4.68,3654.0,1711590.0,4.677
601328.SH,2022-11-28,0.0,4.69,4.69,4.68,2395.0,1122110.0,4.677
601328.SH,2022-11-28,0.0,4.69,4.69,4.68,6422.0,3011800.0,4.677
601328.SH,2022-11-28,0.0,4.69,4.69,4.68,1135.0,532172.0,4.677
601328.SH,2022-11-28,0.0,4.69,4.69,4.68,430.0,201630.0,4.677
601328.SH,2022-11-28,0.0,4.68,4.69,4.68,848.0,397641.0,4.677
601328.SH,2022-11-28,0.0,4.69,4.69,4.68,979.0,458757.0,4.677
601328.SH,2022-11-28,0.0,4.68,4.69,4.68,783.0,366949.0,4.677
601328.SH,2022-11-28,0.0,4.69,4.69,4.68,1798.0,842560.0,4.677
601328.SH,2022-11-28,0.0,4.68,4.69,4.68,1096.0,513777.0,4.677
601328.SH,2022-11-28,0.0,4.69,4.69,4.68,1423.0,666866.0,4.677
601328.SH,2022-11-28,0.0,4.69,4.69,4.68,1845.0,864758.0,4.677
601328.SH,2022-11-28,0.0,4.69,4.69,4.68,2343.0,1098450.0,4.677
601328.SH,2022-11-28,0.0,4.69,4.69,4.68,987.0,462740.0,4.677
601328.SH,2022-11-28,0.0,4.69,4.69,4.68,1376.0,645081.0,4.677
601328.SH,2022-11-28,0.0,4.69,4.69,4.68,2638.0,1236600.0,4.677
601328.SH,2022-11-28,0.0,4.68,4.69,4.68,970.0,454430.0,4.677
601328.SH,2022-11-28,0.0,4.68,4.69,4.68,8446.0,3954060.0,4.677
601328.SH,2022-11-28,0.0,4.69,4.69,4.68,677.0,317312.0,4.677
601328.SH,2022-11-28,0.0,4.68,4.69,4.68,1754.0,821948.0,4.677
601328.SH,2022-11-28,0.0,4.68,4.69,4.68,525.0,246098.0,4.677
601328.SH,2022-11-28,0.0,4.68,4.69,4.68,883.0,413806.0,4.677
601328.SH,2022-11-28,0.0,4.69,4.69,4.68,1117.0,523197.0,4.677
601328.SH,2022-11-28,0.0,4.69,4.69,4.68,1905.0,893287.0,4.677
601328.SH,2022-11-28,0.0,4.69,4.69,4.68,2109.0,988250.0,4.677
601328.SH,2022-11-28,0.0,4.69,4.69,4.68,918.0,430083.0,4.677
601328.SH,2022-11-28,0.0,4.69,4.69,4.68,1338.0,627179.0,4.677
601328.SH,2022-11-28,0.0,4.69,4.69,4.68,1821.0,853237.0,4.677
601328.SH,2022-11-28,0.0,4.69,4.69,4.68,1030.0,482839.0,4.677
601328.SH,2022-11-28,0.0,4.69,4.69,4.68,1414.0,662661.0,4.677
601328.SH,2022-11-28,0.0,4.69,4.69,4.68,744.0,348630.0,4.677
601328.SH,2022-11-28,0.0,4.7,4.7,4.68,22471.0,10538900.0,4.678
601328.SH,2022-11-28,0.0,4.69,4.7,4.68,2280.0,1069500.0,4.678
601328.SH,2022-11-28,0.0,4.69,4.69,4.68,3752.0,1759780.0,4.678
601328.SH,2022-11-28,0.0,4.68,4.69,4.68,1725.0,808740.0,4.678
601328.SH,2022-11-28,0.0,4.69,4.69,4.68,4619.0,2164210.0,4.678
601328.SH,2022-11-28,0.0,4.69,4.69,4.68,2797.0,1309860.0,4.678
601328.SH,2022-11-28,0.0,4.68,4.69,4.68,1015.0,475947.0,4.678
601328.SH,2022-11-28,0.0,4.69,4.69,4.68,883.0,413901.0,4.678
601328.SH,2022-11-28,0.0,4.69,4.7,4.69,12832.0,6020400.0,4.678
601328.SH,2022-11-28,0.0,4.7,4.7,4.69,12438.0,5845700.0,4.678
601328.SH,2022-11-28,0.0,4.71,4.71,4.69,9929.0,4666980.0,4.679
601328.SH,2022-11-28,0.0,4.7,4.71,4.7,12182.0,5736810.0,4.679
601328.SH,2022-11-28,0.0,4.7,4.71,4.7,590.0,277816.0,4.679
601328.SH,2022-11-28,0.0,4.7,4.71,4.7,983.0,462518.0,4.679
601328.SH,2022-11-28,0.0,4.7,4.71,4.7,595.0,279938.0,4.679
601328.SH,2022-11-28,0.0,4.7,4.71,4.7,2092.0,984206.0,4.679
601328.SH,2022-11-28,0.0,4.7,4.71,4.7,1812.0,852255.0,4.679
601328.SH,2022-11-28,0.0,4.71,4.71,4.7,2075.0,976504.0,4.679
601328.SH,2022-11-28,0.0,4.7,4.71,4.7,1069.0,503227.0,4.679
601328.SH,2022-11-28,0.0,4.7,4.71,4.7,2584.0,1215580.0,4.679
601328.SH,2022-11-28,0.0,4.7,4.71,4.7,1711.0,805027.0,4.679
601328.SH,2022-11-28,0.0,4.7,4.71,4.7,2644.0,1244330.0,4.679
601328.SH,2022-11-28,0.0,4.71,4.71,4.7,2976.0,1399370.0,4.679
601328.SH,2022-11-28,0.0,4.7,4.71,4.7,1798.0,845312.0,4.68
601328.SH,2022-11-28,0.0,4.7,4.71,4.7,2958.0,1390840.0,4.68
601328.SH,2022-11-28,0.0,4.71,4.71,4.7,1456.0,685054.0,4.68
601328.SH,2022-11-28,0.0,4.7,4.71,4.7,2713.0,1276550.0,4.68
601328.SH,2022-11-28,0.0,4.7,4.71,4.7,2393.0,1125480.0,4.68
601328.SH,2022-11-28,0.0,4.7,4.71,4.7,3511.0,1650820.0,4.68
601328.SH,2022-11-28,0.0,4.7,4.71,4.7,4364.0,2053020.0,4.68
601328.SH,2022-11-28,0.0,4.7,4.71,4.69,23974.0,11274200.0,4.68
601328.SH,2022-11-28,0.0,4.71,4.71,4.7,1173.0,551759.0,4.681
601328.SH,2022-11-28,0.0,4.7,4.71,4.7,560.0,263493.0,4.681
601328.SH,2022-11-28,0.0,4.7,4.71,4.7,1187.0,558267.0,4.681
601328.SH,2022-11-28,0.0,4.7,4.71,4.7,1473.0,693344.0,4.681
601328.SH,2022-11-28,0.0,4.7,4.71,4.7,3552.0,1672610.0,4.681
601328.SH,2022-11-28,0.0,4.7,4.71,4.7,4530.0,2132910.0,4.681
601328.SH,2022-11-28,0.0,4.71,4.71,4.7,6714.0,3161190.0,4.681
601328.SH,2022-11-28,0.0,4.71,4.72,4.7,5629.0,2651660.0,4.681
601328.SH,2022-11-28,0.0,4.71,4.72,4.7,7123.0,3356380.0,4.681
601328.SH,2022-11-28,0.0,4.71,4.72,4.71,6941.0,3273790.0,4.682
601328.SH,2022-11-28,0.0,4.7,4.72,4.7,5631.0,2655290.0,4.682
601328.SH,2022-11-28,0.0,4.7,4.7,4.7,11.0,5170.0,4.682
601328.SH,2022-11-28,0.0,4.7,4.7,4.7,0.0,0.0,4.682
601328.SH,2022-11-28,0.0,4.72,4.72,4.72,19703.0,9299820.0,4.682
601328.SH,2022-11-29,0.0,4.71,4.71,4.71,6122.0,2883460.0,4.71
601328.SH,2022-11-29,0.0,4.71,4.72,4.7,16035.0,7553640.0,4.711
601328.SH,2022-11-29,0.0,4.71,4.72,4.71,4708.0,2219840.0,4.711
601328.SH,2022-11-29,0.0,4.71,4.72,4.71,4994.0,2353570.0,4.712
601328.SH,2022-11-29,0.0,4.72,4.72,4.71,3429.0,1616100.0,4.712
601328.SH,2022-11-29,0.0,4.71,4.72,4.71,14431.0,6810680.0,4.714
601328.SH,2022-11-29,0.0,4.72,4.72,4.71,6438.0,3037180.0,4.714
601328.SH,2022-11-29,0.0,4.71,4.72,4.71,3963.0,1868490.0,4.714
601328.SH,2022-11-29,0.0,4.72,4.72,4.71,2895.0,1365570.0,4.715
601328.SH,2022-11-29,0.0,4.72,4.72,4.71,2215.0,1043830.0,4.715
601328.SH,2022-11-29,0.0,4.72,4.72,4.71,10760.0,5069870.0,4.714
601328.SH,2022-11-29,0.0,4.71,4.72,4.71,5977.0,2819560.0,4.714
601328.SH,2022-11-29,0.0,4.71,4.72,4.71,2216.0,1045360.0,4.714
601328.SH,2022-11-29,0.0,4.71,4.72,4.71,5197.0,2448130.0,4.714
601328.SH,2022-11-29,0.0,4.71,4.72,4.71,5903.0,2780550.0,4.714
601328.SH,2022-11-29,0.0,4.71,4.72,4.71,15927.0,7516610.0,4.715
601328.SH,2022-11-29,0.0,4.73,4.73,4.71,27954.0,13194700.0,4.716
601328.SH,2022-11-29,0.0,4.74,4.74,4.73,15331.0,7251570.0,4.717
601328.SH,2022-11-29,0.0,4.73,4.74,4.72,13541.0,6405290.0,4.718
601328.SH,2022-11-29,0.0,4.73,4.73,4.72,1502.0,710100.0,4.718
601328.SH,2022-11-29,0.0,4.72,4.73,4.72,1225.0,578766.0,4.718
601328.SH,2022-11-29,0.0,4.72,4.73,4.72,3376.0,1595890.0,4.719
601328.SH,2022-11-29,0.0,4.73,4.73,4.72,1526.0,721066.0,4.719
601328.SH,2022-11-29,0.0,4.72,4.73,4.72,13995.0,6619360.0,4.72
601328.SH,2022-11-29,0.0,4.72,4.73,4.72,2010.0,950283.0,4.72
601328.SH,2022-11-29,0.0,4.72,4.73,4.72,1829.0,864920.0,4.72
601328.SH,2022-11-29,0.0,4.73,4.73,4.72,1435.0,678554.0,4.72
601328.SH,2022-11-29,0.0,4.73,4.73,4.72,10431.0,4928830.0,4.72
601328.SH,2022-11-29,0.0,4.73,4.73,4.73,1237.0,585095.0,4.72
601328.SH,2022-11-29,0.0,4.74,4.74,4.73,3781.0,1789100.0,4.72
601328.SH,2022-11-29,0.0,4.74,4.74,4.73,2431.0,1151530.0,4.721
601328.SH,2022-11-29,0.0,4.73,4.74,4.73,3860.0,1829100.0,4.721
601328.SH,2022-11-29,0.0,4.73,4.74,4.73,2227.0,1055090.0,4.721
601328.SH,2022-11-29,0.0,4.73,4.74,4.73,1597.0,756474.0,4.721
601328.SH,2022-11-29,0.0,4.74,4.74,4.73,3707.0,1756620.0,4.721
601328.SH,2022-11-29,0.0,4.74,4.74,4.73,1074.0,508666.0,4.721
601328.SH,2022-11-29,0.0,4.74,4.74,4.73,8495.0,4026100.0,4.722
601328.SH,2022-11-29,0.0,4.75,4.75,4.74,28977.0,13738600.0,4.724
601328.SH,2022-11-29,0.0,4.74,4.75,4.74,5054.0,2397480.0,4.725
601328.SH,2022-11-29,0.0,4.75,4.75,4.74,2340.0,1110970.0,4.725
601328.SH,2022-11-29,0.0,4.74,4.75,4.74,2300.0,1091920.0,4.725
601328.SH,2022-11-29,0.0,4.75,4.75,4.74,14925.0,7088840.0,4.726
601328.SH,2022-11-29,0.0,4.76,4.76,4.74,85346.0,40585400.0,4.733
601328.SH,2022-11-29,0.0,4.77,4.77,4.76,15958.0,7609760.0,4.734
601328.SH,2022-11-29,0.0,4.76,4.77,4.76,21337.0,10166600.0,4.736
601328.SH,2022-11-29,0.0,4.77,4.77,4.76,9397.0,4476710.0,4.737
601328.SH,2022-11-29,0.0,4.76,4.77,4.76,11437.0,5444680.0,4.737
601328.SH,2022-11-29,0.0,4.75,4.76,4.75,5167.0,2458490.0,4.738
601328.SH,2022-11-29,0.0,4.75,4.76,4.75,6618.0,3149020.0,4.738
601328.SH,2022-11-29,0.0,4.76,4.76,4.75,6840.0,3257810.0,4.738
601328.SH,2022-11-29,0.0,4.76,4.77,4.76,3443.0,1641120.0,4.738
601328.SH,2022-11-29,0.0,4.76,4.77,4.76,1790.0,852592.0,4.739
601328.SH,2022-11-29,0.0,4.77,4.77,4.76,3719.0,1770860.0,4.739
601328.SH,2022-11-29,0.0,4.75,4.77,4.75,7234.0,3443780.0,4.739
601328.SH,2022-11-29,0.0,4.75,4.76,4.75,2028.0,964428.0,4.739
601328.SH,2022-11-29,0.0,4.75,4.76,4.75,842.0,400201.0,4.739
601328.SH,2022-11-29,0.0,4.75,4.76,4.75,2984.0,1417580.0,4.739
601328.SH,2022-11-29,0.0,4.75,4.76,4.75,2978.0,1416700.0,4.739
601328.SH,2022-11-29,0.0,4.75,4.76,4.75,2435.0,1157880.0,4.739
601328.SH,2022-11-29,0.0,4.76,4.76,4.75,1518.0,722104.0,4.739
601328.SH,2022-11-29,0.0,4.75,4.76,4.75,1164.0,553559.0,4.74
601328.SH,2022-11-29,0.0,4.76,4.77,4.75,21756.0,10356700.0,4.74
601328.SH,2022-11-29,0.0,4.76,4.77,4.76,4299.0,2046720.0,4.741
601328.SH,2022-11-29,0.0,4.76,4.77,4.75,6962.0,3313570.0,4.741
601328.SH,2022-11-29,0.0,4.75,4.76,4.75,3326.0,1583030.0,4.741
601328.SH,2022-11-29,0.0,4.75,4.76,4.75,1047.0,497755.0,4.741
601328.SH,2022-11-29,0.0,4.76,4.76,4.75,9521.0,4531450.0,4.741
601328.SH,2022-11-29,0.0,4.76,4.77,4.76,1879.0,894527.0,4.741
601328.SH,2022-11-29,0.0,4.76,4.77,4.76,961.0,457676.0,4.741
601328.SH,2022-11-29,0.0,4.77,4.77,4.76,2178.0,1038280.0,4.742
601328.SH,2022-11-29,0.0,4.76,4.77,4.76,1159.0,552143.0,4.742
601328.SH,2022-11-29,0.0,4.77,4.77,4.76,3177.0,1512620.0,4.742
601328.SH,2022-11-29,0.0,4.77,4.77,4.76,1071.0,510185.0,4.742
601328.SH,2022-11-29,0.0,4.76,4.77,4.76,7935.0,3783740.0,4.742
601328.SH,2022-11-29,0.0,4.77,4.77,4.76,1917.0,913971.0,4.742
601328.SH,2022-11-29,0.0,4.77,4.77,4.76,1805.0,859973.0,4.742
601328.SH,2022-11-29,0.0,4.77,4.77,4.76,3304.0,1575430.0,4.742
601328.SH,2022-11-29,0.0,4.77,4.77,4.76,2327.0,1109340.0,4.743
601328.SH,2022-11-29,0.0,4.76,4.77,4.76,3503.0,1669480.0,4.743
601328.SH,2022-11-29,0.0,4.76,4.77,4.76,6799.0,3239430.0,4.743
601328.SH,2022-11-29,0.0,4.76,4.76,4.75,14167.0,6742250.0,4.743
601328.SH,2022-11-29,0.0,4.75,4.76,4.75,1821.0,866333.0,4.743
601328.SH,2022-11-29,0.0,4.75,4.76,4.75,2132.0,1013860.0,4.743
601328.SH,2022-11-29,0.0,4.75,4.76,4.75,1745.0,829713.0,4.743
601328.SH,2022-11-29,0.0,4.75,4.76,4.75,1762.0,837030.0,4.744
601328.SH,2022-11-29,0.0,4.75,4.76,4.75,4642.0,2207780.0,4.744
601328.SH,2022-11-29,0.0,4.74,4.76,4.74,14352.0,6816980.0,4.744
601328.SH,2022-11-29,0.0,4.74,4.75,4.74,873.0,414092.0,4.744
601328.SH,2022-11-29,0.0,4.75,4.75,4.74,1509.0,715595.0,4.744
601328.SH,2022-11-29,0.0,4.74,4.75,4.74,980.0,464935.0,4.744
601328.SH,2022-11-29,0.0,4.74,4.75,4.74,3176.0,1508120.0,4.744
601328.SH,2022-11-29,0.0,4.74,4.75,4.74,302.0,143213.0,4.744
601328.SH,2022-11-29,0.0,4.74,4.75,4.74,973.0,461352.0,4.744
601328.SH,2022-11-29,0.0,4.74,4.75,4.74,3110.0,1476870.0,4.744
601328.SH,2022-11-29,0.0,4.75,4.76,4.74,32606.0,15488100.0,4.744
601328.SH,2022-11-29,0.0,4.75,4.76,4.75,2003.0,952235.0,4.744
601328.SH,2022-11-29,0.0,4.77,4.77,4.75,24887.0,11846900.0,4.745
601328.SH,2022-11-29,0.0,4.76,4.77,4.76,3366.0,1604580.0,4.745
601328.SH,2022-11-29,0.0,4.77,4.77,4.76,3024.0,1441570.0,4.745
601328.SH,2022-11-29,0.0,4.77,4.77,4.76,1087.0,518110.0,4.745
601328.SH,2022-11-29,0.0,4.77,4.77,4.76,1818.0,866659.0,4.745
601328.SH,2022-11-29,0.0,4.77,4.77,4.76,3037.0,1445860.0,4.745
601328.SH,2022-11-29,0.0,4.76,4.77,4.76,2136.0,1017380.0,4.745
601328.SH,2022-11-29,0.0,4.76,4.77,4.76,1708.0,813798.0,4.745
601328.SH,2022-11-29,0.0,4.77,4.77,4.76,3568.0,1699280.0,4.745
601328.SH,2022-11-29,0.0,4.76,4.77,4.76,1594.0,759916.0,4.745
601328.SH,2022-11-29,0.0,4.77,4.77,4.76,2827.0,1348100.0,4.745
601328.SH,2022-11-29,0.0,4.76,4.77,4.76,2067.0,985470.0,4.746
601328.SH,2022-11-29,0.0,4.76,4.77,4.76,2479.0,1181060.0,4.746
601328.SH,2022-11-29,0.0,4.77,4.77,4.76,2813.0,1339270.0,4.746
601328.SH,2022-11-29,0.0,4.76,4.77,4.76,1716.0,818196.0,4.746
601328.SH,2022-11-29,0.0,4.77,4.77,4.76,6397.0,3047160.0,4.746
601328.SH,2022-11-29,0.0,4.76,4.77,4.76,4103.0,1956290.0,4.746
601328.SH,2022-11-29,0.0,4.76,4.77,4.76,2340.0,1114880.0,4.746
601328.SH,2022-11-29,0.0,4.77,4.77,4.76,8262.0,3938460.0,4.746
601328.SH,2022-11-29,0.0,4.76,4.77,4.76,4974.0,2371560.0,4.746
601328.SH,2022-11-29,0.0,4.77,4.77,4.76,2012.0,959094.0,4.746
601328.SH,2022-11-29,0.0,4.76,4.77,4.76,3275.0,1561510.0,4.747
601328.SH,2022-11-29,0.0,4.76,4.77,4.76,2946.0,1404280.0,4.747
601328.SH,2022-11-29,0.0,4.77,4.77,4.76,1853.0,883268.0,4.747
601328.SH,2022-11-29,0.0,4.77,4.77,4.76,2528.0,1205350.0,4.747
601328.SH,2022-11-29,0.0,4.77,4.77,4.76,47718.0,22757700.0,4.748
601328.SH,2022-11-29,0.0,4.76,4.77,4.76,3663.0,1744970.0,4.748
601328.SH,2022-11-29,0.0,4.76,4.77,4.76,3053.0,1453730.0,4.748
601328.SH,2022-11-29,0.0,4.77,4.77,4.76,7524.0,3587560.0,4.748
601328.SH,2022-11-29,0.0,4.76,4.77,4.76,1613.0,768344.0,4.748
601328.SH,2022-11-29,0.0,4.76,4.77,4.75,41269.0,19644400.0,4.749
601328.SH,2022-11-29,0.0,4.75,4.76,4.75,14778.0,7032340.0,4.749
601328.SH,2022-11-29,0.0,4.75,4.76,4.75,13803.0,6568350.0,4.749
601328.SH,2022-11-29,0.0,4.75,4.76,4.75,2046.0,973204.0,4.749
601328.SH,2022-11-29,0.0,4.75,4.76,4.75,1138.0,541408.0,4.749
601328.SH,2022-11-29,0.0,4.75,4.76,4.75,3958.0,1880300.0,4.749
601328.SH,2022-11-29,0.0,4.75,4.76,4.75,5041.0,2394850.0,4.749
601328.SH,2022-11-29,0.0,4.76,4.76,4.75,1826.0,868148.0,4.749
601328.SH,2022-11-29,0.0,4.75,4.76,4.75,3168.0,1507300.0,4.749
601328.SH,2022-11-29,0.0,4.75,4.76,4.75,1324.0,629342.0,4.749
601328.SH,2022-11-29,0.0,4.75,4.76,4.75,2042.0,970247.0,4.749
601328.SH,2022-11-29,0.0,4.75,4.76,4.75,15081.0,7164070.0,4.749
601328.SH,2022-11-29,0.0,4.74,4.75,4.74,15774.0,7490370.0,4.749
601328.SH,2022-11-29,0.0,4.74,4.75,4.74,8489.0,4031840.0,4.749
601328.SH,2022-11-29,0.0,4.74,4.75,4.74,883.0,418961.0,4.749
601328.SH,2022-11-29,0.0,4.74,4.75,4.74,1431.0,678589.0,4.749
601328.SH,2022-11-29,0.0,4.74,4.75,4.74,1069.0,507041.0,4.749
601328.SH,2022-11-29,0.0,4.75,4.75,4.74,978.0,464009.0,4.749
601328.SH,2022-11-29,0.0,4.74,4.75,4.74,770.0,365152.0,4.749
601328.SH,2022-11-29,0.0,4.74,4.75,4.74,995.0,471944.0,4.749
601328.SH,2022-11-29,0.0,4.74,4.75,4.74,1106.0,524426.0,4.749
601328.SH,2022-11-29,0.0,4.74,4.75,4.74,973.0,461609.0,4.749
601328.SH,2022-11-29,0.0,4.75,4.75,4.74,2240.0,1062660.0,4.749
601328.SH,2022-11-29,0.0,4.74,4.75,4.74,1408.0,667860.0,4.749
601328.SH,2022-11-29,0.0,4.74,4.75,4.74,945.0,448131.0,4.749
601328.SH,2022-11-29,0.0,4.74,4.75,4.74,2680.0,1271300.0,4.749
601328.SH,2022-11-29,0.0,4.74,4.75,4.74,2242.0,1064270.0,4.749
601328.SH,2022-11-29,0.0,4.74,4.75,4.74,12710.0,6028020.0,4.749
601328.SH,2022-11-29,0.0,4.75,4.75,4.74,3200.0,1518700.0,4.749
601328.SH,2022-11-29,0.0,4.75,4.75,4.74,1486.0,705123.0,4.749
601328.SH,2022-11-29,0.0,4.74,4.75,4.74,5973.0,2832220.0,4.749
601328.SH,2022-11-29,0.0,4.75,4.75,4.74,1182.0,560852.0,4.749
601328.SH,2022-11-29,0.0,4.75,4.75,4.74,3864.0,1833830.0,4.749
601328.SH,2022-11-29,0.0,4.74,4.75,4.74,961.0,455903.0,4.749
601328.SH,2022-11-29,0.0,4.75,4.75,4.74,2234.0,1060150.0,4.749
601328.SH,2022-11-29,0.0,4.74,4.75,4.74,7376.0,3498580.0,4.749
601328.SH,2022-11-29,0.0,4.74,4.75,4.74,2437.0,1155690.0,4.749
601328.SH,2022-11-29,0.0,4.74,4.75,4.74,4507.0,2140180.0,4.749
601328.SH,2022-11-29,0.0,4.74,4.75,4.74,1864.0,884623.0,4.749
601328.SH,2022-11-29,0.0,4.74,4.74,4.74,2540.0,1204400.0,4.749
601328.SH,2022-11-29,0.0,4.75,4.75,4.74,1894.0,898441.0,4.749
601328.SH,2022-11-29,0.0,4.74,4.75,4.74,2276.0,1079550.0,4.749
601328.SH,2022-11-29,0.0,4.74,4.75,4.74,1285.0,609508.0,4.749
601328.SH,2022-11-29,0.0,4.74,4.75,4.74,1841.0,873968.0,4.749
601328.SH,2022-11-29,0.0,4.74,4.75,4.74,553.0,262297.0,4.749
601328.SH,2022-11-29,0.0,4.74,4.75,4.74,5999.0,2843690.0,4.749
601328.SH,2022-11-29,0.0,4.75,4.75,4.74,2424.0,1149230.0,4.749
601328.SH,2022-11-29,0.0,4.75,4.75,4.74,4267.0,2022690.0,4.749
601328.SH,2022-11-29,0.0,4.74,4.75,4.74,1366.0,647605.0,4.749
601328.SH,2022-11-29,0.0,4.74,4.75,4.74,1046.0,496097.0,4.749
601328.SH,2022-11-29,0.0,4.74,4.75,4.74,1183.0,560915.0,4.749
601328.SH,2022-11-29,0.0,4.74,4.75,4.74,1433.0,679572.0,4.749
601328.SH,2022-11-29,0.0,4.74,4.75,4.74,1070.0,507373.0,4.749
601328.SH,2022-11-29,0.0,4.74,4.75,4.74,1200.0,569372.0,4.749
601328.SH,2022-11-29,0.0,4.74,4.75,4.74,3851.0,1827430.0,4.749
601328.SH,2022-11-29,0.0,4.74,4.75,4.74,9942.0,4712600.0,4.749
601328.SH,2022-11-29,0.0,4.75,4.75,4.74,6280.0,2977900.0,4.749
601328.SH,2022-11-29,0.0,4.74,4.75,4.74,2734.0,1296530.0,4.749
601328.SH,2022-11-29,0.0,4.74,4.75,4.74,2565.0,1217430.0,4.749
601328.SH,2022-11-29,0.0,4.74,4.75,4.74,1889.0,896322.0,4.749
601328.SH,2022-11-29,0.0,4.74,4.75,4.74,1514.0,717999.0,4.749
601328.SH,2022-11-29,0.0,4.75,4.75,4.74,2040.0,967122.0,4.749
601328.SH,2022-11-29,0.0,4.74,4.75,4.74,611.0,289693.0,4.749
601328.SH,2022-11-29,0.0,4.74,4.75,4.74,1084.0,513980.0,4.749
601328.SH,2022-11-29,0.0,4.75,4.75,4.74,812.0,384988.0,4.749
601328.SH,2022-11-29,0.0,4.75,4.75,4.74,2965.0,1407460.0,4.749
601328.SH,2022-11-29,0.0,4.75,4.75,4.74,1245.0,590958.0,4.749
601328.SH,2022-11-29,0.0,4.75,4.75,4.74,1325.0,629016.0,4.749
601328.SH,2022-11-29,0.0,4.75,4.75,4.74,1118.0,530516.0,4.749
601328.SH,2022-11-29,0.0,4.75,4.75,4.74,722.0,342430.0,4.749
601328.SH,2022-11-29,0.0,4.75,4.75,4.74,1097.0,520442.0,4.749
601328.SH,2022-11-29,0.0,4.74,4.75,4.74,1390.0,659467.0,4.749
601328.SH,2022-11-29,0.0,4.74,4.75,4.74,1192.0,565720.0,4.749
601328.SH,2022-11-29,0.0,4.74,4.75,4.74,2972.0,1408960.0,4.749
601328.SH,2022-11-29,0.0,4.74,4.75,4.74,1017.0,482404.0,4.749
601328.SH,2022-11-29,0.0,4.74,4.75,4.74,1482.0,703502.0,4.749
601328.SH,2022-11-29,0.0,4.75,4.75,4.74,1221.0,579296.0,4.749
601328.SH,2022-11-29,0.0,4.75,4.75,4.74,2817.0,1336280.0,4.749
601328.SH,2022-11-29,0.0,4.74,4.75,4.74,2816.0,1336730.0,4.749
601328.SH,2022-11-29,0.0,4.75,4.75,4.74,1258.0,596637.0,4.749
601328.SH,2022-11-29,0.0,4.74,4.75,4.74,1794.0,851686.0,4.749
601328.SH,2022-11-29,0.0,4.75,4.75,4.74,2263.0,1073650.0,4.749
601328.SH,2022-11-29,0.0,4.74,4.75,4.74,1179.0,559498.0,4.749
601328.SH,2022-11-29,0.0,4.75,4.75,4.74,2806.0,1332240.0,4.749
601328.SH,2022-11-29,0.0,4.75,4.75,4.74,3614.0,1715480.0,4.749
601328.SH,2022-11-29,0.0,4.75,4.75,4.74,2283.0,1083120.0,4.749
601328.SH,2022-11-29,0.0,4.75,4.75,4.74,4165.0,1977620.0,4.749
601328.SH,2022-11-29,0.0,4.74,4.75,4.74,3323.0,1577790.0,4.749
601328.SH,2022-11-29,0.0,4.74,4.75,4.74,2268.0,1076430.0,4.749
601328.SH,2022-11-29,0.0,4.74,4.75,4.74,1985.0,941987.0,4.749
601328.SH,2022-11-29,0.0,4.75,4.75,4.74,16313.0,7747860.0,4.749
601328.SH,2022-11-29,0.0,4.74,4.75,4.74,1624.0,770867.0,4.749
601328.SH,2022-11-29,0.0,4.74,4.75,4.74,2498.0,1185840.0,4.749
601328.SH,2022-11-29,0.0,4.74,4.75,4.74,4723.0,2242430.0,4.749
601328.SH,2022-11-29,0.0,4.75,4.75,4.74,23746.0,11279100.0,4.749
601328.SH,2022-11-29,0.0,4.75,4.76,4.75,11744.0,5581850.0,4.749
601328.SH,2022-11-29,0.0,4.76,4.76,4.75,2501.0,1189650.0,4.749
601328.SH,2022-11-29,0.0,4.75,4.76,4.75,1942.0,923905.0,4.749
601328.SH,2022-11-29,0.0,4.76,4.76,4.75,3200.0,1521870.0,4.749
601328.SH,2022-11-29,0.0,4.75,4.76,4.75,2662.0,1266230.0,4.749
601328.SH,2022-11-29,0.0,4.76,4.76,4.75,2679.0,1273180.0,4.749
601328.SH,2022-11-29,0.0,4.75,4.76,4.75,1884.0,895438.0,4.749
601328.SH,2022-11-29,0.0,4.75,4.76,4.75,1875.0,891083.0,4.749
601328.SH,2022-11-29,0.0,4.75,4.76,4.75,2904.0,1380460.0,4.749
601328.SH,2022-11-29,0.0,4.76,4.76,4.75,11361.0,5398020.0,4.749
601328.SH,2022-11-29,0.0,4.75,4.76,4.75,24946.0,11852100.0,4.749
601328.SH,2022-11-29,0.0,4.75,4.76,4.74,7195.0,3415860.0,4.749
601328.SH,2022-11-29,0.0,4.75,4.75,4.74,3048.0,1445070.0,4.749
601328.SH,2022-11-29,0.0,4.75,4.75,4.74,5580.0,2647050.0,4.749
601328.SH,2022-11-29,0.0,4.75,4.75,4.74,16959.0,8051200.0,4.749
601328.SH,2022-11-29,0.0,4.75,4.76,4.74,9504.0,4514400.0,4.749
601328.SH,2022-11-29,0.0,4.74,4.76,4.74,10985.0,5219160.0,4.749
601328.SH,2022-11-29,0.0,4.75,4.75,4.75,100.0,47500.0,4.749
601328.SH,2022-11-29,0.0,4.75,4.75,4.75,0.0,0.0,4.749
601328.SH,2022-11-29,0.0,4.76,4.76,4.76,35580.0,16936100.0,4.749
601328.SH,2022-11-30,0.0,4.76,4.76,4.76,6105.0,2905980.0,4.76
601328.SH,2022-11-30,0.0,4.74,4.75,4.74,17644.0,8380800.0,4.753
601328.SH,2022-11-30,0.0,4.74,4.75,4.74,4827.0,2289970.0,4.751
601328.SH,2022-11-30,0.0,4.74,4.74,4.73,15111.0,7161940.0,4.747
601328.SH,2022-11-30,0.0,4.74,4.74,4.73,3700.0,1751180.0,4.746
601328.SH,2022-11-30,0.0,4.74,4.74,4.73,8888.0,4211740.0,4.745
601328.SH,2022-11-30,0.0,4.74,4.75,4.73,15843.0,7510120.0,4.744
601328.SH,2022-11-30,0.0,4.74,4.75,4.74,7085.0,3360790.0,4.744
601328.SH,2022-11-30,0.0,4.75,4.75,4.74,2910.0,1381000.0,4.744
601328.SH,2022-11-30,0.0,4.74,4.75,4.74,3807.0,1805360.0,4.744
601328.SH,2022-11-30,0.0,4.75,4.75,4.74,5928.0,2811110.0,4.744
601328.SH,2022-11-30,0.0,4.76,4.76,4.74,18276.0,8679780.0,4.745
601328.SH,2022-11-30,0.0,4.76,4.76,4.75,1188.0,564895.0,4.745
601328.SH,2022-11-30,0.0,4.76,4.76,4.75,1688.0,802596.0,4.745
601328.SH,2022-11-30,0.0,4.76,4.76,4.75,1929.0,917436.0,4.745
601328.SH,2022-11-30,0.0,4.75,4.76,4.75,4955.0,2355670.0,4.746
601328.SH,2022-11-30,0.0,4.76,4.76,4.75,2513.0,1195430.0,4.746
601328.SH,2022-11-30,0.0,4.76,4.76,4.75,4371.0,2079690.0,4.746
601328.SH,2022-11-30,0.0,4.75,4.76,4.75,2730.0,1297700.0,4.746
601328.SH,2022-11-30,0.0,4.76,4.76,4.75,1455.0,692041.0,4.746
601328.SH,2022-11-30,0.0,4.76,4.76,4.75,4481.0,2130240.0,4.747
601328.SH,2022-11-30,0.0,4.77,4.77,4.75,35602.0,16950200.0,4.75
601328.SH,2022-11-30,0.0,4.76,4.77,4.76,27105.0,12922600.0,4.752
601328.SH,2022-11-30,0.0,4.77,4.77,4.76,34397.0,16394200.0,4.754
601328.SH,2022-11-30,0.0,4.77,4.77,4.76,1978.0,941890.0,4.754
601328.SH,2022-11-30,0.0,4.77,4.77,4.76,2788.0,1328470.0,4.754
601328.SH,2022-11-30,0.0,4.76,4.77,4.76,5100.0,2431420.0,4.755
601328.SH,2022-11-30,0.0,4.76,4.77,4.76,2554.0,1216210.0,4.755
601328.SH,2022-11-30,0.0,4.76,4.77,4.76,2014.0,958994.0,4.755
601328.SH,2022-11-30,0.0,4.76,4.77,4.76,20806.0,9903830.0,4.755
601328.SH,2022-11-30,0.0,4.76,4.76,4.75,1314.0,624201.0,4.755
601328.SH,2022-11-30,0.0,4.75,4.76,4.75,1160.0,551625.0,4.755
601328.SH,2022-11-30,0.0,4.75,4.76,4.75,2294.0,1090130.0,4.755
601328.SH,2022-11-30,0.0,4.76,4.76,4.75,3290.0,1564080.0,4.755
601328.SH,2022-11-30,0.0,4.76,4.76,4.75,3380.0,1606760.0,4.755
601328.SH,2022-11-30,0.0,4.76,4.76,4.75,898.0,426950.0,4.755
601328.SH,2022-11-30,0.0,4.75,4.76,4.75,4633.0,2200950.0,4.755
601328.SH,2022-11-30,0.0,4.75,4.76,4.75,3737.0,1775270.0,4.755
601328.SH,2022-11-30,0.0,4.75,4.76,4.75,1592.0,757118.0,4.755
601328.SH,2022-11-30,0.0,4.76,4.76,4.75,1391.0,661200.0,4.755
601328.SH,2022-11-30,0.0,4.76,4.76,4.75,1602.0,761301.0,4.755
601328.SH,2022-11-30,0.0,4.75,4.76,4.75,1653.0,785362.0,4.755
601328.SH,2022-11-30,0.0,4.75,4.76,4.75,1619.0,769245.0,4.755
601328.SH,2022-11-30,0.0,4.75,4.76,4.75,1232.0,585410.0,4.755
601328.SH,2022-11-30,0.0,4.76,4.76,4.75,1682.0,799166.0,4.755
601328.SH,2022-11-30,0.0,4.75,4.76,4.75,1682.0,800133.0,4.755
601328.SH,2022-11-30,0.0,4.75,4.76,4.74,7035.0,3341620.0,4.755
601328.SH,2022-11-30,0.0,4.75,4.75,4.74,1946.0,923904.0,4.755
601328.SH,2022-11-30,0.0,4.74,4.75,4.74,2028.0,962619.0,4.755
601328.SH,2022-11-30,0.0,4.75,4.75,4.74,497.0,235622.0,4.755
601328.SH,2022-11-30,0.0,4.75,4.75,4.74,672.0,318867.0,4.755
601328.SH,2022-11-30,0.0,4.75,4.75,4.74,3770.0,1790500.0,4.755
601328.SH,2022-11-30,0.0,4.76,4.76,4.75,6264.0,2975370.0,4.755
601328.SH,2022-11-30,0.0,4.76,4.76,4.75,4938.0,2346200.0,4.754
601328.SH,2022-11-30,0.0,4.76,4.76,4.75,863.0,410349.0,4.754
601328.SH,2022-11-30,0.0,4.75,4.76,4.75,1061.0,504671.0,4.755
601328.SH,2022-11-30,0.0,4.75,4.76,4.75,5255.0,2496310.0,4.754
601328.SH,2022-11-30,0.0,4.75,4.76,4.75,1705.0,811073.0,4.754
601328.SH,2022-11-30,0.0,4.76,4.76,4.75,1042.0,495066.0,4.754
601328.SH,2022-11-30,0.0,4.76,4.76,4.75,946.0,449889.0,4.754
601328.SH,2022-11-30,0.0,4.76,4.76,4.75,1599.0,759905.0,4.754
601328.SH,2022-11-30,0.0,4.75,4.76,4.75,761.0,361719.0,4.754
601328.SH,2022-11-30,0.0,4.76,4.76,4.75,2304.0,1095350.0,4.754
601328.SH,2022-11-30,0.0,4.76,4.76,4.75,2465.0,1173000.0,4.754
601328.SH,2022-11-30,0.0,4.76,4.76,4.75,2944.0,1398810.0,4.754
601328.SH,2022-11-30,0.0,4.76,4.76,4.75,424.0,201663.0,4.754
601328.SH,2022-11-30,0.0,4.75,4.76,4.75,1356.0,644521.0,4.754
601328.SH,2022-11-30,0.0,4.75,4.76,4.75,1519.0,721608.0,4.754
601328.SH,2022-11-30,0.0,4.76,4.76,4.75,577.0,274391.0,4.754
601328.SH,2022-11-30,0.0,4.76,4.76,4.75,3176.0,1509500.0,4.754
601328.SH,2022-11-30,0.0,4.76,4.76,4.75,1301.0,618262.0,4.754
601328.SH,2022-11-30,0.0,4.76,4.76,4.75,3210.0,1525000.0,4.754
601328.SH,2022-11-30,0.0,4.76,4.76,4.75,1211.0,575383.0,4.754
601328.SH,2022-11-30,0.0,4.75,4.76,4.75,2263.0,1075360.0,4.754
601328.SH,2022-11-30,0.0,4.74,4.75,4.74,19504.0,9263770.0,4.754
601328.SH,2022-11-30,0.0,4.74,4.75,4.74,1729.0,820550.0,4.754
601328.SH,2022-11-30,0.0,4.75,4.75,4.74,3058.0,1452230.0,4.754
601328.SH,2022-11-30,0.0,4.75,4.75,4.74,2409.0,1143650.0,4.754
601328.SH,2022-11-30,0.0,4.75,4.75,4.74,731.0,346703.0,4.754
601328.SH,2022-11-30,0.0,4.75,4.75,4.74,2189.0,1037800.0,4.754
601328.SH,2022-11-30,0.0,4.74,4.75,4.74,816.0,387086.0,4.754
601328.SH,2022-11-30,0.0,4.75,4.75,4.74,2179.0,1034520.0,4.754
601328.SH,2022-11-30,0.0,4.75,4.75,4.74,868.0,411759.0,4.754
601328.SH,2022-11-30,0.0,4.74,4.75,4.74,922.0,437383.0,4.754
601328.SH,2022-11-30,0.0,4.74,4.75,4.74,2232.0,1059170.0,4.754
601328.SH,2022-11-30,0.0,4.74,4.75,4.74,787.0,373279.0,4.754
601328.SH,2022-11-30,0.0,4.75,4.75,4.74,996.0,472392.0,4.754
601328.SH,2022-11-30,0.0,4.74,4.75,4.74,935.0,443314.0,4.754
601328.SH,2022-11-30,0.0,4.74,4.75,4.74,1087.0,515604.0,4.754
601328.SH,2022-11-30,0.0,4.75,4.76,4.74,15788.0,7498880.0,4.754
601328.SH,2022-11-30,0.0,4.75,4.76,4.75,1326.0,629937.0,4.753
601328.SH,2022-11-30,0.0,4.76,4.76,4.75,1061.0,504264.0,4.753
601328.SH,2022-11-30,0.0,4.76,4.76,4.75,926.0,440142.0,4.753
601328.SH,2022-11-30,0.0,4.75,4.76,4.75,5608.0,2664390.0,4.753
601328.SH,2022-11-30,0.0,4.75,4.76,4.75,794.0,377451.0,4.753
601328.SH,2022-11-30,0.0,4.76,4.76,4.75,462.0,219503.0,4.753
601328.SH,2022-11-30,0.0,4.75,4.76,4.75,742.0,352524.0,4.753
601328.SH,2022-11-30,0.0,4.75,4.76,4.75,889.0,422360.0,4.753
601328.SH,2022-11-30,0.0,4.75,4.76,4.75,2028.0,964437.0,4.753
601328.SH,2022-11-30,0.0,4.75,4.76,4.75,997.0,473648.0,4.753
601328.SH,2022-11-30,0.0,4.75,4.76,4.75,866.0,411414.0,4.753
601328.SH,2022-11-30,0.0,4.76,4.76,4.75,616.0,292650.0,4.753
601328.SH,2022-11-30,0.0,4.75,4.76,4.75,752.0,357282.0,4.753
601328.SH,2022-11-30,0.0,4.75,4.76,4.75,1049.0,498348.0,4.753
601328.SH,2022-11-30,0.0,4.76,4.76,4.75,1257.0,597285.0,4.753
601328.SH,2022-11-30,0.0,4.76,4.76,4.75,1041.0,494534.0,4.753
601328.SH,2022-11-30,0.0,4.75,4.76,4.74,4274.0,2029950.0,4.753
601328.SH,2022-11-30,0.0,4.74,4.75,4.74,1095.0,519572.0,4.753
601328.SH,2022-11-30,0.0,4.75,4.75,4.74,1183.0,561505.0,4.753
601328.SH,2022-11-30,0.0,4.74,4.75,4.74,930.0,441243.0,4.753
601328.SH,2022-11-30,0.0,4.74,4.75,4.74,967.0,458705.0,4.753
601328.SH,2022-11-30,0.0,4.75,4.75,4.74,1472.0,698386.0,4.753
601328.SH,2022-11-30,0.0,4.74,4.75,4.74,1034.0,490539.0,4.753
601328.SH,2022-11-30,0.0,4.74,4.75,4.74,2147.0,1018660.0,4.753
601328.SH,2022-11-30,0.0,4.75,4.75,4.74,1251.0,593609.0,4.753
601328.SH,2022-11-30,0.0,4.75,4.75,4.74,3332.0,1580450.0,4.753
601328.SH,2022-11-30,0.0,4.75,4.75,4.74,557.0,264392.0,4.753
601328.SH,2022-11-30,0.0,4.74,4.75,4.74,803.0,380917.0,4.753
601328.SH,2022-11-30,0.0,4.74,4.75,4.74,427.0,202575.0,4.753
601328.SH,2022-11-30,0.0,4.75,4.75,4.74,1517.0,720249.0,4.753
601328.SH,2022-11-30,0.0,4.74,4.75,4.74,957.0,454172.0,4.753
601328.SH,2022-11-30,0.0,4.75,4.75,4.74,8134.0,3860000.0,4.753
601328.SH,2022-11-30,0.0,4.74,4.75,4.74,1250.0,592812.0,4.753
601328.SH,2022-11-30,0.0,4.75,4.75,4.74,782.0,371069.0,4.753
601328.SH,2022-11-30,0.0,4.75,4.75,4.74,2846.0,1351390.0,4.753
601328.SH,2022-11-30,0.0,4.74,4.75,4.74,1225.0,581089.0,4.753
601328.SH,2022-11-30,0.0,4.75,4.75,4.74,1654.0,784388.0,4.753
601328.SH,2022-11-30,0.0,4.74,4.75,4.74,2050.0,972614.0,4.753
601328.SH,2022-11-30,0.0,4.74,4.75,4.74,1491.0,707082.0,4.753
601328.SH,2022-11-30,0.0,4.74,4.75,4.74,1166.0,552984.0,4.753
601328.SH,2022-11-30,0.0,4.74,4.75,4.74,1681.0,797088.0,4.753
601328.SH,2022-11-30,0.0,4.74,4.75,4.74,1699.0,806010.0,4.753
601328.SH,2022-11-30,0.0,4.74,4.75,4.74,1285.0,609474.0,4.753
601328.SH,2022-11-30,0.0,4.75,4.75,4.74,1479.0,701413.0,4.753
601328.SH,2022-11-30,0.0,4.74,4.75,4.74,2320.0,1100660.0,4.753
601328.SH,2022-11-30,0.0,4.74,4.75,4.74,2392.0,1134410.0,4.752
601328.SH,2022-11-30,0.0,4.75,4.75,4.74,2197.0,1042780.0,4.752
601328.SH,2022-11-30,0.0,4.75,4.75,4.74,7020.0,3333890.0,4.752
601328.SH,2022-11-30,0.0,4.74,4.75,4.74,1285.0,609816.0,4.752
601328.SH,2022-11-30,0.0,4.74,4.75,4.74,2052.0,974000.0,4.752
601328.SH,2022-11-30,0.0,4.74,4.75,4.74,1041.0,493839.0,4.752
601328.SH,2022-11-30,0.0,4.74,4.75,4.74,1793.0,850882.0,4.752
601328.SH,2022-11-30,0.0,4.75,4.75,4.74,2797.0,1327950.0,4.752
601328.SH,2022-11-30,0.0,4.75,4.75,4.74,2342.0,1111640.0,4.752
601328.SH,2022-11-30,0.0,4.75,4.75,4.74,1666.0,790686.0,4.752
601328.SH,2022-11-30,0.0,4.75,4.75,4.74,1461.0,693182.0,4.752
601328.SH,2022-11-30,0.0,4.75,4.76,4.74,10601.0,5039590.0,4.752
601328.SH,2022-11-30,0.0,4.76,4.76,4.75,1907.0,907182.0,4.752
601328.SH,2022-11-30,0.0,4.76,4.76,4.75,9608.0,4572610.0,4.752
601328.SH,2022-11-30,0.0,4.75,4.76,4.75,1899.0,903300.0,4.752
601328.SH,2022-11-30,0.0,4.76,4.76,4.75,2029.0,964874.0,4.752
601328.SH,2022-11-30,0.0,4.76,4.76,4.75,1803.0,857398.0,4.752
601328.SH,2022-11-30,0.0,4.75,4.76,4.75,2686.0,1277830.0,4.752
601328.SH,2022-11-30,0.0,4.76,4.76,4.75,2397.0,1139950.0,4.753
601328.SH,2022-11-30,0.0,4.76,4.76,4.75,2625.0,1248400.0,4.753
601328.SH,2022-11-30,0.0,4.75,4.76,4.75,4310.0,2049640.0,4.753
601328.SH,2022-11-30,0.0,4.75,4.76,4.75,1936.0,920412.0,4.753
601328.SH,2022-11-30,0.0,4.75,4.76,4.75,1797.0,854431.0,4.753
601328.SH,2022-11-30,0.0,4.76,4.76,4.75,2363.0,1123830.0,4.753
601328.SH,2022-11-30,0.0,4.75,4.76,4.75,1616.0,768383.0,4.753
601328.SH,2022-11-30,0.0,4.75,4.76,4.75,2908.0,1383020.0,4.753
601328.SH,2022-11-30,0.0,4.75,4.76,4.75,1745.0,829445.0,4.753
601328.SH,2022-11-30,0.0,4.76,4.76,4.75,2587.0,1230570.0,4.753
601328.SH,2022-11-30,0.0,4.75,4.76,4.75,1810.0,860665.0,4.753
601328.SH,2022-11-30,0.0,4.75,4.76,4.75,1612.0,766595.0,4.753
601328.SH,2022-11-30,0.0,4.75,4.76,4.75,2624.0,1247360.0,4.753
601328.SH,2022-11-30,0.0,4.75,4.76,4.75,2025.0,962712.0,4.753
601328.SH,2022-11-30,0.0,4.75,4.76,4.75,1571.0,747302.0,4.753
601328.SH,2022-11-30,0.0,4.76,4.76,4.75,1371.0,652231.0,4.753
601328.SH,2022-11-30,0.0,4.75,4.76,4.75,1624.0,772612.0,4.753
601328.SH,2022-11-30,0.0,4.75,4.76,4.75,2373.0,1128750.0,4.753
601328.SH,2022-11-30,0.0,4.75,4.76,4.75,2126.0,1011430.0,4.753
601328.SH,2022-11-30,0.0,4.75,4.76,4.75,2978.0,1416930.0,4.753
601328.SH,2022-11-30,0.0,4.75,4.76,4.75,2235.0,1063440.0,4.753
601328.SH,2022-11-30,0.0,4.76,4.76,4.75,2140.0,1018020.0,4.753
601328.SH,2022-11-30,0.0,4.75,4.76,4.75,2040.0,969787.0,4.753
601328.SH,2022-11-30,0.0,4.75,4.76,4.75,2700.0,1284580.0,4.753
601328.SH,2022-11-30,0.0,4.75,4.76,4.75,2560.0,1217690.0,4.753
601328.SH,2022-11-30,0.0,4.75,4.76,4.75,2836.0,1348760.0,4.753
601328.SH,2022-11-30,0.0,4.75,4.76,4.75,2662.0,1266260.0,4.753
601328.SH,2022-11-30,0.0,4.76,4.76,4.75,2046.0,972477.0,4.753
601328.SH,2022-11-30,0.0,4.75,4.76,4.75,2496.0,1186760.0,4.753
601328.SH,2022-11-30,0.0,4.75,4.76,4.75,4216.0,2004500.0,4.753
601328.SH,2022-11-30,0.0,4.75,4.76,4.74,23624.0,11221500.0,4.753
601328.SH,2022-11-30,0.0,4.75,4.76,4.75,5924.0,2814850.0,4.753
601328.SH,2022-11-30,0.0,4.75,4.76,4.75,2518.0,1196200.0,4.753
601328.SH,2022-11-30,0.0,4.75,4.76,4.75,2762.0,1313370.0,4.753
601328.SH,2022-11-30,0.0,4.75,4.76,4.75,3139.0,1491390.0,4.753
601328.SH,2022-11-30,0.0,4.75,4.76,4.75,4531.0,2153640.0,4.753
601328.SH,2022-11-30,0.0,4.76,4.76,4.75,1715.0,815357.0,4.753
601328.SH,2022-11-30,0.0,4.75,4.76,4.75,2035.0,967751.0,4.753
601328.SH,2022-11-30,0.0,4.75,4.76,4.74,13540.0,6430420.0,4.753
601328.SH,2022-11-30,0.0,4.75,4.75,4.74,3624.0,1720690.0,4.753
601328.SH,2022-11-30,0.0,4.75,4.76,4.75,13333.0,6335730.0,4.753
601328.SH,2022-11-30,0.0,4.75,4.76,4.75,1494.0,709976.0,4.753
601328.SH,2022-11-30,0.0,4.75,4.76,4.75,2796.0,1329600.0,4.753
601328.SH,2022-11-30,0.0,4.75,4.76,4.74,9651.0,4584710.0,4.753
601328.SH,2022-11-30,0.0,4.75,4.76,4.74,3806.0,1808040.0,4.753
601328.SH,2022-11-30,0.0,4.76,4.76,4.75,1315.0,625109.0,4.753
601328.SH,2022-11-30,0.0,4.75,4.76,4.75,1566.0,744202.0,4.753
601328.SH,2022-11-30,0.0,4.75,4.76,4.75,1362.0,647663.0,4.753
601328.SH,2022-11-30,0.0,4.75,4.76,4.75,2154.0,1024890.0,4.753
601328.SH,2022-11-30,0.0,4.76,4.76,4.75,1130.0,537470.0,4.753
601328.SH,2022-11-30,0.0,4.75,4.76,4.75,2403.0,1143360.0,4.753
601328.SH,2022-11-30,0.0,4.75,4.76,4.75,2541.0,1208380.0,4.753
601328.SH,2022-11-30,0.0,4.76,4.76,4.75,756.0,359310.0,4.753
601328.SH,2022-11-30,0.0,4.75,4.76,4.75,3930.0,1869680.0,4.753
601328.SH,2022-11-30,0.0,4.75,4.76,4.75,2640.0,1255870.0,4.753
601328.SH,2022-11-30,0.0,4.75,4.76,4.75,1093.0,519469.0,4.753
601328.SH,2022-11-30,0.0,4.75,4.76,4.75,2915.0,1386840.0,4.753
601328.SH,2022-11-30,0.0,4.75,4.76,4.75,3302.0,1569300.0,4.753
601328.SH,2022-11-30,0.0,4.75,4.76,4.75,4034.0,1918300.0,4.753
601328.SH,2022-11-30,0.0,4.75,4.76,4.75,8860.0,4211100.0,4.753
601328.SH,2022-11-30,0.0,4.75,4.76,4.75,3606.0,1714560.0,4.753
601328.SH,2022-11-30,0.0,4.76,4.76,4.75,5740.0,2731160.0,4.753
601328.SH,2022-11-30,0.0,4.75,4.76,4.75,3112.0,1480250.0,4.753
601328.SH,2022-11-30,0.0,4.76,4.76,4.75,3795.0,1805850.0,4.753
601328.SH,2022-11-30,0.0,4.75,4.76,4.75,3333.0,1585130.0,4.753
601328.SH,2022-11-30,0.0,4.75,4.76,4.75,2845.0,1352310.0,4.753
601328.SH,2022-11-30,0.0,4.75,4.76,4.75,3429.0,1630880.0,4.753
601328.SH,2022-11-30,0.0,4.76,4.76,4.75,1174.0,558387.0,4.753
601328.SH,2022-11-30,0.0,4.76,4.76,4.75,2975.0,1415380.0,4.753
601328.SH,2022-11-30,0.0,4.76,4.76,4.75,4281.0,2036850.0,4.753
601328.SH,2022-11-30,0.0,4.76,4.76,4.75,5345.0,2543660.0,4.753
601328.SH,2022-11-30,0.0,4.76,4.76,4.75,3250.0,1546220.0,4.753
601328.SH,2022-11-30,0.0,4.76,4.76,4.75,5737.0,2730300.0,4.753
601328.SH,2022-11-30,0.0,4.76,4.76,4.75,6539.0,3112080.0,4.753
601328.SH,2022-11-30,0.0,4.76,4.77,4.75,3773.0,1796090.0,4.753
601328.SH,2022-11-30,0.0,4.75,4.77,4.75,13993.0,6662230.0,4.753
601328.SH,2022-11-30,0.0,4.76,4.77,4.75,1969.0,936454.0,4.753
601328.SH,2022-11-30,0.0,4.77,4.77,4.76,6153.0,2929650.0,4.753
601328.SH,2022-11-30,0.0,4.75,4.77,4.75,5560.0,2645720.0,4.753
601328.SH,2022-11-30,0.0,4.76,4.76,4.75,4206.0,1999480.0,4.753
601328.SH,2022-11-30,0.0,4.75,4.76,4.75,3630.0,1725620.0,4.753
601328.SH,2022-11-30,0.0,4.75,4.76,4.75,5916.0,2813390.0,4.753
601328.SH,2022-11-30,0.0,4.75,4.76,4.75,10950.0,5206650.0,4.753
601328.SH,2022-11-30,0.0,4.76,4.77,4.75,11123.0,5287960.0,4.753
601328.SH,2022-11-30,0.0,4.75,4.76,4.75,4583.0,2180510.0,4.753
601328.SH,2022-11-30,0.0,4.75,4.75,4.75,0.0,0.0,4.753
601328.SH,2022-11-30,0.0,4.75,4.75,4.75,0.0,0.0,4.753
601328.SH,2022-11-30,0.0,4.72,4.72,4.72,264873.0,125020000.0,4.746
601328.SH,2022-12-01,0.0,4.77,4.77,4.77,15074.0,7190300.0,4.77
601328.SH,2022-12-01,0.0,4.77,4.78,4.76,29500.0,14070400.0,4.77
601328.SH,2022-12-01,0.0,4.76,4.77,4.76,16144.0,7693050.0,4.769
601328.SH,2022-12-01,0.0,4.75,4.76,4.75,9855.0,4687430.0,4.767
601328.SH,2022-12-01,0.0,4.76,4.76,4.75,10446.0,4967790.0,4.765
601328.SH,2022-12-01,0.0,4.76,4.76,4.75,6695.0,3185280.0,4.765
601328.SH,2022-12-01,0.0,4.75,4.76,4.75,4947.0,2352120.0,4.764
601328.SH,2022-12-01,0.0,4.76,4.76,4.75,13779.0,6557040.0,4.764
601328.SH,2022-12-01,0.0,4.76,4.76,4.75,5080.0,2415520.0,4.763
601328.SH,2022-12-01,0.0,4.75,4.76,4.75,15830.0,7534130.0,4.763
601328.SH,2022-12-01,0.0,4.76,4.77,4.75,11165.0,5317090.0,4.763
601328.SH,2022-12-01,0.0,4.76,4.77,4.75,6540.0,3112770.0,4.763
601328.SH,2022-12-01,0.0,4.76,4.76,4.75,1456.0,692496.0,4.763
601328.SH,2022-12-01,0.0,4.76,4.76,4.75,3724.0,1771110.0,4.762
601328.SH,2022-12-01,0.0,4.76,4.76,4.75,9029.0,4294450.0,4.762
601328.SH,2022-12-01,0.0,4.75,4.76,4.74,31098.0,14770500.0,4.76
601328.SH,2022-12-01,0.0,4.75,4.75,4.74,3023.0,1433840.0,4.76
601328.SH,2022-12-01,0.0,4.73,4.75,4.73,18004.0,8533240.0,4.758
601328.SH,2022-12-01,0.0,4.74,4.74,4.73,3166.0,1498770.0,4.758
601328.SH,2022-12-01,0.0,4.74,4.74,4.73,787.0,372441.0,4.758
601328.SH,2022-12-01,0.0,4.73,4.74,4.73,2101.0,993972.0,4.757
601328.SH,2022-12-01,0.0,4.74,4.74,4.73,3602.0,1704070.0,4.757
601328.SH,2022-12-01,0.0,4.73,4.74,4.72,24288.0,11486900.0,4.754
601328.SH,2022-12-01,0.0,4.72,4.73,4.72,2755.0,1300540.0,4.754
601328.SH,2022-12-01,0.0,4.72,4.73,4.72,6315.0,2982410.0,4.753
601328.SH,2022-12-01,0.0,4.73,4.73,4.72,5084.0,2401840.0,4.752
601328.SH,2022-12-01,0.0,4.72,4.73,4.72,5735.0,2707470.0,4.752
601328.SH,2022-12-01,0.0,4.72,4.73,4.72,3530.0,1666420.0,4.751
601328.SH,2022-12-01,0.0,4.72,4.73,4.72,6333.0,2989400.0,4.751
601328.SH,2022-12-01,0.0,4.72,4.73,4.72,1565.0,739113.0,4.751
601328.SH,2022-12-01,0.0,4.73,4.73,4.72,4885.0,2307280.0,4.75
601328.SH,2022-12-01,0.0,4.73,4.74,4.72,31927.0,15100300.0,4.748
601328.SH,2022-12-01,0.0,4.72,4.74,4.72,6712.0,3174800.0,4.748
601328.SH,2022-12-01,0.0,4.72,4.73,4.72,1437.0,679192.0,4.747
601328.SH,2022-12-01,0.0,4.73,4.74,4.72,17148.0,8110440.0,4.747
601328.SH,2022-12-01,0.0,4.73,4.74,4.72,13361.0,6321380.0,4.746
601328.SH,2022-12-01,0.0,4.74,4.74,4.73,1508.0,713568.0,4.746
601328.SH,2022-12-01,0.0,4.74,4.74,4.73,1722.0,815211.0,4.746
601328.SH,2022-12-01,0.0,4.74,4.74,4.73,4160.0,1970120.0,4.746
601328.SH,2022-12-01,0.0,4.73,4.74,4.73,874.0,413857.0,4.746
601328.SH,2022-12-01,0.0,4.73,4.74,4.73,1202.0,568744.0,4.746
601328.SH,2022-12-01,0.0,4.74,4.74,4.73,3228.0,1528010.0,4.746
601328.SH,2022-12-01,0.0,4.73,4.74,4.73,1881.0,889942.0,4.746
601328.SH,2022-12-01,0.0,4.73,4.74,4.73,6815.0,3223680.0,4.745
601328.SH,2022-12-01,0.0,4.73,4.74,4.73,6638.0,3140010.0,4.745
601328.SH,2022-12-01,0.0,4.72,4.73,4.72,6968.0,3295070.0,4.745
601328.SH,2022-12-01,0.0,4.72,4.73,4.72,1663.0,785590.0,4.745
601328.SH,2022-12-01,0.0,4.72,4.73,4.72,1774.0,838595.0,4.745
601328.SH,2022-12-01,0.0,4.72,4.73,4.72,2833.0,1338420.0,4.744
601328.SH,2022-12-01,0.0,4.73,4.73,4.72,4124.0,1950070.0,4.744
601328.SH,2022-12-01,0.0,4.73,4.73,4.72,2386.0,1127860.0,4.744
601328.SH,2022-12-01,0.0,4.73,4.73,4.72,2213.0,1046140.0,4.744
601328.SH,2022-12-01,0.0,4.73,4.73,4.72,10531.0,4981030.0,4.744
601328.SH,2022-12-01,0.0,4.74,4.74,4.73,2568.0,1216560.0,4.744
601328.SH,2022-12-01,0.0,4.73,4.74,4.73,641.0,303328.0,4.744
601328.SH,2022-12-01,0.0,4.73,4.74,4.73,3202.0,1516350.0,4.744
601328.SH,2022-12-01,0.0,4.73,4.74,4.73,2038.0,965337.0,4.744
601328.SH,2022-12-01,0.0,4.74,4.74,4.73,11117.0,5259040.0,4.743
601328.SH,2022-12-01,0.0,4.73,4.74,4.73,2419.0,1145210.0,4.743
601328.SH,2022-12-01,0.0,4.74,4.74,4.73,2092.0,990664.0,4.743
601328.SH,2022-12-01,0.0,4.73,4.74,4.73,6766.0,3200870.0,4.743
601328.SH,2022-12-01,0.0,4.74,4.74,4.73,2511.0,1189560.0,4.743
601328.SH,2022-12-01,0.0,4.73,4.74,4.73,4106.0,1942720.0,4.743
601328.SH,2022-12-01,0.0,4.73,4.74,4.73,1990.0,942299.0,4.743
601328.SH,2022-12-01,0.0,4.74,4.74,4.73,2735.0,1294460.0,4.743
601328.SH,2022-12-01,0.0,4.73,4.74,4.73,1693.0,801735.0,4.743
601328.SH,2022-12-01,0.0,4.73,4.74,4.73,1174.0,556126.0,4.743
601328.SH,2022-12-01,0.0,4.74,4.74,4.73,2530.0,1198670.0,4.743
601328.SH,2022-12-01,0.0,4.74,4.74,4.73,1626.0,770073.0,4.743
601328.SH,2022-12-01,0.0,4.74,4.74,4.73,16992.0,8053940.0,4.743
601328.SH,2022-12-01,0.0,4.74,4.74,4.73,7577.0,3591230.0,4.742
601328.SH,2022-12-01,0.0,4.75,4.75,4.74,15654.0,7422880.0,4.742
601328.SH,2022-12-01,0.0,4.74,4.75,4.74,1323.0,628207.0,4.742
601328.SH,2022-12-01,0.0,4.74,4.75,4.74,2264.0,1073830.0,4.742
601328.SH,2022-12-01,0.0,4.75,4.75,4.74,2254.0,1070110.0,4.742
601328.SH,2022-12-01,0.0,4.74,4.75,4.74,1163.0,551886.0,4.742
601328.SH,2022-12-01,0.0,4.74,4.75,4.74,1338.0,635010.0,4.743
601328.SH,2022-12-01,0.0,4.74,4.75,4.74,3397.0,1612520.0,4.743
601328.SH,2022-12-01,0.0,4.74,4.75,4.74,1129.0,535819.0,4.743
601328.SH,2022-12-01,0.0,4.75,4.75,4.74,1275.0,605014.0,4.743
601328.SH,2022-12-01,0.0,4.75,4.75,4.74,3696.0,1754930.0,4.743
601328.SH,2022-12-01,0.0,4.74,4.75,4.74,11315.0,5374250.0,4.743
601328.SH,2022-12-01,0.0,4.74,4.75,4.74,1570.0,744768.0,4.743
601328.SH,2022-12-01,0.0,4.74,4.75,4.74,2254.0,1070320.0,4.743
601328.SH,2022-12-01,0.0,4.74,4.75,4.74,2133.0,1011650.0,4.743
601328.SH,2022-12-01,0.0,4.74,4.75,4.74,1104.0,523711.0,4.743
601328.SH,2022-12-01,0.0,4.74,4.75,4.74,1479.0,701583.0,4.743
601328.SH,2022-12-01,0.0,4.74,4.75,4.74,2402.0,1139130.0,4.743
601328.SH,2022-12-01,0.0,4.74,4.75,4.74,2372.0,1124980.0,4.743
601328.SH,2022-12-01,0.0,4.74,4.74,4.74,796.0,377306.0,4.743
601328.SH,2022-12-01,0.0,4.74,4.74,4.73,3442.0,1631430.0,4.743
601328.SH,2022-12-01,0.0,4.74,4.75,4.74,2815.0,1335570.0,4.743
601328.SH,2022-12-01,0.0,4.74,4.74,4.73,4431.0,2099900.0,4.743
601328.SH,2022-12-01,0.0,4.74,4.75,4.73,4487.0,2130140.0,4.743
601328.SH,2022-12-01,0.0,4.74,4.75,4.74,950.0,450599.0,4.743
601328.SH,2022-12-01,0.0,4.75,4.75,4.74,1001.0,474696.0,4.743
601328.SH,2022-12-01,0.0,4.74,4.75,4.74,1829.0,867966.0,4.743
601328.SH,2022-12-01,0.0,4.75,4.75,4.74,1158.0,549442.0,4.743
601328.SH,2022-12-01,0.0,4.75,4.75,4.74,2736.0,1299220.0,4.743
601328.SH,2022-12-01,0.0,4.74,4.75,4.74,2302.0,1093080.0,4.743
601328.SH,2022-12-01,0.0,4.74,4.75,4.74,1806.0,856911.0,4.743
601328.SH,2022-12-01,0.0,4.74,4.75,4.74,3289.0,1561000.0,4.743
601328.SH,2022-12-01,0.0,4.75,4.75,4.74,1691.0,802832.0,4.743
601328.SH,2022-12-01,0.0,4.73,4.74,4.73,8100.0,3836480.0,4.743
601328.SH,2022-12-01,0.0,4.73,4.74,4.73,1799.0,852402.0,4.743
601328.SH,2022-12-01,0.0,4.73,4.74,4.73,1474.0,698359.0,4.743
601328.SH,2022-12-01,0.0,4.74,4.74,4.73,3528.0,1670050.0,4.743
601328.SH,2022-12-01,0.0,4.73,4.74,4.73,2892.0,1369780.0,4.743
601328.SH,2022-12-01,0.0,4.73,4.74,4.73,751.0,355702.0,4.743
601328.SH,2022-12-01,0.0,4.73,4.74,4.73,1830.0,866397.0,4.743
601328.SH,2022-12-01,0.0,4.74,4.74,4.73,988.0,468191.0,4.743
601328.SH,2022-12-01,0.0,4.74,4.74,4.73,3039.0,1439680.0,4.743
601328.SH,2022-12-01,0.0,4.74,4.74,4.73,1143.0,541495.0,4.743
601328.SH,2022-12-01,0.0,4.74,4.74,4.73,3215.0,1522890.0,4.743
601328.SH,2022-12-01,0.0,4.73,4.74,4.73,2578.0,1219980.0,4.743
601328.SH,2022-12-01,0.0,4.74,4.74,4.73,2294.0,1086100.0,4.742
601328.SH,2022-12-01,0.0,4.73,4.74,4.73,1294.0,613219.0,4.742
601328.SH,2022-12-01,0.0,4.74,4.74,4.73,1740.0,824149.0,4.742
601328.SH,2022-12-01,0.0,4.74,4.74,4.73,4189.0,1984870.0,4.742
601328.SH,2022-12-01,0.0,4.73,4.74,4.73,2949.0,1397310.0,4.742
601328.SH,2022-12-01,0.0,4.73,4.74,4.72,8640.0,4087960.0,4.742
601328.SH,2022-12-01,0.0,4.73,4.74,4.73,4703.0,2226040.0,4.742
601328.SH,2022-12-01,0.0,4.73,4.74,4.73,4404.0,2083630.0,4.742
601328.SH,2022-12-01,0.0,4.73,4.74,4.73,1891.0,895374.0,4.742
601328.SH,2022-12-01,0.0,4.73,4.74,4.73,1359.0,643710.0,4.742
601328.SH,2022-12-01,0.0,4.74,4.74,4.73,857.0,405833.0,4.742
601328.SH,2022-12-01,0.0,4.73,4.74,4.73,1974.0,935002.0,4.742
601328.SH,2022-12-01,0.0,4.73,4.74,4.73,1257.0,595471.0,4.742
601328.SH,2022-12-01,0.0,4.74,4.74,4.73,688.0,326015.0,4.742
601328.SH,2022-12-01,0.0,4.73,4.74,4.73,1506.0,713208.0,4.742
601328.SH,2022-12-01,0.0,4.73,4.74,4.73,2573.0,1217920.0,4.742
601328.SH,2022-12-01,0.0,4.73,4.74,4.73,1102.0,521779.0,4.742
601328.SH,2022-12-01,0.0,4.73,4.74,4.73,728.0,344842.0,4.742
601328.SH,2022-12-01,0.0,4.74,4.74,4.73,1645.0,779326.0,4.742
601328.SH,2022-12-01,0.0,4.73,4.74,4.73,1138.0,538935.0,4.742
601328.SH,2022-12-01,0.0,4.73,4.74,4.73,1271.0,602043.0,4.742
601328.SH,2022-12-01,0.0,4.74,4.74,4.73,1934.0,916584.0,4.742
601328.SH,2022-12-01,0.0,4.74,4.74,4.73,1715.0,811971.0,4.742
601328.SH,2022-12-01,0.0,4.74,4.74,4.73,1691.0,800924.0,4.742
601328.SH,2022-12-01,0.0,4.73,4.74,4.73,1701.0,805842.0,4.742
601328.SH,2022-12-01,0.0,4.73,4.74,4.73,1112.0,526616.0,4.742
601328.SH,2022-12-01,0.0,4.73,4.74,4.73,1400.0,663067.0,4.742
601328.SH,2022-12-01,0.0,4.73,4.74,4.73,2021.0,957385.0,4.742
601328.SH,2022-12-01,0.0,4.74,4.74,4.73,1392.0,659290.0,4.742
601328.SH,2022-12-01,0.0,4.74,4.74,4.73,1537.0,727862.0,4.742
601328.SH,2022-12-01,0.0,4.74,4.74,4.73,2036.0,963664.0,4.742
601328.SH,2022-12-01,0.0,4.73,4.74,4.73,1309.0,620079.0,4.742
601328.SH,2022-12-01,0.0,4.73,4.74,4.73,1499.0,710091.0,4.742
601328.SH,2022-12-01,0.0,4.73,4.74,4.73,1796.0,850090.0,4.742
601328.SH,2022-12-01,0.0,4.73,4.74,4.73,2451.0,1160290.0,4.742
601328.SH,2022-12-01,0.0,4.74,4.74,4.73,1342.0,635418.0,4.742
601328.SH,2022-12-01,0.0,4.73,4.74,4.73,984.0,466006.0,4.742
601328.SH,2022-12-01,0.0,4.74,4.74,4.73,2047.0,969745.0,4.742
601328.SH,2022-12-01,0.0,4.73,4.74,4.73,3524.0,1667270.0,4.742
601328.SH,2022-12-01,0.0,4.73,4.74,4.73,1694.0,801925.0,4.742
601328.SH,2022-12-01,0.0,4.73,4.74,4.73,1366.0,647265.0,4.742
601328.SH,2022-12-01,0.0,4.74,4.74,4.73,1316.0,623446.0,4.742
601328.SH,2022-12-01,0.0,4.74,4.74,4.73,4459.0,2112980.0,4.742
601328.SH,2022-12-01,0.0,4.74,4.74,4.73,3145.0,1488650.0,4.742
601328.SH,2022-12-01,0.0,4.73,4.74,4.73,982.0,465005.0,4.742
601328.SH,2022-12-01,0.0,4.74,4.74,4.73,1009.0,477970.0,4.742
601328.SH,2022-12-01,0.0,4.73,4.74,4.73,3135.0,1485210.0,4.742
601328.SH,2022-12-01,0.0,4.74,4.74,4.73,3083.0,1460280.0,4.742
601328.SH,2022-12-01,0.0,4.73,4.74,4.73,1137.0,538556.0,4.742
601328.SH,2022-12-01,0.0,4.73,4.74,4.73,4534.0,2148680.0,4.741
601328.SH,2022-12-01,0.0,4.74,4.74,4.73,1334.0,631922.0,4.741
601328.SH,2022-12-01,0.0,4.73,4.74,4.73,3619.0,1712540.0,4.741
601328.SH,2022-12-01,0.0,4.73,4.74,4.73,3287.0,1557490.0,4.741
601328.SH,2022-12-01,0.0,4.73,4.74,4.73,3606.0,1708890.0,4.741
601328.SH,2022-12-01,0.0,4.74,4.74,4.73,963.0,456236.0,4.741
601328.SH,2022-12-01,0.0,4.74,4.74,4.73,2145.0,1016110.0,4.741
601328.SH,2022-12-01,0.0,4.74,4.74,4.73,1247.0,590694.0,4.741
601328.SH,2022-12-01,0.0,4.73,4.74,4.73,1281.0,607009.0,4.741
601328.SH,2022-12-01,0.0,4.73,4.74,4.73,3134.0,1483510.0,4.741
601328.SH,2022-12-01,0.0,4.73,4.74,4.73,2024.0,958639.0,4.741
601328.SH,2022-12-01,0.0,4.73,4.74,4.73,1293.0,612131.0,4.741
601328.SH,2022-12-01,0.0,4.74,4.74,4.73,3353.0,1588740.0,4.741
601328.SH,2022-12-01,0.0,4.73,4.74,4.73,1572.0,744280.0,4.741
601328.SH,2022-12-01,0.0,4.73,4.74,4.73,2440.0,1155660.0,4.741
601328.SH,2022-12-01,0.0,4.74,4.74,4.73,2096.0,992341.0,4.741
601328.SH,2022-12-01,0.0,4.73,4.74,4.73,1822.0,863022.0,4.741
601328.SH,2022-12-01,0.0,4.73,4.74,4.73,2171.0,1027970.0,4.741
601328.SH,2022-12-01,0.0,4.74,4.74,4.73,6831.0,3232010.0,4.741
601328.SH,2022-12-01,0.0,4.73,4.74,4.73,4502.0,2130350.0,4.741
601328.SH,2022-12-01,0.0,4.73,4.74,4.73,2179.0,1031600.0,4.741
601328.SH,2022-12-01,0.0,4.72,4.74,4.72,6992.0,3307150.0,4.741
601328.SH,2022-12-01,0.0,4.72,4.73,4.72,3312.0,1565210.0,4.741
601328.SH,2022-12-01,0.0,4.72,4.73,4.72,1698.0,802740.0,4.741
601328.SH,2022-12-01,0.0,4.73,4.73,4.72,4466.0,2108820.0,4.741
601328.SH,2022-12-01,0.0,4.72,4.73,4.72,1545.0,730085.0,4.741
601328.SH,2022-12-01,0.0,4.73,4.73,4.72,3437.0,1623210.0,4.741
601328.SH,2022-12-01,0.0,4.73,4.73,4.72,3212.0,1516720.0,4.741
601328.SH,2022-12-01,0.0,4.72,4.73,4.72,1531.0,723221.0,4.741
601328.SH,2022-12-01,0.0,4.72,4.73,4.72,1243.0,587333.0,4.741
601328.SH,2022-12-01,0.0,4.73,4.73,4.72,2016.0,952685.0,4.74
601328.SH,2022-12-01,0.0,4.72,4.73,4.72,1793.0,847381.0,4.74
601328.SH,2022-12-01,0.0,4.73,4.73,4.72,3847.0,1817240.0,4.74
601328.SH,2022-12-01,0.0,4.72,4.73,4.72,2386.0,1126880.0,4.74
601328.SH,2022-12-01,0.0,4.73,4.73,4.72,13211.0,6236910.0,4.74
601328.SH,2022-12-01,0.0,4.72,4.73,4.72,2180.0,1030110.0,4.74
601328.SH,2022-12-01,0.0,4.72,4.73,4.72,2202.0,1041080.0,4.74
601328.SH,2022-12-01,0.0,4.73,4.73,4.72,4237.0,2001540.0,4.74
601328.SH,2022-12-01,0.0,4.72,4.73,4.72,25191.0,11890900.0,4.739
601328.SH,2022-12-01,0.0,4.72,4.73,4.71,1986.0,937487.0,4.739
601328.SH,2022-12-01,0.0,4.72,4.72,4.72,8504.0,4012220.0,4.739
601328.SH,2022-12-01,0.0,4.72,4.72,4.71,2807.0,1323340.0,4.739
601328.SH,2022-12-01,0.0,4.72,4.73,4.71,20033.0,9461140.0,4.739
601328.SH,2022-12-01,0.0,4.73,4.73,4.72,1657.0,782159.0,4.739
601328.SH,2022-12-01,0.0,4.72,4.73,4.72,5119.0,2416070.0,4.738
601328.SH,2022-12-01,0.0,4.72,4.72,4.71,1565.0,738515.0,4.738
601328.SH,2022-12-01,0.0,4.72,4.72,4.71,1977.0,932636.0,4.738
601328.SH,2022-12-01,0.0,4.72,4.72,4.71,2516.0,1186150.0,4.738
601328.SH,2022-12-01,0.0,4.72,4.72,4.71,4319.0,2036780.0,4.738
601328.SH,2022-12-01,0.0,4.71,4.72,4.71,4065.0,1917870.0,4.738
601328.SH,2022-12-01,0.0,4.72,4.72,4.71,13964.0,6590730.0,4.738
601328.SH,2022-12-01,0.0,4.72,4.72,4.71,3990.0,1881010.0,4.738
601328.SH,2022-12-01,0.0,4.72,4.72,4.71,3711.0,1749370.0,4.738
601328.SH,2022-12-01,0.0,4.72,4.72,4.71,3198.0,1508370.0,4.738
601328.SH,2022-12-01,0.0,4.72,4.72,4.71,4050.0,1911040.0,4.737
601328.SH,2022-12-01,0.0,4.72,4.72,4.71,7417.0,3499170.0,4.737
601328.SH,2022-12-01,0.0,4.72,4.73,4.72,3681.0,1738920.0,4.737
601328.SH,2022-12-01,0.0,4.72,4.73,4.72,5323.0,2515780.0,4.737
601328.SH,2022-12-01,0.0,4.72,4.73,4.72,6273.0,2964230.0,4.737
601328.SH,2022-12-01,0.0,4.72,4.73,4.72,2410.0,1138490.0,4.737
601328.SH,2022-12-01,0.0,4.72,4.73,4.72,3460.0,1634500.0,4.737
601328.SH,2022-12-01,0.0,4.73,4.73,4.72,12468.0,5885620.0,4.737
601328.SH,2022-12-01,0.0,4.71,4.73,4.71,3490.0,1646680.0,4.737
601328.SH,2022-12-01,0.0,4.72,4.72,4.71,3738.0,1762590.0,4.737
601328.SH,2022-12-01,0.0,4.72,4.72,4.71,1755.0,827532.0,4.737
601328.SH,2022-12-01,0.0,4.72,4.72,4.71,5681.0,2676940.0,4.737
601328.SH,2022-12-01,0.0,4.72,4.72,4.71,5457.0,2570890.0,4.736
601328.SH,2022-12-01,0.0,4.72,4.72,4.71,7317.0,3448400.0,4.736
601328.SH,2022-12-01,0.0,4.72,4.72,4.71,4455.0,2101160.0,4.736
601328.SH,2022-12-01,0.0,4.71,4.72,4.71,3328.0,1568840.0,4.736
601328.SH,2022-12-01,0.0,4.72,4.72,4.71,3282.0,1547380.0,4.736
601328.SH,2022-12-01,0.0,4.72,4.72,4.71,14862.0,7014200.0,4.736
601328.SH,2022-12-01,0.0,4.72,4.72,4.71,5519.0,2603300.0,4.736
601328.SH,2022-12-01,0.0,4.72,4.72,4.71,20509.0,9667680.0,4.735
601328.SH,2022-12-01,0.0,4.72,4.72,4.72,0.0,0.0,4.735
601328.SH,2022-12-01,0.0,4.72,4.72,4.72,0.0,0.0,4.735
601328.SH,2022-12-01,0.0,4.71,4.71,4.71,28250.0,13305600.0,4.735
601328.SH,2022-12-02,0.0,4.71,4.71,4.71,2782.0,1310330.0,4.71
601328.SH,2022-12-02,0.0,4.72,4.73,4.71,27969.0,13190400.0,4.716
601328.SH,2022-12-02,0.0,4.72,4.73,4.72,8577.0,4049850.0,4.717
601328.SH,2022-12-02,0.0,4.71,4.73,4.71,7393.0,3488460.0,4.717
601328.SH,2022-12-02,0.0,4.71,4.72,4.71,756.0,356594.0,4.717
601328.SH,2022-12-02,0.0,4.72,4.72,4.71,8220.0,3878600.0,4.717
601328.SH,2022-12-02,0.0,4.72,4.72,4.71,4819.0,2273520.0,4.717
601328.SH,2022-12-02,0.0,4.72,4.72,4.71,3115.0,1469680.0,4.717
601328.SH,2022-12-02,0.0,4.72,4.72,4.71,1891.0,892486.0,4.718
601328.SH,2022-12-02,0.0,4.72,4.72,4.71,2897.0,1367070.0,4.718
601328.SH,2022-12-02,0.0,4.72,4.72,4.71,15551.0,7326170.0,4.716
601328.SH,2022-12-02,0.0,4.72,4.72,4.71,5090.0,2399280.0,4.716
601328.SH,2022-12-02,0.0,4.7,4.72,4.7,7076.0,3334020.0,4.716
601328.SH,2022-12-02,0.0,4.71,4.71,4.7,4108.0,1934460.0,4.716
601328.SH,2022-12-02,0.0,4.7,4.71,4.7,5102.0,2402300.0,4.715
601328.SH,2022-12-02,0.0,4.71,4.71,4.7,2213.0,1042260.0,4.715
601328.SH,2022-12-02,0.0,4.71,4.71,4.7,4685.0,2205300.0,4.715
601328.SH,2022-12-02,0.0,4.7,4.71,4.69,26658.0,12530400.0,4.712
601328.SH,2022-12-02,0.0,4.71,4.71,4.69,4615.0,2169440.0,4.712
601328.SH,2022-12-02,0.0,4.7,4.71,4.7,9608.0,4515960.0,4.711
601328.SH,2022-12-02,0.0,4.7,4.7,4.69,2397.0,1126430.0,4.711
601328.SH,2022-12-02,0.0,4.7,4.7,4.69,8190.0,3844200.0,4.71
601328.SH,2022-12-02,0.0,4.7,4.7,4.69,4847.0,2277920.0,4.71
601328.SH,2022-12-02,0.0,4.7,4.7,4.69,3808.0,1789050.0,4.709
601328.SH,2022-12-02,0.0,4.7,4.7,4.69,4538.0,2132740.0,4.709
601328.SH,2022-12-02,0.0,4.7,4.7,4.69,3934.0,1848760.0,4.709
601328.SH,2022-12-02,0.0,4.71,4.71,4.7,3126.0,1470160.0,4.709
601328.SH,2022-12-02,0.0,4.7,4.71,4.7,1457.0,685901.0,4.709
601328.SH,2022-12-02,0.0,4.71,4.71,4.7,2608.0,1228100.0,4.709
601328.SH,2022-12-02,0.0,4.7,4.71,4.7,6022.0,2831200.0,4.709
601328.SH,2022-12-02,0.0,4.71,4.71,4.7,2027.0,954405.0,4.709
601328.SH,2022-12-02,0.0,4.7,4.71,4.7,5525.0,2602100.0,4.709
601328.SH,2022-12-02,0.0,4.7,4.71,4.7,2033.0,956604.0,4.709
601328.SH,2022-12-02,0.0,4.7,4.71,4.7,4732.0,2227130.0,4.709
601328.SH,2022-12-02,0.0,4.71,4.71,4.7,4859.0,2287240.0,4.709
601328.SH,2022-12-02,0.0,4.71,4.71,4.7,9168.0,4310300.0,4.708
601328.SH,2022-12-02,0.0,4.7,4.71,4.69,11686.0,5492390.0,4.708
601328.SH,2022-12-02,0.0,4.7,4.7,4.69,2316.0,1088380.0,4.708
601328.SH,2022-12-02,0.0,4.7,4.7,4.69,2405.0,1130270.0,4.708
601328.SH,2022-12-02,0.0,4.7,4.7,4.69,2781.0,1306950.0,4.708
601328.SH,2022-12-02,0.0,4.7,4.7,4.69,1418.0,666367.0,4.708
601328.SH,2022-12-02,0.0,4.69,4.7,4.69,2523.0,1185390.0,4.707
601328.SH,2022-12-02,0.0,4.7,4.7,4.69,1867.0,877352.0,4.707
601328.SH,2022-12-02,0.0,4.7,4.7,4.69,1955.0,918038.0,4.707
601328.SH,2022-12-02,0.0,4.7,4.7,4.69,6299.0,2955820.0,4.707
601328.SH,2022-12-02,0.0,4.69,4.7,4.69,1883.0,884619.0,4.707
601328.SH,2022-12-02,0.0,4.7,4.7,4.69,5375.0,2523210.0,4.707
601328.SH,2022-12-02,0.0,4.69,4.7,4.69,5633.0,2643020.0,4.706
601328.SH,2022-12-02,0.0,4.69,4.7,4.69,3284.0,1542140.0,4.706
601328.SH,2022-12-02,0.0,4.69,4.7,4.69,2973.0,1396310.0,4.706
601328.SH,2022-12-02,0.0,4.7,4.7,4.69,17022.0,7984380.0,4.705
601328.SH,2022-12-02,0.0,4.69,4.7,4.69,1802.0,846511.0,4.705
601328.SH,2022-12-02,0.0,4.69,4.7,4.69,5062.0,2376640.0,4.705
601328.SH,2022-12-02,0.0,4.69,4.7,4.69,1621.0,760777.0,4.705
601328.SH,2022-12-02,0.0,4.69,4.7,4.69,2644.0,1240930.0,4.705
601328.SH,2022-12-02,0.0,4.7,4.7,4.69,5431.0,2549330.0,4.705
601328.SH,2022-12-02,0.0,4.7,4.7,4.69,2110.0,990342.0,4.705
601328.SH,2022-12-02,0.0,4.7,4.7,4.69,667.0,313391.0,4.705
601328.SH,2022-12-02,0.0,4.69,4.7,4.69,3570.0,1677340.0,4.704
601328.SH,2022-12-02,0.0,4.69,4.7,4.69,1475.0,693019.0,4.704
601328.SH,2022-12-02,0.0,4.7,4.7,4.69,556.0,260975.0,4.704
601328.SH,2022-12-02,0.0,4.7,4.7,4.69,17226.0,8095720.0,4.704
601328.SH,2022-12-02,0.0,4.69,4.7,4.69,2243.0,1053340.0,4.704
601328.SH,2022-12-02,0.0,4.69,4.7,4.69,939.0,440644.0,4.704
601328.SH,2022-12-02,0.0,4.7,4.7,4.69,1700.0,798407.0,4.704
601328.SH,2022-12-02,0.0,4.69,4.7,4.69,1171.0,550058.0,4.704
601328.SH,2022-12-02,0.0,4.69,4.7,4.69,1495.0,702162.0,4.704
601328.SH,2022-12-02,0.0,4.69,4.7,4.69,860.0,403845.0,4.704
601328.SH,2022-12-02,0.0,4.7,4.7,4.69,2070.0,972640.0,4.704
601328.SH,2022-12-02,0.0,4.7,4.7,4.69,2842.0,1335540.0,4.704
601328.SH,2022-12-02,0.0,4.7,4.7,4.69,1127.0,529287.0,4.704
601328.SH,2022-12-02,0.0,4.7,4.7,4.69,1575.0,740182.0,4.704
601328.SH,2022-12-02,0.0,4.7,4.7,4.69,1836.0,861643.0,4.704
601328.SH,2022-12-02,0.0,4.7,4.7,4.69,290.0,136108.0,4.704
601328.SH,2022-12-02,0.0,4.7,4.7,4.69,671.0,315077.0,4.704
601328.SH,2022-12-02,0.0,4.7,4.7,4.69,1764.0,828817.0,4.704
601328.SH,2022-12-02,0.0,4.7,4.7,4.69,605.0,284182.0,4.704
601328.SH,2022-12-02,0.0,4.69,4.7,4.69,993.0,466244.0,4.704
601328.SH,2022-12-02,0.0,4.7,4.7,4.69,489.0,229761.0,4.704
601328.SH,2022-12-02,0.0,4.7,4.7,4.69,1969.0,924838.0,4.704
601328.SH,2022-12-02,0.0,4.7,4.7,4.69,1345.0,632062.0,4.704
601328.SH,2022-12-02,0.0,4.7,4.7,4.69,1128.0,530115.0,4.704
601328.SH,2022-12-02,0.0,4.7,4.7,4.69,481.0,226023.0,4.704
601328.SH,2022-12-02,0.0,4.7,4.7,4.69,134.0,62920.0,4.704
601328.SH,2022-12-02,0.0,4.7,4.7,4.69,918.0,431398.0,4.704
601328.SH,2022-12-02,0.0,4.69,4.7,4.69,661.0,310264.0,4.704
601328.SH,2022-12-02,0.0,4.69,4.7,4.69,366.0,171961.0,4.704
601328.SH,2022-12-02,0.0,4.69,4.7,4.69,381.0,178935.0,4.704
601328.SH,2022-12-02,0.0,4.7,4.7,4.69,2032.0,953958.0,4.704
601328.SH,2022-12-02,0.0,4.7,4.7,4.69,1330.0,625028.0,4.704
601328.SH,2022-12-02,0.0,4.69,4.7,4.69,1187.0,557555.0,4.704
601328.SH,2022-12-02,0.0,4.7,4.7,4.69,2809.0,1318800.0,4.703
601328.SH,2022-12-02,0.0,4.69,4.7,4.69,2368.0,1112220.0,4.703
601328.SH,2022-12-02,0.0,4.7,4.7,4.69,1100.0,516877.0,4.703
601328.SH,2022-12-02,0.0,4.69,4.7,4.69,12642.0,5936530.0,4.703
601328.SH,2022-12-02,0.0,4.69,4.7,4.69,5947.0,2794720.0,4.703
601328.SH,2022-12-02,0.0,4.7,4.7,4.69,398.0,186949.0,4.703
601328.SH,2022-12-02,0.0,4.69,4.7,4.69,1079.0,506528.0,4.703
601328.SH,2022-12-02,0.0,4.69,4.7,4.69,1436.0,674357.0,4.703
601328.SH,2022-12-02,0.0,4.7,4.7,4.69,1277.0,599854.0,4.703
601328.SH,2022-12-02,0.0,4.7,4.7,4.69,2068.0,971296.0,4.703
601328.SH,2022-12-02,0.0,4.7,4.7,4.69,1318.0,618840.0,4.703
601328.SH,2022-12-02,0.0,4.69,4.7,4.69,3923.0,1841160.0,4.703
601328.SH,2022-12-02,0.0,4.7,4.7,4.69,256.0,120151.0,4.703
601328.SH,2022-12-02,0.0,4.69,4.7,4.69,11474.0,5381420.0,4.703
601328.SH,2022-12-02,0.0,4.69,4.7,4.69,5893.0,2765730.0,4.702
601328.SH,2022-12-02,0.0,4.7,4.7,4.69,2222.0,1043380.0,4.702
601328.SH,2022-12-02,0.0,4.7,4.7,4.69,1635.0,767836.0,4.702
601328.SH,2022-12-02,0.0,4.69,4.7,4.69,1650.0,774090.0,4.702
601328.SH,2022-12-02,0.0,4.7,4.7,4.69,2570.0,1207140.0,4.702
601328.SH,2022-12-02,0.0,4.69,4.7,4.68,17488.0,8199050.0,4.702
601328.SH,2022-12-02,0.0,4.69,4.69,4.68,6384.0,2992760.0,4.702
601328.SH,2022-12-02,0.0,4.69,4.69,4.68,1248.0,584819.0,4.701
601328.SH,2022-12-02,0.0,4.7,4.7,4.68,7498.0,3515790.0,4.701
601328.SH,2022-12-02,0.0,4.69,4.7,4.69,535.0,251098.0,4.701
601328.SH,2022-12-02,0.0,4.69,4.7,4.69,1763.0,827209.0,4.701
601328.SH,2022-12-02,0.0,4.7,4.7,4.69,490.0,229900.0,4.701
601328.SH,2022-12-02,0.0,4.7,4.7,4.69,1178.0,552765.0,4.701
601328.SH,2022-12-02,0.0,4.7,4.7,4.69,755.0,354452.0,4.701
601328.SH,2022-12-02,0.0,4.69,4.7,4.69,866.0,406569.0,4.701
601328.SH,2022-12-02,0.0,4.69,4.7,4.69,1539.0,722770.0,4.701
601328.SH,2022-12-02,0.0,4.69,4.7,4.69,10619.0,4982430.0,4.701
601328.SH,2022-12-02,0.0,4.7,4.7,4.69,2612.0,1226000.0,4.701
601328.SH,2022-12-02,0.0,4.69,4.7,4.69,3056.0,1433330.0,4.701
601328.SH,2022-12-02,0.0,4.69,4.69,4.69,1552.0,727887.0,4.701
601328.SH,2022-12-02,0.0,4.69,4.69,4.68,5496.0,2577350.0,4.701
601328.SH,2022-12-02,0.0,4.69,4.7,4.68,8021.0,3762260.0,4.701
601328.SH,2022-12-02,0.0,4.69,4.7,4.69,1895.0,888957.0,4.701
601328.SH,2022-12-02,0.0,4.69,4.69,4.69,1027.0,481548.0,4.7
601328.SH,2022-12-02,0.0,4.69,4.7,4.69,5282.0,2477900.0,4.7
601328.SH,2022-12-02,0.0,4.7,4.7,4.69,1397.0,655763.0,4.7
601328.SH,2022-12-02,0.0,4.69,4.7,4.69,491.0,230638.0,4.7
601328.SH,2022-12-02,0.0,4.7,4.7,4.69,4808.0,2255550.0,4.7
601328.SH,2022-12-02,0.0,4.7,4.7,4.69,921.0,432376.0,4.7
601328.SH,2022-12-02,0.0,4.7,4.7,4.69,203.0,95328.0,4.7
601328.SH,2022-12-02,0.0,4.69,4.7,4.69,665.0,312340.0,4.7
601328.SH,2022-12-02,0.0,4.7,4.7,4.69,213.0,99945.0,4.7
601328.SH,2022-12-02,0.0,4.69,4.7,4.69,118.0,55368.0,4.7
601328.SH,2022-12-02,0.0,4.7,4.7,4.69,2080.0,976396.0,4.7
601328.SH,2022-12-02,0.0,4.69,4.7,4.69,1103.0,518226.0,4.7
601328.SH,2022-12-02,0.0,4.69,4.7,4.69,991.0,464808.0,4.7
601328.SH,2022-12-02,0.0,4.7,4.7,4.69,2224.0,1044510.0,4.7
601328.SH,2022-12-02,0.0,4.69,4.7,4.69,274.0,128582.0,4.7
601328.SH,2022-12-02,0.0,4.7,4.7,4.69,1597.0,749969.0,4.7
601328.SH,2022-12-02,0.0,4.69,4.7,4.69,12860.0,6032260.0,4.7
601328.SH,2022-12-02,0.0,4.69,4.69,4.68,3245.0,1521610.0,4.7
601328.SH,2022-12-02,0.0,4.69,4.69,4.69,2535.0,1188740.0,4.7
601328.SH,2022-12-02,0.0,4.69,4.69,4.69,1299.0,609213.0,4.7
601328.SH,2022-12-02,0.0,4.68,4.69,4.68,5982.0,2805530.0,4.7
601328.SH,2022-12-02,0.0,4.69,4.69,4.68,1197.0,560975.0,4.7
601328.SH,2022-12-02,0.0,4.69,4.69,4.69,976.0,457744.0,4.7
601328.SH,2022-12-02,0.0,4.69,4.69,4.68,11933.0,5595600.0,4.699
601328.SH,2022-12-02,0.0,4.69,4.69,4.68,2963.0,1389430.0,4.699
601328.SH,2022-12-02,0.0,4.69,4.69,4.68,3729.0,1748540.0,4.699
601328.SH,2022-12-02,0.0,4.68,4.69,4.68,3676.0,1721500.0,4.699
601328.SH,2022-12-02,0.0,4.69,4.69,4.68,407.0,190590.0,4.699
601328.SH,2022-12-02,0.0,4.69,4.69,4.68,3583.0,1680150.0,4.699
601328.SH,2022-12-02,0.0,4.69,4.69,4.69,680.0,318861.0,4.699
601328.SH,2022-12-02,0.0,4.68,4.69,4.68,51.0,23918.0,4.699
601328.SH,2022-12-02,0.0,4.68,4.69,4.68,2918.0,1368570.0,4.699
601328.SH,2022-12-02,0.0,4.68,4.69,4.68,966.0,452986.0,4.699
601328.SH,2022-12-02,0.0,4.69,4.69,4.68,661.0,309486.0,4.699
601328.SH,2022-12-02,0.0,4.69,4.69,4.68,578.0,271006.0,4.699
601328.SH,2022-12-02,0.0,4.69,4.69,4.69,2354.0,1103830.0,4.699
601328.SH,2022-12-02,0.0,4.69,4.69,4.69,1435.0,672895.0,4.699
601328.SH,2022-12-02,0.0,4.69,4.69,4.68,839.0,393325.0,4.699
601328.SH,2022-12-02,0.0,4.68,4.69,4.68,780.0,365467.0,4.699
601328.SH,2022-12-02,0.0,4.69,4.69,4.68,1409.0,660078.0,4.699
601328.SH,2022-12-02,0.0,4.69,4.69,4.68,2194.0,1028800.0,4.699
601328.SH,2022-12-02,0.0,4.69,4.69,4.68,3453.0,1619250.0,4.699
601328.SH,2022-12-02,0.0,4.69,4.69,4.68,12014.0,5634310.0,4.699
601328.SH,2022-12-02,0.0,4.69,4.7,4.68,12623.0,5920560.0,4.698
601328.SH,2022-12-02,0.0,4.7,4.7,4.69,711.0,333965.0,4.698
601328.SH,2022-12-02,0.0,4.7,4.7,4.69,493.0,231615.0,4.698
601328.SH,2022-12-02,0.0,4.7,4.7,4.69,814.0,382456.0,4.698
601328.SH,2022-12-02,0.0,4.7,4.7,4.69,536.0,251794.0,4.698
601328.SH,2022-12-02,0.0,4.69,4.7,4.69,757.0,355508.0,4.698
601328.SH,2022-12-02,0.0,4.7,4.7,4.69,1822.0,855234.0,4.698
601328.SH,2022-12-02,0.0,4.69,4.7,4.69,2111.0,990680.0,4.698
601328.SH,2022-12-02,0.0,4.7,4.7,4.69,969.0,454741.0,4.698
601328.SH,2022-12-02,0.0,4.69,4.7,4.69,3708.0,1742070.0,4.698
601328.SH,2022-12-02,0.0,4.7,4.7,4.69,662.0,310939.0,4.698
601328.SH,2022-12-02,0.0,4.69,4.7,4.69,1019.0,478776.0,4.698
601328.SH,2022-12-02,0.0,4.7,4.7,4.69,1424.0,668945.0,4.698
601328.SH,2022-12-02,0.0,4.69,4.7,4.69,1074.0,504656.0,4.698
601328.SH,2022-12-02,0.0,4.7,4.7,4.69,1601.0,751566.0,4.698
601328.SH,2022-12-02,0.0,4.69,4.7,4.69,1813.0,851360.0,4.698
601328.SH,2022-12-02,0.0,4.7,4.7,4.69,1627.0,764272.0,4.698
601328.SH,2022-12-02,0.0,4.7,4.7,4.69,537.0,252365.0,4.698
601328.SH,2022-12-02,0.0,4.69,4.7,4.69,1363.0,640157.0,4.698
601328.SH,2022-12-02,0.0,4.7,4.7,4.69,1561.0,732593.0,4.698
601328.SH,2022-12-02,0.0,4.69,4.7,4.69,1415.0,664472.0,4.698
601328.SH,2022-12-02,0.0,4.69,4.7,4.69,889.0,417750.0,4.698
601328.SH,2022-12-02,0.0,4.7,4.7,4.69,643.0,302127.0,4.698
601328.SH,2022-12-02,0.0,4.69,4.7,4.69,837.0,393198.0,4.698
601328.SH,2022-12-02,0.0,4.7,4.7,4.69,1202.0,564855.0,4.698
601328.SH,2022-12-02,0.0,4.69,4.7,4.69,3361.0,1576890.0,4.698
601328.SH,2022-12-02,0.0,4.69,4.7,4.69,5875.0,2756190.0,4.698
601328.SH,2022-12-02,0.0,4.69,4.7,4.69,1838.0,862637.0,4.698
601328.SH,2022-12-02,0.0,4.69,4.7,4.69,14314.0,6713820.0,4.698
601328.SH,2022-12-02,0.0,4.69,4.7,4.69,2183.0,1025900.0,4.698
601328.SH,2022-12-02,0.0,4.69,4.7,4.69,1115.0,523555.0,4.698
601328.SH,2022-12-02,0.0,4.7,4.7,4.69,11737.0,5504990.0,4.698
601328.SH,2022-12-02,0.0,4.7,4.7,4.69,955.0,447989.0,4.698
601328.SH,2022-12-02,0.0,4.69,4.7,4.69,956.0,448870.0,4.698
601328.SH,2022-12-02,0.0,4.69,4.7,4.69,10958.0,5139380.0,4.698
601328.SH,2022-12-02,0.0,4.7,4.7,4.69,779.0,365723.0,4.698
601328.SH,2022-12-02,0.0,4.69,4.7,4.68,7793.0,3654880.0,4.698
601328.SH,2022-12-02,0.0,4.7,4.7,4.69,6493.0,3045230.0,4.698
601328.SH,2022-12-02,0.0,4.69,4.7,4.69,644.0,302300.0,4.698
601328.SH,2022-12-02,0.0,4.69,4.7,4.69,1509.0,707758.0,4.698
601328.SH,2022-12-02,0.0,4.69,4.7,4.69,3597.0,1687060.0,4.698
601328.SH,2022-12-02,0.0,4.69,4.7,4.69,256.0,120108.0,4.698
601328.SH,2022-12-02,0.0,4.69,4.7,4.69,519.0,243663.0,4.698
601328.SH,2022-12-02,0.0,4.7,4.7,4.69,1300.0,610580.0,4.698
601328.SH,2022-12-02,0.0,4.69,4.7,4.69,1049.0,492562.0,4.698
601328.SH,2022-12-02,0.0,4.69,4.7,4.68,12133.0,5690170.0,4.698
601328.SH,2022-12-02,0.0,4.69,4.7,4.69,383.0,179687.0,4.698
601328.SH,2022-12-02,0.0,4.69,4.7,4.68,8453.0,3963830.0,4.697
601328.SH,2022-12-02,0.0,4.69,4.69,4.68,1382.0,647759.0,4.697
601328.SH,2022-12-02,0.0,4.68,4.69,4.68,3957.0,1855340.0,4.697
601328.SH,2022-12-02,0.0,4.69,4.69,4.68,1544.0,723790.0,4.697
601328.SH,2022-12-02,0.0,4.68,4.69,4.68,1990.0,932796.0,4.697
601328.SH,2022-12-02,0.0,4.69,4.69,4.68,2734.0,1281800.0,4.697
601328.SH,2022-12-02,0.0,4.68,4.69,4.68,3029.0,1420320.0,4.697
601328.SH,2022-12-02,0.0,4.69,4.69,4.68,2680.0,1256250.0,4.697
601328.SH,2022-12-02,0.0,4.69,4.69,4.68,11222.0,5262800.0,4.697
601328.SH,2022-12-02,0.0,4.69,4.69,4.68,4477.0,2099450.0,4.697
601328.SH,2022-12-02,0.0,4.69,4.69,4.68,3036.0,1423700.0,4.697
601328.SH,2022-12-02,0.0,4.69,4.7,4.69,3456.0,1621180.0,4.697
601328.SH,2022-12-02,0.0,4.7,4.7,4.69,1389.0,651719.0,4.697
601328.SH,2022-12-02,0.0,4.68,4.7,4.68,5523.0,2589980.0,4.697
601328.SH,2022-12-02,0.0,4.69,4.7,4.68,3895.0,1826350.0,4.697
601328.SH,2022-12-02,0.0,4.68,4.7,4.68,3191.0,1496420.0,4.697
601328.SH,2022-12-02,0.0,4.69,4.69,4.68,8030.0,3763970.0,4.697
601328.SH,2022-12-02,0.0,4.68,4.69,4.68,2708.0,1268980.0,4.697
601328.SH,2022-12-02,0.0,4.68,4.69,4.68,1226.0,574550.0,4.697
601328.SH,2022-12-02,0.0,4.69,4.69,4.68,2673.0,1252660.0,4.697
601328.SH,2022-12-02,0.0,4.69,4.69,4.69,0.0,0.0,4.697
601328.SH,2022-12-02,0.0,4.69,4.69,4.69,0.0,0.0,4.697
601328.SH,2022-12-02,0.0,4.69,4.69,4.69,6779.0,3179350.0,4.697
601328.SH,2022-12-05,0.0,4.71,4.71,4.71,11605.0,5465960.0,4.71
601328.SH,2022-12-05,0.0,4.7,4.71,4.7,31384.0,14777800.0,4.709
601328.SH,2022-12-05,0.0,4.72,4.72,4.7,26197.0,12339600.0,4.71
601328.SH,2022-12-05,0.0,4.71,4.72,4.7,15846.0,7465210.0,4.71
601328.SH,2022-12-05,0.0,4.71,4.72,4.7,4674.0,2201480.0,4.71
601328.SH,2022-12-05,0.0,4.72,4.72,4.7,4941.0,2327440.0,4.71
601328.SH,2022-12-05,0.0,4.72,4.72,4.71,7384.0,3478570.0,4.71
601328.SH,2022-12-05,0.0,4.72,4.72,4.71,1697.0,800402.0,4.71
601328.SH,2022-12-05,0.0,4.72,4.72,4.71,1225.0,577886.0,4.71
601328.SH,2022-12-05,0.0,4.71,4.72,4.71,7163.0,3374190.0,4.71
601328.SH,2022-12-05,0.0,4.7,4.72,4.7,4602.0,2167120.0,4.71
601328.SH,2022-12-05,0.0,4.7,4.71,4.7,1436.0,675100.0,4.71
601328.SH,2022-12-05,0.0,4.71,4.71,4.7,621.0,292158.0,4.71
601328.SH,2022-12-05,0.0,4.71,4.71,4.7,15542.0,7319320.0,4.71
601328.SH,2022-12-05,0.0,4.72,4.72,4.7,5554.0,2615770.0,4.71
601328.SH,2022-12-05,0.0,4.71,4.72,4.71,1684.0,794434.0,4.71
601328.SH,2022-12-05,0.0,4.71,4.72,4.71,722.0,340290.0,4.71
601328.SH,2022-12-05,0.0,4.71,4.72,4.71,621.0,293017.0,4.71
601328.SH,2022-12-05,0.0,4.72,4.72,4.71,1383.0,652608.0,4.71
601328.SH,2022-12-05,0.0,4.71,4.72,4.71,1501.0,708144.0,4.71
601328.SH,2022-12-05,0.0,4.71,4.72,4.71,3705.0,1747630.0,4.71
601328.SH,2022-12-05,0.0,4.71,4.72,4.71,3516.0,1656980.0,4.71
601328.SH,2022-12-05,0.0,4.71,4.72,4.71,383.0,180672.0,4.711
601328.SH,2022-12-05,0.0,4.72,4.72,4.71,6051.0,2853820.0,4.711
601328.SH,2022-12-05,0.0,4.71,4.72,4.71,2319.0,1093740.0,4.711
601328.SH,2022-12-05,0.0,4.72,4.73,4.71,59044.0,27870100.0,4.713
601328.SH,2022-12-05,0.0,4.73,4.73,4.72,4187.0,1980260.0,4.714
601328.SH,2022-12-05,0.0,4.73,4.73,4.72,1117.0,528143.0,4.714
601328.SH,2022-12-05,0.0,4.72,4.73,4.72,1807.0,853471.0,4.714
601328.SH,2022-12-05,0.0,4.72,4.73,4.72,2814.0,1329830.0,4.714
601328.SH,2022-12-05,0.0,4.73,4.73,4.72,859.0,405928.0,4.714
601328.SH,2022-12-05,0.0,4.72,4.73,4.72,1589.0,750410.0,4.714
601328.SH,2022-12-05,0.0,4.72,4.73,4.72,11903.0,5620080.0,4.714
601328.SH,2022-12-05,0.0,4.73,4.73,4.72,13314.0,6284410.0,4.715
601328.SH,2022-12-05,0.0,4.72,4.73,4.72,1643.0,775905.0,4.715
601328.SH,2022-12-05,0.0,4.73,4.73,4.72,6079.0,2869810.0,4.715
601328.SH,2022-12-05,0.0,4.72,4.73,4.72,3559.0,1680220.0,4.715
601328.SH,2022-12-05,0.0,4.73,4.73,4.72,1941.0,916552.0,4.715
601328.SH,2022-12-05,0.0,4.73,4.73,4.72,1025.0,484124.0,4.715
601328.SH,2022-12-05,0.0,4.72,4.73,4.72,817.0,385889.0,4.715
601328.SH,2022-12-05,0.0,4.73,4.73,4.72,2588.0,1223670.0,4.715
601328.SH,2022-12-05,0.0,4.72,4.73,4.72,10580.0,5003970.0,4.716
601328.SH,2022-12-05,0.0,4.72,4.73,4.72,7801.0,3689700.0,4.716
601328.SH,2022-12-05,0.0,4.72,4.73,4.72,4084.0,1931590.0,4.716
601328.SH,2022-12-05,0.0,4.72,4.73,4.72,6188.0,2924710.0,4.717
601328.SH,2022-12-05,0.0,4.73,4.73,4.72,3527.0,1667570.0,4.717
601328.SH,2022-12-05,0.0,4.72,4.73,4.72,8100.0,3830690.0,4.717
601328.SH,2022-12-05,0.0,4.73,4.74,4.72,24228.0,11460700.0,4.718
601328.SH,2022-12-05,0.0,4.73,4.74,4.73,1299.0,614911.0,4.718
601328.SH,2022-12-05,0.0,4.74,4.74,4.73,1136.0,538042.0,4.718
601328.SH,2022-12-05,0.0,4.74,4.74,4.73,1132.0,535947.0,4.718
601328.SH,2022-12-05,0.0,4.74,4.74,4.73,1654.0,783938.0,4.718
601328.SH,2022-12-05,0.0,4.73,4.74,4.73,1105.0,523669.0,4.718
601328.SH,2022-12-05,0.0,4.73,4.74,4.73,3472.0,1645120.0,4.718
601328.SH,2022-12-05,0.0,4.74,4.74,4.73,14355.0,6803520.0,4.719
601328.SH,2022-12-05,0.0,4.73,4.74,4.73,2364.0,1120140.0,4.719
601328.SH,2022-12-05,0.0,4.73,4.74,4.73,2412.0,1142620.0,4.72
601328.SH,2022-12-05,0.0,4.74,4.74,4.73,4369.0,2069890.0,4.72
601328.SH,2022-12-05,0.0,4.73,4.74,4.73,882.0,417938.0,4.72
601328.SH,2022-12-05,0.0,4.73,4.74,4.73,2944.0,1394730.0,4.72
601328.SH,2022-12-05,0.0,4.74,4.74,4.73,1158.0,548534.0,4.72
601328.SH,2022-12-05,0.0,4.73,4.74,4.73,4750.0,2248950.0,4.72
601328.SH,2022-12-05,0.0,4.73,4.74,4.73,7888.0,3731930.0,4.72
601328.SH,2022-12-05,0.0,4.73,4.74,4.73,14877.0,7036910.0,4.721
601328.SH,2022-12-05,0.0,4.73,4.73,4.72,2299.0,1087180.0,4.721
601328.SH,2022-12-05,0.0,4.73,4.73,4.72,828.0,391562.0,4.721
601328.SH,2022-12-05,0.0,4.73,4.73,4.72,3052.0,1441480.0,4.721
601328.SH,2022-12-05,0.0,4.72,4.73,4.72,1110.0,524971.0,4.721
601328.SH,2022-12-05,0.0,4.73,4.73,4.72,910.0,429901.0,4.721
601328.SH,2022-12-05,0.0,4.72,4.73,4.72,2629.0,1242550.0,4.721
601328.SH,2022-12-05,0.0,4.73,4.73,4.72,4000.0,1891940.0,4.721
601328.SH,2022-12-05,0.0,4.72,4.73,4.72,751.0,355004.0,4.721
601328.SH,2022-12-05,0.0,4.74,4.74,4.72,1458.0,689818.0,4.721
601328.SH,2022-12-05,0.0,4.74,4.74,4.73,1125.0,533182.0,4.721
601328.SH,2022-12-05,0.0,4.73,4.74,4.73,608.0,287902.0,4.721
601328.SH,2022-12-05,0.0,4.74,4.74,4.73,723.0,342633.0,4.721
601328.SH,2022-12-05,0.0,4.74,4.74,4.73,7607.0,3598930.0,4.721
601328.SH,2022-12-05,0.0,4.73,4.74,4.73,4704.0,2225210.0,4.721
601328.SH,2022-12-05,0.0,4.74,4.74,4.73,5888.0,2785060.0,4.722
601328.SH,2022-12-05,0.0,4.72,4.73,4.72,1303.0,616089.0,4.722
601328.SH,2022-12-05,0.0,4.73,4.73,4.72,1042.0,492566.0,4.722
601328.SH,2022-12-05,0.0,4.73,4.73,4.72,5595.0,2646350.0,4.722
601328.SH,2022-12-05,0.0,4.73,4.73,4.72,878.0,415048.0,4.722
601328.SH,2022-12-05,0.0,4.72,4.73,4.72,767.0,362506.0,4.722
601328.SH,2022-12-05,0.0,4.73,4.73,4.72,782.0,369411.0,4.722
601328.SH,2022-12-05,0.0,4.72,4.73,4.72,2065.0,976508.0,4.722
601328.SH,2022-12-05,0.0,4.73,4.73,4.72,622.0,293883.0,4.722
601328.SH,2022-12-05,0.0,4.73,4.73,4.72,7969.0,3769260.0,4.722
601328.SH,2022-12-05,0.0,4.73,4.73,4.72,2557.0,1209420.0,4.722
601328.SH,2022-12-05,0.0,4.72,4.73,4.72,3364.0,1591000.0,4.722
601328.SH,2022-12-05,0.0,4.73,4.73,4.72,3213.0,1519220.0,4.722
601328.SH,2022-12-05,0.0,4.73,4.74,4.72,7672.0,3631060.0,4.722
601328.SH,2022-12-05,0.0,4.73,4.74,4.73,12278.0,5815120.0,4.723
601328.SH,2022-12-05,0.0,4.74,4.74,4.73,1304.0,617450.0,4.723
601328.SH,2022-12-05,0.0,4.74,4.74,4.73,3668.0,1737390.0,4.723
601328.SH,2022-12-05,0.0,4.73,4.74,4.73,5821.0,2754140.0,4.723
601328.SH,2022-12-05,0.0,4.73,4.73,4.72,6956.0,3289960.0,4.723
601328.SH,2022-12-05,0.0,4.73,4.73,4.72,1014.0,479336.0,4.723
601328.SH,2022-12-05,0.0,4.72,4.73,4.72,1122.0,530179.0,4.723
601328.SH,2022-12-05,0.0,4.73,4.73,4.72,1237.0,585009.0,4.723
601328.SH,2022-12-05,0.0,4.73,4.73,4.72,6615.0,3127780.0,4.723
601328.SH,2022-12-05,0.0,4.72,4.73,4.72,821.0,388264.0,4.723
601328.SH,2022-12-05,0.0,4.73,4.73,4.72,2019.0,954913.0,4.723
601328.SH,2022-12-05,0.0,4.72,4.73,4.72,5174.0,2447140.0,4.723
601328.SH,2022-12-05,0.0,4.74,4.74,4.72,2529.0,1196420.0,4.723
601328.SH,2022-12-05,0.0,4.73,4.74,4.73,538.0,254812.0,4.723
601328.SH,2022-12-05,0.0,4.74,4.74,4.73,626.0,296569.0,4.723
601328.SH,2022-12-05,0.0,4.74,4.74,4.73,2148.0,1017500.0,4.723
601328.SH,2022-12-05,0.0,4.74,4.74,4.73,4551.0,2156870.0,4.723
601328.SH,2022-12-05,0.0,4.73,4.74,4.73,3006.0,1424610.0,4.723
601328.SH,2022-12-05,0.0,4.75,4.75,4.73,27112.0,12851900.0,4.724
601328.SH,2022-12-05,0.0,4.74,4.75,4.74,2806.0,1332360.0,4.724
601328.SH,2022-12-05,0.0,4.75,4.75,4.74,2081.0,987311.0,4.724
601328.SH,2022-12-05,0.0,4.74,4.75,4.74,2044.0,969377.0,4.724
601328.SH,2022-12-05,0.0,4.74,4.75,4.74,5745.0,2724410.0,4.725
601328.SH,2022-12-05,0.0,4.74,4.75,4.74,1065.0,505138.0,4.725
601328.SH,2022-12-05,0.0,4.75,4.75,4.75,4395.0,2086880.0,4.725
601328.SH,2022-12-05,0.0,4.75,4.75,4.74,4569.0,2166340.0,4.725
601328.SH,2022-12-05,0.0,4.74,4.75,4.74,4049.0,1919770.0,4.725
601328.SH,2022-12-05,0.0,4.75,4.75,4.74,8303.0,3941790.0,4.725
601328.SH,2022-12-05,0.0,4.75,4.75,4.74,718.0,340480.0,4.725
601328.SH,2022-12-05,0.0,4.74,4.75,4.74,22622.0,10725000.0,4.726
601328.SH,2022-12-05,0.0,4.75,4.75,4.74,1833.0,869995.0,4.726
601328.SH,2022-12-05,0.0,4.75,4.75,4.74,5595.0,2655550.0,4.726
601328.SH,2022-12-05,0.0,4.75,4.75,4.74,2414.0,1146020.0,4.726
601328.SH,2022-12-05,0.0,4.74,4.75,4.74,972.0,461522.0,4.726
601328.SH,2022-12-05,0.0,4.75,4.75,4.74,557.0,264455.0,4.726
601328.SH,2022-12-05,0.0,4.74,4.75,4.74,2848.0,1350740.0,4.726
601328.SH,2022-12-05,0.0,4.75,4.75,4.74,4178.0,1981080.0,4.727
601328.SH,2022-12-05,0.0,4.74,4.75,4.74,4032.0,1911680.0,4.727
601328.SH,2022-12-05,0.0,4.75,4.75,4.74,2490.0,1180730.0,4.727
601328.SH,2022-12-05,0.0,4.75,4.75,4.74,12996.0,6160640.0,4.727
601328.SH,2022-12-05,0.0,4.75,4.75,4.74,3091.0,1466040.0,4.727
601328.SH,2022-12-05,0.0,4.74,4.75,4.74,1696.0,804893.0,4.727
601328.SH,2022-12-05,0.0,4.75,4.75,4.74,2133.0,1011520.0,4.727
601328.SH,2022-12-05,0.0,4.74,4.75,4.74,2700.0,1280030.0,4.727
601328.SH,2022-12-05,0.0,4.75,4.75,4.74,2734.0,1296320.0,4.727
601328.SH,2022-12-05,0.0,4.74,4.75,4.74,3755.0,1780640.0,4.727
601328.SH,2022-12-05,0.0,4.75,4.75,4.74,3481.0,1650720.0,4.727
601328.SH,2022-12-05,0.0,4.75,4.75,4.74,2901.0,1375370.0,4.727
601328.SH,2022-12-05,0.0,4.75,4.75,4.74,2914.0,1381500.0,4.727
601328.SH,2022-12-05,0.0,4.75,4.75,4.74,2082.0,987877.0,4.728
601328.SH,2022-12-05,0.0,4.75,4.75,4.74,3428.0,1627020.0,4.728
601328.SH,2022-12-05,0.0,4.74,4.75,4.74,2329.0,1105860.0,4.728
601328.SH,2022-12-05,0.0,4.75,4.75,4.74,3544.0,1683340.0,4.728
601328.SH,2022-12-05,0.0,4.75,4.75,4.74,2067.0,981272.0,4.728
601328.SH,2022-12-05,0.0,4.75,4.75,4.74,3549.0,1684370.0,4.728
601328.SH,2022-12-05,0.0,4.74,4.75,4.74,4763.0,2258330.0,4.728
601328.SH,2022-12-05,0.0,4.75,4.75,4.74,2901.0,1375690.0,4.728
601328.SH,2022-12-05,0.0,4.75,4.75,4.74,1824.0,865701.0,4.728
601328.SH,2022-12-05,0.0,4.75,4.75,4.74,4489.0,2129000.0,4.728
601328.SH,2022-12-05,0.0,4.75,4.75,4.74,2125.0,1009160.0,4.728
601328.SH,2022-12-05,0.0,4.74,4.75,4.74,21793.0,10350200.0,4.729
601328.SH,2022-12-05,0.0,4.76,4.76,4.75,32907.0,15632200.0,4.73
601328.SH,2022-12-05,0.0,4.76,4.76,4.75,1547.0,736042.0,4.73
601328.SH,2022-12-05,0.0,4.76,4.76,4.75,1395.0,663757.0,4.73
601328.SH,2022-12-05,0.0,4.76,4.76,4.75,3414.0,1623820.0,4.73
601328.SH,2022-12-05,0.0,4.76,4.76,4.75,7687.0,3658790.0,4.73
601328.SH,2022-12-05,0.0,4.76,4.76,4.75,3479.0,1655870.0,4.73
601328.SH,2022-12-05,0.0,4.76,4.76,4.75,1092.0,519714.0,4.731
601328.SH,2022-12-05,0.0,4.76,4.76,4.75,3404.0,1620030.0,4.731
601328.SH,2022-12-05,0.0,4.76,4.76,4.75,1589.0,756158.0,4.731
601328.SH,2022-12-05,0.0,4.76,4.76,4.75,16231.0,7724070.0,4.731
601328.SH,2022-12-05,0.0,4.75,4.76,4.75,6859.0,3264500.0,4.731
601328.SH,2022-12-05,0.0,4.76,4.76,4.75,2541.0,1209150.0,4.732
601328.SH,2022-12-05,0.0,4.75,4.76,4.75,993.0,472546.0,4.732
601328.SH,2022-12-05,0.0,4.75,4.76,4.75,2956.0,1406670.0,4.732
601328.SH,2022-12-05,0.0,4.76,4.76,4.75,3136.0,1492350.0,4.732
601328.SH,2022-12-05,0.0,4.76,4.76,4.75,1204.0,572923.0,4.732
601328.SH,2022-12-05,0.0,4.75,4.76,4.75,5722.0,2723140.0,4.732
601328.SH,2022-12-05,0.0,4.75,4.76,4.75,1331.0,633239.0,4.732
601328.SH,2022-12-05,0.0,4.76,4.76,4.75,1273.0,605687.0,4.732
601328.SH,2022-12-05,0.0,4.76,4.76,4.75,1160.0,551947.0,4.732
601328.SH,2022-12-05,0.0,4.76,4.76,4.75,808.0,384379.0,4.732
601328.SH,2022-12-05,0.0,4.76,4.76,4.75,3789.0,1803520.0,4.732
601328.SH,2022-12-05,0.0,4.76,4.76,4.75,2933.0,1395560.0,4.732
601328.SH,2022-12-05,0.0,4.76,4.76,4.75,1199.0,570191.0,4.732
601328.SH,2022-12-05,0.0,4.75,4.76,4.75,773.0,367740.0,4.732
601328.SH,2022-12-05,0.0,4.76,4.76,4.75,1272.0,605101.0,4.732
601328.SH,2022-12-05,0.0,4.76,4.76,4.75,1912.0,909888.0,4.733
601328.SH,2022-12-05,0.0,4.76,4.76,4.75,2240.0,1065600.0,4.733
601328.SH,2022-12-05,0.0,4.76,4.76,4.75,2022.0,962092.0,4.733
601328.SH,2022-12-05,0.0,4.76,4.76,4.75,2868.0,1364360.0,4.733
601328.SH,2022-12-05,0.0,4.75,4.76,4.75,1001.0,476186.0,4.733
601328.SH,2022-12-05,0.0,4.76,4.76,4.75,2442.0,1161700.0,4.733
601328.SH,2022-12-05,0.0,4.75,4.76,4.75,2227.0,1059810.0,4.733
601328.SH,2022-12-05,0.0,4.76,4.76,4.75,1853.0,881673.0,4.733
601328.SH,2022-12-05,0.0,4.76,4.76,4.75,2647.0,1258730.0,4.733
601328.SH,2022-12-05,0.0,4.75,4.76,4.74,25129.0,11935900.0,4.733
601328.SH,2022-12-05,0.0,4.76,4.76,4.74,5311.0,2523020.0,4.734
601328.SH,2022-12-05,0.0,4.76,4.76,4.75,1026.0,487599.0,4.734
601328.SH,2022-12-05,0.0,4.75,4.76,4.75,2352.0,1118240.0,4.734
601328.SH,2022-12-05,0.0,4.76,4.76,4.75,913.0,434391.0,4.734
601328.SH,2022-12-05,0.0,4.75,4.76,4.75,963.0,457976.0,4.734
601328.SH,2022-12-05,0.0,4.76,4.76,4.75,3128.0,1486520.0,4.734
601328.SH,2022-12-05,0.0,4.75,4.76,4.75,1343.0,638425.0,4.734
601328.SH,2022-12-05,0.0,4.76,4.76,4.75,3722.0,1768980.0,4.734
601328.SH,2022-12-05,0.0,4.75,4.76,4.75,1844.0,876499.0,4.734
601328.SH,2022-12-05,0.0,4.76,4.76,4.75,1852.0,880455.0,4.734
601328.SH,2022-12-05,0.0,4.76,4.76,4.75,1618.0,769439.0,4.734
601328.SH,2022-12-05,0.0,4.76,4.76,4.75,984.0,467894.0,4.734
601328.SH,2022-12-05,0.0,4.75,4.76,4.75,1234.0,586913.0,4.734
601328.SH,2022-12-05,0.0,4.75,4.76,4.75,1402.0,666490.0,4.734
601328.SH,2022-12-05,0.0,4.75,4.76,4.75,1557.0,740617.0,4.734
601328.SH,2022-12-05,0.0,4.76,4.76,4.75,1479.0,703246.0,4.734
601328.SH,2022-12-05,0.0,4.76,4.76,4.75,1637.0,778430.0,4.734
601328.SH,2022-12-05,0.0,4.76,4.76,4.75,1490.0,708798.0,4.734
601328.SH,2022-12-05,0.0,4.76,4.76,4.75,1286.0,611510.0,4.734
601328.SH,2022-12-05,0.0,4.76,4.76,4.75,1949.0,927412.0,4.734
601328.SH,2022-12-05,0.0,4.75,4.76,4.75,1805.0,858478.0,4.734
601328.SH,2022-12-05,0.0,4.76,4.76,4.75,2078.0,988291.0,4.734
601328.SH,2022-12-05,0.0,4.75,4.76,4.75,3313.0,1574800.0,4.734
601328.SH,2022-12-05,0.0,4.76,4.76,4.75,1244.0,591640.0,4.734
601328.SH,2022-12-05,0.0,4.75,4.76,4.75,2079.0,988812.0,4.735
601328.SH,2022-12-05,0.0,4.76,4.76,4.75,1820.0,865826.0,4.735
601328.SH,2022-12-05,0.0,4.75,4.76,4.75,1459.0,693475.0,4.735
601328.SH,2022-12-05,0.0,4.75,4.76,4.75,1444.0,686978.0,4.735
601328.SH,2022-12-05,0.0,4.76,4.76,4.75,2209.0,1050570.0,4.735
601328.SH,2022-12-05,0.0,4.75,4.76,4.75,1371.0,652149.0,4.735
601328.SH,2022-12-05,0.0,4.76,4.76,4.75,9230.0,4389960.0,4.735
601328.SH,2022-12-05,0.0,4.76,4.76,4.75,3715.0,1767360.0,4.735
601328.SH,2022-12-05,0.0,4.76,4.76,4.75,5624.0,2672350.0,4.735
601328.SH,2022-12-05,0.0,4.75,4.76,4.75,7138.0,3395720.0,4.735
601328.SH,2022-12-05,0.0,4.76,4.76,4.75,3533.0,1680710.0,4.735
601328.SH,2022-12-05,0.0,4.75,4.76,4.75,4392.0,2087260.0,4.735
601328.SH,2022-12-05,0.0,4.76,4.76,4.75,2125.0,1010790.0,4.735
601328.SH,2022-12-05,0.0,4.75,4.76,4.75,6381.0,3033560.0,4.736
601328.SH,2022-12-05,0.0,4.76,4.76,4.75,3212.0,1527240.0,4.736
601328.SH,2022-12-05,0.0,4.75,4.76,4.75,2676.0,1272290.0,4.736
601328.SH,2022-12-05,0.0,4.75,4.76,4.75,2259.0,1074040.0,4.736
601328.SH,2022-12-05,0.0,4.75,4.76,4.75,2453.0,1166220.0,4.736
601328.SH,2022-12-05,0.0,4.76,4.76,4.74,17578.0,8349000.0,4.736
601328.SH,2022-12-05,0.0,4.75,4.76,4.75,1431.0,680096.0,4.736
601328.SH,2022-12-05,0.0,4.76,4.76,4.75,6793.0,3229280.0,4.736
601328.SH,2022-12-05,0.0,4.75,4.76,4.75,5359.0,2549540.0,4.736
601328.SH,2022-12-05,0.0,4.76,4.76,4.75,2844.0,1351800.0,4.736
601328.SH,2022-12-05,0.0,4.75,4.76,4.75,6647.0,3160560.0,4.736
601328.SH,2022-12-05,0.0,4.76,4.76,4.75,4539.0,2156920.0,4.736
601328.SH,2022-12-05,0.0,4.76,4.76,4.76,0.0,0.0,4.736
601328.SH,2022-12-05,0.0,4.76,4.76,4.76,0.0,0.0,4.736
601328.SH,2022-12-05,0.0,4.75,4.75,4.75,19262.0,9149450.0,4.737
601328.SH,2022-12-06,0.0,4.75,4.75,4.75,3947.0,1874820.0,4.75
601328.SH,2022-12-06,0.0,4.74,4.75,4.74,7830.0,3713710.0,4.745
601328.SH,2022-12-06,0.0,4.74,4.75,4.74,3196.0,1515460.0,4.745
601328.SH,2022-12-06,0.0,4.73,4.74,4.73,16692.0,7911650.0,4.742
601328.SH,2022-12-06,0.0,4.73,4.74,4.73,1879.0,890256.0,4.742
601328.SH,2022-12-06,0.0,4.74,4.74,4.73,3398.0,1610490.0,4.742
601328.SH,2022-12-06,0.0,4.74,4.75,4.73,1763.0,835835.0,4.742
601328.SH,2022-12-06,0.0,4.74,4.75,4.74,2696.0,1278520.0,4.742
601328.SH,2022-12-06,0.0,4.74,4.75,4.74,5935.0,2813540.0,4.742
601328.SH,2022-12-06,0.0,4.74,4.75,4.74,1242.0,588741.0,4.741
601328.SH,2022-12-06,0.0,4.74,4.75,4.74,4755.0,2258400.0,4.742
601328.SH,2022-12-06,0.0,4.75,4.75,4.74,849.0,403179.0,4.742
601328.SH,2022-12-06,0.0,4.75,4.75,4.74,1506.0,715247.0,4.743
601328.SH,2022-12-06,0.0,4.75,4.75,4.74,1908.0,906221.0,4.743
601328.SH,2022-12-06,0.0,4.75,4.75,4.74,1233.0,584967.0,4.743
601328.SH,2022-12-06,0.0,4.75,4.75,4.74,8863.0,4209290.0,4.744
601328.SH,2022-12-06,0.0,4.75,4.75,4.74,3076.0,1460660.0,4.744
601328.SH,2022-12-06,0.0,4.75,4.75,4.74,1554.0,737987.0,4.744
601328.SH,2022-12-06,0.0,4.75,4.75,4.74,4446.0,2111520.0,4.744
601328.SH,2022-12-06,0.0,4.74,4.75,4.74,1638.0,777285.0,4.744
601328.SH,2022-12-06,0.0,4.74,4.75,4.74,2076.0,984614.0,4.744
601328.SH,2022-12-06,0.0,4.75,4.75,4.74,851.0,403749.0,4.744
601328.SH,2022-12-06,0.0,4.75,4.76,4.74,15559.0,7389280.0,4.745
601328.SH,2022-12-06,0.0,4.75,4.76,4.75,1174.0,557684.0,4.745
601328.SH,2022-12-06,0.0,4.75,4.76,4.75,623.0,296286.0,4.745
601328.SH,2022-12-06,0.0,4.75,4.76,4.75,2728.0,1298020.0,4.746
601328.SH,2022-12-06,0.0,4.75,4.76,4.75,4549.0,2161140.0,4.746
601328.SH,2022-12-06,0.0,4.76,4.76,4.75,779.0,370484.0,4.746
601328.SH,2022-12-06,0.0,4.75,4.76,4.75,1769.0,841296.0,4.746
601328.SH,2022-12-06,0.0,4.75,4.76,4.75,961.0,457112.0,4.746
601328.SH,2022-12-06,0.0,4.76,4.76,4.75,821.0,390084.0,4.746
601328.SH,2022-12-06,0.0,4.76,4.76,4.76,0.0,0.0,4.746
601328.SH,2022-12-06,0.0,4.76,4.76,4.76,0.0,0.0,4.746
601328.SH,2022-12-06,0.0,4.75,4.76,4.75,3172.0,1508300.0,4.746
601328.SH,2022-12-06,0.0,4.76,4.76,4.75,579.0,275348.0,4.746
601328.SH,2022-12-06,0.0,4.76,4.76,4.75,122.0,57985.0,4.746
601328.SH,2022-12-06,0.0,4.76,4.76,4.75,1128.0,536596.0,4.747
601328.SH,2022-12-06,0.0,4.76,4.76,4.75,2579.0,1227340.0,4.747
601328.SH,2022-12-06,0.0,4.77,4.77,4.76,25910.0,12333300.0,4.749
601328.SH,2022-12-06,0.0,4.77,4.77,4.76,2641.0,1259600.0,4.75
601328.SH,2022-12-06,0.0,4.77,4.77,4.76,3562.0,1698480.0,4.75
601328.SH,2022-12-06,0.0,4.77,4.77,4.76,1441.0,687240.0,4.75
601328.SH,2022-12-06,0.0,4.77,4.77,4.76,921.0,439068.0,4.75
601328.SH,2022-12-06,0.0,4.76,4.77,4.76,3545.0,1690820.0,4.751
601328.SH,2022-12-06,0.0,4.77,4.77,4.76,1965.0,937066.0,4.751
601328.SH,2022-12-06,0.0,4.77,4.77,4.76,5150.0,2456160.0,4.752
601328.SH,2022-12-06,0.0,4.77,4.77,4.76,10257.0,4886670.0,4.752
601328.SH,2022-12-06,0.0,4.76,4.77,4.76,800.0,381477.0,4.752
601328.SH,2022-12-06,0.0,4.77,4.77,4.76,9493.0,4519280.0,4.753
601328.SH,2022-12-06,0.0,4.77,4.77,4.76,7258.0,3461380.0,4.753
601328.SH,2022-12-06,0.0,4.77,4.77,4.76,2530.0,1206320.0,4.754
601328.SH,2022-12-06,0.0,4.77,4.77,4.76,2235.0,1065850.0,4.754
601328.SH,2022-12-06,0.0,4.77,4.77,4.76,1610.0,767619.0,4.754
601328.SH,2022-12-06,0.0,4.77,4.77,4.76,1748.0,833474.0,4.754
601328.SH,2022-12-06,0.0,4.77,4.77,4.76,9942.0,4734650.0,4.754
601328.SH,2022-12-06,0.0,4.77,4.77,4.76,1972.0,940261.0,4.755
601328.SH,2022-12-06,0.0,4.77,4.77,4.76,2757.0,1314820.0,4.755
601328.SH,2022-12-06,0.0,4.77,4.77,4.76,3069.0,1462850.0,4.755
601328.SH,2022-12-06,0.0,4.77,4.77,4.76,1391.0,663062.0,4.755
601328.SH,2022-12-06,0.0,4.77,4.77,4.76,2287.0,1090670.0,4.755
601328.SH,2022-12-06,0.0,4.77,4.77,4.76,2584.0,1232030.0,4.755
601328.SH,2022-12-06,0.0,4.76,4.77,4.76,582.0,277275.0,4.755
601328.SH,2022-12-06,0.0,4.77,4.77,4.76,3692.0,1760160.0,4.756
601328.SH,2022-12-06,0.0,4.77,4.77,4.76,5630.0,2685370.0,4.756
601328.SH,2022-12-06,0.0,4.77,4.77,4.76,6047.0,2883430.0,4.756
601328.SH,2022-12-06,0.0,4.77,4.77,4.76,1148.0,547366.0,4.756
601328.SH,2022-12-06,0.0,4.77,4.77,4.76,3884.0,1850420.0,4.756
601328.SH,2022-12-06,0.0,4.76,4.77,4.76,930.0,443110.0,4.756
601328.SH,2022-12-06,0.0,4.77,4.77,4.76,2984.0,1421090.0,4.756
601328.SH,2022-12-06,0.0,4.75,4.77,4.75,20446.0,9732300.0,4.757
601328.SH,2022-12-06,0.0,4.76,4.76,4.75,1659.0,789421.0,4.757
601328.SH,2022-12-06,0.0,4.76,4.76,4.75,698.0,332091.0,4.757
601328.SH,2022-12-06,0.0,4.76,4.76,4.75,772.0,367068.0,4.757
601328.SH,2022-12-06,0.0,4.76,4.76,4.75,508.0,241516.0,4.757
601328.SH,2022-12-06,0.0,4.76,4.76,4.75,11853.0,5640010.0,4.757
601328.SH,2022-12-06,0.0,4.76,4.76,4.75,451.0,214502.0,4.757
601328.SH,2022-12-06,0.0,4.76,4.76,4.75,1185.0,563888.0,4.757
601328.SH,2022-12-06,0.0,4.76,4.76,4.75,680.0,323731.0,4.757
601328.SH,2022-12-06,0.0,4.76,4.77,4.76,15901.0,7570100.0,4.757
601328.SH,2022-12-06,0.0,4.75,4.76,4.75,3875.0,1844380.0,4.757
601328.SH,2022-12-06,0.0,4.76,4.76,4.75,979.0,465960.0,4.757
601328.SH,2022-12-06,0.0,4.76,4.76,4.75,817.0,388796.0,4.757
601328.SH,2022-12-06,0.0,4.76,4.76,4.75,580.0,275818.0,4.757
601328.SH,2022-12-06,0.0,4.75,4.76,4.75,3759.0,1789040.0,4.757
601328.SH,2022-12-06,0.0,4.76,4.76,4.75,2178.0,1036580.0,4.757
601328.SH,2022-12-06,0.0,4.76,4.76,4.75,766.0,364548.0,4.757
601328.SH,2022-12-06,0.0,4.76,4.76,4.75,1287.0,612553.0,4.757
601328.SH,2022-12-06,0.0,4.76,4.76,4.75,1497.0,712365.0,4.757
601328.SH,2022-12-06,0.0,4.76,4.76,4.75,954.0,453400.0,4.757
601328.SH,2022-12-06,0.0,4.75,4.76,4.75,919.0,436847.0,4.757
601328.SH,2022-12-06,0.0,4.76,4.76,4.75,513.0,243926.0,4.757
601328.SH,2022-12-06,0.0,4.75,4.76,4.75,7258.0,3453550.0,4.757
601328.SH,2022-12-06,0.0,4.76,4.76,4.75,999.0,475496.0,4.757
601328.SH,2022-12-06,0.0,4.75,4.76,4.75,641.0,305041.0,4.757
601328.SH,2022-12-06,0.0,4.76,4.76,4.75,664.0,315982.0,4.757
601328.SH,2022-12-06,0.0,4.76,4.76,4.75,1493.0,710547.0,4.757
601328.SH,2022-12-06,0.0,4.76,4.76,4.75,1459.0,694401.0,4.757
601328.SH,2022-12-06,0.0,4.76,4.76,4.75,546.0,259767.0,4.757
601328.SH,2022-12-06,0.0,4.76,4.76,4.75,2311.0,1097920.0,4.757
601328.SH,2022-12-06,0.0,4.75,4.76,4.75,801.0,381132.0,4.757
601328.SH,2022-12-06,0.0,4.75,4.76,4.75,521.0,247949.0,4.757
601328.SH,2022-12-06,0.0,4.76,4.76,4.75,784.0,372841.0,4.757
601328.SH,2022-12-06,0.0,4.75,4.76,4.75,1017.0,483895.0,4.757
601328.SH,2022-12-06,0.0,4.76,4.76,4.75,631.0,300253.0,4.757
601328.SH,2022-12-06,0.0,4.76,4.76,4.75,972.0,462014.0,4.757
601328.SH,2022-12-06,0.0,4.76,4.76,4.75,490.0,233058.0,4.757
601328.SH,2022-12-06,0.0,4.76,4.76,4.75,363.0,172673.0,4.757
601328.SH,2022-12-06,0.0,4.75,4.76,4.75,957.0,455374.0,4.757
601328.SH,2022-12-06,0.0,4.76,4.76,4.75,2853.0,1357560.0,4.757
601328.SH,2022-12-06,0.0,4.75,4.76,4.75,646.0,307374.0,4.757
601328.SH,2022-12-06,0.0,4.76,4.76,4.75,1116.0,530932.0,4.757
601328.SH,2022-12-06,0.0,4.76,4.76,4.75,1697.0,807336.0,4.757
601328.SH,2022-12-06,0.0,4.76,4.76,4.75,1326.0,630450.0,4.757
601328.SH,2022-12-06,0.0,4.75,4.76,4.75,835.0,397199.0,4.757
601328.SH,2022-12-06,0.0,4.75,4.76,4.75,871.0,414281.0,4.757
601328.SH,2022-12-06,0.0,4.76,4.76,4.75,1693.0,805146.0,4.757
601328.SH,2022-12-06,0.0,4.75,4.76,4.75,725.0,344631.0,4.757
601328.SH,2022-12-06,0.0,4.75,4.76,4.75,651.0,309671.0,4.757
601328.SH,2022-12-06,0.0,4.76,4.76,4.75,1282.0,609365.0,4.757
601328.SH,2022-12-06,0.0,4.75,4.76,4.75,5445.0,2591260.0,4.757
601328.SH,2022-12-06,0.0,4.76,4.76,4.75,879.0,418058.0,4.757
601328.SH,2022-12-06,0.0,4.75,4.76,4.75,13391.0,6364130.0,4.757
601328.SH,2022-12-06,0.0,4.75,4.76,4.75,1200.0,570864.0,4.757
601328.SH,2022-12-06,0.0,4.75,4.76,4.75,1907.0,907414.0,4.757
601328.SH,2022-12-06,0.0,4.75,4.76,4.75,1528.0,727031.0,4.757
601328.SH,2022-12-06,0.0,4.76,4.76,4.75,2078.0,988577.0,4.757
601328.SH,2022-12-06,0.0,4.75,4.76,4.75,2664.0,1265880.0,4.757
601328.SH,2022-12-06,0.0,4.75,4.76,4.75,1910.0,908087.0,4.757
601328.SH,2022-12-06,0.0,4.76,4.76,4.75,1263.0,600934.0,4.757
601328.SH,2022-12-06,0.0,4.75,4.76,4.75,1000.0,475688.0,4.757
601328.SH,2022-12-06,0.0,4.75,4.76,4.75,2546.0,1210050.0,4.757
601328.SH,2022-12-06,0.0,4.75,4.76,4.75,1606.0,763861.0,4.757
601328.SH,2022-12-06,0.0,4.76,4.76,4.75,2066.0,982527.0,4.757
601328.SH,2022-12-06,0.0,4.75,4.76,4.75,3639.0,1729130.0,4.757
601328.SH,2022-12-06,0.0,4.75,4.76,4.75,1780.0,846239.0,4.757
601328.SH,2022-12-06,0.0,4.75,4.76,4.75,3029.0,1439990.0,4.757
601328.SH,2022-12-06,0.0,4.75,4.76,4.75,1335.0,634786.0,4.757
601328.SH,2022-12-06,0.0,4.75,4.76,4.75,1728.0,821396.0,4.757
601328.SH,2022-12-06,0.0,4.75,4.76,4.75,1532.0,728547.0,4.757
601328.SH,2022-12-06,0.0,4.76,4.76,4.75,2081.0,989537.0,4.757
601328.SH,2022-12-06,0.0,4.75,4.76,4.75,4959.0,2360220.0,4.757
601328.SH,2022-12-06,0.0,4.75,4.76,4.75,1160.0,551834.0,4.757
601328.SH,2022-12-06,0.0,4.75,4.76,4.75,1115.0,530355.0,4.757
601328.SH,2022-12-06,0.0,4.76,4.76,4.75,6444.0,3062000.0,4.757
601328.SH,2022-12-06,0.0,4.75,4.76,4.75,918.0,436418.0,4.757
601328.SH,2022-12-06,0.0,4.75,4.76,4.75,1107.0,526359.0,4.757
601328.SH,2022-12-06,0.0,4.76,4.76,4.75,2392.0,1136760.0,4.757
601328.SH,2022-12-06,0.0,4.75,4.76,4.75,1369.0,651185.0,4.757
601328.SH,2022-12-06,0.0,4.75,4.76,4.75,2837.0,1349960.0,4.757
601328.SH,2022-12-06,0.0,4.76,4.76,4.75,2839.0,1349620.0,4.757
601328.SH,2022-12-06,0.0,4.75,4.76,4.75,1418.0,674366.0,4.757
601328.SH,2022-12-06,0.0,4.75,4.76,4.75,1160.0,551848.0,4.757
601328.SH,2022-12-06,0.0,4.75,4.76,4.75,976.0,464157.0,4.757
601328.SH,2022-12-06,0.0,4.76,4.76,4.75,995.0,473015.0,4.757
601328.SH,2022-12-06,0.0,4.76,4.76,4.75,1266.0,602198.0,4.757
601328.SH,2022-12-06,0.0,4.75,4.76,4.75,2423.0,1151590.0,4.757
601328.SH,2022-12-06,0.0,4.76,4.76,4.75,7693.0,3661440.0,4.757
601328.SH,2022-12-06,0.0,4.76,4.77,4.76,18457.0,8787040.0,4.757
601328.SH,2022-12-06,0.0,4.77,4.77,4.76,693.0,330396.0,4.757
601328.SH,2022-12-06,0.0,4.76,4.77,4.76,608.0,289756.0,4.757
601328.SH,2022-12-06,0.0,4.77,4.77,4.76,802.0,382238.0,4.757
601328.SH,2022-12-06,0.0,4.76,4.77,4.76,2880.0,1371460.0,4.757
601328.SH,2022-12-06,0.0,4.77,4.77,4.76,554.0,264076.0,4.757
601328.SH,2022-12-06,0.0,4.76,4.77,4.76,803.0,382636.0,4.757
601328.SH,2022-12-06,0.0,4.76,4.77,4.76,982.0,467786.0,4.757
601328.SH,2022-12-06,0.0,4.76,4.77,4.76,1138.0,542373.0,4.757
601328.SH,2022-12-06,0.0,4.77,4.77,4.76,1043.0,497033.0,4.757
601328.SH,2022-12-06,0.0,4.77,4.77,4.76,1068.0,508954.0,4.757
601328.SH,2022-12-06,0.0,4.77,4.77,4.76,1122.0,534749.0,4.757
601328.SH,2022-12-06,0.0,4.76,4.77,4.76,1102.0,524957.0,4.757
601328.SH,2022-12-06,0.0,4.77,4.77,4.76,1118.0,532635.0,4.757
601328.SH,2022-12-06,0.0,4.76,4.77,4.76,887.0,422593.0,4.757
601328.SH,2022-12-06,0.0,4.77,4.77,4.76,2064.0,982780.0,4.757
601328.SH,2022-12-06,0.0,4.76,4.77,4.76,1222.0,582382.0,4.757
601328.SH,2022-12-06,0.0,4.77,4.77,4.76,1321.0,629360.0,4.757
601328.SH,2022-12-06,0.0,4.76,4.77,4.76,8372.0,3991980.0,4.757
601328.SH,2022-12-06,0.0,4.77,4.78,4.76,57305.0,27334400.0,4.759
601328.SH,2022-12-06,0.0,4.78,4.78,4.77,1439.0,687570.0,4.759
601328.SH,2022-12-06,0.0,4.78,4.78,4.77,839.0,400799.0,4.759
601328.SH,2022-12-06,0.0,4.77,4.78,4.77,3203.0,1528310.0,4.759
601328.SH,2022-12-06,0.0,4.78,4.78,4.77,1301.0,621197.0,4.759
601328.SH,2022-12-06,0.0,4.77,4.78,4.77,766.0,365696.0,4.759
601328.SH,2022-12-06,0.0,4.77,4.78,4.77,1414.0,674762.0,4.759
601328.SH,2022-12-06,0.0,4.78,4.78,4.77,1309.0,624674.0,4.759
601328.SH,2022-12-06,0.0,4.77,4.78,4.77,886.0,422929.0,4.759
601328.SH,2022-12-06,0.0,4.78,4.78,4.77,3540.0,1689790.0,4.759
601328.SH,2022-12-06,0.0,4.77,4.78,4.77,5164.0,2463640.0,4.759
601328.SH,2022-12-06,0.0,4.78,4.78,4.77,3121.0,1489980.0,4.759
601328.SH,2022-12-06,0.0,4.77,4.78,4.77,7552.0,3602460.0,4.759
601328.SH,2022-12-06,0.0,4.76,4.78,4.76,2546.0,1214310.0,4.759
601328.SH,2022-12-06,0.0,4.77,4.77,4.76,761.0,362942.0,4.759
601328.SH,2022-12-06,0.0,4.77,4.77,4.76,721.0,343621.0,4.759
601328.SH,2022-12-06,0.0,4.76,4.77,4.76,721.0,343535.0,4.759
601328.SH,2022-12-06,0.0,4.77,4.77,4.76,1083.0,515980.0,4.759
601328.SH,2022-12-06,0.0,4.76,4.77,4.76,877.0,417929.0,4.759
601328.SH,2022-12-06,0.0,4.77,4.77,4.76,1104.0,526222.0,4.759
601328.SH,2022-12-06,0.0,4.76,4.77,4.76,995.0,474319.0,4.759
601328.SH,2022-12-06,0.0,4.77,4.77,4.76,1260.0,600415.0,4.76
601328.SH,2022-12-06,0.0,4.77,4.77,4.76,588.0,280374.0,4.76
601328.SH,2022-12-06,0.0,4.77,4.77,4.76,536.0,255462.0,4.76
601328.SH,2022-12-06,0.0,4.77,4.77,4.76,594.0,283277.0,4.76
601328.SH,2022-12-06,0.0,4.76,4.77,4.76,1102.0,525297.0,4.76
601328.SH,2022-12-06,0.0,4.77,4.77,4.76,1122.0,534307.0,4.76
601328.SH,2022-12-06,0.0,4.76,4.77,4.76,587.0,279422.0,4.76
601328.SH,2022-12-06,0.0,4.77,4.77,4.76,358.0,170600.0,4.76
601328.SH,2022-12-06,0.0,4.77,4.77,4.76,501.0,238797.0,4.76
601328.SH,2022-12-06,0.0,4.76,4.77,4.76,3270.0,1556870.0,4.76
601328.SH,2022-12-06,0.0,4.77,4.77,4.76,3365.0,1602290.0,4.76
601328.SH,2022-12-06,0.0,4.77,4.77,4.76,2001.0,953312.0,4.76
601328.SH,2022-12-06,0.0,4.76,4.77,4.76,3040.0,1447970.0,4.76
601328.SH,2022-12-06,0.0,4.77,4.77,4.76,1276.0,608217.0,4.76
601328.SH,2022-12-06,0.0,4.77,4.77,4.76,3492.0,1662880.0,4.76
601328.SH,2022-12-06,0.0,4.76,4.77,4.76,5883.0,2801060.0,4.76
601328.SH,2022-12-06,0.0,4.77,4.77,4.76,1240.0,590755.0,4.76
601328.SH,2022-12-06,0.0,4.77,4.77,4.76,1598.0,761755.0,4.76
601328.SH,2022-12-06,0.0,4.77,4.77,4.76,1591.0,758671.0,4.76
601328.SH,2022-12-06,0.0,4.76,4.77,4.76,901.0,429370.0,4.76
601328.SH,2022-12-06,0.0,4.77,4.77,4.76,1441.0,686831.0,4.76
601328.SH,2022-12-06,0.0,4.77,4.77,4.76,897.0,427512.0,4.76
601328.SH,2022-12-06,0.0,4.77,4.77,4.76,1108.0,527943.0,4.76
601328.SH,2022-12-06,0.0,4.76,4.77,4.76,2202.0,1049840.0,4.76
601328.SH,2022-12-06,0.0,4.76,4.77,4.76,9433.0,4496760.0,4.76
601328.SH,2022-12-06,0.0,4.76,4.77,4.76,987.0,470511.0,4.76
601328.SH,2022-12-06,0.0,4.76,4.77,4.76,960.0,457546.0,4.76
601328.SH,2022-12-06,0.0,4.77,4.77,4.76,1336.0,636737.0,4.76
601328.SH,2022-12-06,0.0,4.76,4.77,4.76,6257.0,2979910.0,4.76
601328.SH,2022-12-06,0.0,4.76,4.77,4.76,1725.0,821891.0,4.76
601328.SH,2022-12-06,0.0,4.76,4.77,4.76,3077.0,1465730.0,4.76
601328.SH,2022-12-06,0.0,4.76,4.77,4.76,1591.0,758190.0,4.76
601328.SH,2022-12-06,0.0,4.77,4.77,4.76,2253.0,1073860.0,4.76
601328.SH,2022-12-06,0.0,4.76,4.77,4.76,2177.0,1037220.0,4.76
601328.SH,2022-12-06,0.0,4.76,4.77,4.76,2694.0,1283020.0,4.76
601328.SH,2022-12-06,0.0,4.76,4.77,4.76,2425.0,1155280.0,4.76
601328.SH,2022-12-06,0.0,4.76,4.77,4.76,3490.0,1661820.0,4.76
601328.SH,2022-12-06,0.0,4.76,4.77,4.76,11693.0,5573340.0,4.76
601328.SH,2022-12-06,0.0,4.76,4.77,4.76,7384.0,3517890.0,4.76
601328.SH,2022-12-06,0.0,4.76,4.77,4.75,6906.0,3286950.0,4.76
601328.SH,2022-12-06,0.0,4.76,4.76,4.75,3458.0,1644550.0,4.76
601328.SH,2022-12-06,0.0,4.76,4.76,4.76,0.0,0.0,4.76
601328.SH,2022-12-06,0.0,4.76,4.76,4.76,0.0,0.0,4.76
601328.SH,2022-12-06,0.0,4.76,4.76,4.76,15906.0,7571390.0,4.76
601328.SH,2022-12-07,0.0,4.76,4.76,4.76,8397.0,3996970.0,4.76
601328.SH,2022-12-07,0.0,4.76,4.77,4.75,25740.0,12246800.0,4.759
601328.SH,2022-12-07,0.0,4.77,4.77,4.76,4086.0,1947990.0,4.759
601328.SH,2022-12-07,0.0,4.76,4.77,4.76,4649.0,2216150.0,4.76
601328.SH,2022-12-07,0.0,4.77,4.77,4.76,2686.0,1280230.0,4.761
601328.SH,2022-12-07,0.0,4.75,4.77,4.75,6654.0,3166060.0,4.76
601328.SH,2022-12-07,0.0,4.75,4.76,4.75,3618.0,1720840.0,4.76
601328.SH,2022-12-07,0.0,4.75,4.76,4.75,1478.0,702677.0,4.76
601328.SH,2022-12-07,0.0,4.76,4.77,4.75,5892.0,2804460.0,4.76
601328.SH,2022-12-07,0.0,4.77,4.77,4.76,10273.0,4898970.0,4.761
601328.SH,2022-12-07,0.0,4.77,4.77,4.76,8468.0,4038240.0,4.762
601328.SH,2022-12-07,0.0,4.77,4.78,4.76,5661.0,2699450.0,4.762
601328.SH,2022-12-07,0.0,4.77,4.78,4.77,868.0,414246.0,4.762
601328.SH,2022-12-07,0.0,4.77,4.78,4.77,895.0,427127.0,4.763
601328.SH,2022-12-07,0.0,4.78,4.78,4.77,2783.0,1328000.0,4.763
601328.SH,2022-12-07,0.0,4.77,4.78,4.77,2336.0,1116180.0,4.763
601328.SH,2022-12-07,0.0,4.77,4.78,4.77,3815.0,1821430.0,4.764
601328.SH,2022-12-07,0.0,4.77,4.78,4.76,11373.0,5425070.0,4.764
601328.SH,2022-12-07,0.0,4.77,4.78,4.77,2074.0,989495.0,4.764
601328.SH,2022-12-07,0.0,4.76,4.77,4.76,1666.0,794031.0,4.765
601328.SH,2022-12-07,0.0,4.77,4.78,4.76,5732.0,2733290.0,4.765
601328.SH,2022-12-07,0.0,4.76,4.77,4.76,854.0,407032.0,4.765
601328.SH,2022-12-07,0.0,4.76,4.77,4.76,1787.0,852112.0,4.765
601328.SH,2022-12-07,0.0,4.76,4.77,4.76,3102.0,1479400.0,4.765
601328.SH,2022-12-07,0.0,4.76,4.77,4.76,1099.0,524013.0,4.765
601328.SH,2022-12-07,0.0,4.76,4.77,4.76,3606.0,1718380.0,4.765
601328.SH,2022-12-07,0.0,4.76,4.77,4.76,2011.0,957827.0,4.765
601328.SH,2022-12-07,0.0,4.76,4.77,4.76,772.0,367873.0,4.765
601328.SH,2022-12-07,0.0,4.77,4.77,4.76,1582.0,754016.0,4.765
601328.SH,2022-12-07,0.0,4.76,4.77,4.76,35259.0,16784000.0,4.764
601328.SH,2022-12-07,0.0,4.76,4.77,4.76,2884.0,1373090.0,4.764
601328.SH,2022-12-07,0.0,4.75,4.76,4.75,2055.0,977365.0,4.764
601328.SH,2022-12-07,0.0,4.75,4.76,4.75,193.0,91689.0,4.764
601328.SH,2022-12-07,0.0,4.76,4.76,4.75,2166.0,1028910.0,4.764
601328.SH,2022-12-07,0.0,4.75,4.76,4.75,8453.0,4015210.0,4.763
601328.SH,2022-12-07,0.0,4.75,4.76,4.75,297.0,141172.0,4.763
601328.SH,2022-12-07,0.0,4.75,4.76,4.75,1175.0,558814.0,4.763
601328.SH,2022-12-07,0.0,4.76,4.76,4.75,2884.0,1372570.0,4.763
601328.SH,2022-12-07,0.0,4.76,4.76,4.75,5000.0,2379900.0,4.763
601328.SH,2022-12-07,0.0,4.76,4.76,4.75,516.0,245335.0,4.763
601328.SH,2022-12-07,0.0,4.75,4.76,4.75,1073.0,510049.0,4.763
601328.SH,2022-12-07,0.0,4.75,4.76,4.75,4323.0,2055950.0,4.763
601328.SH,2022-12-07,0.0,4.76,4.76,4.75,1172.0,556791.0,4.763
601328.SH,2022-12-07,0.0,4.75,4.76,4.75,2290.0,1088210.0,4.762
601328.SH,2022-12-07,0.0,4.75,4.76,4.75,511.0,242962.0,4.762
601328.SH,2022-12-07,0.0,4.76,4.76,4.75,3838.0,1826780.0,4.762
601328.SH,2022-12-07,0.0,4.75,4.76,4.75,1498.0,712659.0,4.762
601328.SH,2022-12-07,0.0,4.75,4.76,4.75,960.0,456653.0,4.762
601328.SH,2022-12-07,0.0,4.75,4.76,4.75,3542.0,1684620.0,4.762
601328.SH,2022-12-07,0.0,4.76,4.76,4.75,1035.0,491898.0,4.762
601328.SH,2022-12-07,0.0,4.75,4.76,4.75,1325.0,629546.0,4.762
601328.SH,2022-12-07,0.0,4.75,4.76,4.75,4044.0,1924580.0,4.762
601328.SH,2022-12-07,0.0,4.76,4.76,4.75,825.0,392500.0,4.762
601328.SH,2022-12-07,0.0,4.75,4.76,4.75,10331.0,4917290.0,4.762
601328.SH,2022-12-07,0.0,4.76,4.76,4.75,1846.0,878491.0,4.762
601328.SH,2022-12-07,0.0,4.76,4.76,4.75,1585.0,754331.0,4.762
601328.SH,2022-12-07,0.0,4.76,4.76,4.75,1154.0,548613.0,4.762
601328.SH,2022-12-07,0.0,4.75,4.76,4.75,1750.0,832852.0,4.762
601328.SH,2022-12-07,0.0,4.76,4.76,4.75,1474.0,700607.0,4.762
601328.SH,2022-12-07,0.0,4.76,4.76,4.75,2821.0,1341830.0,4.762
601328.SH,2022-12-07,0.0,4.75,4.76,4.75,1357.0,645574.0,4.762
601328.SH,2022-12-07,0.0,4.75,4.76,4.75,874.0,415246.0,4.762
601328.SH,2022-12-07,0.0,4.76,4.76,4.75,1747.0,831121.0,4.762
601328.SH,2022-12-07,0.0,4.76,4.76,4.75,1154.0,548506.0,4.762
601328.SH,2022-12-07,0.0,4.75,4.76,4.75,1208.0,574793.0,4.762
601328.SH,2022-12-07,0.0,4.75,4.76,4.75,44306.0,21045500.0,4.76
601328.SH,2022-12-07,0.0,4.74,4.75,4.74,1206.0,572515.0,4.76
601328.SH,2022-12-07,0.0,4.75,4.75,4.74,415.0,197003.0,4.76
601328.SH,2022-12-07,0.0,4.74,4.75,4.74,656.0,311171.0,4.76
601328.SH,2022-12-07,0.0,4.76,4.76,4.74,22126.0,10509900.0,4.759
601328.SH,2022-12-07,0.0,4.75,4.76,4.75,337.0,160224.0,4.759
601328.SH,2022-12-07,0.0,4.75,4.76,4.75,1442.0,684967.0,4.759
601328.SH,2022-12-07,0.0,4.75,4.76,4.75,8076.0,3836120.0,4.759
601328.SH,2022-12-07,0.0,4.75,4.75,4.74,16910.0,8031910.0,4.758
601328.SH,2022-12-07,0.0,4.74,4.75,4.74,1040.0,493782.0,4.758
601328.SH,2022-12-07,0.0,4.74,4.75,4.74,3934.0,1864910.0,4.758
601328.SH,2022-12-07,0.0,4.74,4.75,4.74,958.0,454369.0,4.758
601328.SH,2022-12-07,0.0,4.74,4.75,4.74,297.0,140668.0,4.758
601328.SH,2022-12-07,0.0,4.74,4.75,4.74,399.0,189181.0,4.758
601328.SH,2022-12-07,0.0,4.74,4.75,4.74,821.0,389445.0,4.758
601328.SH,2022-12-07,0.0,4.74,4.75,4.74,5055.0,2399390.0,4.758
601328.SH,2022-12-07,0.0,4.74,4.75,4.74,1305.0,618605.0,4.758
601328.SH,2022-12-07,0.0,4.75,4.75,4.74,1261.0,597959.0,4.758
601328.SH,2022-12-07,0.0,4.74,4.75,4.74,3142.0,1491070.0,4.758
601328.SH,2022-12-07,0.0,4.74,4.75,4.74,2074.0,984038.0,4.758
601328.SH,2022-12-07,0.0,4.74,4.75,4.74,1840.0,872697.0,4.757
601328.SH,2022-12-07,0.0,4.74,4.75,4.74,3163.0,1501710.0,4.757
601328.SH,2022-12-07,0.0,4.74,4.75,4.74,6479.0,3076720.0,4.757
601328.SH,2022-12-07,0.0,4.74,4.75,4.74,2476.0,1173710.0,4.757
601328.SH,2022-12-07,0.0,4.74,4.75,4.74,1712.0,811884.0,4.757
601328.SH,2022-12-07,0.0,4.75,4.75,4.74,3236.0,1534940.0,4.757
601328.SH,2022-12-07,0.0,4.74,4.75,4.74,3202.0,1519790.0,4.757
601328.SH,2022-12-07,0.0,4.74,4.75,4.74,1786.0,847371.0,4.757
601328.SH,2022-12-07,0.0,4.75,4.75,4.74,2062.0,977511.0,4.757
601328.SH,2022-12-07,0.0,4.75,4.75,4.74,3622.0,1719360.0,4.757
601328.SH,2022-12-07,0.0,4.74,4.75,4.74,1457.0,690772.0,4.757
601328.SH,2022-12-07,0.0,4.74,4.75,4.74,2174.0,1031580.0,4.756
601328.SH,2022-12-07,0.0,4.74,4.75,4.74,913.0,432791.0,4.756
601328.SH,2022-12-07,0.0,4.75,4.75,4.74,3162.0,1501140.0,4.756
601328.SH,2022-12-07,0.0,4.74,4.75,4.74,833.0,394968.0,4.756
601328.SH,2022-12-07,0.0,4.74,4.75,4.74,1898.0,900282.0,4.756
601328.SH,2022-12-07,0.0,4.75,4.75,4.74,1521.0,721321.0,4.756
601328.SH,2022-12-07,0.0,4.75,4.75,4.74,2983.0,1416250.0,4.756
601328.SH,2022-12-07,0.0,4.75,4.75,4.74,2668.0,1266090.0,4.756
601328.SH,2022-12-07,0.0,4.75,4.75,4.74,5037.0,2390790.0,4.756
601328.SH,2022-12-07,0.0,4.75,4.75,4.74,15132.0,7187080.0,4.756
601328.SH,2022-12-07,0.0,4.76,4.76,4.75,939.0,446406.0,4.756
601328.SH,2022-12-07,0.0,4.75,4.76,4.75,711.0,337797.0,4.756
601328.SH,2022-12-07,0.0,4.74,4.76,4.74,11422.0,5426290.0,4.756
601328.SH,2022-12-07,0.0,4.75,4.76,4.74,1676.0,795967.0,4.756
601328.SH,2022-12-07,0.0,4.75,4.76,4.74,2687.0,1277600.0,4.756
601328.SH,2022-12-07,0.0,4.75,4.76,4.75,1908.0,906967.0,4.756
601328.SH,2022-12-07,0.0,4.75,4.76,4.75,408.0,194013.0,4.756
601328.SH,2022-12-07,0.0,4.75,4.76,4.75,860.0,408560.0,4.756
601328.SH,2022-12-07,0.0,4.75,4.76,4.75,572.0,271838.0,4.756
601328.SH,2022-12-07,0.0,4.75,4.76,4.75,3386.0,1610820.0,4.756
601328.SH,2022-12-07,0.0,4.75,4.76,4.75,701.0,333128.0,4.756
601328.SH,2022-12-07,0.0,4.75,4.76,4.75,1598.0,759263.0,4.756
601328.SH,2022-12-07,0.0,4.75,4.76,4.75,375.0,178364.0,4.756
601328.SH,2022-12-07,0.0,4.75,4.76,4.75,1719.0,816825.0,4.756
601328.SH,2022-12-07,0.0,4.76,4.76,4.75,1828.0,869672.0,4.756
601328.SH,2022-12-07,0.0,4.76,4.77,4.75,38588.0,18367000.0,4.756
601328.SH,2022-12-07,0.0,4.76,4.77,4.76,812.0,386630.0,4.756
601328.SH,2022-12-07,0.0,4.76,4.77,4.76,2965.0,1411590.0,4.756
601328.SH,2022-12-07,0.0,4.77,4.77,4.76,27841.0,13280000.0,4.757
601328.SH,2022-12-07,0.0,4.76,4.77,4.76,4372.0,2085360.0,4.757
601328.SH,2022-12-07,0.0,4.77,4.78,4.76,11316.0,5398280.0,4.757
601328.SH,2022-12-07,0.0,4.78,4.78,4.77,2443.0,1167230.0,4.757
601328.SH,2022-12-07,0.0,4.77,4.78,4.77,1925.0,919989.0,4.757
601328.SH,2022-12-07,0.0,4.78,4.78,4.77,6433.0,3073660.0,4.757
601328.SH,2022-12-07,0.0,4.78,4.78,4.77,3498.0,1670030.0,4.758
601328.SH,2022-12-07,0.0,4.78,4.78,4.77,5604.0,2677990.0,4.758
601328.SH,2022-12-07,0.0,4.77,4.78,4.77,1356.0,647792.0,4.758
601328.SH,2022-12-07,0.0,4.77,4.78,4.77,1631.0,778531.0,4.758
601328.SH,2022-12-07,0.0,4.77,4.78,4.77,2200.0,1050210.0,4.758
601328.SH,2022-12-07,0.0,4.78,4.78,4.77,2095.0,999413.0,4.758
601328.SH,2022-12-07,0.0,4.78,4.78,4.77,2492.0,1189480.0,4.758
601328.SH,2022-12-07,0.0,4.77,4.78,4.77,1429.0,681756.0,4.758
601328.SH,2022-12-07,0.0,4.78,4.78,4.77,2021.0,964778.0,4.758
601328.SH,2022-12-07,0.0,4.77,4.78,4.77,4643.0,2215400.0,4.758
601328.SH,2022-12-07,0.0,4.77,4.78,4.77,1696.0,809572.0,4.758
601328.SH,2022-12-07,0.0,4.77,4.78,4.77,1615.0,770519.0,4.758
601328.SH,2022-12-07,0.0,4.77,4.78,4.77,2149.0,1025740.0,4.758
601328.SH,2022-12-07,0.0,4.77,4.78,4.77,3662.0,1749060.0,4.758
601328.SH,2022-12-07,0.0,4.78,4.78,4.77,1845.0,880677.0,4.759
601328.SH,2022-12-07,0.0,4.78,4.78,4.77,4115.0,1963870.0,4.759
601328.SH,2022-12-07,0.0,4.77,4.78,4.77,4111.0,1961780.0,4.759
601328.SH,2022-12-07,0.0,4.77,4.78,4.77,6160.0,2942280.0,4.759
601328.SH,2022-12-07,0.0,4.77,4.78,4.77,2688.0,1283560.0,4.759
601328.SH,2022-12-07,0.0,4.77,4.78,4.77,2420.0,1155030.0,4.759
601328.SH,2022-12-07,0.0,4.77,4.78,4.77,2085.0,994859.0,4.759
601328.SH,2022-12-07,0.0,4.77,4.78,4.77,3257.0,1555560.0,4.759
601328.SH,2022-12-07,0.0,4.78,4.78,4.77,12190.0,5826290.0,4.76
601328.SH,2022-12-07,0.0,4.79,4.79,4.78,50137.0,23969200.0,4.761
601328.SH,2022-12-07,0.0,4.78,4.79,4.78,3854.0,1843700.0,4.761
601328.SH,2022-12-07,0.0,4.79,4.79,4.78,1292.0,617848.0,4.761
601328.SH,2022-12-07,0.0,4.79,4.79,4.78,1594.0,762342.0,4.761
601328.SH,2022-12-07,0.0,4.78,4.79,4.78,812.0,388525.0,4.761
601328.SH,2022-12-07,0.0,4.79,4.79,4.78,2570.0,1228920.0,4.761
601328.SH,2022-12-07,0.0,4.78,4.78,4.77,13106.0,6263580.0,4.762
601328.SH,2022-12-07,0.0,4.77,4.78,4.77,3108.0,1484980.0,4.762
601328.SH,2022-12-07,0.0,4.78,4.78,4.77,4897.0,2340440.0,4.762
601328.SH,2022-12-07,0.0,4.78,4.78,4.77,725.0,346208.0,4.762
601328.SH,2022-12-07,0.0,4.77,4.78,4.77,1516.0,723297.0,4.762
601328.SH,2022-12-07,0.0,4.78,4.78,4.77,772.0,368865.0,4.762
601328.SH,2022-12-07,0.0,4.77,4.78,4.77,1022.0,487662.0,4.762
601328.SH,2022-12-07,0.0,4.77,4.78,4.77,1700.0,811574.0,4.762
601328.SH,2022-12-07,0.0,4.76,4.78,4.76,13674.0,6520150.0,4.762
601328.SH,2022-12-07,0.0,4.77,4.77,4.76,596.0,284073.0,4.762
601328.SH,2022-12-07,0.0,4.76,4.77,4.76,1808.0,860730.0,4.762
601328.SH,2022-12-07,0.0,4.76,4.77,4.76,1064.0,506539.0,4.762
601328.SH,2022-12-07,0.0,4.76,4.77,4.76,945.0,450024.0,4.762
601328.SH,2022-12-07,0.0,4.76,4.77,4.76,3233.0,1539120.0,4.762
601328.SH,2022-12-07,0.0,4.76,4.77,4.76,10328.0,4916540.0,4.762
601328.SH,2022-12-07,0.0,4.77,4.77,4.76,1810.0,861850.0,4.762
601328.SH,2022-12-07,0.0,4.76,4.77,4.76,1906.0,907630.0,4.762
601328.SH,2022-12-07,0.0,4.77,4.77,4.76,1964.0,935092.0,4.762
601328.SH,2022-12-07,0.0,4.75,4.76,4.75,6940.0,3302480.0,4.762
601328.SH,2022-12-07,0.0,4.76,4.77,4.75,3381.0,1609070.0,4.762
601328.SH,2022-12-07,0.0,4.76,4.77,4.75,1919.0,913419.0,4.762
601328.SH,2022-12-07,0.0,4.76,4.77,4.75,2866.0,1363320.0,4.762
601328.SH,2022-12-07,0.0,4.76,4.76,4.75,2858.0,1359610.0,4.762
601328.SH,2022-12-07,0.0,4.75,4.76,4.75,1238.0,588468.0,4.762
601328.SH,2022-12-07,0.0,4.76,4.76,4.75,3180.0,1510730.0,4.762
601328.SH,2022-12-07,0.0,4.75,4.76,4.75,4489.0,2132480.0,4.762
601328.SH,2022-12-07,0.0,4.75,4.76,4.75,3451.0,1639250.0,4.762
601328.SH,2022-12-07,0.0,4.75,4.76,4.75,10708.0,5086390.0,4.762
601328.SH,2022-12-07,0.0,4.75,4.76,4.75,3419.0,1624130.0,4.762
601328.SH,2022-12-07,0.0,4.76,4.76,4.75,1629.0,774223.0,4.762
601328.SH,2022-12-07,0.0,4.76,4.76,4.75,1795.0,852901.0,4.762
601328.SH,2022-12-07,0.0,4.76,4.76,4.75,1657.0,787552.0,4.762
601328.SH,2022-12-07,0.0,4.76,4.76,4.75,1257.0,597419.0,4.762
601328.SH,2022-12-07,0.0,4.75,4.76,4.75,1718.0,816593.0,4.762
601328.SH,2022-12-07,0.0,4.76,4.76,4.75,1815.0,863022.0,4.762
601328.SH,2022-12-07,0.0,4.76,4.76,4.75,1501.0,713565.0,4.762
601328.SH,2022-12-07,0.0,4.76,4.76,4.75,2247.0,1067620.0,4.762
601328.SH,2022-12-07,0.0,4.76,4.76,4.75,2074.0,985174.0,4.761
601328.SH,2022-12-07,0.0,4.76,4.76,4.75,1660.0,789206.0,4.761
601328.SH,2022-12-07,0.0,4.75,4.76,4.75,1465.0,696329.0,4.761
601328.SH,2022-12-07,0.0,4.75,4.76,4.75,1198.0,569257.0,4.761
601328.SH,2022-12-07,0.0,4.76,4.76,4.75,2052.0,975126.0,4.761
601328.SH,2022-12-07,0.0,4.75,4.76,4.75,1411.0,670549.0,4.761
601328.SH,2022-12-07,0.0,4.76,4.76,4.75,1860.0,883878.0,4.761
601328.SH,2022-12-07,0.0,4.75,4.76,4.75,2131.0,1012410.0,4.761
601328.SH,2022-12-07,0.0,4.76,4.76,4.75,3306.0,1570840.0,4.761
601328.SH,2022-12-07,0.0,4.75,4.76,4.75,2532.0,1203750.0,4.761
601328.SH,2022-12-07,0.0,4.75,4.76,4.75,1672.0,794777.0,4.761
601328.SH,2022-12-07,0.0,4.75,4.76,4.75,2267.0,1078260.0,4.761
601328.SH,2022-12-07,0.0,4.75,4.76,4.75,1586.0,753691.0,4.761
601328.SH,2022-12-07,0.0,4.76,4.76,4.75,1767.0,839974.0,4.761
601328.SH,2022-12-07,0.0,4.75,4.76,4.75,2005.0,952767.0,4.761
601328.SH,2022-12-07,0.0,4.75,4.76,4.75,8080.0,3844960.0,4.761
601328.SH,2022-12-07,0.0,4.75,4.76,4.75,3209.0,1526830.0,4.761
601328.SH,2022-12-07,0.0,4.75,4.76,4.75,1601.0,761184.0,4.761
601328.SH,2022-12-07,0.0,4.76,4.76,4.75,1365.0,648972.0,4.761
601328.SH,2022-12-07,0.0,4.75,4.76,4.75,1012.0,481118.0,4.761
601328.SH,2022-12-07,0.0,4.75,4.76,4.75,2271.0,1079710.0,4.761
601328.SH,2022-12-07,0.0,4.75,4.76,4.75,4720.0,2242930.0,4.761
601328.SH,2022-12-07,0.0,4.76,4.76,4.75,5613.0,2666960.0,4.761
601328.SH,2022-12-07,0.0,4.75,4.76,4.75,2146.0,1019780.0,4.761
601328.SH,2022-12-07,0.0,4.75,4.76,4.75,2026.0,962996.0,4.761
601328.SH,2022-12-07,0.0,4.75,4.76,4.75,3296.0,1566770.0,4.761
601328.SH,2022-12-07,0.0,4.76,4.76,4.75,4581.0,2177510.0,4.761
601328.SH,2022-12-07,0.0,4.76,4.76,4.75,3392.0,1611600.0,4.761
601328.SH,2022-12-07,0.0,4.75,4.76,4.75,6673.0,3170830.0,4.761
601328.SH,2022-12-07,0.0,4.75,4.76,4.75,4076.0,1936800.0,4.761
601328.SH,2022-12-07,0.0,4.75,4.76,4.75,3453.0,1641850.0,4.761
601328.SH,2022-12-07,0.0,4.75,4.76,4.75,2113.0,1004510.0,4.761
601328.SH,2022-12-07,0.0,4.75,4.76,4.75,5804.0,2758400.0,4.761
601328.SH,2022-12-07,0.0,4.76,4.76,4.75,4173.0,1984100.0,4.761
601328.SH,2022-12-07,0.0,4.75,4.76,4.75,2435.0,1158080.0,4.761
601328.SH,2022-12-07,0.0,4.76,4.76,4.75,1968.0,935783.0,4.761
601328.SH,2022-12-07,0.0,4.75,4.76,4.75,3623.0,1723040.0,4.761
601328.SH,2022-12-07,0.0,4.76,4.76,4.75,3588.0,1704850.0,4.761
601328.SH,2022-12-07,0.0,4.75,4.76,4.75,1822.0,866373.0,4.761
601328.SH,2022-12-07,0.0,4.76,4.76,4.75,9480.0,4510900.0,4.761
601328.SH,2022-12-07,0.0,4.75,4.76,4.75,3836.0,1823920.0,4.761
601328.SH,2022-12-07,0.0,4.75,4.76,4.75,14868.0,7073980.0,4.76
601328.SH,2022-12-07,0.0,4.75,4.75,4.75,67.0,31885.0,4.76
601328.SH,2022-12-07,0.0,4.75,4.75,4.75,0.0,0.0,4.76
601328.SH,2022-12-07,0.0,4.75,4.75,4.75,15813.0,7511180.0,4.76
601328.SH,2022-12-08,0.0,4.75,4.75,4.75,1997.0,948575.0,4.75
601328.SH,2022-12-08,0.0,4.76,4.76,4.74,5634.0,2679130.0,4.754
601328.SH,2022-12-08,0.0,4.77,4.77,4.75,14301.0,6811050.0,4.76
601328.SH,2022-12-08,0.0,4.76,4.77,4.76,879.0,418855.0,4.76
601328.SH,2022-12-08,0.0,4.76,4.77,4.76,3072.0,1462580.0,4.76
601328.SH,2022-12-08,0.0,4.77,4.77,4.76,667.0,317727.0,4.76
601328.SH,2022-12-08,0.0,4.76,4.77,4.76,3911.0,1862430.0,4.76
601328.SH,2022-12-08,0.0,4.76,4.77,4.76,5231.0,2490080.0,4.76
601328.SH,2022-12-08,0.0,4.76,4.77,4.76,2501.0,1190680.0,4.76
601328.SH,2022-12-08,0.0,4.77,4.77,4.76,3873.0,1844150.0,4.76
601328.SH,2022-12-08,0.0,4.76,4.76,4.76,1971.0,938231.0,4.76
601328.SH,2022-12-08,0.0,4.76,4.76,4.75,3994.0,1898470.0,4.76
601328.SH,2022-12-08,0.0,4.75,4.76,4.75,3804.0,1807300.0,4.759
601328.SH,2022-12-08,0.0,4.76,4.76,4.75,548.0,260503.0,4.759
601328.SH,2022-12-08,0.0,4.76,4.76,4.75,4013.0,1908160.0,4.759
601328.SH,2022-12-08,0.0,4.76,4.76,4.75,1321.0,627885.0,4.759
601328.SH,2022-12-08,0.0,4.75,4.76,4.75,817.0,388323.0,4.759
601328.SH,2022-12-08,0.0,4.76,4.77,4.75,21560.0,10262500.0,4.759
601328.SH,2022-12-08,0.0,4.76,4.76,4.75,1096.0,521614.0,4.759
601328.SH,2022-12-08,0.0,4.76,4.76,4.75,396.0,188458.0,4.759
601328.SH,2022-12-08,0.0,4.76,4.76,4.75,6121.0,2913500.0,4.759
601328.SH,2022-12-08,0.0,4.77,4.77,4.76,3928.0,1871570.0,4.759
601328.SH,2022-12-08,0.0,4.76,4.77,4.76,2594.0,1235160.0,4.759
601328.SH,2022-12-08,0.0,4.76,4.76,4.75,3201.0,1522280.0,4.759
601328.SH,2022-12-08,0.0,4.75,4.76,4.75,1836.0,872457.0,4.759
601328.SH,2022-12-08,0.0,4.75,4.76,4.75,896.0,425949.0,4.759
601328.SH,2022-12-08,0.0,4.75,4.76,4.75,2094.0,996372.0,4.759
601328.SH,2022-12-08,0.0,4.76,4.76,4.75,1337.0,635725.0,4.759
601328.SH,2022-12-08,0.0,4.75,4.77,4.75,6642.0,3160920.0,4.759
601328.SH,2022-12-08,0.0,4.77,4.77,4.75,1922.0,914845.0,4.759
601328.SH,2022-12-08,0.0,4.76,4.77,4.76,1244.0,593056.0,4.759
601328.SH,2022-12-08,0.0,4.76,4.77,4.75,5485.0,2611360.0,4.759
601328.SH,2022-12-08,0.0,4.76,4.76,4.75,5791.0,2756260.0,4.759
601328.SH,2022-12-08,0.0,4.75,4.76,4.75,6170.0,2931060.0,4.759
601328.SH,2022-12-08,0.0,4.75,4.76,4.75,6620.0,3144970.0,4.758
601328.SH,2022-12-08,0.0,4.75,4.76,4.75,1496.0,711522.0,4.758
601328.SH,2022-12-08,0.0,4.76,4.76,4.75,584.0,277731.0,4.758
601328.SH,2022-12-08,0.0,4.75,4.76,4.75,1272.0,605152.0,4.758
601328.SH,2022-12-08,0.0,4.76,4.76,4.75,893.0,424756.0,4.758
601328.SH,2022-12-08,0.0,4.76,4.76,4.75,1189.0,565128.0,4.758
601328.SH,2022-12-08,0.0,4.75,4.76,4.75,479.0,227923.0,4.758
601328.SH,2022-12-08,0.0,4.75,4.76,4.75,617.0,293443.0,4.758
601328.SH,2022-12-08,0.0,4.76,4.76,4.75,2462.0,1171640.0,4.758
601328.SH,2022-12-08,0.0,4.75,4.76,4.75,531.0,252580.0,4.758
601328.SH,2022-12-08,0.0,4.76,4.76,4.75,787.0,373995.0,4.758
601328.SH,2022-12-08,0.0,4.76,4.76,4.75,422.0,200830.0,4.758
601328.SH,2022-12-08,0.0,4.76,4.76,4.75,458.0,217721.0,4.758
601328.SH,2022-12-08,0.0,4.76,4.76,4.75,388.0,184507.0,4.758
601328.SH,2022-12-08,0.0,4.76,4.76,4.75,473.0,225076.0,4.758
601328.SH,2022-12-08,0.0,4.76,4.76,4.75,611.0,290713.0,4.758
601328.SH,2022-12-08,0.0,4.75,4.76,4.75,1775.0,844521.0,4.758
601328.SH,2022-12-08,0.0,4.76,4.76,4.75,1371.0,652183.0,4.758
601328.SH,2022-12-08,0.0,4.76,4.76,4.75,1342.0,637878.0,4.758
601328.SH,2022-12-08,0.0,4.76,4.76,4.75,353.0,167890.0,4.758
601328.SH,2022-12-08,0.0,4.76,4.76,4.75,387.0,184159.0,4.758
601328.SH,2022-12-08,0.0,4.76,4.76,4.75,1132.0,537972.0,4.758
601328.SH,2022-12-08,0.0,4.76,4.76,4.75,906.0,430368.0,4.758
601328.SH,2022-12-08,0.0,4.75,4.76,4.75,1002.0,476631.0,4.758
601328.SH,2022-12-08,0.0,4.75,4.76,4.75,336.0,159984.0,4.758
601328.SH,2022-12-08,0.0,4.76,4.76,4.75,1319.0,627160.0,4.758
601328.SH,2022-12-08,0.0,4.76,4.76,4.75,1072.0,509481.0,4.758
601328.SH,2022-12-08,0.0,4.76,4.76,4.75,704.0,334773.0,4.758
601328.SH,2022-12-08,0.0,4.75,4.76,4.75,838.0,398657.0,4.758
601328.SH,2022-12-08,0.0,4.75,4.76,4.75,2749.0,1307180.0,4.758
601328.SH,2022-12-08,0.0,4.75,4.76,4.75,5232.0,2485320.0,4.758
601328.SH,2022-12-08,0.0,4.75,4.76,4.75,1034.0,491242.0,4.758
601328.SH,2022-12-08,0.0,4.76,4.76,4.75,517.0,245799.0,4.758
601328.SH,2022-12-08,0.0,4.75,4.76,4.75,9058.0,4302710.0,4.757
601328.SH,2022-12-08,0.0,4.76,4.76,4.75,276.0,131469.0,4.757
601328.SH,2022-12-08,0.0,4.75,4.76,4.75,942.0,447821.0,4.757
601328.SH,2022-12-08,0.0,4.76,4.76,4.75,851.0,404417.0,4.757
601328.SH,2022-12-08,0.0,4.76,4.76,4.75,1576.0,749663.0,4.757
601328.SH,2022-12-08,0.0,4.75,4.76,4.75,739.0,351562.0,4.757
601328.SH,2022-12-08,0.0,4.76,4.76,4.75,486.0,231166.0,4.757
601328.SH,2022-12-08,0.0,4.76,4.76,4.75,1569.0,746622.0,4.757
601328.SH,2022-12-08,0.0,4.75,4.76,4.75,2497.0,1187390.0,4.757
601328.SH,2022-12-08,0.0,4.76,4.77,4.75,35127.0,16721700.0,4.758
601328.SH,2022-12-08,0.0,4.76,4.77,4.76,620.0,295246.0,4.758
601328.SH,2022-12-08,0.0,4.76,4.77,4.76,533.0,254013.0,4.758
601328.SH,2022-12-08,0.0,4.76,4.77,4.76,543.0,258682.0,4.758
601328.SH,2022-12-08,0.0,4.76,4.77,4.76,2074.0,987384.0,4.758
601328.SH,2022-12-08,0.0,4.76,4.77,4.76,301.0,143400.0,4.758
601328.SH,2022-12-08,0.0,4.76,4.77,4.76,3250.0,1547390.0,4.758
601328.SH,2022-12-08,0.0,4.76,4.77,4.76,8330.0,3965400.0,4.758
601328.SH,2022-12-08,0.0,4.76,4.77,4.76,1781.0,848132.0,4.758
601328.SH,2022-12-08,0.0,4.76,4.77,4.76,364.0,173370.0,4.758
601328.SH,2022-12-08,0.0,4.76,4.76,4.76,357.0,170023.0,4.758
601328.SH,2022-12-08,0.0,4.76,4.76,4.76,133.0,63328.0,4.758
601328.SH,2022-12-08,0.0,4.77,4.77,4.76,2634.0,1254800.0,4.758
601328.SH,2022-12-08,0.0,4.76,4.77,4.76,1705.0,811746.0,4.758
601328.SH,2022-12-08,0.0,4.76,4.77,4.76,977.0,465101.0,4.758
601328.SH,2022-12-08,0.0,4.77,4.77,4.76,501.0,238656.0,4.758
601328.SH,2022-12-08,0.0,4.76,4.77,4.76,574.0,273348.0,4.758
601328.SH,2022-12-08,0.0,4.77,4.77,4.76,803.0,382801.0,4.758
601328.SH,2022-12-08,0.0,4.76,4.77,4.76,2709.0,1291060.0,4.758
601328.SH,2022-12-08,0.0,4.76,4.77,4.76,1626.0,775128.0,4.758
601328.SH,2022-12-08,0.0,4.76,4.77,4.76,1392.0,663590.0,4.758
601328.SH,2022-12-08,0.0,4.77,4.77,4.76,9082.0,4331360.0,4.759
601328.SH,2022-12-08,0.0,4.77,4.77,4.76,11238.0,5353080.0,4.759
601328.SH,2022-12-08,0.0,4.76,4.77,4.76,475.0,226229.0,4.759
601328.SH,2022-12-08,0.0,4.77,4.77,4.76,283.0,134742.0,4.759
601328.SH,2022-12-08,0.0,4.76,4.76,4.76,1619.0,770920.0,4.759
601328.SH,2022-12-08,0.0,4.76,4.77,4.76,590.0,280999.0,4.759
601328.SH,2022-12-08,0.0,4.77,4.77,4.76,5040.0,2403250.0,4.759
601328.SH,2022-12-08,0.0,4.77,4.77,4.76,814.0,388018.0,4.759
601328.SH,2022-12-08,0.0,4.77,4.77,4.76,736.0,350755.0,4.759
601328.SH,2022-12-08,0.0,4.76,4.77,4.76,826.0,393453.0,4.759
601328.SH,2022-12-08,0.0,4.77,4.77,4.76,938.0,447073.0,4.759
601328.SH,2022-12-08,0.0,4.77,4.77,4.76,3071.0,1462450.0,4.759
601328.SH,2022-12-08,0.0,4.76,4.77,4.76,9673.0,4605240.0,4.759
601328.SH,2022-12-08,0.0,4.77,4.77,4.76,1007.0,479675.0,4.759
601328.SH,2022-12-08,0.0,4.77,4.77,4.76,1704.0,812537.0,4.759
601328.SH,2022-12-08,0.0,4.77,4.77,4.76,5540.0,2642360.0,4.759
601328.SH,2022-12-08,0.0,4.77,4.77,4.76,16000.0,7630780.0,4.76
601328.SH,2022-12-08,0.0,4.77,4.78,4.77,33399.0,15934200.0,4.761
601328.SH,2022-12-08,0.0,4.78,4.78,4.77,510.0,243484.0,4.761
601328.SH,2022-12-08,0.0,4.77,4.78,4.77,182.0,86898.0,4.761
601328.SH,2022-12-08,0.0,4.77,4.78,4.77,424.0,202582.0,4.761
601328.SH,2022-12-08,0.0,4.77,4.78,4.77,419.0,200041.0,4.761
601328.SH,2022-12-08,0.0,4.77,4.78,4.77,487.0,232502.0,4.761
601328.SH,2022-12-08,0.0,4.78,4.78,4.77,1372.0,654701.0,4.761
601328.SH,2022-12-08,0.0,4.77,4.78,4.77,5620.0,2682800.0,4.761
601328.SH,2022-12-08,0.0,4.77,4.78,4.77,12140.0,5791120.0,4.762
601328.SH,2022-12-08,0.0,4.77,4.77,4.76,8129.0,3877300.0,4.762
601328.SH,2022-12-08,0.0,4.77,4.77,4.76,263.0,125362.0,4.762
601328.SH,2022-12-08,0.0,4.77,4.77,4.76,793.0,377796.0,4.762
601328.SH,2022-12-08,0.0,4.76,4.77,4.76,1589.0,756577.0,4.762
601328.SH,2022-12-08,0.0,4.76,4.77,4.76,428.0,203900.0,4.762
601328.SH,2022-12-08,0.0,4.77,4.77,4.76,447.0,213007.0,4.762
601328.SH,2022-12-08,0.0,4.77,4.77,4.76,1186.0,565481.0,4.762
601328.SH,2022-12-08,0.0,4.77,4.77,4.76,877.0,418082.0,4.762
601328.SH,2022-12-08,0.0,4.76,4.77,4.76,17874.0,8508200.0,4.762
601328.SH,2022-12-08,0.0,4.76,4.77,4.76,462.0,219997.0,4.762
601328.SH,2022-12-08,0.0,4.76,4.77,4.76,133.0,63326.0,4.762
601328.SH,2022-12-08,0.0,4.76,4.77,4.75,5999.0,2855570.0,4.762
601328.SH,2022-12-08,0.0,4.76,4.76,4.76,2119.0,1008660.0,4.762
601328.SH,2022-12-08,0.0,4.77,4.77,4.76,1259.0,599228.0,4.762
601328.SH,2022-12-08,0.0,4.76,4.76,4.76,552.0,262752.0,4.762
601328.SH,2022-12-08,0.0,4.76,4.77,4.76,1993.0,949796.0,4.762
601328.SH,2022-12-08,0.0,4.76,4.77,4.75,3655.0,1740560.0,4.762
601328.SH,2022-12-08,0.0,4.76,4.77,4.76,4869.0,2318410.0,4.762
601328.SH,2022-12-08,0.0,4.76,4.77,4.76,2968.0,1414110.0,4.762
601328.SH,2022-12-08,0.0,4.75,4.76,4.75,2536.0,1207070.0,4.762
601328.SH,2022-12-08,0.0,4.76,4.76,4.75,1724.0,821232.0,4.762
601328.SH,2022-12-08,0.0,4.76,4.76,4.75,2216.0,1054610.0,4.762
601328.SH,2022-12-08,0.0,4.76,4.77,4.76,2462.0,1172140.0,4.762
601328.SH,2022-12-08,0.0,4.76,4.77,4.76,2645.0,1259130.0,4.762
601328.SH,2022-12-08,0.0,4.76,4.77,4.76,1049.0,500233.0,4.762
601328.SH,2022-12-08,0.0,4.76,4.77,4.76,2459.0,1170530.0,4.762
601328.SH,2022-12-08,0.0,4.76,4.77,4.75,2839.0,1352210.0,4.762
601328.SH,2022-12-08,0.0,4.76,4.77,4.76,1587.0,756836.0,4.762
601328.SH,2022-12-08,0.0,4.76,4.77,4.76,3445.0,1640270.0,4.762
601328.SH,2022-12-08,0.0,4.76,4.77,4.76,678.0,322785.0,4.762
601328.SH,2022-12-08,0.0,4.76,4.77,4.76,1774.0,844883.0,4.762
601328.SH,2022-12-08,0.0,4.77,4.77,4.76,1215.0,578422.0,4.762
601328.SH,2022-12-08,0.0,4.77,4.77,4.76,896.0,426822.0,4.762
601328.SH,2022-12-08,0.0,4.77,4.77,4.76,2074.0,987943.0,4.762
601328.SH,2022-12-08,0.0,4.76,4.77,4.76,1138.0,542075.0,4.762
601328.SH,2022-12-08,0.0,4.76,4.77,4.76,2029.0,966322.0,4.762
601328.SH,2022-12-08,0.0,4.76,4.77,4.76,1492.0,710861.0,4.762
601328.SH,2022-12-08,0.0,4.77,4.77,4.76,2844.0,1354310.0,4.762
601328.SH,2022-12-08,0.0,4.76,4.77,4.76,1121.0,533944.0,4.762
601328.SH,2022-12-08,0.0,4.76,4.77,4.76,2237.0,1066030.0,4.762
601328.SH,2022-12-08,0.0,4.76,4.77,4.76,3090.0,1470940.0,4.762
601328.SH,2022-12-08,0.0,4.76,4.77,4.76,6651.0,3166090.0,4.762
601328.SH,2022-12-08,0.0,4.76,4.77,4.75,2180.0,1037820.0,4.762
601328.SH,2022-12-08,0.0,4.76,4.77,4.76,3280.0,1561370.0,4.762
601328.SH,2022-12-08,0.0,4.76,4.77,4.76,2119.0,1008790.0,4.762
601328.SH,2022-12-08,0.0,4.77,4.77,4.76,1621.0,771613.0,4.762
601328.SH,2022-12-08,0.0,4.76,4.77,4.76,2027.0,965554.0,4.762
601328.SH,2022-12-08,0.0,4.76,4.77,4.76,2102.0,1001100.0,4.762
601328.SH,2022-12-08,0.0,4.77,4.77,4.76,2659.0,1266090.0,4.762
601328.SH,2022-12-08,0.0,4.76,4.77,4.76,1304.0,621334.0,4.762
601328.SH,2022-12-08,0.0,4.76,4.77,4.76,1757.0,836479.0,4.762
601328.SH,2022-12-08,0.0,4.76,4.77,4.76,1117.0,532218.0,4.762
601328.SH,2022-12-08,0.0,4.77,4.77,4.76,2869.0,1367300.0,4.762
601328.SH,2022-12-08,0.0,4.76,4.77,4.76,3523.0,1679210.0,4.762
601328.SH,2022-12-08,0.0,4.76,4.77,4.76,3199.0,1525080.0,4.762
601328.SH,2022-12-08,0.0,4.76,4.77,4.76,8408.0,4008300.0,4.762
601328.SH,2022-12-08,0.0,4.77,4.77,4.76,3735.0,1780640.0,4.762
601328.SH,2022-12-08,0.0,4.76,4.77,4.76,7560.0,3599710.0,4.762
601328.SH,2022-12-08,0.0,4.76,4.77,4.76,720.0,342816.0,4.762
601328.SH,2022-12-08,0.0,4.76,4.77,4.76,1977.0,941378.0,4.762
601328.SH,2022-12-08,0.0,4.77,4.77,4.76,1475.0,702813.0,4.762
601328.SH,2022-12-08,0.0,4.76,4.77,4.76,1663.0,792219.0,4.762
601328.SH,2022-12-08,0.0,4.76,4.77,4.76,2424.0,1154930.0,4.762
601328.SH,2022-12-08,0.0,4.77,4.77,4.76,2369.0,1128840.0,4.762
601328.SH,2022-12-08,0.0,4.76,4.77,4.76,3425.0,1631000.0,4.762
601328.SH,2022-12-08,0.0,4.76,4.77,4.76,984.0,468810.0,4.762
601328.SH,2022-12-08,0.0,4.76,4.77,4.76,3223.0,1534360.0,4.762
601328.SH,2022-12-08,0.0,4.76,4.77,4.76,2398.0,1141570.0,4.762
601328.SH,2022-12-08,0.0,4.75,4.77,4.75,9087.0,4325560.0,4.762
601328.SH,2022-12-08,0.0,4.76,4.77,4.75,3308.0,1574250.0,4.762
601328.SH,2022-12-08,0.0,4.75,4.76,4.75,3019.0,1435670.0,4.762
601328.SH,2022-12-08,0.0,4.76,4.76,4.75,917.0,435839.0,4.762
601328.SH,2022-12-08,0.0,4.76,4.76,4.75,1588.0,755301.0,4.762
601328.SH,2022-12-08,0.0,4.76,4.76,4.75,1524.0,724912.0,4.762
601328.SH,2022-12-08,0.0,4.75,4.76,4.75,6208.0,2953730.0,4.762
601328.SH,2022-12-08,0.0,4.76,4.77,4.75,9625.0,4582100.0,4.762
601328.SH,2022-12-08,0.0,4.77,4.77,4.76,1619.0,771781.0,4.762
601328.SH,2022-12-08,0.0,4.77,4.77,4.76,1816.0,865553.0,4.762
601328.SH,2022-12-08,0.0,4.76,4.77,4.76,1939.0,924179.0,4.762
601328.SH,2022-12-08,0.0,4.77,4.77,4.76,5009.0,2387580.0,4.762
601328.SH,2022-12-08,0.0,4.76,4.77,4.76,2242.0,1067710.0,4.762
601328.SH,2022-12-08,0.0,4.77,4.77,4.76,2819.0,1343740.0,4.762
601328.SH,2022-12-08,0.0,4.76,4.77,4.76,8388.0,3999470.0,4.762
601328.SH,2022-12-08,0.0,4.76,4.77,4.76,2409.0,1147790.0,4.762
601328.SH,2022-12-08,0.0,4.76,4.77,4.76,2517.0,1199000.0,4.762
601328.SH,2022-12-08,0.0,4.77,4.77,4.76,2687.0,1280890.0,4.762
601328.SH,2022-12-08,0.0,4.76,4.77,4.76,1990.0,948426.0,4.762
601328.SH,2022-12-08,0.0,4.77,4.77,4.76,3758.0,1790730.0,4.762
601328.SH,2022-12-08,0.0,4.77,4.77,4.76,1674.0,797622.0,4.762
601328.SH,2022-12-08,0.0,4.77,4.77,4.76,1106.0,526652.0,4.762
601328.SH,2022-12-08,0.0,4.77,4.77,4.76,2362.0,1124550.0,4.762
601328.SH,2022-12-08,0.0,4.76,4.77,4.76,1360.0,648033.0,4.762
601328.SH,2022-12-08,0.0,4.77,4.77,4.76,15302.0,7297790.0,4.762
601328.SH,2022-12-08,0.0,4.78,4.78,4.77,2327.0,1111330.0,4.762
601328.SH,2022-12-08,0.0,4.77,4.78,4.77,1319.0,630372.0,4.762
601328.SH,2022-12-08,0.0,4.78,4.78,4.77,1088.0,519909.0,4.762
601328.SH,2022-12-08,0.0,4.77,4.78,4.77,1979.0,945680.0,4.762
601328.SH,2022-12-08,0.0,4.78,4.78,4.77,1668.0,797121.0,4.762
601328.SH,2022-12-08,0.0,4.77,4.78,4.77,4557.0,2176500.0,4.763
601328.SH,2022-12-08,0.0,4.78,4.78,4.77,1357.0,647894.0,4.763
601328.SH,2022-12-08,0.0,4.78,4.78,4.77,2645.0,1263610.0,4.763
601328.SH,2022-12-08,0.0,4.78,4.78,4.77,2234.0,1066680.0,4.763
601328.SH,2022-12-08,0.0,4.78,4.78,4.77,2045.0,976171.0,4.763
601328.SH,2022-12-08,0.0,4.77,4.78,4.77,2739.0,1308520.0,4.763
601328.SH,2022-12-08,0.0,4.77,4.78,4.77,2476.0,1181660.0,4.763
601328.SH,2022-12-08,0.0,4.77,4.78,4.77,2822.0,1347290.0,4.763
601328.SH,2022-12-08,0.0,4.78,4.78,4.77,4222.0,2016930.0,4.763
601328.SH,2022-12-08,0.0,4.77,4.78,4.77,10747.0,5134430.0,4.763
601328.SH,2022-12-08,0.0,4.78,4.78,4.77,9413.0,4493680.0,4.763
601328.SH,2022-12-08,0.0,4.77,4.78,4.77,4293.0,2049150.0,4.763
601328.SH,2022-12-08,0.0,4.77,4.78,4.77,9745.0,4649970.0,4.763
601328.SH,2022-12-08,0.0,4.77,4.78,4.77,5816.0,2774500.0,4.764
601328.SH,2022-12-08,0.0,4.77,4.78,4.76,4381.0,2090480.0,4.764
601328.SH,2022-12-08,0.0,4.76,4.78,4.76,3209.0,1530830.0,4.764
601328.SH,2022-12-08,0.0,4.76,4.78,4.76,2251.0,1073360.0,4.764
601328.SH,2022-12-08,0.0,4.77,4.77,4.77,3.0,1431.0,4.764
601328.SH,2022-12-08,0.0,4.77,4.77,4.77,0.0,0.0,4.764
601328.SH,2022-12-08,0.0,4.78,4.78,4.78,11292.0,5397580.0,4.764
601328.SH,2022-12-09,0.0,4.77,4.77,4.77,1840.0,877871.0,4.77
601328.SH,2022-12-09,0.0,4.78,4.79,4.77,26464.0,12645100.0,4.778
601328.SH,2022-12-09,0.0,4.78,4.79,4.77,7028.0,3360820.0,4.779
601328.SH,2022-12-09,0.0,4.78,4.78,4.77,5544.0,2648230.0,4.778
601328.SH,2022-12-09,0.0,4.77,4.78,4.77,5019.0,2398590.0,4.778
601328.SH,2022-12-09,0.0,4.78,4.78,4.77,2346.0,1120380.0,4.778
601328.SH,2022-12-09,0.0,4.78,4.78,4.77,2291.0,1093390.0,4.778
601328.SH,2022-12-09,0.0,4.77,4.78,4.77,1562.0,746032.0,4.778
601328.SH,2022-12-09,0.0,4.77,4.78,4.77,3897.0,1861250.0,4.778
601328.SH,2022-12-09,0.0,4.77,4.78,4.77,1133.0,540767.0,4.778
601328.SH,2022-12-09,0.0,4.77,4.78,4.77,1628.0,777009.0,4.778
601328.SH,2022-12-09,0.0,4.77,4.78,4.77,2256.0,1076670.0,4.777
601328.SH,2022-12-09,0.0,4.77,4.78,4.77,1902.0,907710.0,4.777
601328.SH,2022-12-09,0.0,4.78,4.78,4.77,5641.0,2691230.0,4.777
601328.SH,2022-12-09,0.0,4.77,4.78,4.77,10600.0,5056610.0,4.776
601328.SH,2022-12-09,0.0,4.78,4.78,4.76,3010.0,1436080.0,4.776
601328.SH,2022-12-09,0.0,4.77,4.78,4.77,3570.0,1702970.0,4.776
601328.SH,2022-12-09,0.0,4.76,4.78,4.76,4943.0,2357030.0,4.775
601328.SH,2022-12-09,0.0,4.77,4.77,4.76,3743.0,1784460.0,4.775
601328.SH,2022-12-09,0.0,4.78,4.78,4.77,4360.0,2082730.0,4.775
601328.SH,2022-12-09,0.0,4.77,4.78,4.77,1538.0,734398.0,4.775
601328.SH,2022-12-09,0.0,4.76,4.78,4.76,3121.0,1486980.0,4.775
601328.SH,2022-12-09,0.0,4.76,4.77,4.76,773.0,368220.0,4.775
601328.SH,2022-12-09,0.0,4.76,4.77,4.76,1223.0,582605.0,4.774
601328.SH,2022-12-09,0.0,4.76,4.77,4.76,873.0,415838.0,4.774
601328.SH,2022-12-09,0.0,4.77,4.77,4.76,5506.0,2625600.0,4.774
601328.SH,2022-12-09,0.0,4.77,4.77,4.77,2656.0,1266650.0,4.774
601328.SH,2022-12-09,0.0,4.77,4.77,4.76,2437.0,1162110.0,4.774
601328.SH,2022-12-09,0.0,4.77,4.77,4.76,1598.0,762201.0,4.774
601328.SH,2022-12-09,0.0,4.76,4.77,4.76,4507.0,2147780.0,4.773
601328.SH,2022-12-09,0.0,4.76,4.77,4.76,1164.0,554639.0,4.773
601328.SH,2022-12-09,0.0,4.76,4.77,4.76,1394.0,664074.0,4.773
601328.SH,2022-12-09,0.0,4.77,4.77,4.76,1472.0,701264.0,4.773
601328.SH,2022-12-09,0.0,4.76,4.77,4.76,1824.0,869096.0,4.773
601328.SH,2022-12-09,0.0,4.76,4.77,4.76,1365.0,650408.0,4.773
601328.SH,2022-12-09,0.0,4.76,4.77,4.76,1828.0,870373.0,4.773
601328.SH,2022-12-09,0.0,4.77,4.77,4.76,2593.0,1234970.0,4.773
601328.SH,2022-12-09,0.0,4.76,4.77,4.76,1552.0,739045.0,4.772
601328.SH,2022-12-09,0.0,4.77,4.77,4.76,4169.0,1984920.0,4.772
601328.SH,2022-12-09,0.0,4.76,4.77,4.76,2906.0,1383510.0,4.772
601328.SH,2022-12-09,0.0,4.77,4.77,4.76,12241.0,5827310.0,4.771
601328.SH,2022-12-09,0.0,4.76,4.77,4.76,2066.0,983966.0,4.771
601328.SH,2022-12-09,0.0,4.76,4.77,4.76,1719.0,818898.0,4.771
601328.SH,2022-12-09,0.0,4.77,4.77,4.76,3040.0,1447700.0,4.771
601328.SH,2022-12-09,0.0,4.77,4.77,4.76,1901.0,905665.0,4.771
601328.SH,2022-12-09,0.0,4.76,4.77,4.76,4218.0,2010560.0,4.771
601328.SH,2022-12-09,0.0,4.76,4.77,4.76,3223.0,1535700.0,4.77
601328.SH,2022-12-09,0.0,4.76,4.77,4.76,4344.0,2070050.0,4.77
601328.SH,2022-12-09,0.0,4.76,4.77,4.76,2260.0,1077540.0,4.77
601328.SH,2022-12-09,0.0,4.76,4.77,4.76,2212.0,1054490.0,4.77
601328.SH,2022-12-09,0.0,4.76,4.77,4.76,2367.0,1127620.0,4.77
601328.SH,2022-12-09,0.0,4.76,4.77,4.76,1899.0,904427.0,4.77
601328.SH,2022-12-09,0.0,4.75,4.76,4.75,19680.0,9364800.0,4.769
601328.SH,2022-12-09,0.0,4.76,4.76,4.75,4699.0,2232590.0,4.769
601328.SH,2022-12-09,0.0,4.76,4.76,4.75,2319.0,1102350.0,4.768
601328.SH,2022-12-09,0.0,4.76,4.76,4.75,1471.0,699196.0,4.768
601328.SH,2022-12-09,0.0,4.76,4.76,4.75,3865.0,1836660.0,4.768
601328.SH,2022-12-09,0.0,4.75,4.76,4.75,1087.0,516685.0,4.768
601328.SH,2022-12-09,0.0,4.75,4.76,4.75,2069.0,983919.0,4.768
601328.SH,2022-12-09,0.0,4.75,4.76,4.75,1290.0,613616.0,4.768
601328.SH,2022-12-09,0.0,4.76,4.76,4.75,1537.0,730901.0,4.768
601328.SH,2022-12-09,0.0,4.75,4.76,4.75,3187.0,1514500.0,4.767
601328.SH,2022-12-09,0.0,4.75,4.76,4.75,1318.0,626861.0,4.767
601328.SH,2022-12-09,0.0,4.75,4.76,4.75,3100.0,1475070.0,4.767
601328.SH,2022-12-09,0.0,4.75,4.76,4.75,1045.0,496910.0,4.767
601328.SH,2022-12-09,0.0,4.76,4.76,4.75,1703.0,810304.0,4.767
601328.SH,2022-12-09,0.0,4.76,4.76,4.75,1593.0,757222.0,4.767
601328.SH,2022-12-09,0.0,4.76,4.76,4.75,1438.0,683629.0,4.767
601328.SH,2022-12-09,0.0,4.76,4.76,4.75,1500.0,713655.0,4.767
601328.SH,2022-12-09,0.0,4.75,4.76,4.75,1278.0,607689.0,4.767
601328.SH,2022-12-09,0.0,4.75,4.76,4.75,2624.0,1248250.0,4.767
601328.SH,2022-12-09,0.0,4.76,4.76,4.75,5439.0,2588320.0,4.767
601328.SH,2022-12-09,0.0,4.76,4.77,4.75,7694.0,3663790.0,4.766
601328.SH,2022-12-09,0.0,4.77,4.77,4.76,1985.0,946390.0,4.766
601328.SH,2022-12-09,0.0,4.76,4.77,4.76,1690.0,805857.0,4.766
601328.SH,2022-12-09,0.0,4.77,4.77,4.76,2788.0,1327250.0,4.766
601328.SH,2022-12-09,0.0,4.76,4.77,4.76,1781.0,848613.0,4.766
601328.SH,2022-12-09,0.0,4.77,4.77,4.76,1140.0,543514.0,4.766
601328.SH,2022-12-09,0.0,4.76,4.77,4.76,5711.0,2719060.0,4.766
601328.SH,2022-12-09,0.0,4.76,4.77,4.76,5167.0,2459710.0,4.766
601328.SH,2022-12-09,0.0,4.76,4.77,4.76,390.0,185672.0,4.766
601328.SH,2022-12-09,0.0,4.76,4.77,4.76,737.0,350838.0,4.766
601328.SH,2022-12-09,0.0,4.76,4.77,4.76,1335.0,636219.0,4.766
601328.SH,2022-12-09,0.0,4.76,4.77,4.76,900.0,428415.0,4.766
601328.SH,2022-12-09,0.0,4.76,4.77,4.76,335.0,159602.0,4.766
601328.SH,2022-12-09,0.0,4.76,4.77,4.76,2654.0,1264560.0,4.766
601328.SH,2022-12-09,0.0,4.77,4.77,4.75,4662.0,2220210.0,4.766
601328.SH,2022-12-09,0.0,4.76,4.77,4.76,898.0,427793.0,4.766
601328.SH,2022-12-09,0.0,4.76,4.77,4.76,1039.0,494752.0,4.766
601328.SH,2022-12-09,0.0,4.76,4.77,4.76,1839.0,876330.0,4.766
601328.SH,2022-12-09,0.0,4.76,4.76,4.76,17295.0,8232210.0,4.766
601328.SH,2022-12-09,0.0,4.76,4.77,4.76,542.0,258331.0,4.766
601328.SH,2022-12-09,0.0,4.76,4.77,4.76,808.0,385093.0,4.766
601328.SH,2022-12-09,0.0,4.76,4.77,4.76,836.0,398343.0,4.766
601328.SH,2022-12-09,0.0,4.77,4.77,4.76,958.0,456450.0,4.766
601328.SH,2022-12-09,0.0,4.76,4.77,4.76,1668.0,795274.0,4.766
601328.SH,2022-12-09,0.0,4.76,4.77,4.76,1328.0,633146.0,4.766
601328.SH,2022-12-09,0.0,4.77,4.77,4.76,1038.0,494626.0,4.766
601328.SH,2022-12-09,0.0,4.76,4.77,4.76,1898.0,905169.0,4.766
601328.SH,2022-12-09,0.0,4.76,4.77,4.76,3833.0,1827900.0,4.766
601328.SH,2022-12-09,0.0,4.76,4.77,4.76,2214.0,1055790.0,4.766
601328.SH,2022-12-09,0.0,4.76,4.77,4.76,1374.0,655236.0,4.766
601328.SH,2022-12-09,0.0,4.77,4.77,4.76,2260.0,1077890.0,4.766
601328.SH,2022-12-09,0.0,4.76,4.77,4.76,2394.0,1142660.0,4.766
601328.SH,2022-12-09,0.0,4.77,4.77,4.76,1021.0,486842.0,4.766
601328.SH,2022-12-09,0.0,4.77,4.77,4.76,762.0,363128.0,4.766
601328.SH,2022-12-09,0.0,4.77,4.77,4.76,814.0,388077.0,4.766
601328.SH,2022-12-09,0.0,4.78,4.78,4.77,1968.0,939483.0,4.766
601328.SH,2022-12-09,0.0,4.78,4.78,4.77,1453.0,693607.0,4.766
601328.SH,2022-12-09,0.0,4.77,4.78,4.77,758.0,361765.0,4.766
601328.SH,2022-12-09,0.0,4.78,4.78,4.77,768.0,366629.0,4.766
601328.SH,2022-12-09,0.0,4.77,4.78,4.77,1730.0,825502.0,4.766
601328.SH,2022-12-09,0.0,4.77,4.78,4.77,746.0,356322.0,4.766
601328.SH,2022-12-09,0.0,4.77,4.78,4.77,1583.0,755689.0,4.766
601328.SH,2022-12-09,0.0,4.78,4.78,4.77,689.0,329005.0,4.766
601328.SH,2022-12-09,0.0,4.77,4.78,4.77,1271.0,607373.0,4.766
601328.SH,2022-12-09,0.0,4.77,4.78,4.77,705.0,336709.0,4.766
601328.SH,2022-12-09,0.0,4.77,4.78,4.77,907.0,433337.0,4.766
601328.SH,2022-12-09,0.0,4.78,4.78,4.77,652.0,311401.0,4.766
601328.SH,2022-12-09,0.0,4.78,4.78,4.77,1053.0,502766.0,4.766
601328.SH,2022-12-09,0.0,4.78,4.78,4.77,383.0,182893.0,4.766
601328.SH,2022-12-09,0.0,4.77,4.78,4.77,6095.0,2912680.0,4.766
601328.SH,2022-12-09,0.0,4.78,4.78,4.77,2456.0,1173120.0,4.767
601328.SH,2022-12-09,0.0,4.78,4.78,4.77,2392.0,1142400.0,4.767
601328.SH,2022-12-09,0.0,4.78,4.78,4.77,2203.0,1051340.0,4.767
601328.SH,2022-12-09,0.0,4.77,4.78,4.77,10233.0,4881340.0,4.767
601328.SH,2022-12-09,0.0,4.77,4.78,4.76,5046.0,2408020.0,4.767
601328.SH,2022-12-09,0.0,4.76,4.77,4.76,2047.0,975616.0,4.767
601328.SH,2022-12-09,0.0,4.77,4.77,4.76,1576.0,751607.0,4.767
601328.SH,2022-12-09,0.0,4.77,4.77,4.76,2786.0,1327800.0,4.767
601328.SH,2022-12-09,0.0,4.77,4.77,4.76,2879.0,1372640.0,4.767
601328.SH,2022-12-09,0.0,4.77,4.77,4.76,2872.0,1367590.0,4.767
601328.SH,2022-12-09,0.0,4.77,4.77,4.76,7905.0,3770200.0,4.767
601328.SH,2022-12-09,0.0,4.77,4.77,4.76,792.0,377664.0,4.767
601328.SH,2022-12-09,0.0,4.77,4.77,4.76,1910.0,910530.0,4.767
601328.SH,2022-12-09,0.0,4.77,4.77,4.76,3233.0,1542090.0,4.767
601328.SH,2022-12-09,0.0,4.76,4.78,4.76,3263.0,1555680.0,4.767
601328.SH,2022-12-09,0.0,4.76,4.77,4.76,1480.0,705760.0,4.767
601328.SH,2022-12-09,0.0,4.77,4.77,4.76,2401.0,1144640.0,4.767
601328.SH,2022-12-09,0.0,4.77,4.78,4.76,4782.0,2281280.0,4.767
601328.SH,2022-12-09,0.0,4.77,4.78,4.76,1361.0,649562.0,4.767
601328.SH,2022-12-09,0.0,4.77,4.78,4.77,1396.0,666031.0,4.767
601328.SH,2022-12-09,0.0,4.77,4.77,4.76,801.0,381799.0,4.767
601328.SH,2022-12-09,0.0,4.77,4.77,4.76,2238.0,1065980.0,4.767
601328.SH,2022-12-09,0.0,4.77,4.77,4.76,1115.0,531596.0,4.767
601328.SH,2022-12-09,0.0,4.77,4.77,4.76,821.0,391289.0,4.767
601328.SH,2022-12-09,0.0,4.77,4.78,4.76,11695.0,5580880.0,4.767
601328.SH,2022-12-09,0.0,4.77,4.77,4.76,967.0,460807.0,4.767
601328.SH,2022-12-09,0.0,4.77,4.77,4.76,819.0,390263.0,4.767
601328.SH,2022-12-09,0.0,4.77,4.77,4.76,1181.0,562919.0,4.767
601328.SH,2022-12-09,0.0,4.77,4.77,4.76,1130.0,538183.0,4.767
601328.SH,2022-12-09,0.0,4.76,4.77,4.76,1958.0,933015.0,4.767
601328.SH,2022-12-09,0.0,4.76,4.77,4.76,948.0,451754.0,4.767
601328.SH,2022-12-09,0.0,4.76,4.77,4.76,1020.0,486194.0,4.767
601328.SH,2022-12-09,0.0,4.76,4.77,4.76,1471.0,701207.0,4.767
601328.SH,2022-12-09,0.0,4.77,4.77,4.76,1555.0,740848.0,4.767
601328.SH,2022-12-09,0.0,4.76,4.77,4.76,1014.0,483006.0,4.767
601328.SH,2022-12-09,0.0,4.76,4.77,4.76,1301.0,619528.0,4.767
601328.SH,2022-12-09,0.0,4.76,4.77,4.76,1690.0,804592.0,4.767
601328.SH,2022-12-09,0.0,4.76,4.77,4.76,1048.0,499105.0,4.767
601328.SH,2022-12-09,0.0,4.77,4.77,4.76,1143.0,544432.0,4.767
601328.SH,2022-12-09,0.0,4.77,4.77,4.76,2120.0,1009990.0,4.767
601328.SH,2022-12-09,0.0,4.77,4.77,4.76,1628.0,775635.0,4.767
601328.SH,2022-12-09,0.0,4.77,4.77,4.76,3463.0,1649760.0,4.767
601328.SH,2022-12-09,0.0,4.77,4.77,4.76,2203.0,1049280.0,4.767
601328.SH,2022-12-09,0.0,4.77,4.77,4.76,2525.0,1202720.0,4.767
601328.SH,2022-12-09,0.0,4.77,4.77,4.76,3415.0,1626750.0,4.767
601328.SH,2022-12-09,0.0,4.76,4.77,4.76,26408.0,12596300.0,4.767
601328.SH,2022-12-09,0.0,4.76,4.77,4.76,2548.0,1215150.0,4.767
601328.SH,2022-12-09,0.0,4.76,4.77,4.76,1672.0,797153.0,4.767
601328.SH,2022-12-09,0.0,4.76,4.77,4.76,1723.0,821089.0,4.767
601328.SH,2022-12-09,0.0,4.76,4.77,4.76,1728.0,823801.0,4.767
601328.SH,2022-12-09,0.0,4.77,4.78,4.76,8052.0,3840400.0,4.767
601328.SH,2022-12-09,0.0,4.77,4.78,4.77,3786.0,1806640.0,4.767
601328.SH,2022-12-09,0.0,4.77,4.78,4.77,1435.0,684555.0,4.767
601328.SH,2022-12-09,0.0,4.77,4.77,4.77,1995.0,951632.0,4.767
601328.SH,2022-12-09,0.0,4.76,4.78,4.76,3645.0,1737670.0,4.767
601328.SH,2022-12-09,0.0,4.77,4.77,4.76,2250.0,1073270.0,4.767
601328.SH,2022-12-09,0.0,4.76,4.78,4.76,1459.0,696047.0,4.767
601328.SH,2022-12-09,0.0,4.77,4.77,4.76,942.0,449210.0,4.767
601328.SH,2022-12-09,0.0,4.77,4.77,4.76,1499.0,714743.0,4.767
601328.SH,2022-12-09,0.0,4.77,4.77,4.76,1217.0,580112.0,4.767
601328.SH,2022-12-09,0.0,4.77,4.77,4.76,1554.0,740373.0,4.767
601328.SH,2022-12-09,0.0,4.77,4.77,4.76,1335.0,635789.0,4.767
601328.SH,2022-12-09,0.0,4.77,4.77,4.76,1424.0,678463.0,4.767
601328.SH,2022-12-09,0.0,4.77,4.77,4.76,988.0,470810.0,4.767
601328.SH,2022-12-09,0.0,4.76,4.77,4.76,1319.0,628772.0,4.767
601328.SH,2022-12-09,0.0,4.77,4.77,4.76,2269.0,1081900.0,4.767
601328.SH,2022-12-09,0.0,4.77,4.77,4.76,1576.0,750620.0,4.767
601328.SH,2022-12-09,0.0,4.77,4.77,4.76,1528.0,728217.0,4.767
601328.SH,2022-12-09,0.0,4.76,4.77,4.76,2479.0,1181950.0,4.767
601328.SH,2022-12-09,0.0,4.77,4.77,4.76,1094.0,521615.0,4.767
601328.SH,2022-12-09,0.0,4.76,4.77,4.76,1468.0,699859.0,4.767
601328.SH,2022-12-09,0.0,4.77,4.77,4.76,711.0,338932.0,4.767
601328.SH,2022-12-09,0.0,4.76,4.77,4.76,1582.0,753946.0,4.767
601328.SH,2022-12-09,0.0,4.77,4.78,4.76,5716.0,2726800.0,4.767
601328.SH,2022-12-09,0.0,4.77,4.78,4.77,2670.0,1273820.0,4.767
601328.SH,2022-12-09,0.0,4.77,4.78,4.77,1897.0,905118.0,4.767
601328.SH,2022-12-09,0.0,4.77,4.78,4.77,2121.0,1011860.0,4.767
601328.SH,2022-12-09,0.0,4.77,4.78,4.77,1804.0,861568.0,4.767
601328.SH,2022-12-09,0.0,4.78,4.78,4.77,736.0,351340.0,4.767
601328.SH,2022-12-09,0.0,4.78,4.78,4.77,1126.0,537500.0,4.767
601328.SH,2022-12-09,0.0,4.77,4.78,4.77,1574.0,751034.0,4.767
601328.SH,2022-12-09,0.0,4.77,4.78,4.77,1326.0,632815.0,4.767
601328.SH,2022-12-09,0.0,4.77,4.78,4.77,1227.0,585386.0,4.767
601328.SH,2022-12-09,0.0,4.77,4.78,4.77,1267.0,604939.0,4.767
601328.SH,2022-12-09,0.0,4.77,4.78,4.77,1818.0,868413.0,4.767
601328.SH,2022-12-09,0.0,4.77,4.78,4.77,1201.0,573266.0,4.767
601328.SH,2022-12-09,0.0,4.78,4.78,4.77,1693.0,808352.0,4.767
601328.SH,2022-12-09,0.0,4.78,4.78,4.77,1930.0,921804.0,4.767
601328.SH,2022-12-09,0.0,4.77,4.78,4.77,2786.0,1330940.0,4.767
601328.SH,2022-12-09,0.0,4.78,4.78,4.77,3373.0,1611080.0,4.767
601328.SH,2022-12-09,0.0,4.78,4.78,4.77,1863.0,889316.0,4.768
601328.SH,2022-12-09,0.0,4.77,4.78,4.77,2472.0,1180570.0,4.768
601328.SH,2022-12-09,0.0,4.79,4.79,4.78,62843.0,30039800.0,4.769
601328.SH,2022-12-09,0.0,4.79,4.79,4.78,3344.0,1600970.0,4.769
601328.SH,2022-12-09,0.0,4.78,4.79,4.78,4030.0,1929580.0,4.769
601328.SH,2022-12-09,0.0,4.79,4.79,4.78,3585.0,1716480.0,4.769
601328.SH,2022-12-09,0.0,4.78,4.79,4.78,2811.0,1345370.0,4.769
601328.SH,2022-12-09,0.0,4.78,4.79,4.78,12453.0,5953850.0,4.769
601328.SH,2022-12-09,0.0,4.78,4.79,4.78,2244.0,1073850.0,4.769
601328.SH,2022-12-09,0.0,4.78,4.79,4.78,3895.0,1862840.0,4.77
601328.SH,2022-12-09,0.0,4.79,4.79,4.78,3125.0,1495560.0,4.77
601328.SH,2022-12-09,0.0,4.78,4.79,4.78,4377.0,2094700.0,4.77
601328.SH,2022-12-09,0.0,4.78,4.79,4.78,7283.0,3482480.0,4.77
601328.SH,2022-12-09,0.0,4.78,4.79,4.78,10036.0,4798870.0,4.77
601328.SH,2022-12-09,0.0,4.79,4.79,4.78,3889.0,1859780.0,4.77
601328.SH,2022-12-09,0.0,4.78,4.79,4.77,9832.0,4700560.0,4.77
601328.SH,2022-12-09,0.0,4.77,4.78,4.77,2535.0,1209870.0,4.77
601328.SH,2022-12-09,0.0,4.78,4.78,4.77,2184.0,1043350.0,4.77
601328.SH,2022-12-09,0.0,4.78,4.78,4.77,2609.0,1246350.0,4.77
601328.SH,2022-12-09,0.0,4.78,4.78,4.77,1898.0,906007.0,4.77
601328.SH,2022-12-09,0.0,4.77,4.78,4.77,2806.0,1339140.0,4.77
601328.SH,2022-12-09,0.0,4.77,4.78,4.77,14880.0,7099850.0,4.77
601328.SH,2022-12-09,0.0,4.77,4.78,4.77,2430.0,1160570.0,4.77
601328.SH,2022-12-09,0.0,4.76,4.78,4.76,7257.0,3459190.0,4.77
601328.SH,2022-12-09,0.0,4.76,4.77,4.76,1942.0,925033.0,4.77
601328.SH,2022-12-09,0.0,4.76,4.78,4.76,5388.0,2569280.0,4.77
601328.SH,2022-12-09,0.0,4.76,4.76,4.76,0.0,0.0,4.77
601328.SH,2022-12-09,0.0,4.76,4.76,4.76,0.0,0.0,4.77
601328.SH,2022-12-09,0.0,4.76,4.76,4.76,37452.0,17827000.0,4.77
601328.SH,2022-12-12,0.0,4.76,4.76,4.76,6839.0,3255360.0,4.76
601328.SH,2022-12-12,0.0,4.77,4.77,4.75,9290.0,4421890.0,4.76
601328.SH,2022-12-12,0.0,4.76,4.77,4.76,8006.0,3812030.0,4.76
601328.SH,2022-12-12,0.0,4.76,4.77,4.75,6618.0,3150160.0,4.76
601328.SH,2022-12-12,0.0,4.76,4.77,4.75,3464.0,1648140.0,4.76
601328.SH,2022-12-12,0.0,4.77,4.77,4.75,2935.0,1396990.0,4.76
601328.SH,2022-12-12,0.0,4.76,4.77,4.76,1457.0,694112.0,4.76
601328.SH,2022-12-12,0.0,4.76,4.77,4.76,3264.0,1554980.0,4.761
601328.SH,2022-12-12,0.0,4.77,4.77,4.76,6973.0,3325750.0,4.762
601328.SH,2022-12-12,0.0,4.77,4.77,4.76,3328.0,1586500.0,4.762
601328.SH,2022-12-12,0.0,4.76,4.77,4.76,4930.0,2349820.0,4.763
601328.SH,2022-12-12,0.0,4.76,4.77,4.76,3069.0,1461330.0,4.763
601328.SH,2022-12-12,0.0,4.76,4.77,4.76,1927.0,917445.0,4.762
601328.SH,2022-12-12,0.0,4.76,4.76,4.75,17602.0,8378380.0,4.762
601328.SH,2022-12-12,0.0,4.76,4.76,4.75,3622.0,1720910.0,4.761
601328.SH,2022-12-12,0.0,4.76,4.76,4.75,3154.0,1500540.0,4.761
601328.SH,2022-12-12,0.0,4.76,4.76,4.75,2342.0,1113120.0,4.761
601328.SH,2022-12-12,0.0,4.76,4.76,4.75,1143.0,543575.0,4.761
601328.SH,2022-12-12,0.0,4.75,4.76,4.75,3264.0,1551220.0,4.761
601328.SH,2022-12-12,0.0,4.75,4.76,4.75,2006.0,954270.0,4.761
601328.SH,2022-12-12,0.0,4.76,4.76,4.75,2530.0,1202700.0,4.76
601328.SH,2022-12-12,0.0,4.76,4.76,4.75,5486.0,2606790.0,4.76
601328.SH,2022-12-12,0.0,4.75,4.76,4.75,1299.0,617931.0,4.76
601328.SH,2022-12-12,0.0,4.76,4.76,4.75,7167.0,3411220.0,4.76
601328.SH,2022-12-12,0.0,4.75,4.76,4.75,2126.0,1010310.0,4.76
601328.SH,2022-12-12,0.0,4.75,4.76,4.75,1739.0,826397.0,4.76
601328.SH,2022-12-12,0.0,4.76,4.76,4.75,2542.0,1208170.0,4.76
601328.SH,2022-12-12,0.0,4.76,4.76,4.75,1497.0,711521.0,4.759
601328.SH,2022-12-12,0.0,4.76,4.76,4.75,3276.0,1557880.0,4.759
601328.SH,2022-12-12,0.0,4.76,4.76,4.75,1387.0,659256.0,4.759
601328.SH,2022-12-12,0.0,4.76,4.76,4.75,1366.0,649392.0,4.759
601328.SH,2022-12-12,0.0,4.76,4.76,4.75,1243.0,590708.0,4.759
601328.SH,2022-12-12,0.0,4.75,4.76,4.75,3692.0,1756470.0,4.759
601328.SH,2022-12-12,0.0,4.75,4.76,4.75,2864.0,1362800.0,4.759
601328.SH,2022-12-12,0.0,4.75,4.76,4.75,1394.0,663060.0,4.759
601328.SH,2022-12-12,0.0,4.76,4.76,4.75,5607.0,2667520.0,4.759
601328.SH,2022-12-12,0.0,4.75,4.76,4.75,2283.0,1085720.0,4.759
601328.SH,2022-12-12,0.0,4.76,4.76,4.75,1077.0,512092.0,4.759
601328.SH,2022-12-12,0.0,4.76,4.76,4.75,871.0,414086.0,4.759
601328.SH,2022-12-12,0.0,4.75,4.76,4.75,2363.0,1123790.0,4.759
601328.SH,2022-12-12,0.0,4.75,4.76,4.75,1286.0,611428.0,4.759
601328.SH,2022-12-12,0.0,4.75,4.76,4.75,1007.0,478694.0,4.759
601328.SH,2022-12-12,0.0,4.75,4.76,4.75,1299.0,617665.0,4.759
601328.SH,2022-12-12,0.0,4.75,4.76,4.75,1725.0,820229.0,4.759
601328.SH,2022-12-12,0.0,4.75,4.76,4.75,2022.0,960638.0,4.759
601328.SH,2022-12-12,0.0,4.76,4.76,4.75,3297.0,1566670.0,4.758
601328.SH,2022-12-12,0.0,4.76,4.76,4.75,1323.0,628790.0,4.758
601328.SH,2022-12-12,0.0,4.75,4.76,4.75,703.0,334356.0,4.758
601328.SH,2022-12-12,0.0,4.76,4.76,4.75,499.0,237277.0,4.758
601328.SH,2022-12-12,0.0,4.75,4.76,4.75,794.0,377501.0,4.758
601328.SH,2022-12-12,0.0,4.75,4.76,4.75,1199.0,570261.0,4.758
601328.SH,2022-12-12,0.0,4.76,4.76,4.75,1061.0,504712.0,4.758
601328.SH,2022-12-12,0.0,4.75,4.76,4.75,753.0,358076.0,4.758
601328.SH,2022-12-12,0.0,4.76,4.76,4.75,4543.0,2158540.0,4.758
601328.SH,2022-12-12,0.0,4.76,4.76,4.75,803.0,381951.0,4.758
601328.SH,2022-12-12,0.0,4.76,4.76,4.75,1150.0,546965.0,4.758
601328.SH,2022-12-12,0.0,4.75,4.76,4.75,1528.0,726117.0,4.758
601328.SH,2022-12-12,0.0,4.76,4.76,4.75,3450.0,1641920.0,4.758
601328.SH,2022-12-12,0.0,4.76,4.76,4.75,1297.0,617165.0,4.758
601328.SH,2022-12-12,0.0,4.76,4.76,4.75,630.0,299570.0,4.758
601328.SH,2022-12-12,0.0,4.76,4.76,4.75,2463.0,1170540.0,4.758
601328.SH,2022-12-12,0.0,4.75,4.76,4.75,1338.0,636101.0,4.758
601328.SH,2022-12-12,0.0,4.76,4.76,4.75,1380.0,656032.0,4.758
601328.SH,2022-12-12,0.0,4.76,4.76,4.75,778.0,370009.0,4.758
601328.SH,2022-12-12,0.0,4.76,4.76,4.75,405.0,192599.0,4.758
601328.SH,2022-12-12,0.0,4.75,4.76,4.75,7417.0,3525220.0,4.758
601328.SH,2022-12-12,0.0,4.76,4.76,4.75,663.0,315257.0,4.758
601328.SH,2022-12-12,0.0,4.76,4.76,4.75,686.0,326224.0,4.758
601328.SH,2022-12-12,0.0,4.76,4.76,4.75,737.0,350249.0,4.758
601328.SH,2022-12-12,0.0,4.75,4.76,4.75,709.0,337205.0,4.758
601328.SH,2022-12-12,0.0,4.75,4.76,4.75,1182.0,562267.0,4.758
601328.SH,2022-12-12,0.0,4.75,4.75,4.75,594.0,282198.0,4.758
601328.SH,2022-12-12,0.0,4.76,4.76,4.75,675.0,320740.0,4.758
601328.SH,2022-12-12,0.0,4.76,4.76,4.75,893.0,424502.0,4.758
601328.SH,2022-12-12,0.0,4.75,4.76,4.75,1909.0,906921.0,4.758
601328.SH,2022-12-12,0.0,4.76,4.76,4.75,2851.0,1354750.0,4.757
601328.SH,2022-12-12,0.0,4.76,4.76,4.75,753.0,357728.0,4.757
601328.SH,2022-12-12,0.0,4.75,4.76,4.75,731.0,347675.0,4.757
601328.SH,2022-12-12,0.0,4.75,4.76,4.75,2218.0,1054840.0,4.757
601328.SH,2022-12-12,0.0,4.75,4.76,4.75,3668.0,1745330.0,4.757
601328.SH,2022-12-12,0.0,4.76,4.76,4.75,802.0,381355.0,4.757
601328.SH,2022-12-12,0.0,4.75,4.76,4.75,1451.0,689366.0,4.757
601328.SH,2022-12-12,0.0,4.75,4.76,4.75,9571.0,4546370.0,4.757
601328.SH,2022-12-12,0.0,4.75,4.76,4.74,9977.0,4738720.0,4.757
601328.SH,2022-12-12,0.0,4.74,4.75,4.74,410.0,194564.0,4.757
601328.SH,2022-12-12,0.0,4.74,4.75,4.74,414.0,196448.0,4.757
601328.SH,2022-12-12,0.0,4.74,4.75,4.74,4816.0,2283120.0,4.756
601328.SH,2022-12-12,0.0,4.75,4.75,4.74,536.0,254360.0,4.756
601328.SH,2022-12-12,0.0,4.74,4.75,4.74,889.0,421921.0,4.756
601328.SH,2022-12-12,0.0,4.74,4.75,4.74,684.0,324692.0,4.756
601328.SH,2022-12-12,0.0,4.75,4.75,4.74,4407.0,2092640.0,4.756
601328.SH,2022-12-12,0.0,4.75,4.75,4.74,8418.0,3998300.0,4.756
601328.SH,2022-12-12,0.0,4.75,4.75,4.74,1154.0,548088.0,4.756
601328.SH,2022-12-12,0.0,4.75,4.75,4.74,805.0,382094.0,4.756
601328.SH,2022-12-12,0.0,4.75,4.75,4.74,770.0,365453.0,4.756
601328.SH,2022-12-12,0.0,4.75,4.76,4.74,12149.0,5770680.0,4.756
601328.SH,2022-12-12,0.0,4.75,4.76,4.75,587.0,278923.0,4.756
601328.SH,2022-12-12,0.0,4.75,4.76,4.75,826.0,392761.0,4.756
601328.SH,2022-12-12,0.0,4.75,4.76,4.75,422.0,200471.0,4.756
601328.SH,2022-12-12,0.0,4.75,4.76,4.75,481.0,228622.0,4.756
601328.SH,2022-12-12,0.0,4.75,4.76,4.75,340.0,161610.0,4.756
601328.SH,2022-12-12,0.0,4.75,4.76,4.75,517.0,245633.0,4.756
601328.SH,2022-12-12,0.0,4.74,4.76,4.74,5185.0,2462820.0,4.755
601328.SH,2022-12-12,0.0,4.75,4.75,4.74,1205.0,571771.0,4.755
601328.SH,2022-12-12,0.0,4.75,4.75,4.74,1047.0,496741.0,4.755
601328.SH,2022-12-12,0.0,4.74,4.75,4.74,1089.0,516485.0,4.755
601328.SH,2022-12-12,0.0,4.75,4.75,4.74,7810.0,3702490.0,4.755
601328.SH,2022-12-12,0.0,4.74,4.75,4.73,45856.0,21735200.0,4.753
601328.SH,2022-12-12,0.0,4.73,4.74,4.73,1908.0,903321.0,4.753
601328.SH,2022-12-12,0.0,4.73,4.74,4.73,1352.0,640245.0,4.753
601328.SH,2022-12-12,0.0,4.73,4.74,4.73,575.0,272339.0,4.753
601328.SH,2022-12-12,0.0,4.74,4.74,4.73,1836.0,869030.0,4.753
601328.SH,2022-12-12,0.0,4.73,4.74,4.73,1460.0,691062.0,4.752
601328.SH,2022-12-12,0.0,4.74,4.74,4.73,1796.0,850042.0,4.752
601328.SH,2022-12-12,0.0,4.73,4.74,4.73,2051.0,970767.0,4.752
601328.SH,2022-12-12,0.0,4.73,4.74,4.73,2648.0,1253540.0,4.752
601328.SH,2022-12-12,0.0,4.73,4.74,4.73,3018.0,1429160.0,4.752
601328.SH,2022-12-12,0.0,4.72,4.74,4.72,25492.0,12057600.0,4.75
601328.SH,2022-12-12,0.0,4.72,4.73,4.72,5908.0,2789140.0,4.75
601328.SH,2022-12-12,0.0,4.72,4.73,4.72,1323.0,625281.0,4.75
601328.SH,2022-12-12,0.0,4.72,4.73,4.72,980.0,462842.0,4.75
601328.SH,2022-12-12,0.0,4.73,4.74,4.72,51690.0,24430000.0,4.747
601328.SH,2022-12-12,0.0,4.73,4.73,4.72,13791.0,6510600.0,4.746
601328.SH,2022-12-12,0.0,4.73,4.73,4.72,3701.0,1747200.0,4.746
601328.SH,2022-12-12,0.0,4.72,4.73,4.72,2607.0,1230800.0,4.746
601328.SH,2022-12-12,0.0,4.72,4.73,4.72,633.0,299199.0,4.746
601328.SH,2022-12-12,0.0,4.73,4.74,4.72,5852.0,2768410.0,4.746
601328.SH,2022-12-12,0.0,4.73,4.74,4.73,2146.0,1015260.0,4.746
601328.SH,2022-12-12,0.0,4.74,4.74,4.73,1021.0,483097.0,4.746
601328.SH,2022-12-12,0.0,4.74,4.74,4.73,4501.0,2129540.0,4.745
601328.SH,2022-12-12,0.0,4.74,4.74,4.73,276.0,130704.0,4.745
601328.SH,2022-12-12,0.0,4.74,4.74,4.73,865.0,409503.0,4.745
601328.SH,2022-12-12,0.0,4.74,4.74,4.73,691.0,327455.0,4.745
601328.SH,2022-12-12,0.0,4.74,4.74,4.73,272.0,128792.0,4.745
601328.SH,2022-12-12,0.0,4.74,4.74,4.73,4545.0,2153920.0,4.745
601328.SH,2022-12-12,0.0,4.74,4.74,4.73,3823.0,1811780.0,4.745
601328.SH,2022-12-12,0.0,4.73,4.74,4.73,1648.0,780024.0,4.745
601328.SH,2022-12-12,0.0,4.73,4.74,4.73,746.0,353043.0,4.745
601328.SH,2022-12-12,0.0,4.74,4.74,4.73,3606.0,1706360.0,4.745
601328.SH,2022-12-12,0.0,4.73,4.74,4.73,811.0,384326.0,4.745
601328.SH,2022-12-12,0.0,4.74,4.74,4.73,2238.0,1060760.0,4.745
601328.SH,2022-12-12,0.0,4.73,4.74,4.73,646.0,306015.0,4.745
601328.SH,2022-12-12,0.0,4.73,4.74,4.73,373.0,176687.0,4.745
601328.SH,2022-12-12,0.0,4.74,4.74,4.73,430.0,203784.0,4.745
601328.SH,2022-12-12,0.0,4.74,4.74,4.73,410.0,194169.0,4.745
601328.SH,2022-12-12,0.0,4.73,4.74,4.73,3094.0,1464240.0,4.745
601328.SH,2022-12-12,0.0,4.73,4.74,4.73,2222.0,1052360.0,4.745
601328.SH,2022-12-12,0.0,4.73,4.74,4.73,755.0,357604.0,4.745
601328.SH,2022-12-12,0.0,4.73,4.74,4.73,1182.0,559501.0,4.745
601328.SH,2022-12-12,0.0,4.73,4.74,4.73,474.0,224596.0,4.745
601328.SH,2022-12-12,0.0,4.73,4.74,4.73,8626.0,4088540.0,4.745
601328.SH,2022-12-12,0.0,4.74,4.74,4.73,740.0,350496.0,4.745
601328.SH,2022-12-12,0.0,4.73,4.74,4.73,726.0,344031.0,4.745
601328.SH,2022-12-12,0.0,4.73,4.74,4.73,3086.0,1462730.0,4.745
601328.SH,2022-12-12,0.0,4.74,4.75,4.74,1998.0,947151.0,4.745
601328.SH,2022-12-12,0.0,4.74,4.75,4.73,1969.0,933403.0,4.745
601328.SH,2022-12-12,0.0,4.74,4.74,4.73,4034.0,1909460.0,4.745
601328.SH,2022-12-12,0.0,4.74,4.75,4.73,1225.0,580678.0,4.745
601328.SH,2022-12-12,0.0,4.74,4.75,4.74,2378.0,1127650.0,4.745
601328.SH,2022-12-12,0.0,4.73,4.74,4.73,1468.0,695678.0,4.745
601328.SH,2022-12-12,0.0,4.73,4.74,4.73,1263.0,598618.0,4.745
601328.SH,2022-12-12,0.0,4.74,4.74,4.73,573.0,271543.0,4.745
601328.SH,2022-12-12,0.0,4.73,4.74,4.73,632.0,299411.0,4.745
601328.SH,2022-12-12,0.0,4.74,4.74,4.73,1879.0,889997.0,4.745
601328.SH,2022-12-12,0.0,4.73,4.74,4.73,709.0,335482.0,4.745
601328.SH,2022-12-12,0.0,4.74,4.74,4.73,654.0,309688.0,4.745
601328.SH,2022-12-12,0.0,4.74,4.74,4.73,1083.0,513187.0,4.745
601328.SH,2022-12-12,0.0,4.74,4.74,4.73,446.0,211256.0,4.745
601328.SH,2022-12-12,0.0,4.74,4.74,4.73,705.0,333999.0,4.744
601328.SH,2022-12-12,0.0,4.74,4.74,4.73,273.0,129352.0,4.744
601328.SH,2022-12-12,0.0,4.74,4.74,4.73,637.0,301749.0,4.744
601328.SH,2022-12-12,0.0,4.73,4.74,4.73,233.0,110386.0,4.744
601328.SH,2022-12-12,0.0,4.73,4.74,4.73,2831.0,1339550.0,4.744
601328.SH,2022-12-12,0.0,4.73,4.74,4.73,658.0,311570.0,4.744
601328.SH,2022-12-12,0.0,4.73,4.74,4.73,412.0,195148.0,4.744
601328.SH,2022-12-12,0.0,4.73,4.74,4.73,1737.0,822217.0,4.744
601328.SH,2022-12-12,0.0,4.73,4.74,4.73,700.0,331262.0,4.744
601328.SH,2022-12-12,0.0,4.73,4.73,4.73,498.0,235584.0,4.744
601328.SH,2022-12-12,0.0,4.73,4.74,4.73,3924.0,1856490.0,4.744
601328.SH,2022-12-12,0.0,4.73,4.74,4.73,6378.0,3017090.0,4.744
601328.SH,2022-12-12,0.0,4.74,4.74,4.73,561.0,265674.0,4.744
601328.SH,2022-12-12,0.0,4.73,4.74,4.73,614.0,290578.0,4.744
601328.SH,2022-12-12,0.0,4.74,4.74,4.73,1292.0,612204.0,4.744
601328.SH,2022-12-12,0.0,4.73,4.74,4.73,601.0,284579.0,4.744
601328.SH,2022-12-12,0.0,4.73,4.73,4.73,1276.0,603806.0,4.744
601328.SH,2022-12-12,0.0,4.73,4.74,4.73,1067.0,505032.0,4.744
601328.SH,2022-12-12,0.0,4.73,4.74,4.73,472.0,223332.0,4.744
601328.SH,2022-12-12,0.0,4.73,4.74,4.73,1775.0,840057.0,4.744
601328.SH,2022-12-12,0.0,4.73,4.74,4.73,1122.0,530964.0,4.744
601328.SH,2022-12-12,0.0,4.74,4.74,4.73,2358.0,1117360.0,4.744
601328.SH,2022-12-12,0.0,4.73,4.74,4.73,1065.0,504390.0,4.744
601328.SH,2022-12-12,0.0,4.73,4.74,4.73,1462.0,692376.0,4.744
601328.SH,2022-12-12,0.0,4.73,4.74,4.73,911.0,431273.0,4.744
601328.SH,2022-12-12,0.0,4.73,4.74,4.73,5103.0,2413900.0,4.744
601328.SH,2022-12-12,0.0,4.73,4.73,4.73,5225.0,2471860.0,4.744
601328.SH,2022-12-12,0.0,4.73,4.73,4.73,8970.0,4242830.0,4.743
601328.SH,2022-12-12,0.0,4.73,4.73,4.73,2228.0,1053840.0,4.743
601328.SH,2022-12-12,0.0,4.73,4.74,4.73,2978.0,1408890.0,4.743
601328.SH,2022-12-12,0.0,4.73,4.73,4.73,825.0,390274.0,4.743
601328.SH,2022-12-12,0.0,4.73,4.74,4.73,1911.0,904064.0,4.743
601328.SH,2022-12-12,0.0,4.74,4.74,4.73,1216.0,575222.0,4.743
601328.SH,2022-12-12,0.0,4.73,4.74,4.73,495.0,234205.0,4.743
601328.SH,2022-12-12,0.0,4.73,4.74,4.73,254.0,120254.0,4.743
601328.SH,2022-12-12,0.0,4.73,4.74,4.72,3147.0,1488590.0,4.743
601328.SH,2022-12-12,0.0,4.73,4.74,4.73,1757.0,831413.0,4.743
601328.SH,2022-12-12,0.0,4.73,4.74,4.73,1156.0,546895.0,4.743
601328.SH,2022-12-12,0.0,4.73,4.73,4.73,3739.0,1768570.0,4.743
601328.SH,2022-12-12,0.0,4.73,4.73,4.73,1827.0,864182.0,4.743
601328.SH,2022-12-12,0.0,4.73,4.74,4.73,1048.0,495764.0,4.743
601328.SH,2022-12-12,0.0,4.73,4.74,4.73,995.0,470911.0,4.743
601328.SH,2022-12-12,0.0,4.73,4.74,4.73,744.0,352045.0,4.743
601328.SH,2022-12-12,0.0,4.73,4.74,4.73,3007.0,1422490.0,4.743
601328.SH,2022-12-12,0.0,4.74,4.74,4.73,1839.0,870526.0,4.743
601328.SH,2022-12-12,0.0,4.73,4.74,4.73,628.0,297193.0,4.743
601328.SH,2022-12-12,0.0,4.73,4.74,4.72,4470.0,2114360.0,4.743
601328.SH,2022-12-12,0.0,4.73,4.74,4.73,655.0,310088.0,4.743
601328.SH,2022-12-12,0.0,4.73,4.74,4.73,2632.0,1245410.0,4.743
601328.SH,2022-12-12,0.0,4.73,4.74,4.73,1200.0,568000.0,4.743
601328.SH,2022-12-12,0.0,4.73,4.74,4.73,805.0,380851.0,4.743
601328.SH,2022-12-12,0.0,4.73,4.74,4.72,2112.0,998975.0,4.743
601328.SH,2022-12-12,0.0,4.72,4.74,4.72,2027.0,958767.0,4.743
601328.SH,2022-12-12,0.0,4.72,4.73,4.72,2103.0,994573.0,4.742
601328.SH,2022-12-12,0.0,4.72,4.73,4.72,1713.0,810088.0,4.742
601328.SH,2022-12-12,0.0,4.72,4.73,4.72,1241.0,586534.0,4.742
601328.SH,2022-12-12,0.0,4.72,4.73,4.72,615.0,290688.0,4.742
601328.SH,2022-12-12,0.0,4.73,4.73,4.72,1094.0,516546.0,4.742
601328.SH,2022-12-12,0.0,4.72,4.73,4.72,4877.0,2304180.0,4.742
601328.SH,2022-12-12,0.0,4.72,4.73,4.72,498.0,235336.0,4.742
601328.SH,2022-12-12,0.0,4.72,4.73,4.72,1088.0,514037.0,4.742
601328.SH,2022-12-12,0.0,4.72,4.73,4.72,2759.0,1303970.0,4.742
601328.SH,2022-12-12,0.0,4.73,4.73,4.72,1569.0,741158.0,4.742
601328.SH,2022-12-12,0.0,4.72,4.73,4.72,4335.0,2048760.0,4.742
601328.SH,2022-12-12,0.0,4.73,4.73,4.72,2723.0,1286170.0,4.742
601328.SH,2022-12-12,0.0,4.72,4.73,4.72,2010.0,949147.0,4.742
601328.SH,2022-12-12,0.0,4.73,4.73,4.72,8894.0,4205640.0,4.742
601328.SH,2022-12-12,0.0,4.73,4.73,4.72,10394.0,4908360.0,4.741
601328.SH,2022-12-12,0.0,4.72,4.73,4.72,2249.0,1062870.0,4.741
601328.SH,2022-12-12,0.0,4.73,4.73,4.72,2985.0,1409780.0,4.741
601328.SH,2022-12-12,0.0,4.73,4.73,4.73,0.0,0.0,4.741
601328.SH,2022-12-12,0.0,4.73,4.73,4.73,0.0,0.0,4.741
601328.SH,2022-12-12,0.0,4.72,4.72,4.72,17801.0,8401840.0,4.741
601328.SH,2022-12-13,0.0,4.72,4.72,4.72,7432.0,3508090.0,4.72
601328.SH,2022-12-13,0.0,4.74,4.74,4.73,9977.0,4722890.0,4.728
601328.SH,2022-12-13,0.0,4.75,4.75,4.73,16372.0,7760060.0,4.734
601328.SH,2022-12-13,0.0,4.74,4.75,4.73,8461.0,4010850.0,4.735
601328.SH,2022-12-13,0.0,4.75,4.75,4.73,5004.0,2372420.0,4.736
601328.SH,2022-12-13,0.0,4.75,4.75,4.74,4346.0,2064050.0,4.737
601328.SH,2022-12-13,0.0,4.74,4.75,4.74,3119.0,1480700.0,4.737
601328.SH,2022-12-13,0.0,4.74,4.75,4.74,1245.0,590422.0,4.738
601328.SH,2022-12-13,0.0,4.74,4.75,4.74,8584.0,4068940.0,4.738
601328.SH,2022-12-13,0.0,4.74,4.75,4.74,4397.0,2086450.0,4.738
601328.SH,2022-12-13,0.0,4.74,4.75,4.74,5258.0,2492570.0,4.739
601328.SH,2022-12-13,0.0,4.74,4.75,4.74,1491.0,706759.0,4.739
601328.SH,2022-12-13,0.0,4.74,4.75,4.74,2778.0,1316990.0,4.739
601328.SH,2022-12-13,0.0,4.74,4.75,4.74,1420.0,673332.0,4.739
601328.SH,2022-12-13,0.0,4.74,4.75,4.74,1180.0,559896.0,4.739
601328.SH,2022-12-13,0.0,4.74,4.75,4.74,2095.0,993289.0,4.739
601328.SH,2022-12-13,0.0,4.75,4.75,4.74,2478.0,1176000.0,4.739
601328.SH,2022-12-13,0.0,4.75,4.75,4.74,3881.0,1843240.0,4.739
601328.SH,2022-12-13,0.0,4.75,4.75,4.74,2219.0,1053770.0,4.74
601328.SH,2022-12-13,0.0,4.74,4.75,4.74,2004.0,950689.0,4.74
601328.SH,2022-12-13,0.0,4.74,4.75,4.74,2592.0,1229030.0,4.74
601328.SH,2022-12-13,0.0,4.75,4.75,4.74,6671.0,3162590.0,4.74
601328.SH,2022-12-13,0.0,4.75,4.75,4.74,437.0,207162.0,4.74
601328.SH,2022-12-13,0.0,4.74,4.75,4.74,1135.0,537997.0,4.74
601328.SH,2022-12-13,0.0,4.74,4.75,4.74,979.0,464586.0,4.74
601328.SH,2022-12-13,0.0,4.74,4.75,4.74,1817.0,862178.0,4.74
601328.SH,2022-12-13,0.0,4.74,4.75,4.74,2219.0,1052430.0,4.74
601328.SH,2022-12-13,0.0,4.74,4.75,4.74,2012.0,955518.0,4.74
601328.SH,2022-12-13,0.0,4.75,4.75,4.74,636.0,302019.0,4.74
601328.SH,2022-12-13,0.0,4.74,4.75,4.74,1856.0,880196.0,4.74
601328.SH,2022-12-13,0.0,4.74,4.75,4.74,1891.0,896562.0,4.74
601328.SH,2022-12-13,0.0,4.76,4.76,4.74,17591.0,8356940.0,4.742
601328.SH,2022-12-13,0.0,4.75,4.76,4.75,6051.0,2875380.0,4.742
601328.SH,2022-12-13,0.0,4.76,4.76,4.74,5588.0,2654420.0,4.742
601328.SH,2022-12-13,0.0,4.75,4.76,4.75,2258.0,1072720.0,4.743
601328.SH,2022-12-13,0.0,4.75,4.75,4.74,3500.0,1662510.0,4.743
601328.SH,2022-12-13,0.0,4.75,4.76,4.75,2661.0,1264430.0,4.743
601328.SH,2022-12-13,0.0,4.75,4.75,4.75,1484.0,704532.0,4.743
601328.SH,2022-12-13,0.0,4.75,4.75,4.74,507.0,240815.0,4.743
601328.SH,2022-12-13,0.0,4.75,4.76,4.74,1866.0,886586.0,4.743
601328.SH,2022-12-13,0.0,4.75,4.76,4.74,1309.0,622328.0,4.743
601328.SH,2022-12-13,0.0,4.76,4.76,4.75,590.0,280475.0,4.743
601328.SH,2022-12-13,0.0,4.76,4.76,4.75,2902.0,1381150.0,4.744
601328.SH,2022-12-13,0.0,4.76,4.76,4.75,2379.0,1131940.0,4.744
601328.SH,2022-12-13,0.0,4.76,4.76,4.75,728.0,346070.0,4.744
601328.SH,2022-12-13,0.0,4.75,4.76,4.75,840.0,399153.0,4.744
601328.SH,2022-12-13,0.0,4.75,4.76,4.75,648.0,307935.0,4.744
601328.SH,2022-12-13,0.0,4.75,4.76,4.75,2103.0,999134.0,4.744
601328.SH,2022-12-13,0.0,4.76,4.76,4.75,1151.0,547285.0,4.744
601328.SH,2022-12-13,0.0,4.76,4.76,4.75,1607.0,763607.0,4.744
601328.SH,2022-12-13,0.0,4.75,4.76,4.75,1370.0,651558.0,4.744
601328.SH,2022-12-13,0.0,4.75,4.76,4.75,943.0,448689.0,4.744
601328.SH,2022-12-13,0.0,4.76,4.76,4.75,1203.0,571741.0,4.744
601328.SH,2022-12-13,0.0,4.76,4.76,4.75,580.0,275836.0,4.744
601328.SH,2022-12-13,0.0,4.75,4.76,4.75,1981.0,941253.0,4.744
601328.SH,2022-12-13,0.0,4.75,4.76,4.75,2046.0,972092.0,4.745
601328.SH,2022-12-13,0.0,4.75,4.76,4.75,1104.0,524989.0,4.745
601328.SH,2022-12-13,0.0,4.76,4.76,4.75,2182.0,1037190.0,4.745
601328.SH,2022-12-13,0.0,4.76,4.76,4.75,295.0,140304.0,4.745
601328.SH,2022-12-13,0.0,4.75,4.76,4.75,2921.0,1387820.0,4.745
601328.SH,2022-12-13,0.0,4.75,4.75,4.74,2090.0,992679.0,4.745
601328.SH,2022-12-13,0.0,4.74,4.75,4.74,702.0,333189.0,4.745
601328.SH,2022-12-13,0.0,4.74,4.75,4.74,288.0,136673.0,4.745
601328.SH,2022-12-13,0.0,4.74,4.75,4.74,2289.0,1086070.0,4.745
601328.SH,2022-12-13,0.0,4.75,4.75,4.74,1026.0,486599.0,4.745
601328.SH,2022-12-13,0.0,4.75,4.75,4.74,340.0,161361.0,4.745
601328.SH,2022-12-13,0.0,4.74,4.75,4.74,655.0,310994.0,4.745
601328.SH,2022-12-13,0.0,4.75,4.75,4.74,450.0,213522.0,4.745
601328.SH,2022-12-13,0.0,4.75,4.75,4.74,1746.0,829061.0,4.745
601328.SH,2022-12-13,0.0,4.74,4.75,4.74,309.0,146676.0,4.745
601328.SH,2022-12-13,0.0,4.74,4.75,4.74,385.0,182699.0,4.745
601328.SH,2022-12-13,0.0,4.74,4.75,4.74,641.0,303885.0,4.745
601328.SH,2022-12-13,0.0,4.75,4.75,4.74,598.0,283571.0,4.745
601328.SH,2022-12-13,0.0,4.75,4.75,4.74,836.0,396803.0,4.745
601328.SH,2022-12-13,0.0,4.75,4.75,4.74,1186.0,562675.0,4.745
601328.SH,2022-12-13,0.0,4.75,4.75,4.74,377.0,178795.0,4.745
601328.SH,2022-12-13,0.0,4.74,4.75,4.74,583.0,276444.0,4.745
601328.SH,2022-12-13,0.0,4.74,4.75,4.74,479.0,227254.0,4.745
601328.SH,2022-12-13,0.0,4.75,4.75,4.74,2386.0,1131510.0,4.745
601328.SH,2022-12-13,0.0,4.74,4.75,4.74,1010.0,479022.0,4.745
601328.SH,2022-12-13,0.0,4.74,4.75,4.74,3289.0,1559080.0,4.745
601328.SH,2022-12-13,0.0,4.74,4.75,4.74,630.0,298679.0,4.745
601328.SH,2022-12-13,0.0,4.74,4.75,4.74,1130.0,535670.0,4.745
601328.SH,2022-12-13,0.0,4.75,4.75,4.74,708.0,335703.0,4.745
601328.SH,2022-12-13,0.0,4.75,4.75,4.74,3104.0,1471440.0,4.745
601328.SH,2022-12-13,0.0,4.74,4.75,4.74,2000.0,948104.0,4.745
601328.SH,2022-12-13,0.0,4.74,4.74,4.73,11352.0,5380780.0,4.744
601328.SH,2022-12-13,0.0,4.74,4.74,4.73,668.0,316626.0,4.744
601328.SH,2022-12-13,0.0,4.73,4.74,4.73,240.0,113547.0,4.744
601328.SH,2022-12-13,0.0,4.73,4.74,4.73,301.0,142503.0,4.744
601328.SH,2022-12-13,0.0,4.74,4.74,4.73,508.0,240388.0,4.744
601328.SH,2022-12-13,0.0,4.74,4.74,4.73,734.0,347534.0,4.744
601328.SH,2022-12-13,0.0,4.73,4.74,4.73,1235.0,584562.0,4.744
601328.SH,2022-12-13,0.0,4.74,4.74,4.73,1148.0,543105.0,4.744
601328.SH,2022-12-13,0.0,4.73,4.74,4.73,351.0,166262.0,4.744
601328.SH,2022-12-13,0.0,4.73,4.74,4.73,1335.0,631905.0,4.744
601328.SH,2022-12-13,0.0,4.74,4.74,4.73,778.0,368521.0,4.744
601328.SH,2022-12-13,0.0,4.73,4.74,4.73,769.0,363846.0,4.744
601328.SH,2022-12-13,0.0,4.73,4.74,4.73,646.0,305950.0,4.744
601328.SH,2022-12-13,0.0,4.73,4.74,4.73,1272.0,601741.0,4.744
601328.SH,2022-12-13,0.0,4.73,4.74,4.73,1162.0,549742.0,4.744
601328.SH,2022-12-13,0.0,4.74,4.74,4.73,1716.0,812940.0,4.744
601328.SH,2022-12-13,0.0,4.74,4.74,4.73,1212.0,574056.0,4.744
601328.SH,2022-12-13,0.0,4.73,4.74,4.73,1429.0,676646.0,4.744
601328.SH,2022-12-13,0.0,4.74,4.74,4.74,5079.0,2407070.0,4.744
601328.SH,2022-12-13,0.0,4.73,4.74,4.73,1702.0,806033.0,4.744
601328.SH,2022-12-13,0.0,4.74,4.74,4.73,1293.0,612087.0,4.744
601328.SH,2022-12-13,0.0,4.73,4.74,4.73,623.0,295112.0,4.744
601328.SH,2022-12-13,0.0,4.74,4.74,4.73,6655.0,3154460.0,4.743
601328.SH,2022-12-13,0.0,4.74,4.74,4.73,1187.0,562405.0,4.743
601328.SH,2022-12-13,0.0,4.74,4.74,4.73,593.0,280974.0,4.743
601328.SH,2022-12-13,0.0,4.74,4.74,4.73,1673.0,791718.0,4.743
601328.SH,2022-12-13,0.0,4.73,4.74,4.73,2918.0,1380500.0,4.743
601328.SH,2022-12-13,0.0,4.73,4.74,4.73,1920.0,908372.0,4.743
601328.SH,2022-12-13,0.0,4.73,4.74,4.73,1883.0,890898.0,4.743
601328.SH,2022-12-13,0.0,4.73,4.74,4.73,775.0,366788.0,4.743
601328.SH,2022-12-13,0.0,4.73,4.74,4.73,753.0,356320.0,4.743
601328.SH,2022-12-13,0.0,4.73,4.74,4.73,362.0,171350.0,4.743
601328.SH,2022-12-13,0.0,4.73,4.74,4.73,793.0,375270.0,4.743
601328.SH,2022-12-13,0.0,4.73,4.74,4.73,211.0,99889.0,4.743
601328.SH,2022-12-13,0.0,4.73,4.74,4.73,571.0,270193.0,4.743
601328.SH,2022-12-13,0.0,4.74,4.74,4.73,12505.0,5926120.0,4.743
601328.SH,2022-12-13,0.0,4.74,4.75,4.74,8244.0,3907690.0,4.743
601328.SH,2022-12-13,0.0,4.74,4.75,4.74,1395.0,661246.0,4.743
601328.SH,2022-12-13,0.0,4.74,4.74,4.74,2708.0,1283580.0,4.743
601328.SH,2022-12-13,0.0,4.74,4.74,4.74,1953.0,925722.0,4.743
601328.SH,2022-12-13,0.0,4.74,4.74,4.73,1106.0,524230.0,4.743
601328.SH,2022-12-13,0.0,4.74,4.75,4.74,1332.0,631383.0,4.743
601328.SH,2022-12-13,0.0,4.74,4.75,4.73,1167.0,553304.0,4.743
601328.SH,2022-12-13,0.0,4.74,4.74,4.73,2549.0,1207910.0,4.743
601328.SH,2022-12-13,0.0,4.74,4.74,4.73,1022.0,483793.0,4.743
601328.SH,2022-12-13,0.0,4.73,4.74,4.73,1043.0,494308.0,4.743
601328.SH,2022-12-13,0.0,4.73,4.74,4.73,2391.0,1132600.0,4.742
601328.SH,2022-12-13,0.0,4.74,4.74,4.73,3721.0,1763850.0,4.742
601328.SH,2022-12-13,0.0,4.74,4.75,4.74,1440.0,683071.0,4.742
601328.SH,2022-12-13,0.0,4.75,4.75,4.74,4174.0,1980670.0,4.742
601328.SH,2022-12-13,0.0,4.74,4.75,4.74,4561.0,2166150.0,4.743
601328.SH,2022-12-13,0.0,4.74,4.75,4.74,985.0,467078.0,4.743
601328.SH,2022-12-13,0.0,4.74,4.75,4.74,923.0,438148.0,4.743
601328.SH,2022-12-13,0.0,4.74,4.75,4.74,192.0,91101.0,4.743
601328.SH,2022-12-13,0.0,4.74,4.75,4.74,874.0,414725.0,4.743
601328.SH,2022-12-13,0.0,4.74,4.75,4.74,475.0,225299.0,4.743
601328.SH,2022-12-13,0.0,4.74,4.75,4.74,3796.0,1802290.0,4.743
601328.SH,2022-12-13,0.0,4.75,4.75,4.74,778.0,369066.0,4.743
601328.SH,2022-12-13,0.0,4.75,4.75,4.74,996.0,472698.0,4.743
601328.SH,2022-12-13,0.0,4.74,4.75,4.74,686.0,325326.0,4.743
601328.SH,2022-12-13,0.0,4.74,4.75,4.74,500.0,237440.0,4.743
601328.SH,2022-12-13,0.0,4.75,4.75,4.74,555.0,263279.0,4.743
601328.SH,2022-12-13,0.0,4.75,4.75,4.74,919.0,436412.0,4.743
601328.SH,2022-12-13,0.0,4.75,4.75,4.74,563.0,267266.0,4.743
601328.SH,2022-12-13,0.0,4.74,4.75,4.74,1218.0,578018.0,4.743
601328.SH,2022-12-13,0.0,4.75,4.75,4.74,6075.0,2885190.0,4.743
601328.SH,2022-12-13,0.0,4.74,4.75,4.74,1171.0,555154.0,4.743
601328.SH,2022-12-13,0.0,4.75,4.75,4.74,727.0,345047.0,4.743
601328.SH,2022-12-13,0.0,4.75,4.75,4.74,1027.0,487589.0,4.743
601328.SH,2022-12-13,0.0,4.75,4.75,4.74,1258.0,596857.0,4.743
601328.SH,2022-12-13,0.0,4.74,4.75,4.74,2777.0,1318680.0,4.743
601328.SH,2022-12-13,0.0,4.74,4.75,4.74,1484.0,703903.0,4.743
601328.SH,2022-12-13,0.0,4.75,4.75,4.74,2238.0,1061150.0,4.743
601328.SH,2022-12-13,0.0,4.75,4.75,4.74,3258.0,1544760.0,4.743
601328.SH,2022-12-13,0.0,4.74,4.75,4.74,2659.0,1260680.0,4.743
601328.SH,2022-12-13,0.0,4.74,4.75,4.74,1978.0,937773.0,4.743
601328.SH,2022-12-13,0.0,4.74,4.74,4.74,3030.0,1436640.0,4.743
601328.SH,2022-12-13,0.0,4.75,4.75,4.74,1315.0,623725.0,4.743
601328.SH,2022-12-13,0.0,4.74,4.75,4.74,2045.0,969590.0,4.743
601328.SH,2022-12-13,0.0,4.74,4.75,4.74,1865.0,884338.0,4.743
601328.SH,2022-12-13,0.0,4.74,4.75,4.73,2115.0,1002240.0,4.743
601328.SH,2022-12-13,0.0,4.74,4.75,4.74,646.0,306589.0,4.743
601328.SH,2022-12-13,0.0,4.75,4.75,4.74,980.0,465291.0,4.743
601328.SH,2022-12-13,0.0,4.75,4.75,4.74,753.0,357187.0,4.743
601328.SH,2022-12-13,0.0,4.75,4.75,4.74,24762.0,11761600.0,4.743
601328.SH,2022-12-13,0.0,4.75,4.76,4.75,3016.0,1432710.0,4.743
601328.SH,2022-12-13,0.0,4.75,4.76,4.75,2511.0,1193150.0,4.743
601328.SH,2022-12-13,0.0,4.75,4.76,4.75,2145.0,1020400.0,4.743
601328.SH,2022-12-13,0.0,4.75,4.76,4.75,888.0,422160.0,4.743
601328.SH,2022-12-13,0.0,4.75,4.76,4.75,1431.0,680720.0,4.744
601328.SH,2022-12-13,0.0,4.75,4.76,4.75,2017.0,958763.0,4.744
601328.SH,2022-12-13,0.0,4.76,4.76,4.75,2759.0,1310840.0,4.744
601328.SH,2022-12-13,0.0,4.75,4.76,4.75,792.0,376241.0,4.744
601328.SH,2022-12-13,0.0,4.76,4.76,4.75,1949.0,926438.0,4.744
601328.SH,2022-12-13,0.0,4.75,4.76,4.75,778.0,370037.0,4.744
601328.SH,2022-12-13,0.0,4.76,4.76,4.75,1870.0,889280.0,4.744
601328.SH,2022-12-13,0.0,4.75,4.76,4.75,1051.0,499796.0,4.744
601328.SH,2022-12-13,0.0,4.76,4.76,4.75,1296.0,615673.0,4.744
601328.SH,2022-12-13,0.0,4.75,4.76,4.75,1821.0,865537.0,4.744
601328.SH,2022-12-13,0.0,4.76,4.76,4.75,1143.0,543100.0,4.744
601328.SH,2022-12-13,0.0,4.75,4.76,4.75,1691.0,803403.0,4.744
601328.SH,2022-12-13,0.0,4.75,4.76,4.75,6024.0,2861390.0,4.744
601328.SH,2022-12-13,0.0,4.75,4.76,4.75,2365.0,1123600.0,4.744
601328.SH,2022-12-13,0.0,4.75,4.76,4.75,1129.0,536289.0,4.744
601328.SH,2022-12-13,0.0,4.75,4.76,4.75,1254.0,596065.0,4.744
601328.SH,2022-12-13,0.0,4.75,4.76,4.75,584.0,277483.0,4.744
601328.SH,2022-12-13,0.0,4.75,4.76,4.75,4005.0,1902560.0,4.744
601328.SH,2022-12-13,0.0,4.75,4.76,4.75,1600.0,760215.0,4.744
601328.SH,2022-12-13,0.0,4.75,4.76,4.75,1630.0,774995.0,4.744
601328.SH,2022-12-13,0.0,4.75,4.76,4.75,1636.0,777324.0,4.744
601328.SH,2022-12-13,0.0,4.75,4.76,4.75,1247.0,592957.0,4.744
601328.SH,2022-12-13,0.0,4.76,4.76,4.75,2948.0,1401580.0,4.744
601328.SH,2022-12-13,0.0,4.75,4.76,4.75,9780.0,4641230.0,4.744
601328.SH,2022-12-13,0.0,4.75,4.76,4.75,866.0,411373.0,4.744
601328.SH,2022-12-13,0.0,4.76,4.76,4.75,865.0,411140.0,4.744
601328.SH,2022-12-13,0.0,4.75,4.76,4.75,915.0,435033.0,4.744
601328.SH,2022-12-13,0.0,4.75,4.76,4.75,1029.0,489242.0,4.744
601328.SH,2022-12-13,0.0,4.75,4.76,4.75,1471.0,699285.0,4.744
601328.SH,2022-12-13,0.0,4.76,4.76,4.75,1187.0,564541.0,4.744
601328.SH,2022-12-13,0.0,4.76,4.76,4.75,1795.0,853745.0,4.745
601328.SH,2022-12-13,0.0,4.76,4.76,4.75,1575.0,749093.0,4.745
601328.SH,2022-12-13,0.0,4.75,4.76,4.75,1562.0,742473.0,4.745
601328.SH,2022-12-13,0.0,4.75,4.76,4.75,2128.0,1011640.0,4.745
601328.SH,2022-12-13,0.0,4.76,4.76,4.75,1254.0,596148.0,4.745
601328.SH,2022-12-13,0.0,4.75,4.76,4.75,1866.0,886901.0,4.745
601328.SH,2022-12-13,0.0,4.75,4.76,4.75,1287.0,611647.0,4.745
601328.SH,2022-12-13,0.0,4.75,4.76,4.75,1629.0,774427.0,4.745
601328.SH,2022-12-13,0.0,4.76,4.76,4.75,1168.0,555359.0,4.745
601328.SH,2022-12-13,0.0,4.75,4.76,4.75,1705.0,810174.0,4.745
601328.SH,2022-12-13,0.0,4.76,4.76,4.75,9195.0,4367750.0,4.745
601328.SH,2022-12-13,0.0,4.75,4.76,4.75,993.0,471775.0,4.745
601328.SH,2022-12-13,0.0,4.76,4.76,4.75,1531.0,728172.0,4.745
601328.SH,2022-12-13,0.0,4.75,4.76,4.75,1210.0,574949.0,4.745
601328.SH,2022-12-13,0.0,4.76,4.76,4.75,692.0,328835.0,4.745
601328.SH,2022-12-13,0.0,4.75,4.76,4.75,4407.0,2094610.0,4.745
601328.SH,2022-12-13,0.0,4.75,4.76,4.75,2523.0,1198740.0,4.745
601328.SH,2022-12-13,0.0,4.75,4.76,4.75,2593.0,1232310.0,4.745
601328.SH,2022-12-13,0.0,4.75,4.76,4.74,2933.0,1392810.0,4.745
601328.SH,2022-12-13,0.0,4.74,4.75,4.74,1994.0,946314.0,4.745
601328.SH,2022-12-13,0.0,4.75,4.75,4.74,974.0,461962.0,4.745
601328.SH,2022-12-13,0.0,4.74,4.75,4.74,2745.0,1302710.0,4.745
601328.SH,2022-12-13,0.0,4.75,4.75,4.74,1436.0,681424.0,4.745
601328.SH,2022-12-13,0.0,4.75,4.75,4.74,2169.0,1029310.0,4.745
601328.SH,2022-12-13,0.0,4.74,4.75,4.74,3013.0,1429130.0,4.745
601328.SH,2022-12-13,0.0,4.74,4.75,4.74,1973.0,936312.0,4.745
601328.SH,2022-12-13,0.0,4.75,4.75,4.74,5361.0,2541430.0,4.745
601328.SH,2022-12-13,0.0,4.74,4.75,4.74,2095.0,993273.0,4.745
601328.SH,2022-12-13,0.0,4.74,4.75,4.74,1942.0,921279.0,4.745
601328.SH,2022-12-13,0.0,4.75,4.75,4.74,694.0,329330.0,4.745
601328.SH,2022-12-13,0.0,4.74,4.75,4.74,2986.0,1416840.0,4.745
601328.SH,2022-12-13,0.0,4.74,4.75,4.74,3871.0,1837260.0,4.745
601328.SH,2022-12-13,0.0,4.75,4.75,4.73,5744.0,2722320.0,4.745
601328.SH,2022-12-13,0.0,4.75,4.75,4.75,0.0,0.0,4.745
601328.SH,2022-12-13,0.0,4.75,4.75,4.75,0.0,0.0,4.745
601328.SH,2022-12-13,0.0,4.74,4.74,4.74,12756.0,6046340.0,4.745
601328.SH,2022-12-14,0.0,4.75,4.75,4.75,5242.0,2489950.0,4.75
601328.SH,2022-12-14,0.0,4.75,4.76,4.74,10392.0,4935630.0,4.75
601328.SH,2022-12-14,0.0,4.74,4.75,4.74,594.0,281897.0,4.75
601328.SH,2022-12-14,0.0,4.75,4.75,4.74,2176.0,1033230.0,4.749
601328.SH,2022-12-14,0.0,4.75,4.75,4.74,5372.0,2551680.0,4.75
601328.SH,2022-12-14,0.0,4.74,4.75,4.74,357.0,169509.0,4.75
601328.SH,2022-12-14,0.0,4.75,4.75,4.74,1953.0,927493.0,4.749
601328.SH,2022-12-14,0.0,4.74,4.75,4.74,1588.0,754295.0,4.75
601328.SH,2022-12-14,0.0,4.75,4.75,4.74,1722.0,817213.0,4.749
601328.SH,2022-12-14,0.0,4.74,4.75,4.74,873.0,414054.0,4.749
601328.SH,2022-12-14,0.0,4.74,4.75,4.74,2210.0,1047670.0,4.749
601328.SH,2022-12-14,0.0,4.74,4.75,4.74,4197.0,1989450.0,4.748
601328.SH,2022-12-14,0.0,4.73,4.74,4.73,14502.0,6872270.0,4.745
601328.SH,2022-12-14,0.0,4.74,4.74,4.73,18467.0,8734910.0,4.741
601328.SH,2022-12-14,0.0,4.73,4.74,4.72,11063.0,5233210.0,4.74
601328.SH,2022-12-14,0.0,4.74,4.74,4.73,2181.0,1032150.0,4.739
601328.SH,2022-12-14,0.0,4.73,4.74,4.73,2610.0,1234670.0,4.739
601328.SH,2022-12-14,0.0,4.73,4.74,4.73,4441.0,2100620.0,4.739
601328.SH,2022-12-14,0.0,4.73,4.74,4.72,1230.0,581558.0,4.739
601328.SH,2022-12-14,0.0,4.73,4.74,4.73,1219.0,576888.0,4.739
601328.SH,2022-12-14,0.0,4.73,4.74,4.73,3866.0,1828700.0,4.738
601328.SH,2022-12-14,0.0,4.73,4.73,4.72,15194.0,7186360.0,4.737
601328.SH,2022-12-14,0.0,4.74,4.74,4.73,2119.0,1003750.0,4.737
601328.SH,2022-12-14,0.0,4.74,4.74,4.73,925.0,437769.0,4.737
601328.SH,2022-12-14,0.0,4.75,4.75,4.74,18238.0,8646440.0,4.738
601328.SH,2022-12-14,0.0,4.75,4.75,4.74,229.0,108765.0,4.738
601328.SH,2022-12-14,0.0,4.75,4.75,4.74,691.0,328164.0,4.738
601328.SH,2022-12-14,0.0,4.75,4.75,4.74,450.0,213533.0,4.738
601328.SH,2022-12-14,0.0,4.75,4.75,4.74,3160.0,1498020.0,4.738
601328.SH,2022-12-14,0.0,4.74,4.75,4.74,842.0,399237.0,4.738
601328.SH,2022-12-14,0.0,4.75,4.75,4.74,1282.0,607816.0,4.738
601328.SH,2022-12-14,0.0,4.75,4.75,4.74,773.0,366578.0,4.738
601328.SH,2022-12-14,0.0,4.75,4.75,4.74,1108.0,525406.0,4.738
601328.SH,2022-12-14,0.0,4.74,4.75,4.74,3762.0,1784880.0,4.738
601328.SH,2022-12-14,0.0,4.75,4.75,4.74,1147.0,544066.0,4.738
601328.SH,2022-12-14,0.0,4.75,4.75,4.74,11070.0,5257120.0,4.739
601328.SH,2022-12-14,0.0,4.74,4.75,4.74,815.0,386663.0,4.739
601328.SH,2022-12-14,0.0,4.75,4.75,4.74,481.0,228073.0,4.739
601328.SH,2022-12-14,0.0,4.75,4.75,4.74,484.0,229530.0,4.739
601328.SH,2022-12-14,0.0,4.74,4.75,4.74,746.0,353739.0,4.739
601328.SH,2022-12-14,0.0,4.74,4.75,4.74,2760.0,1309690.0,4.739
601328.SH,2022-12-14,0.0,4.74,4.75,4.74,1240.0,587945.0,4.739
601328.SH,2022-12-14,0.0,4.74,4.75,4.74,2588.0,1226910.0,4.739
601328.SH,2022-12-14,0.0,4.75,4.75,4.74,1714.0,813271.0,4.739
601328.SH,2022-12-14,0.0,4.75,4.75,4.74,1232.0,584121.0,4.739
601328.SH,2022-12-14,0.0,4.74,4.75,4.74,3634.0,1722570.0,4.739
601328.SH,2022-12-14,0.0,4.75,4.75,4.74,1793.0,850354.0,4.739
601328.SH,2022-12-14,0.0,4.75,4.75,4.74,7889.0,3739630.0,4.739
601328.SH,2022-12-14,0.0,4.73,4.74,4.73,621.0,294149.0,4.739
601328.SH,2022-12-14,0.0,4.74,4.74,4.73,621.0,294087.0,4.739
601328.SH,2022-12-14,0.0,4.73,4.74,4.73,481.0,227583.0,4.739
601328.SH,2022-12-14,0.0,4.74,4.74,4.73,877.0,415170.0,4.739
601328.SH,2022-12-14,0.0,4.74,4.74,4.73,2234.0,1056820.0,4.739
601328.SH,2022-12-14,0.0,4.74,4.74,4.73,1979.0,936095.0,4.739
601328.SH,2022-12-14,0.0,4.73,4.74,4.73,590.0,279178.0,4.739
601328.SH,2022-12-14,0.0,4.74,4.74,4.73,1151.0,544705.0,4.739
601328.SH,2022-12-14,0.0,4.74,4.74,4.73,560.0,265012.0,4.739
601328.SH,2022-12-14,0.0,4.73,4.74,4.73,832.0,393569.0,4.739
601328.SH,2022-12-14,0.0,4.73,4.74,4.73,1154.0,546350.0,4.739
601328.SH,2022-12-14,0.0,4.74,4.74,4.73,241.0,114107.0,4.739
601328.SH,2022-12-14,0.0,4.73,4.74,4.73,791.0,374303.0,4.739
601328.SH,2022-12-14,0.0,4.73,4.74,4.73,459.0,217251.0,4.739
601328.SH,2022-12-14,0.0,4.74,4.74,4.73,475.0,224717.0,4.739
601328.SH,2022-12-14,0.0,4.73,4.74,4.73,1381.0,653301.0,4.739
601328.SH,2022-12-14,0.0,4.73,4.74,4.73,852.0,403033.0,4.739
601328.SH,2022-12-14,0.0,4.73,4.74,4.73,977.0,462123.0,4.739
601328.SH,2022-12-14,0.0,4.73,4.73,4.73,5114.0,2418950.0,4.738
601328.SH,2022-12-14,0.0,4.73,4.74,4.73,1180.0,558286.0,4.738
601328.SH,2022-12-14,0.0,4.73,4.74,4.73,667.0,315524.0,4.738
601328.SH,2022-12-14,0.0,4.73,4.74,4.73,397.0,187796.0,4.738
601328.SH,2022-12-14,0.0,4.74,4.74,4.73,1948.0,921646.0,4.738
601328.SH,2022-12-14,0.0,4.73,4.74,4.73,820.0,388086.0,4.738
601328.SH,2022-12-14,0.0,4.73,4.74,4.72,10226.0,4836540.0,4.738
601328.SH,2022-12-14,0.0,4.73,4.74,4.72,1673.0,791173.0,4.738
601328.SH,2022-12-14,0.0,4.73,4.74,4.73,664.0,314087.0,4.738
601328.SH,2022-12-14,0.0,4.73,4.74,4.73,2126.0,1005740.0,4.738
601328.SH,2022-12-14,0.0,4.73,4.74,4.73,622.0,294277.0,4.738
601328.SH,2022-12-14,0.0,4.73,4.73,4.73,855.0,404467.0,4.738
601328.SH,2022-12-14,0.0,4.73,4.74,4.73,1708.0,808157.0,4.738
601328.SH,2022-12-14,0.0,4.74,4.74,4.73,1452.0,686913.0,4.738
601328.SH,2022-12-14,0.0,4.73,4.73,4.73,1007.0,476328.0,4.738
601328.SH,2022-12-14,0.0,4.74,4.74,4.72,2843.0,1344820.0,4.737
601328.SH,2022-12-14,0.0,4.73,4.74,4.72,1251.0,591505.0,4.737
601328.SH,2022-12-14,0.0,4.73,4.73,4.73,391.0,184943.0,4.737
601328.SH,2022-12-14,0.0,4.73,4.74,4.73,807.0,382117.0,4.737
601328.SH,2022-12-14,0.0,4.73,4.74,4.73,1007.0,476504.0,4.737
601328.SH,2022-12-14,0.0,4.74,4.74,4.73,545.0,257914.0,4.737
601328.SH,2022-12-14,0.0,4.73,4.74,4.73,1149.0,543699.0,4.737
601328.SH,2022-12-14,0.0,4.73,4.74,4.73,543.0,256891.0,4.737
601328.SH,2022-12-14,0.0,4.73,4.74,4.73,906.0,428551.0,4.737
601328.SH,2022-12-14,0.0,4.73,4.74,4.73,437.0,206717.0,4.737
601328.SH,2022-12-14,0.0,4.73,4.74,4.73,805.0,380789.0,4.737
601328.SH,2022-12-14,0.0,4.74,4.74,4.73,1720.0,814616.0,4.737
601328.SH,2022-12-14,0.0,4.73,4.74,4.73,1003.0,474850.0,4.737
601328.SH,2022-12-14,0.0,4.73,4.74,4.73,3843.0,1820940.0,4.737
601328.SH,2022-12-14,0.0,4.73,4.74,4.73,927.0,438935.0,4.737
601328.SH,2022-12-14,0.0,4.73,4.74,4.73,8279.0,3923690.0,4.737
601328.SH,2022-12-14,0.0,4.73,4.73,4.73,2932.0,1387020.0,4.737
601328.SH,2022-12-14,0.0,4.74,4.75,4.73,18431.0,8734220.0,4.737
601328.SH,2022-12-14,0.0,4.74,4.75,4.74,795.0,377051.0,4.737
601328.SH,2022-12-14,0.0,4.74,4.74,4.74,815.0,386311.0,4.737
601328.SH,2022-12-14,0.0,4.74,4.75,4.74,834.0,395322.0,4.737
601328.SH,2022-12-14,0.0,4.74,4.75,4.74,1048.0,496821.0,4.737
601328.SH,2022-12-14,0.0,4.74,4.74,4.74,4424.0,2099390.0,4.738
601328.SH,2022-12-14,0.0,4.74,4.75,4.74,664.0,314753.0,4.738
601328.SH,2022-12-14,0.0,4.74,4.74,4.74,1188.0,563113.0,4.738
601328.SH,2022-12-14,0.0,4.74,4.74,4.74,1687.0,799652.0,4.738
601328.SH,2022-12-14,0.0,4.74,4.75,4.74,2650.0,1256700.0,4.738
601328.SH,2022-12-14,0.0,4.74,4.75,4.74,548.0,259804.0,4.738
601328.SH,2022-12-14,0.0,4.74,4.75,4.74,954.0,452514.0,4.738
601328.SH,2022-12-14,0.0,4.74,4.75,4.74,1797.0,852670.0,4.738
601328.SH,2022-12-14,0.0,4.74,4.75,4.74,2094.0,993781.0,4.738
601328.SH,2022-12-14,0.0,4.74,4.75,4.74,1220.0,578604.0,4.738
601328.SH,2022-12-14,0.0,4.75,4.75,4.74,3343.0,1587350.0,4.738
601328.SH,2022-12-14,0.0,4.74,4.75,4.74,720.0,341444.0,4.738
601328.SH,2022-12-14,0.0,4.74,4.75,4.74,1211.0,574893.0,4.738
601328.SH,2022-12-14,0.0,4.74,4.75,4.74,1119.0,531366.0,4.738
601328.SH,2022-12-14,0.0,4.74,4.75,4.74,3809.0,1805590.0,4.738
601328.SH,2022-12-14,0.0,4.74,4.75,4.74,1003.0,476027.0,4.738
601328.SH,2022-12-14,0.0,4.74,4.75,4.74,1932.0,915889.0,4.738
601328.SH,2022-12-14,0.0,4.75,4.75,4.74,1306.0,619391.0,4.738
601328.SH,2022-12-14,0.0,4.75,4.75,4.74,10070.0,4781520.0,4.738
601328.SH,2022-12-14,0.0,4.76,4.76,4.74,38025.0,18064300.0,4.74
601328.SH,2022-12-14,0.0,4.76,4.76,4.75,2039.0,970399.0,4.74
601328.SH,2022-12-14,0.0,4.76,4.76,4.75,2690.0,1280010.0,4.74
601328.SH,2022-12-14,0.0,4.76,4.76,4.75,1564.0,743610.0,4.74
601328.SH,2022-12-14,0.0,4.75,4.76,4.75,575.0,273389.0,4.74
601328.SH,2022-12-14,0.0,4.76,4.76,4.75,1348.0,641048.0,4.74
601328.SH,2022-12-14,0.0,4.76,4.76,4.75,2273.0,1080660.0,4.74
601328.SH,2022-12-14,0.0,4.75,4.76,4.75,815.0,387619.0,4.74
601328.SH,2022-12-14,0.0,4.76,4.76,4.75,4752.0,2257700.0,4.74
601328.SH,2022-12-14,0.0,4.75,4.76,4.75,1414.0,672216.0,4.74
601328.SH,2022-12-14,0.0,4.75,4.76,4.75,1043.0,496132.0,4.74
601328.SH,2022-12-14,0.0,4.76,4.76,4.75,1204.0,572881.0,4.74
601328.SH,2022-12-14,0.0,4.75,4.76,4.75,791.0,376208.0,4.741
601328.SH,2022-12-14,0.0,4.76,4.76,4.75,4913.0,2338210.0,4.741
601328.SH,2022-12-14,0.0,4.76,4.76,4.75,1548.0,736493.0,4.741
601328.SH,2022-12-14,0.0,4.75,4.76,4.75,9600.0,4560280.0,4.741
601328.SH,2022-12-14,0.0,4.75,4.76,4.75,779.0,370114.0,4.741
601328.SH,2022-12-14,0.0,4.75,4.76,4.75,675.0,320817.0,4.741
601328.SH,2022-12-14,0.0,4.75,4.76,4.75,955.0,453702.0,4.741
601328.SH,2022-12-14,0.0,4.75,4.76,4.75,851.0,404428.0,4.741
601328.SH,2022-12-14,0.0,4.75,4.76,4.75,754.0,358701.0,4.741
601328.SH,2022-12-14,0.0,4.76,4.76,4.75,694.0,329862.0,4.741
601328.SH,2022-12-14,0.0,4.75,4.76,4.75,2533.0,1205260.0,4.741
601328.SH,2022-12-14,0.0,4.76,4.77,4.76,32792.0,15608900.0,4.743
601328.SH,2022-12-14,0.0,4.76,4.77,4.76,6971.0,3318100.0,4.743
601328.SH,2022-12-14,0.0,4.76,4.76,4.76,585.0,278476.0,4.743
601328.SH,2022-12-14,0.0,4.76,4.77,4.76,788.0,375091.0,4.743
601328.SH,2022-12-14,0.0,4.76,4.77,4.76,1258.0,598841.0,4.743
601328.SH,2022-12-14,0.0,4.76,4.77,4.76,4846.0,2306620.0,4.743
601328.SH,2022-12-14,0.0,4.76,4.76,4.75,5663.0,2695480.0,4.743
601328.SH,2022-12-14,0.0,4.75,4.76,4.75,1673.0,796156.0,4.744
601328.SH,2022-12-14,0.0,4.76,4.76,4.75,398.0,189298.0,4.744
601328.SH,2022-12-14,0.0,4.76,4.76,4.75,1312.0,624227.0,4.744
601328.SH,2022-12-14,0.0,4.76,4.76,4.75,747.0,354921.0,4.744
601328.SH,2022-12-14,0.0,4.75,4.76,4.75,516.0,245108.0,4.744
601328.SH,2022-12-14,0.0,4.75,4.76,4.75,1274.0,605177.0,4.744
601328.SH,2022-12-14,0.0,4.75,4.76,4.75,1503.0,714663.0,4.744
601328.SH,2022-12-14,0.0,4.75,4.76,4.75,8623.0,4096150.0,4.744
601328.SH,2022-12-14,0.0,4.75,4.76,4.75,1214.0,577172.0,4.744
601328.SH,2022-12-14,0.0,4.75,4.76,4.75,1838.0,873465.0,4.744
601328.SH,2022-12-14,0.0,4.76,4.76,4.75,732.0,348124.0,4.744
601328.SH,2022-12-14,0.0,4.75,4.75,4.75,2727.0,1296720.0,4.744
601328.SH,2022-12-14,0.0,4.75,4.76,4.75,544.0,258618.0,4.744
601328.SH,2022-12-14,0.0,4.75,4.76,4.75,1717.0,815735.0,4.744
601328.SH,2022-12-14,0.0,4.75,4.76,4.75,671.0,318986.0,4.744
601328.SH,2022-12-14,0.0,4.75,4.76,4.75,390.0,185272.0,4.744
601328.SH,2022-12-14,0.0,4.76,4.76,4.75,1068.0,507570.0,4.744
601328.SH,2022-12-14,0.0,4.75,4.76,4.75,1285.0,610455.0,4.744
601328.SH,2022-12-14,0.0,4.75,4.76,4.75,857.0,407423.0,4.744
601328.SH,2022-12-14,0.0,4.75,4.76,4.75,750.0,356546.0,4.744
601328.SH,2022-12-14,0.0,4.75,4.76,4.75,3650.0,1733810.0,4.744
601328.SH,2022-12-14,0.0,4.75,4.76,4.75,673.0,319688.0,4.744
601328.SH,2022-12-14,0.0,4.75,4.76,4.75,1118.0,531362.0,4.744
601328.SH,2022-12-14,0.0,4.76,4.76,4.75,668.0,317435.0,4.744
601328.SH,2022-12-14,0.0,4.75,4.76,4.75,549.0,260778.0,4.744
601328.SH,2022-12-14,0.0,4.75,4.76,4.75,802.0,381191.0,4.744
601328.SH,2022-12-14,0.0,4.75,4.76,4.75,847.0,402327.0,4.744
601328.SH,2022-12-14,0.0,4.75,4.76,4.75,3074.0,1460370.0,4.744
601328.SH,2022-12-14,0.0,4.75,4.75,4.75,6222.0,2955280.0,4.744
601328.SH,2022-12-14,0.0,4.75,4.76,4.75,2038.0,968123.0,4.744
601328.SH,2022-12-14,0.0,4.75,4.76,4.75,629.0,298825.0,4.744
601328.SH,2022-12-14,0.0,4.75,4.76,4.74,2384.0,1133120.0,4.744
601328.SH,2022-12-14,0.0,4.75,4.76,4.75,466.0,221383.0,4.744
601328.SH,2022-12-14,0.0,4.75,4.76,4.75,670.0,318323.0,4.744
601328.SH,2022-12-14,0.0,4.75,4.76,4.75,516.0,245213.0,4.744
601328.SH,2022-12-14,0.0,4.75,4.76,4.75,932.0,442863.0,4.744
601328.SH,2022-12-14,0.0,4.75,4.76,4.75,545.0,258878.0,4.744
601328.SH,2022-12-14,0.0,4.75,4.75,4.75,640.0,304107.0,4.744
601328.SH,2022-12-14,0.0,4.75,4.76,4.75,555.0,263629.0,4.744
601328.SH,2022-12-14,0.0,4.75,4.76,4.75,613.0,291563.0,4.744
601328.SH,2022-12-14,0.0,4.75,4.76,4.75,206.0,97879.0,4.744
601328.SH,2022-12-14,0.0,4.76,4.76,4.75,704.0,334441.0,4.744
601328.SH,2022-12-14,0.0,4.75,4.76,4.75,1017.0,483221.0,4.744
601328.SH,2022-12-14,0.0,4.75,4.75,4.75,874.0,415210.0,4.744
601328.SH,2022-12-14,0.0,4.75,4.76,4.75,1205.0,572420.0,4.744
601328.SH,2022-12-14,0.0,4.75,4.75,4.75,449.0,213417.0,4.744
601328.SH,2022-12-14,0.0,4.75,4.76,4.75,854.0,405815.0,4.744
601328.SH,2022-12-14,0.0,4.75,4.76,4.75,736.0,349779.0,4.744
601328.SH,2022-12-14,0.0,4.75,4.76,4.75,1627.0,772995.0,4.745
601328.SH,2022-12-14,0.0,4.76,4.76,4.75,728.0,346066.0,4.745
601328.SH,2022-12-14,0.0,4.75,4.76,4.75,1301.0,618131.0,4.745
601328.SH,2022-12-14,0.0,4.75,4.76,4.75,1699.0,807231.0,4.745
601328.SH,2022-12-14,0.0,4.75,4.75,4.75,1847.0,877326.0,4.745
601328.SH,2022-12-14,0.0,4.75,4.76,4.75,4587.0,2179970.0,4.745
601328.SH,2022-12-14,0.0,4.75,4.76,4.75,1600.0,760780.0,4.745
601328.SH,2022-12-14,0.0,4.75,4.76,4.75,1611.0,765255.0,4.745
601328.SH,2022-12-14,0.0,4.74,4.76,4.74,3275.0,1555150.0,4.745
601328.SH,2022-12-14,0.0,4.75,4.76,4.74,4228.0,2006560.0,4.745
601328.SH,2022-12-14,0.0,4.74,4.75,4.74,468.0,222027.0,4.745
601328.SH,2022-12-14,0.0,4.75,4.75,4.74,3348.0,1589930.0,4.745
601328.SH,2022-12-14,0.0,4.75,4.75,4.75,2402.0,1140910.0,4.745
601328.SH,2022-12-14,0.0,4.75,4.75,4.74,2469.0,1171780.0,4.745
601328.SH,2022-12-14,0.0,4.74,4.75,4.74,430.0,204039.0,4.745
601328.SH,2022-12-14,0.0,4.74,4.75,4.74,1197.0,567658.0,4.745
601328.SH,2022-12-14,0.0,4.74,4.75,4.74,695.0,329864.0,4.745
601328.SH,2022-12-14,0.0,4.74,4.75,4.74,1055.0,500110.0,4.745
601328.SH,2022-12-14,0.0,4.74,4.75,4.74,6770.0,3209430.0,4.745
601328.SH,2022-12-14,0.0,4.75,4.75,4.74,2122.0,1007010.0,4.745
601328.SH,2022-12-14,0.0,4.74,4.75,4.74,864.0,410220.0,4.745
601328.SH,2022-12-14,0.0,4.75,4.75,4.74,2435.0,1155120.0,4.745
601328.SH,2022-12-14,0.0,4.74,4.75,4.74,2377.0,1127620.0,4.745
601328.SH,2022-12-14,0.0,4.75,4.75,4.74,1228.0,582758.0,4.745
601328.SH,2022-12-14,0.0,4.74,4.75,4.74,2030.0,962529.0,4.745
601328.SH,2022-12-14,0.0,4.74,4.75,4.74,2517.0,1193560.0,4.745
601328.SH,2022-12-14,0.0,4.74,4.75,4.74,3269.0,1551870.0,4.745
601328.SH,2022-12-14,0.0,4.75,4.75,4.74,1544.0,732083.0,4.745
601328.SH,2022-12-14,0.0,4.75,4.75,4.74,2726.0,1292840.0,4.745
601328.SH,2022-12-14,0.0,4.74,4.75,4.74,1867.0,885709.0,4.745
601328.SH,2022-12-14,0.0,4.74,4.75,4.74,1032.0,489586.0,4.745
601328.SH,2022-12-14,0.0,4.74,4.75,4.74,2835.0,1344930.0,4.745
601328.SH,2022-12-14,0.0,4.74,4.75,4.74,984.0,466821.0,4.745
601328.SH,2022-12-14,0.0,4.74,4.75,4.74,5144.0,2438940.0,4.745
601328.SH,2022-12-14,0.0,4.74,4.75,4.74,1461.0,693611.0,4.745
601328.SH,2022-12-14,0.0,4.75,4.75,4.74,4487.0,2129430.0,4.745
601328.SH,2022-12-14,0.0,4.74,4.75,4.74,2017.0,957075.0,4.745
601328.SH,2022-12-14,0.0,4.74,4.75,4.74,2207.0,1046600.0,4.745
601328.SH,2022-12-14,0.0,4.74,4.74,4.74,37.0,17538.0,4.745
601328.SH,2022-12-14,0.0,4.74,4.74,4.74,0.0,0.0,4.745
601328.SH,2022-12-14,0.0,4.75,4.75,4.75,14444.0,6860900.0,4.745
601328.SH,2022-12-15,0.0,4.75,4.75,4.75,1446.0,686850.0,4.75
601328.SH,2022-12-15,0.0,4.75,4.75,4.74,8677.0,4117120.0,4.746
601328.SH,2022-12-15,0.0,4.75,4.75,4.74,3597.0,1707280.0,4.746
601328.SH,2022-12-15,0.0,4.74,4.75,4.74,1218.0,578256.0,4.746
601328.SH,2022-12-15,0.0,4.74,4.75,4.73,6725.0,3187220.0,4.744
601328.SH,2022-12-15,0.0,4.74,4.75,4.73,3061.0,1450720.0,4.743
601328.SH,2022-12-15,0.0,4.73,4.74,4.73,1959.0,927142.0,4.743
601328.SH,2022-12-15,0.0,4.74,4.74,4.73,1721.0,814814.0,4.742
601328.SH,2022-12-15,0.0,4.73,4.74,4.73,946.0,447991.0,4.742
601328.SH,2022-12-15,0.0,4.73,4.74,4.73,1316.0,623112.0,4.742
601328.SH,2022-12-15,0.0,4.72,4.73,4.72,45939.0,21723600.0,4.734
601328.SH,2022-12-15,0.0,4.72,4.73,4.72,3766.0,1780690.0,4.734
601328.SH,2022-12-15,0.0,4.73,4.73,4.72,606.0,286586.0,4.734
601328.SH,2022-12-15,0.0,4.73,4.73,4.72,2888.0,1364530.0,4.733
601328.SH,2022-12-15,0.0,4.73,4.73,4.72,4411.0,2085760.0,4.733
601328.SH,2022-12-15,0.0,4.73,4.73,4.72,7123.0,3369370.0,4.733
601328.SH,2022-12-15,0.0,4.73,4.73,4.72,2182.0,1031340.0,4.733
601328.SH,2022-12-15,0.0,4.73,4.73,4.72,888.0,419925.0,4.733
601328.SH,2022-12-15,0.0,4.73,4.73,4.72,5591.0,2644460.0,4.733
601328.SH,2022-12-15,0.0,4.73,4.73,4.72,481.0,227511.0,4.733
601328.SH,2022-12-15,0.0,4.72,4.73,4.72,391.0,184922.0,4.733
601328.SH,2022-12-15,0.0,4.73,4.73,4.72,2015.0,952399.0,4.732
601328.SH,2022-12-15,0.0,4.73,4.73,4.72,2084.0,985474.0,4.732
601328.SH,2022-12-15,0.0,4.73,4.73,4.72,1966.0,929767.0,4.732
601328.SH,2022-12-15,0.0,4.73,4.73,4.72,695.0,328714.0,4.732
601328.SH,2022-12-15,0.0,4.73,4.73,4.72,1279.0,604271.0,4.732
601328.SH,2022-12-15,0.0,4.73,4.73,4.72,1228.0,580579.0,4.732
601328.SH,2022-12-15,0.0,4.73,4.73,4.72,2971.0,1404960.0,4.732
601328.SH,2022-12-15,0.0,4.73,4.73,4.72,11172.0,5284220.0,4.732
601328.SH,2022-12-15,0.0,4.73,4.73,4.72,2400.0,1133910.0,4.732
601328.SH,2022-12-15,0.0,4.72,4.73,4.72,1279.0,604849.0,4.732
601328.SH,2022-12-15,0.0,4.72,4.73,4.72,1614.0,763058.0,4.732
601328.SH,2022-12-15,0.0,4.72,4.73,4.72,2118.0,999883.0,4.732
601328.SH,2022-12-15,0.0,4.72,4.73,4.72,8572.0,4046460.0,4.731
601328.SH,2022-12-15,0.0,4.73,4.73,4.72,2807.0,1325470.0,4.731
601328.SH,2022-12-15,0.0,4.72,4.73,4.72,502.0,237242.0,4.731
601328.SH,2022-12-15,0.0,4.73,4.73,4.72,731.0,345076.0,4.731
601328.SH,2022-12-15,0.0,4.73,4.73,4.72,689.0,325358.0,4.731
601328.SH,2022-12-15,0.0,4.72,4.73,4.72,655.0,309483.0,4.731
601328.SH,2022-12-15,0.0,4.72,4.73,4.72,597.0,282028.0,4.731
601328.SH,2022-12-15,0.0,4.72,4.73,4.72,654.0,309091.0,4.731
601328.SH,2022-12-15,0.0,4.73,4.73,4.72,1240.0,585851.0,4.73
601328.SH,2022-12-15,0.0,4.73,4.73,4.72,2066.0,977064.0,4.73
601328.SH,2022-12-15,0.0,4.72,4.73,4.72,740.0,349468.0,4.73
601328.SH,2022-12-15,0.0,4.72,4.73,4.72,227.0,107206.0,4.73
601328.SH,2022-12-15,0.0,4.72,4.73,4.72,1108.0,523538.0,4.73
601328.SH,2022-12-15,0.0,4.72,4.73,4.72,1240.0,585478.0,4.73
601328.SH,2022-12-15,0.0,4.73,4.73,4.72,1722.0,814076.0,4.73
601328.SH,2022-12-15,0.0,4.72,4.73,4.72,388.0,183103.0,4.73
601328.SH,2022-12-15,0.0,4.73,4.73,4.72,641.0,303094.0,4.73
601328.SH,2022-12-15,0.0,4.73,4.73,4.72,286.0,135295.0,4.73
601328.SH,2022-12-15,0.0,4.73,4.73,4.72,742.0,350450.0,4.73
601328.SH,2022-12-15,0.0,4.73,4.73,4.72,1560.0,737474.0,4.73
601328.SH,2022-12-15,0.0,4.73,4.73,4.72,947.0,447693.0,4.73
601328.SH,2022-12-15,0.0,4.72,4.73,4.72,388.0,183437.0,4.73
601328.SH,2022-12-15,0.0,4.72,4.73,4.72,694.0,327733.0,4.73
601328.SH,2022-12-15,0.0,4.73,4.73,4.72,350.0,165287.0,4.73
601328.SH,2022-12-15,0.0,4.72,4.73,4.72,1640.0,774849.0,4.73
601328.SH,2022-12-15,0.0,4.72,4.73,4.72,445.0,210177.0,4.73
601328.SH,2022-12-15,0.0,4.73,4.73,4.72,2758.0,1304160.0,4.73
601328.SH,2022-12-15,0.0,4.72,4.73,4.72,1395.0,658528.0,4.73
601328.SH,2022-12-15,0.0,4.73,4.73,4.72,1348.0,636979.0,4.73
601328.SH,2022-12-15,0.0,4.72,4.73,4.72,549.0,259368.0,4.73
601328.SH,2022-12-15,0.0,4.73,4.73,4.72,2282.0,1079280.0,4.73
601328.SH,2022-12-15,0.0,4.72,4.73,4.72,563.0,266193.0,4.73
601328.SH,2022-12-15,0.0,4.73,4.73,4.72,770.0,363479.0,4.73
601328.SH,2022-12-15,0.0,4.72,4.73,4.72,309.0,145979.0,4.73
601328.SH,2022-12-15,0.0,4.73,4.73,4.72,1131.0,533855.0,4.73
601328.SH,2022-12-15,0.0,4.72,4.73,4.72,660.0,311866.0,4.73
601328.SH,2022-12-15,0.0,4.72,4.73,4.72,847.0,399848.0,4.73
601328.SH,2022-12-15,0.0,4.72,4.73,4.72,2881.0,1360340.0,4.73
601328.SH,2022-12-15,0.0,4.72,4.73,4.72,500.0,236026.0,4.73
601328.SH,2022-12-15,0.0,4.73,4.73,4.72,505.0,238453.0,4.73
601328.SH,2022-12-15,0.0,4.73,4.73,4.72,253.0,119524.0,4.73
601328.SH,2022-12-15,0.0,4.72,4.73,4.72,408.0,192953.0,4.73
601328.SH,2022-12-15,0.0,4.73,4.73,4.72,1739.0,821111.0,4.729
601328.SH,2022-12-15,0.0,4.73,4.73,4.72,746.0,352473.0,4.729
601328.SH,2022-12-15,0.0,4.73,4.73,4.72,285.0,134740.0,4.729
601328.SH,2022-12-15,0.0,4.72,4.73,4.72,504.0,238231.0,4.729
601328.SH,2022-12-15,0.0,4.72,4.73,4.72,536.0,253292.0,4.729
601328.SH,2022-12-15,0.0,4.72,4.73,4.72,633.0,299191.0,4.729
601328.SH,2022-12-15,0.0,4.72,4.73,4.72,604.0,285552.0,4.729
601328.SH,2022-12-15,0.0,4.72,4.73,4.72,449.0,212298.0,4.729
601328.SH,2022-12-15,0.0,4.73,4.73,4.72,383.0,181140.0,4.729
601328.SH,2022-12-15,0.0,4.73,4.73,4.72,3551.0,1679330.0,4.729
601328.SH,2022-12-15,0.0,4.72,4.73,4.72,424.0,200242.0,4.729
601328.SH,2022-12-15,0.0,4.72,4.73,4.72,302.0,142704.0,4.729
601328.SH,2022-12-15,0.0,4.72,4.73,4.72,318.0,150235.0,4.729
601328.SH,2022-12-15,0.0,4.73,4.73,4.72,391.0,184714.0,4.729
601328.SH,2022-12-15,0.0,4.72,4.73,4.72,453.0,213969.0,4.729
601328.SH,2022-12-15,0.0,4.72,4.73,4.72,1620.0,766126.0,4.729
601328.SH,2022-12-15,0.0,4.72,4.73,4.72,11555.0,5454210.0,4.729
601328.SH,2022-12-15,0.0,4.72,4.73,4.72,301.0,142327.0,4.729
601328.SH,2022-12-15,0.0,4.73,4.73,4.72,165.0,78039.0,4.729
601328.SH,2022-12-15,0.0,4.72,4.73,4.72,509.0,240704.0,4.729
601328.SH,2022-12-15,0.0,4.73,4.73,4.72,697.0,329216.0,4.729
601328.SH,2022-12-15,0.0,4.72,4.73,4.72,631.0,298321.0,4.729
601328.SH,2022-12-15,0.0,4.72,4.73,4.72,768.0,362929.0,4.729
601328.SH,2022-12-15,0.0,4.73,4.73,4.72,310.0,146577.0,4.729
601328.SH,2022-12-15,0.0,4.72,4.73,4.72,509.0,240430.0,4.729
601328.SH,2022-12-15,0.0,4.73,4.73,4.72,1140.0,538886.0,4.729
601328.SH,2022-12-15,0.0,4.72,4.73,4.72,539.0,254810.0,4.729
601328.SH,2022-12-15,0.0,4.72,4.73,4.72,497.0,234840.0,4.729
601328.SH,2022-12-15,0.0,4.72,4.73,4.72,698.0,329887.0,4.729
601328.SH,2022-12-15,0.0,4.73,4.73,4.72,561.0,265128.0,4.729
601328.SH,2022-12-15,0.0,4.73,4.73,4.72,1483.0,701297.0,4.729
601328.SH,2022-12-15,0.0,4.72,4.73,4.72,14127.0,6668310.0,4.728
601328.SH,2022-12-15,0.0,4.72,4.73,4.72,5816.0,2745480.0,4.728
601328.SH,2022-12-15,0.0,4.72,4.73,4.72,356.0,168283.0,4.728
601328.SH,2022-12-15,0.0,4.72,4.73,4.72,422.0,199459.0,4.728
601328.SH,2022-12-15,0.0,4.72,4.73,4.72,1451.0,685679.0,4.728
601328.SH,2022-12-15,0.0,4.72,4.73,4.72,2912.0,1376440.0,4.728
601328.SH,2022-12-15,0.0,4.72,4.73,4.72,981.0,463592.0,4.728
601328.SH,2022-12-15,0.0,4.72,4.73,4.72,12372.0,5840780.0,4.728
601328.SH,2022-12-15,0.0,4.72,4.73,4.72,1830.0,865183.0,4.728
601328.SH,2022-12-15,0.0,4.73,4.73,4.72,3123.0,1476850.0,4.728
601328.SH,2022-12-15,0.0,4.73,4.73,4.72,10854.0,5123180.0,4.727
601328.SH,2022-12-15,0.0,4.72,4.73,4.72,451.0,212953.0,4.727
601328.SH,2022-12-15,0.0,4.73,4.73,4.72,934.0,441439.0,4.727
601328.SH,2022-12-15,0.0,4.72,4.73,4.72,872.0,411613.0,4.727
601328.SH,2022-12-15,0.0,4.72,4.73,4.72,343.0,161973.0,4.727
601328.SH,2022-12-15,0.0,4.72,4.73,4.72,4186.0,1977080.0,4.727
601328.SH,2022-12-15,0.0,4.72,4.73,4.72,832.0,393080.0,4.727
601328.SH,2022-12-15,0.0,4.73,4.73,4.72,7731.0,3656700.0,4.727
601328.SH,2022-12-15,0.0,4.72,4.73,4.72,1734.0,819909.0,4.727
601328.SH,2022-12-15,0.0,4.73,4.73,4.72,392.0,185164.0,4.727
601328.SH,2022-12-15,0.0,4.73,4.73,4.72,432.0,204199.0,4.727
601328.SH,2022-12-15,0.0,4.72,4.73,4.72,199.0,94001.0,4.727
601328.SH,2022-12-15,0.0,4.73,4.73,4.72,1704.0,805453.0,4.727
601328.SH,2022-12-15,0.0,4.72,4.73,4.72,486.0,229599.0,4.727
601328.SH,2022-12-15,0.0,4.73,4.73,4.72,791.0,374008.0,4.727
601328.SH,2022-12-15,0.0,4.73,4.73,4.72,369.0,174426.0,4.727
601328.SH,2022-12-15,0.0,4.72,4.73,4.72,1601.0,755762.0,4.727
601328.SH,2022-12-15,0.0,4.72,4.73,4.72,200.0,94429.0,4.727
601328.SH,2022-12-15,0.0,4.73,4.73,4.72,1356.0,641057.0,4.727
601328.SH,2022-12-15,0.0,4.73,4.73,4.72,1486.0,702678.0,4.727
601328.SH,2022-12-15,0.0,4.73,4.73,4.72,352.0,166421.0,4.727
601328.SH,2022-12-15,0.0,4.72,4.73,4.72,1163.0,550065.0,4.727
601328.SH,2022-12-15,0.0,4.72,4.73,4.72,264.0,124671.0,4.727
601328.SH,2022-12-15,0.0,4.72,4.73,4.72,2523.0,1190890.0,4.727
601328.SH,2022-12-15,0.0,4.73,4.73,4.72,399.0,188609.0,4.727
601328.SH,2022-12-15,0.0,4.73,4.73,4.72,496.0,234537.0,4.727
601328.SH,2022-12-15,0.0,4.72,4.73,4.72,483.0,228083.0,4.727
601328.SH,2022-12-15,0.0,4.73,4.73,4.72,606.0,286634.0,4.727
601328.SH,2022-12-15,0.0,4.73,4.73,4.72,184.0,87019.0,4.727
601328.SH,2022-12-15,0.0,4.72,4.73,4.72,459.0,216791.0,4.727
601328.SH,2022-12-15,0.0,4.73,4.73,4.72,2815.0,1331450.0,4.727
601328.SH,2022-12-15,0.0,4.73,4.73,4.72,13114.0,6202780.0,4.727
601328.SH,2022-12-15,0.0,4.73,4.73,4.73,51.0,24123.0,4.727
601328.SH,2022-12-15,0.0,4.73,4.73,4.72,1031.0,487482.0,4.727
601328.SH,2022-12-15,0.0,4.73,4.73,4.72,1100.0,520270.0,4.727
601328.SH,2022-12-15,0.0,4.72,4.73,4.72,407.0,192309.0,4.727
601328.SH,2022-12-15,0.0,4.72,4.73,4.72,1182.0,558042.0,4.727
601328.SH,2022-12-15,0.0,4.72,4.73,4.72,757.0,357577.0,4.727
601328.SH,2022-12-15,0.0,4.72,4.73,4.72,180.0,85063.0,4.727
601328.SH,2022-12-15,0.0,4.73,4.73,4.72,585.0,276407.0,4.727
601328.SH,2022-12-15,0.0,4.73,4.73,4.72,2817.0,1332240.0,4.727
601328.SH,2022-12-15,0.0,4.73,4.73,4.72,835.0,394872.0,4.727
601328.SH,2022-12-15,0.0,4.73,4.73,4.72,2599.0,1228980.0,4.727
601328.SH,2022-12-15,0.0,4.72,4.73,4.72,1157.0,547188.0,4.727
601328.SH,2022-12-15,0.0,4.73,4.73,4.72,337.0,159309.0,4.727
601328.SH,2022-12-15,0.0,4.73,4.73,4.73,1206.0,570398.0,4.727
601328.SH,2022-12-15,0.0,4.73,4.73,4.72,1710.0,808801.0,4.727
601328.SH,2022-12-15,0.0,4.74,4.74,4.72,3219.0,1522680.0,4.727
601328.SH,2022-12-15,0.0,4.74,4.74,4.73,510.0,241444.0,4.727
601328.SH,2022-12-15,0.0,4.73,4.73,4.73,642.0,303668.0,4.727
601328.SH,2022-12-15,0.0,4.73,4.73,4.73,384.0,181632.0,4.727
601328.SH,2022-12-15,0.0,4.73,4.74,4.73,319.0,151076.0,4.727
601328.SH,2022-12-15,0.0,4.73,4.74,4.73,248.0,117444.0,4.727
601328.SH,2022-12-15,0.0,4.73,4.74,4.73,447.0,211581.0,4.727
601328.SH,2022-12-15,0.0,4.74,4.74,4.73,69.0,32685.0,4.727
601328.SH,2022-12-15,0.0,4.74,4.74,4.73,242.0,114690.0,4.727
601328.SH,2022-12-15,0.0,4.73,4.74,4.73,81.0,38389.0,4.728
601328.SH,2022-12-15,0.0,4.74,4.74,4.73,256.0,121162.0,4.728
601328.SH,2022-12-15,0.0,4.73,4.74,4.73,333.0,157821.0,4.728
601328.SH,2022-12-15,0.0,4.73,4.74,4.73,496.0,234805.0,4.728
601328.SH,2022-12-15,0.0,4.74,4.74,4.73,242.0,114660.0,4.728
601328.SH,2022-12-15,0.0,4.74,4.74,4.73,171.0,80929.0,4.728
601328.SH,2022-12-15,0.0,4.74,4.74,4.73,824.0,389906.0,4.728
601328.SH,2022-12-15,0.0,4.73,4.74,4.73,661.0,312894.0,4.728
601328.SH,2022-12-15,0.0,4.73,4.74,4.73,319.0,151086.0,4.728
601328.SH,2022-12-15,0.0,4.73,4.74,4.73,871.0,411995.0,4.728
601328.SH,2022-12-15,0.0,4.73,4.74,4.73,126.0,59696.0,4.728
601328.SH,2022-12-15,0.0,4.74,4.74,4.73,115.0,54410.0,4.728
601328.SH,2022-12-15,0.0,4.73,4.74,4.73,1487.0,703434.0,4.728
601328.SH,2022-12-15,0.0,4.74,4.74,4.73,129.0,61109.0,4.728
601328.SH,2022-12-15,0.0,4.74,4.74,4.73,774.0,366273.0,4.728
601328.SH,2022-12-15,0.0,4.74,4.74,4.73,311.0,147345.0,4.728
601328.SH,2022-12-15,0.0,4.74,4.74,4.73,169.0,79941.0,4.728
601328.SH,2022-12-15,0.0,4.73,4.74,4.73,1510.0,715404.0,4.728
601328.SH,2022-12-15,0.0,4.74,4.74,4.73,217.0,102774.0,4.728
601328.SH,2022-12-15,0.0,4.74,4.74,4.73,1389.0,657846.0,4.728
601328.SH,2022-12-15,0.0,4.74,4.74,4.73,383.0,181436.0,4.728
601328.SH,2022-12-15,0.0,4.73,4.74,4.73,208.0,98491.0,4.728
601328.SH,2022-12-15,0.0,4.74,4.74,4.73,160.0,75786.0,4.728
601328.SH,2022-12-15,0.0,4.73,4.74,4.73,937.0,443321.0,4.728
601328.SH,2022-12-15,0.0,4.73,4.74,4.73,451.0,213397.0,4.728
601328.SH,2022-12-15,0.0,4.74,4.74,4.73,895.0,423499.0,4.728
601328.SH,2022-12-15,0.0,4.73,4.74,4.73,628.0,297293.0,4.728
601328.SH,2022-12-15,0.0,4.74,4.74,4.73,2029.0,960336.0,4.728
601328.SH,2022-12-15,0.0,4.73,4.74,4.73,13191.0,6239910.0,4.728
601328.SH,2022-12-15,0.0,4.73,4.74,4.72,5517.0,2609640.0,4.728
601328.SH,2022-12-15,0.0,4.74,4.74,4.73,122.0,57782.0,4.728
601328.SH,2022-12-15,0.0,4.74,4.74,4.73,850.0,402199.0,4.728
601328.SH,2022-12-15,0.0,4.73,4.74,4.73,1605.0,759215.0,4.728
601328.SH,2022-12-15,0.0,4.73,4.74,4.73,6929.0,3277520.0,4.728
601328.SH,2022-12-15,0.0,4.74,4.74,4.73,653.0,309368.0,4.728
601328.SH,2022-12-15,0.0,4.73,4.74,4.73,3899.0,1844240.0,4.728
601328.SH,2022-12-15,0.0,4.72,4.73,4.72,105.0,49646.0,4.728
601328.SH,2022-12-15,0.0,4.74,4.74,4.72,8488.0,4014830.0,4.728
601328.SH,2022-12-15,0.0,4.73,4.74,4.73,327.0,154786.0,4.728
601328.SH,2022-12-15,0.0,4.73,4.74,4.72,3127.0,1479060.0,4.728
601328.SH,2022-12-15,0.0,4.73,4.73,4.72,116.0,54866.0,4.728
601328.SH,2022-12-15,0.0,4.72,4.73,4.72,501.0,236933.0,4.728
601328.SH,2022-12-15,0.0,4.73,4.73,4.72,430.0,203120.0,4.728
601328.SH,2022-12-15,0.0,4.73,4.73,4.72,237.0,112000.0,4.728
601328.SH,2022-12-15,0.0,4.73,4.73,4.72,2578.0,1217120.0,4.728
601328.SH,2022-12-15,0.0,4.73,4.73,4.72,1383.0,652912.0,4.728
601328.SH,2022-12-15,0.0,4.72,4.73,4.72,2699.0,1276150.0,4.728
601328.SH,2022-12-15,0.0,4.73,4.73,4.72,479.0,226136.0,4.728
601328.SH,2022-12-15,0.0,4.72,4.73,4.72,438.0,206827.0,4.728
601328.SH,2022-12-15,0.0,4.73,4.73,4.72,383.0,180932.0,4.728
601328.SH,2022-12-15,0.0,4.73,4.73,4.72,277.0,130914.0,4.728
601328.SH,2022-12-15,0.0,4.71,4.73,4.71,44853.0,21170500.0,4.727
601328.SH,2022-12-15,0.0,4.72,4.72,4.71,1070.0,504842.0,4.727
601328.SH,2022-12-15,0.0,4.71,4.72,4.71,6089.0,2872080.0,4.727
601328.SH,2022-12-15,0.0,4.72,4.72,4.71,2300.0,1085100.0,4.727
601328.SH,2022-12-15,0.0,4.72,4.72,4.71,455.0,214709.0,4.727
601328.SH,2022-12-15,0.0,4.72,4.72,4.71,316.0,148912.0,4.727
601328.SH,2022-12-15,0.0,4.72,4.72,4.71,886.0,417653.0,4.727
601328.SH,2022-12-15,0.0,4.72,4.72,4.71,4351.0,2053320.0,4.727
601328.SH,2022-12-15,0.0,4.71,4.72,4.71,2823.0,1331720.0,4.727
601328.SH,2022-12-15,0.0,4.72,4.72,4.71,2191.0,1032580.0,4.727
601328.SH,2022-12-15,0.0,4.72,4.72,4.71,12808.0,6033160.0,4.726
601328.SH,2022-12-15,0.0,4.72,4.72,4.71,1262.0,594708.0,4.726
601328.SH,2022-12-15,0.0,4.71,4.72,4.71,7757.0,3655330.0,4.726
601328.SH,2022-12-15,0.0,4.72,4.72,4.71,9778.0,4608830.0,4.726
601328.SH,2022-12-15,0.0,4.71,4.72,4.71,2351.0,1109170.0,4.726
601328.SH,2022-12-15,0.0,4.72,4.72,4.72,22.0,10384.0,4.726
601328.SH,2022-12-15,0.0,4.72,4.72,4.72,0.0,0.0,4.726
601328.SH,2022-12-15,0.0,4.71,4.71,4.71,6921.0,3259790.0,4.726
601328.SH,2022-12-16,0.0,4.71,4.71,4.71,3445.0,1622600.0,4.71
601328.SH,2022-12-16,0.0,4.71,4.72,4.71,18369.0,8664450.0,4.716
601328.SH,2022-12-16,0.0,4.73,4.74,4.71,40351.0,19084900.0,4.725
601328.SH,2022-12-16,0.0,4.74,4.74,4.73,4894.0,2316780.0,4.726
601328.SH,2022-12-16,0.0,4.74,4.74,4.73,2318.0,1097310.0,4.726
601328.SH,2022-12-16,0.0,4.74,4.74,4.73,4132.0,1955200.0,4.726
601328.SH,2022-12-16,0.0,4.74,4.74,4.73,6357.0,3010600.0,4.727
601328.SH,2022-12-16,0.0,4.74,4.74,4.73,3528.0,1670890.0,4.727
601328.SH,2022-12-16,0.0,4.74,4.74,4.73,1823.0,863529.0,4.728
601328.SH,2022-12-16,0.0,4.73,4.74,4.73,2423.0,1148270.0,4.728
601328.SH,2022-12-16,0.0,4.74,4.75,4.74,26864.0,12735100.0,4.731
601328.SH,2022-12-16,0.0,4.74,4.75,4.74,2201.0,1043630.0,4.731
601328.SH,2022-12-16,0.0,4.75,4.75,4.74,1445.0,684979.0,4.731
601328.SH,2022-12-16,0.0,4.74,4.75,4.74,8008.0,3796960.0,4.732
601328.SH,2022-12-16,0.0,4.74,4.75,4.74,2778.0,1317990.0,4.732
601328.SH,2022-12-16,0.0,4.74,4.75,4.74,2960.0,1404040.0,4.732
601328.SH,2022-12-16,0.0,4.74,4.75,4.74,3416.0,1619880.0,4.733
601328.SH,2022-12-16,0.0,4.75,4.75,4.74,1642.0,778502.0,4.733
601328.SH,2022-12-16,0.0,4.75,4.75,4.74,1070.0,507638.0,4.733
601328.SH,2022-12-16,0.0,4.75,4.75,4.74,1859.0,881887.0,4.733
601328.SH,2022-12-16,0.0,4.74,4.75,4.74,1050.0,498265.0,4.733
601328.SH,2022-12-16,0.0,4.75,4.75,4.74,1460.0,692507.0,4.733
601328.SH,2022-12-16,0.0,4.75,4.75,4.74,4564.0,2164150.0,4.733
601328.SH,2022-12-16,0.0,4.75,4.75,4.74,1890.0,896315.0,4.734
601328.SH,2022-12-16,0.0,4.75,4.75,4.74,846.0,401627.0,4.734
601328.SH,2022-12-16,0.0,4.75,4.75,4.74,1884.0,893317.0,4.734
601328.SH,2022-12-16,0.0,4.74,4.75,4.74,2265.0,1073900.0,4.734
601328.SH,2022-12-16,0.0,4.74,4.75,4.74,3672.0,1743100.0,4.734
601328.SH,2022-12-16,0.0,4.74,4.75,4.74,1773.0,841006.0,4.734
601328.SH,2022-12-16,0.0,4.75,4.75,4.74,2621.0,1242750.0,4.734
601328.SH,2022-12-16,0.0,4.74,4.75,4.74,3060.0,1450740.0,4.734
601328.SH,2022-12-16,0.0,4.74,4.75,4.74,3129.0,1483620.0,4.735
601328.SH,2022-12-16,0.0,4.75,4.75,4.74,2895.0,1372560.0,4.735
601328.SH,2022-12-16,0.0,4.75,4.75,4.75,930.0,441690.0,4.735
601328.SH,2022-12-16,0.0,4.74,4.75,4.74,1477.0,701486.0,4.735
601328.SH,2022-12-16,0.0,4.74,4.75,4.74,2240.0,1062110.0,4.735
601328.SH,2022-12-16,0.0,4.74,4.75,4.74,6116.0,2899020.0,4.735
601328.SH,2022-12-16,0.0,4.75,4.75,4.74,563.0,267108.0,4.735
601328.SH,2022-12-16,0.0,4.75,4.75,4.74,1458.0,691687.0,4.735
601328.SH,2022-12-16,0.0,4.74,4.75,4.74,782.0,370987.0,4.735
601328.SH,2022-12-16,0.0,4.75,4.75,4.74,2967.0,1408410.0,4.735
601328.SH,2022-12-16,0.0,4.75,4.75,4.74,42553.0,20212500.0,4.738
601328.SH,2022-12-16,0.0,4.74,4.75,4.74,4357.0,2069440.0,4.738
601328.SH,2022-12-16,0.0,4.75,4.75,4.74,1938.0,920442.0,4.738
601328.SH,2022-12-16,0.0,4.75,4.75,4.74,2202.0,1044680.0,4.739
601328.SH,2022-12-16,0.0,4.75,4.75,4.74,3949.0,1875640.0,4.739
601328.SH,2022-12-16,0.0,4.76,4.76,4.74,8418.0,3998990.0,4.739
601328.SH,2022-12-16,0.0,4.76,4.76,4.75,1023.0,486037.0,4.739
601328.SH,2022-12-16,0.0,4.75,4.76,4.75,210.0,99822.0,4.739
601328.SH,2022-12-16,0.0,4.76,4.76,4.75,836.0,397709.0,4.739
601328.SH,2022-12-16,0.0,4.76,4.76,4.75,1917.0,912376.0,4.739
601328.SH,2022-12-16,0.0,4.76,4.76,4.75,9938.0,4729700.0,4.74
601328.SH,2022-12-16,0.0,4.76,4.77,4.76,42829.0,20390000.0,4.743
601328.SH,2022-12-16,0.0,4.76,4.77,4.76,3145.0,1497040.0,4.743
601328.SH,2022-12-16,0.0,4.76,4.76,4.75,1639.0,779952.0,4.743
601328.SH,2022-12-16,0.0,4.76,4.76,4.75,2081.0,990250.0,4.743
601328.SH,2022-12-16,0.0,4.76,4.76,4.75,2304.0,1096520.0,4.743
601328.SH,2022-12-16,0.0,4.76,4.76,4.75,964.0,458677.0,4.744
601328.SH,2022-12-16,0.0,4.77,4.77,4.76,12102.0,5762430.0,4.744
601328.SH,2022-12-16,0.0,4.77,4.77,4.76,2378.0,1133140.0,4.744
601328.SH,2022-12-16,0.0,4.76,4.77,4.76,4723.0,2248430.0,4.745
601328.SH,2022-12-16,0.0,4.76,4.77,4.76,1624.0,773510.0,4.745
601328.SH,2022-12-16,0.0,4.76,4.77,4.76,2042.0,973565.0,4.745
601328.SH,2022-12-16,0.0,4.77,4.77,4.76,868.0,413633.0,4.745
601328.SH,2022-12-16,0.0,4.76,4.77,4.76,1900.0,905861.0,4.745
601328.SH,2022-12-16,0.0,4.76,4.77,4.76,1703.0,810754.0,4.745
601328.SH,2022-12-16,0.0,4.77,4.77,4.76,609.0,290281.0,4.745
601328.SH,2022-12-16,0.0,4.76,4.77,4.76,375.0,178720.0,4.745
601328.SH,2022-12-16,0.0,4.77,4.77,4.76,1407.0,669977.0,4.745
601328.SH,2022-12-16,0.0,4.76,4.77,4.76,565.0,269367.0,4.745
601328.SH,2022-12-16,0.0,4.76,4.77,4.76,13036.0,6217660.0,4.746
601328.SH,2022-12-16,0.0,4.76,4.77,4.76,6907.0,3294180.0,4.747
601328.SH,2022-12-16,0.0,4.77,4.77,4.76,1360.0,648029.0,4.747
601328.SH,2022-12-16,0.0,4.76,4.77,4.76,2500.0,1191890.0,4.747
601328.SH,2022-12-16,0.0,4.76,4.77,4.76,1683.0,801713.0,4.747
601328.SH,2022-12-16,0.0,4.77,4.77,4.76,2060.0,981564.0,4.747
601328.SH,2022-12-16,0.0,4.77,4.77,4.76,1830.0,872370.0,4.747
601328.SH,2022-12-16,0.0,4.77,4.77,4.76,1210.0,576972.0,4.747
601328.SH,2022-12-16,0.0,4.77,4.77,4.76,961.0,458013.0,4.747
601328.SH,2022-12-16,0.0,4.76,4.77,4.76,990.0,471645.0,4.747
601328.SH,2022-12-16,0.0,4.76,4.77,4.76,1345.0,640721.0,4.747
601328.SH,2022-12-16,0.0,4.76,4.77,4.76,1231.0,586385.0,4.747
601328.SH,2022-12-16,0.0,4.76,4.77,4.76,4009.0,1908510.0,4.747
601328.SH,2022-12-16,0.0,4.76,4.77,4.76,2145.0,1022000.0,4.748
601328.SH,2022-12-16,0.0,4.77,4.77,4.76,2054.0,979088.0,4.748
601328.SH,2022-12-16,0.0,4.77,4.77,4.76,420.0,200001.0,4.748
601328.SH,2022-12-16,0.0,4.76,4.77,4.76,11964.0,5694980.0,4.748
601328.SH,2022-12-16,0.0,4.76,4.77,4.76,1556.0,740764.0,4.748
601328.SH,2022-12-16,0.0,4.76,4.77,4.76,1281.0,610105.0,4.748
601328.SH,2022-12-16,0.0,4.76,4.77,4.76,1640.0,781482.0,4.748
601328.SH,2022-12-16,0.0,4.75,4.77,4.75,2106.0,1002530.0,4.748
601328.SH,2022-12-16,0.0,4.76,4.77,4.76,8733.0,4157690.0,4.749
601328.SH,2022-12-16,0.0,4.76,4.77,4.76,1776.0,846880.0,4.749
601328.SH,2022-12-16,0.0,4.77,4.77,4.76,4154.0,1979560.0,4.749
601328.SH,2022-12-16,0.0,4.77,4.77,4.76,1284.0,611527.0,4.749
601328.SH,2022-12-16,0.0,4.77,4.77,4.76,2668.0,1270410.0,4.749
601328.SH,2022-12-16,0.0,4.77,4.77,4.76,861.0,410037.0,4.749
601328.SH,2022-12-16,0.0,4.76,4.77,4.76,505.0,240456.0,4.749
601328.SH,2022-12-16,0.0,4.77,4.77,4.76,690.0,328596.0,4.749
601328.SH,2022-12-16,0.0,4.77,4.77,4.76,1061.0,505173.0,4.749
601328.SH,2022-12-16,0.0,4.76,4.77,4.75,2839.0,1351080.0,4.749
601328.SH,2022-12-16,0.0,4.76,4.76,4.75,5508.0,2616650.0,4.749
601328.SH,2022-12-16,0.0,4.76,4.76,4.75,1312.0,623354.0,4.749
601328.SH,2022-12-16,0.0,4.76,4.76,4.75,555.0,264057.0,4.749
601328.SH,2022-12-16,0.0,4.76,4.76,4.75,857.0,407785.0,4.749
601328.SH,2022-12-16,0.0,4.76,4.76,4.75,1043.0,496349.0,4.749
601328.SH,2022-12-16,0.0,4.75,4.76,4.75,699.0,332635.0,4.749
601328.SH,2022-12-16,0.0,4.76,4.76,4.75,489.0,232692.0,4.749
601328.SH,2022-12-16,0.0,4.76,4.76,4.75,3725.0,1772580.0,4.749
601328.SH,2022-12-16,0.0,4.76,4.76,4.75,514.0,244572.0,4.749
601328.SH,2022-12-16,0.0,4.76,4.76,4.75,1006.0,478570.0,4.749
601328.SH,2022-12-16,0.0,4.76,4.76,4.75,1567.0,745065.0,4.749
601328.SH,2022-12-16,0.0,4.76,4.76,4.75,955.0,453932.0,4.749
601328.SH,2022-12-16,0.0,4.75,4.76,4.75,861.0,409229.0,4.749
601328.SH,2022-12-16,0.0,4.76,4.76,4.75,1801.0,857123.0,4.749
601328.SH,2022-12-16,0.0,4.76,4.76,4.75,914.0,434850.0,4.749
601328.SH,2022-12-16,0.0,4.76,4.76,4.75,927.0,441050.0,4.749
601328.SH,2022-12-16,0.0,4.75,4.76,4.75,1127.0,535835.0,4.749
601328.SH,2022-12-16,0.0,4.76,4.76,4.75,2190.0,1041790.0,4.749
601328.SH,2022-12-16,0.0,4.76,4.76,4.75,906.0,431062.0,4.749
601328.SH,2022-12-16,0.0,4.76,4.76,4.75,4171.0,1981480.0,4.749
601328.SH,2022-12-16,0.0,4.74,4.75,4.74,18208.0,8649280.0,4.749
601328.SH,2022-12-16,0.0,4.75,4.75,4.74,1053.0,499843.0,4.749
601328.SH,2022-12-16,0.0,4.75,4.75,4.74,498.0,236388.0,4.749
601328.SH,2022-12-16,0.0,4.74,4.75,4.74,2501.0,1187750.0,4.749
601328.SH,2022-12-16,0.0,4.74,4.75,4.74,792.0,375758.0,4.749
601328.SH,2022-12-16,0.0,4.75,4.75,4.74,4539.0,2155820.0,4.749
601328.SH,2022-12-16,0.0,4.74,4.75,4.74,573.0,271959.0,4.749
601328.SH,2022-12-16,0.0,4.75,4.75,4.74,797.0,378324.0,4.749
601328.SH,2022-12-16,0.0,4.75,4.75,4.74,2037.0,967036.0,4.749
601328.SH,2022-12-16,0.0,4.74,4.75,4.74,3423.0,1625860.0,4.749
601328.SH,2022-12-16,0.0,4.75,4.76,4.74,5185.0,2462920.0,4.749
601328.SH,2022-12-16,0.0,4.76,4.76,4.75,786.0,373790.0,4.749
601328.SH,2022-12-16,0.0,4.75,4.76,4.75,1093.0,519733.0,4.749
601328.SH,2022-12-16,0.0,4.75,4.76,4.75,969.0,460796.0,4.749
601328.SH,2022-12-16,0.0,4.75,4.76,4.75,1041.0,494841.0,4.749
601328.SH,2022-12-16,0.0,4.75,4.76,4.75,2288.0,1087500.0,4.75
601328.SH,2022-12-16,0.0,4.76,4.76,4.75,933.0,443414.0,4.75
601328.SH,2022-12-16,0.0,4.76,4.76,4.75,780.0,371192.0,4.75
601328.SH,2022-12-16,0.0,4.76,4.76,4.75,1933.0,919785.0,4.75
601328.SH,2022-12-16,0.0,4.76,4.76,4.75,1760.0,837353.0,4.75
601328.SH,2022-12-16,0.0,4.75,4.76,4.75,1518.0,721179.0,4.75
601328.SH,2022-12-16,0.0,4.75,4.76,4.75,591.0,281077.0,4.75
601328.SH,2022-12-16,0.0,4.75,4.76,4.75,1908.0,906350.0,4.75
601328.SH,2022-12-16,0.0,4.75,4.76,4.75,954.0,453857.0,4.75
601328.SH,2022-12-16,0.0,4.76,4.76,4.75,1360.0,647263.0,4.75
601328.SH,2022-12-16,0.0,4.75,4.76,4.75,1204.0,572509.0,4.75
601328.SH,2022-12-16,0.0,4.75,4.76,4.75,916.0,435852.0,4.75
601328.SH,2022-12-16,0.0,4.75,4.76,4.75,2697.0,1282800.0,4.75
601328.SH,2022-12-16,0.0,4.75,4.76,4.75,1515.0,720506.0,4.75
601328.SH,2022-12-16,0.0,4.76,4.76,4.75,3950.0,1879530.0,4.75
601328.SH,2022-12-16,0.0,4.75,4.76,4.75,2126.0,1011700.0,4.75
601328.SH,2022-12-16,0.0,4.75,4.76,4.75,936.0,445223.0,4.75
601328.SH,2022-12-16,0.0,4.76,4.76,4.75,2012.0,957589.0,4.75
601328.SH,2022-12-16,0.0,4.75,4.76,4.75,3186.0,1513630.0,4.75
601328.SH,2022-12-16,0.0,4.75,4.76,4.75,1109.0,527413.0,4.75
601328.SH,2022-12-16,0.0,4.75,4.76,4.75,12886.0,6122030.0,4.75
601328.SH,2022-12-16,0.0,4.75,4.76,4.74,2325.0,1104420.0,4.75
601328.SH,2022-12-16,0.0,4.75,4.76,4.75,1883.0,894465.0,4.75
601328.SH,2022-12-16,0.0,4.75,4.76,4.75,5245.0,2491520.0,4.75
601328.SH,2022-12-16,0.0,4.74,4.75,4.74,7539.0,3574140.0,4.75
601328.SH,2022-12-16,0.0,4.75,4.75,4.74,1724.0,818565.0,4.75
601328.SH,2022-12-16,0.0,4.75,4.76,4.75,9638.0,4581080.0,4.75
601328.SH,2022-12-16,0.0,4.75,4.76,4.75,907.0,431382.0,4.75
601328.SH,2022-12-16,0.0,4.75,4.76,4.75,1450.0,689646.0,4.75
601328.SH,2022-12-16,0.0,4.75,4.76,4.75,699.0,332568.0,4.75
601328.SH,2022-12-16,0.0,4.76,4.76,4.75,982.0,466690.0,4.75
601328.SH,2022-12-16,0.0,4.76,4.76,4.75,2184.0,1039330.0,4.75
601328.SH,2022-12-16,0.0,4.76,4.76,4.75,815.0,387600.0,4.75
601328.SH,2022-12-16,0.0,4.75,4.76,4.75,1166.0,554398.0,4.75
601328.SH,2022-12-16,0.0,4.76,4.76,4.75,1016.0,483109.0,4.75
601328.SH,2022-12-16,0.0,4.75,4.76,4.75,1114.0,530010.0,4.75
601328.SH,2022-12-16,0.0,4.75,4.76,4.75,3613.0,1719100.0,4.75
601328.SH,2022-12-16,0.0,4.76,4.76,4.75,2450.0,1165940.0,4.75
601328.SH,2022-12-16,0.0,4.76,4.76,4.75,923.0,439210.0,4.75
601328.SH,2022-12-16,0.0,4.76,4.76,4.75,1521.0,723637.0,4.75
601328.SH,2022-12-16,0.0,4.76,4.76,4.75,2317.0,1102610.0,4.75
601328.SH,2022-12-16,0.0,4.76,4.76,4.75,9257.0,4406210.0,4.75
601328.SH,2022-12-16,0.0,4.76,4.76,4.75,2881.0,1371020.0,4.75
601328.SH,2022-12-16,0.0,4.76,4.76,4.75,1033.0,491418.0,4.75
601328.SH,2022-12-16,0.0,4.76,4.76,4.75,921.0,437971.0,4.75
601328.SH,2022-12-16,0.0,4.77,4.77,4.75,12416.0,5910930.0,4.751
601328.SH,2022-12-16,0.0,4.77,4.77,4.76,2084.0,992996.0,4.751
601328.SH,2022-12-16,0.0,4.77,4.77,4.76,1107.0,527850.0,4.751
601328.SH,2022-12-16,0.0,4.76,4.77,4.76,960.0,457306.0,4.751
601328.SH,2022-12-16,0.0,4.77,4.77,4.76,1558.0,742479.0,4.751
601328.SH,2022-12-16,0.0,4.77,4.77,4.76,1033.0,492609.0,4.751
601328.SH,2022-12-16,0.0,4.76,4.77,4.76,1104.0,526175.0,4.751
601328.SH,2022-12-16,0.0,4.76,4.77,4.76,2460.0,1173040.0,4.751
601328.SH,2022-12-16,0.0,4.77,4.77,4.76,2556.0,1218330.0,4.751
601328.SH,2022-12-16,0.0,4.76,4.77,4.76,1752.0,835100.0,4.751
601328.SH,2022-12-16,0.0,4.76,4.77,4.76,4199.0,2000320.0,4.751
601328.SH,2022-12-16,0.0,4.77,4.77,4.76,1554.0,741070.0,4.751
601328.SH,2022-12-16,0.0,4.77,4.77,4.76,780.0,371854.0,4.751
601328.SH,2022-12-16,0.0,4.77,4.77,4.76,11390.0,5426120.0,4.751
601328.SH,2022-12-16,0.0,4.77,4.77,4.76,2083.0,993236.0,4.751
601328.SH,2022-12-16,0.0,4.77,4.77,4.76,3421.0,1630050.0,4.751
601328.SH,2022-12-16,0.0,4.76,4.77,4.76,2236.0,1066090.0,4.751
601328.SH,2022-12-16,0.0,4.77,4.77,4.76,2095.0,998594.0,4.751
601328.SH,2022-12-16,0.0,4.76,4.77,4.76,2471.0,1177980.0,4.752
601328.SH,2022-12-16,0.0,4.76,4.77,4.76,2938.0,1401070.0,4.752
601328.SH,2022-12-16,0.0,4.76,4.77,4.76,4753.0,2264540.0,4.752
601328.SH,2022-12-16,0.0,4.77,4.77,4.76,1640.0,781768.0,4.752
601328.SH,2022-12-16,0.0,4.77,4.77,4.76,2615.0,1246660.0,4.752
601328.SH,2022-12-16,0.0,4.76,4.77,4.76,3419.0,1628040.0,4.752
601328.SH,2022-12-16,0.0,4.76,4.77,4.76,1750.0,833220.0,4.752
601328.SH,2022-12-16,0.0,4.76,4.77,4.76,4852.0,2309790.0,4.752
601328.SH,2022-12-16,0.0,4.76,4.77,4.76,3771.0,1796170.0,4.752
601328.SH,2022-12-16,0.0,4.77,4.77,4.76,2400.0,1143100.0,4.752
601328.SH,2022-12-16,0.0,4.76,4.77,4.76,1623.0,773170.0,4.752
601328.SH,2022-12-16,0.0,4.76,4.77,4.76,1794.0,854268.0,4.752
601328.SH,2022-12-16,0.0,4.76,4.77,4.76,3482.0,1658300.0,4.752
601328.SH,2022-12-16,0.0,4.77,4.77,4.76,1982.0,943919.0,4.752
601328.SH,2022-12-16,0.0,4.76,4.77,4.76,2027.0,965470.0,4.752
601328.SH,2022-12-16,0.0,4.76,4.77,4.76,2014.0,958969.0,4.752
601328.SH,2022-12-16,0.0,4.76,4.77,4.76,1842.0,877460.0,4.752
601328.SH,2022-12-16,0.0,4.77,4.77,4.76,4338.0,2065900.0,4.752
601328.SH,2022-12-16,0.0,4.77,4.77,4.76,1438.0,685774.0,4.752
601328.SH,2022-12-16,0.0,4.76,4.77,4.76,3079.0,1467040.0,4.752
601328.SH,2022-12-16,0.0,4.76,4.77,4.76,966.0,460168.0,4.752
601328.SH,2022-12-16,0.0,4.77,4.77,4.76,4185.0,1995550.0,4.753
601328.SH,2022-12-16,0.0,4.77,4.77,4.76,4081.0,1943680.0,4.753
601328.SH,2022-12-16,0.0,4.77,4.77,4.76,1318.0,628277.0,4.753
601328.SH,2022-12-16,0.0,4.77,4.77,4.76,7633.0,3640660.0,4.753
601328.SH,2022-12-16,0.0,4.76,4.77,4.76,5332.0,2542940.0,4.753
601328.SH,2022-12-16,0.0,4.77,4.77,4.76,2142.0,1021450.0,4.753
601328.SH,2022-12-16,0.0,4.77,4.77,4.76,2863.0,1364800.0,4.753
601328.SH,2022-12-16,0.0,4.77,4.77,4.76,3942.0,1878850.0,4.753
601328.SH,2022-12-16,0.0,4.76,4.77,4.76,3851.0,1835460.0,4.753
601328.SH,2022-12-16,0.0,4.76,4.77,4.76,3952.0,1883480.0,4.753
601328.SH,2022-12-16,0.0,4.77,4.77,4.76,3720.0,1773270.0,4.753
601328.SH,2022-12-16,0.0,4.77,4.77,4.76,3345.0,1594420.0,4.753
601328.SH,2022-12-16,0.0,4.77,4.77,4.76,3692.0,1760450.0,4.753
601328.SH,2022-12-16,0.0,4.76,4.77,4.76,3985.0,1898640.0,4.753
601328.SH,2022-12-16,0.0,4.76,4.77,4.76,11536.0,5491670.0,4.754
601328.SH,2022-12-16,0.0,4.76,4.77,4.76,4251.0,2024500.0,4.754
601328.SH,2022-12-16,0.0,4.75,4.77,4.75,4300.0,2046690.0,4.754
601328.SH,2022-12-16,0.0,4.75,4.76,4.75,3741.0,1779880.0,4.754
601328.SH,2022-12-16,0.0,4.76,4.76,4.76,74.0,35224.0,4.754
601328.SH,2022-12-16,0.0,4.76,4.76,4.76,0.0,0.0,4.754
601328.SH,2022-12-16,0.0,4.77,4.77,4.77,50151.0,23922000.0,4.755
601328.SH,2022-12-19,0.0,4.76,4.76,4.76,2215.0,1054340.0,4.76
601328.SH,2022-12-19,0.0,4.76,4.77,4.76,16995.0,8103390.0,4.767
601328.SH,2022-12-19,0.0,4.78,4.78,4.77,7779.0,3712890.0,4.769
601328.SH,2022-12-19,0.0,4.77,4.78,4.77,7438.0,3554810.0,4.771
601328.SH,2022-12-19,0.0,4.78,4.78,4.77,5362.0,2558710.0,4.771
601328.SH,2022-12-19,0.0,4.78,4.78,4.77,3578.0,1708020.0,4.771
601328.SH,2022-12-19,0.0,4.77,4.78,4.77,5733.0,2739780.0,4.772
601328.SH,2022-12-19,0.0,4.79,4.79,4.77,23053.0,11019100.0,4.775
601328.SH,2022-12-19,0.0,4.77,4.79,4.77,7592.0,3629130.0,4.775
601328.SH,2022-12-19,0.0,4.77,4.78,4.77,2445.0,1167620.0,4.775
601328.SH,2022-12-19,0.0,4.78,4.78,4.77,14218.0,6782170.0,4.775
601328.SH,2022-12-19,0.0,4.76,4.77,4.76,3291.0,1568830.0,4.774
601328.SH,2022-12-19,0.0,4.76,4.77,4.76,1675.0,797381.0,4.774
601328.SH,2022-12-19,0.0,4.76,4.77,4.76,3388.0,1613110.0,4.774
601328.SH,2022-12-19,0.0,4.77,4.77,4.76,2976.0,1417650.0,4.773
601328.SH,2022-12-19,0.0,4.76,4.77,4.76,3284.0,1564900.0,4.773
601328.SH,2022-12-19,0.0,4.76,4.77,4.76,2586.0,1232200.0,4.773
601328.SH,2022-12-19,0.0,4.77,4.77,4.76,2179.0,1038100.0,4.773
601328.SH,2022-12-19,0.0,4.76,4.77,4.76,3357.0,1599680.0,4.773
601328.SH,2022-12-19,0.0,4.76,4.77,4.76,676.0,321880.0,4.773
601328.SH,2022-12-19,0.0,4.76,4.76,4.76,9673.0,4604360.0,4.772
601328.SH,2022-12-19,0.0,4.75,4.77,4.75,6701.0,3189230.0,4.771
601328.SH,2022-12-19,0.0,4.75,4.76,4.75,1615.0,767916.0,4.771
601328.SH,2022-12-19,0.0,4.75,4.76,4.75,1931.0,918199.0,4.771
601328.SH,2022-12-19,0.0,4.75,4.76,4.75,1527.0,725633.0,4.77
601328.SH,2022-12-19,0.0,4.76,4.76,4.75,2599.0,1234840.0,4.77
601328.SH,2022-12-19,0.0,4.75,4.76,4.75,1085.0,515856.0,4.77
601328.SH,2022-12-19,0.0,4.75,4.76,4.75,2151.0,1021840.0,4.77
601328.SH,2022-12-19,0.0,4.76,4.76,4.75,2664.0,1267560.0,4.769
601328.SH,2022-12-19,0.0,4.75,4.76,4.75,1009.0,479858.0,4.769
601328.SH,2022-12-19,0.0,4.76,4.76,4.75,3005.0,1428120.0,4.769
601328.SH,2022-12-19,0.0,4.76,4.76,4.75,5779.0,2745590.0,4.768
601328.SH,2022-12-19,0.0,4.75,4.76,4.75,8541.0,4057690.0,4.767
601328.SH,2022-12-19,0.0,4.76,4.76,4.75,2345.0,1114310.0,4.767
601328.SH,2022-12-19,0.0,4.75,4.76,4.75,1494.0,709879.0,4.767
601328.SH,2022-12-19,0.0,4.75,4.76,4.75,18210.0,8649800.0,4.766
601328.SH,2022-12-19,0.0,4.75,4.76,4.74,7310.0,3467700.0,4.765
601328.SH,2022-12-19,0.0,4.74,4.75,4.74,1835.0,870650.0,4.765
601328.SH,2022-12-19,0.0,4.74,4.75,4.74,2693.0,1276980.0,4.764
601328.SH,2022-12-19,0.0,4.74,4.75,4.74,2935.0,1391780.0,4.764
601328.SH,2022-12-19,0.0,4.74,4.75,4.74,1275.0,604679.0,4.764
601328.SH,2022-12-19,0.0,4.74,4.75,4.74,1691.0,802150.0,4.764
601328.SH,2022-12-19,0.0,4.74,4.75,4.74,2327.0,1103120.0,4.763
601328.SH,2022-12-19,0.0,4.75,4.75,4.74,2039.0,966595.0,4.763
601328.SH,2022-12-19,0.0,4.74,4.75,4.74,1802.0,854823.0,4.763
601328.SH,2022-12-19,0.0,4.74,4.75,4.74,3219.0,1526500.0,4.763
601328.SH,2022-12-19,0.0,4.75,4.75,4.74,4092.0,1939670.0,4.762
601328.SH,2022-12-19,0.0,4.74,4.75,4.74,1071.0,507823.0,4.762
601328.SH,2022-12-19,0.0,4.74,4.75,4.74,1875.0,889340.0,4.762
601328.SH,2022-12-19,0.0,4.74,4.75,4.74,2701.0,1280560.0,4.762
601328.SH,2022-12-19,0.0,4.75,4.75,4.74,3359.0,1592920.0,4.761
601328.SH,2022-12-19,0.0,4.74,4.75,4.74,3185.0,1510350.0,4.761
601328.SH,2022-12-19,0.0,4.75,4.75,4.74,2183.0,1035370.0,4.761
601328.SH,2022-12-19,0.0,4.74,4.75,4.74,5001.0,2372420.0,4.761
601328.SH,2022-12-19,0.0,4.74,4.75,4.74,2358.0,1118450.0,4.76
601328.SH,2022-12-19,0.0,4.74,4.75,4.74,1580.0,749471.0,4.76
601328.SH,2022-12-19,0.0,4.74,4.75,4.74,2923.0,1386050.0,4.76
601328.SH,2022-12-19,0.0,4.74,4.75,4.74,2195.0,1041130.0,4.76
601328.SH,2022-12-19,0.0,4.74,4.75,4.74,2241.0,1062400.0,4.76
601328.SH,2022-12-19,0.0,4.75,4.75,4.74,2667.0,1264580.0,4.76
601328.SH,2022-12-19,0.0,4.74,4.75,4.74,3429.0,1626480.0,4.759
601328.SH,2022-12-19,0.0,4.74,4.75,4.73,18667.0,8848490.0,4.758
601328.SH,2022-12-19,0.0,4.75,4.75,4.73,5433.0,2573640.0,4.758
601328.SH,2022-12-19,0.0,4.74,4.75,4.74,4320.0,2047940.0,4.757
601328.SH,2022-12-19,0.0,4.74,4.75,4.73,2135.0,1012090.0,4.757
601328.SH,2022-12-19,0.0,4.73,4.74,4.73,1653.0,782234.0,4.757
601328.SH,2022-12-19,0.0,4.73,4.74,4.73,1056.0,499959.0,4.757
601328.SH,2022-12-19,0.0,4.73,4.74,4.73,2511.0,1188110.0,4.757
601328.SH,2022-12-19,0.0,4.73,4.74,4.73,1634.0,773667.0,4.757
601328.SH,2022-12-19,0.0,4.74,4.74,4.73,736.0,348263.0,4.757
601328.SH,2022-12-19,0.0,4.73,4.74,4.73,1817.0,859561.0,4.757
601328.SH,2022-12-19,0.0,4.74,4.74,4.73,1025.0,485092.0,4.757
601328.SH,2022-12-19,0.0,4.73,4.74,4.73,1221.0,577850.0,4.756
601328.SH,2022-12-19,0.0,4.73,4.74,4.73,1390.0,657804.0,4.756
601328.SH,2022-12-19,0.0,4.74,4.74,4.73,2881.0,1362780.0,4.756
601328.SH,2022-12-19,0.0,4.73,4.74,4.73,975.0,461360.0,4.756
601328.SH,2022-12-19,0.0,4.73,4.74,4.73,2271.0,1074520.0,4.756
601328.SH,2022-12-19,0.0,4.73,4.74,4.73,1143.0,540666.0,4.756
601328.SH,2022-12-19,0.0,4.73,4.74,4.73,1173.0,554912.0,4.756
601328.SH,2022-12-19,0.0,4.73,4.74,4.73,1202.0,568701.0,4.756
601328.SH,2022-12-19,0.0,4.73,4.74,4.73,2177.0,1030490.0,4.755
601328.SH,2022-12-19,0.0,4.73,4.74,4.73,1235.0,584329.0,4.755
601328.SH,2022-12-19,0.0,4.73,4.74,4.73,1392.0,658484.0,4.755
601328.SH,2022-12-19,0.0,4.73,4.74,4.73,2471.0,1169090.0,4.755
601328.SH,2022-12-19,0.0,4.74,4.74,4.73,663.0,313604.0,4.755
601328.SH,2022-12-19,0.0,4.72,4.74,4.72,34493.0,16314300.0,4.752
601328.SH,2022-12-19,0.0,4.72,4.73,4.72,1020.0,481654.0,4.752
601328.SH,2022-12-19,0.0,4.72,4.73,4.72,1300.0,613615.0,4.752
601328.SH,2022-12-19,0.0,4.72,4.73,4.72,1549.0,731251.0,4.752
601328.SH,2022-12-19,0.0,4.73,4.73,4.72,3031.0,1432430.0,4.752
601328.SH,2022-12-19,0.0,4.73,4.73,4.72,1923.0,908546.0,4.752
601328.SH,2022-12-19,0.0,4.73,4.73,4.72,1141.0,538743.0,4.752
601328.SH,2022-12-19,0.0,4.73,4.73,4.72,888.0,419279.0,4.752
601328.SH,2022-12-19,0.0,4.72,4.73,4.72,2973.0,1403840.0,4.751
601328.SH,2022-12-19,0.0,4.72,4.73,4.72,4260.0,2011550.0,4.751
601328.SH,2022-12-19,0.0,4.73,4.73,4.72,3227.0,1525240.0,4.751
601328.SH,2022-12-19,0.0,4.73,4.73,4.72,1760.0,831257.0,4.751
601328.SH,2022-12-19,0.0,4.73,4.73,4.72,11070.0,5232620.0,4.75
601328.SH,2022-12-19,0.0,4.73,4.74,4.72,4857.0,2297410.0,4.75
601328.SH,2022-12-19,0.0,4.73,4.74,4.73,173.0,81884.0,4.75
601328.SH,2022-12-19,0.0,4.73,4.74,4.73,1313.0,621201.0,4.75
601328.SH,2022-12-19,0.0,4.73,4.74,4.73,1034.0,489110.0,4.75
601328.SH,2022-12-19,0.0,4.73,4.73,4.73,1925.0,910528.0,4.75
601328.SH,2022-12-19,0.0,4.73,4.74,4.73,6785.0,3208610.0,4.749
601328.SH,2022-12-19,0.0,4.73,4.73,4.72,1486.0,701751.0,4.749
601328.SH,2022-12-19,0.0,4.73,4.73,4.72,1333.0,629607.0,4.749
601328.SH,2022-12-19,0.0,4.72,4.73,4.72,1166.0,550558.0,4.749
601328.SH,2022-12-19,0.0,4.72,4.73,4.72,3217.0,1519650.0,4.749
601328.SH,2022-12-19,0.0,4.72,4.73,4.72,617.0,291270.0,4.749
601328.SH,2022-12-19,0.0,4.72,4.73,4.72,994.0,469432.0,4.749
601328.SH,2022-12-19,0.0,4.73,4.73,4.72,2173.0,1026020.0,4.748
601328.SH,2022-12-19,0.0,4.72,4.73,4.72,1476.0,696803.0,4.748
601328.SH,2022-12-19,0.0,4.72,4.73,4.72,1958.0,924251.0,4.748
601328.SH,2022-12-19,0.0,4.73,4.73,4.72,1597.0,754003.0,4.748
601328.SH,2022-12-19,0.0,4.72,4.73,4.72,1553.0,733260.0,4.748
601328.SH,2022-12-19,0.0,4.73,4.73,4.72,1645.0,776822.0,4.748
601328.SH,2022-12-19,0.0,4.72,4.73,4.72,1823.0,860558.0,4.748
601328.SH,2022-12-19,0.0,4.72,4.73,4.72,2541.0,1200460.0,4.748
601328.SH,2022-12-19,0.0,4.73,4.73,4.72,1983.0,936551.0,4.748
601328.SH,2022-12-19,0.0,4.72,4.73,4.72,2464.0,1163210.0,4.747
601328.SH,2022-12-19,0.0,4.72,4.73,4.72,3381.0,1597350.0,4.747
601328.SH,2022-12-19,0.0,4.72,4.73,4.72,5091.0,2405690.0,4.747
601328.SH,2022-12-19,0.0,4.72,4.73,4.72,1062.0,501526.0,4.747
601328.SH,2022-12-19,0.0,4.72,4.73,4.72,1886.0,890270.0,4.747
601328.SH,2022-12-19,0.0,4.72,4.73,4.72,1699.0,802365.0,4.747
601328.SH,2022-12-19,0.0,4.73,4.73,4.72,1706.0,805602.0,4.747
601328.SH,2022-12-19,0.0,4.72,4.73,4.72,2219.0,1047640.0,4.747
601328.SH,2022-12-19,0.0,4.73,4.73,4.72,1557.0,734924.0,4.746
601328.SH,2022-12-19,0.0,4.72,4.73,4.72,1893.0,894014.0,4.746
601328.SH,2022-12-19,0.0,4.73,4.73,4.72,2076.0,979993.0,4.746
601328.SH,2022-12-19,0.0,4.72,4.73,4.72,1206.0,569322.0,4.746
601328.SH,2022-12-19,0.0,4.72,4.73,4.72,2083.0,983485.0,4.746
601328.SH,2022-12-19,0.0,4.73,4.73,4.72,1350.0,637249.0,4.746
601328.SH,2022-12-19,0.0,4.72,4.73,4.72,2186.0,1032020.0,4.746
601328.SH,2022-12-19,0.0,4.73,4.73,4.72,2595.0,1224970.0,4.746
601328.SH,2022-12-19,0.0,4.72,4.73,4.72,3247.0,1534420.0,4.746
601328.SH,2022-12-19,0.0,4.72,4.73,4.72,1761.0,831353.0,4.745
601328.SH,2022-12-19,0.0,4.73,4.73,4.72,2330.0,1100110.0,4.745
601328.SH,2022-12-19,0.0,4.72,4.73,4.72,1266.0,597636.0,4.745
601328.SH,2022-12-19,0.0,4.72,4.73,4.72,1732.0,817678.0,4.745
601328.SH,2022-12-19,0.0,4.73,4.73,4.72,1985.0,937174.0,4.745
601328.SH,2022-12-19,0.0,4.72,4.73,4.72,3416.0,1612500.0,4.745
601328.SH,2022-12-19,0.0,4.72,4.73,4.71,29661.0,13999300.0,4.743
601328.SH,2022-12-19,0.0,4.72,4.72,4.71,3002.0,1416390.0,4.743
601328.SH,2022-12-19,0.0,4.71,4.72,4.71,1587.0,748253.0,4.743
601328.SH,2022-12-19,0.0,4.72,4.72,4.71,2481.0,1169690.0,4.743
601328.SH,2022-12-19,0.0,4.72,4.72,4.71,1254.0,591664.0,4.743
601328.SH,2022-12-19,0.0,4.72,4.72,4.71,2368.0,1116380.0,4.743
601328.SH,2022-12-19,0.0,4.72,4.72,4.71,5310.0,2505750.0,4.743
601328.SH,2022-12-19,0.0,4.73,4.73,4.72,3850.0,1817340.0,4.743
601328.SH,2022-12-19,0.0,4.72,4.73,4.72,1529.0,721735.0,4.742
601328.SH,2022-12-19,0.0,4.72,4.72,4.71,3325.0,1568190.0,4.742
601328.SH,2022-12-19,0.0,4.72,4.73,4.72,2142.0,1011170.0,4.742
601328.SH,2022-12-19,0.0,4.72,4.73,4.72,1218.0,574949.0,4.742
601328.SH,2022-12-19,0.0,4.72,4.72,4.71,6047.0,2853970.0,4.742
601328.SH,2022-12-19,0.0,4.72,4.73,4.71,2438.0,1150350.0,4.742
601328.SH,2022-12-19,0.0,4.73,4.73,4.71,1312.0,618809.0,4.742
601328.SH,2022-12-19,0.0,4.72,4.73,4.72,455.0,214811.0,4.742
601328.SH,2022-12-19,0.0,4.73,4.73,4.72,1111.0,524407.0,4.742
601328.SH,2022-12-19,0.0,4.71,4.73,4.71,8190.0,3869700.0,4.741
601328.SH,2022-12-19,0.0,4.71,4.73,4.71,1303.0,614586.0,4.741
601328.SH,2022-12-19,0.0,4.72,4.73,4.71,1153.0,543815.0,4.741
601328.SH,2022-12-19,0.0,4.72,4.73,4.71,3141.0,1482100.0,4.741
601328.SH,2022-12-19,0.0,4.72,4.73,4.72,545.0,257243.0,4.741
601328.SH,2022-12-19,0.0,4.72,4.72,4.71,1023.0,482675.0,4.741
601328.SH,2022-12-19,0.0,4.73,4.73,4.72,191.0,90171.0,4.741
601328.SH,2022-12-19,0.0,4.71,4.73,4.71,6398.0,3019770.0,4.741
601328.SH,2022-12-19,0.0,4.72,4.73,4.72,7916.0,3741780.0,4.741
601328.SH,2022-12-19,0.0,4.72,4.72,4.72,4022.0,1897700.0,4.741
601328.SH,2022-12-19,0.0,4.72,4.72,4.71,13603.0,6407330.0,4.74
601328.SH,2022-12-19,0.0,4.71,4.72,4.71,7361.0,3471520.0,4.74
601328.SH,2022-12-19,0.0,4.72,4.72,4.71,2651.0,1249000.0,4.739
601328.SH,2022-12-19,0.0,4.72,4.72,4.71,4073.0,1919590.0,4.739
601328.SH,2022-12-19,0.0,4.72,4.72,4.71,7854.0,3700200.0,4.739
601328.SH,2022-12-19,0.0,4.72,4.72,4.71,1399.0,659601.0,4.739
601328.SH,2022-12-19,0.0,4.72,4.72,4.71,1415.0,666865.0,4.739
601328.SH,2022-12-19,0.0,4.72,4.72,4.71,269.0,126820.0,4.739
601328.SH,2022-12-19,0.0,4.71,4.72,4.71,1853.0,872806.0,4.739
601328.SH,2022-12-19,0.0,4.71,4.72,4.71,2316.0,1091010.0,4.739
601328.SH,2022-12-19,0.0,4.71,4.72,4.71,2464.0,1160740.0,4.738
601328.SH,2022-12-19,0.0,4.72,4.72,4.71,785.0,370170.0,4.738
601328.SH,2022-12-19,0.0,4.71,4.72,4.71,2067.0,973941.0,4.738
601328.SH,2022-12-19,0.0,4.71,4.72,4.71,3158.0,1487420.0,4.738
601328.SH,2022-12-19,0.0,4.71,4.72,4.71,963.0,453665.0,4.738
601328.SH,2022-12-19,0.0,4.72,4.72,4.71,13762.0,6489180.0,4.738
601328.SH,2022-12-19,0.0,4.71,4.72,4.71,821.0,387012.0,4.738
601328.SH,2022-12-19,0.0,4.71,4.72,4.71,1991.0,937967.0,4.738
601328.SH,2022-12-19,0.0,4.72,4.72,4.71,1343.0,632864.0,4.738
601328.SH,2022-12-19,0.0,4.72,4.72,4.71,4297.0,2025750.0,4.737
601328.SH,2022-12-19,0.0,4.71,4.72,4.71,1383.0,651906.0,4.737
601328.SH,2022-12-19,0.0,4.71,4.72,4.71,1526.0,718880.0,4.737
601328.SH,2022-12-19,0.0,4.71,4.72,4.7,21601.0,10173500.0,4.736
601328.SH,2022-12-19,0.0,4.7,4.71,4.7,3314.0,1559420.0,4.736
601328.SH,2022-12-19,0.0,4.71,4.71,4.7,5046.0,2376350.0,4.736
601328.SH,2022-12-19,0.0,4.71,4.71,4.7,3463.0,1630800.0,4.736
601328.SH,2022-12-19,0.0,4.71,4.71,4.7,1233.0,580636.0,4.736
601328.SH,2022-12-19,0.0,4.71,4.71,4.7,1261.0,593791.0,4.736
601328.SH,2022-12-19,0.0,4.71,4.71,4.7,1038.0,488481.0,4.736
601328.SH,2022-12-19,0.0,4.71,4.71,4.7,3432.0,1614890.0,4.736
601328.SH,2022-12-19,0.0,4.71,4.71,4.7,6906.0,3246940.0,4.735
601328.SH,2022-12-19,0.0,4.7,4.71,4.7,924.0,435062.0,4.735
601328.SH,2022-12-19,0.0,4.71,4.71,4.7,5576.0,2625550.0,4.735
601328.SH,2022-12-19,0.0,4.72,4.72,4.71,1320.0,621850.0,4.735
601328.SH,2022-12-19,0.0,4.71,4.72,4.71,269.0,126838.0,4.735
601328.SH,2022-12-19,0.0,4.71,4.72,4.71,7213.0,3397570.0,4.735
601328.SH,2022-12-19,0.0,4.72,4.72,4.71,673.0,317315.0,4.735
601328.SH,2022-12-19,0.0,4.71,4.72,4.7,3793.0,1785010.0,4.735
601328.SH,2022-12-19,0.0,4.71,4.71,4.7,1059.0,497842.0,4.735
601328.SH,2022-12-19,0.0,4.7,4.71,4.7,1002.0,471141.0,4.734
601328.SH,2022-12-19,0.0,4.71,4.71,4.7,1563.0,734827.0,4.734
601328.SH,2022-12-19,0.0,4.71,4.71,4.7,2353.0,1106940.0,4.734
601328.SH,2022-12-19,0.0,4.71,4.71,4.7,2392.0,1124880.0,4.734
601328.SH,2022-12-19,0.0,4.71,4.71,4.7,4103.0,1928830.0,4.734
601328.SH,2022-12-19,0.0,4.71,4.71,4.7,1870.0,879683.0,4.734
601328.SH,2022-12-19,0.0,4.7,4.71,4.7,2417.0,1136500.0,4.734
601328.SH,2022-12-19,0.0,4.71,4.71,4.7,2376.0,1117470.0,4.734
601328.SH,2022-12-19,0.0,4.71,4.71,4.7,1861.0,875157.0,4.734
601328.SH,2022-12-19,0.0,4.7,4.71,4.7,3104.0,1459960.0,4.734
601328.SH,2022-12-19,0.0,4.7,4.71,4.7,2678.0,1259280.0,4.733
601328.SH,2022-12-19,0.0,4.71,4.71,4.7,2775.0,1304580.0,4.733
601328.SH,2022-12-19,0.0,4.71,4.71,4.7,2037.0,958537.0,4.733
601328.SH,2022-12-19,0.0,4.7,4.71,4.7,2662.0,1251440.0,4.733
601328.SH,2022-12-19,0.0,4.7,4.71,4.7,1827.0,859185.0,4.733
601328.SH,2022-12-19,0.0,4.71,4.71,4.7,1228.0,577579.0,4.733
601328.SH,2022-12-19,0.0,4.71,4.71,4.7,2816.0,1324100.0,4.733
601328.SH,2022-12-19,0.0,4.7,4.71,4.7,2248.0,1057060.0,4.733
601328.SH,2022-12-19,0.0,4.7,4.71,4.7,28624.0,13454200.0,4.732
601328.SH,2022-12-19,0.0,4.71,4.71,4.7,3553.0,1671200.0,4.732
601328.SH,2022-12-19,0.0,4.7,4.71,4.7,1873.0,880552.0,4.731
601328.SH,2022-12-19,0.0,4.7,4.71,4.7,3360.0,1579730.0,4.731
601328.SH,2022-12-19,0.0,4.71,4.71,4.7,2325.0,1093790.0,4.731
601328.SH,2022-12-19,0.0,4.71,4.71,4.7,4400.0,2068840.0,4.731
601328.SH,2022-12-19,0.0,4.71,4.71,4.7,4594.0,2161070.0,4.731
601328.SH,2022-12-19,0.0,4.7,4.71,4.7,4731.0,2226310.0,4.731
601328.SH,2022-12-19,0.0,4.71,4.71,4.7,16208.0,7629580.0,4.73
601328.SH,2022-12-19,0.0,4.7,4.71,4.7,9215.0,4331860.0,4.73
601328.SH,2022-12-19,0.0,4.7,4.71,4.7,4960.0,2333100.0,4.73
601328.SH,2022-12-19,0.0,4.71,4.71,4.7,6086.0,2861680.0,4.73
601328.SH,2022-12-19,0.0,4.71,4.71,4.71,0.0,0.0,4.73
601328.SH,2022-12-19,0.0,4.71,4.71,4.71,0.0,0.0,4.73
601328.SH,2022-12-19,0.0,4.7,4.7,4.7,17471.0,8211290.0,4.729
601328.SH,2022-12-20,0.0,4.7,4.7,4.7,2145.0,1008080.0,4.7
601328.SH,2022-12-20,0.0,4.71,4.72,4.7,11199.0,5273300.0,4.707
601328.SH,2022-12-20,0.0,4.7,4.72,4.7,3044.0,1433550.0,4.708
601328.SH,2022-12-20,0.0,4.7,4.72,4.7,12585.0,5923220.0,4.707
601328.SH,2022-12-20,0.0,4.7,4.71,4.7,2245.0,1057150.0,4.707
601328.SH,2022-12-20,0.0,4.71,4.72,4.7,2428.0,1143550.0,4.708
601328.SH,2022-12-20,0.0,4.7,4.71,4.7,1978.0,931166.0,4.708
601328.SH,2022-12-20,0.0,4.7,4.71,4.7,1646.0,773968.0,4.707
601328.SH,2022-12-20,0.0,4.7,4.71,4.7,8826.0,4148630.0,4.706
601328.SH,2022-12-20,0.0,4.69,4.7,4.69,5788.0,2719970.0,4.705
601328.SH,2022-12-20,0.0,4.71,4.71,4.7,4731.0,2223310.0,4.705
601328.SH,2022-12-20,0.0,4.7,4.71,4.7,2328.0,1096280.0,4.705
601328.SH,2022-12-20,0.0,4.71,4.71,4.7,616.0,289803.0,4.705
601328.SH,2022-12-20,0.0,4.71,4.71,4.7,3041.0,1430660.0,4.705
601328.SH,2022-12-20,0.0,4.71,4.71,4.7,2122.0,999074.0,4.705
601328.SH,2022-12-20,0.0,4.7,4.71,4.7,1420.0,668291.0,4.705
601328.SH,2022-12-20,0.0,4.71,4.71,4.7,3524.0,1659390.0,4.705
601328.SH,2022-12-20,0.0,4.71,4.71,4.7,1097.0,516194.0,4.705
601328.SH,2022-12-20,0.0,4.71,4.71,4.7,3560.0,1676440.0,4.705
601328.SH,2022-12-20,0.0,4.71,4.71,4.7,1111.0,523137.0,4.706
601328.SH,2022-12-20,0.0,4.7,4.71,4.7,490.0,230620.0,4.706
601328.SH,2022-12-20,0.0,4.71,4.72,4.71,11581.0,5455180.0,4.706
601328.SH,2022-12-20,0.0,4.72,4.72,4.71,2398.0,1129950.0,4.706
601328.SH,2022-12-20,0.0,4.72,4.72,4.71,1239.0,584191.0,4.706
601328.SH,2022-12-20,0.0,4.71,4.72,4.71,595.0,280778.0,4.707
601328.SH,2022-12-20,0.0,4.71,4.72,4.71,1795.0,847112.0,4.707
601328.SH,2022-12-20,0.0,4.71,4.72,4.71,1222.0,576588.0,4.707
601328.SH,2022-12-20,0.0,4.72,4.73,4.71,21484.0,10140700.0,4.709
601328.SH,2022-12-20,0.0,4.73,4.73,4.72,1649.0,779340.0,4.71
601328.SH,2022-12-20,0.0,4.73,4.73,4.72,2705.0,1279070.0,4.71
601328.SH,2022-12-20,0.0,4.72,4.73,4.72,883.0,417000.0,4.71
601328.SH,2022-12-20,0.0,4.72,4.73,4.72,1118.0,527996.0,4.71
601328.SH,2022-12-20,0.0,4.73,4.73,4.72,1338.0,632464.0,4.71
601328.SH,2022-12-20,0.0,4.72,4.73,4.72,811.0,383444.0,4.711
601328.SH,2022-12-20,0.0,4.72,4.73,4.71,6975.0,3292300.0,4.711
601328.SH,2022-12-20,0.0,4.71,4.72,4.71,579.0,273231.0,4.711
601328.SH,2022-12-20,0.0,4.71,4.72,4.71,319.0,150416.0,4.711
601328.SH,2022-12-20,0.0,4.71,4.72,4.71,1072.0,505393.0,4.711
601328.SH,2022-12-20,0.0,4.71,4.72,4.71,1243.0,586128.0,4.711
601328.SH,2022-12-20,0.0,4.72,4.72,4.71,2041.0,963124.0,4.711
601328.SH,2022-12-20,0.0,4.71,4.72,4.71,2969.0,1400320.0,4.711
601328.SH,2022-12-20,0.0,4.72,4.72,4.71,411.0,193812.0,4.711
601328.SH,2022-12-20,0.0,4.72,4.72,4.71,2084.0,983423.0,4.712
601328.SH,2022-12-20,0.0,4.72,4.72,4.71,2407.0,1135980.0,4.712
601328.SH,2022-12-20,0.0,4.71,4.72,4.71,637.0,300265.0,4.712
601328.SH,2022-12-20,0.0,4.72,4.72,4.71,1627.0,766779.0,4.712
601328.SH,2022-12-20,0.0,4.71,4.72,4.71,501.0,236122.0,4.712
601328.SH,2022-12-20,0.0,4.71,4.72,4.71,1058.0,498845.0,4.712
601328.SH,2022-12-20,0.0,4.71,4.72,4.71,2341.0,1102770.0,4.712
601328.SH,2022-12-20,0.0,4.71,4.71,4.7,27891.0,13136400.0,4.711
601328.SH,2022-12-20,0.0,4.71,4.71,4.7,1780.0,838303.0,4.711
601328.SH,2022-12-20,0.0,4.71,4.71,4.7,543.0,255690.0,4.711
601328.SH,2022-12-20,0.0,4.71,4.71,4.7,467.0,219947.0,4.711
601328.SH,2022-12-20,0.0,4.7,4.71,4.7,1137.0,535193.0,4.711
601328.SH,2022-12-20,0.0,4.71,4.71,4.7,640.0,301083.0,4.711
601328.SH,2022-12-20,0.0,4.71,4.71,4.7,347.0,163394.0,4.711
601328.SH,2022-12-20,0.0,4.71,4.71,4.7,484.0,227823.0,4.711
601328.SH,2022-12-20,0.0,4.71,4.71,4.7,672.0,316472.0,4.711
601328.SH,2022-12-20,0.0,4.7,4.71,4.7,953.0,448632.0,4.711
601328.SH,2022-12-20,0.0,4.7,4.71,4.7,854.0,401604.0,4.711
601328.SH,2022-12-20,0.0,4.7,4.71,4.7,4945.0,2326630.0,4.711
601328.SH,2022-12-20,0.0,4.7,4.71,4.7,1974.0,929329.0,4.711
601328.SH,2022-12-20,0.0,4.71,4.71,4.7,1509.0,709466.0,4.711
601328.SH,2022-12-20,0.0,4.71,4.71,4.7,14405.0,6784600.0,4.711
601328.SH,2022-12-20,0.0,4.7,4.71,4.7,217.0,102176.0,4.711
601328.SH,2022-12-20,0.0,4.7,4.71,4.7,1575.0,742154.0,4.711
601328.SH,2022-12-20,0.0,4.71,4.71,4.7,393.0,184892.0,4.711
601328.SH,2022-12-20,0.0,4.71,4.71,4.7,809.0,381029.0,4.711
601328.SH,2022-12-20,0.0,4.72,4.72,4.7,2763.0,1302410.0,4.711
601328.SH,2022-12-20,0.0,4.72,4.72,4.71,702.0,331251.0,4.711
601328.SH,2022-12-20,0.0,4.71,4.72,4.71,1402.0,661516.0,4.711
601328.SH,2022-12-20,0.0,4.71,4.72,4.71,254.0,119690.0,4.711
601328.SH,2022-12-20,0.0,4.71,4.72,4.71,599.0,282466.0,4.711
601328.SH,2022-12-20,0.0,4.7,4.72,4.7,6295.0,2962530.0,4.711
601328.SH,2022-12-20,0.0,4.7,4.71,4.7,2336.0,1100160.0,4.711
601328.SH,2022-12-20,0.0,4.7,4.71,4.7,1003.0,472302.0,4.711
601328.SH,2022-12-20,0.0,4.71,4.71,4.7,848.0,399348.0,4.711
601328.SH,2022-12-20,0.0,4.71,4.71,4.7,1520.0,715057.0,4.711
601328.SH,2022-12-20,0.0,4.71,4.71,4.7,732.0,344513.0,4.711
601328.SH,2022-12-20,0.0,4.71,4.71,4.7,673.0,316942.0,4.711
601328.SH,2022-12-20,0.0,4.7,4.71,4.7,486.0,228844.0,4.711
601328.SH,2022-12-20,0.0,4.71,4.71,4.7,2170.0,1021940.0,4.711
601328.SH,2022-12-20,0.0,4.7,4.71,4.7,920.0,432532.0,4.711
601328.SH,2022-12-20,0.0,4.7,4.71,4.7,325.0,152971.0,4.711
601328.SH,2022-12-20,0.0,4.71,4.71,4.7,498.0,234498.0,4.711
601328.SH,2022-12-20,0.0,4.71,4.71,4.7,641.0,301679.0,4.711
601328.SH,2022-12-20,0.0,4.7,4.71,4.7,419.0,197245.0,4.711
601328.SH,2022-12-20,0.0,4.71,4.71,4.7,2285.0,1074160.0,4.711
601328.SH,2022-12-20,0.0,4.7,4.71,4.7,593.0,279171.0,4.711
601328.SH,2022-12-20,0.0,4.7,4.71,4.7,1436.0,675841.0,4.711
601328.SH,2022-12-20,0.0,4.7,4.71,4.7,834.0,392626.0,4.711
601328.SH,2022-12-20,0.0,4.71,4.71,4.7,2331.0,1096780.0,4.711
601328.SH,2022-12-20,0.0,4.71,4.71,4.7,1178.0,554833.0,4.711
601328.SH,2022-12-20,0.0,4.71,4.71,4.7,2000.0,941873.0,4.711
601328.SH,2022-12-20,0.0,4.7,4.71,4.7,1336.0,629069.0,4.711
601328.SH,2022-12-20,0.0,4.7,4.71,4.7,637.0,299716.0,4.711
601328.SH,2022-12-20,0.0,4.7,4.71,4.7,16588.0,7796830.0,4.71
601328.SH,2022-12-20,0.0,4.71,4.71,4.7,3385.0,1591510.0,4.71
601328.SH,2022-12-20,0.0,4.7,4.71,4.7,3496.0,1644260.0,4.71
601328.SH,2022-12-20,0.0,4.7,4.71,4.7,235.0,110557.0,4.71
601328.SH,2022-12-20,0.0,4.71,4.71,4.7,1624.0,763635.0,4.71
601328.SH,2022-12-20,0.0,4.7,4.71,4.69,33910.0,15934700.0,4.708
601328.SH,2022-12-20,0.0,4.69,4.7,4.69,492.0,230979.0,4.708
601328.SH,2022-12-20,0.0,4.69,4.7,4.69,1307.0,613894.0,4.708
601328.SH,2022-12-20,0.0,4.69,4.7,4.69,674.0,316441.0,4.708
601328.SH,2022-12-20,0.0,4.7,4.7,4.69,1062.0,498958.0,4.708
601328.SH,2022-12-20,0.0,4.7,4.7,4.69,903.0,424054.0,4.708
601328.SH,2022-12-20,0.0,4.69,4.7,4.69,868.0,407744.0,4.708
601328.SH,2022-12-20,0.0,4.69,4.7,4.69,416.0,195180.0,4.708
601328.SH,2022-12-20,0.0,4.69,4.7,4.69,869.0,407738.0,4.708
601328.SH,2022-12-20,0.0,4.69,4.7,4.69,280.0,131388.0,4.708
601328.SH,2022-12-20,0.0,4.7,4.7,4.69,1948.0,914735.0,4.708
601328.SH,2022-12-20,0.0,4.69,4.7,4.69,2270.0,1065310.0,4.708
601328.SH,2022-12-20,0.0,4.7,4.7,4.69,1130.0,530888.0,4.708
601328.SH,2022-12-20,0.0,4.7,4.7,4.69,1442.0,676883.0,4.708
601328.SH,2022-12-20,0.0,4.7,4.7,4.69,2062.0,967260.0,4.708
601328.SH,2022-12-20,0.0,4.69,4.7,4.69,1089.0,511166.0,4.708
601328.SH,2022-12-20,0.0,4.69,4.7,4.69,1191.0,559037.0,4.708
601328.SH,2022-12-20,0.0,4.7,4.7,4.69,1027.0,482172.0,4.708
601328.SH,2022-12-20,0.0,4.69,4.7,4.69,2218.0,1041120.0,4.708
601328.SH,2022-12-20,0.0,4.69,4.7,4.69,659.0,309481.0,4.708
601328.SH,2022-12-20,0.0,4.69,4.7,4.69,15251.0,7160500.0,4.707
601328.SH,2022-12-20,0.0,4.7,4.7,4.69,790.0,371064.0,4.707
601328.SH,2022-12-20,0.0,4.69,4.7,4.69,3297.0,1546570.0,4.707
601328.SH,2022-12-20,0.0,4.69,4.7,4.69,10042.0,4710540.0,4.706
601328.SH,2022-12-20,0.0,4.69,4.69,4.68,18553.0,8699280.0,4.706
601328.SH,2022-12-20,0.0,4.68,4.69,4.68,1602.0,750676.0,4.705
601328.SH,2022-12-20,0.0,4.68,4.69,4.68,534.0,250281.0,4.705
601328.SH,2022-12-20,0.0,4.68,4.69,4.68,882.0,413139.0,4.705
601328.SH,2022-12-20,0.0,4.68,4.69,4.68,605.0,283493.0,4.705
601328.SH,2022-12-20,0.0,4.68,4.69,4.68,877.0,410837.0,4.705
601328.SH,2022-12-20,0.0,4.68,4.69,4.68,1078.0,505042.0,4.705
601328.SH,2022-12-20,0.0,4.68,4.69,4.68,282.0,132112.0,4.705
601328.SH,2022-12-20,0.0,4.68,4.69,4.68,1691.0,791874.0,4.705
601328.SH,2022-12-20,0.0,4.69,4.69,4.68,2217.0,1038090.0,4.705
601328.SH,2022-12-20,0.0,4.69,4.69,4.68,2895.0,1355600.0,4.705
601328.SH,2022-12-20,0.0,4.68,4.69,4.68,1984.0,929221.0,4.705
601328.SH,2022-12-20,0.0,4.68,4.69,4.68,1831.0,857541.0,4.705
601328.SH,2022-12-20,0.0,4.68,4.69,4.68,2844.0,1332520.0,4.705
601328.SH,2022-12-20,0.0,4.69,4.69,4.68,1217.0,570024.0,4.704
601328.SH,2022-12-20,0.0,4.68,4.69,4.68,1016.0,475569.0,4.704
601328.SH,2022-12-20,0.0,4.69,4.69,4.68,1277.0,598145.0,4.704
601328.SH,2022-12-20,0.0,4.67,4.68,4.67,65741.0,30761100.0,4.701
601328.SH,2022-12-20,0.0,4.67,4.68,4.67,11447.0,5346640.0,4.7
601328.SH,2022-12-20,0.0,4.67,4.67,4.66,17178.0,8020750.0,4.699
601328.SH,2022-12-20,0.0,4.66,4.67,4.66,1872.0,873004.0,4.699
601328.SH,2022-12-20,0.0,4.67,4.67,4.66,14887.0,6951580.0,4.698
601328.SH,2022-12-20,0.0,4.68,4.68,4.67,3976.0,1857990.0,4.698
601328.SH,2022-12-20,0.0,4.67,4.68,4.67,4155.0,1940930.0,4.698
601328.SH,2022-12-20,0.0,4.67,4.67,4.67,4889.0,2283170.0,4.697
601328.SH,2022-12-20,0.0,4.67,4.67,4.67,3067.0,1432260.0,4.697
601328.SH,2022-12-20,0.0,4.67,4.67,4.66,6439.0,3004530.0,4.697
601328.SH,2022-12-20,0.0,4.66,4.67,4.66,1414.0,659903.0,4.697
601328.SH,2022-12-20,0.0,4.67,4.67,4.66,3222.0,1503560.0,4.697
601328.SH,2022-12-20,0.0,4.67,4.67,4.66,3058.0,1427060.0,4.696
601328.SH,2022-12-20,0.0,4.66,4.67,4.66,2952.0,1376610.0,4.696
601328.SH,2022-12-20,0.0,4.66,4.67,4.66,1956.0,911932.0,4.696
601328.SH,2022-12-20,0.0,4.66,4.67,4.66,3375.0,1573410.0,4.696
601328.SH,2022-12-20,0.0,4.66,4.67,4.66,8513.0,3967420.0,4.695
601328.SH,2022-12-20,0.0,4.66,4.67,4.66,8020.0,3737690.0,4.695
601328.SH,2022-12-20,0.0,4.66,4.67,4.66,3900.0,1818860.0,4.695
601328.SH,2022-12-20,0.0,4.66,4.67,4.66,3976.0,1853600.0,4.694
601328.SH,2022-12-20,0.0,4.66,4.67,4.66,1561.0,727544.0,4.694
601328.SH,2022-12-20,0.0,4.66,4.67,4.66,2625.0,1223920.0,4.694
601328.SH,2022-12-20,0.0,4.66,4.67,4.66,1826.0,851297.0,4.694
601328.SH,2022-12-20,0.0,4.66,4.67,4.66,3545.0,1652340.0,4.694
601328.SH,2022-12-20,0.0,4.66,4.67,4.66,1970.0,918443.0,4.694
601328.SH,2022-12-20,0.0,4.66,4.66,4.66,3687.0,1718240.0,4.694
601328.SH,2022-12-20,0.0,4.67,4.67,4.66,2392.0,1115400.0,4.693
601328.SH,2022-12-20,0.0,4.67,4.67,4.66,1699.0,792123.0,4.693
601328.SH,2022-12-20,0.0,4.67,4.67,4.66,2752.0,1282740.0,4.693
601328.SH,2022-12-20,0.0,4.66,4.66,4.66,3014.0,1404890.0,4.693
601328.SH,2022-12-20,0.0,4.67,4.67,4.66,1587.0,739825.0,4.693
601328.SH,2022-12-20,0.0,4.66,4.67,4.66,2115.0,986247.0,4.693
601328.SH,2022-12-20,0.0,4.66,4.67,4.66,1660.0,774051.0,4.693
601328.SH,2022-12-20,0.0,4.67,4.67,4.66,2462.0,1148990.0,4.693
601328.SH,2022-12-20,0.0,4.66,4.67,4.66,1850.0,862463.0,4.693
601328.SH,2022-12-20,0.0,4.66,4.67,4.66,1803.0,840556.0,4.693
601328.SH,2022-12-20,0.0,4.66,4.67,4.66,1449.0,675589.0,4.692
601328.SH,2022-12-20,0.0,4.67,4.67,4.66,1598.0,745038.0,4.692
601328.SH,2022-12-20,0.0,4.67,4.67,4.66,1398.0,651949.0,4.692
601328.SH,2022-12-20,0.0,4.67,4.67,4.66,2087.0,973265.0,4.692
601328.SH,2022-12-20,0.0,4.67,4.67,4.66,11730.0,5477120.0,4.692
601328.SH,2022-12-20,0.0,4.67,4.67,4.66,9580.0,4472100.0,4.691
601328.SH,2022-12-20,0.0,4.67,4.67,4.67,1798.0,839666.0,4.691
601328.SH,2022-12-20,0.0,4.67,4.67,4.66,6054.0,2827000.0,4.691
601328.SH,2022-12-20,0.0,4.67,4.68,4.67,2727.0,1273910.0,4.691
601328.SH,2022-12-20,0.0,4.67,4.68,4.67,1011.0,472199.0,4.691
601328.SH,2022-12-20,0.0,4.67,4.68,4.67,531.0,248272.0,4.691
601328.SH,2022-12-20,0.0,4.67,4.67,4.67,1485.0,693822.0,4.691
601328.SH,2022-12-20,0.0,4.68,4.68,4.67,1635.0,763873.0,4.691
601328.SH,2022-12-20,0.0,4.67,4.68,4.67,3548.0,1658360.0,4.691
601328.SH,2022-12-20,0.0,4.67,4.68,4.67,1725.0,805704.0,4.691
601328.SH,2022-12-20,0.0,4.67,4.68,4.67,1712.0,799794.0,4.691
601328.SH,2022-12-20,0.0,4.67,4.68,4.67,1081.0,504858.0,4.691
601328.SH,2022-12-20,0.0,4.67,4.67,4.67,1150.0,537138.0,4.691
601328.SH,2022-12-20,0.0,4.67,4.67,4.66,8612.0,4021490.0,4.69
601328.SH,2022-12-20,0.0,4.66,4.67,4.66,534.0,249157.0,4.69
601328.SH,2022-12-20,0.0,4.66,4.67,4.66,587.0,273964.0,4.69
601328.SH,2022-12-20,0.0,4.66,4.67,4.66,1909.0,889783.0,4.69
601328.SH,2022-12-20,0.0,4.67,4.67,4.66,2218.0,1034550.0,4.69
601328.SH,2022-12-20,0.0,4.66,4.67,4.66,1134.0,528578.0,4.69
601328.SH,2022-12-20,0.0,4.66,4.67,4.66,720.0,335735.0,4.69
601328.SH,2022-12-20,0.0,4.67,4.67,4.66,1884.0,878425.0,4.69
601328.SH,2022-12-20,0.0,4.66,4.67,4.66,610.0,284502.0,4.69
601328.SH,2022-12-20,0.0,4.67,4.67,4.66,1723.0,803285.0,4.69
601328.SH,2022-12-20,0.0,4.66,4.67,4.66,2788.0,1300980.0,4.69
601328.SH,2022-12-20,0.0,4.67,4.67,4.66,1205.0,561715.0,4.69
601328.SH,2022-12-20,0.0,4.67,4.67,4.66,2098.0,978330.0,4.69
601328.SH,2022-12-20,0.0,4.67,4.67,4.66,2491.0,1161680.0,4.69
601328.SH,2022-12-20,0.0,4.67,4.67,4.66,1765.0,822734.0,4.69
601328.SH,2022-12-20,0.0,4.67,4.67,4.66,3208.0,1496240.0,4.689
601328.SH,2022-12-20,0.0,4.67,4.67,4.66,6101.0,2845270.0,4.689
601328.SH,2022-12-20,0.0,4.66,4.67,4.66,1731.0,806889.0,4.689
601328.SH,2022-12-20,0.0,4.66,4.67,4.66,3412.0,1592550.0,4.689
601328.SH,2022-12-20,0.0,4.67,4.67,4.66,1690.0,787891.0,4.689
601328.SH,2022-12-20,0.0,4.66,4.67,4.66,1361.0,634680.0,4.689
601328.SH,2022-12-20,0.0,4.67,4.67,4.66,1688.0,787192.0,4.689
601328.SH,2022-12-20,0.0,4.66,4.67,4.66,1974.0,920182.0,4.689
601328.SH,2022-12-20,0.0,4.66,4.67,4.66,1789.0,834613.0,4.689
601328.SH,2022-12-20,0.0,4.67,4.67,4.66,2275.0,1060750.0,4.689
601328.SH,2022-12-20,0.0,4.66,4.67,4.66,1835.0,856095.0,4.689
601328.SH,2022-12-20,0.0,4.66,4.67,4.66,1277.0,595528.0,4.689
601328.SH,2022-12-20,0.0,4.66,4.67,4.66,2285.0,1064990.0,4.688
601328.SH,2022-12-20,0.0,4.66,4.67,4.66,2171.0,1012080.0,4.688
601328.SH,2022-12-20,0.0,4.66,4.67,4.66,2539.0,1184250.0,4.688
601328.SH,2022-12-20,0.0,4.66,4.67,4.66,3603.0,1679870.0,4.688
601328.SH,2022-12-20,0.0,4.66,4.67,4.66,2321.0,1082170.0,4.688
601328.SH,2022-12-20,0.0,4.66,4.67,4.66,3655.0,1704800.0,4.688
601328.SH,2022-12-20,0.0,4.66,4.67,4.66,3208.0,1495810.0,4.688
601328.SH,2022-12-20,0.0,4.67,4.67,4.66,2377.0,1108420.0,4.688
601328.SH,2022-12-20,0.0,4.66,4.67,4.66,7495.0,3493660.0,4.688
601328.SH,2022-12-20,0.0,4.67,4.67,4.66,2158.0,1007190.0,4.687
601328.SH,2022-12-20,0.0,4.66,4.67,4.66,10736.0,5013140.0,4.687
601328.SH,2022-12-20,0.0,4.67,4.67,4.66,2428.0,1132820.0,4.687
601328.SH,2022-12-20,0.0,4.66,4.67,4.66,9055.0,4222880.0,4.687
601328.SH,2022-12-20,0.0,4.66,4.67,4.66,3531.0,1648540.0,4.687
601328.SH,2022-12-20,0.0,4.67,4.67,4.66,2153.0,1004190.0,4.687
601328.SH,2022-12-20,0.0,4.67,4.67,4.67,0.0,0.0,4.687
601328.SH,2022-12-20,0.0,4.67,4.67,4.67,0.0,0.0,4.687
601328.SH,2022-12-20,0.0,4.66,4.66,4.66,10874.0,5067100.0,4.686
601328.SH,2022-12-21,0.0,4.68,4.68,4.68,2320.0,1085760.0,4.68
601328.SH,2022-12-21,0.0,4.67,4.68,4.66,10723.0,5009430.0,4.673
601328.SH,2022-12-21,0.0,4.68,4.68,4.67,3609.0,1686950.0,4.673
601328.SH,2022-12-21,0.0,4.68,4.68,4.67,1494.0,698287.0,4.673
601328.SH,2022-12-21,0.0,4.67,4.68,4.67,4014.0,1875010.0,4.673
601328.SH,2022-12-21,0.0,4.68,4.68,4.67,3898.0,1823850.0,4.674
601328.SH,2022-12-21,0.0,4.67,4.68,4.67,3598.0,1682740.0,4.674
601328.SH,2022-12-21,0.0,4.68,4.68,4.67,187.0,87481.0,4.674
601328.SH,2022-12-21,0.0,4.67,4.68,4.67,3500.0,1634860.0,4.674
601328.SH,2022-12-21,0.0,4.67,4.68,4.67,7758.0,3623040.0,4.673
601328.SH,2022-12-21,0.0,4.68,4.68,4.67,1731.0,808648.0,4.673
601328.SH,2022-12-21,0.0,4.68,4.68,4.67,7975.0,3731290.0,4.674
601328.SH,2022-12-21,0.0,4.67,4.68,4.67,683.0,319141.0,4.674
601328.SH,2022-12-21,0.0,4.68,4.68,4.67,5549.0,2596090.0,4.674
601328.SH,2022-12-21,0.0,4.68,4.69,4.68,12470.0,5837460.0,4.676
601328.SH,2022-12-21,0.0,4.68,4.69,4.68,1697.0,794289.0,4.676
601328.SH,2022-12-21,0.0,4.69,4.69,4.68,174.0,81549.0,4.676
601328.SH,2022-12-21,0.0,4.68,4.69,4.68,6795.0,3180270.0,4.676
601328.SH,2022-12-21,0.0,4.67,4.69,4.67,2420.0,1132670.0,4.676
601328.SH,2022-12-21,0.0,4.68,4.69,4.67,1073.0,502406.0,4.676
601328.SH,2022-12-21,0.0,4.68,4.69,4.67,1222.0,571884.0,4.677
601328.SH,2022-12-21,0.0,4.67,4.69,4.67,3887.0,1819480.0,4.677
601328.SH,2022-12-21,0.0,4.68,4.68,4.67,1031.0,481734.0,4.677
601328.SH,2022-12-21,0.0,4.68,4.68,4.67,431.0,201690.0,4.677
601328.SH,2022-12-21,0.0,4.68,4.68,4.67,704.0,328931.0,4.677
601328.SH,2022-12-21,0.0,4.68,4.68,4.67,1593.0,744841.0,4.677
601328.SH,2022-12-21,0.0,4.67,4.68,4.67,9541.0,4455900.0,4.676
601328.SH,2022-12-21,0.0,4.66,4.67,4.66,7506.0,3504640.0,4.676
601328.SH,2022-12-21,0.0,4.67,4.67,4.66,952.0,443884.0,4.675
601328.SH,2022-12-21,0.0,4.67,4.67,4.66,193.0,90125.0,4.675
601328.SH,2022-12-21,0.0,4.67,4.67,4.66,904.0,421634.0,4.675
601328.SH,2022-12-21,0.0,4.66,4.67,4.66,754.0,351915.0,4.675
601328.SH,2022-12-21,0.0,4.67,4.67,4.66,1318.0,614427.0,4.675
601328.SH,2022-12-21,0.0,4.66,4.67,4.66,2044.0,953783.0,4.675
601328.SH,2022-12-21,0.0,4.66,4.67,4.66,783.0,365525.0,4.675
601328.SH,2022-12-21,0.0,4.66,4.67,4.66,1073.0,500918.0,4.675
601328.SH,2022-12-21,0.0,4.66,4.67,4.66,800.0,373018.0,4.675
601328.SH,2022-12-21,0.0,4.66,4.67,4.66,845.0,394053.0,4.675
601328.SH,2022-12-21,0.0,4.66,4.67,4.66,1241.0,578365.0,4.675
601328.SH,2022-12-21,0.0,4.66,4.67,4.66,593.0,276456.0,4.674
601328.SH,2022-12-21,0.0,4.67,4.67,4.66,3328.0,1553270.0,4.674
601328.SH,2022-12-21,0.0,4.67,4.68,4.66,7039.0,3287530.0,4.674
601328.SH,2022-12-21,0.0,4.67,4.68,4.67,3242.0,1515530.0,4.674
601328.SH,2022-12-21,0.0,4.67,4.68,4.67,2977.0,1390260.0,4.674
601328.SH,2022-12-21,0.0,4.67,4.68,4.67,899.0,419714.0,4.674
601328.SH,2022-12-21,0.0,4.67,4.68,4.67,421.0,196646.0,4.674
601328.SH,2022-12-21,0.0,4.68,4.68,4.67,3986.0,1865320.0,4.674
601328.SH,2022-12-21,0.0,4.68,4.69,4.68,17863.0,8359490.0,4.675
601328.SH,2022-12-21,0.0,4.68,4.69,4.68,188.0,88012.0,4.675
601328.SH,2022-12-21,0.0,4.68,4.69,4.68,3060.0,1434440.0,4.675
601328.SH,2022-12-21,0.0,4.69,4.69,4.68,1575.0,738598.0,4.675
601328.SH,2022-12-21,0.0,4.69,4.69,4.68,940.0,440511.0,4.675
601328.SH,2022-12-21,0.0,4.69,4.69,4.68,1764.0,826458.0,4.675
601328.SH,2022-12-21,0.0,4.69,4.69,4.68,495.0,232033.0,4.675
601328.SH,2022-12-21,0.0,4.69,4.69,4.68,1102.0,516003.0,4.675
601328.SH,2022-12-21,0.0,4.69,4.69,4.68,1044.0,489063.0,4.675
601328.SH,2022-12-21,0.0,4.69,4.69,4.68,739.0,346027.0,4.676
601328.SH,2022-12-21,0.0,4.69,4.69,4.68,965.0,451707.0,4.676
601328.SH,2022-12-21,0.0,4.68,4.69,4.68,1016.0,476306.0,4.676
601328.SH,2022-12-21,0.0,4.69,4.69,4.68,2574.0,1205380.0,4.676
601328.SH,2022-12-21,0.0,4.68,4.69,4.68,2792.0,1309100.0,4.676
601328.SH,2022-12-21,0.0,4.69,4.7,4.68,22689.0,10646600.0,4.678
601328.SH,2022-12-21,0.0,4.69,4.7,4.69,2636.0,1238660.0,4.678
601328.SH,2022-12-21,0.0,4.7,4.7,4.69,2071.0,972778.0,4.678
601328.SH,2022-12-21,0.0,4.7,4.7,4.69,2874.0,1350660.0,4.679
601328.SH,2022-12-21,0.0,4.7,4.7,4.69,1950.0,915648.0,4.679
601328.SH,2022-12-21,0.0,4.69,4.7,4.69,7498.0,3516740.0,4.679
601328.SH,2022-12-21,0.0,4.69,4.7,4.69,1769.0,829679.0,4.679
601328.SH,2022-12-21,0.0,4.68,4.69,4.68,1277.0,598788.0,4.679
601328.SH,2022-12-21,0.0,4.68,4.69,4.68,1166.0,546541.0,4.679
601328.SH,2022-12-21,0.0,4.69,4.69,4.68,333.0,156160.0,4.679
601328.SH,2022-12-21,0.0,4.69,4.69,4.68,466.0,218174.0,4.679
601328.SH,2022-12-21,0.0,4.69,4.69,4.68,481.0,225143.0,4.679
601328.SH,2022-12-21,0.0,4.69,4.69,4.68,1279.0,599221.0,4.679
601328.SH,2022-12-21,0.0,4.69,4.7,4.68,2810.0,1317830.0,4.68
601328.SH,2022-12-21,0.0,4.69,4.7,4.69,192.0,90134.0,4.68
601328.SH,2022-12-21,0.0,4.69,4.7,4.69,2200.0,1032020.0,4.68
601328.SH,2022-12-21,0.0,4.69,4.69,4.69,404.0,189476.0,4.68
601328.SH,2022-12-21,0.0,4.69,4.69,4.68,1771.0,830426.0,4.68
601328.SH,2022-12-21,0.0,4.7,4.7,4.69,1010.0,473661.0,4.68
601328.SH,2022-12-21,0.0,4.7,4.7,4.69,435.0,204164.0,4.68
601328.SH,2022-12-21,0.0,4.7,4.7,4.69,413.0,193993.0,4.68
601328.SH,2022-12-21,0.0,4.7,4.7,4.69,726.0,340498.0,4.68
601328.SH,2022-12-21,0.0,4.69,4.7,4.69,541.0,253738.0,4.68
601328.SH,2022-12-21,0.0,4.69,4.7,4.69,651.0,305435.0,4.68
601328.SH,2022-12-21,0.0,4.69,4.7,4.68,2772.0,1299730.0,4.68
601328.SH,2022-12-21,0.0,4.7,4.7,4.69,199.0,93376.0,4.68
601328.SH,2022-12-21,0.0,4.7,4.7,4.69,208.0,97592.0,4.68
601328.SH,2022-12-21,0.0,4.7,4.7,4.69,852.0,399673.0,4.68
601328.SH,2022-12-21,0.0,4.7,4.7,4.69,800.0,375329.0,4.68
601328.SH,2022-12-21,0.0,4.7,4.7,4.69,679.0,318794.0,4.68
601328.SH,2022-12-21,0.0,4.7,4.7,4.69,1416.0,664924.0,4.68
601328.SH,2022-12-21,0.0,4.7,4.7,4.69,296.0,138975.0,4.68
601328.SH,2022-12-21,0.0,4.7,4.7,4.69,2909.0,1364820.0,4.68
601328.SH,2022-12-21,0.0,4.7,4.7,4.69,489.0,229357.0,4.68
601328.SH,2022-12-21,0.0,4.7,4.7,4.69,326.0,152921.0,4.68
601328.SH,2022-12-21,0.0,4.69,4.7,4.69,724.0,339590.0,4.68
601328.SH,2022-12-21,0.0,4.7,4.7,4.69,843.0,395543.0,4.681
601328.SH,2022-12-21,0.0,4.7,4.7,4.69,4738.0,2222130.0,4.681
601328.SH,2022-12-21,0.0,4.7,4.7,4.69,588.0,275777.0,4.681
601328.SH,2022-12-21,0.0,4.7,4.7,4.69,891.0,417750.0,4.681
601328.SH,2022-12-21,0.0,4.7,4.7,4.69,475.0,222623.0,4.681
601328.SH,2022-12-21,0.0,4.7,4.7,4.69,490.0,230015.0,4.681
601328.SH,2022-12-21,0.0,4.69,4.7,4.69,4342.0,2036230.0,4.681
601328.SH,2022-12-21,0.0,4.7,4.7,4.69,1417.0,664671.0,4.681
601328.SH,2022-12-21,0.0,4.7,4.7,4.69,120.0,56379.0,4.681
601328.SH,2022-12-21,0.0,4.7,4.7,4.69,3209.0,1505340.0,4.681
601328.SH,2022-12-21,0.0,4.7,4.7,4.69,1323.0,620239.0,4.681
601328.SH,2022-12-21,0.0,4.7,4.7,4.69,854.0,400532.0,4.681
601328.SH,2022-12-21,0.0,4.7,4.7,4.69,1417.0,664342.0,4.681
601328.SH,2022-12-21,0.0,4.69,4.7,4.69,1797.0,843407.0,4.681
601328.SH,2022-12-21,0.0,4.7,4.7,4.69,981.0,460264.0,4.681
601328.SH,2022-12-21,0.0,4.69,4.7,4.68,1736.0,813818.0,4.681
601328.SH,2022-12-21,0.0,4.68,4.69,4.68,223.0,104480.0,4.681
601328.SH,2022-12-21,0.0,4.69,4.69,4.68,443.0,207724.0,4.681
601328.SH,2022-12-21,0.0,4.69,4.69,4.68,1061.0,497048.0,4.681
601328.SH,2022-12-21,0.0,4.69,4.69,4.68,286.0,133864.0,4.681
601328.SH,2022-12-21,0.0,4.69,4.69,4.68,599.0,280336.0,4.681
601328.SH,2022-12-21,0.0,4.69,4.69,4.68,817.0,382386.0,4.681
601328.SH,2022-12-21,0.0,4.69,4.69,4.68,2013.0,942656.0,4.681
601328.SH,2022-12-21,0.0,4.69,4.69,4.68,1008.0,471894.0,4.681
601328.SH,2022-12-21,0.0,4.68,4.69,4.67,12972.0,6071150.0,4.681
601328.SH,2022-12-21,0.0,4.67,4.68,4.67,1140.0,532974.0,4.681
601328.SH,2022-12-21,0.0,4.67,4.68,4.67,1481.0,692444.0,4.681
601328.SH,2022-12-21,0.0,4.68,4.68,4.67,868.0,405750.0,4.681
601328.SH,2022-12-21,0.0,4.68,4.68,4.67,1737.0,812882.0,4.681
601328.SH,2022-12-21,0.0,4.68,4.69,4.68,3173.0,1484960.0,4.681
601328.SH,2022-12-21,0.0,4.68,4.68,4.68,5096.0,2380840.0,4.681
601328.SH,2022-12-21,0.0,4.68,4.68,4.67,829.0,387725.0,4.681
601328.SH,2022-12-21,0.0,4.68,4.68,4.67,582.0,272045.0,4.681
601328.SH,2022-12-21,0.0,4.67,4.68,4.67,714.0,333630.0,4.681
601328.SH,2022-12-21,0.0,4.67,4.68,4.67,723.0,337746.0,4.681
601328.SH,2022-12-21,0.0,4.67,4.67,4.67,273.0,127491.0,4.681
601328.SH,2022-12-21,0.0,4.67,4.68,4.67,545.0,254673.0,4.681
601328.SH,2022-12-21,0.0,4.67,4.68,4.67,2154.0,1005970.0,4.681
601328.SH,2022-12-21,0.0,4.68,4.68,4.67,541.0,252766.0,4.681
601328.SH,2022-12-21,0.0,4.68,4.68,4.67,2805.0,1312380.0,4.681
601328.SH,2022-12-21,0.0,4.69,4.69,4.68,23069.0,10805800.0,4.681
601328.SH,2022-12-21,0.0,4.69,4.69,4.68,280.0,131186.0,4.681
601328.SH,2022-12-21,0.0,4.69,4.69,4.68,823.0,385273.0,4.681
601328.SH,2022-12-21,0.0,4.69,4.69,4.68,4937.0,2314860.0,4.681
601328.SH,2022-12-21,0.0,4.69,4.69,4.68,1500.0,703209.0,4.681
601328.SH,2022-12-21,0.0,4.68,4.69,4.68,1543.0,722866.0,4.681
601328.SH,2022-12-21,0.0,4.69,4.69,4.68,1770.0,830103.0,4.681
601328.SH,2022-12-21,0.0,4.69,4.69,4.69,3586.0,1681970.0,4.681
601328.SH,2022-12-21,0.0,4.69,4.7,4.69,1288.0,604803.0,4.681
601328.SH,2022-12-21,0.0,4.69,4.7,4.69,1530.0,717663.0,4.682
601328.SH,2022-12-21,0.0,4.69,4.69,4.69,1369.0,642180.0,4.682
601328.SH,2022-12-21,0.0,4.7,4.7,4.69,2689.0,1262190.0,4.682
601328.SH,2022-12-21,0.0,4.7,4.7,4.69,428.0,200823.0,4.682
601328.SH,2022-12-21,0.0,4.69,4.7,4.69,1189.0,557987.0,4.682
601328.SH,2022-12-21,0.0,4.69,4.7,4.69,399.0,187222.0,4.682
601328.SH,2022-12-21,0.0,4.69,4.7,4.69,818.0,383719.0,4.682
601328.SH,2022-12-21,0.0,4.69,4.7,4.69,582.0,273018.0,4.682
601328.SH,2022-12-21,0.0,4.69,4.69,4.69,1177.0,552204.0,4.682
601328.SH,2022-12-21,0.0,4.69,4.7,4.69,1467.0,688141.0,4.682
601328.SH,2022-12-21,0.0,4.7,4.7,4.69,1983.0,930322.0,4.682
601328.SH,2022-12-21,0.0,4.7,4.7,4.69,2378.0,1116800.0,4.682
601328.SH,2022-12-21,0.0,4.69,4.7,4.69,585.0,274678.0,4.682
601328.SH,2022-12-21,0.0,4.69,4.7,4.69,690.0,323893.0,4.682
601328.SH,2022-12-21,0.0,4.69,4.7,4.69,935.0,438595.0,4.682
601328.SH,2022-12-21,0.0,4.7,4.7,4.69,1402.0,657587.0,4.682
601328.SH,2022-12-21,0.0,4.69,4.7,4.68,1142.0,535601.0,4.682
601328.SH,2022-12-21,0.0,4.7,4.7,4.69,391.0,183404.0,4.682
601328.SH,2022-12-21,0.0,4.7,4.7,4.69,787.0,369142.0,4.682
601328.SH,2022-12-21,0.0,4.69,4.69,4.68,2462.0,1154600.0,4.682
601328.SH,2022-12-21,0.0,4.69,4.7,4.69,536.0,251205.0,4.682
601328.SH,2022-12-21,0.0,4.69,4.7,4.69,2247.0,1053900.0,4.682
601328.SH,2022-12-21,0.0,4.69,4.7,4.69,225.0,105669.0,4.682
601328.SH,2022-12-21,0.0,4.69,4.7,4.68,1852.0,869149.0,4.682
601328.SH,2022-12-21,0.0,4.7,4.7,4.69,1026.0,481286.0,4.682
601328.SH,2022-12-21,0.0,4.7,4.7,4.69,129.0,60622.0,4.682
601328.SH,2022-12-21,0.0,4.69,4.7,4.69,1074.0,504071.0,4.682
601328.SH,2022-12-21,0.0,4.7,4.7,4.68,2506.0,1175420.0,4.682
601328.SH,2022-12-21,0.0,4.69,4.7,4.68,759.0,355842.0,4.682
601328.SH,2022-12-21,0.0,4.69,4.69,4.68,902.0,422984.0,4.682
601328.SH,2022-12-21,0.0,4.68,4.69,4.68,1499.0,702784.0,4.682
601328.SH,2022-12-21,0.0,4.69,4.69,4.68,303.0,141949.0,4.682
601328.SH,2022-12-21,0.0,4.68,4.69,4.68,883.0,413927.0,4.682
601328.SH,2022-12-21,0.0,4.68,4.69,4.68,555.0,259775.0,4.682
601328.SH,2022-12-21,0.0,4.69,4.69,4.68,1165.0,545812.0,4.682
601328.SH,2022-12-21,0.0,4.69,4.69,4.68,1292.0,605468.0,4.682
601328.SH,2022-12-21,0.0,4.69,4.69,4.68,737.0,345078.0,4.682
601328.SH,2022-12-21,0.0,4.68,4.69,4.68,656.0,307039.0,4.682
601328.SH,2022-12-21,0.0,4.68,4.69,4.68,1033.0,483466.0,4.682
601328.SH,2022-12-21,0.0,4.69,4.69,4.68,1415.0,662927.0,4.682
601328.SH,2022-12-21,0.0,4.69,4.69,4.68,826.0,386710.0,4.682
601328.SH,2022-12-21,0.0,4.69,4.69,4.68,930.0,435402.0,4.682
601328.SH,2022-12-21,0.0,4.69,4.69,4.68,562.0,263175.0,4.682
601328.SH,2022-12-21,0.0,4.68,4.69,4.68,974.0,455922.0,4.682
601328.SH,2022-12-21,0.0,4.68,4.69,4.67,10168.0,4758620.0,4.682
601328.SH,2022-12-21,0.0,4.67,4.68,4.67,3755.0,1756670.0,4.682
601328.SH,2022-12-21,0.0,4.68,4.68,4.67,420.0,196326.0,4.682
601328.SH,2022-12-21,0.0,4.68,4.68,4.67,1193.0,557712.0,4.682
601328.SH,2022-12-21,0.0,4.68,4.68,4.67,1391.0,650550.0,4.682
601328.SH,2022-12-21,0.0,4.68,4.69,4.68,4017.0,1880480.0,4.682
601328.SH,2022-12-21,0.0,4.69,4.69,4.68,738.0,346063.0,4.682
601328.SH,2022-12-21,0.0,4.69,4.69,4.68,456.0,213487.0,4.682
601328.SH,2022-12-21,0.0,4.69,4.69,4.68,869.0,406993.0,4.682
601328.SH,2022-12-21,0.0,4.68,4.69,4.68,1412.0,661462.0,4.682
601328.SH,2022-12-21,0.0,4.69,4.69,4.68,906.0,424316.0,4.682
601328.SH,2022-12-21,0.0,4.68,4.69,4.68,751.0,351569.0,4.682
601328.SH,2022-12-21,0.0,4.68,4.69,4.68,1266.0,592649.0,4.682
601328.SH,2022-12-21,0.0,4.68,4.69,4.68,843.0,394813.0,4.682
601328.SH,2022-12-21,0.0,4.68,4.69,4.68,1234.0,577806.0,4.682
601328.SH,2022-12-21,0.0,4.68,4.69,4.68,2040.0,955987.0,4.682
601328.SH,2022-12-21,0.0,4.69,4.69,4.68,1026.0,480470.0,4.682
601328.SH,2022-12-21,0.0,4.69,4.69,4.67,1808.0,846127.0,4.682
601328.SH,2022-12-21,0.0,4.68,4.69,4.68,7468.0,3488950.0,4.682
601328.SH,2022-12-21,0.0,4.67,4.69,4.67,1365.0,638686.0,4.682
601328.SH,2022-12-21,0.0,4.67,4.68,4.67,507.0,237139.0,4.682
601328.SH,2022-12-21,0.0,4.67,4.69,4.67,5253.0,2458900.0,4.682
601328.SH,2022-12-21,0.0,4.68,4.68,4.67,619.0,289460.0,4.682
601328.SH,2022-12-21,0.0,4.67,4.68,4.67,652.0,304530.0,4.682
601328.SH,2022-12-21,0.0,4.67,4.68,4.67,1565.0,731151.0,4.682
601328.SH,2022-12-21,0.0,4.68,4.68,4.67,535.0,250285.0,4.682
601328.SH,2022-12-21,0.0,4.68,4.68,4.67,3034.0,1419410.0,4.682
601328.SH,2022-12-21,0.0,4.68,4.68,4.67,491.0,229346.0,4.682
601328.SH,2022-12-21,0.0,4.68,4.68,4.67,1652.0,771614.0,4.682
601328.SH,2022-12-21,0.0,4.67,4.68,4.67,2295.0,1071900.0,4.682
601328.SH,2022-12-21,0.0,4.67,4.68,4.67,1227.0,573267.0,4.682
601328.SH,2022-12-21,0.0,4.67,4.68,4.67,1085.0,507177.0,4.682
601328.SH,2022-12-21,0.0,4.67,4.68,4.67,1220.0,570085.0,4.682
601328.SH,2022-12-21,0.0,4.68,4.68,4.67,1233.0,576428.0,4.682
601328.SH,2022-12-21,0.0,4.67,4.68,4.67,1493.0,697616.0,4.682
601328.SH,2022-12-21,0.0,4.68,4.68,4.67,876.0,409554.0,4.682
601328.SH,2022-12-21,0.0,4.67,4.68,4.67,4684.0,2189680.0,4.682
601328.SH,2022-12-21,0.0,4.67,4.68,4.67,1781.0,831939.0,4.682
601328.SH,2022-12-21,0.0,4.68,4.68,4.67,896.0,418597.0,4.682
601328.SH,2022-12-21,0.0,4.67,4.68,4.67,1498.0,699743.0,4.682
601328.SH,2022-12-21,0.0,4.67,4.68,4.67,1133.0,529703.0,4.682
601328.SH,2022-12-21,0.0,4.67,4.68,4.67,2466.0,1152410.0,4.682
601328.SH,2022-12-21,0.0,4.68,4.68,4.67,1408.0,658218.0,4.682
601328.SH,2022-12-21,0.0,4.68,4.68,4.67,2473.0,1157080.0,4.682
601328.SH,2022-12-21,0.0,4.67,4.68,4.67,2013.0,941799.0,4.682
601328.SH,2022-12-21,0.0,4.67,4.68,4.67,1516.0,708816.0,4.682
601328.SH,2022-12-21,0.0,4.67,4.68,4.67,3360.0,1569700.0,4.681
601328.SH,2022-12-21,0.0,4.68,4.68,4.67,1878.0,877756.0,4.681
601328.SH,2022-12-21,0.0,4.68,4.68,4.68,0.0,0.0,4.681
601328.SH,2022-12-21,0.0,4.68,4.68,4.68,0.0,0.0,4.681
601328.SH,2022-12-21,0.0,4.66,4.66,4.66,7492.0,3491080.0,4.681
601328.SH,2022-12-22,0.0,4.69,4.69,4.69,11756.0,5513560.0,4.69
601328.SH,2022-12-22,0.0,4.71,4.71,4.68,33980.0,15981600.0,4.7
601328.SH,2022-12-22,0.0,4.71,4.72,4.71,15513.0,7306690.0,4.702
601328.SH,2022-12-22,0.0,4.71,4.72,4.71,6260.0,2952140.0,4.704
601328.SH,2022-12-22,0.0,4.71,4.72,4.71,3128.0,1474300.0,4.704
601328.SH,2022-12-22,0.0,4.71,4.71,4.7,2249.0,1058990.0,4.704
601328.SH,2022-12-22,0.0,4.71,4.72,4.7,15505.0,7306130.0,4.706
601328.SH,2022-12-22,0.0,4.72,4.72,4.71,1460.0,688313.0,4.706
601328.SH,2022-12-22,0.0,4.72,4.72,4.71,4289.0,2024290.0,4.706
601328.SH,2022-12-22,0.0,4.71,4.72,4.71,2066.0,974003.0,4.707
601328.SH,2022-12-22,0.0,4.72,4.72,4.71,5034.0,2375240.0,4.707
601328.SH,2022-12-22,0.0,4.71,4.72,4.71,3386.0,1596590.0,4.707
601328.SH,2022-12-22,0.0,4.71,4.72,4.71,2362.0,1112690.0,4.708
601328.SH,2022-12-22,0.0,4.71,4.72,4.71,4688.0,2208330.0,4.708
601328.SH,2022-12-22,0.0,4.71,4.72,4.71,2225.0,1048680.0,4.708
601328.SH,2022-12-22,0.0,4.71,4.72,4.7,4557.0,2146980.0,4.708
601328.SH,2022-12-22,0.0,4.71,4.72,4.7,8056.0,3794550.0,4.708
601328.SH,2022-12-22,0.0,4.71,4.72,4.7,2087.0,982616.0,4.708
601328.SH,2022-12-22,0.0,4.71,4.71,4.7,315.0,148296.0,4.708
601328.SH,2022-12-22,0.0,4.71,4.71,4.7,482.0,226828.0,4.708
601328.SH,2022-12-22,0.0,4.7,4.71,4.7,331.0,155861.0,4.708
601328.SH,2022-12-22,0.0,4.71,4.71,4.7,562.0,264342.0,4.708
601328.SH,2022-12-22,0.0,4.71,4.71,4.7,1097.0,516233.0,4.708
601328.SH,2022-12-22,0.0,4.7,4.71,4.7,479.0,225405.0,4.708
601328.SH,2022-12-22,0.0,4.71,4.71,4.7,527.0,247837.0,4.708
601328.SH,2022-12-22,0.0,4.7,4.71,4.7,1092.0,513294.0,4.708
601328.SH,2022-12-22,0.0,4.71,4.71,4.7,501.0,235577.0,4.708
601328.SH,2022-12-22,0.0,4.71,4.71,4.7,663.0,312100.0,4.708
601328.SH,2022-12-22,0.0,4.7,4.71,4.7,1122.0,528362.0,4.708
601328.SH,2022-12-22,0.0,4.71,4.71,4.7,2381.0,1120320.0,4.708
601328.SH,2022-12-22,0.0,4.71,4.71,4.7,235.0,110633.0,4.708
601328.SH,2022-12-22,0.0,4.71,4.71,4.7,10506.0,4948250.0,4.708
601328.SH,2022-12-22,0.0,4.71,4.72,4.71,5514.0,2597610.0,4.708
601328.SH,2022-12-22,0.0,4.71,4.72,4.71,1786.0,841881.0,4.708
601328.SH,2022-12-22,0.0,4.72,4.72,4.71,1617.0,762921.0,4.708
601328.SH,2022-12-22,0.0,4.72,4.72,4.71,773.0,364606.0,4.708
601328.SH,2022-12-22,0.0,4.71,4.72,4.71,638.0,300778.0,4.708
601328.SH,2022-12-22,0.0,4.72,4.72,4.71,1375.0,648839.0,4.708
601328.SH,2022-12-22,0.0,4.71,4.72,4.71,770.0,363298.0,4.709
601328.SH,2022-12-22,0.0,4.72,4.72,4.71,950.0,448097.0,4.709
601328.SH,2022-12-22,0.0,4.71,4.72,4.71,2567.0,1210750.0,4.709
601328.SH,2022-12-22,0.0,4.71,4.72,4.71,1452.0,684195.0,4.709
601328.SH,2022-12-22,0.0,4.72,4.72,4.71,310.0,146054.0,4.709
601328.SH,2022-12-22,0.0,4.72,4.72,4.71,1366.0,644425.0,4.709
601328.SH,2022-12-22,0.0,4.72,4.72,4.71,335.0,158017.0,4.709
601328.SH,2022-12-22,0.0,4.72,4.72,4.71,863.0,406902.0,4.709
601328.SH,2022-12-22,0.0,4.71,4.72,4.71,1287.0,606770.0,4.709
601328.SH,2022-12-22,0.0,4.71,4.72,4.71,1392.0,655699.0,4.709
601328.SH,2022-12-22,0.0,4.71,4.72,4.71,1227.0,578978.0,4.709
601328.SH,2022-12-22,0.0,4.71,4.72,4.71,443.0,208934.0,4.709
601328.SH,2022-12-22,0.0,4.71,4.72,4.71,1625.0,766840.0,4.709
601328.SH,2022-12-22,0.0,4.72,4.72,4.71,1197.0,564841.0,4.709
601328.SH,2022-12-22,0.0,4.72,4.72,4.71,2784.0,1313980.0,4.709
601328.SH,2022-12-22,0.0,4.72,4.72,4.71,1262.0,594644.0,4.709
601328.SH,2022-12-22,0.0,4.71,4.72,4.71,330.0,155576.0,4.709
601328.SH,2022-12-22,0.0,4.72,4.72,4.71,1258.0,592866.0,4.709
601328.SH,2022-12-22,0.0,4.71,4.72,4.71,853.0,402309.0,4.709
601328.SH,2022-12-22,0.0,4.71,4.72,4.71,379.0,178757.0,4.709
601328.SH,2022-12-22,0.0,4.72,4.72,4.71,446.0,210331.0,4.709
601328.SH,2022-12-22,0.0,4.72,4.72,4.71,1226.0,577981.0,4.709
601328.SH,2022-12-22,0.0,4.71,4.72,4.71,398.0,187641.0,4.709
601328.SH,2022-12-22,0.0,4.71,4.72,4.71,2011.0,947390.0,4.709
601328.SH,2022-12-22,0.0,4.71,4.72,4.71,6081.0,2864280.0,4.71
601328.SH,2022-12-22,0.0,4.71,4.72,4.7,7094.0,3341330.0,4.71
601328.SH,2022-12-22,0.0,4.71,4.71,4.7,1416.0,666570.0,4.71
601328.SH,2022-12-22,0.0,4.71,4.71,4.7,560.0,263328.0,4.71
601328.SH,2022-12-22,0.0,4.72,4.72,4.7,5301.0,2495930.0,4.709
601328.SH,2022-12-22,0.0,4.71,4.72,4.71,213.0,100261.0,4.709
601328.SH,2022-12-22,0.0,4.71,4.72,4.71,2167.0,1020920.0,4.709
601328.SH,2022-12-22,0.0,4.7,4.71,4.7,168.0,79112.0,4.709
601328.SH,2022-12-22,0.0,4.7,4.71,4.7,142.0,66855.0,4.709
601328.SH,2022-12-22,0.0,4.71,4.71,4.7,135.0,63578.0,4.709
601328.SH,2022-12-22,0.0,4.7,4.71,4.7,226.0,106411.0,4.709
601328.SH,2022-12-22,0.0,4.71,4.71,4.7,238.0,112047.0,4.709
601328.SH,2022-12-22,0.0,4.71,4.71,4.7,246.0,115865.0,4.709
601328.SH,2022-12-22,0.0,4.71,4.71,4.7,550.0,258785.0,4.709
601328.SH,2022-12-22,0.0,4.71,4.71,4.7,666.0,313310.0,4.709
601328.SH,2022-12-22,0.0,4.71,4.71,4.7,166.0,78175.0,4.709
601328.SH,2022-12-22,0.0,4.71,4.71,4.7,293.0,137966.0,4.709
601328.SH,2022-12-22,0.0,4.7,4.71,4.7,194.0,91323.0,4.709
601328.SH,2022-12-22,0.0,4.71,4.71,4.7,328.0,154329.0,4.709
601328.SH,2022-12-22,0.0,4.7,4.71,4.7,418.0,196552.0,4.709
601328.SH,2022-12-22,0.0,4.7,4.71,4.7,2781.0,1307160.0,4.709
601328.SH,2022-12-22,0.0,4.71,4.71,4.7,123.0,57897.0,4.709
601328.SH,2022-12-22,0.0,4.7,4.71,4.7,317.0,149080.0,4.709
601328.SH,2022-12-22,0.0,4.7,4.71,4.7,514.0,241656.0,4.709
601328.SH,2022-12-22,0.0,4.71,4.71,4.7,274.0,128988.0,4.709
601328.SH,2022-12-22,0.0,4.71,4.71,4.7,544.0,256179.0,4.709
601328.SH,2022-12-22,0.0,4.7,4.71,4.7,97.0,45657.0,4.709
601328.SH,2022-12-22,0.0,4.71,4.71,4.7,680.0,319917.0,4.709
601328.SH,2022-12-22,0.0,4.71,4.71,4.7,868.0,408607.0,4.709
601328.SH,2022-12-22,0.0,4.71,4.71,4.7,589.0,277026.0,4.709
601328.SH,2022-12-22,0.0,4.7,4.71,4.7,666.0,313489.0,4.709
601328.SH,2022-12-22,0.0,4.71,4.71,4.7,457.0,214875.0,4.709
601328.SH,2022-12-22,0.0,4.71,4.71,4.7,1339.0,629551.0,4.709
601328.SH,2022-12-22,0.0,4.7,4.71,4.7,356.0,167453.0,4.709
601328.SH,2022-12-22,0.0,4.71,4.71,4.7,457.0,215147.0,4.709
601328.SH,2022-12-22,0.0,4.71,4.71,4.7,1098.0,516495.0,4.709
601328.SH,2022-12-22,0.0,4.7,4.71,4.7,135.0,63562.0,4.709
601328.SH,2022-12-22,0.0,4.7,4.71,4.7,391.0,184028.0,4.709
601328.SH,2022-12-22,0.0,4.71,4.71,4.7,549.0,258397.0,4.709
601328.SH,2022-12-22,0.0,4.71,4.71,4.7,252.0,118653.0,4.709
601328.SH,2022-12-22,0.0,4.71,4.71,4.7,390.0,183653.0,4.709
601328.SH,2022-12-22,0.0,4.7,4.71,4.69,25017.0,11758100.0,4.708
601328.SH,2022-12-22,0.0,4.7,4.7,4.69,184.0,86418.0,4.708
601328.SH,2022-12-22,0.0,4.69,4.7,4.69,186.0,87361.0,4.708
601328.SH,2022-12-22,0.0,4.7,4.7,4.69,213.0,100029.0,4.708
601328.SH,2022-12-22,0.0,4.7,4.7,4.69,665.0,311957.0,4.708
601328.SH,2022-12-22,0.0,4.7,4.7,4.69,491.0,230422.0,4.708
601328.SH,2022-12-22,0.0,4.7,4.7,4.69,614.0,288126.0,4.708
601328.SH,2022-12-22,0.0,4.7,4.7,4.69,420.0,197349.0,4.708
601328.SH,2022-12-22,0.0,4.7,4.7,4.69,837.0,392910.0,4.708
601328.SH,2022-12-22,0.0,4.69,4.7,4.69,13659.0,6405820.0,4.707
601328.SH,2022-12-22,0.0,4.69,4.69,4.68,698.0,327143.0,4.707
601328.SH,2022-12-22,0.0,4.69,4.69,4.68,389.0,182357.0,4.707
601328.SH,2022-12-22,0.0,4.68,4.69,4.68,403.0,188967.0,4.707
601328.SH,2022-12-22,0.0,4.69,4.69,4.68,381.0,178429.0,4.707
601328.SH,2022-12-22,0.0,4.69,4.69,4.68,161.0,75446.0,4.707
601328.SH,2022-12-22,0.0,4.68,4.69,4.68,356.0,166840.0,4.707
601328.SH,2022-12-22,0.0,4.69,4.69,4.68,385.0,180283.0,4.707
601328.SH,2022-12-22,0.0,4.69,4.69,4.68,300.0,140676.0,4.707
601328.SH,2022-12-22,0.0,4.69,4.69,4.69,6468.0,3032630.0,4.706
601328.SH,2022-12-22,0.0,4.68,4.69,4.68,691.0,323568.0,4.706
601328.SH,2022-12-22,0.0,4.69,4.69,4.68,703.0,329121.0,4.706
601328.SH,2022-12-22,0.0,4.68,4.69,4.68,574.0,268831.0,4.706
601328.SH,2022-12-22,0.0,4.68,4.69,4.68,380.0,177907.0,4.706
601328.SH,2022-12-22,0.0,4.68,4.69,4.68,2468.0,1155320.0,4.706
601328.SH,2022-12-22,0.0,4.68,4.69,4.68,1495.0,700833.0,4.706
601328.SH,2022-12-22,0.0,4.69,4.69,4.68,2160.0,1012970.0,4.706
601328.SH,2022-12-22,0.0,4.69,4.69,4.68,2216.0,1039270.0,4.706
601328.SH,2022-12-22,0.0,4.7,4.7,4.68,3132.0,1468810.0,4.706
601328.SH,2022-12-22,0.0,4.7,4.7,4.69,1206.0,566546.0,4.706
601328.SH,2022-12-22,0.0,4.7,4.7,4.69,275.0,129205.0,4.706
601328.SH,2022-12-22,0.0,4.7,4.7,4.69,280.0,131498.0,4.705
601328.SH,2022-12-22,0.0,4.69,4.7,4.69,504.0,236603.0,4.705
601328.SH,2022-12-22,0.0,4.69,4.7,4.69,602.0,282786.0,4.705
601328.SH,2022-12-22,0.0,4.7,4.7,4.69,453.0,212852.0,4.705
601328.SH,2022-12-22,0.0,4.69,4.7,4.69,11118.0,5214710.0,4.705
601328.SH,2022-12-22,0.0,4.69,4.7,4.68,3003.0,1408890.0,4.705
601328.SH,2022-12-22,0.0,4.69,4.69,4.68,570.0,267185.0,4.705
601328.SH,2022-12-22,0.0,4.68,4.69,4.68,415.0,194529.0,4.705
601328.SH,2022-12-22,0.0,4.69,4.69,4.68,229.0,107388.0,4.705
601328.SH,2022-12-22,0.0,4.69,4.69,4.68,1262.0,591864.0,4.705
601328.SH,2022-12-22,0.0,4.69,4.69,4.68,437.0,204909.0,4.705
601328.SH,2022-12-22,0.0,4.69,4.69,4.68,490.0,229641.0,4.705
601328.SH,2022-12-22,0.0,4.69,4.69,4.68,312.0,146239.0,4.705
601328.SH,2022-12-22,0.0,4.68,4.69,4.68,220.0,103153.0,4.705
601328.SH,2022-12-22,0.0,4.69,4.69,4.68,275.0,128958.0,4.705
601328.SH,2022-12-22,0.0,4.69,4.7,4.68,14228.0,6672920.0,4.704
601328.SH,2022-12-22,0.0,4.69,4.7,4.68,1824.0,856085.0,4.704
601328.SH,2022-12-22,0.0,4.69,4.7,4.68,1700.0,797178.0,4.704
601328.SH,2022-12-22,0.0,4.69,4.69,4.68,1690.0,791922.0,4.704
601328.SH,2022-12-22,0.0,4.69,4.69,4.68,274.0,128493.0,4.704
601328.SH,2022-12-22,0.0,4.69,4.69,4.68,334.0,156452.0,4.704
601328.SH,2022-12-22,0.0,4.69,4.69,4.68,2429.0,1139190.0,4.704
601328.SH,2022-12-22,0.0,4.69,4.69,4.68,315.0,147727.0,4.704
601328.SH,2022-12-22,0.0,4.7,4.7,4.69,3657.0,1715350.0,4.703
601328.SH,2022-12-22,0.0,4.69,4.7,4.69,5102.0,2392880.0,4.703
601328.SH,2022-12-22,0.0,4.7,4.7,4.69,472.0,221449.0,4.703
601328.SH,2022-12-22,0.0,4.7,4.7,4.69,398.0,186893.0,4.703
601328.SH,2022-12-22,0.0,4.7,4.7,4.69,65.0,30512.0,4.703
601328.SH,2022-12-22,0.0,4.69,4.7,4.69,65.0,30500.0,4.703
601328.SH,2022-12-22,0.0,4.69,4.7,4.69,135.0,63333.0,4.703
601328.SH,2022-12-22,0.0,4.7,4.7,4.69,968.0,454739.0,4.703
601328.SH,2022-12-22,0.0,4.7,4.7,4.69,255.0,119757.0,4.703
601328.SH,2022-12-22,0.0,4.69,4.7,4.69,424.0,199070.0,4.703
601328.SH,2022-12-22,0.0,4.7,4.7,4.69,474.0,222713.0,4.703
601328.SH,2022-12-22,0.0,4.7,4.7,4.69,385.0,180834.0,4.703
601328.SH,2022-12-22,0.0,4.7,4.7,4.69,729.0,342275.0,4.703
601328.SH,2022-12-22,0.0,4.7,4.7,4.69,1243.0,584017.0,4.703
601328.SH,2022-12-22,0.0,4.69,4.7,4.69,205.0,96277.0,4.703
601328.SH,2022-12-22,0.0,4.7,4.7,4.69,518.0,243441.0,4.703
601328.SH,2022-12-22,0.0,4.7,4.7,4.69,221.0,103782.0,4.703
601328.SH,2022-12-22,0.0,4.7,4.7,4.69,1049.0,492681.0,4.703
601328.SH,2022-12-22,0.0,4.69,4.7,4.69,821.0,385639.0,4.703
601328.SH,2022-12-22,0.0,4.7,4.7,4.69,729.0,342277.0,4.703
601328.SH,2022-12-22,0.0,4.7,4.7,4.69,3176.0,1492720.0,4.703
601328.SH,2022-12-22,0.0,4.7,4.7,4.69,200.0,93980.0,4.703
601328.SH,2022-12-22,0.0,4.7,4.7,4.69,245.0,115130.0,4.703
601328.SH,2022-12-22,0.0,4.7,4.7,4.69,341.0,160153.0,4.703
601328.SH,2022-12-22,0.0,4.69,4.7,4.69,784.0,368335.0,4.703
601328.SH,2022-12-22,0.0,4.69,4.7,4.69,4371.0,2050200.0,4.703
601328.SH,2022-12-22,0.0,4.69,4.7,4.68,6606.0,3098320.0,4.703
601328.SH,2022-12-22,0.0,4.69,4.69,4.68,2169.0,1017230.0,4.703
601328.SH,2022-12-22,0.0,4.69,4.69,4.68,255.0,119534.0,4.703
601328.SH,2022-12-22,0.0,4.68,4.69,4.68,286.0,134072.0,4.703
601328.SH,2022-12-22,0.0,4.69,4.69,4.68,910.0,426494.0,4.702
601328.SH,2022-12-22,0.0,4.68,4.69,4.68,637.0,298777.0,4.702
601328.SH,2022-12-22,0.0,4.68,4.7,4.68,3279.0,1538160.0,4.702
601328.SH,2022-12-22,0.0,4.68,4.69,4.68,67.0,31407.0,4.702
601328.SH,2022-12-22,0.0,4.69,4.69,4.68,399.0,187114.0,4.702
601328.SH,2022-12-22,0.0,4.69,4.69,4.68,93.0,43564.0,4.702
601328.SH,2022-12-22,0.0,4.69,4.69,4.68,6282.0,2940330.0,4.702
601328.SH,2022-12-22,0.0,4.69,4.69,4.68,483.0,226480.0,4.702
601328.SH,2022-12-22,0.0,4.68,4.69,4.68,328.0,153775.0,4.702
601328.SH,2022-12-22,0.0,4.69,4.69,4.68,1041.0,487774.0,4.702
601328.SH,2022-12-22,0.0,4.68,4.69,4.67,35155.0,16452900.0,4.7
601328.SH,2022-12-22,0.0,4.68,4.69,4.68,1680.0,787228.0,4.7
601328.SH,2022-12-22,0.0,4.68,4.69,4.68,297.0,139101.0,4.7
601328.SH,2022-12-22,0.0,4.69,4.69,4.68,138.0,64713.0,4.7
601328.SH,2022-12-22,0.0,4.68,4.69,4.68,1470.0,688244.0,4.7
601328.SH,2022-12-22,0.0,4.68,4.69,4.68,1132.0,529875.0,4.7
601328.SH,2022-12-22,0.0,4.68,4.69,4.67,4089.0,1912720.0,4.7
601328.SH,2022-12-22,0.0,4.68,4.68,4.68,355.0,166140.0,4.7
601328.SH,2022-12-22,0.0,4.68,4.68,4.67,219.0,102473.0,4.7
601328.SH,2022-12-22,0.0,4.67,4.68,4.67,769.0,359630.0,4.7
601328.SH,2022-12-22,0.0,4.68,4.68,4.67,6620.0,3091930.0,4.699
601328.SH,2022-12-22,0.0,4.67,4.68,4.67,665.0,311157.0,4.699
601328.SH,2022-12-22,0.0,4.67,4.68,4.67,6698.0,3128340.0,4.699
601328.SH,2022-12-22,0.0,4.68,4.68,4.67,1453.0,679366.0,4.699
601328.SH,2022-12-22,0.0,4.68,4.68,4.67,2530.0,1183960.0,4.699
601328.SH,2022-12-22,0.0,4.68,4.68,4.67,7047.0,3297420.0,4.698
601328.SH,2022-12-22,0.0,4.68,4.68,4.67,590.0,275834.0,4.698
601328.SH,2022-12-22,0.0,4.68,4.68,4.67,1308.0,611293.0,4.698
601328.SH,2022-12-22,0.0,4.68,4.68,4.67,411.0,192152.0,4.698
601328.SH,2022-12-22,0.0,4.68,4.68,4.67,2487.0,1162880.0,4.698
601328.SH,2022-12-22,0.0,4.68,4.68,4.67,1381.0,645424.0,4.698
601328.SH,2022-12-22,0.0,4.68,4.68,4.67,6984.0,3262160.0,4.698
601328.SH,2022-12-22,0.0,4.67,4.68,4.67,3541.0,1653910.0,4.697
601328.SH,2022-12-22,0.0,4.67,4.68,4.67,7698.0,3595350.0,4.697
601328.SH,2022-12-22,0.0,4.67,4.68,4.67,4905.0,2291050.0,4.697
601328.SH,2022-12-22,0.0,4.67,4.68,4.66,11509.0,5375230.0,4.696
601328.SH,2022-12-22,0.0,4.68,4.68,4.67,476.0,222602.0,4.696
601328.SH,2022-12-22,0.0,4.68,4.68,4.67,464.0,216850.0,4.696
601328.SH,2022-12-22,0.0,4.68,4.68,4.67,2038.0,953287.0,4.696
601328.SH,2022-12-22,0.0,4.67,4.68,4.67,1222.0,571454.0,4.696
601328.SH,2022-12-22,0.0,4.68,4.68,4.67,1569.0,734267.0,4.696
601328.SH,2022-12-22,0.0,4.68,4.68,4.67,12557.0,5876620.0,4.695
601328.SH,2022-12-22,0.0,4.68,4.68,4.67,899.0,420623.0,4.695
601328.SH,2022-12-22,0.0,4.68,4.68,4.67,1412.0,660292.0,4.695
601328.SH,2022-12-22,0.0,4.68,4.69,4.67,2276.0,1065450.0,4.695
601328.SH,2022-12-22,0.0,4.69,4.69,4.68,4280.0,2004260.0,4.695
601328.SH,2022-12-22,0.0,4.69,4.69,4.68,2087.0,978044.0,4.695
601328.SH,2022-12-22,0.0,4.68,4.69,4.68,2106.0,986580.0,4.695
601328.SH,2022-12-22,0.0,4.69,4.69,4.68,1185.0,555332.0,4.695
601328.SH,2022-12-22,0.0,4.68,4.69,4.68,2007.0,940168.0,4.695
601328.SH,2022-12-22,0.0,4.68,4.69,4.68,2001.0,938152.0,4.695
601328.SH,2022-12-22,0.0,4.69,4.69,4.68,2705.0,1267190.0,4.695
601328.SH,2022-12-22,0.0,4.69,4.69,4.69,0.0,0.0,4.695
601328.SH,2022-12-22,0.0,4.69,4.69,4.69,0.0,0.0,4.695
601328.SH,2022-12-22,0.0,4.69,4.69,4.69,4291.0,2012480.0,4.695
601328.SH,2022-12-23,0.0,4.68,4.68,4.68,1577.0,738036.0,4.68
601328.SH,2022-12-23,0.0,4.68,4.7,4.67,16857.0,7908920.0,4.691
601328.SH,2022-12-23,0.0,4.69,4.69,4.68,7333.0,3440220.0,4.691
601328.SH,2022-12-23,0.0,4.69,4.69,4.68,2236.0,1047780.0,4.691
601328.SH,2022-12-23,0.0,4.68,4.69,4.68,3920.0,1837280.0,4.69
601328.SH,2022-12-23,0.0,4.68,4.69,4.68,2130.0,998111.0,4.69
601328.SH,2022-12-23,0.0,4.68,4.69,4.68,2818.0,1320920.0,4.69
601328.SH,2022-12-23,0.0,4.69,4.69,4.68,6850.0,3207330.0,4.689
601328.SH,2022-12-23,0.0,4.68,4.69,4.68,2671.0,1250990.0,4.688
601328.SH,2022-12-23,0.0,4.69,4.69,4.68,1909.0,895058.0,4.688
601328.SH,2022-12-23,0.0,4.68,4.69,4.68,7920.0,3708080.0,4.687
601328.SH,2022-12-23,0.0,4.68,4.69,4.68,3424.0,1603780.0,4.687
601328.SH,2022-12-23,0.0,4.68,4.69,4.68,2082.0,975518.0,4.687
601328.SH,2022-12-23,0.0,4.68,4.69,4.68,2821.0,1321100.0,4.687
601328.SH,2022-12-23,0.0,4.69,4.69,4.68,3336.0,1563250.0,4.687
601328.SH,2022-12-23,0.0,4.7,4.7,4.68,27471.0,12885000.0,4.688
601328.SH,2022-12-23,0.0,4.69,4.7,4.69,2562.0,1202860.0,4.688
601328.SH,2022-12-23,0.0,4.69,4.7,4.69,3384.0,1587360.0,4.688
601328.SH,2022-12-23,0.0,4.69,4.7,4.69,751.0,352633.0,4.688
601328.SH,2022-12-23,0.0,4.7,4.7,4.68,5217.0,2447340.0,4.688
601328.SH,2022-12-23,0.0,4.7,4.7,4.69,1862.0,875001.0,4.689
601328.SH,2022-12-23,0.0,4.7,4.7,4.69,2484.0,1166520.0,4.689
601328.SH,2022-12-23,0.0,4.7,4.7,4.69,3255.0,1529580.0,4.689
601328.SH,2022-12-23,0.0,4.69,4.7,4.69,965.0,453000.0,4.689
601328.SH,2022-12-23,0.0,4.7,4.7,4.69,430.0,201961.0,4.689
601328.SH,2022-12-23,0.0,4.69,4.7,4.69,1625.0,763723.0,4.689
601328.SH,2022-12-23,0.0,4.7,4.7,4.69,3961.0,1861300.0,4.69
601328.SH,2022-12-23,0.0,4.69,4.7,4.69,1893.0,889241.0,4.69
601328.SH,2022-12-23,0.0,4.69,4.7,4.69,1822.0,855399.0,4.69
601328.SH,2022-12-23,0.0,4.69,4.7,4.69,780.0,365918.0,4.69
601328.SH,2022-12-23,0.0,4.69,4.7,4.69,3557.0,1668260.0,4.69
601328.SH,2022-12-23,0.0,4.69,4.7,4.69,2930.0,1376190.0,4.69
601328.SH,2022-12-23,0.0,4.69,4.7,4.69,225.0,105657.0,4.69
601328.SH,2022-12-23,0.0,4.7,4.7,4.69,979.0,460001.0,4.69
601328.SH,2022-12-23,0.0,4.69,4.7,4.69,4866.0,2284840.0,4.69
601328.SH,2022-12-23,0.0,4.7,4.7,4.69,3998.0,1875540.0,4.69
601328.SH,2022-12-23,0.0,4.69,4.7,4.69,2680.0,1258140.0,4.69
601328.SH,2022-12-23,0.0,4.7,4.7,4.69,1784.0,836912.0,4.69
601328.SH,2022-12-23,0.0,4.69,4.7,4.69,460.0,215880.0,4.69
601328.SH,2022-12-23,0.0,4.7,4.7,4.69,739.0,347192.0,4.69
601328.SH,2022-12-23,0.0,4.7,4.7,4.69,471.0,221117.0,4.69
601328.SH,2022-12-23,0.0,4.69,4.7,4.69,2550.0,1198400.0,4.691
601328.SH,2022-12-23,0.0,4.7,4.7,4.69,830.0,389894.0,4.691
601328.SH,2022-12-23,0.0,4.69,4.7,4.69,298.0,139949.0,4.691
601328.SH,2022-12-23,0.0,4.7,4.7,4.69,1263.0,593531.0,4.691
601328.SH,2022-12-23,0.0,4.69,4.7,4.69,1239.0,582131.0,4.691
601328.SH,2022-12-23,0.0,4.69,4.7,4.69,13089.0,6151710.0,4.691
601328.SH,2022-12-23,0.0,4.7,4.7,4.69,394.0,185118.0,4.691
601328.SH,2022-12-23,0.0,4.7,4.7,4.69,2525.0,1186720.0,4.692
601328.SH,2022-12-23,0.0,4.7,4.7,4.69,799.0,375516.0,4.692
601328.SH,2022-12-23,0.0,4.69,4.71,4.69,3979.0,1869910.0,4.692
601328.SH,2022-12-23,0.0,4.69,4.71,4.69,1772.0,832768.0,4.692
601328.SH,2022-12-23,0.0,4.69,4.7,4.69,751.0,352899.0,4.692
601328.SH,2022-12-23,0.0,4.7,4.7,4.69,2529.0,1186420.0,4.692
601328.SH,2022-12-23,0.0,4.7,4.7,4.69,1624.0,763271.0,4.692
601328.SH,2022-12-23,0.0,4.69,4.7,4.69,1722.0,809188.0,4.692
601328.SH,2022-12-23,0.0,4.7,4.7,4.69,1017.0,477614.0,4.692
601328.SH,2022-12-23,0.0,4.7,4.7,4.69,4116.0,1934440.0,4.692
601328.SH,2022-12-23,0.0,4.7,4.7,4.69,2677.0,1258100.0,4.692
601328.SH,2022-12-23,0.0,4.7,4.7,4.69,792.0,372065.0,4.692
601328.SH,2022-12-23,0.0,4.69,4.7,4.69,961.0,451400.0,4.692
601328.SH,2022-12-23,0.0,4.7,4.7,4.69,1530.0,718921.0,4.692
601328.SH,2022-12-23,0.0,4.69,4.7,4.69,416.0,195385.0,4.692
601328.SH,2022-12-23,0.0,4.7,4.7,4.69,58.0,27253.0,4.692
601328.SH,2022-12-23,0.0,4.7,4.7,4.69,817.0,383966.0,4.693
601328.SH,2022-12-23,0.0,4.69,4.7,4.69,385.0,180769.0,4.693
601328.SH,2022-12-23,0.0,4.69,4.7,4.69,898.0,421267.0,4.693
601328.SH,2022-12-23,0.0,4.69,4.7,4.69,259.0,121672.0,4.693
601328.SH,2022-12-23,0.0,4.69,4.7,4.69,860.0,403935.0,4.693
601328.SH,2022-12-23,0.0,4.7,4.7,4.69,867.0,407271.0,4.693
601328.SH,2022-12-23,0.0,4.69,4.7,4.69,870.0,408833.0,4.693
601328.SH,2022-12-23,0.0,4.7,4.7,4.69,1729.0,812466.0,4.693
601328.SH,2022-12-23,0.0,4.7,4.7,4.69,745.0,350123.0,4.693
601328.SH,2022-12-23,0.0,4.7,4.7,4.69,3047.0,1432070.0,4.693
601328.SH,2022-12-23,0.0,4.7,4.7,4.7,2025.0,951620.0,4.693
601328.SH,2022-12-23,0.0,4.7,4.7,4.69,955.0,448818.0,4.693
601328.SH,2022-12-23,0.0,4.7,4.71,4.69,2679.0,1259800.0,4.693
601328.SH,2022-12-23,0.0,4.7,4.71,4.69,1724.0,810563.0,4.693
601328.SH,2022-12-23,0.0,4.7,4.71,4.69,2091.0,982902.0,4.693
601328.SH,2022-12-23,0.0,4.69,4.71,4.69,768.0,361006.0,4.693
601328.SH,2022-12-23,0.0,4.7,4.71,4.7,392.0,184246.0,4.693
601328.SH,2022-12-23,0.0,4.7,4.71,4.69,322.0,151331.0,4.693
601328.SH,2022-12-23,0.0,4.7,4.7,4.69,112.0,52636.0,4.693
601328.SH,2022-12-23,0.0,4.7,4.7,4.69,343.0,161172.0,4.693
601328.SH,2022-12-23,0.0,4.69,4.7,4.69,219.0,102916.0,4.693
601328.SH,2022-12-23,0.0,4.69,4.7,4.69,501.0,235346.0,4.693
601328.SH,2022-12-23,0.0,4.7,4.7,4.69,167.0,78486.0,4.693
601328.SH,2022-12-23,0.0,4.7,4.7,4.7,1720.0,808395.0,4.693
601328.SH,2022-12-23,0.0,4.71,4.71,4.69,1023.0,480824.0,4.693
601328.SH,2022-12-23,0.0,4.7,4.7,4.69,916.0,430516.0,4.693
601328.SH,2022-12-23,0.0,4.7,4.7,4.69,1218.0,572341.0,4.693
601328.SH,2022-12-23,0.0,4.7,4.7,4.69,873.0,410248.0,4.693
601328.SH,2022-12-23,0.0,4.7,4.7,4.69,853.0,400906.0,4.693
601328.SH,2022-12-23,0.0,4.7,4.7,4.69,228.0,107132.0,4.693
601328.SH,2022-12-23,0.0,4.7,4.7,4.69,366.0,172002.0,4.693
601328.SH,2022-12-23,0.0,4.7,4.7,4.69,288.0,135238.0,4.693
601328.SH,2022-12-23,0.0,4.69,4.7,4.69,138.0,64855.0,4.693
601328.SH,2022-12-23,0.0,4.7,4.7,4.69,200.0,93917.0,4.693
601328.SH,2022-12-23,0.0,4.69,4.7,4.69,508.0,238427.0,4.693
601328.SH,2022-12-23,0.0,4.7,4.7,4.69,280.0,131426.0,4.693
601328.SH,2022-12-23,0.0,4.69,4.7,4.69,588.0,276118.0,4.693
601328.SH,2022-12-23,0.0,4.7,4.7,4.69,144.0,67613.0,4.693
601328.SH,2022-12-23,0.0,4.69,4.7,4.69,353.0,165618.0,4.693
601328.SH,2022-12-23,0.0,4.7,4.7,4.69,176.0,82582.0,4.693
601328.SH,2022-12-23,0.0,4.7,4.7,4.69,328.0,153983.0,4.693
601328.SH,2022-12-23,0.0,4.7,4.7,4.69,241.0,113187.0,4.693
601328.SH,2022-12-23,0.0,4.69,4.7,4.69,708.0,332094.0,4.693
601328.SH,2022-12-23,0.0,4.69,4.7,4.69,1479.0,693848.0,4.693
601328.SH,2022-12-23,0.0,4.69,4.7,4.69,176.0,82604.0,4.693
601328.SH,2022-12-23,0.0,4.7,4.7,4.69,708.0,332566.0,4.693
601328.SH,2022-12-23,0.0,4.7,4.7,4.69,1106.0,519747.0,4.693
601328.SH,2022-12-23,0.0,4.69,4.7,4.69,2580.0,1210670.0,4.693
601328.SH,2022-12-23,0.0,4.69,4.7,4.69,7283.0,3417220.0,4.693
601328.SH,2022-12-23,0.0,4.69,4.7,4.69,298.0,139806.0,4.693
601328.SH,2022-12-23,0.0,4.69,4.7,4.69,274.0,128580.0,4.693
601328.SH,2022-12-23,0.0,4.69,4.7,4.69,483.0,226981.0,4.693
601328.SH,2022-12-23,0.0,4.7,4.7,4.69,169.0,79310.0,4.693
601328.SH,2022-12-23,0.0,4.7,4.7,4.69,330.0,155077.0,4.693
601328.SH,2022-12-23,0.0,4.7,4.7,4.69,211.0,99036.0,4.693
601328.SH,2022-12-23,0.0,4.69,4.7,4.69,35.0,16431.0,4.693
601328.SH,2022-12-23,0.0,4.69,4.7,4.69,223.0,104763.0,4.693
601328.SH,2022-12-23,0.0,4.69,4.69,4.68,13291.0,6233920.0,4.693
601328.SH,2022-12-23,0.0,4.69,4.7,4.68,14970.0,7021020.0,4.693
601328.SH,2022-12-23,0.0,4.69,4.69,4.68,459.0,215012.0,4.693
601328.SH,2022-12-23,0.0,4.69,4.69,4.69,198.0,92856.0,4.693
601328.SH,2022-12-23,0.0,4.69,4.69,4.68,352.0,165023.0,4.693
601328.SH,2022-12-23,0.0,4.69,4.69,4.68,635.0,297679.0,4.693
601328.SH,2022-12-23,0.0,4.69,4.69,4.68,719.0,337074.0,4.693
601328.SH,2022-12-23,0.0,4.68,4.69,4.68,104.0,48765.0,4.693
601328.SH,2022-12-23,0.0,4.69,4.69,4.68,589.0,276138.0,4.693
601328.SH,2022-12-23,0.0,4.69,4.69,4.68,2404.0,1127040.0,4.693
601328.SH,2022-12-23,0.0,4.69,4.69,4.68,1992.0,934101.0,4.693
601328.SH,2022-12-23,0.0,4.69,4.69,4.68,1025.0,480399.0,4.693
601328.SH,2022-12-23,0.0,4.68,4.69,4.68,581.0,272430.0,4.693
601328.SH,2022-12-23,0.0,4.69,4.69,4.68,791.0,370959.0,4.693
601328.SH,2022-12-23,0.0,4.68,4.69,4.68,2076.0,972214.0,4.693
601328.SH,2022-12-23,0.0,4.68,4.69,4.68,521.0,244170.0,4.693
601328.SH,2022-12-23,0.0,4.69,4.69,4.68,151.0,70802.0,4.693
601328.SH,2022-12-23,0.0,4.69,4.69,4.69,756.0,354544.0,4.693
601328.SH,2022-12-23,0.0,4.69,4.69,4.68,1028.0,481775.0,4.693
601328.SH,2022-12-23,0.0,4.69,4.69,4.68,406.0,190374.0,4.693
601328.SH,2022-12-23,0.0,4.69,4.69,4.68,1131.0,530188.0,4.693
601328.SH,2022-12-23,0.0,4.68,4.69,4.68,598.0,279978.0,4.693
601328.SH,2022-12-23,0.0,4.69,4.69,4.68,332.0,155608.0,4.693
601328.SH,2022-12-23,0.0,4.69,4.69,4.68,533.0,249762.0,4.693
601328.SH,2022-12-23,0.0,4.69,4.69,4.68,483.0,226211.0,4.693
601328.SH,2022-12-23,0.0,4.68,4.69,4.68,1194.0,559976.0,4.693
601328.SH,2022-12-23,0.0,4.68,4.69,4.68,1108.0,519399.0,4.693
601328.SH,2022-12-23,0.0,4.69,4.7,4.68,17589.0,8248330.0,4.693
601328.SH,2022-12-23,0.0,4.69,4.7,4.69,7053.0,3308060.0,4.692
601328.SH,2022-12-23,0.0,4.69,4.69,4.68,1009.0,473181.0,4.692
601328.SH,2022-12-23,0.0,4.68,4.69,4.68,92.0,43133.0,4.692
601328.SH,2022-12-23,0.0,4.69,4.69,4.68,41.0,19218.0,4.692
601328.SH,2022-12-23,0.0,4.68,4.69,4.68,169.0,79242.0,4.692
601328.SH,2022-12-23,0.0,4.69,4.69,4.68,342.0,160386.0,4.692
601328.SH,2022-12-23,0.0,4.69,4.69,4.68,861.0,403780.0,4.692
601328.SH,2022-12-23,0.0,4.68,4.69,4.68,729.0,341771.0,4.692
601328.SH,2022-12-23,0.0,4.69,4.7,4.68,302.0,141642.0,4.692
601328.SH,2022-12-23,0.0,4.68,4.69,4.68,406.0,190180.0,4.692
601328.SH,2022-12-23,0.0,4.69,4.69,4.68,513.0,240569.0,4.692
601328.SH,2022-12-23,0.0,4.69,4.7,4.68,2991.0,1402940.0,4.692
601328.SH,2022-12-23,0.0,4.69,4.69,4.68,575.0,269637.0,4.692
601328.SH,2022-12-23,0.0,4.69,4.69,4.68,260.0,121920.0,4.692
601328.SH,2022-12-23,0.0,4.69,4.69,4.68,220.0,103149.0,4.692
601328.SH,2022-12-23,0.0,4.69,4.69,4.68,185.0,86724.0,4.692
601328.SH,2022-12-23,0.0,4.69,4.69,4.68,380.0,178210.0,4.692
601328.SH,2022-12-23,0.0,4.68,4.69,4.68,113.0,52987.0,4.692
601328.SH,2022-12-23,0.0,4.68,4.69,4.68,76.0,35576.0,4.692
601328.SH,2022-12-23,0.0,4.68,4.68,4.68,33.0,15444.0,4.692
601328.SH,2022-12-23,0.0,4.69,4.69,4.68,398.0,186731.0,4.692
601328.SH,2022-12-23,0.0,4.68,4.69,4.68,199.0,93225.0,4.692
601328.SH,2022-12-23,0.0,4.68,4.69,4.68,314.0,147135.0,4.692
601328.SH,2022-12-23,0.0,4.69,4.69,4.68,48.0,22502.0,4.692
601328.SH,2022-12-23,0.0,4.68,4.69,4.68,233.0,109057.0,4.692
601328.SH,2022-12-23,0.0,4.69,4.69,4.68,505.0,236489.0,4.692
601328.SH,2022-12-23,0.0,4.68,4.69,4.68,123.0,57616.0,4.692
601328.SH,2022-12-23,0.0,4.69,4.69,4.68,337.0,158021.0,4.692
601328.SH,2022-12-23,0.0,4.69,4.69,4.68,1785.0,836127.0,4.692
601328.SH,2022-12-23,0.0,4.69,4.69,4.68,1297.0,607063.0,4.692
601328.SH,2022-12-23,0.0,4.69,4.69,4.68,508.0,237868.0,4.692
601328.SH,2022-12-23,0.0,4.69,4.69,4.69,538.0,252322.0,4.692
601328.SH,2022-12-23,0.0,4.69,4.69,4.69,1547.0,725543.0,4.692
601328.SH,2022-12-23,0.0,4.69,4.69,4.69,777.0,364413.0,4.692
601328.SH,2022-12-23,0.0,4.69,4.69,4.68,401.0,187944.0,4.692
601328.SH,2022-12-23,0.0,4.69,4.69,4.68,10679.0,5008250.0,4.692
601328.SH,2022-12-23,0.0,4.69,4.69,4.68,438.0,205350.0,4.692
601328.SH,2022-12-23,0.0,4.68,4.69,4.68,603.0,282638.0,4.692
601328.SH,2022-12-23,0.0,4.69,4.69,4.68,8654.0,4058570.0,4.692
601328.SH,2022-12-23,0.0,4.68,4.69,4.68,545.0,255522.0,4.692
601328.SH,2022-12-23,0.0,4.68,4.69,4.68,43.0,20147.0,4.692
601328.SH,2022-12-23,0.0,4.68,4.69,4.68,275.0,128813.0,4.692
601328.SH,2022-12-23,0.0,4.69,4.69,4.68,214.0,100298.0,4.692
601328.SH,2022-12-23,0.0,4.69,4.7,4.68,22512.0,10548900.0,4.692
601328.SH,2022-12-23,0.0,4.69,4.69,4.68,379.0,177674.0,4.692
601328.SH,2022-12-23,0.0,4.68,4.69,4.68,400.0,187592.0,4.692
601328.SH,2022-12-23,0.0,4.69,4.69,4.68,379.0,177740.0,4.692
601328.SH,2022-12-23,0.0,4.69,4.69,4.68,672.0,314945.0,4.692
601328.SH,2022-12-23,0.0,4.69,4.69,4.68,813.0,381024.0,4.692
601328.SH,2022-12-23,0.0,4.69,4.69,4.68,505.0,236802.0,4.692
601328.SH,2022-12-23,0.0,4.69,4.69,4.68,288.0,135039.0,4.692
601328.SH,2022-12-23,0.0,4.69,4.69,4.68,828.0,388047.0,4.692
601328.SH,2022-12-23,0.0,4.69,4.69,4.68,614.0,287932.0,4.692
601328.SH,2022-12-23,0.0,4.68,4.69,4.68,282.0,132215.0,4.692
601328.SH,2022-12-23,0.0,4.69,4.69,4.68,275.0,128961.0,4.692
601328.SH,2022-12-23,0.0,4.69,4.69,4.68,158.0,73969.0,4.692
601328.SH,2022-12-23,0.0,4.69,4.69,4.68,1005.0,471260.0,4.692
601328.SH,2022-12-23,0.0,4.68,4.69,4.68,473.0,221600.0,4.692
601328.SH,2022-12-23,0.0,4.69,4.69,4.68,1140.0,533816.0,4.692
601328.SH,2022-12-23,0.0,4.68,4.69,4.68,466.0,218353.0,4.692
601328.SH,2022-12-23,0.0,4.68,4.69,4.68,473.0,221493.0,4.692
601328.SH,2022-12-23,0.0,4.69,4.69,4.68,1331.0,623126.0,4.692
601328.SH,2022-12-23,0.0,4.68,4.69,4.68,2568.0,1203740.0,4.692
601328.SH,2022-12-23,0.0,4.68,4.69,4.68,1554.0,728510.0,4.692
601328.SH,2022-12-23,0.0,4.68,4.69,4.68,2557.0,1196800.0,4.691
601328.SH,2022-12-23,0.0,4.68,4.69,4.68,363.0,170056.0,4.691
601328.SH,2022-12-23,0.0,4.68,4.69,4.68,1476.0,690892.0,4.691
601328.SH,2022-12-23,0.0,4.68,4.69,4.68,824.0,385756.0,4.691
601328.SH,2022-12-23,0.0,4.68,4.69,4.68,1454.0,680756.0,4.691
601328.SH,2022-12-23,0.0,4.68,4.69,4.68,3691.0,1727520.0,4.691
601328.SH,2022-12-23,0.0,4.69,4.69,4.68,698.0,327129.0,4.691
601328.SH,2022-12-23,0.0,4.69,4.69,4.68,2225.0,1042970.0,4.691
601328.SH,2022-12-23,0.0,4.69,4.69,4.68,1060.0,496346.0,4.691
601328.SH,2022-12-23,0.0,4.68,4.69,4.68,1338.0,626921.0,4.691
601328.SH,2022-12-23,0.0,4.69,4.69,4.68,414.0,193916.0,4.691
601328.SH,2022-12-23,0.0,4.69,4.69,4.68,754.0,353091.0,4.691
601328.SH,2022-12-23,0.0,4.68,4.69,4.67,22253.0,10414400.0,4.691
601328.SH,2022-12-23,0.0,4.68,4.68,4.67,3319.0,1553370.0,4.691
601328.SH,2022-12-23,0.0,4.69,4.69,4.67,2374.0,1110830.0,4.69
601328.SH,2022-12-23,0.0,4.69,4.69,4.68,1377.0,645035.0,4.69
601328.SH,2022-12-23,0.0,4.69,4.69,4.68,1577.0,738677.0,4.69
601328.SH,2022-12-23,0.0,4.69,4.69,4.68,670.0,313961.0,4.69
601328.SH,2022-12-23,0.0,4.68,4.69,4.68,616.0,288515.0,4.69
601328.SH,2022-12-23,0.0,4.68,4.69,4.68,551.0,257926.0,4.69
601328.SH,2022-12-23,0.0,4.68,4.69,4.68,526.0,246380.0,4.69
601328.SH,2022-12-23,0.0,4.68,4.69,4.68,1333.0,624214.0,4.69
601328.SH,2022-12-23,0.0,4.68,4.69,4.68,3192.0,1495510.0,4.69
601328.SH,2022-12-23,0.0,4.69,4.69,4.68,3120.0,1460880.0,4.69
601328.SH,2022-12-23,0.0,4.69,4.69,4.68,1268.0,594179.0,4.69
601328.SH,2022-12-23,0.0,4.69,4.69,4.69,0.0,0.0,4.69
601328.SH,2022-12-23,0.0,4.69,4.69,4.69,0.0,0.0,4.69
601328.SH,2022-12-23,0.0,4.68,4.68,4.68,4537.0,2123320.0,4.69
601328.SH,2022-12-26,0.0,4.68,4.68,4.68,1268.0,593190.0,4.68
601328.SH,2022-12-26,0.0,4.68,4.69,4.67,6215.0,2906800.0,4.678
601328.SH,2022-12-26,0.0,4.68,4.68,4.67,2256.0,1055350.0,4.678
601328.SH,2022-12-26,0.0,4.67,4.68,4.67,3607.0,1687060.0,4.678
601328.SH,2022-12-26,0.0,4.68,4.68,4.67,4870.0,2278490.0,4.678
601328.SH,2022-12-26,0.0,4.69,4.69,4.68,6988.0,3271010.0,4.679
601328.SH,2022-12-26,0.0,4.68,4.69,4.67,5769.0,2700390.0,4.679
601328.SH,2022-12-26,0.0,4.68,4.69,4.67,2656.0,1243170.0,4.679
601328.SH,2022-12-26,0.0,4.69,4.69,4.68,1887.0,883417.0,4.679
601328.SH,2022-12-26,0.0,4.69,4.69,4.68,3472.0,1627640.0,4.68
601328.SH,2022-12-26,0.0,4.69,4.69,4.68,1569.0,735048.0,4.68
601328.SH,2022-12-26,0.0,4.68,4.69,4.68,13149.0,6153900.0,4.68
601328.SH,2022-12-26,0.0,4.69,4.69,4.67,2731.0,1278420.0,4.68
601328.SH,2022-12-26,0.0,4.68,4.69,4.68,1891.0,885248.0,4.68
601328.SH,2022-12-26,0.0,4.68,4.68,4.67,6728.0,3147970.0,4.68
601328.SH,2022-12-26,0.0,4.68,4.68,4.67,2961.0,1384130.0,4.68
601328.SH,2022-12-26,0.0,4.67,4.68,4.67,2850.0,1333490.0,4.68
601328.SH,2022-12-26,0.0,4.68,4.68,4.67,2834.0,1325690.0,4.68
601328.SH,2022-12-26,0.0,4.67,4.68,4.67,1415.0,661665.0,4.68
601328.SH,2022-12-26,0.0,4.67,4.67,4.67,17231.0,8047230.0,4.678
601328.SH,2022-12-26,0.0,4.68,4.68,4.66,14987.0,6997090.0,4.677
601328.SH,2022-12-26,0.0,4.67,4.67,4.66,2081.0,971756.0,4.677
601328.SH,2022-12-26,0.0,4.66,4.67,4.66,1362.0,635536.0,4.676
601328.SH,2022-12-26,0.0,4.66,4.67,4.66,2033.0,948387.0,4.676
601328.SH,2022-12-26,0.0,4.66,4.67,4.66,1026.0,478329.0,4.676
601328.SH,2022-12-26,0.0,4.66,4.67,4.66,2286.0,1065750.0,4.676
601328.SH,2022-12-26,0.0,4.66,4.67,4.66,1515.0,706290.0,4.676
601328.SH,2022-12-26,0.0,4.66,4.67,4.66,2660.0,1241910.0,4.676
601328.SH,2022-12-26,0.0,4.66,4.67,4.66,1184.0,552259.0,4.675
601328.SH,2022-12-26,0.0,4.66,4.67,4.66,1589.0,740932.0,4.675
601328.SH,2022-12-26,0.0,4.66,4.67,4.66,2895.0,1350780.0,4.675
601328.SH,2022-12-26,0.0,4.66,4.67,4.66,2589.0,1207780.0,4.675
601328.SH,2022-12-26,0.0,4.67,4.67,4.66,1721.0,802561.0,4.675
601328.SH,2022-12-26,0.0,4.67,4.67,4.66,2087.0,974102.0,4.675
601328.SH,2022-12-26,0.0,4.67,4.67,4.66,12377.0,5779910.0,4.674
601328.SH,2022-12-26,0.0,4.67,4.67,4.66,2812.0,1312990.0,4.674
601328.SH,2022-12-26,0.0,4.66,4.67,4.66,2751.0,1284580.0,4.674
601328.SH,2022-12-26,0.0,4.67,4.67,4.66,263.0,122762.0,4.674
601328.SH,2022-12-26,0.0,4.66,4.67,4.66,6839.0,3193210.0,4.674
601328.SH,2022-12-26,0.0,4.67,4.67,4.66,3082.0,1438560.0,4.674
601328.SH,2022-12-26,0.0,4.67,4.67,4.66,1148.0,535542.0,4.674
601328.SH,2022-12-26,0.0,4.67,4.67,4.66,1575.0,734259.0,4.674
601328.SH,2022-12-26,0.0,4.66,4.67,4.66,2008.0,937061.0,4.673
601328.SH,2022-12-26,0.0,4.66,4.67,4.66,2252.0,1050830.0,4.673
601328.SH,2022-12-26,0.0,4.66,4.67,4.66,2535.0,1182390.0,4.673
601328.SH,2022-12-26,0.0,4.67,4.67,4.66,11400.0,5323170.0,4.673
601328.SH,2022-12-26,0.0,4.67,4.67,4.66,1085.0,506163.0,4.673
601328.SH,2022-12-26,0.0,4.66,4.67,4.66,543.0,253413.0,4.673
601328.SH,2022-12-26,0.0,4.66,4.67,4.66,1055.0,491944.0,4.673
601328.SH,2022-12-26,0.0,4.66,4.67,4.66,1802.0,839839.0,4.673
601328.SH,2022-12-26,0.0,4.67,4.67,4.66,1537.0,717483.0,4.673
601328.SH,2022-12-26,0.0,4.66,4.67,4.66,1702.0,794539.0,4.673
601328.SH,2022-12-26,0.0,4.67,4.67,4.66,1079.0,503075.0,4.673
601328.SH,2022-12-26,0.0,4.66,4.67,4.66,912.0,425558.0,4.673
601328.SH,2022-12-26,0.0,4.67,4.67,4.66,917.0,427954.0,4.673
601328.SH,2022-12-26,0.0,4.67,4.67,4.66,956.0,445917.0,4.672
601328.SH,2022-12-26,0.0,4.67,4.67,4.66,16234.0,7580960.0,4.672
601328.SH,2022-12-26,0.0,4.66,4.67,4.66,1107.0,516951.0,4.672
601328.SH,2022-12-26,0.0,4.66,4.67,4.66,201.0,93790.0,4.672
601328.SH,2022-12-26,0.0,4.66,4.67,4.66,1535.0,715894.0,4.672
601328.SH,2022-12-26,0.0,4.67,4.67,4.66,736.0,343473.0,4.672
601328.SH,2022-12-26,0.0,4.67,4.67,4.66,521.0,243140.0,4.672
601328.SH,2022-12-26,0.0,4.67,4.67,4.66,1563.0,729034.0,4.672
601328.SH,2022-12-26,0.0,4.66,4.67,4.66,1118.0,521480.0,4.672
601328.SH,2022-12-26,0.0,4.67,4.67,4.66,2857.0,1331700.0,4.672
601328.SH,2022-12-26,0.0,4.66,4.67,4.66,1784.0,832257.0,4.672
601328.SH,2022-12-26,0.0,4.66,4.67,4.66,3219.0,1502200.0,4.672
601328.SH,2022-12-26,0.0,4.66,4.67,4.66,2943.0,1372080.0,4.672
601328.SH,2022-12-26,0.0,4.66,4.67,4.66,884.0,412182.0,4.672
601328.SH,2022-12-26,0.0,4.66,4.67,4.66,1004.0,467942.0,4.672
601328.SH,2022-12-26,0.0,4.66,4.67,4.66,1869.0,871643.0,4.672
601328.SH,2022-12-26,0.0,4.67,4.67,4.66,1258.0,586548.0,4.671
601328.SH,2022-12-26,0.0,4.66,4.67,4.66,1399.0,652335.0,4.671
601328.SH,2022-12-26,0.0,4.67,4.67,4.66,1182.0,551086.0,4.671
601328.SH,2022-12-26,0.0,4.66,4.67,4.66,3349.0,1561890.0,4.671
601328.SH,2022-12-26,0.0,4.66,4.67,4.66,2081.0,970281.0,4.671
601328.SH,2022-12-26,0.0,4.66,4.67,4.66,3685.0,1720190.0,4.671
601328.SH,2022-12-26,0.0,4.67,4.67,4.66,2100.0,980219.0,4.671
601328.SH,2022-12-26,0.0,4.66,4.67,4.66,1763.0,823113.0,4.671
601328.SH,2022-12-26,0.0,4.67,4.67,4.66,1686.0,787149.0,4.671
601328.SH,2022-12-26,0.0,4.67,4.67,4.66,1181.0,551341.0,4.671
601328.SH,2022-12-26,0.0,4.66,4.67,4.66,918.0,427907.0,4.671
601328.SH,2022-12-26,0.0,4.66,4.67,4.66,854.0,398163.0,4.671
601328.SH,2022-12-26,0.0,4.67,4.67,4.66,2622.0,1223160.0,4.671
601328.SH,2022-12-26,0.0,4.66,4.67,4.66,1854.0,865121.0,4.671
601328.SH,2022-12-26,0.0,4.66,4.67,4.66,1020.0,475997.0,4.671
601328.SH,2022-12-26,0.0,4.66,4.67,4.66,2757.0,1286680.0,4.671
601328.SH,2022-12-26,0.0,4.66,4.67,4.66,1395.0,650475.0,4.671
601328.SH,2022-12-26,0.0,4.67,4.67,4.66,1452.0,677673.0,4.671
601328.SH,2022-12-26,0.0,4.66,4.67,4.66,6345.0,2961880.0,4.671
601328.SH,2022-12-26,0.0,4.67,4.67,4.66,1609.0,750931.0,4.671
601328.SH,2022-12-26,0.0,4.67,4.67,4.66,1916.0,893936.0,4.671
601328.SH,2022-12-26,0.0,4.66,4.67,4.66,1636.0,762795.0,4.671
601328.SH,2022-12-26,0.0,4.66,4.67,4.66,1294.0,603200.0,4.671
601328.SH,2022-12-26,0.0,4.67,4.67,4.66,724.0,337674.0,4.671
601328.SH,2022-12-26,0.0,4.66,4.67,4.66,1209.0,563822.0,4.671
601328.SH,2022-12-26,0.0,4.67,4.67,4.66,2143.0,998991.0,4.67
601328.SH,2022-12-26,0.0,4.66,4.67,4.66,1279.0,596469.0,4.67
601328.SH,2022-12-26,0.0,4.66,4.67,4.66,2685.0,1251340.0,4.67
601328.SH,2022-12-26,0.0,4.66,4.67,4.66,872.0,406591.0,4.67
601328.SH,2022-12-26,0.0,4.66,4.67,4.66,1182.0,551276.0,4.67
601328.SH,2022-12-26,0.0,4.67,4.67,4.66,508.0,236961.0,4.67
601328.SH,2022-12-26,0.0,4.67,4.67,4.66,535.0,249500.0,4.67
601328.SH,2022-12-26,0.0,4.66,4.67,4.66,952.0,444096.0,4.67
601328.SH,2022-12-26,0.0,4.66,4.67,4.66,700.0,326423.0,4.67
601328.SH,2022-12-26,0.0,4.67,4.67,4.66,539.0,251374.0,4.67
601328.SH,2022-12-26,0.0,4.66,4.67,4.66,627.0,292376.0,4.67
601328.SH,2022-12-26,0.0,4.67,4.67,4.66,3251.0,1515940.0,4.67
601328.SH,2022-12-26,0.0,4.67,4.67,4.66,657.0,306674.0,4.67
601328.SH,2022-12-26,0.0,4.66,4.67,4.66,3330.0,1552000.0,4.67
601328.SH,2022-12-26,0.0,4.66,4.67,4.66,1402.0,653408.0,4.67
601328.SH,2022-12-26,0.0,4.67,4.67,4.66,1349.0,628858.0,4.67
601328.SH,2022-12-26,0.0,4.66,4.67,4.66,760.0,354347.0,4.67
601328.SH,2022-12-26,0.0,4.66,4.67,4.66,644.0,300239.0,4.67
601328.SH,2022-12-26,0.0,4.66,4.67,4.66,1065.0,496619.0,4.67
601328.SH,2022-12-26,0.0,4.66,4.67,4.66,1214.0,566329.0,4.67
601328.SH,2022-12-26,0.0,4.66,4.67,4.66,4051.0,1888170.0,4.67
601328.SH,2022-12-26,0.0,4.66,4.67,4.66,1041.0,485330.0,4.67
601328.SH,2022-12-26,0.0,4.66,4.67,4.66,792.0,369244.0,4.67
601328.SH,2022-12-26,0.0,4.66,4.67,4.66,604.0,281509.0,4.67
601328.SH,2022-12-26,0.0,4.66,4.67,4.66,1189.0,554308.0,4.67
601328.SH,2022-12-26,0.0,4.66,4.67,4.66,45518.0,21213800.0,4.669
601328.SH,2022-12-26,0.0,4.66,4.67,4.66,7948.0,3703980.0,4.668
601328.SH,2022-12-26,0.0,4.66,4.67,4.66,294.0,137078.0,4.668
601328.SH,2022-12-26,0.0,4.66,4.67,4.66,339.0,158111.0,4.668
601328.SH,2022-12-26,0.0,4.67,4.67,4.66,2628.0,1224780.0,4.668
601328.SH,2022-12-26,0.0,4.66,4.67,4.66,508.0,236919.0,4.668
601328.SH,2022-12-26,0.0,4.66,4.67,4.66,1386.0,645994.0,4.668
601328.SH,2022-12-26,0.0,4.67,4.67,4.66,528.0,246284.0,4.668
601328.SH,2022-12-26,0.0,4.66,4.67,4.66,275.0,128206.0,4.668
601328.SH,2022-12-26,0.0,4.67,4.67,4.66,656.0,305959.0,4.668
601328.SH,2022-12-26,0.0,4.67,4.67,4.66,358.0,166958.0,4.668
601328.SH,2022-12-26,0.0,4.67,4.67,4.66,1467.0,684697.0,4.668
601328.SH,2022-12-26,0.0,4.66,4.67,4.66,390.0,181786.0,4.668
601328.SH,2022-12-26,0.0,4.67,4.67,4.66,539.0,251487.0,4.668
601328.SH,2022-12-26,0.0,4.66,4.67,4.66,1021.0,476517.0,4.668
601328.SH,2022-12-26,0.0,4.66,4.67,4.66,1534.0,716066.0,4.668
601328.SH,2022-12-26,0.0,4.67,4.67,4.66,878.0,409588.0,4.668
601328.SH,2022-12-26,0.0,4.67,4.67,4.66,2797.0,1305590.0,4.668
601328.SH,2022-12-26,0.0,4.67,4.67,4.66,607.0,283019.0,4.668
601328.SH,2022-12-26,0.0,4.67,4.67,4.66,620.0,289100.0,4.668
601328.SH,2022-12-26,0.0,4.67,4.67,4.66,574.0,267843.0,4.668
601328.SH,2022-12-26,0.0,4.66,4.67,4.66,553.0,257773.0,4.668
601328.SH,2022-12-26,0.0,4.67,4.67,4.66,594.0,277030.0,4.668
601328.SH,2022-12-26,0.0,4.66,4.67,4.66,1589.0,740750.0,4.668
601328.SH,2022-12-26,0.0,4.66,4.67,4.66,2950.0,1374890.0,4.668
601328.SH,2022-12-26,0.0,4.66,4.67,4.66,325.0,151555.0,4.668
601328.SH,2022-12-26,0.0,4.66,4.67,4.66,1840.0,857838.0,4.668
601328.SH,2022-12-26,0.0,4.67,4.67,4.66,1026.0,478603.0,4.668
601328.SH,2022-12-26,0.0,4.67,4.67,4.66,579.0,270066.0,4.668
601328.SH,2022-12-26,0.0,4.67,4.67,4.66,434.0,202323.0,4.668
601328.SH,2022-12-26,0.0,4.66,4.67,4.66,441.0,205541.0,4.668
601328.SH,2022-12-26,0.0,4.66,4.67,4.66,2996.0,1396260.0,4.668
601328.SH,2022-12-26,0.0,4.66,4.67,4.66,1138.0,530647.0,4.668
601328.SH,2022-12-26,0.0,4.66,4.67,4.66,9423.0,4391310.0,4.668
601328.SH,2022-12-26,0.0,4.66,4.67,4.66,1329.0,619393.0,4.668
601328.SH,2022-12-26,0.0,4.66,4.67,4.66,379.0,176727.0,4.668
601328.SH,2022-12-26,0.0,4.66,4.67,4.66,1618.0,754365.0,4.668
601328.SH,2022-12-26,0.0,4.66,4.67,4.66,1455.0,678114.0,4.668
601328.SH,2022-12-26,0.0,4.66,4.67,4.66,676.0,315109.0,4.668
601328.SH,2022-12-26,0.0,4.67,4.67,4.66,400.0,186567.0,4.668
601328.SH,2022-12-26,0.0,4.66,4.67,4.66,433.0,201927.0,4.668
601328.SH,2022-12-26,0.0,4.66,4.67,4.66,1280.0,596602.0,4.668
601328.SH,2022-12-26,0.0,4.66,4.67,4.66,540.0,251680.0,4.668
601328.SH,2022-12-26,0.0,4.66,4.67,4.66,373.0,173875.0,4.668
601328.SH,2022-12-26,0.0,4.67,4.67,4.66,1627.0,758228.0,4.668
601328.SH,2022-12-26,0.0,4.66,4.67,4.66,2758.0,1285350.0,4.668
601328.SH,2022-12-26,0.0,4.67,4.67,4.66,1164.0,542450.0,4.668
601328.SH,2022-12-26,0.0,4.67,4.67,4.66,1867.0,870121.0,4.667
601328.SH,2022-12-26,0.0,4.66,4.67,4.66,341.0,158978.0,4.667
601328.SH,2022-12-26,0.0,4.66,4.67,4.66,562.0,262041.0,4.667
601328.SH,2022-12-26,0.0,4.66,4.67,4.66,1119.0,521600.0,4.667
601328.SH,2022-12-26,0.0,4.66,4.67,4.66,3089.0,1439640.0,4.667
601328.SH,2022-12-26,0.0,4.66,4.66,4.65,10027.0,4671300.0,4.667
601328.SH,2022-12-26,0.0,4.67,4.67,4.65,1617.0,753429.0,4.667
601328.SH,2022-12-26,0.0,4.66,4.67,4.66,370.0,172441.0,4.667
601328.SH,2022-12-26,0.0,4.67,4.67,4.66,957.0,446015.0,4.667
601328.SH,2022-12-26,0.0,4.66,4.67,4.66,493.0,229738.0,4.667
601328.SH,2022-12-26,0.0,4.66,4.67,4.66,536.0,249815.0,4.667
601328.SH,2022-12-26,0.0,4.66,4.67,4.66,307.0,143094.0,4.667
601328.SH,2022-12-26,0.0,4.67,4.67,4.66,1395.0,650155.0,4.667
601328.SH,2022-12-26,0.0,4.66,4.67,4.66,3447.0,1606410.0,4.667
601328.SH,2022-12-26,0.0,4.66,4.67,4.66,625.0,291364.0,4.667
601328.SH,2022-12-26,0.0,4.65,4.66,4.65,2895.0,1348700.0,4.667
601328.SH,2022-12-26,0.0,4.66,4.66,4.65,410.0,190947.0,4.667
601328.SH,2022-12-26,0.0,4.65,4.66,4.65,212.0,98760.0,4.667
601328.SH,2022-12-26,0.0,4.65,4.66,4.65,375.0,174677.0,4.667
601328.SH,2022-12-26,0.0,4.66,4.66,4.65,523.0,243687.0,4.667
601328.SH,2022-12-26,0.0,4.65,4.66,4.65,568.0,264635.0,4.667
601328.SH,2022-12-26,0.0,4.66,4.66,4.65,409.0,190564.0,4.667
601328.SH,2022-12-26,0.0,4.66,4.66,4.65,830.0,386733.0,4.667
601328.SH,2022-12-26,0.0,4.66,4.66,4.65,2709.0,1262160.0,4.667
601328.SH,2022-12-26,0.0,4.65,4.66,4.65,599.0,278736.0,4.667
601328.SH,2022-12-26,0.0,4.65,4.66,4.65,458.0,213409.0,4.667
601328.SH,2022-12-26,0.0,4.65,4.66,4.65,189.0,88052.0,4.667
601328.SH,2022-12-26,0.0,4.65,4.66,4.65,890.0,414671.0,4.667
601328.SH,2022-12-26,0.0,4.65,4.66,4.65,615.0,286186.0,4.667
601328.SH,2022-12-26,0.0,4.65,4.66,4.65,404.0,187973.0,4.667
601328.SH,2022-12-26,0.0,4.66,4.66,4.65,735.0,342020.0,4.667
601328.SH,2022-12-26,0.0,4.65,4.66,4.65,578.0,269081.0,4.667
601328.SH,2022-12-26,0.0,4.65,4.66,4.65,7954.0,3706310.0,4.667
601328.SH,2022-12-26,0.0,4.66,4.66,4.65,359.0,167106.0,4.667
601328.SH,2022-12-26,0.0,4.66,4.66,4.65,3214.0,1497020.0,4.667
601328.SH,2022-12-26,0.0,4.66,4.66,4.65,861.0,401077.0,4.667
601328.SH,2022-12-26,0.0,4.66,4.66,4.65,14415.0,6703350.0,4.666
601328.SH,2022-12-26,0.0,4.65,4.66,4.65,2107.0,979914.0,4.666
601328.SH,2022-12-26,0.0,4.66,4.66,4.65,551.0,256549.0,4.666
601328.SH,2022-12-26,0.0,4.65,4.66,4.65,496.0,230969.0,4.666
601328.SH,2022-12-26,0.0,4.66,4.66,4.65,922.0,429283.0,4.666
601328.SH,2022-12-26,0.0,4.66,4.66,4.65,1425.0,662809.0,4.666
601328.SH,2022-12-26,0.0,4.65,4.66,4.65,910.0,423785.0,4.666
601328.SH,2022-12-26,0.0,4.65,4.66,4.65,2999.0,1396700.0,4.666
601328.SH,2022-12-26,0.0,4.65,4.66,4.65,1637.0,761893.0,4.666
601328.SH,2022-12-26,0.0,4.66,4.66,4.65,1241.0,577842.0,4.666
601328.SH,2022-12-26,0.0,4.65,4.66,4.65,3772.0,1754510.0,4.666
601328.SH,2022-12-26,0.0,4.66,4.66,4.65,3377.0,1571010.0,4.666
601328.SH,2022-12-26,0.0,4.66,4.66,4.65,3032.0,1410460.0,4.666
601328.SH,2022-12-26,0.0,4.64,4.65,4.64,69041.0,32104600.0,4.664
601328.SH,2022-12-26,0.0,4.65,4.65,4.64,5642.0,2623400.0,4.664
601328.SH,2022-12-26,0.0,4.65,4.66,4.64,2577.0,1198340.0,4.664
601328.SH,2022-12-26,0.0,4.65,4.66,4.65,1835.0,853642.0,4.663
601328.SH,2022-12-26,0.0,4.65,4.66,4.64,2481.0,1154010.0,4.663
601328.SH,2022-12-26,0.0,4.66,4.66,4.65,678.0,315632.0,4.663
601328.SH,2022-12-26,0.0,4.65,4.66,4.65,3824.0,1778460.0,4.663
601328.SH,2022-12-26,0.0,4.65,4.66,4.65,2924.0,1360340.0,4.663
601328.SH,2022-12-26,0.0,4.64,4.65,4.64,2209.0,1026500.0,4.663
601328.SH,2022-12-26,0.0,4.65,4.66,4.64,1862.0,865435.0,4.663
601328.SH,2022-12-26,0.0,4.65,4.66,4.65,1093.0,508864.0,4.663
601328.SH,2022-12-26,0.0,4.65,4.66,4.65,1779.0,828699.0,4.663
601328.SH,2022-12-26,0.0,4.65,4.66,4.65,1314.0,611510.0,4.663
601328.SH,2022-12-26,0.0,4.65,4.66,4.65,1697.0,790584.0,4.663
601328.SH,2022-12-26,0.0,4.65,4.66,4.65,1559.0,725393.0,4.663
601328.SH,2022-12-26,0.0,4.65,4.65,4.65,1355.0,630710.0,4.663
601328.SH,2022-12-26,0.0,4.65,4.66,4.65,996.0,464021.0,4.663
601328.SH,2022-12-26,0.0,4.66,4.66,4.65,776.0,361536.0,4.663
601328.SH,2022-12-26,0.0,4.65,4.66,4.65,1520.0,707044.0,4.663
601328.SH,2022-12-26,0.0,4.65,4.66,4.65,1992.0,926731.0,4.663
601328.SH,2022-12-26,0.0,4.65,4.66,4.65,2520.0,1172070.0,4.663
601328.SH,2022-12-26,0.0,4.65,4.65,4.65,247.0,114855.0,4.663
601328.SH,2022-12-26,0.0,4.65,4.65,4.65,0.0,0.0,4.663
601328.SH,2022-12-26,0.0,4.65,4.65,4.65,2782.0,1293630.0,4.663
601328.SH,2022-12-27,0.0,4.66,4.66,4.66,4232.0,1972110.0,4.66
601328.SH,2022-12-27,0.0,4.67,4.68,4.66,14010.0,6542370.0,4.668
601328.SH,2022-12-27,0.0,4.68,4.68,4.66,6563.0,3063520.0,4.668
601328.SH,2022-12-27,0.0,4.68,4.68,4.67,2980.0,1392230.0,4.668
601328.SH,2022-12-27,0.0,4.68,4.68,4.67,3636.0,1700960.0,4.669
601328.SH,2022-12-27,0.0,4.68,4.68,4.67,950.0,444473.0,4.67
601328.SH,2022-12-27,0.0,4.67,4.68,4.67,1254.0,586108.0,4.67
601328.SH,2022-12-27,0.0,4.67,4.68,4.67,3055.0,1427120.0,4.67
601328.SH,2022-12-27,0.0,4.68,4.68,4.67,1847.0,863767.0,4.67
601328.SH,2022-12-27,0.0,4.68,4.68,4.67,661.0,309224.0,4.67
601328.SH,2022-12-27,0.0,4.67,4.68,4.67,4837.0,2261820.0,4.671
601328.SH,2022-12-27,0.0,4.68,4.68,4.67,10951.0,5121540.0,4.672
601328.SH,2022-12-27,0.0,4.68,4.68,4.67,4064.0,1901860.0,4.673
601328.SH,2022-12-27,0.0,4.68,4.68,4.67,1887.0,882486.0,4.673
601328.SH,2022-12-27,0.0,4.68,4.68,4.67,4764.0,2229030.0,4.673
601328.SH,2022-12-27,0.0,4.67,4.68,4.67,1482.0,693221.0,4.673
601328.SH,2022-12-27,0.0,4.67,4.68,4.67,4623.0,2160380.0,4.673
601328.SH,2022-12-27,0.0,4.68,4.68,4.67,1214.0,567185.0,4.673
601328.SH,2022-12-27,0.0,4.68,4.68,4.67,426.0,199279.0,4.673
601328.SH,2022-12-27,0.0,4.67,4.68,4.67,1276.0,597025.0,4.673
601328.SH,2022-12-27,0.0,4.68,4.68,4.67,404.0,188893.0,4.673
601328.SH,2022-12-27,0.0,4.67,4.68,4.67,960.0,449123.0,4.673
601328.SH,2022-12-27,0.0,4.67,4.68,4.67,582.0,272262.0,4.674
601328.SH,2022-12-27,0.0,4.68,4.68,4.67,309.0,144466.0,4.674
601328.SH,2022-12-27,0.0,4.68,4.68,4.67,758.0,354130.0,4.674
601328.SH,2022-12-27,0.0,4.68,4.68,4.67,1536.0,718568.0,4.674
601328.SH,2022-12-27,0.0,4.68,4.68,4.67,4890.0,2286890.0,4.674
601328.SH,2022-12-27,0.0,4.68,4.68,4.67,2334.0,1092120.0,4.674
601328.SH,2022-12-27,0.0,4.67,4.68,4.67,1633.0,763912.0,4.674
601328.SH,2022-12-27,0.0,4.68,4.68,4.67,3341.0,1562070.0,4.674
601328.SH,2022-12-27,0.0,4.67,4.68,4.67,530.0,248023.0,4.674
601328.SH,2022-12-27,0.0,4.67,4.68,4.67,2349.0,1099210.0,4.674
601328.SH,2022-12-27,0.0,4.68,4.69,4.67,27194.0,12727700.0,4.676
601328.SH,2022-12-27,0.0,4.69,4.69,4.68,812.0,380339.0,4.676
601328.SH,2022-12-27,0.0,4.68,4.69,4.68,2706.0,1266840.0,4.676
601328.SH,2022-12-27,0.0,4.68,4.69,4.68,1514.0,709096.0,4.676
601328.SH,2022-12-27,0.0,4.69,4.69,4.68,824.0,386367.0,4.676
601328.SH,2022-12-27,0.0,4.68,4.69,4.68,1207.0,565605.0,4.676
601328.SH,2022-12-27,0.0,4.69,4.69,4.68,737.0,345663.0,4.676
601328.SH,2022-12-27,0.0,4.69,4.69,4.68,620.0,290301.0,4.676
601328.SH,2022-12-27,0.0,4.68,4.69,4.68,1991.0,933591.0,4.676
601328.SH,2022-12-27,0.0,4.68,4.69,4.68,726.0,340319.0,4.676
601328.SH,2022-12-27,0.0,4.68,4.69,4.68,541.0,253325.0,4.676
601328.SH,2022-12-27,0.0,4.69,4.69,4.68,1445.0,677075.0,4.677
601328.SH,2022-12-27,0.0,4.69,4.69,4.68,1457.0,683206.0,4.677
601328.SH,2022-12-27,0.0,4.69,4.69,4.68,1351.0,633461.0,4.677
601328.SH,2022-12-27,0.0,4.68,4.69,4.68,1655.0,775455.0,4.677
601328.SH,2022-12-27,0.0,4.69,4.69,4.68,550.0,257718.0,4.677
601328.SH,2022-12-27,0.0,4.69,4.69,4.68,818.0,383529.0,4.677
601328.SH,2022-12-27,0.0,4.68,4.69,4.68,641.0,300351.0,4.677
601328.SH,2022-12-27,0.0,4.68,4.69,4.68,658.0,308056.0,4.677
601328.SH,2022-12-27,0.0,4.68,4.69,4.68,2013.0,942377.0,4.677
601328.SH,2022-12-27,0.0,4.68,4.69,4.68,730.0,341993.0,4.677
601328.SH,2022-12-27,0.0,4.69,4.69,4.68,447.0,209517.0,4.677
601328.SH,2022-12-27,0.0,4.69,4.69,4.68,957.0,448716.0,4.677
601328.SH,2022-12-27,0.0,4.68,4.69,4.68,845.0,396217.0,4.677
601328.SH,2022-12-27,0.0,4.69,4.69,4.68,290.0,135819.0,4.677
601328.SH,2022-12-27,0.0,4.68,4.69,4.68,1277.0,598054.0,4.677
601328.SH,2022-12-27,0.0,4.69,4.69,4.68,842.0,394829.0,4.677
601328.SH,2022-12-27,0.0,4.69,4.69,4.68,782.0,366600.0,4.678
601328.SH,2022-12-27,0.0,4.68,4.69,4.68,990.0,463476.0,4.678
601328.SH,2022-12-27,0.0,4.68,4.69,4.68,2129.0,997714.0,4.678
601328.SH,2022-12-27,0.0,4.69,4.69,4.68,358.0,167686.0,4.678
601328.SH,2022-12-27,0.0,4.69,4.69,4.68,384.0,179779.0,4.678
601328.SH,2022-12-27,0.0,4.69,4.69,4.68,1054.0,493722.0,4.678
601328.SH,2022-12-27,0.0,4.68,4.69,4.68,1904.0,891380.0,4.678
601328.SH,2022-12-27,0.0,4.69,4.69,4.68,272.0,127322.0,4.678
601328.SH,2022-12-27,0.0,4.68,4.69,4.68,766.0,358736.0,4.678
601328.SH,2022-12-27,0.0,4.69,4.69,4.68,711.0,333103.0,4.678
601328.SH,2022-12-27,0.0,4.68,4.69,4.68,931.0,436554.0,4.678
601328.SH,2022-12-27,0.0,4.69,4.69,4.68,241.0,112954.0,4.678
601328.SH,2022-12-27,0.0,4.68,4.69,4.68,290.0,135858.0,4.678
601328.SH,2022-12-27,0.0,4.69,4.69,4.68,235.0,109987.0,4.678
601328.SH,2022-12-27,0.0,4.69,4.69,4.68,471.0,220705.0,4.678
601328.SH,2022-12-27,0.0,4.68,4.69,4.68,684.0,320601.0,4.678
601328.SH,2022-12-27,0.0,4.69,4.69,4.68,2205.0,1033450.0,4.678
601328.SH,2022-12-27,0.0,4.69,4.69,4.68,767.0,359365.0,4.678
601328.SH,2022-12-27,0.0,4.68,4.69,4.68,591.0,277068.0,4.678
601328.SH,2022-12-27,0.0,4.69,4.69,4.68,96.0,44952.0,4.678
601328.SH,2022-12-27,0.0,4.68,4.69,4.68,298.0,139722.0,4.678
601328.SH,2022-12-27,0.0,4.69,4.69,4.68,637.0,298535.0,4.678
601328.SH,2022-12-27,0.0,4.68,4.69,4.68,1994.0,933521.0,4.678
601328.SH,2022-12-27,0.0,4.69,4.69,4.68,1211.0,567733.0,4.678
601328.SH,2022-12-27,0.0,4.69,4.69,4.68,120.0,56194.0,4.678
601328.SH,2022-12-27,0.0,4.68,4.69,4.68,315.0,147580.0,4.678
601328.SH,2022-12-27,0.0,4.69,4.69,4.68,1020.0,477828.0,4.678
601328.SH,2022-12-27,0.0,4.68,4.69,4.68,156.0,73118.0,4.678
601328.SH,2022-12-27,0.0,4.68,4.69,4.68,49.0,22950.0,4.678
601328.SH,2022-12-27,0.0,4.69,4.69,4.68,3976.0,1862490.0,4.679
601328.SH,2022-12-27,0.0,4.69,4.69,4.68,1599.0,749305.0,4.679
601328.SH,2022-12-27,0.0,4.68,4.69,4.68,423.0,197924.0,4.679
601328.SH,2022-12-27,0.0,4.69,4.69,4.68,281.0,131663.0,4.679
601328.SH,2022-12-27,0.0,4.68,4.69,4.68,304.0,142229.0,4.679
601328.SH,2022-12-27,0.0,4.69,4.69,4.68,715.0,335232.0,4.679
601328.SH,2022-12-27,0.0,4.69,4.69,4.68,1970.0,923352.0,4.679
601328.SH,2022-12-27,0.0,4.69,4.69,4.68,356.0,166956.0,4.679
601328.SH,2022-12-27,0.0,4.69,4.69,4.68,556.0,260506.0,4.679
601328.SH,2022-12-27,0.0,4.69,4.69,4.68,613.0,287458.0,4.679
601328.SH,2022-12-27,0.0,4.69,4.69,4.68,903.0,423498.0,4.679
601328.SH,2022-12-27,0.0,4.69,4.69,4.68,5138.0,2409680.0,4.679
601328.SH,2022-12-27,0.0,4.68,4.69,4.68,1317.0,617515.0,4.679
601328.SH,2022-12-27,0.0,4.68,4.69,4.68,147.0,68833.0,4.679
601328.SH,2022-12-27,0.0,4.69,4.69,4.68,10.0,4683.0,4.679
601328.SH,2022-12-27,0.0,4.69,4.69,4.68,2200.0,1031720.0,4.679
601328.SH,2022-12-27,0.0,4.69,4.69,4.69,1559.0,731066.0,4.68
601328.SH,2022-12-27,0.0,4.68,4.69,4.68,742.0,347947.0,4.68
601328.SH,2022-12-27,0.0,4.69,4.69,4.68,1715.0,804274.0,4.68
601328.SH,2022-12-27,0.0,4.69,4.69,4.68,1189.0,557565.0,4.68
601328.SH,2022-12-27,0.0,4.69,4.69,4.68,1138.0,532876.0,4.68
601328.SH,2022-12-27,0.0,4.69,4.69,4.68,1959.0,918723.0,4.68
601328.SH,2022-12-27,0.0,4.69,4.69,4.68,895.0,419751.0,4.68
601328.SH,2022-12-27,0.0,4.69,4.69,4.68,1206.0,565398.0,4.68
601328.SH,2022-12-27,0.0,4.69,4.69,4.69,5191.0,2434570.0,4.68
601328.SH,2022-12-27,0.0,4.69,4.69,4.69,2021.0,947800.0,4.68
601328.SH,2022-12-27,0.0,4.69,4.69,4.68,3457.0,1621010.0,4.68
601328.SH,2022-12-27,0.0,4.68,4.69,4.68,973.0,456132.0,4.68
601328.SH,2022-12-27,0.0,4.69,4.69,4.68,2064.0,967772.0,4.681
601328.SH,2022-12-27,0.0,4.69,4.7,4.69,20347.0,9544830.0,4.681
601328.SH,2022-12-27,0.0,4.7,4.7,4.69,1902.0,892596.0,4.682
601328.SH,2022-12-27,0.0,4.7,4.7,4.69,1507.0,708250.0,4.682
601328.SH,2022-12-27,0.0,4.7,4.7,4.69,4191.0,1969540.0,4.682
601328.SH,2022-12-27,0.0,4.7,4.7,4.69,12862.0,6044720.0,4.683
601328.SH,2022-12-27,0.0,4.69,4.7,4.69,1256.0,590244.0,4.683
601328.SH,2022-12-27,0.0,4.7,4.7,4.69,618.0,290389.0,4.683
601328.SH,2022-12-27,0.0,4.69,4.7,4.69,2594.0,1219100.0,4.683
601328.SH,2022-12-27,0.0,4.7,4.7,4.69,3054.0,1435250.0,4.683
601328.SH,2022-12-27,0.0,4.7,4.7,4.69,1417.0,665963.0,4.683
601328.SH,2022-12-27,0.0,4.7,4.7,4.69,686.0,322264.0,4.683
601328.SH,2022-12-27,0.0,4.7,4.7,4.69,1114.0,523486.0,4.684
601328.SH,2022-12-27,0.0,4.7,4.7,4.69,2748.0,1289220.0,4.684
601328.SH,2022-12-27,0.0,4.69,4.7,4.69,523.0,245561.0,4.684
601328.SH,2022-12-27,0.0,4.69,4.7,4.69,553.0,259430.0,4.684
601328.SH,2022-12-27,0.0,4.7,4.7,4.69,565.0,265122.0,4.684
601328.SH,2022-12-27,0.0,4.69,4.7,4.69,4154.0,1948320.0,4.684
601328.SH,2022-12-27,0.0,4.69,4.7,4.69,9756.0,4576230.0,4.684
601328.SH,2022-12-27,0.0,4.69,4.7,4.69,436.0,204826.0,4.684
601328.SH,2022-12-27,0.0,4.69,4.7,4.69,1124.0,528272.0,4.684
601328.SH,2022-12-27,0.0,4.7,4.7,4.69,1122.0,527154.0,4.684
601328.SH,2022-12-27,0.0,4.69,4.7,4.69,677.0,317960.0,4.684
601328.SH,2022-12-27,0.0,4.7,4.7,4.69,543.0,254863.0,4.684
601328.SH,2022-12-27,0.0,4.7,4.7,4.69,1165.0,547482.0,4.684
601328.SH,2022-12-27,0.0,4.69,4.7,4.69,420.0,197354.0,4.684
601328.SH,2022-12-27,0.0,4.69,4.7,4.69,172.0,80782.0,4.684
601328.SH,2022-12-27,0.0,4.7,4.7,4.69,239.0,112154.0,4.684
601328.SH,2022-12-27,0.0,4.69,4.7,4.69,2144.0,1005950.0,4.684
601328.SH,2022-12-27,0.0,4.7,4.7,4.69,3395.0,1592490.0,4.684
601328.SH,2022-12-27,0.0,4.69,4.7,4.69,283.0,132777.0,4.684
601328.SH,2022-12-27,0.0,4.69,4.7,4.69,550.0,258007.0,4.684
601328.SH,2022-12-27,0.0,4.69,4.69,4.69,11995.0,5625570.0,4.685
601328.SH,2022-12-27,0.0,4.69,4.69,4.68,272.0,127497.0,4.685
601328.SH,2022-12-27,0.0,4.69,4.69,4.68,240.0,112519.0,4.685
601328.SH,2022-12-27,0.0,4.68,4.69,4.68,788.0,368906.0,4.685
601328.SH,2022-12-27,0.0,4.69,4.69,4.68,143.0,67067.0,4.685
601328.SH,2022-12-27,0.0,4.69,4.69,4.69,654.0,306726.0,4.685
601328.SH,2022-12-27,0.0,4.69,4.69,4.69,485.0,227465.0,4.685
601328.SH,2022-12-27,0.0,4.69,4.69,4.68,281.0,131710.0,4.685
601328.SH,2022-12-27,0.0,4.69,4.69,4.69,382.0,179158.0,4.685
601328.SH,2022-12-27,0.0,4.69,4.69,4.68,1962.0,920154.0,4.685
601328.SH,2022-12-27,0.0,4.68,4.69,4.68,578.0,271049.0,4.685
601328.SH,2022-12-27,0.0,4.69,4.69,4.68,82.0,38442.0,4.685
601328.SH,2022-12-27,0.0,4.69,4.69,4.68,236.0,110613.0,4.685
601328.SH,2022-12-27,0.0,4.69,4.69,4.69,212.0,99428.0,4.685
601328.SH,2022-12-27,0.0,4.69,4.69,4.68,384.0,180031.0,4.685
601328.SH,2022-12-27,0.0,4.69,4.69,4.68,656.0,307610.0,4.685
601328.SH,2022-12-27,0.0,4.69,4.69,4.69,830.0,389270.0,4.685
601328.SH,2022-12-27,0.0,4.69,4.69,4.69,2537.0,1189850.0,4.685
601328.SH,2022-12-27,0.0,4.69,4.69,4.69,1343.0,629227.0,4.685
601328.SH,2022-12-27,0.0,4.69,4.69,4.69,2446.0,1147170.0,4.685
601328.SH,2022-12-27,0.0,4.69,4.69,4.69,1126.0,528085.0,4.685
601328.SH,2022-12-27,0.0,4.69,4.69,4.68,1111.0,520911.0,4.685
601328.SH,2022-12-27,0.0,4.69,4.69,4.69,186.0,87234.0,4.685
601328.SH,2022-12-27,0.0,4.69,4.69,4.68,856.0,401463.0,4.685
601328.SH,2022-12-27,0.0,4.69,4.69,4.69,256.0,120064.0,4.685
601328.SH,2022-12-27,0.0,4.69,4.69,4.69,339.0,158983.0,4.685
601328.SH,2022-12-27,0.0,4.69,4.69,4.69,706.0,331114.0,4.685
601328.SH,2022-12-27,0.0,4.69,4.69,4.69,308.0,144452.0,4.685
601328.SH,2022-12-27,0.0,4.69,4.69,4.68,388.0,181883.0,4.685
601328.SH,2022-12-27,0.0,4.69,4.69,4.68,1361.0,638229.0,4.685
601328.SH,2022-12-27,0.0,4.69,4.69,4.69,293.0,137412.0,4.685
601328.SH,2022-12-27,0.0,4.69,4.69,4.69,774.0,363005.0,4.685
601328.SH,2022-12-27,0.0,4.69,4.69,4.68,632.0,296345.0,4.685
601328.SH,2022-12-27,0.0,4.69,4.69,4.68,335.0,156866.0,4.685
601328.SH,2022-12-27,0.0,4.68,4.69,4.68,1006.0,471122.0,4.685
601328.SH,2022-12-27,0.0,4.69,4.69,4.68,1456.0,682213.0,4.685
601328.SH,2022-12-27,0.0,4.68,4.69,4.68,224.0,104979.0,4.685
601328.SH,2022-12-27,0.0,4.69,4.69,4.68,175.0,82010.0,4.685
601328.SH,2022-12-27,0.0,4.69,4.69,4.68,1747.0,818133.0,4.685
601328.SH,2022-12-27,0.0,4.69,4.69,4.68,126.0,59033.0,4.685
601328.SH,2022-12-27,0.0,4.7,4.7,4.69,16102.0,7557670.0,4.685
601328.SH,2022-12-27,0.0,4.7,4.7,4.69,13392.0,6293150.0,4.686
601328.SH,2022-12-27,0.0,4.7,4.71,4.69,15817.0,7434090.0,4.686
601328.SH,2022-12-27,0.0,4.7,4.71,4.7,7189.0,3384070.0,4.687
601328.SH,2022-12-27,0.0,4.71,4.71,4.7,12299.0,5792670.0,4.688
601328.SH,2022-12-27,0.0,4.71,4.72,4.71,13417.0,6319130.0,4.688
601328.SH,2022-12-27,0.0,4.72,4.72,4.71,11574.0,5457110.0,4.689
601328.SH,2022-12-27,0.0,4.71,4.72,4.71,12999.0,6134210.0,4.69
601328.SH,2022-12-27,0.0,4.72,4.72,4.71,8322.0,3927910.0,4.69
601328.SH,2022-12-27,0.0,4.71,4.72,4.71,396.0,186771.0,4.69
601328.SH,2022-12-27,0.0,4.72,4.72,4.71,2987.0,1409440.0,4.691
601328.SH,2022-12-27,0.0,4.72,4.73,4.72,13055.0,6161750.0,4.691
601328.SH,2022-12-27,0.0,4.73,4.73,4.72,2424.0,1144240.0,4.692
601328.SH,2022-12-27,0.0,4.72,4.73,4.72,11658.0,5502610.0,4.692
601328.SH,2022-12-27,0.0,4.72,4.73,4.72,2765.0,1305290.0,4.692
601328.SH,2022-12-27,0.0,4.72,4.73,4.72,1747.0,824729.0,4.693
601328.SH,2022-12-27,0.0,4.73,4.73,4.72,955.0,451280.0,4.693
601328.SH,2022-12-27,0.0,4.72,4.73,4.72,1440.0,679953.0,4.693
601328.SH,2022-12-27,0.0,4.72,4.73,4.72,2294.0,1082730.0,4.693
601328.SH,2022-12-27,0.0,4.72,4.73,4.72,2647.0,1249960.0,4.693
601328.SH,2022-12-27,0.0,4.72,4.72,4.72,2040.0,962894.0,4.693
601328.SH,2022-12-27,0.0,4.72,4.73,4.72,3472.0,1638930.0,4.693
601328.SH,2022-12-27,0.0,4.72,4.73,4.71,5702.0,2691130.0,4.694
601328.SH,2022-12-27,0.0,4.72,4.72,4.72,2289.0,1080500.0,4.694
601328.SH,2022-12-27,0.0,4.72,4.73,4.72,1650.0,778930.0,4.694
601328.SH,2022-12-27,0.0,4.73,4.73,4.71,2278.0,1073780.0,4.694
601328.SH,2022-12-27,0.0,4.73,4.73,4.72,889.0,420000.0,4.694
601328.SH,2022-12-27,0.0,4.73,4.73,4.72,1496.0,706349.0,4.694
601328.SH,2022-12-27,0.0,4.72,4.72,4.72,2333.0,1101180.0,4.694
601328.SH,2022-12-27,0.0,4.72,4.73,4.72,2416.0,1140380.0,4.694
601328.SH,2022-12-27,0.0,4.73,4.73,4.72,5230.0,2468880.0,4.695
601328.SH,2022-12-27,0.0,4.72,4.73,4.72,384.0,181274.0,4.695
601328.SH,2022-12-27,0.0,4.73,4.73,4.72,1234.0,582660.0,4.695
601328.SH,2022-12-27,0.0,4.72,4.73,4.72,1429.0,674547.0,4.695
601328.SH,2022-12-27,0.0,4.73,4.73,4.72,1250.0,590163.0,4.695
601328.SH,2022-12-27,0.0,4.73,4.73,4.72,537.0,253561.0,4.695
601328.SH,2022-12-27,0.0,4.72,4.73,4.72,2715.0,1281780.0,4.695
601328.SH,2022-12-27,0.0,4.72,4.73,4.72,2373.0,1120430.0,4.695
601328.SH,2022-12-27,0.0,4.73,4.73,4.72,3906.0,1843760.0,4.695
601328.SH,2022-12-27,0.0,4.72,4.73,4.72,1401.0,661843.0,4.695
601328.SH,2022-12-27,0.0,4.72,4.73,4.72,844.0,398615.0,4.695
601328.SH,2022-12-27,0.0,4.72,4.73,4.72,1276.0,602459.0,4.695
601328.SH,2022-12-27,0.0,4.73,4.73,4.72,928.0,438274.0,4.695
601328.SH,2022-12-27,0.0,4.73,4.73,4.72,7016.0,3311830.0,4.696
601328.SH,2022-12-27,0.0,4.73,4.73,4.72,1132.0,534402.0,4.696
601328.SH,2022-12-27,0.0,4.72,4.73,4.72,712.0,336290.0,4.696
601328.SH,2022-12-27,0.0,4.72,4.73,4.72,1126.0,531887.0,4.696
601328.SH,2022-12-27,0.0,4.72,4.73,4.72,3694.0,1744250.0,4.696
601328.SH,2022-12-27,0.0,4.72,4.73,4.72,7884.0,3721910.0,4.696
601328.SH,2022-12-27,0.0,4.71,4.73,4.71,4066.0,1919360.0,4.697
601328.SH,2022-12-27,0.0,4.71,4.71,4.71,0.0,0.0,4.697
601328.SH,2022-12-27,0.0,4.71,4.71,4.71,0.0,0.0,4.697
601328.SH,2022-12-27,0.0,4.71,4.71,4.71,5438.0,2561300.0,4.697
601328.SH,2022-12-28,0.0,4.71,4.71,4.71,2903.0,1367310.0,4.71
601328.SH,2022-12-28,0.0,4.71,4.72,4.7,7868.0,3706200.0,4.71
601328.SH,2022-12-28,0.0,4.72,4.72,4.71,2884.0,1359620.0,4.711
601328.SH,2022-12-28,0.0,4.72,4.72,4.71,11400.0,5380480.0,4.715
601328.SH,2022-12-28,0.0,4.72,4.73,4.72,9783.0,4619060.0,4.717
601328.SH,2022-12-28,0.0,4.72,4.73,4.72,2057.0,972026.0,4.717
601328.SH,2022-12-28,0.0,4.73,4.73,4.72,13414.0,6344290.0,4.721
601328.SH,2022-12-28,0.0,4.73,4.73,4.72,4088.0,1933460.0,4.721
601328.SH,2022-12-28,0.0,4.73,4.73,4.72,1869.0,883328.0,4.722
601328.SH,2022-12-28,0.0,4.73,4.73,4.72,2799.0,1323740.0,4.722
601328.SH,2022-12-28,0.0,4.73,4.73,4.72,3447.0,1629090.0,4.722
601328.SH,2022-12-28,0.0,4.72,4.73,4.72,928.0,438639.0,4.722
601328.SH,2022-12-28,0.0,4.73,4.73,4.72,503.0,237707.0,4.722
601328.SH,2022-12-28,0.0,4.73,4.73,4.72,1018.0,481237.0,4.722
601328.SH,2022-12-28,0.0,4.72,4.73,4.72,2119.0,1001870.0,4.722
601328.SH,2022-12-28,0.0,4.73,4.73,4.72,3116.0,1473580.0,4.723
601328.SH,2022-12-28,0.0,4.73,4.73,4.72,1207.0,570456.0,4.723
601328.SH,2022-12-28,0.0,4.72,4.73,4.72,1208.0,570744.0,4.723
601328.SH,2022-12-28,0.0,4.73,4.73,4.72,959.0,452805.0,4.723
601328.SH,2022-12-28,0.0,4.72,4.73,4.72,531.0,251024.0,4.723
601328.SH,2022-12-28,0.0,4.73,4.73,4.72,709.0,335162.0,4.723
601328.SH,2022-12-28,0.0,4.73,4.73,4.72,1318.0,622996.0,4.723
601328.SH,2022-12-28,0.0,4.73,4.73,4.72,4015.0,1895730.0,4.723
601328.SH,2022-12-28,0.0,4.73,4.73,4.72,3144.0,1484270.0,4.723
601328.SH,2022-12-28,0.0,4.73,4.73,4.72,1059.0,500601.0,4.723
601328.SH,2022-12-28,0.0,4.73,4.73,4.72,1782.0,842467.0,4.723
601328.SH,2022-12-28,0.0,4.73,4.73,4.72,466.0,219935.0,4.723
601328.SH,2022-12-28,0.0,4.72,4.73,4.72,952.0,449811.0,4.723
601328.SH,2022-12-28,0.0,4.72,4.73,4.72,7652.0,3612420.0,4.723
601328.SH,2022-12-28,0.0,4.73,4.73,4.72,4106.0,1939440.0,4.723
601328.SH,2022-12-28,0.0,4.73,4.73,4.72,998.0,471860.0,4.723
601328.SH,2022-12-28,0.0,4.72,4.73,4.72,1755.0,829558.0,4.723
601328.SH,2022-12-28,0.0,4.72,4.73,4.72,637.0,300959.0,4.723
601328.SH,2022-12-28,0.0,4.73,4.73,4.72,1344.0,635097.0,4.723
601328.SH,2022-12-28,0.0,4.73,4.73,4.72,3060.0,1446900.0,4.723
601328.SH,2022-12-28,0.0,4.72,4.73,4.72,1151.0,543635.0,4.723
601328.SH,2022-12-28,0.0,4.72,4.73,4.72,4483.0,2120050.0,4.723
601328.SH,2022-12-28,0.0,4.73,4.73,4.72,687.0,324730.0,4.723
601328.SH,2022-12-28,0.0,4.73,4.73,4.72,929.0,439056.0,4.723
601328.SH,2022-12-28,0.0,4.73,4.73,4.72,1357.0,640733.0,4.723
601328.SH,2022-12-28,0.0,4.73,4.73,4.72,1152.0,544568.0,4.724
601328.SH,2022-12-28,0.0,4.73,4.73,4.72,1272.0,600546.0,4.723
601328.SH,2022-12-28,0.0,4.72,4.73,4.72,1360.0,642468.0,4.723
601328.SH,2022-12-28,0.0,4.73,4.73,4.72,1775.0,839238.0,4.724
601328.SH,2022-12-28,0.0,4.73,4.73,4.72,1148.0,542651.0,4.724
601328.SH,2022-12-28,0.0,4.73,4.73,4.72,9557.0,4519520.0,4.724
601328.SH,2022-12-28,0.0,4.73,4.74,4.73,43487.0,20595000.0,4.727
601328.SH,2022-12-28,0.0,4.73,4.74,4.73,533.0,252297.0,4.727
601328.SH,2022-12-28,0.0,4.74,4.74,4.73,752.0,356140.0,4.727
601328.SH,2022-12-28,0.0,4.73,4.74,4.73,1434.0,679278.0,4.727
601328.SH,2022-12-28,0.0,4.73,4.74,4.73,2349.0,1113090.0,4.727
601328.SH,2022-12-28,0.0,4.74,4.74,4.73,23981.0,11366800.0,4.729
601328.SH,2022-12-28,0.0,4.74,4.75,4.73,13210.0,6261800.0,4.729
601328.SH,2022-12-28,0.0,4.74,4.75,4.74,2687.0,1274120.0,4.73
601328.SH,2022-12-28,0.0,4.74,4.75,4.74,1843.0,873985.0,4.73
601328.SH,2022-12-28,0.0,4.75,4.75,4.74,984.0,467148.0,4.73
601328.SH,2022-12-28,0.0,4.75,4.75,4.74,1220.0,579166.0,4.73
601328.SH,2022-12-28,0.0,4.75,4.75,4.74,755.0,358351.0,4.73
601328.SH,2022-12-28,0.0,4.75,4.75,4.74,4775.0,2265340.0,4.73
601328.SH,2022-12-28,0.0,4.74,4.75,4.74,1467.0,696353.0,4.73
601328.SH,2022-12-28,0.0,4.75,4.75,4.74,1609.0,762862.0,4.73
601328.SH,2022-12-28,0.0,4.74,4.75,4.74,4993.0,2366780.0,4.731
601328.SH,2022-12-28,0.0,4.74,4.75,4.74,6996.0,3316080.0,4.731
601328.SH,2022-12-28,0.0,4.73,4.74,4.73,1187.0,562250.0,4.731
601328.SH,2022-12-28,0.0,4.73,4.75,4.73,9479.0,4492790.0,4.731
601328.SH,2022-12-28,0.0,4.73,4.74,4.73,3846.0,1819400.0,4.731
601328.SH,2022-12-28,0.0,4.73,4.74,4.73,648.0,306556.0,4.731
601328.SH,2022-12-28,0.0,4.74,4.74,4.73,802.0,379932.0,4.731
601328.SH,2022-12-28,0.0,4.74,4.74,4.73,721.0,341420.0,4.731
601328.SH,2022-12-28,0.0,4.73,4.74,4.73,993.0,470147.0,4.731
601328.SH,2022-12-28,0.0,4.74,4.74,4.73,1913.0,906420.0,4.731
601328.SH,2022-12-28,0.0,4.74,4.74,4.73,424.0,200894.0,4.731
601328.SH,2022-12-28,0.0,4.73,4.74,4.73,939.0,444996.0,4.731
601328.SH,2022-12-28,0.0,4.74,4.74,4.73,997.0,471811.0,4.731
601328.SH,2022-12-28,0.0,4.74,4.74,4.73,658.0,311785.0,4.731
601328.SH,2022-12-28,0.0,4.74,4.74,4.73,1790.0,848015.0,4.731
601328.SH,2022-12-28,0.0,4.74,4.74,4.73,1114.0,527889.0,4.731
601328.SH,2022-12-28,0.0,4.73,4.74,4.73,852.0,403556.0,4.731
601328.SH,2022-12-28,0.0,4.74,4.74,4.73,543.0,257187.0,4.731
601328.SH,2022-12-28,0.0,4.74,4.74,4.73,950.0,449856.0,4.731
601328.SH,2022-12-28,0.0,4.74,4.74,4.73,571.0,270579.0,4.732
601328.SH,2022-12-28,0.0,4.73,4.74,4.73,645.0,305627.0,4.732
601328.SH,2022-12-28,0.0,4.73,4.74,4.73,996.0,471813.0,4.732
601328.SH,2022-12-28,0.0,4.74,4.74,4.73,605.0,286572.0,4.732
601328.SH,2022-12-28,0.0,4.73,4.74,4.73,3217.0,1523920.0,4.732
601328.SH,2022-12-28,0.0,4.74,4.74,4.73,861.0,407988.0,4.732
601328.SH,2022-12-28,0.0,4.73,4.74,4.73,856.0,405371.0,4.732
601328.SH,2022-12-28,0.0,4.74,4.74,4.73,638.0,302093.0,4.732
601328.SH,2022-12-28,0.0,4.74,4.74,4.73,2656.0,1256930.0,4.732
601328.SH,2022-12-28,0.0,4.73,4.74,4.73,1095.0,518266.0,4.732
601328.SH,2022-12-28,0.0,4.74,4.74,4.73,1326.0,628335.0,4.732
601328.SH,2022-12-28,0.0,4.73,4.74,4.73,1137.0,538729.0,4.732
601328.SH,2022-12-28,0.0,4.73,4.74,4.73,728.0,344443.0,4.732
601328.SH,2022-12-28,0.0,4.73,4.74,4.73,533.0,252477.0,4.732
601328.SH,2022-12-28,0.0,4.74,4.74,4.73,1311.0,621334.0,4.732
601328.SH,2022-12-28,0.0,4.74,4.74,4.73,409.0,193802.0,4.732
601328.SH,2022-12-28,0.0,4.74,4.74,4.73,846.0,400890.0,4.732
601328.SH,2022-12-28,0.0,4.74,4.74,4.73,1939.0,919026.0,4.732
601328.SH,2022-12-28,0.0,4.73,4.74,4.73,768.0,363523.0,4.732
601328.SH,2022-12-28,0.0,4.74,4.74,4.73,435.0,206127.0,4.732
601328.SH,2022-12-28,0.0,4.73,4.74,4.73,699.0,330960.0,4.732
601328.SH,2022-12-28,0.0,4.73,4.74,4.73,2657.0,1259290.0,4.732
601328.SH,2022-12-28,0.0,4.74,4.74,4.73,401.0,189964.0,4.732
601328.SH,2022-12-28,0.0,4.74,4.74,4.73,1145.0,542667.0,4.732
601328.SH,2022-12-28,0.0,4.74,4.75,4.73,5515.0,2614070.0,4.732
601328.SH,2022-12-28,0.0,4.73,4.74,4.73,889.0,421331.0,4.732
601328.SH,2022-12-28,0.0,4.74,4.74,4.73,1033.0,489602.0,4.732
601328.SH,2022-12-28,0.0,4.74,4.74,4.73,391.0,185277.0,4.732
601328.SH,2022-12-28,0.0,4.73,4.74,4.73,937.0,443693.0,4.732
601328.SH,2022-12-28,0.0,4.73,4.74,4.73,1450.0,687222.0,4.732
601328.SH,2022-12-28,0.0,4.74,4.74,4.73,3130.0,1483560.0,4.732
601328.SH,2022-12-28,0.0,4.74,4.75,4.73,1868.0,885519.0,4.732
601328.SH,2022-12-28,0.0,4.74,4.75,4.74,1120.0,531475.0,4.732
601328.SH,2022-12-28,0.0,4.75,4.75,4.74,798.0,378859.0,4.732
601328.SH,2022-12-28,0.0,4.74,4.75,4.74,718.0,340785.0,4.732
601328.SH,2022-12-28,0.0,4.75,4.75,4.74,2945.0,1398360.0,4.733
601328.SH,2022-12-28,0.0,4.74,4.75,4.74,375.0,177860.0,4.733
601328.SH,2022-12-28,0.0,4.74,4.75,4.74,592.0,280945.0,4.733
601328.SH,2022-12-28,0.0,4.74,4.75,4.74,3598.0,1706020.0,4.733
601328.SH,2022-12-28,0.0,4.75,4.75,4.74,3104.0,1472130.0,4.733
601328.SH,2022-12-28,0.0,4.74,4.75,4.74,1497.0,710372.0,4.733
601328.SH,2022-12-28,0.0,4.74,4.75,4.74,4597.0,2182230.0,4.733
601328.SH,2022-12-28,0.0,4.74,4.75,4.74,342.0,162174.0,4.733
601328.SH,2022-12-28,0.0,4.75,4.75,4.74,236.0,112053.0,4.733
601328.SH,2022-12-28,0.0,4.75,4.75,4.74,1425.0,676852.0,4.733
601328.SH,2022-12-28,0.0,4.74,4.75,4.74,605.0,287207.0,4.733
601328.SH,2022-12-28,0.0,4.75,4.75,4.74,3044.0,1443140.0,4.733
601328.SH,2022-12-28,0.0,4.74,4.75,4.74,957.0,454152.0,4.733
601328.SH,2022-12-28,0.0,4.75,4.75,4.74,492.0,233363.0,4.733
601328.SH,2022-12-28,0.0,4.75,4.75,4.74,1123.0,532609.0,4.733
601328.SH,2022-12-28,0.0,4.75,4.75,4.74,1432.0,679575.0,4.733
601328.SH,2022-12-28,0.0,4.75,4.75,4.74,2320.0,1101710.0,4.734
601328.SH,2022-12-28,0.0,4.74,4.75,4.74,489.0,232017.0,4.734
601328.SH,2022-12-28,0.0,4.75,4.75,4.74,627.0,297484.0,4.734
601328.SH,2022-12-28,0.0,4.74,4.75,4.74,1933.0,916814.0,4.734
601328.SH,2022-12-28,0.0,4.75,4.75,4.74,2099.0,996605.0,4.734
601328.SH,2022-12-28,0.0,4.74,4.75,4.74,3714.0,1761330.0,4.734
601328.SH,2022-12-28,0.0,4.75,4.75,4.74,1032.0,489631.0,4.734
601328.SH,2022-12-28,0.0,4.74,4.75,4.74,2174.0,1031420.0,4.734
601328.SH,2022-12-28,0.0,4.74,4.75,4.74,2805.0,1329760.0,4.734
601328.SH,2022-12-28,0.0,4.75,4.75,4.74,3556.0,1686180.0,4.734
601328.SH,2022-12-28,0.0,4.75,4.75,4.74,3469.0,1645900.0,4.734
601328.SH,2022-12-28,0.0,4.75,4.75,4.74,1302.0,617519.0,4.734
601328.SH,2022-12-28,0.0,4.74,4.75,4.74,510.0,242019.0,4.734
601328.SH,2022-12-28,0.0,4.74,4.75,4.74,3014.0,1431290.0,4.734
601328.SH,2022-12-28,0.0,4.74,4.75,4.74,1643.0,780048.0,4.734
601328.SH,2022-12-28,0.0,4.75,4.75,4.74,654.0,310242.0,4.734
601328.SH,2022-12-28,0.0,4.75,4.75,4.74,13866.0,6572920.0,4.735
601328.SH,2022-12-28,0.0,4.74,4.75,4.74,521.0,246970.0,4.735
601328.SH,2022-12-28,0.0,4.75,4.75,4.74,363.0,172120.0,4.735
601328.SH,2022-12-28,0.0,4.74,4.75,4.74,1074.0,509788.0,4.735
601328.SH,2022-12-28,0.0,4.75,4.75,4.74,1065.0,505499.0,4.735
601328.SH,2022-12-28,0.0,4.74,4.75,4.74,1256.0,595925.0,4.735
601328.SH,2022-12-28,0.0,4.74,4.75,4.74,1189.0,563783.0,4.735
601328.SH,2022-12-28,0.0,4.74,4.75,4.74,5716.0,2713980.0,4.735
601328.SH,2022-12-28,0.0,4.75,4.75,4.74,3996.0,1894460.0,4.735
601328.SH,2022-12-28,0.0,4.74,4.75,4.74,977.0,463439.0,4.735
601328.SH,2022-12-28,0.0,4.75,4.75,4.74,2650.0,1257040.0,4.735
601328.SH,2022-12-28,0.0,4.75,4.75,4.74,394.0,186824.0,4.735
601328.SH,2022-12-28,0.0,4.74,4.75,4.74,821.0,389170.0,4.735
601328.SH,2022-12-28,0.0,4.74,4.75,4.73,1214.0,575754.0,4.735
601328.SH,2022-12-28,0.0,4.74,4.75,4.74,2017.0,956830.0,4.735
601328.SH,2022-12-28,0.0,4.74,4.75,4.73,478.0,226587.0,4.735
601328.SH,2022-12-28,0.0,4.74,4.75,4.74,588.0,278788.0,4.735
601328.SH,2022-12-28,0.0,4.74,4.75,4.74,853.0,404397.0,4.735
601328.SH,2022-12-28,0.0,4.74,4.75,4.73,494.0,234201.0,4.735
601328.SH,2022-12-28,0.0,4.74,4.75,4.73,2530.0,1198710.0,4.735
601328.SH,2022-12-28,0.0,4.74,4.74,4.73,358.0,169610.0,4.735
601328.SH,2022-12-28,0.0,4.73,4.74,4.73,794.0,376187.0,4.735
601328.SH,2022-12-28,0.0,4.73,4.74,4.73,498.0,235878.0,4.735
601328.SH,2022-12-28,0.0,4.74,4.74,4.73,282.0,133535.0,4.735
601328.SH,2022-12-28,0.0,4.74,4.74,4.73,1987.0,941669.0,4.735
601328.SH,2022-12-28,0.0,4.74,4.74,4.73,858.0,406417.0,4.735
601328.SH,2022-12-28,0.0,4.75,4.75,4.74,883.0,418943.0,4.735
601328.SH,2022-12-28,0.0,4.74,4.75,4.74,842.0,399622.0,4.735
601328.SH,2022-12-28,0.0,4.75,4.75,4.74,539.0,255683.0,4.735
601328.SH,2022-12-28,0.0,4.74,4.75,4.73,1780.0,843725.0,4.735
601328.SH,2022-12-28,0.0,4.73,4.74,4.73,1309.0,620262.0,4.735
601328.SH,2022-12-28,0.0,4.74,4.74,4.73,955.0,452470.0,4.735
601328.SH,2022-12-28,0.0,4.74,4.74,4.73,430.0,203695.0,4.735
601328.SH,2022-12-28,0.0,4.73,4.74,4.73,595.0,281814.0,4.735
601328.SH,2022-12-28,0.0,4.74,4.74,4.73,1626.0,770488.0,4.735
601328.SH,2022-12-28,0.0,4.74,4.75,4.73,7590.0,3596720.0,4.735
601328.SH,2022-12-28,0.0,4.74,4.75,4.74,1043.0,494900.0,4.735
601328.SH,2022-12-28,0.0,4.74,4.75,4.74,1154.0,547562.0,4.735
601328.SH,2022-12-28,0.0,4.74,4.75,4.74,368.0,174571.0,4.735
601328.SH,2022-12-28,0.0,4.74,4.75,4.74,435.0,206420.0,4.735
601328.SH,2022-12-28,0.0,4.74,4.75,4.74,510.0,241779.0,4.735
601328.SH,2022-12-28,0.0,4.74,4.75,4.74,2358.0,1118580.0,4.735
601328.SH,2022-12-28,0.0,4.74,4.75,4.73,1167.0,553315.0,4.735
601328.SH,2022-12-28,0.0,4.74,4.75,4.74,1326.0,628998.0,4.736
601328.SH,2022-12-28,0.0,4.74,4.75,4.74,2507.0,1188920.0,4.736
601328.SH,2022-12-28,0.0,4.75,4.75,4.74,1020.0,483631.0,4.736
601328.SH,2022-12-28,0.0,4.74,4.75,4.74,1750.0,830782.0,4.736
601328.SH,2022-12-28,0.0,4.74,4.75,4.74,1738.0,824327.0,4.736
601328.SH,2022-12-28,0.0,4.74,4.75,4.74,1668.0,790475.0,4.736
601328.SH,2022-12-28,0.0,4.75,4.75,4.74,2611.0,1239800.0,4.736
601328.SH,2022-12-28,0.0,4.74,4.75,4.74,832.0,395024.0,4.736
601328.SH,2022-12-28,0.0,4.74,4.75,4.74,566.0,268546.0,4.736
601328.SH,2022-12-28,0.0,4.74,4.75,4.74,1054.0,500198.0,4.736
601328.SH,2022-12-28,0.0,4.74,4.75,4.74,567.0,268941.0,4.736
601328.SH,2022-12-28,0.0,4.74,4.75,4.74,1375.0,652901.0,4.736
601328.SH,2022-12-28,0.0,4.74,4.75,4.74,3060.0,1452420.0,4.736
601328.SH,2022-12-28,0.0,4.74,4.75,4.74,945.0,448411.0,4.736
601328.SH,2022-12-28,0.0,4.74,4.75,4.74,5467.0,2595790.0,4.736
601328.SH,2022-12-28,0.0,4.74,4.75,4.74,1634.0,775392.0,4.736
601328.SH,2022-12-28,0.0,4.74,4.75,4.74,1366.0,648608.0,4.736
601328.SH,2022-12-28,0.0,4.74,4.75,4.74,791.0,375211.0,4.736
601328.SH,2022-12-28,0.0,4.74,4.75,4.74,1426.0,676224.0,4.736
601328.SH,2022-12-28,0.0,4.75,4.75,4.74,870.0,413049.0,4.736
601328.SH,2022-12-28,0.0,4.75,4.75,4.74,826.0,392111.0,4.736
601328.SH,2022-12-28,0.0,4.74,4.75,4.74,1205.0,572147.0,4.736
601328.SH,2022-12-28,0.0,4.74,4.75,4.74,1295.0,614596.0,4.736
601328.SH,2022-12-28,0.0,4.75,4.75,4.74,1367.0,648512.0,4.736
601328.SH,2022-12-28,0.0,4.75,4.75,4.74,2982.0,1415950.0,4.736
601328.SH,2022-12-28,0.0,4.75,4.75,4.74,1251.0,593774.0,4.736
601328.SH,2022-12-28,0.0,4.75,4.75,4.74,2769.0,1314390.0,4.736
601328.SH,2022-12-28,0.0,4.75,4.75,4.74,1475.0,700288.0,4.736
601328.SH,2022-12-28,0.0,4.74,4.75,4.74,767.0,364029.0,4.736
601328.SH,2022-12-28,0.0,4.74,4.75,4.74,654.0,310502.0,4.736
601328.SH,2022-12-28,0.0,4.74,4.75,4.74,1180.0,560134.0,4.737
601328.SH,2022-12-28,0.0,4.75,4.75,4.74,2543.0,1205970.0,4.737
601328.SH,2022-12-28,0.0,4.75,4.75,4.74,989.0,469201.0,4.737
601328.SH,2022-12-28,0.0,4.74,4.75,4.74,856.0,406179.0,4.737
601328.SH,2022-12-28,0.0,4.75,4.75,4.74,17648.0,8382400.0,4.737
601328.SH,2022-12-28,0.0,4.74,4.75,4.74,808.0,383324.0,4.737
601328.SH,2022-12-28,0.0,4.74,4.75,4.74,3022.0,1432960.0,4.737
601328.SH,2022-12-28,0.0,4.74,4.75,4.74,2007.0,952753.0,4.737
601328.SH,2022-12-28,0.0,4.75,4.75,4.74,1858.0,881199.0,4.737
601328.SH,2022-12-28,0.0,4.74,4.75,4.74,881.0,418010.0,4.737
601328.SH,2022-12-28,0.0,4.75,4.75,4.74,3217.0,1527530.0,4.737
601328.SH,2022-12-28,0.0,4.74,4.75,4.74,1442.0,684550.0,4.737
601328.SH,2022-12-28,0.0,4.74,4.75,4.74,6049.0,2872730.0,4.737
601328.SH,2022-12-28,0.0,4.74,4.75,4.74,2650.0,1258330.0,4.737
601328.SH,2022-12-28,0.0,4.75,4.75,4.74,2978.0,1412770.0,4.737
601328.SH,2022-12-28,0.0,4.74,4.75,4.74,6131.0,2906870.0,4.738
601328.SH,2022-12-28,0.0,4.74,4.75,4.74,1709.0,811187.0,4.738
601328.SH,2022-12-28,0.0,4.75,4.75,4.74,1326.0,629273.0,4.738
601328.SH,2022-12-28,0.0,4.74,4.74,4.74,400.0,189600.0,4.738
601328.SH,2022-12-28,0.0,4.74,4.74,4.74,0.0,0.0,4.738
601328.SH,2022-12-28,0.0,4.75,4.75,4.75,13646.0,6481850.0,4.738
601328.SH,2022-12-29,0.0,4.74,4.74,4.74,5334.0,2528320.0,4.74
601328.SH,2022-12-29,0.0,4.73,4.76,4.73,28464.0,13488800.0,4.739
601328.SH,2022-12-29,0.0,4.72,4.73,4.72,11293.0,5337780.0,4.736
601328.SH,2022-12-29,0.0,4.73,4.73,4.72,3356.0,1587040.0,4.736
601328.SH,2022-12-29,0.0,4.72,4.73,4.72,6025.0,2844080.0,4.734
601328.SH,2022-12-29,0.0,4.72,4.73,4.72,3152.0,1487990.0,4.733
601328.SH,2022-12-29,0.0,4.72,4.73,4.72,1158.0,547444.0,4.733
601328.SH,2022-12-29,0.0,4.72,4.73,4.72,23980.0,11320000.0,4.729
601328.SH,2022-12-29,0.0,4.72,4.72,4.71,2107.0,993866.0,4.729
601328.SH,2022-12-29,0.0,4.72,4.72,4.71,1186.0,559357.0,4.729
601328.SH,2022-12-29,0.0,4.71,4.72,4.71,8188.0,3857220.0,4.727
601328.SH,2022-12-29,0.0,4.7,4.71,4.7,28627.0,13477800.0,4.723
601328.SH,2022-12-29,0.0,4.71,4.71,4.7,8967.0,4222910.0,4.722
601328.SH,2022-12-29,0.0,4.71,4.71,4.7,3858.0,1816340.0,4.722
601328.SH,2022-12-29,0.0,4.7,4.71,4.7,5391.0,2538100.0,4.721
601328.SH,2022-12-29,0.0,4.71,4.71,4.7,7247.0,3410980.0,4.72
601328.SH,2022-12-29,0.0,4.7,4.71,4.7,2585.0,1215910.0,4.72
601328.SH,2022-12-29,0.0,4.71,4.72,4.7,22031.0,10368200.0,4.718
601328.SH,2022-12-29,0.0,4.7,4.71,4.7,570.0,268025.0,4.718
601328.SH,2022-12-29,0.0,4.72,4.72,4.7,5442.0,2563300.0,4.718
601328.SH,2022-12-29,0.0,4.71,4.72,4.71,829.0,390543.0,4.718
601328.SH,2022-12-29,0.0,4.72,4.72,4.71,1369.0,645240.0,4.718
601328.SH,2022-12-29,0.0,4.72,4.72,4.71,631.0,297459.0,4.718
601328.SH,2022-12-29,0.0,4.72,4.72,4.71,4121.0,1941820.0,4.718
601328.SH,2022-12-29,0.0,4.72,4.72,4.71,1631.0,769062.0,4.718
601328.SH,2022-12-29,0.0,4.71,4.71,4.71,12197.0,5744850.0,4.717
601328.SH,2022-12-29,0.0,4.71,4.71,4.7,16097.0,7581510.0,4.717
601328.SH,2022-12-29,0.0,4.71,4.72,4.71,2333.0,1098430.0,4.717
601328.SH,2022-12-29,0.0,4.71,4.72,4.71,726.0,342113.0,4.717
601328.SH,2022-12-29,0.0,4.71,4.72,4.71,1607.0,757246.0,4.717
601328.SH,2022-12-29,0.0,4.71,4.72,4.71,1843.0,868822.0,4.717
601328.SH,2022-12-29,0.0,4.71,4.71,4.71,1724.0,812079.0,4.717
601328.SH,2022-12-29,0.0,4.73,4.73,4.71,7446.0,3514370.0,4.717
601328.SH,2022-12-29,0.0,4.72,4.73,4.71,1639.0,773519.0,4.717
601328.SH,2022-12-29,0.0,4.72,4.73,4.72,2079.0,981428.0,4.717
601328.SH,2022-12-29,0.0,4.73,4.73,4.72,2455.0,1159220.0,4.717
601328.SH,2022-12-29,0.0,4.72,4.73,4.72,1500.0,708316.0,4.717
601328.SH,2022-12-29,0.0,4.72,4.73,4.72,581.0,274341.0,4.717
601328.SH,2022-12-29,0.0,4.72,4.73,4.72,1317.0,622019.0,4.717
601328.SH,2022-12-29,0.0,4.72,4.73,4.72,1115.0,526726.0,4.717
601328.SH,2022-12-29,0.0,4.72,4.72,4.72,1103.0,520616.0,4.717
601328.SH,2022-12-29,0.0,4.72,4.73,4.72,6415.0,3031180.0,4.717
601328.SH,2022-12-29,0.0,4.73,4.73,4.72,1619.0,764439.0,4.717
601328.SH,2022-12-29,0.0,4.73,4.73,4.72,826.0,390002.0,4.717
601328.SH,2022-12-29,0.0,4.72,4.73,4.72,880.0,415557.0,4.717
601328.SH,2022-12-29,0.0,4.73,4.73,4.72,1064.0,502415.0,4.717
601328.SH,2022-12-29,0.0,4.73,4.73,4.72,1208.0,570609.0,4.717
601328.SH,2022-12-29,0.0,4.72,4.73,4.72,2163.0,1021270.0,4.717
601328.SH,2022-12-29,0.0,4.73,4.73,4.72,1104.0,521489.0,4.717
601328.SH,2022-12-29,0.0,4.73,4.73,4.72,583.0,275380.0,4.717
601328.SH,2022-12-29,0.0,4.72,4.73,4.72,1232.0,581656.0,4.717
601328.SH,2022-12-29,0.0,4.72,4.73,4.72,1089.0,514629.0,4.717
601328.SH,2022-12-29,0.0,4.72,4.73,4.72,2106.0,995749.0,4.717
601328.SH,2022-12-29,0.0,4.73,4.73,4.72,659.0,311271.0,4.717
601328.SH,2022-12-29,0.0,4.72,4.73,4.72,893.0,421766.0,4.717
601328.SH,2022-12-29,0.0,4.72,4.73,4.72,7059.0,3332020.0,4.718
601328.SH,2022-12-29,0.0,4.72,4.73,4.72,11488.0,5422930.0,4.718
601328.SH,2022-12-29,0.0,4.73,4.73,4.72,2441.0,1153980.0,4.718
601328.SH,2022-12-29,0.0,4.74,4.74,4.73,15910.0,7525520.0,4.718
601328.SH,2022-12-29,0.0,4.73,4.74,4.73,1711.0,810045.0,4.719
601328.SH,2022-12-29,0.0,4.74,4.74,4.72,1586.0,750997.0,4.719
601328.SH,2022-12-29,0.0,4.73,4.74,4.73,2294.0,1086720.0,4.719
601328.SH,2022-12-29,0.0,4.74,4.74,4.73,1823.0,863532.0,4.719
601328.SH,2022-12-29,0.0,4.74,4.74,4.73,3567.0,1690260.0,4.719
601328.SH,2022-12-29,0.0,4.74,4.74,4.73,4007.0,1899060.0,4.719
601328.SH,2022-12-29,0.0,4.73,4.74,4.73,1090.0,516420.0,4.719
601328.SH,2022-12-29,0.0,4.73,4.74,4.73,1073.0,508335.0,4.719
601328.SH,2022-12-29,0.0,4.73,4.74,4.73,448.0,212095.0,4.719
601328.SH,2022-12-29,0.0,4.73,4.74,4.73,1422.0,673109.0,4.72
601328.SH,2022-12-29,0.0,4.73,4.74,4.73,503.0,238015.0,4.72
601328.SH,2022-12-29,0.0,4.74,4.74,4.73,965.0,456819.0,4.72
601328.SH,2022-12-29,0.0,4.73,4.74,4.73,1129.0,534497.0,4.72
601328.SH,2022-12-29,0.0,4.73,4.74,4.73,881.0,417289.0,4.72
601328.SH,2022-12-29,0.0,4.74,4.74,4.73,1545.0,731487.0,4.72
601328.SH,2022-12-29,0.0,4.73,4.74,4.73,1955.0,925506.0,4.72
601328.SH,2022-12-29,0.0,4.74,4.74,4.73,1449.0,686383.0,4.72
601328.SH,2022-12-29,0.0,4.74,4.74,4.73,877.0,415422.0,4.72
601328.SH,2022-12-29,0.0,4.74,4.74,4.73,11955.0,5654890.0,4.72
601328.SH,2022-12-29,0.0,4.73,4.74,4.73,518.0,245194.0,4.72
601328.SH,2022-12-29,0.0,4.73,4.73,4.73,441.0,208632.0,4.72
601328.SH,2022-12-29,0.0,4.72,4.73,4.72,953.0,450546.0,4.72
601328.SH,2022-12-29,0.0,4.73,4.73,4.72,1201.0,567508.0,4.72
601328.SH,2022-12-29,0.0,4.72,4.73,4.72,894.0,422455.0,4.72
601328.SH,2022-12-29,0.0,4.73,4.73,4.72,1024.0,483917.0,4.72
601328.SH,2022-12-29,0.0,4.72,4.73,4.72,940.0,444259.0,4.72
601328.SH,2022-12-29,0.0,4.72,4.73,4.72,1340.0,633614.0,4.72
601328.SH,2022-12-29,0.0,4.73,4.74,4.72,2727.0,1289950.0,4.721
601328.SH,2022-12-29,0.0,4.73,4.74,4.73,887.0,420010.0,4.721
601328.SH,2022-12-29,0.0,4.73,4.74,4.73,923.0,436655.0,4.721
601328.SH,2022-12-29,0.0,4.73,4.74,4.73,1311.0,620660.0,4.721
601328.SH,2022-12-29,0.0,4.74,4.74,4.73,560.0,265084.0,4.721
601328.SH,2022-12-29,0.0,4.73,4.74,4.73,1211.0,573530.0,4.721
601328.SH,2022-12-29,0.0,4.73,4.74,4.73,5551.0,2625780.0,4.721
601328.SH,2022-12-29,0.0,4.73,4.74,4.73,1017.0,481284.0,4.721
601328.SH,2022-12-29,0.0,4.73,4.73,4.73,515.0,243679.0,4.721
601328.SH,2022-12-29,0.0,4.72,4.73,4.72,1564.0,739578.0,4.721
601328.SH,2022-12-29,0.0,4.73,4.73,4.72,633.0,299172.0,4.721
601328.SH,2022-12-29,0.0,4.73,4.73,4.72,1324.0,625592.0,4.721
601328.SH,2022-12-29,0.0,4.73,4.73,4.72,601.0,283932.0,4.721
601328.SH,2022-12-29,0.0,4.72,4.73,4.72,624.0,294811.0,4.721
601328.SH,2022-12-29,0.0,4.73,4.73,4.72,629.0,296958.0,4.721
601328.SH,2022-12-29,0.0,4.72,4.73,4.72,831.0,392436.0,4.721
601328.SH,2022-12-29,0.0,4.72,4.73,4.72,8373.0,3952240.0,4.721
601328.SH,2022-12-29,0.0,4.71,4.72,4.71,14139.0,6669070.0,4.721
601328.SH,2022-12-29,0.0,4.71,4.72,4.71,2915.0,1373840.0,4.721
601328.SH,2022-12-29,0.0,4.72,4.73,4.71,2711.0,1280010.0,4.721
601328.SH,2022-12-29,0.0,4.72,4.73,4.71,2561.0,1209400.0,4.721
601328.SH,2022-12-29,0.0,4.71,4.72,4.71,2057.0,969650.0,4.721
601328.SH,2022-12-29,0.0,4.71,4.72,4.71,1934.0,911851.0,4.721
601328.SH,2022-12-29,0.0,4.72,4.72,4.71,1274.0,600859.0,4.721
601328.SH,2022-12-29,0.0,4.71,4.72,4.71,1478.0,696698.0,4.721
601328.SH,2022-12-29,0.0,4.71,4.72,4.71,10251.0,4829160.0,4.72
601328.SH,2022-12-29,0.0,4.71,4.72,4.71,2343.0,1104400.0,4.72
601328.SH,2022-12-29,0.0,4.72,4.72,4.71,1348.0,635710.0,4.72
601328.SH,2022-12-29,0.0,4.72,4.72,4.71,1402.0,661132.0,4.72
601328.SH,2022-12-29,0.0,4.72,4.72,4.71,867.0,408862.0,4.72
601328.SH,2022-12-29,0.0,4.72,4.72,4.71,892.0,420827.0,4.72
601328.SH,2022-12-29,0.0,4.72,4.72,4.71,1030.0,485975.0,4.72
601328.SH,2022-12-29,0.0,4.71,4.72,4.71,1015.0,478782.0,4.72
601328.SH,2022-12-29,0.0,4.72,4.72,4.71,1128.0,532053.0,4.72
601328.SH,2022-12-29,0.0,4.72,4.72,4.71,1261.0,594870.0,4.72
601328.SH,2022-12-29,0.0,4.71,4.72,4.71,1930.0,910371.0,4.72
601328.SH,2022-12-29,0.0,4.72,4.72,4.71,1521.0,717204.0,4.72
601328.SH,2022-12-29,0.0,4.72,4.72,4.71,1505.0,709878.0,4.72
601328.SH,2022-12-29,0.0,4.72,4.72,4.71,2142.0,1010400.0,4.72
601328.SH,2022-12-29,0.0,4.71,4.72,4.71,1435.0,676699.0,4.72
601328.SH,2022-12-29,0.0,4.71,4.72,4.71,1768.0,833220.0,4.72
601328.SH,2022-12-29,0.0,4.72,4.72,4.71,3093.0,1459370.0,4.72
601328.SH,2022-12-29,0.0,4.71,4.72,4.71,2118.0,998700.0,4.72
601328.SH,2022-12-29,0.0,4.72,4.72,4.71,1591.0,750793.0,4.72
601328.SH,2022-12-29,0.0,4.72,4.72,4.71,4280.0,2020200.0,4.72
601328.SH,2022-12-29,0.0,4.72,4.72,4.71,1606.0,757794.0,4.72
601328.SH,2022-12-29,0.0,4.72,4.72,4.71,1077.0,508132.0,4.72
601328.SH,2022-12-29,0.0,4.72,4.72,4.71,1033.0,487391.0,4.72
601328.SH,2022-12-29,0.0,4.71,4.72,4.71,1504.0,709707.0,4.72
601328.SH,2022-12-29,0.0,4.72,4.72,4.71,1486.0,701108.0,4.72
601328.SH,2022-12-29,0.0,4.72,4.72,4.71,912.0,430242.0,4.72
601328.SH,2022-12-29,0.0,4.72,4.72,4.71,1121.0,528923.0,4.72
601328.SH,2022-12-29,0.0,4.72,4.72,4.71,1350.0,637018.0,4.72
601328.SH,2022-12-29,0.0,4.72,4.72,4.71,2398.0,1131670.0,4.72
601328.SH,2022-12-29,0.0,4.72,4.72,4.71,1616.0,762604.0,4.72
601328.SH,2022-12-29,0.0,4.72,4.72,4.71,1701.0,802695.0,4.72
601328.SH,2022-12-29,0.0,4.71,4.72,4.71,4461.0,2105200.0,4.72
601328.SH,2022-12-29,0.0,4.72,4.72,4.71,1673.0,789481.0,4.72
601328.SH,2022-12-29,0.0,4.72,4.73,4.71,1846.0,871881.0,4.72
601328.SH,2022-12-29,0.0,4.73,4.73,4.72,1537.0,726252.0,4.72
601328.SH,2022-12-29,0.0,4.72,4.73,4.71,891.0,420414.0,4.72
601328.SH,2022-12-29,0.0,4.72,4.72,4.71,1320.0,622844.0,4.72
601328.SH,2022-12-29,0.0,4.72,4.73,4.71,4163.0,1965530.0,4.72
601328.SH,2022-12-29,0.0,4.73,4.73,4.72,1938.0,916148.0,4.72
601328.SH,2022-12-29,0.0,4.72,4.73,4.72,1216.0,574065.0,4.72
601328.SH,2022-12-29,0.0,4.72,4.73,4.71,1944.0,918990.0,4.72
601328.SH,2022-12-29,0.0,4.73,4.73,4.72,985.0,465707.0,4.72
601328.SH,2022-12-29,0.0,4.72,4.73,4.72,1240.0,586350.0,4.72
601328.SH,2022-12-29,0.0,4.73,4.73,4.72,996.0,470900.0,4.72
601328.SH,2022-12-29,0.0,4.73,4.73,4.72,998.0,471799.0,4.72
601328.SH,2022-12-29,0.0,4.73,4.73,4.72,1373.0,648581.0,4.72
601328.SH,2022-12-29,0.0,4.73,4.73,4.72,3774.0,1782900.0,4.72
601328.SH,2022-12-29,0.0,4.72,4.73,4.72,1080.0,510487.0,4.72
601328.SH,2022-12-29,0.0,4.72,4.73,4.72,932.0,440640.0,4.72
601328.SH,2022-12-29,0.0,4.73,4.73,4.72,1388.0,656256.0,4.72
601328.SH,2022-12-29,0.0,4.72,4.73,4.72,7209.0,3403060.0,4.72
601328.SH,2022-12-29,0.0,4.71,4.72,4.71,1595.0,752459.0,4.72
601328.SH,2022-12-29,0.0,4.72,4.72,4.71,1948.0,918493.0,4.72
601328.SH,2022-12-29,0.0,4.72,4.72,4.71,1375.0,648516.0,4.72
601328.SH,2022-12-29,0.0,4.72,4.72,4.71,1239.0,584641.0,4.72
601328.SH,2022-12-29,0.0,4.72,4.72,4.71,1127.0,531713.0,4.72
601328.SH,2022-12-29,0.0,4.72,4.72,4.71,534.0,251865.0,4.72
601328.SH,2022-12-29,0.0,4.72,4.72,4.71,1612.0,760116.0,4.72
601328.SH,2022-12-29,0.0,4.71,4.72,4.71,2392.0,1128760.0,4.72
601328.SH,2022-12-29,0.0,4.72,4.72,4.71,2129.0,1003660.0,4.72
601328.SH,2022-12-29,0.0,4.71,4.72,4.71,1225.0,578014.0,4.72
601328.SH,2022-12-29,0.0,4.72,4.72,4.71,1376.0,648662.0,4.72
601328.SH,2022-12-29,0.0,4.72,4.72,4.71,1246.0,587727.0,4.72
601328.SH,2022-12-29,0.0,4.72,4.72,4.71,1170.0,551901.0,4.72
601328.SH,2022-12-29,0.0,4.71,4.72,4.71,3373.0,1591780.0,4.72
601328.SH,2022-12-29,0.0,4.72,4.72,4.71,1551.0,731748.0,4.72
601328.SH,2022-12-29,0.0,4.71,4.72,4.71,1174.0,553565.0,4.72
601328.SH,2022-12-29,0.0,4.71,4.72,4.71,1931.0,911029.0,4.72
601328.SH,2022-12-29,0.0,4.72,4.72,4.71,1382.0,652066.0,4.72
601328.SH,2022-12-29,0.0,4.72,4.72,4.71,1133.0,534531.0,4.72
601328.SH,2022-12-29,0.0,4.72,4.72,4.71,2526.0,1191220.0,4.72
601328.SH,2022-12-29,0.0,4.72,4.72,4.71,5258.0,2477860.0,4.72
601328.SH,2022-12-29,0.0,4.71,4.72,4.71,1025.0,483572.0,4.72
601328.SH,2022-12-29,0.0,4.71,4.72,4.71,3208.0,1513900.0,4.72
601328.SH,2022-12-29,0.0,4.72,4.72,4.71,1856.0,875721.0,4.72
601328.SH,2022-12-29,0.0,4.72,4.73,4.71,1739.0,820766.0,4.72
601328.SH,2022-12-29,0.0,4.71,4.72,4.71,1704.0,804003.0,4.72
601328.SH,2022-12-29,0.0,4.72,4.72,4.71,1377.0,649270.0,4.72
601328.SH,2022-12-29,0.0,4.71,4.72,4.71,809.0,381569.0,4.72
601328.SH,2022-12-29,0.0,4.72,4.72,4.71,1700.0,802141.0,4.72
601328.SH,2022-12-29,0.0,4.71,4.72,4.71,1239.0,584613.0,4.72
601328.SH,2022-12-29,0.0,4.72,4.72,4.71,1999.0,943487.0,4.72
601328.SH,2022-12-29,0.0,4.73,4.73,4.72,6268.0,2959360.0,4.72
601328.SH,2022-12-29,0.0,4.73,4.73,4.72,2948.0,1392900.0,4.72
601328.SH,2022-12-29,0.0,4.73,4.73,4.72,1369.0,647104.0,4.72
601328.SH,2022-12-29,0.0,4.73,4.73,4.72,1081.0,510932.0,4.72
601328.SH,2022-12-29,0.0,4.73,4.73,4.73,2227.0,1053350.0,4.72
601328.SH,2022-12-29,0.0,4.73,4.73,4.72,1587.0,750398.0,4.72
601328.SH,2022-12-29,0.0,4.73,4.73,4.73,8318.0,3934540.0,4.72
601328.SH,2022-12-29,0.0,4.73,4.73,4.72,818.0,386907.0,4.72
601328.SH,2022-12-29,0.0,4.73,4.74,4.72,2067.0,978340.0,4.72
601328.SH,2022-12-29,0.0,4.73,4.74,4.73,1575.0,744941.0,4.72
601328.SH,2022-12-29,0.0,4.73,4.73,4.72,960.0,453793.0,4.72
601328.SH,2022-12-29,0.0,4.73,4.74,4.72,1317.0,623047.0,4.72
601328.SH,2022-12-29,0.0,4.73,4.73,4.72,1347.0,636908.0,4.72
601328.SH,2022-12-29,0.0,4.73,4.73,4.72,3942.0,1862500.0,4.721
601328.SH,2022-12-29,0.0,4.72,4.73,4.72,12639.0,5967780.0,4.721
601328.SH,2022-12-29,0.0,4.72,4.72,4.71,2391.0,1128810.0,4.721
601328.SH,2022-12-29,0.0,4.73,4.73,4.72,20518.0,9685460.0,4.721
601328.SH,2022-12-29,0.0,4.71,4.73,4.71,1371.0,647547.0,4.721
601328.SH,2022-12-29,0.0,4.72,4.72,4.71,1959.0,924538.0,4.721
601328.SH,2022-12-29,0.0,4.73,4.73,4.71,3444.0,1625990.0,4.721
601328.SH,2022-12-29,0.0,4.72,4.72,4.71,10206.0,4809090.0,4.72
601328.SH,2022-12-29,0.0,4.71,4.72,4.71,2067.0,975450.0,4.72
601328.SH,2022-12-29,0.0,4.72,4.72,4.71,1853.0,874357.0,4.72
601328.SH,2022-12-29,0.0,4.72,4.72,4.71,1410.0,665257.0,4.72
601328.SH,2022-12-29,0.0,4.71,4.72,4.71,1400.0,660716.0,4.72
601328.SH,2022-12-29,0.0,4.72,4.72,4.71,1780.0,839937.0,4.72
601328.SH,2022-12-29,0.0,4.71,4.72,4.71,2357.0,1111760.0,4.72
601328.SH,2022-12-29,0.0,4.72,4.72,4.71,17415.0,8204060.0,4.72
601328.SH,2022-12-29,0.0,4.72,4.72,4.71,1444.0,681082.0,4.72
601328.SH,2022-12-29,0.0,4.71,4.72,4.71,1291.0,608964.0,4.72
601328.SH,2022-12-29,0.0,4.72,4.72,4.71,2133.0,1005650.0,4.72
601328.SH,2022-12-29,0.0,4.71,4.72,4.71,4048.0,1909260.0,4.72
601328.SH,2022-12-29,0.0,4.72,4.72,4.71,2449.0,1154990.0,4.72
601328.SH,2022-12-29,0.0,4.72,4.72,4.71,3800.0,1791880.0,4.72
601328.SH,2022-12-29,0.0,4.72,4.72,4.71,3712.0,1750080.0,4.72
601328.SH,2022-12-29,0.0,4.71,4.72,4.71,4155.0,1959060.0,4.72
601328.SH,2022-12-29,0.0,4.71,4.72,4.71,2788.0,1314160.0,4.72
601328.SH,2022-12-29,0.0,4.72,4.72,4.71,3222.0,1518860.0,4.72
601328.SH,2022-12-29,0.0,4.72,4.72,4.71,2900.0,1367870.0,4.72
601328.SH,2022-12-29,0.0,4.72,4.72,4.71,3904.0,1842400.0,4.72
601328.SH,2022-12-29,0.0,4.72,4.72,4.71,2177.0,1027410.0,4.72
601328.SH,2022-12-29,0.0,4.73,4.73,4.71,24889.0,11737900.0,4.72
601328.SH,2022-12-29,0.0,4.73,4.73,4.72,1447.0,684040.0,4.72
601328.SH,2022-12-29,0.0,4.72,4.73,4.72,763.0,360762.0,4.72
601328.SH,2022-12-29,0.0,4.72,4.73,4.72,908.0,429053.0,4.72
601328.SH,2022-12-29,0.0,4.72,4.72,4.72,14.0,6608.0,4.72
601328.SH,2022-12-29,0.0,4.72,4.72,4.72,0.0,0.0,4.72
601328.SH,2022-12-29,0.0,4.71,4.71,4.71,19519.0,9193450.0,4.72
601328.SH,2022-12-30,4.73,4.73,4.73,4.73,3054.0,1444540.0,4.73
601328.SH,2022-12-30,4.73,4.74,4.74,4.72,6164.0,2916760.0,4.731
601328.SH,2022-12-30,4.74,4.74,4.74,4.73,1380.0,653981.0,4.732
601328.SH,2022-12-30,4.74,4.74,4.75,4.73,17066.0,8090830.0,4.738
601328.SH,2022-12-30,4.74,4.75,4.75,4.74,3636.0,1726390.0,4.739
601328.SH,2022-12-30,4.74,4.74,4.75,4.74,31559.0,14954800.0,4.739
601328.SH,2022-12-30,4.74,4.73,4.74,4.73,1925.0,911314.0,4.739
601328.SH,2022-12-30,4.74,4.73,4.74,4.73,2556.0,1209750.0,4.738
601328.SH,2022-12-30,4.74,4.74,4.74,4.73,3826.0,1813420.0,4.739
601328.SH,2022-12-30,4.74,4.74,4.74,4.73,895.0,424134.0,4.739
601328.SH,2022-12-30,4.74,4.74,4.74,4.73,2139.0,1013440.0,4.739
601328.SH,2022-12-30,4.74,4.73,4.74,4.73,1386.0,656437.0,4.738
601328.SH,2022-12-30,4.73,4.73,4.74,4.73,28020.0,13254300.0,4.736
601328.SH,2022-12-30,4.73,4.73,4.74,4.72,15209.0,7197190.0,4.736
601328.SH,2022-12-30,4.73,4.72,4.73,4.72,3836.0,1810690.0,4.735
601328.SH,2022-12-30,4.72,4.73,4.73,4.72,1603.0,758091.0,4.735
601328.SH,2022-12-30,4.73,4.72,4.73,4.72,677.0,319998.0,4.735
601328.SH,2022-12-30,4.73,4.73,4.74,4.73,19049.0,9017880.0,4.735
601328.SH,2022-12-30,4.73,4.74,4.74,4.73,3850.0,1824700.0,4.735
601328.SH,2022-12-30,4.74,4.73,4.74,4.73,6200.0,2938690.0,4.735
601328.SH,2022-12-30,4.73,4.74,4.74,4.73,733.0,347384.0,4.735
601328.SH,2022-12-30,4.74,4.74,4.74,4.73,1137.0,538411.0,4.735
601328.SH,2022-12-30,4.74,4.74,4.74,4.73,1361.0,644546.0,4.735
601328.SH,2022-12-30,4.74,4.74,4.74,4.73,586.0,277436.0,4.735
601328.SH,2022-12-30,4.74,4.73,4.74,4.73,2267.0,1072630.0,4.735
601328.SH,2022-12-30,4.74,4.74,4.74,4.73,298.0,141088.0,4.735
601328.SH,2022-12-30,4.73,4.74,4.74,4.73,1294.0,612532.0,4.735
601328.SH,2022-12-30,4.74,4.74,4.74,4.73,11164.0,5280740.0,4.735
601328.SH,2022-12-30,4.74,4.73,4.74,4.73,1874.0,886976.0,4.735
601328.SH,2022-12-30,4.73,4.74,4.74,4.73,1635.0,774842.0,4.735
601328.SH,2022-12-30,4.74,4.74,4.74,4.73,1412.0,669252.0,4.735
601328.SH,2022-12-30,4.73,4.73,4.74,4.73,466.0,220762.0,4.735
601328.SH,2022-12-30,4.74,4.74,4.74,4.73,393.0,186073.0,4.735
601328.SH,2022-12-30,4.73,4.73,4.74,4.73,475.0,224856.0,4.735
601328.SH,2022-12-30,4.73,4.73,4.74,4.73,1274.0,603565.0,4.735
601328.SH,2022-12-30,4.74,4.74,4.74,4.73,791.0,374767.0,4.735
601328.SH,2022-12-30,4.73,4.73,4.74,4.73,710.0,336257.0,4.735
601328.SH,2022-12-30,4.73,4.73,4.74,4.73,2014.0,953171.0,4.735
601328.SH,2022-12-30,4.74,4.73,4.74,4.73,2508.0,1187370.0,4.735
601328.SH,2022-12-30,4.73,4.73,4.74,4.73,852.0,403614.0,4.735
601328.SH,2022-12-30,4.74,4.74,4.74,4.73,895.0,423982.0,4.735
601328.SH,2022-12-30,4.74,4.74,4.74,4.73,1708.0,809539.0,4.735
601328.SH,2022-12-30,4.74,4.73,4.74,4.73,690.0,326790.0,4.735
601328.SH,2022-12-30,4.73,4.73,4.74,4.73,709.0,336000.0,4.735
601328.SH,2022-12-30,4.73,4.73,4.74,4.73,486.0,230289.0,4.735
601328.SH,2022-12-30,4.74,4.73,4.74,4.73,1270.0,601042.0,4.735
601328.SH,2022-12-30,4.73,4.73,4.74,4.73,2088.0,989560.0,4.735
601328.SH,2022-12-30,4.73,4.73,4.74,4.73,1099.0,520209.0,4.735
601328.SH,2022-12-30,4.73,4.73,4.74,4.73,1010.0,477932.0,4.735
601328.SH,2022-12-30,4.74,4.74,4.74,4.73,910.0,430880.0,4.735
601328.SH,2022-12-30,4.73,4.73,4.74,4.73,8345.0,3947970.0,4.735
601328.SH,2022-12-30,4.74,4.73,4.74,4.73,3044.0,1440370.0,4.735
601328.SH,2022-12-30,4.74,4.74,4.74,4.73,3561.0,1684480.0,4.735
601328.SH,2022-12-30,4.73,4.73,4.74,4.73,1021.0,483084.0,4.735
601328.SH,2022-12-30,4.73,4.73,4.74,4.73,3870.0,1830660.0,4.735
601328.SH,2022-12-30,4.73,4.72,4.74,4.72,3207.0,1517070.0,4.735
601328.SH,2022-12-30,4.73,4.73,4.73,4.72,1158.0,547584.0,4.735
601328.SH,2022-12-30,4.73,4.72,4.73,4.72,1611.0,761466.0,4.735
601328.SH,2022-12-30,4.72,4.73,4.73,4.72,2648.0,1252340.0,4.735
601328.SH,2022-12-30,4.73,4.73,4.73,4.72,1126.0,532477.0,4.734
601328.SH,2022-12-30,4.73,4.73,4.73,4.72,3649.0,1725840.0,4.734
601328.SH,2022-12-30,4.73,4.74,4.74,4.72,10570.0,5004730.0,4.734
601328.SH,2022-12-30,4.74,4.73,4.74,4.73,405.0,191891.0,4.734
601328.SH,2022-12-30,4.74,4.73,4.74,4.73,172.0,81438.0,4.734
601328.SH,2022-12-30,4.74,4.73,4.74,4.73,514.0,243557.0,4.734
601328.SH,2022-12-30,4.73,4.74,4.74,4.73,785.0,372009.0,4.734
601328.SH,2022-12-30,4.73,4.73,4.74,4.73,413.0,195673.0,4.734
601328.SH,2022-12-30,4.74,4.73,4.74,4.73,1674.0,793343.0,4.735
601328.SH,2022-12-30,4.74,4.74,4.74,4.73,576.0,272921.0,4.735
601328.SH,2022-12-30,4.74,4.74,4.74,4.73,413.0,195516.0,4.735
601328.SH,2022-12-30,4.74,4.74,4.74,4.73,552.0,261521.0,4.735
601328.SH,2022-12-30,4.74,4.73,4.74,4.73,980.0,464465.0,4.735
601328.SH,2022-12-30,4.74,4.74,4.74,4.73,612.0,289824.0,4.735
601328.SH,2022-12-30,4.74,4.73,4.74,4.73,649.0,307537.0,4.735
601328.SH,2022-12-30,4.74,4.73,4.74,4.73,697.0,329907.0,4.735
601328.SH,2022-12-30,4.74,4.74,4.74,4.73,1474.0,698520.0,4.735
601328.SH,2022-12-30,4.74,4.74,4.74,4.73,1044.0,494723.0,4.735
601328.SH,2022-12-30,4.73,4.73,4.74,4.73,475.0,224937.0,4.735
601328.SH,2022-12-30,4.73,4.74,4.74,4.73,781.0,370047.0,4.735
601328.SH,2022-12-30,4.74,4.73,4.74,4.73,1920.0,910001.0,4.735
601328.SH,2022-12-30,4.74,4.73,4.74,4.73,6974.0,3305440.0,4.735
601328.SH,2022-12-30,4.73,4.73,4.74,4.73,623.0,295007.0,4.735
601328.SH,2022-12-30,4.74,4.73,4.74,4.73,1106.0,524028.0,4.735
601328.SH,2022-12-30,4.73,4.74,4.74,4.73,916.0,433910.0,4.735
601328.SH,2022-12-30,4.74,4.73,4.74,4.73,1034.0,489758.0,4.735
601328.SH,2022-12-30,4.74,4.74,4.74,4.73,894.0,423685.0,4.735
601328.SH,2022-12-30,4.74,4.74,4.74,4.73,685.0,324567.0,4.735
601328.SH,2022-12-30,4.73,4.73,4.74,4.73,351.0,166316.0,4.735
601328.SH,2022-12-30,4.74,4.75,4.75,4.74,63849.0,30266200.0,4.736
601328.SH,2022-12-30,4.75,4.74,4.75,4.74,956.0,453754.0,4.736
601328.SH,2022-12-30,4.74,4.75,4.75,4.74,1009.0,478823.0,4.736
601328.SH,2022-12-30,4.75,4.75,4.75,4.74,1067.0,506594.0,4.736
601328.SH,2022-12-30,4.74,4.75,4.75,4.74,511.0,242675.0,4.736
601328.SH,2022-12-30,4.75,4.75,4.75,4.74,877.0,416195.0,4.736
601328.SH,2022-12-30,4.75,4.74,4.75,4.74,1888.0,896785.0,4.736
601328.SH,2022-12-30,4.75,4.75,4.75,4.74,1777.0,844021.0,4.736
601328.SH,2022-12-30,4.74,4.75,4.75,4.74,1304.0,619051.0,4.736
601328.SH,2022-12-30,4.74,4.75,4.75,4.74,10318.0,4900810.0,4.737
601328.SH,2022-12-30,4.75,4.76,4.76,4.75,40814.0,19387400.0,4.738
601328.SH,2022-12-30,4.75,4.75,4.76,4.75,1173.0,558114.0,4.738
601328.SH,2022-12-30,4.75,4.76,4.76,4.75,2014.0,957159.0,4.738
601328.SH,2022-12-30,4.75,4.75,4.76,4.75,4502.0,2141970.0,4.738
601328.SH,2022-12-30,4.75,4.75,4.76,4.75,1199.0,570201.0,4.738
601328.SH,2022-12-30,4.75,4.76,4.76,4.75,1900.0,903408.0,4.739
601328.SH,2022-12-30,4.76,4.75,4.76,4.75,1941.0,923320.0,4.739
601328.SH,2022-12-30,4.76,4.76,4.76,4.75,1003.0,476592.0,4.739
601328.SH,2022-12-30,4.76,4.76,4.76,4.75,1022.0,485967.0,4.739
601328.SH,2022-12-30,4.76,4.76,4.76,4.75,2936.0,1396850.0,4.739
601328.SH,2022-12-30,4.76,4.76,4.76,4.75,1592.0,756917.0,4.739
601328.SH,2022-12-30,4.76,4.76,4.76,4.75,5597.0,2663430.0,4.739
601328.SH,2022-12-30,4.75,4.76,4.76,4.75,1324.0,629366.0,4.739
601328.SH,2022-12-30,4.76,4.76,4.76,4.75,991.0,470957.0,4.739
601328.SH,2022-12-30,4.76,4.76,4.76,4.75,1495.0,711471.0,4.739
601328.SH,2022-12-30,4.76,4.76,4.76,4.75,1489.0,708039.0,4.739
601328.SH,2022-12-30,4.76,4.75,4.76,4.75,1418.0,674319.0,4.739
601328.SH,2022-12-30,4.75,4.76,4.76,4.75,962.0,457481.0,4.739
601328.SH,2022-12-30,4.76,4.75,4.76,4.75,1034.0,491739.0,4.739
601328.SH,2022-12-30,4.76,4.76,4.76,4.76,7200.0,3426690.0,4.74
601328.SH,2022-12-30,4.75,4.76,4.76,4.75,1631.0,775770.0,4.74
601328.SH,2022-12-30,4.75,4.75,4.76,4.75,1781.0,847462.0,4.74
601328.SH,2022-12-30,4.75,4.76,4.76,4.75,3229.0,1536570.0,4.74
601328.SH,2022-12-30,4.75,4.76,4.76,4.75,4606.0,2191240.0,4.74
601328.SH,2022-12-30,4.75,4.75,4.76,4.75,694.0,329811.0,4.74
601328.SH,2022-12-30,4.75,4.76,4.76,4.75,2534.0,1204810.0,4.74
601328.SH,2022-12-30,4.76,4.76,4.76,4.75,1618.0,768881.0,4.74
601328.SH,2022-12-30,4.75,4.75,4.76,4.75,1419.0,674217.0,4.74
601328.SH,2022-12-30,4.76,4.76,4.76,4.75,14040.0,6670250.0,4.741
601328.SH,2022-12-30,4.76,4.74,4.76,4.74,5368.0,2547550.0,4.741
601328.SH,2022-12-30,4.74,4.75,4.75,4.74,2567.0,1217140.0,4.741
601328.SH,2022-12-30,4.75,4.75,4.75,4.74,345.0,163773.0,4.741
601328.SH,2022-12-30,4.74,4.75,4.75,4.74,3708.0,1758710.0,4.741
601328.SH,2022-12-30,4.75,4.75,4.76,4.74,5864.0,2783460.0,4.741
601328.SH,2022-12-30,4.75,4.75,4.76,4.74,5992.0,2846210.0,4.741
601328.SH,2022-12-30,4.75,4.75,4.76,4.74,4781.0,2271070.0,4.741
601328.SH,2022-12-30,4.76,4.75,4.76,4.75,906.0,430728.0,4.741
601328.SH,2022-12-30,4.76,4.75,4.76,4.75,1009.0,479635.0,4.741
601328.SH,2022-12-30,4.76,4.75,4.76,4.75,6264.0,2975630.0,4.741
601328.SH,2022-12-30,4.75,4.73,4.75,4.73,33367.0,15816400.0,4.741
601328.SH,2022-12-30,4.73,4.73,4.74,4.73,1849.0,875562.0,4.741
601328.SH,2022-12-30,4.74,4.74,4.74,4.73,999.0,473114.0,4.741
601328.SH,2022-12-30,4.74,4.75,4.75,4.73,10226.0,4847520.0,4.741
601328.SH,2022-12-30,4.75,4.75,4.75,4.74,1332.0,631861.0,4.741
601328.SH,2022-12-30,4.75,4.75,4.75,4.74,1134.0,538106.0,4.741
601328.SH,2022-12-30,4.74,4.75,4.75,4.74,995.0,471888.0,4.741
601328.SH,2022-12-30,4.75,4.75,4.75,4.74,2713.0,1288080.0,4.741
601328.SH,2022-12-30,4.75,4.75,4.75,4.74,1445.0,685371.0,4.741
601328.SH,2022-12-30,4.74,4.74,4.75,4.74,1078.0,511337.0,4.741
601328.SH,2022-12-30,4.74,4.75,4.75,4.74,858.0,406851.0,4.741
601328.SH,2022-12-30,4.74,4.75,4.75,4.74,2881.0,1366870.0,4.741
601328.SH,2022-12-30,4.75,4.74,4.75,4.74,1195.0,566972.0,4.741
601328.SH,2022-12-30,4.75,4.74,4.75,4.74,920.0,436425.0,4.741
601328.SH,2022-12-30,4.74,4.75,4.75,4.74,542.0,257099.0,4.741
601328.SH,2022-12-30,4.75,4.75,4.75,4.74,923.0,438310.0,4.741
601328.SH,2022-12-30,4.75,4.75,4.75,4.74,1087.0,515827.0,4.741
601328.SH,2022-12-30,4.75,4.75,4.75,4.74,877.0,416352.0,4.741
601328.SH,2022-12-30,4.75,4.75,4.75,4.74,1188.0,563882.0,4.741
601328.SH,2022-12-30,4.75,4.75,4.75,4.74,666.0,316100.0,4.741
601328.SH,2022-12-30,4.75,4.75,4.75,4.74,1012.0,480566.0,4.741
601328.SH,2022-12-30,4.75,4.74,4.75,4.74,2722.0,1290930.0,4.741
601328.SH,2022-12-30,4.75,4.74,4.75,4.74,1249.0,592730.0,4.741
601328.SH,2022-12-30,4.75,4.74,4.75,4.74,583.0,276739.0,4.741
601328.SH,2022-12-30,4.75,4.75,4.75,4.74,2636.0,1251220.0,4.741
601328.SH,2022-12-30,4.75,4.74,4.75,4.74,2316.0,1098970.0,4.741
601328.SH,2022-12-30,4.74,4.75,4.75,4.74,760.0,360820.0,4.741
601328.SH,2022-12-30,4.74,4.74,4.75,4.74,1074.0,510044.0,4.741
601328.SH,2022-12-30,4.75,4.75,4.75,4.74,1495.0,709934.0,4.741
601328.SH,2022-12-30,4.75,4.75,4.75,4.74,1972.0,935100.0,4.741
601328.SH,2022-12-30,4.75,4.75,4.75,4.75,6490.0,3082660.0,4.742
601328.SH,2022-12-30,4.75,4.75,4.75,4.74,1688.0,801449.0,4.742
601328.SH,2022-12-30,4.75,4.75,4.75,4.74,1358.0,644946.0,4.742
601328.SH,2022-12-30,4.75,4.75,4.75,4.74,4443.0,2109600.0,4.742
601328.SH,2022-12-30,4.75,4.74,4.75,4.74,3681.0,1748220.0,4.742
601328.SH,2022-12-30,4.75,4.76,4.76,4.74,7089.0,3367720.0,4.742
601328.SH,2022-12-30,4.75,4.76,4.76,4.75,11681.0,5541160.0,4.742
601328.SH,2022-12-30,4.75,4.75,4.76,4.75,1372.0,652365.0,4.742
601328.SH,2022-12-30,4.76,4.76,4.76,4.75,1189.0,565151.0,4.742
601328.SH,2022-12-30,4.75,4.75,4.76,4.75,1513.0,719218.0,4.742
601328.SH,2022-12-30,4.76,4.76,4.76,4.75,3407.0,1618790.0,4.742
601328.SH,2022-12-30,4.76,4.75,4.76,4.75,5526.0,2626260.0,4.742
601328.SH,2022-12-30,4.75,4.76,4.76,4.75,1172.0,557232.0,4.742
601328.SH,2022-12-30,4.76,4.75,4.76,4.75,2606.0,1238430.0,4.742
601328.SH,2022-12-30,4.75,4.76,4.76,4.75,726.0,345112.0,4.742
601328.SH,2022-12-30,4.76,4.76,4.76,4.75,1252.0,595347.0,4.742
601328.SH,2022-12-30,4.75,4.75,4.76,4.75,959.0,455857.0,4.742
601328.SH,2022-12-30,4.75,4.76,4.76,4.75,4343.0,2064470.0,4.742
601328.SH,2022-12-30,4.75,4.76,4.76,4.75,3048.0,1449230.0,4.742
601328.SH,2022-12-30,4.76,4.76,4.76,4.75,2558.0,1215880.0,4.742
601328.SH,2022-12-30,4.76,4.76,4.76,4.75,2989.0,1421850.0,4.742
601328.SH,2022-12-30,4.75,4.76,4.76,4.75,2238.0,1064730.0,4.742
601328.SH,2022-12-30,4.76,4.76,4.76,4.75,4744.0,2255270.0,4.743
601328.SH,2022-12-30,4.75,4.76,4.76,4.75,1003.0,476805.0,4.743
601328.SH,2022-12-30,4.75,4.76,4.76,4.75,1651.0,785050.0,4.743
601328.SH,2022-12-30,4.75,4.76,4.76,4.75,4177.0,1985120.0,4.743
601328.SH,2022-12-30,4.75,4.75,4.76,4.75,1762.0,838088.0,4.743
601328.SH,2022-12-30,4.75,4.76,4.76,4.75,1916.0,911404.0,4.743
601328.SH,2022-12-30,4.76,4.75,4.76,4.75,1672.0,795123.0,4.743
601328.SH,2022-12-30,4.75,4.75,4.76,4.75,2265.0,1076670.0,4.743
601328.SH,2022-12-30,4.75,4.76,4.76,4.75,1235.0,587169.0,4.743
601328.SH,2022-12-30,4.76,4.75,4.76,4.75,2034.0,967545.0,4.743
601328.SH,2022-12-30,4.75,4.76,4.76,4.75,3637.0,1728640.0,4.743
601328.SH,2022-12-30,4.76,4.76,4.76,4.75,7491.0,3558840.0,4.743
601328.SH,2022-12-30,4.75,4.75,4.76,4.75,2262.0,1074710.0,4.743
601328.SH,2022-12-30,4.76,4.75,4.76,4.75,2944.0,1398680.0,4.743
601328.SH,2022-12-30,4.75,4.75,4.76,4.74,2037.0,967676.0,4.743
601328.SH,2022-12-30,4.75,4.75,4.76,4.74,1575.0,747866.0,4.743
601328.SH,2022-12-30,4.75,4.75,4.75,4.74,1055.0,500537.0,4.743
601328.SH,2022-12-30,4.75,4.74,4.75,4.74,1261.0,598419.0,4.743
601328.SH,2022-12-30,4.75,4.75,4.75,4.74,1023.0,485429.0,4.743
601328.SH,2022-12-30,4.75,4.76,4.76,4.74,5845.0,2776270.0,4.743
601328.SH,2022-12-30,4.76,4.75,4.76,4.75,3166.0,1504900.0,4.743
601328.SH,2022-12-30,4.76,4.76,4.76,4.75,2970.0,1412520.0,4.743
601328.SH,2022-12-30,4.75,4.75,4.76,4.75,1637.0,778406.0,4.743
601328.SH,2022-12-30,4.75,4.75,4.76,4.75,2166.0,1029670.0,4.743
601328.SH,2022-12-30,4.75,4.75,4.76,4.75,1480.0,703604.0,4.743
601328.SH,2022-12-30,4.76,4.75,4.76,4.75,2149.0,1021940.0,4.743
601328.SH,2022-12-30,4.76,4.75,4.76,4.75,1396.0,663620.0,4.743
601328.SH,2022-12-30,4.75,4.76,4.76,4.75,3536.0,1680180.0,4.743
601328.SH,2022-12-30,4.76,4.75,4.76,4.75,2934.0,1393840.0,4.743
601328.SH,2022-12-30,4.75,4.74,4.75,4.74,1732.0,822077.0,4.743
601328.SH,2022-12-30,4.74,4.74,4.75,4.74,845.0,400832.0,4.743
601328.SH,2022-12-30,4.74,4.75,4.75,4.74,1055.0,500580.0,4.743
601328.SH,2022-12-30,4.74,4.75,4.75,4.74,1743.0,826612.0,4.743
601328.SH,2022-12-30,4.75,4.74,4.75,4.74,1398.0,663561.0,4.743
601328.SH,2022-12-30,4.75,4.75,4.75,4.74,1238.0,587542.0,4.743
601328.SH,2022-12-30,4.75,4.75,4.75,4.74,1906.0,904680.0,4.743
601328.SH,2022-12-30,4.74,4.74,4.75,4.74,908.0,430649.0,4.743
601328.SH,2022-12-30,4.74,4.75,4.75,4.74,1870.0,887732.0,4.743
601328.SH,2022-12-30,4.75,4.75,4.75,4.74,2268.0,1076490.0,4.743
601328.SH,2022-12-30,4.75,4.75,4.75,4.74,1355.0,643042.0,4.743
601328.SH,2022-12-30,4.75,4.74,4.75,4.74,1558.0,739165.0,4.743
601328.SH,2022-12-30,4.74,4.75,4.75,4.74,1299.0,616361.0,4.743
601328.SH,2022-12-30,4.74,4.75,4.75,4.74,3882.0,1840930.0,4.743
601328.SH,2022-12-30,4.75,4.75,4.75,4.74,1419.0,673461.0,4.743
601328.SH,2022-12-30,4.74,4.74,4.75,4.74,3565.0,1691090.0,4.743
601328.SH,2022-12-30,4.75,4.75,4.75,4.74,4022.0,1907320.0,4.743
601328.SH,2022-12-30,4.75,4.75,4.75,4.74,5374.0,2550650.0,4.744
601328.SH,2022-12-30,4.74,4.74,4.75,4.74,4797.0,2277690.0,4.744
601328.SH,2022-12-30,4.74,4.75,4.75,4.74,8794.0,4179720.0,4.744
601328.SH,2022-12-30,4.75,4.75,4.75,4.75,10.0,4750.0,4.744
601328.SH,2022-12-30,4.75,4.75,4.75,4.75,0.0,0.0,4.744
601328.SH,2022-12-30,4.74,4.74,4.74,4.74,12532.0,5939960.0,4.744
601328.SH,2023-01-03,0.0,4.74,4.74,4.74,8541.0,4048430.0,4.74
601328.SH,2023-01-03,0.0,4.74,4.75,4.73,23839.0,11298200.0,4.74
601328.SH,2023-01-03,0.0,4.73,4.74,4.73,9072.0,4297570.0,4.739
601328.SH,2023-01-03,0.0,4.73,4.74,4.73,2999.0,1420410.0,4.739
601328.SH,2023-01-03,0.0,4.74,4.74,4.73,3567.0,1690480.0,4.739
601328.SH,2023-01-03,0.0,4.73,4.74,4.73,13070.0,6183390.0,4.737
601328.SH,2023-01-03,0.0,4.73,4.74,4.72,25862.0,12233400.0,4.735
601328.SH,2023-01-03,0.0,4.72,4.73,4.72,5771.0,2725160.0,4.734
601328.SH,2023-01-03,0.0,4.71,4.72,4.71,34970.0,16505100.0,4.73
601328.SH,2023-01-03,0.0,4.72,4.72,4.71,2263.0,1066570.0,4.73
601328.SH,2023-01-03,0.0,4.72,4.72,4.71,3917.0,1845500.0,4.73
601328.SH,2023-01-03,0.0,4.71,4.72,4.71,18380.0,8658150.0,4.727
601328.SH,2023-01-03,0.0,4.71,4.72,4.71,7287.0,3432780.0,4.727
601328.SH,2023-01-03,0.0,4.72,4.72,4.71,4614.0,2175200.0,4.726
601328.SH,2023-01-03,0.0,4.71,4.72,4.71,3428.0,1617300.0,4.726
601328.SH,2023-01-03,0.0,4.72,4.73,4.72,15416.0,7276580.0,4.726
601328.SH,2023-01-03,0.0,4.73,4.73,4.72,1148.0,542620.0,4.726
601328.SH,2023-01-03,0.0,4.72,4.73,4.72,8567.0,4044570.0,4.725
601328.SH,2023-01-03,0.0,4.72,4.73,4.72,5976.0,2826180.0,4.725
601328.SH,2023-01-03,0.0,4.73,4.73,4.72,2253.0,1064540.0,4.725
601328.SH,2023-01-03,0.0,4.73,4.74,4.73,11100.0,5252440.0,4.726
601328.SH,2023-01-03,0.0,4.73,4.74,4.73,2646.0,1253260.0,4.726
601328.SH,2023-01-03,0.0,4.73,4.74,4.73,6892.0,3263700.0,4.726
601328.SH,2023-01-03,0.0,4.73,4.74,4.73,1188.0,562353.0,4.726
601328.SH,2023-01-03,0.0,4.73,4.74,4.73,1565.0,740878.0,4.726
601328.SH,2023-01-03,0.0,4.73,4.74,4.73,2965.0,1403150.0,4.726
601328.SH,2023-01-03,0.0,4.73,4.74,4.73,1217.0,576215.0,4.726
601328.SH,2023-01-03,0.0,4.74,4.74,4.73,1692.0,801612.0,4.727
601328.SH,2023-01-03,0.0,4.73,4.74,4.73,1119.0,530125.0,4.727
601328.SH,2023-01-03,0.0,4.74,4.74,4.73,2006.0,950520.0,4.727
601328.SH,2023-01-03,0.0,4.74,4.74,4.73,2449.0,1160470.0,4.727
601328.SH,2023-01-03,0.0,4.73,4.74,4.73,1943.0,920570.0,4.727
601328.SH,2023-01-03,0.0,4.74,4.74,4.73,1025.0,485407.0,4.727
601328.SH,2023-01-03,0.0,4.74,4.74,4.73,1579.0,748246.0,4.727
601328.SH,2023-01-03,0.0,4.73,4.74,4.73,1031.0,488059.0,4.727
601328.SH,2023-01-03,0.0,4.73,4.74,4.73,1612.0,763521.0,4.727
601328.SH,2023-01-03,0.0,4.74,4.74,4.73,1103.0,522713.0,4.727
601328.SH,2023-01-03,0.0,4.74,4.74,4.73,2724.0,1290460.0,4.727
601328.SH,2023-01-03,0.0,4.73,4.74,4.73,1780.0,843228.0,4.727
601328.SH,2023-01-03,0.0,4.74,4.74,4.73,1274.0,603708.0,4.727
601328.SH,2023-01-03,0.0,4.74,4.74,4.73,2334.0,1104890.0,4.727
601328.SH,2023-01-03,0.0,4.73,4.74,4.73,2096.0,993041.0,4.728
601328.SH,2023-01-03,0.0,4.73,4.74,4.73,1470.0,695833.0,4.728
601328.SH,2023-01-03,0.0,4.74,4.74,4.73,2837.0,1343690.0,4.728
601328.SH,2023-01-03,0.0,4.73,4.74,4.73,2336.0,1106440.0,4.728
601328.SH,2023-01-03,0.0,4.74,4.74,4.73,1074.0,508767.0,4.728
601328.SH,2023-01-03,0.0,4.73,4.74,4.73,4329.0,2048800.0,4.728
601328.SH,2023-01-03,0.0,4.73,4.74,4.73,809.0,383054.0,4.728
601328.SH,2023-01-03,0.0,4.73,4.74,4.73,890.0,421312.0,4.728
601328.SH,2023-01-03,0.0,4.73,4.74,4.73,1303.0,617391.0,4.728
601328.SH,2023-01-03,0.0,4.74,4.74,4.73,1243.0,588806.0,4.728
601328.SH,2023-01-03,0.0,4.73,4.74,4.73,1657.0,785170.0,4.728
601328.SH,2023-01-03,0.0,4.73,4.74,4.73,877.0,415371.0,4.728
601328.SH,2023-01-03,0.0,4.73,4.74,4.73,1853.0,878116.0,4.728
601328.SH,2023-01-03,0.0,4.73,4.74,4.73,1544.0,731037.0,4.728
601328.SH,2023-01-03,0.0,4.75,4.75,4.73,30097.0,14267500.0,4.729
601328.SH,2023-01-03,0.0,4.75,4.76,4.74,22622.0,10744600.0,4.731
601328.SH,2023-01-03,0.0,4.76,4.76,4.75,5121.0,2433180.0,4.731
601328.SH,2023-01-03,0.0,4.74,4.76,4.74,3203.0,1521560.0,4.731
601328.SH,2023-01-03,0.0,4.75,4.76,4.74,9923.0,4714510.0,4.732
601328.SH,2023-01-03,0.0,4.75,4.76,4.75,1682.0,799539.0,4.732
601328.SH,2023-01-03,0.0,4.75,4.76,4.75,2127.0,1011780.0,4.732
601328.SH,2023-01-03,0.0,4.75,4.76,4.75,1686.0,801376.0,4.732
601328.SH,2023-01-03,0.0,4.74,4.76,4.74,2471.0,1173950.0,4.732
601328.SH,2023-01-03,0.0,4.75,4.75,4.74,3209.0,1523700.0,4.733
601328.SH,2023-01-03,0.0,4.75,4.75,4.74,746.0,354183.0,4.733
601328.SH,2023-01-03,0.0,4.74,4.75,4.74,882.0,418751.0,4.733
601328.SH,2023-01-03,0.0,4.75,4.75,4.74,523.0,248208.0,4.733
601328.SH,2023-01-03,0.0,4.74,4.75,4.74,1597.0,757646.0,4.733
601328.SH,2023-01-03,0.0,4.74,4.75,4.74,1282.0,607894.0,4.733
601328.SH,2023-01-03,0.0,4.74,4.74,4.74,638.0,302625.0,4.733
601328.SH,2023-01-03,0.0,4.75,4.75,4.74,1523.0,722372.0,4.733
601328.SH,2023-01-03,0.0,4.74,4.75,4.74,1363.0,646872.0,4.733
601328.SH,2023-01-03,0.0,4.74,4.75,4.74,1344.0,637890.0,4.733
601328.SH,2023-01-03,0.0,4.74,4.75,4.74,984.0,466789.0,4.733
601328.SH,2023-01-03,0.0,4.75,4.75,4.74,793.0,376210.0,4.733
601328.SH,2023-01-03,0.0,4.75,4.75,4.74,1780.0,844140.0,4.733
601328.SH,2023-01-03,0.0,4.74,4.75,4.74,713.0,338219.0,4.733
601328.SH,2023-01-03,0.0,4.75,4.75,4.74,696.0,330270.0,4.733
601328.SH,2023-01-03,0.0,4.74,4.75,4.74,667.0,316427.0,4.733
601328.SH,2023-01-03,0.0,4.74,4.75,4.74,962.0,456537.0,4.733
601328.SH,2023-01-03,0.0,4.74,4.75,4.74,1040.0,493556.0,4.733
601328.SH,2023-01-03,0.0,4.75,4.75,4.74,1587.0,753573.0,4.733
601328.SH,2023-01-03,0.0,4.74,4.75,4.74,1726.0,818938.0,4.733
601328.SH,2023-01-03,0.0,4.74,4.75,4.74,2761.0,1309890.0,4.733
601328.SH,2023-01-03,0.0,4.75,4.75,4.74,2249.0,1066380.0,4.733
601328.SH,2023-01-03,0.0,4.74,4.75,4.74,6613.0,3135660.0,4.733
601328.SH,2023-01-03,0.0,4.75,4.75,4.74,2536.0,1202350.0,4.734
601328.SH,2023-01-03,0.0,4.73,4.75,4.73,23565.0,11167600.0,4.734
601328.SH,2023-01-03,0.0,4.73,4.74,4.73,1787.0,846434.0,4.734
601328.SH,2023-01-03,0.0,4.74,4.75,4.73,2390.0,1132940.0,4.734
601328.SH,2023-01-03,0.0,4.74,4.75,4.73,1542.0,730520.0,4.734
601328.SH,2023-01-03,0.0,4.74,4.74,4.73,3620.0,1715520.0,4.734
601328.SH,2023-01-03,0.0,4.74,4.75,4.74,1228.0,582116.0,4.734
601328.SH,2023-01-03,0.0,4.74,4.75,4.74,2117.0,1003460.0,4.734
601328.SH,2023-01-03,0.0,4.74,4.75,4.74,673.0,319013.0,4.734
601328.SH,2023-01-03,0.0,4.74,4.75,4.74,1175.0,557801.0,4.734
601328.SH,2023-01-03,0.0,4.74,4.75,4.74,303.0,143785.0,4.734
601328.SH,2023-01-03,0.0,4.74,4.75,4.74,313.0,148458.0,4.734
601328.SH,2023-01-03,0.0,4.74,4.75,4.74,296.0,140326.0,4.734
601328.SH,2023-01-03,0.0,4.74,4.75,4.74,803.0,381079.0,4.734
601328.SH,2023-01-03,0.0,4.75,4.75,4.74,781.0,370631.0,4.734
601328.SH,2023-01-03,0.0,4.74,4.75,4.74,583.0,276628.0,4.734
601328.SH,2023-01-03,0.0,4.74,4.75,4.74,1263.0,599492.0,4.734
601328.SH,2023-01-03,0.0,4.74,4.75,4.74,2417.0,1146640.0,4.734
601328.SH,2023-01-03,0.0,4.75,4.75,4.74,1177.0,558634.0,4.734
601328.SH,2023-01-03,0.0,4.74,4.75,4.74,770.0,365109.0,4.734
601328.SH,2023-01-03,0.0,4.74,4.75,4.74,1091.0,517172.0,4.734
601328.SH,2023-01-03,0.0,4.75,4.75,4.74,555.0,263157.0,4.734
601328.SH,2023-01-03,0.0,4.74,4.75,4.74,729.0,345697.0,4.734
601328.SH,2023-01-03,0.0,4.75,4.75,4.74,1405.0,666479.0,4.734
601328.SH,2023-01-03,0.0,4.75,4.75,4.74,2012.0,953982.0,4.734
601328.SH,2023-01-03,0.0,4.74,4.75,4.74,1482.0,703248.0,4.734
601328.SH,2023-01-03,0.0,4.74,4.75,4.74,2270.0,1077570.0,4.734
601328.SH,2023-01-03,0.0,4.74,4.75,4.74,2104.0,998306.0,4.734
601328.SH,2023-01-03,0.0,4.74,4.75,4.74,641.0,303982.0,4.735
601328.SH,2023-01-03,0.0,4.74,4.75,4.74,1044.0,495064.0,4.735
601328.SH,2023-01-03,0.0,4.75,4.75,4.74,1858.0,881837.0,4.735
601328.SH,2023-01-03,0.0,4.74,4.75,4.74,1462.0,693631.0,4.735
601328.SH,2023-01-03,0.0,4.74,4.75,4.74,1786.0,847465.0,4.735
601328.SH,2023-01-03,0.0,4.74,4.75,4.74,1776.0,842792.0,4.735
601328.SH,2023-01-03,0.0,4.74,4.75,4.74,5875.0,2788070.0,4.735
601328.SH,2023-01-03,0.0,4.73,4.75,4.73,7294.0,3457240.0,4.735
601328.SH,2023-01-03,0.0,4.73,4.74,4.73,981.0,464128.0,4.735
601328.SH,2023-01-03,0.0,4.73,4.74,4.73,12981.0,6140410.0,4.735
601328.SH,2023-01-03,0.0,4.74,4.74,4.73,3492.0,1651970.0,4.735
601328.SH,2023-01-03,0.0,4.73,4.74,4.73,1764.0,834615.0,4.735
601328.SH,2023-01-03,0.0,4.73,4.74,4.73,2365.0,1119660.0,4.735
601328.SH,2023-01-03,0.0,4.73,4.74,4.73,1123.0,531428.0,4.735
601328.SH,2023-01-03,0.0,4.74,4.74,4.73,1651.0,781438.0,4.735
601328.SH,2023-01-03,0.0,4.73,4.74,4.73,2010.0,951779.0,4.735
601328.SH,2023-01-03,0.0,4.73,4.74,4.73,1699.0,804236.0,4.735
601328.SH,2023-01-03,0.0,4.73,4.74,4.73,1630.0,771748.0,4.735
601328.SH,2023-01-03,0.0,4.73,4.73,4.73,3117.0,1474820.0,4.735
601328.SH,2023-01-03,0.0,4.73,4.74,4.73,3223.0,1525110.0,4.735
601328.SH,2023-01-03,0.0,4.73,4.74,4.73,2199.0,1040650.0,4.735
601328.SH,2023-01-03,0.0,4.73,4.74,4.73,2821.0,1335890.0,4.735
601328.SH,2023-01-03,0.0,4.73,4.74,4.73,2417.0,1143990.0,4.735
601328.SH,2023-01-03,0.0,4.73,4.74,4.73,1110.0,525471.0,4.735
601328.SH,2023-01-03,0.0,4.73,4.74,4.73,1199.0,567155.0,4.735
601328.SH,2023-01-03,0.0,4.74,4.74,4.73,1239.0,586505.0,4.735
601328.SH,2023-01-03,0.0,4.73,4.74,4.73,2545.0,1204580.0,4.735
601328.SH,2023-01-03,0.0,4.74,4.74,4.73,1836.0,869127.0,4.735
601328.SH,2023-01-03,0.0,4.73,4.74,4.73,2577.0,1219980.0,4.735
601328.SH,2023-01-03,0.0,4.73,4.74,4.73,3737.0,1770130.0,4.735
601328.SH,2023-01-03,0.0,4.74,4.74,4.73,2534.0,1198780.0,4.735
601328.SH,2023-01-03,0.0,4.73,4.74,4.73,2467.0,1167120.0,4.735
601328.SH,2023-01-03,0.0,4.73,4.74,4.73,1548.0,732601.0,4.735
601328.SH,2023-01-03,0.0,4.72,4.74,4.72,14886.0,7040460.0,4.734
601328.SH,2023-01-03,0.0,4.73,4.73,4.72,5149.0,2435560.0,4.734
601328.SH,2023-01-03,0.0,4.73,4.74,4.73,1005.0,475693.0,4.734
601328.SH,2023-01-03,0.0,4.73,4.74,4.73,6370.0,3018600.0,4.734
601328.SH,2023-01-03,0.0,4.73,4.74,4.73,5546.0,2623450.0,4.734
601328.SH,2023-01-03,0.0,4.73,4.73,4.73,733.0,346812.0,4.734
601328.SH,2023-01-03,0.0,4.73,4.73,4.73,1402.0,663511.0,4.734
601328.SH,2023-01-03,0.0,4.73,4.74,4.73,2207.0,1044700.0,4.734
601328.SH,2023-01-03,0.0,4.73,4.74,4.73,1291.0,610883.0,4.734
601328.SH,2023-01-03,0.0,4.73,4.73,4.73,5031.0,2382630.0,4.734
601328.SH,2023-01-03,0.0,4.73,4.73,4.73,1113.0,526843.0,4.734
601328.SH,2023-01-03,0.0,4.73,4.74,4.73,4633.0,2194820.0,4.734
601328.SH,2023-01-03,0.0,4.73,4.74,4.73,1305.0,617941.0,4.734
601328.SH,2023-01-03,0.0,4.73,4.74,4.73,989.0,468284.0,4.734
601328.SH,2023-01-03,0.0,4.73,4.74,4.73,1742.0,825064.0,4.734
601328.SH,2023-01-03,0.0,4.73,4.74,4.73,2540.0,1202040.0,4.734
601328.SH,2023-01-03,0.0,4.73,4.74,4.73,5222.0,2474190.0,4.734
601328.SH,2023-01-03,0.0,4.73,4.74,4.73,2096.0,992910.0,4.734
601328.SH,2023-01-03,0.0,4.73,4.73,4.73,1628.0,770660.0,4.734
601328.SH,2023-01-03,0.0,4.73,4.74,4.73,2278.0,1077850.0,4.734
601328.SH,2023-01-03,0.0,4.73,4.73,4.73,2145.0,1014660.0,4.734
601328.SH,2023-01-03,0.0,4.73,4.73,4.73,13142.0,6216640.0,4.734
601328.SH,2023-01-03,0.0,4.73,4.74,4.73,1357.0,642398.0,4.734
601328.SH,2023-01-03,0.0,4.73,4.73,4.73,993.0,469894.0,4.734
601328.SH,2023-01-03,0.0,4.73,4.74,4.73,2083.0,986369.0,4.734
601328.SH,2023-01-03,0.0,4.73,4.74,4.73,935.0,442603.0,4.734
601328.SH,2023-01-03,0.0,4.73,4.74,4.73,1572.0,744096.0,4.734
601328.SH,2023-01-03,0.0,4.73,4.74,4.73,2104.0,996432.0,4.734
601328.SH,2023-01-03,0.0,4.73,4.74,4.73,6300.0,2985750.0,4.734
601328.SH,2023-01-03,0.0,4.73,4.74,4.73,988.0,467622.0,4.734
601328.SH,2023-01-03,0.0,4.73,4.73,4.73,16393.0,7754000.0,4.734
601328.SH,2023-01-03,0.0,4.72,4.73,4.72,7157.0,3384920.0,4.734
601328.SH,2023-01-03,0.0,4.72,4.73,4.72,1183.0,558848.0,4.734
601328.SH,2023-01-03,0.0,4.72,4.74,4.72,5569.0,2634230.0,4.734
601328.SH,2023-01-03,0.0,4.72,4.73,4.72,2740.0,1295870.0,4.734
601328.SH,2023-01-03,0.0,4.72,4.73,4.72,1757.0,830686.0,4.734
601328.SH,2023-01-03,0.0,4.72,4.72,4.72,1492.0,705148.0,4.734
601328.SH,2023-01-03,0.0,4.72,4.73,4.72,5331.0,2521340.0,4.734
601328.SH,2023-01-03,0.0,4.73,4.73,4.72,1351.0,638506.0,4.734
601328.SH,2023-01-03,0.0,4.72,4.73,4.72,1557.0,736131.0,4.734
601328.SH,2023-01-03,0.0,4.73,4.73,4.72,14381.0,6800880.0,4.734
601328.SH,2023-01-03,0.0,4.72,4.73,4.72,948.0,447986.0,4.734
601328.SH,2023-01-03,0.0,4.72,4.73,4.72,3859.0,1824840.0,4.734
601328.SH,2023-01-03,0.0,4.72,4.73,4.72,2679.0,1266810.0,4.734
601328.SH,2023-01-03,0.0,4.72,4.73,4.72,1612.0,762064.0,4.734
601328.SH,2023-01-03,0.0,4.72,4.73,4.72,1400.0,661467.0,4.734
601328.SH,2023-01-03,0.0,4.72,4.73,4.72,3088.0,1459940.0,4.734
601328.SH,2023-01-03,0.0,4.72,4.73,4.72,3325.0,1570310.0,4.734
601328.SH,2023-01-03,0.0,4.72,4.72,4.72,2254.0,1065560.0,4.734
601328.SH,2023-01-03,0.0,4.72,4.73,4.72,2382.0,1126100.0,4.734
601328.SH,2023-01-03,0.0,4.72,4.73,4.72,1293.0,611008.0,4.734
601328.SH,2023-01-03,0.0,4.72,4.73,4.72,2300.0,1086890.0,4.734
601328.SH,2023-01-03,0.0,4.72,4.73,4.72,1715.0,810681.0,4.734
601328.SH,2023-01-03,0.0,4.72,4.73,4.72,3555.0,1681000.0,4.734
601328.SH,2023-01-03,0.0,4.72,4.73,4.72,4861.0,2298720.0,4.734
601328.SH,2023-01-03,0.0,4.72,4.73,4.72,4365.0,2064100.0,4.734
601328.SH,2023-01-03,0.0,4.72,4.73,4.72,3898.0,1843020.0,4.734
601328.SH,2023-01-03,0.0,4.72,4.72,4.72,2455.0,1160590.0,4.734
601328.SH,2023-01-03,0.0,4.72,4.73,4.72,5889.0,2784120.0,4.734
601328.SH,2023-01-03,0.0,4.72,4.72,4.72,3261.0,1539970.0,4.733
601328.SH,2023-01-03,0.0,4.72,4.73,4.72,1830.0,864927.0,4.733
601328.SH,2023-01-03,0.0,4.72,4.73,4.72,2436.0,1151570.0,4.733
601328.SH,2023-01-03,0.0,4.72,4.73,4.72,17324.0,8193750.0,4.733
601328.SH,2023-01-03,0.0,4.72,4.73,4.72,13537.0,6402360.0,4.733
601328.SH,2023-01-03,0.0,4.73,4.74,4.73,9292.0,4397420.0,4.733
601328.SH,2023-01-03,0.0,4.73,4.73,4.73,1831.0,866876.0,4.733
601328.SH,2023-01-03,0.0,4.73,4.73,4.73,1386.0,656098.0,4.733
601328.SH,2023-01-03,0.0,4.73,4.73,4.73,1177.0,557325.0,4.733
601328.SH,2023-01-03,0.0,4.73,4.73,4.73,1170.0,553597.0,4.733
601328.SH,2023-01-03,0.0,4.73,4.73,4.73,2702.0,1279820.0,4.733
601328.SH,2023-01-03,0.0,4.73,4.73,4.73,1054.0,499042.0,4.733
601328.SH,2023-01-03,0.0,4.73,4.74,4.73,2045.0,968792.0,4.733
601328.SH,2023-01-03,0.0,4.73,4.73,4.73,1275.0,603486.0,4.733
601328.SH,2023-01-03,0.0,4.73,4.73,4.73,1812.0,857997.0,4.733
601328.SH,2023-01-03,0.0,4.73,4.73,4.73,1688.0,799586.0,4.733
601328.SH,2023-01-03,0.0,4.73,4.73,4.73,1964.0,930058.0,4.733
601328.SH,2023-01-03,0.0,4.73,4.73,4.73,1678.0,794766.0,4.733
601328.SH,2023-01-03,0.0,4.73,4.74,4.73,2103.0,996270.0,4.733
601328.SH,2023-01-03,0.0,4.73,4.73,4.73,2034.0,963282.0,4.733
601328.SH,2023-01-03,0.0,4.73,4.74,4.73,1342.0,635281.0,4.733
601328.SH,2023-01-03,0.0,4.73,4.74,4.73,1973.0,934723.0,4.733
601328.SH,2023-01-03,0.0,4.73,4.73,4.73,5567.0,2637860.0,4.733
601328.SH,2023-01-03,0.0,4.73,4.73,4.73,5098.0,2416090.0,4.733
601328.SH,2023-01-03,0.0,4.73,4.73,4.73,4163.0,1970220.0,4.733
601328.SH,2023-01-03,0.0,4.73,4.73,4.73,2794.0,1322400.0,4.733
601328.SH,2023-01-03,0.0,4.73,4.74,4.73,2342.0,1108530.0,4.733
601328.SH,2023-01-03,0.0,4.73,4.73,4.73,4047.0,1916310.0,4.733
601328.SH,2023-01-03,0.0,4.73,4.74,4.73,11225.0,5318050.0,4.734
601328.SH,2023-01-03,0.0,4.73,4.73,4.73,4485.0,2123250.0,4.734
601328.SH,2023-01-03,0.0,4.73,4.74,4.73,6775.0,3208710.0,4.734
601328.SH,2023-01-03,0.0,4.73,4.73,4.73,25.0,11825.0,4.734
601328.SH,2023-01-03,0.0,4.73,4.73,4.73,0.0,0.0,4.734
601328.SH,2023-01-03,0.0,4.74,4.74,4.74,10570.0,5010180.0,4.734
