trade_time,True_Price,Predicted_Price
2022-12-19 13:24:00,11150.49,11149.989990777525
2022-12-19 13:25:00,11150.48,11149.989991314893
2022-12-19 13:26:00,11154.119999999999,11149.989991525734
2022-12-19 13:27:00,11157.32,11149.989991525734
2022-12-19 13:28:00,11162.459999999997,11149.989991525734
2022-12-19 13:29:00,11163.960000000001,11149.989991525734
2022-12-19 13:30:00,11172.45,11149.989991525734
2022-12-19 13:31:00,11168.69,11149.989991525734
2022-12-19 13:32:00,11174.43,11149.989991525734
2022-12-19 13:33:00,11170.69,11149.989991525734
2022-12-19 13:34:00,11170.86,11149.989991525734
2022-12-19 13:35:00,11169.239999999998,11149.989991525734
2022-12-19 13:36:00,11163.25,11149.989991525734
2022-12-19 13:37:00,11162.21,11149.989991525734
2022-12-19 13:38:00,11158.06,11149.989991525734
2022-12-19 13:39:00,11159.3,11149.989991525734
2022-12-19 13:40:00,11157.58,11149.989991525734
2022-12-19 13:41:00,11155.240000000002,11149.989991525734
2022-12-19 13:42:00,11154.81,11149.989991525734
2022-12-19 13:43:00,11149.29,11149.989991525734
2022-12-19 13:44:00,11148.040000000003,11149.989991525734
2022-12-19 13:45:00,11145.469999999998,11149.989991525734
2022-12-19 13:46:00,11149.88,11149.989991525734
2022-12-19 13:47:00,11156.27,11149.989991525734
2022-12-19 13:48:00,11154.04,11149.989991525734
2022-12-19 13:49:00,11155.990000000002,11149.989991525734
2022-12-19 13:50:00,11161.08,11149.989991525734
2022-12-19 13:51:00,11163.179999999998,11149.989991525734
2022-12-19 13:52:00,11165.32,11149.989991525734
2022-12-19 13:53:00,11162.75,11149.989991525734
2022-12-19 13:54:00,11156.83,11149.989991525734
2022-12-19 13:55:00,11143.77,11149.989991525734
2022-12-19 13:56:00,11140.03,11149.989991525734
2022-12-19 13:57:00,11136.44,11149.989991525734
2022-12-19 13:58:00,11132.949999999999,11149.989991525734
2022-12-19 13:59:00,11133.68,11149.989991525734
2022-12-19 14:00:00,11134.65,11149.989991525734
2022-12-19 14:01:00,11139.24,11149.989991525734
2022-12-19 14:02:00,11134.56,11149.989991525734
2022-12-19 14:03:00,11131.41,11149.989991525734
2022-12-19 14:04:00,11135.68,11149.989991525734
2022-12-19 14:05:00,11134.450000000003,11149.989991525734
2022-12-19 14:06:00,11132.09,11149.989991525734
2022-12-19 14:07:00,11125.83,11149.989991525734
2022-12-19 14:08:00,11128.460000000001,11149.989991525734
2022-12-19 14:09:00,11125.49,11149.989991525734
2022-12-19 14:10:00,11119.41,11149.989991525734
2022-12-19 14:11:00,11112.15,11149.989991525734
2022-12-19 14:12:00,11111.05,11149.989991525734
2022-12-19 14:13:00,11118.98,11149.989991525734
2022-12-19 14:14:00,11115.86,11149.989991525734
2022-12-19 14:15:00,11116.62,11149.989991525734
2022-12-19 14:16:00,11115.83,11149.989991525734
2022-12-19 14:17:00,11125.39,11149.989991525734
2022-12-19 14:18:00,11127.64,11149.989991525734
2022-12-19 14:19:00,11134.46,11149.989991525734
2022-12-19 14:20:00,11134.31,11149.989991525734
2022-12-19 14:21:00,11131.75,11149.989991525734
2022-12-19 14:22:00,11135.29,11149.989991525734
2022-12-19 14:23:00,11133.21,11149.989991525734
2022-12-19 14:24:00,11131.3,11149.989991525734
2022-12-19 14:25:00,11128.86,11149.989991525734
2022-12-19 14:26:00,11118.93,11149.989991525734
2022-12-19 14:27:00,11114.51,11149.989991525734
2022-12-19 14:28:00,11110.25,11149.989991525734
2022-12-19 14:29:00,11107.75,11149.989991525734
2022-12-19 14:30:00,11115.25,11149.989991525734
2022-12-19 14:31:00,11120.56,11149.989991525734
2022-12-19 14:32:00,11113.53,11149.989991525734
2022-12-19 14:33:00,11103.500000000002,11149.989991525734
2022-12-19 14:34:00,11104.84,11149.989991525734
2022-12-19 14:35:00,11098.42,11149.989991525734
2022-12-19 14:36:00,11094.81,11149.989991525734
2022-12-19 14:37:00,11098.38,11149.989991525734
2022-12-19 14:38:00,11094.430000000002,11149.989991525734
2022-12-19 14:39:00,11092.08,11149.989991525734
2022-12-19 14:40:00,11094.81,11149.989991525734
2022-12-19 14:41:00,11091.88,11149.989991525734
2022-12-19 14:42:00,11091.020000000002,11149.989991525734
2022-12-19 14:43:00,11088.53,11149.989991525734
2022-12-19 14:44:00,11085.51,11149.989991525734
2022-12-19 14:45:00,11084.31,11149.989991525734
2022-12-19 14:46:00,11093.52,11149.989991525734
2022-12-19 14:47:00,11103.22,11149.989991525734
2022-12-19 14:48:00,11102.88,11149.989991525734
2022-12-19 14:49:00,11104.88,11149.989991525734
2022-12-19 14:50:00,11110.280000000002,11149.989991525734
2022-12-19 14:51:00,11110.710000000001,11149.989991525734
2022-12-19 14:52:00,11116.45,11149.989991525734
2022-12-19 14:53:00,11119.68,11149.989991525734
2022-12-19 14:54:00,11118.34,11149.989991525734
2022-12-19 14:55:00,11117.19,11149.989991525734
2022-12-19 14:56:00,11119.380000000001,11149.989991525734
2022-12-19 14:57:00,11121.82,11149.989991525734
2022-12-19 14:58:00,11120.88,11149.989991525734
2022-12-19 14:59:00,11120.88,11149.989991525734
2022-12-19 15:00:00,11124.7,11120.879998928984
2022-12-20 09:30:00,11092.86,11120.879998732742
2022-12-20 09:31:00,11070.5,11120.879998732742
2022-12-20 09:32:00,11054.0,11120.879998732742
2022-12-20 09:33:00,11060.18,11120.879998732742
2022-12-20 09:34:00,11067.48,11120.879998732742
2022-12-20 09:35:00,11063.12,11120.879998732742
2022-12-20 09:36:00,11064.33,11120.879998732742
2022-12-20 09:37:00,11065.67,11120.879998732742
2022-12-20 09:38:00,11069.24,11120.879998732742
2022-12-20 09:39:00,11062.71,11120.879998732742
2022-12-20 09:40:00,11068.759999999998,11120.879998732742
2022-12-20 09:41:00,11068.2,11120.879998732742
2022-12-20 09:42:00,11065.2,11120.879998732742
2022-12-20 09:43:00,11072.27,11120.879998732742
2022-12-20 09:44:00,11073.4,11120.879998732742
2022-12-20 09:45:00,11069.08,11120.879998732742
2022-12-20 09:46:00,11061.55,11120.879998732742
2022-12-20 09:47:00,11042.44,11120.879998732742
2022-12-20 09:48:00,11039.73,11120.879998732742
2022-12-20 09:49:00,11035.959999999997,11120.879998732742
2022-12-20 09:50:00,11022.53,11120.879998732742
2022-12-20 09:51:00,11037.51,11120.879998732742
2022-12-20 09:52:00,11031.740000000002,11120.879998732742
2022-12-20 09:53:00,11029.99,11120.879998732742
2022-12-20 09:54:00,11029.840000000002,11120.879998732742
2022-12-20 09:55:00,11024.180000000002,11120.879998732742
2022-12-20 09:56:00,11020.370000000003,11120.879998732742
2022-12-20 09:57:00,11023.86,11120.879998732742
2022-12-20 09:58:00,11033.82,11120.879998732742
2022-12-20 09:59:00,11037.96,11120.879998732742
2022-12-20 10:00:00,11031.47,11120.879998732742
2022-12-20 10:01:00,11034.049999999997,11120.879998732742
2022-12-20 10:02:00,11036.79,11120.879998732742
2022-12-20 10:03:00,11040.66,11120.879998732742
2022-12-20 10:04:00,11031.11,11120.879998732742
2022-12-20 10:05:00,11027.01,11120.879998732742
2022-12-20 10:06:00,11023.95,11120.879998732742
2022-12-20 10:07:00,11011.22,11120.879998732742
2022-12-20 10:08:00,11010.31,11120.879998732742
2022-12-20 10:09:00,11009.040000000003,11120.879998732742
2022-12-20 10:10:00,11010.87,11120.879998732742
2022-12-20 10:11:00,10999.79,11120.879998732742
2022-12-20 10:12:00,11004.35,11120.879998732742
2022-12-20 10:13:00,11006.29,11120.879998732742
2022-12-20 10:14:00,10996.610000000002,11120.879998732742
2022-12-20 10:15:00,11001.7,11120.879998732742
2022-12-20 10:16:00,10994.31,11120.879998732742
2022-12-20 10:17:00,10996.53,11120.879998732742
2022-12-20 10:18:00,10998.49,11120.879998732742
2022-12-20 10:19:00,10998.3,11120.879998732742
2022-12-20 10:20:00,11004.07,11120.879998732742
2022-12-20 10:21:00,10999.37,11120.879998732742
2022-12-20 10:22:00,10995.3,11120.879998732742
2022-12-20 10:23:00,11002.88,11120.879998732742
2022-12-20 10:24:00,11004.03,11120.879998732742
2022-12-20 10:25:00,10997.55,11120.879998732742
2022-12-20 10:26:00,10991.8,11120.879998732742
2022-12-20 10:27:00,10992.32,11120.879998732742
2022-12-20 10:28:00,10988.43,11120.879998732742
2022-12-20 10:29:00,10991.63,11120.879998732742
2022-12-20 10:30:00,10994.88,11120.879998732742
2022-12-20 10:31:00,11003.56,11120.879998732742
2022-12-20 10:32:00,10996.43,11120.879998732742
2022-12-20 10:33:00,11001.33,11120.879998732742
2022-12-20 10:34:00,10998.26,11120.879998732742
2022-12-20 10:35:00,11008.14,11120.879998732742
2022-12-20 10:36:00,11014.92,11120.879998732742
2022-12-20 10:37:00,11017.809999999998,11120.879998732742
2022-12-20 10:38:00,11028.71,11120.879998732742
2022-12-20 10:39:00,11041.7,11120.879998732742
2022-12-20 10:40:00,11031.81,11120.879998732742
2022-12-20 10:41:00,11022.74,11120.879998732742
2022-12-20 10:42:00,11014.45,11120.879998732742
2022-12-20 10:43:00,11013.16,11120.879998732742
2022-12-20 10:44:00,11015.62,11120.879998732742
2022-12-20 10:45:00,11013.85,11120.879998732742
2022-12-20 10:46:00,11007.220000000001,11120.879998732742
2022-12-20 10:47:00,11008.680000000002,11120.879998732742
2022-12-20 10:48:00,11005.19,11120.879998732742
2022-12-20 10:49:00,11005.719999999998,11120.879998732742
2022-12-20 10:50:00,11003.810000000001,11120.879998732742
2022-12-20 10:51:00,11014.06,11120.879998732742
2022-12-20 10:52:00,11009.51,11120.879998732742
2022-12-20 10:53:00,11006.829999999998,11120.879998732742
2022-12-20 10:54:00,11007.24,11120.879998732742
2022-12-20 10:55:00,11003.08,11120.879998732742
2022-12-20 10:56:00,11005.24,11120.879998732742
2022-12-20 10:57:00,11000.26,11120.879998732742
2022-12-20 10:58:00,10998.09,11120.879998732742
2022-12-20 10:59:00,10997.15,11120.879998732742
2022-12-20 11:00:00,10994.72,11120.879998732742
2022-12-20 11:01:00,11009.05,11120.879998732742
2022-12-20 11:02:00,11010.89,11120.879998732742
2022-12-20 11:03:00,11002.63,11120.879998732742
2022-12-20 11:04:00,10994.04,11120.879998732742
2022-12-20 11:05:00,10990.65,10994.039982536493
2022-12-20 11:06:00,10989.37,10994.039966370026
2022-12-20 11:07:00,10993.609999999999,10994.039964576743
2022-12-20 11:08:00,11003.459999999997,10994.039964576725
2022-12-20 11:09:00,10996.94,10994.039964576721
2022-12-20 11:10:00,10995.22,10994.03996457672
2022-12-20 11:11:00,10991.41,10994.03996457672
2022-12-20 11:12:00,10986.51,10994.03996457672
2022-12-20 11:13:00,10991.67,10994.03996457672
2022-12-20 11:14:00,10985.14,10994.03996457672
2022-12-20 11:15:00,10988.23,10994.03996457672
2022-12-20 11:16:00,10995.109999999999,10994.03996457672
2022-12-20 11:17:00,10991.36,10994.03996457672
2022-12-20 11:18:00,10993.47,10994.03996457672
2022-12-20 11:19:00,10990.8,10994.03996457672
2022-12-20 11:20:00,10987.4,10994.03996457672
2022-12-20 11:21:00,10987.7,10994.03996457672
2022-12-20 11:22:00,10986.079999999998,10994.03996457672
2022-12-20 11:23:00,10994.65,10994.03996457672
2022-12-20 11:24:00,10993.21,10994.03996457672
2022-12-20 11:25:00,10992.39,10994.03996457672
2022-12-20 11:26:00,10994.98,10994.03996457672
2022-12-20 11:27:00,11002.43,10994.03996457672
2022-12-20 11:28:00,11004.41,10994.03996457672
2022-12-20 11:29:00,11012.04,10994.03996457672
2022-12-20 11:30:00,11012.869999999999,10994.03996457672
2022-12-20 13:01:00,10996.45,10994.03996457672
2022-12-20 13:02:00,10991.82,10994.03996457672
2022-12-20 13:03:00,10986.469999999998,10994.03996457672
2022-12-20 13:04:00,10981.85,10994.03996457672
2022-12-20 13:05:00,10989.070000000002,10994.03996457672
2022-12-20 13:06:00,10982.69,10994.03996457672
2022-12-20 13:07:00,10981.919999999998,10994.03996457672
2022-12-20 13:08:00,10975.95,10994.03996457672
2022-12-20 13:09:00,10972.53,10994.03996457672
2022-12-20 13:10:00,10969.18,10994.03996457672
2022-12-20 13:11:00,10971.59,10994.03996457672
2022-12-20 13:12:00,10967.99,10994.03996457672
2022-12-20 13:13:00,10962.619999999999,10994.03996457672
2022-12-20 13:14:00,10964.63,10994.03996457672
2022-12-20 13:15:00,10971.06,10994.03996457672
2022-12-20 13:16:00,10981.76,10994.03996457672
2022-12-20 13:17:00,10986.01,10994.03996457672
2022-12-20 13:18:00,10985.25,10994.03996457672
2022-12-20 13:19:00,10977.009999999998,10994.03996457672
2022-12-20 13:20:00,10975.55,10994.03996457672
2022-12-20 13:21:00,10969.94,10994.03996457672
2022-12-20 13:22:00,10961.18,10994.03996457672
2022-12-20 13:23:00,10958.07,10994.03996457672
2022-12-20 13:24:00,10962.92,10994.03996457672
2022-12-20 13:25:00,10961.100000000002,10994.03996457672
2022-12-20 13:26:00,10967.86,10994.03996457672
2022-12-20 13:27:00,10964.88,10994.03996457672
2022-12-20 13:28:00,10960.44,10994.03996457672
2022-12-20 13:29:00,10956.239999999998,10994.03996457672
2022-12-20 13:30:00,10954.43,10994.03996457672
2022-12-20 13:31:00,10952.27,10994.03996457672
2022-12-20 13:32:00,10945.16,10994.03996457672
2022-12-20 13:33:00,10935.89,10994.03996457672
2022-12-20 13:34:00,10935.53,10994.03996457672
2022-12-20 13:35:00,10927.13,10994.03996457672
2022-12-20 13:36:00,10927.85,10994.03996457672
2022-12-20 13:37:00,10917.64,10994.03996457672
2022-12-20 13:38:00,10916.49,10994.03996457672
2022-12-20 13:39:00,10918.89,10994.03996457672
2022-12-20 13:40:00,10924.03,10994.03996457672
2022-12-20 13:41:00,10924.68,10994.03996457672
2022-12-20 13:42:00,10927.59,10994.03996457672
2022-12-20 13:43:00,10927.84,10994.03996457672
2022-12-20 13:44:00,10921.27,10994.03996457672
2022-12-20 13:45:00,10922.599999999999,10994.03996457672
2022-12-20 13:46:00,10923.749999999998,10994.03996457672
2022-12-20 13:47:00,10913.65,10994.03996457672
2022-12-20 13:48:00,10919.33,10994.03996457672
2022-12-20 13:49:00,10922.1,10994.03996457672
2022-12-20 13:50:00,10920.75,10994.03996457672
2022-12-20 13:51:00,10913.150000000001,10994.03996457672
2022-12-20 13:52:00,10909.74,10994.03996457672
2022-12-20 13:53:00,10916.55,10994.03996457672
2022-12-20 13:54:00,10917.9,10994.03996457672
2022-12-20 13:55:00,10926.44,10994.03996457672
2022-12-20 13:56:00,10921.02,10994.03996457672
2022-12-20 13:57:00,10916.61,10994.03996457672
2022-12-20 13:58:00,10917.43,10994.03996457672
2022-12-20 13:59:00,10917.59,10994.03996457672
2022-12-20 14:00:00,10921.37,10994.03996457672
2022-12-20 14:01:00,10931.669999999998,10994.03996457672
2022-12-20 14:02:00,10939.199999999999,10994.03996457672
2022-12-20 14:03:00,10945.24,10994.03996457672
2022-12-20 14:04:00,10948.300000000001,10994.03996457672
2022-12-20 14:05:00,10953.48,10994.03996457672
2022-12-20 14:06:00,10958.73,10994.03996457672
2022-12-20 14:07:00,10970.78,10994.03996457672
2022-12-20 14:08:00,10976.52,10994.03996457672
2022-12-20 14:09:00,10970.47,10994.03996457672
2022-12-20 14:10:00,10967.64,10994.03996457672
2022-12-20 14:11:00,10965.32,10967.639989721856
2022-12-20 14:12:00,10958.26,10967.63998370085
2022-12-20 14:13:00,10958.68,10967.639983110044
2022-12-20 14:14:00,10956.55,10967.639983110035
2022-12-20 14:15:00,10946.809999999998,10967.639983110033
2022-12-20 14:16:00,10950.31,10967.639983110033
2022-12-20 14:17:00,10950.8,10967.639983110033
2022-12-20 14:18:00,10958.46,10967.639983110033
2022-12-20 14:19:00,10960.96,10967.639983110033
2022-12-20 14:20:00,10955.3,10967.639983110033
2022-12-20 14:21:00,10955.59,10967.639983110033
2022-12-20 14:22:00,10956.39,10967.639983110033
2022-12-20 14:23:00,10963.3,10967.639983110033
2022-12-20 14:24:00,10965.83,10967.639983110033
2022-12-20 14:25:00,10968.93,10967.639983110033
2022-12-20 14:26:00,10979.0,10967.639983110033
2022-12-20 14:27:00,10979.81,10967.639983110033
2022-12-20 14:28:00,10975.62,10967.639983110033
2022-12-20 14:29:00,10970.979999999998,10967.639983110033
2022-12-20 14:30:00,10967.169999999998,10967.639983110033
2022-12-20 14:31:00,10961.860000000002,10967.639983110033
2022-12-20 14:32:00,10962.78,10967.639983110033
2022-12-20 14:33:00,10967.47,10967.639983110033
2022-12-20 14:34:00,10967.529999999999,10967.639983110033
2022-12-20 14:35:00,10966.789999999999,10967.639983110033
2022-12-20 14:36:00,10970.14,10967.639983110033
2022-12-20 14:37:00,10970.32,10967.639983110033
2022-12-20 14:38:00,10971.07,10967.639983110033
2022-12-20 14:39:00,10966.93,10967.639983110033
2022-12-20 14:40:00,10961.2,10967.639983110033
2022-12-20 14:41:00,10957.85,10967.639983110033
2022-12-20 14:42:00,10955.849999999999,10967.639983110033
2022-12-20 14:43:00,10954.690000000002,10967.639983110033
2022-12-20 14:44:00,10953.210000000001,10967.639983110033
2022-12-20 14:45:00,10951.37,10967.639983110033
2022-12-20 14:46:00,10952.26,10967.639983110033
2022-12-20 14:47:00,10951.4,10967.639983110033
2022-12-20 14:48:00,10952.96,10967.639983110033
2022-12-20 14:49:00,10949.48,10967.639983110033
2022-12-20 14:50:00,10946.390000000001,10967.639983110033
2022-12-20 14:51:00,10952.5,10967.639983110033
2022-12-20 14:52:00,10954.0,10967.639983110033
2022-12-20 14:53:00,10954.35,10967.639983110033
2022-12-20 14:54:00,10953.7,10967.639983110033
2022-12-20 14:55:00,10951.37,10967.639983110033
2022-12-20 14:56:00,10952.49,10967.639983110033
2022-12-20 14:57:00,10950.76,10967.639983110033
2022-12-20 14:58:00,10951.17,10967.639983110033
2022-12-20 14:59:00,10951.17,10967.639983110033
2022-12-20 15:00:00,10949.12,10967.639983110033
2022-12-21 09:30:00,10966.31,10967.639983110033
2022-12-21 09:31:00,10957.91,10967.639983110033
2022-12-21 09:32:00,10962.63,10967.639983110033
2022-12-21 09:33:00,10951.16,10967.639983110033
2022-12-21 09:34:00,10948.75,10967.639983110033
2022-12-21 09:35:00,10948.93,10967.639983110033
2022-12-21 09:36:00,10953.55,10967.639983110033
2022-12-21 09:37:00,10947.919999999998,10967.639983110033
2022-12-21 09:38:00,10946.809999999998,10967.639983110033
2022-12-21 09:39:00,10959.77,10967.639983110033
2022-12-21 09:40:00,10967.160000000002,10967.639983110033
2022-12-21 09:41:00,10975.67,10967.639983110033
2022-12-21 09:42:00,10971.91,10967.639983110033
2022-12-21 09:43:00,10952.2,10967.639983110033
2022-12-21 09:44:00,10951.87,10967.639983110033
2022-12-21 09:45:00,10950.7,10967.639983110033
2022-12-21 09:46:00,10965.19,10967.639983110033
2022-12-21 09:47:00,10963.49,10967.639983110033
2022-12-21 09:48:00,10968.59,10967.639983110033
2022-12-21 09:49:00,10972.2,10967.639983110033
2022-12-21 09:50:00,10972.94,10967.639983110033
2022-12-21 09:51:00,10969.030000000002,10967.639983110033
2022-12-21 09:52:00,10963.73,10967.639983110033
2022-12-21 09:53:00,10965.44,10967.639983110033
2022-12-21 09:54:00,10970.51,10967.639983110033
2022-12-21 09:55:00,10974.12,10967.639983110033
2022-12-21 09:56:00,10978.450000000003,10967.639983110033
2022-12-21 09:57:00,10975.3,10967.639983110033
2022-12-21 09:58:00,10971.22,10967.639983110033
2022-12-21 09:59:00,10968.42,10967.639983110033
2022-12-21 10:00:00,10965.96,10967.639983110033
2022-12-21 10:01:00,10965.709999999997,10967.639983110033
2022-12-21 10:02:00,10961.130000000001,10967.639983110033
2022-12-21 10:03:00,10958.53,10967.639983110033
2022-12-21 10:04:00,10957.91,10967.639983110033
2022-12-21 10:05:00,10958.3,10967.639983110033
2022-12-21 10:06:00,10959.04,10967.639983110033
2022-12-21 10:07:00,10951.52,10967.639983110033
2022-12-21 10:08:00,10952.68,10967.639983110033
2022-12-21 10:09:00,10955.29,10967.639983110033
2022-12-21 10:10:00,10958.91,10967.639983110033
2022-12-21 10:11:00,10960.89,10967.639983110033
2022-12-21 10:12:00,10964.21,10967.639983110033
2022-12-21 10:13:00,10969.71,10967.639983110033
2022-12-21 10:14:00,10975.39,10967.639983110033
2022-12-21 10:15:00,10978.81,10967.639983110033
2022-12-21 10:16:00,10994.83,10978.810012274538
2022-12-21 10:17:00,10992.12,10978.810019210234
2022-12-21 10:18:00,10988.1,10978.81001992421
2022-12-21 10:19:00,10986.26,10978.810019924218
2022-12-21 10:20:00,10982.0,10978.81001992422
2022-12-21 10:21:00,10989.53,10978.81001992422
2022-12-21 10:22:00,10982.250000000002,10978.81001992422
2022-12-21 10:23:00,10985.16,10978.81001992422
2022-12-21 10:24:00,10988.45,10978.81001992422
2022-12-21 10:25:00,10987.43,10978.81001992422
2022-12-21 10:26:00,10988.99,10978.81001992422
2022-12-21 10:27:00,10985.279999999999,10978.81001992422
2022-12-21 10:28:00,10987.63,10978.81001992422
2022-12-21 10:29:00,10986.99,10978.81001992422
2022-12-21 10:30:00,10984.510000000002,10978.81001992422
2022-12-21 10:31:00,10975.889999999998,10978.81001992422
2022-12-21 10:32:00,10975.38,10978.81001992422
2022-12-21 10:33:00,10975.24,10978.81001992422
2022-12-21 10:34:00,10978.64,10978.81001992422
2022-12-21 10:35:00,10974.290000000003,10978.81001992422
2022-12-21 10:36:00,10972.11,10978.81001992422
2022-12-21 10:37:00,10980.89,10978.81001992422
2022-12-21 10:38:00,10976.7,10978.81001992422
2022-12-21 10:39:00,10987.36,10978.81001992422
2022-12-21 10:40:00,10985.63,10978.81001992422
2022-12-21 10:41:00,10987.4,10978.81001992422
2022-12-21 10:42:00,10995.840000000002,10978.81001992422
2022-12-21 10:43:00,10991.07,10978.81001992422
2022-12-21 10:44:00,10999.91,10978.81001992422
2022-12-21 10:45:00,10997.13,10978.81001992422
2022-12-21 10:46:00,10997.799999999997,10978.81001992422
2022-12-21 10:47:00,10994.17,10978.81001992422
2022-12-21 10:48:00,10992.68,10978.81001992422
2022-12-21 10:49:00,10988.19,10978.81001992422
2022-12-21 10:50:00,10990.68,10978.81001992422
2022-12-21 10:51:00,10991.68,10978.81001992422
2022-12-21 10:52:00,10991.32,10978.81001992422
2022-12-21 10:53:00,10985.84,10978.81001992422
2022-12-21 10:54:00,10986.09,10978.81001992422
2022-12-21 10:55:00,10988.08,10978.81001992422
2022-12-21 10:56:00,10986.64,10978.81001992422
2022-12-21 10:57:00,10990.199999999999,10978.81001992422
2022-12-21 10:58:00,10989.66,10978.81001992422
2022-12-21 10:59:00,10990.77,10978.81001992422
2022-12-21 11:00:00,10985.55,10978.81001992422
2022-12-21 11:01:00,10985.73,10978.81001992422
2022-12-21 11:02:00,10984.71,10978.81001992422
2022-12-21 11:03:00,10977.9,10978.81001992422
2022-12-21 11:04:00,10974.379999999997,10978.81001992422
2022-12-21 11:05:00,10978.28,10978.81001992422
2022-12-21 11:06:00,10974.57,10978.81001992422
2022-12-21 11:07:00,10974.68,10978.81001992422
2022-12-21 11:08:00,10974.02,10978.81001992422
2022-12-21 11:09:00,10971.61,10978.81001992422
2022-12-21 11:10:00,10972.57,10978.81001992422
2022-12-21 11:11:00,10970.29,10978.81001992422
2022-12-21 11:12:00,10967.58,10978.81001992422
2022-12-21 11:13:00,10956.93,10978.81001992422
2022-12-21 11:14:00,10952.7,10978.81001992422
2022-12-21 11:15:00,10951.45,10978.81001992422
2022-12-21 11:16:00,10953.589999999998,10978.81001992422
2022-12-21 11:17:00,10953.66,10978.81001992422
2022-12-21 11:18:00,10952.38,10978.81001992422
2022-12-21 11:19:00,10953.170000000002,10978.81001992422
2022-12-21 11:20:00,10953.52,10978.81001992422
2022-12-21 11:21:00,10954.67,10978.81001992422
2022-12-21 11:22:00,10946.65,10978.81001992422
2022-12-21 11:23:00,10939.46,10978.81001992422
2022-12-21 11:24:00,10939.9,10978.81001992422
2022-12-21 11:25:00,10939.78,10978.81001992422
2022-12-21 11:26:00,10937.47,10978.81001992422
2022-12-21 11:27:00,10931.19,10978.81001992422
2022-12-21 11:28:00,10927.76,10978.81001992422
2022-12-21 11:29:00,10925.34,10978.81001992422
2022-12-21 11:30:00,10918.89,10978.81001992422
2022-12-21 13:01:00,10924.19,10978.81001992422
2022-12-21 13:02:00,10916.210000000001,10978.81001992422
2022-12-21 13:03:00,10916.81,10978.81001992422
2022-12-21 13:04:00,10920.07,10978.81001992422
2022-12-21 13:05:00,10919.86,10978.81001992422
2022-12-21 13:06:00,10920.04,10978.81001992422
2022-12-21 13:07:00,10918.75,10978.81001992422
2022-12-21 13:08:00,10913.43,10978.81001992422
2022-12-21 13:09:00,10910.44,10978.81001992422
2022-12-21 13:10:00,10909.32,10978.81001992422
2022-12-21 13:11:00,10907.01,10978.81001992422
2022-12-21 13:12:00,10905.630000000001,10978.81001992422
2022-12-21 13:13:00,10911.620000000003,10978.81001992422
2022-12-21 13:14:00,10928.53,10978.81001992422
2022-12-21 13:15:00,10928.14,10978.81001992422
2022-12-21 13:16:00,10927.149999999998,10978.81001992422
2022-12-21 13:17:00,10928.63,10978.81001992422
2022-12-21 13:18:00,10929.52,10978.81001992422
2022-12-21 13:19:00,10922.12,10978.81001992422
2022-12-21 13:20:00,10921.87,10978.81001992422
2022-12-21 13:21:00,10921.65,10978.81001992422
2022-12-21 13:22:00,10920.18,10921.64999793342
2022-12-21 13:23:00,10917.83,10921.649997511362
2022-12-21 13:24:00,10912.55,10921.64999746543
2022-12-21 13:25:00,10905.47,10921.649997465429
2022-12-21 13:26:00,10899.44,10921.649997465429
2022-12-21 13:27:00,10894.92,10921.649997465429
2022-12-21 13:28:00,10888.230000000001,10921.649997465429
2022-12-21 13:29:00,10885.52,10921.649997465429
2022-12-21 13:30:00,10883.93,10921.649997465429
2022-12-21 13:31:00,10885.5,10921.649997465429
2022-12-21 13:32:00,10884.87,10921.649997465429
2022-12-21 13:33:00,10889.81,10921.649997465429
2022-12-21 13:34:00,10890.37,10921.649997465429
2022-12-21 13:35:00,10887.07,10921.649997465429
2022-12-21 13:36:00,10894.39,10921.649997465429
2022-12-21 13:37:00,10900.98,10921.649997465429
2022-12-21 13:38:00,10906.32,10921.649997465429
2022-12-21 13:39:00,10911.58,10921.649997465429
2022-12-21 13:40:00,10906.749999999998,10921.649997465429
2022-12-21 13:41:00,10905.08,10921.649997465429
2022-12-21 13:42:00,10899.32,10921.649997465429
2022-12-21 13:43:00,10898.770000000002,10921.649997465429
2022-12-21 13:44:00,10896.98,10921.649997465429
2022-12-21 13:45:00,10892.87,10921.649997465429
2022-12-21 13:46:00,10890.3,10921.649997465429
2022-12-21 13:47:00,10889.63,10921.649997465429
2022-12-21 13:48:00,10892.9,10921.649997465429
2022-12-21 13:49:00,10901.2,10921.649997465429
2022-12-21 13:50:00,10903.66,10921.649997465429
2022-12-21 13:51:00,10903.720000000001,10921.649997465429
2022-12-21 13:52:00,10894.7,10921.649997465429
2022-12-21 13:53:00,10891.46,10921.649997465429
2022-12-21 13:54:00,10882.09,10921.649997465429
2022-12-21 13:55:00,10880.08,10921.649997465429
2022-12-21 13:56:00,10879.85,10921.649997465429
2022-12-21 13:57:00,10883.21,10921.649997465429
2022-12-21 13:58:00,10885.07,10921.649997465429
2022-12-21 13:59:00,10882.55,10921.649997465429
2022-12-21 14:00:00,10884.67,10921.649997465429
2022-12-21 14:01:00,10892.93,10921.649997465429
2022-12-21 14:02:00,10893.909999999998,10921.649997465429
2022-12-21 14:03:00,10887.55,10921.649997465429
2022-12-21 14:04:00,10886.19,10921.649997465429
2022-12-21 14:05:00,10891.55,10921.649997465429
2022-12-21 14:06:00,10891.18,10921.649997465429
2022-12-21 14:07:00,10889.749999999998,10921.649997465429
2022-12-21 14:08:00,10874.41,10921.649997465429
2022-12-21 14:09:00,10873.77,10921.649997465429
2022-12-21 14:10:00,10872.52,10921.649997465429
2022-12-21 14:11:00,10878.83,10921.649997465429
2022-12-21 14:12:00,10878.9,10921.649997465429
2022-12-21 14:13:00,10879.08,10921.649997465429
2022-12-21 14:14:00,10889.26,10921.649997465429
2022-12-21 14:15:00,10898.1,10921.649997465429
2022-12-21 14:16:00,10907.83,10921.649997465429
2022-12-21 14:17:00,10907.68,10921.649997465429
2022-12-21 14:18:00,10908.51,10921.649997465429
2022-12-21 14:19:00,10920.23,10921.649997465429
2022-12-21 14:20:00,10916.72,10921.649997465429
2022-12-21 14:21:00,10912.95,10921.649997465429
2022-12-21 14:22:00,10910.83,10921.649997465429
2022-12-21 14:23:00,10909.93,10921.649997465429
2022-12-21 14:24:00,10909.44,10921.649997465429
2022-12-21 14:25:00,10903.9,10921.649997465429
2022-12-21 14:26:00,10900.59,10921.649997465429
2022-12-21 14:27:00,10898.079999999998,10921.649997465429
2022-12-21 14:28:00,10897.719999999998,10921.649997465429
2022-12-21 14:29:00,10898.8,10921.649997465429
2022-12-21 14:30:00,10896.64,10921.649997465429
2022-12-21 14:31:00,10898.66,10921.649997465429
2022-12-21 14:32:00,10891.02,10921.649997465429
2022-12-21 14:33:00,10891.54,10921.649997465429
2022-12-21 14:34:00,10890.97,10921.649997465429
2022-12-21 14:35:00,10892.79,10921.649997465429
2022-12-21 14:36:00,10899.08,10921.649997465429
2022-12-21 14:37:00,10897.78,10921.649997465429
2022-12-21 14:38:00,10899.1,10921.649997465429
2022-12-21 14:39:00,10896.25,10921.649997465429
2022-12-21 14:40:00,10896.34,10921.649997465429
2022-12-21 14:41:00,10894.76,10921.649997465429
2022-12-21 14:42:00,10893.67,10921.649997465429
2022-12-21 14:43:00,10898.25,10921.649997465429
2022-12-21 14:44:00,10897.78,10921.649997465429
2022-12-21 14:45:00,10902.940000000002,10921.649997465429
2022-12-21 14:46:00,10904.489999999998,10921.649997465429
2022-12-21 14:47:00,10906.11,10921.649997465429
2022-12-21 14:48:00,10900.52,10921.649997465429
2022-12-21 14:49:00,10898.36,10921.649997465429
2022-12-21 14:50:00,10896.24,10921.649997465429
2022-12-21 14:51:00,10902.35,10921.649997465429
2022-12-21 14:52:00,10905.34,10921.649997465429
2022-12-21 14:53:00,10909.95,10921.649997465429
2022-12-21 14:54:00,10908.2,10921.649997465429
2022-12-21 14:55:00,10909.350000000002,10921.649997465429
2022-12-21 14:56:00,10910.03,10921.649997465429
2022-12-21 14:57:00,10909.91,10921.649997465429
2022-12-21 14:58:00,10911.64,10909.910001328013
2022-12-21 14:59:00,10911.64,10909.910001268217
2022-12-21 15:00:00,10912.09,10909.910001243168
2022-12-22 09:30:00,10976.57,10909.910001243168
2022-12-22 09:31:00,10960.389999999998,10909.910001243168
2022-12-22 09:32:00,10953.77,10909.910001243168
2022-12-22 09:33:00,10949.29,10909.910001243168
2022-12-22 09:34:00,10939.17,10909.910001243168
2022-12-22 09:35:00,10939.02,10909.910001243168
2022-12-22 09:36:00,10941.2,10909.910001243168
2022-12-22 09:37:00,10941.03,10909.910001243168
2022-12-22 09:38:00,10947.33,10909.910001243168
2022-12-22 09:39:00,10938.63,10909.910001243168
2022-12-22 09:40:00,10950.87,10909.910001243168
2022-12-22 09:41:00,10965.16,10909.910001243168
2022-12-22 09:42:00,10980.06,10909.910001243168
2022-12-22 09:43:00,10980.24,10909.910001243168
2022-12-22 09:44:00,10965.42,10909.910001243168
2022-12-22 09:45:00,10949.84,10909.910001243168
2022-12-22 09:46:00,10946.65,10909.910001243168
2022-12-22 09:47:00,10945.31,10909.910001243168
2022-12-22 09:48:00,10942.49,10909.910001243168
2022-12-22 09:49:00,10949.56,10909.910001243168
2022-12-22 09:50:00,10950.41,10909.910001243168
2022-12-22 09:51:00,10954.81,10909.910001243168
2022-12-22 09:52:00,10953.78,10909.910001243168
2022-12-22 09:53:00,10951.3,10909.910001243168
2022-12-22 09:54:00,10955.27,10909.910001243168
2022-12-22 09:55:00,10958.109999999999,10909.910001243168
2022-12-22 09:56:00,10972.21,10909.910001243168
2022-12-22 09:57:00,10979.05,10909.910001243168
2022-12-22 09:58:00,10984.79,10909.910001243168
2022-12-22 09:59:00,10991.09,10909.910001243168
2022-12-22 10:00:00,10988.49,10909.910001243168
2022-12-22 10:01:00,10996.55,10909.910001243168
2022-12-22 10:02:00,10996.71,10909.910001243168
2022-12-22 10:03:00,11003.94,10909.910001243168
2022-12-22 10:04:00,11017.800000000001,10909.910001243168
2022-12-22 10:05:00,11019.5,10909.910001243168
2022-12-22 10:06:00,11011.68,10909.910001243168
2022-12-22 10:07:00,11017.27,10909.910001243168
2022-12-22 10:08:00,11016.17,10909.910001243168
2022-12-22 10:09:00,11014.42,10909.910001243168
2022-12-22 10:10:00,11013.34,10909.910001243168
2022-12-22 10:11:00,11025.12,10909.910001243168
2022-12-22 10:12:00,11027.36,10909.910001243168
2022-12-22 10:13:00,11031.82,10909.910001243168
2022-12-22 10:14:00,11022.64,10909.910001243168
2022-12-22 10:15:00,11017.28,10909.910001243168
2022-12-22 10:16:00,11014.25,10909.910001243168
2022-12-22 10:17:00,11004.520000000002,10909.910001243168
2022-12-22 10:18:00,11008.86,10909.910001243168
2022-12-22 10:19:00,11007.42,10909.910001243168
2022-12-22 10:20:00,11009.53,10909.910001243168
2022-12-22 10:21:00,11008.9,10909.910001243168
2022-12-22 10:22:00,11010.53,10909.910001243168
2022-12-22 10:23:00,11006.39,10909.910001243168
2022-12-22 10:24:00,11004.5,10909.910001243168
2022-12-22 10:25:00,11000.88,10909.910001243168
2022-12-22 10:26:00,10999.49,10909.910001243168
2022-12-22 10:27:00,11006.439999999999,10909.910001243168
2022-12-22 10:28:00,10999.38,10909.910001243168
2022-12-22 10:29:00,11005.0,10909.910001243168
2022-12-22 10:30:00,11003.99,10909.910001243168
2022-12-22 10:31:00,10993.85,10909.910001243168
2022-12-22 10:32:00,10985.84,10909.910001243168
2022-12-22 10:33:00,10988.17,10909.910001243168
2022-12-22 10:34:00,10986.86,10909.910001243168
2022-12-22 10:35:00,10984.59,10909.910001243168
2022-12-22 10:36:00,10979.14,10909.910001243168
2022-12-22 10:37:00,10978.61,10909.910001243168
2022-12-22 10:38:00,10977.9,10909.910001243168
2022-12-22 10:39:00,10980.34,10909.910001243168
2022-12-22 10:40:00,10985.18,10909.910001243168
2022-12-22 10:41:00,10985.95,10909.910001243168
2022-12-22 10:42:00,10990.15,10909.910001243168
2022-12-22 10:43:00,10991.19,10909.910001243168
2022-12-22 10:44:00,10990.69,10909.910001243168
2022-12-22 10:45:00,10988.45,10909.910001243168
2022-12-22 10:46:00,10987.939999999999,10909.910001243168
2022-12-22 10:47:00,10987.88,10909.910001243168
2022-12-22 10:48:00,10983.88,10909.910001243168
2022-12-22 10:49:00,10989.97,10909.910001243168
2022-12-22 10:50:00,10993.88,10909.910001243168
2022-12-22 10:51:00,10993.29,10909.910001243168
2022-12-22 10:52:00,10993.41,10909.910001243168
2022-12-22 10:53:00,10993.45,10909.910001243168
2022-12-22 10:54:00,10991.51,10909.910001243168
2022-12-22 10:55:00,10991.2,10909.910001243168
2022-12-22 10:56:00,10990.71,10909.910001243168
2022-12-22 10:57:00,10993.52,10909.910001243168
2022-12-22 10:58:00,10995.56,10909.910001243168
2022-12-22 10:59:00,10993.9,10909.910001243168
2022-12-22 11:00:00,10996.12,10909.910001243168
2022-12-22 11:01:00,10992.480000000001,10909.910001243168
2022-12-22 11:02:00,10991.58,10909.910001243168
2022-12-22 11:03:00,10987.2,10991.579993928703
2022-12-22 11:04:00,10987.15,10991.579991655664
2022-12-22 11:05:00,10993.74,10991.579991467774
2022-12-22 11:06:00,10996.36,10991.579991467772
2022-12-22 11:07:00,11008.82,10991.579991467768
2022-12-22 11:08:00,11006.430000000002,10991.579991467768
2022-12-22 11:09:00,11002.51,10991.579991467768
2022-12-22 11:10:00,11002.21,10991.579991467768
2022-12-22 11:11:00,10996.7,10991.579991467768
2022-12-22 11:12:00,10994.359999999999,10991.579991467768
2022-12-22 11:13:00,10990.85,10991.579991467768
2022-12-22 11:14:00,10992.18,10991.579991467768
2022-12-22 11:15:00,10991.21,10991.579991467768
2022-12-22 11:16:00,10994.99,10991.579991467768
2022-12-22 11:17:00,10989.96,10991.579991467768
2022-12-22 11:18:00,10988.12,10991.579991467768
2022-12-22 11:19:00,10988.9,10991.579991467768
2022-12-22 11:20:00,10981.57,10991.579991467768
2022-12-22 11:21:00,10979.96,10991.579991467768
2022-12-22 11:22:00,10975.81,10991.579991467768
2022-12-22 11:23:00,10976.92,10991.579991467768
2022-12-22 11:24:00,10972.78,10991.579991467768
2022-12-22 11:25:00,10970.11,10991.579991467768
2022-12-22 11:26:00,10967.06,10991.579991467768
2022-12-22 11:27:00,10963.45,10991.579991467768
2022-12-22 11:28:00,10963.55,10991.579991467768
2022-12-22 11:29:00,10966.779999999999,10991.579991467768
2022-12-22 11:30:00,10965.25,10991.579991467768
2022-12-22 13:01:00,10974.49,10991.579991467768
2022-12-22 13:02:00,10975.52,10991.579991467768
2022-12-22 13:03:00,10985.36,10991.579991467768
2022-12-22 13:04:00,10988.14,10991.579991467768
2022-12-22 13:05:00,10992.56,10991.579991467768
2022-12-22 13:06:00,10983.58,10991.579991467768
2022-12-22 13:07:00,10978.57,10991.579991467768
2022-12-22 13:08:00,10975.55,10991.579991467768
2022-12-22 13:09:00,10972.78,10991.579991467768
2022-12-22 13:10:00,10971.3,10991.579991467768
2022-12-22 13:11:00,10972.5,10991.579991467768
2022-12-22 13:12:00,10972.26,10991.579991467768
2022-12-22 13:13:00,10970.73,10991.579991467768
2022-12-22 13:14:00,10970.73,10991.579991467768
2022-12-22 13:15:00,10967.39,10991.579991467768
2022-12-22 13:16:00,10965.49,10991.579991467768
2022-12-22 13:17:00,10960.96,10991.579991467768
2022-12-22 13:18:00,10961.99,10991.579991467768
2022-12-22 13:19:00,10953.180000000002,10991.579991467768
2022-12-22 13:20:00,10951.56,10991.579991467768
2022-12-22 13:21:00,10950.37,10991.579991467768
2022-12-22 13:22:00,10953.14,10991.579991467768
2022-12-22 13:23:00,10955.99,10991.579991467768
2022-12-22 13:24:00,10958.19,10991.579991467768
2022-12-22 13:25:00,10953.55,10991.579991467768
2022-12-22 13:26:00,10944.96,10991.579991467768
2022-12-22 13:27:00,10943.89,10991.579991467768
2022-12-22 13:28:00,10946.83,10991.579991467768
2022-12-22 13:29:00,10948.04,10991.579991467768
2022-12-22 13:30:00,10947.120000000003,10991.579991467768
2022-12-22 13:31:00,10946.38,10991.579991467768
2022-12-22 13:32:00,10943.77,10991.579991467768
2022-12-22 13:33:00,10940.52,10991.579991467768
2022-12-22 13:34:00,10945.29,10991.579991467768
2022-12-22 13:35:00,10944.869999999999,10991.579991467768
2022-12-22 13:36:00,10938.59,10991.579991467768
2022-12-22 13:37:00,10942.51,10991.579991467768
2022-12-22 13:38:00,10944.39,10991.579991467768
2022-12-22 13:39:00,10947.37,10991.579991467768
2022-12-22 13:40:00,10947.39,10991.579991467768
2022-12-22 13:41:00,10946.54,10991.579991467768
2022-12-22 13:42:00,10945.32,10991.579991467768
2022-12-22 13:43:00,10941.83,10991.579991467768
2022-12-22 13:44:00,10937.88,10991.579991467768
2022-12-22 13:45:00,10935.23,10991.579991467768
2022-12-22 13:46:00,10933.11,10991.579991467768
2022-12-22 13:47:00,10925.88,10991.579991467768
2022-12-22 13:48:00,10924.97,10991.579991467768
2022-12-22 13:49:00,10928.72,10991.579991467768
2022-12-22 13:50:00,10926.71,10991.579991467768
2022-12-22 13:51:00,10925.74,10991.579991467768
2022-12-22 13:52:00,10925.36,10991.579991467768
2022-12-22 13:53:00,10924.56,10991.579991467768
2022-12-22 13:54:00,10921.6,10991.579991467768
2022-12-22 13:55:00,10919.580000000002,10991.579991467768
2022-12-22 13:56:00,10926.34,10991.579991467768
2022-12-22 13:57:00,10925.81,10991.579991467768
2022-12-22 13:58:00,10921.99,10991.579991467768
2022-12-22 13:59:00,10918.839999999998,10991.579991467768
2022-12-22 14:00:00,10918.76,10991.579991467768
2022-12-22 14:01:00,10909.03,10991.579991467768
2022-12-22 14:02:00,10902.85,10991.579991467768
2022-12-22 14:03:00,10908.96,10991.579991467768
2022-12-22 14:04:00,10905.22,10991.579991467768
2022-12-22 14:05:00,10900.66,10991.579991467768
2022-12-22 14:06:00,10895.370000000003,10991.579991467768
2022-12-22 14:07:00,10896.14,10991.579991467768
2022-12-22 14:08:00,10900.99,10991.579991467768
2022-12-22 14:09:00,10899.27,10900.990002426284
2022-12-22 14:10:00,10895.7,10900.990010741187
2022-12-22 14:11:00,10892.71,10900.990011753687
2022-12-22 14:12:00,10887.8,10900.990011753693
2022-12-22 14:13:00,10891.17,10900.990011753694
2022-12-22 14:14:00,10885.5,10900.990011753694
2022-12-22 14:15:00,10882.71,10900.990011753694
2022-12-22 14:16:00,10888.02,10900.990011753694
2022-12-22 14:17:00,10900.01,10900.990011753694
2022-12-22 14:18:00,10901.89,10900.990011753694
2022-12-22 14:19:00,10900.96,10900.990011753694
2022-12-22 14:20:00,10900.310000000001,10900.990011753694
2022-12-22 14:21:00,10894.37,10900.990011753694
2022-12-22 14:22:00,10882.2,10900.990011753694
2022-12-22 14:23:00,10878.819999999998,10900.990011753694
2022-12-22 14:24:00,10876.47,10900.990011753694
2022-12-22 14:25:00,10877.17,10900.990011753694
2022-12-22 14:26:00,10873.03,10900.990011753694
2022-12-22 14:27:00,10871.619999999999,10900.990011753694
2022-12-22 14:28:00,10866.82,10900.990011753694
2022-12-22 14:29:00,10861.88,10900.990011753694
2022-12-22 14:30:00,10872.24,10900.990011753694
2022-12-22 14:31:00,10871.98,10900.990011753694
2022-12-22 14:32:00,10862.11,10900.990011753694
2022-12-22 14:33:00,10859.559999999998,10900.990011753694
2022-12-22 14:34:00,10850.840000000002,10900.990011753694
2022-12-22 14:35:00,10849.08,10900.990011753694
2022-12-22 14:36:00,10851.15,10900.990011753694
2022-12-22 14:37:00,10850.6,10900.990011753694
2022-12-22 14:38:00,10843.79,10900.990011753694
2022-12-22 14:39:00,10840.97,10900.990011753694
2022-12-22 14:40:00,10846.57,10900.990011753694
2022-12-22 14:41:00,10846.329999999998,10900.990011753694
2022-12-22 14:42:00,10852.380000000001,10900.990011753694
2022-12-22 14:43:00,10853.8,10900.990011753694
2022-12-22 14:44:00,10863.719999999998,10900.990011753694
2022-12-22 14:45:00,10864.55,10900.990011753694
2022-12-22 14:46:00,10865.72,10900.990011753694
2022-12-22 14:47:00,10874.76,10900.990011753694
2022-12-22 14:48:00,10875.22,10900.990011753694
2022-12-22 14:49:00,10868.73,10900.990011753694
2022-12-22 14:50:00,10867.080000000002,10900.990011753694
2022-12-22 14:51:00,10876.31,10900.990011753694
2022-12-22 14:52:00,10879.910000000002,10900.990011753694
2022-12-22 14:53:00,10876.18,10900.990011753694
2022-12-22 14:54:00,10876.47,10900.990011753694
2022-12-22 14:55:00,10877.18,10900.990011753694
2022-12-22 14:56:00,10877.38,10900.990011753694
2022-12-22 14:57:00,10879.3,10900.990011753694
2022-12-22 14:58:00,10879.77,10900.990011753694
2022-12-22 14:59:00,10879.77,10900.990011753694
2022-12-22 15:00:00,10876.31,10900.990011753694
2022-12-23 09:30:00,10811.570000000002,10900.990011753694
2022-12-23 09:31:00,10835.31,10900.990011753694
2022-12-23 09:32:00,10826.61,10900.990011753694
2022-12-23 09:33:00,10817.08,10900.990011753694
2022-12-23 09:34:00,10816.29,10900.990011753694
2022-12-23 09:35:00,10804.93,10900.990011753694
2022-12-23 09:36:00,10824.48,10900.990011753694
2022-12-23 09:37:00,10829.710000000001,10900.990011753694
2022-12-23 09:38:00,10834.55,10900.990011753694
2022-12-23 09:39:00,10841.13,10900.990011753694
2022-12-23 09:40:00,10844.59,10900.990011753694
2022-12-23 09:41:00,10836.2,10900.990011753694
2022-12-23 09:42:00,10833.34,10900.990011753694
2022-12-23 09:43:00,10822.13,10900.990011753694
2022-12-23 09:44:00,10827.030000000002,10900.990011753694
2022-12-23 09:45:00,10842.35,10900.990011753694
2022-12-23 09:46:00,10843.69,10900.990011753694
2022-12-23 09:47:00,10835.740000000002,10900.990011753694
2022-12-23 09:48:00,10831.85,10900.990011753694
2022-12-23 09:49:00,10823.88,10900.990011753694
2022-12-23 09:50:00,10827.429999999998,10900.990011753694
2022-12-23 09:51:00,10847.34,10900.990011753694
2022-12-23 09:52:00,10866.48,10900.990011753694
2022-12-23 09:53:00,10868.76,10900.990011753694
2022-12-23 09:54:00,10865.970000000001,10900.990011753694
2022-12-23 09:55:00,10859.19,10900.990011753694
2022-12-23 09:56:00,10867.55,10900.990011753694
2022-12-23 09:57:00,10878.7,10900.990011753694
2022-12-23 09:58:00,10886.71,10900.990011753694
2022-12-23 09:59:00,10888.43,10900.990011753694
2022-12-23 10:00:00,10887.0,10900.990011753694
2022-12-23 10:01:00,10907.18,10900.990011753694
2022-12-23 10:02:00,10906.79,10900.990011753694
2022-12-23 10:03:00,10908.83,10900.990011753694
2022-12-23 10:04:00,10908.03,10900.990011753694
2022-12-23 10:05:00,10907.66,10900.990011753694
2022-12-23 10:06:00,10917.59,10900.990011753694
2022-12-23 10:07:00,10906.6,10900.990011753694
2022-12-23 10:08:00,10900.16,10900.990011753694
2022-12-23 10:09:00,10897.03,10900.990011753694
2022-12-23 10:10:00,10893.33,10900.990011753694
2022-12-23 10:11:00,10899.5,10900.990011753694
2022-12-23 10:12:00,10892.760000000002,10900.990011753694
2022-12-23 10:13:00,10875.56,10900.990011753694
2022-12-23 10:14:00,10866.87,10875.559982026421
2022-12-23 10:15:00,10870.07,10875.559951701554
2022-12-23 10:16:00,10863.66,10875.55994811083
2022-12-23 10:17:00,10854.98,10875.559948110798
2022-12-23 10:18:00,10857.88,10875.55994811079
2022-12-23 10:19:00,10856.83,10875.559948110787
2022-12-23 10:20:00,10860.75,10875.559948110787
2022-12-23 10:21:00,10874.619999999999,10875.559948110787
2022-12-23 10:22:00,10878.72,10875.559948110787
2022-12-23 10:23:00,10879.2,10875.559948110787
2022-12-23 10:24:00,10891.49,10875.559948110787
2022-12-23 10:25:00,10895.25,10875.559948110787
2022-12-23 10:26:00,10892.47,10875.559948110787
2022-12-23 10:27:00,10902.43,10875.559948110787
2022-12-23 10:28:00,10906.93,10875.559948110787
2022-12-23 10:29:00,10901.75,10875.559948110787
2022-12-23 10:30:00,10899.44,10875.559948110787
2022-12-23 10:31:00,10901.55,10875.559948110787
2022-12-23 10:32:00,10897.22,10875.559948110787
2022-12-23 10:33:00,10890.46,10875.559948110787
2022-12-23 10:34:00,10889.68,10875.559948110787
2022-12-23 10:35:00,10891.36,10875.559948110787
2022-12-23 10:36:00,10881.68,10875.559948110787
2022-12-23 10:37:00,10880.95,10875.559948110787
2022-12-23 10:38:00,10888.29,10875.559948110787
2022-12-23 10:39:00,10894.610000000002,10875.559948110787
2022-12-23 10:40:00,10897.44,10875.559948110787
2022-12-23 10:41:00,10898.65,10875.559948110787
2022-12-23 10:42:00,10900.36,10875.559948110787
2022-12-23 10:43:00,10896.77,10875.559948110787
2022-12-23 10:44:00,10891.12,10875.559948110787
2022-12-23 10:45:00,10890.46,10875.559948110787
2022-12-23 10:46:00,10906.86,10875.559948110787
2022-12-23 10:47:00,10902.69,10875.559948110787
2022-12-23 10:48:00,10898.4,10875.559948110787
2022-12-23 10:49:00,10891.18,10875.559948110787
2022-12-23 10:50:00,10886.45,10875.559948110787
2022-12-23 10:51:00,10880.300000000001,10875.559948110787
2022-12-23 10:52:00,10875.54,10875.559948110787
2022-12-23 10:53:00,10872.399999999998,10875.559948110787
2022-12-23 10:54:00,10867.790000000003,10875.559948110787
2022-12-23 10:55:00,10866.21,10875.559948110787
2022-12-23 10:56:00,10863.73,10875.559948110787
2022-12-23 10:57:00,10864.12,10875.559948110787
2022-12-23 10:58:00,10858.010000000002,10875.559948110787
2022-12-23 10:59:00,10855.53,10875.559948110787
2022-12-23 11:00:00,10853.52,10875.559948110787
2022-12-23 11:01:00,10857.299999999997,10875.559948110787
2022-12-23 11:02:00,10859.34,10875.559948110787
2022-12-23 11:03:00,10860.14,10875.559948110787
2022-12-23 11:04:00,10864.479999999998,10875.559948110787
2022-12-23 11:05:00,10857.37,10875.559948110787
2022-12-23 11:06:00,10859.959999999997,10875.559948110787
2022-12-23 11:07:00,10859.900000000001,10875.559948110787
2022-12-23 11:08:00,10863.53,10875.559948110787
2022-12-23 11:09:00,10860.5,10875.559948110787
2022-12-23 11:10:00,10860.13,10875.559948110787
2022-12-23 11:11:00,10859.159999999998,10875.559948110787
2022-12-23 11:12:00,10854.56,10875.559948110787
2022-12-23 11:13:00,10854.78,10875.559948110787
2022-12-23 11:14:00,10857.12,10875.559948110787
2022-12-23 11:15:00,10855.750000000002,10875.559948110787
2022-12-23 11:16:00,10857.05,10875.559948110787
2022-12-23 11:17:00,10865.8,10875.559948110787
2022-12-23 11:18:00,10867.75,10875.559948110787
2022-12-23 11:19:00,10870.56,10875.559948110787
2022-12-23 11:20:00,10870.78,10875.559948110787
2022-12-23 11:21:00,10881.28,10875.559948110787
2022-12-23 11:22:00,10885.51,10875.559948110787
2022-12-23 11:23:00,10882.69,10875.559948110787
2022-12-23 11:24:00,10883.39,10875.559948110787
2022-12-23 11:25:00,10890.880000000001,10875.559948110787
2022-12-23 11:26:00,10889.380000000001,10875.559948110787
2022-12-23 11:27:00,10891.85,10875.559948110787
2022-12-23 11:28:00,10887.81,10875.559948110787
2022-12-23 11:29:00,10883.94,10875.559948110787
2022-12-23 11:30:00,10878.31,10875.559948110787
2022-12-23 13:01:00,10871.44,10875.559948110787
2022-12-23 13:02:00,10871.950000000003,10875.559948110787
2022-12-23 13:03:00,10866.99,10875.559948110787
2022-12-23 13:04:00,10861.66,10875.559948110787
2022-12-23 13:05:00,10856.76,10875.559948110787
2022-12-23 13:06:00,10860.77,10875.559948110787
2022-12-23 13:07:00,10862.34,10875.559948110787
2022-12-23 13:08:00,10859.44,10875.559948110787
2022-12-23 13:09:00,10858.799999999997,10875.559948110787
2022-12-23 13:10:00,10859.38,10875.559948110787
2022-12-23 13:11:00,10858.360000000002,10875.559948110787
2022-12-23 13:12:00,10855.63,10875.559948110787
2022-12-23 13:13:00,10858.54,10875.559948110787
2022-12-23 13:14:00,10858.23,10875.559948110787
2022-12-23 13:15:00,10854.66,10875.559948110787
2022-12-23 13:16:00,10854.84,10875.559948110787
2022-12-23 13:17:00,10848.46,10875.559948110787
2022-12-23 13:18:00,10851.17,10875.559948110787
2022-12-23 13:19:00,10851.41,10875.559948110787
2022-12-23 13:20:00,10850.14,10851.410003334988
2022-12-23 13:21:00,10854.74,10851.410004304247
2022-12-23 13:22:00,10848.82,10851.410004354351
2022-12-23 13:23:00,10845.47,10851.410004354353
2022-12-23 13:24:00,10844.18,10851.410004354353
2022-12-23 13:25:00,10839.3,10851.410004354353
2022-12-23 13:26:00,10844.0,10851.410004354353
2022-12-23 13:27:00,10841.86,10851.410004354353
2022-12-23 13:28:00,10839.65,10851.410004354353
2022-12-23 13:29:00,10843.05,10851.410004354353
2022-12-23 13:30:00,10848.55,10851.410004354353
2022-12-23 13:31:00,10842.959999999997,10851.410004354353
2022-12-23 13:32:00,10839.159999999998,10851.410004354353
2022-12-23 13:33:00,10842.01,10851.410004354353
2022-12-23 13:34:00,10846.670000000002,10851.410004354353
2022-12-23 13:35:00,10851.08,10851.410004354353
2022-12-23 13:36:00,10848.49,10851.410004354353
2022-12-23 13:37:00,10848.44,10851.410004354353
2022-12-23 13:38:00,10847.68,10851.410004354353
2022-12-23 13:39:00,10846.12,10851.410004354353
2022-12-23 13:40:00,10846.329999999998,10851.410004354353
2022-12-23 13:41:00,10848.960000000001,10851.410004354353
2022-12-23 13:42:00,10849.67,10851.410004354353
2022-12-23 13:43:00,10850.430000000002,10851.410004354353
2022-12-23 13:44:00,10852.11,10851.410004354353
2022-12-23 13:45:00,10857.659999999998,10851.410004354353
2022-12-23 13:46:00,10857.43,10851.410004354353
2022-12-23 13:47:00,10851.629999999997,10851.410004354353
2022-12-23 13:48:00,10852.389999999998,10851.410004354353
2022-12-23 13:49:00,10852.79,10851.410004354353
2022-12-23 13:50:00,10846.74,10851.410004354353
2022-12-23 13:51:00,10846.09,10851.410004354353
2022-12-23 13:52:00,10842.04,10851.410004354353
2022-12-23 13:53:00,10839.09,10851.410004354353
2022-12-23 13:54:00,10840.47,10851.410004354353
2022-12-23 13:55:00,10839.02,10851.410004354353
2022-12-23 13:56:00,10836.61,10851.410004354353
2022-12-23 13:57:00,10839.02,10851.410004354353
2022-12-23 13:58:00,10837.52,10851.410004354353
2022-12-23 13:59:00,10838.049999999997,10851.410004354353
2022-12-23 14:00:00,10839.71,10851.410004354353
2022-12-23 14:01:00,10845.89,10851.410004354353
2022-12-23 14:02:00,10842.36,10851.410004354353
2022-12-23 14:03:00,10833.830000000002,10851.410004354353
2022-12-23 14:04:00,10829.83,10851.410004354353
2022-12-23 14:05:00,10824.92,10851.410004354353
2022-12-23 14:06:00,10828.95,10851.410004354353
2022-12-23 14:07:00,10830.99,10851.410004354353
2022-12-23 14:08:00,10830.61,10851.410004354353
2022-12-23 14:09:00,10829.76,10851.410004354353
2022-12-23 14:10:00,10823.96,10851.410004354353
2022-12-23 14:11:00,10821.59,10851.410004354353
2022-12-23 14:12:00,10817.94,10851.410004354353
2022-12-23 14:13:00,10817.41,10851.410004354353
2022-12-23 14:14:00,10816.879999999997,10851.410004354353
2022-12-23 14:15:00,10816.24,10851.410004354353
2022-12-23 14:16:00,10810.439999999999,10851.410004354353
2022-12-23 14:17:00,10815.2,10851.410004354353
2022-12-23 14:18:00,10816.07,10851.410004354353
2022-12-23 14:19:00,10816.830000000002,10851.410004354353
2022-12-23 14:20:00,10816.87,10851.410004354353
2022-12-23 14:21:00,10815.62,10851.410004354353
2022-12-23 14:22:00,10810.829999999998,10851.410004354353
2022-12-23 14:23:00,10812.89,10851.410004354353
2022-12-23 14:24:00,10809.62,10851.410004354353
2022-12-23 14:25:00,10806.24,10851.410004354353
2022-12-23 14:26:00,10804.48,10851.410004354353
2022-12-23 14:27:00,10802.75,10851.410004354353
2022-12-23 14:28:00,10799.42,10851.410004354353
2022-12-23 14:29:00,10795.03,10851.410004354353
2022-12-23 14:30:00,10794.74,10851.410004354353
2022-12-23 14:31:00,10807.47,10851.410004354353
2022-12-23 14:32:00,10813.94,10851.410004354353
2022-12-23 14:33:00,10810.58,10851.410004354353
2022-12-23 14:34:00,10816.21,10851.410004354353
2022-12-23 14:35:00,10823.45,10851.410004354353
2022-12-23 14:36:00,10822.8,10851.410004354353
2022-12-23 14:37:00,10825.179999999998,10851.410004354353
2022-12-23 14:38:00,10820.45,10851.410004354353
2022-12-23 14:39:00,10821.25,10851.410004354353
2022-12-23 14:40:00,10832.379999999997,10851.410004354353
2022-12-23 14:41:00,10831.49,10851.410004354353
2022-12-23 14:42:00,10834.67,10851.410004354353
2022-12-23 14:43:00,10833.51,10851.410004354353
2022-12-23 14:44:00,10833.02,10851.410004354353
2022-12-23 14:45:00,10832.22,10851.410004354353
2022-12-23 14:46:00,10832.690000000002,10851.410004354353
2022-12-23 14:47:00,10835.97,10851.410004354353
2022-12-23 14:48:00,10839.68,10851.410004354353
2022-12-23 14:49:00,10842.32,10851.410004354353
2022-12-23 14:50:00,10843.289999999999,10851.410004354353
2022-12-23 14:51:00,10842.01,10851.410004354353
2022-12-23 14:52:00,10840.96,10851.410004354353
2022-12-23 14:53:00,10844.66,10851.410004354353
2022-12-23 14:54:00,10844.029999999999,10851.410004354353
2022-12-23 14:55:00,10845.33,10851.410004354353
2022-12-23 14:56:00,10847.479999999998,10845.330000312573
2022-12-23 14:57:00,10850.63,10845.330002366694
2022-12-23 14:58:00,10850.69,10845.330002638088
2022-12-23 14:59:00,10850.69,10845.33000263809
2022-12-23 15:00:00,10849.64,10845.33000263809
2022-12-26 09:30:00,10858.33,10845.33000263809
2022-12-26 09:31:00,10885.93,10845.33000263809
2022-12-26 09:32:00,10884.080000000002,10845.33000263809
2022-12-26 09:33:00,10880.11,10845.33000263809
2022-12-26 09:34:00,10870.62,10845.33000263809
2022-12-26 09:35:00,10882.88,10845.33000263809
2022-12-26 09:36:00,10882.87,10845.33000263809
2022-12-26 09:37:00,10878.459999999997,10845.33000263809
2022-12-26 09:38:00,10887.21,10845.33000263809
2022-12-26 09:39:00,10892.62,10845.33000263809
2022-12-26 09:40:00,10898.51,10845.33000263809
2022-12-26 09:41:00,10888.87,10845.33000263809
2022-12-26 09:42:00,10888.88,10845.33000263809
2022-12-26 09:43:00,10889.72,10845.33000263809
2022-12-26 09:44:00,10885.36,10845.33000263809
2022-12-26 09:45:00,10895.66,10845.33000263809
2022-12-26 09:46:00,10889.23,10845.33000263809
2022-12-26 09:47:00,10885.239999999998,10845.33000263809
2022-12-26 09:48:00,10900.5,10845.33000263809
2022-12-26 09:49:00,10887.96,10845.33000263809
2022-12-26 09:50:00,10891.77,10845.33000263809
2022-12-26 09:51:00,10892.03,10845.33000263809
2022-12-26 09:52:00,10900.689999999999,10845.33000263809
2022-12-26 09:53:00,10891.69,10845.33000263809
2022-12-26 09:54:00,10885.64,10845.33000263809
2022-12-26 09:55:00,10891.16,10845.33000263809
2022-12-26 09:56:00,10897.35,10845.33000263809
2022-12-26 09:57:00,10913.63,10845.33000263809
2022-12-26 09:58:00,10915.61,10845.33000263809
2022-12-26 09:59:00,10914.92,10845.33000263809
2022-12-26 10:00:00,10925.42,10845.33000263809
2022-12-26 10:01:00,10930.11,10845.33000263809
2022-12-26 10:02:00,10924.96,10845.33000263809
2022-12-26 10:03:00,10940.379999999997,10845.33000263809
2022-12-26 10:04:00,10941.93,10845.33000263809
2022-12-26 10:05:00,10942.42,10845.33000263809
2022-12-26 10:06:00,10945.88,10845.33000263809
2022-12-26 10:07:00,10938.77,10845.33000263809
2022-12-26 10:08:00,10933.78,10845.33000263809
2022-12-26 10:09:00,10942.58,10845.33000263809
2022-12-26 10:10:00,10944.67,10845.33000263809
2022-12-26 10:11:00,10944.8,10845.33000263809
2022-12-26 10:12:00,10949.0,10845.33000263809
2022-12-26 10:13:00,10958.34,10845.33000263809
2022-12-26 10:14:00,10963.17,10845.33000263809
2022-12-26 10:15:00,10956.42,10845.33000263809
2022-12-26 10:16:00,10953.4,10845.33000263809
2022-12-26 10:17:00,10958.02,10845.33000263809
2022-12-26 10:18:00,10953.12,10845.33000263809
2022-12-26 10:19:00,10947.82,10845.33000263809
2022-12-26 10:20:00,10949.48,10845.33000263809
2022-12-26 10:21:00,10948.620000000003,10845.33000263809
2022-12-26 10:22:00,10947.26,10845.33000263809
2022-12-26 10:23:00,10942.249999999998,10845.33000263809
2022-12-26 10:24:00,10943.390000000001,10845.33000263809
2022-12-26 10:25:00,10941.55,10845.33000263809
2022-12-26 10:26:00,10936.47,10845.33000263809
2022-12-26 10:27:00,10933.939999999999,10845.33000263809
2022-12-26 10:28:00,10931.86,10845.33000263809
2022-12-26 10:29:00,10939.54,10845.33000263809
2022-12-26 10:30:00,10944.71,10845.33000263809
2022-12-26 10:31:00,10949.57,10845.33000263809
2022-12-26 10:32:00,10943.55,10845.33000263809
2022-12-26 10:33:00,10949.21,10845.33000263809
2022-12-26 10:34:00,10950.36,10845.33000263809
2022-12-26 10:35:00,10954.88,10845.33000263809
2022-12-26 10:36:00,10964.159999999998,10845.33000263809
2022-12-26 10:37:00,10960.89,10845.33000263809
2022-12-26 10:38:00,10965.48,10845.33000263809
2022-12-26 10:39:00,10965.9,10845.33000263809
2022-12-26 10:40:00,10970.03,10845.33000263809
2022-12-26 10:41:00,10971.1,10845.33000263809
2022-12-26 10:42:00,10967.87,10845.33000263809
2022-12-26 10:43:00,10967.79,10845.33000263809
2022-12-26 10:44:00,10971.87,10845.33000263809
2022-12-26 10:45:00,10975.440000000002,10845.33000263809
2022-12-26 10:46:00,10972.95,10845.33000263809
2022-12-26 10:47:00,10975.04,10845.33000263809
2022-12-26 10:48:00,10973.13,10845.33000263809
2022-12-26 10:49:00,10980.59,10845.33000263809
2022-12-26 10:50:00,10977.11,10845.33000263809
2022-12-26 10:51:00,10972.93,10845.33000263809
2022-12-26 10:52:00,10972.3,10845.33000263809
2022-12-26 10:53:00,10976.35,10845.33000263809
2022-12-26 10:54:00,10982.43,10845.33000263809
2022-12-26 10:55:00,10986.92,10845.33000263809
2022-12-26 10:56:00,10990.08,10845.33000263809
2022-12-26 10:57:00,10985.1,10845.33000263809
2022-12-26 10:58:00,10988.75,10845.33000263809
2022-12-26 10:59:00,10994.79,10845.33000263809
2022-12-26 11:00:00,10994.85,10845.33000263809
2022-12-26 11:01:00,10987.2,10994.850010944501
2022-12-26 11:02:00,10980.61,10994.850012306295
2022-12-26 11:03:00,10979.990000000002,10994.850012318831
2022-12-26 11:04:00,10979.77,10994.850012318835
2022-12-26 11:05:00,10972.58,10994.850012318835
2022-12-26 11:06:00,10979.35,10994.850012318835
2022-12-26 11:07:00,10979.610000000002,10994.850012318835
2022-12-26 11:08:00,10978.66,10994.850012318835
2022-12-26 11:09:00,10984.71,10994.850012318835
2022-12-26 11:10:00,10981.69,10994.850012318835
2022-12-26 11:11:00,10981.82,10994.850012318835
2022-12-26 11:12:00,10978.98,10994.850012318835
2022-12-26 11:13:00,10975.75,10994.850012318835
2022-12-26 11:14:00,10974.15,10994.850012318835
2022-12-26 11:15:00,10973.67,10994.850012318835
2022-12-26 11:16:00,10970.81,10994.850012318835
2022-12-26 11:17:00,10972.24,10994.850012318835
2022-12-26 11:18:00,10976.69,10994.850012318835
2022-12-26 11:19:00,10976.27,10994.850012318835
2022-12-26 11:20:00,10971.9,10994.850012318835
2022-12-26 11:21:00,10971.62,10994.850012318835
2022-12-26 11:22:00,10969.48,10994.850012318835
2022-12-26 11:23:00,10970.63,10994.850012318835
2022-12-26 11:24:00,10971.49,10994.850012318835
2022-12-26 11:25:00,10971.03,10994.850012318835
2022-12-26 11:26:00,10971.04,10994.850012318835
2022-12-26 11:27:00,10973.29,10994.850012318835
2022-12-26 11:28:00,10975.7,10994.850012318835
2022-12-26 11:29:00,10975.26,10994.850012318835
2022-12-26 11:30:00,10966.16,10994.850012318835
2022-12-26 13:01:00,10974.3,10994.850012318835
2022-12-26 13:02:00,10971.23,10994.850012318835
2022-12-26 13:03:00,10968.94,10994.850012318835
2022-12-26 13:04:00,10969.49,10994.850012318835
2022-12-26 13:05:00,10965.21,10994.850012318835
2022-12-26 13:06:00,10969.84,10994.850012318835
2022-12-26 13:07:00,10963.12,10994.850012318835
2022-12-26 13:08:00,10959.91,10994.850012318835
2022-12-26 13:09:00,10961.880000000001,10994.850012318835
2022-12-26 13:10:00,10961.25,10994.850012318835
2022-12-26 13:11:00,10961.06,10994.850012318835
2022-12-26 13:12:00,10962.8,10994.850012318835
2022-12-26 13:13:00,10961.490000000002,10994.850012318835
2022-12-26 13:14:00,10962.14,10994.850012318835
2022-12-26 13:15:00,10964.66,10994.850012318835
2022-12-26 13:16:00,10967.42,10994.850012318835
2022-12-26 13:17:00,10966.72,10994.850012318835
2022-12-26 13:18:00,10966.48,10994.850012318835
2022-12-26 13:19:00,10965.89,10994.850012318835
2022-12-26 13:20:00,10968.18,10994.850012318835
2022-12-26 13:21:00,10969.94,10994.850012318835
2022-12-26 13:22:00,10970.69,10994.850012318835
2022-12-26 13:23:00,10972.94,10994.850012318835
2022-12-26 13:24:00,10978.29,10994.850012318835
2022-12-26 13:25:00,10977.14,10994.850012318835
2022-12-26 13:26:00,10975.21,10994.850012318835
2022-12-26 13:27:00,10972.040000000003,10994.850012318835
2022-12-26 13:28:00,10966.12,10994.850012318835
2022-12-26 13:29:00,10966.38,10994.850012318835
2022-12-26 13:30:00,10964.68,10994.850012318835
2022-12-26 13:31:00,10962.99,10994.850012318835
2022-12-26 13:32:00,10964.169999999998,10994.850012318835
2022-12-26 13:33:00,10967.29,10994.850012318835
2022-12-26 13:34:00,10964.29,10994.850012318835
2022-12-26 13:35:00,10964.150000000001,10994.850012318835
2022-12-26 13:36:00,10964.2,10994.850012318835
2022-12-26 13:37:00,10965.32,10994.850012318835
2022-12-26 13:38:00,10967.569999999998,10994.850012318835
2022-12-26 13:39:00,10965.38,10994.850012318835
2022-12-26 13:40:00,10966.65,10994.850012318835
2022-12-26 13:41:00,10967.61,10994.850012318835
2022-12-26 13:42:00,10967.85,10994.850012318835
2022-12-26 13:43:00,10965.73,10994.850012318835
2022-12-26 13:44:00,10967.179999999998,10994.850012318835
2022-12-26 13:45:00,10963.28,10994.850012318835
2022-12-26 13:46:00,10957.47,10994.850012318835
2022-12-26 13:47:00,10956.48,10994.850012318835
2022-12-26 13:48:00,10956.71,10994.850012318835
2022-12-26 13:49:00,10955.71,10994.850012318835
2022-12-26 13:50:00,10957.690000000002,10994.850012318835
2022-12-26 13:51:00,10957.83,10994.850012318835
2022-12-26 13:52:00,10956.5,10994.850012318835
2022-12-26 13:53:00,10958.31,10994.850012318835
2022-12-26 13:54:00,10960.88,10994.850012318835
2022-12-26 13:55:00,10963.1,10994.850012318835
2022-12-26 13:56:00,10965.81,10994.850012318835
2022-12-26 13:57:00,10965.81,10994.850012318835
2022-12-26 13:58:00,10965.17,10994.850012318835
2022-12-26 13:59:00,10964.35,10994.850012318835
2022-12-26 14:00:00,10963.09,10994.850012318835
2022-12-26 14:01:00,10960.53,10994.850012318835
2022-12-26 14:02:00,10964.66,10994.850012318835
2022-12-26 14:03:00,10960.51,10994.850012318835
2022-12-26 14:04:00,10960.06,10994.850012318835
2022-12-26 14:05:00,10961.93,10994.850012318835
2022-12-26 14:06:00,10965.29,10994.850012318835
2022-12-26 14:07:00,10968.11,10965.29000459913
2022-12-26 14:08:00,10968.41,10965.290010638573
2022-12-26 14:09:00,10971.689999999999,10965.29001134002
2022-12-26 14:10:00,10973.589999999998,10965.290011340025
2022-12-26 14:11:00,10971.25,10965.290011340028
2022-12-26 14:12:00,10972.05,10965.290011340028
2022-12-26 14:13:00,10971.729999999998,10965.290011340028
2022-12-26 14:14:00,10972.68,10965.290011340028
2022-12-26 14:15:00,10977.350000000002,10965.290011340028
2022-12-26 14:16:00,10976.26,10965.290011340028
2022-12-26 14:17:00,10976.36,10965.290011340028
2022-12-26 14:18:00,10977.389999999998,10965.290011340028
2022-12-26 14:19:00,10979.990000000002,10965.290011340028
2022-12-26 14:20:00,10980.78,10965.290011340028
2022-12-26 14:21:00,10978.78,10965.290011340028
2022-12-26 14:22:00,10978.859999999999,10965.290011340028
2022-12-26 14:23:00,10979.08,10965.290011340028
2022-12-26 14:24:00,10981.44,10965.290011340028
2022-12-26 14:25:00,10980.98,10965.290011340028
2022-12-26 14:26:00,10983.27,10965.290011340028
2022-12-26 14:27:00,10984.86,10965.290011340028
2022-12-26 14:28:00,10982.42,10965.290011340028
2022-12-26 14:29:00,10982.51,10965.290011340028
2022-12-26 14:30:00,10982.72,10965.290011340028
2022-12-26 14:31:00,10975.05,10965.290011340028
2022-12-26 14:32:00,10972.75,10965.290011340028
2022-12-26 14:33:00,10973.14,10965.290011340028
2022-12-26 14:34:00,10970.67,10965.290011340028
2022-12-26 14:35:00,10968.88,10965.290011340028
2022-12-26 14:36:00,10962.53,10965.290011340028
2022-12-26 14:37:00,10968.64,10965.290011340028
2022-12-26 14:38:00,10968.17,10965.290011340028
2022-12-26 14:39:00,10970.64,10965.290011340028
2022-12-26 14:40:00,10970.170000000002,10965.290011340028
2022-12-26 14:41:00,10969.37,10965.290011340028
2022-12-26 14:42:00,10970.01,10965.290011340028
2022-12-26 14:43:00,10971.01,10965.290011340028
2022-12-26 14:44:00,10968.93,10965.290011340028
2022-12-26 14:45:00,10972.34,10965.290011340028
2022-12-26 14:46:00,10971.94,10965.290011340028
2022-12-26 14:47:00,10971.67,10965.290011340028
2022-12-26 14:48:00,10972.61,10965.290011340028
2022-12-26 14:49:00,10970.49,10965.290011340028
2022-12-26 14:50:00,10969.74,10965.290011340028
2022-12-26 14:51:00,10967.920000000002,10965.290011340028
2022-12-26 14:52:00,10967.14,10965.290011340028
2022-12-26 14:53:00,10970.960000000001,10965.290011340028
2022-12-26 14:54:00,10971.81,10965.290011340028
2022-12-26 14:55:00,10972.4,10965.290011340028
2022-12-26 14:56:00,10977.48,10965.290011340028
2022-12-26 14:57:00,10979.5,10965.290011340028
2022-12-26 14:58:00,10979.600000000002,10965.290011340028
2022-12-26 14:59:00,10979.600000000002,10965.290011340028
2022-12-26 15:00:00,10978.99,10965.290011340028
2022-12-27 09:30:00,11010.93,10965.290011340028
2022-12-27 09:31:00,11014.769999999999,10965.290011340028
2022-12-27 09:32:00,11013.04,10965.290011340028
2022-12-27 09:33:00,11006.29,10965.290011340028
2022-12-27 09:34:00,11020.85,10965.290011340028
2022-12-27 09:35:00,11017.83,10965.290011340028
2022-12-27 09:36:00,11017.34,10965.290011340028
2022-12-27 09:37:00,11009.53,10965.290011340028
2022-12-27 09:38:00,11017.19,10965.290011340028
2022-12-27 09:39:00,11012.490000000002,10965.290011340028
2022-12-27 09:40:00,11014.18,10965.290011340028
2022-12-27 09:41:00,11018.27,10965.290011340028
2022-12-27 09:42:00,11018.09,10965.290011340028
2022-12-27 09:43:00,11017.000000000002,10965.290011340028
2022-12-27 09:44:00,11021.71,10965.290011340028
2022-12-27 09:45:00,11016.45,10965.290011340028
2022-12-27 09:46:00,11013.68,10965.290011340028
2022-12-27 09:47:00,11003.31,10965.290011340028
2022-12-27 09:48:00,11000.59,10965.290011340028
2022-12-27 09:49:00,11007.32,10965.290011340028
2022-12-27 09:50:00,11019.84,10965.290011340028
2022-12-27 09:51:00,11021.02,10965.290011340028
2022-12-27 09:52:00,11014.57,10965.290011340028
2022-12-27 09:53:00,11014.28,10965.290011340028
2022-12-27 09:54:00,11006.36,10965.290011340028
2022-12-27 09:55:00,11002.300000000001,10965.290011340028
2022-12-27 09:56:00,11018.18,10965.290011340028
2022-12-27 09:57:00,11025.42,10965.290011340028
2022-12-27 09:58:00,11030.56,10965.290011340028
2022-12-27 09:59:00,11024.32,10965.290011340028
2022-12-27 10:00:00,11022.2,10965.290011340028
2022-12-27 10:01:00,11025.36,10965.290011340028
2022-12-27 10:02:00,11031.369999999999,10965.290011340028
2022-12-27 10:03:00,11040.89,10965.290011340028
2022-12-27 10:04:00,11045.04,10965.290011340028
2022-12-27 10:05:00,11051.79,10965.290011340028
2022-12-27 10:06:00,11050.92,10965.290011340028
2022-12-27 10:07:00,11045.92,10965.290011340028
2022-12-27 10:08:00,11042.64,10965.290011340028
2022-12-27 10:09:00,11042.64,10965.290011340028
2022-12-27 10:10:00,11047.950000000003,10965.290011340028
2022-12-27 10:11:00,11043.01,10965.290011340028
2022-12-27 10:12:00,11035.44,11043.010006649996
2022-12-27 10:13:00,11032.79,11043.00999945306
2022-12-27 10:14:00,11035.54,11043.00999842178
2022-12-27 10:15:00,11033.68,11043.009998421776
2022-12-27 10:16:00,11029.25,11043.009998421774
2022-12-27 10:17:00,11029.76,11043.009998421774
2022-12-27 10:18:00,11031.92,11043.009998421774
2022-12-27 10:19:00,11031.369999999999,11043.009998421774
2022-12-27 10:20:00,11029.63,11043.009998421774
2022-12-27 10:21:00,11031.98,11043.009998421774
2022-12-27 10:22:00,11033.37,11043.009998421774
2022-12-27 10:23:00,11032.38,11043.009998421774
2022-12-27 10:24:00,11027.8,11043.009998421774
2022-12-27 10:25:00,11027.09,11043.009998421774
2022-12-27 10:26:00,11024.74,11043.009998421774
2022-12-27 10:27:00,11025.87,11043.009998421774
2022-12-27 10:28:00,11031.73,11043.009998421774
2022-12-27 10:29:00,11033.91,11043.009998421774
2022-12-27 10:30:00,11033.99,11043.009998421774
2022-12-27 10:31:00,11034.5,11043.009998421774
2022-12-27 10:32:00,11032.159999999998,11043.009998421774
2022-12-27 10:33:00,11030.950000000003,11043.009998421774
2022-12-27 10:34:00,11030.58,11043.009998421774
2022-12-27 10:35:00,11028.330000000002,11043.009998421774
2022-12-27 10:36:00,11037.67,11043.009998421774
2022-12-27 10:37:00,11040.24,11043.009998421774
2022-12-27 10:38:00,11042.54,11043.009998421774
2022-12-27 10:39:00,11040.6,11043.009998421774
2022-12-27 10:40:00,11040.72,11043.009998421774
2022-12-27 10:41:00,11035.550000000001,11043.009998421774
2022-12-27 10:42:00,11035.120000000003,11043.009998421774
2022-12-27 10:43:00,11036.05,11043.009998421774
2022-12-27 10:44:00,11037.35,11043.009998421774
2022-12-27 10:45:00,11038.66,11043.009998421774
2022-12-27 10:46:00,11036.260000000002,11043.009998421774
2022-12-27 10:47:00,11033.17,11043.009998421774
2022-12-27 10:48:00,11033.22,11043.009998421774
2022-12-27 10:49:00,11032.26,11043.009998421774
2022-12-27 10:50:00,11034.370000000003,11043.009998421774
2022-12-27 10:51:00,11037.09,11043.009998421774
2022-12-27 10:52:00,11039.1,11043.009998421774
2022-12-27 10:53:00,11038.43,11043.009998421774
2022-12-27 10:54:00,11039.8,11043.009998421774
2022-12-27 10:55:00,11039.81,11043.009998421774
2022-12-27 10:56:00,11041.71,11043.009998421774
2022-12-27 10:57:00,11042.46,11043.009998421774
2022-12-27 10:58:00,11046.39,11043.009998421774
2022-12-27 10:59:00,11042.83,11043.009998421774
2022-12-27 11:00:00,11038.31,11043.009998421774
2022-12-27 11:01:00,11031.350000000002,11043.009998421774
2022-12-27 11:02:00,11026.440000000002,11043.009998421774
2022-12-27 11:03:00,11023.24,11043.009998421774
2022-12-27 11:04:00,11023.87,11043.009998421774
2022-12-27 11:05:00,11026.7,11043.009998421774
2022-12-27 11:06:00,11026.92,11043.009998421774
2022-12-27 11:07:00,11029.66,11043.009998421774
2022-12-27 11:08:00,11031.55,11043.009998421774
2022-12-27 11:09:00,11034.31,11043.009998421774
2022-12-27 11:10:00,11036.94,11043.009998421774
2022-12-27 11:11:00,11037.16,11043.009998421774
2022-12-27 11:12:00,11034.69,11043.009998421774
2022-12-27 11:13:00,11034.84,11043.009998421774
2022-12-27 11:14:00,11040.28,11043.009998421774
2022-12-27 11:15:00,11042.61,11043.009998421774
2022-12-27 11:16:00,11044.589999999998,11043.009998421774
2022-12-27 11:17:00,11042.21,11043.009998421774
2022-12-27 11:18:00,11046.35,11043.009998421774
2022-12-27 11:19:00,11048.99,11043.009998421774
2022-12-27 11:20:00,11049.909999999998,11043.009998421774
2022-12-27 11:21:00,11051.93,11043.009998421774
2022-12-27 11:22:00,11055.550000000001,11043.009998421774
2022-12-27 11:23:00,11057.84,11043.009998421774
2022-12-27 11:24:00,11057.069999999998,11043.009998421774
2022-12-27 11:25:00,11059.680000000002,11043.009998421774
2022-12-27 11:26:00,11063.67,11043.009998421774
2022-12-27 11:27:00,11066.130000000001,11043.009998421774
2022-12-27 11:28:00,11069.06,11043.009998421774
2022-12-27 11:29:00,11072.67,11043.009998421774
2022-12-27 11:30:00,11072.44,11043.009998421774
2022-12-27 13:01:00,11070.269999999999,11043.009998421774
2022-12-27 13:02:00,11077.61,11043.009998421774
2022-12-27 13:03:00,11079.25,11043.009998421774
2022-12-27 13:04:00,11081.09,11043.009998421774
2022-12-27 13:05:00,11080.6,11043.009998421774
2022-12-27 13:06:00,11084.22,11043.009998421774
2022-12-27 13:07:00,11081.39,11043.009998421774
2022-12-27 13:08:00,11081.56,11043.009998421774
2022-12-27 13:09:00,11080.92,11043.009998421774
2022-12-27 13:10:00,11083.04,11043.009998421774
2022-12-27 13:11:00,11089.36,11043.009998421774
2022-12-27 13:12:00,11086.66,11043.009998421774
2022-12-27 13:13:00,11085.61,11043.009998421774
2022-12-27 13:14:00,11090.78,11043.009998421774
2022-12-27 13:15:00,11093.75,11043.009998421774
2022-12-27 13:16:00,11095.02,11043.009998421774
2022-12-27 13:17:00,11095.36,11043.009998421774
2022-12-27 13:18:00,11097.35,11095.360002911977
2022-12-27 13:19:00,11092.23,11095.360003748732
2022-12-27 13:20:00,11089.66,11095.360003819711
2022-12-27 13:21:00,11093.44,11095.360003819713
2022-12-27 13:22:00,11090.76,11095.360003819713
2022-12-27 13:23:00,11082.88,11095.360003819713
2022-12-27 13:24:00,11083.889999999998,11095.360003819713
2022-12-27 13:25:00,11083.32,11095.360003819713
2022-12-27 13:26:00,11078.65,11095.360003819713
2022-12-27 13:27:00,11080.6,11095.360003819713
2022-12-27 13:28:00,11086.110000000002,11095.360003819713
2022-12-27 13:29:00,11087.0,11095.360003819713
2022-12-27 13:30:00,11085.24,11095.360003819713
2022-12-27 13:31:00,11084.0,11095.360003819713
2022-12-27 13:32:00,11087.45,11095.360003819713
2022-12-27 13:33:00,11087.89,11095.360003819713
2022-12-27 13:34:00,11091.93,11095.360003819713
2022-12-27 13:35:00,11093.6,11095.360003819713
2022-12-27 13:36:00,11096.89,11095.360003819713
2022-12-27 13:37:00,11102.72,11095.360003819713
2022-12-27 13:38:00,11100.61,11095.360003819713
2022-12-27 13:39:00,11097.58,11095.360003819713
2022-12-27 13:40:00,11095.14,11095.360003819713
2022-12-27 13:41:00,11092.969999999998,11095.360003819713
2022-12-27 13:42:00,11093.08,11095.360003819713
2022-12-27 13:43:00,11094.86,11095.360003819713
2022-12-27 13:44:00,11095.44,11095.360003819713
2022-12-27 13:45:00,11098.07,11095.360003819713
2022-12-27 13:46:00,11102.22,11095.360003819713
2022-12-27 13:47:00,11105.370000000003,11095.360003819713
2022-12-27 13:48:00,11108.059999999998,11095.360003819713
2022-12-27 13:49:00,11109.24,11095.360003819713
2022-12-27 13:50:00,11110.2,11095.360003819713
2022-12-27 13:51:00,11109.38,11095.360003819713
2022-12-27 13:52:00,11102.34,11095.360003819713
2022-12-27 13:53:00,11104.09,11095.360003819713
2022-12-27 13:54:00,11105.2,11095.360003819713
2022-12-27 13:55:00,11106.71,11095.360003819713
2022-12-27 13:56:00,11104.47,11095.360003819713
2022-12-27 13:57:00,11103.05,11095.360003819713
2022-12-27 13:58:00,11094.94,11095.360003819713
2022-12-27 13:59:00,11091.1,11095.360003819713
2022-12-27 14:00:00,11091.67,11095.360003819713
2022-12-27 14:01:00,11090.91,11095.360003819713
2022-12-27 14:02:00,11091.060000000001,11095.360003819713
2022-12-27 14:03:00,11092.32,11095.360003819713
2022-12-27 14:04:00,11091.55,11095.360003819713
2022-12-27 14:05:00,11091.49,11095.360003819713
2022-12-27 14:06:00,11092.72,11095.360003819713
2022-12-27 14:07:00,11094.53,11095.360003819713
2022-12-27 14:08:00,11096.95,11095.360003819713
2022-12-27 14:09:00,11097.77,11095.360003819713
2022-12-27 14:10:00,11097.11,11095.360003819713
2022-12-27 14:11:00,11093.6,11095.360003819713
2022-12-27 14:12:00,11094.7,11095.360003819713
2022-12-27 14:13:00,11095.76,11095.360003819713
2022-12-27 14:14:00,11096.97,11095.360003819713
2022-12-27 14:15:00,11099.16,11095.360003819713
2022-12-27 14:16:00,11097.41,11095.360003819713
2022-12-27 14:17:00,11098.97,11095.360003819713
2022-12-27 14:18:00,11099.389999999998,11095.360003819713
2022-12-27 14:19:00,11099.49,11095.360003819713
2022-12-27 14:20:00,11102.85,11095.360003819713
2022-12-27 14:21:00,11100.090000000002,11095.360003819713
2022-12-27 14:22:00,11100.38,11095.360003819713
2022-12-27 14:23:00,11101.0,11095.360003819713
2022-12-27 14:24:00,11104.68,11095.360003819713
2022-12-27 14:25:00,11107.620000000003,11095.360003819713
2022-12-27 14:26:00,11108.459999999997,11095.360003819713
2022-12-27 14:27:00,11109.66,11095.360003819713
2022-12-27 14:28:00,11108.18,11095.360003819713
2022-12-27 14:29:00,11107.16,11095.360003819713
2022-12-27 14:30:00,11106.559999999998,11095.360003819713
2022-12-27 14:31:00,11104.07,11095.360003819713
2022-12-27 14:32:00,11108.88,11095.360003819713
2022-12-27 14:33:00,11107.83,11095.360003819713
2022-12-27 14:34:00,11109.12,11095.360003819713
2022-12-27 14:35:00,11110.679999999998,11095.360003819713
2022-12-27 14:36:00,11106.959999999997,11095.360003819713
2022-12-27 14:37:00,11109.83,11095.360003819713
2022-12-27 14:38:00,11112.47,11095.360003819713
2022-12-27 14:39:00,11113.51,11095.360003819713
2022-12-27 14:40:00,11114.01,11095.360003819713
2022-12-27 14:41:00,11111.6,11095.360003819713
2022-12-27 14:42:00,11113.25,11095.360003819713
2022-12-27 14:43:00,11112.61,11095.360003819713
2022-12-27 14:44:00,11113.8,11095.360003819713
2022-12-27 14:45:00,11114.35,11095.360003819713
2022-12-27 14:46:00,11115.54,11095.360003819713
2022-12-27 14:47:00,11110.289999999999,11095.360003819713
2022-12-27 14:48:00,11111.33,11095.360003819713
2022-12-27 14:49:00,11109.5,11095.360003819713
2022-12-27 14:50:00,11107.01,11095.360003819713
2022-12-27 14:51:00,11103.869999999999,11095.360003819713
2022-12-27 14:52:00,11103.59,11095.360003819713
2022-12-27 14:53:00,11105.93,11095.360003819713
2022-12-27 14:54:00,11105.85,11105.929999952576
2022-12-27 14:55:00,11106.6,11105.930003828293
2022-12-27 14:56:00,11104.17,11105.930004316795
2022-12-27 14:57:00,11106.5,11105.9300043168
2022-12-27 14:58:00,11107.59,11105.9300043168
2022-12-27 14:59:00,11107.59,11105.9300043168
2022-12-27 15:00:00,11106.5,11105.9300043168
2022-12-28 09:30:00,11055.06,11105.9300043168
2022-12-28 09:31:00,11031.87,11105.9300043168
2022-12-28 09:32:00,11023.94,11105.9300043168
2022-12-28 09:33:00,11020.459999999997,11105.9300043168
2022-12-28 09:34:00,11020.88,11105.9300043168
2022-12-28 09:35:00,11021.67,11105.9300043168
2022-12-28 09:36:00,11023.45,11105.9300043168
2022-12-28 09:37:00,11009.19,11105.9300043168
2022-12-28 09:38:00,11012.28,11105.9300043168
2022-12-28 09:39:00,11018.72,11105.9300043168
2022-12-28 09:40:00,11018.97,11105.9300043168
2022-12-28 09:41:00,11011.5,11105.9300043168
2022-12-28 09:42:00,11001.14,11105.9300043168
2022-12-28 09:43:00,11001.46,11105.9300043168
2022-12-28 09:44:00,11000.73,11105.9300043168
2022-12-28 09:45:00,11000.57,11105.9300043168
2022-12-28 09:46:00,10995.499999999998,11105.9300043168
2022-12-28 09:47:00,10992.87,11105.9300043168
2022-12-28 09:48:00,10994.26,11105.9300043168
2022-12-28 09:49:00,10986.469999999998,11105.9300043168
2022-12-28 09:50:00,10984.88,11105.9300043168
2022-12-28 09:51:00,10981.96,11105.9300043168
2022-12-28 09:52:00,10976.74,11105.9300043168
2022-12-28 09:53:00,10986.32,11105.9300043168
2022-12-28 09:54:00,10992.76,11105.9300043168
2022-12-28 09:55:00,10991.55,11105.9300043168
2022-12-28 09:56:00,11001.64,11105.9300043168
2022-12-28 09:57:00,10999.650000000001,11105.9300043168
2022-12-28 09:58:00,11004.569999999998,11105.9300043168
2022-12-28 09:59:00,11001.3,11105.9300043168
2022-12-28 10:00:00,10999.01,11105.9300043168
2022-12-28 10:01:00,10997.63,11105.9300043168
2022-12-28 10:02:00,10999.06,11105.9300043168
2022-12-28 10:03:00,11001.49,11105.9300043168
2022-12-28 10:04:00,11004.51,11105.9300043168
2022-12-28 10:05:00,11007.33,11105.9300043168
2022-12-28 10:06:00,11015.31,11105.9300043168
2022-12-28 10:07:00,11007.66,11105.9300043168
2022-12-28 10:08:00,11008.57,11105.9300043168
2022-12-28 10:09:00,11007.06,11105.9300043168
2022-12-28 10:10:00,11015.92,11105.9300043168
2022-12-28 10:11:00,11019.75,11105.9300043168
2022-12-28 10:12:00,11017.13,11105.9300043168
2022-12-28 10:13:00,11019.1,11105.9300043168
2022-12-28 10:14:00,11016.610000000002,11105.9300043168
2022-12-28 10:15:00,11015.77,11105.9300043168
2022-12-28 10:16:00,11007.14,11105.9300043168
2022-12-28 10:17:00,11008.92,11105.9300043168
2022-12-28 10:18:00,11005.05,11105.9300043168
2022-12-28 10:19:00,11008.379999999997,11105.9300043168
2022-12-28 10:20:00,11003.31,11105.9300043168
2022-12-28 10:21:00,11008.24,11105.9300043168
2022-12-28 10:22:00,11010.989999999998,11105.9300043168
2022-12-28 10:23:00,11018.29,11105.9300043168
2022-12-28 10:24:00,11016.640000000001,11105.9300043168
2022-12-28 10:25:00,11016.49,11105.9300043168
2022-12-28 10:26:00,11020.11,11105.9300043168
2022-12-28 10:27:00,11033.15,11105.9300043168
2022-12-28 10:28:00,11026.16,11105.9300043168
2022-12-28 10:29:00,11026.94,11105.9300043168
2022-12-28 10:30:00,11031.03,11105.9300043168
2022-12-28 10:31:00,11026.72,11105.9300043168
2022-12-28 10:32:00,11031.61,11105.9300043168
2022-12-28 10:33:00,11030.71,11105.9300043168
2022-12-28 10:34:00,11024.38,11105.9300043168
2022-12-28 10:35:00,11024.09,11105.9300043168
2022-12-28 10:36:00,11020.89,11105.9300043168
2022-12-28 10:37:00,11020.29,11105.9300043168
2022-12-28 10:38:00,11022.94,11105.9300043168
2022-12-28 10:39:00,11022.09,11105.9300043168
2022-12-28 10:40:00,11026.489999999998,11105.9300043168
2022-12-28 10:41:00,11019.16,11105.9300043168
2022-12-28 10:42:00,11018.83,11105.9300043168
2022-12-28 10:43:00,11019.53,11105.9300043168
2022-12-28 10:44:00,11018.63,11105.9300043168
2022-12-28 10:45:00,11018.07,11105.9300043168
2022-12-28 10:46:00,11014.93,11105.9300043168
2022-12-28 10:47:00,11015.99,11105.9300043168
2022-12-28 10:48:00,11015.58,11105.9300043168
2022-12-28 10:49:00,11022.2,11105.9300043168
2022-12-28 10:50:00,11021.560000000001,11105.9300043168
2022-12-28 10:51:00,11018.110000000002,11105.9300043168
2022-12-28 10:52:00,11019.97,11105.9300043168
2022-12-28 10:53:00,11025.26,11105.9300043168
2022-12-28 10:54:00,11035.48,11105.9300043168
2022-12-28 10:55:00,11031.3,11105.9300043168
2022-12-28 10:56:00,11031.87,11105.9300043168
2022-12-28 10:57:00,11036.7,11105.9300043168
2022-12-28 10:58:00,11036.07,11105.9300043168
2022-12-28 10:59:00,11038.09,11036.070007949063
2022-12-28 11:00:00,11036.46,11036.070007898184
2022-12-28 11:01:00,11038.63,11036.070007766672
2022-12-28 11:02:00,11039.13,11036.070007766673
2022-12-28 11:03:00,11035.78,11036.070007766673
2022-12-28 11:04:00,11039.2,11036.070007766673
2022-12-28 11:05:00,11035.529999999999,11036.070007766673
2022-12-28 11:06:00,11038.35,11036.070007766673
2022-12-28 11:07:00,11040.810000000001,11036.070007766673
2022-12-28 11:08:00,11040.76,11036.070007766673
2022-12-28 11:09:00,11035.46,11036.070007766673
2022-12-28 11:10:00,11037.92,11036.070007766673
2022-12-28 11:11:00,11042.99,11036.070007766673
2022-12-28 11:12:00,11041.32,11036.070007766673
2022-12-28 11:13:00,11043.070000000002,11036.070007766673
2022-12-28 11:14:00,11044.08,11036.070007766673
2022-12-28 11:15:00,11047.18,11036.070007766673
2022-12-28 11:16:00,11048.89,11036.070007766673
2022-12-28 11:17:00,11051.35,11036.070007766673
2022-12-28 11:18:00,11049.68,11036.070007766673
2022-12-28 11:19:00,11050.610000000002,11036.070007766673
2022-12-28 11:20:00,11049.79,11036.070007766673
2022-12-28 11:21:00,11047.84,11036.070007766673
2022-12-28 11:22:00,11051.95,11036.070007766673
2022-12-28 11:23:00,11057.4,11036.070007766673
2022-12-28 11:24:00,11059.320000000002,11036.070007766673
2022-12-28 11:25:00,11057.68,11036.070007766673
2022-12-28 11:26:00,11057.0,11036.070007766673
2022-12-28 11:27:00,11055.44,11036.070007766673
2022-12-28 11:28:00,11055.929999999998,11036.070007766673
2022-12-28 11:29:00,11056.25,11036.070007766673
2022-12-28 11:30:00,11050.01,11036.070007766673
2022-12-28 13:01:00,11051.6,11036.070007766673
2022-12-28 13:02:00,11048.749999999998,11036.070007766673
2022-12-28 13:03:00,11037.020000000002,11036.070007766673
2022-12-28 13:04:00,11032.25,11036.070007766673
2022-12-28 13:05:00,11026.55,11036.070007766673
2022-12-28 13:06:00,11023.18,11036.070007766673
2022-12-28 13:07:00,11025.17,11036.070007766673
2022-12-28 13:08:00,11025.35,11036.070007766673
2022-12-28 13:09:00,11022.62,11036.070007766673
2022-12-28 13:10:00,11022.01,11036.070007766673
2022-12-28 13:11:00,11023.63,11036.070007766673
2022-12-28 13:12:00,11018.88,11036.070007766673
2022-12-28 13:13:00,11017.92,11036.070007766673
2022-12-28 13:14:00,11018.38,11036.070007766673
2022-12-28 13:15:00,11019.09,11036.070007766673
2022-12-28 13:16:00,11017.22,11036.070007766673
2022-12-28 13:17:00,11013.04,11036.070007766673
2022-12-28 13:18:00,11016.17,11036.070007766673
2022-12-28 13:19:00,11014.66,11036.070007766673
2022-12-28 13:20:00,11013.87,11036.070007766673
2022-12-28 13:21:00,11015.88,11036.070007766673
2022-12-28 13:22:00,11016.6,11036.070007766673
2022-12-28 13:23:00,11024.33,11036.070007766673
2022-12-28 13:24:00,11023.15,11036.070007766673
2022-12-28 13:25:00,11023.86,11036.070007766673
2022-12-28 13:26:00,11024.199999999999,11036.070007766673
2022-12-28 13:27:00,11023.37,11036.070007766673
2022-12-28 13:28:00,11018.49,11036.070007766673
2022-12-28 13:29:00,11016.15,11036.070007766673
2022-12-28 13:30:00,11026.070000000002,11036.070007766673
2022-12-28 13:31:00,11021.79,11036.070007766673
2022-12-28 13:32:00,11019.679999999998,11036.070007766673
2022-12-28 13:33:00,11017.91,11036.070007766673
2022-12-28 13:34:00,11015.02,11036.070007766673
2022-12-28 13:35:00,11009.67,11036.070007766673
2022-12-28 13:36:00,11013.08,11036.070007766673
2022-12-28 13:37:00,11014.740000000002,11036.070007766673
2022-12-28 13:38:00,11014.22,11036.070007766673
2022-12-28 13:39:00,11012.75,11036.070007766673
2022-12-28 13:40:00,11012.850000000002,11036.070007766673
2022-12-28 13:41:00,11017.2,11036.070007766673
2022-12-28 13:42:00,11019.76,11036.070007766673
2022-12-28 13:43:00,11021.66,11036.070007766673
2022-12-28 13:44:00,11018.45,11036.070007766673
2022-12-28 13:45:00,11016.24,11036.070007766673
2022-12-28 13:46:00,11014.93,11036.070007766673
2022-12-28 13:47:00,11012.08,11036.070007766673
2022-12-28 13:48:00,11015.42,11036.070007766673
2022-12-28 13:49:00,11017.059999999998,11036.070007766673
2022-12-28 13:50:00,11016.54,11036.070007766673
2022-12-28 13:51:00,11014.3,11036.070007766673
2022-12-28 13:52:00,11014.22,11036.070007766673
2022-12-28 13:53:00,11015.97,11036.070007766673
2022-12-28 13:54:00,11016.0,11036.070007766673
2022-12-28 13:55:00,11015.13,11036.070007766673
2022-12-28 13:56:00,11010.75,11036.070007766673
2022-12-28 13:57:00,11012.01,11036.070007766673
2022-12-28 13:58:00,11010.55,11036.070007766673
2022-12-28 13:59:00,11007.72,11036.070007766673
2022-12-28 14:00:00,11005.91,11036.070007766673
2022-12-28 14:01:00,11006.479999999998,11036.070007766673
2022-12-28 14:02:00,11009.74,11036.070007766673
2022-12-28 14:03:00,11008.42,11036.070007766673
2022-12-28 14:04:00,11006.01,11036.070007766673
2022-12-28 14:05:00,11003.63,11006.009997350182
2022-12-28 14:06:00,11002.56,11006.009993022757
2022-12-28 14:07:00,10998.98,11006.009992519635
2022-12-28 14:08:00,10997.23,11006.009992519632
2022-12-28 14:09:00,10993.5,11006.009992519632
2022-12-28 14:10:00,10992.43,11006.009992519632
2022-12-28 14:11:00,10996.28,11006.009992519632
2022-12-28 14:12:00,10996.56,11006.009992519632
2022-12-28 14:13:00,11003.069999999998,11006.009992519632
2022-12-28 14:14:00,11001.95,11006.009992519632
2022-12-28 14:15:00,11001.559999999998,11006.009992519632
2022-12-28 14:16:00,11000.779999999999,11006.009992519632
2022-12-28 14:17:00,11002.49,11006.009992519632
2022-12-28 14:18:00,11004.34,11006.009992519632
2022-12-28 14:19:00,11003.72,11006.009992519632
2022-12-28 14:20:00,10998.18,11006.009992519632
2022-12-28 14:21:00,11002.43,11006.009992519632
2022-12-28 14:22:00,11001.44,11006.009992519632
2022-12-28 14:23:00,10997.57,11006.009992519632
2022-12-28 14:24:00,10996.91,11006.009992519632
2022-12-28 14:25:00,11002.679999999998,11006.009992519632
2022-12-28 14:26:00,11014.58,11006.009992519632
2022-12-28 14:27:00,11012.94,11006.009992519632
2022-12-28 14:28:00,11011.09,11006.009992519632
2022-12-28 14:29:00,11010.14,11006.009992519632
2022-12-28 14:30:00,11011.52,11006.009992519632
2022-12-28 14:31:00,11006.99,11006.009992519632
2022-12-28 14:32:00,11013.8,11006.009992519632
2022-12-28 14:33:00,11015.43,11006.009992519632
2022-12-28 14:34:00,11015.56,11006.009992519632
2022-12-28 14:35:00,11016.03,11006.009992519632
2022-12-28 14:36:00,11019.88,11006.009992519632
2022-12-28 14:37:00,11017.760000000002,11006.009992519632
2022-12-28 14:38:00,11014.78,11006.009992519632
2022-12-28 14:39:00,11014.87,11006.009992519632
2022-12-28 14:40:00,11011.349999999999,11006.009992519632
2022-12-28 14:41:00,11011.76,11006.009992519632
2022-12-28 14:42:00,11010.71,11006.009992519632
2022-12-28 14:43:00,11010.37,11006.009992519632
2022-12-28 14:44:00,11015.61,11006.009992519632
2022-12-28 14:45:00,11015.900000000001,11006.009992519632
2022-12-28 14:46:00,11010.21,11006.009992519632
2022-12-28 14:47:00,11011.9,11006.009992519632
2022-12-28 14:48:00,11010.45,11006.009992519632
2022-12-28 14:49:00,11009.91,11006.009992519632
2022-12-28 14:50:00,11011.94,11006.009992519632
2022-12-28 14:51:00,11013.87,11006.009992519632
2022-12-28 14:52:00,11012.97,11006.009992519632
2022-12-28 14:53:00,11013.37,11006.009992519632
2022-12-28 14:54:00,11012.95,11006.009992519632
2022-12-28 14:55:00,11012.83,11006.009992519632
2022-12-28 14:56:00,11010.35,11006.009992519632
2022-12-28 14:57:00,11009.6,11006.009992519632
2022-12-28 14:58:00,11010.13,11006.009992519632
2022-12-28 14:59:00,11010.13,11006.009992519632
2022-12-28 15:00:00,11010.53,11006.009992519632
2022-12-29 09:30:00,10971.27,11006.009992519632
2022-12-29 09:31:00,10971.55,11006.009992519632
2022-12-29 09:32:00,10970.570000000002,11006.009992519632
2022-12-29 09:33:00,10963.74,11006.009992519632
2022-12-29 09:34:00,10979.05,11006.009992519632
2022-12-29 09:35:00,10981.08,11006.009992519632
2022-12-29 09:36:00,10991.23,11006.009992519632
2022-12-29 09:37:00,11000.24,11006.009992519632
2022-12-29 09:38:00,10997.58,11006.009992519632
2022-12-29 09:39:00,10992.879999999997,11006.009992519632
2022-12-29 09:40:00,10991.45,11006.009992519632
2022-12-29 09:41:00,10983.91,11006.009992519632
2022-12-29 09:42:00,10989.77,11006.009992519632
2022-12-29 09:43:00,10978.869999999999,11006.009992519632
2022-12-29 09:44:00,10970.36,11006.009992519632
2022-12-29 09:45:00,10970.42,11006.009992519632
2022-12-29 09:46:00,10970.11,11006.009992519632
2022-12-29 09:47:00,10965.83,11006.009992519632
2022-12-29 09:48:00,10969.439999999999,11006.009992519632
2022-12-29 09:49:00,10968.58,11006.009992519632
2022-12-29 09:50:00,10964.95,11006.009992519632
2022-12-29 09:51:00,10959.66,11006.009992519632
2022-12-29 09:52:00,10960.49,11006.009992519632
2022-12-29 09:53:00,10960.49,11006.009992519632
2022-12-29 09:54:00,10965.16,11006.009992519632
2022-12-29 09:55:00,10960.399999999998,11006.009992519632
2022-12-29 09:56:00,10963.799999999997,11006.009992519632
2022-12-29 09:57:00,10963.000000000002,11006.009992519632
2022-12-29 09:58:00,10959.44,11006.009992519632
2022-12-29 09:59:00,10964.95,11006.009992519632
2022-12-29 10:00:00,10964.84,11006.009992519632
2022-12-29 10:01:00,10967.209999999997,11006.009992519632
2022-12-29 10:02:00,10969.77,11006.009992519632
2022-12-29 10:03:00,10971.19,11006.009992519632
2022-12-29 10:04:00,10969.49,11006.009992519632
2022-12-29 10:05:00,10970.920000000002,11006.009992519632
2022-12-29 10:06:00,10965.03,11006.009992519632
2022-12-29 10:07:00,10968.92,11006.009992519632
2022-12-29 10:08:00,10970.589999999998,11006.009992519632
2022-12-29 10:09:00,10972.5,11006.009992519632
2022-12-29 10:10:00,10975.46,10972.50000450039
2022-12-29 10:11:00,10972.449999999999,10972.50000806024
2022-12-29 10:12:00,10981.01,10972.500008458981
2022-12-29 10:13:00,10985.05,10972.500008458986
2022-12-29 10:14:00,10989.6,10972.500008458986
2022-12-29 10:15:00,10981.7,10972.500008458986
2022-12-29 10:16:00,10983.29,10972.500008458986
2022-12-29 10:17:00,10985.14,10972.500008458986
2022-12-29 10:18:00,10986.819999999998,10972.500008458986
2022-12-29 10:19:00,10983.410000000002,10972.500008458986
2022-12-29 10:20:00,10984.48,10972.500008458986
2022-12-29 10:21:00,10988.19,10972.500008458986
2022-12-29 10:22:00,10997.799999999997,10972.500008458986
2022-12-29 10:23:00,10994.81,10972.500008458986
2022-12-29 10:24:00,10993.29,10972.500008458986
2022-12-29 10:25:00,10992.31,10972.500008458986
2022-12-29 10:26:00,10993.22,10972.500008458986
2022-12-29 10:27:00,10990.73,10972.500008458986
2022-12-29 10:28:00,10999.12,10972.500008458986
2022-12-29 10:29:00,10998.140000000001,10972.500008458986
2022-12-29 10:30:00,11000.86,10972.500008458986
2022-12-29 10:31:00,11006.460000000001,10972.500008458986
2022-12-29 10:32:00,11008.21,10972.500008458986
2022-12-29 10:33:00,11006.41,10972.500008458986
2022-12-29 10:34:00,11011.749999999998,10972.500008458986
2022-12-29 10:35:00,11015.119999999999,10972.500008458986
2022-12-29 10:36:00,11024.77,10972.500008458986
2022-12-29 10:37:00,11025.64,10972.500008458986
2022-12-29 10:38:00,11025.94,10972.500008458986
2022-12-29 10:39:00,11023.439999999999,10972.500008458986
2022-12-29 10:40:00,11028.61,10972.500008458986
2022-12-29 10:41:00,11035.6,10972.500008458986
2022-12-29 10:42:00,11038.539999999999,10972.500008458986
2022-12-29 10:43:00,11038.03,10972.500008458986
2022-12-29 10:44:00,11034.14,10972.500008458986
2022-12-29 10:45:00,11034.99,10972.500008458986
2022-12-29 10:46:00,11040.2,10972.500008458986
2022-12-29 10:47:00,11036.85,10972.500008458986
2022-12-29 10:48:00,11038.08,10972.500008458986
2022-12-29 10:49:00,11034.019999999999,10972.500008458986
2022-12-29 10:50:00,11032.06,10972.500008458986
2022-12-29 10:51:00,11035.26,10972.500008458986
2022-12-29 10:52:00,11035.08,10972.500008458986
2022-12-29 10:53:00,11039.55,10972.500008458986
2022-12-29 10:54:00,11043.77,10972.500008458986
2022-12-29 10:55:00,11049.32,10972.500008458986
2022-12-29 10:56:00,11052.18,10972.500008458986
2022-12-29 10:57:00,11043.52,10972.500008458986
2022-12-29 10:58:00,11044.76,10972.500008458986
2022-12-29 10:59:00,11046.42,10972.500008458986
2022-12-29 11:00:00,11045.340000000002,10972.500008458986
2022-12-29 11:01:00,11045.29,10972.500008458986
2022-12-29 11:02:00,11042.11,10972.500008458986
2022-12-29 11:03:00,11043.9,10972.500008458986
2022-12-29 11:04:00,11047.3,10972.500008458986
2022-12-29 11:05:00,11047.71,10972.500008458986
2022-12-29 11:06:00,11052.41,10972.500008458986
2022-12-29 11:07:00,11057.4,10972.500008458986
2022-12-29 11:08:00,11061.78,10972.500008458986
2022-12-29 11:09:00,11056.64,10972.500008458986
2022-12-29 11:10:00,11048.41,10972.500008458986
2022-12-29 11:11:00,11044.49,10972.500008458986
2022-12-29 11:12:00,11038.71,10972.500008458986
2022-12-29 11:13:00,11035.86,10972.500008458986
2022-12-29 11:14:00,11037.36,10972.500008458986
2022-12-29 11:15:00,11037.59,10972.500008458986
2022-12-29 11:16:00,11042.4,10972.500008458986
2022-12-29 11:17:00,11039.319999999998,10972.500008458986
2022-12-29 11:18:00,11029.59,10972.500008458986
2022-12-29 11:19:00,11028.56,10972.500008458986
2022-12-29 11:20:00,11029.23,10972.500008458986
2022-12-29 11:21:00,11030.51,10972.500008458986
2022-12-29 11:22:00,11031.05,10972.500008458986
2022-12-29 11:23:00,11032.909999999998,10972.500008458986
2022-12-29 11:24:00,11035.41,10972.500008458986
2022-12-29 11:25:00,11037.24,10972.500008458986
2022-12-29 11:26:00,11035.64,10972.500008458986
2022-12-29 11:27:00,11036.16,10972.500008458986
2022-12-29 11:28:00,11033.91,10972.500008458986
2022-12-29 11:29:00,11032.68,10972.500008458986
2022-12-29 11:30:00,11027.84,10972.500008458986
2022-12-29 13:01:00,11033.35,10972.500008458986
2022-12-29 13:02:00,11033.73,10972.500008458986
2022-12-29 13:03:00,11037.819999999998,10972.500008458986
2022-12-29 13:04:00,11041.12,10972.500008458986
2022-12-29 13:05:00,11031.750000000002,10972.500008458986
2022-12-29 13:06:00,11030.98,10972.500008458986
2022-12-29 13:07:00,11027.03,10972.500008458986
2022-12-29 13:08:00,11028.49,10972.500008458986
2022-12-29 13:09:00,11028.24,10972.500008458986
2022-12-29 13:10:00,11030.58,10972.500008458986
2022-12-29 13:11:00,11032.94,10972.500008458986
2022-12-29 13:12:00,11029.23,10972.500008458986
2022-12-29 13:13:00,11022.55,10972.500008458986
2022-12-29 13:14:00,11018.910000000002,10972.500008458986
2022-12-29 13:15:00,11018.209999999997,10972.500008458986
2022-12-29 13:16:00,11016.58,11018.209992162938
2022-12-29 13:17:00,11014.369999999999,11018.209990226167
2022-12-29 13:18:00,11015.06,11018.209990080026
2022-12-29 13:19:00,11015.69,11018.209990080022
2022-12-29 13:20:00,11018.69,11018.209990080022
2022-12-29 13:21:00,11020.56,11018.209990080022
2022-12-29 13:22:00,11019.01,11018.209990080022
2022-12-29 13:23:00,11017.72,11018.209990080022
2022-12-29 13:24:00,11012.77,11018.209990080022
2022-12-29 13:25:00,11010.39,11018.209990080022
2022-12-29 13:26:00,11009.449999999999,11018.209990080022
2022-12-29 13:27:00,11009.78,11018.209990080022
2022-12-29 13:28:00,11013.77,11018.209990080022
2022-12-29 13:29:00,11008.86,11018.209990080022
2022-12-29 13:30:00,11008.99,11018.209990080022
2022-12-29 13:31:00,11011.8,11018.209990080022
2022-12-29 13:32:00,11014.049999999997,11018.209990080022
2022-12-29 13:33:00,11013.16,11018.209990080022
2022-12-29 13:34:00,11012.41,11018.209990080022
2022-12-29 13:35:00,11014.68,11018.209990080022
2022-12-29 13:36:00,11012.02,11018.209990080022
2022-12-29 13:37:00,11014.29,11018.209990080022
2022-12-29 13:38:00,11015.26,11018.209990080022
2022-12-29 13:39:00,11013.13,11018.209990080022
2022-12-29 13:40:00,11011.29,11018.209990080022
2022-12-29 13:41:00,11009.63,11018.209990080022
2022-12-29 13:42:00,11013.59,11018.209990080022
2022-12-29 13:43:00,11009.74,11018.209990080022
2022-12-29 13:44:00,11007.25,11018.209990080022
2022-12-29 13:45:00,11006.93,11018.209990080022
2022-12-29 13:46:00,11005.75,11018.209990080022
2022-12-29 13:47:00,11005.21,11018.209990080022
2022-12-29 13:48:00,11004.6,11018.209990080022
2022-12-29 13:49:00,11008.720000000001,11018.209990080022
2022-12-29 13:50:00,11004.36,11018.209990080022
2022-12-29 13:51:00,11003.99,11018.209990080022
2022-12-29 13:52:00,11005.04,11018.209990080022
2022-12-29 13:53:00,11003.4,11018.209990080022
2022-12-29 13:54:00,11001.58,11018.209990080022
2022-12-29 13:55:00,11001.559999999998,11018.209990080022
2022-12-29 13:56:00,11000.779999999999,11018.209990080022
2022-12-29 13:57:00,10995.31,11018.209990080022
2022-12-29 13:58:00,10995.840000000002,11018.209990080022
2022-12-29 13:59:00,10994.47,11018.209990080022
2022-12-29 14:00:00,10994.700000000003,11018.209990080022
2022-12-29 14:01:00,11000.809999999998,11018.209990080022
2022-12-29 14:02:00,11002.99,11018.209990080022
2022-12-29 14:03:00,11006.15,11018.209990080022
2022-12-29 14:04:00,11010.68,11018.209990080022
2022-12-29 14:05:00,11011.63,11018.209990080022
2022-12-29 14:06:00,11008.3,11018.209990080022
2022-12-29 14:07:00,11010.44,11018.209990080022
2022-12-29 14:08:00,11008.25,11018.209990080022
2022-12-29 14:09:00,11007.03,11018.209990080022
2022-12-29 14:10:00,11013.0,11018.209990080022
2022-12-29 14:11:00,11013.1,11018.209990080022
2022-12-29 14:12:00,11014.23,11018.209990080022
2022-12-29 14:13:00,11016.91,11018.209990080022
2022-12-29 14:14:00,11015.07,11018.209990080022
2022-12-29 14:15:00,11017.46,11018.209990080022
2022-12-29 14:16:00,11017.85,11018.209990080022
2022-12-29 14:17:00,11015.8,11018.209990080022
2022-12-29 14:18:00,11018.43,11018.209990080022
2022-12-29 14:19:00,11017.86,11018.209990080022
2022-12-29 14:20:00,11015.75,11018.209990080022
2022-12-29 14:21:00,11016.59,11018.209990080022
2022-12-29 14:22:00,11017.23,11018.209990080022
2022-12-29 14:23:00,11014.85,11018.209990080022
2022-12-29 14:24:00,11013.09,11018.209990080022
2022-12-29 14:25:00,11010.86,11018.209990080022
2022-12-29 14:26:00,11011.85,11018.209990080022
2022-12-29 14:27:00,11013.34,11018.209990080022
2022-12-29 14:28:00,11018.49,11018.209990080022
2022-12-29 14:29:00,11018.65,11018.209990080022
2022-12-29 14:30:00,11018.95,11018.209990080022
2022-12-29 14:31:00,11024.28,11018.209990080022
2022-12-29 14:32:00,11020.09,11018.209990080022
2022-12-29 14:33:00,11020.54,11018.209990080022
2022-12-29 14:34:00,11023.460000000001,11018.209990080022
2022-12-29 14:35:00,11025.41,11018.209990080022
2022-12-29 14:36:00,11023.67,11018.209990080022
2022-12-29 14:37:00,11018.83,11018.209990080022
2022-12-29 14:38:00,11018.65,11018.209990080022
2022-12-29 14:39:00,11019.56,11018.209990080022
2022-12-29 14:40:00,11017.35,11018.209990080022
2022-12-29 14:41:00,11010.28,11018.209990080022
2022-12-29 14:42:00,11007.540000000003,11018.209990080022
2022-12-29 14:43:00,11007.04,11018.209990080022
2022-12-29 14:44:00,11006.53,11018.209990080022
2022-12-29 14:45:00,11005.719999999998,11018.209990080022
2022-12-29 14:46:00,11002.300000000001,11018.209990080022
2022-12-29 14:47:00,11000.54,11018.209990080022
2022-12-29 14:48:00,11003.429999999998,11018.209990080022
2022-12-29 14:49:00,11002.84,11018.209990080022
2022-12-29 14:50:00,11002.65,11018.209990080022
2022-12-29 14:51:00,11002.38,11018.209990080022
2022-12-29 14:52:00,11002.319999999998,11002.379999432904
2022-12-29 14:53:00,10999.44,11002.379998939297
2022-12-29 14:54:00,11000.22,11002.37999888293
2022-12-29 14:55:00,10997.69,11002.37999888293
2022-12-29 14:56:00,10997.08,11002.37999888293
2022-12-29 14:57:00,10994.730000000001,11002.37999888293
2022-12-29 14:58:00,10995.52,11002.37999888293
2022-12-29 14:59:00,10995.52,11002.37999888293
2022-12-29 15:00:00,10996.41,11002.37999888293
2022-12-30 09:30:00,11046.07,11002.37999888293
2022-12-30 09:31:00,11052.82,11002.37999888293
2022-12-30 09:32:00,11066.43,11002.37999888293
2022-12-30 09:33:00,11061.78,11002.37999888293
2022-12-30 09:34:00,11045.92,11002.37999888293
2022-12-30 09:35:00,11064.21,11002.37999888293
2022-12-30 09:36:00,11068.94,11002.37999888293
2022-12-30 09:37:00,11056.329999999998,11002.37999888293
2022-12-30 09:38:00,11068.06,11002.37999888293
2022-12-30 09:39:00,11062.26,11002.37999888293
2022-12-30 09:40:00,11060.790000000003,11002.37999888293
2022-12-30 09:41:00,11067.54,11002.37999888293
2022-12-30 09:42:00,11066.61,11002.37999888293
2022-12-30 09:43:00,11065.64,11002.37999888293
2022-12-30 09:44:00,11060.129999999997,11002.37999888293
2022-12-30 09:45:00,11064.639999999998,11002.37999888293
2022-12-30 09:46:00,11059.36,11002.37999888293
2022-12-30 09:47:00,11060.61,11002.37999888293
2022-12-30 09:48:00,11061.229999999998,11002.37999888293
2022-12-30 09:49:00,11063.43,11002.37999888293
2022-12-30 09:50:00,11062.92,11002.37999888293
2022-12-30 09:51:00,11051.03,11002.37999888293
2022-12-30 09:52:00,11059.35,11002.37999888293
2022-12-30 09:53:00,11058.9,11002.37999888293
2022-12-30 09:54:00,11060.33,11002.37999888293
2022-12-30 09:55:00,11062.11,11002.37999888293
2022-12-30 09:56:00,11065.13,11002.37999888293
2022-12-30 09:57:00,11063.75,11002.37999888293
2022-12-30 09:58:00,11065.49,11002.37999888293
2022-12-30 09:59:00,11066.100000000002,11002.37999888293
2022-12-30 10:00:00,11062.720000000001,11002.37999888293
2022-12-30 10:01:00,11056.26,11002.37999888293
2022-12-30 10:02:00,11054.99,11002.37999888293
2022-12-30 10:03:00,11051.63,11002.37999888293
2022-12-30 10:04:00,11052.41,11002.37999888293
2022-12-30 10:05:00,11062.53,11002.37999888293
2022-12-30 10:06:00,11054.419999999998,11002.37999888293
2022-12-30 10:07:00,11052.85,11002.37999888293
2022-12-30 10:08:00,11058.07,11002.37999888293
2022-12-30 10:09:00,11063.96,11002.37999888293
2022-12-30 10:10:00,11061.72,11002.37999888293
2022-12-30 10:11:00,11067.610000000002,11002.37999888293
2022-12-30 10:12:00,11060.4,11002.37999888293
2022-12-30 10:13:00,11061.26,11002.37999888293
2022-12-30 10:14:00,11058.11,11002.37999888293
2022-12-30 10:15:00,11056.329999999998,11002.37999888293
2022-12-30 10:16:00,11055.120000000003,11002.37999888293
2022-12-30 10:17:00,11050.75,11002.37999888293
2022-12-30 10:18:00,11048.92,11002.37999888293
2022-12-30 10:19:00,11052.150000000001,11002.37999888293
2022-12-30 10:20:00,11047.78,11002.37999888293
2022-12-30 10:21:00,11042.52,11002.37999888293
2022-12-30 10:22:00,11041.25,11002.37999888293
2022-12-30 10:23:00,11041.08,11002.37999888293
2022-12-30 10:24:00,11043.03,11002.37999888293
2022-12-30 10:25:00,11036.83,11002.37999888293
2022-12-30 10:26:00,11035.62,11002.37999888293
2022-12-30 10:27:00,11038.08,11002.37999888293
2022-12-30 10:28:00,11036.17,11002.37999888293
2022-12-30 10:29:00,11041.12,11002.37999888293
2022-12-30 10:30:00,11044.26,11002.37999888293
2022-12-30 10:31:00,11034.25,11002.37999888293
2022-12-30 10:32:00,11032.75,11002.37999888293
2022-12-30 10:33:00,11027.81,11002.37999888293
2022-12-30 10:34:00,11026.66,11002.37999888293
2022-12-30 10:35:00,11026.5,11002.37999888293
2022-12-30 10:36:00,11029.0,11002.37999888293
2022-12-30 10:37:00,11035.0,11002.37999888293
2022-12-30 10:38:00,11029.8,11002.37999888293
2022-12-30 10:39:00,11028.71,11002.37999888293
2022-12-30 10:40:00,11028.5,11002.37999888293
2022-12-30 10:41:00,11026.59,11002.37999888293
2022-12-30 10:42:00,11027.06,11002.37999888293
2022-12-30 10:43:00,11024.12,11002.37999888293
2022-12-30 10:44:00,11019.81,11002.37999888293
2022-12-30 10:45:00,11020.26,11002.37999888293
2022-12-30 10:46:00,11021.49,11002.37999888293
2022-12-30 10:47:00,11020.68,11002.37999888293
2022-12-30 10:48:00,11015.02,11002.37999888293
2022-12-30 10:49:00,11018.08,11002.37999888293
2022-12-30 10:50:00,11018.59,11002.37999888293
2022-12-30 10:51:00,11016.09,11002.37999888293
2022-12-30 10:52:00,11019.77,11002.37999888293
2022-12-30 10:53:00,11027.12,11002.37999888293
2022-12-30 10:54:00,11023.94,11002.37999888293
2022-12-30 10:55:00,11027.28,11002.37999888293
2022-12-30 10:56:00,11024.02,11002.37999888293
2022-12-30 10:57:00,11017.31,11024.02000344857
2022-12-30 10:58:00,11021.15,11024.019998664904
2022-12-30 10:59:00,11016.22,11024.019997984344
2022-12-30 11:00:00,11014.99,11024.01999798434
2022-12-30 11:01:00,11016.6,11024.019997984336
2022-12-30 11:02:00,11015.04,11024.019997984336
2022-12-30 11:03:00,11016.44,11024.019997984336
2022-12-30 11:04:00,11021.920000000002,11024.019997984336
2022-12-30 11:05:00,11024.62,11024.019997984336
2022-12-30 11:06:00,11022.1,11024.019997984336
2022-12-30 11:07:00,11026.449999999999,11024.019997984336
2022-12-30 11:08:00,11024.62,11024.019997984336
2022-12-30 11:09:00,11024.38,11024.019997984336
2022-12-30 11:10:00,11023.4,11024.019997984336
2022-12-30 11:11:00,11030.93,11024.019997984336
2022-12-30 11:12:00,11036.21,11024.019997984336
2022-12-30 11:13:00,11035.21,11024.019997984336
2022-12-30 11:14:00,11038.179999999998,11024.019997984336
2022-12-30 11:15:00,11036.73,11024.019997984336
2022-12-30 11:16:00,11035.67,11024.019997984336
2022-12-30 11:17:00,11031.28,11024.019997984336
2022-12-30 11:18:00,11029.99,11024.019997984336
2022-12-30 11:19:00,11032.69,11024.019997984336
2022-12-30 11:20:00,11032.97,11024.019997984336
2022-12-30 11:21:00,11033.77,11024.019997984336
2022-12-30 11:22:00,11033.45,11024.019997984336
2022-12-30 11:23:00,11034.99,11024.019997984336
2022-12-30 11:24:00,11038.19,11024.019997984336
2022-12-30 11:25:00,11037.97,11024.019997984336
2022-12-30 11:26:00,11037.95,11024.019997984336
2022-12-30 11:27:00,11039.95,11024.019997984336
2022-12-30 11:28:00,11039.92,11024.019997984336
2022-12-30 11:29:00,11039.46,11024.019997984336
2022-12-30 11:30:00,11034.88,11024.019997984336
2022-12-30 13:01:00,11040.92,11024.019997984336
2022-12-30 13:02:00,11041.72,11024.019997984336
2022-12-30 13:03:00,11043.430000000002,11024.019997984336
2022-12-30 13:04:00,11045.55,11024.019997984336
2022-12-30 13:05:00,11047.02,11024.019997984336
2022-12-30 13:06:00,11045.720000000001,11024.019997984336
2022-12-30 13:07:00,11040.0,11024.019997984336
2022-12-30 13:08:00,11042.22,11024.019997984336
2022-12-30 13:09:00,11044.949999999999,11024.019997984336
2022-12-30 13:10:00,11043.4,11024.019997984336
2022-12-30 13:11:00,11042.329999999998,11024.019997984336
2022-12-30 13:12:00,11038.36,11024.019997984336
2022-12-30 13:13:00,11041.579999999998,11024.019997984336
2022-12-30 13:14:00,11037.459999999997,11024.019997984336
2022-12-30 13:15:00,11037.28,11024.019997984336
2022-12-30 13:16:00,11027.77,11024.019997984336
2022-12-30 13:17:00,11026.830000000002,11024.019997984336
2022-12-30 13:18:00,11029.61,11024.019997984336
2022-12-30 13:19:00,11030.28,11024.019997984336
2022-12-30 13:20:00,11031.3,11024.019997984336
2022-12-30 13:21:00,11031.14,11024.019997984336
2022-12-30 13:22:00,11032.0,11024.019997984336
2022-12-30 13:23:00,11034.08,11024.019997984336
2022-12-30 13:24:00,11034.88,11024.019997984336
2022-12-30 13:25:00,11028.08,11024.019997984336
2022-12-30 13:26:00,11027.42,11024.019997984336
2022-12-30 13:27:00,11027.190000000002,11024.019997984336
2022-12-30 13:28:00,11024.03,11024.019997984336
2022-12-30 13:29:00,11025.09,11024.019997984336
2022-12-30 13:30:00,11025.76,11024.019997984336
2022-12-30 13:31:00,11024.86,11024.019997984336
2022-12-30 13:32:00,11031.46,11024.019997984336
2022-12-30 13:33:00,11029.33,11024.019997984336
2022-12-30 13:34:00,11030.87,11024.019997984336
2022-12-30 13:35:00,11027.54,11024.019997984336
2022-12-30 13:36:00,11027.38,11024.019997984336
2022-12-30 13:37:00,11028.17,11024.019997984336
2022-12-30 13:38:00,11026.97,11024.019997984336
2022-12-30 13:39:00,11028.389999999998,11024.019997984336
2022-12-30 13:40:00,11024.26,11024.019997984336
2022-12-30 13:41:00,11029.77,11024.019997984336
2022-12-30 13:42:00,11028.76,11024.019997984336
2022-12-30 13:43:00,11025.63,11024.019997984336
2022-12-30 13:44:00,11026.29,11024.019997984336
2022-12-30 13:45:00,11028.03,11024.019997984336
2022-12-30 13:46:00,11028.76,11024.019997984336
2022-12-30 13:47:00,11031.84,11024.019997984336
2022-12-30 13:48:00,11020.86,11024.019997984336
2022-12-30 13:49:00,11024.05,11024.019997984336
2022-12-30 13:50:00,11026.76,11024.019997984336
2022-12-30 13:51:00,11024.4,11024.019997984336
2022-12-30 13:52:00,11026.72,11024.019997984336
2022-12-30 13:53:00,11030.7,11024.019997984336
2022-12-30 13:54:00,11033.73,11024.019997984336
2022-12-30 13:55:00,11031.89,11024.019997984336
2022-12-30 13:56:00,11031.85,11024.019997984336
2022-12-30 13:57:00,11033.68,11024.019997984336
2022-12-30 13:58:00,11032.19,11024.019997984336
2022-12-30 13:59:00,11036.07,11024.019997984336
2022-12-30 14:00:00,11036.82,11024.019997984336
2022-12-30 14:01:00,11034.34,11024.019997984336
2022-12-30 14:02:00,11034.760000000002,11024.019997984336
2022-12-30 14:03:00,11037.32,11034.75999618066
2022-12-30 14:04:00,11037.18,11034.759996369063
2022-12-30 14:05:00,11037.13,11034.759996456738
2022-12-30 14:06:00,11036.19,11034.759996456738
2022-12-30 14:07:00,11038.24,11034.759996456738
2022-12-30 14:08:00,11040.09,11034.759996456738
2022-12-30 14:09:00,11037.73,11034.759996456738
2022-12-30 14:10:00,11039.1,11034.759996456738
2022-12-30 14:11:00,11039.37,11034.759996456738
2022-12-30 14:12:00,11036.89,11034.759996456738
2022-12-30 14:13:00,11034.03,11034.759996456738
2022-12-30 14:14:00,11035.33,11034.759996456738
2022-12-30 14:15:00,11037.010000000002,11034.759996456738
2022-12-30 14:16:00,11035.04,11034.759996456738
2022-12-30 14:17:00,11036.83,11034.759996456738
2022-12-30 14:18:00,11035.46,11034.759996456738
2022-12-30 14:19:00,11032.21,11034.759996456738
2022-12-30 14:20:00,11031.369999999999,11034.759996456738
2022-12-30 14:21:00,11033.77,11034.759996456738
2022-12-30 14:22:00,11032.100000000002,11034.759996456738
2022-12-30 14:23:00,11033.04,11034.759996456738
2022-12-30 14:24:00,11032.19,11034.759996456738
2022-12-30 14:25:00,11031.009999999998,11034.759996456738
2022-12-30 14:26:00,11027.4,11034.759996456738
2022-12-30 14:27:00,11026.01,11034.759996456738
2022-12-30 14:28:00,11028.9,11034.759996456738
2022-12-30 14:29:00,11027.48,11034.759996456738
2022-12-30 14:30:00,11027.79,11034.759996456738
2022-12-30 14:31:00,11029.38,11034.759996456738
2022-12-30 14:32:00,11029.24,11034.759996456738
2022-12-30 14:33:00,11028.349999999999,11034.759996456738
2022-12-30 14:34:00,11029.880000000001,11034.759996456738
2022-12-30 14:35:00,11029.859999999999,11034.759996456738
2022-12-30 14:36:00,11030.51,11034.759996456738
2022-12-30 14:37:00,11027.43,11034.759996456738
2022-12-30 14:38:00,11022.76,11034.759996456738
2022-12-30 14:39:00,11022.77,11034.759996456738
2022-12-30 14:40:00,11022.11,11034.759996456738
2022-12-30 14:41:00,11020.65,11034.759996456738
2022-12-30 14:42:00,11019.99,11034.759996456738
2022-12-30 14:43:00,11021.46,11034.759996456738
2022-12-30 14:44:00,11024.5,11034.759996456738
2022-12-30 14:45:00,11025.47,11034.759996456738
2022-12-30 14:46:00,11024.189999999999,11034.759996456738
2022-12-30 14:47:00,11025.48,11034.759996456738
2022-12-30 14:48:00,11024.75,11034.759996456738
2022-12-30 14:49:00,11023.780000000002,11034.759996456738
2022-12-30 14:50:00,11022.97,11034.759996456738
2022-12-30 14:51:00,11021.170000000002,11034.759996456738
2022-12-30 14:52:00,11021.13,11034.759996456738
2022-12-30 14:53:00,11021.77,11034.759996456738
2022-12-30 14:54:00,11022.47,11034.759996456738
2022-12-30 14:55:00,11022.48,11034.759996456738
2022-12-30 14:56:00,11023.58,11034.759996456738
2022-12-30 14:57:00,11025.680000000002,11034.759996456738
2022-12-30 14:58:00,11025.95,11034.759996456738
2022-12-30 14:59:00,11025.95,11034.759996456738
2022-12-30 15:00:00,11015.99,11034.759996456738
2023-01-03 09:30:00,11003.050000000001,11034.759996456738
2023-01-03 09:31:00,10978.899999999998,11034.759996456738
2023-01-03 09:32:00,10977.33,11034.759996456738
2023-01-03 09:33:00,10978.7,11034.759996456738
2023-01-03 09:34:00,10982.02,11034.759996456738
2023-01-03 09:35:00,10979.46,11034.759996456738
2023-01-03 09:36:00,10975.31,11034.759996456738
2023-01-03 09:37:00,10966.85,11034.759996456738
2023-01-03 09:38:00,10957.8,11034.759996456738
2023-01-03 09:39:00,10956.88,11034.759996456738
2023-01-03 09:40:00,10957.16,11034.759996456738
2023-01-03 09:41:00,10946.07,11034.759996456738
2023-01-03 09:42:00,10956.27,11034.759996456738
2023-01-03 09:43:00,10956.69,11034.759996456738
2023-01-03 09:44:00,10951.329999999998,11034.759996456738
2023-01-03 09:45:00,10953.35,11034.759996456738
2023-01-03 09:46:00,10956.82,11034.759996456738
2023-01-03 09:47:00,10944.110000000002,11034.759996456738
2023-01-03 09:48:00,10944.08,11034.759996456738
2023-01-03 09:49:00,10935.35,11034.759996456738
2023-01-03 09:50:00,10935.25,11034.759996456738
2023-01-03 09:51:00,10926.15,11034.759996456738
2023-01-03 09:52:00,10928.45,11034.759996456738
2023-01-03 09:53:00,10929.91,11034.759996456738
2023-01-03 09:54:00,10935.13,11034.759996456738
2023-01-03 09:55:00,10940.93,11034.759996456738
2023-01-03 09:56:00,10934.97,11034.759996456738
2023-01-03 09:57:00,10937.88,11034.759996456738
2023-01-03 09:58:00,10940.58,11034.759996456738
2023-01-03 09:59:00,10950.4,11034.759996456738
2023-01-03 10:00:00,10950.530000000002,11034.759996456738
2023-01-03 10:01:00,10956.93,11034.759996456738
2023-01-03 10:02:00,10961.65,11034.759996456738
2023-01-03 10:03:00,10967.160000000002,11034.759996456738
2023-01-03 10:04:00,10968.09,11034.759996456738
2023-01-03 10:05:00,10966.31,11034.759996456738
2023-01-03 10:06:00,10965.01,11034.759996456738
2023-01-03 10:07:00,10966.15,11034.759996456738
2023-01-03 10:08:00,10966.39,10966.14999796834
2023-01-03 10:09:00,10963.72,10966.149999613597
2023-01-03 10:10:00,10955.14,10966.149999851585
2023-01-03 10:11:00,10951.63,10966.149999851585
2023-01-03 10:12:00,10953.03,10966.149999851586
2023-01-03 10:13:00,10955.77,10966.149999851586
2023-01-03 10:14:00,10953.88,10966.149999851586
2023-01-03 10:15:00,10955.03,10966.149999851586
2023-01-03 10:16:00,10951.689999999999,10966.149999851586
2023-01-03 10:17:00,10943.63,10966.149999851586
2023-01-03 10:18:00,10948.24,10966.149999851586
2023-01-03 10:19:00,10947.64,10966.149999851586
2023-01-03 10:20:00,10954.08,10966.149999851586
2023-01-03 10:21:00,10960.08,10966.149999851586
2023-01-03 10:22:00,10962.67,10966.149999851586
2023-01-03 10:23:00,10965.04,10966.149999851586
2023-01-03 10:24:00,10967.19,10966.149999851586
2023-01-03 10:25:00,10970.91,10966.149999851586
2023-01-03 10:26:00,10979.16,10966.149999851586
2023-01-03 10:27:00,10988.12,10966.149999851586
2023-01-03 10:28:00,10998.62,10966.149999851586
2023-01-03 10:29:00,10995.78,10966.149999851586
2023-01-03 10:30:00,11007.970000000001,10966.149999851586
2023-01-03 10:31:00,11015.34,10966.149999851586
2023-01-03 10:32:00,11018.39,10966.149999851586
2023-01-03 10:33:00,11015.110000000002,10966.149999851586
2023-01-03 10:34:00,11017.809999999998,10966.149999851586
2023-01-03 10:35:00,11021.38,10966.149999851586
2023-01-03 10:36:00,11020.36,10966.149999851586
2023-01-03 10:37:00,11018.62,10966.149999851586
2023-01-03 10:38:00,11024.31,10966.149999851586
2023-01-03 10:39:00,11023.15,10966.149999851586
2023-01-03 10:40:00,11029.889999999998,10966.149999851586
2023-01-03 10:41:00,11030.5,10966.149999851586
2023-01-03 10:42:00,11031.68,10966.149999851586
2023-01-03 10:43:00,11023.22,10966.149999851586
2023-01-03 10:44:00,11025.51,10966.149999851586
2023-01-03 10:45:00,11028.58,10966.149999851586
2023-01-03 10:46:00,11024.189999999999,10966.149999851586
2023-01-03 10:47:00,11025.54,10966.149999851586
2023-01-03 10:48:00,11025.26,10966.149999851586
2023-01-03 10:49:00,11027.190000000002,10966.149999851586
2023-01-03 10:50:00,11032.869999999999,10966.149999851586
2023-01-03 10:51:00,11034.14,10966.149999851586
2023-01-03 10:52:00,11039.44,10966.149999851586
2023-01-03 10:53:00,11025.330000000002,10966.149999851586
2023-01-03 10:54:00,11028.3,10966.149999851586
2023-01-03 10:55:00,11032.75,10966.149999851586
2023-01-03 10:56:00,11033.87,10966.149999851586
2023-01-03 10:57:00,11035.33,10966.149999851586
2023-01-03 10:58:00,11028.15,10966.149999851586
2023-01-03 10:59:00,11026.38,10966.149999851586
2023-01-03 11:00:00,11030.71,10966.149999851586
2023-01-03 11:01:00,11037.44,10966.149999851586
2023-01-03 11:02:00,11035.2,10966.149999851586
2023-01-03 11:03:00,11034.27,10966.149999851586
2023-01-03 11:04:00,11030.32,10966.149999851586
2023-01-03 11:05:00,11033.44,10966.149999851586
2023-01-03 11:06:00,11034.69,10966.149999851586
2023-01-03 11:07:00,11040.039999999999,10966.149999851586
2023-01-03 11:08:00,11039.82,10966.149999851586
2023-01-03 11:09:00,11040.8,10966.149999851586
2023-01-03 11:10:00,11038.0,10966.149999851586
2023-01-03 11:11:00,11034.5,10966.149999851586
2023-01-03 11:12:00,11034.809999999998,10966.149999851586
2023-01-03 11:13:00,11035.48,10966.149999851586
2023-01-03 11:14:00,11037.5,10966.149999851586
2023-01-03 11:15:00,11037.1,10966.149999851586
2023-01-03 11:16:00,11030.97,10966.149999851586
2023-01-03 11:17:00,11030.03,10966.149999851586
2023-01-03 11:18:00,11031.07,10966.149999851586
2023-01-03 11:19:00,11033.22,10966.149999851586
2023-01-03 11:20:00,11037.17,10966.149999851586
2023-01-03 11:21:00,11039.57,10966.149999851586
2023-01-03 11:22:00,11044.42,10966.149999851586
2023-01-03 11:23:00,11051.22,10966.149999851586
2023-01-03 11:24:00,11054.25,10966.149999851586
2023-01-03 11:25:00,11057.35,10966.149999851586
2023-01-03 11:26:00,11061.64,10966.149999851586
2023-01-03 11:27:00,11066.59,10966.149999851586
2023-01-03 11:28:00,11071.5,10966.149999851586
2023-01-03 11:29:00,11078.36,10966.149999851586
2023-01-03 11:30:00,11076.64,10966.149999851586
2023-01-03 13:01:00,11068.96,10966.149999851586
2023-01-03 13:02:00,11075.14,10966.149999851586
2023-01-03 13:03:00,11074.01,10966.149999851586
2023-01-03 13:04:00,11072.72,10966.149999851586
2023-01-03 13:05:00,11074.6,10966.149999851586
2023-01-03 13:06:00,11074.39,10966.149999851586
2023-01-03 13:07:00,11076.45,10966.149999851586
2023-01-03 13:08:00,11071.419999999998,10966.149999851586
2023-01-03 13:09:00,11078.87,10966.149999851586
2023-01-03 13:10:00,11084.83,10966.149999851586
2023-01-03 13:11:00,11088.57,10966.149999851586
2023-01-03 13:12:00,11096.39,10966.149999851586
2023-01-03 13:13:00,11094.430000000002,10966.149999851586
2023-01-03 13:14:00,11094.839999999998,11094.43001302463
2023-01-03 13:15:00,11098.57,11094.430011361857
2023-01-03 13:16:00,11105.25,11094.430010952696
2023-01-03 13:17:00,11109.3,11094.430010952696
2023-01-03 13:18:00,11101.53,11094.430010952696
2023-01-03 13:19:00,11098.44,11094.430010952696
2023-01-03 13:20:00,11098.12,11094.430010952696
2023-01-03 13:21:00,11100.74,11094.430010952696
2023-01-03 13:22:00,11097.46,11094.430010952696
2023-01-03 13:23:00,11094.01,11094.430010952696
2023-01-03 13:24:00,11093.94,11094.430010952696
2023-01-03 13:25:00,11092.45,11094.430010952696
2023-01-03 13:26:00,11092.6,11094.430010952696
2023-01-03 13:27:00,11092.960000000001,11094.430010952696
2023-01-03 13:28:00,11087.56,11094.430010952696
2023-01-03 13:29:00,11086.38,11094.430010952696
2023-01-03 13:30:00,11089.02,11094.430010952696
2023-01-03 13:31:00,11094.57,11094.430010952696
2023-01-03 13:32:00,11096.45,11094.430010952696
2023-01-03 13:33:00,11088.12,11094.430010952696
2023-01-03 13:34:00,11088.34,11094.430010952696
2023-01-03 13:35:00,11087.33,11094.430010952696
2023-01-03 13:36:00,11086.65,11094.430010952696
2023-01-03 13:37:00,11087.91,11094.430010952696
2023-01-03 13:38:00,11086.860000000002,11094.430010952696
2023-01-03 13:39:00,11086.35,11094.430010952696
2023-01-03 13:40:00,11085.68,11094.430010952696
2023-01-03 13:41:00,11081.53,11094.430010952696
2023-01-03 13:42:00,11082.69,11094.430010952696
2023-01-03 13:43:00,11085.14,11094.430010952696
2023-01-03 13:44:00,11086.8,11094.430010952696
2023-01-03 13:45:00,11091.5,11094.430010952696
2023-01-03 13:46:00,11094.71,11094.430010952696
2023-01-03 13:47:00,11091.88,11094.430010952696
2023-01-03 13:48:00,11091.54,11094.430010952696
2023-01-03 13:49:00,11093.22,11094.430010952696
2023-01-03 13:50:00,11094.449999999999,11094.430010952696
2023-01-03 13:51:00,11092.32,11094.430010952696
2023-01-03 13:52:00,11095.940000000002,11094.430010952696
2023-01-03 13:53:00,11096.82,11094.430010952696
2023-01-03 13:54:00,11099.06,11094.430010952696
2023-01-03 13:55:00,11100.859999999999,11094.430010952696
2023-01-03 13:56:00,11103.74,11094.430010952696
2023-01-03 13:57:00,11098.46,11094.430010952696
2023-01-03 13:58:00,11097.73,11094.430010952696
2023-01-03 13:59:00,11096.49,11094.430010952696
2023-01-03 14:00:00,11094.1,11094.430010952696
2023-01-03 14:01:00,11099.46,11094.430010952696
2023-01-03 14:02:00,11101.619999999999,11094.430010952696
2023-01-03 14:03:00,11100.450000000003,11094.430010952696
2023-01-03 14:04:00,11100.840000000002,11094.430010952696
2023-01-03 14:05:00,11102.54,11094.430010952696
2023-01-03 14:06:00,11104.02,11094.430010952696
2023-01-03 14:07:00,11100.899999999998,11094.430010952696
2023-01-03 14:08:00,11101.22,11094.430010952696
2023-01-03 14:09:00,11101.36,11094.430010952696
2023-01-03 14:10:00,11106.919999999998,11094.430010952696
2023-01-03 14:11:00,11109.73,11094.430010952696
2023-01-03 14:12:00,11109.569999999998,11094.430010952696
2023-01-03 14:13:00,11110.83,11094.430010952696
2023-01-03 14:14:00,11110.26,11094.430010952696
2023-01-03 14:15:00,11112.76,11094.430010952696
2023-01-03 14:16:00,11116.66,11094.430010952696
2023-01-03 14:17:00,11116.87,11094.430010952696
2023-01-03 14:18:00,11115.55,11094.430010952696
2023-01-03 14:19:00,11118.34,11094.430010952696
2023-01-03 14:20:00,11119.6,11094.430010952696
2023-01-03 14:21:00,11125.21,11094.430010952696
2023-01-03 14:22:00,11127.54,11094.430010952696
2023-01-03 14:23:00,11127.53,11094.430010952696
2023-01-03 14:24:00,11130.689999999999,11094.430010952696
2023-01-03 14:25:00,11129.78,11094.430010952696
2023-01-03 14:26:00,11129.170000000002,11094.430010952696
2023-01-03 14:27:00,11127.679999999998,11094.430010952696
2023-01-03 14:28:00,11126.1,11094.430010952696
2023-01-03 14:29:00,11128.12,11094.430010952696
2023-01-03 14:30:00,11133.63,11094.430010952696
2023-01-03 14:31:00,11131.62,11094.430010952696
2023-01-03 14:32:00,11127.17,11094.430010952696
2023-01-03 14:33:00,11126.83,11094.430010952696
2023-01-03 14:34:00,11126.219999999998,11094.430010952696
2023-01-03 14:35:00,11127.08,11094.430010952696
2023-01-03 14:36:00,11126.550000000001,11094.430010952696
2023-01-03 14:37:00,11130.710000000001,11094.430010952696
2023-01-03 14:38:00,11128.05,11094.430010952696
2023-01-03 14:39:00,11129.570000000002,11094.430010952696
2023-01-03 14:40:00,11129.3,11094.430010952696
2023-01-03 14:41:00,11127.91,11094.430010952696
2023-01-03 14:42:00,11129.25,11094.430010952696
2023-01-03 14:43:00,11129.1,11094.430010952696
2023-01-03 14:44:00,11127.6,11094.430010952696
2023-01-03 14:45:00,11125.45,11094.430010952696
2023-01-03 14:46:00,11125.47,11094.430010952696
2023-01-03 14:47:00,11124.88,11094.430010952696
2023-01-03 14:48:00,11122.65,11094.430010952696
2023-01-03 14:49:00,11117.72,11094.430010952696
2023-01-03 14:50:00,11115.8,11117.719993854675
2023-01-03 14:51:00,11114.87,11117.719985100486
2023-01-03 14:52:00,11116.97,11117.719984071286
2023-01-03 14:53:00,11116.14,11117.719984071275
2023-01-03 14:54:00,11115.51,11117.719984071273
2023-01-03 14:55:00,11116.6,11117.719984071273
2023-01-03 14:56:00,11115.96,11117.719984071273
2023-01-03 14:57:00,11117.62,11117.719984071273
2023-01-03 14:58:00,11118.08,11117.719984071273
2023-01-03 14:59:00,11118.08,11117.719984071273
2023-01-03 15:00:00,11117.130000000001,11117.719984071273
2023-01-04 09:30:00,11099.15,11117.719984071273
2023-01-04 09:31:00,11092.36,11117.719984071273
2023-01-04 09:32:00,11083.4,11117.719984071273
2023-01-04 09:33:00,11079.48,11117.719984071273
2023-01-04 09:34:00,11077.81,11117.719984071273
2023-01-04 09:35:00,11076.339999999998,11117.719984071273
2023-01-04 09:36:00,11078.35,11117.719984071273
2023-01-04 09:37:00,11077.95,11117.719984071273
2023-01-04 09:38:00,11075.84,11117.719984071273
2023-01-04 09:39:00,11077.19,11117.719984071273
2023-01-04 09:40:00,11081.41,11117.719984071273
2023-01-04 09:41:00,11084.18,11117.719984071273
2023-01-04 09:42:00,11089.07,11117.719984071273
2023-01-04 09:43:00,11093.1,11117.719984071273
2023-01-04 09:44:00,11097.41,11117.719984071273
2023-01-04 09:45:00,11095.56,11117.719984071273
2023-01-04 09:46:00,11087.34,11117.719984071273
2023-01-04 09:47:00,11093.54,11117.719984071273
2023-01-04 09:48:00,11099.380000000001,11117.719984071273
2023-01-04 09:49:00,11100.72,11117.719984071273
2023-01-04 09:50:00,11102.62,11117.719984071273
2023-01-04 09:51:00,11100.880000000001,11117.719984071273
2023-01-04 09:52:00,11092.36,11117.719984071273
2023-01-04 09:53:00,11095.75,11117.719984071273
2023-01-04 09:54:00,11095.570000000002,11117.719984071273
2023-01-04 09:55:00,11098.91,11117.719984071273
2023-01-04 09:56:00,11103.83,11117.719984071273
2023-01-04 09:57:00,11105.7,11117.719984071273
2023-01-04 09:58:00,11110.270000000002,11117.719984071273
2023-01-04 09:59:00,11107.64,11117.719984071273
2023-01-04 10:00:00,11106.65,11117.719984071273
2023-01-04 10:01:00,11104.99,11117.719984071273
2023-01-04 10:02:00,11114.72,11117.719984071273
2023-01-04 10:03:00,11114.73,11117.719984071273
2023-01-04 10:04:00,11114.9,11117.719984071273
2023-01-04 10:05:00,11114.37,11117.719984071273
2023-01-04 10:06:00,11117.899999999998,11117.719984071273
2023-01-04 10:07:00,11116.29,11117.719984071273
2023-01-04 10:08:00,11123.919999999998,11117.719984071273
2023-01-04 10:09:00,11125.370000000003,11117.719984071273
2023-01-04 10:10:00,11125.7,11117.719984071273
2023-01-04 10:11:00,11133.16,11117.719984071273
2023-01-04 10:12:00,11130.08,11117.719984071273
2023-01-04 10:13:00,11134.72,11117.719984071273
2023-01-04 10:14:00,11137.19,11117.719984071273
2023-01-04 10:15:00,11143.79,11117.719984071273
2023-01-04 10:16:00,11137.35,11117.719984071273
2023-01-04 10:17:00,11139.31,11117.719984071273
2023-01-04 10:18:00,11143.520000000002,11117.719984071273
2023-01-04 10:19:00,11147.4,11117.719984071273
2023-01-04 10:20:00,11139.750000000002,11117.719984071273
2023-01-04 10:21:00,11146.76,11117.719984071273
2023-01-04 10:22:00,11143.38,11117.719984071273
2023-01-04 10:23:00,11142.38,11117.719984071273
2023-01-04 10:24:00,11145.5,11117.719984071273
2023-01-04 10:25:00,11136.02,11117.719984071273
2023-01-04 10:26:00,11130.39,11117.719984071273
2023-01-04 10:27:00,11132.8,11117.719984071273
2023-01-04 10:28:00,11129.07,11117.719984071273
2023-01-04 10:29:00,11127.23,11117.719984071273
2023-01-04 10:30:00,11128.87,11117.719984071273
2023-01-04 10:31:00,11119.64,11117.719984071273
2023-01-04 10:32:00,11119.25,11117.719984071273
2023-01-04 10:33:00,11123.28,11117.719984071273
2023-01-04 10:34:00,11129.75,11117.719984071273
2023-01-04 10:35:00,11129.72,11117.719984071273
2023-01-04 10:36:00,11125.09,11117.719984071273
2023-01-04 10:37:00,11120.39,11117.719984071273
2023-01-04 10:38:00,11121.11,11117.719984071273
2023-01-04 10:39:00,11119.2,11117.719984071273
2023-01-04 10:40:00,11121.269999999999,11117.719984071273
2023-01-04 10:41:00,11118.609999999999,11117.719984071273
2023-01-04 10:42:00,11120.82,11117.719984071273
2023-01-04 10:43:00,11120.84,11117.719984071273
2023-01-04 10:44:00,11123.02,11117.719984071273
2023-01-04 10:45:00,11126.71,11117.719984071273
2023-01-04 10:46:00,11123.67,11117.719984071273
2023-01-04 10:47:00,11127.9,11117.719984071273
2023-01-04 10:48:00,11130.39,11117.719984071273
2023-01-04 10:49:00,11132.02,11117.719984071273
2023-01-04 10:50:00,11133.81,11117.719984071273
2023-01-04 10:51:00,11134.499999999998,11117.719984071273
2023-01-04 10:52:00,11127.6,11117.719984071273
2023-01-04 10:53:00,11125.97,11117.719984071273
2023-01-04 10:54:00,11125.64,11117.719984071273
2023-01-04 10:55:00,11127.01,11125.639995666936
2023-01-04 10:56:00,11128.820000000002,11125.639994771846
2023-01-04 10:57:00,11128.780000000002,11125.639994702953
2023-01-04 10:58:00,11127.74,11125.63999470295
2023-01-04 10:59:00,11128.74,11125.63999470295
2023-01-04 11:00:00,11125.020000000002,11125.63999470295
2023-01-04 11:01:00,11121.46,11125.63999470295
2023-01-04 11:02:00,11121.600000000002,11125.63999470295
2023-01-04 11:03:00,11119.24,11125.63999470295
2023-01-04 11:04:00,11120.88,11125.63999470295
2023-01-04 11:05:00,11116.27,11125.63999470295
2023-01-04 11:06:00,11115.38,11125.63999470295
2023-01-04 11:07:00,11114.81,11125.63999470295
2023-01-04 11:08:00,11114.03,11125.63999470295
2023-01-04 11:09:00,11114.35,11125.63999470295
2023-01-04 11:10:00,11114.46,11125.63999470295
2023-01-04 11:11:00,11114.97,11125.63999470295
2023-01-04 11:12:00,11118.240000000002,11125.63999470295
2023-01-04 11:13:00,11117.889999999998,11125.63999470295
2023-01-04 11:14:00,11115.639999999998,11125.63999470295
2023-01-04 11:15:00,11116.5,11125.63999470295
2023-01-04 11:16:00,11119.98,11125.63999470295
2023-01-04 11:17:00,11118.77,11125.63999470295
2023-01-04 11:18:00,11117.62,11125.63999470295
2023-01-04 11:19:00,11117.17,11125.63999470295
2023-01-04 11:20:00,11116.09,11125.63999470295
2023-01-04 11:21:00,11118.35,11125.63999470295
2023-01-04 11:22:00,11118.19,11125.63999470295
2023-01-04 11:23:00,11121.17,11125.63999470295
2023-01-04 11:24:00,11123.25,11125.63999470295
2023-01-04 11:25:00,11122.55,11125.63999470295
2023-01-04 11:26:00,11121.89,11125.63999470295
2023-01-04 11:27:00,11124.15,11125.63999470295
2023-01-04 11:28:00,11125.67,11125.63999470295
2023-01-04 11:29:00,11123.22,11125.63999470295
2023-01-04 11:30:00,11121.36,11125.63999470295
2023-01-04 13:01:00,11119.21,11125.63999470295
2023-01-04 13:02:00,11116.14,11125.63999470295
2023-01-04 13:03:00,11108.08,11125.63999470295
2023-01-04 13:04:00,11106.75,11125.63999470295
2023-01-04 13:05:00,11103.110000000002,11125.63999470295
2023-01-04 13:06:00,11095.42,11125.63999470295
2023-01-04 13:07:00,11092.75,11125.63999470295
2023-01-04 13:08:00,11089.02,11125.63999470295
2023-01-04 13:09:00,11084.73,11125.63999470295
2023-01-04 13:10:00,11085.26,11125.63999470295
2023-01-04 13:11:00,11084.06,11125.63999470295
2023-01-04 13:12:00,11083.81,11125.63999470295
2023-01-04 13:13:00,11082.57,11125.63999470295
2023-01-04 13:14:00,11083.0,11125.63999470295
2023-01-04 13:15:00,11079.36,11125.63999470295
2023-01-04 13:16:00,11077.24,11125.63999470295
2023-01-04 13:17:00,11072.209999999997,11125.63999470295
2023-01-04 13:18:00,11075.48,11125.63999470295
2023-01-04 13:19:00,11070.650000000001,11125.63999470295
2023-01-04 13:20:00,11067.56,11125.63999470295
2023-01-04 13:21:00,11065.41,11125.63999470295
2023-01-04 13:22:00,11059.689999999999,11125.63999470295
2023-01-04 13:23:00,11056.319999999998,11125.63999470295
2023-01-04 13:24:00,11055.09,11125.63999470295
2023-01-04 13:25:00,11051.56,11125.63999470295
2023-01-04 13:26:00,11050.87,11125.63999470295
2023-01-04 13:27:00,11048.340000000002,11125.63999470295
2023-01-04 13:28:00,11044.13,11125.63999470295
2023-01-04 13:29:00,11038.38,11125.63999470295
2023-01-04 13:30:00,11040.829999999998,11125.63999470295
2023-01-04 13:31:00,11037.25,11125.63999470295
2023-01-04 13:32:00,11042.329999999998,11125.63999470295
2023-01-04 13:33:00,11047.0,11125.63999470295
2023-01-04 13:34:00,11041.51,11125.63999470295
2023-01-04 13:35:00,11043.86,11125.63999470295
2023-01-04 13:36:00,11045.82,11125.63999470295
2023-01-04 13:37:00,11049.130000000001,11125.63999470295
2023-01-04 13:38:00,11048.25,11125.63999470295
2023-01-04 13:39:00,11042.87,11125.63999470295
2023-01-04 13:40:00,11043.94,11125.63999470295
2023-01-04 13:41:00,11043.129999999997,11125.63999470295
2023-01-04 13:42:00,11040.58,11125.63999470295
2023-01-04 13:43:00,11039.64,11125.63999470295
2023-01-04 13:44:00,11040.56,11125.63999470295
2023-01-04 13:45:00,11040.64,11125.63999470295
2023-01-04 13:46:00,11044.49,11125.63999470295
2023-01-04 13:47:00,11046.880000000001,11125.63999470295
2023-01-04 13:48:00,11047.200000000003,11125.63999470295
2023-01-04 13:49:00,11048.759999999998,11125.63999470295
2023-01-04 13:50:00,11051.65,11125.63999470295
2023-01-04 13:51:00,11059.02,11125.63999470295
2023-01-04 13:52:00,11061.949999999999,11125.63999470295
2023-01-04 13:53:00,11063.8,11125.63999470295
2023-01-04 13:54:00,11064.43,11125.63999470295
2023-01-04 13:55:00,11067.37,11125.63999470295
2023-01-04 13:56:00,11068.18,11125.63999470295
2023-01-04 13:57:00,11065.42,11125.63999470295
2023-01-04 13:58:00,11066.08,11125.63999470295
2023-01-04 13:59:00,11060.05,11125.63999470295
2023-01-04 14:00:00,11058.75,11125.63999470295
