trade_time,True_Price,Predicted_Price
2022-12-19 13:25:00,13.1,13.046988
2022-12-19 13:26:00,13.09,13.045539
2022-12-19 13:27:00,13.09,13.073346
2022-12-19 13:28:00,13.13,13.105157
2022-12-19 13:29:00,13.12,13.1019125
2022-12-19 13:30:00,13.12,13.110199
2022-12-19 13:31:00,13.14,13.122112
2022-12-19 13:32:00,13.16,13.136165
2022-12-19 13:33:00,13.15,13.128833
2022-12-19 13:34:00,13.17,13.146451
2022-12-19 13:35:00,13.16,13.147808
2022-12-19 13:36:00,13.15,13.167721
2022-12-19 13:37:00,13.17,13.173709
2022-12-19 13:38:00,13.17,13.150928
2022-12-19 13:39:00,13.17,13.114408
2022-12-19 13:40:00,13.14,13.096169
2022-12-19 13:41:00,13.14,13.104752
2022-12-19 13:42:00,13.150001,13.110294
2022-12-19 13:43:00,13.15,13.129482
2022-12-19 13:44:00,13.15,13.1516905
2022-12-19 13:45:00,13.139999,13.135691
2022-12-19 13:46:00,13.14,13.1134615
2022-12-19 13:47:00,13.150001,13.101322
2022-12-19 13:48:00,13.13,13.095533
2022-12-19 13:49:00,13.150001,13.113277
2022-12-19 13:50:00,13.14,13.1121855
2022-12-19 13:51:00,13.139999,13.109985
2022-12-19 13:52:00,13.139999,13.106117
2022-12-19 13:53:00,13.14,13.085671
2022-12-19 13:54:00,13.129999,13.071233
2022-12-19 13:55:00,13.12,13.077378
2022-12-19 13:56:00,13.11,13.0829115
2022-12-19 13:57:00,13.110001,13.091734
2022-12-19 13:58:00,13.099999,13.073824
2022-12-19 13:59:00,13.099999,13.056864
2022-12-19 14:00:00,13.09,13.05541
2022-12-19 14:01:00,13.09,13.07409
2022-12-19 14:02:00,13.08,13.0866375
2022-12-19 14:03:00,13.070001,13.089865
2022-12-19 14:04:00,13.08,13.09051
2022-12-19 14:05:00,13.070001,13.090757
2022-12-19 14:06:00,13.09,13.074144
2022-12-19 14:07:00,13.07,13.05601
2022-12-19 14:08:00,13.070001,13.047266
2022-12-19 14:09:00,13.07,13.033858
2022-12-19 14:10:00,13.08,13.003569
2022-12-19 14:11:00,13.059999,13.029726
2022-12-19 14:12:00,13.070001,13.056108
2022-12-19 14:13:00,13.08,13.048894
2022-12-19 14:14:00,13.08,13.037941
2022-12-19 14:15:00,13.07,13.050034
2022-12-19 14:16:00,13.07,13.0652275
2022-12-19 14:17:00,13.08,13.0497055
2022-12-19 14:18:00,13.07,13.047566
2022-12-19 14:19:00,13.09,13.0868435
2022-12-19 14:20:00,13.09,13.077122
2022-12-19 14:21:00,13.070001,13.056105
2022-12-19 14:22:00,13.08,13.060506
2022-12-19 14:23:00,13.08,13.070767
2022-12-19 14:24:00,13.07,13.082039
2022-12-19 14:25:00,13.09,13.067736
2022-12-19 14:26:00,13.07,13.069456
2022-12-19 14:27:00,13.070001,13.054314
2022-12-19 14:28:00,13.04,13.044365
2022-12-19 14:29:00,13.03,13.005149
2022-12-19 14:30:00,13.04,12.997274
2022-12-19 14:31:00,13.04,12.983831
2022-12-19 14:32:00,13.0199995,12.964761
2022-12-19 14:33:00,13.01,12.984962
2022-12-19 14:34:00,13.02,12.994294
2022-12-19 14:35:00,13.02,12.990314
2022-12-19 14:36:00,13.0199995,12.976119
2022-12-19 14:37:00,13.01,12.969812
2022-12-19 14:38:00,13.009999,12.955768
2022-12-19 14:39:00,12.99,12.933
2022-12-19 14:40:00,12.969999,12.949379
2022-12-19 14:41:00,12.990001,12.945117
2022-12-19 14:42:00,12.99,12.935438
2022-12-19 14:43:00,12.96,12.914768
2022-12-19 14:44:00,12.96,12.919083
2022-12-19 14:45:00,12.96,12.910961
2022-12-19 14:46:00,12.969999,12.925857
2022-12-19 14:47:00,12.98,12.919032
2022-12-19 14:48:00,12.97,12.919046
2022-12-19 14:49:00,12.99,12.924307
2022-12-19 14:50:00,13.01,12.935476
2022-12-19 14:51:00,13.0,12.92891
2022-12-19 14:52:00,13.0,12.937214
2022-12-19 14:53:00,12.99,12.943917
2022-12-19 14:54:00,13.0,12.955925
2022-12-19 14:55:00,13.01,12.962019
2022-12-19 14:56:00,13.0199995,12.958429
2022-12-19 14:57:00,13.02,12.963762
2022-12-19 14:58:00,13.02,12.968848
2022-12-19 14:59:00,13.02,12.9519825
2022-12-19 15:00:00,13.04,12.949404
2022-12-20 09:30:00,12.97,12.933992
2022-12-20 09:31:00,13.04,12.970096
2022-12-20 09:32:00,13.02,12.986628
2022-12-20 09:33:00,13.04,13.008156
2022-12-20 09:34:00,13.05,13.008688
2022-12-20 09:35:00,13.040001,12.988262
2022-12-20 09:36:00,13.03,12.959295
2022-12-20 09:37:00,12.97,12.916359
2022-12-20 09:38:00,12.9800005,12.931638
2022-12-20 09:39:00,12.98,12.917736
2022-12-20 09:40:00,12.969999,12.907335
2022-12-20 09:41:00,12.9800005,12.91003
2022-12-20 09:42:00,12.9800005,12.88469
2022-12-20 09:43:00,12.97,12.867994
2022-12-20 09:44:00,12.9800005,12.848558
2022-12-20 09:45:00,12.950001,12.849137
2022-12-20 09:46:00,12.959999,12.858549
2022-12-20 09:47:00,12.95,12.851848
2022-12-20 09:48:00,12.97,12.872753
2022-12-20 09:49:00,12.969999,12.864936
2022-12-20 09:50:00,12.97,12.891481
2022-12-20 09:51:00,13.04,12.920753
2022-12-20 09:52:00,13.01,12.908952
2022-12-20 09:53:00,13.04,12.948806
2022-12-20 09:54:00,13.07,13.019211
2022-12-20 09:55:00,13.06,12.980774
2022-12-20 09:56:00,13.06,12.949733
2022-12-20 09:57:00,13.04,12.964473
2022-12-20 09:58:00,13.04,12.971992
2022-12-20 09:59:00,13.030001,12.958569
2022-12-20 10:00:00,13.02,12.960598
2022-12-20 10:01:00,13.03,12.970627
2022-12-20 10:02:00,13.05,12.987778
2022-12-20 10:03:00,13.04,12.995688
2022-12-20 10:04:00,13.04,12.996759
2022-12-20 10:05:00,13.04,13.023504
2022-12-20 10:06:00,13.04,12.993259
2022-12-20 10:07:00,13.0199995,12.955042
2022-12-20 10:08:00,13.01,12.949886
2022-12-20 10:09:00,13.01,12.9470415
2022-12-20 10:10:00,13.0,12.942879
2022-12-20 10:11:00,12.99,12.947806
2022-12-20 10:12:00,12.99,12.924695
2022-12-20 10:13:00,12.99,12.902642
2022-12-20 10:14:00,12.96,12.86146
2022-12-20 10:15:00,12.96,12.870828
2022-12-20 10:16:00,12.95,12.867072
2022-12-20 10:17:00,12.95,12.866482
2022-12-20 10:18:00,12.93,12.859704
2022-12-20 10:19:00,12.91,12.835721
2022-12-20 10:20:00,12.92,12.837066
2022-12-20 10:21:00,12.9,12.825189
2022-12-20 10:22:00,12.889999,12.8039
2022-12-20 10:23:00,12.889999,12.7841835
2022-12-20 10:24:00,12.900001,12.769033
2022-12-20 10:25:00,12.88,12.76376
2022-12-20 10:26:00,12.870001,12.7903595
2022-12-20 10:27:00,12.89,12.819713
2022-12-20 10:28:00,12.879999,12.827072
2022-12-20 10:29:00,12.88,12.804402
2022-12-20 10:30:00,12.88,12.796915
2022-12-20 10:31:00,12.88,12.786978
2022-12-20 10:32:00,12.87,12.795925
2022-12-20 10:33:00,12.89,12.811529
2022-12-20 10:34:00,12.87,12.823523
2022-12-20 10:35:00,12.879999,12.822819
2022-12-20 10:36:00,12.87,12.7973175
2022-12-20 10:37:00,12.86,12.790392
2022-12-20 10:38:00,12.88,12.803076
2022-12-20 10:39:00,12.9,12.801532
2022-12-20 10:40:00,12.88,12.780442
2022-12-20 10:41:00,12.87,12.7939625
2022-12-20 10:42:00,12.86,12.798444
2022-12-20 10:43:00,12.860001,12.819882
2022-12-20 10:44:00,12.870001,12.840006
2022-12-20 10:45:00,12.87,12.828008
2022-12-20 10:46:00,12.87,12.825814
2022-12-20 10:47:00,12.889999,12.833911
2022-12-20 10:48:00,12.88,12.821492
2022-12-20 10:49:00,12.88,12.847624
2022-12-20 10:50:00,12.9,12.847179
2022-12-20 10:51:00,12.91,12.848629
2022-12-20 10:52:00,12.89,12.8304
2022-12-20 10:53:00,12.89,12.855854
2022-12-20 10:54:00,12.9,12.856547
2022-12-20 10:55:00,12.88,12.864207
2022-12-20 10:56:00,12.89,12.844883
2022-12-20 10:57:00,12.870001,12.818222
2022-12-20 10:58:00,12.87,12.803198
2022-12-20 10:59:00,12.87,12.803042
2022-12-20 11:00:00,12.88,12.831842
2022-12-20 11:01:00,12.9,12.837553
2022-12-20 11:02:00,12.910001,12.852064
2022-12-20 11:03:00,12.92,12.857003
2022-12-20 11:04:00,12.9,12.865858
2022-12-20 11:05:00,12.89,12.855512
2022-12-20 11:06:00,12.88,12.829622
2022-12-20 11:07:00,12.87,12.813182
2022-12-20 11:08:00,12.87,12.806283
2022-12-20 11:09:00,12.860001,12.800482
2022-12-20 11:10:00,12.85,12.816767
2022-12-20 11:11:00,12.86,12.806155
2022-12-20 11:12:00,12.84,12.746026
2022-12-20 11:13:00,12.84,12.758416
2022-12-20 11:14:00,12.82,12.754145
2022-12-20 11:15:00,12.82,12.782057
2022-12-20 11:16:00,12.849999,12.778465
2022-12-20 11:17:00,12.82,12.76843
2022-12-20 11:18:00,12.83,12.781176
2022-12-20 11:19:00,12.83,12.799261
2022-12-20 11:20:00,12.820001,12.786841
2022-12-20 11:21:00,12.83,12.789272
2022-12-20 11:22:00,12.8,12.774209
2022-12-20 11:23:00,12.83,12.788635
2022-12-20 11:24:00,12.83,12.772179
2022-12-20 11:25:00,12.799999,12.751443
2022-12-20 11:26:00,12.8,12.767894
2022-12-20 11:27:00,12.8,12.758921
2022-12-20 11:28:00,12.799999,12.762618
2022-12-20 11:29:00,12.81,12.754254
2022-12-20 11:30:00,12.809999,12.745696
2022-12-20 13:01:00,12.81,12.738834
2022-12-20 13:02:00,12.8,12.736589
2022-12-20 13:03:00,12.8,12.7281885
2022-12-20 13:04:00,12.799999,12.725518
2022-12-20 13:05:00,12.79,12.744242
2022-12-20 13:06:00,12.8,12.741195
2022-12-20 13:07:00,12.799999,12.733024
2022-12-20 13:08:00,12.79,12.707425
2022-12-20 13:09:00,12.78,12.702242
2022-12-20 13:10:00,12.76,12.69176
2022-12-20 13:11:00,12.76,12.6834135
2022-12-20 13:12:00,12.75,12.661842
2022-12-20 13:13:00,12.75,12.656171
2022-12-20 13:14:00,12.75,12.645027
2022-12-20 13:15:00,12.76,12.650779
2022-12-20 13:16:00,12.77,12.674887
2022-12-20 13:17:00,12.7699995,12.687785
2022-12-20 13:18:00,12.76,12.708828
2022-12-20 13:19:00,12.78,12.720514
2022-12-20 13:20:00,12.759999,12.691865
2022-12-20 13:21:00,12.75,12.669249
2022-12-20 13:22:00,12.73,12.647734
2022-12-20 13:23:00,12.73,12.642151
2022-12-20 13:24:00,12.7300005,12.6227
2022-12-20 13:25:00,12.73,12.617263
2022-12-20 13:26:00,12.75,12.635946
2022-12-20 13:27:00,12.75,12.646996
2022-12-20 13:28:00,12.74,12.643721
2022-12-20 13:29:00,12.73,12.645159
2022-12-20 13:30:00,12.76,12.655252
2022-12-20 13:31:00,12.7300005,12.619587
2022-12-20 13:32:00,12.7,12.627302
2022-12-20 13:33:00,12.7,12.622674
2022-12-20 13:34:00,12.72,12.618991
2022-12-20 13:35:00,12.71,12.623339
2022-12-20 13:36:00,12.7,12.620489
2022-12-20 13:37:00,12.690001,12.615749
2022-12-20 13:38:00,12.68,12.621088
2022-12-20 13:39:00,12.69,12.643852
2022-12-20 13:40:00,12.7,12.649239
2022-12-20 13:41:00,12.69,12.6442995
2022-12-20 13:42:00,12.700001,12.646755
2022-12-20 13:43:00,12.71,12.665849
2022-12-20 13:44:00,12.679999,12.649901
2022-12-20 13:45:00,12.71,12.642469
2022-12-20 13:46:00,12.7,12.604411
2022-12-20 13:47:00,12.71,12.582761
2022-12-20 13:48:00,12.71,12.594895
2022-12-20 13:49:00,12.71,12.628391
2022-12-20 13:50:00,12.71,12.664566
2022-12-20 13:51:00,12.75,12.69498
2022-12-20 13:52:00,12.73,12.687936
2022-12-20 13:53:00,12.74,12.680971
2022-12-20 13:54:00,12.73,12.681514
2022-12-20 13:55:00,12.74,12.683242
2022-12-20 13:56:00,12.73,12.694216
2022-12-20 13:57:00,12.72,12.66427
2022-12-20 13:58:00,12.72,12.646224
2022-12-20 13:59:00,12.719999,12.657462
2022-12-20 14:00:00,12.73,12.669021
2022-12-20 14:01:00,12.74,12.69425
2022-12-20 14:02:00,12.75,12.689505
2022-12-20 14:03:00,12.759999,12.678255
2022-12-20 14:04:00,12.76,12.673793
2022-12-20 14:05:00,12.78,12.698031
2022-12-20 14:06:00,12.780001,12.697593
2022-12-20 14:07:00,12.799999,12.7186365
2022-12-20 14:08:00,12.79,12.714688
2022-12-20 14:09:00,12.799999,12.6994915
2022-12-20 14:10:00,12.8,12.6790085
2022-12-20 14:11:00,12.79,12.660272
2022-12-20 14:12:00,12.79,12.689011
2022-12-20 14:13:00,12.8,12.695919
2022-12-20 14:14:00,12.8,12.689849
2022-12-20 14:15:00,12.78,12.682933
2022-12-20 14:16:00,12.78,12.676205
2022-12-20 14:17:00,12.780001,12.683707
2022-12-20 14:18:00,12.79,12.684972
2022-12-20 14:19:00,12.79,12.694983
2022-12-20 14:20:00,12.79,12.732988
2022-12-20 14:21:00,12.77,12.733374
2022-12-20 14:22:00,12.7699995,12.74675
2022-12-20 14:23:00,12.79,12.738235
2022-12-20 14:24:00,12.79,12.725003
2022-12-20 14:25:00,12.790001,12.698858
2022-12-20 14:26:00,12.81,12.704235
2022-12-20 14:27:00,12.81,12.689918
2022-12-20 14:28:00,12.8,12.718037
2022-12-20 14:29:00,12.8,12.738909
2022-12-20 14:30:00,12.8,12.747565
2022-12-20 14:31:00,12.79,12.766912
2022-12-20 14:32:00,12.79,12.770171
2022-12-20 14:33:00,12.820001,12.768641
2022-12-20 14:34:00,12.82,12.757161
2022-12-20 14:35:00,12.81,12.764478
2022-12-20 14:36:00,12.79,12.767538
2022-12-20 14:37:00,12.8,12.763625
2022-12-20 14:38:00,12.799999,12.751156
2022-12-20 14:39:00,12.8,12.732796
2022-12-20 14:40:00,12.8,12.707417
2022-12-20 14:41:00,12.8,12.718567
2022-12-20 14:42:00,12.78,12.700962
2022-12-20 14:43:00,12.79,12.709499
2022-12-20 14:44:00,12.78,12.689892
2022-12-20 14:45:00,12.78,12.691919
2022-12-20 14:46:00,12.780001,12.69578
2022-12-20 14:47:00,12.77,12.676844
2022-12-20 14:48:00,12.75,12.658724
2022-12-20 14:49:00,12.75,12.647196
2022-12-20 14:50:00,12.74,12.635237
2022-12-20 14:51:00,12.74,12.632634
2022-12-20 14:52:00,12.76,12.640028
2022-12-20 14:53:00,12.75,12.642301
2022-12-20 14:54:00,12.75,12.655487
2022-12-20 14:55:00,12.76,12.668584
2022-12-20 14:56:00,12.77,12.665268
2022-12-20 14:57:00,12.77,12.656112
2022-12-20 14:58:00,12.77,12.64391
2022-12-20 14:59:00,12.77,12.65146
2022-12-20 15:00:00,12.76,12.674413
2022-12-21 09:30:00,12.849999,12.717376
2022-12-21 09:31:00,12.77,12.665078
2022-12-21 09:32:00,12.759999,12.676511
2022-12-21 09:33:00,12.78,12.66703
2022-12-21 09:34:00,12.7699995,12.658054
2022-12-21 09:35:00,12.8,12.682397
2022-12-21 09:36:00,12.77,12.662415
2022-12-21 09:37:00,12.8,12.661156
2022-12-21 09:38:00,12.759999,12.679451
2022-12-21 09:39:00,12.7699995,12.688927
2022-12-21 09:40:00,12.79,12.662865
2022-12-21 09:41:00,12.79,12.643883
2022-12-21 09:42:00,12.79,12.651881
2022-12-21 09:43:00,12.82,12.683888
2022-12-21 09:44:00,12.83,12.715629
2022-12-21 09:45:00,12.849999,12.767575
2022-12-21 09:46:00,12.83,12.755711
2022-12-21 09:47:00,12.799999,12.751222
2022-12-21 09:48:00,12.83,12.761687
2022-12-21 09:49:00,12.86,12.774106
2022-12-21 09:50:00,12.88,12.783312
2022-12-21 09:51:00,12.889999,12.785557
2022-12-21 09:52:00,12.860001,12.756615
2022-12-21 09:53:00,12.84,12.738773
2022-12-21 09:54:00,12.870001,12.741302
2022-12-21 09:55:00,12.84,12.716354
2022-12-21 09:56:00,12.83,12.7284355
2022-12-21 09:57:00,12.78,12.74473
2022-12-21 09:58:00,12.81,12.748072
2022-12-21 09:59:00,12.82,12.72229
2022-12-21 10:00:00,12.81,12.690064
2022-12-21 10:01:00,12.79,12.680819
2022-12-21 10:02:00,12.8,12.7130995
2022-12-21 10:03:00,12.8,12.719861
2022-12-21 10:04:00,12.809999,12.738094
2022-12-21 10:05:00,12.82,12.748933
2022-12-21 10:06:00,12.82,12.744658
2022-12-21 10:07:00,12.799999,12.739699
2022-12-21 10:08:00,12.799999,12.747324
2022-12-21 10:09:00,12.809999,12.740507
2022-12-21 10:10:00,12.82,12.741064
2022-12-21 10:11:00,12.84,12.774127
2022-12-21 10:12:00,12.849999,12.795855
2022-12-21 10:13:00,12.86,12.800803
2022-12-21 10:14:00,12.860001,12.79369
2022-12-21 10:15:00,12.87,12.780993
2022-12-21 10:16:00,12.889999,12.800114
2022-12-21 10:17:00,12.900001,12.796813
2022-12-21 10:18:00,12.88,12.786852
2022-12-21 10:19:00,12.89,12.826241
2022-12-21 10:20:00,12.91,12.828494
2022-12-21 10:21:00,12.93,12.829704
2022-12-21 10:22:00,12.91,12.838558
2022-12-21 10:23:00,12.92,12.85294
2022-12-21 10:24:00,12.91,12.83241
2022-12-21 10:25:00,12.9,12.818
2022-12-21 10:26:00,12.900001,12.818202
2022-12-21 10:27:00,12.889999,12.789404
2022-12-21 10:28:00,12.89,12.770235
2022-12-21 10:29:00,12.91,12.792662
2022-12-21 10:30:00,12.93,12.816906
2022-12-21 10:31:00,12.940001,12.81454
2022-12-21 10:32:00,12.93,12.829759
2022-12-21 10:33:00,12.92,12.831862
2022-12-21 10:34:00,12.91,12.84186
2022-12-21 10:35:00,12.9,12.845355
2022-12-21 10:36:00,12.89,12.829605
2022-12-21 10:37:00,12.88,12.807929
2022-12-21 10:38:00,12.849999,12.764282
2022-12-21 10:39:00,12.87,12.75594
2022-12-21 10:40:00,12.87,12.755761
2022-12-21 10:41:00,12.9,12.778857
2022-12-21 10:42:00,12.91,12.804836
2022-12-21 10:43:00,12.93,12.823086
2022-12-21 10:44:00,12.94,12.824591
2022-12-21 10:45:00,12.92,12.853723
2022-12-21 10:46:00,12.950001,12.883986
2022-12-21 10:47:00,12.950001,12.891724
2022-12-21 10:48:00,12.940001,12.871438
2022-12-21 10:49:00,12.940001,12.864903
2022-12-21 10:50:00,12.929999,12.850204
2022-12-21 10:51:00,12.94,12.855452
2022-12-21 10:52:00,12.95,12.88226
2022-12-21 10:53:00,12.950001,12.887424
2022-12-21 10:54:00,12.95,12.883841
2022-12-21 10:55:00,12.93,12.87673
2022-12-21 10:56:00,12.94,12.87722
2022-12-21 10:57:00,12.95,12.850535
2022-12-21 10:58:00,12.96,12.855081
2022-12-21 10:59:00,12.96,12.852131
2022-12-21 11:00:00,12.96,12.875981
2022-12-21 11:01:00,12.9800005,12.911469
2022-12-21 11:02:00,12.9800005,12.916173
2022-12-21 11:03:00,12.97,12.91639
2022-12-21 11:04:00,12.950001,12.908702
2022-12-21 11:05:00,12.95,12.914062
2022-12-21 11:06:00,12.97,12.911866
2022-12-21 11:07:00,12.97,12.9031
2022-12-21 11:08:00,12.96,12.893457
2022-12-21 11:09:00,12.96,12.905371
2022-12-21 11:10:00,12.95,12.892059
2022-12-21 11:11:00,12.95,12.89875
2022-12-21 11:12:00,12.95,12.886814
2022-12-21 11:13:00,12.93,12.890332
2022-12-21 11:14:00,12.940001,12.904753
2022-12-21 11:15:00,12.93,12.897008
2022-12-21 11:16:00,12.910001,12.866331
2022-12-21 11:17:00,12.92,12.84559
2022-12-21 11:18:00,12.92,12.82036
2022-12-21 11:19:00,12.91,12.807819
2022-12-21 11:20:00,12.910001,12.840196
2022-12-21 11:21:00,12.93,12.823076
2022-12-21 11:22:00,12.92,12.826176
2022-12-21 11:23:00,12.92,12.826818
2022-12-21 11:24:00,12.92,12.838917
2022-12-21 11:25:00,12.910001,12.829838
2022-12-21 11:26:00,12.92,12.869986
2022-12-21 11:27:00,12.92,12.871033
2022-12-21 11:28:00,12.9,12.846958
2022-12-21 11:29:00,12.91,12.843395
2022-12-21 11:30:00,12.89,12.809922
2022-12-21 13:01:00,12.900001,12.7910595
2022-12-21 13:02:00,12.88,12.77891
2022-12-21 13:03:00,12.87,12.786882
2022-12-21 13:04:00,12.88,12.809239
2022-12-21 13:05:00,12.88,12.830402
2022-12-21 13:06:00,12.88,12.825381
2022-12-21 13:07:00,12.88,12.833798
2022-12-21 13:08:00,12.889999,12.8437195
2022-12-21 13:09:00,12.889999,12.821623
2022-12-21 13:10:00,12.900001,12.80752
2022-12-21 13:11:00,12.900001,12.792602
2022-12-21 13:12:00,12.900001,12.78118
2022-12-21 13:13:00,12.900001,12.791203
2022-12-21 13:14:00,12.91,12.825191
2022-12-21 13:15:00,12.889999,12.853168
2022-12-21 13:16:00,12.92,12.88874
2022-12-21 13:17:00,12.929999,12.887897
2022-12-21 13:18:00,12.94,12.882472
2022-12-21 13:19:00,12.940001,12.878811
2022-12-21 13:20:00,12.95,12.876922
2022-12-21 13:21:00,12.95,12.873676
2022-12-21 13:22:00,12.940001,12.861393
2022-12-21 13:23:00,12.93,12.850093
2022-12-21 13:24:00,12.93,12.858341
2022-12-21 13:25:00,12.93,12.872746
2022-12-21 13:26:00,12.95,12.874244
2022-12-21 13:27:00,12.950001,12.856918
2022-12-21 13:28:00,12.94,12.811273
2022-12-21 13:29:00,12.94,12.802074
2022-12-21 13:30:00,12.93,12.784627
2022-12-21 13:31:00,12.919999,12.80369
2022-12-21 13:32:00,12.9,12.805748
2022-12-21 13:33:00,12.9,12.83644
2022-12-21 13:34:00,12.89,12.847697
2022-12-21 13:35:00,12.89,12.842264
2022-12-21 13:36:00,12.889999,12.822907
2022-12-21 13:37:00,12.889999,12.781566
2022-12-21 13:38:00,12.9,12.789871
2022-12-21 13:39:00,12.91,12.805211
2022-12-21 13:40:00,12.9,12.816624
2022-12-21 13:41:00,12.9,12.819161
2022-12-21 13:42:00,12.89,12.810896
2022-12-21 13:43:00,12.89,12.808634
2022-12-21 13:44:00,12.889999,12.808702
2022-12-21 13:45:00,12.87,12.792116
2022-12-21 13:46:00,12.87,12.785674
2022-12-21 13:47:00,12.88,12.778111
2022-12-21 13:48:00,12.86,12.773451
2022-12-21 13:49:00,12.87,12.813568
2022-12-21 13:50:00,12.879999,12.831644
2022-12-21 13:51:00,12.870001,12.846623
2022-12-21 13:52:00,12.860001,12.83398
2022-12-21 13:53:00,12.88,12.84439
2022-12-21 13:54:00,12.87,12.806378
2022-12-21 13:55:00,12.86,12.820458
2022-12-21 13:56:00,12.88,12.797631
2022-12-21 13:57:00,12.860001,12.800613
2022-12-21 13:58:00,12.87,12.807017
2022-12-21 13:59:00,12.860001,12.783165
2022-12-21 14:00:00,12.87,12.789539
2022-12-21 14:01:00,12.870001,12.810546
2022-12-21 14:02:00,12.89,12.829292
2022-12-21 14:03:00,12.87,12.828037
2022-12-21 14:04:00,12.88,12.809252
2022-12-21 14:05:00,12.9,12.7997875
2022-12-21 14:06:00,12.88,12.766568
2022-12-21 14:07:00,12.889999,12.794585
2022-12-21 14:08:00,12.86,12.795893
2022-12-21 14:09:00,12.87,12.820499
2022-12-21 14:10:00,12.86,12.806752
2022-12-21 14:11:00,12.86,12.806449
2022-12-21 14:12:00,12.860001,12.809639
2022-12-21 14:13:00,12.86,12.819799
2022-12-21 14:14:00,12.87,12.817649
2022-12-21 14:15:00,12.88,12.822375
2022-12-21 14:16:00,12.88,12.817439
2022-12-21 14:17:00,12.88,12.80165
2022-12-21 14:18:00,12.87,12.786839
2022-12-21 14:19:00,12.88,12.78764
2022-12-21 14:20:00,12.87,12.77704
2022-12-21 14:21:00,12.89,12.802276
2022-12-21 14:22:00,12.88,12.835052
2022-12-21 14:23:00,12.900001,12.867209
2022-12-21 14:24:00,12.91,12.893215
2022-12-21 14:25:00,12.900001,12.870814
2022-12-21 14:26:00,12.91,12.872208
2022-12-21 14:27:00,12.91,12.832019
2022-12-21 14:28:00,12.91,12.830726
2022-12-21 14:29:00,12.91,12.820546
2022-12-21 14:30:00,12.89,12.828381
2022-12-21 14:31:00,12.900001,12.849855
2022-12-21 14:32:00,12.88,12.83794
2022-12-21 14:33:00,12.89,12.834469
2022-12-21 14:34:00,12.89,12.811543
2022-12-21 14:35:00,12.879999,12.800764
2022-12-21 14:36:00,12.9,12.818889
2022-12-21 14:37:00,12.900001,12.823514
2022-12-21 14:38:00,12.889999,12.83207
2022-12-21 14:39:00,12.89,12.810917
2022-12-21 14:40:00,12.889999,12.799108
2022-12-21 14:41:00,12.89,12.787859
2022-12-21 14:42:00,12.88,12.797484
2022-12-21 14:43:00,12.879999,12.8168955
2022-12-21 14:44:00,12.89,12.822349
2022-12-21 14:45:00,12.89,12.82798
2022-12-21 14:46:00,12.89,12.799411
2022-12-21 14:47:00,12.89,12.783182
2022-12-21 14:48:00,12.879999,12.791166
2022-12-21 14:49:00,12.889999,12.818235
2022-12-21 14:50:00,12.89,12.808265
2022-12-21 14:51:00,12.88,12.79421
2022-12-21 14:52:00,12.889999,12.81715
2022-12-21 14:53:00,12.88,12.834696
2022-12-21 14:54:00,12.89,12.846514
2022-12-21 14:55:00,12.889999,12.825601
2022-12-21 14:56:00,12.870001,12.79143
2022-12-21 14:57:00,12.87,12.776065
2022-12-21 14:58:00,12.88,12.768829
2022-12-21 14:59:00,12.88,12.793077
2022-12-21 15:00:00,12.89,12.831899
2022-12-22 09:30:00,13.0,12.904882
2022-12-22 09:31:00,13.04,12.928257
2022-12-22 09:32:00,13.04,12.94941
2022-12-22 09:33:00,13.059999,12.95495
2022-12-22 09:34:00,13.02,12.946255
2022-12-22 09:35:00,13.0,12.944378
2022-12-22 09:36:00,13.04,12.926271
2022-12-22 09:37:00,13.07,12.927249
2022-12-22 09:38:00,13.04,12.940137
2022-12-22 09:39:00,13.030001,12.962807
2022-12-22 09:40:00,13.09,12.997802
2022-12-22 09:41:00,13.1,12.992782
2022-12-22 09:42:00,13.070001,13.000607
2022-12-22 09:43:00,13.070001,13.000897
2022-12-22 09:44:00,13.06,12.984064
2022-12-22 09:45:00,13.059999,13.015061
2022-12-22 09:46:00,13.12,13.039535
2022-12-22 09:47:00,13.1,13.02294
2022-12-22 09:48:00,13.09,13.011158
2022-12-22 09:49:00,13.06,13.00734
2022-12-22 09:50:00,13.0199995,12.982265
2022-12-22 09:51:00,13.04,12.983402
2022-12-22 09:52:00,13.06,12.98277
2022-12-22 09:53:00,13.06,12.96931
2022-12-22 09:54:00,13.02,12.959844
2022-12-22 09:55:00,13.05,12.983005
2022-12-22 09:56:00,13.05,13.003813
2022-12-22 09:57:00,13.06,13.022053
2022-12-22 09:58:00,13.08,13.029285
2022-12-22 09:59:00,13.099999,13.021604
2022-12-22 10:00:00,13.08,13.021764
2022-12-22 10:01:00,13.06,13.022449
2022-12-22 10:02:00,13.099999,13.034377
2022-12-22 10:03:00,13.070001,13.01299
2022-12-22 10:04:00,13.09,13.022197
2022-12-22 10:05:00,13.099999,13.036112
2022-12-22 10:06:00,13.12,13.04457
2022-12-22 10:07:00,13.110001,13.034494
2022-12-22 10:08:00,13.12,13.031715
2022-12-22 10:09:00,13.12,13.023022
2022-12-22 10:10:00,13.110001,12.999559
2022-12-22 10:11:00,13.099999,12.995424
2022-12-22 10:12:00,13.099999,13.018693
2022-12-22 10:13:00,13.110001,13.05921
2022-12-22 10:14:00,13.089999,13.059857
2022-12-22 10:15:00,13.11,13.089578
2022-12-22 10:16:00,13.11,13.06071
2022-12-22 10:17:00,13.1,13.049129
2022-12-22 10:18:00,13.13,13.043269
2022-12-22 10:19:00,13.12,13.03008
2022-12-22 10:20:00,13.13,13.028743
2022-12-22 10:21:00,13.14,13.026222
2022-12-22 10:22:00,13.150001,13.020256
2022-12-22 10:23:00,13.14,13.014225
2022-12-22 10:24:00,13.13,13.017108
2022-12-22 10:25:00,13.129999,13.045952
2022-12-22 10:26:00,13.13,13.073092
2022-12-22 10:27:00,13.13,13.085914
2022-12-22 10:28:00,13.12,13.063746
2022-12-22 10:29:00,13.110001,13.068771
2022-12-22 10:30:00,13.12,13.057091
2022-12-22 10:31:00,13.1,13.034251
2022-12-22 10:32:00,13.1,13.015555
2022-12-22 10:33:00,13.09,13.021622
2022-12-22 10:34:00,13.099999,13.037131
2022-12-22 10:35:00,13.11,13.051385
2022-12-22 10:36:00,13.11,13.058602
2022-12-22 10:37:00,13.12,13.060546
2022-12-22 10:38:00,13.12,13.057523
2022-12-22 10:39:00,13.110001,13.026452
2022-12-22 10:40:00,13.099999,13.022975
2022-12-22 10:41:00,13.07,13.009744
2022-12-22 10:42:00,13.049999,13.0041895
2022-12-22 10:43:00,13.08,13.010498
2022-12-22 10:44:00,13.07,12.994812
2022-12-22 10:45:00,13.030001,12.996004
2022-12-22 10:46:00,13.05,12.992486
2022-12-22 10:47:00,13.03,12.963913
2022-12-22 10:48:00,13.04,12.965453
2022-12-22 10:49:00,13.05,12.971312
2022-12-22 10:50:00,13.0199995,12.975693
2022-12-22 10:51:00,13.02,12.984206
2022-12-22 10:52:00,13.030001,12.983195
2022-12-22 10:53:00,13.009999,12.957878
2022-12-22 10:54:00,13.0,12.938586
2022-12-22 10:55:00,13.01,12.928649
2022-12-22 10:56:00,13.01,12.929127
2022-12-22 10:57:00,13.03,12.965389
2022-12-22 10:58:00,13.02,12.968668
2022-12-22 10:59:00,13.0199995,12.969234
2022-12-22 11:00:00,13.03,12.976212
2022-12-22 11:01:00,13.03,12.991297
2022-12-22 11:02:00,13.03,12.978754
2022-12-22 11:03:00,13.009999,12.96595
2022-12-22 11:04:00,13.009999,12.949564
2022-12-22 11:05:00,13.0199995,12.9020405
2022-12-22 11:06:00,13.0,12.886836
2022-12-22 11:07:00,13.03,12.901495
2022-12-22 11:08:00,13.0199995,12.900705
2022-12-22 11:09:00,13.02,12.906714
2022-12-22 11:10:00,13.01,12.874002
2022-12-22 11:11:00,13.009999,12.861321
2022-12-22 11:12:00,13.0,12.851282
2022-12-22 11:13:00,12.99,12.847786
2022-12-22 11:14:00,12.99,12.848822
2022-12-22 11:15:00,12.99,12.8525915
2022-12-22 11:16:00,13.0,12.853857
2022-12-22 11:17:00,12.99,12.844567
2022-12-22 11:18:00,12.9800005,12.849273
2022-12-22 11:19:00,12.9800005,12.852009
2022-12-22 11:20:00,12.969999,12.846283
2022-12-22 11:21:00,12.97,12.845476
2022-12-22 11:22:00,12.96,12.843268
2022-12-22 11:23:00,12.96,12.830728
2022-12-22 11:24:00,12.95,12.81392
2022-12-22 11:25:00,12.950001,12.816165
2022-12-22 11:26:00,12.95,12.833883
2022-12-22 11:27:00,12.96,12.843369
2022-12-22 11:28:00,12.96,12.859709
2022-12-22 11:29:00,12.969999,12.879643
2022-12-22 11:30:00,12.98,12.88598
2022-12-22 13:01:00,12.97,12.880264
2022-12-22 13:02:00,12.9800005,12.881722
2022-12-22 13:03:00,12.97,12.877459
2022-12-22 13:04:00,12.96,12.857034
2022-12-22 13:05:00,12.96,12.877766
2022-12-22 13:06:00,12.96,12.87799
2022-12-22 13:07:00,12.940001,12.870724
2022-12-22 13:08:00,12.95,12.8319435
2022-12-22 13:09:00,12.96,12.823032
2022-12-22 13:10:00,12.96,12.831132
2022-12-22 13:11:00,12.96,12.828417
2022-12-22 13:12:00,12.940001,12.85256
2022-12-22 13:13:00,12.950001,12.886399
2022-12-22 13:14:00,12.950001,12.879818
2022-12-22 13:15:00,12.959999,12.863961
2022-12-22 13:16:00,12.95,12.855471
2022-12-22 13:17:00,12.93,12.836204
2022-12-22 13:18:00,12.95,12.845626
2022-12-22 13:19:00,12.94,12.840787
2022-12-22 13:20:00,12.929999,12.85426
2022-12-22 13:21:00,12.93,12.867946
2022-12-22 13:22:00,12.95,12.877436
2022-12-22 13:23:00,12.94,12.89736
2022-12-22 13:24:00,12.97,12.886301
2022-12-22 13:25:00,12.950001,12.878842
2022-12-22 13:26:00,12.950001,12.873311
2022-12-22 13:27:00,12.950001,12.887349
2022-12-22 13:28:00,12.96,12.894363
2022-12-22 13:29:00,12.969999,12.88142
2022-12-22 13:30:00,12.96,12.86156
2022-12-22 13:31:00,12.96,12.854809
2022-12-22 13:32:00,12.94,12.846257
2022-12-22 13:33:00,12.93,12.86689
2022-12-22 13:34:00,12.96,12.90259
2022-12-22 13:35:00,12.96,12.902995
2022-12-22 13:36:00,12.97,12.8990965
2022-12-22 13:37:00,12.96,12.916855
2022-12-22 13:38:00,12.97,12.923142
2022-12-22 13:39:00,12.99,12.935685
2022-12-22 13:40:00,12.99,12.938191
2022-12-22 13:41:00,12.99,12.941897
2022-12-22 13:42:00,12.97,12.933317
2022-12-22 13:43:00,12.96,12.928188
2022-12-22 13:44:00,12.96,12.927506
2022-12-22 13:45:00,12.950001,12.929007
2022-12-22 13:46:00,12.98,12.900943
2022-12-22 13:47:00,12.959999,12.882903
2022-12-22 13:48:00,12.96,12.865822
2022-12-22 13:49:00,12.97,12.882733
2022-12-22 13:50:00,12.969999,12.900623
2022-12-22 13:51:00,12.98,12.905833
2022-12-22 13:52:00,12.9800005,12.904013
2022-12-22 13:53:00,12.97,12.890346
2022-12-22 13:54:00,12.969999,12.893378
2022-12-22 13:55:00,12.969999,12.900997
2022-12-22 13:56:00,12.98,12.9155
2022-12-22 13:57:00,12.9800005,12.931457
2022-12-22 13:58:00,12.98,12.93392
2022-12-22 13:59:00,12.9800005,12.91402
2022-12-22 14:00:00,12.969999,12.896804
2022-12-22 14:01:00,12.95,12.886075
2022-12-22 14:02:00,12.94,12.888047
2022-12-22 14:03:00,12.95,12.879512
2022-12-22 14:04:00,12.94,12.874434
2022-12-22 14:05:00,12.950001,12.864898
2022-12-22 14:06:00,12.940001,12.850182
2022-12-22 14:07:00,12.93,12.821805
2022-12-22 14:08:00,12.96,12.824402
2022-12-22 14:09:00,12.96,12.8279295
2022-12-22 14:10:00,12.940001,12.844865
2022-12-22 14:11:00,12.940001,12.884823
2022-12-22 14:12:00,12.94,12.875892
2022-12-22 14:13:00,12.950001,12.880474
2022-12-22 14:14:00,12.97,12.856836
2022-12-22 14:15:00,12.95,12.843674
2022-12-22 14:16:00,12.96,12.844763
2022-12-22 14:17:00,12.97,12.84872
2022-12-22 14:18:00,12.96,12.844023
2022-12-22 14:19:00,12.97,12.852966
2022-12-22 14:20:00,12.96,12.832144
2022-12-22 14:21:00,12.95,12.828209
2022-12-22 14:22:00,12.93,12.845697
2022-12-22 14:23:00,12.929999,12.8595
2022-12-22 14:24:00,12.93,12.855688
2022-12-22 14:25:00,12.940001,12.841627
2022-12-22 14:26:00,12.93,12.843689
2022-12-22 14:27:00,12.92,12.849865
2022-12-22 14:28:00,12.91,12.862389
2022-12-22 14:29:00,12.91,12.868473
2022-12-22 14:30:00,12.93,12.871926
2022-12-22 14:31:00,12.93,12.852741
2022-12-22 14:32:00,12.91,12.837438
2022-12-22 14:33:00,12.92,12.826328
2022-12-22 14:34:00,12.900001,12.810235
2022-12-22 14:35:00,12.92,12.835939
2022-12-22 14:36:00,12.92,12.832315
2022-12-22 14:37:00,12.91,12.816993
2022-12-22 14:38:00,12.910001,12.805141
2022-12-22 14:39:00,12.9,12.81869
2022-12-22 14:40:00,12.92,12.822372
2022-12-22 14:41:00,12.92,12.82146
2022-12-22 14:42:00,12.92,12.81526
2022-12-22 14:43:00,12.92,12.824585
2022-12-22 14:44:00,12.95,12.863317
2022-12-22 14:45:00,12.95,12.860803
2022-12-22 14:46:00,12.940001,12.843763
2022-12-22 14:47:00,12.940001,12.854923
2022-12-22 14:48:00,12.940001,12.878138
2022-12-22 14:49:00,12.919999,12.857014
2022-12-22 14:50:00,12.92,12.860564
2022-12-22 14:51:00,12.940001,12.859004
2022-12-22 14:52:00,12.95,12.850051
2022-12-22 14:53:00,12.940001,12.848451
2022-12-22 14:54:00,12.95,12.87694
2022-12-22 14:55:00,12.940001,12.864358
2022-12-22 14:56:00,12.94,12.846834
2022-12-22 14:57:00,12.95,12.849452
2022-12-22 14:58:00,12.96,12.848713
2022-12-22 14:59:00,12.96,12.833275
2022-12-22 15:00:00,12.95,12.807427
2022-12-23 09:30:00,12.849999,12.780485
2022-12-23 09:31:00,12.88,12.812109
2022-12-23 09:32:00,12.860001,12.789461
2022-12-23 09:33:00,12.809999,12.760843
2022-12-23 09:34:00,12.87,12.783021
2022-12-23 09:35:00,12.88,12.770262
2022-12-23 09:36:00,12.89,12.730874
2022-12-23 09:37:00,12.849999,12.718267
2022-12-23 09:38:00,12.83,12.732297
2022-12-23 09:39:00,12.84,12.76952
2022-12-23 09:40:00,12.85,12.731836
2022-12-23 09:41:00,12.83,12.708058
2022-12-23 09:42:00,12.82,12.691497
2022-12-23 09:43:00,12.809999,12.678299
2022-12-23 09:44:00,12.82,12.712308
2022-12-23 09:45:00,12.88,12.744175
2022-12-23 09:46:00,12.879999,12.743431
2022-12-23 09:47:00,12.87,12.755758
2022-12-23 09:48:00,12.860001,12.764036
2022-12-23 09:49:00,12.86,12.768871
2022-12-23 09:50:00,12.870001,12.782474
2022-12-23 09:51:00,12.900001,12.778888
2022-12-23 09:52:00,12.94,12.792496
2022-12-23 09:53:00,12.929999,12.794182
2022-12-23 09:54:00,12.929999,12.855856
2022-12-23 09:55:00,12.92,12.881609
2022-12-23 09:56:00,12.95,12.91021
2022-12-23 09:57:00,12.95,12.884775
2022-12-23 09:58:00,12.93,12.856918
2022-12-23 09:59:00,12.940001,12.850789
2022-12-23 10:00:00,12.91,12.802031
2022-12-23 10:01:00,12.92,12.801139
2022-12-23 10:02:00,12.91,12.773283
2022-12-23 10:03:00,12.91,12.787599
2022-12-23 10:04:00,12.9,12.793496
2022-12-23 10:05:00,12.89,12.809061
2022-12-23 10:06:00,12.900001,12.814848
2022-12-23 10:07:00,12.89,12.82807
2022-12-23 10:08:00,12.88,12.794565
2022-12-23 10:09:00,12.89,12.781412
2022-12-23 10:10:00,12.88,12.764992
2022-12-23 10:11:00,12.900001,12.798973
2022-12-23 10:12:00,12.9,12.80945
2022-12-23 10:13:00,12.89,12.802198
2022-12-23 10:14:00,12.89,12.821304
2022-12-23 10:15:00,12.95,12.870801
2022-12-23 10:16:00,12.93,12.819874
2022-12-23 10:17:00,12.91,12.817376
2022-12-23 10:18:00,12.91,12.836068
2022-12-23 10:19:00,12.93,12.843199
2022-12-23 10:20:00,12.92,12.85129
2022-12-23 10:21:00,12.92,12.864129
2022-12-23 10:22:00,12.92,12.861575
2022-12-23 10:23:00,12.92,12.856604
2022-12-23 10:24:00,12.940001,12.864665
2022-12-23 10:25:00,12.96,12.870179
2022-12-23 10:26:00,12.95,12.883506
2022-12-23 10:27:00,12.990001,12.891306
2022-12-23 10:28:00,12.969999,12.880361
2022-12-23 10:29:00,12.96,12.873064
2022-12-23 10:30:00,12.98,12.893332
2022-12-23 10:31:00,12.98,12.914568
2022-12-23 10:32:00,12.99,12.933607
2022-12-23 10:33:00,12.9800005,12.936053
2022-12-23 10:34:00,12.98,12.925152
2022-12-23 10:35:00,12.99,12.903694
2022-12-23 10:36:00,12.99,12.886837
2022-12-23 10:37:00,12.99,12.904109
2022-12-23 10:38:00,12.990001,12.918868
2022-12-23 10:39:00,12.969999,12.930297
2022-12-23 10:40:00,12.99,12.966433
2022-12-23 10:41:00,13.0,12.946861
2022-12-23 10:42:00,13.0199995,12.933436
2022-12-23 10:43:00,13.01,12.917667
2022-12-23 10:44:00,13.04,12.932272
2022-12-23 10:45:00,13.01,12.956065
2022-12-23 10:46:00,13.059999,12.988873
2022-12-23 10:47:00,13.05,12.994839
2022-12-23 10:48:00,13.040001,12.995591
2022-12-23 10:49:00,13.040001,12.973902
2022-12-23 10:50:00,13.04,12.936713
2022-12-23 10:51:00,13.03,12.910163
2022-12-23 10:52:00,13.03,12.916977
2022-12-23 10:53:00,13.02,12.9402075
2022-12-23 10:54:00,13.03,12.973076
2022-12-23 10:55:00,13.04,13.000364
2022-12-23 10:56:00,13.03,12.998946
2022-12-23 10:57:00,13.04,12.987982
2022-12-23 10:58:00,13.04,12.983397
2022-12-23 10:59:00,13.03,12.953754
2022-12-23 11:00:00,13.03,12.928184
2022-12-23 11:01:00,13.009999,12.918046
2022-12-23 11:02:00,13.03,12.959338
2022-12-23 11:03:00,13.009999,12.946643
2022-12-23 11:04:00,13.0199995,12.962665
2022-12-23 11:05:00,13.02,12.952613
2022-12-23 11:06:00,13.01,12.952225
2022-12-23 11:07:00,13.03,12.939996
2022-12-23 11:08:00,13.03,12.931915
2022-12-23 11:09:00,13.03,12.936609
2022-12-23 11:10:00,13.04,12.933533
2022-12-23 11:11:00,13.0199995,12.91028
2022-12-23 11:12:00,13.009999,12.902441
2022-12-23 11:13:00,13.0,12.921554
2022-12-23 11:14:00,13.0,12.954382
2022-12-23 11:15:00,13.01,12.957036
2022-12-23 11:16:00,13.0,12.920715
2022-12-23 11:17:00,13.0,12.919139
2022-12-23 11:18:00,13.0,12.944522
2022-12-23 11:19:00,13.01,12.949842
2022-12-23 11:20:00,13.01,12.936074
2022-12-23 11:21:00,13.0199995,12.953202
2022-12-23 11:22:00,13.02,12.934231
2022-12-23 11:23:00,13.0199995,12.928069
2022-12-23 11:24:00,13.0199995,12.906252
2022-12-23 11:25:00,13.02,12.886244
2022-12-23 11:26:00,13.01,12.894963
2022-12-23 11:27:00,13.01,12.914664
2022-12-23 11:28:00,13.0199995,12.930443
2022-12-23 11:29:00,13.01,12.930584
2022-12-23 11:30:00,13.01,12.916822
2022-12-23 13:01:00,12.9800005,12.90131
2022-12-23 13:02:00,12.97,12.87866
2022-12-23 13:03:00,12.95,12.850647
2022-12-23 13:04:00,12.95,12.818176
2022-12-23 13:05:00,12.929999,12.819417
2022-12-23 13:06:00,12.940001,12.829476
2022-12-23 13:07:00,12.94,12.831803
2022-12-23 13:08:00,12.93,12.836051
2022-12-23 13:09:00,12.93,12.886831
2022-12-23 13:10:00,12.9,12.864996
2022-12-23 13:11:00,12.93,12.853437
2022-12-23 13:12:00,12.93,12.832835
2022-12-23 13:13:00,12.940001,12.85886
2022-12-23 13:14:00,12.95,12.850569
2022-12-23 13:15:00,12.940001,12.844555
2022-12-23 13:16:00,12.92,12.852787
2022-12-23 13:17:00,12.940001,12.854582
2022-12-23 13:18:00,12.929999,12.843894
2022-12-23 13:19:00,12.95,12.858447
2022-12-23 13:20:00,12.94,12.8571415
2022-12-23 13:21:00,12.940001,12.846688
2022-12-23 13:22:00,12.93,12.827647
2022-12-23 13:23:00,12.92,12.805963
2022-12-23 13:24:00,12.93,12.8352165
2022-12-23 13:25:00,12.91,12.817807
2022-12-23 13:26:00,12.93,12.86334
2022-12-23 13:27:00,12.92,12.891138
2022-12-23 13:28:00,12.92,12.893516
2022-12-23 13:29:00,12.92,12.888168
2022-12-23 13:30:00,12.94,12.876547
2022-12-23 13:31:00,12.93,12.872492
2022-12-23 13:32:00,12.93,12.866795
2022-12-23 13:33:00,12.940001,12.846258
2022-12-23 13:34:00,12.940001,12.873502
2022-12-23 13:35:00,12.96,12.909448
2022-12-23 13:36:00,12.99,12.945725
2022-12-23 13:37:00,12.990001,12.943363
2022-12-23 13:38:00,12.990001,12.944368
2022-12-23 13:39:00,12.9800005,12.909781
2022-12-23 13:40:00,12.98,12.897701
2022-12-23 13:41:00,12.95,12.868982
2022-12-23 13:42:00,12.95,12.8670225
2022-12-23 13:43:00,12.940001,12.865465
2022-12-23 13:44:00,12.929999,12.862178
2022-12-23 13:45:00,12.95,12.867002
2022-12-23 13:46:00,12.93,12.8545
2022-12-23 13:47:00,12.93,12.862855
2022-12-23 13:48:00,12.93,12.850958
2022-12-23 13:49:00,12.93,12.839391
2022-12-23 13:50:00,12.92,12.828794
2022-12-23 13:51:00,12.929999,12.842068
2022-12-23 13:52:00,12.929999,12.843347
2022-12-23 13:53:00,12.92,12.845519
2022-12-23 13:54:00,12.93,12.86354
2022-12-23 13:55:00,12.940001,12.883579
2022-12-23 13:56:00,12.94,12.863162
2022-12-23 13:57:00,12.93,12.840987
2022-12-23 13:58:00,12.900001,12.814805
2022-12-23 13:59:00,12.92,12.828797
2022-12-23 14:00:00,12.93,12.857082
2022-12-23 14:01:00,12.940001,12.862795
2022-12-23 14:02:00,12.94,12.868608
2022-12-23 14:03:00,12.95,12.876737
2022-12-23 14:04:00,12.94,12.86848
2022-12-23 14:05:00,12.92,12.85746
2022-12-23 14:06:00,12.94,12.861942
2022-12-23 14:07:00,12.94,12.854705
2022-12-23 14:08:00,12.940001,12.859385
2022-12-23 14:09:00,12.940001,12.873347
2022-12-23 14:10:00,12.94,12.886123
2022-12-23 14:11:00,12.95,12.867909
2022-12-23 14:12:00,12.95,12.863281
2022-12-23 14:13:00,12.940001,12.843867
2022-12-23 14:14:00,12.95,12.825712
2022-12-23 14:15:00,12.96,12.807094
2022-12-23 14:16:00,12.950001,12.795464
2022-12-23 14:17:00,12.97,12.8130045
2022-12-23 14:18:00,12.97,12.825114
2022-12-23 14:19:00,12.97,12.836233
2022-12-23 14:20:00,12.9800005,12.855685
2022-12-23 14:21:00,12.96,12.862696
2022-12-23 14:22:00,12.97,12.90625
2022-12-23 14:23:00,12.97,12.928419
2022-12-23 14:24:00,12.969999,12.925141
2022-12-23 14:25:00,12.96,12.902294
2022-12-23 14:26:00,12.969999,12.891853
2022-12-23 14:27:00,12.97,12.857291
2022-12-23 14:28:00,12.95,12.854198
2022-12-23 14:29:00,12.96,12.860357
2022-12-23 14:30:00,12.95,12.85715
2022-12-23 14:31:00,12.95,12.85574
2022-12-23 14:32:00,12.96,12.845463
2022-12-23 14:33:00,12.96,12.851817
2022-12-23 14:34:00,12.97,12.8612385
2022-12-23 14:35:00,12.9800005,12.859343
2022-12-23 14:36:00,12.969999,12.841351
2022-12-23 14:37:00,12.98,12.857906
2022-12-23 14:38:00,12.9800005,12.886665
2022-12-23 14:39:00,12.99,12.8960495
2022-12-23 14:40:00,13.0,12.8802185
2022-12-23 14:41:00,12.9800005,12.897117
2022-12-23 14:42:00,12.99,12.934207
2022-12-23 14:43:00,12.99,12.92864
2022-12-23 14:44:00,12.99,12.900108
2022-12-23 14:45:00,12.98,12.891335
2022-12-23 14:46:00,12.98,12.870603
2022-12-23 14:47:00,12.98,12.884189
2022-12-23 14:48:00,12.97,12.889709
2022-12-23 14:49:00,12.969999,12.900229
2022-12-23 14:50:00,12.98,12.910625
2022-12-23 14:51:00,12.9800005,12.888361
2022-12-23 14:52:00,12.97,12.874868
2022-12-23 14:53:00,12.98,12.861844
2022-12-23 14:54:00,12.97,12.838903
2022-12-23 14:55:00,12.97,12.845377
2022-12-23 14:56:00,12.969999,12.870949
2022-12-23 14:57:00,12.98,12.891393
2022-12-23 14:58:00,12.98,12.886597
2022-12-23 14:59:00,12.98,12.890563
2022-12-23 15:00:00,12.98,12.858905
2022-12-26 09:30:00,12.99,12.851956
2022-12-26 09:31:00,12.97,12.826044
2022-12-26 09:32:00,12.95,12.842468
2022-12-26 09:33:00,12.92,12.89567
2022-12-26 09:34:00,12.94,12.920686
2022-12-26 09:35:00,13.04,12.926491
2022-12-26 09:36:00,12.98,12.861723
2022-12-26 09:37:00,12.959999,12.87499
2022-12-26 09:38:00,12.9800005,12.871187
2022-12-26 09:39:00,12.99,12.86669
2022-12-26 09:40:00,12.97,12.872006
2022-12-26 09:41:00,12.940001,12.847906
2022-12-26 09:42:00,12.950001,12.833794
2022-12-26 09:43:00,12.93,12.80317
2022-12-26 09:44:00,12.9,12.772932
2022-12-26 09:45:00,12.91,12.798608
2022-12-26 09:46:00,12.860001,12.794001
2022-12-26 09:47:00,12.84,12.807401
2022-12-26 09:48:00,12.849999,12.809579
2022-12-26 09:49:00,12.81,12.780146
2022-12-26 09:50:00,12.82,12.759148
2022-12-26 09:51:00,12.799999,12.738306
2022-12-26 09:52:00,12.809999,12.726908
2022-12-26 09:53:00,12.81,12.72426
2022-12-26 09:54:00,12.820001,12.713286
2022-12-26 09:55:00,12.839999,12.7104645
2022-12-26 09:56:00,12.83,12.707951
2022-12-26 09:57:00,12.86,12.71246
2022-12-26 09:58:00,12.85,12.73411
2022-12-26 09:59:00,12.87,12.740621
2022-12-26 10:00:00,12.84,12.715488
2022-12-26 10:01:00,12.849999,12.733549
2022-12-26 10:02:00,12.85,12.754716
2022-12-26 10:03:00,12.86,12.776165
2022-12-26 10:04:00,12.889999,12.777175
2022-12-26 10:05:00,12.879999,12.76244
2022-12-26 10:06:00,12.84,12.736546
2022-12-26 10:07:00,12.83,12.723014
2022-12-26 10:08:00,12.83,12.7287035
2022-12-26 10:09:00,12.83,12.731088
2022-12-26 10:10:00,12.83,12.737598
2022-12-26 10:11:00,12.81,12.717257
2022-12-26 10:12:00,12.82,12.7235365
2022-12-26 10:13:00,12.82,12.720337
2022-12-26 10:14:00,12.86,12.727147
2022-12-26 10:15:00,12.86,12.71218
2022-12-26 10:16:00,12.86,12.725272
2022-12-26 10:17:00,12.86,12.746837
2022-12-26 10:18:00,12.860001,12.78
2022-12-26 10:19:00,12.88,12.781996
2022-12-26 10:20:00,12.87,12.770735
2022-12-26 10:21:00,12.85,12.7484865
2022-12-26 10:22:00,12.860001,12.747595
2022-12-26 10:23:00,12.849999,12.728899
2022-12-26 10:24:00,12.849999,12.724029
2022-12-26 10:25:00,12.860001,12.74271
2022-12-26 10:26:00,12.86,12.745971
2022-12-26 10:27:00,12.860001,12.752597
2022-12-26 10:28:00,12.86,12.7503605
2022-12-26 10:29:00,12.870001,12.769733
2022-12-26 10:30:00,12.87,12.773004
2022-12-26 10:31:00,12.849999,12.763208
2022-12-26 10:32:00,12.84,12.75871
2022-12-26 10:33:00,12.86,12.762171
2022-12-26 10:34:00,12.86,12.7490015
2022-12-26 10:35:00,12.849999,12.725814
2022-12-26 10:36:00,12.84,12.705769
2022-12-26 10:37:00,12.83,12.69925
2022-12-26 10:38:00,12.809999,12.696365
2022-12-26 10:39:00,12.809999,12.699906
2022-12-26 10:40:00,12.81,12.7176695
2022-12-26 10:41:00,12.81,12.734623
2022-12-26 10:42:00,12.83,12.731835
2022-12-26 10:43:00,12.83,12.71496
2022-12-26 10:44:00,12.82,12.728917
2022-12-26 10:45:00,12.83,12.7514715
2022-12-26 10:46:00,12.82,12.751539
2022-12-26 10:47:00,12.82,12.728016
2022-12-26 10:48:00,12.82,12.707444
2022-12-26 10:49:00,12.83,12.680818
2022-12-26 10:50:00,12.820001,12.679888
2022-12-26 10:51:00,12.809999,12.684349
2022-12-26 10:52:00,12.79,12.702316
2022-12-26 10:53:00,12.809999,12.725081
2022-12-26 10:54:00,12.81,12.727491
2022-12-26 10:55:00,12.82,12.704367
2022-12-26 10:56:00,12.8,12.707413
2022-12-26 10:57:00,12.83,12.722025
2022-12-26 10:58:00,12.82,12.70978
2022-12-26 10:59:00,12.83,12.702905
2022-12-26 11:00:00,12.83,12.712938
2022-12-26 11:01:00,12.83,12.720904
2022-12-26 11:02:00,12.82,12.712086
2022-12-26 11:03:00,12.84,12.712206
2022-12-26 11:04:00,12.849999,12.683574
2022-12-26 11:05:00,12.82,12.677253
2022-12-26 11:06:00,12.83,12.696873
2022-12-26 11:07:00,12.809999,12.701781
2022-12-26 11:08:00,12.809999,12.7300415
2022-12-26 11:09:00,12.82,12.750325
2022-12-26 11:10:00,12.809999,12.76045
2022-12-26 11:11:00,12.82,12.755367
2022-12-26 11:12:00,12.82,12.741687
2022-12-26 11:13:00,12.83,12.740905
2022-12-26 11:14:00,12.83,12.740954
2022-12-26 11:15:00,12.849999,12.758415
2022-12-26 11:16:00,12.86,12.748126
2022-12-26 11:17:00,12.88,12.756663
2022-12-26 11:18:00,12.879999,12.720494
2022-12-26 11:19:00,12.86,12.719818
2022-12-26 11:20:00,12.86,12.730458
2022-12-26 11:21:00,12.84,12.750675
2022-12-26 11:22:00,12.86,12.783992
2022-12-26 11:23:00,12.86,12.775729
2022-12-26 11:24:00,12.85,12.7720375
2022-12-26 11:25:00,12.860001,12.768281
2022-12-26 11:26:00,12.85,12.749661
2022-12-26 11:27:00,12.88,12.7353
2022-12-26 11:28:00,12.88,12.724866
2022-12-26 11:29:00,12.88,12.755815
2022-12-26 11:30:00,12.86,12.78094
2022-12-26 13:01:00,12.86,12.784667
2022-12-26 13:02:00,12.85,12.76738
2022-12-26 13:03:00,12.85,12.740864
2022-12-26 13:04:00,12.84,12.7330675
2022-12-26 13:05:00,12.83,12.740655
2022-12-26 13:06:00,12.83,12.742609
2022-12-26 13:07:00,12.84,12.730792
2022-12-26 13:08:00,12.85,12.72685
2022-12-26 13:09:00,12.85,12.70311
2022-12-26 13:10:00,12.84,12.706208
2022-12-26 13:11:00,12.830001,12.709761
2022-12-26 13:12:00,12.83,12.739969
2022-12-26 13:13:00,12.82,12.7281475
2022-12-26 13:14:00,12.83,12.701108
2022-12-26 13:15:00,12.83,12.659702
2022-12-26 13:16:00,12.83,12.647746
2022-12-26 13:17:00,12.82,12.643414
2022-12-26 13:18:00,12.82,12.670947
2022-12-26 13:19:00,12.82,12.667259
2022-12-26 13:20:00,12.82,12.672798
2022-12-26 13:21:00,12.799999,12.69566
2022-12-26 13:22:00,12.81,12.722187
2022-12-26 13:23:00,12.81,12.730723
2022-12-26 13:24:00,12.82,12.727687
2022-12-26 13:25:00,12.809999,12.726835
2022-12-26 13:26:00,12.809999,12.712818
2022-12-26 13:27:00,12.81,12.692794
2022-12-26 13:28:00,12.79,12.713105
2022-12-26 13:29:00,12.78,12.713684
2022-12-26 13:30:00,12.7699995,12.708044
2022-12-26 13:31:00,12.77,12.678197
2022-12-26 13:32:00,12.7699995,12.651425
2022-12-26 13:33:00,12.78,12.634803
2022-12-26 13:34:00,12.79,12.663494
2022-12-26 13:35:00,12.79,12.694228
2022-12-26 13:36:00,12.780001,12.732914
2022-12-26 13:37:00,12.77,12.708093
2022-12-26 13:38:00,12.780001,12.710405
2022-12-26 13:39:00,12.78,12.689116
2022-12-26 13:40:00,12.78,12.692595
2022-12-26 13:41:00,12.77,12.707656
2022-12-26 13:42:00,12.79,12.74823
2022-12-26 13:43:00,12.780001,12.749069
2022-12-26 13:44:00,12.79,12.747411
2022-12-26 13:45:00,12.77,12.720891
2022-12-26 13:46:00,12.77,12.695064
2022-12-26 13:47:00,12.76,12.662832
2022-12-26 13:48:00,12.8,12.647518
2022-12-26 13:49:00,12.78,12.63269
2022-12-26 13:50:00,12.79,12.670916
2022-12-26 13:51:00,12.8,12.711614
2022-12-26 13:52:00,12.8,12.740081
2022-12-26 13:53:00,12.79,12.762239
2022-12-26 13:54:00,12.809999,12.775288
2022-12-26 13:55:00,12.8,12.755849
2022-12-26 13:56:00,12.809999,12.737212
2022-12-26 13:57:00,12.8,12.702998
2022-12-26 13:58:00,12.79,12.691644
2022-12-26 13:59:00,12.799999,12.682318
2022-12-26 14:00:00,12.81,12.68623
2022-12-26 14:01:00,12.8,12.698679
2022-12-26 14:02:00,12.79,12.700802
2022-12-26 14:03:00,12.79,12.720162
2022-12-26 14:04:00,12.79,12.700027
2022-12-26 14:05:00,12.790001,12.686198
2022-12-26 14:06:00,12.79,12.682224
2022-12-26 14:07:00,12.79,12.658734
2022-12-26 14:08:00,12.780001,12.69493
2022-12-26 14:09:00,12.8,12.69738
2022-12-26 14:10:00,12.790001,12.660919
2022-12-26 14:11:00,12.79,12.659205
2022-12-26 14:12:00,12.8,12.653485
2022-12-26 14:13:00,12.79,12.662404
2022-12-26 14:14:00,12.79,12.692354
2022-12-26 14:15:00,12.8,12.714737
2022-12-26 14:16:00,12.79,12.707658
2022-12-26 14:17:00,12.79,12.706526
2022-12-26 14:18:00,12.79,12.670027
2022-12-26 14:19:00,12.8,12.67253
2022-12-26 14:20:00,12.79,12.676898
2022-12-26 14:21:00,12.8,12.684177
2022-12-26 14:22:00,12.79,12.681587
2022-12-26 14:23:00,12.790001,12.687745
2022-12-26 14:24:00,12.79,12.676503
2022-12-26 14:25:00,12.79,12.679734
2022-12-26 14:26:00,12.79,12.713944
2022-12-26 14:27:00,12.79,12.693499
2022-12-26 14:28:00,12.780001,12.704112
2022-12-26 14:29:00,12.780001,12.672372
2022-12-26 14:30:00,12.780001,12.678267
2022-12-26 14:31:00,12.780001,12.681877
2022-12-26 14:32:00,12.78,12.686025
2022-12-26 14:33:00,12.76,12.668849
2022-12-26 14:34:00,12.75,12.662261
2022-12-26 14:35:00,12.75,12.639325
2022-12-26 14:36:00,12.74,12.637972
2022-12-26 14:37:00,12.73,12.6569
2022-12-26 14:38:00,12.719999,12.657919
2022-12-26 14:39:00,12.7300005,12.696496
2022-12-26 14:40:00,12.7300005,12.667228
2022-12-26 14:41:00,12.73,12.642765
2022-12-26 14:42:00,12.73,12.632986
2022-12-26 14:43:00,12.75,12.62206
2022-12-26 14:44:00,12.74,12.607262
2022-12-26 14:45:00,12.740001,12.61264
2022-12-26 14:46:00,12.75,12.600562
2022-12-26 14:47:00,12.74,12.606143
2022-12-26 14:48:00,12.75,12.618784
2022-12-26 14:49:00,12.74,12.631727
2022-12-26 14:50:00,12.7300005,12.632044
2022-12-26 14:51:00,12.75,12.646242
2022-12-26 14:52:00,12.76,12.656252
2022-12-26 14:53:00,12.7699995,12.670117
2022-12-26 14:54:00,12.7699995,12.675843
2022-12-26 14:55:00,12.7699995,12.685241
2022-12-26 14:56:00,12.79,12.677982
2022-12-26 14:57:00,12.7699995,12.640919
2022-12-26 14:58:00,12.7699995,12.614604
2022-12-26 14:59:00,12.77,12.630423
2022-12-26 15:00:00,12.77,12.693057
2022-12-27 09:30:00,12.87,12.782462
2022-12-27 09:31:00,12.96,12.834164
2022-12-27 09:32:00,12.96,12.826654
2022-12-27 09:33:00,12.919999,12.835176
2022-12-27 09:34:00,12.950001,12.863158
2022-12-27 09:35:00,12.95,12.844055
2022-12-27 09:36:00,12.93,12.834882
2022-12-27 09:37:00,12.96,12.859595
2022-12-27 09:38:00,12.98,12.881737
2022-12-27 09:39:00,12.97,12.878223
2022-12-27 09:40:00,13.0,12.905071
2022-12-27 09:41:00,13.030001,12.873581
2022-12-27 09:42:00,13.03,12.879326
2022-12-27 09:43:00,13.03,12.907183
2022-12-27 09:44:00,13.059999,12.949531
2022-12-27 09:45:00,13.05,12.972171
2022-12-27 09:46:00,13.05,12.95744
2022-12-27 09:47:00,13.05,12.924362
2022-12-27 09:48:00,13.02,12.870292
2022-12-27 09:49:00,13.03,12.848667
2022-12-27 09:50:00,13.02,12.871359
2022-12-27 09:51:00,13.06,12.8941555
2022-12-27 09:52:00,13.07,12.898495
2022-12-27 09:53:00,13.06,12.897673
2022-12-27 09:54:00,13.06,12.939573
2022-12-27 09:55:00,13.05,12.908924
2022-12-27 09:56:00,13.06,12.91999
2022-12-27 09:57:00,13.059999,12.916485
2022-12-27 09:58:00,13.06,12.935967
2022-12-27 09:59:00,13.059999,12.937593
2022-12-27 10:00:00,13.06,12.934859
2022-12-27 10:01:00,13.08,12.94899
2022-12-27 10:02:00,13.09,12.956959
2022-12-27 10:03:00,13.13,12.979557
2022-12-27 10:04:00,13.14,12.970718
2022-12-27 10:05:00,13.13,12.973976
2022-12-27 10:06:00,13.14,12.97213
2022-12-27 10:07:00,13.150001,12.992838
2022-12-27 10:08:00,13.17,13.000898
2022-12-27 10:09:00,13.17,13.0161705
2022-12-27 10:10:00,13.17,13.036145
2022-12-27 10:11:00,13.18,13.028141
2022-12-27 10:12:00,13.17,13.022559
2022-12-27 10:13:00,13.150001,13.030617
2022-12-27 10:14:00,13.14,13.026234
2022-12-27 10:15:00,13.13,13.008738
2022-12-27 10:16:00,13.12,12.986029
2022-12-27 10:17:00,13.11,12.998932
2022-12-27 10:18:00,13.12,13.020348
2022-12-27 10:19:00,13.13,13.009462
2022-12-27 10:20:00,13.14,12.987546
2022-12-27 10:21:00,13.14,13.003442
2022-12-27 10:22:00,13.12,12.979429
2022-12-27 10:23:00,13.12,12.988299
2022-12-27 10:24:00,13.11,12.965196
2022-12-27 10:25:00,13.1,12.962589
2022-12-27 10:26:00,13.11,12.965936
2022-12-27 10:27:00,13.129999,12.992152
2022-12-27 10:28:00,13.120001,12.985579
2022-12-27 10:29:00,13.12,13.006722
2022-12-27 10:30:00,13.13,12.99387
2022-12-27 10:31:00,13.13,12.994261
2022-12-27 10:32:00,13.110001,12.998989
2022-12-27 10:33:00,13.089999,13.008039
2022-12-27 10:34:00,13.09,12.99558
2022-12-27 10:35:00,13.08,12.995054
2022-12-27 10:36:00,13.08,13.00943
2022-12-27 10:37:00,13.08,12.990095
2022-12-27 10:38:00,13.099999,12.978923
2022-12-27 10:39:00,13.1,12.959311
2022-12-27 10:40:00,13.1,12.936858
2022-12-27 10:41:00,13.09,12.946568
2022-12-27 10:42:00,13.08,12.976472
2022-12-27 10:43:00,13.08,12.984748
2022-12-27 10:44:00,13.099999,12.990273
2022-12-27 10:45:00,13.099999,12.995532
2022-12-27 10:46:00,13.12,12.982686
2022-12-27 10:47:00,13.12,12.972561
2022-12-27 10:48:00,13.099999,12.966946
2022-12-27 10:49:00,13.1,12.971744
2022-12-27 10:50:00,13.120001,12.977048
2022-12-27 10:51:00,13.12,12.9644785
2022-12-27 10:52:00,13.12,12.96038
2022-12-27 10:53:00,13.12,12.955187
2022-12-27 10:54:00,13.11,12.977462
2022-12-27 10:55:00,13.11,13.025016
2022-12-27 10:56:00,13.12,13.0318775
2022-12-27 10:57:00,13.13,13.0383835
2022-12-27 10:58:00,13.13,13.025279
2022-12-27 10:59:00,13.13,13.018307
2022-12-27 11:00:00,13.120001,12.989374
2022-12-27 11:01:00,13.11,12.987358
2022-12-27 11:02:00,13.1,12.975451
2022-12-27 11:03:00,13.099999,12.974829
2022-12-27 11:04:00,13.1,12.981044
2022-12-27 11:05:00,13.11,12.964917
2022-12-27 11:06:00,13.110001,12.964631
2022-12-27 11:07:00,13.110001,12.962686
2022-12-27 11:08:00,13.13,12.978439
2022-12-27 11:09:00,13.12,13.011575
2022-12-27 11:10:00,13.12,13.017592
2022-12-27 11:11:00,13.15,13.0209055
2022-12-27 11:12:00,13.150001,12.992447
2022-12-27 11:13:00,13.13,12.979053
2022-12-27 11:14:00,13.13,12.990316
2022-12-27 11:15:00,13.15,12.999923
2022-12-27 11:16:00,13.139999,13.005301
2022-12-27 11:17:00,13.13,13.001376
2022-12-27 11:18:00,13.13,13.016639
2022-12-27 11:19:00,13.14,13.03462
2022-12-27 11:20:00,13.14,13.04418
2022-12-27 11:21:00,13.16,13.061271
2022-12-27 11:22:00,13.16,13.066981
2022-12-27 11:23:00,13.15,13.083588
2022-12-27 11:24:00,13.16,13.094445
2022-12-27 11:25:00,13.16,13.138878
2022-12-27 11:26:00,13.18,13.133797
2022-12-27 11:27:00,13.17,13.11322
2022-12-27 11:28:00,13.17,13.113116
2022-12-27 11:29:00,13.18,13.141127
2022-12-27 11:30:00,13.19,13.157793
2022-12-27 13:01:00,13.209999,13.165015
2022-12-27 13:02:00,13.22,13.141922
2022-12-27 13:03:00,13.21,13.123046
2022-12-27 13:04:00,13.2,13.097429
2022-12-27 13:05:00,13.19,13.060779
2022-12-27 13:06:00,13.19,13.053194
2022-12-27 13:07:00,13.179999,13.042537
2022-12-27 13:08:00,13.19,13.043586
2022-12-27 13:09:00,13.17,13.023183
2022-12-27 13:10:00,13.16,13.023913
2022-12-27 13:11:00,13.16,13.019829
2022-12-27 13:12:00,13.13,13.02161
2022-12-27 13:13:00,13.129999,13.041033
2022-12-27 13:14:00,13.16,13.042251
2022-12-27 13:15:00,13.139999,13.003679
2022-12-27 13:16:00,13.129999,12.986597
2022-12-27 13:17:00,13.120001,13.006217
2022-12-27 13:18:00,13.12,13.02961
2022-12-27 13:19:00,13.110001,13.0438595
2022-12-27 13:20:00,13.110001,13.043312
2022-12-27 13:21:00,13.110001,13.019452
2022-12-27 13:22:00,13.08,13.007726
2022-12-27 13:23:00,13.09,13.007381
2022-12-27 13:24:00,13.09,12.990597
2022-12-27 13:25:00,13.089999,12.989267
2022-12-27 13:26:00,13.09,12.994251
2022-12-27 13:27:00,13.09,13.010178
2022-12-27 13:28:00,13.110001,13.0040455
2022-12-27 13:29:00,13.11,12.998678
2022-12-27 13:30:00,13.11,12.988752
2022-12-27 13:31:00,13.09,12.981808
2022-12-27 13:32:00,13.099999,12.988796
2022-12-27 13:33:00,13.099999,12.982314
2022-12-27 13:34:00,13.099999,12.9862995
2022-12-27 13:35:00,13.08,13.003297
2022-12-27 13:36:00,13.1,13.0079155
2022-12-27 13:37:00,13.099999,13.019033
2022-12-27 13:38:00,13.1,13.010387
2022-12-27 13:39:00,13.09,13.015152
2022-12-27 13:40:00,13.09,13.010253
2022-12-27 13:41:00,13.09,12.996996
2022-12-27 13:42:00,13.09,12.97967
2022-12-27 13:43:00,13.09,12.979653
2022-12-27 13:44:00,13.09,12.980098
2022-12-27 13:45:00,13.1,12.9804
2022-12-27 13:46:00,13.1,12.9757395
2022-12-27 13:47:00,13.11,12.974684
2022-12-27 13:48:00,13.110001,12.98878
2022-12-27 13:49:00,13.120001,12.988912
2022-12-27 13:50:00,13.12,13.001399
2022-12-27 13:51:00,13.12,13.005056
2022-12-27 13:52:00,13.11,13.005515
2022-12-27 13:53:00,13.110001,12.998443
2022-12-27 13:54:00,13.099999,12.996869
2022-12-27 13:55:00,13.11,13.001954
2022-12-27 13:56:00,13.110001,12.992404
2022-12-27 13:57:00,13.1,12.974995
2022-12-27 13:58:00,13.1,12.976586
2022-12-27 13:59:00,13.1,12.976271
2022-12-27 14:00:00,13.12,12.993388
2022-12-27 14:01:00,13.12,12.989836
2022-12-27 14:02:00,13.11,12.997533
2022-12-27 14:03:00,13.12,13.01703
2022-12-27 14:04:00,13.12,13.017761
2022-12-27 14:05:00,13.12,13.009692
2022-12-27 14:06:00,13.110001,13.01883
2022-12-27 14:07:00,13.12,13.021447
2022-12-27 14:08:00,13.139999,13.028257
2022-12-27 14:09:00,13.13,13.028221
2022-12-27 14:10:00,13.14,13.028368
2022-12-27 14:11:00,13.13,13.038862
2022-12-27 14:12:00,13.13,13.046684
2022-12-27 14:13:00,13.14,13.055748
2022-12-27 14:14:00,13.13,13.025867
2022-12-27 14:15:00,13.139999,13.021629
2022-12-27 14:16:00,13.139999,13.012804
2022-12-27 14:17:00,13.13,13.002288
2022-12-27 14:18:00,13.139999,12.98477
2022-12-27 14:19:00,13.14,12.983412
2022-12-27 14:20:00,13.15,12.98588
2022-12-27 14:21:00,13.139999,12.980544
2022-12-27 14:22:00,13.13,12.995153
2022-12-27 14:23:00,13.13,13.016282
2022-12-27 14:24:00,13.13,13.004869
2022-12-27 14:25:00,13.14,13.013795
2022-12-27 14:26:00,13.15,13.027184
2022-12-27 14:27:00,13.150001,13.028647
2022-12-27 14:28:00,13.150001,13.037625
2022-12-27 14:29:00,13.139999,13.026526
2022-12-27 14:30:00,13.14,13.017158
2022-12-27 14:31:00,13.13,12.998212
2022-12-27 14:32:00,13.13,12.989321
2022-12-27 14:33:00,13.129999,12.986546
2022-12-27 14:34:00,13.12,13.002603
2022-12-27 14:35:00,13.12,13.028138
2022-12-27 14:36:00,13.12,13.041138
2022-12-27 14:37:00,13.12,13.047965
2022-12-27 14:38:00,13.13,13.046823
2022-12-27 14:39:00,13.12,13.031398
2022-12-27 14:40:00,13.12,13.021359
2022-12-27 14:41:00,13.12,13.018549
2022-12-27 14:42:00,13.110001,13.008008
2022-12-27 14:43:00,13.11,12.999713
2022-12-27 14:44:00,13.110001,12.992079
2022-12-27 14:45:00,13.11,12.999456
2022-12-27 14:46:00,13.12,13.034779
2022-12-27 14:47:00,13.13,13.041749
2022-12-27 14:48:00,13.12,13.039861
2022-12-27 14:49:00,13.1,13.024498
2022-12-27 14:50:00,13.110001,13.015765
2022-12-27 14:51:00,13.1,12.997778
2022-12-27 14:52:00,13.09,12.983052
2022-12-27 14:53:00,13.089999,12.982885
2022-12-27 14:54:00,13.099999,12.999662
2022-12-27 14:55:00,13.09,13.011589
2022-12-27 14:56:00,13.09,13.002818
2022-12-27 14:57:00,13.09,13.02428
2022-12-27 14:58:00,13.1,13.023938
2022-12-27 14:59:00,13.099999,13.019856
2022-12-27 15:00:00,13.110001,13.008974
2022-12-28 09:30:00,13.16,12.983033
2022-12-28 09:31:00,13.07,12.939204
2022-12-28 09:32:00,13.11,12.960563
2022-12-28 09:33:00,13.099999,12.972609
2022-12-28 09:34:00,13.059999,12.971621
2022-12-28 09:35:00,13.07,13.000474
2022-12-28 09:36:00,13.1,13.007736
2022-12-28 09:37:00,13.09,12.986633
2022-12-28 09:38:00,13.059999,12.964227
2022-12-28 09:39:00,13.04,12.954894
2022-12-28 09:40:00,13.03,12.95301
2022-12-28 09:41:00,13.02,12.938566
2022-12-28 09:42:00,13.04,12.956227
2022-12-28 09:43:00,13.03,12.963926
2022-12-28 09:44:00,13.06,12.985687
2022-12-28 09:45:00,13.06,12.984676
2022-12-28 09:46:00,13.05,12.968218
2022-12-28 09:47:00,13.05,12.952337
2022-12-28 09:48:00,13.04,12.937596
2022-12-28 09:49:00,13.03,12.916057
2022-12-28 09:50:00,13.04,12.909271
2022-12-28 09:51:00,13.04,12.925941
2022-12-28 09:52:00,13.03,12.935009
2022-12-28 09:53:00,13.05,12.941994
2022-12-28 09:54:00,13.04,12.94784
2022-12-28 09:55:00,13.05,12.9505825
2022-12-28 09:56:00,13.09,12.944736
2022-12-28 09:57:00,13.07,12.924833
2022-12-28 09:58:00,13.089999,12.952767
2022-12-28 09:59:00,13.08,12.941387
2022-12-28 10:00:00,13.089999,12.946205
2022-12-28 10:01:00,13.099999,12.955426
2022-12-28 10:02:00,13.11,13.005029
2022-12-28 10:03:00,13.12,13.006766
2022-12-28 10:04:00,13.09,13.008665
2022-12-28 10:05:00,13.099999,13.028433
2022-12-28 10:06:00,13.12,13.023663
2022-12-28 10:07:00,13.139999,12.984645
2022-12-28 10:08:00,13.150001,12.976183
2022-12-28 10:09:00,13.13,12.94933
2022-12-28 10:10:00,13.12,12.961511
2022-12-28 10:11:00,13.13,12.987935
2022-12-28 10:12:00,13.129999,13.011668
2022-12-28 10:13:00,13.13,13.044203
2022-12-28 10:14:00,13.13,13.033699
2022-12-28 10:15:00,13.14,13.01573
2022-12-28 10:16:00,13.150001,12.995037
2022-12-28 10:17:00,13.18,13.020472
2022-12-28 10:18:00,13.17,13.033814
2022-12-28 10:19:00,13.18,13.065857
2022-12-28 10:20:00,13.2,13.0790615
2022-12-28 10:21:00,13.240001,13.111018
2022-12-28 10:22:00,13.22,13.117962
2022-12-28 10:23:00,13.29,13.148565
2022-12-28 10:24:00,13.28,13.143616
2022-12-28 10:25:00,13.299999,13.178475
2022-12-28 10:26:00,13.309999,13.192642
2022-12-28 10:27:00,13.32,13.210579
2022-12-28 10:28:00,13.37,13.251832
2022-12-28 10:29:00,13.32,13.218218
2022-12-28 10:30:00,13.26,13.209947
2022-12-28 10:31:00,13.2699995,13.201473
2022-12-28 10:32:00,13.25,13.178439
2022-12-28 10:33:00,13.26,13.135735
2022-12-28 10:34:00,13.240001,13.093736
2022-12-28 10:35:00,13.24,13.099979
2022-12-28 10:36:00,13.24,13.113865
2022-12-28 10:37:00,13.25,13.126985
2022-12-28 10:38:00,13.25,13.139753
2022-12-28 10:39:00,13.25,13.145651
2022-12-28 10:40:00,13.23,13.121893
2022-12-28 10:41:00,13.21,13.101958
2022-12-28 10:42:00,13.22,13.111639
2022-12-28 10:43:00,13.22,13.110626
2022-12-28 10:44:00,13.219999,13.109185
2022-12-28 10:45:00,13.2300005,13.107794
2022-12-28 10:46:00,13.219999,13.12047
2022-12-28 10:47:00,13.22,13.132154
2022-12-28 10:48:00,13.25,13.125913
2022-12-28 10:49:00,13.26,13.128478
2022-12-28 10:50:00,13.24,13.111952
2022-12-28 10:51:00,13.24,13.12044
2022-12-28 10:52:00,13.23,13.130775
2022-12-28 10:53:00,13.24,13.134974
2022-12-28 10:54:00,13.25,13.134758
2022-12-28 10:55:00,13.26,13.117782
2022-12-28 10:56:00,13.2300005,13.110444
2022-12-28 10:57:00,13.219999,13.100483
2022-12-28 10:58:00,13.18,13.091321
2022-12-28 10:59:00,13.169999,13.09376
2022-12-28 11:00:00,13.150001,13.062348
2022-12-28 11:01:00,13.139999,13.043669
2022-12-28 11:02:00,13.139999,13.033157
2022-12-28 11:03:00,13.160001,13.059422
2022-12-28 11:04:00,13.150001,13.06947
2022-12-28 11:05:00,13.16,13.077656
2022-12-28 11:06:00,13.150001,13.059431
2022-12-28 11:07:00,13.160001,13.014998
2022-12-28 11:08:00,13.16,12.98954
2022-12-28 11:09:00,13.17,12.980155
2022-12-28 11:10:00,13.18,13.006973
2022-12-28 11:11:00,13.17,13.021629
2022-12-28 11:12:00,13.17,13.034395
2022-12-28 11:13:00,13.18,13.045933
2022-12-28 11:14:00,13.179999,13.042606
2022-12-28 11:15:00,13.18,13.040418
2022-12-28 11:16:00,13.190001,13.054211
2022-12-28 11:17:00,13.19,13.064451
2022-12-28 11:18:00,13.18,13.079981
2022-12-28 11:19:00,13.17,13.0815935
2022-12-28 11:20:00,13.18,13.076794
2022-12-28 11:21:00,13.17,13.064257
2022-12-28 11:22:00,13.17,13.073521
2022-12-28 11:23:00,13.18,13.070917
2022-12-28 11:24:00,13.18,13.084207
2022-12-28 11:25:00,13.2,13.0990925
2022-12-28 11:26:00,13.200001,13.134021
2022-12-28 11:27:00,13.2,13.15616
2022-12-28 11:28:00,13.19,13.149818
2022-12-28 11:29:00,13.2,13.146405
2022-12-28 11:30:00,13.2,13.105294
2022-12-28 13:01:00,13.2,13.087983
2022-12-28 13:02:00,13.19,13.078633
2022-12-28 13:03:00,13.23,13.071555
2022-12-28 13:04:00,13.19,13.038352
2022-12-28 13:05:00,13.190001,13.082044
2022-12-28 13:06:00,13.179999,13.100236
2022-12-28 13:07:00,13.19,13.111871
2022-12-28 13:08:00,13.190001,13.102511
2022-12-28 13:09:00,13.18,13.082299
2022-12-28 13:10:00,13.17,13.054578
2022-12-28 13:11:00,13.160001,13.05864
2022-12-28 13:12:00,13.150001,13.053547
2022-12-28 13:13:00,13.15,13.052685
2022-12-28 13:14:00,13.15,13.051531
2022-12-28 13:15:00,13.16,13.052076
2022-12-28 13:16:00,13.150001,13.047752
2022-12-28 13:17:00,13.160001,13.042153
2022-12-28 13:18:00,13.15,13.048897
2022-12-28 13:19:00,13.14,13.055456
2022-12-28 13:20:00,13.14,13.068262
2022-12-28 13:21:00,13.14,13.07741
2022-12-28 13:22:00,13.16,13.086187
2022-12-28 13:23:00,13.17,13.081204
2022-12-28 13:24:00,13.16,13.070965
2022-12-28 13:25:00,13.17,13.082875
2022-12-28 13:26:00,13.16,13.082079
2022-12-28 13:27:00,13.179999,13.077621
2022-12-28 13:28:00,13.169999,13.065781
2022-12-28 13:29:00,13.16,13.076706
2022-12-28 13:30:00,13.18,13.087159
2022-12-28 13:31:00,13.17,13.082362
2022-12-28 13:32:00,13.17,13.080657
2022-12-28 13:33:00,13.17,13.091844
2022-12-28 13:34:00,13.17,13.065591
2022-12-28 13:35:00,13.16,13.038881
2022-12-28 13:36:00,13.16,13.032635
2022-12-28 13:37:00,13.18,13.044369
2022-12-28 13:38:00,13.17,13.066978
2022-12-28 13:39:00,13.16,13.09776
2022-12-28 13:40:00,13.16,13.126016
2022-12-28 13:41:00,13.18,13.13341
2022-12-28 13:42:00,13.18,13.122875
2022-12-28 13:43:00,13.18,13.109728
2022-12-28 13:44:00,13.18,13.099147
2022-12-28 13:45:00,13.17,13.076954
2022-12-28 13:46:00,13.16,13.072956
2022-12-28 13:47:00,13.15,13.084547
2022-12-28 13:48:00,13.150001,13.0864
2022-12-28 13:49:00,13.18,13.086899
2022-12-28 13:50:00,13.16,13.0605545
2022-12-28 13:51:00,13.17,13.058198
2022-12-28 13:52:00,13.16,13.042868
2022-12-28 13:53:00,13.17,13.039806
2022-12-28 13:54:00,13.17,13.067294
2022-12-28 13:55:00,13.17,13.087946
2022-12-28 13:56:00,13.17,13.100317
2022-12-28 13:57:00,13.17,13.080131
2022-12-28 13:58:00,13.17,13.053518
2022-12-28 13:59:00,13.160001,13.053372
2022-12-28 14:00:00,13.16,13.075903
2022-12-28 14:01:00,13.160001,13.075264
2022-12-28 14:02:00,13.16,13.061411
2022-12-28 14:03:00,13.15,13.0349655
2022-12-28 14:04:00,13.15,13.03522
2022-12-28 14:05:00,13.160001,13.029192
2022-12-28 14:06:00,13.150001,13.05832
2022-12-28 14:07:00,13.150001,13.070061
2022-12-28 14:08:00,13.15,13.073688
2022-12-28 14:09:00,13.15,13.044702
2022-12-28 14:10:00,13.15,13.019064
2022-12-28 14:11:00,13.14,13.016801
2022-12-28 14:12:00,13.15,13.026329
2022-12-28 14:13:00,13.150001,13.007244
2022-12-28 14:14:00,13.15,12.996924
2022-12-28 14:15:00,13.150001,12.994295
2022-12-28 14:16:00,13.14,13.010665
2022-12-28 14:17:00,13.15,13.037167
2022-12-28 14:18:00,13.139999,13.006838
2022-12-28 14:19:00,13.139999,13.007202
2022-12-28 14:20:00,13.129999,13.020087
2022-12-28 14:21:00,13.139999,13.0195265
2022-12-28 14:22:00,13.139999,13.01018
2022-12-28 14:23:00,13.15,13.02257
2022-12-28 14:24:00,13.150001,13.024406
2022-12-28 14:25:00,13.139999,13.030252
2022-12-28 14:26:00,13.17,13.040899
2022-12-28 14:27:00,13.15,13.054434
2022-12-28 14:28:00,13.160001,13.084875
2022-12-28 14:29:00,13.150001,13.120793
2022-12-28 14:30:00,13.17,13.101169
2022-12-28 14:31:00,13.15,13.091341
2022-12-28 14:32:00,13.15,13.074256
2022-12-28 14:33:00,13.139999,13.054644
2022-12-28 14:34:00,13.13,13.040708
2022-12-28 14:35:00,13.14,13.036804
2022-12-28 14:36:00,13.14,13.0338545
2022-12-28 14:37:00,13.139999,13.044157
2022-12-28 14:38:00,13.15,13.064459
2022-12-28 14:39:00,13.150001,13.06898
2022-12-28 14:40:00,13.16,13.064717
2022-12-28 14:41:00,13.15,13.070781
2022-12-28 14:42:00,13.150001,13.073478
2022-12-28 14:43:00,13.15,13.086229
2022-12-28 14:44:00,13.17,13.093439
2022-12-28 14:45:00,13.15,13.081672
2022-12-28 14:46:00,13.15,13.102115
2022-12-28 14:47:00,13.15,13.063382
2022-12-28 14:48:00,13.14,13.04704
2022-12-28 14:49:00,13.16,13.031959
2022-12-28 14:50:00,13.15,13.043653
2022-12-28 14:51:00,13.16,13.048384
2022-12-28 14:52:00,13.14,13.062962
2022-12-28 14:53:00,13.15,13.063842
2022-12-28 14:54:00,13.139999,13.053797
2022-12-28 14:55:00,13.14,13.037159
2022-12-28 14:56:00,13.15,13.030705
2022-12-28 14:57:00,13.15,13.050563
2022-12-28 14:58:00,13.15,13.077637
2022-12-28 14:59:00,13.15,13.073401
2022-12-28 15:00:00,13.139999,13.077947
2022-12-29 09:30:00,13.07,13.040525
2022-12-29 09:31:00,13.030001,12.967101
2022-12-29 09:32:00,12.95,12.85393
2022-12-29 09:33:00,12.94,12.833815
2022-12-29 09:34:00,12.940001,12.851246
2022-12-29 09:35:00,12.96,12.862644
2022-12-29 09:36:00,12.959999,12.816148
2022-12-29 09:37:00,12.940001,12.825837
2022-12-29 09:38:00,12.93,12.846912
2022-12-29 09:39:00,12.98,12.851255
2022-12-29 09:40:00,12.94,12.862244
2022-12-29 09:41:00,12.91,12.822702
2022-12-29 09:42:00,12.92,12.831179
2022-12-29 09:43:00,12.93,12.790648
2022-12-29 09:44:00,12.91,12.7685585
2022-12-29 09:45:00,12.9,12.762467
2022-12-29 09:46:00,12.89,12.778387
2022-12-29 09:47:00,12.88,12.796648
2022-12-29 09:48:00,12.89,12.804318
2022-12-29 09:49:00,12.9,12.7894
2022-12-29 09:50:00,12.91,12.798908
2022-12-29 09:51:00,12.89,12.788193
2022-12-29 09:52:00,12.91,12.815647
2022-12-29 09:53:00,12.91,12.815316
2022-12-29 09:54:00,12.92,12.793581
2022-12-29 09:55:00,12.889999,12.775139
2022-12-29 09:56:00,12.89,12.767307
2022-12-29 09:57:00,12.89,12.76568
2022-12-29 09:58:00,12.89,12.803921
2022-12-29 09:59:00,12.9,12.842852
2022-12-29 10:00:00,12.900001,12.842909
2022-12-29 10:01:00,12.92,12.874446
2022-12-29 10:02:00,12.950001,12.884389
2022-12-29 10:03:00,12.95,12.875924
2022-12-29 10:04:00,12.94,12.862593
2022-12-29 10:05:00,12.969999,12.873315
2022-12-29 10:06:00,12.98,12.857291
2022-12-29 10:07:00,12.969999,12.842872
2022-12-29 10:08:00,12.96,12.8385105
2022-12-29 10:09:00,12.97,12.84305
2022-12-29 10:10:00,12.95,12.821521
2022-12-29 10:11:00,12.97,12.848439
2022-12-29 10:12:00,12.95,12.849672
2022-12-29 10:13:00,12.99,12.880791
2022-12-29 10:14:00,13.0,12.893531
2022-12-29 10:15:00,12.990001,12.917139
2022-12-29 10:16:00,13.02,12.9390955
2022-12-29 10:17:00,13.0199995,12.922575
2022-12-29 10:18:00,13.0,12.90335
2022-12-29 10:19:00,13.0199995,12.902203
2022-12-29 10:20:00,13.009999,12.890599
2022-12-29 10:21:00,13.0,12.889286
2022-12-29 10:22:00,13.0199995,12.909321
2022-12-29 10:23:00,13.0199995,12.912864
2022-12-29 10:24:00,13.0,12.885253
2022-12-29 10:25:00,12.99,12.893779
2022-12-29 10:26:00,13.0,12.919786
2022-12-29 10:27:00,13.009999,12.92793
2022-12-29 10:28:00,13.04,12.942723
2022-12-29 10:29:00,13.0199995,12.913949
2022-12-29 10:30:00,13.03,12.909096
2022-12-29 10:31:00,13.030001,12.905182
2022-12-29 10:32:00,13.04,12.910004
2022-12-29 10:33:00,13.04,12.927259
2022-12-29 10:34:00,13.05,12.94865
2022-12-29 10:35:00,13.07,12.974359
2022-12-29 10:36:00,13.059999,12.980725
2022-12-29 10:37:00,13.07,12.978878
2022-12-29 10:38:00,13.05,12.974369
2022-12-29 10:39:00,13.09,12.971889
2022-12-29 10:40:00,13.070001,12.9705925
2022-12-29 10:41:00,13.05,12.987012
2022-12-29 10:42:00,13.07,13.00719
2022-12-29 10:43:00,13.06,12.986419
2022-12-29 10:44:00,13.05,12.978768
2022-12-29 10:45:00,13.05,12.967594
2022-12-29 10:46:00,13.030001,12.976911
2022-12-29 10:47:00,13.01,12.9610195
2022-12-29 10:48:00,13.02,12.952614
2022-12-29 10:49:00,13.0199995,12.913369
2022-12-29 10:50:00,13.0199995,12.891881
2022-12-29 10:51:00,12.99,12.8529005
2022-12-29 10:52:00,12.99,12.860076
2022-12-29 10:53:00,13.0,12.882659
2022-12-29 10:54:00,13.0,12.924396
2022-12-29 10:55:00,13.0,12.934123
2022-12-29 10:56:00,13.0,12.948399
2022-12-29 10:57:00,13.04,12.94553
2022-12-29 10:58:00,13.02,12.909189
2022-12-29 10:59:00,13.05,12.907529
2022-12-29 11:00:00,13.04,12.894222
2022-12-29 11:01:00,13.05,12.895326
2022-12-29 11:02:00,13.030001,12.889255
2022-12-29 11:03:00,13.0199995,12.88842
2022-12-29 11:04:00,13.01,12.881695
2022-12-29 11:05:00,12.98,12.880728
2022-12-29 11:06:00,13.02,12.897037
2022-12-29 11:07:00,13.0199995,12.844697
2022-12-29 11:08:00,12.990001,12.833115
2022-12-29 11:09:00,12.9800005,12.831368
2022-12-29 11:10:00,12.97,12.828604
2022-12-29 11:11:00,12.969999,12.814385
2022-12-29 11:12:00,12.93,12.795741
2022-12-29 11:13:00,12.93,12.796482
2022-12-29 11:14:00,12.94,12.805332
2022-12-29 11:15:00,12.93,12.855816
2022-12-29 11:16:00,12.95,12.849563
2022-12-29 11:17:00,12.94,12.846584
2022-12-29 11:18:00,12.93,12.821155
2022-12-29 11:19:00,12.92,12.808769
2022-12-29 11:20:00,12.92,12.805472
2022-12-29 11:21:00,12.93,12.815064
2022-12-29 11:22:00,12.93,12.835437
2022-12-29 11:23:00,12.94,12.8444395
2022-12-29 11:24:00,12.94,12.851874
2022-12-29 11:25:00,12.94,12.859687
2022-12-29 11:26:00,12.94,12.871327
2022-12-29 11:27:00,12.94,12.867368
2022-12-29 11:28:00,12.93,12.849247
2022-12-29 11:29:00,12.93,12.837614
2022-12-29 11:30:00,12.929999,12.832128
2022-12-29 13:01:00,12.93,12.836988
2022-12-29 13:02:00,12.92,12.861585
2022-12-29 13:03:00,12.92,12.881819
2022-12-29 13:04:00,12.94,12.888083
2022-12-29 13:05:00,12.94,12.877619
2022-12-29 13:06:00,12.950001,12.864993
2022-12-29 13:07:00,12.940001,12.852242
2022-12-29 13:08:00,12.940001,12.842894
2022-12-29 13:09:00,12.940001,12.846821
2022-12-29 13:10:00,12.94,12.856084
2022-12-29 13:11:00,12.96,12.867227
2022-12-29 13:12:00,12.940001,12.8567
2022-12-29 13:13:00,12.96,12.8596525
2022-12-29 13:14:00,12.94,12.884702
2022-12-29 13:15:00,12.940001,12.87089
2022-12-29 13:16:00,12.93,12.855698
2022-12-29 13:17:00,12.94,12.799443
2022-12-29 13:18:00,12.940001,12.784788
2022-12-29 13:19:00,12.940001,12.781012
2022-12-29 13:20:00,12.940001,12.777368
2022-12-29 13:21:00,12.96,12.7908
2022-12-29 13:22:00,12.940001,12.780309
2022-12-29 13:23:00,12.940001,12.803968
2022-12-29 13:24:00,12.95,12.854339
2022-12-29 13:25:00,12.95,12.817012
2022-12-29 13:26:00,12.940001,12.847737
2022-12-29 13:27:00,12.95,12.860538
2022-12-29 13:28:00,12.96,12.859728
2022-12-29 13:29:00,12.95,12.851107
2022-12-29 13:30:00,12.950001,12.842958
2022-12-29 13:31:00,12.97,12.845363
2022-12-29 13:32:00,12.96,12.826565
2022-12-29 13:33:00,12.95,12.836745
2022-12-29 13:34:00,12.95,12.845105
2022-12-29 13:35:00,12.94,12.855289
2022-12-29 13:36:00,12.95,12.851773
2022-12-29 13:37:00,12.940001,12.830198
2022-12-29 13:38:00,12.95,12.818654
2022-12-29 13:39:00,12.94,12.815057
2022-12-29 13:40:00,12.93,12.827258
2022-12-29 13:41:00,12.92,12.835084
2022-12-29 13:42:00,12.92,12.82868
2022-12-29 13:43:00,12.92,12.816185
2022-12-29 13:44:00,12.92,12.8004875
2022-12-29 13:45:00,12.91,12.793319
2022-12-29 13:46:00,12.91,12.812184
2022-12-29 13:47:00,12.92,12.833355
2022-12-29 13:48:00,12.91,12.834155
2022-12-29 13:49:00,12.92,12.843229
2022-12-29 13:50:00,12.92,12.837338
2022-12-29 13:51:00,12.93,12.849695
2022-12-29 13:52:00,12.92,12.851007
2022-12-29 13:53:00,12.91,12.855812
2022-12-29 13:54:00,12.91,12.84904
2022-12-29 13:55:00,12.92,12.840334
2022-12-29 13:56:00,12.93,12.800668
2022-12-29 13:57:00,12.92,12.795224
2022-12-29 13:58:00,12.92,12.842846
2022-12-29 13:59:00,12.919999,12.890786
2022-12-29 14:00:00,12.919999,12.885949
2022-12-29 14:01:00,12.92,12.852573
2022-12-29 14:02:00,12.929999,12.840313
2022-12-29 14:03:00,12.93,12.822351
2022-12-29 14:04:00,12.93,12.840192
2022-12-29 14:05:00,12.94,12.843284
2022-12-29 14:06:00,12.940001,12.829584
2022-12-29 14:07:00,12.94,12.80738
2022-12-29 14:08:00,12.93,12.799304
2022-12-29 14:09:00,12.94,12.810335
2022-12-29 14:10:00,12.95,12.820125
2022-12-29 14:11:00,12.940001,12.84356
2022-12-29 14:12:00,12.950001,12.881325
2022-12-29 14:13:00,12.97,12.901523
2022-12-29 14:14:00,12.97,12.893218
2022-12-29 14:15:00,12.969999,12.878799
2022-12-29 14:16:00,12.969999,12.882087
2022-12-29 14:17:00,12.98,12.895838
2022-12-29 14:18:00,12.990001,12.878481
2022-12-29 14:19:00,13.0,12.861836
2022-12-29 14:20:00,12.990001,12.85561
2022-12-29 14:21:00,13.0,12.865178
2022-12-29 14:22:00,12.98,12.870749
2022-12-29 14:23:00,12.9800005,12.876952
2022-12-29 14:24:00,12.99,12.912293
2022-12-29 14:25:00,12.9800005,12.905027
2022-12-29 14:26:00,12.99,12.923011
2022-12-29 14:27:00,13.0,12.915518
2022-12-29 14:28:00,13.01,12.913238
2022-12-29 14:29:00,13.0,12.926895
2022-12-29 14:30:00,13.0,12.927006
2022-12-29 14:31:00,13.02,12.946061
2022-12-29 14:32:00,13.009999,12.954244
2022-12-29 14:33:00,13.01,12.94629
2022-12-29 14:34:00,13.0199995,12.93247
2022-12-29 14:35:00,13.009999,12.910518
2022-12-29 14:36:00,13.04,12.9300785
2022-12-29 14:37:00,13.02,12.9687605
2022-12-29 14:38:00,13.03,12.983191
2022-12-29 14:39:00,13.03,13.002229
2022-12-29 14:40:00,13.04,13.007749
2022-12-29 14:41:00,13.02,13.007431
2022-12-29 14:42:00,13.01,12.984475
2022-12-29 14:43:00,13.0199995,12.946227
2022-12-29 14:44:00,13.01,12.927083
2022-12-29 14:45:00,13.0,12.935208
2022-12-29 14:46:00,12.9800005,12.93509
2022-12-29 14:47:00,13.0,12.9428005
2022-12-29 14:48:00,13.02,12.92501
2022-12-29 14:49:00,13.02,12.912914
2022-12-29 14:50:00,13.0,12.913751
2022-12-29 14:51:00,13.01,12.946642
2022-12-29 14:52:00,13.0199995,12.943267
2022-12-29 14:53:00,13.0,12.896456
2022-12-29 14:54:00,13.02,12.886439
2022-12-29 14:55:00,13.0,12.882087
2022-12-29 14:56:00,13.009999,12.899788
2022-12-29 14:57:00,13.0,12.926323
2022-12-29 14:58:00,13.0,12.949259
2022-12-29 14:59:00,13.0,12.954583
2022-12-29 15:00:00,13.03,13.001076
2022-12-30 09:30:00,13.04,13.023318
2022-12-30 09:31:00,13.11,13.052249
2022-12-30 09:32:00,13.13,13.052242
2022-12-30 09:33:00,13.12,13.029791
2022-12-30 09:34:00,13.09,13.003563
2022-12-30 09:35:00,13.099999,13.0272875
2022-12-30 09:36:00,13.07,12.999199
2022-12-30 09:37:00,13.05,12.984715
2022-12-30 09:38:00,13.089999,13.017778
2022-12-30 09:39:00,13.059999,12.987562
2022-12-30 09:40:00,13.05,12.977333
2022-12-30 09:41:00,13.05,12.965246
2022-12-30 09:42:00,13.03,12.962924
2022-12-30 09:43:00,13.04,12.971049
2022-12-30 09:44:00,13.04,12.954625
2022-12-30 09:45:00,13.04,12.984519
2022-12-30 09:46:00,13.05,13.000987
2022-12-30 09:47:00,13.099999,13.023648
2022-12-30 09:48:00,13.12,13.007547
2022-12-30 09:49:00,13.08,12.996109
2022-12-30 09:50:00,13.070001,12.991339
2022-12-30 09:51:00,13.059999,12.9872875
2022-12-30 09:52:00,13.08,12.9986925
2022-12-30 09:53:00,13.070001,12.9947605
2022-12-30 09:54:00,13.07,13.026723
2022-12-30 09:55:00,13.08,13.0238
2022-12-30 09:56:00,13.09,13.016191
2022-12-30 09:57:00,13.07,12.98678
2022-12-30 09:58:00,13.07,12.982405
2022-12-30 09:59:00,13.059999,12.966094
2022-12-30 10:00:00,13.059999,13.004748
2022-12-30 10:01:00,13.05,13.022293
2022-12-30 10:02:00,13.05,12.993904
2022-12-30 10:03:00,13.05,12.972817
2022-12-30 10:04:00,13.059999,12.990676
2022-12-30 10:05:00,13.07,12.997867
2022-12-30 10:06:00,13.04,12.995106
2022-12-30 10:07:00,13.05,13.033217
2022-12-30 10:08:00,13.049999,13.0374155
2022-12-30 10:09:00,13.070001,13.048624
2022-12-30 10:10:00,13.08,13.042034
2022-12-30 10:11:00,13.08,13.028911
2022-12-30 10:12:00,13.059999,13.027513
2022-12-30 10:13:00,13.08,13.019285
2022-12-30 10:14:00,13.059999,12.987142
2022-12-30 10:15:00,13.05,12.983685
2022-12-30 10:16:00,13.0,12.962714
2022-12-30 10:17:00,13.009999,12.955624
2022-12-30 10:18:00,12.99,12.933064
2022-12-30 10:19:00,13.0,12.923638
2022-12-30 10:20:00,12.98,12.895188
2022-12-30 10:21:00,12.99,12.898334
2022-12-30 10:22:00,12.9800005,12.900092
2022-12-30 10:23:00,12.97,12.916935
2022-12-30 10:24:00,12.98,12.942489
2022-12-30 10:25:00,12.98,12.951485
2022-12-30 10:26:00,12.99,12.9462
2022-12-30 10:27:00,12.99,12.953948
2022-12-30 10:28:00,13.0,12.96782
2022-12-30 10:29:00,13.01,12.997358
2022-12-30 10:30:00,13.04,13.0160885
2022-12-30 10:31:00,13.04,13.012881
2022-12-30 10:32:00,13.0199995,12.9955435
2022-12-30 10:33:00,13.0,12.986352
2022-12-30 10:34:00,13.009999,12.990693
2022-12-30 10:35:00,13.01,12.981608
2022-12-30 10:36:00,13.01,12.983195
2022-12-30 10:37:00,13.05,12.985381
2022-12-30 10:38:00,13.04,12.973908
2022-12-30 10:39:00,13.03,12.978677
2022-12-30 10:40:00,13.03,12.994614
2022-12-30 10:41:00,13.04,12.994436
2022-12-30 10:42:00,13.02,12.975612
2022-12-30 10:43:00,13.01,12.966953
2022-12-30 10:44:00,13.02,12.95087
2022-12-30 10:45:00,13.03,12.956271
2022-12-30 10:46:00,13.05,12.975384
2022-12-30 10:47:00,13.03,12.995695
2022-12-30 10:48:00,13.07,13.0163145
2022-12-30 10:49:00,13.070001,13.040042
2022-12-30 10:50:00,13.070001,13.050418
2022-12-30 10:51:00,13.07,13.055143
2022-12-30 10:52:00,13.1,13.083033
2022-12-30 10:53:00,13.110001,13.069584
2022-12-30 10:54:00,13.09,13.071607
2022-12-30 10:55:00,13.11,13.073453
2022-12-30 10:56:00,13.11,13.083131
2022-12-30 10:57:00,13.13,13.104293
2022-12-30 10:58:00,13.16,13.056901
2022-12-30 10:59:00,13.14,13.057433
2022-12-30 11:00:00,13.13,13.022152
2022-12-30 11:01:00,13.13,13.0236635
2022-12-30 11:02:00,13.16,13.027351
2022-12-30 11:03:00,13.200001,13.040487
2022-12-30 11:04:00,13.190001,13.0699215
2022-12-30 11:05:00,13.22,13.129441
2022-12-30 11:06:00,13.23,13.155343
2022-12-30 11:07:00,13.23,13.154548
2022-12-30 11:08:00,13.22,13.155943
2022-12-30 11:09:00,13.2300005,13.159406
2022-12-30 11:10:00,13.21,13.149764
2022-12-30 11:11:00,13.2300005,13.185031
2022-12-30 11:12:00,13.23,13.17078
2022-12-30 11:13:00,13.22,13.146373
2022-12-30 11:14:00,13.22,13.151248
2022-12-30 11:15:00,13.24,13.178155
2022-12-30 11:16:00,13.25,13.185048
2022-12-30 11:17:00,13.2699995,13.190226
2022-12-30 11:18:00,13.2699995,13.18136
2022-12-30 11:19:00,13.26,13.174374
2022-12-30 11:20:00,13.23,13.1575775
2022-12-30 11:21:00,13.2300005,13.140237
2022-12-30 11:22:00,13.219999,13.118953
2022-12-30 11:23:00,13.22,13.139405
2022-12-30 11:24:00,13.2300005,13.159847
2022-12-30 11:25:00,13.22,13.133586
2022-12-30 11:26:00,13.25,13.143066
2022-12-30 11:27:00,13.2300005,13.117261
2022-12-30 11:28:00,13.2300005,13.100366
2022-12-30 11:29:00,13.2300005,13.105314
2022-12-30 11:30:00,13.21,13.127982
2022-12-30 13:01:00,13.22,13.113215
2022-12-30 13:02:00,13.2,13.073463
2022-12-30 13:03:00,13.190001,13.08256
2022-12-30 13:04:00,13.17,13.117365
2022-12-30 13:05:00,13.18,13.15891
2022-12-30 13:06:00,13.17,13.138593
2022-12-30 13:07:00,13.17,13.124837
2022-12-30 13:08:00,13.18,13.142465
2022-12-30 13:09:00,13.18,13.149094
2022-12-30 13:10:00,13.18,13.149841
2022-12-30 13:11:00,13.16,13.130714
2022-12-30 13:12:00,13.17,13.135953
2022-12-30 13:13:00,13.200001,13.13169
2022-12-30 13:14:00,13.19,13.088363
2022-12-30 13:15:00,13.17,13.118884
2022-12-30 13:16:00,13.18,13.159977
2022-12-30 13:17:00,13.190001,13.165309
2022-12-30 13:18:00,13.18,13.146216
2022-12-30 13:19:00,13.17,13.103475
2022-12-30 13:20:00,13.160001,13.069707
2022-12-30 13:21:00,13.15,13.053532
2022-12-30 13:22:00,13.16,13.056931
2022-12-30 13:23:00,13.150001,13.06579
2022-12-30 13:24:00,13.14,13.071061
2022-12-30 13:25:00,13.14,13.065413
2022-12-30 13:26:00,13.15,13.071724
2022-12-30 13:27:00,13.15,13.071075
2022-12-30 13:28:00,13.14,13.055161
2022-12-30 13:29:00,13.14,13.05171
2022-12-30 13:30:00,13.15,13.046114
2022-12-30 13:31:00,13.15,13.035091
2022-12-30 13:32:00,13.150001,13.030824
2022-12-30 13:33:00,13.17,13.063037
2022-12-30 13:34:00,13.169999,13.06518
2022-12-30 13:35:00,13.16,13.064444
2022-12-30 13:36:00,13.17,13.099618
2022-12-30 13:37:00,13.17,13.095774
2022-12-30 13:38:00,13.17,13.106587
2022-12-30 13:39:00,13.17,13.104094
2022-12-30 13:40:00,13.17,13.112607
2022-12-30 13:41:00,13.179999,13.089581
2022-12-30 13:42:00,13.16,13.071114
2022-12-30 13:43:00,13.16,13.062206
2022-12-30 13:44:00,13.139999,13.0724125
2022-12-30 13:45:00,13.15,13.103565
2022-12-30 13:46:00,13.15,13.118078
2022-12-30 13:47:00,13.16,13.110489
2022-12-30 13:48:00,13.15,13.093429
2022-12-30 13:49:00,13.17,13.077308
2022-12-30 13:50:00,13.17,13.075269
2022-12-30 13:51:00,13.17,13.073857
2022-12-30 13:52:00,13.16,13.103035
2022-12-30 13:53:00,13.18,13.150811
2022-12-30 13:54:00,13.18,13.168386
2022-12-30 13:55:00,13.179999,13.149043
2022-12-30 13:56:00,13.19,13.135255
2022-12-30 13:57:00,13.200001,13.154335
2022-12-30 13:58:00,13.179999,13.16696
2022-12-30 13:59:00,13.200001,13.182432
2022-12-30 14:00:00,13.22,13.187659
2022-12-30 14:01:00,13.219999,13.155422
2022-12-30 14:02:00,13.21,13.127131
2022-12-30 14:03:00,13.21,13.106642
2022-12-30 14:04:00,13.2,13.112736
2022-12-30 14:05:00,13.190001,13.127438
2022-12-30 14:06:00,13.2,13.119935
2022-12-30 14:07:00,13.2,13.124782
2022-12-30 14:08:00,13.21,13.143734
2022-12-30 14:09:00,13.21,13.130404
2022-12-30 14:10:00,13.2,13.126144
2022-12-30 14:11:00,13.2,13.136369
2022-12-30 14:12:00,13.2,13.151426
2022-12-30 14:13:00,13.19,13.148445
2022-12-30 14:14:00,13.200001,13.143871
2022-12-30 14:15:00,13.21,13.126847
2022-12-30 14:16:00,13.22,13.125337
2022-12-30 14:17:00,13.22,13.138073
2022-12-30 14:18:00,13.21,13.149448
2022-12-30 14:19:00,13.21,13.146605
2022-12-30 14:20:00,13.2,13.120714
2022-12-30 14:21:00,13.21,13.101981
2022-12-30 14:22:00,13.19,13.096236
2022-12-30 14:23:00,13.19,13.116947
2022-12-30 14:24:00,13.190001,13.116122
2022-12-30 14:25:00,13.19,13.116403
2022-12-30 14:26:00,13.17,13.102516
2022-12-30 14:27:00,13.16,13.113759
2022-12-30 14:28:00,13.17,13.130773
2022-12-30 14:29:00,13.17,13.143342
2022-12-30 14:30:00,13.18,13.138974
2022-12-30 14:31:00,13.16,13.1363325
2022-12-30 14:32:00,13.18,13.154431
2022-12-30 14:33:00,13.17,13.150233
2022-12-30 14:34:00,13.17,13.151524
2022-12-30 14:35:00,13.16,13.111856
2022-12-30 14:36:00,13.16,13.065339
2022-12-30 14:37:00,13.17,13.0623665
2022-12-30 14:38:00,13.17,13.0682955
2022-12-30 14:39:00,13.17,13.076864
2022-12-30 14:40:00,13.16,13.082923
2022-12-30 14:41:00,13.15,13.0571995
2022-12-30 14:42:00,13.17,13.060291
2022-12-30 14:43:00,13.16,13.057058
2022-12-30 14:44:00,13.16,13.057614
2022-12-30 14:45:00,13.17,13.081373
2022-12-30 14:46:00,13.18,13.077834
2022-12-30 14:47:00,13.18,13.090871
2022-12-30 14:48:00,13.179999,13.096365
2022-12-30 14:49:00,13.17,13.090199
2022-12-30 14:50:00,13.17,13.076873
2022-12-30 14:51:00,13.18,13.050464
2022-12-30 14:52:00,13.17,13.045452
2022-12-30 14:53:00,13.17,13.054611
2022-12-30 14:54:00,13.17,13.06989
2022-12-30 14:55:00,13.17,13.091431
2022-12-30 14:56:00,13.17,13.089151
2022-12-30 14:57:00,13.17,13.073846
2022-12-30 14:58:00,13.16,13.060904
2022-12-30 14:59:00,13.16,13.057112
2022-12-30 15:00:00,13.16,13.072733
2023-01-03 09:30:00,13.2,13.051286
2023-01-03 09:31:00,13.16,13.027402
2023-01-03 09:32:00,13.139999,13.032875
2023-01-03 09:33:00,13.150001,13.06173
2023-01-03 09:34:00,13.19,13.091919
2023-01-03 09:35:00,13.179999,13.059772
2023-01-03 09:36:00,13.190001,13.030846
2023-01-03 09:37:00,13.16,13.001735
2023-01-03 09:38:00,13.14,12.98668
2023-01-03 09:39:00,13.12,12.952015
2023-01-03 09:40:00,13.110001,12.917694
2023-01-03 09:41:00,13.07,12.951023
2023-01-03 09:42:00,13.09,12.985742
2023-01-03 09:43:00,13.1,13.002604
2023-01-03 09:44:00,13.139999,13.027383
2023-01-03 09:45:00,13.150001,13.0077095
2023-01-03 09:46:00,13.179999,13.045232
2023-01-03 09:47:00,13.17,13.067339
2023-01-03 09:48:00,13.24,13.100964
2023-01-03 09:49:00,13.24,13.127842
2023-01-03 09:50:00,13.28,13.168489
2023-01-03 09:51:00,13.2699995,13.148525
2023-01-03 09:52:00,13.259999,13.156944
2023-01-03 09:53:00,13.2699995,13.162303
2023-01-03 09:54:00,13.27,13.172015
2023-01-03 09:55:00,13.29,13.174211
2023-01-03 09:56:00,13.299999,13.178618
2023-01-03 09:57:00,13.3,13.219029
2023-01-03 09:58:00,13.339999,13.264847
2023-01-03 09:59:00,13.34,13.28977
2023-01-03 10:00:00,13.46,13.3215685
2023-01-03 10:01:00,13.389999,13.269822
2023-01-03 10:02:00,13.37,13.286933
2023-01-03 10:03:00,13.38,13.305682
2023-01-03 10:04:00,13.38,13.294434
2023-01-03 10:05:00,13.400001,13.278946
2023-01-03 10:06:00,13.38,13.245552
2023-01-03 10:07:00,13.379999,13.223034
2023-01-03 10:08:00,13.36,13.239264
2023-01-03 10:09:00,13.37,13.197876
2023-01-03 10:10:00,13.37,13.2338505
2023-01-03 10:11:00,13.38,13.246871
2023-01-03 10:12:00,13.38,13.254157
2023-01-03 10:13:00,13.42,13.26604
2023-01-03 10:14:00,13.42,13.257466
2023-01-03 10:15:00,13.41,13.230685
2023-01-03 10:16:00,13.41,13.250698
2023-01-03 10:17:00,13.42,13.279088
2023-01-03 10:18:00,13.43,13.282833
2023-01-03 10:19:00,13.44,13.276143
2023-01-03 10:20:00,13.46,13.267443
2023-01-03 10:21:00,13.450001,13.271293
2023-01-03 10:22:00,13.45,13.272289
2023-01-03 10:23:00,13.46,13.321231
2023-01-03 10:24:00,13.46,13.356613
2023-01-03 10:25:00,13.490001,13.390842
2023-01-03 10:26:00,13.57,13.437026
2023-01-03 10:27:00,13.58,13.438801
2023-01-03 10:28:00,13.559999,13.398437
2023-01-03 10:29:00,13.549999,13.394511
2023-01-03 10:30:00,13.55,13.390639
2023-01-03 10:31:00,13.549999,13.403223
2023-01-03 10:32:00,13.59,13.428057
2023-01-03 10:33:00,13.58,13.42277
2023-01-03 10:34:00,13.59,13.409983
2023-01-03 10:35:00,13.58,13.410417
2023-01-03 10:36:00,13.57,13.401022
2023-01-03 10:37:00,13.559999,13.396594
2023-01-03 10:38:00,13.55,13.374986
2023-01-03 10:39:00,13.5199995,13.368374
2023-01-03 10:40:00,13.5199995,13.353232
2023-01-03 10:41:00,13.5,13.37552
2023-01-03 10:42:00,13.51,13.374296
2023-01-03 10:43:00,13.51,13.372174
2023-01-03 10:44:00,13.51,13.399658
2023-01-03 10:45:00,13.53,13.411443
2023-01-03 10:46:00,13.49,13.4036255
2023-01-03 10:47:00,13.46,13.381301
2023-01-03 10:48:00,13.490001,13.386911
2023-01-03 10:49:00,13.49,13.356065
2023-01-03 10:50:00,13.5,13.359128
2023-01-03 10:51:00,13.4800005,13.367956
2023-01-03 10:52:00,13.48,13.396966
2023-01-03 10:53:00,13.49,13.428896
2023-01-03 10:54:00,13.52,13.431745
2023-01-03 10:55:00,13.52,13.396044
2023-01-03 10:56:00,13.51,13.364373
2023-01-03 10:57:00,13.5,13.356132
2023-01-03 10:58:00,13.49,13.351405
2023-01-03 10:59:00,13.48,13.339263
2023-01-03 11:00:00,13.4800005,13.327398
2023-01-03 11:01:00,13.49,13.322701
2023-01-03 11:02:00,13.49,13.33728
2023-01-03 11:03:00,13.49,13.344924
2023-01-03 11:04:00,13.49,13.354661
2023-01-03 11:05:00,13.51,13.357976
2023-01-03 11:06:00,13.5199995,13.3741865
2023-01-03 11:07:00,13.53,13.329499
2023-01-03 11:08:00,13.5,13.310197
2023-01-03 11:09:00,13.51,13.318886
2023-01-03 11:10:00,13.5,13.349935
2023-01-03 11:11:00,13.5199995,13.363709
2023-01-03 11:12:00,13.5,13.354546
2023-01-03 11:13:00,13.4800005,13.331789
2023-01-03 11:14:00,13.5,13.322011
2023-01-03 11:15:00,13.4800005,13.323532
2023-01-03 11:16:00,13.5,13.350935
2023-01-03 11:17:00,13.52,13.363971
2023-01-03 11:18:00,13.54,13.373339
2023-01-03 11:19:00,13.54,13.373366
2023-01-03 11:20:00,13.55,13.366795
2023-01-03 11:21:00,13.57,13.351604
2023-01-03 11:22:00,13.57,13.365007
2023-01-03 11:23:00,13.57,13.376667
2023-01-03 11:24:00,13.58,13.385925
2023-01-03 11:25:00,13.56,13.366606
2023-01-03 11:26:00,13.559999,13.380225
2023-01-03 11:27:00,13.56,13.359525
2023-01-03 11:28:00,13.57,13.380415
2023-01-03 11:29:00,13.59,13.38125
2023-01-03 11:30:00,13.59,13.3912945
2023-01-03 13:01:00,13.570001,13.399342
2023-01-03 13:02:00,13.570001,13.390284
2023-01-03 13:03:00,13.54,13.369793
2023-01-03 13:04:00,13.52,13.378093
2023-01-03 13:05:00,13.52,13.375651
2023-01-03 13:06:00,13.54,13.371328
2023-01-03 13:07:00,13.530001,13.358231
2023-01-03 13:08:00,13.53,13.358295
2023-01-03 13:09:00,13.53,13.343627
2023-01-03 13:10:00,13.55,13.378781
2023-01-03 13:11:00,13.55,13.412074
2023-01-03 13:12:00,13.58,13.415914
2023-01-03 13:13:00,13.58,13.419447
2023-01-03 13:14:00,13.59,13.416922
2023-01-03 13:15:00,13.58,13.50821
2023-01-03 13:16:00,13.599999,13.522901
2023-01-03 13:17:00,13.589999,13.507029
2023-01-03 13:18:00,13.59,13.4399395
2023-01-03 13:19:00,13.59,13.427854
2023-01-03 13:20:00,13.6,13.468781
2023-01-03 13:21:00,13.6,13.497794
2023-01-03 13:22:00,13.59,13.47686
2023-01-03 13:23:00,13.6,13.472449
2023-01-03 13:24:00,13.589999,13.464347
2023-01-03 13:25:00,13.58,13.461206
2023-01-03 13:26:00,13.58,13.4631
2023-01-03 13:27:00,13.58,13.502712
2023-01-03 13:28:00,13.580001,13.506684
2023-01-03 13:29:00,13.63,13.539258
2023-01-03 13:30:00,13.64,13.559162
2023-01-03 13:31:00,13.64,13.567625
2023-01-03 13:32:00,13.65,13.581828
2023-01-03 13:33:00,13.66,13.578447
2023-01-03 13:34:00,13.68,13.579369
2023-01-03 13:35:00,13.67,13.55744
2023-01-03 13:36:00,13.67,13.54351
2023-01-03 13:37:00,13.660001,13.5438795
2023-01-03 13:38:00,13.68,13.571294
2023-01-03 13:39:00,13.679999,13.583454
2023-01-03 13:40:00,13.690001,13.588368
2023-01-03 13:41:00,13.690001,13.567807
2023-01-03 13:42:00,13.7,13.564418
2023-01-03 13:43:00,13.7,13.572159
2023-01-03 13:44:00,13.68,13.595794
2023-01-03 13:45:00,13.700001,13.622811
2023-01-03 13:46:00,13.71,13.621259
2023-01-03 13:47:00,13.71,13.606887
2023-01-03 13:48:00,13.700001,13.584569
2023-01-03 13:49:00,13.7,13.576311
2023-01-03 13:50:00,13.700001,13.564857
2023-01-03 13:51:00,13.7,13.569569
2023-01-03 13:52:00,13.7,13.585279
2023-01-03 13:53:00,13.690001,13.593849
2023-01-03 13:54:00,13.7,13.597299
2023-01-03 13:55:00,13.7,13.610908
2023-01-03 13:56:00,13.71,13.604959
2023-01-03 13:57:00,13.72,13.609411
2023-01-03 13:58:00,13.71,13.597437
2023-01-03 13:59:00,13.71,13.608486
2023-01-03 14:00:00,13.71,13.605549
2023-01-03 14:01:00,13.72,13.606412
2023-01-03 14:02:00,13.73,13.584404
2023-01-03 14:03:00,13.7300005,13.582449
2023-01-03 14:04:00,13.7300005,13.589067
2023-01-03 14:05:00,13.73,13.597604
2023-01-03 14:06:00,13.75,13.619412
2023-01-03 14:07:00,13.75,13.625409
2023-01-03 14:08:00,13.740001,13.630093
2023-01-03 14:09:00,13.75,13.647934
2023-01-03 14:10:00,13.76,13.661758
2023-01-03 14:11:00,13.7699995,13.635142
2023-01-03 14:12:00,13.7699995,13.644606
2023-01-03 14:13:00,13.780001,13.644945
2023-01-03 14:14:00,13.7699995,13.618652
2023-01-03 14:15:00,13.75,13.621532
2023-01-03 14:16:00,13.759999,13.6292515
2023-01-03 14:17:00,13.76,13.643168
2023-01-03 14:18:00,13.76,13.622355
2023-01-03 14:19:00,13.7699995,13.643032
2023-01-03 14:20:00,13.7699995,13.671053
2023-01-03 14:21:00,13.809999,13.6954155
2023-01-03 14:22:00,13.8,13.702664
2023-01-03 14:23:00,13.82,13.725058
2023-01-03 14:24:00,13.83,13.712855
2023-01-03 14:25:00,13.83,13.711151
2023-01-03 14:26:00,13.83,13.740567
2023-01-03 14:27:00,13.82,13.723799
2023-01-03 14:28:00,13.809999,13.709757
2023-01-03 14:29:00,13.82,13.698715
2023-01-03 14:30:00,13.809999,13.682012
2023-01-03 14:31:00,13.82,13.701499
2023-01-03 14:32:00,13.81,13.70359
2023-01-03 14:33:00,13.83,13.745844
2023-01-03 14:34:00,13.83,13.7273855
2023-01-03 14:35:00,13.820001,13.72633
2023-01-03 14:36:00,13.8,13.722218
2023-01-03 14:37:00,13.82,13.727095
2023-01-03 14:38:00,13.79,13.701535
2023-01-03 14:39:00,13.8,13.70445
2023-01-03 14:40:00,13.799999,13.711069
2023-01-03 14:41:00,13.8,13.694336
2023-01-03 14:42:00,13.809999,13.699927
2023-01-03 14:43:00,13.81,13.697614
2023-01-03 14:44:00,13.79,13.707049
2023-01-03 14:45:00,13.81,13.709261
2023-01-03 14:46:00,13.809999,13.711259
2023-01-03 14:47:00,13.82,13.703235
2023-01-03 14:48:00,13.81,13.7020235
2023-01-03 14:49:00,13.82,13.719382
2023-01-03 14:50:00,13.81,13.730178
2023-01-03 14:51:00,13.809999,13.738309
2023-01-03 14:52:00,13.8,13.734839
2023-01-03 14:53:00,13.8,13.71644
2023-01-03 14:54:00,13.79,13.668164
2023-01-03 14:55:00,13.79,13.635673
2023-01-03 14:56:00,13.77,13.629112
2023-01-03 14:57:00,13.77,13.633909
2023-01-03 14:58:00,13.7699995,13.655663
2023-01-03 14:59:00,13.7699995,13.637786
2023-01-03 15:00:00,13.7699995,13.58383
2023-01-04 09:30:00,13.71,13.54122
2023-01-04 09:31:00,13.7,13.53958
2023-01-04 09:32:00,13.71,13.545245
2023-01-04 09:33:00,13.7,13.553356
2023-01-04 09:34:00,13.69,13.559775
2023-01-04 09:35:00,13.71,13.548792
2023-01-04 09:36:00,13.71,13.525658
2023-01-04 09:37:00,13.7,13.504338
2023-01-04 09:38:00,13.650001,13.519189
2023-01-04 09:39:00,13.67,13.5460415
2023-01-04 09:40:00,13.72,13.585827
2023-01-04 09:41:00,13.719999,13.632567
2023-01-04 09:42:00,13.75,13.666948
2023-01-04 09:43:00,13.7699995,13.683047
2023-01-04 09:44:00,13.78,13.669447
2023-01-04 09:45:00,13.77,13.64978
2023-01-04 09:46:00,13.719999,13.638579
2023-01-04 09:47:00,13.76,13.685638
2023-01-04 09:48:00,13.82,13.696634
2023-01-04 09:49:00,13.77,13.659489
2023-01-04 09:50:00,13.79,13.672103
2023-01-04 09:51:00,13.79,13.6554365
2023-01-04 09:52:00,13.79,13.662635
2023-01-04 09:53:00,13.78,13.663136
2023-01-04 09:54:00,13.79,13.6213875
2023-01-04 09:55:00,13.79,13.684655
2023-01-04 09:56:00,13.82,13.725226
2023-01-04 09:57:00,13.84,13.725754
2023-01-04 09:58:00,13.87,13.751776
2023-01-04 09:59:00,13.87,13.758486
2023-01-04 10:00:00,13.860001,13.773598
2023-01-04 10:01:00,13.889999,13.777299
2023-01-04 10:02:00,13.88,13.77395
2023-01-04 10:03:00,13.89,13.745789
2023-01-04 10:04:00,13.9,13.758952
2023-01-04 10:05:00,13.95,13.794418
2023-01-04 10:06:00,13.9800005,13.822314
2023-01-04 10:07:00,14.0,13.859469
2023-01-04 10:08:00,14.040001,13.883655
2023-01-04 10:09:00,14.049999,13.91735
2023-01-04 10:10:00,14.09,13.958273
2023-01-04 10:11:00,14.08,13.965229
2023-01-04 10:12:00,14.1,14.002298
2023-01-04 10:13:00,14.2,14.046715
2023-01-04 10:14:00,14.200001,14.021599
2023-01-04 10:15:00,14.2,14.028669
2023-01-04 10:16:00,14.179999,14.0648775
2023-01-04 10:17:00,14.26,14.12011
2023-01-04 10:18:00,14.3,14.151215
2023-01-04 10:19:00,14.33,14.152766
2023-01-04 10:20:00,14.29,14.159342
2023-01-04 10:21:00,14.31,14.179399
2023-01-04 10:22:00,14.3,14.161098
2023-01-04 10:23:00,14.290001,14.195319
2023-01-04 10:24:00,14.33,14.221365
2023-01-04 10:25:00,14.32,14.215126
2023-01-04 10:26:00,14.33,14.261576
2023-01-04 10:27:00,14.41,14.306155
2023-01-04 10:28:00,14.389999,14.2594595
2023-01-04 10:29:00,14.39,14.245499
2023-01-04 10:30:00,14.35,14.223676
2023-01-04 10:31:00,14.34,14.21487
2023-01-04 10:32:00,14.33,14.217328
2023-01-04 10:33:00,14.33,14.257032
2023-01-04 10:34:00,14.36,14.322431
2023-01-04 10:35:00,14.38,14.338961
2023-01-04 10:36:00,14.360001,14.298338
2023-01-04 10:37:00,14.349999,14.268733
2023-01-04 10:38:00,14.31,14.204445
2023-01-04 10:39:00,14.29,14.1874275
2023-01-04 10:40:00,14.28,14.195685
2023-01-04 10:41:00,14.29,14.189473
2023-01-04 10:42:00,14.280001,14.216402
2023-01-04 10:43:00,14.31,14.264375
2023-01-04 10:44:00,14.33,14.228561
2023-01-04 10:45:00,14.349999,14.2555275
2023-01-04 10:46:00,14.33,14.269379
2023-01-04 10:47:00,14.36,14.242779
2023-01-04 10:48:00,14.33,14.228374
2023-01-04 10:49:00,14.35,14.258947
2023-01-04 10:50:00,14.34,14.25219
2023-01-04 10:51:00,14.33,14.236735
2023-01-04 10:52:00,14.299999,14.2109995
2023-01-04 10:53:00,14.29,14.205522
2023-01-04 10:54:00,14.3,14.202484
2023-01-04 10:55:00,14.320001,14.22297
2023-01-04 10:56:00,14.320001,14.189655
2023-01-04 10:57:00,14.32,14.197896
2023-01-04 10:58:00,14.31,14.188116
2023-01-04 10:59:00,14.31,14.182119
2023-01-04 11:00:00,14.3,14.1735935
2023-01-04 11:01:00,14.29,14.14825
2023-01-04 11:02:00,14.28,14.144274
2023-01-04 11:03:00,14.27,14.115444
2023-01-04 11:04:00,14.26,14.126254
2023-01-04 11:05:00,14.28,14.140793
2023-01-04 11:06:00,14.290001,14.128045
2023-01-04 11:07:00,14.26,14.100871
2023-01-04 11:08:00,14.25,14.0989895
2023-01-04 11:09:00,14.25,14.093568
2023-01-04 11:10:00,14.24,14.10127
2023-01-04 11:11:00,14.25,14.110984
2023-01-04 11:12:00,14.259999,14.13491
2023-01-04 11:13:00,14.2699995,14.138998
2023-01-04 11:14:00,14.28,14.170528
2023-01-04 11:15:00,14.27,14.158535
2023-01-04 11:16:00,14.26,14.144167
2023-01-04 11:17:00,14.25,14.12856
2023-01-04 11:18:00,14.26,14.125433
2023-01-04 11:19:00,14.24,14.103286
2023-01-04 11:20:00,14.26,14.100736
2023-01-04 11:21:00,14.240001,14.081918
2023-01-04 11:22:00,14.27,14.125865
2023-01-04 11:23:00,14.3,14.137821
2023-01-04 11:24:00,14.28,14.131937
2023-01-04 11:25:00,14.27,14.170916
2023-01-04 11:26:00,14.27,14.191709
2023-01-04 11:27:00,14.289999,14.188017
2023-01-04 11:28:00,14.309999,14.232426
2023-01-04 11:29:00,14.33,14.232132
2023-01-04 11:30:00,14.29,14.197763
2023-01-04 13:01:00,14.26,14.183302
2023-01-04 13:02:00,14.26,14.203824
2023-01-04 13:03:00,14.27,14.175649
2023-01-04 13:04:00,14.26,14.138157
2023-01-04 13:05:00,14.25,14.118925
2023-01-04 13:06:00,14.23,14.13281
2023-01-04 13:07:00,14.26,14.15895
2023-01-04 13:08:00,14.27,14.160808
2023-01-04 13:09:00,14.26,14.157647
2023-01-04 13:10:00,14.240001,14.169604
2023-01-04 13:11:00,14.28,14.200772
2023-01-04 13:12:00,14.28,14.179886
2023-01-04 13:13:00,14.2699995,14.186517
2023-01-04 13:14:00,14.27,14.203744
2023-01-04 13:15:00,14.28,14.212873
2023-01-04 13:16:00,14.290001,14.215297
2023-01-04 13:17:00,14.29,14.233795
2023-01-04 13:18:00,14.32,14.245755
2023-01-04 13:19:00,14.33,14.228177
2023-01-04 13:20:00,14.3,14.193674
2023-01-04 13:21:00,14.28,14.180994
2023-01-04 13:22:00,14.25,14.1583185
2023-01-04 13:23:00,14.259999,14.158237
2023-01-04 13:24:00,14.25,14.159622
2023-01-04 13:25:00,14.25,14.1154785
2023-01-04 13:26:00,14.23,14.119226
2023-01-04 13:27:00,14.2300005,14.12285
2023-01-04 13:28:00,14.22,14.14553
2023-01-04 13:29:00,14.23,14.163728
2023-01-04 13:30:00,14.23,14.163782
2023-01-04 13:31:00,14.2300005,14.156596
2023-01-04 13:32:00,14.26,14.173326
2023-01-04 13:33:00,14.26,14.146586
2023-01-04 13:34:00,14.26,14.143962
2023-01-04 13:35:00,14.28,14.155058
2023-01-04 13:36:00,14.28,14.171241
2023-01-04 13:37:00,14.3,14.1886215
2023-01-04 13:38:00,14.33,14.2016115
2023-01-04 13:39:00,14.320001,14.222865
2023-01-04 13:40:00,14.34,14.230618
2023-01-04 13:41:00,14.33,14.202804
2023-01-04 13:42:00,14.31,14.18989
2023-01-04 13:43:00,14.32,14.18801
2023-01-04 13:44:00,14.32,14.210395
2023-01-04 13:45:00,14.309999,14.2174
2023-01-04 13:46:00,14.32,14.25185
2023-01-04 13:47:00,14.34,14.254508
2023-01-04 13:48:00,14.34,14.249778
2023-01-04 13:49:00,14.349999,14.252911
2023-01-04 13:50:00,14.35,14.231372
2023-01-04 13:51:00,14.370001,14.236404
2023-01-04 13:52:00,14.38,14.242988
2023-01-04 13:53:00,14.38,14.244079
2023-01-04 13:54:00,14.360001,14.254178
2023-01-04 13:55:00,14.37,14.276701
2023-01-04 13:56:00,14.37,14.301652
2023-01-04 13:57:00,14.36,14.308032
2023-01-04 13:58:00,14.36,14.295101
2023-01-04 13:59:00,14.349999,14.262754
2023-01-04 14:00:00,14.349999,14.246917
2023-01-04 14:01:00,14.34,14.208338
2023-01-04 14:02:00,14.35,14.207306
2023-01-04 14:03:00,14.349999,14.222996
2023-01-04 14:04:00,14.35,14.193094
2023-01-04 14:05:00,14.349999,14.226668
2023-01-04 14:06:00,14.35,14.240459
2023-01-04 14:07:00,14.36,14.254923
2023-01-04 14:08:00,14.36,14.259826
2023-01-04 14:09:00,14.33,14.230121
2023-01-04 14:10:00,14.33,14.230997
2023-01-04 14:11:00,14.309999,14.202001
2023-01-04 14:12:00,14.299999,14.188937
2023-01-04 14:13:00,14.32,14.156351
2023-01-04 14:14:00,14.31,14.165045
2023-01-04 14:15:00,14.3,14.161713
2023-01-04 14:16:00,14.3,14.2038355
2023-01-04 14:17:00,14.31,14.218827
2023-01-04 14:18:00,14.3,14.207414
2023-01-04 14:19:00,14.299999,14.203928
2023-01-04 14:20:00,14.3,14.191397
2023-01-04 14:21:00,14.29,14.127172
2023-01-04 14:22:00,14.29,14.091062
2023-01-04 14:23:00,14.28,14.091021
2023-01-04 14:24:00,14.29,14.122628
2023-01-04 14:25:00,14.29,14.10261
2023-01-04 14:26:00,14.31,14.150768
2023-01-04 14:27:00,14.320001,14.178891
2023-01-04 14:28:00,14.34,14.191917
2023-01-04 14:29:00,14.34,14.210954
2023-01-04 14:30:00,14.33,14.217415
2023-01-04 14:31:00,14.33,14.220441
2023-01-04 14:32:00,14.33,14.226575
2023-01-04 14:33:00,14.34,14.226743
