trade_time,True_Price,Predicted_Price
2022-12-19 13:25:00,11150.48,11150.46
2022-12-19 13:26:00,11154.12,11155.2295
2022-12-19 13:27:00,11157.319,11160.229
2022-12-19 13:28:00,11162.461,11165.127
2022-12-19 13:29:00,11163.96,11162.906
2022-12-19 13:30:00,11172.45,11163.089
2022-12-19 13:31:00,11168.689,11161.344
2022-12-19 13:32:00,11174.431,11169.005
2022-12-19 13:33:00,11170.69,11168.915
2022-12-19 13:34:00,11170.859,11164.336
2022-12-19 13:35:00,11169.239,11161.582
2022-12-19 13:36:00,11163.25,11157.625
2022-12-19 13:37:00,11162.21,11158.589
2022-12-19 13:38:00,11158.06,11157.628
2022-12-19 13:39:00,11159.301,11161.61
2022-12-19 13:40:00,11157.58,11158.813
2022-12-19 13:41:00,11155.24,11159.32
2022-12-19 13:42:00,11154.81,11152.217
2022-12-19 13:43:00,11149.29,11147.603
2022-12-19 13:44:00,11148.04,11148.575
2022-12-19 13:45:00,11145.47,11145.389
2022-12-19 13:46:00,11149.881,11150.116
2022-12-19 13:47:00,11156.2705,11150.45
2022-12-19 13:48:00,11154.04,11150.683
2022-12-19 13:49:00,11155.989,11159.734
2022-12-19 13:50:00,11161.08,11162.645
2022-12-19 13:51:00,11163.18,11168.253
2022-12-19 13:52:00,11165.32,11167.892
2022-12-19 13:53:00,11162.75,11164.797
2022-12-19 13:54:00,11156.83,11155.606
2022-12-19 13:55:00,11143.7705,11149.452
2022-12-19 13:56:00,11140.03,11139.674
2022-12-19 13:57:00,11136.439,11130.845
2022-12-19 13:58:00,11132.95,11127.608
2022-12-19 13:59:00,11133.68,11127.336
2022-12-19 14:00:00,11134.649,11131.412
2022-12-19 14:01:00,11139.239,11130.04
2022-12-19 14:02:00,11134.561,11132.159
2022-12-19 14:03:00,11131.41,11132.992
2022-12-19 14:04:00,11135.68,11137.528
2022-12-19 14:05:00,11134.449,11137.598
2022-12-19 14:06:00,11132.091,11140.279
2022-12-19 14:07:00,11125.83,11135.47
2022-12-19 14:08:00,11128.46,11128.132
2022-12-19 14:09:00,11125.489,11120.733
2022-12-19 14:10:00,11119.41,11110.912
2022-12-19 14:11:00,11112.15,11108.918
2022-12-19 14:12:00,11111.05,11106.531
2022-12-19 14:13:00,11118.9795,11119.524
2022-12-19 14:14:00,11115.86,11119.877
2022-12-19 14:15:00,11116.62,11123.973
2022-12-19 14:16:00,11115.83,11130.18
2022-12-19 14:17:00,11125.39,11130.904
2022-12-19 14:18:00,11127.64,11130.214
2022-12-19 14:19:00,11134.46,11128.638
2022-12-19 14:20:00,11134.311,11127.74
2022-12-19 14:21:00,11131.75,11130.077
2022-12-19 14:22:00,11135.29,11135.414
2022-12-19 14:23:00,11133.21,11137.161
2022-12-19 14:24:00,11131.3,11135.419
2022-12-19 14:25:00,11128.86,11128.964
2022-12-19 14:26:00,11118.93,11119.855
2022-12-19 14:27:00,11114.51,11116.151
2022-12-19 14:28:00,11110.25,11110.296
2022-12-19 14:29:00,11107.75,11119.379
2022-12-19 14:30:00,11115.25,11116.593
2022-12-19 14:31:00,11120.56,11122.038
2022-12-19 14:32:00,11113.53,11115.293
2022-12-19 14:33:00,11103.5,11111.761
2022-12-19 14:34:00,11104.84,11111.257
2022-12-19 14:35:00,11098.42,11103.27
2022-12-19 14:36:00,11094.81,11097.663
2022-12-19 14:37:00,11098.381,11094.651
2022-12-19 14:38:00,11094.43,11094.88
2022-12-19 14:39:00,11092.08,11098.363
2022-12-19 14:40:00,11094.81,11099.537
2022-12-19 14:41:00,11091.88,11101.35
2022-12-19 14:42:00,11091.0205,11098.344
2022-12-19 14:43:00,11088.53,11097.987
2022-12-19 14:44:00,11085.51,11092.699
2022-12-19 14:45:00,11084.31,11087.862
2022-12-19 14:46:00,11093.52,11086.906
2022-12-19 14:47:00,11103.221,11090.053
2022-12-19 14:48:00,11102.88,11093.244
2022-12-19 14:49:00,11104.88,11106.503
2022-12-19 14:50:00,11110.28,11113.69
2022-12-19 14:51:00,11110.71,11120.918
2022-12-19 14:52:00,11116.45,11123.525
2022-12-19 14:53:00,11119.681,11126.02
2022-12-19 14:54:00,11118.34,11128.636
2022-12-19 14:55:00,11117.189,11122.382
2022-12-19 14:56:00,11119.38,11119.1045
2022-12-19 14:57:00,11121.82,11118.302
2022-12-19 14:58:00,11120.88,11126.147
2022-12-19 14:59:00,11120.88,11132.934
2022-12-19 15:00:00,11124.7,11124.473
2022-12-20 09:30:00,11092.859,11097.188
2022-12-20 09:31:00,11070.5,11072.341
2022-12-20 09:32:00,11054.0,11064.494
2022-12-20 09:33:00,11060.181,11069.471
2022-12-20 09:34:00,11067.48,11068.175
2022-12-20 09:35:00,11063.12,11060.583
2022-12-20 09:36:00,11064.33,11069.921
2022-12-20 09:37:00,11065.67,11070.74
2022-12-20 09:38:00,11069.24,11073.6045
2022-12-20 09:39:00,11062.71,11075.614
2022-12-20 09:40:00,11068.76,11074.376
2022-12-20 09:41:00,11068.2,11067.072
2022-12-20 09:42:00,11065.2,11065.415
2022-12-20 09:43:00,11072.27,11067.371
2022-12-20 09:44:00,11073.4,11064.814
2022-12-20 09:45:00,11069.08,11058.893
2022-12-20 09:46:00,11061.55,11054.606
2022-12-20 09:47:00,11042.439,11049.352
2022-12-20 09:48:00,11039.7295,11047.269
2022-12-20 09:49:00,11035.96,11038.496
2022-12-20 09:50:00,11022.53,11037.423
2022-12-20 09:51:00,11037.511,11041.232
2022-12-20 09:52:00,11031.74,11040.307
2022-12-20 09:53:00,11029.99,11035.826
2022-12-20 09:54:00,11029.84,11032.003
2022-12-20 09:55:00,11024.18,11024.98
2022-12-20 09:56:00,11020.369,11021.0
2022-12-20 09:57:00,11023.86,11023.906
2022-12-20 09:58:00,11033.82,11029.027
2022-12-20 09:59:00,11037.96,11031.582
2022-12-20 10:00:00,11031.47,11030.457
2022-12-20 10:01:00,11034.05,11037.842
2022-12-20 10:02:00,11036.79,11035.604
2022-12-20 10:03:00,11040.659,11028.838
2022-12-20 10:04:00,11031.11,11021.34
2022-12-20 10:05:00,11027.011,11016.21
2022-12-20 10:06:00,11023.95,11013.71
2022-12-20 10:07:00,11011.22,11008.836
2022-12-20 10:08:00,11010.31,11005.748
2022-12-20 10:09:00,11009.04,11006.986
2022-12-20 10:10:00,11010.87,11006.52
2022-12-20 10:11:00,10999.789,10999.695
2022-12-20 10:12:00,11004.351,11003.995
2022-12-20 10:13:00,11006.29,11002.843
2022-12-20 10:14:00,10996.61,10996.078
2022-12-20 10:15:00,11001.7,10994.038
2022-12-20 10:16:00,10994.31,10984.497
2022-12-20 10:17:00,10996.529,10984.144
2022-12-20 10:18:00,10998.489,10988.585
2022-12-20 10:19:00,10998.3,10995.062
2022-12-20 10:20:00,11004.07,11002.098
2022-12-20 10:21:00,10999.37,11001.744
2022-12-20 10:22:00,10995.3,11002.746
2022-12-20 10:23:00,11002.88,11001.922
2022-12-20 10:24:00,11004.03,10997.069
2022-12-20 10:25:00,10997.55,10988.521
2022-12-20 10:26:00,10991.8,10988.458
2022-12-20 10:27:00,10992.319,10990.572
2022-12-20 10:28:00,10988.43,10993.089
2022-12-20 10:29:00,10991.631,10993.888
2022-12-20 10:30:00,10994.88,10999.617
2022-12-20 10:31:00,11003.561,11005.689
2022-12-20 10:32:00,10996.43,11001.475
2022-12-20 10:33:00,11001.33,11006.048
2022-12-20 10:34:00,10998.26,11002.041
2022-12-20 10:35:00,11008.14,11006.613
2022-12-20 10:36:00,11014.92,11012.373
2022-12-20 10:37:00,11017.81,11019.3
2022-12-20 10:38:00,11028.71,11030.059
2022-12-20 10:39:00,11041.7,11030.007
2022-12-20 10:40:00,11031.811,11022.027
2022-12-20 10:41:00,11022.74,11021.091
2022-12-20 10:42:00,11014.45,11021.372
2022-12-20 10:43:00,11013.16,11018.926
2022-12-20 10:44:00,11015.62,11013.222
2022-12-20 10:45:00,11013.85,11011.6875
2022-12-20 10:46:00,11007.22,11006.526
2022-12-20 10:47:00,11008.68,11009.151
2022-12-20 10:48:00,11005.189,11003.738
2022-12-20 10:49:00,11005.72,11001.572
2022-12-20 10:50:00,11003.811,11004.651
2022-12-20 10:51:00,11014.061,11007.986
2022-12-20 10:52:00,11009.511,11007.536
2022-12-20 10:53:00,11006.83,11007.959
2022-12-20 10:54:00,11007.24,11007.396
2022-12-20 10:55:00,11003.08,11008.708
2022-12-20 10:56:00,11005.24,11005.899
2022-12-20 10:57:00,11000.26,11000.816
2022-12-20 10:58:00,10998.09,11000.935
2022-12-20 10:59:00,10997.149,11001.069
2022-12-20 11:00:00,10994.72,11004.248
2022-12-20 11:01:00,11009.05,11010.426
2022-12-20 11:02:00,11010.89,11001.196
2022-12-20 11:03:00,11002.63,10992.573
2022-12-20 11:04:00,10994.04,10984.484
2022-12-20 11:05:00,10990.65,10986.282
2022-12-20 11:06:00,10989.37,10987.861
2022-12-20 11:07:00,10993.61,10991.775
2022-12-20 11:08:00,11003.46,10993.899
2022-12-20 11:09:00,10996.94,10992.168
2022-12-20 11:10:00,10995.22,10994.656
2022-12-20 11:11:00,10991.41,10992.792
2022-12-20 11:12:00,10986.51,10991.1875
2022-12-20 11:13:00,10991.67,10986.737
2022-12-20 11:14:00,10985.14,10982.398
2022-12-20 11:15:00,10988.2295,10987.737
2022-12-20 11:16:00,10995.109,10987.353
2022-12-20 11:17:00,10991.359,10984.138
2022-12-20 11:18:00,10993.47,10985.082
2022-12-20 11:19:00,10990.8,10982.668
2022-12-20 11:20:00,10987.399,10985.646
2022-12-20 11:21:00,10987.699,10987.754
2022-12-20 11:22:00,10986.079,10985.188
2022-12-20 11:23:00,10994.649,10988.124
2022-12-20 11:24:00,10993.211,10982.35
2022-12-20 11:25:00,10992.391,10986.589
2022-12-20 11:26:00,10994.98,10993.366
2022-12-20 11:27:00,11002.431,11000.888
2022-12-20 11:28:00,11004.41,11002.3545
2022-12-20 11:29:00,11012.04,11002.212
2022-12-20 11:30:00,11012.87,11002.571
2022-12-20 13:01:00,10996.45,10994.906
2022-12-20 13:02:00,10991.82,10993.626
2022-12-20 13:03:00,10986.47,10992.869
2022-12-20 13:04:00,10981.851,10984.765
2022-12-20 13:05:00,10989.07,10980.727
2022-12-20 13:06:00,10982.69,10974.193
2022-12-20 13:07:00,10981.92,10974.824
2022-12-20 13:08:00,10975.95,10971.259
2022-12-20 13:09:00,10972.53,10970.729
2022-12-20 13:10:00,10969.18,10968.597
2022-12-20 13:11:00,10971.59,10966.608
2022-12-20 13:12:00,10967.99,10956.701
2022-12-20 13:13:00,10962.62,10956.895
2022-12-20 13:14:00,10964.63,10963.5
2022-12-20 13:15:00,10971.06,10974.808
2022-12-20 13:16:00,10981.76,10983.148
2022-12-20 13:17:00,10986.01,10982.719
2022-12-20 13:18:00,10985.25,10980.155
2022-12-20 13:19:00,10977.01,10974.206
2022-12-20 13:20:00,10975.55,10970.283
2022-12-20 13:21:00,10969.939,10956.194
2022-12-20 13:22:00,10961.18,10953.843
2022-12-20 13:23:00,10958.07,10955.662
2022-12-20 13:24:00,10962.92,10959.307
2022-12-20 13:25:00,10961.1,10957.755
2022-12-20 13:26:00,10967.86,10960.531
2022-12-20 13:27:00,10964.88,10953.715
2022-12-20 13:28:00,10960.439,10954.434
2022-12-20 13:29:00,10956.24,10947.352
2022-12-20 13:30:00,10954.43,10947.175
2022-12-20 13:31:00,10952.27,10942.713
2022-12-20 13:32:00,10945.16,10940.008
2022-12-20 13:33:00,10935.89,10936.846
2022-12-20 13:34:00,10935.53,10930.206
2022-12-20 13:35:00,10927.13,10918.085
2022-12-20 13:36:00,10927.85,10912.301
2022-12-20 13:37:00,10917.64,10903.927
2022-12-20 13:38:00,10916.49,10908.429
2022-12-20 13:39:00,10918.89,10913.657
2022-12-20 13:40:00,10924.03,10923.232
2022-12-20 13:41:00,10924.68,10927.068
2022-12-20 13:42:00,10927.59,10935.144
2022-12-20 13:43:00,10927.84,10927.721
2022-12-20 13:44:00,10921.2705,10925.698
2022-12-20 13:45:00,10922.601,10928.534
2022-12-20 13:46:00,10923.75,10923.291
2022-12-20 13:47:00,10913.65,10919.025
2022-12-20 13:48:00,10919.33,10912.68
2022-12-20 13:49:00,10922.101,10911.529
2022-12-20 13:50:00,10920.75,10909.061
2022-12-20 13:51:00,10913.15,10910.694
2022-12-20 13:52:00,10909.74,10918.005
2022-12-20 13:53:00,10916.551,10918.1455
2022-12-20 13:54:00,10917.9,10913.181
2022-12-20 13:55:00,10926.439,10912.795
2022-12-20 13:56:00,10921.02,10913.867
2022-12-20 13:57:00,10916.609,10917.068
2022-12-20 13:58:00,10917.43,10918.946
2022-12-20 13:59:00,10917.59,10916.464
2022-12-20 14:00:00,10921.37,10923.889
2022-12-20 14:01:00,10931.67,10931.946
2022-12-20 14:02:00,10939.2,10939.108
2022-12-20 14:03:00,10945.24,10945.417
2022-12-20 14:04:00,10948.3,10949.483
2022-12-20 14:05:00,10953.48,10957.015
2022-12-20 14:06:00,10958.73,10966.335
2022-12-20 14:07:00,10970.78,10977.633
2022-12-20 14:08:00,10976.5205,10976.874
2022-12-20 14:09:00,10970.47,10971.218
2022-12-20 14:10:00,10967.641,10970.975
2022-12-20 14:11:00,10965.32,10970.242
2022-12-20 14:12:00,10958.261,10961.59
2022-12-20 14:13:00,10958.681,10957.318
2022-12-20 14:14:00,10956.551,10946.32
2022-12-20 14:15:00,10946.81,10943.685
2022-12-20 14:16:00,10950.31,10947.627
2022-12-20 14:17:00,10950.8,10949.606
2022-12-20 14:18:00,10958.46,10956.714
2022-12-20 14:19:00,10960.96,10957.152
2022-12-20 14:20:00,10955.3,10953.102
2022-12-20 14:21:00,10955.59,10952.343
2022-12-20 14:22:00,10956.39,10951.962
2022-12-20 14:23:00,10963.3,10958.047
2022-12-20 14:24:00,10965.83,10962.156
2022-12-20 14:25:00,10968.931,10968.759
2022-12-20 14:26:00,10979.0,10973.13
2022-12-20 14:27:00,10979.811,10973.072
2022-12-20 14:28:00,10975.619,10968.673
2022-12-20 14:29:00,10970.9795,10967.804
2022-12-20 14:30:00,10967.17,10966.945
2022-12-20 14:31:00,10961.859,10964.447
2022-12-20 14:32:00,10962.78,10966.238
2022-12-20 14:33:00,10967.47,10968.93
2022-12-20 14:34:00,10967.53,10965.483
2022-12-20 14:35:00,10966.79,10963.286
2022-12-20 14:36:00,10970.141,10963.371
2022-12-20 14:37:00,10970.32,10962.547
2022-12-20 14:38:00,10971.07,10959.918
2022-12-20 14:39:00,10966.931,10959.132
2022-12-20 14:40:00,10961.199,10958.93
2022-12-20 14:41:00,10957.85,10957.469
2022-12-20 14:42:00,10955.85,10956.457
2022-12-20 14:43:00,10954.689,10951.479
2022-12-20 14:44:00,10953.21,10947.412
2022-12-20 14:45:00,10951.37,10949.116
2022-12-20 14:46:00,10952.26,10953.333
2022-12-20 14:47:00,10951.4,10952.805
2022-12-20 14:48:00,10952.96,10952.865
2022-12-20 14:49:00,10949.48,10947.756
2022-12-20 14:50:00,10946.39,10947.361
2022-12-20 14:51:00,10952.5,10953.173
2022-12-20 14:52:00,10954.0,10946.556
2022-12-20 14:53:00,10954.35,10947.021
2022-12-20 14:54:00,10953.7,10947.723
2022-12-20 14:55:00,10951.37,10943.47
2022-12-20 14:56:00,10952.49,10942.955
2022-12-20 14:57:00,10950.761,10941.926
2022-12-20 14:58:00,10951.17,10940.472
2022-12-20 14:59:00,10951.17,10941.545
2022-12-20 15:00:00,10949.12,10947.604
2022-12-21 09:30:00,10966.31,10952.953
2022-12-21 09:31:00,10957.91,10951.708
2022-12-21 09:32:00,10962.63,10956.922
2022-12-21 09:33:00,10951.16,10949.714
2022-12-21 09:34:00,10948.75,10949.517
2022-12-21 09:35:00,10948.93,10950.834
2022-12-21 09:36:00,10953.55,10946.487
2022-12-21 09:37:00,10947.92,10946.017
2022-12-21 09:38:00,10946.81,10957.151
2022-12-21 09:39:00,10959.7705,10967.73
2022-12-21 09:40:00,10967.16,10973.137
2022-12-21 09:41:00,10975.67,10974.14
2022-12-21 09:42:00,10971.91,10967.336
2022-12-21 09:43:00,10952.199,10957.957
2022-12-21 09:44:00,10951.87,10964.427
2022-12-21 09:45:00,10950.7,10959.223
2022-12-21 09:46:00,10965.19,10965.901
2022-12-21 09:47:00,10963.49,10967.915
2022-12-21 09:48:00,10968.59,10974.495
2022-12-21 09:49:00,10972.2,10973.937
2022-12-21 09:50:00,10972.939,10972.076
2022-12-21 09:51:00,10969.029,10964.25
2022-12-21 09:52:00,10963.7295,10968.132
2022-12-21 09:53:00,10965.44,10971.279
2022-12-21 09:54:00,10970.51,10978.549
2022-12-21 09:55:00,10974.12,10980.793
2022-12-21 09:56:00,10978.449,10985.435
2022-12-21 09:57:00,10975.3,10980.478
2022-12-21 09:58:00,10971.22,10974.592
2022-12-21 09:59:00,10968.42,10965.961
2022-12-21 10:00:00,10965.96,10962.142
2022-12-21 10:01:00,10965.71,10961.633
2022-12-21 10:02:00,10961.13,10960.963
2022-12-21 10:03:00,10958.529,10956.663
2022-12-21 10:04:00,10957.91,10964.96
2022-12-21 10:05:00,10958.3,10967.62
2022-12-21 10:06:00,10959.04,10963.568
2022-12-21 10:07:00,10951.5205,10958.175
2022-12-21 10:08:00,10952.68,10959.465
2022-12-21 10:09:00,10955.29,10962.042
2022-12-21 10:10:00,10958.91,10965.91
2022-12-21 10:11:00,10960.89,10968.35
2022-12-21 10:12:00,10964.21,10967.647
2022-12-21 10:13:00,10969.71,10972.206
2022-12-21 10:14:00,10975.39,10975.093
2022-12-21 10:15:00,10978.81,10978.969
2022-12-21 10:16:00,10994.83,10980.493
2022-12-21 10:17:00,10992.12,10973.817
2022-12-21 10:18:00,10988.101,10974.455
2022-12-21 10:19:00,10986.26,10979.417
2022-12-21 10:20:00,10982.0,10980.448
2022-12-21 10:21:00,10989.53,10985.166
2022-12-21 10:22:00,10982.25,10983.493
2022-12-21 10:23:00,10985.16,10987.979
2022-12-21 10:24:00,10988.45,10987.3955
2022-12-21 10:25:00,10987.43,10985.376
2022-12-21 10:26:00,10988.99,10987.004
2022-12-21 10:27:00,10985.28,10982.735
2022-12-21 10:28:00,10987.63,10976.955
2022-12-21 10:29:00,10986.99,10975.211
2022-12-21 10:30:00,10984.51,10972.998
2022-12-21 10:31:00,10975.89,10972.349
2022-12-21 10:32:00,10975.38,10974.748
2022-12-21 10:33:00,10975.24,10972.791
2022-12-21 10:34:00,10978.641,10972.167
2022-12-21 10:35:00,10974.29,10969.959
2022-12-21 10:36:00,10972.11,10969.055
2022-12-21 10:37:00,10980.89,10977.52
2022-12-21 10:38:00,10976.7,10977.056
2022-12-21 10:39:00,10987.359,10981.387
2022-12-21 10:40:00,10985.63,10976.97
2022-12-21 10:41:00,10987.4,10976.769
2022-12-21 10:42:00,10995.84,10982.703
2022-12-21 10:43:00,10991.07,10988.399
2022-12-21 10:44:00,10999.909,10995.245
2022-12-21 10:45:00,10997.13,10998.21
2022-12-21 10:46:00,10997.8,11000.82
2022-12-21 10:47:00,10994.17,10997.307
2022-12-21 10:48:00,10992.681,10992.409
2022-12-21 10:49:00,10988.189,10985.2705
2022-12-21 10:50:00,10990.68,10983.342
2022-12-21 10:51:00,10991.68,10973.549
2022-12-21 10:52:00,10991.32,10983.157
2022-12-21 10:53:00,10985.84,10993.162
2022-12-21 10:54:00,10986.09,10994.506
2022-12-21 10:55:00,10988.08,10987.747
2022-12-21 10:56:00,10986.641,10977.749
2022-12-21 10:57:00,10990.199,10984.2
2022-12-21 10:58:00,10989.66,10982.58
2022-12-21 10:59:00,10990.7705,10979.373
2022-12-21 11:00:00,10985.55,10976.913
2022-12-21 11:01:00,10985.7295,10975.253
2022-12-21 11:02:00,10984.71,10973.041
2022-12-21 11:03:00,10977.9,10970.237
2022-12-21 11:04:00,10974.38,10972.206
2022-12-21 11:05:00,10978.28,10976.912
2022-12-21 11:06:00,10974.569,10968.725
2022-12-21 11:07:00,10974.68,10962.578
2022-12-21 11:08:00,10974.0205,10965.016
2022-12-21 11:09:00,10971.61,10967.21
2022-12-21 11:10:00,10972.569,10968.455
2022-12-21 11:11:00,10970.29,10965.755
2022-12-21 11:12:00,10967.58,10963.485
2022-12-21 11:13:00,10956.93,10953.201
2022-12-21 11:14:00,10952.7,10948.341
2022-12-21 11:15:00,10951.45,10943.117
2022-12-21 11:16:00,10953.59,10942.262
2022-12-21 11:17:00,10953.659,10946.027
2022-12-21 11:18:00,10952.38,10949.997
2022-12-21 11:19:00,10953.17,10952.317
2022-12-21 11:20:00,10953.5205,10946.234
2022-12-21 11:21:00,10954.67,10945.468
2022-12-21 11:22:00,10946.65,10937.626
2022-12-21 11:23:00,10939.46,10936.721
2022-12-21 11:24:00,10939.9,10939.873
2022-12-21 11:25:00,10939.779,10934.739
2022-12-21 11:26:00,10937.47,10932.691
2022-12-21 11:27:00,10931.19,10925.679
2022-12-21 11:28:00,10927.76,10921.982
2022-12-21 11:29:00,10925.34,10919.049
2022-12-21 11:30:00,10918.89,10916.301
2022-12-21 13:01:00,10924.19,10919.355
2022-12-21 13:02:00,10916.21,10913.721
2022-12-21 13:03:00,10916.81,10914.474
2022-12-21 13:04:00,10920.07,10913.2705
2022-12-21 13:05:00,10919.859,10917.408
2022-12-21 13:06:00,10920.04,10913.08
2022-12-21 13:07:00,10918.75,10909.585
2022-12-21 13:08:00,10913.431,10907.171
2022-12-21 13:09:00,10910.439,10904.341
2022-12-21 13:10:00,10909.32,10904.535
2022-12-21 13:11:00,10907.01,10907.486
2022-12-21 13:12:00,10905.63,10912.201
2022-12-21 13:13:00,10911.62,10916.995
2022-12-21 13:14:00,10928.53,10922.741
2022-12-21 13:15:00,10928.141,10915.982
2022-12-21 13:16:00,10927.149,10922.041
2022-12-21 13:17:00,10928.63,10921.515
2022-12-21 13:18:00,10929.5205,10918.389
2022-12-21 13:19:00,10922.12,10921.334
2022-12-21 13:20:00,10921.87,10924.03
2022-12-21 13:21:00,10921.65,10921.715
2022-12-21 13:22:00,10920.18,10916.327
2022-12-21 13:23:00,10917.83,10910.0
2022-12-21 13:24:00,10912.55,10908.214
2022-12-21 13:25:00,10905.47,10900.174
2022-12-21 13:26:00,10899.439,10894.881
2022-12-21 13:27:00,10894.92,10889.658
2022-12-21 13:28:00,10888.23,10882.531
2022-12-21 13:29:00,10885.52,10876.906
2022-12-21 13:30:00,10883.93,10875.269
2022-12-21 13:31:00,10885.5,10879.879
2022-12-21 13:32:00,10884.87,10880.808
2022-12-21 13:33:00,10889.811,10884.718
2022-12-21 13:34:00,10890.37,10884.725
2022-12-21 13:35:00,10887.069,10880.122
2022-12-21 13:36:00,10894.39,10889.514
2022-12-21 13:37:00,10900.98,10895.232
2022-12-21 13:38:00,10906.319,10899.269
2022-12-21 13:39:00,10911.58,10904.389
2022-12-21 13:40:00,10906.75,10902.121
2022-12-21 13:41:00,10905.08,10897.379
2022-12-21 13:42:00,10899.32,10892.99
2022-12-21 13:43:00,10898.7705,10888.947
2022-12-21 13:44:00,10896.9795,10882.978
2022-12-21 13:45:00,10892.87,10877.296
2022-12-21 13:46:00,10890.301,10880.819
2022-12-21 13:47:00,10889.63,10885.419
2022-12-21 13:48:00,10892.9,10891.349
2022-12-21 13:49:00,10901.2,10897.995
2022-12-21 13:50:00,10903.66,10898.548
2022-12-21 13:51:00,10903.72,10895.259
2022-12-21 13:52:00,10894.7,10890.264
2022-12-21 13:53:00,10891.46,10887.449
2022-12-21 13:54:00,10882.09,10883.982
2022-12-21 13:55:00,10880.079,10884.883
2022-12-21 13:56:00,10879.85,10880.085
2022-12-21 13:57:00,10883.21,10882.564
2022-12-21 13:58:00,10885.069,10883.168
2022-12-21 13:59:00,10882.55,10887.571
2022-12-21 14:00:00,10884.67,10887.132
2022-12-21 14:01:00,10892.93,10890.542
2022-12-21 14:02:00,10893.91,10884.668
2022-12-21 14:03:00,10887.551,10884.626
2022-12-21 14:04:00,10886.189,10885.459
2022-12-21 14:05:00,10891.55,10888.921
2022-12-21 14:06:00,10891.18,10888.833
2022-12-21 14:07:00,10889.75,10885.78
2022-12-21 14:08:00,10874.41,10878.036
2022-12-21 14:09:00,10873.77,10877.84
2022-12-21 14:10:00,10872.52,10871.873
2022-12-21 14:11:00,10878.83,10868.237
2022-12-21 14:12:00,10878.899,10869.36
2022-12-21 14:13:00,10879.08,10879.573
2022-12-21 14:14:00,10889.26,10887.778
2022-12-21 14:15:00,10898.1,10903.037
2022-12-21 14:16:00,10907.83,10909.066
2022-12-21 14:17:00,10907.68,10912.779
2022-12-21 14:18:00,10908.51,10917.391
2022-12-21 14:19:00,10920.23,10913.536
2022-12-21 14:20:00,10916.72,10911.306
2022-12-21 14:21:00,10912.95,10910.936
2022-12-21 14:22:00,10910.83,10909.999
2022-12-21 14:23:00,10909.93,10908.787
2022-12-21 14:24:00,10909.44,10902.473
2022-12-21 14:25:00,10903.899,10893.557
2022-12-21 14:26:00,10900.59,10892.64
2022-12-21 14:27:00,10898.079,10891.823
2022-12-21 14:28:00,10897.72,10894.265
2022-12-21 14:29:00,10898.801,10898.745
2022-12-21 14:30:00,10896.64,10898.543
2022-12-21 14:31:00,10898.66,10899.737
2022-12-21 14:32:00,10891.02,10897.161
2022-12-21 14:33:00,10891.54,10889.8955
2022-12-21 14:34:00,10890.971,10889.9375
2022-12-21 14:35:00,10892.79,10890.092
2022-12-21 14:36:00,10899.08,10895.487
2022-12-21 14:37:00,10897.779,10896.888
2022-12-21 14:38:00,10899.1,10900.99
2022-12-21 14:39:00,10896.25,10897.46
2022-12-21 14:40:00,10896.34,10892.74
2022-12-21 14:41:00,10894.76,10886.823
2022-12-21 14:42:00,10893.67,10884.3545
2022-12-21 14:43:00,10898.25,10886.61
2022-12-21 14:44:00,10897.779,10892.862
2022-12-21 14:45:00,10902.939,10903.33
2022-12-21 14:46:00,10904.49,10908.351
2022-12-21 14:47:00,10906.109,10910.662
2022-12-21 14:48:00,10900.5205,10902.769
2022-12-21 14:49:00,10898.359,10899.753
2022-12-21 14:50:00,10896.24,10898.052
2022-12-21 14:51:00,10902.351,10909.65
2022-12-21 14:52:00,10905.34,10910.1455
2022-12-21 14:53:00,10909.95,10910.963
2022-12-21 14:54:00,10908.2,10904.446
2022-12-21 14:55:00,10909.351,10909.12
2022-12-21 14:56:00,10910.029,10906.514
2022-12-21 14:57:00,10909.91,10901.077
2022-12-21 14:58:00,10911.64,10900.463
2022-12-21 14:59:00,10911.64,10921.416
2022-12-21 15:00:00,10912.091,10941.841
2022-12-22 09:30:00,10976.57,10968.81
2022-12-22 09:31:00,10960.391,10956.556
2022-12-22 09:32:00,10953.77,10951.741
2022-12-22 09:33:00,10949.29,10954.455
2022-12-22 09:34:00,10939.17,10943.822
2022-12-22 09:35:00,10939.0205,10940.477
2022-12-22 09:36:00,10941.199,10944.906
2022-12-22 09:37:00,10941.03,10942.8125
2022-12-22 09:38:00,10947.33,10951.379
2022-12-22 09:39:00,10938.63,10954.422
2022-12-22 09:40:00,10950.87,10964.354
2022-12-22 09:41:00,10965.16,10973.294
2022-12-22 09:42:00,10980.061,10975.337
2022-12-22 09:43:00,10980.239,10962.894
2022-12-22 09:44:00,10965.42,10956.66
2022-12-22 09:45:00,10949.84,10954.672
2022-12-22 09:46:00,10946.65,10952.787
2022-12-22 09:47:00,10945.31,10948.416
2022-12-22 09:48:00,10942.49,10939.445
2022-12-22 09:49:00,10949.56,10943.445
2022-12-22 09:50:00,10950.41,10946.456
2022-12-22 09:51:00,10954.811,10949.67
2022-12-22 09:52:00,10953.78,10947.459
2022-12-22 09:53:00,10951.301,10949.922
2022-12-22 09:54:00,10955.27,10952.94
2022-12-22 09:55:00,10958.11,10959.998
2022-12-22 09:56:00,10972.21,10971.103
2022-12-22 09:57:00,10979.051,10976.442
2022-12-22 09:58:00,10984.79,10982.356
2022-12-22 09:59:00,10991.09,10986.786
2022-12-22 10:00:00,10988.49,10984.362
2022-12-22 10:01:00,10996.55,10989.154
2022-12-22 10:02:00,10996.71,10996.408
2022-12-22 10:03:00,11003.94,11008.047
2022-12-22 10:04:00,11017.8,11014.933
2022-12-22 10:05:00,11019.5,11014.415
2022-12-22 10:06:00,11011.68,11009.58
2022-12-22 10:07:00,11017.2705,11014.5205
2022-12-22 10:08:00,11016.17,11010.416
2022-12-22 10:09:00,11014.42,11009.784
2022-12-22 10:10:00,11013.34,11012.235
2022-12-22 10:11:00,11025.12,11020.406
2022-12-22 10:12:00,11027.359,11018.584
2022-12-22 10:13:00,11031.82,11018.911
2022-12-22 10:14:00,11022.64,11012.897
2022-12-22 10:15:00,11017.28,11010.606
2022-12-22 10:16:00,11014.25,11006.749
2022-12-22 10:17:00,11004.5205,11003.995
2022-12-22 10:18:00,11008.859,11008.264
2022-12-22 10:19:00,11007.42,11007.851
2022-12-22 10:20:00,11009.529,11007.542
2022-12-22 10:21:00,11008.9,11007.926
2022-12-22 10:22:00,11010.529,11010.1875
2022-12-22 10:23:00,11006.391,11006.703
2022-12-22 10:24:00,11004.5,11005.936
2022-12-22 10:25:00,11000.88,10999.956
2022-12-22 10:26:00,10999.49,11000.621
2022-12-22 10:27:00,11006.44,11002.557
2022-12-22 10:28:00,10999.38,11000.038
2022-12-22 10:29:00,11005.0,11000.838
2022-12-22 10:30:00,11003.99,10992.617
2022-12-22 10:31:00,10993.851,10986.609
2022-12-22 10:32:00,10985.84,10990.273
2022-12-22 10:33:00,10988.171,10995.725
2022-12-22 10:34:00,10986.86,10991.926
2022-12-22 10:35:00,10984.59,10987.759
2022-12-22 10:36:00,10979.14,10982.089
2022-12-22 10:37:00,10978.609,10980.646
2022-12-22 10:38:00,10977.9,10972.271
2022-12-22 10:39:00,10980.34,10972.828
2022-12-22 10:40:00,10985.181,10978.8545
2022-12-22 10:41:00,10985.95,10984.846
2022-12-22 10:42:00,10990.15,10991.438
2022-12-22 10:43:00,10991.189,10991.903
2022-12-22 10:44:00,10990.69,10987.474
2022-12-22 10:45:00,10988.45,10986.637
2022-12-22 10:46:00,10987.94,10980.243
2022-12-22 10:47:00,10987.88,10973.22
2022-12-22 10:48:00,10983.88,10976.937
2022-12-22 10:49:00,10989.97,10986.591
2022-12-22 10:50:00,10993.88,10992.589
2022-12-22 10:51:00,10993.29,10990.061
2022-12-22 10:52:00,10993.41,10984.811
2022-12-22 10:53:00,10993.45,10987.768
2022-12-22 10:54:00,10991.51,10984.463
2022-12-22 10:55:00,10991.2,10986.622
2022-12-22 10:56:00,10990.71,10985.162
2022-12-22 10:57:00,10993.52,10986.532
2022-12-22 10:58:00,10995.561,10986.914
2022-12-22 10:59:00,10993.899,10985.159
2022-12-22 11:00:00,10996.12,10984.582
2022-12-22 11:01:00,10992.4795,10982.589
2022-12-22 11:02:00,10991.58,10983.266
2022-12-22 11:03:00,10987.2,10982.576
2022-12-22 11:04:00,10987.149,10977.059
2022-12-22 11:05:00,10993.74,10985.884
2022-12-22 11:06:00,10996.359,10995.831
2022-12-22 11:07:00,11008.82,10997.989
2022-12-22 11:08:00,11006.43,11001.466
2022-12-22 11:09:00,11002.511,11000.397
2022-12-22 11:10:00,11002.21,10997.168
2022-12-22 11:11:00,10996.699,10985.329
2022-12-22 11:12:00,10994.36,10980.912
2022-12-22 11:13:00,10990.85,10980.606
2022-12-22 11:14:00,10992.181,10983.419
2022-12-22 11:15:00,10991.21,10985.9375
2022-12-22 11:16:00,10994.989,10992.512
2022-12-22 11:17:00,10989.96,10989.837
2022-12-22 11:18:00,10988.12,10986.026
2022-12-22 11:19:00,10988.9,10977.27
2022-12-22 11:20:00,10981.57,10968.044
2022-12-22 11:21:00,10979.96,10964.233
2022-12-22 11:22:00,10975.811,10967.177
2022-12-22 11:23:00,10976.92,10967.76
2022-12-22 11:24:00,10972.78,10965.974
2022-12-22 11:25:00,10970.11,10959.898
2022-12-22 11:26:00,10967.06,10956.528
2022-12-22 11:27:00,10963.45,10950.266
2022-12-22 11:28:00,10963.55,10947.682
2022-12-22 11:29:00,10966.78,10948.935
2022-12-22 11:30:00,10965.25,10951.619
2022-12-22 13:01:00,10974.489,10957.784
2022-12-22 13:02:00,10975.5205,10968.29
2022-12-22 13:03:00,10985.359,10977.156
2022-12-22 13:04:00,10988.141,10984.255
2022-12-22 13:05:00,10992.56,10981.452
2022-12-22 13:06:00,10983.58,10981.619
2022-12-22 13:07:00,10978.57,10975.364
2022-12-22 13:08:00,10975.55,10971.469
2022-12-22 13:09:00,10972.78,10970.33
2022-12-22 13:10:00,10971.3,10970.886
2022-12-22 13:11:00,10972.5,10970.631
2022-12-22 13:12:00,10972.261,10976.224
2022-12-22 13:13:00,10970.73,10973.708
2022-12-22 13:14:00,10970.7295,10970.723
2022-12-22 13:15:00,10967.391,10966.806
2022-12-22 13:16:00,10965.49,10962.973
2022-12-22 13:17:00,10960.96,10964.571
2022-12-22 13:18:00,10961.99,10961.564
2022-12-22 13:19:00,10953.18,10965.213
2022-12-22 13:20:00,10951.561,10958.219
2022-12-22 13:21:00,10950.37,10950.609
2022-12-22 13:22:00,10953.14,10946.49
2022-12-22 13:23:00,10955.99,10944.259
2022-12-22 13:24:00,10958.19,10944.785
2022-12-22 13:25:00,10953.55,10951.315
2022-12-22 13:26:00,10944.96,10946.737
2022-12-22 13:27:00,10943.89,10954.299
2022-12-22 13:28:00,10946.829,10953.727
2022-12-22 13:29:00,10948.04,10945.76
2022-12-22 13:30:00,10947.12,10942.9375
2022-12-22 13:31:00,10946.38,10934.881
2022-12-22 13:32:00,10943.7705,10930.904
2022-12-22 13:33:00,10940.52,10926.099
2022-12-22 13:34:00,10945.29,10929.734
2022-12-22 13:35:00,10944.87,10939.414
2022-12-22 13:36:00,10938.59,10941.8
2022-12-22 13:37:00,10942.511,10950.791
2022-12-22 13:38:00,10944.39,10948.439
2022-12-22 13:39:00,10947.37,10943.073
2022-12-22 13:40:00,10947.391,10938.687
2022-12-22 13:41:00,10946.54,10936.275
2022-12-22 13:42:00,10945.319,10930.819
2022-12-22 13:43:00,10941.83,10932.525
2022-12-22 13:44:00,10937.88,10935.099
2022-12-22 13:45:00,10935.2295,10937.946
2022-12-22 13:46:00,10933.11,10939.567
2022-12-22 13:47:00,10925.88,10937.828
2022-12-22 13:48:00,10924.97,10936.084
2022-12-22 13:49:00,10928.721,10932.119
2022-12-22 13:50:00,10926.71,10930.588
2022-12-22 13:51:00,10925.74,10929.909
2022-12-22 13:52:00,10925.359,10930.416
2022-12-22 13:53:00,10924.561,10927.926
2022-12-22 13:54:00,10921.6,10924.563
2022-12-22 13:55:00,10919.58,10925.943
2022-12-22 13:56:00,10926.34,10930.807
2022-12-22 13:57:00,10925.81,10924.149
2022-12-22 13:58:00,10921.989,10917.784
2022-12-22 13:59:00,10918.84,10911.942
2022-12-22 14:00:00,10918.76,10907.826
2022-12-22 14:01:00,10909.029,10899.564
2022-12-22 14:02:00,10902.851,10904.643
2022-12-22 14:03:00,10908.96,10912.077
2022-12-22 14:04:00,10905.22,10908.257
2022-12-22 14:05:00,10900.659,10900.882
2022-12-22 14:06:00,10895.37,10897.862
2022-12-22 14:07:00,10896.14,10895.125
2022-12-22 14:08:00,10900.989,10892.882
2022-12-22 14:09:00,10899.2705,10891.56
2022-12-22 14:10:00,10895.7,10897.245
2022-12-22 14:11:00,10892.71,10894.566
2022-12-22 14:12:00,10887.801,10890.595
2022-12-22 14:13:00,10891.17,10889.509
2022-12-22 14:14:00,10885.5,10881.744
2022-12-22 14:15:00,10882.71,10885.389
2022-12-22 14:16:00,10888.0205,10893.197
2022-12-22 14:17:00,10900.01,10895.676
2022-12-22 14:18:00,10901.89,10895.653
2022-12-22 14:19:00,10900.961,10889.912
2022-12-22 14:20:00,10900.311,10887.138
2022-12-22 14:21:00,10894.37,10881.126
2022-12-22 14:22:00,10882.199,10877.335
2022-12-22 14:23:00,10878.82,10877.75
2022-12-22 14:24:00,10876.47,10878.803
2022-12-22 14:25:00,10877.17,10878.357
2022-12-22 14:26:00,10873.029,10872.668
2022-12-22 14:27:00,10871.62,10870.661
2022-12-22 14:28:00,10866.82,10865.079
2022-12-22 14:29:00,10861.88,10864.729
2022-12-22 14:30:00,10872.24,10871.824
2022-12-22 14:31:00,10871.98,10866.768
2022-12-22 14:32:00,10862.11,10861.934
2022-12-22 14:33:00,10859.56,10861.217
2022-12-22 14:34:00,10850.841,10857.634
2022-12-22 14:35:00,10849.08,10855.416
2022-12-22 14:36:00,10851.15,10848.607
2022-12-22 14:37:00,10850.6,10841.808
2022-12-22 14:38:00,10843.79,10840.49
2022-12-22 14:39:00,10840.97,10841.561
2022-12-22 14:40:00,10846.57,10848.879
2022-12-22 14:41:00,10846.33,10849.945
2022-12-22 14:42:00,10852.381,10849.695
2022-12-22 14:43:00,10853.8,10855.064
2022-12-22 14:44:00,10863.72,10865.175
2022-12-22 14:45:00,10864.55,10868.366
2022-12-22 14:46:00,10865.721,10869.187
2022-12-22 14:47:00,10874.76,10872.807
2022-12-22 14:48:00,10875.22,10869.528
2022-12-22 14:49:00,10868.7295,10868.285
2022-12-22 14:50:00,10867.079,10875.626
2022-12-22 14:51:00,10876.311,10879.908
2022-12-22 14:52:00,10879.91,10876.577
2022-12-22 14:53:00,10876.18,10872.224
2022-12-22 14:54:00,10876.47,10874.099
2022-12-22 14:55:00,10877.181,10878.182
2022-12-22 14:56:00,10877.38,10884.029
2022-12-22 14:57:00,10879.3,10887.95
2022-12-22 14:58:00,10879.77,10880.592
2022-12-22 14:59:00,10879.7705,10864.499
2022-12-22 15:00:00,10876.311,10846.925
2022-12-23 09:30:00,10811.57,10817.532
2022-12-23 09:31:00,10835.31,10835.553
2022-12-23 09:32:00,10826.609,10819.027
2022-12-23 09:33:00,10817.08,10814.409
2022-12-23 09:34:00,10816.29,10817.193
2022-12-23 09:35:00,10804.93,10809.355
2022-12-23 09:36:00,10824.4795,10811.134
2022-12-23 09:37:00,10829.71,10809.429
2022-12-23 09:38:00,10834.551,10813.274
2022-12-23 09:39:00,10841.13,10821.193
2022-12-23 09:40:00,10844.59,10825.697
2022-12-23 09:41:00,10836.199,10824.04
2022-12-23 09:42:00,10833.34,10821.742
2022-12-23 09:43:00,10822.13,10819.521
2022-12-23 09:44:00,10827.03,10826.566
2022-12-23 09:45:00,10842.35,10836.953
2022-12-23 09:46:00,10843.689,10833.936
2022-12-23 09:47:00,10835.739,10831.535
2022-12-23 09:48:00,10831.851,10833.053
2022-12-23 09:49:00,10823.88,10830.682
2022-12-23 09:50:00,10827.43,10838.022
2022-12-23 09:51:00,10847.34,10854.5205
2022-12-23 09:52:00,10866.4795,10863.674
2022-12-23 09:53:00,10868.761,10866.826
2022-12-23 09:54:00,10865.97,10861.56
2022-12-23 09:55:00,10859.19,10858.305
2022-12-23 09:56:00,10867.55,10859.309
2022-12-23 09:57:00,10878.699,10867.894
2022-12-23 09:58:00,10886.711,10875.967
2022-12-23 09:59:00,10888.431,10881.018
2022-12-23 10:00:00,10887.0,10890.122
2022-12-23 10:01:00,10907.18,10899.321
2022-12-23 10:02:00,10906.79,10898.408
2022-12-23 10:03:00,10908.83,10900.132
2022-12-23 10:04:00,10908.03,10903.353
2022-12-23 10:05:00,10907.66,10909.403
2022-12-23 10:06:00,10917.59,10912.563
2022-12-23 10:07:00,10906.6,10906.098
2022-12-23 10:08:00,10900.16,10899.884
2022-12-23 10:09:00,10897.029,10893.556
2022-12-23 10:10:00,10893.33,10888.722
2022-12-23 10:11:00,10899.5,10882.401
2022-12-23 10:12:00,10892.76,10876.808
2022-12-23 10:13:00,10875.56,10866.781
2022-12-23 10:14:00,10866.87,10862.94
2022-12-23 10:15:00,10870.069,10868.418
2022-12-23 10:16:00,10863.66,10856.28
2022-12-23 10:17:00,10854.98,10852.89
2022-12-23 10:18:00,10857.88,10857.431
2022-12-23 10:19:00,10856.83,10854.682
2022-12-23 10:20:00,10860.75,10865.969
2022-12-23 10:21:00,10874.62,10867.278
2022-12-23 10:22:00,10878.72,10868.276
2022-12-23 10:23:00,10879.2,10869.158
2022-12-23 10:24:00,10891.49,10881.676
2022-12-23 10:25:00,10895.25,10886.532
2022-12-23 10:26:00,10892.47,10893.076
2022-12-23 10:27:00,10902.43,10904.366
2022-12-23 10:28:00,10906.93,10904.271
2022-12-23 10:29:00,10901.75,10910.414
2022-12-23 10:30:00,10899.439,10909.14
2022-12-23 10:31:00,10901.551,10905.036
2022-12-23 10:32:00,10897.221,10898.852
2022-12-23 10:33:00,10890.46,10889.935
2022-12-23 10:34:00,10889.68,10888.063
2022-12-23 10:35:00,10891.359,10878.508
2022-12-23 10:36:00,10881.68,10874.256
2022-12-23 10:37:00,10880.949,10880.589
2022-12-23 10:38:00,10888.29,10891.424
2022-12-23 10:39:00,10894.61,10896.252
2022-12-23 10:40:00,10897.44,10897.228
2022-12-23 10:41:00,10898.65,10899.131
2022-12-23 10:42:00,10900.36,10898.118
2022-12-23 10:43:00,10896.77,10893.693
2022-12-23 10:44:00,10891.12,10894.536
2022-12-23 10:45:00,10890.46,10899.868
2022-12-23 10:46:00,10906.859,10909.17
2022-12-23 10:47:00,10902.69,10887.094
2022-12-23 10:48:00,10898.4,10881.404
2022-12-23 10:49:00,10891.181,10879.015
2022-12-23 10:50:00,10886.45,10876.37
2022-12-23 10:51:00,10880.3,10871.318
2022-12-23 10:52:00,10875.54,10863.442
2022-12-23 10:53:00,10872.399,10856.576
2022-12-23 10:54:00,10867.79,10856.56
2022-12-23 10:55:00,10866.21,10845.047
2022-12-23 10:56:00,10863.7295,10843.355
2022-12-23 10:57:00,10864.12,10843.262
2022-12-23 10:58:00,10858.011,10843.141
2022-12-23 10:59:00,10855.53,10842.209
2022-12-23 11:00:00,10853.5205,10839.8
2022-12-23 11:01:00,10857.3,10845.743
2022-12-23 11:02:00,10859.34,10842.611
2022-12-23 11:03:00,10860.14,10843.353
2022-12-23 11:04:00,10864.4795,10847.595
2022-12-23 11:05:00,10857.37,10842.53
2022-12-23 11:06:00,10859.96,10845.768
2022-12-23 11:07:00,10859.899,10846.013
2022-12-23 11:08:00,10863.529,10847.655
2022-12-23 11:09:00,10860.5,10846.364
2022-12-23 11:10:00,10860.131,10846.9795
2022-12-23 11:11:00,10859.16,10845.497
2022-12-23 11:12:00,10854.561,10843.104
2022-12-23 11:13:00,10854.78,10847.836
2022-12-23 11:14:00,10857.12,10849.755
2022-12-23 11:15:00,10855.75,10849.5625
2022-12-23 11:16:00,10857.05,10848.534
2022-12-23 11:17:00,10865.8,10854.982
2022-12-23 11:18:00,10867.75,10852.753
2022-12-23 11:19:00,10870.56,10861.441
2022-12-23 11:20:00,10870.779,10862.9795
2022-12-23 11:21:00,10881.279,10869.925
2022-12-23 11:22:00,10885.51,10876.629
2022-12-23 11:23:00,10882.689,10884.206
2022-12-23 11:24:00,10883.39,10890.688
2022-12-23 11:25:00,10890.881,10900.694
2022-12-23 11:26:00,10889.381,10897.51
2022-12-23 11:27:00,10891.851,10891.258
2022-12-23 11:28:00,10887.811,10879.73
2022-12-23 11:29:00,10883.94,10875.425
2022-12-23 11:30:00,10878.311,10872.954
2022-12-23 13:01:00,10871.44,10870.232
2022-12-23 13:02:00,10871.95,10868.595
2022-12-23 13:03:00,10866.99,10861.692
2022-12-23 13:04:00,10861.66,10857.53
2022-12-23 13:05:00,10856.76,10858.783
2022-12-23 13:06:00,10860.77,10863.381
2022-12-23 13:07:00,10862.34,10862.873
2022-12-23 13:08:00,10859.439,10863.383
2022-12-23 13:09:00,10858.8,10864.32
2022-12-23 13:10:00,10859.38,10862.676
2022-12-23 13:11:00,10858.359,10855.984
2022-12-23 13:12:00,10855.63,10857.318
2022-12-23 13:13:00,10858.54,10856.758
2022-12-23 13:14:00,10858.2295,10855.685
2022-12-23 13:15:00,10854.66,10848.844
2022-12-23 13:16:00,10854.84,10851.603
2022-12-23 13:17:00,10848.46,10851.789
2022-12-23 13:18:00,10851.17,10852.892
2022-12-23 13:19:00,10851.41,10849.972
2022-12-23 13:20:00,10850.14,10851.133
2022-12-23 13:21:00,10854.739,10850.503
2022-12-23 13:22:00,10848.819,10846.532
2022-12-23 13:23:00,10845.47,10840.538
2022-12-23 13:24:00,10844.18,10840.316
2022-12-23 13:25:00,10839.3,10841.057
2022-12-23 13:26:00,10844.0,10841.203
2022-12-23 13:27:00,10841.859,10839.379
2022-12-23 13:28:00,10839.649,10842.359
2022-12-23 13:29:00,10843.05,10844.664
2022-12-23 13:30:00,10848.55,10840.277
2022-12-23 13:31:00,10842.96,10829.669
2022-12-23 13:32:00,10839.159,10823.477
2022-12-23 13:33:00,10842.01,10829.491
2022-12-23 13:34:00,10846.67,10837.615
2022-12-23 13:35:00,10851.08,10848.513
2022-12-23 13:36:00,10848.489,10849.206
2022-12-23 13:37:00,10848.439,10846.16
2022-12-23 13:38:00,10847.68,10842.471
2022-12-23 13:39:00,10846.12,10844.083
2022-12-23 13:40:00,10846.33,10843.137
2022-12-23 13:41:00,10848.96,10847.733
2022-12-23 13:42:00,10849.67,10844.733
2022-12-23 13:43:00,10850.43,10846.613
2022-12-23 13:44:00,10852.109,10846.138
2022-12-23 13:45:00,10857.66,10850.278
2022-12-23 13:46:00,10857.43,10844.738
2022-12-23 13:47:00,10851.63,10843.942
2022-12-23 13:48:00,10852.39,10840.18
2022-12-23 13:49:00,10852.79,10839.118
2022-12-23 13:50:00,10846.74,10833.848
2022-12-23 13:51:00,10846.09,10836.768
2022-12-23 13:52:00,10842.04,10836.899
2022-12-23 13:53:00,10839.09,10836.097
2022-12-23 13:54:00,10840.47,10833.935
2022-12-23 13:55:00,10839.0205,10829.974
2022-12-23 13:56:00,10836.61,10830.19
2022-12-23 13:57:00,10839.0205,10830.482
2022-12-23 13:58:00,10837.5205,10830.587
2022-12-23 13:59:00,10838.05,10831.635
2022-12-23 14:00:00,10839.71,10834.176
2022-12-23 14:01:00,10845.891,10833.3125
2022-12-23 14:02:00,10842.36,10831.995
2022-12-23 14:03:00,10833.83,10830.154
2022-12-23 14:04:00,10829.83,10823.395
2022-12-23 14:05:00,10824.92,10824.209
2022-12-23 14:06:00,10828.949,10832.998
2022-12-23 14:07:00,10830.989,10829.787
2022-12-23 14:08:00,10830.609,10834.108
2022-12-23 14:09:00,10829.76,10828.437
2022-12-23 14:10:00,10823.96,10824.423
2022-12-23 14:11:00,10821.59,10816.047
2022-12-23 14:12:00,10817.939,10807.537
2022-12-23 14:13:00,10817.41,10805.734
2022-12-23 14:14:00,10816.88,10803.057
2022-12-23 14:15:00,10816.24,10808.091
2022-12-23 14:16:00,10810.44,10810.12
2022-12-23 14:17:00,10815.2,10813.842
2022-12-23 14:18:00,10816.07,10811.801
2022-12-23 14:19:00,10816.83,10816.497
2022-12-23 14:20:00,10816.87,10818.166
2022-12-23 14:21:00,10815.619,10806.178
2022-12-23 14:22:00,10810.83,10800.7295
2022-12-23 14:23:00,10812.89,10803.707
2022-12-23 14:24:00,10809.62,10800.809
2022-12-23 14:25:00,10806.24,10795.048
2022-12-23 14:26:00,10804.48,10793.998
2022-12-23 14:27:00,10802.75,10793.562
2022-12-23 14:28:00,10799.42,10787.939
2022-12-23 14:29:00,10795.03,10786.604
2022-12-23 14:30:00,10794.74,10788.08
2022-12-23 14:31:00,10807.471,10794.239
2022-12-23 14:32:00,10813.94,10796.941
2022-12-23 14:33:00,10810.58,10802.882
2022-12-23 14:34:00,10816.21,10808.132
2022-12-23 14:35:00,10823.45,10814.06
2022-12-23 14:36:00,10822.8,10806.786
2022-12-23 14:37:00,10825.18,10806.469
2022-12-23 14:38:00,10820.45,10805.092
2022-12-23 14:39:00,10821.25,10815.259
2022-12-23 14:40:00,10832.38,10821.622
2022-12-23 14:41:00,10831.49,10820.184
2022-12-23 14:42:00,10834.67,10822.195
2022-12-23 14:43:00,10833.51,10823.067
2022-12-23 14:44:00,10833.02,10820.3
2022-12-23 14:45:00,10832.22,10823.512
2022-12-23 14:46:00,10832.689,10826.073
2022-12-23 14:47:00,10835.97,10831.821
2022-12-23 14:48:00,10839.68,10830.291
2022-12-23 14:49:00,10842.32,10834.463
2022-12-23 14:50:00,10843.29,10834.957
2022-12-23 14:51:00,10842.01,10837.707
2022-12-23 14:52:00,10840.96,10836.152
2022-12-23 14:53:00,10844.66,10835.553
2022-12-23 14:54:00,10844.03,10836.851
2022-12-23 14:55:00,10845.33,10836.604
2022-12-23 14:56:00,10847.48,10841.632
2022-12-23 14:57:00,10850.63,10841.636
2022-12-23 14:58:00,10850.69,10841.4795
2022-12-23 14:59:00,10850.689,10843.913
2022-12-23 15:00:00,10849.64,10847.535
2022-12-26 09:30:00,10858.33,10862.595
2022-12-26 09:31:00,10885.93,10870.688
2022-12-26 09:32:00,10884.08,10866.084
2022-12-26 09:33:00,10880.11,10867.842
2022-12-26 09:34:00,10870.62,10862.673
2022-12-26 09:35:00,10882.88,10866.102
2022-12-26 09:36:00,10882.87,10862.457
2022-12-26 09:37:00,10878.46,10868.006
2022-12-26 09:38:00,10887.21,10874.807
2022-12-26 09:39:00,10892.62,10878.115
2022-12-26 09:40:00,10898.511,10878.846
2022-12-26 09:41:00,10888.87,10878.473
2022-12-26 09:42:00,10888.88,10877.744
2022-12-26 09:43:00,10889.72,10878.485
2022-12-26 09:44:00,10885.36,10876.3125
2022-12-26 09:45:00,10895.66,10879.062
2022-12-26 09:46:00,10889.23,10873.171
2022-12-26 09:47:00,10885.24,10876.244
2022-12-26 09:48:00,10900.5,10879.611
2022-12-26 09:49:00,10887.96,10881.972
2022-12-26 09:50:00,10891.77,10881.015
2022-12-26 09:51:00,10892.03,10879.334
2022-12-26 09:52:00,10900.69,10881.067
2022-12-26 09:53:00,10891.69,10873.843
2022-12-26 09:54:00,10885.64,10872.514
2022-12-26 09:55:00,10891.16,10885.697
2022-12-26 09:56:00,10897.35,10883.716
2022-12-26 09:57:00,10913.63,10893.993
2022-12-26 09:58:00,10915.61,10890.792
2022-12-26 09:59:00,10914.921,10895.067
2022-12-26 10:00:00,10925.42,10908.453
2022-12-26 10:01:00,10930.109,10916.998
2022-12-26 10:02:00,10924.96,10924.155
2022-12-26 10:03:00,10940.38,10934.238
2022-12-26 10:04:00,10941.931,10935.631
2022-12-26 10:05:00,10942.42,10937.785
2022-12-26 10:06:00,10945.88,10932.169
2022-12-26 10:07:00,10938.77,10923.148
2022-12-26 10:08:00,10933.78,10920.787
2022-12-26 10:09:00,10942.58,10926.08
2022-12-26 10:10:00,10944.67,10927.545
2022-12-26 10:11:00,10944.8,10932.576
2022-12-26 10:12:00,10949.0,10935.009
2022-12-26 10:13:00,10958.34,10942.472
2022-12-26 10:14:00,10963.17,10943.805
2022-12-26 10:15:00,10956.42,10946.022
2022-12-26 10:16:00,10953.399,10947.621
2022-12-26 10:17:00,10958.02,10944.593
2022-12-26 10:18:00,10953.12,10941.718
2022-12-26 10:19:00,10947.82,10939.753
2022-12-26 10:20:00,10949.4795,10938.218
2022-12-26 10:21:00,10948.62,10934.845
2022-12-26 10:22:00,10947.26,10927.175
2022-12-26 10:23:00,10942.25,10921.887
2022-12-26 10:24:00,10943.391,10919.255
2022-12-26 10:25:00,10941.55,10918.529
2022-12-26 10:26:00,10936.47,10914.119
2022-12-26 10:27:00,10933.94,10915.763
2022-12-26 10:28:00,10931.86,10919.651
2022-12-26 10:29:00,10939.54,10925.088
2022-12-26 10:30:00,10944.71,10931.455
2022-12-26 10:31:00,10949.57,10935.825
2022-12-26 10:32:00,10943.551,10941.746
2022-12-26 10:33:00,10949.21,10938.987
2022-12-26 10:34:00,10950.359,10941.148
2022-12-26 10:35:00,10954.88,10938.2
2022-12-26 10:36:00,10964.16,10935.394
2022-12-26 10:37:00,10960.891,10935.255
2022-12-26 10:38:00,10965.4795,10937.356
2022-12-26 10:39:00,10965.9,10944.625
2022-12-26 10:40:00,10970.03,10950.325
2022-12-26 10:41:00,10971.101,10953.097
2022-12-26 10:42:00,10967.87,10957.654
2022-12-26 10:43:00,10967.79,10959.6455
2022-12-26 10:44:00,10971.87,10963.968
2022-12-26 10:45:00,10975.44,10959.139
2022-12-26 10:46:00,10972.949,10956.226
2022-12-26 10:47:00,10975.04,10961.299
2022-12-26 10:48:00,10973.13,10968.292
2022-12-26 10:49:00,10980.591,10962.34
2022-12-26 10:50:00,10977.109,10959.669
2022-12-26 10:51:00,10972.93,10958.807
2022-12-26 10:52:00,10972.3,10958.291
2022-12-26 10:53:00,10976.351,10963.614
2022-12-26 10:54:00,10982.43,10966.263
2022-12-26 10:55:00,10986.92,10968.656
2022-12-26 10:56:00,10990.08,10972.058
2022-12-26 10:57:00,10985.1,10977.36
2022-12-26 10:58:00,10988.75,10986.223
2022-12-26 10:59:00,10994.79,10984.446
2022-12-26 11:00:00,10994.851,10981.739
2022-12-26 11:01:00,10987.199,10974.01
2022-12-26 11:02:00,10980.61,10969.224
2022-12-26 11:03:00,10979.99,10967.265
2022-12-26 11:04:00,10979.7705,10961.447
2022-12-26 11:05:00,10972.58,10958.318
2022-12-26 11:06:00,10979.35,10960.834
2022-12-26 11:07:00,10979.61,10958.202
2022-12-26 11:08:00,10978.659,10958.293
2022-12-26 11:09:00,10984.71,10964.054
2022-12-26 11:10:00,10981.69,10961.335
2022-12-26 11:11:00,10981.819,10965.744
2022-12-26 11:12:00,10978.9795,10964.731
2022-12-26 11:13:00,10975.75,10964.124
2022-12-26 11:14:00,10974.15,10961.017
2022-12-26 11:15:00,10973.67,10957.443
2022-12-26 11:16:00,10970.81,10951.566
2022-12-26 11:17:00,10972.24,10952.829
2022-12-26 11:18:00,10976.689,10949.889
2022-12-26 11:19:00,10976.27,10948.283
2022-12-26 11:20:00,10971.9,10949.638
2022-12-26 11:21:00,10971.619,10949.509
2022-12-26 11:22:00,10969.4795,10954.365
2022-12-26 11:23:00,10970.63,10953.886
2022-12-26 11:24:00,10971.49,10955.405
2022-12-26 11:25:00,10971.029,10952.213
2022-12-26 11:26:00,10971.04,10959.925
2022-12-26 11:27:00,10973.29,10966.092
2022-12-26 11:28:00,10975.699,10967.363
2022-12-26 11:29:00,10975.26,10964.968
2022-12-26 11:30:00,10966.16,10962.944
2022-12-26 13:01:00,10974.3,10959.141
2022-12-26 13:02:00,10971.23,10948.372
2022-12-26 13:03:00,10968.94,10941.286
2022-12-26 13:04:00,10969.489,10940.756
2022-12-26 13:05:00,10965.21,10943.885
2022-12-26 13:06:00,10969.84,10951.036
2022-12-26 13:07:00,10963.119,10948.418
2022-12-26 13:08:00,10959.91,10948.426
2022-12-26 13:09:00,10961.88,10946.401
2022-12-26 13:10:00,10961.25,10946.701
2022-12-26 13:11:00,10961.06,10945.994
2022-12-26 13:12:00,10962.801,10945.981
2022-12-26 13:13:00,10961.489,10944.769
2022-12-26 13:14:00,10962.14,10948.239
2022-12-26 13:15:00,10964.66,10953.338
2022-12-26 13:16:00,10967.42,10956.864
2022-12-26 13:17:00,10966.72,10954.68
2022-12-26 13:18:00,10966.48,10952.27
2022-12-26 13:19:00,10965.89,10947.576
2022-12-26 13:20:00,10968.18,10946.514
2022-12-26 13:21:00,10969.94,10947.325
2022-12-26 13:22:00,10970.689,10947.95
2022-12-26 13:23:00,10972.94,10949.989
2022-12-26 13:24:00,10978.29,10956.473
2022-12-26 13:25:00,10977.14,10954.96
2022-12-26 13:26:00,10975.21,10956.68
2022-12-26 13:27:00,10972.04,10955.964
2022-12-26 13:28:00,10966.12,10950.761
2022-12-26 13:29:00,10966.38,10950.64
2022-12-26 13:30:00,10964.68,10948.761
2022-12-26 13:31:00,10962.99,10950.462
2022-12-26 13:32:00,10964.17,10949.523
2022-12-26 13:33:00,10967.29,10946.867
2022-12-26 13:34:00,10964.29,10944.894
2022-12-26 13:35:00,10964.149,10945.617
2022-12-26 13:36:00,10964.2,10947.218
2022-12-26 13:37:00,10965.32,10945.678
2022-12-26 13:38:00,10967.569,10944.039
2022-12-26 13:39:00,10965.38,10943.256
2022-12-26 13:40:00,10966.65,10946.5625
2022-12-26 13:41:00,10967.609,10949.734
2022-12-26 13:42:00,10967.851,10950.138
2022-12-26 13:43:00,10965.7295,10949.99
2022-12-26 13:44:00,10967.18,10947.374
2022-12-26 13:45:00,10963.28,10945.189
2022-12-26 13:46:00,10957.47,10941.13
2022-12-26 13:47:00,10956.48,10940.08
2022-12-26 13:48:00,10956.71,10940.429
2022-12-26 13:49:00,10955.71,10934.48
2022-12-26 13:50:00,10957.69,10937.169
2022-12-26 13:51:00,10957.83,10939.984
2022-12-26 13:52:00,10956.5,10935.996
2022-12-26 13:53:00,10958.31,10932.749
2022-12-26 13:54:00,10960.88,10937.154
2022-12-26 13:55:00,10963.101,10939.65
2022-12-26 13:56:00,10965.81,10949.102
2022-12-26 13:57:00,10965.811,10955.307
2022-12-26 13:58:00,10965.17,10956.343
2022-12-26 13:59:00,10964.35,10951.73
2022-12-26 14:00:00,10963.091,10949.342
2022-12-26 14:01:00,10960.53,10945.801
2022-12-26 14:02:00,10964.66,10935.257
2022-12-26 14:03:00,10960.51,10931.637
2022-12-26 14:04:00,10960.061,10946.074
2022-12-26 14:05:00,10961.93,10953.747
2022-12-26 14:06:00,10965.29,10955.769
2022-12-26 14:07:00,10968.11,10955.299
2022-12-26 14:08:00,10968.41,10959.78
2022-12-26 14:09:00,10971.69,10959.43
2022-12-26 14:10:00,10973.59,10960.933
2022-12-26 14:11:00,10971.25,10960.808
2022-12-26 14:12:00,10972.05,10962.474
2022-12-26 14:13:00,10971.7295,10955.785
2022-12-26 14:14:00,10972.681,10951.948
2022-12-26 14:15:00,10977.35,10951.696
2022-12-26 14:16:00,10976.261,10953.421
2022-12-26 14:17:00,10976.359,10953.084
2022-12-26 14:18:00,10977.391,10962.085
2022-12-26 14:19:00,10979.989,10966.851
2022-12-26 14:20:00,10980.78,10962.268
2022-12-26 14:21:00,10978.779,10957.058
2022-12-26 14:22:00,10978.86,10954.81
2022-12-26 14:23:00,10979.08,10957.447
2022-12-26 14:24:00,10981.439,10956.098
2022-12-26 14:25:00,10980.98,10960.935
2022-12-26 14:26:00,10983.27,10966.2295
2022-12-26 14:27:00,10984.86,10966.15
2022-12-26 14:28:00,10982.42,10964.119
2022-12-26 14:29:00,10982.51,10961.752
2022-12-26 14:30:00,10982.72,10951.837
2022-12-26 14:31:00,10975.05,10949.194
2022-12-26 14:32:00,10972.75,10951.402
2022-12-26 14:33:00,10973.14,10953.062
2022-12-26 14:34:00,10970.671,10947.564
2022-12-26 14:35:00,10968.88,10944.96
2022-12-26 14:36:00,10962.53,10941.501
2022-12-26 14:37:00,10968.64,10943.342
2022-12-26 14:38:00,10968.17,10937.274
2022-12-26 14:39:00,10970.64,10930.456
2022-12-26 14:40:00,10970.17,10934.765
2022-12-26 14:41:00,10969.37,10934.898
2022-12-26 14:42:00,10970.01,10941.664
2022-12-26 14:43:00,10971.01,10945.046
2022-12-26 14:44:00,10968.931,10950.015
2022-12-26 14:45:00,10972.34,10954.795
2022-12-26 14:46:00,10971.94,10948.974
2022-12-26 14:47:00,10971.67,10947.407
2022-12-26 14:48:00,10972.61,10946.592
2022-12-26 14:49:00,10970.489,10942.606
2022-12-26 14:50:00,10969.74,10947.749
2022-12-26 14:51:00,10967.92,10946.513
2022-12-26 14:52:00,10967.141,10953.616
2022-12-26 14:53:00,10970.96,10955.212
2022-12-26 14:54:00,10971.811,10950.474
2022-12-26 14:55:00,10972.399,10946.501
2022-12-26 14:56:00,10977.48,10946.279
2022-12-26 14:57:00,10979.5,10946.272
2022-12-26 14:58:00,10979.601,10948.485
2022-12-26 14:59:00,10979.6,10955.552
2022-12-26 15:00:00,10978.99,10970.329
2022-12-27 09:30:00,11010.93,10990.173
2022-12-27 09:31:00,11014.7705,10985.218
2022-12-27 09:32:00,11013.04,10986.324
2022-12-27 09:33:00,11006.29,10995.784
2022-12-27 09:34:00,11020.85,11002.984
2022-12-27 09:35:00,11017.83,10998.7
2022-12-27 09:36:00,11017.34,10994.522
2022-12-27 09:37:00,11009.53,10992.44
2022-12-27 09:38:00,11017.189,10994.343
2022-12-27 09:39:00,11012.49,10988.36
2022-12-27 09:40:00,11014.18,10988.454
2022-12-27 09:41:00,11018.2705,11003.138
2022-12-27 09:42:00,11018.09,11006.061
2022-12-27 09:43:00,11017.0,11007.496
2022-12-27 09:44:00,11021.71,11005.814
2022-12-27 09:45:00,11016.449,10998.0
2022-12-27 09:46:00,11013.68,10991.477
2022-12-27 09:47:00,11003.31,10988.799
2022-12-27 09:48:00,11000.59,10985.597
2022-12-27 09:49:00,11007.319,10990.086
2022-12-27 09:50:00,11019.84,10997.308
2022-12-27 09:51:00,11021.02,10996.094
2022-12-27 09:52:00,11014.57,10990.884
2022-12-27 09:53:00,11014.28,10989.869
2022-12-27 09:54:00,11006.36,10986.621
2022-12-27 09:55:00,11002.3,10988.91
2022-12-27 09:56:00,11018.18,11001.836
2022-12-27 09:57:00,11025.42,11002.88
2022-12-27 09:58:00,11030.56,10997.988
2022-12-27 09:59:00,11024.32,10997.2705
2022-12-27 10:00:00,11022.2,11004.044
2022-12-27 10:01:00,11025.36,11006.492
2022-12-27 10:02:00,11031.37,11018.583
2022-12-27 10:03:00,11040.891,11027.197
2022-12-27 10:04:00,11045.04,11034.0625
2022-12-27 10:05:00,11051.79,11042.46
2022-12-27 10:06:00,11050.92,11048.35
2022-12-27 10:07:00,11045.92,11051.852
2022-12-27 10:08:00,11042.641,11047.138
2022-12-27 10:09:00,11042.64,11040.95
2022-12-27 10:10:00,11047.95,11029.536
2022-12-27 10:11:00,11043.01,11018.373
2022-12-27 10:12:00,11035.439,11017.529
2022-12-27 10:13:00,11032.79,11014.829
2022-12-27 10:14:00,11035.54,11022.527
2022-12-27 10:15:00,11033.681,11016.608
2022-12-27 10:16:00,11029.25,11015.441
2022-12-27 10:17:00,11029.76,11015.019
2022-12-27 10:18:00,11031.92,11015.45
2022-12-27 10:19:00,11031.37,11013.797
2022-12-27 10:20:00,11029.63,11010.752
2022-12-27 10:21:00,11031.9795,11010.574
2022-12-27 10:22:00,11033.37,11011.7705
2022-12-27 10:23:00,11032.38,11010.935
2022-12-27 10:24:00,11027.8,11012.145
2022-12-27 10:25:00,11027.09,11015.197
2022-12-27 10:26:00,11024.74,11013.775
2022-12-27 10:27:00,11025.87,11011.177
2022-12-27 10:28:00,11031.73,11011.17
2022-12-27 10:29:00,11033.91,11013.27
2022-12-27 10:30:00,11033.99,11011.301
2022-12-27 10:31:00,11034.5,11013.943
2022-12-27 10:32:00,11032.159,11015.401
2022-12-27 10:33:00,11030.95,11014.908
2022-12-27 10:34:00,11030.58,11012.951
2022-12-27 10:35:00,11028.33,11013.294
2022-12-27 10:36:00,11037.67,11019.105
2022-12-27 10:37:00,11040.239,11024.559
2022-12-27 10:38:00,11042.54,11025.73
2022-12-27 10:39:00,11040.6,11028.267
2022-12-27 10:40:00,11040.721,11030.01
2022-12-27 10:41:00,11035.55,11028.414
2022-12-27 10:42:00,11035.12,11025.506
2022-12-27 10:43:00,11036.051,11031.401
2022-12-27 10:44:00,11037.35,11031.76
2022-12-27 10:45:00,11038.659,11029.632
2022-12-27 10:46:00,11036.26,11022.37
2022-12-27 10:47:00,11033.17,11020.839
2022-12-27 10:48:00,11033.221,11013.516
2022-12-27 10:49:00,11032.26,11013.974
2022-12-27 10:50:00,11034.37,11017.274
2022-12-27 10:51:00,11037.091,11019.909
2022-12-27 10:52:00,11039.1,11020.51
2022-12-27 10:53:00,11038.43,11023.589
2022-12-27 10:54:00,11039.801,11027.182
2022-12-27 10:55:00,11039.81,11029.471
2022-12-27 10:56:00,11041.71,11028.342
2022-12-27 10:57:00,11042.46,11028.387
2022-12-27 10:58:00,11046.39,11024.474
2022-12-27 10:59:00,11042.83,11019.542
2022-12-27 11:00:00,11038.311,11013.035
2022-12-27 11:01:00,11031.35,11007.585
2022-12-27 11:02:00,11026.439,11003.743
2022-12-27 11:03:00,11023.24,11006.544
2022-12-27 11:04:00,11023.87,11013.519
2022-12-27 11:05:00,11026.699,11015.273
2022-12-27 11:06:00,11026.92,11016.892
2022-12-27 11:07:00,11029.66,11016.804
2022-12-27 11:08:00,11031.55,11015.952
2022-12-27 11:09:00,11034.311,11016.469
2022-12-27 11:10:00,11036.939,11016.03
2022-12-27 11:11:00,11037.159,11016.365
2022-12-27 11:12:00,11034.69,11018.761
2022-12-27 11:13:00,11034.84,11026.602
2022-12-27 11:14:00,11040.279,11032.017
2022-12-27 11:15:00,11042.61,11030.043
2022-12-27 11:16:00,11044.59,11031.316
2022-12-27 11:17:00,11042.21,11032.87
2022-12-27 11:18:00,11046.351,11035.231
2022-12-27 11:19:00,11048.99,11035.513
2022-12-27 11:20:00,11049.91,11034.015
2022-12-27 11:21:00,11051.931,11031.584
2022-12-27 11:22:00,11055.55,11036.298
2022-12-27 11:23:00,11057.84,11040.387
2022-12-27 11:24:00,11057.07,11042.656
2022-12-27 11:25:00,11059.68,11050.066
2022-12-27 11:26:00,11063.67,11051.361
2022-12-27 11:27:00,11066.13,11046.818
2022-12-27 11:28:00,11069.061,11052.01
2022-12-27 11:29:00,11072.67,11054.536
2022-12-27 11:30:00,11072.439,11061.265
2022-12-27 13:01:00,11070.2705,11061.483
2022-12-27 13:02:00,11077.61,11070.246
2022-12-27 13:03:00,11079.25,11068.788
2022-12-27 13:04:00,11081.091,11068.732
2022-12-27 13:05:00,11080.601,11064.264
2022-12-27 13:06:00,11084.22,11066.032
2022-12-27 13:07:00,11081.39,11064.202
2022-12-27 13:08:00,11081.561,11064.178
2022-12-27 13:09:00,11080.92,11074.103
2022-12-27 13:10:00,11083.04,11075.867
2022-12-27 13:11:00,11089.359,11076.093
2022-12-27 13:12:00,11086.66,11072.136
2022-12-27 13:13:00,11085.61,11069.748
2022-12-27 13:14:00,11090.779,11074.522
2022-12-27 13:15:00,11093.75,11079.76
2022-12-27 13:16:00,11095.0205,11081.31
2022-12-27 13:17:00,11095.36,11085.698
2022-12-27 13:18:00,11097.35,11087.702
2022-12-27 13:19:00,11092.23,11078.786
2022-12-27 13:20:00,11089.66,11073.349
2022-12-27 13:21:00,11093.439,11067.073
2022-12-27 13:22:00,11090.76,11056.311
2022-12-27 13:23:00,11082.88,11050.784
2022-12-27 13:24:00,11083.89,11052.305
2022-12-27 13:25:00,11083.319,11059.807
2022-12-27 13:26:00,11078.649,11061.051
2022-12-27 13:27:00,11080.601,11069.035
2022-12-27 13:28:00,11086.11,11072.912
2022-12-27 13:29:00,11087.0,11072.008
2022-12-27 13:30:00,11085.239,11069.496
2022-12-27 13:31:00,11084.0,11067.27
2022-12-27 13:32:00,11087.45,11070.19
2022-12-27 13:33:00,11087.89,11071.297
2022-12-27 13:34:00,11091.93,11075.513
2022-12-27 13:35:00,11093.601,11081.151
2022-12-27 13:36:00,11096.89,11079.638
2022-12-27 13:37:00,11102.72,11077.263
2022-12-27 13:38:00,11100.609,11072.542
2022-12-27 13:39:00,11097.58,11073.14
2022-12-27 13:40:00,11095.141,11072.418
2022-12-27 13:41:00,11092.97,11071.504
2022-12-27 13:42:00,11093.08,11071.69
2022-12-27 13:43:00,11094.86,11066.073
2022-12-27 13:44:00,11095.44,11065.607
2022-12-27 13:45:00,11098.07,11065.72
2022-12-27 13:46:00,11102.22,11071.664
2022-12-27 13:47:00,11105.369,11076.9795
2022-12-27 13:48:00,11108.061,11082.279
2022-12-27 13:49:00,11109.24,11086.283
2022-12-27 13:50:00,11110.2,11089.0625
2022-12-27 13:51:00,11109.38,11085.006
2022-12-27 13:52:00,11102.34,11081.874
2022-12-27 13:53:00,11104.09,11078.948
2022-12-27 13:54:00,11105.2,11076.1045
2022-12-27 13:55:00,11106.71,11080.692
2022-12-27 13:56:00,11104.47,11079.85
2022-12-27 13:57:00,11103.05,11083.246
2022-12-27 13:58:00,11094.94,11078.68
2022-12-27 13:59:00,11091.101,11074.47
2022-12-27 14:00:00,11091.67,11069.1875
2022-12-27 14:01:00,11090.91,11062.203
2022-12-27 14:02:00,11091.06,11057.645
2022-12-27 14:03:00,11092.32,11064.499
2022-12-27 14:04:00,11091.55,11072.968
2022-12-27 14:05:00,11091.49,11080.495
2022-12-27 14:06:00,11092.72,11078.023
2022-12-27 14:07:00,11094.529,11076.289
2022-12-27 14:08:00,11096.95,11085.716
2022-12-27 14:09:00,11097.7705,11079.202
2022-12-27 14:10:00,11097.11,11074.856
2022-12-27 14:11:00,11093.6,11069.795
2022-12-27 14:12:00,11094.699,11069.249
2022-12-27 14:13:00,11095.761,11068.606
2022-12-27 14:14:00,11096.971,11074.64
2022-12-27 14:15:00,11099.16,11079.949
2022-12-27 14:16:00,11097.41,11080.082
2022-12-27 14:17:00,11098.97,11077.304
2022-12-27 14:18:00,11099.39,11080.0205
2022-12-27 14:19:00,11099.49,11081.3125
2022-12-27 14:20:00,11102.851,11081.202
2022-12-27 14:21:00,11100.09,11079.649
2022-12-27 14:22:00,11100.38,11081.462
2022-12-27 14:23:00,11101.0,11091.437
2022-12-27 14:24:00,11104.68,11098.099
2022-12-27 14:25:00,11107.619,11099.241
2022-12-27 14:26:00,11108.46,11098.128
2022-12-27 14:27:00,11109.66,11093.102
2022-12-27 14:28:00,11108.18,11091.905
2022-12-27 14:29:00,11107.16,11090.692
2022-12-27 14:30:00,11106.56,11092.354
2022-12-27 14:31:00,11104.069,11092.021
2022-12-27 14:32:00,11108.881,11096.571
2022-12-27 14:33:00,11107.83,11097.171
2022-12-27 14:34:00,11109.12,11095.524
2022-12-27 14:35:00,11110.68,11095.396
2022-12-27 14:36:00,11106.96,11091.511
2022-12-27 14:37:00,11109.83,11090.983
2022-12-27 14:38:00,11112.47,11093.386
2022-12-27 14:39:00,11113.511,11096.206
2022-12-27 14:40:00,11114.011,11098.931
2022-12-27 14:41:00,11111.601,11098.911
2022-12-27 14:42:00,11113.25,11099.421
2022-12-27 14:43:00,11112.61,11099.733
2022-12-27 14:44:00,11113.8,11096.675
2022-12-27 14:45:00,11114.35,11094.927
2022-12-27 14:46:00,11115.54,11090.169
2022-12-27 14:47:00,11110.29,11084.854
2022-12-27 14:48:00,11111.33,11092.662
2022-12-27 14:49:00,11109.5,11095.925
2022-12-27 14:50:00,11107.01,11097.986
2022-12-27 14:51:00,11103.87,11096.771
2022-12-27 14:52:00,11103.59,11100.137
2022-12-27 14:53:00,11105.93,11098.358
2022-12-27 14:54:00,11105.85,11100.562
2022-12-27 14:55:00,11106.6,11101.591
2022-12-27 14:56:00,11104.171,11096.315
2022-12-27 14:57:00,11106.5,11099.188
2022-12-27 14:58:00,11107.59,11102.705
2022-12-27 14:59:00,11107.59,11093.989
2022-12-27 15:00:00,11106.5,11073.137
2022-12-28 09:30:00,11055.06,11041.0
2022-12-28 09:31:00,11031.87,11024.241
2022-12-28 09:32:00,11023.939,11015.905
2022-12-28 09:33:00,11020.46,11006.883
2022-12-28 09:34:00,11020.88,11001.025
2022-12-28 09:35:00,11021.67,10995.841
2022-12-28 09:36:00,11023.45,10996.687
2022-12-28 09:37:00,11009.19,10993.959
2022-12-28 09:38:00,11012.28,11001.729
2022-12-28 09:39:00,11018.72,11000.902
2022-12-28 09:40:00,11018.97,10995.145
2022-12-28 09:41:00,11011.5,10994.486
2022-12-28 09:42:00,11001.14,10989.579
2022-12-28 09:43:00,11001.46,10984.979
2022-12-28 09:44:00,11000.7295,10975.064
2022-12-28 09:45:00,11000.569,10977.81
2022-12-28 09:46:00,10995.5,10982.272
2022-12-28 09:47:00,10992.869,10982.894
2022-12-28 09:48:00,10994.26,10978.728
2022-12-28 09:49:00,10986.471,10971.48
2022-12-28 09:50:00,10984.881,10969.799
2022-12-28 09:51:00,10981.96,10962.843
2022-12-28 09:52:00,10976.74,10960.686
2022-12-28 09:53:00,10986.32,10966.923
2022-12-28 09:54:00,10992.76,10972.411
2022-12-28 09:55:00,10991.55,10976.512
2022-12-28 09:56:00,11001.64,10980.929
2022-12-28 09:57:00,10999.65,10977.289
2022-12-28 09:58:00,11004.57,10982.114
2022-12-28 09:59:00,11001.3,10980.562
2022-12-28 10:00:00,10999.01,10979.843
2022-12-28 10:01:00,10997.63,10977.642
2022-12-28 10:02:00,10999.06,10983.746
2022-12-28 10:03:00,11001.49,10987.662
2022-12-28 10:04:00,11004.51,10993.935
2022-12-28 10:05:00,11007.33,10995.37
2022-12-28 10:06:00,11015.31,10995.685
2022-12-28 10:07:00,11007.659,10983.451
2022-12-28 10:08:00,11008.569,10980.453
2022-12-28 10:09:00,11007.06,10983.432
2022-12-28 10:10:00,11015.92,10994.368
2022-12-28 10:11:00,11019.75,10997.944
2022-12-28 10:12:00,11017.131,11000.446
2022-12-28 10:13:00,11019.101,11005.192
2022-12-28 10:14:00,11016.61,11003.528
2022-12-28 10:15:00,11015.7705,10996.881
2022-12-28 10:16:00,11007.141,10988.645
2022-12-28 10:17:00,11008.92,10986.786
2022-12-28 10:18:00,11005.051,10980.6875
2022-12-28 10:19:00,11008.38,10980.374
2022-12-28 10:20:00,11003.311,10983.943
2022-12-28 10:21:00,11008.24,11000.261
2022-12-28 10:22:00,11010.99,11004.215
2022-12-28 10:23:00,11018.29,11003.626
2022-12-28 10:24:00,11016.641,11003.917
2022-12-28 10:25:00,11016.49,11010.901
2022-12-28 10:26:00,11020.11,11014.567
2022-12-28 10:27:00,11033.15,11012.685
2022-12-28 10:28:00,11026.16,11008.974
2022-12-28 10:29:00,11026.94,11007.704
2022-12-28 10:30:00,11031.03,11011.507
2022-12-28 10:31:00,11026.721,11005.629
2022-12-28 10:32:00,11031.61,11007.365
2022-12-28 10:33:00,11030.71,11004.293
2022-12-28 10:34:00,11024.38,11002.058
2022-12-28 10:35:00,11024.09,11003.293
2022-12-28 10:36:00,11020.891,11004.348
2022-12-28 10:37:00,11020.29,11003.712
2022-12-28 10:38:00,11022.94,11003.664
2022-12-28 10:39:00,11022.091,11001.369
2022-12-28 10:40:00,11026.49,11003.672
2022-12-28 10:41:00,11019.16,11001.441
2022-12-28 10:42:00,11018.83,10996.558
2022-12-28 10:43:00,11019.53,10994.856
2022-12-28 10:44:00,11018.63,10993.794
2022-12-28 10:45:00,11018.069,10991.98
2022-12-28 10:46:00,11014.93,10994.85
2022-12-28 10:47:00,11015.989,11001.368
2022-12-28 10:48:00,11015.58,11002.031
2022-12-28 10:49:00,11022.199,11008.369
2022-12-28 10:50:00,11021.56,11005.01
2022-12-28 10:51:00,11018.109,10999.996
2022-12-28 10:52:00,11019.97,10997.814
2022-12-28 10:53:00,11025.26,11002.601
2022-12-28 10:54:00,11035.4795,11004.746
2022-12-28 10:55:00,11031.3,11003.051
2022-12-28 10:56:00,11031.87,11007.137
2022-12-28 10:57:00,11036.7,11010.659
2022-12-28 10:58:00,11036.07,11010.095
2022-12-28 10:59:00,11038.09,11010.2295
2022-12-28 11:00:00,11036.46,11007.373
2022-12-28 11:01:00,11038.63,11006.686
2022-12-28 11:02:00,11039.13,11014.417
2022-12-28 11:03:00,11035.78,11027.25
2022-12-28 11:04:00,11039.2,11026.129
2022-12-28 11:05:00,11035.53,11021.399
2022-12-28 11:06:00,11038.35,11018.428
2022-12-28 11:07:00,11040.81,11014.026
2022-12-28 11:08:00,11040.76,11011.668
2022-12-28 11:09:00,11035.46,11009.2
2022-12-28 11:10:00,11037.92,11013.919
2022-12-28 11:11:00,11042.99,11016.905
2022-12-28 11:12:00,11041.32,11015.221
2022-12-28 11:13:00,11043.07,11023.997
2022-12-28 11:14:00,11044.08,11027.752
2022-12-28 11:15:00,11047.181,11037.562
2022-12-28 11:16:00,11048.891,11039.21
2022-12-28 11:17:00,11051.351,11035.038
2022-12-28 11:18:00,11049.681,11028.287
2022-12-28 11:19:00,11050.609,11023.213
2022-12-28 11:20:00,11049.79,11021.954
2022-12-28 11:21:00,11047.84,11023.899
2022-12-28 11:22:00,11051.95,11031.109
2022-12-28 11:23:00,11057.4,11035.467
2022-12-28 11:24:00,11059.32,11035.684
2022-12-28 11:25:00,11057.68,11035.388
2022-12-28 11:26:00,11057.0,11034.139
2022-12-28 11:27:00,11055.44,11030.854
2022-12-28 11:28:00,11055.931,11029.495
2022-12-28 11:29:00,11056.25,11030.031
2022-12-28 11:30:00,11050.01,11029.8
2022-12-28 13:01:00,11051.6,11030.543
2022-12-28 13:02:00,11048.75,11024.675
2022-12-28 13:03:00,11037.02,11020.768
2022-12-28 13:04:00,11032.25,11013.873
2022-12-28 13:05:00,11026.55,11008.759
2022-12-28 13:06:00,11023.181,11004.582
2022-12-28 13:07:00,11025.17,11005.843
2022-12-28 13:08:00,11025.35,11000.38
2022-12-28 13:09:00,11022.62,11000.746
2022-12-28 13:10:00,11022.01,11001.216
2022-12-28 13:11:00,11023.63,11000.583
2022-12-28 13:12:00,11018.88,11001.459
2022-12-28 13:13:00,11017.92,10999.729
2022-12-28 13:14:00,11018.38,10998.639
2022-12-28 13:15:00,11019.091,10997.317
2022-12-28 13:16:00,11017.22,10994.254
2022-12-28 13:17:00,11013.04,10990.577
2022-12-28 13:18:00,11016.17,10985.343
2022-12-28 13:19:00,11014.66,10979.913
2022-12-28 13:20:00,11013.87,10978.502
2022-12-28 13:21:00,11015.88,10990.904
2022-12-28 13:22:00,11016.601,10999.265
2022-12-28 13:23:00,11024.329,11004.956
2022-12-28 13:24:00,11023.149,11001.263
2022-12-28 13:25:00,11023.859,11000.677
2022-12-28 13:26:00,11024.2,10998.6
2022-12-28 13:27:00,11023.37,10997.141
2022-12-28 13:28:00,11018.49,10993.622
2022-12-28 13:29:00,11016.15,11000.757
2022-12-28 13:30:00,11026.069,11006.392
2022-12-28 13:31:00,11021.79,10998.993
2022-12-28 13:32:00,11019.68,10993.198
2022-12-28 13:33:00,11017.91,10987.259
2022-12-28 13:34:00,11015.0205,10988.988
2022-12-28 13:35:00,11009.67,10990.964
2022-12-28 13:36:00,11013.08,10998.863
2022-12-28 13:37:00,11014.74,10996.468
2022-12-28 13:38:00,11014.22,10994.81
2022-12-28 13:39:00,11012.75,10995.171
2022-12-28 13:40:00,11012.851,10993.714
2022-12-28 13:41:00,11017.2,10996.329
2022-12-28 13:42:00,11019.76,10992.6045
2022-12-28 13:43:00,11021.66,10995.814
2022-12-28 13:44:00,11018.45,10997.722
2022-12-28 13:45:00,11016.24,10998.037
2022-12-28 13:46:00,11014.931,10994.773
2022-12-28 13:47:00,11012.079,10995.762
2022-12-28 13:48:00,11015.42,10995.357
2022-12-28 13:49:00,11017.06,10992.399
2022-12-28 13:50:00,11016.54,10990.817
2022-12-28 13:51:00,11014.301,10987.831
2022-12-28 13:52:00,11014.221,10991.557
2022-12-28 13:53:00,11015.97,10994.054
2022-12-28 13:54:00,11016.0,10999.107
2022-12-28 13:55:00,11015.13,11000.189
2022-12-28 13:56:00,11010.75,10993.608
2022-12-28 13:57:00,11012.011,10987.424
2022-12-28 13:58:00,11010.55,10983.259
2022-12-28 13:59:00,11007.72,10983.795
2022-12-28 14:00:00,11005.91,10990.623
2022-12-28 14:01:00,11006.48,10992.846
2022-12-28 14:02:00,11009.739,10988.206
2022-12-28 14:03:00,11008.42,10977.393
2022-12-28 14:04:00,11006.01,10973.739
2022-12-28 14:05:00,11003.63,10977.886
2022-12-28 14:06:00,11002.561,10975.597
2022-12-28 14:07:00,10998.9795,10981.852
2022-12-28 14:08:00,10997.2295,10977.102
2022-12-28 14:09:00,10993.5,10977.123
2022-12-28 14:10:00,10992.431,10977.851
2022-12-28 14:11:00,10996.279,10976.153
2022-12-28 14:12:00,10996.56,10983.634
2022-12-28 14:13:00,11003.07,10987.794
2022-12-28 14:14:00,11001.95,10987.311
2022-12-28 14:15:00,11001.561,10984.861
2022-12-28 14:16:00,11000.779,10980.487
2022-12-28 14:17:00,11002.49,10979.769
2022-12-28 14:18:00,11004.34,10979.718
2022-12-28 14:19:00,11003.721,10982.466
2022-12-28 14:20:00,10998.18,10983.657
2022-12-28 14:21:00,11002.43,10981.44
2022-12-28 14:22:00,11001.44,10981.197
2022-12-28 14:23:00,10997.57,10977.492
2022-12-28 14:24:00,10996.909,10984.473
2022-12-28 14:25:00,11002.68,10992.602
2022-12-28 14:26:00,11014.58,11002.731
2022-12-28 14:27:00,11012.94,11000.18
2022-12-28 14:28:00,11011.09,10991.88
2022-12-28 14:29:00,11010.14,10986.754
2022-12-28 14:30:00,11011.5205,10982.122
2022-12-28 14:31:00,11006.99,10983.724
2022-12-28 14:32:00,11013.8,10984.922
2022-12-28 14:33:00,11015.43,10985.902
2022-12-28 14:34:00,11015.561,10992.259
2022-12-28 14:35:00,11016.029,10996.672
2022-12-28 14:36:00,11019.88,11004.195
2022-12-28 14:37:00,11017.76,10998.397
2022-12-28 14:38:00,11014.78,11002.411
2022-12-28 14:39:00,11014.869,10999.338
2022-12-28 14:40:00,11011.35,10998.468
2022-12-28 14:41:00,11011.76,10998.851
2022-12-28 14:42:00,11010.71,10999.15
2022-12-28 14:43:00,11010.37,10995.551
2022-12-28 14:44:00,11015.61,10991.724
2022-12-28 14:45:00,11015.9,10984.647
2022-12-28 14:46:00,11010.21,10985.167
2022-12-28 14:47:00,11011.899,10984.489
2022-12-28 14:48:00,11010.45,10990.3125
2022-12-28 14:49:00,11009.91,10993.8955
2022-12-28 14:50:00,11011.939,10999.487
2022-12-28 14:51:00,11013.87,10999.728
2022-12-28 14:52:00,11012.971,10996.016
2022-12-28 14:53:00,11013.37,10993.376
2022-12-28 14:54:00,11012.95,10992.76
2022-12-28 14:55:00,11012.83,10996.16
2022-12-28 14:56:00,11010.35,10993.841
2022-12-28 14:57:00,11009.6,10994.756
2022-12-28 14:58:00,11010.13,10991.175
2022-12-28 14:59:00,11010.131,10986.696
2022-12-28 15:00:00,11010.53,10975.272
2022-12-29 09:30:00,10971.2705,10950.88
2022-12-29 09:31:00,10971.551,10957.494
2022-12-29 09:32:00,10970.569,10950.742
2022-12-29 09:33:00,10963.74,10948.423
2022-12-29 09:34:00,10979.051,10958.689
2022-12-29 09:35:00,10981.08,10961.936
2022-12-29 09:36:00,10991.23,10966.912
2022-12-29 09:37:00,11000.24,10970.795
2022-12-29 09:38:00,10997.58,10974.522
2022-12-29 09:39:00,10992.88,10981.637
2022-12-29 09:40:00,10991.45,10978.124
2022-12-29 09:41:00,10983.91,10973.787
2022-12-29 09:42:00,10989.77,10970.177
2022-12-29 09:43:00,10978.87,10957.851
2022-12-29 09:44:00,10970.359,10956.145
2022-12-29 09:45:00,10970.42,10957.333
2022-12-29 09:46:00,10970.11,10961.658
2022-12-29 09:47:00,10965.83,10955.324
2022-12-29 09:48:00,10969.44,10959.247
2022-12-29 09:49:00,10968.58,10952.887
2022-12-29 09:50:00,10964.95,10949.009
2022-12-29 09:51:00,10959.66,10944.016
2022-12-29 09:52:00,10960.49,10945.834
2022-12-29 09:53:00,10960.49,10945.626
2022-12-29 09:54:00,10965.16,10948.687
2022-12-29 09:55:00,10960.399,10946.85
2022-12-29 09:56:00,10963.8,10947.44
2022-12-29 09:57:00,10963.0,10947.718
2022-12-29 09:58:00,10959.439,10945.251
2022-12-29 09:59:00,10964.95,10947.7295
2022-12-29 10:00:00,10964.841,10948.701
2022-12-29 10:01:00,10967.21,10955.817
2022-12-29 10:02:00,10969.7705,10960.0205
2022-12-29 10:03:00,10971.19,10960.853
2022-12-29 10:04:00,10969.49,10958.05
2022-12-29 10:05:00,10970.92,10952.912
2022-12-29 10:06:00,10965.029,10947.01
2022-12-29 10:07:00,10968.92,10948.131
2022-12-29 10:08:00,10970.591,10947.026
2022-12-29 10:09:00,10972.5,10955.695
2022-12-29 10:10:00,10975.46,10952.574
2022-12-29 10:11:00,10972.449,10957.65
2022-12-29 10:12:00,10981.01,10961.441
2022-12-29 10:13:00,10985.051,10964.735
2022-12-29 10:14:00,10989.6,10964.726
2022-12-29 10:15:00,10981.7,10958.337
2022-12-29 10:16:00,10983.29,10965.785
2022-12-29 10:17:00,10985.14,10976.195
2022-12-29 10:18:00,10986.82,10970.405
2022-12-29 10:19:00,10983.41,10964.139
2022-12-29 10:20:00,10984.48,10961.493
2022-12-29 10:21:00,10988.19,10960.649
2022-12-29 10:22:00,10997.8,10967.635
2022-12-29 10:23:00,10994.811,10969.154
2022-12-29 10:24:00,10993.29,10972.798
2022-12-29 10:25:00,10992.311,10978.561
2022-12-29 10:26:00,10993.22,10979.722
2022-12-29 10:27:00,10990.7295,10981.712
2022-12-29 10:28:00,10999.12,10985.648
2022-12-29 10:29:00,10998.14,10983.304
2022-12-29 10:30:00,11000.86,10990.147
2022-12-29 10:31:00,11006.46,10994.8
2022-12-29 10:32:00,11008.21,10993.39
2022-12-29 10:33:00,11006.41,10992.106
2022-12-29 10:34:00,11011.75,10997.415
2022-12-29 10:35:00,11015.12,11002.541
2022-12-29 10:36:00,11024.77,11008.79
2022-12-29 10:37:00,11025.641,11009.817
2022-12-29 10:38:00,11025.939,11012.843
2022-12-29 10:39:00,11023.44,11017.696
2022-12-29 10:40:00,11028.61,11020.188
2022-12-29 10:41:00,11035.6,11023.089
2022-12-29 10:42:00,11038.54,11022.582
2022-12-29 10:43:00,11038.03,11023.464
2022-12-29 10:44:00,11034.141,11026.856
2022-12-29 10:45:00,11034.989,11030.383
2022-12-29 10:46:00,11040.2,11024.069
2022-12-29 10:47:00,11036.85,11023.928
2022-12-29 10:48:00,11038.08,11012.405
2022-12-29 10:49:00,11034.02,11005.774
2022-12-29 10:50:00,11032.06,11009.4
2022-12-29 10:51:00,11035.261,11017.793
2022-12-29 10:52:00,11035.08,11023.793
2022-12-29 10:53:00,11039.551,11029.636
2022-12-29 10:54:00,11043.77,11034.83
2022-12-29 10:55:00,11049.32,11036.065
2022-12-29 10:56:00,11052.18,11033.557
2022-12-29 10:57:00,11043.5205,11030.624
2022-12-29 10:58:00,11044.76,11034.008
2022-12-29 10:59:00,11046.42,11034.109
2022-12-29 11:00:00,11045.34,11033.787
2022-12-29 11:01:00,11045.29,11032.446
2022-12-29 11:02:00,11042.109,11031.644
2022-12-29 11:03:00,11043.9,11030.157
2022-12-29 11:04:00,11047.3,11033.257
2022-12-29 11:05:00,11047.71,11035.921
2022-12-29 11:06:00,11052.41,11044.203
2022-12-29 11:07:00,11057.4,11046.08
2022-12-29 11:08:00,11061.78,11047.239
2022-12-29 11:09:00,11056.64,11039.408
2022-12-29 11:10:00,11048.41,11039.002
2022-12-29 11:11:00,11044.49,11034.662
2022-12-29 11:12:00,11038.71,11023.814
2022-12-29 11:13:00,11035.86,11018.921
2022-12-29 11:14:00,11037.36,11021.416
2022-12-29 11:15:00,11037.59,11017.747
2022-12-29 11:16:00,11042.4,11020.614
2022-12-29 11:17:00,11039.32,11017.969
2022-12-29 11:18:00,11029.591,11010.675
2022-12-29 11:19:00,11028.56,11013.592
2022-12-29 11:20:00,11029.23,11011.253
2022-12-29 11:21:00,11030.51,11013.003
2022-12-29 11:22:00,11031.051,11015.982
2022-12-29 11:23:00,11032.91,11016.364
2022-12-29 11:24:00,11035.41,11018.656
2022-12-29 11:25:00,11037.24,11015.976
2022-12-29 11:26:00,11035.64,11014.414
2022-12-29 11:27:00,11036.16,11009.505
2022-12-29 11:28:00,11033.909,11008.343
2022-12-29 11:29:00,11032.68,11006.536
2022-12-29 11:30:00,11027.84,11010.456
2022-12-29 13:01:00,11033.351,11015.3125
2022-12-29 13:02:00,11033.7295,11013.806
2022-12-29 13:03:00,11037.82,11016.743
2022-12-29 13:04:00,11041.12,11014.072
2022-12-29 13:05:00,11031.75,11013.575
2022-12-29 13:06:00,11030.9795,11015.496
2022-12-29 13:07:00,11027.03,11015.971
2022-12-29 13:08:00,11028.49,11017.3125
2022-12-29 13:09:00,11028.24,11015.403
2022-12-29 13:10:00,11030.58,11014.399
2022-12-29 13:11:00,11032.939,11015.05
2022-12-29 13:12:00,11029.23,11006.364
2022-12-29 13:13:00,11022.55,11001.095
2022-12-29 13:14:00,11018.91,11000.919
2022-12-29 13:15:00,11018.21,11001.73
2022-12-29 13:16:00,11016.58,10998.996
2022-12-29 13:17:00,11014.37,11001.125
2022-12-29 13:18:00,11015.061,11007.079
2022-12-29 13:19:00,11015.689,11012.003
2022-12-29 13:20:00,11018.689,11012.051
2022-12-29 13:21:00,11020.561,11007.632
2022-12-29 13:22:00,11019.01,11000.671
2022-12-29 13:23:00,11017.72,10993.565
2022-12-29 13:24:00,11012.77,10995.099
2022-12-29 13:25:00,11010.391,10991.725
2022-12-29 13:26:00,11009.45,10993.193
2022-12-29 13:27:00,11009.78,10993.399
2022-12-29 13:28:00,11013.7705,10991.229
2022-12-29 13:29:00,11008.859,10984.085
2022-12-29 13:30:00,11008.99,10986.796
2022-12-29 13:31:00,11011.8,10990.648
2022-12-29 13:32:00,11014.051,10995.175
2022-12-29 13:33:00,11013.16,10992.001
2022-12-29 13:34:00,11012.409,10992.145
2022-12-29 13:35:00,11014.68,10993.142
2022-12-29 13:36:00,11012.02,10993.569
2022-12-29 13:37:00,11014.29,10994.393
2022-12-29 13:38:00,11015.26,10996.295
2022-12-29 13:39:00,11013.13,10998.569
2022-12-29 13:40:00,11011.29,11000.449
2022-12-29 13:41:00,11009.63,11000.06
2022-12-29 13:42:00,11013.59,11002.247
2022-12-29 13:43:00,11009.74,10991.35
2022-12-29 13:44:00,11007.25,10988.842
2022-12-29 13:45:00,11006.93,10989.617
2022-12-29 13:46:00,11005.75,10991.454
2022-12-29 13:47:00,11005.21,10989.948
2022-12-29 13:48:00,11004.6,10995.33
2022-12-29 13:49:00,11008.72,10999.61
2022-12-29 13:50:00,11004.36,10995.67
2022-12-29 13:51:00,11003.99,10996.734
2022-12-29 13:52:00,11005.04,10994.59
2022-12-29 13:53:00,11003.4,10985.522
2022-12-29 13:54:00,11001.58,10979.209
2022-12-29 13:55:00,11001.561,10978.747
2022-12-29 13:56:00,11000.78,10977.028
2022-12-29 13:57:00,10995.31,10977.687
2022-12-29 13:58:00,10995.84,10980.737
2022-12-29 13:59:00,10994.47,10986.954
2022-12-29 14:00:00,10994.7,10988.258
2022-12-29 14:01:00,11000.811,10993.087
2022-12-29 14:02:00,11002.989,10990.379
2022-12-29 14:03:00,11006.15,10996.343
2022-12-29 14:04:00,11010.68,10997.671
2022-12-29 14:05:00,11011.63,10996.837
2022-12-29 14:06:00,11008.3,10992.858
2022-12-29 14:07:00,11010.439,10994.134
2022-12-29 14:08:00,11008.25,10992.028
2022-12-29 14:09:00,11007.03,10990.923
2022-12-29 14:10:00,11013.0,10995.757
2022-12-29 14:11:00,11013.1,10992.98
2022-12-29 14:12:00,11014.23,10994.472
2022-12-29 14:13:00,11016.91,10994.587
2022-12-29 14:14:00,11015.07,10993.531
2022-12-29 14:15:00,11017.46,11000.675
2022-12-29 14:16:00,11017.85,11002.174
2022-12-29 14:17:00,11015.801,11005.887
2022-12-29 14:18:00,11018.43,11008.988
2022-12-29 14:19:00,11017.859,11010.316
2022-12-29 14:20:00,11015.75,11006.332
2022-12-29 14:21:00,11016.59,10994.364
2022-12-29 14:22:00,11017.2295,10995.495
2022-12-29 14:23:00,11014.851,10990.289
2022-12-29 14:24:00,11013.09,10993.265
2022-12-29 14:25:00,11010.859,10986.434
2022-12-29 14:26:00,11011.85,10989.392
2022-12-29 14:27:00,11013.34,10988.982
2022-12-29 14:28:00,11018.49,10997.885
2022-12-29 14:29:00,11018.649,11001.038
2022-12-29 14:30:00,11018.95,10999.248
2022-12-29 14:31:00,11024.28,11005.513
2022-12-29 14:32:00,11020.09,10999.05
2022-12-29 14:33:00,11020.54,10996.951
2022-12-29 14:34:00,11023.46,10995.429
2022-12-29 14:35:00,11025.41,10995.534
2022-12-29 14:36:00,11023.671,10995.01
2022-12-29 14:37:00,11018.83,10996.904
2022-12-29 14:38:00,11018.649,10994.07
2022-12-29 14:39:00,11019.56,10990.371
2022-12-29 14:40:00,11017.351,10989.41
2022-12-29 14:41:00,11010.28,10989.608
2022-12-29 14:42:00,11007.54,10989.937
2022-12-29 14:43:00,11007.04,10990.547
2022-12-29 14:44:00,11006.53,10989.788
2022-12-29 14:45:00,11005.72,10978.871
2022-12-29 14:46:00,11002.3,10971.38
2022-12-29 14:47:00,11000.54,10975.478
2022-12-29 14:48:00,11003.43,10972.333
2022-12-29 14:49:00,11002.84,10974.296
2022-12-29 14:50:00,11002.65,10979.816
2022-12-29 14:51:00,11002.38,10983.547
2022-12-29 14:52:00,11002.32,10983.365
2022-12-29 14:53:00,10999.439,10983.271
2022-12-29 14:54:00,11000.221,10981.41
2022-12-29 14:55:00,10997.69,10976.817
2022-12-29 14:56:00,10997.08,10972.44
2022-12-29 14:57:00,10994.7295,10964.352
2022-12-29 14:58:00,10995.5205,10965.658
2022-12-29 14:59:00,10995.52,10974.949
2022-12-29 15:00:00,10996.41,11001.943
2022-12-30 09:30:00,11046.07,11032.224
2022-12-30 09:31:00,11052.82,11037.765
2022-12-30 09:32:00,11066.43,11040.516
2022-12-30 09:33:00,11061.779,11042.269
2022-12-30 09:34:00,11045.921,11044.24
2022-12-30 09:35:00,11064.21,11051.241
2022-12-30 09:36:00,11068.94,11045.874
2022-12-30 09:37:00,11056.33,11038.087
2022-12-30 09:38:00,11068.061,11045.882
2022-12-30 09:39:00,11062.26,11040.858
2022-12-30 09:40:00,11060.79,11037.572
2022-12-30 09:41:00,11067.54,11039.774
2022-12-30 09:42:00,11066.609,11044.141
2022-12-30 09:43:00,11065.641,11043.822
2022-12-30 09:44:00,11060.13,11053.625
2022-12-30 09:45:00,11064.64,11053.217
2022-12-30 09:46:00,11059.359,11043.092
2022-12-30 09:47:00,11060.61,11051.307
2022-12-30 09:48:00,11061.23,11047.316
2022-12-30 09:49:00,11063.43,11045.896
2022-12-30 09:50:00,11062.92,11034.606
2022-12-30 09:51:00,11051.029,11029.588
2022-12-30 09:52:00,11059.351,11037.957
2022-12-30 09:53:00,11058.9,11043.912
2022-12-30 09:54:00,11060.33,11041.567
2022-12-30 09:55:00,11062.109,11042.845
2022-12-30 09:56:00,11065.131,11049.479
2022-12-30 09:57:00,11063.75,11052.863
2022-12-30 09:58:00,11065.49,11057.284
2022-12-30 09:59:00,11066.1,11061.153
2022-12-30 10:00:00,11062.72,11053.131
2022-12-30 10:01:00,11056.261,11044.393
2022-12-30 10:02:00,11054.99,11038.547
2022-12-30 10:03:00,11051.63,11028.648
2022-12-30 10:04:00,11052.41,11030.025
2022-12-30 10:05:00,11062.529,11044.772
2022-12-30 10:06:00,11054.421,11036.68
2022-12-30 10:07:00,11052.851,11039.401
2022-12-30 10:08:00,11058.07,11043.841
2022-12-30 10:09:00,11063.96,11045.551
2022-12-30 10:10:00,11061.72,11043.066
2022-12-30 10:11:00,11067.609,11047.909
2022-12-30 10:12:00,11060.4,11045.608
2022-12-30 10:13:00,11061.26,11040.119
2022-12-30 10:14:00,11058.11,11035.692
2022-12-30 10:15:00,11056.33,11029.263
2022-12-30 10:16:00,11055.12,11028.755
2022-12-30 10:17:00,11050.75,11028.114
2022-12-30 10:18:00,11048.92,11029.8545
2022-12-30 10:19:00,11052.15,11031.945
2022-12-30 10:20:00,11047.78,11027.233
2022-12-30 10:21:00,11042.52,11024.348
2022-12-30 10:22:00,11041.25,11019.835
2022-12-30 10:23:00,11041.079,11015.995
2022-12-30 10:24:00,11043.03,11015.408
2022-12-30 10:25:00,11036.83,11013.701
2022-12-30 10:26:00,11035.62,11013.689
2022-12-30 10:27:00,11038.08,11019.622
2022-12-30 10:28:00,11036.17,11017.979
2022-12-30 10:29:00,11041.119,11013.195
2022-12-30 10:30:00,11044.261,11010.878
2022-12-30 10:31:00,11034.25,11006.976
2022-12-30 10:32:00,11032.75,11005.213
2022-12-30 10:33:00,11027.81,11006.874
2022-12-30 10:34:00,11026.66,11005.653
2022-12-30 10:35:00,11026.5,11013.6875
2022-12-30 10:36:00,11029.0,11015.536
2022-12-30 10:37:00,11035.0,11011.805
2022-12-30 10:38:00,11029.801,11006.24
2022-12-30 10:39:00,11028.71,11005.817
2022-12-30 10:40:00,11028.5,11004.547
2022-12-30 10:41:00,11026.59,11007.783
2022-12-30 10:42:00,11027.06,11009.024
2022-12-30 10:43:00,11024.12,11004.968
2022-12-30 10:44:00,11019.81,11002.861
2022-12-30 10:45:00,11020.261,11002.526
2022-12-30 10:46:00,11021.49,10999.023
2022-12-30 10:47:00,11020.681,10997.329
2022-12-30 10:48:00,11015.0205,10996.715
2022-12-30 10:49:00,11018.08,10994.486
2022-12-30 10:50:00,11018.59,10990.715
2022-12-30 10:51:00,11016.09,10989.904
2022-12-30 10:52:00,11019.77,10994.654
2022-12-30 10:53:00,11027.119,10999.866
2022-12-30 10:54:00,11023.94,11002.647
2022-12-30 10:55:00,11027.28,11001.983
2022-12-30 10:56:00,11024.0205,10992.082
2022-12-30 10:57:00,11017.311,10986.934
2022-12-30 10:58:00,11021.15,10993.021
2022-12-30 10:59:00,11016.22,10991.639
2022-12-30 11:00:00,11014.99,10988.137
2022-12-30 11:01:00,11016.6,10993.99
2022-12-30 11:02:00,11015.04,10998.641
2022-12-30 11:03:00,11016.439,11006.101
2022-12-30 11:04:00,11021.92,11007.192
2022-12-30 11:05:00,11024.62,11000.809
2022-12-30 11:06:00,11022.101,11004.647
2022-12-30 11:07:00,11026.45,11009.118
2022-12-30 11:08:00,11024.62,11008.815
2022-12-30 11:09:00,11024.38,11008.627
2022-12-30 11:10:00,11023.4,11010.637
2022-12-30 11:11:00,11030.93,11018.302
2022-12-30 11:12:00,11036.21,11021.201
2022-12-30 11:13:00,11035.21,11020.83
2022-12-30 11:14:00,11038.18,11021.433
2022-12-30 11:15:00,11036.7295,11022.471
2022-12-30 11:16:00,11035.67,11017.381
2022-12-30 11:17:00,11031.279,11011.059
2022-12-30 11:18:00,11029.989,11007.174
2022-12-30 11:19:00,11032.689,11007.86
2022-12-30 11:20:00,11032.971,11009.406
2022-12-30 11:21:00,11033.7705,11016.65
2022-12-30 11:22:00,11033.45,11020.262
2022-12-30 11:23:00,11034.99,11021.431
2022-12-30 11:24:00,11038.19,11020.594
2022-12-30 11:25:00,11037.971,11023.925
2022-12-30 11:26:00,11037.95,11033.127
2022-12-30 11:27:00,11039.95,11028.116
2022-12-30 11:28:00,11039.92,11021.288
2022-12-30 11:29:00,11039.46,11020.589
2022-12-30 11:30:00,11034.88,11025.882
2022-12-30 13:01:00,11040.92,11025.893
2022-12-30 13:02:00,11041.72,11029.225
2022-12-30 13:03:00,11043.43,11035.244
2022-12-30 13:04:00,11045.55,11036.019
2022-12-30 13:05:00,11047.02,11037.901
2022-12-30 13:06:00,11045.72,11025.399
2022-12-30 13:07:00,11040.0,11019.32
2022-12-30 13:08:00,11042.22,11010.9375
2022-12-30 13:09:00,11044.95,11019.045
2022-12-30 13:10:00,11043.399,11023.404
2022-12-30 13:11:00,11042.33,11030.774
2022-12-30 13:12:00,11038.359,11030.561
2022-12-30 13:13:00,11041.58,11024.754
2022-12-30 13:14:00,11037.46,11017.885
2022-12-30 13:15:00,11037.279,11013.193
2022-12-30 13:16:00,11027.77,11005.329
2022-12-30 13:17:00,11026.83,11008.691
2022-12-30 13:18:00,11029.609,11012.576
2022-12-30 13:19:00,11030.279,11015.486
2022-12-30 13:20:00,11031.3,11016.964
2022-12-30 13:21:00,11031.14,11018.335
2022-12-30 13:22:00,11032.0,11021.456
2022-12-30 13:23:00,11034.08,11022.903
2022-12-30 13:24:00,11034.88,11013.721
2022-12-30 13:25:00,11028.08,11013.987
2022-12-30 13:26:00,11027.42,11017.074
2022-12-30 13:27:00,11027.189,11010.159
2022-12-30 13:28:00,11024.029,11007.368
2022-12-30 13:29:00,11025.09,11008.304
2022-12-30 13:30:00,11025.76,11005.892
2022-12-30 13:31:00,11024.859,11005.592
2022-12-30 13:32:00,11031.46,11003.799
2022-12-30 13:33:00,11029.33,11003.852
2022-12-30 13:34:00,11030.87,11007.756
2022-12-30 13:35:00,11027.54,11005.033
2022-12-30 13:36:00,11027.38,11008.598
2022-12-30 13:37:00,11028.17,11008.398
2022-12-30 13:38:00,11026.97,11011.456
2022-12-30 13:39:00,11028.39,11006.414
2022-12-30 13:40:00,11024.26,11001.07
2022-12-30 13:41:00,11029.7705,11002.811
2022-12-30 13:42:00,11028.76,11005.582
2022-12-30 13:43:00,11025.63,11006.0625
2022-12-30 13:44:00,11026.29,11008.153
2022-12-30 13:45:00,11028.03,11011.581
2022-12-30 13:46:00,11028.761,11006.492
2022-12-30 13:47:00,11031.841,11005.929
2022-12-30 13:48:00,11020.86,11000.288
2022-12-30 13:49:00,11024.05,11004.46
2022-12-30 13:50:00,11026.76,11007.626
2022-12-30 13:51:00,11024.399,11009.626
2022-12-30 13:52:00,11026.72,11008.717
2022-12-30 13:53:00,11030.7,11011.054
2022-12-30 13:54:00,11033.7295,11009.474
2022-12-30 13:55:00,11031.89,11010.297
2022-12-30 13:56:00,11031.85,11009.183
2022-12-30 13:57:00,11033.68,11010.235
2022-12-30 13:58:00,11032.19,11012.006
2022-12-30 13:59:00,11036.07,11015.48
2022-12-30 14:00:00,11036.82,11015.936
2022-12-30 14:01:00,11034.341,11014.067
2022-12-30 14:02:00,11034.761,11016.979
2022-12-30 14:03:00,11037.319,11016.072
2022-12-30 14:04:00,11037.18,11012.095
2022-12-30 14:05:00,11037.13,11020.177
2022-12-30 14:06:00,11036.189,11022.777
2022-12-30 14:07:00,11038.24,11024.584
2022-12-30 14:08:00,11040.09,11023.444
2022-12-30 14:09:00,11037.73,11020.717
2022-12-30 14:10:00,11039.101,11016.131
2022-12-30 14:11:00,11039.37,11017.835
2022-12-30 14:12:00,11036.891,11017.221
2022-12-30 14:13:00,11034.03,11013.392
2022-12-30 14:14:00,11035.329,11015.5625
2022-12-30 14:15:00,11037.01,11010.199
2022-12-30 14:16:00,11035.04,11010.779
2022-12-30 14:17:00,11036.83,11011.82
2022-12-30 14:18:00,11035.46,11013.931
2022-12-30 14:19:00,11032.21,11014.604
2022-12-30 14:20:00,11031.37,11018.753
2022-12-30 14:21:00,11033.7705,11014.559
2022-12-30 14:22:00,11032.101,11011.224
2022-12-30 14:23:00,11033.04,11011.502
2022-12-30 14:24:00,11032.189,11009.41
2022-12-30 14:25:00,11031.01,11008.489
2022-12-30 14:26:00,11027.4,11006.503
2022-12-30 14:27:00,11026.01,11003.93
2022-12-30 14:28:00,11028.9,11000.49
2022-12-30 14:29:00,11027.48,10995.258
2022-12-30 14:30:00,11027.79,10994.506
2022-12-30 14:31:00,11029.38,10998.328
2022-12-30 14:32:00,11029.239,10999.623
2022-12-30 14:33:00,11028.35,11012.192
2022-12-30 14:34:00,11029.88,11020.644
2022-12-30 14:35:00,11029.86,11025.434
2022-12-30 14:36:00,11030.511,11018.982
2022-12-30 14:37:00,11027.431,11004.121
2022-12-30 14:38:00,11022.76,10997.007
2022-12-30 14:39:00,11022.77,10996.957
2022-12-30 14:40:00,11022.11,10997.455
2022-12-30 14:41:00,11020.65,10998.57
2022-12-30 14:42:00,11019.99,11001.811
2022-12-30 14:43:00,11021.46,11001.659
2022-12-30 14:44:00,11024.5,11000.822
2022-12-30 14:45:00,11025.47,11003.867
2022-12-30 14:46:00,11024.189,11005.908
2022-12-30 14:47:00,11025.48,11008.7295
2022-12-30 14:48:00,11024.75,11010.949
2022-12-30 14:49:00,11023.78,11007.111
2022-12-30 14:50:00,11022.971,11004.891
2022-12-30 14:51:00,11021.17,11002.9375
2022-12-30 14:52:00,11021.13,10999.6
2022-12-30 14:53:00,11021.77,11000.089
2022-12-30 14:54:00,11022.47,10998.641
2022-12-30 14:55:00,11022.48,10999.233
2022-12-30 14:56:00,11023.579,11003.186
2022-12-30 14:57:00,11025.68,11006.413
2022-12-30 14:58:00,11025.95,11004.779
2022-12-30 14:59:00,11025.95,10999.363
2022-12-30 15:00:00,11015.99,10986.823
2023-01-03 09:30:00,11003.051,10984.689
2023-01-03 09:31:00,10978.899,10970.843
2023-01-03 09:32:00,10977.33,10973.171
2023-01-03 09:33:00,10978.7,10967.838
2023-01-03 09:34:00,10982.0205,10963.195
2023-01-03 09:35:00,10979.461,10963.292
2023-01-03 09:36:00,10975.31,10956.493
2023-01-03 09:37:00,10966.85,10953.539
2023-01-03 09:38:00,10957.8,10944.837
2023-01-03 09:39:00,10956.88,10937.848
2023-01-03 09:40:00,10957.16,10932.602
2023-01-03 09:41:00,10946.069,10931.749
2023-01-03 09:42:00,10956.27,10943.61
2023-01-03 09:43:00,10956.69,10940.237
2023-01-03 09:44:00,10951.33,10934.748
2023-01-03 09:45:00,10953.35,10939.072
2023-01-03 09:46:00,10956.819,10941.721
2023-01-03 09:47:00,10944.11,10931.309
2023-01-03 09:48:00,10944.08,10935.386
2023-01-03 09:49:00,10935.351,10917.743
2023-01-03 09:50:00,10935.25,10917.728
2023-01-03 09:51:00,10926.15,10912.286
2023-01-03 09:52:00,10928.45,10901.356
2023-01-03 09:53:00,10929.91,10902.91
2023-01-03 09:54:00,10935.13,10908.058
2023-01-03 09:55:00,10940.93,10913.394
2023-01-03 09:56:00,10934.97,10927.092
2023-01-03 09:57:00,10937.88,10932.608
2023-01-03 09:58:00,10940.58,10925.356
2023-01-03 09:59:00,10950.399,10939.653
2023-01-03 10:00:00,10950.53,10944.5205
2023-01-03 10:01:00,10956.931,10946.546
2023-01-03 10:02:00,10961.649,10951.708
2023-01-03 10:03:00,10967.16,10953.459
2023-01-03 10:04:00,10968.09,10952.775
2023-01-03 10:05:00,10966.311,10947.716
2023-01-03 10:06:00,10965.01,10951.515
2023-01-03 10:07:00,10966.149,10951.024
2023-01-03 10:08:00,10966.391,10944.253
2023-01-03 10:09:00,10963.721,10947.453
2023-01-03 10:10:00,10955.14,10940.523
2023-01-03 10:11:00,10951.63,10940.025
2023-01-03 10:12:00,10953.03,10938.055
2023-01-03 10:13:00,10955.7705,10934.716
2023-01-03 10:14:00,10953.88,10932.4
2023-01-03 10:15:00,10955.03,10934.059
2023-01-03 10:16:00,10951.69,10932.613
2023-01-03 10:17:00,10943.63,10934.548
2023-01-03 10:18:00,10948.24,10935.847
2023-01-03 10:19:00,10947.641,10934.263
2023-01-03 10:20:00,10954.08,10937.131
2023-01-03 10:21:00,10960.08,10939.035
2023-01-03 10:22:00,10962.67,10940.257
2023-01-03 10:23:00,10965.04,10944.044
2023-01-03 10:24:00,10967.189,10943.712
2023-01-03 10:25:00,10970.91,10957.536
2023-01-03 10:26:00,10979.16,10966.757
2023-01-03 10:27:00,10988.119,10966.283
2023-01-03 10:28:00,10998.62,10967.024
2023-01-03 10:29:00,10995.78,10973.766
2023-01-03 10:30:00,11007.971,10992.73
2023-01-03 10:31:00,11015.34,11008.267
2023-01-03 10:32:00,11018.39,11011.239
2023-01-03 10:33:00,11015.11,11005.14
2023-01-03 10:34:00,11017.81,11007.763
2023-01-03 10:35:00,11021.38,11005.153
2023-01-03 10:36:00,11020.36,11001.871
2023-01-03 10:37:00,11018.619,11004.059
2023-01-03 10:38:00,11024.31,11008.411
2023-01-03 10:39:00,11023.15,11013.368
2023-01-03 10:40:00,11029.89,11015.337
2023-01-03 10:41:00,11030.5,11023.734
2023-01-03 10:42:00,11031.681,11026.271
2023-01-03 10:43:00,11023.22,11022.573
2023-01-03 10:44:00,11025.51,11019.307
2023-01-03 10:45:00,11028.58,11016.707
2023-01-03 10:46:00,11024.189,11013.786
2023-01-03 10:47:00,11025.54,11019.879
2023-01-03 10:48:00,11025.26,11017.64
2023-01-03 10:49:00,11027.189,11017.19
2023-01-03 10:50:00,11032.87,11020.813
2023-01-03 10:51:00,11034.141,11022.971
2023-01-03 10:52:00,11039.439,11025.064
2023-01-03 10:53:00,11025.33,11015.138
2023-01-03 10:54:00,11028.301,11016.731
2023-01-03 10:55:00,11032.75,11017.47
2023-01-03 10:56:00,11033.87,11017.908
2023-01-03 10:57:00,11035.33,11020.6045
2023-01-03 10:58:00,11028.149,11021.049
2023-01-03 10:59:00,11026.38,11022.943
2023-01-03 11:00:00,11030.711,11023.042
2023-01-03 11:01:00,11037.439,11025.132
2023-01-03 11:02:00,11035.2,11017.609
2023-01-03 11:03:00,11034.27,11018.799
2023-01-03 11:04:00,11030.32,11019.142
2023-01-03 11:05:00,11033.44,11027.273
2023-01-03 11:06:00,11034.689,11029.041
2023-01-03 11:07:00,11040.04,11026.15
2023-01-03 11:08:00,11039.82,11030.481
2023-01-03 11:09:00,11040.8,11030.227
2023-01-03 11:10:00,11038.0,11026.742
2023-01-03 11:11:00,11034.5,11025.548
2023-01-03 11:12:00,11034.81,11024.823
2023-01-03 11:13:00,11035.48,11022.955
2023-01-03 11:14:00,11037.5,11021.706
2023-01-03 11:15:00,11037.101,11015.045
2023-01-03 11:16:00,11030.97,11015.172
2023-01-03 11:17:00,11030.03,11016.723
2023-01-03 11:18:00,11031.07,11018.475
2023-01-03 11:19:00,11033.22,11014.534
2023-01-03 11:20:00,11037.17,11017.076
2023-01-03 11:21:00,11039.569,11028.647
2023-01-03 11:22:00,11044.42,11036.938
2023-01-03 11:23:00,11051.221,11055.372
2023-01-03 11:24:00,11054.25,11049.549
2023-01-03 11:25:00,11057.351,11043.599
2023-01-03 11:26:00,11061.64,11041.968
2023-01-03 11:27:00,11066.59,11046.611
2023-01-03 11:28:00,11071.5,11053.477
2023-01-03 11:29:00,11078.359,11059.904
2023-01-03 11:30:00,11076.641,11064.142
2023-01-03 13:01:00,11068.96,11064.057
2023-01-03 13:02:00,11075.14,11065.252
2023-01-03 13:03:00,11074.01,11058.683
2023-01-03 13:04:00,11072.72,11057.1875
2023-01-03 13:05:00,11074.601,11059.599
2023-01-03 13:06:00,11074.39,11062.975
2023-01-03 13:07:00,11076.45,11063.821
2023-01-03 13:08:00,11071.42,11059.444
2023-01-03 13:09:00,11078.87,11069.527
2023-01-03 13:10:00,11084.829,11072.931
2023-01-03 13:11:00,11088.57,11071.112
2023-01-03 13:12:00,11096.391,11070.507
2023-01-03 13:13:00,11094.43,11073.71
2023-01-03 13:14:00,11094.841,11080.774
2023-01-03 13:15:00,11098.569,11086.849
2023-01-03 13:16:00,11105.25,11091.123
2023-01-03 13:17:00,11109.3,11093.934
2023-01-03 13:18:00,11101.53,11094.04
2023-01-03 13:19:00,11098.439,11090.543
2023-01-03 13:20:00,11098.12,11091.178
2023-01-03 13:21:00,11100.739,11089.239
2023-01-03 13:22:00,11097.46,11087.836
2023-01-03 13:23:00,11094.011,11083.85
2023-01-03 13:24:00,11093.939,11085.553
2023-01-03 13:25:00,11092.45,11087.142
2023-01-03 13:26:00,11092.6,11087.978
2023-01-03 13:27:00,11092.96,11088.262
2023-01-03 13:28:00,11087.56,11084.982
2023-01-03 13:29:00,11086.38,11087.328
2023-01-03 13:30:00,11089.02,11088.311
2023-01-03 13:31:00,11094.57,11096.551
2023-01-03 13:32:00,11096.45,11092.272
2023-01-03 13:33:00,11088.12,11088.406
2023-01-03 13:34:00,11088.34,11086.632
2023-01-03 13:35:00,11087.33,11076.853
2023-01-03 13:36:00,11086.649,11073.914
2023-01-03 13:37:00,11087.91,11073.847
2023-01-03 13:38:00,11086.859,11076.557
2023-01-03 13:39:00,11086.351,11077.449
2023-01-03 13:40:00,11085.68,11075.226
2023-01-03 13:41:00,11081.53,11072.217
2023-01-03 13:42:00,11082.689,11072.998
2023-01-03 13:43:00,11085.141,11075.86
2023-01-03 13:44:00,11086.8,11076.524
2023-01-03 13:45:00,11091.5,11083.863
2023-01-03 13:46:00,11094.71,11088.098
2023-01-03 13:47:00,11091.88,11089.073
2023-01-03 13:48:00,11091.54,11088.9375
2023-01-03 13:49:00,11093.221,11085.822
2023-01-03 13:50:00,11094.45,11087.226
2023-01-03 13:51:00,11092.32,11088.299
2023-01-03 13:52:00,11095.939,11090.544
2023-01-03 13:53:00,11096.82,11089.209
2023-01-03 13:54:00,11099.06,11089.166
2023-01-03 13:55:00,11100.86,11093.885
2023-01-03 13:56:00,11103.74,11099.505
2023-01-03 13:57:00,11098.46,11096.634
2023-01-03 13:58:00,11097.7295,11096.3545
2023-01-03 13:59:00,11096.489,11091.789
2023-01-03 14:00:00,11094.1,11085.638
2023-01-03 14:01:00,11099.46,11092.359
2023-01-03 14:02:00,11101.62,11091.23
2023-01-03 14:03:00,11100.449,11093.854
2023-01-03 14:04:00,11100.84,11097.724
2023-01-03 14:05:00,11102.54,11095.744
2023-01-03 14:06:00,11104.0205,11093.01
2023-01-03 14:07:00,11100.899,11085.953
2023-01-03 14:08:00,11101.221,11090.903
2023-01-03 14:09:00,11101.36,11091.539
2023-01-03 14:10:00,11106.92,11091.395
2023-01-03 14:11:00,11109.73,11089.436
2023-01-03 14:12:00,11109.569,11089.199
2023-01-03 14:13:00,11110.83,11094.075
2023-01-03 14:14:00,11110.26,11096.207
2023-01-03 14:15:00,11112.761,11096.286
2023-01-03 14:16:00,11116.66,11099.475
2023-01-03 14:17:00,11116.87,11099.499
2023-01-03 14:18:00,11115.55,11107.451
2023-01-03 14:19:00,11118.34,11111.794
2023-01-03 14:20:00,11119.601,11113.214
2023-01-03 14:21:00,11125.21,11116.0625
2023-01-03 14:22:00,11127.54,11123.221
2023-01-03 14:23:00,11127.53,11130.64
2023-01-03 14:24:00,11130.689,11131.546
2023-01-03 14:25:00,11129.78,11132.36
2023-01-03 14:26:00,11129.17,11131.305
2023-01-03 14:27:00,11127.681,11117.125
2023-01-03 14:28:00,11126.1,11115.67
2023-01-03 14:29:00,11128.12,11116.521
2023-01-03 14:30:00,11133.63,11123.044
2023-01-03 14:31:00,11131.62,11124.8125
2023-01-03 14:32:00,11127.17,11123.407
2023-01-03 14:33:00,11126.83,11128.666
2023-01-03 14:34:00,11126.221,11125.048
2023-01-03 14:35:00,11127.08,11120.414
2023-01-03 14:36:00,11126.55,11121.181
2023-01-03 14:37:00,11130.71,11123.543
2023-01-03 14:38:00,11128.05,11130.602
2023-01-03 14:39:00,11129.569,11133.961
2023-01-03 14:40:00,11129.3,11127.012
2023-01-03 14:41:00,11127.91,11124.336
2023-01-03 14:42:00,11129.25,11118.719
2023-01-03 14:43:00,11129.1,11113.872
2023-01-03 14:44:00,11127.6,11119.271
2023-01-03 14:45:00,11125.45,11123.94
2023-01-03 14:46:00,11125.47,11127.096
2023-01-03 14:47:00,11124.88,11129.628
2023-01-03 14:48:00,11122.65,11119.931
2023-01-03 14:49:00,11117.72,11119.253
2023-01-03 14:50:00,11115.801,11122.502
2023-01-03 14:51:00,11114.87,11112.766
2023-01-03 14:52:00,11116.97,11108.094
2023-01-03 14:53:00,11116.141,11106.641
2023-01-03 14:54:00,11115.51,11107.105
2023-01-03 14:55:00,11116.6,11112.602
2023-01-03 14:56:00,11115.96,11113.467
2023-01-03 14:57:00,11117.62,11119.957
2023-01-03 14:58:00,11118.079,11115.01
2023-01-03 14:59:00,11118.08,11109.932
2023-01-03 15:00:00,11117.13,11110.146
2023-01-04 09:30:00,11099.149,11094.811
2023-01-04 09:31:00,11092.36,11094.62
2023-01-04 09:32:00,11083.399,11082.259
2023-01-04 09:33:00,11079.4795,11074.815
2023-01-04 09:34:00,11077.811,11066.525
2023-01-04 09:35:00,11076.34,11073.823
2023-01-04 09:36:00,11078.35,11067.584
2023-01-04 09:37:00,11077.95,11060.47
2023-01-04 09:38:00,11075.84,11064.537
2023-01-04 09:39:00,11077.189,11065.07
2023-01-04 09:40:00,11081.41,11065.076
2023-01-04 09:41:00,11084.18,11065.318
2023-01-04 09:42:00,11089.069,11071.246
2023-01-04 09:43:00,11093.101,11076.096
2023-01-04 09:44:00,11097.41,11084.478
2023-01-04 09:45:00,11095.56,11078.496
2023-01-04 09:46:00,11087.34,11067.791
2023-01-04 09:47:00,11093.54,11073.263
2023-01-04 09:48:00,11099.38,11073.948
2023-01-04 09:49:00,11100.721,11077.151
2023-01-04 09:50:00,11102.62,11075.885
2023-01-04 09:51:00,11100.88,11075.606
2023-01-04 09:52:00,11092.36,11088.946
2023-01-04 09:53:00,11095.75,11092.39
2023-01-04 09:54:00,11095.57,11087.875
2023-01-04 09:55:00,11098.909,11087.013
2023-01-04 09:56:00,11103.83,11083.59
2023-01-04 09:57:00,11105.7,11084.966
2023-01-04 09:58:00,11110.27,11086.243
2023-01-04 09:59:00,11107.641,11092.119
2023-01-04 10:00:00,11106.65,11113.354
2023-01-04 10:01:00,11104.99,11117.424
2023-01-04 10:02:00,11114.72,11116.81
2023-01-04 10:03:00,11114.73,11106.976
2023-01-04 10:04:00,11114.9,11096.965
2023-01-04 10:05:00,11114.37,11093.6875
2023-01-04 10:06:00,11117.9,11100.921
2023-01-04 10:07:00,11116.29,11106.478
2023-01-04 10:08:00,11123.92,11112.385
2023-01-04 10:09:00,11125.37,11116.475
2023-01-04 10:10:00,11125.7,11116.391
2023-01-04 10:11:00,11133.16,11122.899
2023-01-04 10:12:00,11130.08,11130.531
2023-01-04 10:13:00,11134.72,11141.964
2023-01-04 10:14:00,11137.19,11146.379
2023-01-04 10:15:00,11143.79,11140.062
2023-01-04 10:16:00,11137.35,11137.881
2023-01-04 10:17:00,11139.31,11133.1
2023-01-04 10:18:00,11143.5205,11135.219
2023-01-04 10:19:00,11147.4,11135.481
2023-01-04 10:20:00,11139.75,11135.134
2023-01-04 10:21:00,11146.76,11139.412
2023-01-04 10:22:00,11143.381,11139.629
2023-01-04 10:23:00,11142.38,11135.936
2023-01-04 10:24:00,11145.5,11138.647
2023-01-04 10:25:00,11136.02,11130.305
2023-01-04 10:26:00,11130.391,11128.341
2023-01-04 10:27:00,11132.8,11132.101
2023-01-04 10:28:00,11129.07,11127.904
2023-01-04 10:29:00,11127.2295,11125.74
2023-01-04 10:30:00,11128.869,11121.769
2023-01-04 10:31:00,11119.641,11113.203
2023-01-04 10:32:00,11119.25,11116.193
2023-01-04 10:33:00,11123.28,11119.613
2023-01-04 10:34:00,11129.75,11122.713
2023-01-04 10:35:00,11129.721,11118.908
2023-01-04 10:36:00,11125.09,11122.586
2023-01-04 10:37:00,11120.39,11121.44
2023-01-04 10:38:00,11121.109,11119.56
2023-01-04 10:39:00,11119.199,11112.504
2023-01-04 10:40:00,11121.2705,11112.47
2023-01-04 10:41:00,11118.61,11115.148
2023-01-04 10:42:00,11120.82,11113.333
2023-01-04 10:43:00,11120.84,11113.889
2023-01-04 10:44:00,11123.02,11116.811
2023-01-04 10:45:00,11126.71,11120.465
2023-01-04 10:46:00,11123.67,11122.147
2023-01-04 10:47:00,11127.9,11125.474
2023-01-04 10:48:00,11130.39,11122.412
2023-01-04 10:49:00,11132.02,11124.586
2023-01-04 10:50:00,11133.811,11125.588
2023-01-04 10:51:00,11134.5,11119.066
2023-01-04 10:52:00,11127.601,11113.895
2023-01-04 10:53:00,11125.97,11117.444
2023-01-04 10:54:00,11125.64,11121.105
2023-01-04 10:55:00,11127.01,11122.173
2023-01-04 10:56:00,11128.82,11119.212
2023-01-04 10:57:00,11128.78,11117.737
2023-01-04 10:58:00,11127.74,11113.387
2023-01-04 10:59:00,11128.74,11110.917
2023-01-04 11:00:00,11125.02,11108.6875
2023-01-04 11:01:00,11121.46,11110.113
2023-01-04 11:02:00,11121.601,11109.936
2023-01-04 11:03:00,11119.24,11112.935
2023-01-04 11:04:00,11120.88,11107.124
2023-01-04 11:05:00,11116.27,11103.412
2023-01-04 11:06:00,11115.38,11103.326
2023-01-04 11:07:00,11114.81,11105.392
2023-01-04 11:08:00,11114.03,11109.111
2023-01-04 11:09:00,11114.351,11104.884
2023-01-04 11:10:00,11114.46,11106.402
2023-01-04 11:11:00,11114.97,11110.8125
2023-01-04 11:12:00,11118.24,11115.133
2023-01-04 11:13:00,11117.89,11110.005
2023-01-04 11:14:00,11115.64,11103.756
2023-01-04 11:15:00,11116.5,11101.635
2023-01-04 11:16:00,11119.98,11110.293
2023-01-04 11:17:00,11118.7705,11110.572
2023-01-04 11:18:00,11117.62,11113.144
2023-01-04 11:19:00,11117.17,11116.526
2023-01-04 11:20:00,11116.09,11113.048
2023-01-04 11:21:00,11118.35,11115.334
2023-01-04 11:22:00,11118.189,11109.48
2023-01-04 11:23:00,11121.17,11111.55
2023-01-04 11:24:00,11123.25,11120.18
2023-01-04 11:25:00,11122.55,11119.508
2023-01-04 11:26:00,11121.891,11122.143
2023-01-04 11:27:00,11124.15,11114.822
2023-01-04 11:28:00,11125.67,11116.292
2023-01-04 11:29:00,11123.22,11114.838
2023-01-04 11:30:00,11121.359,11116.443
2023-01-04 13:01:00,11119.21,11114.666
2023-01-04 13:02:00,11116.14,11107.914
2023-01-04 13:03:00,11108.08,11102.254
2023-01-04 13:04:00,11106.75,11100.252
2023-01-04 13:05:00,11103.11,11097.07
2023-01-04 13:06:00,11095.42,11095.933
2023-01-04 13:07:00,11092.75,11095.56
2023-01-04 13:08:00,11089.02,11086.048
2023-01-04 13:09:00,11084.7295,11082.342
2023-01-04 13:10:00,11085.26,11078.928
2023-01-04 13:11:00,11084.06,11075.681
2023-01-04 13:12:00,11083.81,11079.561
2023-01-04 13:13:00,11082.569,11082.927
2023-01-04 13:14:00,11083.0,11078.398
2023-01-04 13:15:00,11079.36,11075.562
2023-01-04 13:16:00,11077.24,11075.174
2023-01-04 13:17:00,11072.21,11073.837
2023-01-04 13:18:00,11075.48,11074.52
2023-01-04 13:19:00,11070.65,11067.495
2023-01-04 13:20:00,11067.561,11062.312
2023-01-04 13:21:00,11065.41,11057.965
2023-01-04 13:22:00,11059.689,11051.072
2023-01-04 13:23:00,11056.32,11048.695
2023-01-04 13:24:00,11055.09,11049.684
2023-01-04 13:25:00,11051.56,11047.661
2023-01-04 13:26:00,11050.87,11047.998
2023-01-04 13:27:00,11048.34,11041.396
2023-01-04 13:28:00,11044.13,11034.641
2023-01-04 13:29:00,11038.38,11030.309
2023-01-04 13:30:00,11040.829,11037.005
2023-01-04 13:31:00,11037.25,11037.979
2023-01-04 13:32:00,11042.33,11040.733
2023-01-04 13:33:00,11047.0,11045.878
2023-01-04 13:34:00,11041.511,11045.965
2023-01-04 13:35:00,11043.86,11046.62
2023-01-04 13:36:00,11045.82,11048.112
2023-01-04 13:37:00,11049.13,11044.128
2023-01-04 13:38:00,11048.25,11033.059
2023-01-04 13:39:00,11042.87,11031.533
2023-01-04 13:40:00,11043.94,11035.831
2023-01-04 13:41:00,11043.13,11034.42
2023-01-04 13:42:00,11040.58,11037.741
2023-01-04 13:43:00,11039.641,11038.785
2023-01-04 13:44:00,11040.561,11038.686
2023-01-04 13:45:00,11040.64,11040.5205
2023-01-04 13:46:00,11044.49,11037.805
2023-01-04 13:47:00,11046.88,11033.596
2023-01-04 13:48:00,11047.2,11036.078
2023-01-04 13:49:00,11048.76,11035.574
2023-01-04 13:50:00,11051.65,11041.61
2023-01-04 13:51:00,11059.0205,11043.19
2023-01-04 13:52:00,11061.95,11046.957
2023-01-04 13:53:00,11063.8,11045.619
2023-01-04 13:54:00,11064.43,11052.075
2023-01-04 13:55:00,11067.37,11060.752
2023-01-04 13:56:00,11068.18,11058.873
2023-01-04 13:57:00,11065.42,11059.536
2023-01-04 13:58:00,11066.08,11058.621
2023-01-04 13:59:00,11060.05,11055.401
2023-01-04 14:00:00,11058.75,11060.19
2023-01-04 14:01:00,11061.391,11059.362
2023-01-04 14:02:00,11069.3,11060.887
2023-01-04 14:03:00,11070.061,11061.828
2023-01-04 14:04:00,11065.681,11063.926
2023-01-04 14:05:00,11065.74,11066.109
2023-01-04 14:06:00,11068.16,11066.608
2023-01-04 14:07:00,11071.681,11062.914
2023-01-04 14:08:00,11074.32,11065.007
2023-01-04 14:09:00,11073.181,11058.148
2023-01-04 14:10:00,11076.16,11060.981
2023-01-04 14:11:00,11079.79,11067.3955
2023-01-04 14:12:00,11081.85,11071.35
2023-01-04 14:13:00,11084.649,11074.569
2023-01-04 14:14:00,11085.659,11078.895
2023-01-04 14:15:00,11081.54,11082.724
2023-01-04 14:16:00,11083.68,11082.547
2023-01-04 14:17:00,11085.52,11080.812
2023-01-04 14:18:00,11077.66,11078.546
2023-01-04 14:19:00,11079.88,11077.32
2023-01-04 14:20:00,11082.14,11076.332
2023-01-04 14:21:00,11082.39,11073.858
2023-01-04 14:22:00,11082.71,11072.888
2023-01-04 14:23:00,11079.12,11073.292
2023-01-04 14:24:00,11082.55,11079.801
2023-01-04 14:25:00,11081.88,11085.569
2023-01-04 14:26:00,11083.33,11085.27
2023-01-04 14:27:00,11085.16,11086.974
2023-01-04 14:28:00,11087.261,11083.775
2023-01-04 14:29:00,11090.85,11088.843
2023-01-04 14:30:00,11089.159,11085.819
2023-01-04 14:31:00,11082.149,11083.454
2023-01-04 14:32:00,11080.72,11079.909
2023-01-04 14:33:00,11083.57,11079.281
